epoch,train_loss,val_loss,train_pcc,val_pcc
1,1.3106205463409424,0.7124874591827393,0.02031031623482704,0.19909630715847015
2,1.2979590892791748,0.7531652450561523,0.08311158418655396,0.2339235246181488
3,1.2704334259033203,0.74295973777771,0.09653477370738983,0.24155908823013306
4,1.2932603359222412,0.7506815791130066,0.1876450926065445,0.24377769231796265
5,1.2523313760757446,0.7648746967315674,0.23061503469944,0.23702076077461243
6,1.2560492753982544,0.774140477180481,0.19683684408664703,0.2367912232875824
7,1.2831008434295654,0.74653559923172,0.2375859022140503,0.23605623841285706
8,1.2411253452301025,0.7519192695617676,0.29676443338394165,0.23699542880058289
9,1.2681303024291992,0.7554044723510742,0.3263110816478729,0.24107426404953003
10,1.2482596635818481,0.7487037777900696,0.2805202305316925,0.24277295172214508
11,1.3005386590957642,0.7576777338981628,0.2971048653125763,0.2445824295282364
12,1.2489467859268188,0.7471314072608948,0.334293395280838,0.2448715716600418
13,1.275992512702942,0.7506645917892456,0.2977999746799469,0.24507537484169006
14,1.2199268341064453,0.7391924262046814,0.3527148365974426,0.24775908887386322
15,1.2414135932922363,0.7496667504310608,0.38398775458335876,0.24775968492031097
16,1.2100712060928345,0.74421226978302,0.3587055504322052,0.2492467761039734
17,1.2553807497024536,0.7545663714408875,0.3761674165725708,0.2522926926612854
18,1.1846991777420044,0.7539742588996887,0.3896011412143707,0.25346043705940247
19,1.2428843975067139,0.7475131750106812,0.3822982907295227,0.255369633436203
20,1.2111058235168457,0.7574750185012817,0.41474097967147827,0.2585231065750122
21,1.2252241373062134,0.7672836780548096,0.388876348733902,0.26255056262016296
22,1.1688554286956787,0.7619027495384216,0.39369291067123413,0.2659431993961334
23,1.2038042545318604,0.7960110306739807,0.4219732880592346,0.26989397406578064
24,1.2196577787399292,0.7693063616752625,0.40155088901519775,0.2734324038028717
25,1.1625531911849976,0.7631743550300598,0.4124580919742584,0.2774491310119629
26,1.198325514793396,0.7635961771011353,0.3968576192855835,0.2810969948768616
27,1.2077280282974243,0.7851573824882507,0.42528319358825684,0.28341078758239746
28,1.161682367324829,0.781482458114624,0.41671743988990784,0.28605571389198303
29,1.2021323442459106,0.7966360449790955,0.43702104687690735,0.2884730398654938
30,1.1792162656784058,0.767031729221344,0.4017227590084076,0.29187995195388794
31,1.1993141174316406,0.7871813178062439,0.440988689661026,0.2937316298484802
32,1.163883924484253,0.7940950393676758,0.422313928604126,0.2957651913166046
33,1.1446404457092285,0.7726207971572876,0.41910165548324585,0.29697516560554504
34,1.1378751993179321,0.7776156663894653,0.43156591057777405,0.29812857508659363
35,1.1475403308868408,0.8075478672981262,0.4462938606739044,0.30006277561187744
36,1.1569056510925293,0.8004911541938782,0.44667014479637146,0.3012212812900543
37,1.145039439201355,0.8096701502799988,0.4651389420032501,0.3029603064060211
38,1.127469539642334,0.7913419008255005,0.45201751589775085,0.30308640003204346
39,1.117469310760498,0.7952816486358643,0.4263252913951874,0.30494633316993713
40,1.1442030668258667,0.7941309213638306,0.4381752014160156,0.3072313964366913
41,1.1805548667907715,0.8058813810348511,0.42172256112098694,0.30849066376686096
42,1.121727466583252,0.8034284710884094,0.443757563829422,0.31086090207099915
43,1.1751232147216797,0.8006863594055176,0.4292857348918915,0.31246626377105713
44,1.1456257104873657,0.8294684290885925,0.4410875141620636,0.31329065561294556
45,1.1790207624435425,0.8114099502563477,0.4770151674747467,0.3146800398826599
46,1.2136244773864746,0.8414242267608643,0.4403030276298523,0.3161921501159668
47,1.1209583282470703,0.830718994140625,0.4612250328063965,0.3160051703453064
48,1.165942668914795,0.8080814480781555,0.4513995945453644,0.3169597387313843
49,1.1748391389846802,0.8286228775978088,0.4403524100780487,0.3186300992965698
50,1.1264612674713135,0.8194969296455383,0.46632620692253113,0.3197844326496124
51,1.1177551746368408,0.8034736514091492,0.4587164521217346,0.32057175040245056
52,1.143568992614746,0.8158418536186218,0.4525146484375,0.3212224543094635
53,1.1380411386489868,0.8227921724319458,0.4734751284122467,0.32274046540260315
54,1.1196707487106323,0.8171061873435974,0.4454152584075928,0.3235069811344147
55,1.114046573638916,0.8164827227592468,0.48361802101135254,0.32279548048973083
56,1.150879979133606,0.832332193851471,0.4485851228237152,0.32503214478492737
57,1.150696873664856,0.8286861777305603,0.46540260314941406,0.3260408341884613
58,1.1427490711212158,0.8138120174407959,0.4757693409919739,0.3254469335079193
59,1.1586180925369263,0.826776385307312,0.4778301417827606,0.32591843605041504
60,1.1475037336349487,0.821681559085846,0.44649994373321533,0.3268825113773346
61,1.1741970777511597,0.8248633146286011,0.46030813455581665,0.32802054286003113
62,1.1178638935089111,0.8259874582290649,0.4778291881084442,0.329731822013855
63,1.143121600151062,0.8440933227539062,0.4706180691719055,0.3296695649623871
64,1.1176925897598267,0.8273299932479858,0.5187028646469116,0.3307170271873474
65,1.1313611268997192,0.852275013923645,0.494184285402298,0.331323504447937
66,1.1402621269226074,0.821618378162384,0.4559613764286041,0.33077535033226013
67,1.1256195306777954,0.8170334100723267,0.48072776198387146,0.3318650424480438
68,1.104897379875183,0.8427820801734924,0.4940725862979889,0.3329077363014221
69,1.1215251684188843,0.8298057913780212,0.4648071825504303,0.33279716968536377
70,1.1159980297088623,0.8285214900970459,0.46425214409828186,0.3326559066772461
71,1.1624927520751953,0.835821807384491,0.46392279863357544,0.33465147018432617
72,1.1313011646270752,0.8227288126945496,0.46452805399894714,0.3345394730567932
73,1.150097370147705,0.8281287550926208,0.44517675042152405,0.3352160155773163
74,1.1351431608200073,0.824899435043335,0.4618169367313385,0.3354116380214691
75,1.1339964866638184,0.8137556910514832,0.4657934606075287,0.33528491854667664
76,1.1190083026885986,0.7949225902557373,0.4599130153656006,0.3364177346229553
77,1.1230716705322266,0.8413174152374268,0.47187158465385437,0.33811894059181213
78,1.1282018423080444,0.8041461706161499,0.469584196805954,0.3380802571773529
79,1.138776183128357,0.8360357284545898,0.4576869010925293,0.3387370705604553
80,1.1283512115478516,0.8237038850784302,0.48824578523635864,0.33977198600769043
81,1.1029719114303589,0.8168005347251892,0.5103811025619507,0.33875617384910583
82,1.1375559568405151,0.8310869932174683,0.48441633582115173,0.3394671380519867
83,1.1138992309570312,0.8496041297912598,0.48455163836479187,0.3408849537372589
84,1.118988037109375,0.8356575965881348,0.5422082543373108,0.341300904750824
85,1.127144455909729,0.8295983672142029,0.473540723323822,0.3419972360134125
86,1.1340725421905518,0.8188061714172363,0.48132362961769104,0.3422972559928894
87,1.1339143514633179,0.8327186703681946,0.46992212533950806,0.34317710995674133
88,1.1078559160232544,0.8300462365150452,0.44407424330711365,0.3436678946018219
89,1.1126253604888916,0.8346912264823914,0.47564202547073364,0.34443268179893494
90,1.1289989948272705,0.8344876170158386,0.49858635663986206,0.3445630967617035
91,1.1248579025268555,0.8214396834373474,0.477832168340683,0.3449251651763916
92,1.0989083051681519,0.8211219906806946,0.5004966855049133,0.34507936239242554
93,1.12502121925354,0.8292169570922852,0.45408570766448975,0.3446023762226105
94,1.1122174263000488,0.8212307095527649,0.5084732174873352,0.3444342315196991
95,1.0979557037353516,0.8367635011672974,0.4899085462093353,0.3452463746070862
96,1.1545244455337524,0.828007698059082,0.4796304404735565,0.34522271156311035
97,1.1352406740188599,0.8064103722572327,0.4875358045101166,0.3466273248195648
98,1.1184049844741821,0.8298940658569336,0.5025834441184998,0.3472519516944885
99,1.0798882246017456,0.8320601582527161,0.5033271908760071,0.34715622663497925
100,1.13899564743042,0.8305894732475281,0.4888262152671814,0.3482608497142792
101,1.1251904964447021,0.8181747794151306,0.48708677291870117,0.3482367694377899
102,1.1412384510040283,0.8321354985237122,0.473624050617218,0.34860464930534363
103,1.1187551021575928,0.8409441709518433,0.4935760498046875,0.3486645519733429
104,1.128338098526001,0.8379818201065063,0.4982985854148865,0.34921276569366455
105,1.1166990995407104,0.8249276876449585,0.46464645862579346,0.3496968150138855
106,1.0844272375106812,0.8314120769500732,0.4861283004283905,0.35021936893463135
107,1.122331976890564,0.8259545564651489,0.46876662969589233,0.35136666893959045
108,1.1146228313446045,0.8345915675163269,0.49212050437927246,0.35148292779922485
109,1.1172319650650024,0.8223595023155212,0.4959132969379425,0.3518030643463135
110,1.1130821704864502,0.8440465927124023,0.4722231328487396,0.3533772826194763
111,1.1077475547790527,0.8216869831085205,0.4806646704673767,0.35339975357055664
112,1.1080431938171387,0.8301056623458862,0.4956461191177368,0.3536494970321655
113,1.099611759185791,0.8148820996284485,0.5038072466850281,0.3532264828681946
114,1.1157420873641968,0.8082780241966248,0.4569613039493561,0.3536092936992645
115,1.10993492603302,0.8234375715255737,0.49234479665756226,0.3533376455307007
116,1.0844742059707642,0.8241885900497437,0.4937245845794678,0.35366150736808777
117,1.0911707878112793,0.8135741949081421,0.4863377511501312,0.35412096977233887
118,1.096219539642334,0.8220111727714539,0.4853634536266327,0.3552766740322113
119,1.1173837184906006,0.8144839406013489,0.47118231654167175,0.35550007224082947
120,1.1038216352462769,0.8252214193344116,0.49522390961647034,0.3560112714767456
121,1.1234350204467773,0.8309406638145447,0.49406835436820984,0.3571937680244446
122,1.1044777631759644,0.8278115391731262,0.5081354975700378,0.3568536937236786
123,1.1110721826553345,0.8157591223716736,0.4916861057281494,0.3557092845439911
124,1.0974044799804688,0.8262413740158081,0.5159028172492981,0.3563920557498932
125,1.0947626829147339,0.8148825764656067,0.4829482138156891,0.35754263401031494
126,1.1176899671554565,0.8207988142967224,0.5108249187469482,0.3580659031867981
127,1.1083818674087524,0.8176088929176331,0.47737938165664673,0.3597147762775421
128,1.0810285806655884,0.8094466328620911,0.4952062964439392,0.36048075556755066
129,1.105622410774231,0.8038508892059326,0.4713977873325348,0.3609568774700165
130,1.1315677165985107,0.8090227842330933,0.4738423824310303,0.36075088381767273
131,1.1045804023742676,0.8359850645065308,0.502628743648529,0.36162111163139343
132,1.1097973585128784,0.8179216384887695,0.4918622672557831,0.3618742823600769
133,1.0875499248504639,0.8235790729522705,0.5008455514907837,0.36158105731010437
134,1.118324875831604,0.8269188404083252,0.5225215554237366,0.36176830530166626
135,1.114910364151001,0.8294049501419067,0.493447870016098,0.3613854646682739
136,1.0895202159881592,0.8279920816421509,0.5027742385864258,0.3612249791622162
137,1.0916484594345093,0.8093302249908447,0.49192777276039124,0.36154064536094666
138,1.1151584386825562,0.8160983920097351,0.48643991351127625,0.36177197098731995
139,1.0769062042236328,0.805451512336731,0.49977582693099976,0.3624114394187927
140,1.1064610481262207,0.8148791193962097,0.49294912815093994,0.36289551854133606
141,1.1149553060531616,0.8159102201461792,0.46527227759361267,0.362485408782959
142,1.0719103813171387,0.8083828687667847,0.48775985836982727,0.3628004789352417
143,1.1257669925689697,0.8200073838233948,0.4807130992412567,0.3630283772945404
144,1.1128240823745728,0.8180577754974365,0.4978741407394409,0.3624725937843323
145,1.118443250656128,0.8136497735977173,0.4695403277873993,0.362373948097229
146,1.1008161306381226,0.8160172700881958,0.5064419507980347,0.36141717433929443
147,1.0811949968338013,0.8252664804458618,0.5104867815971375,0.3621291220188141
148,1.0929614305496216,0.8165408968925476,0.49007683992385864,0.3626102805137634
149,1.0736109018325806,0.8119392395019531,0.499868780374527,0.3629586696624756
150,1.0964750051498413,0.8140155673027039,0.48809218406677246,0.3626217246055603
151,1.146479606628418,0.8269194960594177,0.5084995627403259,0.36334145069122314
152,1.0825724601745605,0.8137305974960327,0.5092235207557678,0.36440205574035645
153,1.0787832736968994,0.8113671541213989,0.5060561895370483,0.36491668224334717
154,1.1091458797454834,0.8203592300415039,0.4948170483112335,0.3652797341346741
155,1.1172374486923218,0.8164706230163574,0.5120537877082825,0.365715354681015
156,1.082599401473999,0.8346410393714905,0.5127134919166565,0.3668140769004822
157,1.1013915538787842,0.8303013443946838,0.5146452784538269,0.36692214012145996
158,1.0553487539291382,0.817112147808075,0.5202673673629761,0.3657824993133545
159,1.069891095161438,0.8136885166168213,0.5186787247657776,0.36587250232696533
160,1.0922999382019043,0.8164271712303162,0.48579978942871094,0.3660988509654999
161,1.0927976369857788,0.8104322552680969,0.4769379496574402,0.3665947914123535
162,1.0661989450454712,0.8164314031600952,0.5183098316192627,0.3664208948612213
163,1.0946613550186157,0.8256493210792542,0.4977131485939026,0.3672877848148346
164,1.0610285997390747,0.8128243088722229,0.49860650300979614,0.36718854308128357
165,1.0790799856185913,0.81322181224823,0.5281121730804443,0.36758917570114136
166,1.1245495080947876,0.8253273963928223,0.4963788688182831,0.367581307888031
167,1.0833476781845093,0.8309986591339111,0.5337639451026917,0.3673979640007019
168,1.0880194902420044,0.8536415100097656,0.5241976380348206,0.36856919527053833
169,1.078401803970337,0.81987464427948,0.49717262387275696,0.36767587065696716
170,1.0854016542434692,0.8086535334587097,0.4872659146785736,0.3676660358905792
171,1.1043789386749268,0.8164454698562622,0.4931942820549011,0.3675023913383484
172,1.0911568403244019,0.823997437953949,0.4987037777900696,0.36792072653770447
173,1.1155707836151123,0.824044942855835,0.5210847854614258,0.3673785328865051
174,1.0709291696548462,0.8167325258255005,0.5188724994659424,0.3663472533226013
175,1.0991442203521729,0.810395359992981,0.49661415815353394,0.3665042519569397
176,1.0899604558944702,0.8162522912025452,0.5044955611228943,0.3670833110809326
177,1.1074953079223633,0.8139839172363281,0.4926230013370514,0.3671169877052307
178,1.1391451358795166,0.8240235447883606,0.5128905177116394,0.3665508031845093
179,1.066247582435608,0.8128288984298706,0.5367787480354309,0.36614149808883667
180,1.09030282497406,0.8223692178726196,0.49931931495666504,0.36617937684059143
181,1.0895010232925415,0.8250942826271057,0.5159385800361633,0.3666493892669678
182,1.1038026809692383,0.8202958106994629,0.5123851299285889,0.36586257815361023
183,1.0838162899017334,0.8218536972999573,0.5176766514778137,0.3667607605457306
184,1.067589521408081,0.8152995109558105,0.520320475101471,0.366708368062973
185,1.0797004699707031,0.8055806756019592,0.5084584951400757,0.3673222064971924
186,1.0909539461135864,0.8064753413200378,0.5261711478233337,0.3676341772079468
187,1.079430103302002,0.807543158531189,0.4899214804172516,0.36903923749923706
188,1.0842183828353882,0.8034390211105347,0.5203673839569092,0.36886197328567505
189,1.055909514427185,0.8091902136802673,0.5331454873085022,0.3688089847564697
190,1.0812773704528809,0.8104999661445618,0.5217844843864441,0.3679424524307251
191,1.0969473123550415,0.8105505108833313,0.501501739025116,0.36949339509010315
192,1.0811738967895508,0.8034052848815918,0.5101262331008911,0.3692842125892639
193,1.085471749305725,0.8002679944038391,0.4815259575843811,0.36920714378356934
194,1.0982701778411865,0.8078098893165588,0.5016403794288635,0.3698963224887848
195,1.100265622138977,0.8126876950263977,0.5199577212333679,0.3698348104953766
196,1.0639313459396362,0.7931348085403442,0.5238849520683289,0.3699333369731903
197,1.1048109531402588,0.8151057362556458,0.5151583552360535,0.3700670003890991
198,1.102430820465088,0.8111323714256287,0.5154510736465454,0.3699937164783478
199,1.0983484983444214,0.8152217864990234,0.4853682518005371,0.37011468410491943
200,1.0779293775558472,0.8051127791404724,0.536300539970398,0.37070202827453613
201,1.0853012800216675,0.8150514364242554,0.48671242594718933,0.3716413378715515
202,1.1009674072265625,0.8135920166969299,0.47950583696365356,0.37244781851768494
203,1.0933818817138672,0.817660391330719,0.5013054013252258,0.37210142612457275
204,1.0792208909988403,0.7953349947929382,0.5123885869979858,0.37273311614990234
205,1.0658540725708008,0.801972508430481,0.5109990239143372,0.3723483085632324
206,1.0623222589492798,0.7972610592842102,0.5062325596809387,0.37176987528800964
207,1.114807367324829,0.80171799659729,0.4847206175327301,0.37181738018989563
208,1.0543386936187744,0.803008496761322,0.5309152007102966,0.37138280272483826
209,1.0755581855773926,0.8106233477592468,0.5477888584136963,0.37194061279296875
210,1.0882494449615479,0.8147798776626587,0.519096851348877,0.3719266951084137
211,1.048568606376648,0.8043221235275269,0.506817638874054,0.3719820976257324
212,1.1068518161773682,0.7983123064041138,0.4938426911830902,0.3722834885120392
213,1.0721732378005981,0.7975588440895081,0.5027581453323364,0.37201839685440063
214,1.0666495561599731,0.7879176139831543,0.5266033411026001,0.3714090883731842
215,1.058938980102539,0.803573489189148,0.5278767347335815,0.371231347322464
216,1.066558599472046,0.8087337017059326,0.49610185623168945,0.37000808119773865
217,1.0824480056762695,0.8203105330467224,0.5367367267608643,0.370847225189209
218,1.083333969116211,0.8015241026878357,0.5279353857040405,0.3714340627193451
219,1.0769977569580078,0.8112574815750122,0.5229669213294983,0.37190183997154236
220,1.0563886165618896,0.804309606552124,0.5004112124443054,0.3727172911167145
221,1.066826581954956,0.7999242544174194,0.5351497530937195,0.373236745595932
222,1.0764343738555908,0.8150416612625122,0.533832311630249,0.37380701303482056
223,1.1124927997589111,0.7922453284263611,0.47412803769111633,0.37402966618537903
224,1.0726851224899292,0.805875301361084,0.5260841250419617,0.37404000759124756
225,1.1012485027313232,0.7983919978141785,0.5018407106399536,0.3740710914134979
226,1.1083446741104126,0.7940665483474731,0.49130895733833313,0.3745236098766327
227,1.0910521745681763,0.8060991168022156,0.5215340256690979,0.3736012279987335
228,1.0954560041427612,0.8060537576675415,0.5052767992019653,0.3743884861469269
229,1.0719572305679321,0.7974110245704651,0.5126966834068298,0.37490755319595337
230,1.076370120048523,0.7906266450881958,0.5278354287147522,0.37508490681648254
231,1.06610107421875,0.8015044331550598,0.5171707272529602,0.3758346438407898
232,1.1028250455856323,0.8032276630401611,0.5008867383003235,0.3756251037120819
233,1.0655786991119385,0.7971901893615723,0.5060990452766418,0.37613075971603394
234,1.0651090145111084,0.8058716058731079,0.5225532650947571,0.37652215361595154
235,1.0560768842697144,0.7933588624000549,0.5413714647293091,0.377406507730484
236,1.1135246753692627,0.7987151741981506,0.517156720161438,0.37691304087638855
237,1.0796679258346558,0.800787627696991,0.5024189949035645,0.37729504704475403
238,1.0968048572540283,0.8054048418998718,0.5084983110427856,0.3774462938308716
239,1.0765215158462524,0.7870036363601685,0.4941541254520416,0.378038227558136
240,1.0899323225021362,0.8039078116416931,0.5218494534492493,0.3783836364746094
241,1.0499199628829956,0.7940253615379333,0.5167958736419678,0.378751665353775
242,1.0962371826171875,0.798515796661377,0.5253544449806213,0.3785620331764221
243,1.0400136709213257,0.7982080578804016,0.5055720806121826,0.3789750635623932
244,1.0542278289794922,0.7879287600517273,0.5083701014518738,0.3790501654148102
245,1.0476027727127075,0.8119067549705505,0.5187322497367859,0.3790284991264343
246,1.0536757707595825,0.7911101579666138,0.5446898341178894,0.37836870551109314
247,1.0735262632369995,0.7857176065444946,0.5044530034065247,0.3785904347896576
248,1.049157738685608,0.7942708730697632,0.4930463433265686,0.3777621388435364
249,1.1031513214111328,0.8002410531044006,0.5217485427856445,0.3776823878288269
250,1.0567455291748047,0.8019266724586487,0.5125349760055542,0.3771723806858063
251,1.0554951429367065,0.799228847026825,0.5324397683143616,0.3769339323043823
252,1.0437432527542114,0.7993500828742981,0.5434315800666809,0.376889169216156
253,1.0637938976287842,0.8000893592834473,0.5287258625030518,0.3751668334007263
254,1.0889384746551514,0.8045386672019958,0.5170462727546692,0.37562647461891174
255,1.06028413772583,0.8103689551353455,0.5469279885292053,0.37519487738609314
256,1.0431793928146362,0.8031510710716248,0.5347750782966614,0.37578466534614563
257,1.076550006866455,0.79591304063797,0.49265792965888977,0.37593644857406616
258,1.0654668807983398,0.7935115694999695,0.5207019448280334,0.37477007508277893
259,1.0621836185455322,0.7971894145011902,0.5231666564941406,0.3765700161457062
260,1.076757788658142,0.7857170104980469,0.4952246844768524,0.3763480484485626
261,1.0509666204452515,0.7893891334533691,0.5336424708366394,0.3773432970046997
262,1.0652612447738647,0.7909867167472839,0.5202242136001587,0.3775886595249176
263,1.0754210948944092,0.7952917814254761,0.5402234196662903,0.3785024881362915
264,1.0786020755767822,0.7843475937843323,0.5204516649246216,0.37905141711235046
265,1.0600132942199707,0.7832077741622925,0.5213983654975891,0.37986844778060913
266,1.0629831552505493,0.7909640669822693,0.570389449596405,0.37987443804740906
267,1.075518012046814,0.7866700887680054,0.5007884502410889,0.3791263699531555
268,1.057970643043518,0.7866715788841248,0.5244545340538025,0.37872064113616943
269,1.0642197132110596,0.7907634377479553,0.4976547360420227,0.37748363614082336
270,1.0671567916870117,0.789604902267456,0.5406972169876099,0.3781830072402954
271,1.0464040040969849,0.799703061580658,0.5548802018165588,0.37880975008010864
272,1.0552500486373901,0.7995551824569702,0.5474012494087219,0.3783007264137268
273,1.0680850744247437,0.8008850812911987,0.5084649324417114,0.3779550790786743
274,1.0896035432815552,0.7950968742370605,0.5434672832489014,0.3789430856704712
275,1.0612621307373047,0.7966395020484924,0.5083494782447815,0.3790975511074066
276,1.0864382982254028,0.8094189763069153,0.513391375541687,0.37977302074432373
277,1.0939229726791382,0.790486752986908,0.5060997009277344,0.3796347379684448
278,1.0135606527328491,0.7914106249809265,0.5286882519721985,0.37968894839286804
279,1.0300259590148926,0.8004328012466431,0.5318194031715393,0.3807634115219116
280,1.0643846988677979,0.7834008932113647,0.5044477581977844,0.38078218698501587
281,1.0847116708755493,0.7923564314842224,0.5507221221923828,0.38052305579185486
282,1.0802215337753296,0.7832577228546143,0.5148468613624573,0.3802747130393982
283,1.0580400228500366,0.7845993638038635,0.5293678641319275,0.37985172867774963
284,1.0763441324234009,0.7755347490310669,0.49658045172691345,0.3793282210826874
285,1.0763269662857056,0.7723608613014221,0.48733824491500854,0.3792831003665924
286,1.0636029243469238,0.7798841595649719,0.5028899312019348,0.3798520565032959
287,1.0558109283447266,0.7842342853546143,0.5188482999801636,0.3805350363254547
288,1.0756958723068237,0.792057991027832,0.49350935220718384,0.38089025020599365
289,1.0586438179016113,0.7760834097862244,0.5153838992118835,0.3818817138671875
290,1.0753206014633179,0.7797178626060486,0.5286290049552917,0.3823172450065613
291,1.036983609199524,0.7896891832351685,0.5167030096054077,0.3817566931247711
292,1.0470311641693115,0.7763290405273438,0.5296736359596252,0.3809783160686493
293,1.0711008310317993,0.7895150184631348,0.4990865886211395,0.37994953989982605
294,1.045577883720398,0.7835045456886292,0.540603518486023,0.37982213497161865
295,1.05762779712677,0.7818320393562317,0.5249935984611511,0.37865835428237915
296,1.0766273736953735,0.7862716317176819,0.5349897146224976,0.378633588552475
297,1.0576252937316895,0.7968291640281677,0.5512272119522095,0.3787562847137451
298,1.0801292657852173,0.7864463925361633,0.5203116536140442,0.3796350359916687
299,1.0545164346694946,0.772680938243866,0.5271385908126831,0.3785264790058136
300,1.0242630243301392,0.7858438491821289,0.5537627935409546,0.3791121542453766
301,1.0462119579315186,0.7878408432006836,0.5312726497650146,0.3789884150028229
302,1.0523171424865723,0.7878670692443848,0.541937530040741,0.38025563955307007
303,1.0739728212356567,0.7744779586791992,0.5236532688140869,0.38018685579299927
304,1.051613450050354,0.7837920784950256,0.5124400854110718,0.3808492422103882
305,1.03085196018219,0.7706432938575745,0.545998215675354,0.3815719187259674
306,1.0419845581054688,0.7887080907821655,0.5343565940856934,0.38141319155693054
307,1.0957999229431152,0.78996741771698,0.5153502225875854,0.3811729848384857
308,1.046202301979065,0.7928503155708313,0.5516506433486938,0.38194066286087036
309,1.0698920488357544,0.7986430525779724,0.5403645038604736,0.3819699287414551
310,1.0553171634674072,0.8039926290512085,0.5408775210380554,0.38194724917411804
311,1.01787269115448,0.7817243337631226,0.539546012878418,0.3815591335296631
312,1.0781844854354858,0.7965847253799438,0.5671308636665344,0.38235917687416077
313,1.0486598014831543,0.7790181636810303,0.5394178628921509,0.38099193572998047
314,1.0236072540283203,0.7826325297355652,0.5431351065635681,0.3813409209251404
315,1.0838936567306519,0.7782226800918579,0.5070619583129883,0.3818303048610687
316,1.0223698616027832,0.7828181385993958,0.5655184984207153,0.38190561532974243
317,1.0317503213882446,0.7809529304504395,0.5486774444580078,0.38135144114494324
318,1.0485702753067017,0.7754419445991516,0.5429096221923828,0.38019007444381714
319,1.0419032573699951,0.7846499085426331,0.5415534377098083,0.3800649642944336
320,1.0601035356521606,0.7835327386856079,0.5304973125457764,0.3800734281539917
321,1.043868064880371,0.7845423817634583,0.5177766680717468,0.38012152910232544
322,1.075630784034729,0.7768974900245667,0.5428464412689209,0.3803597390651703
323,1.055153250694275,0.7810521125793457,0.5305501222610474,0.3807043135166168
324,1.0593260526657104,0.7850309014320374,0.5336354970932007,0.38150376081466675
325,1.0359574556350708,0.7901749610900879,0.5556490421295166,0.3823159337043762
326,1.0291815996170044,0.7815757989883423,0.5446504950523376,0.3816399872303009
327,1.089997410774231,0.7864660024642944,0.5386949181556702,0.3814825117588043
328,1.0657269954681396,0.7894561290740967,0.5283323526382446,0.3815842270851135
329,1.0397834777832031,0.7908453941345215,0.5666664838790894,0.38213902711868286
330,1.071548581123352,0.783283531665802,0.529629647731781,0.38251662254333496
331,1.0494567155838013,0.7876319289207458,0.5118333101272583,0.38322868943214417
332,1.0482581853866577,0.7834175229072571,0.5601148009300232,0.3833520710468292
333,1.0560824871063232,0.7755029797554016,0.5673137307167053,0.38315561413764954
334,1.0409613847732544,0.7835016846656799,0.5249497890472412,0.38308802247047424
335,1.0529758930206299,0.7750181555747986,0.5369700789451599,0.38293081521987915
336,1.0680605173110962,0.7871279716491699,0.5535944700241089,0.3833671510219574
337,1.0389207601547241,0.7774798274040222,0.5462334752082825,0.38378480076789856
338,1.045274019241333,0.7775344848632812,0.5298492312431335,0.3832744359970093
339,1.0678781270980835,0.7823978662490845,0.5357842445373535,0.3838472068309784
340,1.039267659187317,0.7729172110557556,0.5771120190620422,0.38431331515312195
341,1.032762885093689,0.7814873456954956,0.5472675561904907,0.38452625274658203
342,1.0242050886154175,0.780270516872406,0.5561481714248657,0.3839401602745056
343,1.0536390542984009,0.7875663638114929,0.5368923544883728,0.3845135271549225
344,1.028403401374817,0.7779833674430847,0.5598812103271484,0.38576626777648926
345,1.0549988746643066,0.777312159538269,0.5348618626594543,0.38593408465385437
346,1.0523831844329834,0.7844416499137878,0.5534427165985107,0.3853183090686798
347,1.025571584701538,0.786122739315033,0.5587963461875916,0.3858066201210022
348,1.0597951412200928,0.7817651033401489,0.544018030166626,0.38545534014701843
349,1.0530650615692139,0.7836647033691406,0.5537254214286804,0.3852376937866211
350,1.0326299667358398,0.7779982089996338,0.5268288850784302,0.3861633837223053
351,1.0197418928146362,0.7910220623016357,0.5681695938110352,0.38627517223358154
352,1.0309717655181885,0.7868822813034058,0.5642973184585571,0.3863389790058136
353,1.0176926851272583,0.7886587381362915,0.565369725227356,0.3870922923088074
354,1.0566049814224243,0.779084324836731,0.5617135167121887,0.3863581717014313
355,1.021560549736023,0.775924026966095,0.5535783171653748,0.38677090406417847
356,1.0169304609298706,0.7871579527854919,0.5854997634887695,0.38662251830101013
357,1.0573056936264038,0.7879170775413513,0.5474262237548828,0.38625091314315796
358,1.035728096961975,0.7825814485549927,0.5502886772155762,0.3854883909225464
359,1.0766998529434204,0.7733613848686218,0.5182011127471924,0.38483208417892456
360,1.0326391458511353,0.7769018411636353,0.5663042068481445,0.3855498731136322
361,1.0558110475540161,0.7754262685775757,0.5720022916793823,0.3850672245025635
362,1.0243979692459106,0.7750769853591919,0.552454948425293,0.38526180386543274
363,1.016093134880066,0.7771670818328857,0.5635600090026855,0.38502636551856995
364,1.064115285873413,0.776445746421814,0.5420699715614319,0.3843296766281128
365,0.9954318404197693,0.7776216864585876,0.5537170767784119,0.385019451379776
366,1.0369356870651245,0.7784870266914368,0.5685827732086182,0.3848106563091278
367,1.0405664443969727,0.7785936594009399,0.563201367855072,0.38587820529937744
368,1.0612404346466064,0.7843946814537048,0.5416460633277893,0.386020302772522
369,1.0544123649597168,0.7732725739479065,0.5365108251571655,0.3858812749385834
370,1.0509862899780273,0.7725081443786621,0.5525923371315002,0.38538113236427307
371,1.0523090362548828,0.763214647769928,0.557099461555481,0.38519468903541565
372,1.0395768880844116,0.7704634070396423,0.533440887928009,0.3856546878814697
373,1.0181775093078613,0.7652937173843384,0.5949378609657288,0.3852766752243042
374,1.0111137628555298,0.769544243812561,0.5765759348869324,0.38553687930107117
375,0.9989277720451355,0.7696172595024109,0.5730535984039307,0.3850387632846832
376,1.022603154182434,0.7787113189697266,0.5585142970085144,0.38523781299591064
377,0.9851676821708679,0.7580296993255615,0.5630677342414856,0.384874165058136
378,1.0309104919433594,0.7671515941619873,0.5381588339805603,0.38559046387672424
379,1.0163925886154175,0.778721809387207,0.5711675882339478,0.3847532868385315
380,1.0038336515426636,0.7700576186180115,0.5743330717086792,0.38545846939086914
381,1.0259732007980347,0.772143542766571,0.585627019405365,0.3849015533924103
382,1.0285980701446533,0.7662208080291748,0.5387941598892212,0.3845585882663727
383,1.0226925611495972,0.7682833671569824,0.5591415762901306,0.38453972339630127
384,1.0262248516082764,0.7595399618148804,0.551477313041687,0.3837395906448364
385,1.0342683792114258,0.7626717686653137,0.5672003626823425,0.38350415229797363
386,1.0347063541412354,0.7691820859909058,0.5643483400344849,0.38362303376197815
387,0.9983343482017517,0.7662510871887207,0.5653035044670105,0.384123831987381
388,1.0078411102294922,0.7729324698448181,0.5657827854156494,0.3847653865814209
389,1.0529474020004272,0.7697790265083313,0.542466402053833,0.38431796431541443
390,1.030855655670166,0.7849954962730408,0.5477675795555115,0.3851579427719116
391,1.0255588293075562,0.7706829309463501,0.5752384066581726,0.38509485125541687
392,1.0353845357894897,0.7690237760543823,0.5562407970428467,0.38429155945777893
393,1.0588256120681763,0.7621228098869324,0.5746760964393616,0.3844931721687317
394,0.9815054535865784,0.7599629163742065,0.6185608506202698,0.3837631344795227
395,1.0301876068115234,0.7657800912857056,0.5476484894752502,0.38293972611427307
396,1.0223450660705566,0.7625440359115601,0.5571014285087585,0.3817383348941803
397,0.9906836152076721,0.763288140296936,0.5681153535842896,0.3822598159313202
398,1.0438402891159058,0.7567455768585205,0.5377582907676697,0.38136520981788635
399,1.0340766906738281,0.7560932040214539,0.5537871718406677,0.3811716139316559
400,1.0306330919265747,0.7658599019050598,0.5412717461585999,0.38107648491859436
401,1.02133309841156,0.7608541250228882,0.5968713760375977,0.3804667294025421
402,1.0507853031158447,0.7648855447769165,0.5469652414321899,0.38142549991607666
403,1.0483160018920898,0.7671757340431213,0.567317008972168,0.38072314858436584
404,1.0525877475738525,0.7561812996864319,0.5372817516326904,0.38088077306747437
405,1.02029287815094,0.7621104717254639,0.5525609254837036,0.38124120235443115
406,1.0529279708862305,0.7620951533317566,0.5738524198532104,0.38074925541877747
407,1.0334851741790771,0.7633370757102966,0.5679283142089844,0.3802421987056732
408,1.000664234161377,0.7659361362457275,0.5683755874633789,0.3800209164619446
409,1.0195432901382446,0.7558295726776123,0.53437340259552,0.3799149990081787
410,1.030388593673706,0.7587257027626038,0.584532618522644,0.3794507682323456
411,1.0334506034851074,0.7584899663925171,0.5503318309783936,0.3791425824165344
412,1.034759759902954,0.7554218173027039,0.5578590035438538,0.3776126503944397
413,1.0722367763519287,0.7579558491706848,0.5447481870651245,0.3782588243484497
414,1.0169823169708252,0.7629174590110779,0.5756916403770447,0.37828606367111206
415,1.0217339992523193,0.7619763016700745,0.5779433846473694,0.3774203658103943
416,1.0087671279907227,0.7666061520576477,0.5738449096679688,0.37790682911872864
417,1.0208852291107178,0.7673106789588928,0.5497077703475952,0.3776480555534363
418,1.0268372297286987,0.7680724263191223,0.5553751587867737,0.378721684217453
419,1.0491114854812622,0.7553126215934753,0.5475980043411255,0.3787854015827179
420,1.0053133964538574,0.7572172284126282,0.5956500172615051,0.3792162835597992
421,0.9835649132728577,0.7575046420097351,0.59537273645401,0.3783142864704132
422,1.0223493576049805,0.7631510496139526,0.5659825205802917,0.37829482555389404
423,1.0176465511322021,0.7580761909484863,0.5774489641189575,0.3785146176815033
424,0.9870485067367554,0.7562930583953857,0.5510141253471375,0.37745192646980286
425,0.9909865260124207,0.7510226368904114,0.592262864112854,0.3770768940448761
426,1.007307767868042,0.7555854320526123,0.5419670939445496,0.37750470638275146
427,0.9900947213172913,0.7608007788658142,0.5877060890197754,0.37810763716697693
428,1.009368658065796,0.7605056166648865,0.5639376044273376,0.3779141306877136
429,1.0241249799728394,0.7543601989746094,0.5970449447631836,0.3772577941417694
430,1.0096073150634766,0.7520144581794739,0.5913304090499878,0.37705689668655396
431,1.0013149976730347,0.7574779391288757,0.6030659675598145,0.37699997425079346
432,0.9958609342575073,0.7616710066795349,0.5759837031364441,0.37728413939476013
433,1.0666037797927856,0.7651668787002563,0.5616191029548645,0.3773258626461029
434,1.0061922073364258,0.7553930878639221,0.5768876075744629,0.37823790311813354
435,1.0295506715774536,0.7577884197235107,0.5658169984817505,0.377092182636261
436,0.9902981519699097,0.7569113373756409,0.6006909012794495,0.37735769152641296
437,0.9987797141075134,0.7565414309501648,0.5927402973175049,0.37808436155319214
438,1.0017576217651367,0.7543142437934875,0.5513632893562317,0.3763473331928253
439,0.9843180775642395,0.7579900026321411,0.6110726594924927,0.3759562075138092
440,1.0194815397262573,0.7620092034339905,0.5917143821716309,0.3752610981464386
441,1.0120010375976562,0.7580741047859192,0.5699753165245056,0.3746147155761719
442,0.9642471075057983,0.7601008415222168,0.5970255136489868,0.3753872513771057
443,1.0086042881011963,0.7520210146903992,0.5848049521446228,0.3738574981689453
444,0.9665301442146301,0.755297064781189,0.6014084219932556,0.3741166591644287
445,0.9823022484779358,0.75304114818573,0.5963062047958374,0.37494659423828125
446,0.9624637961387634,0.7523943185806274,0.5971388220787048,0.37520840764045715
447,1.0031206607818604,0.7539371848106384,0.5971697568893433,0.37442800402641296
448,0.9942541122436523,0.7505868673324585,0.5824559330940247,0.3743201196193695
449,1.024655818939209,0.7497619390487671,0.5668536424636841,0.37427860498428345
450,1.0128693580627441,0.7622734308242798,0.5934180021286011,0.3751782476902008
451,0.9986957907676697,0.7563018202781677,0.5802207589149475,0.37435629963874817
452,1.0085790157318115,0.7560727596282959,0.6049734950065613,0.3745328485965729
453,1.003650426864624,0.7600163221359253,0.595257043838501,0.3738522529602051
454,1.0275602340698242,0.7565062642097473,0.6001203656196594,0.37384486198425293
455,0.9789566397666931,0.7613186240196228,0.6174684166908264,0.37323471903800964
456,0.9757127165794373,0.7653347849845886,0.6114326119422913,0.3725033104419708
457,0.9901817440986633,0.7663021087646484,0.6090317964553833,0.37349000573158264
458,0.9944065809249878,0.769416332244873,0.5988484621047974,0.37257522344589233
459,0.9864766001701355,0.7586351633071899,0.5913117527961731,0.3716263771057129
460,1.0089272260665894,0.7590567469596863,0.555261492729187,0.37125858664512634
461,1.003757357597351,0.7646001577377319,0.6110309958457947,0.3703708052635193
462,0.9848271012306213,0.7632539868354797,0.5917927622795105,0.3702477514743805
463,1.007508397102356,0.7632948160171509,0.5980286002159119,0.3707195818424225
464,0.9550120830535889,0.754047155380249,0.5990432500839233,0.36969903111457825
465,1.0034544467926025,0.7531613111495972,0.5967934131622314,0.36988720297813416
466,1.004374623298645,0.7577123641967773,0.5783198475837708,0.3703848719596863
467,0.9799162745475769,0.7635418176651001,0.6037047505378723,0.37013381719589233
468,1.004984974861145,0.7657297253608704,0.5828679203987122,0.37033501267433167
469,0.9924895167350769,0.7631466388702393,0.6015909910202026,0.36934781074523926
470,0.990450918674469,0.7592001557350159,0.6135544180870056,0.3700025677680969
471,0.9503674507141113,0.7638916373252869,0.6112843751907349,0.37011757493019104
472,1.0045223236083984,0.7580024003982544,0.5788987874984741,0.3696054518222809
473,0.9680410623550415,0.7547556161880493,0.5993252992630005,0.3682076334953308
474,0.9982914328575134,0.7628791332244873,0.6097037196159363,0.36861202120780945
475,0.9618551731109619,0.7651074528694153,0.6052776575088501,0.3691709339618683
476,0.9729089140892029,0.7640343308448792,0.6026029586791992,0.3691488206386566
477,0.9958401918411255,0.7533977031707764,0.6087788343429565,0.368599534034729
478,0.9850432276725769,0.7561296224594116,0.6110901236534119,0.37072449922561646
479,0.991230309009552,0.7592343688011169,0.5946093797683716,0.37144553661346436
480,1.0065962076187134,0.7562352418899536,0.5825304388999939,0.372181236743927
481,1.028973937034607,0.7536762356758118,0.564518928527832,0.37270304560661316
482,0.9808015823364258,0.7528167366981506,0.5954169034957886,0.3708689510822296
483,1.0147536993026733,0.7586979269981384,0.6088714003562927,0.3713189959526062
484,0.9763709902763367,0.7570743560791016,0.5813136696815491,0.3708246946334839
485,0.9850583076477051,0.7593415379524231,0.586906373500824,0.36952608823776245
486,0.9964460730552673,0.7546389102935791,0.5712659955024719,0.36996331810951233
487,0.9787220358848572,0.7465845346450806,0.5874743461608887,0.3702811002731323
488,0.9722712635993958,0.7497406601905823,0.5797201991081238,0.37063753604888916
489,1.0124504566192627,0.7511197924613953,0.6082620620727539,0.37180671095848083
490,1.0018610954284668,0.7561882734298706,0.6022433042526245,0.37159329652786255
491,1.0044389963150024,0.7503966093063354,0.596788763999939,0.371385395526886
492,0.9740673899650574,0.7550398707389832,0.6147657036781311,0.3714466691017151
493,0.9700642228126526,0.7572120428085327,0.6206529140472412,0.3729119896888733
494,0.9543696641921997,0.7508578896522522,0.6166185736656189,0.372057169675827
495,0.9849429130554199,0.7537614107131958,0.5796515345573425,0.37160807847976685
496,0.9974905252456665,0.7547948956489563,0.6095792055130005,0.37133675813674927
497,1.0068658590316772,0.7524347305297852,0.5859931111335754,0.3711695373058319
498,1.008215069770813,0.7538167238235474,0.5853607654571533,0.37106838822364807
499,0.981479823589325,0.7581061124801636,0.5916697382926941,0.3706149756908417
500,1.008689284324646,0.7516723871231079,0.5792779326438904,0.3708347976207733
501,1.013686180114746,0.7510613203048706,0.5776678323745728,0.3713042736053467
502,0.9730578660964966,0.7479368448257446,0.6009791493415833,0.3705008029937744
503,0.9664086699485779,0.7596712112426758,0.5990141034126282,0.3717399835586548
504,0.9685332179069519,0.7559532523155212,0.6149516105651855,0.3710039556026459
505,0.9751469492912292,0.7580205202102661,0.6011433005332947,0.36982688307762146
506,0.993671715259552,0.7472418546676636,0.5837305784225464,0.37060225009918213
507,0.9871585369110107,0.7482969760894775,0.6108001470565796,0.3701770603656769
508,0.9838942289352417,0.752316415309906,0.5930451154708862,0.3704134225845337
509,0.9720967411994934,0.7540090680122375,0.584792971611023,0.3701222240924835
510,1.0022914409637451,0.7447884678840637,0.5753034353256226,0.37025579810142517
511,0.9900364279747009,0.7480623722076416,0.5900563597679138,0.3698122501373291
512,0.9507772922515869,0.7484713196754456,0.612250804901123,0.3690968155860901
513,1.0075207948684692,0.7600680589675903,0.6132273077964783,0.36959123611450195
514,0.9669398069381714,0.7557153701782227,0.6087770462036133,0.3691158592700958
515,0.9894348382949829,0.7479292750358582,0.5936572551727295,0.36732372641563416
516,0.9743140935897827,0.751169741153717,0.6144704818725586,0.36719581484794617
517,0.9860596060752869,0.7516338229179382,0.6284122467041016,0.36695513129234314
518,1.0118550062179565,0.7479761242866516,0.5979228019714355,0.36835697293281555
519,0.915591299533844,0.7610641121864319,0.642942488193512,0.3678539991378784
520,0.9772809147834778,0.7642239928245544,0.6017231345176697,0.3681671619415283
521,0.974648118019104,0.7519587278366089,0.6035353541374207,0.3682079613208771
522,0.970208466053009,0.7606236934661865,0.6066462397575378,0.36849382519721985
523,0.9505491852760315,0.7552673816680908,0.6529948115348816,0.36909544467926025
524,0.981478750705719,0.7517823576927185,0.6097728610038757,0.3683503568172455
525,1.0098345279693604,0.7519372701644897,0.5743439793586731,0.3684632182121277
526,0.9935861229896545,0.7513202428817749,0.5766779780387878,0.36781734228134155
527,1.0023283958435059,0.7522032856941223,0.6017338633537292,0.36719417572021484
528,0.956532895565033,0.746169924736023,0.6109262108802795,0.3670806288719177
529,0.9780440926551819,0.7486193776130676,0.5949012041091919,0.36526158452033997
530,0.9486117362976074,0.7555537819862366,0.5957664251327515,0.36461418867111206
531,0.9762158393859863,0.7515787482261658,0.6074336171150208,0.3639752268791199
532,0.951753556728363,0.7536400556564331,0.6231377720832825,0.36619317531585693
533,0.9699169993400574,0.7582435607910156,0.6039337515830994,0.3675951659679413
534,0.9765859842300415,0.7545455098152161,0.5915052890777588,0.3653736412525177
535,0.9812710881233215,0.7552497386932373,0.6186094284057617,0.3642754554748535
536,1.00155770778656,0.7637904286384583,0.5901871919631958,0.3644461929798126
537,0.9502134919166565,0.7653003931045532,0.6563212871551514,0.3649769723415375
538,0.9395896792411804,0.7516438961029053,0.6184574961662292,0.3656251132488251
539,0.9426029920578003,0.7549750804901123,0.6075641512870789,0.3647555410861969
540,0.9471182227134705,0.7472488284111023,0.618263840675354,0.3642783761024475
541,0.9578108191490173,0.7499620914459229,0.6195986866950989,0.362416535615921
542,0.9536485075950623,0.7510143518447876,0.6169000267982483,0.36223652958869934
543,0.979543149471283,0.754040539264679,0.5917981266975403,0.3631795644760132
544,0.9873713850975037,0.754790723323822,0.5819522738456726,0.36262574791908264
545,0.9525780081748962,0.7511234879493713,0.6263654232025146,0.36292779445648193
546,0.9375080466270447,0.7529312372207642,0.632176399230957,0.3627317249774933
547,0.9990977644920349,0.7500120401382446,0.6160526275634766,0.3642115294933319
548,0.9889823794364929,0.75499427318573,0.6204724907875061,0.36319947242736816
549,0.9765560626983643,0.7537657022476196,0.614395797252655,0.36326533555984497
550,0.9699885249137878,0.7542908787727356,0.6185175180435181,0.3626389503479004
551,1.0155465602874756,0.7519330382347107,0.6063887476921082,0.3620966076850891
552,0.9796261787414551,0.7478775382041931,0.599162220954895,0.3624846339225769
553,0.9632771611213684,0.7435242533683777,0.6168421506881714,0.36279234290122986
554,0.9793655276298523,0.7499246001243591,0.6014585494995117,0.3661860227584839
555,0.9510136842727661,0.7454860806465149,0.5859160423278809,0.36643531918525696
556,0.9724412560462952,0.7481393218040466,0.6049465537071228,0.3674663007259369
557,0.9738389849662781,0.7441084384918213,0.6021133065223694,0.36451834440231323
558,0.9615626931190491,0.7506474852561951,0.6347883343696594,0.3644292950630188
559,0.9598252773284912,0.7478805184364319,0.5988410115242004,0.36604243516921997
560,0.9565498232841492,0.7446695566177368,0.6068210601806641,0.36510998010635376
561,0.9371615648269653,0.7424345016479492,0.6024212837219238,0.3644424080848694
562,0.982049286365509,0.7391616702079773,0.6105319261550903,0.36348408460617065
563,0.9857418537139893,0.7449588179588318,0.5983110666275024,0.3640933930873871
564,0.9632176160812378,0.7506005764007568,0.6093311309814453,0.3621356785297394
565,0.9581958055496216,0.7475818395614624,0.5954231023788452,0.36224159598350525
566,0.9586455225944519,0.7452439069747925,0.6237615346908569,0.3627823293209076
567,0.9485651850700378,0.7463058829307556,0.6249895095825195,0.3624657392501831
568,0.9585029482841492,0.748650074005127,0.6193825602531433,0.36171478033065796
569,0.9747743606567383,0.7534045577049255,0.604208767414093,0.3624664843082428
570,0.968582808971405,0.7548251152038574,0.629627525806427,0.36441636085510254
571,0.9771046042442322,0.7590243220329285,0.615254819393158,0.36478081345558167
572,0.9316134452819824,0.750634491443634,0.63686203956604,0.36419129371643066
573,0.9287939071655273,0.7498449683189392,0.6378122568130493,0.36492905020713806
574,0.9626846313476562,0.7449520230293274,0.6072737574577332,0.3658697307109833
575,0.9503477811813354,0.7395169138908386,0.5998373627662659,0.366621196269989
576,0.9522166848182678,0.7476953268051147,0.6263407468795776,0.36646750569343567
577,0.9486613869667053,0.7464641332626343,0.6183080077171326,0.36537718772888184
578,0.9321866035461426,0.742365300655365,0.6340358853340149,0.3657078146934509
579,0.9573395848274231,0.7522623538970947,0.6213704347610474,0.3672168254852295
580,0.9626671075820923,0.7488805055618286,0.6336172819137573,0.36750394105911255
581,0.9574553370475769,0.7462459206581116,0.6430407762527466,0.36710503697395325
582,0.9929690361022949,0.739215612411499,0.5868423581123352,0.36571213603019714
583,0.9598912000656128,0.7444886565208435,0.6250863075256348,0.3652936518192291
584,0.9724418520927429,0.7405077219009399,0.6221289038658142,0.36451080441474915
585,0.9559872150421143,0.7406596541404724,0.6374921202659607,0.36423003673553467
586,0.9820194840431213,0.7412081360816956,0.5958525538444519,0.36489376425743103
587,0.9461625814437866,0.7411600947380066,0.6135045289993286,0.36551204323768616
588,0.9196048378944397,0.7441793084144592,0.6289706230163574,0.36415591835975647
589,0.9804930090904236,0.7410839796066284,0.6128339171409607,0.36252930760383606
590,0.9478017091751099,0.7406460046768188,0.6187536120414734,0.36224108934402466
591,0.9835430979728699,0.7393549680709839,0.6212559342384338,0.36114388704299927
592,0.9265504479408264,0.7444360852241516,0.615639328956604,0.36152058839797974
593,0.9396888613700867,0.7388720512390137,0.6224663257598877,0.3625674843788147
594,0.9400517344474792,0.7411087155342102,0.6226065158843994,0.36222338676452637
595,0.9223620295524597,0.7403018474578857,0.6058811545372009,0.36105310916900635
596,0.9344792366027832,0.7435236573219299,0.6297399401664734,0.3623591959476471
597,0.9658843874931335,0.7412232756614685,0.6175810694694519,0.364467978477478
598,0.9333193898200989,0.7386269569396973,0.6213799118995667,0.36321988701820374
599,0.9506677389144897,0.7376623749732971,0.6077783107757568,0.36106109619140625
600,0.972210705280304,0.7378104329109192,0.5954142808914185,0.360991895198822
601,0.9311491250991821,0.7412635684013367,0.6331585049629211,0.36113807559013367
602,0.937127947807312,0.7370069622993469,0.6320441961288452,0.3619360625743866
603,0.9738604426383972,0.7340108752250671,0.6058459877967834,0.36250701546669006
604,0.9437446594238281,0.739568829536438,0.6271426677703857,0.3614400029182434
605,0.9515499472618103,0.7430872321128845,0.6338982582092285,0.36126708984375
606,0.95249342918396,0.7428765296936035,0.6206058859825134,0.3609779179096222
607,0.9580822587013245,0.7413420677185059,0.6283102035522461,0.360848605632782
608,0.9524194002151489,0.7420628666877747,0.6211840510368347,0.36197206377983093
609,0.9407809376716614,0.7363037467002869,0.6387008428573608,0.36253786087036133
610,0.9282754063606262,0.7353985905647278,0.6551621556282043,0.36344558000564575
611,0.9603961110115051,0.7380294799804688,0.6173501014709473,0.3628959059715271
612,0.9313734173774719,0.7377530336380005,0.6147523522377014,0.3620331287384033
613,0.9386242628097534,0.7362105846405029,0.6125255227088928,0.36098217964172363
614,0.9461276531219482,0.7348834872245789,0.6085959076881409,0.3602692186832428
615,0.972582221031189,0.7398083806037903,0.6157292723655701,0.36051973700523376
616,0.9437242150306702,0.7397994995117188,0.5902965068817139,0.36115914583206177
617,0.9351484775543213,0.7293375134468079,0.63623046875,0.36138826608657837
618,0.9791058301925659,0.7336298227310181,0.6282511949539185,0.36119329929351807
619,0.9618142247200012,0.7381318211555481,0.649410605430603,0.3616679012775421
620,0.9793078303337097,0.7389451861381531,0.6187859773635864,0.3621378540992737
621,0.9339411854743958,0.7390698790550232,0.6161439418792725,0.36028963327407837
622,0.9512521028518677,0.7360212206840515,0.6246693730354309,0.3617924749851227
623,0.9460493922233582,0.7386381030082703,0.617953896522522,0.35958293080329895
624,0.9500476121902466,0.7389749884605408,0.645449697971344,0.359084814786911
625,0.9319739937782288,0.7410714626312256,0.6329812407493591,0.35996320843696594
626,0.9352227449417114,0.7419751882553101,0.6346481442451477,0.36024466156959534
627,0.9425486922264099,0.7352016568183899,0.6191573143005371,0.3611556589603424
628,0.939903736114502,0.7434549927711487,0.6181530952453613,0.359831839799881
629,0.9603574872016907,0.7388908267021179,0.6203551888465881,0.360368937253952
630,0.9699298143386841,0.736474871635437,0.621029257774353,0.36114782094955444
631,0.9611848592758179,0.7362017035484314,0.6269350051879883,0.361604779958725
632,0.9363832473754883,0.7345069646835327,0.6253986954689026,0.3613494336605072
633,0.9440139532089233,0.7391325235366821,0.606236457824707,0.3600688874721527
634,0.9551867842674255,0.7420549392700195,0.608167290687561,0.36072680354118347
635,0.9343103170394897,0.7365618348121643,0.6310301423072815,0.35977903008461
636,0.9559414386749268,0.7326831817626953,0.6251316666603088,0.36067140102386475
637,0.9615812301635742,0.7310301661491394,0.6069026589393616,0.3610255718231201
638,0.9500784277915955,0.7336791157722473,0.6421430706977844,0.36225953698158264
639,0.9199040532112122,0.7309053540229797,0.6331340074539185,0.36197879910469055
640,0.9650999903678894,0.736894965171814,0.586959958076477,0.3631124496459961
641,0.9501802325248718,0.7430274486541748,0.6186993718147278,0.36425381898880005
642,0.9441487193107605,0.7364911437034607,0.6321045160293579,0.36586233973503113
643,0.9598977565765381,0.7320301532745361,0.6072935461997986,0.3639966547489166
644,0.9648839235305786,0.7341801524162292,0.616369903087616,0.3626966178417206
645,0.9231277704238892,0.7408111095428467,0.6265867352485657,0.3632117807865143
646,0.9464238286018372,0.7332209944725037,0.627102255821228,0.3625262975692749
647,0.9293255805969238,0.7333270907402039,0.6467626690864563,0.36300554871559143
648,0.9516217112541199,0.7319382429122925,0.6352463364601135,0.3618382215499878
649,0.9235979914665222,0.7323073744773865,0.6245967149734497,0.36063066124916077
650,0.9372246861457825,0.7310189008712769,0.6298119425773621,0.36031192541122437
651,0.9623182415962219,0.7322673797607422,0.6098421812057495,0.36009374260902405
652,0.9510084986686707,0.7288070321083069,0.6025236248970032,0.36118265986442566
653,0.9282165169715881,0.732944667339325,0.6492294669151306,0.36146578192710876
654,0.9701361060142517,0.7314785122871399,0.6224600076675415,0.36182236671447754
655,0.9513763785362244,0.7319694757461548,0.6141716837882996,0.36073964834213257
656,0.9212450981140137,0.7334635257720947,0.6500248312950134,0.36061587929725647
657,0.9428620934486389,0.7323914170265198,0.6163771152496338,0.36039218306541443
658,0.9242534041404724,0.722865641117096,0.6233063340187073,0.3582530617713928
659,0.9439302086830139,0.7242199182510376,0.6024022102355957,0.35835060477256775
660,0.9552342295646667,0.7245721817016602,0.5930503606796265,0.358875572681427
661,0.9441890120506287,0.7305293083190918,0.6252276301383972,0.3596906363964081
662,0.9494781494140625,0.7259091138839722,0.6389828324317932,0.3614366948604584
663,0.9274546504020691,0.7278820872306824,0.6243714094161987,0.3615540862083435
664,0.9405571222305298,0.7301269173622131,0.6156991124153137,0.36302101612091064
665,0.9371903538703918,0.7316514849662781,0.6401357650756836,0.3620191514492035
666,0.9407870173454285,0.7288117408752441,0.6505687236785889,0.36143413186073303
667,0.9339603781700134,0.732367753982544,0.6469701528549194,0.3608287274837494
668,0.9549316167831421,0.7305012345314026,0.6300809979438782,0.36270514130592346
669,0.9176609516143799,0.7281700968742371,0.6378228068351746,0.36285102367401123
670,0.9355314373970032,0.7202534675598145,0.6399857997894287,0.36354124546051025
671,0.9714768528938293,0.7221448421478271,0.6300420761108398,0.3616868555545807
672,0.9464043974876404,0.7303271293640137,0.6459513902664185,0.3625912666320801
673,0.9249504208564758,0.7241623401641846,0.6283136606216431,0.363724946975708
674,0.9386711120605469,0.7251473069190979,0.6427768468856812,0.36371520161628723
675,0.9409874081611633,0.7303101420402527,0.640237033367157,0.3633038103580475
676,0.9088497757911682,0.731931209564209,0.6394447684288025,0.3638658821582794
677,0.91535884141922,0.7299787402153015,0.6211892366409302,0.36522212624549866
678,0.9554728865623474,0.7227653861045837,0.6302804946899414,0.3657471537590027
679,0.9661694765090942,0.7236167788505554,0.6203287243843079,0.36476290225982666
680,0.9455998539924622,0.7319153547286987,0.6279187202453613,0.36499300599098206
681,0.9578850865364075,0.724341630935669,0.6216042637825012,0.3646067678928375
682,0.9471742510795593,0.7192038297653198,0.6411766409873962,0.3660886883735657
683,0.9378615021705627,0.7242720723152161,0.6326048970222473,0.36470237374305725
684,0.9247003197669983,0.7205416560173035,0.6270275712013245,0.3646208941936493
685,0.9706805348396301,0.7218667268753052,0.5995546579360962,0.3637816905975342
686,0.92012619972229,0.7222858667373657,0.6306295990943909,0.3647330403327942
687,0.9379932880401611,0.7209988832473755,0.6216471195220947,0.36558160185813904
688,0.947373628616333,0.7214778661727905,0.6038807034492493,0.36565834283828735
689,0.9133241176605225,0.7162134647369385,0.6539563536643982,0.36486929655075073
690,0.9559912085533142,0.7222884893417358,0.6325550675392151,0.3654039800167084
691,0.9099097847938538,0.7191951870918274,0.6420223712921143,0.3653057813644409
692,0.9434837698936462,0.7177219986915588,0.6224963068962097,0.36368265748023987
693,0.9485141038894653,0.7244544625282288,0.6032461524009705,0.3641864061355591
694,0.9261261224746704,0.7290078997612,0.6335673332214355,0.3634467124938965
695,0.933986246585846,0.7271081209182739,0.6258404850959778,0.36420923471450806
696,0.9596813917160034,0.7240294814109802,0.6222769618034363,0.3633943200111389
697,0.925676703453064,0.7229928374290466,0.6388170123100281,0.3643694221973419
698,0.9480962753295898,0.7229426503181458,0.6273496150970459,0.36450764536857605
699,0.9245135188102722,0.726585328578949,0.6292998194694519,0.36451229453086853
700,0.9551970362663269,0.7257040739059448,0.6021493077278137,0.3634639084339142
701,0.9255961179733276,0.7212855219841003,0.6280161738395691,0.3654502034187317
702,0.9384013414382935,0.7262927889823914,0.6342266798019409,0.3649080693721771
703,0.9535972476005554,0.7277765870094299,0.6280076503753662,0.365707129240036
704,0.9283173680305481,0.7283445596694946,0.6505874395370483,0.3656235635280609
705,0.9388293623924255,0.7211061120033264,0.638312816619873,0.3666984736919403
706,0.9403817653656006,0.7192806005477905,0.6115438938140869,0.366428405046463
707,0.9267797470092773,0.7218940854072571,0.6312353610992432,0.3668674826622009
708,0.9358030557632446,0.7197642922401428,0.6463591456413269,0.36730438470840454
709,0.9228784441947937,0.7181946635246277,0.6347670555114746,0.36622533202171326
710,0.9135242104530334,0.7176836729049683,0.630596399307251,0.36846551299095154
711,0.9040452241897583,0.7252816557884216,0.6466937065124512,0.3690929710865021
712,0.9511784315109253,0.7239700555801392,0.6117655038833618,0.36940518021583557
713,0.9346731901168823,0.7224662899971008,0.6264611482620239,0.3691502809524536
714,0.9139880537986755,0.7269977331161499,0.6797178387641907,0.3691248297691345
715,0.9002540707588196,0.7256974577903748,0.6694296598434448,0.36947694420814514
716,0.9193667769432068,0.723152756690979,0.6501123309135437,0.3703228235244751
717,0.9486632943153381,0.7232210636138916,0.6072259545326233,0.37035396695137024
718,0.9693743586540222,0.7205837368965149,0.624690592288971,0.36890336871147156
719,0.910312831401825,0.7203086018562317,0.629736065864563,0.36981064081192017
720,0.9225606918334961,0.7225568294525146,0.6432754993438721,0.3697356879711151
721,0.9183729290962219,0.7186062335968018,0.6316350102424622,0.368057519197464
722,0.9412043690681458,0.7191630005836487,0.6312075853347778,0.36772847175598145
723,0.9278764128684998,0.7229200005531311,0.650880753993988,0.3688303828239441
724,0.938816487789154,0.7235795855522156,0.6391230821609497,0.36872684955596924
725,0.9461296200752258,0.7230240702629089,0.6242063641548157,0.36907294392585754
726,0.924303412437439,0.7219563126564026,0.635805070400238,0.3684341013431549
727,0.9162106513977051,0.7206583023071289,0.6327084898948669,0.36741939187049866
728,0.899049699306488,0.7165145874023438,0.6389989852905273,0.3652667701244354
729,0.9439785480499268,0.7149744629859924,0.6357216238975525,0.36536911129951477
730,0.9303024411201477,0.718323290348053,0.6353115439414978,0.36578744649887085
731,0.9310451149940491,0.7163589596748352,0.6123569011688232,0.3660734295845032
732,0.9206910729408264,0.7176720499992371,0.6414890885353088,0.36616116762161255
733,0.8967640995979309,0.7182013392448425,0.6560909748077393,0.36609703302383423
734,0.9016485214233398,0.7188542485237122,0.663489043712616,0.36831581592559814
735,0.9301100373268127,0.71458500623703,0.6433473825454712,0.3673684298992157
736,0.9496115446090698,0.7152285575866699,0.6372106671333313,0.3668203055858612
737,0.9199673533439636,0.7188000679016113,0.6462743282318115,0.3660792112350464
738,0.9264340400695801,0.716789960861206,0.6362044811248779,0.3659723997116089
739,0.9475970268249512,0.7150766253471375,0.6401786804199219,0.366109162569046
740,0.9061830043792725,0.7131555080413818,0.6449910402297974,0.3672749400138855
741,0.918929934501648,0.7170888781547546,0.6552597880363464,0.36670011281967163
742,0.9343438744544983,0.7196913957595825,0.6524298787117004,0.36729419231414795
743,0.957558274269104,0.7232899069786072,0.6422170996665955,0.3679451048374176
744,0.9354023337364197,0.7206681370735168,0.6361564993858337,0.3685660660266876
745,0.924748420715332,0.7191159725189209,0.6493391990661621,0.3681865334510803
746,0.8993447422981262,0.7187060117721558,0.6216657757759094,0.3675133287906647
747,0.9194920659065247,0.7175358533859253,0.6381757259368896,0.3676036596298218
748,0.9262043833732605,0.7139643430709839,0.636082649230957,0.36712515354156494
749,0.914307713508606,0.7151148915290833,0.6619852781295776,0.36870014667510986
750,0.9365626573562622,0.7132466435432434,0.6424334645271301,0.3676741123199463
751,0.9111897349357605,0.7141798138618469,0.6415588855743408,0.36746683716773987
752,0.9130714535713196,0.7152234315872192,0.6622640490531921,0.36778557300567627
753,0.9342125058174133,0.718218207359314,0.6381453275680542,0.36902374029159546
754,0.9324383735656738,0.7162348628044128,0.6289656162261963,0.36894452571868896
755,0.9085182547569275,0.7150430083274841,0.6449181437492371,0.3700002431869507
756,0.9190742373466492,0.718142032623291,0.6570907235145569,0.3706815540790558
757,0.9372567534446716,0.7116097211837769,0.6319488286972046,0.3713759481906891
758,0.8823466897010803,0.715006411075592,0.6562414765357971,0.3705975115299225
759,0.9307583570480347,0.7154541015625,0.6497554779052734,0.37119612097740173
760,0.8887608051300049,0.7140495181083679,0.6312512159347534,0.3710218071937561
761,0.9128931760787964,0.7171537280082703,0.6448824405670166,0.3707771599292755
762,0.9416751265525818,0.7165760397911072,0.6156951189041138,0.3710689842700958
763,0.9291698932647705,0.7102553844451904,0.627794623374939,0.3713825047016144
764,0.9254007339477539,0.714081883430481,0.6234443783760071,0.3703576624393463
765,0.9392638802528381,0.7120857238769531,0.6495234966278076,0.37223702669143677
766,0.9080315828323364,0.7106725573539734,0.6509864926338196,0.37450331449508667
767,0.9381837844848633,0.7119894623756409,0.634255588054657,0.3760039508342743
768,0.9073986411094666,0.7119383215904236,0.6512364745140076,0.3730357885360718
769,0.8960949778556824,0.7062502503395081,0.659367561340332,0.37200045585632324
770,0.9339434504508972,0.7079566717147827,0.6359639167785645,0.3707268238067627
771,0.922399640083313,0.7085242867469788,0.6349743008613586,0.37007811665534973
772,0.953354001045227,0.7106635570526123,0.6382859945297241,0.37021148204803467
773,0.9088192582130432,0.7083731293678284,0.6278486847877502,0.3697114586830139
774,0.9335039854049683,0.7079271674156189,0.636886715888977,0.37075987458229065
775,0.9127827882766724,0.7072144150733948,0.6411533355712891,0.37296172976493835
776,0.9287797808647156,0.705430805683136,0.6243632435798645,0.37301433086395264
777,0.9171324372291565,0.7088802456855774,0.6396150588989258,0.37247833609580994
778,0.897913932800293,0.7102918028831482,0.6519752144813538,0.3738837242126465
779,0.9319416880607605,0.7134207487106323,0.6367315649986267,0.37334200739860535
780,0.9099097847938538,0.7098718285560608,0.6579633951187134,0.3731231689453125
781,0.9187211990356445,0.7066950798034668,0.6432197690010071,0.3735369145870209
782,0.902270495891571,0.7103821039199829,0.651009738445282,0.37266942858695984
783,0.8975697755813599,0.7078741788864136,0.6435150504112244,0.37052589654922485
784,0.8667970299720764,0.712906539440155,0.6933622360229492,0.370181679725647
785,0.9290078282356262,0.704960286617279,0.6228493452072144,0.3686792552471161
786,0.9299741983413696,0.7083175778388977,0.6410534977912903,0.36944955587387085
787,0.9362092614173889,0.7087864875793457,0.6518381834030151,0.3680410385131836
788,0.8884249925613403,0.7053942084312439,0.6675236225128174,0.3675040602684021
789,0.9112097024917603,0.7059410214424133,0.6384097337722778,0.36658287048339844
790,0.941910982131958,0.7114290595054626,0.639318585395813,0.36805176734924316
791,0.9084910154342651,0.7102817296981812,0.6721001267433167,0.3675185739994049
792,0.9532493352890015,0.710056483745575,0.6385129690170288,0.3683164119720459
793,0.8951435685157776,0.710094690322876,0.6352348923683167,0.36803311109542847
794,0.884381890296936,0.7050362825393677,0.6440245509147644,0.3686530292034149
795,0.9163913130760193,0.7057263851165771,0.6564548015594482,0.3690202236175537
796,0.9032635688781738,0.7078424692153931,0.6550477743148804,0.3683544397354126
797,0.901942253112793,0.7045828700065613,0.6473398804664612,0.3710882365703583
798,0.8764866590499878,0.7048918604850769,0.6568336486816406,0.36951887607574463
799,0.9435127377510071,0.7106477618217468,0.6502659916877747,0.3698064386844635
800,0.9208630323410034,0.7066521644592285,0.6419483423233032,0.37048330903053284
801,0.9403230547904968,0.7034081816673279,0.6298118233680725,0.3693821430206299
802,0.8972280621528625,0.7050889730453491,0.6491566300392151,0.36752575635910034
803,0.9415957927703857,0.7070826292037964,0.6224583387374878,0.3665817081928253
804,0.9240701198577881,0.7064064145088196,0.6431469321250916,0.36894863843917847
805,0.9180086851119995,0.706225574016571,0.6474653482437134,0.36836865544319153
806,0.9210807681083679,0.7088448405265808,0.6480886936187744,0.36983343958854675
807,0.9096401929855347,0.7087005972862244,0.6480268239974976,0.3708072900772095
808,0.8973788022994995,0.7070173025131226,0.6671158075332642,0.3695739805698395
809,0.9008442759513855,0.7043575644493103,0.65850830078125,0.36886411905288696
810,0.907895028591156,0.7040038108825684,0.6560318470001221,0.36913520097732544
811,0.9054622054100037,0.7035321593284607,0.6427305936813354,0.36841881275177
812,0.8858932256698608,0.702111005783081,0.6694186925888062,0.3682694733142853
813,0.8937631249427795,0.7062574028968811,0.6633466482162476,0.3683471083641052
814,0.9094893336296082,0.7008598446846008,0.6445073485374451,0.36691537499427795
815,0.9299435615539551,0.7062779068946838,0.6343356966972351,0.36597520112991333
816,0.929831862449646,0.706963062286377,0.658696711063385,0.3663250505924225
817,0.9301481246948242,0.7110125422477722,0.6676028370857239,0.36729320883750916
818,0.9194357395172119,0.7106108069419861,0.664717972278595,0.3675841689109802
819,0.8964505195617676,0.704638659954071,0.6412978768348694,0.3668018579483032
820,0.89289790391922,0.7015038728713989,0.6383105516433716,0.3658578097820282
821,0.9233812093734741,0.7092224955558777,0.6344348192214966,0.3665202558040619
822,0.9001767039299011,0.7099453210830688,0.6791305541992188,0.36720743775367737
823,0.9045414328575134,0.7060188055038452,0.6581186056137085,0.3677317202091217
824,0.8950958251953125,0.707651674747467,0.6465321779251099,0.36706626415252686
825,0.906478226184845,0.7080009579658508,0.668649435043335,0.36956119537353516
826,0.885746955871582,0.7116773724555969,0.6834269762039185,0.36978283524513245
827,0.8875424265861511,0.7105498909950256,0.6468749046325684,0.3687823712825775
828,0.9128339886665344,0.7087631225585938,0.6461462378501892,0.36885327100753784
829,0.8926321268081665,0.70890212059021,0.6680839657783508,0.367504358291626
830,0.9224100112915039,0.7065055966377258,0.6331300139427185,0.3678867220878601
831,0.9031468033790588,0.7032278180122375,0.6468693017959595,0.3684885799884796
832,0.8930178880691528,0.7039824724197388,0.6792729496955872,0.368144690990448
833,0.8744656443595886,0.7032367587089539,0.6632859706878662,0.36878088116645813
834,0.9005638360977173,0.7030256986618042,0.6444076895713806,0.36878931522369385
835,0.9085131883621216,0.7050338387489319,0.6716710329055786,0.3699764311313629
836,0.933148980140686,0.7061284780502319,0.665192723274231,0.36964651942253113
837,0.9073169231414795,0.7093104720115662,0.6790491938591003,0.3690791428089142
838,0.891160249710083,0.7045487761497498,0.6566447615623474,0.36950957775115967
839,0.9433897137641907,0.7052769660949707,0.65570467710495,0.3699338436126709
840,0.9404346942901611,0.70389723777771,0.6403578519821167,0.3706977069377899
841,0.9072552919387817,0.7072635293006897,0.6643642783164978,0.3697086274623871
842,0.9330170750617981,0.7106993794441223,0.6587645411491394,0.36763623356819153
843,0.880330502986908,0.7092452645301819,0.6669608950614929,0.36905360221862793
844,0.9252541661262512,0.708323061466217,0.6417524218559265,0.36933988332748413
845,0.9269627332687378,0.7079993486404419,0.651913046836853,0.3718857169151306
846,0.9652138948440552,0.705947995185852,0.6339250206947327,0.3714602291584015
847,0.8981980681419373,0.7027712464332581,0.6789864897727966,0.37003540992736816
848,0.8569124937057495,0.7033032178878784,0.6953288316726685,0.3699239492416382
849,0.9209082126617432,0.7032380104064941,0.6351869106292725,0.370371013879776
850,0.8628132939338684,0.7008500099182129,0.6574812531471252,0.37031975388526917
851,0.9151042103767395,0.7054562568664551,0.643688440322876,0.37151485681533813
852,0.8697987794876099,0.706079363822937,0.6791582107543945,0.37132272124290466
853,0.8701215982437134,0.7067089080810547,0.6761470437049866,0.372160941362381
854,0.8900453448295593,0.7049027681350708,0.6673861145973206,0.37271252274513245
855,0.8915194272994995,0.7044264078140259,0.6570671200752258,0.3725256621837616
856,0.9378442168235779,0.7068895697593689,0.6707628965377808,0.372048020362854
857,0.9117801189422607,0.7038996815681458,0.6384928226470947,0.37220996618270874
858,0.9266549944877625,0.7083179950714111,0.6438649296760559,0.3728649914264679
859,0.8643620610237122,0.7084540128707886,0.669837236404419,0.37107205390930176
860,0.9165381193161011,0.7038106322288513,0.6569687128067017,0.37078267335891724
861,0.9288769364356995,0.7058157920837402,0.64322429895401,0.3708013594150543
862,0.9168959259986877,0.706680178642273,0.632931113243103,0.37141916155815125
863,0.92180997133255,0.7046284675598145,0.6581081748008728,0.3717809021472931
864,0.9061021208763123,0.7056034207344055,0.6527136564254761,0.37185347080230713
865,0.950592041015625,0.7093414664268494,0.644456148147583,0.37442123889923096
866,0.9034620523452759,0.7007091641426086,0.6591659784317017,0.3736916482448578
867,0.8930987119674683,0.7048720717430115,0.655722975730896,0.3714727759361267
868,0.9594512581825256,0.7053309679031372,0.6455073952674866,0.37194186449050903
869,0.8689444065093994,0.7016746401786804,0.6523871421813965,0.37247273325920105
870,0.8903806805610657,0.7033151388168335,0.6278606653213501,0.37205809354782104
871,0.9132569432258606,0.7001162171363831,0.6373556852340698,0.3726674020290375
872,0.8989953994750977,0.6966549754142761,0.6336736679077148,0.3732597529888153
873,0.8922865390777588,0.6977614760398865,0.6524319052696228,0.37314373254776
874,0.9201728701591492,0.698523223400116,0.6385572552680969,0.3723294138908386
875,0.890106201171875,0.701563835144043,0.6792361736297607,0.37274256348609924
876,0.8754130601882935,0.699453592300415,0.6841837167739868,0.37202903628349304
877,0.9170999526977539,0.6997029781341553,0.6502044796943665,0.3731071949005127
878,0.9065561294555664,0.70093834400177,0.6494200825691223,0.37244200706481934
879,0.9183947443962097,0.7025479078292847,0.633776068687439,0.3704753816127777
880,0.9233549237251282,0.7003454566001892,0.6508609056472778,0.3703274726867676
881,0.8972822427749634,0.7039163708686829,0.6550529599189758,0.3718392252922058
882,0.8864224553108215,0.7034538388252258,0.6727451086044312,0.3707663118839264
883,0.8939161896705627,0.7008060812950134,0.64974045753479,0.37291523814201355
884,0.890232503414154,0.6988797187805176,0.6637629270553589,0.3716721534729004
885,0.8917044401168823,0.70013427734375,0.6823485493659973,0.3715663254261017
886,0.9094679355621338,0.7025084495544434,0.6544663310050964,0.3706560432910919
887,0.8845811486244202,0.705374002456665,0.65125972032547,0.36966240406036377
888,0.8924093842506409,0.705388605594635,0.6797072291374207,0.37121978402137756
889,0.8886016607284546,0.7054350972175598,0.6591813564300537,0.3723515272140503
890,0.9037501215934753,0.7039371728897095,0.6672007441520691,0.37308669090270996
891,0.879801332950592,0.7058704495429993,0.6934471726417542,0.3725167214870453
892,0.8906142115592957,0.7075495719909668,0.673427164554596,0.372885525226593
893,0.9244914054870605,0.7093780040740967,0.6485314965248108,0.37258023023605347
894,0.8739689588546753,0.7093717455863953,0.6815528869628906,0.3729420304298401
895,0.8833270072937012,0.7041318416595459,0.655930757522583,0.3735237717628479
896,0.8969513177871704,0.7036307454109192,0.6818516850471497,0.37514591217041016
897,0.8769219517707825,0.7058844566345215,0.6692317128181458,0.3747900128364563
898,0.8857107758522034,0.7096286416053772,0.6726260781288147,0.37447410821914673
899,0.8715258836746216,0.7085539102554321,0.6815551519393921,0.37463998794555664
900,0.9031848311424255,0.70304936170578,0.6363118290901184,0.3754710257053375
901,0.8934484720230103,0.7058882117271423,0.6523001194000244,0.37672245502471924
902,0.8888689875602722,0.7054716348648071,0.6646194458007812,0.37761303782463074
903,0.9012047052383423,0.7038683295249939,0.6498262882232666,0.3780524432659149
904,0.9114273190498352,0.7061055898666382,0.6435434222221375,0.3786267042160034
905,0.8861607313156128,0.7057210206985474,0.668448805809021,0.37824535369873047
906,0.8836167454719543,0.7033096551895142,0.6757121682167053,0.37864822149276733
907,0.9079708456993103,0.7040084600448608,0.6615658402442932,0.37818586826324463
908,0.9165220856666565,0.7027323246002197,0.6507034301757812,0.37900590896606445
909,0.8710014224052429,0.6999236345291138,0.6619935631752014,0.3805429935455322
910,0.908343493938446,0.7031058073043823,0.6664981842041016,0.3806019425392151
911,0.8846063017845154,0.7059115171432495,0.653780460357666,0.379983127117157
912,0.9019542336463928,0.7032150626182556,0.6899940967559814,0.3813091516494751
913,0.8891912698745728,0.6996011734008789,0.6590226888656616,0.3810698986053467
914,0.915216863155365,0.704887866973877,0.6608263850212097,0.38095328211784363
915,0.8849174380302429,0.7028443217277527,0.6616342663764954,0.37955862283706665
916,0.9004025459289551,0.6995763182640076,0.6535949110984802,0.3791517913341522
917,0.9128488302230835,0.7049174904823303,0.6827288866043091,0.3787679970264435
918,0.9114190936088562,0.7020028829574585,0.6581951379776001,0.3785189688205719
919,0.8844112753868103,0.7060493230819702,0.677548348903656,0.3789690434932709
920,0.9095404148101807,0.7018077969551086,0.6533812284469604,0.38043412566185
921,0.878226637840271,0.6996445059776306,0.6695190668106079,0.3796260356903076
922,0.8968243598937988,0.701788604259491,0.6797415018081665,0.3787001371383667
923,0.8836067318916321,0.6999008059501648,0.6719087362289429,0.37896212935447693
924,0.908941924571991,0.6958993673324585,0.6514230370521545,0.37996965646743774
925,0.9000211954116821,0.6991853713989258,0.6560754776000977,0.37950560450553894
926,0.902787446975708,0.6944088339805603,0.6519542336463928,0.3794114589691162
927,0.8913185000419617,0.698199450969696,0.6813185214996338,0.3807317316532135
928,0.9093523025512695,0.6981983780860901,0.6382542848587036,0.37885889410972595
929,0.8597074747085571,0.6934629678726196,0.670057475566864,0.3786086440086365
930,0.910382866859436,0.6969265937805176,0.6583248972892761,0.37670400738716125
931,0.899792492389679,0.695519208908081,0.6386603116989136,0.3748722970485687
932,0.8808270692825317,0.6991497278213501,0.665949285030365,0.3754730224609375
933,0.9058160781860352,0.6959678530693054,0.6695843935012817,0.3750726282596588
934,0.903387725353241,0.6977771520614624,0.6616656184196472,0.3751470148563385
935,0.9229063391685486,0.69739830493927,0.6636411547660828,0.37582632899284363
936,0.8867108225822449,0.7017280459403992,0.6524502038955688,0.37566617131233215
937,0.8961253762245178,0.7005022168159485,0.6767303943634033,0.3747006952762604
938,0.9136384129524231,0.7009477615356445,0.655295193195343,0.37453773617744446
939,0.8863755464553833,0.6989387273788452,0.6894844174385071,0.3747369647026062
940,0.8939422369003296,0.699294924736023,0.6446247696876526,0.37414470314979553
941,0.8898745775222778,0.697219967842102,0.656611442565918,0.3742349147796631
942,0.8797728419303894,0.6995828747749329,0.6726369261741638,0.3735281229019165
943,0.8725610375404358,0.6972007751464844,0.6775722503662109,0.3740871846675873
944,0.8789888024330139,0.6986380219459534,0.6330854296684265,0.37409237027168274
945,0.9002809524536133,0.6995776891708374,0.6722527742385864,0.37601354718208313
946,0.8928182721138,0.7054035067558289,0.6640337705612183,0.3755154311656952
947,0.888509213924408,0.7007827758789062,0.6715733408927917,0.3755050301551819
948,0.8728271722793579,0.700716495513916,0.6744127869606018,0.3746553063392639
949,0.8722230195999146,0.6980735659599304,0.6848433017730713,0.37219974398612976
950,0.8593849539756775,0.7002843618392944,0.6668155193328857,0.3722066283226013
951,0.8916575312614441,0.7009398937225342,0.6617724895477295,0.37326115369796753
952,0.894231379032135,0.6989392638206482,0.6768141984939575,0.3736599385738373
953,0.8920634388923645,0.6990334391593933,0.6749935150146484,0.372867614030838
954,0.8779770135879517,0.6993470191955566,0.672764003276825,0.37395966053009033
955,0.8903400897979736,0.7014389038085938,0.6659299731254578,0.3727401793003082
956,0.905605137348175,0.7000761032104492,0.6548133492469788,0.37450674176216125
957,0.8730126619338989,0.6975842714309692,0.6836090683937073,0.373286634683609
958,0.8934576511383057,0.7004387974739075,0.6730620861053467,0.37317997217178345
959,0.8750413656234741,0.6993616223335266,0.6782820820808411,0.37301307916641235
960,0.9248217344284058,0.6996762752532959,0.667245626449585,0.3742573857307434
961,0.8830477595329285,0.6979483366012573,0.6615585088729858,0.37488242983818054
962,0.9182910323143005,0.6983523368835449,0.6491202712059021,0.3754236698150635
963,0.8888502717018127,0.6964185237884521,0.6741618514060974,0.3754829168319702
964,0.8848217725753784,0.6979678273200989,0.6712884902954102,0.3771040141582489
965,0.8738287091255188,0.6997091174125671,0.6805775165557861,0.3782590627670288
966,0.8669248819351196,0.6964496374130249,0.6688950061798096,0.37757763266563416
967,0.879101574420929,0.6962227821350098,0.6686663031578064,0.3779548108577728
968,0.8882025480270386,0.6959623694419861,0.6700335741043091,0.37882909178733826
969,0.8771690130233765,0.6965191960334778,0.6709821224212646,0.37840527296066284
970,0.9101322889328003,0.6948562860488892,0.6710590720176697,0.3782390356063843
971,0.8600803017616272,0.6960897445678711,0.6765028834342957,0.37794649600982666
972,0.8573703169822693,0.6989248991012573,0.6916627883911133,0.3771810829639435
973,0.914305567741394,0.7022868990898132,0.6652048230171204,0.37745827436447144
974,0.8821194767951965,0.6955807209014893,0.6543743014335632,0.3806876838207245
975,0.9361863732337952,0.6954569220542908,0.6641930937767029,0.3808259069919586
976,0.8859272599220276,0.6987871527671814,0.6844733953475952,0.38026759028434753
977,0.8780499696731567,0.6939257383346558,0.6714337468147278,0.3804817795753479
978,0.8955875039100647,0.6945114731788635,0.662873387336731,0.3801979720592499
979,0.8944987058639526,0.6962739825248718,0.6721996665000916,0.37971726059913635
980,0.9153225421905518,0.69593346118927,0.6665626168251038,0.37969329953193665
981,0.8652805685997009,0.6962688565254211,0.7022276520729065,0.3815424144268036
982,0.8675625324249268,0.6981576085090637,0.6698659062385559,0.3806489109992981
983,0.9127119183540344,0.7019175887107849,0.6532198786735535,0.3793748617172241
984,0.8606755137443542,0.6997404098510742,0.701421320438385,0.3795512616634369
985,0.9031534194946289,0.6986640691757202,0.6718129515647888,0.3810604512691498
986,0.9144414067268372,0.6961848139762878,0.6593478918075562,0.3811526298522949
987,0.9013068079948425,0.697825014591217,0.6593528985977173,0.38020986318588257
988,0.9189262390136719,0.6956396698951721,0.654655933380127,0.3794308304786682
989,0.8566306829452515,0.69328773021698,0.6671198606491089,0.3797798454761505
990,0.8712058663368225,0.6985954642295837,0.6674091815948486,0.3786092698574066
991,0.8932591080665588,0.6956703066825867,0.675746500492096,0.3796841502189636
992,0.8746212720870972,0.696815550327301,0.6877831816673279,0.3797887861728668
993,0.8963940739631653,0.6976610422134399,0.6474762558937073,0.3802071213722229
994,0.8877376914024353,0.6951356530189514,0.661186158657074,0.38039007782936096
995,0.901442289352417,0.6966278553009033,0.6528801321983337,0.38093364238739014
996,0.8807080388069153,0.6955248713493347,0.6843404769897461,0.38211899995803833
997,0.8582047820091248,0.6976692080497742,0.689935564994812,0.3809995651245117
998,0.8988610506057739,0.6986636519432068,0.6538429260253906,0.3816812336444855
999,0.884400486946106,0.6983232498168945,0.6636025905609131,0.38194695115089417
1000,0.8778755068778992,0.6955958008766174,0.6786530017852783,0.3818711042404175
1001,0.8990544080734253,0.6936414241790771,0.6758561134338379,0.3814685046672821
1002,0.8516318202018738,0.6948815584182739,0.6783892512321472,0.38180413842201233
1003,0.866195797920227,0.6935635209083557,0.6890736818313599,0.380068302154541
1004,0.8875221610069275,0.692731499671936,0.6949447989463806,0.37944459915161133
1005,0.883101224899292,0.6941500306129456,0.6478467583656311,0.3796359896659851
1006,0.9173108339309692,0.6962780356407166,0.6544084548950195,0.38036808371543884
1007,0.8466235399246216,0.6952956914901733,0.6744328737258911,0.37953200936317444
1008,0.8989872336387634,0.6969448328018188,0.6535915732383728,0.37896037101745605
1009,0.8790281414985657,0.6960228085517883,0.6577378511428833,0.37947696447372437
1010,0.868785560131073,0.6958643198013306,0.6796650290489197,0.37780556082725525
1011,0.8899436593055725,0.6983528733253479,0.6717274188995361,0.37788403034210205
1012,0.8399184942245483,0.6947891712188721,0.6848126649856567,0.3785676062107086
1013,0.8338730931282043,0.6965171694755554,0.6950221657752991,0.37686827778816223
1014,0.8607379198074341,0.6922460198402405,0.6859234571456909,0.3777902126312256
1015,0.8370087742805481,0.696009635925293,0.7051534056663513,0.37780439853668213
1016,0.9026583433151245,0.6932752728462219,0.653881847858429,0.3792685866355896
1017,0.8740864992141724,0.6939380168914795,0.6948866248130798,0.3794092535972595
1018,0.88632732629776,0.6956679821014404,0.6559106111526489,0.3788594901561737
1019,0.8724520802497864,0.6944079399108887,0.6706691384315491,0.37943780422210693
1020,0.8922780156135559,0.6982254385948181,0.68180251121521,0.37863484025001526
1021,0.8505343198776245,0.6952880620956421,0.6801143288612366,0.37806078791618347
1022,0.850102961063385,0.692028820514679,0.6867526173591614,0.3778921365737915
1023,0.8803877234458923,0.693514347076416,0.6713017225265503,0.3770923614501953
1024,0.8631104826927185,0.696295440196991,0.6714490056037903,0.3768361806869507
1025,0.8787679672241211,0.6963896155357361,0.6775175333023071,0.37712541222572327
1026,0.8626552224159241,0.695195198059082,0.6826477646827698,0.37791892886161804
1027,0.8764654994010925,0.6989228129386902,0.6859645247459412,0.3773415684700012
1028,0.9284939169883728,0.6974259614944458,0.6300442218780518,0.37755805253982544
1029,0.8917528986930847,0.6967318058013916,0.6746906042098999,0.3779902458190918
1030,0.8594078421592712,0.6951170563697815,0.6980926990509033,0.37809398770332336
1031,0.9027838110923767,0.6980447173118591,0.6674008369445801,0.3766297698020935
1032,0.8756328225135803,0.698567807674408,0.6908776760101318,0.37669044733047485
1033,0.8685458302497864,0.695658266544342,0.6806780695915222,0.3760051429271698
1034,0.8965043425559998,0.694377601146698,0.6482232809066772,0.376283198595047
1035,0.8978492617607117,0.6998376250267029,0.6610092520713806,0.37465667724609375
1036,0.9020414352416992,0.6979395747184753,0.6616431474685669,0.3754371106624603
1037,0.8523309230804443,0.6974805593490601,0.694492757320404,0.3751695454120636
1038,0.8970209956169128,0.6961946487426758,0.6699143648147583,0.37834978103637695
1039,0.9001814723014832,0.697363555431366,0.6682031154632568,0.37808099389076233
1040,0.8769249320030212,0.696209728717804,0.6724503636360168,0.37750011682510376
1041,0.8470324873924255,0.69583660364151,0.6848066449165344,0.3778711259365082
1042,0.8765005469322205,0.6957009434700012,0.665256142616272,0.3770628571510315
1043,0.851445198059082,0.6998963356018066,0.6987369656562805,0.37585586309432983
1044,0.8794644474983215,0.6973888278007507,0.6796472072601318,0.37680086493492126
1045,0.864435076713562,0.6975183486938477,0.6806275248527527,0.37721794843673706
1046,0.9067057371139526,0.6945708394050598,0.6646652221679688,0.37794288992881775
1047,0.882500946521759,0.695844829082489,0.6746413707733154,0.37765008211135864
1048,0.8501815795898438,0.6948263049125671,0.6788521409034729,0.37584802508354187
1049,0.8828673958778381,0.6947689652442932,0.656075119972229,0.3764828145503998
1050,0.8815245032310486,0.6968632340431213,0.6690959334373474,0.3762566149234772
1051,0.8792227506637573,0.6967960596084595,0.6629670262336731,0.37671172618865967
1052,0.8564274907112122,0.6973456144332886,0.6772134304046631,0.3756357431411743
1053,0.8970313668251038,0.6975432634353638,0.6611373424530029,0.3767510950565338
1054,0.871002197265625,0.7005891799926758,0.6915703415870667,0.3761656582355499
1055,0.8784766793251038,0.6961994767189026,0.677082896232605,0.3778745234012604
1056,0.8470097184181213,0.696177065372467,0.7026061415672302,0.3776741623878479
1057,0.8616801500320435,0.693597137928009,0.6576923727989197,0.37745100259780884
1058,0.8892802596092224,0.694116473197937,0.6724858283996582,0.37716448307037354
1059,0.8722630739212036,0.6958857774734497,0.669489324092865,0.37633615732192993
1060,0.860416829586029,0.6961917877197266,0.6832099556922913,0.376849502325058
1061,0.8470644950866699,0.696162760257721,0.7020937204360962,0.3775297701358795
1062,0.8615210056304932,0.6960469484329224,0.7060779929161072,0.3788878917694092
1063,0.8530781865119934,0.6978898048400879,0.6882529854774475,0.37734130024909973
1064,0.8443188667297363,0.6959113478660583,0.6817157864570618,0.3767613172531128
1065,0.8733773827552795,0.6967419981956482,0.6650341749191284,0.3767161965370178
1066,0.866698145866394,0.696281909942627,0.6939533948898315,0.3776121437549591
1067,0.8385989665985107,0.6927131414413452,0.6772684454917908,0.3775191009044647
1068,0.8432686924934387,0.6932733654975891,0.6848961114883423,0.37710076570510864
1069,0.8552481532096863,0.6954675316810608,0.6801742911338806,0.3780084252357483
1070,0.8671361207962036,0.6959516406059265,0.6818282008171082,0.3778819739818573
1071,0.8704356551170349,0.6942731738090515,0.6931929588317871,0.37843650579452515
1072,0.8883799910545349,0.6944212317466736,0.6726164221763611,0.37740838527679443
1073,0.8917068243026733,0.6968473792076111,0.6668089628219604,0.3763791024684906
1074,0.8504559397697449,0.6936790943145752,0.6882115602493286,0.37497732043266296
1075,0.8710417151451111,0.6968680620193481,0.6796605587005615,0.3733987808227539
1076,0.8699707388877869,0.6943416595458984,0.6549330949783325,0.3752109110355377
1077,0.8618693351745605,0.6961760520935059,0.6816396713256836,0.3750055134296417
1078,0.8589431643486023,0.6977493166923523,0.6807529926300049,0.3760475218296051
1079,0.8851182460784912,0.6966249942779541,0.6776503920555115,0.3764314353466034
1080,0.8809679746627808,0.6958102583885193,0.6818184852600098,0.3775143027305603
1081,0.8675941824913025,0.6966716647148132,0.6669814586639404,0.3785010278224945
1082,0.8978463411331177,0.6999194622039795,0.6501901149749756,0.37803494930267334
1083,0.8693121075630188,0.6959119439125061,0.6734406352043152,0.37909454107284546
1084,0.8616375923156738,0.6957119703292847,0.6855710744857788,0.37989211082458496
1085,0.8753036856651306,0.6966855525970459,0.6737738847732544,0.37958112359046936
1086,0.8696209788322449,0.6958664059638977,0.683859646320343,0.3803800046443939
1087,0.9233947992324829,0.694413959980011,0.6674528121948242,0.3806918263435364
1088,0.8630927801132202,0.6963550448417664,0.6551939249038696,0.3800326883792877
1089,0.8798304796218872,0.6957976818084717,0.66993647813797,0.3787984848022461
1090,0.8431026935577393,0.6941433548927307,0.6774110794067383,0.37872159481048584
1091,0.8227478265762329,0.6939862370491028,0.6976537704467773,0.38001036643981934
1092,0.861093282699585,0.6944863796234131,0.6942906379699707,0.3777124583721161
1093,0.8566961288452148,0.6975195407867432,0.6727503538131714,0.3780978322029114
1094,0.8545272946357727,0.6946724057197571,0.670182466506958,0.37766730785369873
1095,0.872422456741333,0.6933238506317139,0.6678590774536133,0.37804272770881653
1096,0.8494864106178284,0.6970932483673096,0.7050136923789978,0.3795277178287506
1097,0.8552885055541992,0.6964107155799866,0.7061529159545898,0.37939104437828064
1098,0.8669812083244324,0.6964171528816223,0.6905734539031982,0.381253719329834
1099,0.8368628025054932,0.7001113891601562,0.6924671530723572,0.3812043070793152
1100,0.8647029399871826,0.6985476613044739,0.6959262490272522,0.3802979588508606
1101,0.8697216510772705,0.6978241801261902,0.6707431674003601,0.3802178204059601
1102,0.8853240609169006,0.6969656944274902,0.6779271364212036,0.38092002272605896
1103,0.8507119417190552,0.6963410973548889,0.6951094269752502,0.38038504123687744
1104,0.8588618040084839,0.6979629397392273,0.6890016198158264,0.3801083266735077
1105,0.8317742943763733,0.6967024803161621,0.7081459164619446,0.3794795274734497
1106,0.8702341914176941,0.6934969425201416,0.6726471781730652,0.379285603761673
1107,0.8658271431922913,0.690310537815094,0.674356997013092,0.3791130781173706
1108,0.8899809718132019,0.6933877468109131,0.6620025038719177,0.37828630208969116
1109,0.8483348488807678,0.6945960521697998,0.6978940963745117,0.3773724138736725
1110,0.9194086790084839,0.6923695206642151,0.6661999821662903,0.37947192788124084
1111,0.9019482135772705,0.6943424940109253,0.6438044309616089,0.37810254096984863
1112,0.880113959312439,0.6938464045524597,0.6872207522392273,0.37918561697006226
1113,0.8535559177398682,0.6940107345581055,0.6816725730895996,0.3791077136993408
1114,0.8731808066368103,0.6961687803268433,0.6702788472175598,0.37875086069107056
1115,0.8409897089004517,0.6942461133003235,0.684539258480072,0.3782549500465393
1116,0.8561616539955139,0.6938082575798035,0.6670181155204773,0.37853601574897766
1117,0.8624207973480225,0.6939269304275513,0.6845950484275818,0.37927812337875366
1118,0.8527018427848816,0.6935539245605469,0.6799880862236023,0.37908443808555603
1119,0.8693989515304565,0.6925563216209412,0.6847006678581238,0.3801712095737457
1120,0.8557925224304199,0.6948819160461426,0.7064264416694641,0.37938380241394043
1121,0.8273218870162964,0.7001137733459473,0.7030441164970398,0.37933942675590515
1122,0.8743136525154114,0.6985558867454529,0.6863341927528381,0.3775252103805542
1123,0.8567112684249878,0.6934782862663269,0.6754783987998962,0.3790464401245117
1124,0.8915863037109375,0.6938693523406982,0.6765877604484558,0.37810951471328735
1125,0.8778041005134583,0.6987855434417725,0.6921918988227844,0.37777504324913025
1126,0.8736268877983093,0.6975435614585876,0.6814254522323608,0.37804871797561646
1127,0.8935419917106628,0.6981415748596191,0.6807063221931458,0.37827929854393005
1128,0.8463395237922668,0.6976016759872437,0.6829687356948853,0.37699541449546814
1129,0.8665887117385864,0.696203887462616,0.689054548740387,0.37795811891555786
1130,0.8819935917854309,0.6957317590713501,0.6760029196739197,0.3786192834377289
1131,0.8595289587974548,0.6967580914497375,0.6891589760780334,0.3792998194694519
1132,0.8699102401733398,0.6970129013061523,0.6868069767951965,0.37882503867149353
1133,0.870570719242096,0.694665789604187,0.6396744847297668,0.3784005045890808
1134,0.8656927347183228,0.6949324011802673,0.6836020350456238,0.37891829013824463
1135,0.8823381066322327,0.6940056085586548,0.682001531124115,0.37951380014419556
1136,0.860885500907898,0.6965931057929993,0.6924813985824585,0.3791247010231018
1137,0.8389671444892883,0.6953409910202026,0.7074170112609863,0.3798721432685852
1138,0.8639124631881714,0.6952067613601685,0.684920072555542,0.37834057211875916
1139,0.8653454184532166,0.696374237537384,0.6799084544181824,0.3766864240169525
1140,0.882747232913971,0.6968522667884827,0.6726477742195129,0.37631136178970337
1141,0.8808117508888245,0.6966145038604736,0.6828669309616089,0.37689197063446045
1142,0.8950178623199463,0.6968325972557068,0.6662803888320923,0.3771377503871918
1143,0.8705188035964966,0.6948423981666565,0.6849226355552673,0.37972646951675415
1144,0.8509184122085571,0.6952930092811584,0.6900224685668945,0.37874409556388855
1145,0.8463913202285767,0.6932083964347839,0.6903996467590332,0.37875643372535706
1146,0.8872514367103577,0.696039080619812,0.6644850373268127,0.3784116506576538
1147,0.8326269388198853,0.6955357789993286,0.708055317401886,0.3787488043308258
1148,0.8369798064231873,0.6943234801292419,0.7011285424232483,0.376874715089798
1149,0.8360821604728699,0.6946960687637329,0.685612142086029,0.3768567442893982
1150,0.8524817228317261,0.6949030160903931,0.6858059167861938,0.3766166865825653
1151,0.8665280342102051,0.6984722018241882,0.6725890040397644,0.37610262632369995
1152,0.8573733568191528,0.7005274295806885,0.669243335723877,0.3752792477607727
1153,0.8791354298591614,0.6979863047599792,0.6950987577438354,0.37673577666282654
1154,0.901715874671936,0.6932191252708435,0.6674689054489136,0.3769196569919586
1155,0.8592355251312256,0.6964228749275208,0.7103749513626099,0.3766726851463318
1156,0.848972737789154,0.6946374177932739,0.679728627204895,0.3769570291042328
1157,0.8565460443496704,0.6974345445632935,0.6900414824485779,0.37774407863616943
1158,0.8412787318229675,0.6974742412567139,0.7014827728271484,0.37694188952445984
1159,0.8173066973686218,0.6994816660881042,0.7103155255317688,0.3778176009654999
1160,0.8613081574440002,0.6979840397834778,0.6757948398590088,0.3790372908115387
1161,0.8813818693161011,0.6965754628181458,0.6836361289024353,0.37855395674705505
1162,0.8272017240524292,0.6973828673362732,0.6878929734230042,0.3802257478237152
1163,0.8442224264144897,0.6969717741012573,0.6782124042510986,0.3792283833026886
1164,0.8918899297714233,0.6969485878944397,0.661325991153717,0.37938404083251953
1165,0.8426139950752258,0.695746123790741,0.7141785621643066,0.37884241342544556
1166,0.8473849892616272,0.6964027285575867,0.6847841739654541,0.38015443086624146
1167,0.8454157710075378,0.6960315108299255,0.6994348168373108,0.37978726625442505
1168,0.8769647479057312,0.698165237903595,0.6906150579452515,0.3797818422317505
1169,0.8866134881973267,0.6982892155647278,0.6766573190689087,0.3808306157588959
1170,0.8744736909866333,0.6993412971496582,0.6851763725280762,0.3815983533859253
1171,0.8879318237304688,0.6973257064819336,0.6895579099655151,0.38199272751808167
1172,0.8520094752311707,0.6982882618904114,0.6775866150856018,0.38111865520477295
1173,0.8488319516181946,0.6967955827713013,0.6833500266075134,0.3804982006549835
1174,0.843243420124054,0.6974889039993286,0.7010886073112488,0.37883609533309937
1175,0.8140808343887329,0.6990193128585815,0.7113733887672424,0.378917396068573
1176,0.8703864812850952,0.696282148361206,0.6804038882255554,0.3796308636665344
1177,0.8764325380325317,0.6990817189216614,0.6828881502151489,0.3796234726905823
1178,0.8746849298477173,0.6947292685508728,0.6848575472831726,0.3801848292350769
1179,0.8925808668136597,0.6952813267707825,0.6574582457542419,0.378787100315094
1180,0.8692458868026733,0.6940128207206726,0.675925612449646,0.37990325689315796
1181,0.8303146362304688,0.694858729839325,0.6894670724868774,0.38035231828689575
1182,0.8556798100471497,0.6950922608375549,0.6703552007675171,0.3799723982810974
1183,0.8820404410362244,0.6958879232406616,0.664907693862915,0.3805258572101593
1184,0.8599119186401367,0.6907312273979187,0.6696437001228333,0.3812766373157501
1185,0.8803539872169495,0.6941982507705688,0.6901794075965881,0.3805704712867737
1186,0.856979250907898,0.6967840194702148,0.6924285888671875,0.3793715834617615
1187,0.884816586971283,0.6994782090187073,0.675339937210083,0.38014575839042664
1188,0.83404541015625,0.6944611072540283,0.6709660291671753,0.38175299763679504
1189,0.8487215042114258,0.6940208673477173,0.685477614402771,0.3809221684932709
1190,0.873952329158783,0.696094274520874,0.6657983064651489,0.3828289806842804
1191,0.8264265060424805,0.6941183805465698,0.6915705800056458,0.38343679904937744
1192,0.8544138669967651,0.692797064781189,0.6958520412445068,0.38309141993522644
1193,0.8570491075515747,0.6934488415718079,0.6641279458999634,0.3823419213294983
1194,0.8513321280479431,0.690556526184082,0.6889731287956238,0.3818405866622925
1195,0.8457493782043457,0.6894322037696838,0.6680672764778137,0.3809721767902374
1196,0.8640183806419373,0.6933252215385437,0.6929357051849365,0.3809090554714203
1197,0.8505494594573975,0.6941851377487183,0.7046915888786316,0.37957388162612915
1198,0.8333589434623718,0.6931673288345337,0.6794896125793457,0.3791219890117645
1199,0.8676007390022278,0.695483386516571,0.66175377368927,0.3783445656299591
1200,0.8682208061218262,0.6955615282058716,0.7243529558181763,0.3779013156890869
1201,0.8326060175895691,0.6977124214172363,0.6842658519744873,0.3771723210811615
1202,0.8953148126602173,0.6980538964271545,0.6815560460090637,0.3780452013015747
1203,0.8308750987052917,0.6970434784889221,0.7013735771179199,0.37620338797569275
1204,0.8544391989707947,0.6970178484916687,0.6778227090835571,0.37447884678840637
1205,0.8552973866462708,0.6990945339202881,0.6942241787910461,0.3734491169452667
1206,0.8881619572639465,0.69683438539505,0.6709434986114502,0.37303945422172546
1207,0.8432563543319702,0.6977421045303345,0.692497968673706,0.37117379903793335
1208,0.8636660575866699,0.6983057260513306,0.6844348907470703,0.3726935088634491
1209,0.8848857283592224,0.6987529397010803,0.6862965226173401,0.3769683539867401
1210,0.8646966814994812,0.699085533618927,0.6971935033798218,0.37790557742118835
1211,0.8465831279754639,0.7008153796195984,0.695009171962738,0.37837836146354675
1212,0.8668104410171509,0.6989527940750122,0.6816525459289551,0.37779808044433594
1213,0.8518959283828735,0.6979226469993591,0.693336009979248,0.37838467955589294
1214,0.8508729338645935,0.6974591612815857,0.6889718770980835,0.3787217140197754
1215,0.8331891298294067,0.6934439539909363,0.6779839396476746,0.37764647603034973
1216,0.8487704396247864,0.6967624425888062,0.6830775141716003,0.37717148661613464
1217,0.8649603724479675,0.695026695728302,0.6822889447212219,0.3777478039264679
1218,0.8323370218276978,0.6963176131248474,0.7065418362617493,0.37786561250686646
1219,0.8473778963088989,0.6954816579818726,0.6992278695106506,0.3785785436630249
1220,0.8648421168327332,0.6971802711486816,0.6931766867637634,0.3790009319782257
1221,0.8239221572875977,0.6972896456718445,0.7166023254394531,0.3773236572742462
1222,0.8649405241012573,0.6986401081085205,0.6677228212356567,0.3774043619632721
1223,0.8690962195396423,0.6988850235939026,0.6981505155563354,0.377571702003479
1224,0.862585723400116,0.6963035464286804,0.6729795932769775,0.3788455128669739
1225,0.8291493058204651,0.6939718723297119,0.6995303630828857,0.37901103496551514
1226,0.8437703251838684,0.6961103677749634,0.6951048374176025,0.3789932429790497
1227,0.8582026958465576,0.6914472579956055,0.683103621006012,0.37949755787849426
1228,0.8453675508499146,0.6904872059822083,0.684056282043457,0.37871623039245605
1229,0.8496342301368713,0.6930823922157288,0.691257655620575,0.3780064284801483
1230,0.8623919486999512,0.6952434778213501,0.6979852914810181,0.37747377157211304
1231,0.8825777769088745,0.6955917477607727,0.6432373523712158,0.3770410120487213
1232,0.8948924541473389,0.6944308876991272,0.6469141840934753,0.37606269121170044
1233,0.8431370854377747,0.692562997341156,0.6954097151756287,0.37674209475517273
1234,0.8824449181556702,0.6962670683860779,0.7084844708442688,0.37532898783683777
1235,0.8651183843612671,0.6991941928863525,0.6793445944786072,0.37538835406303406
1236,0.8729010224342346,0.6970020532608032,0.691647469997406,0.3767029643058777
1237,0.8676317930221558,0.6983257532119751,0.6766600012779236,0.37668925523757935
1238,0.8538119196891785,0.7006672620773315,0.70872962474823,0.3776929974555969
1239,0.8304373025894165,0.697309136390686,0.7033945322036743,0.37799397110939026
1240,0.86543869972229,0.6983833909034729,0.6865598559379578,0.37793076038360596
1241,0.8852491974830627,0.6973265409469604,0.6718090176582336,0.3772912323474884
1242,0.853691577911377,0.6973339915275574,0.7091725468635559,0.37679654359817505
1243,0.83072429895401,0.696088433265686,0.7235488891601562,0.37714889645576477
1244,0.8448563814163208,0.6929447054862976,0.6835860013961792,0.37750762701034546
1245,0.8283402919769287,0.6940637230873108,0.6949058175086975,0.377579927444458
1246,0.868263840675354,0.6952819228172302,0.6764495968818665,0.3769601881504059
1247,0.8768975734710693,0.6932925581932068,0.6721850037574768,0.37627843022346497
1248,0.8480397462844849,0.6952489018440247,0.707665741443634,0.376104474067688
1249,0.8490986824035645,0.6939953565597534,0.6826881766319275,0.3757968842983246
1250,0.856016993522644,0.6947941184043884,0.6992970108985901,0.37396275997161865
1251,0.8310766816139221,0.6966132521629333,0.6917845010757446,0.3755989074707031
1252,0.8392114043235779,0.6960036754608154,0.6901470422744751,0.37714701890945435
1253,0.8677529692649841,0.6912959218025208,0.6541558504104614,0.3778854012489319
1254,0.8562299013137817,0.6927778124809265,0.6858132481575012,0.3779119849205017
1255,0.8684843182563782,0.6939526200294495,0.6873955726623535,0.3785998821258545
1256,0.8663357496261597,0.696783721446991,0.6828033328056335,0.3778970539569855
1257,0.8800199627876282,0.6954858303070068,0.6865071654319763,0.37809082865715027
1258,0.8506259322166443,0.6956906318664551,0.6945973634719849,0.37707287073135376
1259,0.8461665511131287,0.691155195236206,0.6650242209434509,0.3779810667037964
1260,0.8480503559112549,0.6908365488052368,0.6844712495803833,0.3783186972141266
1261,0.8753098845481873,0.6892403960227966,0.6792882680892944,0.3787897527217865
1262,0.8623688817024231,0.6893588304519653,0.6697857975959778,0.377811998128891
1263,0.8680358529090881,0.691029965877533,0.6656071543693542,0.37901899218559265
1264,0.8596533536911011,0.6922203898429871,0.7022628784179688,0.37776315212249756
1265,0.8477802872657776,0.692848801612854,0.6984284520149231,0.3784306049346924
1266,0.8716652989387512,0.6959162950515747,0.7018076777458191,0.37840887904167175
1267,0.8280287384986877,0.695732593536377,0.7081839442253113,0.3783973157405853
1268,0.8471267819404602,0.694338321685791,0.6959038972854614,0.3782130181789398
1269,0.8415370583534241,0.6959297060966492,0.7252503037452698,0.37779107689857483
1270,0.8754391074180603,0.692699134349823,0.6804443001747131,0.37969809770584106
1271,0.8750434517860413,0.6921454668045044,0.6944416165351868,0.3810684084892273
1272,0.8515954613685608,0.6948295831680298,0.7022086977958679,0.3822513818740845
1273,0.8441258072853088,0.6951270699501038,0.6969009637832642,0.38067635893821716
1274,0.8444668650627136,0.6899765133857727,0.6911460161209106,0.38097578287124634
1275,0.8136188983917236,0.6919304132461548,0.70792555809021,0.3812383711338043
1276,0.8513292074203491,0.6913371086120605,0.6934252977371216,0.38088807463645935
1277,0.8604945540428162,0.6918300986289978,0.6926870942115784,0.38140806555747986
1278,0.8546530604362488,0.6934323310852051,0.6710449457168579,0.3811129331588745
1279,0.8382614254951477,0.6929688453674316,0.6969400644302368,0.38064149022102356
1280,0.8331567645072937,0.6925825476646423,0.6928761601448059,0.3791816830635071
1281,0.8707371950149536,0.6942874193191528,0.6754891872406006,0.379055380821228
1282,0.8477305173873901,0.6941169500350952,0.7002559304237366,0.3794955015182495
1283,0.8506819009780884,0.6953602433204651,0.6654222011566162,0.3792913556098938
1284,0.8281766176223755,0.6961296200752258,0.6855128407478333,0.38006120920181274
1285,0.8710755705833435,0.6943443417549133,0.6802526116371155,0.378905713558197
1286,0.8566195964813232,0.6946743726730347,0.7057787775993347,0.3789815306663513
1287,0.8856567740440369,0.6965007185935974,0.6765159964561462,0.3779429495334625
1288,0.8308747410774231,0.6916661262512207,0.6911947131156921,0.3798729181289673
1289,0.8800349235534668,0.6938760280609131,0.68609619140625,0.3811117708683014
1290,0.8736276030540466,0.6928402185440063,0.6924804449081421,0.37979617714881897
1291,0.8710287809371948,0.6914045810699463,0.6745486855506897,0.3785439431667328
1292,0.8767769932746887,0.6939384937286377,0.6811051964759827,0.3781728744506836
1293,0.8506191968917847,0.6918640732765198,0.6807223558425903,0.3787165582180023
1294,0.8555827736854553,0.6960742473602295,0.6779243350028992,0.37828460335731506
1295,0.8482397794723511,0.6944050788879395,0.6824545860290527,0.3784313499927521
1296,0.8294390439987183,0.6966504454612732,0.7170830965042114,0.37773680686950684
1297,0.8319163918495178,0.6934520602226257,0.6874682903289795,0.3785627484321594
1298,0.8429179191589355,0.6953743100166321,0.6866516470909119,0.3789290487766266
1299,0.8522670269012451,0.6940261721611023,0.7026076912879944,0.3776637613773346
1300,0.8342390060424805,0.6940504312515259,0.710625946521759,0.37677404284477234
1301,0.8530915379524231,0.6926098465919495,0.6793026328086853,0.37827685475349426
1302,0.8577491641044617,0.6944957375526428,0.6799976229667664,0.3783031702041626
1303,0.8637343049049377,0.693903386592865,0.6773715615272522,0.3770553469657898
1304,0.8367508053779602,0.6934481263160706,0.6898587942123413,0.37707948684692383
1305,0.8668971657752991,0.6908603310585022,0.6608273983001709,0.37894970178604126
1306,0.8297191262245178,0.6931155323982239,0.7010630369186401,0.3779737055301666
1307,0.8651329278945923,0.6925350427627563,0.6843770742416382,0.37725645303726196
1308,0.9034683108329773,0.6912166476249695,0.6850681304931641,0.37812668085098267
1309,0.8602072596549988,0.6889842748641968,0.6832844614982605,0.37702032923698425
1310,0.8228430151939392,0.6933822631835938,0.7116370797157288,0.3758750855922699
1311,0.8530906438827515,0.6955506801605225,0.6872316598892212,0.3759055733680725
1312,0.8521819710731506,0.696523129940033,0.7097944021224976,0.37559300661087036
1313,0.8312893509864807,0.6956807374954224,0.7082052230834961,0.37677356600761414
1314,0.8409960865974426,0.6948798894882202,0.6974701285362244,0.375254362821579
1315,0.8682214617729187,0.696135401725769,0.6892105937004089,0.37465187907218933
1316,0.8419110178947449,0.6958481073379517,0.6652041673660278,0.37427404522895813
1317,0.8760513067245483,0.6970136165618896,0.6705715656280518,0.37434157729148865
1318,0.8244604468345642,0.6938310861587524,0.7123309373855591,0.37671250104904175
1319,0.872742772102356,0.6933794617652893,0.6829662919044495,0.378528356552124
1320,0.8530060052871704,0.6943253874778748,0.690146267414093,0.37839314341545105
1321,0.8648553490638733,0.696455180644989,0.7021425366401672,0.377439945936203
1322,0.8165480494499207,0.6923806667327881,0.7353898286819458,0.3786294162273407
1323,0.8535634279251099,0.6928515434265137,0.6909257173538208,0.37803465127944946
1324,0.854080080986023,0.6925070881843567,0.6855846047401428,0.3790009915828705
1325,0.8377403616905212,0.6935104727745056,0.6962454915046692,0.37802502512931824
1326,0.7959277033805847,0.6920632719993591,0.716252863407135,0.3783392012119293
1327,0.8469389081001282,0.6888731718063354,0.6791402101516724,0.3790913224220276
1328,0.8643534779548645,0.6881701350212097,0.6815577745437622,0.3796958029270172
1329,0.8424639701843262,0.6926335096359253,0.7033624649047852,0.37901008129119873
1330,0.8433984518051147,0.6940079927444458,0.6762445569038391,0.3778223395347595
1331,0.8278734087944031,0.6945987939834595,0.7070454955101013,0.3781101703643799
1332,0.8465412855148315,0.6954231262207031,0.6871053576469421,0.37823253870010376
1333,0.8629228472709656,0.6920149922370911,0.6777075529098511,0.3782888650894165
1334,0.8594982624053955,0.6957454085350037,0.6960545778274536,0.37875694036483765
1335,0.8211289644241333,0.6967306137084961,0.7160531878471375,0.3796443045139313
1336,0.862265944480896,0.6928878426551819,0.6849595308303833,0.37914329767227173
1337,0.8211551308631897,0.6909834742546082,0.6985388398170471,0.37924763560295105
1338,0.8866860866546631,0.6924286484718323,0.6537527441978455,0.37974420189857483
1339,0.8660998344421387,0.6926594376564026,0.6625117659568787,0.37932318449020386
1340,0.8214278817176819,0.6929959058761597,0.7178260087966919,0.3796142041683197
1341,0.832830548286438,0.6931999325752258,0.7164393067359924,0.3793140649795532
1342,0.8401762247085571,0.6944084763526917,0.7026655673980713,0.37919145822525024
1343,0.8235324025154114,0.6978142261505127,0.7156471610069275,0.37950974702835083
1344,0.8226588368415833,0.696600615978241,0.700116753578186,0.3795078694820404
1345,0.8690998554229736,0.6953036189079285,0.6940646171569824,0.38057100772857666
1346,0.8092024326324463,0.6938492059707642,0.6779988408088684,0.38135021924972534
1347,0.8314706087112427,0.6928656697273254,0.7051143646240234,0.381579726934433
1348,0.828313410282135,0.6930500268936157,0.7063769102096558,0.3811948597431183
1349,0.856257438659668,0.6896400451660156,0.6929877400398254,0.38145533204078674
1350,0.8272405862808228,0.6911109089851379,0.68504798412323,0.3798404633998871
1351,0.8583025932312012,0.6921249628067017,0.6841035485267639,0.38166582584381104
1352,0.8687334060668945,0.6953542828559875,0.6921179890632629,0.38119232654571533
1353,0.8834608793258667,0.6935798525810242,0.6916348338127136,0.3823390007019043
1354,0.8460736274719238,0.6936849355697632,0.695319414138794,0.3816160261631012
1355,0.8024617433547974,0.6951175332069397,0.702416718006134,0.38045036792755127
1356,0.8294221758842468,0.6946166753768921,0.6905097961425781,0.3806048631668091
1357,0.8335139155387878,0.699029803276062,0.6904568076133728,0.3783581554889679
1358,0.8240847587585449,0.6934589743614197,0.6992167234420776,0.3791152238845825
1359,0.8126214742660522,0.6969617009162903,0.7122748494148254,0.3790834844112396
1360,0.828312873840332,0.6933826208114624,0.7106220126152039,0.3804543912410736
1361,0.8297504782676697,0.6911298036575317,0.7078872323036194,0.38098472356796265
1362,0.8424772620201111,0.6919481158256531,0.6884822845458984,0.3804103434085846
1363,0.8703739643096924,0.693737268447876,0.6874404549598694,0.38055694103240967
1364,0.8304309248924255,0.691624641418457,0.7081076502799988,0.38200661540031433
1365,0.8690649271011353,0.6926200985908508,0.6496745347976685,0.38224369287490845
1366,0.8229510188102722,0.6903766989707947,0.695074737071991,0.38042885065078735
1367,0.8703070282936096,0.6910901665687561,0.6690342426300049,0.3800530433654785
1368,0.8370661735534668,0.6939647197723389,0.6922658085823059,0.38017183542251587
1369,0.8518563508987427,0.6929659843444824,0.6924678087234497,0.38023868203163147
1370,0.8142761588096619,0.6933544874191284,0.7143898010253906,0.3816675543785095
1371,0.8506849408149719,0.6937437653541565,0.6711615324020386,0.3816680610179901
1372,0.8590273857116699,0.6950474977493286,0.6671939492225647,0.3802918493747711
1373,0.858552873134613,0.6941993236541748,0.6542965173721313,0.3795018792152405
1374,0.8528053164482117,0.6970012187957764,0.6791999936103821,0.37893810868263245
1375,0.8403233289718628,0.6961894035339355,0.7045977711677551,0.3793799877166748
1376,0.8727203011512756,0.6976488828659058,0.6944581270217896,0.3794584274291992
1377,0.821589469909668,0.6920033097267151,0.6879450678825378,0.38126644492149353
1378,0.8714644312858582,0.6943285465240479,0.6857115626335144,0.37920117378234863
1379,0.8497540354728699,0.6926038861274719,0.708724319934845,0.38022127747535706
1380,0.8432626128196716,0.6950373649597168,0.6859866380691528,0.37994056940078735
1381,0.8459477424621582,0.6917524337768555,0.7038323879241943,0.3794389069080353
1382,0.838557243347168,0.6894007921218872,0.7195382118225098,0.3794972896575928
1383,0.8475561738014221,0.6918621063232422,0.6933515667915344,0.3788435459136963
1384,0.7843170762062073,0.6942365169525146,0.7291602492332458,0.37851187586784363
1385,0.8089247345924377,0.6901032328605652,0.7259501814842224,0.3791600167751312
1386,0.8411245346069336,0.691958487033844,0.7074171900749207,0.38006171584129333
1387,0.8368902802467346,0.6934207081794739,0.709801197052002,0.3800852596759796
1388,0.8389664888381958,0.6947982311248779,0.7146690487861633,0.3795135021209717
1389,0.8596267700195312,0.6921532154083252,0.7038071751594543,0.3796069324016571
1390,0.8291319608688354,0.6930018663406372,0.7033924460411072,0.3786063492298126
1391,0.8456093072891235,0.6960430145263672,0.7068579196929932,0.37828564643859863
1392,0.817068874835968,0.694335401058197,0.6919546127319336,0.37746700644493103
1393,0.8569419980049133,0.6920691728591919,0.6880148649215698,0.3771273195743561
1394,0.8276533484458923,0.6911270022392273,0.7084078788757324,0.3779515326023102
1395,0.8298396468162537,0.6912425756454468,0.7023782730102539,0.37853699922561646
1396,0.8444798588752747,0.6900081634521484,0.6595240831375122,0.37912672758102417
1397,0.8337727189064026,0.6919129490852356,0.7211629152297974,0.37885352969169617
1398,0.8140636086463928,0.6913426518440247,0.6938462853431702,0.37913861870765686
1399,0.8553904294967651,0.6925199031829834,0.688447117805481,0.37909042835235596
1400,0.8283886909484863,0.6936267018318176,0.7063519358634949,0.37812551856040955
1401,0.7943562269210815,0.6909219026565552,0.737605631351471,0.3798290193080902
1402,0.8457101583480835,0.6934636831283569,0.6733683347702026,0.37953513860702515
1403,0.8498886227607727,0.6936896443367004,0.6767124533653259,0.3785077929496765
1404,0.8296197652816772,0.6920058727264404,0.7077921628952026,0.37947994470596313
1405,0.8202478289604187,0.6937006711959839,0.7107983231544495,0.3799416422843933
1406,0.845425546169281,0.6945410966873169,0.6882944703102112,0.3787677586078644
1407,0.8434045314788818,0.6960287094116211,0.7202016711235046,0.37833309173583984
1408,0.8497006297111511,0.6945401430130005,0.6952286958694458,0.38020026683807373
1409,0.8530074954032898,0.691496729850769,0.685461699962616,0.37958866357803345
1410,0.84096360206604,0.6944824457168579,0.6803741455078125,0.37911078333854675
1411,0.851360023021698,0.693669855594635,0.6985423564910889,0.3785986304283142
1412,0.826580822467804,0.6961824297904968,0.7045666575431824,0.37925681471824646
1413,0.827585756778717,0.6953173279762268,0.7172231674194336,0.3795013427734375
1414,0.8455396890640259,0.6936917901039124,0.6915266513824463,0.3794988691806793
1415,0.7900671362876892,0.6930058002471924,0.7197484970092773,0.3784557580947876
1416,0.8364855647087097,0.6964769959449768,0.7249146699905396,0.37726885080337524
1417,0.8274281620979309,0.6949493885040283,0.6944526433944702,0.3775499165058136
1418,0.8215847611427307,0.694037139415741,0.6980515718460083,0.37735608220100403
1419,0.8482516407966614,0.6936180591583252,0.7105098962783813,0.37805110216140747
1420,0.8232162594795227,0.6916791796684265,0.7006515264511108,0.3778631389141083
1421,0.8158517479896545,0.6946770548820496,0.7100592255592346,0.3777502179145813
1422,0.834379255771637,0.6939501166343689,0.7102664113044739,0.378121942281723
1423,0.8025707602500916,0.6939937472343445,0.6994255185127258,0.3776009976863861
1424,0.8809430003166199,0.6906757950782776,0.6941360831260681,0.378131240606308
1425,0.8446850776672363,0.6951375603675842,0.6791819334030151,0.3770008087158203
1426,0.8360861539840698,0.6908218860626221,0.7062243223190308,0.37728190422058105
1427,0.8604257106781006,0.6901949048042297,0.6738965511322021,0.378051221370697
1428,0.8182807564735413,0.6928809881210327,0.7128934264183044,0.3779241442680359
