epoch,train_loss,val_loss,train_pcc,val_pcc
1,1.7633798122406006,0.6737086176872253,0.006661814171820879,-0.03576355427503586
2,1.5605789422988892,0.7111338973045349,-0.0011291903210803866,0.032326839864254
3,1.548653244972229,0.7728821635246277,0.031342484056949615,0.11515768617391586
4,1.5227563381195068,0.8077385425567627,0.07191704958677292,0.17070485651493073
5,1.5230497121810913,0.7903284430503845,0.0466650128364563,0.2064231038093567
6,1.5198789834976196,0.796991229057312,0.008934118784964085,0.2193414568901062
7,1.531191110610962,0.8148787021636963,0.05581899732351303,0.22711427509784698
8,1.560655951499939,0.8078082799911499,0.07722198963165283,0.23740847408771515
9,1.5498859882354736,0.8086965680122375,0.06584445387125015,0.23589017987251282
10,1.5292545557022095,0.7965870499610901,0.12185358256101608,0.2383202314376831
11,1.5059999227523804,0.8145747184753418,0.11886952817440033,0.23941625654697418
12,1.5422760248184204,0.7913234829902649,0.1348285973072052,0.2398330271244049
13,1.528637409210205,0.7985314130783081,0.1361706703901291,0.2381376326084137
14,1.5215502977371216,0.7918838262557983,0.16841891407966614,0.23725421726703644
15,1.519115686416626,0.8084496855735779,0.23722445964813232,0.23989373445510864
16,1.5005724430084229,0.8118511438369751,0.20878906548023224,0.24281850457191467
17,1.5132230520248413,0.7828928232192993,0.23528197407722473,0.24122047424316406
18,1.5187355279922485,0.7850041389465332,0.22143101692199707,0.2407234162092209
19,1.5303276777267456,0.7971005439758301,0.2798449695110321,0.23963817954063416
20,1.49623703956604,0.8167076110839844,0.2707454562187195,0.2431066334247589
21,1.5000416040420532,0.7869734764099121,0.3003947138786316,0.24338437616825104
22,1.4676638841629028,0.7946065068244934,0.3061610162258148,0.24353376030921936
23,1.4718965291976929,0.7842129468917847,0.3252583146095276,0.2463342696428299
24,1.4715005159378052,0.8082759976387024,0.33151084184646606,0.24591876566410065
25,1.453259825706482,0.7926374673843384,0.36176806688308716,0.24633873999118805
26,1.4725295305252075,0.8008718490600586,0.3155818581581116,0.24919073283672333
27,1.4477084875106812,0.8142632246017456,0.3462449014186859,0.25106045603752136
28,1.4460697174072266,0.8222876787185669,0.3618776500225067,0.2528071701526642
29,1.4383773803710938,0.8183439373970032,0.3594358265399933,0.2541169226169586
30,1.4016364812850952,0.8299252986907959,0.35357046127319336,0.2578643560409546
31,1.4232507944107056,0.8736302256584167,0.3649878203868866,0.25978711247444153
32,1.4325861930847168,0.8622727990150452,0.36455050110816956,0.26339367032051086
33,1.4247088432312012,0.8710001707077026,0.3625660836696625,0.2664850354194641
34,1.4051553010940552,0.8789232969284058,0.37916097044944763,0.2694544196128845
35,1.4302269220352173,0.8582516312599182,0.376973956823349,0.2719373106956482
36,1.427662968635559,0.8379366993904114,0.35888123512268066,0.2754227817058563
37,1.4225475788116455,0.8831468820571899,0.381394624710083,0.277539998292923
38,1.4350794553756714,0.8798678517341614,0.38645416498184204,0.2805929183959961
39,1.355535864830017,0.8414677977561951,0.39935094118118286,0.28381460905075073
40,1.403151035308838,0.8864476680755615,0.3755844831466675,0.28427112102508545
41,1.4279593229293823,0.8630787134170532,0.39281824231147766,0.2872794270515442
42,1.3620871305465698,0.8796254992485046,0.3857429325580597,0.28694120049476624
43,1.4250460863113403,0.8664577603340149,0.40892499685287476,0.2892412841320038
44,1.386798620223999,0.8757479786872864,0.3812485933303833,0.29013052582740784
45,1.3959852457046509,0.8362274765968323,0.38000741600990295,0.2939262092113495
46,1.3857617378234863,0.8959140181541443,0.41022607684135437,0.29470327496528625
47,1.3742188215255737,0.8930365443229675,0.41960805654525757,0.2971271872520447
48,1.3978999853134155,0.8608412146568298,0.4165398180484772,0.3001212775707245
49,1.3334611654281616,0.864791750907898,0.42349427938461304,0.3021073639392853
50,1.4105318784713745,0.868078887462616,0.4122714400291443,0.30375292897224426
51,1.3586382865905762,0.8683795928955078,0.4202343821525574,0.30571886897087097
52,1.4018272161483765,0.8844935297966003,0.4215236008167267,0.30747362971305847
53,1.382720947265625,0.9107016324996948,0.4180213212966919,0.30943170189857483
54,1.388908863067627,0.8704951405525208,0.3989362120628357,0.3115555942058563
55,1.388256549835205,0.8618358373641968,0.3839411735534668,0.3140368163585663
56,1.3811044692993164,0.8827108144760132,0.41252756118774414,0.31524133682250977
57,1.3570713996887207,0.8853055834770203,0.4221736192703247,0.316913902759552
58,1.354892373085022,0.8742515444755554,0.40809035301208496,0.31869587302207947
59,1.3378026485443115,0.8698025345802307,0.433584064245224,0.32067379355430603
60,1.3642915487289429,0.8844441175460815,0.43154364824295044,0.3210926353931427
61,1.3713152408599854,0.8891432285308838,0.40360593795776367,0.3228570222854614
62,1.3843125104904175,0.8858793377876282,0.4062975347042084,0.3250913918018341
63,1.378924012184143,0.8810814023017883,0.409623384475708,0.3261425793170929
64,1.381131649017334,0.8986430168151855,0.40956011414527893,0.3276056945323944
65,1.3887217044830322,0.8921214938163757,0.4025481641292572,0.32843226194381714
66,1.3667107820510864,0.9039488434791565,0.40758222341537476,0.32894885540008545
67,1.370295524597168,0.8680146336555481,0.38787388801574707,0.3311963677406311
68,1.3638370037078857,0.8734903335571289,0.39765143394470215,0.332136869430542
69,1.3816421031951904,0.9016358256340027,0.39373934268951416,0.3333682417869568
70,1.354742407798767,0.8891051411628723,0.4165506958961487,0.3335704505443573
71,1.3632057905197144,0.8701766729354858,0.42946815490722656,0.33466073870658875
72,1.3883119821548462,0.8925708532333374,0.46393051743507385,0.3362274467945099
73,1.3604543209075928,0.8979089260101318,0.4125499129295349,0.33647868037223816
74,1.3794792890548706,0.8710116147994995,0.4217846095561981,0.33866533637046814
75,1.3477634191513062,0.9214958548545837,0.40681588649749756,0.338834285736084
76,1.3481045961380005,0.8672714233398438,0.41569212079048157,0.34039825201034546
77,1.3662689924240112,0.8842658400535583,0.4126247465610504,0.3411997854709625
78,1.348934292793274,0.891301691532135,0.42647817730903625,0.34232035279273987
79,1.3615505695343018,0.9215978384017944,0.41782477498054504,0.3431108295917511
80,1.3994100093841553,0.8957043886184692,0.4197772443294525,0.34476837515830994
81,1.3782007694244385,0.8786988854408264,0.4162425100803375,0.3469974398612976
82,1.3532532453536987,0.8620980978012085,0.40662723779678345,0.3478527367115021
83,1.3639280796051025,0.8858747482299805,0.42373090982437134,0.34814268350601196
84,1.3419750928878784,0.8963924646377563,0.422913521528244,0.3489983081817627
85,1.3305059671401978,0.8660821914672852,0.4234732687473297,0.3513737618923187
86,1.3428796529769897,0.8845954537391663,0.42801138758659363,0.3526631295681
87,1.3789050579071045,0.8892198801040649,0.40863096714019775,0.3539014160633087
88,1.3724578619003296,0.903990626335144,0.42489179968833923,0.35504865646362305
89,1.332279920578003,0.905354917049408,0.43513059616088867,0.35608339309692383
90,1.3227497339248657,0.8637688159942627,0.40533745288848877,0.3579452931880951
91,1.3563894033432007,0.8989505171775818,0.42139801383018494,0.35776588320732117
92,1.3520872592926025,0.8733057975769043,0.4292348325252533,0.3589196801185608
93,1.336554765701294,0.9014273285865784,0.45302048325538635,0.35975342988967896
94,1.3469094038009644,0.8729899525642395,0.4300687313079834,0.36217230558395386
95,1.3087478876113892,0.8717887997627258,0.4525858163833618,0.3634330630302429
96,1.3625386953353882,0.8680846691131592,0.41501516103744507,0.3639754354953766
97,1.36598539352417,0.8900560140609741,0.4264805018901825,0.36417144536972046
98,1.3327889442443848,0.8946689367294312,0.44454795122146606,0.36487215757369995
99,1.351657509803772,0.8528887629508972,0.4025557041168213,0.3665083944797516
100,1.3247833251953125,0.8575405478477478,0.426653653383255,0.3671281039714813
101,1.3425627946853638,0.8739505410194397,0.44297128915786743,0.3679932653903961
102,1.3651992082595825,0.8660051822662354,0.4206279218196869,0.36925962567329407
103,1.3237218856811523,0.8491151332855225,0.44654417037963867,0.3697773814201355
104,1.356406331062317,0.8766155242919922,0.4278077483177185,0.3699539601802826
105,1.3312214612960815,0.8453490734100342,0.40200090408325195,0.37065815925598145
106,1.3535850048065186,0.8735893368721008,0.4096396267414093,0.3704088032245636
107,1.35624098777771,0.8720870614051819,0.42730048298835754,0.37200137972831726
108,1.316778540611267,0.8697470426559448,0.45929083228111267,0.37317225337028503
109,1.3203383684158325,0.8737345933914185,0.41302451491355896,0.3735677897930145
110,1.3443142175674438,0.8820715546607971,0.4533129036426544,0.37453731894493103
111,1.3335314989089966,0.8719449043273926,0.4202800691127777,0.37590324878692627
112,1.2792147397994995,0.8796911239624023,0.46887528896331787,0.37673792243003845
113,1.364188551902771,0.8538613319396973,0.443684458732605,0.37810078263282776
114,1.3183774948120117,0.8578972220420837,0.4325353801250458,0.37941238284111023
115,1.3595149517059326,0.8396971225738525,0.40920016169548035,0.3802819550037384
116,1.3596768379211426,0.8564870953559875,0.4310537874698639,0.3811314105987549
117,1.3485051393508911,0.8812773823738098,0.4466410279273987,0.381370484828949
118,1.3588018417358398,0.8555342555046082,0.42924484610557556,0.3826768696308136
119,1.3844510316848755,0.8282668590545654,0.4331321120262146,0.38319751620292664
120,1.3471660614013672,0.8354856967926025,0.4318762421607971,0.3833741843700409
121,1.348348617553711,0.860670268535614,0.42950278520584106,0.38351550698280334
122,1.3450075387954712,0.8718925714492798,0.42458397150039673,0.3838447034358978
123,1.3218574523925781,0.8443521857261658,0.4340880513191223,0.384761780500412
124,1.3198167085647583,0.8576706051826477,0.4529288709163666,0.38563695549964905
125,1.3283621072769165,0.8904340267181396,0.44992154836654663,0.3850306272506714
126,1.325806975364685,0.8427213430404663,0.4630509912967682,0.3858928382396698
127,1.3444416522979736,0.8673306703567505,0.4404969811439514,0.3864390552043915
128,1.336359977722168,0.8550133109092712,0.435202419757843,0.38776519894599915
129,1.3361035585403442,0.843316376209259,0.4421958923339844,0.3883126974105835
130,1.3117835521697998,0.842275857925415,0.42897695302963257,0.3889583945274353
131,1.3288180828094482,0.8810861110687256,0.42730653285980225,0.3890763223171234
132,1.3071162700653076,0.8625549077987671,0.4253688156604767,0.39022406935691833
133,1.332105278968811,0.8492191433906555,0.43550294637680054,0.39082854986190796
134,1.336861491203308,0.8779256939888,0.4563690721988678,0.39077621698379517
135,1.3375707864761353,0.8519162535667419,0.4288896322250366,0.3923109769821167
136,1.3249170780181885,0.8660116195678711,0.4370151460170746,0.3922741711139679
137,1.3776578903198242,0.8870659470558167,0.45527854561805725,0.3927207589149475
138,1.3337076902389526,0.8389005661010742,0.4252951741218567,0.3938954472541809
139,1.3301993608474731,0.8542349338531494,0.4253968596458435,0.3936145007610321
140,1.3189798593521118,0.8340730667114258,0.4533608853816986,0.3950321674346924
141,1.3538490533828735,0.8460126519203186,0.4491465091705322,0.3956390917301178
142,1.308356761932373,0.8383138179779053,0.44271528720855713,0.39671462774276733
143,1.3279690742492676,0.850158154964447,0.45200181007385254,0.3973086178302765
144,1.3065904378890991,0.827435314655304,0.437682569026947,0.3983258306980133
145,1.3453338146209717,0.8484199643135071,0.4189794361591339,0.39794525504112244
146,1.3066009283065796,0.832654595375061,0.4509018063545227,0.39817556738853455
147,1.3379230499267578,0.8360094428062439,0.41474008560180664,0.39794662594795227
148,1.3541953563690186,0.8454455733299255,0.432434618473053,0.3993145525455475
149,1.3300683498382568,0.8500919938087463,0.4634898602962494,0.3995909094810486
150,1.367726445198059,0.8771846890449524,0.42773711681365967,0.3993670344352722
151,1.3069428205490112,0.8574590682983398,0.4565107822418213,0.4001150131225586
152,1.294661283493042,0.851223886013031,0.4708535671234131,0.40024450421333313
153,1.3170922994613647,0.8468058705329895,0.45894691348075867,0.4013880491256714
154,1.348164677619934,0.8125278353691101,0.4220185875892639,0.4025129973888397
155,1.3055810928344727,0.8288984894752502,0.45503470301628113,0.40306204557418823
156,1.3184685707092285,0.8717014193534851,0.46865150332450867,0.4024820327758789
157,1.3544299602508545,0.8504447937011719,0.4511752426624298,0.40261781215667725
158,1.3247545957565308,0.8500174880027771,0.419736385345459,0.4031553566455841
159,1.3054766654968262,0.8459657430648804,0.4277227818965912,0.4036301076412201
160,1.3080885410308838,0.8366036415100098,0.43982744216918945,0.4043068289756775
161,1.3285833597183228,0.8478276133537292,0.4430237412452698,0.40456414222717285
162,1.308144450187683,0.8729417324066162,0.4360845983028412,0.4047691822052002
163,1.3078129291534424,0.841224193572998,0.46559205651283264,0.40550893545150757
164,1.3287277221679688,0.8382480144500732,0.45001816749572754,0.4060302674770355
165,1.3063751459121704,0.8434062600135803,0.4474737346172333,0.4063068926334381
166,1.3180011510849,0.8509076237678528,0.43907660245895386,0.4065053164958954
167,1.3021173477172852,0.8395389318466187,0.44695723056793213,0.4071159064769745
168,1.323481798171997,0.8230443596839905,0.4525803327560425,0.40826186537742615
169,1.3144185543060303,0.8587234020233154,0.472554087638855,0.40788525342941284
170,1.3200339078903198,0.8212593793869019,0.44565820693969727,0.40839555859565735
171,1.3163803815841675,0.83254474401474,0.455807626247406,0.4079257547855377
172,1.3215525150299072,0.8515075445175171,0.45181509852409363,0.4073343575000763
173,1.3112373352050781,0.8603609800338745,0.45928290486335754,0.40812948346138
174,1.3031915426254272,0.852482795715332,0.45264917612075806,0.40790221095085144
175,1.3243807554244995,0.8154371380805969,0.4475431740283966,0.40898266434669495
176,1.3308675289154053,0.8105862140655518,0.4541756212711334,0.40953415632247925
177,1.3129736185073853,0.8285979628562927,0.4927700161933899,0.41092535853385925
178,1.32651686668396,0.8354617953300476,0.4681646525859833,0.4110172390937805
179,1.2930244207382202,0.8409924507141113,0.47647589445114136,0.4104415774345398
180,1.324583888053894,0.8490833640098572,0.4615509808063507,0.4104805290699005
181,1.3019647598266602,0.8176881074905396,0.4341065287590027,0.4112849831581116
182,1.3305383920669556,0.8141587972640991,0.45087930560112,0.41080352663993835
183,1.3253884315490723,0.826029896736145,0.4375903904438019,0.4115307331085205
184,1.3024272918701172,0.8233860731124878,0.45295313000679016,0.4117874503135681
185,1.3296338319778442,0.8207966089248657,0.4372684359550476,0.4121376574039459
186,1.3040821552276611,0.8133389949798584,0.4519249498844147,0.4118693172931671
187,1.3211634159088135,0.815238893032074,0.44418349862098694,0.4117186367511749
188,1.2937291860580444,0.849635899066925,0.4733670949935913,0.41131478548049927
189,1.3059581518173218,0.8720278739929199,0.4435372054576874,0.4111897349357605
190,1.3355591297149658,0.8360266089439392,0.45245423913002014,0.4120003581047058
191,1.271126627922058,0.8151302337646484,0.4568391442298889,0.41275981068611145
192,1.3184691667556763,0.8640608191490173,0.4525603652000427,0.4130832254886627
193,1.3074350357055664,0.8210179805755615,0.4374537467956543,0.41490283608436584
194,1.3091349601745605,0.8303520679473877,0.45014268159866333,0.41485393047332764
195,1.3075222969055176,0.8302364349365234,0.44695916771888733,0.4151157736778259
196,1.3243035078048706,0.8446584939956665,0.46095937490463257,0.41551074385643005
197,1.3026256561279297,0.8132335543632507,0.44044923782348633,0.41488444805145264
198,1.3188610076904297,0.8390933275222778,0.46945449709892273,0.415365993976593
199,1.310580849647522,0.848964512348175,0.4567054212093353,0.41552889347076416
200,1.3131345510482788,0.8462659120559692,0.47136586904525757,0.4155941903591156
201,1.2709476947784424,0.8390539288520813,0.47324323654174805,0.4163774847984314
202,1.3510117530822754,0.8480732440948486,0.4889516532421112,0.4166434407234192
203,1.2890866994857788,0.8249879479408264,0.4781861901283264,0.41715049743652344
204,1.301985740661621,0.8261314630508423,0.4949193000793457,0.41715842485427856
205,1.319272756576538,0.835383415222168,0.4509807527065277,0.41699209809303284
206,1.31495201587677,0.8263546824455261,0.44017624855041504,0.4174005687236786
207,1.3170151710510254,0.8296330571174622,0.44379594922065735,0.4171777367591858
208,1.2723439931869507,0.8348885178565979,0.4854164123535156,0.4175354838371277
209,1.2695492506027222,0.8725484013557434,0.5117766261100769,0.41766682267189026
210,1.2987467050552368,0.8075584769248962,0.4559739828109741,0.4179283678531647
211,1.2895029783248901,0.8280544877052307,0.4695396423339844,0.4188726246356964
212,1.302122712135315,0.8110602498054504,0.46726110577583313,0.41909259557724
213,1.307346224784851,0.8268576264381409,0.45678144693374634,0.4194958209991455
214,1.2837646007537842,0.832991898059845,0.4798170328140259,0.4196208715438843
215,1.2990466356277466,0.8321036100387573,0.46009641885757446,0.4187811613082886
216,1.2768800258636475,0.8413025140762329,0.4812141954898834,0.41899722814559937
217,1.2913976907730103,0.8450104594230652,0.4505139887332916,0.4188939929008484
218,1.3081400394439697,0.8240057826042175,0.44709014892578125,0.41950929164886475
219,1.293302059173584,0.8015311360359192,0.46046972274780273,0.41952991485595703
220,1.3059905767440796,0.8040652871131897,0.46407341957092285,0.4202202558517456
221,1.2972660064697266,0.8111706972122192,0.45344972610473633,0.42052918672561646
222,1.268514633178711,0.8188626170158386,0.48400232195854187,0.42133429646492004
223,1.2802650928497314,0.8347691297531128,0.4946308135986328,0.4218336045742035
224,1.278610110282898,0.8039042353630066,0.49135643243789673,0.4216531217098236
225,1.304634928703308,0.8053473234176636,0.4833490550518036,0.4217323064804077
226,1.3042266368865967,0.8307788968086243,0.469261109828949,0.42240098118782043
227,1.3255466222763062,0.8425936698913574,0.48767074942588806,0.4234222173690796
228,1.28394615650177,0.8051635026931763,0.48275846242904663,0.4237881898880005
229,1.3338693380355835,0.8299736380577087,0.47146734595298767,0.4246555268764496
230,1.2968108654022217,0.8239256739616394,0.47563886642456055,0.4247499406337738
231,1.309949517250061,0.831463098526001,0.45962586998939514,0.42447778582572937
232,1.3048605918884277,0.8017491102218628,0.4583069682121277,0.4251430630683899
233,1.2895314693450928,0.8085843920707703,0.4870080351829529,0.42616820335388184
234,1.2976073026657104,0.805889368057251,0.4831221103668213,0.4264039993286133
235,1.3003534078598022,0.8388969302177429,0.47905683517456055,0.4275096356868744
236,1.2802484035491943,0.8094508051872253,0.4573030173778534,0.4271359145641327
237,1.2618695497512817,0.8157556653022766,0.4999537765979767,0.427987277507782
238,1.2925783395767212,0.8034714460372925,0.4946947693824768,0.42812857031822205
239,1.2932236194610596,0.8072329163551331,0.4988015592098236,0.4283786714076996
240,1.2924962043762207,0.8259528279304504,0.49109992384910583,0.4289499521255493
241,1.2653554677963257,0.8064818382263184,0.46982675790786743,0.42848706245422363
242,1.3168402910232544,0.8000649809837341,0.5145552158355713,0.42851686477661133
243,1.32310950756073,0.8381180167198181,0.4762309491634369,0.4293785095214844
244,1.2718971967697144,0.8183912634849548,0.4792710244655609,0.42882058024406433
245,1.293418526649475,0.8378645181655884,0.4845249354839325,0.4287148118019104
246,1.282368540763855,0.8221005797386169,0.47761231660842896,0.4288390278816223
247,1.3009212017059326,0.816259503364563,0.5100966691970825,0.4299134314060211
248,1.291534423828125,0.8212689757347107,0.46985483169555664,0.4304252564907074
249,1.2938103675842285,0.8051599264144897,0.4809857904911041,0.4303109347820282
250,1.262778401374817,0.8148308992385864,0.49206292629241943,0.43149447441101074
251,1.2790697813034058,0.8242149353027344,0.461454838514328,0.4316343665122986
252,1.3112421035766602,0.7961817979812622,0.47518518567085266,0.4303607642650604
253,1.2765597105026245,0.7960249185562134,0.48129013180732727,0.43042582273483276
254,1.2922793626785278,0.8069050908088684,0.4880686104297638,0.43159258365631104
255,1.2285561561584473,0.8247826099395752,0.496174693107605,0.4316888451576233
256,1.252122402191162,0.8015923500061035,0.4860677123069763,0.43136081099510193
257,1.2775248289108276,0.7982556223869324,0.5125494003295898,0.43211352825164795
258,1.2968180179595947,0.8086218237876892,0.5012219548225403,0.43318864703178406
259,1.3150343894958496,0.7955408096313477,0.5086292028427124,0.4317915439605713
260,1.2841174602508545,0.8049532175064087,0.4981305003166199,0.43186479806900024
261,1.266473650932312,0.7998740077018738,0.5232847929000854,0.43268904089927673
262,1.279995322227478,0.8052617311477661,0.4617515504360199,0.43276268243789673
263,1.2661805152893066,0.8217127323150635,0.5112358331680298,0.4336046576499939
264,1.2891242504119873,0.820868968963623,0.4950706362724304,0.43330350518226624
265,1.277052402496338,0.832329273223877,0.49232903122901917,0.43361788988113403
266,1.2890359163284302,0.8045246601104736,0.4799588620662689,0.43270301818847656
267,1.2776092290878296,0.8013171553611755,0.46448591351509094,0.432429701089859
268,1.2711173295974731,0.8249145150184631,0.49497321248054504,0.4328007400035858
269,1.2919020652770996,0.8117092847824097,0.49922844767570496,0.43256017565727234
270,1.2925448417663574,0.8183549046516418,0.5070241093635559,0.43256837129592896
271,1.2685503959655762,0.8025780320167542,0.49734947085380554,0.43304693698883057
272,1.2654106616973877,0.8122235536575317,0.48036623001098633,0.4340454936027527
273,1.266911268234253,0.7937365174293518,0.47588738799095154,0.4323817491531372
274,1.2652863264083862,0.7907422780990601,0.4779617190361023,0.4321640133857727
275,1.2748688459396362,0.8154728412628174,0.5071698427200317,0.4330894649028778
276,1.2693148851394653,0.8052953481674194,0.5019947290420532,0.4333827495574951
277,1.2854013442993164,0.8182418942451477,0.5023321509361267,0.4334975481033325
278,1.2530651092529297,0.8066576719284058,0.49496734142303467,0.43368420004844666
279,1.2778102159500122,0.7961656451225281,0.49991777539253235,0.4333440959453583
280,1.2755802869796753,0.8037359118461609,0.4879598021507263,0.4334579408168793
281,1.250772476196289,0.7715624570846558,0.5103665590286255,0.43202340602874756
282,1.2909536361694336,0.8000504970550537,0.5050264000892639,0.43370628356933594
283,1.2756437063217163,0.7948983907699585,0.5098123550415039,0.4335985779762268
284,1.2602050304412842,0.8143232464790344,0.5207827091217041,0.43419817090034485
285,1.2969998121261597,0.8166882991790771,0.4856567978858948,0.43424102663993835
286,1.285379409790039,0.798923671245575,0.4931645393371582,0.43369463086128235
287,1.272019624710083,0.7957978844642639,0.49345070123672485,0.43320778012275696
288,1.247544288635254,0.8192975521087646,0.5147990584373474,0.4344751238822937
289,1.2879880666732788,0.7734308242797852,0.495279997587204,0.43227776885032654
290,1.2917965650558472,0.7941595911979675,0.49832573533058167,0.4336889982223511
291,1.2620476484298706,0.8196954727172852,0.512877345085144,0.43476635217666626
292,1.2812490463256836,0.8155583143234253,0.48725059628486633,0.43551936745643616
293,1.2674860954284668,0.8011965751647949,0.47985559701919556,0.4347526431083679
294,1.2598285675048828,0.8167093992233276,0.512321949005127,0.4357292354106903
295,1.2459405660629272,0.7852869629859924,0.4972096085548401,0.43554067611694336
296,1.2798171043395996,0.8050433993339539,0.5001627802848816,0.43574997782707214
297,1.267661213874817,0.8157539963722229,0.49600493907928467,0.43630412220954895
298,1.2680350542068481,0.8053016066551208,0.4819949269294739,0.4362182021141052
299,1.2772661447525024,0.8157361745834351,0.5041069984436035,0.4355238974094391
300,1.2890199422836304,0.7837389707565308,0.4814751446247101,0.43265095353126526
301,1.2592099905014038,0.8003736138343811,0.4885896146297455,0.43354615569114685
302,1.2795910835266113,0.7951481342315674,0.49214425683021545,0.4337324798107147
303,1.2093504667282104,0.7936207056045532,0.5289227366447449,0.43547114729881287
304,1.2371852397918701,0.7829752564430237,0.4835752844810486,0.4349101483821869
305,1.2230985164642334,0.7960069179534912,0.5239177942276001,0.4363032281398773
306,1.2725162506103516,0.7881772518157959,0.48471200466156006,0.43729227781295776
307,1.2772420644760132,0.7933406829833984,0.5106333494186401,0.43789127469062805
308,1.2370232343673706,0.7938573360443115,0.50601726770401,0.4368506669998169
309,1.2611899375915527,0.7900814414024353,0.48531579971313477,0.43699362874031067
310,1.2462637424468994,0.8067538738250732,0.5112518668174744,0.43703386187553406
311,1.230147123336792,0.8124929666519165,0.5120468735694885,0.4373488426208496
312,1.2224682569503784,0.7932515740394592,0.4977594017982483,0.4357669949531555
313,1.2511987686157227,0.8012378811836243,0.5277355909347534,0.43700751662254333
314,1.2496939897537231,0.8084540367126465,0.5128767490386963,0.43772274255752563
315,1.2746472358703613,0.7883252501487732,0.5196719169616699,0.4358806312084198
316,1.2811450958251953,0.7913731932640076,0.4878532290458679,0.4365881681442261
317,1.2781314849853516,0.8008044362068176,0.5118414759635925,0.4363084137439728
318,1.2549747228622437,0.7932983636856079,0.4984603226184845,0.43523967266082764
319,1.2615001201629639,0.7821961045265198,0.4926416575908661,0.43486708402633667
320,1.2515398263931274,0.8042422533035278,0.5190733075141907,0.4344120919704437
321,1.261150598526001,0.8099183440208435,0.49727317690849304,0.4346945881843567
322,1.252583384513855,0.8018863201141357,0.5144886374473572,0.4345754086971283
323,1.2901443243026733,0.8067513704299927,0.474212110042572,0.43497952818870544
324,1.2384475469589233,0.7801998257637024,0.504725992679596,0.43267616629600525
325,1.2590484619140625,0.8159688711166382,0.5162447690963745,0.43491920828819275
326,1.2336238622665405,0.8044620156288147,0.5188601613044739,0.4335468113422394
327,1.2663674354553223,0.8047565221786499,0.5144881010055542,0.4343326687812805
328,1.25230872631073,0.7920541763305664,0.5199570059776306,0.4330208897590637
329,1.2883960008621216,0.7976384162902832,0.48857763409614563,0.43423205614089966
330,1.2287027835845947,0.7970825433731079,0.5306599736213684,0.43532606959342957
331,1.2336684465408325,0.7930506467819214,0.5262975692749023,0.43357574939727783
332,1.2695562839508057,0.8000133633613586,0.505366325378418,0.4335716962814331
333,1.231729507446289,0.7796667814254761,0.5331525802612305,0.4314565360546112
334,1.2433522939682007,0.7765856385231018,0.5159603953361511,0.4295039474964142
335,1.2599154710769653,0.7900170087814331,0.5405399203300476,0.43041476607322693
336,1.2392934560775757,0.7897952198982239,0.5399166941642761,0.42992785573005676
337,1.2416818141937256,0.8077084422111511,0.5191079378128052,0.4309983551502228
338,1.2386645078659058,0.7902005314826965,0.5073655247688293,0.42918166518211365
339,1.2179006338119507,0.7985432147979736,0.5423277020454407,0.4296792447566986
340,1.2552260160446167,0.8130366206169128,0.5151398777961731,0.4313142001628876
341,1.27644681930542,0.7949923276901245,0.5086053013801575,0.4288756847381592
342,1.2767469882965088,0.8125700354576111,0.5111005902290344,0.42929625511169434
343,1.2454122304916382,0.7951606512069702,0.5099000930786133,0.42790332436561584
344,1.2343367338180542,0.8118859529495239,0.5289543271064758,0.42999857664108276
345,1.2292243242263794,0.8004787564277649,0.5342443585395813,0.42845433950424194
346,1.2524281740188599,0.7993730902671814,0.5226259231567383,0.4281207025051117
347,1.2308259010314941,0.7977637648582458,0.5305256843566895,0.4282972514629364
348,1.2361925840377808,0.7987247109413147,0.500505268573761,0.4282572269439697
349,1.2556122541427612,0.7928426265716553,0.5273564457893372,0.4269507825374603
350,1.212846040725708,0.7754711508750916,0.5184121131896973,0.4256061315536499
351,1.238025426864624,0.8005881309509277,0.5329075455665588,0.42972496151924133
352,1.2260648012161255,0.8240947723388672,0.5468106269836426,0.43123871088027954
353,1.222438931465149,0.7951421141624451,0.530706524848938,0.4285016655921936
354,1.253412127494812,0.8047857284545898,0.5419012904167175,0.4291154146194458
355,1.237891674041748,0.7959151864051819,0.5571295619010925,0.42809543013572693
356,1.2325912714004517,0.815959095954895,0.5204450488090515,0.4313142001628876
357,1.2418996095657349,0.8176363110542297,0.5301855802536011,0.4299279749393463
358,1.235907793045044,0.801909863948822,0.5203448534011841,0.42663294076919556
359,1.2377939224243164,0.814089298248291,0.4923286437988281,0.4281270503997803
360,1.2584706544876099,0.8006333112716675,0.5165180563926697,0.4270671308040619
361,1.2152585983276367,0.7777270078659058,0.5107818841934204,0.4235802888870239
362,1.2267755270004272,0.8107066750526428,0.5456623435020447,0.4267595112323761
363,1.2217824459075928,0.8147501349449158,0.5494456887245178,0.42847660183906555
364,1.2186437845230103,0.8017500042915344,0.5478931069374084,0.42759600281715393
365,1.2405295372009277,0.7901445627212524,0.5246495008468628,0.4278985559940338
366,1.2091001272201538,0.8101325035095215,0.5292351245880127,0.43029364943504333
367,1.2221115827560425,0.7788829207420349,0.5124171376228333,0.4285622835159302
368,1.2292684316635132,0.7991135120391846,0.517206609249115,0.430865079164505
369,1.2278803586959839,0.8010687828063965,0.553933322429657,0.43204838037490845
370,1.2367955446243286,0.7822926044464111,0.5281099081039429,0.42923834919929504
371,1.221908688545227,0.7845755219459534,0.53087317943573,0.431573748588562
372,1.2066401243209839,0.7825688719749451,0.5553970336914062,0.4299889802932739
373,1.218050241470337,0.765607476234436,0.5237118601799011,0.42648160457611084
374,1.2312464714050293,0.7895844578742981,0.551249086856842,0.4272332787513733
375,1.2379016876220703,0.7904767990112305,0.5602953433990479,0.4263867437839508
376,1.1952369213104248,0.7749899625778198,0.5285660028457642,0.4240216910839081
377,1.1918690204620361,0.7905261516571045,0.53624027967453,0.4245503544807434
378,1.2082445621490479,0.7916213274002075,0.5178020596504211,0.425292432308197
379,1.2061235904693604,0.7879231572151184,0.5357167720794678,0.4245469272136688
380,1.1922358274459839,0.7828105092048645,0.5560272336006165,0.42440265417099
381,1.2407082319259644,0.7775353193283081,0.5482754707336426,0.4245438873767853
382,1.2267647981643677,0.7842099070549011,0.5521038770675659,0.423909991979599
383,1.217307686805725,0.7711044549942017,0.5415242314338684,0.4232730567455292
384,1.219319224357605,0.7775442600250244,0.5271120071411133,0.42553412914276123
385,1.245556354522705,0.7837060689926147,0.5458447337150574,0.42682984471321106
386,1.222104787826538,0.7882325053215027,0.5516676306724548,0.4271194636821747
387,1.2079925537109375,0.7745043635368347,0.5366234183311462,0.42740023136138916
388,1.1944408416748047,0.7799063920974731,0.5436993837356567,0.42666095495224
389,1.2578692436218262,0.77662593126297,0.5061721801757812,0.42664822936058044
390,1.2196675539016724,0.7734638452529907,0.5304819345474243,0.42663535475730896
391,1.2171545028686523,0.7643848061561584,0.5432148575782776,0.4254000186920166
392,1.2190872430801392,0.7911831736564636,0.5366950035095215,0.4279356896877289
393,1.2202061414718628,0.7905016541481018,0.5212481021881104,0.42693763971328735
394,1.1933473348617554,0.765796959400177,0.5374428033828735,0.4230082929134369
395,1.2153186798095703,0.7847377061843872,0.5236157178878784,0.42484837770462036
396,1.1647406816482544,0.7834044694900513,0.5797342658042908,0.42567703127861023
397,1.2197835445404053,0.7813321352005005,0.5500361919403076,0.4253133237361908
398,1.2062195539474487,0.7865340709686279,0.5374159216880798,0.4257866442203522
399,1.222637414932251,0.7660037875175476,0.5340690612792969,0.42249390482902527
400,1.2431758642196655,0.7761805653572083,0.5386483073234558,0.424255907535553
401,1.2175859212875366,0.7900945544242859,0.5507044792175293,0.4257599711418152
402,1.1904678344726562,0.7920913100242615,0.5507662296295166,0.426229864358902
403,1.2530584335327148,0.7618823051452637,0.528752863407135,0.42322924733161926
404,1.2100344896316528,0.7613630890846252,0.524989902973175,0.42409560084342957
405,1.2228786945343018,0.7753915786743164,0.5194331407546997,0.426291286945343
406,1.2090834379196167,0.7696691751480103,0.5271977186203003,0.424215167760849
407,1.2185115814208984,0.7804086804389954,0.569077730178833,0.4237614572048187
408,1.186474084854126,0.7921488881111145,0.5407417416572571,0.42433232069015503
409,1.2195366621017456,0.7919440269470215,0.5283498167991638,0.42558595538139343
410,1.2230650186538696,0.7588658332824707,0.5326022505760193,0.41966453194618225
411,1.1831849813461304,0.7859903573989868,0.5419713258743286,0.422693133354187
412,1.214604139328003,0.782463550567627,0.5442004799842834,0.42399826645851135
413,1.2059459686279297,0.7713139653205872,0.5476471781730652,0.42289817333221436
414,1.1866436004638672,0.7632405161857605,0.5636612772941589,0.42137598991394043
415,1.1897672414779663,0.7854762077331543,0.5482231974601746,0.4259112775325775
416,1.176349401473999,0.7653364539146423,0.5637962818145752,0.42189446091651917
417,1.2358462810516357,0.765708863735199,0.5445838570594788,0.42037686705589294
418,1.1939127445220947,0.8045116662979126,0.558603823184967,0.4262929856777191
419,1.1852660179138184,0.7774077653884888,0.566186249256134,0.4255971908569336
420,1.2291419506072998,0.7705691456794739,0.5600810050964355,0.4233252704143524
421,1.179602861404419,0.799244225025177,0.5510352849960327,0.42594584822654724
422,1.2108423709869385,0.7800745368003845,0.5612349510192871,0.42499732971191406
423,1.1761424541473389,0.7596442699432373,0.5496749877929688,0.42346587777137756
424,1.2125499248504639,0.7620686292648315,0.559386134147644,0.4250643849372864
425,1.1900686025619507,0.7693490982055664,0.557095468044281,0.4264781177043915
426,1.1357793807983398,0.7729758024215698,0.5708052515983582,0.4253469407558441
427,1.186036467552185,0.7736963033676147,0.5672330856323242,0.4260401725769043
428,1.1480661630630493,0.7604438662528992,0.5673062205314636,0.4231815040111542
429,1.1844991445541382,0.7653898000717163,0.5545358657836914,0.4235459566116333
430,1.18666672706604,0.7791659832000732,0.5794191360473633,0.4262055456638336
431,1.1870064735412598,0.7747016549110413,0.5950364470481873,0.4257051348686218
432,1.1616231203079224,0.770361065864563,0.582809567451477,0.4257360100746155
433,1.175821304321289,0.7896794080734253,0.5621606707572937,0.42759236693382263
434,1.189746618270874,0.7970269322395325,0.5429885387420654,0.4278227388858795
435,1.188701868057251,0.7727287411689758,0.5396180152893066,0.42535197734832764
436,1.229225754737854,0.8046965599060059,0.5641355514526367,0.4296073019504547
437,1.1775625944137573,0.7657431364059448,0.5641617178916931,0.42331892251968384
438,1.1739909648895264,0.7666062116622925,0.5725367069244385,0.4256521761417389
439,1.2032667398452759,0.7847908139228821,0.5651524066925049,0.4289621114730835
440,1.186713695526123,0.7609626650810242,0.554396390914917,0.4280136823654175
441,1.203959345817566,0.7761616706848145,0.5539516806602478,0.4278315007686615
442,1.1657477617263794,0.7719067931175232,0.5803704857826233,0.42587918043136597
443,1.1403536796569824,0.7688637971878052,0.5905409455299377,0.42573004961013794
444,1.2006345987319946,0.7564911246299744,0.5792461037635803,0.4242410957813263
445,1.2041661739349365,0.75541090965271,0.5701939463615417,0.4215923249721527
446,1.191986322402954,0.775553822517395,0.5198963284492493,0.42436304688453674
447,1.2116918563842773,0.7515174746513367,0.5808582305908203,0.41910576820373535
448,1.1968570947647095,0.7596902847290039,0.5486764907836914,0.42235279083251953
449,1.1825790405273438,0.752612292766571,0.5943198800086975,0.4195823669433594
450,1.1929329633712769,0.7850682139396667,0.566593587398529,0.42384183406829834
451,1.1990371942520142,0.7798675894737244,0.5735692381858826,0.4243878722190857
452,1.1971766948699951,0.7708039283752441,0.5585453510284424,0.42267900705337524
453,1.1858220100402832,0.7651225924491882,0.5643178224563599,0.421979695558548
454,1.19773530960083,0.7630361318588257,0.5881505012512207,0.4229887127876282
455,1.1771098375320435,0.7639063596725464,0.5641798377037048,0.4231211543083191
456,1.1709420680999756,0.7623690962791443,0.5765382051467896,0.42258700728416443
457,1.1876519918441772,0.7772295475006104,0.5800184011459351,0.4243326485157013
458,1.1713837385177612,0.7765113115310669,0.5868661403656006,0.42424294352531433
459,1.1782445907592773,0.7683883905410767,0.5707464218139648,0.4246933162212372
460,1.1573656797409058,0.7612325549125671,0.5755183100700378,0.42467668652534485
461,1.1932709217071533,0.7614134550094604,0.5605670213699341,0.4246024787425995
462,1.179756999015808,0.7657862305641174,0.5697000026702881,0.42500773072242737
463,1.184954285621643,0.7644181251525879,0.5966559648513794,0.4246368110179901
464,1.1822948455810547,0.7615225315093994,0.5795244574546814,0.4248729944229126
465,1.164990782737732,0.7484359741210938,0.5472686290740967,0.42325666546821594
466,1.2126715183258057,0.7487441897392273,0.5535753965377808,0.4227715730667114
467,1.1585623025894165,0.7450414299964905,0.5694924592971802,0.42195597290992737
468,1.1868135929107666,0.7618081569671631,0.5767096281051636,0.4242236316204071
469,1.183551549911499,0.7554305791854858,0.5586957931518555,0.42085081338882446
470,1.1712266206741333,0.7586382627487183,0.5621121525764465,0.4210750460624695
471,1.19404137134552,0.7479192614555359,0.5513548254966736,0.41857388615608215
472,1.1950945854187012,0.7635671496391296,0.5558306574821472,0.42147716879844666
473,1.1578854322433472,0.7722118496894836,0.5699215531349182,0.4231632649898529
474,1.1843068599700928,0.769824206829071,0.5667886137962341,0.4214230179786682
475,1.1971077919006348,0.7522648572921753,0.5658007860183716,0.41769784688949585
476,1.1461074352264404,0.7557318806648254,0.5788355469703674,0.4199630320072174
477,1.1320127248764038,0.7607072591781616,0.587574303150177,0.4204898476600647
478,1.1897743940353394,0.7661290168762207,0.5561482906341553,0.4214664399623871
479,1.146174430847168,0.7711909413337708,0.5617578029632568,0.4235747754573822
480,1.1714239120483398,0.7662416100502014,0.5827773213386536,0.42411407828330994
481,1.1722803115844727,0.7532970309257507,0.5821743011474609,0.4239296019077301
482,1.1619012355804443,0.7798848152160645,0.591424822807312,0.42685991525650024
483,1.1596128940582275,0.7606831789016724,0.5635316371917725,0.4223630726337433
484,1.171861171722412,0.7491540312767029,0.572758138179779,0.4212249219417572
485,1.1433762311935425,0.7587252855300903,0.5676412582397461,0.4231848418712616
486,1.1760724782943726,0.753883957862854,0.5881779193878174,0.4213036596775055
487,1.173799753189087,0.7657899260520935,0.5748120546340942,0.42220455408096313
488,1.1528674364089966,0.751456618309021,0.5783284306526184,0.4179764986038208
489,1.1329076290130615,0.7714232206344604,0.6120975613594055,0.4210946261882782
490,1.185456395149231,0.7615411877632141,0.570203959941864,0.41878125071525574
491,1.1737003326416016,0.7691074013710022,0.5622532367706299,0.4241570830345154
492,1.1566787958145142,0.7401160597801208,0.5786468386650085,0.42172378301620483
493,1.1872271299362183,0.754402220249176,0.5854777693748474,0.42346739768981934
494,1.1520557403564453,0.746613621711731,0.5951225161552429,0.4216122627258301
495,1.1747804880142212,0.7521150708198547,0.5795994997024536,0.4237053692340851
496,1.115482211112976,0.7601554989814758,0.606177031993866,0.42309555411338806
497,1.1467764377593994,0.7522972822189331,0.5848000645637512,0.4220593571662903
498,1.1704838275909424,0.7466393113136292,0.5641018152236938,0.42013171315193176
499,1.137945294380188,0.7568820118904114,0.5773231983184814,0.42155221104621887
500,1.152832269668579,0.7484428286552429,0.588417649269104,0.4203573763370514
501,1.135276198387146,0.7567914128303528,0.6001383662223816,0.4212017059326172
502,1.175734281539917,0.7576455473899841,0.5624992251396179,0.4225844740867615
503,1.1769495010375977,0.7524087429046631,0.5653142333030701,0.4210059344768524
504,1.179043173789978,0.7493116855621338,0.587870717048645,0.4210406541824341
505,1.1291072368621826,0.75581955909729,0.5788446068763733,0.4231795072555542
506,1.1590313911437988,0.7592078447341919,0.5707120895385742,0.42107877135276794
507,1.1367791891098022,0.7511540651321411,0.6114374995231628,0.41916754841804504
508,1.1483451128005981,0.7646204829216003,0.5674303770065308,0.4207543730735779
509,1.143864393234253,0.7522855401039124,0.5823336243629456,0.41996634006500244
510,1.1641755104064941,0.7718712091445923,0.5666998028755188,0.4257865846157074
511,1.1826456785202026,0.7553437352180481,0.5654183626174927,0.42201974987983704
512,1.164077639579773,0.7611873149871826,0.582932710647583,0.4237075448036194
513,1.139865517616272,0.754210889339447,0.6096078753471375,0.4236636459827423
514,1.1776050329208374,0.7565548419952393,0.5894621014595032,0.42403456568717957
515,1.1175096035003662,0.7468878626823425,0.5974112153053284,0.4210900068283081
516,1.1572293043136597,0.7496370077133179,0.5992552638053894,0.4234928786754608
517,1.136845588684082,0.7489768862724304,0.5800697207450867,0.4240017235279083
518,1.1256510019302368,0.7608999013900757,0.6114400029182434,0.424092561006546
519,1.1663894653320312,0.7727989554405212,0.580270528793335,0.4245189428329468
520,1.1658676862716675,0.7541540265083313,0.5643985867500305,0.42070019245147705
521,1.1362571716308594,0.7348251342773438,0.566618800163269,0.4162669777870178
522,1.1200305223464966,0.7596984505653381,0.6180025935173035,0.4204573631286621
523,1.1696349382400513,0.7583692669868469,0.5571719408035278,0.419637531042099
524,1.1341557502746582,0.7618663311004639,0.6188387274742126,0.4206502139568329
525,1.1740813255310059,0.7665965557098389,0.5900534391403198,0.4201755225658417
526,1.1116528511047363,0.7603756189346313,0.6023921966552734,0.41894760727882385
527,1.1693888902664185,0.7539047002792358,0.5918002724647522,0.4164729416370392
528,1.1622414588928223,0.7616350650787354,0.5789591670036316,0.42032545804977417
529,1.1321953535079956,0.7578791379928589,0.5961980819702148,0.42109841108322144
530,1.1465119123458862,0.7340298891067505,0.5858489871025085,0.41835635900497437
531,1.1357342004776,0.7500635385513306,0.6007196307182312,0.41974619030952454
532,1.1463751792907715,0.756619930267334,0.5921550393104553,0.42300334572792053
533,1.1328966617584229,0.7577812075614929,0.6298037767410278,0.42544296383857727
534,1.1372345685958862,0.7512950301170349,0.6066047549247742,0.42360636591911316
535,1.1621943712234497,0.7542957663536072,0.5993785262107849,0.4247349500656128
536,1.1694345474243164,0.7422881126403809,0.5930125117301941,0.4252278208732605
537,1.1654002666473389,0.7371296286582947,0.5711867213249207,0.42413362860679626
538,1.1681891679763794,0.7462829351425171,0.5953012108802795,0.4252510070800781
539,1.1252028942108154,0.7464509606361389,0.6168047785758972,0.42407840490341187
540,1.1610982418060303,0.7439627647399902,0.5798300504684448,0.4243012070655823
541,1.1479119062423706,0.7471754550933838,0.6106500029563904,0.4251241087913513
542,1.1458709239959717,0.7647784948348999,0.594038188457489,0.4259774088859558
543,1.1487042903900146,0.7584481239318848,0.5837307572364807,0.42206650972366333
544,1.132775068283081,0.7575485706329346,0.5839331746101379,0.420558363199234
545,1.1395779848098755,0.7530499696731567,0.5694537162780762,0.4215840995311737
546,1.1406673192977905,0.7525126338005066,0.6134784817695618,0.42202210426330566
547,1.1286004781723022,0.7599055171012878,0.5956547856330872,0.4231155216693878
548,1.1586445569992065,0.7578226327896118,0.5944281816482544,0.42208486795425415
549,1.144479513168335,0.7431235313415527,0.5956266522407532,0.4206305742263794
550,1.123163104057312,0.7463839650154114,0.5826258659362793,0.4198994040489197
551,1.1219562292099,0.7537254691123962,0.5859410166740417,0.420915812253952
552,1.1479812860488892,0.7391839027404785,0.5704988241195679,0.42020681500434875
553,1.129552960395813,0.7547959089279175,0.575179934501648,0.4241678714752197
554,1.1497353315353394,0.7498340606689453,0.6048192977905273,0.42382436990737915
555,1.1744433641433716,0.7391080260276794,0.5920087695121765,0.42051824927330017
556,1.1208949089050293,0.7414196133613586,0.6056596636772156,0.422771155834198
557,1.1407626867294312,0.7428181767463684,0.5867283940315247,0.4227604269981384
558,1.151084065437317,0.7466452717781067,0.573714554309845,0.42244240641593933
559,1.116873025894165,0.7467977404594421,0.605198323726654,0.4233860969543457
560,1.1755414009094238,0.7392557859420776,0.5703677535057068,0.42055848240852356
561,1.0971227884292603,0.7360346913337708,0.6138062477111816,0.4213170111179352
562,1.1369357109069824,0.7454482316970825,0.5802276730537415,0.4234156608581543
563,1.129502773284912,0.7475242614746094,0.5966536402702332,0.42246463894844055
564,1.1384578943252563,0.73749840259552,0.5976718068122864,0.4216502010822296
565,1.1353472471237183,0.7385287880897522,0.5946678519248962,0.42283040285110474
566,1.125672698020935,0.7445191740989685,0.6149548292160034,0.42392292618751526
567,1.1223106384277344,0.7397634983062744,0.6201971769332886,0.4225189685821533
568,1.1437995433807373,0.7543946504592896,0.5854142904281616,0.42468857765197754
569,1.116537094116211,0.7457592487335205,0.6361473798751831,0.42580699920654297
570,1.139256238937378,0.7486041784286499,0.6130945086479187,0.42571622133255005
571,1.1467198133468628,0.7359092831611633,0.6171795725822449,0.423099547624588
572,1.1241419315338135,0.7410563230514526,0.5846315026283264,0.4247841536998749
573,1.122310996055603,0.7365848422050476,0.5946357250213623,0.4219066798686981
574,1.135553002357483,0.7541789412498474,0.6021749973297119,0.42584168910980225
575,1.116800308227539,0.7497628927230835,0.613313615322113,0.4257432222366333
576,1.1155592203140259,0.7647354602813721,0.611213743686676,0.42846807837486267
577,1.1782535314559937,0.7449854612350464,0.5825059413909912,0.42650336027145386
578,1.1146106719970703,0.7436189651489258,0.5944265127182007,0.4232374429702759
579,1.1413811445236206,0.7401209473609924,0.6000975966453552,0.4236642122268677
580,1.1466535329818726,0.7424013614654541,0.5975163578987122,0.4239371418952942
581,1.139932632446289,0.7390040755271912,0.5969228744506836,0.4231933057308197
582,1.1282624006271362,0.7577412724494934,0.6143074035644531,0.42830678820610046
583,1.1318029165267944,0.7492682337760925,0.595790445804596,0.4254574775695801
584,1.1401395797729492,0.7406831979751587,0.6051966547966003,0.42164215445518494
585,1.094799280166626,0.7391346096992493,0.6163257360458374,0.42426663637161255
586,1.1046050786972046,0.7506299018859863,0.6205922961235046,0.4263492822647095
587,1.131129503250122,0.7471247911453247,0.5899604558944702,0.42624548077583313
588,1.151321530342102,0.7581148147583008,0.576360821723938,0.42866313457489014
589,1.1148804426193237,0.7367883324623108,0.6223574876785278,0.42362597584724426
590,1.1294119358062744,0.7433074116706848,0.5981104373931885,0.42415088415145874
591,1.1244932413101196,0.7460031509399414,0.5957643389701843,0.42579394578933716
592,1.1457356214523315,0.7438355684280396,0.6410998106002808,0.42770010232925415
593,1.1455891132354736,0.7390077114105225,0.598784863948822,0.42347243428230286
594,1.0999908447265625,0.7471529841423035,0.6403180956840515,0.42611268162727356
595,1.1330205202102661,0.7556867599487305,0.6125215888023376,0.4298633635044098
596,1.1184375286102295,0.7389559149742126,0.6071963906288147,0.42705655097961426
597,1.1428974866867065,0.745867133140564,0.5951867699623108,0.428708553314209
598,1.1491715908050537,0.735930860042572,0.6280837655067444,0.4258527159690857
599,1.1277382373809814,0.7489902377128601,0.5982159376144409,0.42822325229644775
600,1.1226916313171387,0.7512161731719971,0.623123049736023,0.42735755443573
601,1.158617615699768,0.7367727160453796,0.6118009686470032,0.42422807216644287
602,1.1444867849349976,0.7368848919868469,0.5954706072807312,0.4218956232070923
603,1.1575872898101807,0.7548543810844421,0.601761519908905,0.4252578914165497
604,1.1199201345443726,0.7379629611968994,0.6195195317268372,0.4210822284221649
605,1.135820984840393,0.747247576713562,0.6154171824455261,0.4227508306503296
606,1.1285068988800049,0.7406313419342041,0.6056691408157349,0.42076942324638367
607,1.119568943977356,0.7478939890861511,0.6227143406867981,0.42503926157951355
608,1.127833604812622,0.7449172735214233,0.5931951999664307,0.42517074942588806
609,1.1236586570739746,0.746852695941925,0.6172177791595459,0.4264261722564697
610,1.122365951538086,0.7384883165359497,0.6232779622077942,0.41779372096061707
611,1.106494665145874,0.7483593225479126,0.6156781315803528,0.4192425012588501
612,1.122241497039795,0.7521905899047852,0.6293376684188843,0.41920992732048035
613,1.1334584951400757,0.7488561868667603,0.5800067782402039,0.4201420247554779
614,1.1459882259368896,0.7457292079925537,0.605808675289154,0.4179590940475464
615,1.1276618242263794,0.7392720580101013,0.6130817532539368,0.4164866507053375
616,1.128830075263977,0.7315208911895752,0.6073893904685974,0.4141683280467987
617,1.1350560188293457,0.7525596618652344,0.6271167993545532,0.4193790853023529
618,1.1634180545806885,0.7420925498008728,0.603598415851593,0.4178527891635895
619,1.1098566055297852,0.7515947818756104,0.5889468193054199,0.42176109552383423
620,1.1758484840393066,0.7487456798553467,0.591655969619751,0.4218676686286926
621,1.1271381378173828,0.7541667222976685,0.580930769443512,0.42695340514183044
622,1.138291358947754,0.7449089884757996,0.6185474991798401,0.42647621035575867
623,1.1161742210388184,0.7257324457168579,0.6322465538978577,0.4227946102619171
624,1.0918339490890503,0.7311474084854126,0.6116522550582886,0.42338383197784424
625,1.1288201808929443,0.7588028311729431,0.6198995113372803,0.4287831783294678
626,1.1226519346237183,0.7394744157791138,0.6089663505554199,0.42105063796043396
627,1.1391581296920776,0.7402275800704956,0.6110743880271912,0.4202144145965576
628,1.138684630393982,0.7421550154685974,0.5992708206176758,0.42378467321395874
629,1.1431728601455688,0.746552050113678,0.6195632815361023,0.4253922700881958
630,1.1033153533935547,0.7354973554611206,0.6142381429672241,0.42119666934013367
631,1.0895421504974365,0.7435140609741211,0.6356582045555115,0.42353013157844543
632,1.1438466310501099,0.7455940842628479,0.6346352696418762,0.42412957549095154
633,1.1237784624099731,0.7423779964447021,0.6361002326011658,0.42221856117248535
634,1.1123247146606445,0.7319536209106445,0.6103764176368713,0.418192982673645
635,1.1235888004302979,0.7338349223136902,0.6007893681526184,0.4180580973625183
636,1.1072213649749756,0.7366348505020142,0.6125977039337158,0.41898787021636963
637,1.1065661907196045,0.7484312653541565,0.62928706407547,0.42324936389923096
638,1.124222993850708,0.7359145879745483,0.6033108830451965,0.41829991340637207
639,1.1221460103988647,0.7412845492362976,0.6053643822669983,0.41940784454345703
640,1.128251314163208,0.7496203780174255,0.605086624622345,0.42392173409461975
641,1.1233184337615967,0.7536818981170654,0.6261614561080933,0.4240512549877167
642,1.1112505197525024,0.7498435974121094,0.6429899334907532,0.42234739661216736
643,1.1287111043930054,0.7514479160308838,0.619206428527832,0.4229871332645416
644,1.134637475013733,0.7435200214385986,0.6188718676567078,0.42163243889808655
645,1.111031413078308,0.7466976642608643,0.6235754489898682,0.42266717553138733
646,1.1154705286026,0.7483519315719604,0.6136851906776428,0.4244387149810791
647,1.1230541467666626,0.7416397929191589,0.6061067581176758,0.4212423861026764
648,1.0934876203536987,0.7404295802116394,0.6115173697471619,0.4197704493999481
649,1.096617341041565,0.7330437898635864,0.6265406012535095,0.4195932447910309
650,1.111371397972107,0.7366467118263245,0.6286449432373047,0.4202702045440674
651,1.0983648300170898,0.7540307641029358,0.6277338862419128,0.42390602827072144
652,1.0893737077713013,0.7315100431442261,0.620006799697876,0.41895583271980286
653,1.1429615020751953,0.7345492243766785,0.6420807242393494,0.41895774006843567
654,1.099377989768982,0.7284559607505798,0.5988535284996033,0.41523808240890503
655,1.1042468547821045,0.734745979309082,0.6424669623374939,0.41554078459739685
656,1.1090484857559204,0.7577884793281555,0.6279750466346741,0.42028751969337463
657,1.0820198059082031,0.7339106202125549,0.6457632184028625,0.41535019874572754
658,1.1068198680877686,0.7517867088317871,0.6271337866783142,0.42050492763519287
659,1.082498550415039,0.750664472579956,0.6522089242935181,0.41904354095458984
660,1.0858654975891113,0.7439063787460327,0.6385266184806824,0.4181602895259857
661,1.1200228929519653,0.7402703166007996,0.6438635587692261,0.4185611307621002
662,1.0990997552871704,0.7361142635345459,0.646820068359375,0.41986629366874695
663,1.098286509513855,0.7497451305389404,0.6364962458610535,0.42250487208366394
664,1.105087161064148,0.7362631559371948,0.6197865009307861,0.41969212889671326
665,1.0769413709640503,0.7387462854385376,0.6229124069213867,0.4205409586429596
666,1.089490532875061,0.7513397932052612,0.6505455374717712,0.42534950375556946
667,1.0974798202514648,0.7330392003059387,0.6417771577835083,0.421592116355896
668,1.114991545677185,0.7447583675384521,0.6384331583976746,0.4236631989479065
669,1.0940968990325928,0.7283278703689575,0.6587119698524475,0.41988545656204224
670,1.093070149421692,0.736621618270874,0.6374201774597168,0.42160260677337646
671,1.090961217880249,0.7316781282424927,0.5979599356651306,0.4236411452293396
672,1.0729690790176392,0.7331903576850891,0.6600666046142578,0.4249342083930969
673,1.107299566268921,0.7340273857116699,0.62961345911026,0.4225550591945648
674,1.0379050970077515,0.7280017137527466,0.6509718298912048,0.4212200343608856
675,1.0918396711349487,0.7351455688476562,0.6318018436431885,0.42400380969047546
676,1.1066428422927856,0.7394756078720093,0.6419221758842468,0.4243464171886444
677,1.0753536224365234,0.7290851473808289,0.6357239484786987,0.42109036445617676
678,1.094338297843933,0.7382809519767761,0.6390385031700134,0.4197116792201996
679,1.1080330610275269,0.7356739640235901,0.6410927176475525,0.4201546609401703
680,1.0696054697036743,0.7414194345474243,0.6535707116127014,0.4202994704246521
681,1.096022367477417,0.7422510385513306,0.6234579086303711,0.4204230308532715
682,1.1007860898971558,0.7360968589782715,0.6305729150772095,0.41903823614120483
683,1.083216905593872,0.7478263974189758,0.6455526947975159,0.4218616187572479
684,1.1006211042404175,0.7430201172828674,0.6432420015335083,0.42042094469070435
685,1.0776352882385254,0.7468224763870239,0.6564717888832092,0.4241534471511841
686,1.1010029315948486,0.7303078770637512,0.6299362182617188,0.4202037453651428
687,1.0970096588134766,0.7374165654182434,0.6194813251495361,0.42074280977249146
688,1.0889946222305298,0.7483800649642944,0.6433592438697815,0.42211782932281494
689,1.0768934488296509,0.7383356690406799,0.6539367437362671,0.4201621413230896
690,1.0887113809585571,0.7327846884727478,0.6296924352645874,0.41621267795562744
691,1.119123101234436,0.7461432814598083,0.6230028867721558,0.42107483744621277
692,1.126021146774292,0.7441787719726562,0.6055102944374084,0.4238501191139221
693,1.103929042816162,0.7249497175216675,0.6517395377159119,0.4169289469718933
694,1.0836585760116577,0.7312027215957642,0.6447107195854187,0.42061182856559753
695,1.0807653665542603,0.7210172414779663,0.6513041853904724,0.41445285081863403
696,1.1016533374786377,0.7442948818206787,0.6463325023651123,0.4195426404476166
697,1.0827832221984863,0.7429459095001221,0.6424266695976257,0.419014573097229
698,1.0972827672958374,0.73531574010849,0.6225687861442566,0.4173341691493988
699,1.0578023195266724,0.7490991950035095,0.6581623554229736,0.42098626494407654
700,1.1201860904693604,0.7371506094932556,0.6443316340446472,0.4205220937728882
701,1.100711703300476,0.7322342991828918,0.6366676688194275,0.4170314371585846
702,1.115731120109558,0.74855637550354,0.6277655363082886,0.4209294319152832
703,1.0731594562530518,0.7438467741012573,0.6424441933631897,0.41903772950172424
704,1.0904861688613892,0.7325451374053955,0.6406523585319519,0.41520464420318604
705,1.0666961669921875,0.7342638373374939,0.6415348649024963,0.41357043385505676
706,1.1275092363357544,0.7441062927246094,0.6292924880981445,0.41990870237350464
707,1.1203625202178955,0.7473702430725098,0.6412114500999451,0.42227718234062195
708,1.1089367866516113,0.7427375316619873,0.6353073716163635,0.4197107255458832
709,1.1125649213790894,0.7353058457374573,0.6508528590202332,0.41433489322662354
710,1.08559250831604,0.7402136921882629,0.6290829181671143,0.4148321747779846
711,1.061978816986084,0.746956467628479,0.6333115696907043,0.4159456491470337
712,1.0946085453033447,0.7305180430412292,0.6447020769119263,0.41512617468833923
713,1.0871800184249878,0.7407624125480652,0.6424007415771484,0.4184798002243042
714,1.0989553928375244,0.7332012057304382,0.6643483638763428,0.4175598621368408
715,1.0754939317703247,0.7356431484222412,0.6501352190971375,0.4191821217536926
716,1.0805097818374634,0.7415887117385864,0.6267045140266418,0.42021459341049194
717,1.0752917528152466,0.7284947037696838,0.6600688695907593,0.4165685772895813
718,1.0784803628921509,0.7388622164726257,0.66969895362854,0.42237260937690735
719,1.1110422611236572,0.7248353362083435,0.6599785089492798,0.4167150557041168
720,1.069933295249939,0.7427760362625122,0.6400169134140015,0.4191647469997406
721,1.0922842025756836,0.7250260710716248,0.6719801425933838,0.4137868285179138
722,1.0576814413070679,0.7289336323738098,0.6424910426139832,0.4123550057411194
723,1.0493055582046509,0.7578713297843933,0.6794801354408264,0.4200564920902252
724,1.0948731899261475,0.7431229948997498,0.6487804055213928,0.414567768573761
725,1.087070345878601,0.7492346167564392,0.6470429301261902,0.4197342097759247
726,1.124998688697815,0.7303982377052307,0.6464039087295532,0.41597044467926025
727,1.0942237377166748,0.7343172430992126,0.6269180774688721,0.4181789755821228
728,1.098978042602539,0.737293004989624,0.6484851241111755,0.4186360538005829
729,1.0926772356033325,0.7333927750587463,0.663736879825592,0.415474534034729
730,1.0993947982788086,0.7357935905456543,0.6631779074668884,0.4175776541233063
731,1.0529160499572754,0.7275902628898621,0.654758632183075,0.4184574782848358
732,1.0573979616165161,0.7353215217590332,0.6676547527313232,0.4154776334762573
733,1.0866738557815552,0.747940719127655,0.6490321755409241,0.4177381694316864
734,1.0834935903549194,0.7297502160072327,0.6566580533981323,0.4104415476322174
735,1.0638355016708374,0.7444649338722229,0.6669482588768005,0.41320163011550903
736,1.110469937324524,0.7460517287254333,0.653593122959137,0.4144120216369629
737,1.0821367502212524,0.7314003109931946,0.6371802091598511,0.41268685460090637
738,1.1035542488098145,0.7281796932220459,0.6592332124710083,0.41624966263771057
739,1.094307541847229,0.7289888262748718,0.6416070461273193,0.4202459752559662
740,1.0945605039596558,0.7197632789611816,0.6328686475753784,0.4157736003398895
741,1.0475432872772217,0.7186864614486694,0.6702492237091064,0.4154475927352905
742,1.1013898849487305,0.7206560373306274,0.6388657689094543,0.4171314835548401
743,1.0821067094802856,0.727064311504364,0.6766136884689331,0.4180969297885895
744,1.0493923425674438,0.7101760506629944,0.6754664778709412,0.4108392298221588
745,1.0754306316375732,0.716519832611084,0.6547577381134033,0.4087880849838257
746,1.0535413026809692,0.7312064170837402,0.6637057065963745,0.41728177666664124
747,1.1065585613250732,0.7153991460800171,0.640404462814331,0.41380074620246887
748,1.0553884506225586,0.728498101234436,0.6563400030136108,0.4199279248714447
749,1.051586389541626,0.7237391471862793,0.6652540564537048,0.4193533957004547
750,1.0714328289031982,0.7112098336219788,0.6433145403862,0.415828138589859
751,1.0875720977783203,0.7247616052627563,0.6492288708686829,0.41795942187309265
752,1.036708950996399,0.7273538112640381,0.6761314272880554,0.41728493571281433
753,1.0593950748443604,0.7294803857803345,0.6743186712265015,0.41783928871154785
754,1.0801640748977661,0.7262436151504517,0.6635481715202332,0.41885706782341003
755,1.0645625591278076,0.7295037508010864,0.6669312715530396,0.42082634568214417
756,1.094664216041565,0.7279245257377625,0.6450057029724121,0.4147876501083374
757,1.1031380891799927,0.7428193688392639,0.6754449605941772,0.41809606552124023
758,1.0750501155853271,0.7404342293739319,0.6688227653503418,0.41872403025627136
759,1.062429666519165,0.7353657484054565,0.6722906827926636,0.4171282649040222
760,1.0586814880371094,0.751570999622345,0.6902884244918823,0.41983848810195923
761,1.058645248413086,0.7445032596588135,0.6550877094268799,0.41684576869010925
762,1.0347309112548828,0.7355803847312927,0.6909900307655334,0.4176188111305237
763,1.094154715538025,0.7275987267494202,0.6541301608085632,0.41916149854660034
764,1.068560242652893,0.7328259944915771,0.6679472327232361,0.42293107509613037
765,1.0649698972702026,0.7211222052574158,0.6822353601455688,0.4155401885509491
766,1.052903175354004,0.728223979473114,0.6679571866989136,0.4173365533351898
767,1.0802205801010132,0.7172814607620239,0.6532098054885864,0.41399967670440674
768,1.0476144552230835,0.7264794111251831,0.660315752029419,0.41760018467903137
769,1.0757884979248047,0.7282576560974121,0.6480504870414734,0.420097678899765
770,1.0793448686599731,0.7234143614768982,0.6730743050575256,0.4184046685695648
771,1.0569242238998413,0.7282298803329468,0.6763467788696289,0.4206730127334595
772,1.0527056455612183,0.7319483160972595,0.651566207408905,0.4204639196395874
773,1.0838334560394287,0.7246541380882263,0.6624255776405334,0.41824987530708313
774,1.0615403652191162,0.7168285250663757,0.6443675756454468,0.4160725176334381
775,1.0664317607879639,0.7212894558906555,0.6583901643753052,0.41792768239974976
776,1.0673600435256958,0.7265634536743164,0.6655281186103821,0.41846567392349243
777,1.0497502088546753,0.7223857641220093,0.6583592295646667,0.41971099376678467
778,1.0662082433700562,0.7105748057365417,0.6603285074234009,0.41766634583473206
779,1.0743663311004639,0.7263571619987488,0.6884022355079651,0.4231698215007782
780,1.050506591796875,0.7251865267753601,0.6989995837211609,0.4202137887477875
781,1.0899944305419922,0.739982545375824,0.6689258217811584,0.4251421093940735
782,1.0697519779205322,0.7374427914619446,0.6947621703147888,0.4276244342327118
783,1.0633240938186646,0.7256397008895874,0.654152512550354,0.4237632155418396
784,1.058448076248169,0.7190771102905273,0.6621271967887878,0.4242474138736725
785,1.073086142539978,0.7365951538085938,0.6843814849853516,0.4292706847190857
786,1.048564076423645,0.7137426137924194,0.6965906023979187,0.4197829067707062
787,1.0581406354904175,0.7079305648803711,0.6697968244552612,0.41637903451919556
788,1.0400004386901855,0.7282810807228088,0.7104327082633972,0.423979789018631
789,1.0691567659378052,0.7242317795753479,0.6834141612052917,0.4265173673629761
790,1.0602868795394897,0.7139424681663513,0.6868261098861694,0.42188140749931335
791,1.0682339668273926,0.7175076603889465,0.6619311571121216,0.4225563406944275
792,1.0295614004135132,0.7022185921669006,0.6814809441566467,0.41895219683647156
793,1.0636413097381592,0.7054219841957092,0.6633119583129883,0.4177584946155548
794,1.0757776498794556,0.7178637385368347,0.6781662106513977,0.4237974286079407
795,1.035143256187439,0.7099984884262085,0.683850109577179,0.4174077808856964
796,1.0394893884658813,0.7293924689292908,0.688910961151123,0.4232426583766937
797,1.0360324382781982,0.7135578393936157,0.679194986820221,0.4164377450942993
798,1.0649731159210205,0.7201668620109558,0.672173261642456,0.42072194814682007
799,1.022235631942749,0.7275528907775879,0.6654577255249023,0.42479872703552246
800,1.0589852333068848,0.7182263731956482,0.682121992111206,0.42031097412109375
801,1.046481728553772,0.722432017326355,0.6689124703407288,0.4202355742454529
802,1.0568548440933228,0.7204586863517761,0.6752540469169617,0.4190670847892761
803,1.0518602132797241,0.7234598994255066,0.6848806738853455,0.42105409502983093
804,1.0456446409225464,0.7228946685791016,0.6782402992248535,0.42588695883750916
805,1.0756759643554688,0.7165929675102234,0.664000391960144,0.42172157764434814
806,1.0656839609146118,0.717414379119873,0.673232913017273,0.4191179573535919
807,1.0428959131240845,0.713660717010498,0.6879491806030273,0.42062294483184814
808,1.0724833011627197,0.7155278325080872,0.6753990054130554,0.42028290033340454
809,1.06912362575531,0.7127147912979126,0.6735960841178894,0.41948196291923523
810,1.012627363204956,0.7174818515777588,0.7010887861251831,0.41888684034347534
811,1.0458956956863403,0.719587504863739,0.7003966569900513,0.42097553610801697
812,1.0543553829193115,0.7140677571296692,0.6885145902633667,0.42164477705955505
813,1.0450321435928345,0.7108954787254333,0.69801265001297,0.4222411811351776
814,1.0544832944869995,0.7110688090324402,0.6832010746002197,0.41955190896987915
815,1.032873272895813,0.7083473205566406,0.7108180522918701,0.41850677132606506
816,1.0515824556350708,0.7171509265899658,0.6743658185005188,0.42290589213371277
817,1.031860113143921,0.7136039137840271,0.6946952939033508,0.42049407958984375
818,1.0785290002822876,0.7006929516792297,0.6607725024223328,0.42188194394111633
819,1.0170807838439941,0.7126380205154419,0.6836909055709839,0.4255139231681824
820,1.0526058673858643,0.7098332047462463,0.6846740245819092,0.42477813363075256
821,1.0682880878448486,0.7224586606025696,0.6860871315002441,0.4206139147281647
822,1.0532687902450562,0.7156684398651123,0.7010684609413147,0.41881486773490906
823,1.0521265268325806,0.7141748666763306,0.7024011015892029,0.4192102253437042
824,1.052323341369629,0.722728431224823,0.7014186382293701,0.4247329831123352
825,1.0659891366958618,0.7159100770950317,0.6537982225418091,0.42741456627845764
826,1.0231226682662964,0.6974160075187683,0.724186360836029,0.4201396107673645
827,1.0235651731491089,0.7061087489128113,0.720054030418396,0.42505577206611633
828,1.05487859249115,0.7096918225288391,0.6989907026290894,0.4240316152572632
829,1.0672566890716553,0.7083731293678284,0.661996603012085,0.4235135614871979
830,1.045873761177063,0.7083805203437805,0.7025843262672424,0.422330379486084
831,1.0417003631591797,0.697773814201355,0.6881775856018066,0.41864606738090515
832,1.032771348953247,0.7012311220169067,0.6942754983901978,0.4207151532173157
833,1.0591338872909546,0.7176083922386169,0.6998752951622009,0.4268815517425537
834,1.0195245742797852,0.7122707962989807,0.6853474378585815,0.4206298887729645
835,1.0247890949249268,0.7078816890716553,0.6918662786483765,0.4213228225708008
836,1.0596802234649658,0.7073323130607605,0.670769989490509,0.42450976371765137
837,1.059104084968567,0.7088910341262817,0.6945821046829224,0.4233608841896057
838,1.0455207824707031,0.7087849378585815,0.6950088739395142,0.4269885718822479
839,1.0476276874542236,0.7096216082572937,0.6980275511741638,0.42794397473335266
840,1.0292437076568604,0.7110871076583862,0.7091494798660278,0.4248291254043579
841,1.0615898370742798,0.709021270275116,0.6858841776847839,0.4248848259449005
842,1.03591787815094,0.7154977321624756,0.6935020089149475,0.42853841185569763
843,1.0402486324310303,0.7045796513557434,0.6893916130065918,0.42500200867652893
844,1.0572446584701538,0.7143819332122803,0.6877446174621582,0.43060940504074097
845,1.0414971113204956,0.7015053629875183,0.7048861384391785,0.4272254705429077
846,1.0136231184005737,0.6973264217376709,0.7064700126647949,0.4258507192134857
847,1.0083130598068237,0.7150996327400208,0.7009063363075256,0.42748379707336426
848,1.017033576965332,0.7141197323799133,0.7131471633911133,0.4250296354293823
849,1.0335248708724976,0.7031958699226379,0.7179812788963318,0.42315593361854553
850,1.0252668857574463,0.7037749290466309,0.7000066637992859,0.41974586248397827
851,1.0189125537872314,0.7062889337539673,0.6848292946815491,0.4212511479854584
852,1.0322790145874023,0.7061047554016113,0.7123684287071228,0.4216974079608917
853,1.0155473947525024,0.7029699683189392,0.7341050505638123,0.4235008656978607
854,1.0454938411712646,0.7123882174491882,0.7179291844367981,0.4280942380428314
855,1.0373643636703491,0.7105302810668945,0.7152806520462036,0.42922717332839966
856,1.001623511314392,0.6997103691101074,0.7043724060058594,0.42382633686065674
857,1.0190637111663818,0.7083157896995544,0.7110512852668762,0.4281127452850342
858,1.0229718685150146,0.7017552852630615,0.6920050382614136,0.4256642460823059
859,1.0432345867156982,0.7057009339332581,0.6988216638565063,0.4219878911972046
860,0.9948802590370178,0.7058956027030945,0.7378642559051514,0.4193812906742096
861,1.032416582107544,0.7083126902580261,0.7141702175140381,0.4222060441970825
862,1.0351468324661255,0.702750563621521,0.7032215595245361,0.42276841402053833
863,1.0404150485992432,0.6994579434394836,0.7109032869338989,0.41801661252975464
864,1.0196579694747925,0.7162178754806519,0.7072980999946594,0.42457249760627747
865,1.0130925178527832,0.7074626684188843,0.6986477971076965,0.4198802411556244
866,1.0420032739639282,0.6999624967575073,0.6956894993782043,0.41801318526268005
867,1.0001766681671143,0.701914370059967,0.7117504477500916,0.42064526677131653
868,1.0361061096191406,0.7004598379135132,0.6760218143463135,0.42225614190101624
869,1.0164120197296143,0.7117179036140442,0.7063366174697876,0.42496195435523987
870,1.0265004634857178,0.7076839804649353,0.7041867971420288,0.4198665916919708
871,1.004862904548645,0.6973126530647278,0.7106651663780212,0.42048290371894836
872,1.025789737701416,0.7042595148086548,0.7242915034294128,0.42274969816207886
873,1.0133501291275024,0.6979943513870239,0.71251380443573,0.4222826361656189
874,1.0394383668899536,0.6943791508674622,0.70955890417099,0.4229942262172699
875,1.0224534273147583,0.6950648427009583,0.7054885029792786,0.42408111691474915
876,0.9933682680130005,0.7018790245056152,0.7105952501296997,0.4248456060886383
877,1.025506615638733,0.7072978019714355,0.7144250869750977,0.42560699582099915
878,1.0664784908294678,0.692924439907074,0.6957308650016785,0.42210182547569275
879,1.023693323135376,0.6982128024101257,0.717505156993866,0.42675915360450745
880,1.0023025274276733,0.7073912620544434,0.7080496549606323,0.42163172364234924
881,1.0210273265838623,0.7110320329666138,0.7116547226905823,0.42204388976097107
882,1.0320384502410889,0.7019019722938538,0.700069785118103,0.4210270047187805
883,1.0301116704940796,0.7011225819587708,0.7196375727653503,0.4236236810684204
884,1.012385606765747,0.6988863945007324,0.7370409965515137,0.42572012543678284
885,1.0484890937805176,0.7029717564582825,0.7057766318321228,0.42936354875564575
886,1.0128612518310547,0.7063230872154236,0.7188109159469604,0.42870068550109863
887,1.0037871599197388,0.7036190629005432,0.722621500492096,0.4234325587749481
888,1.0440411567687988,0.7105045318603516,0.7364582419395447,0.42554816603660583
889,1.022914171218872,0.7068429589271545,0.7345092296600342,0.42625367641448975
890,1.03456711769104,0.7043094635009766,0.7161997556686401,0.4259202778339386
891,1.0192184448242188,0.6999761462211609,0.7059710621833801,0.4262082576751709
892,1.021483063697815,0.6859179735183716,0.6924881339073181,0.41771984100341797
893,0.9948736429214478,0.6943644881248474,0.6997857689857483,0.42103111743927
894,1.0252550840377808,0.6992692947387695,0.7126947045326233,0.42057275772094727
895,1.0161018371582031,0.6882690787315369,0.718604326248169,0.42052996158599854
896,1.0036673545837402,0.699114978313446,0.7423763871192932,0.42536619305610657
897,1.0507776737213135,0.6959852576255798,0.7067734599113464,0.42304500937461853
898,1.0087239742279053,0.701323390007019,0.7239260077476501,0.42484939098358154
899,1.0508768558502197,0.692018985748291,0.7270368337631226,0.42179644107818604
900,1.0118824243545532,0.6959097385406494,0.7111567258834839,0.4202536940574646
901,1.017038345336914,0.7098461389541626,0.7033109068870544,0.4210910201072693
902,1.0137603282928467,0.7066529393196106,0.7116267681121826,0.42260313034057617
903,0.9960129857063293,0.6951097249984741,0.7154452800750732,0.41808441281318665
904,0.9947827458381653,0.7081391215324402,0.7417095899581909,0.42288708686828613
905,1.0137792825698853,0.7043780088424683,0.727179229259491,0.423801451921463
906,1.0285508632659912,0.7038546204566956,0.721687376499176,0.42734965682029724
907,0.9843004941940308,0.7032771110534668,0.7184885144233704,0.4298037886619568
908,1.0263395309448242,0.6896113157272339,0.7188943028450012,0.4260481595993042
909,1.0075839757919312,0.7003915905952454,0.7137153744697571,0.42658740282058716
910,1.0397635698318481,0.6904085278511047,0.7108079195022583,0.4206734299659729
911,0.981636643409729,0.7037693858146667,0.7409940361976624,0.4281578063964844
912,0.9874081611633301,0.6985092163085938,0.7305315732955933,0.42663460969924927
913,1.0196187496185303,0.7029908895492554,0.7159056663513184,0.42841920256614685
914,1.0411019325256348,0.6955528855323792,0.7118774652481079,0.426383376121521
915,0.9967851638793945,0.695798397064209,0.7345955967903137,0.4254663288593292
916,1.0007951259613037,0.7030225396156311,0.7512884140014648,0.42340776324272156
917,0.9905694723129272,0.7124329209327698,0.741378664970398,0.42532259225845337
918,1.0346877574920654,0.7050039172172546,0.6953414678573608,0.42467132210731506
919,1.026753306388855,0.7042693495750427,0.7274259924888611,0.4255139231681824
920,1.0239452123641968,0.7053653597831726,0.712514340877533,0.4256941080093384
921,0.9999621510505676,0.7057355046272278,0.704922080039978,0.42527148127555847
922,1.0147823095321655,0.6951337456703186,0.7260122299194336,0.4243103265762329
923,0.9879766702651978,0.6989803910255432,0.7366682887077332,0.4291907846927643
924,1.0420888662338257,0.6945002675056458,0.7351845502853394,0.4311051368713379
925,1.03390634059906,0.6952021718025208,0.6959512233734131,0.4285695254802704
926,1.0138670206069946,0.6945196986198425,0.7365127801895142,0.4304184913635254
927,1.0076370239257812,0.6904519200325012,0.7248532772064209,0.43203428387641907
928,1.009257435798645,0.6993203163146973,0.7466707229614258,0.4296478033065796
929,0.9931241273880005,0.6918438076972961,0.7300276160240173,0.4267186224460602
930,0.9923856854438782,0.6864344477653503,0.7349241375923157,0.4267212450504303
931,0.9895567297935486,0.7071554660797119,0.7277448177337646,0.424149751663208
932,1.0311760902404785,0.7060419917106628,0.714110255241394,0.4252113103866577
933,1.0240015983581543,0.6966978907585144,0.7169760465621948,0.4262983798980713
934,1.0101109743118286,0.6902456879615784,0.7301045656204224,0.42674607038497925
935,0.9852217435836792,0.6991938352584839,0.7402887344360352,0.424848735332489
936,1.0110732316970825,0.7009909152984619,0.7186986207962036,0.42845800518989563
937,0.9952587485313416,0.7003095746040344,0.7315758466720581,0.4303702116012573
938,1.007553219795227,0.686636209487915,0.7176951169967651,0.42740538716316223
939,0.9881187081336975,0.6941642165184021,0.7206437587738037,0.4276951849460602
940,0.9876652956008911,0.6992416977882385,0.736345648765564,0.42901045083999634
941,1.0156569480895996,0.7025017738342285,0.7147612571716309,0.427044153213501
942,1.0084102153778076,0.6948682069778442,0.7283471822738647,0.42382630705833435
943,0.985161304473877,0.7002440094947815,0.729602038860321,0.4274881184101105
944,0.9955160617828369,0.7034842371940613,0.7223606705665588,0.42784884572029114
945,0.9827901124954224,0.699600100517273,0.7391306757926941,0.4299907088279724
946,1.038211464881897,0.6899362206459045,0.7172502875328064,0.4276962876319885
947,0.9999111890792847,0.6889920234680176,0.7103312611579895,0.42848604917526245
948,1.0189933776855469,0.6929881572723389,0.7346726059913635,0.4309608042240143
949,0.9897904992103577,0.6833338737487793,0.7226963639259338,0.4225099980831146
950,1.01520836353302,0.6850998401641846,0.7246360778808594,0.4258614182472229
951,0.9920974969863892,0.6840498447418213,0.7462326288223267,0.42555779218673706
952,0.9947558641433716,0.6850493550300598,0.7250924706459045,0.42488014698028564
953,0.9884862899780273,0.6920169591903687,0.7392097115516663,0.4263664782047272
954,0.9822884798049927,0.6901842355728149,0.7478101849555969,0.4261520504951477
955,1.0097163915634155,0.6908192038536072,0.7029340267181396,0.4219178557395935
956,1.00026535987854,0.6951620578765869,0.7283066511154175,0.42049187421798706
957,0.966139554977417,0.694438099861145,0.7561739683151245,0.4225389361381531
958,1.0115536451339722,0.6920547485351562,0.7192294001579285,0.4255180060863495
959,0.9836163520812988,0.6859017610549927,0.7263264060020447,0.42675089836120605
960,0.9880563616752625,0.6839014887809753,0.7238755822181702,0.42733627557754517
961,1.0037790536880493,0.6920609474182129,0.7400943636894226,0.4300583600997925
962,1.003363847732544,0.6936472058296204,0.7247462868690491,0.42737749218940735
963,0.994208812713623,0.6854996681213379,0.7237261533737183,0.4243674874305725
964,0.9898901581764221,0.6959293484687805,0.7354186177253723,0.4246557950973511
965,0.9929484724998474,0.6871163249015808,0.7221682667732239,0.42331722378730774
966,0.982574462890625,0.6947645545005798,0.7475143074989319,0.4274786412715912
967,1.0045437812805176,0.6936845779418945,0.7494205832481384,0.42225489020347595
968,0.9812803268432617,0.7051286697387695,0.7407345175743103,0.4271888732910156
969,0.9741359353065491,0.6883403658866882,0.7340486645698547,0.42447376251220703
970,0.9572951197624207,0.6870933771133423,0.7560712695121765,0.42029696702957153
971,0.9714720249176025,0.6864089369773865,0.7334074378013611,0.42273059487342834
972,0.9778611660003662,0.6877430081367493,0.7331693172454834,0.42033636569976807
973,0.9944214224815369,0.693893313407898,0.734042763710022,0.42281728982925415
974,0.9799724221229553,0.6903116106987,0.7194222211837769,0.4198743999004364
975,0.9798303246498108,0.6934990882873535,0.7317139506340027,0.42370036244392395
976,1.01575767993927,0.6940320730209351,0.7296616435050964,0.4231581687927246
977,0.9723160862922668,0.68630450963974,0.7575625777244568,0.4194752871990204
978,1.0186350345611572,0.6915064454078674,0.7337934970855713,0.4200302064418793
979,0.9694405794143677,0.7036389112472534,0.739588737487793,0.42328977584838867
980,0.967833399772644,0.7009138464927673,0.744907796382904,0.42346203327178955
981,1.0087392330169678,0.7016683220863342,0.7133501768112183,0.4244263768196106
982,0.9724127650260925,0.703234076499939,0.7370437383651733,0.42526116967201233
983,0.9519630670547485,0.696233868598938,0.7376002073287964,0.4232802987098694
984,0.9499961733818054,0.7123034000396729,0.7678154110908508,0.42885446548461914
985,0.981546938419342,0.6901624202728271,0.7218720316886902,0.423347145318985
986,0.9671234488487244,0.7002119421958923,0.7525156736373901,0.4262661635875702
987,0.9820336699485779,0.705001711845398,0.7316017746925354,0.4241235852241516
988,0.99322909116745,0.6896693110466003,0.7348086833953857,0.42029738426208496
989,0.9816067814826965,0.699241042137146,0.7341713905334473,0.42290908098220825
990,0.9791987538337708,0.684485673904419,0.7548387050628662,0.4199283719062805
991,0.9749590754508972,0.6856652498245239,0.744726836681366,0.4233153462409973
992,0.9970731735229492,0.6886398792266846,0.7468647360801697,0.42093783617019653
993,0.9549446105957031,0.6928327083587646,0.7222853302955627,0.4167787730693817
994,0.9488207697868347,0.6976761817932129,0.7469052076339722,0.4171512722969055
995,0.9650188088417053,0.7076565623283386,0.7394260764122009,0.42286625504493713
996,0.9820706248283386,0.6917452216148376,0.7354869842529297,0.41707539558410645
997,0.9773465394973755,0.6956385970115662,0.7656062245368958,0.4180074632167816
998,0.9691674709320068,0.6962817907333374,0.7580364346504211,0.4178694188594818
999,0.9954385161399841,0.6957576274871826,0.7232531309127808,0.41490378975868225
1000,0.960701584815979,0.6940540671348572,0.7592047452926636,0.41620540618896484
1001,0.9827339053153992,0.7007789015769958,0.7276326417922974,0.4150393605232239
1002,0.9585891366004944,0.7031096816062927,0.7585667371749878,0.4165671169757843
1003,0.9592042565345764,0.6963792443275452,0.7719313502311707,0.41744545102119446
1004,0.954338550567627,0.6891590356826782,0.7563894987106323,0.4135964810848236
1005,0.9965203404426575,0.6943234801292419,0.7191648483276367,0.4169294238090515
1006,0.9705473184585571,0.6801308989524841,0.7402025461196899,0.41304659843444824
1007,0.9719977974891663,0.6932503581047058,0.7505589127540588,0.414080411195755
1008,0.9916677474975586,0.6970394849777222,0.7352460622787476,0.4163787066936493
1009,0.9845418930053711,0.7001708745956421,0.7359039783477783,0.4200907349586487
1010,0.970920979976654,0.6937161087989807,0.7632260918617249,0.4229942560195923
1011,0.948326587677002,0.6863579750061035,0.7319663763046265,0.4196747839450836
1012,0.9913351535797119,0.688057005405426,0.7222264409065247,0.4197613596916199
1013,0.9692569375038147,0.6937718391418457,0.7447071671485901,0.4216352105140686
1014,0.9780418276786804,0.6949474811553955,0.7554092407226562,0.4184383153915405
1015,0.9673614501953125,0.6926178932189941,0.7381656765937805,0.41621720790863037
1016,0.9593104720115662,0.6959403157234192,0.7452971339225769,0.41817110776901245
1017,0.9775599241256714,0.7007700204849243,0.7449625134468079,0.4216671288013458
1018,0.9793141484260559,0.6989888548851013,0.7401416897773743,0.42317745089530945
1019,0.9809070229530334,0.6894442439079285,0.7363308072090149,0.4219475984573364
1020,0.9664443731307983,0.6937959790229797,0.7632938027381897,0.42649832367897034
1021,0.9575024843215942,0.6902974843978882,0.755477786064148,0.42232927680015564
1022,0.9630504250526428,0.690034031867981,0.76124507188797,0.4228716194629669
1023,1.0137121677398682,0.6951372027397156,0.746176540851593,0.42305058240890503
1024,0.948020339012146,0.6892472505569458,0.7665400505065918,0.42274805903434753
1025,0.9805752635002136,0.6922420263290405,0.7595930695533752,0.4208768904209137
1026,0.9640246629714966,0.6950598359107971,0.7688003182411194,0.424981027841568
1027,0.9493696689605713,0.6937597990036011,0.771807849407196,0.42266130447387695
1028,0.956168532371521,0.6975866556167603,0.7566807866096497,0.4259893596172333
1029,0.9694320559501648,0.7068365812301636,0.7422807812690735,0.4289773106575012
1030,0.9839941263198853,0.6936569213867188,0.7344334721565247,0.4216786026954651
1031,0.9473098516464233,0.6842629313468933,0.7636002898216248,0.4217508137226105
1032,0.9700712561607361,0.6982467174530029,0.7374355792999268,0.42697641253471375
1033,0.970910370349884,0.7046355605125427,0.737808346748352,0.431948184967041
1034,0.9686961770057678,0.6943075060844421,0.7585716247558594,0.4306395649909973
1035,0.9530065655708313,0.6965983510017395,0.7410096526145935,0.43088021874427795
1036,0.9759507775306702,0.6911038756370544,0.7490881681442261,0.426280677318573
1037,0.9538450837135315,0.6970586180686951,0.7443757653236389,0.4271780252456665
1038,0.9642231464385986,0.6960270404815674,0.7719789743423462,0.4261770248413086
1039,0.9505687355995178,0.6990939378738403,0.7460540533065796,0.4262959659099579
1040,0.9562246799468994,0.6888471245765686,0.7456295490264893,0.42510879039764404
1041,0.9418637156486511,0.6880804896354675,0.7682439088821411,0.4232630133628845
1042,0.9445095658302307,0.7033227682113647,0.7731949090957642,0.4255404472351074
1043,0.969379723072052,0.685556948184967,0.7445908784866333,0.42132312059402466
1044,0.9919692873954773,0.6819087862968445,0.7283821105957031,0.4223902225494385
1045,0.9838151335716248,0.7000391483306885,0.7334892749786377,0.4253056049346924
1046,0.9518404006958008,0.6999102234840393,0.7624396085739136,0.42235735058784485
1047,0.9631677269935608,0.6921576857566833,0.7395772933959961,0.41919976472854614
1048,0.9436181783676147,0.6919400095939636,0.745111882686615,0.4201818108558655
1049,0.9571359157562256,0.6875761151313782,0.7595139741897583,0.41888007521629333
1050,0.9720784425735474,0.6899636387825012,0.7558348178863525,0.4192732572555542
1051,0.9439464211463928,0.6847135424613953,0.766875147819519,0.4162660539150238
1052,0.9405028223991394,0.6935156583786011,0.7684139609336853,0.4219081401824951
1053,0.9467315673828125,0.681545078754425,0.7597051858901978,0.4152715504169464
1054,0.9601466655731201,0.6982588171958923,0.7648882865905762,0.42215409874916077
1055,0.9689384698867798,0.6974760293960571,0.751366138458252,0.4227510392665863
1056,0.9620116949081421,0.6956130862236023,0.7568857073783875,0.4214235246181488
1057,1.0105156898498535,0.6869951486587524,0.7213479280471802,0.41950106620788574
1058,0.9915762543678284,0.6907477378845215,0.7454164028167725,0.4188080430030823
1059,0.9758383631706238,0.6862409114837646,0.7561963796615601,0.419034868478775
1060,0.9489079117774963,0.6846235990524292,0.7500691413879395,0.4213376045227051
1061,0.944559633731842,0.6876165270805359,0.7383438348770142,0.42342156171798706
1062,0.9544378519058228,0.6915723085403442,0.761745810508728,0.4198949337005615
1063,0.9801402688026428,0.6964381337165833,0.7663949131965637,0.42194193601608276
1064,0.942840576171875,0.6894052028656006,0.7424823045730591,0.4193876087665558
1065,0.9281538724899292,0.6960242390632629,0.7552496790885925,0.4198097884654999
1066,0.9694980978965759,0.693536639213562,0.7452620267868042,0.41996443271636963
1067,0.9746571183204651,0.6870559453964233,0.7343295216560364,0.41616472601890564
1068,0.9710615277290344,0.6935954093933105,0.7388757467269897,0.42358747124671936
1069,0.9502375721931458,0.7006672620773315,0.7515398859977722,0.4252949059009552
1070,0.9516255259513855,0.6845594048500061,0.766581118106842,0.42004746198654175
1071,0.9584540128707886,0.6795579791069031,0.7525010704994202,0.4177766442298889
1072,0.9454812407493591,0.688687801361084,0.7451183795928955,0.4191162884235382
1073,0.9474338889122009,0.6826562285423279,0.7493780255317688,0.4138733148574829
1074,0.9552271962165833,0.693769633769989,0.7454311847686768,0.4172883927822113
1075,0.95707106590271,0.6914698481559753,0.7420458793640137,0.4137101471424103
1076,0.962832510471344,0.6957833766937256,0.7547827363014221,0.4166903793811798
1077,0.9988829493522644,0.696258544921875,0.7253612875938416,0.4194428026676178
1078,0.9574867486953735,0.6953001618385315,0.7471712231636047,0.42111822962760925
1079,0.9548783898353577,0.6867574453353882,0.7652177214622498,0.4185020327568054
1080,0.9770253300666809,0.6869660019874573,0.7436642050743103,0.41835448145866394
1081,0.94053053855896,0.6887220740318298,0.755469560623169,0.42032569646835327
1082,0.9439552426338196,0.6960474252700806,0.7614428400993347,0.4254235029220581
1083,0.9508723616600037,0.6879388093948364,0.7575644850730896,0.42100095748901367
1084,0.9512251019477844,0.6905543208122253,0.7399133443832397,0.41903412342071533
1085,0.9201391935348511,0.6929240226745605,0.7705819606781006,0.41859591007232666
1086,0.9787658452987671,0.6917372941970825,0.7666739821434021,0.42274320125579834
1087,0.964212954044342,0.6951600313186646,0.7639662623405457,0.42601385712623596
1088,0.9773244857788086,0.6856368184089661,0.7598772048950195,0.4221010208129883
1089,0.9516165256500244,0.6887328624725342,0.7793582677841187,0.423622727394104
1090,0.9619469046592712,0.6992344856262207,0.7589073181152344,0.4236283302307129
1091,0.9446478486061096,0.701615035533905,0.7758605480194092,0.42586609721183777
1092,0.9569342136383057,0.6894622445106506,0.749463677406311,0.42275479435920715
1093,0.950964629650116,0.6896551847457886,0.754619836807251,0.423094242811203
1094,0.9528802633285522,0.6925328373908997,0.7701258659362793,0.42149853706359863
1095,0.9473139643669128,0.6934252381324768,0.7596904039382935,0.42178791761398315
1096,0.9370608329772949,0.6904314160346985,0.7624800801277161,0.4202004373073578
1097,0.9325020909309387,0.6842972636222839,0.7581050395965576,0.41436830163002014
1098,0.9577775597572327,0.7035769820213318,0.7420200109481812,0.4226001501083374
1099,0.9489148259162903,0.7072692513465881,0.7612397074699402,0.4218938946723938
1100,0.9569636583328247,0.6921674609184265,0.7771514058113098,0.42130815982818604
1101,0.9585095643997192,0.6972185969352722,0.7704818844795227,0.42175352573394775
1102,0.9434760808944702,0.7019510865211487,0.7870084047317505,0.42033571004867554
1103,0.9361468553543091,0.7026148438453674,0.7595634460449219,0.41954275965690613
1104,0.9579277038574219,0.6825789213180542,0.744404137134552,0.41739556193351746
1105,0.9655474424362183,0.6866987347602844,0.757106363773346,0.42293205857276917
1106,0.9505978226661682,0.6936987042427063,0.7761462330818176,0.42388221621513367
1107,0.9625295996665955,0.6940839290618896,0.7546870708465576,0.4251112639904022
1108,0.9541205167770386,0.691667377948761,0.7631760239601135,0.4269293248653412
1109,0.9399113655090332,0.6965264081954956,0.7588396072387695,0.4264927804470062
1110,0.9938181638717651,0.683544933795929,0.738454282283783,0.41791650652885437
1111,0.9377629160881042,0.6941806674003601,0.7459447979927063,0.42228376865386963
1112,0.9232730269432068,0.6881555318832397,0.7655788064002991,0.4150279462337494
1113,0.934914231300354,0.6910623908042908,0.7667326331138611,0.4153669476509094
1114,0.9477627873420715,0.6887493133544922,0.7627607583999634,0.41831856966018677
1115,0.933790922164917,0.6887399554252625,0.7633450627326965,0.41946637630462646
1116,0.95111483335495,0.6947497725486755,0.7476466298103333,0.42405328154563904
1117,0.9508534073829651,0.6777750849723816,0.7430533170700073,0.41675373911857605
1118,0.9516901969909668,0.685989499092102,0.773919939994812,0.4175720810890198
1119,0.9484165906906128,0.6848891973495483,0.7660422921180725,0.4135313630104065
1120,0.9339685440063477,0.6952317953109741,0.7407271265983582,0.4177941381931305
1121,0.9111284017562866,0.6925703883171082,0.7799258828163147,0.40671053528785706
1122,0.9675142168998718,0.6986716389656067,0.7701936960220337,0.40864503383636475
1123,0.9196363687515259,0.6941646933555603,0.7872775197029114,0.41097110509872437
1124,0.9345991611480713,0.7087146639823914,0.7712737321853638,0.4129627048969269
1125,0.9362701177597046,0.6884321570396423,0.7656082510948181,0.4107661247253418
1126,0.9695910215377808,0.6897253394126892,0.7330740094184875,0.4132865369319916
1127,0.9441447854042053,0.688873291015625,0.7676698565483093,0.41113540530204773
1128,0.9397559762001038,0.6937111020088196,0.7633338570594788,0.41844767332077026
1129,0.9424171447753906,0.6919812560081482,0.7483537793159485,0.4205842614173889
1130,0.9280896186828613,0.6854143142700195,0.7704735398292542,0.4110078513622284
1131,0.9351621866226196,0.6942391395568848,0.7506623268127441,0.41535452008247375
1132,0.957462728023529,0.6930548548698425,0.7476696968078613,0.4160446226596832
1133,0.9421812891960144,0.6901815533638,0.754351019859314,0.4105198383331299
1134,0.9283514618873596,0.6951414346694946,0.7590959072113037,0.4146265983581543
1135,0.9288930892944336,0.6933102607727051,0.72600919008255,0.4090089499950409
1136,0.9395434260368347,0.6974897384643555,0.7533689737319946,0.4080318212509155
1137,0.9522021412849426,0.6926985383033752,0.7612333297729492,0.40758615732192993
1138,0.926662266254425,0.687971293926239,0.7633845210075378,0.4154305160045624
1139,0.9489129781723022,0.6869847774505615,0.7698286175727844,0.415524423122406
1140,0.9257078170776367,0.6872302889823914,0.7743445634841919,0.4128365218639374
1141,0.9381875395774841,0.6898239850997925,0.7619540095329285,0.4121977984905243
1142,0.9370262026786804,0.6988826990127563,0.7758522629737854,0.4142046868801117
1143,0.942205548286438,0.7035415768623352,0.7479287385940552,0.41499394178390503
1144,0.9215702414512634,0.6960612535476685,0.7740869522094727,0.4150770902633667
1145,0.9601252675056458,0.6874588131904602,0.7616146802902222,0.40712302923202515
1146,0.9246543645858765,0.7010380625724792,0.756969153881073,0.41259512305259705
1147,0.922953188419342,0.6882922649383545,0.7654421925544739,0.41448843479156494
1148,0.918154776096344,0.6879920959472656,0.7636086344718933,0.4109783470630646
1149,0.9215245246887207,0.6878069639205933,0.7597206234931946,0.40704306960105896
1150,0.9500419497489929,0.6945092082023621,0.7652791142463684,0.413676381111145
1151,0.9308448433876038,0.6919539570808411,0.769778311252594,0.41235244274139404
1152,0.9194543361663818,0.6877135038375854,0.7852483987808228,0.4121718108654022
1153,0.935928225517273,0.6820766925811768,0.7773774266242981,0.41372746229171753
1154,0.9371963739395142,0.6714138388633728,0.772193431854248,0.4070880711078644
1155,0.9018926620483398,0.6967191100120544,0.7854540944099426,0.4160599410533905
1156,0.9351797699928284,0.6889364123344421,0.751683235168457,0.41171330213546753
1157,0.9208710789680481,0.6901103258132935,0.7653071880340576,0.40902113914489746
1158,0.94154953956604,0.6951525807380676,0.7839636206626892,0.4126788377761841
1159,0.9345985054969788,0.697393536567688,0.7747605443000793,0.4128531813621521
1160,0.9534123539924622,0.6996689438819885,0.7767477035522461,0.4149491786956787
1161,0.9005355834960938,0.6886662244796753,0.7912881374359131,0.41480958461761475
1162,0.9223206639289856,0.6882497668266296,0.7525148987770081,0.4089673161506653
1163,0.9575365781784058,0.6898947358131409,0.7476266026496887,0.41431573033332825
1164,0.9402070641517639,0.6910440325737,0.7708079218864441,0.41458678245544434
1165,0.9019107222557068,0.6840577125549316,0.7708987593650818,0.40901902318000793
1166,0.9575880169868469,0.6923673152923584,0.7538151741027832,0.4125537872314453
1167,0.9335587620735168,0.6889262199401855,0.7556503415107727,0.4136062562465668
1168,0.9165084958076477,0.6723332405090332,0.7833865284919739,0.40552741289138794
1169,0.9333081245422363,0.6872175931930542,0.7651252746582031,0.4105846881866455
1170,0.8953240513801575,0.6865302324295044,0.767740786075592,0.4080255925655365
1171,0.9221046566963196,0.6967729330062866,0.7623404264450073,0.40770241618156433
1172,0.953330397605896,0.6875432133674622,0.7507357001304626,0.40418103337287903
1173,0.9104509353637695,0.6882352828979492,0.7829802632331848,0.4061073660850525
1174,0.9470115900039673,0.6870691776275635,0.7519484162330627,0.40850114822387695
1175,0.9318586587905884,0.6923653483390808,0.7643631100654602,0.4117300808429718
1176,0.943519115447998,0.6849625706672668,0.766309380531311,0.4048064947128296
1177,0.9153571724891663,0.6870076656341553,0.7603765726089478,0.40710362792015076
1178,0.8962353467941284,0.6968441009521484,0.7960332036018372,0.4079546630382538
1179,0.9126385450363159,0.6830512285232544,0.7588567733764648,0.4012156128883362
1180,0.9307795763015747,0.6951274871826172,0.7619525790214539,0.4054412543773651
1181,0.926437258720398,0.6902889609336853,0.7662866115570068,0.40452563762664795
1182,0.9035568237304688,0.690443217754364,0.770726203918457,0.406402587890625
1183,0.9058526158332825,0.6958873271942139,0.7833511233329773,0.409158319234848
1184,0.9300073385238647,0.7055312991142273,0.7975207567214966,0.41217416524887085
1185,0.9347737431526184,0.695601761341095,0.7719648480415344,0.4110528826713562
1186,0.8880060911178589,0.692113995552063,0.7746422290802002,0.41026541590690613
1187,0.9252369403839111,0.6955909729003906,0.7575196623802185,0.4124820828437805
1188,0.9143078923225403,0.6939606070518494,0.7931486368179321,0.4102638363838196
1189,0.9501100182533264,0.6979057788848877,0.7660289406776428,0.41179582476615906
1190,0.941817045211792,0.701987624168396,0.7664994597434998,0.4150387644767761
1191,0.9489454627037048,0.6909604072570801,0.765059232711792,0.4064536988735199
1192,0.9603261947631836,0.6997393369674683,0.7555218935012817,0.41021016240119934
1193,0.915941596031189,0.6983785033226013,0.7532867789268494,0.40944042801856995
1194,0.9497897028923035,0.7042017579078674,0.7472552061080933,0.40939125418663025
1195,0.9190942049026489,0.6928715705871582,0.7701090574264526,0.4091348946094513
1196,0.9451196193695068,0.6870047450065613,0.7633967399597168,0.409817099571228
1197,0.9224732518196106,0.6911785006523132,0.7734331488609314,0.4094526767730713
1198,0.9172601699829102,0.6859373450279236,0.7641584873199463,0.4093954563140869
1199,0.9300431609153748,0.6871687769889832,0.7675098776817322,0.41203904151916504
1200,0.8942549228668213,0.6852840185165405,0.7740711569786072,0.41368019580841064
1201,0.9251489043235779,0.6815546751022339,0.7655335664749146,0.4077020287513733
1202,0.9211825132369995,0.6885508894920349,0.7696704864501953,0.409183531999588
1203,0.9266241192817688,0.695520281791687,0.7796759009361267,0.4087624251842499
1204,0.9439260959625244,0.6963151693344116,0.7673284411430359,0.40803489089012146
1205,0.9262179136276245,0.6836454272270203,0.7735131978988647,0.40352103114128113
1206,0.930137038230896,0.6992701888084412,0.7833896279335022,0.4083591401576996
1207,0.9165228009223938,0.704749584197998,0.7686190605163574,0.4055851101875305
1208,0.915126621723175,0.7002030611038208,0.7873852849006653,0.4053948223590851
1209,0.9303005933761597,0.6908443570137024,0.7630367279052734,0.401938796043396
1210,0.9234429597854614,0.7020536065101624,0.7848540544509888,0.4075881838798523
1211,0.9020975828170776,0.7015315294265747,0.7995301485061646,0.40868818759918213
1212,0.9298117160797119,0.6965054273605347,0.7629180550575256,0.4053148627281189
1213,0.942197859287262,0.69071364402771,0.7663966417312622,0.40293237566947937
1214,0.9226940870285034,0.694445013999939,0.7799069285392761,0.40672117471694946
1215,0.9546988010406494,0.6950894594192505,0.7743510007858276,0.40900304913520813
1216,0.9415333271026611,0.6945403218269348,0.7826873660087585,0.4140315055847168
1217,0.9374459981918335,0.6880590915679932,0.7672046422958374,0.40942803025245667
1218,0.9136389493942261,0.6972643733024597,0.7893533110618591,0.41317394375801086
1219,0.8931970596313477,0.6888592839241028,0.7463996410369873,0.41114717721939087
1220,0.8876731991767883,0.6933068633079529,0.8052667379379272,0.4100877642631531
1221,0.8985944986343384,0.6985655426979065,0.7969970107078552,0.41168588399887085
1222,0.9156874418258667,0.6968435645103455,0.7763036489486694,0.40771567821502686
1223,0.9083163142204285,0.7035655379295349,0.7654352188110352,0.4092969596385956
1224,0.9118983745574951,0.700396716594696,0.7760054469108582,0.4013330936431885
1225,0.9047335386276245,0.7012128233909607,0.7740084528923035,0.3992852568626404
1226,0.8978718519210815,0.6988661289215088,0.774761974811554,0.39878958463668823
1227,0.9018458127975464,0.6996027231216431,0.7773094773292542,0.4022505581378937
1228,0.9006106853485107,0.6924169659614563,0.7664053440093994,0.40049710869789124
1229,0.8993315100669861,0.6928503513336182,0.7843813300132751,0.3983173668384552
1230,0.8958724737167358,0.6927255392074585,0.777347981929779,0.3987373411655426
1231,0.9096975326538086,0.6846235990524292,0.7545610070228577,0.40034720301628113
1232,0.9121311902999878,0.6876200437545776,0.7838318943977356,0.40028461813926697
1233,0.8878134489059448,0.6951925158500671,0.7900964021682739,0.4003501832485199
1234,0.9327685832977295,0.6993886828422546,0.7819682955741882,0.39948683977127075
1235,0.9369694590568542,0.6996578574180603,0.7786726355552673,0.40205109119415283
1236,0.9288620352745056,0.6941783428192139,0.7630210518836975,0.40564873814582825
1237,0.9128637313842773,0.6997153162956238,0.7754632234573364,0.40633025765419006
1238,0.9152309894561768,0.6975907683372498,0.7628669142723083,0.40130922198295593
1239,0.8863447308540344,0.6937099695205688,0.7645355463027954,0.4035162031650543
1240,0.9373196363449097,0.7043598890304565,0.7409660220146179,0.4098590016365051
1241,0.9130836725234985,0.6897851824760437,0.7750073075294495,0.4018656015396118
1242,0.9015664458274841,0.6915035843849182,0.762132465839386,0.39795342087745667
1243,0.9156884551048279,0.7008354663848877,0.7733362317085266,0.39740389585494995
1244,0.9293879866600037,0.7064306735992432,0.7801333665847778,0.40081313252449036
1245,0.9173526167869568,0.7020570039749146,0.7555232048034668,0.4041232168674469
1246,0.9177176356315613,0.6782390475273132,0.7575898170471191,0.3999408781528473
1247,0.8984645009040833,0.6950412392616272,0.7733691930770874,0.40089818835258484
1248,0.9539097547531128,0.7048925161361694,0.7435519099235535,0.40449759364128113
1249,0.9299970865249634,0.7030631899833679,0.7612727284431458,0.4035989046096802
1250,0.9423367381095886,0.6920030117034912,0.7759132981300354,0.39868369698524475
1251,0.9220805764198303,0.6889246106147766,0.7669937610626221,0.39689967036247253
1252,0.9245792031288147,0.6975409984588623,0.7708278298377991,0.40085312724113464
1253,0.9060673713684082,0.6890028119087219,0.7714836001396179,0.39488935470581055
1254,0.91844242811203,0.6959744095802307,0.7671232223510742,0.3972081243991852
