	Unique	PDB_mut	Clean_mut	PDB_ID	Chain	Uniprot_ID	DDG_avg	DDG	Affinity_WT	Affinity_M	Location	Experimental_method	SKEMPI_version	out_type	out_protein	CC_ID
0	4K71_B_HB161A	HB161A	HB157A	4K71	4K71_B	P55899	-0.644	-0.644	3e-09	8.9e-09	RIM	ELISA	2		4K71_A_BC	0
1	4K71_B_HB161F	HB161F	HB157F	4K71	4K71_B	P55899	-0.185	-0.185	3e-09	4.1e-09	RIM	ELISA	2		4K71_A_BC	0
2	1BJ1_H_YH54A	YH54A	YH54A	1BJ1	1BJ1_H	Not Mapped	-1.328	-1.328	3.4e-09	3.2e-08	RIM	SPR	2	AB/AG	AB/AG	0
3	1BJ1_H_YH27A	YH27A	YH27A	1BJ1	1BJ1_H	Not Mapped	-2.244	-2.244	3.4e-09	1.5e-07	INT	SPR	2	AB/AG	AB/AG	0
4	1BJ1_H_TH28D	TH28D	TH28D	1BJ1	1BJ1_H	Not Mapped	0.22	0.22	2.9e-09	2e-09	SUR	SPR	2	AB/AG	AB/AG	0
5	1BJ1_H_YH54W	YH54W	YH54W	1BJ1	1BJ1_H	Not Mapped	0.137	0.137	2.9e-09	2.3e-09	RIM	SPR	2	AB/AG	AB/AG	0
6	1BJ1_H_HH107A	HH107A	HH107A	1BJ1	1BJ1_H	Not Mapped	-0.79	-0.79	3.4e-09	1.29e-08	SUP	SPR	2	AB/AG	AB/AG	0
7	1BJ1_H_YH99A	YH99A	YH99A	1BJ1	1BJ1_H	Not Mapped	-4.441	-4.441	3.4e-09	6.12e-06	SUP	SPR	2	AB/AG	AB/AG	0
8	1BJ1_H_TH59A	TH59A	TH59A	1BJ1	1BJ1_H	Not Mapped	-0.851	-0.851	3.4e-09	1.43e-08	COR	SPR	2	AB/AG	AB/AG	0
9	1BJ1_H_SH105T	SH105T	SH105T	1BJ1	1BJ1_H	Not Mapped	0.391	0.391	2.9e-09	1.5e-09	RIM	SPR	2	AB/AG	AB/AG	0
10	1BJ1_H_HH101Y	HH101Y	HH101Y	1BJ1	1BJ1_H	Not Mapped	1.584	1.584	2.9e-09	2e-10	COR	SPR	2	AB/AG	AB/AG	0
11	1BJ1_H_NH31H	NH31H	NH31H	1BJ1	1BJ1_H	Not Mapped	0.763	0.763	2.9e-09	8e-10	COR	SPR	2	AB/AG	AB/AG	0
12	4JFE_C_AC7I	AC7I	AC7I	4JFE	4JFE_C	Not Mapped	6.43	6.43	3.1e-05	6e-10	COR	SPR	2	TCR/pMHC	TCR/pMHC,1JCK_A_B	0
13	4MNQ_C_LC6A	LC6A	LC6A	4MNQ	4MNQ_C	O14746	-4.149	-4.149	2e-09	2.2e-06	COR	SPR	2	TCR/pMHC	TCR/pMHC	0
14	4MNQ_C_KC4A	KC4A	KC4A	4MNQ	4MNQ_C	O14746	-4.936	-4.936	2e-09	8.3e-06	COR	SPR	2	TCR/pMHC	TCR/pMHC	0
15	3SE4_B_KB152R	KB152R	KB134R	3SE4	3SE4_B	P05000	0.975	0.975,0.975,0.975	2e-09,4e-05,2e-09	3.86e-10,5.06e-05,4.39e-10	COR	SP,SPR	2		3SE4_B_C,3S9D_A_B,3SE3_B_C	0
16	3SE4_B_KB152A	KB152A	KB134A	3SE4	3SE4_B	P05000	-1.775	-1.775,-1.775,-1.775	2e-09,4e-05,2e-09	4e-08,3.77e-05,4.19e-08	COR	SP,SPR	2		3SE4_B_C,3S9D_A_B,3SE3_B_C	0
17	3SE4_B_MB148A	MB148A	MB130A	3SE4	3SE4_B	P05000	-0.573	-0.573,-0.573	2e-09,4e-05	5.26e-09,4.17e-05	COR	SP,SPR	2		3SE4_B_C,3S9D_A_B,3SE3_B_C	0
18	3SE4_B_LB32A	LB32A	LB31A	3SE4	3SE4_B	P05000	-2.728	-2.728,-2.728	2e-09,4e-05	2e-07,3.92e-05	COR	SP,SPR	2		3SE4_B_C,3S9D_A_B,3SE3_B_C	0
19	3SE4_B_PB28L	PB28L	PB27L	3SE4	3SE4_B	P05000	-0.924	-0.924,-0.924	2e-09,4e-05	9.52e-09,4.76e-05	COR	SP,SPR	2		3SE4_B_C,3S9D_A_B,3SE3_B_C	0
20	3SE4_B_PB28A	PB28A	PB27A	3SE4	3SE4_B	P05000	0.17	0.17,0.17	2e-09,4e-05	1.5e-09,4.35e-05	COR	SP,SPR	2		3SE4_B_C,3S9D_A_B,3SE3_B_C	0
21	3N85_H_WH96F	WH96F	WH100F	3N85	3N85_H	Not Mapped	0.015	0.015,0.015	7.9e-10,7.9e-10	7.7e-10,7.7e-10	COR	SPR	2	AB/AG	AB/AG,3MZW_A_B	0
22	3N85_H_SH32A	SH32A	SH32A	3N85	3N85_H	Not Mapped	0.134	0.134	7.9e-10	6.3e-10	SUP	SPR	2	AB/AG	AB/AG,3MZW_A_B	0
23	3N85_H_SH32Y	SH32Y	SH32Y	3N85	3N85_H	Not Mapped	-0.057	-0.057	7.9e-10	8.7e-10	SUP	SPR	2	AB/AG	AB/AG,3MZW_A_B	0
24	3N85_H_WH30R	WH30R	WH30R	3N85	3N85_H	Not Mapped	0.554	0.554	7.9e-10	3.1e-10	RIM	SPR	2	AB/AG	AB/AG,3MZW_A_B	0
25	3N85_H_WH30K	WH30K	WH30K	3N85	3N85_H	Not Mapped	0.785	0.785	7.9e-10	2.1e-10	RIM	SPR	2	AB/AG	AB/AG,3MZW_A_B	0
26	3N85_H_SH52Y	SH52Y	SH52Y	3N85	3N85_H	Not Mapped	0.785	0.785	7.9e-10	2.1e-10	SUP	SPR	2	AB/AG	AB/AG,3MZW_A_B	0
27	3N85_H_SH50G	SH50G	SH50G	3N85	3N85_H	Not Mapped	-0.488	-0.488	7.9e-10	1.8e-09	INT	SPR	2	AB/AG	AB/AG,3MZW_A_B	0
28	1XGU_B_FB33I	FB33I	FB33I	1XGU	1XGU_B	Not Mapped	-1.801	-1.801	5.26e-09	1.1e-07	COR	ITC	2	AB/AG	AB/AG	0
29	1XGU_B_FB33L	FB33L	FB33L	1XGU	1XGU_B	Not Mapped	-1.863	-1.863	5.26e-09	1.22e-07	COR	ITC	2	AB/AG	AB/AG	0
30	1XGU_B_FB33A	FB33A	FB33A	1XGU	1XGU_B	Not Mapped	-4.062	-4.062	5.26e-09	5e-06	COR	ITC	2	AB/AG	AB/AG	0
31	1XGU_B_FB33V	FB33V	FB33V	1XGU	1XGU_B	Not Mapped	-2.909	-2.909	5.26e-09	7.14e-07	COR	ITC	2	AB/AG	AB/AG	0
32	4NKQ_B_DB281A	DB281A	DB176A	4NKQ	4NKQ_B	P15509	-0.423	-0.423,-0.423,-0.423	4.9e-10,4e-11,3e-11	1e-09,8.4e-10,2.5e-09	INT	IARA,RA	2		4NKQ_C_AB,4RS1_A_B	0
33	4NKQ_B_DB281N	DB281N	DB176N	4NKQ	4NKQ_B	P15509	-2.119	-2.119,-2.119	4e-11,3e-11	1.43e-09,5.9e-10	INT	IARA,RA	2		4NKQ_C_AB,4RS1_A_B	0
34	4NKQ_B_RB283M	RB283M	RB178M	4NKQ	4NKQ_B	P15509	-1.864	-1.864,-1.864	4e-11,3e-11	9.3e-10,3e-09	COR	IARA,RA	2		4NKQ_C_AB,4RS1_A_B	0
35	4NKQ_B_RB261Q	RB261Q	RB156Q	4NKQ	4NKQ_B	P15509	-0.332	-0.332,-0.332	4e-11,3e-11	7e-11,1.2e-10	INT	IARA,RA	2		4NKQ_C_AB,4RS1_A_B	0
36	4NKQ_B_RB170D	RB170D	RB80D	4NKQ	4NKQ_B	P15509	0.077	0.077	4.9e-10	4.3e-10	COR	RA	2		4NKQ_C_AB,4RS1_A_B	0
37	4NKQ_B_RB170A	RB170A	RB80A	4NKQ	4NKQ_B	P15509	-0.12	-0.12	4.9e-10	6e-10	COR	RA	2		4NKQ_C_AB,4RS1_A_B	0
38	4NKQ_B_SB228A	SB228A	SB123A	4NKQ	4NKQ_B	P15509	-0.275	-0.275	4.9e-10	7.8e-10	SUR	RA	2		4NKQ_C_AB,4RS1_A_B	0
39	4NKQ_B_LB227A	LB227A	LB122A	4NKQ	4NKQ_B	P15509	-0.236	-0.236	4.9e-10	7.3e-10	SUR	RA	2		4NKQ_C_AB,4RS1_A_B	0
40	4NKQ_B_KB226A	KB226A	KB121A	4NKQ	4NKQ_B	P15509	0.561	0.561	4.9e-10	1.9e-10	SUR	RA	2		4NKQ_C_AB,4RS1_A_B	0
41	4NKQ_B_QB225A	QB225A	QB120A	4NKQ	4NKQ_B	P15509	0.399	0.399	4.9e-10	2.5e-10	SUR	RA	2		4NKQ_C_AB,4RS1_A_B	0
42	4NKQ_B_EB197A	EB197A	EB92A	4NKQ	4NKQ_B	P15509	0.353	0.353	4.9e-10	2.7e-10	INT	RA	2		4NKQ_C_AB,4RS1_A_B	0
43	4NKQ_B_IB196A	IB196A	IB91A	4NKQ	4NKQ_B	P15509	0.05	0.05	4.9e-10	4.5e-10	INT	RA	2		4NKQ_C_AB,4RS1_A_B	0
44	4NKQ_B_KB195D	KB195D	KB90D	4NKQ	4NKQ_B	P15509	0.199	0.199	4.9e-10	3.5e-10	RIM	RA	2		4NKQ_C_AB,4RS1_A_B	0
45	4NKQ_B_KB195A	KB195A	KB90A	4NKQ	4NKQ_B	P15509	0.199	0.199	4.9e-10	3.5e-10	RIM	RA	2		4NKQ_C_AB,4RS1_A_B	0
46	4NKQ_B_KB194D	KB194D	KB89D	4NKQ	4NKQ_B	P15509	-1.062	-1.062	4.9e-10	2.94e-09	COR	RA	2		4NKQ_C_AB,4RS1_A_B	0
47	4NKQ_B_KB194A	KB194A	KB89A	4NKQ	4NKQ_B	P15509	-0.386	-0.386	4.9e-10	9.4e-10	COR	RA	2		4NKQ_C_AB,4RS1_A_B	0
48	4NKQ_B_TB193A	TB193A	TB88A	4NKQ	4NKQ_B	P15509	-0.319	-0.319	4.9e-10	8.4e-10	INT	RA	2		4NKQ_C_AB,4RS1_A_B	0
49	4NKQ_B_DB192R	DB192R	DB87R	4NKQ	4NKQ_B	P15509	-0.203	-0.203	4.9e-10	6.9e-10	SUP	RA	2		4NKQ_C_AB,4RS1_A_B	0
50	4NKQ_B_DB192A	DB192A	DB87A	4NKQ	4NKQ_B	P15509	-0.158	-0.158	4.9e-10	6.4e-10	SUP	RA	2		4NKQ_C_AB,4RS1_A_B	0
51	4NKQ_B_YB172F	YB172F	YB82F	4NKQ	4NKQ_B	P15509	0.234	0.234	4.9e-10	3.3e-10	SUR	RA	2		4NKQ_C_AB,4RS1_A_B	0
52	4NKQ_B_YB172A	YB172A	YB82A	4NKQ	4NKQ_B	P15509	0.375	0.375	4.9e-10	2.6e-10	SUR	RA	2		4NKQ_C_AB,4RS1_A_B	0
53	4NKQ_B_NB171A	NB171A	NB81A	4NKQ	4NKQ_B	P15509	-0.1	-0.1	4.9e-10	5.8e-10	INT	RA	2		4NKQ_C_AB,4RS1_A_B	0
54	4NKQ_B_RB283D	RB283D	RB178D	4NKQ	4NKQ_B	P15509	0.291	0.291	4.9e-10	3e-10	COR	RA	2		4NKQ_C_AB,4RS1_A_B	0
55	4NKQ_B_RB283A	RB283A	RB178A	4NKQ	4NKQ_B	P15509	-0.36	-0.36	4.9e-10	9e-10	COR	RA	2		4NKQ_C_AB,4RS1_A_B	0
56	4NKQ_B_DB281E	DB281E	DB176E	4NKQ	4NKQ_B	P15509	-0.468	-0.468	4.9e-10	1.08e-09	INT	RA	2		4NKQ_C_AB,4RS1_A_B	0
57	4NKQ_B_DB231A	DB231A	DB126A	4NKQ	4NKQ_B	P15509	-0.11	-0.11	4.9e-10	5.9e-10	SUP	RA	2		4NKQ_C_AB,4RS1_A_B	0
58	2BDN_L_TL56E	TL56E	TL56E	2BDN	2BDN_L	Not Mapped	0.689	0.689	8e-10	2.5e-10	RIM	SPR	2	AB/AG	AB/AG	0
59	2BDN_L_TL56D	TL56D	TL56D	2BDN	2BDN_L	Not Mapped	0.426	0.426	8e-10	3.9e-10	RIM	SPR	2	AB/AG	AB/AG	0
60	2BDN_L_SL53E	SL53E	SL53E	2BDN	2BDN_L	Not Mapped	0.852	0.852	8e-10	1.9e-10	RIM	SPR	2	AB/AG	AB/AG	0
61	2BDN_L_SL53D	SL53D	SL53D	2BDN	2BDN_L	Not Mapped	0.161	0.161	8e-10	6.1e-10	RIM	SPR	2	AB/AG	AB/AG	0
62	2BDN_L_NL31K	NL31K	NL31K	2BDN	2BDN_L	Not Mapped	-3.491	-3.491	8e-10	2.9e-07	RIM	SPR	2	AB/AG	AB/AG	0
63	2BDN_L_NL31R	NL31R	NL31R	2BDN	2BDN_L	Not Mapped	0.918	0.918	8e-10	1.7e-10	RIM	SPR	2	AB/AG	AB/AG	0
64	2BDN_L_YL30K	YL30K	YL30K	2BDN	2BDN_L	Not Mapped	-0.675	-0.675	8e-10	2.5e-09	RIM	SPR	2	AB/AG	AB/AG	0
65	5C6T_L_RL51A	RL51A	RL48A	5C6T	5C6T_L	Not Mapped	-0.123	-0.123	1.3e-10	1.6e-10	COR	SPR	2	AB/AG	AB/AG	0
66	5C6T_L_YL50A	YL50A	YL47A	5C6T	5C6T_L	Not Mapped	-0.552	-0.552	1.3e-10	3.3e-10	SUP	SPR	2	AB/AG	AB/AG	0
67	4OZG_H_DH114A	DH114A	DH98A	4OZG	4OZG_H	P01850	-1.65	-1.65	1.58e-05	0.000256	COR	SPR	2	TCR/pMHC	TCR/pMHC,1JCK_A_B	0
68	4OZG_H_FH110A	FH110A	FH96A	4OZG	4OZG_H	P01850	-0.884	-0.884	1.58e-05	7.02e-05	SUP	SPR	2	TCR/pMHC	TCR/pMHC,1JCK_A_B	0
69	4OZG_H_RH109A	RH109A	RH95A	4OZG	4OZG_H	P01850	-1.744	-1.744	1.58e-05	0.0003	COR	SPR	2	TCR/pMHC	TCR/pMHC,1JCK_A_B	0
70	4OZG_H_FH108A	FH108A	FH94A	4OZG	4OZG_H	P01850	-1.435	-1.435	1.58e-05	0.000178	COR	SPR	2	TCR/pMHC	TCR/pMHC,1JCK_A_B	0
71	4OZG_H_NH63A	NH63A	NH50A	4OZG	4OZG_H	P01850	0.111	0.111	1.58e-05	1.31e-05	RIM	SPR	2	TCR/pMHC	TCR/pMHC,1JCK_A_B	0
72	4OZG_H_QH57A	QH57A	QH48A	4OZG	4OZG_H	P01850	-0.805	-0.805	1.58e-05	6.15e-05	COR	SPR	2	TCR/pMHC	TCR/pMHC,1JCK_A_B	0
73	4OZG_H_YH55F	YH55F	YH46F	4OZG	4OZG_H	P01850	0.647	0.647	1.58e-05	5.3e-06	SUP	SPR	2	TCR/pMHC	TCR/pMHC,1JCK_A_B	0
74	4OZG_H_YH117F	YH117F	YH101F	4OZG	4OZG_H	P01850	-0.534	-0.534	1.58e-05	3.89e-05	RIM	SPR	2	TCR/pMHC	TCR/pMHC,1JCK_A_B	0
75	1JRH_I_EI55A	EI55A	EI45A	1JRH	1JRH_I	P15260	0.435	0.435,0.435	1.44e-08,2.4e-09	6.91e-09,7.4e-10	RIM	ELISA,SPR	1	AB/AG	AB/AG	0
76	1JRH_I_NI48A	NI48A	NI38A	1JRH	1JRH_I	P15260	0.293	0.293,0.293	1.44e-08,2.4e-09	8.78e-09,7e-09	SUP	ELISA,SPR	1	AB/AG	AB/AG	0
77	1JRH_I_KI47A	KI47A	KI37A	1JRH	1JRH_I	P15260	-3.579	-3.579,-3.579	1.44e-08,2.4e-09	6.05e-06,1.6e-06	SUP	ELISA,SPR	1	AB/AG	AB/AG	0
78	1JRH_I_KI98A	KI98A	KI88A	1JRH	1JRH_I	P15260	0.043	0.043,0.043	1.44e-08,2.4e-09	1.34e-08,7.4e-09	RIM	ELISA,SPR	1	AB/AG	AB/AG	0
79	1JRH_I_RI84A	RI84A	RI74A	1JRH	1JRH_I	P15260	0.246	0.246,0.246	1.44e-08,2.4e-09	9.5e-09,1.37e-08	SUP	ELISA,SPR	1	AB/AG	AB/AG	0
80	1JRH_I_WI82Y	WI82Y	WI72Y	1JRH	1JRH_I	P15260	-1.136	-1.136,-1.136	1.44e-08,2.4e-09	9.79e-08,1.95e-08	COR	ELISA,SPR	1	AB/AG	AB/AG	0
81	1JRH_I_WI82F	WI82F	WI72F	1JRH	1JRH_I	P15260	-1.109	-1.109,-1.109	1.44e-08,2.4e-09	9.36e-08,1.53e-08	COR	ELISA,SPR	1	AB/AG	AB/AG	0
82	1JRH_I_WI82A	WI82A	WI72A	1JRH	1JRH_I	P15260	-4.529	-4.529,-4.529	1.44e-08,2.4e-09	3.01e-05,3.6e-06	COR	ELISA,SPR	1	AB/AG	AB/AG	0
83	1JRH_I_NI79A	NI79A	NI69A	1JRH	1JRH_I	P15260	0.399	0.399,0.399	1.44e-08,2.4e-09	7.34e-09,2.4e-09	INT	ELISA,SPR	1	AB/AG	AB/AG	0
84	1JRH_I_WI56Y	WI56Y	WI46Y	1JRH	1JRH_I	P15260	-0.016	-0.016,-0.016	1.44e-08,2.4e-09	1.48e-08,6.4e-09	COR	ELISA,SPR	1	AB/AG	AB/AG	0
85	1JRH_I_WI56F	WI56F	WI46F	1JRH	1JRH_I	P15260	0.657	0.657,0.657	1.44e-08,2.4e-09	4.75e-09,3.1e-09	COR	ELISA,SPR	1	AB/AG	AB/AG	0
86	1JRH_I_SI54A	SI54A	SI44A	1JRH	1JRH_I	P15260	-0.298	-0.298,-0.298	1.44e-08,2.4e-09	2.38e-08,5.2e-09	COR	ELISA,SPR	1	AB/AG	AB/AG	0
87	1JRH_I_NI53A	NI53A	NI43A	1JRH	1JRH_I	P15260	-3.894	-3.894,-3.894	1.44e-08,2.4e-09	1.03e-05,6.8e-06	COR	ELISA,SPR	1	AB/AG	AB/AG	0
88	1JRH_I_KI52A	KI52A	KI42A	1JRH	1JRH_I	P15260	-2.985	-2.985,-2.985	1.44e-08,2.4e-09	2.22e-06,1.44e-06	COR	ELISA,SPR	1	AB/AG	AB/AG	0
89	1JRH_I_VI51A	VI51A	VI41A	1JRH	1JRH_I	P15260	-1.884	-1.884,-1.884	1.44e-08,2.4e-09	3.46e-07,2.9e-08	COR	ELISA,SPR	1	AB/AG	AB/AG	0
90	1JRH_I_GI50A	GI50A	GI40A	1JRH	1JRH_I	P15260	-4.527	-4.527,-4.527	1.44e-08,2.4e-09	3e-05,3.88e-06	COR	ELISA,SPR	1	AB/AG	AB/AG	0
91	1JRH_I_YI49F	YI49F	YI39F	1JRH	1JRH_I	P15260	-0.791	-0.791,-0.791	1.44e-08,2.4e-09	5.47e-08,1.36e-08	COR	ELISA,SPR	1	AB/AG	AB/AG	0
92	1JRH_I_YI49A	YI49A	YI39A	1JRH	1JRH_I	P15260	-3.401	-3.401,-3.401	1.44e-08,2.4e-09	4.48e-06,1.15e-06	COR	ELISA,SPR	1	AB/AG	AB/AG	0
93	1JRH_I_NI48Q	NI48Q	NI38Q	1JRH	1JRH_I	P15260	-0.364	-0.364,-0.364	1.44e-08,2.4e-09	2.66e-08,7.9e-09	SUP	ELISA,SPR	1	AB/AG	AB/AG	0
94	1JRH_I_EI45Q	EI45Q	EI35Q	1JRH	1JRH_I	P15260	-0.1	-0.1	1.42e-08	1.68e-08	INT	SPR	1	AB/AG	AB/AG	0
95	1JRH_I_TI14V	TI14V	TI4V	1JRH	1JRH_I	P15260	0.026	0.026	1.42e-08	1.36e-08	SUR	SPR	1	AB/AG	AB/AG	0
96	1JRH_I_KI52M	KI52M	KI42M	1JRH	1JRH_I	P15260	-4.914	-4.914	1.44e-08	5.76e-05	COR	SPR	1	AB/AG	AB/AG	0
97	1JRH_I_KI47M	KI47M	KI37M	1JRH	1JRH_I	P15260	-3.294	-3.294	1.44e-08	3.74e-06	SUP	SPR	1	AB/AG	AB/AG	0
98	1JRH_I_EI55P	EI55P	EI45P	1JRH	1JRH_I	P15260	3.79	3.79	1.2e-08	2e-11	RIM	SPR	1	AB/AG	AB/AG	0
99	3LB6_A_FA107A	FA107A	FA103A	3LB6	3LB6_A	P35225	-5.117	-5.117	1.58e-14	8.91e-11	COR	SPR	2		3LB6_A_C,3G6D_LH_A,3L5X_A_HL	0
100	3LB6_A_KA105A	KA105A	KA101A	3LB6	3LB6_A	P35225	-2.545	-2.545	1.58e-14	1.16e-12	RIM	SPR	2		3LB6_A_C,3G6D_LH_A,3L5X_A_HL	0
101	3LB6_A_KA104A	KA104A	KA100A	3LB6	3LB6_A	P35225	-5.814	-5.814	1.58e-14	2.89e-10	COR	SPR	2		3LB6_A_C,3G6D_LH_A,3L5X_A_HL	0
102	3LB6_A_IA14A	IA14A	IA10A	3LB6	3LB6_A	P35225	-3.723	-3.723	1.58e-14	8.47e-12	SUP	SPR	2		3LB6_A_C,3G6D_LH_A,3L5X_A_HL	0
103	1DAN_U_VU207A	VU207A	VU113A	1DAN	1DAN_U	P13726	-1.57	-1.57,-1.57	5.3e-09,6.16e-09	7.5e-08,4.48e-09	COR	ELISA,SPR	1		1DAN_HL_UT	0
104	1DAN_U_FU140A	FU140A	FU50A	1DAN	1DAN_U	P13726	-2.215	-2.215,-2.215	5.3e-09,6.16e-09	2.23e-07,5.36e-08	COR	ELISA,SPR	1		1DAN_HL_UT	0
105	1DAN_U_RU135A	RU135A	RU45A	1DAN	1DAN_U	P13726	-0.986	-0.986,-0.986	5.3e-09,6.16e-09	2.8e-08,1.48e-08	RIM	ELISA,SPR	1		1DAN_HL_UT	0
106	1DAN_U_YU94A	YU94A	YU4A	1DAN	1DAN_U	P13726	-0.312	-0.312,-0.312	2.6e-12,6.16e-09	4.4e-12,3.47e-08	COR	SPR,ELFA	1		1DAN_HL_UT	0
107	1DAN_U_PU92A	PU92A	PU2A	1DAN	1DAN_U	P13726	0.186	0.186	2.6e-12	1.9e-12	RIM	ELFA	1		1DAN_HL_UT	0
108	1DAN_U_NU138A	NU138A	NU48A	1DAN	1DAN_U	P13726	0.0	0.0	8.64e-09	8.64e-09	RIM	ELISA	1		1DAN_HL_UT	0
109	1DAN_U_RU136A	RU136A	RU46A	1DAN	1DAN_U	P13726	0.06	0.06	8.64e-09	7.81e-09	SUR	ELISA	1		1DAN_HL_UT	0
110	1DAN_U_TU132A	TU132A	TU42A	1DAN	1DAN_U	P13726	0.0	0.0	8.64e-09	8.64e-09	SUP	ELISA	1		1DAN_HL_UT	0
111	1DAN_U_RU131A	RU131A	RU41A	1DAN	1DAN_U	P13726	0.0	0.0	8.64e-09	8.64e-09	RIM	ELISA	1		1DAN_HL_UT	0
112	1DAN_U_NU107A	NU107A	NU17A	1DAN	1DAN_U	P13726	0.0	0.0	8.64e-09	8.64e-09	SUR	ELISA	1		1DAN_HL_UT	0
113	1DAN_U_TU106A	TU106A	TU16A	1DAN	1DAN_U	P13726	0.06	0.06	8.64e-09	7.81e-09	INT	ELISA	1		1DAN_HL_UT	0
114	1DAN_U_EU105A	EU105A	EU15A	1DAN	1DAN_U	P13726	0.06	0.06	8.64e-09	7.81e-09	SUR	ELISA	1		1DAN_HL_UT	0
115	1DAN_U_QU110A	QU110A	QU20A	1DAN	1DAN_U	P13726	-1.305	-1.305	5.3e-09	4.8e-08	COR	ELISA	1		1DAN_HL_UT	0
116	1DAN_U_NU199A	NU199A	NU105A	1DAN	1DAN_U	P13726	0.0	0.0	8.64e-09	8.64e-09	SUR	ELISA	1		1DAN_HL_UT	0
117	1DAN_U_VU198A	VU198A	VU104A	1DAN	1DAN_U	P13726	-0.11	-0.11	8.64e-09	1.04e-08	SUR	ELISA	1		1DAN_HL_UT	0
118	1DAN_U_TU197A	TU197A	TU103A	1DAN	1DAN_U	P13726	-0.11	-0.11	8.64e-09	1.04e-08	SUR	ELISA	1		1DAN_HL_UT	0
119	1DAN_U_RU196A	RU196A	RU102A	1DAN	1DAN_U	P13726	-0.461	-0.461	8.64e-09	1.88e-08	INT	ELISA	1		1DAN_HL_UT	0
120	1DAN_U_VU179A	VU179A	VU85A	1DAN	1DAN_U	P13726	-0.11	-0.11	8.64e-09	1.04e-08	INT	ELISA	1		1DAN_HL_UT	0
121	1DAN_U_YU157A	YU157A	YU67A	1DAN	1DAN_U	P13726	0.0	0.0	8.64e-09	8.64e-09	INT	ELISA	1		1DAN_HL_UT	0
122	1DAN_U_FU147A	FU147A	FU57A	1DAN	1DAN_U	P13726	0.06	0.06	8.64e-09	7.81e-09	INT	ELISA	1		1DAN_HL_UT	0
123	1DAN_U_VU146A	VU146A	VU56A	1DAN	1DAN_U	P13726	-0.2	-0.2	8.64e-09	1.21e-08	INT	ELISA	1		1DAN_HL_UT	0
124	1DAN_U_YU185A	YU185A	YU91A	1DAN	1DAN_U	P13726	0.33	0.33	6.16e-09	3.53e-09	INT	SPR	1		1DAN_HL_UT	0
125	1DAN_U_SU195A	SU195A	SU101A	1DAN	1DAN_U	P13726	0.003	0.003	6.16e-09	6.13e-09	SUR	SPR	1		1DAN_HL_UT	0
126	1DAN_U_TU203A	TU203A	TU109A	1DAN	1DAN_U	P13726	-0.135	-0.135	6.16e-09	7.74e-09	RIM	SPR	1		1DAN_HL_UT	0
127	1DAN_U_EU208A	EU208A	EU114A	1DAN	1DAN_U	P13726	0.005	0.005	6.16e-09	6.11e-09	RIM	SPR	1		1DAN_HL_UT	0
128	1DAN_U_EU128A	EU128A	EU38A	1DAN	1DAN_U	P13726	-0.086	-0.086	6.16e-09	7.12e-09	SUR	SPR	1		1DAN_HL_UT	0
129	1DAN_U_DU129A	DU129A	DU39A	1DAN	1DAN_U	P13726	0.027	0.027	6.16e-09	5.89e-09	SUR	SPR	1		1DAN_HL_UT	0
130	1DAN_U_LU133A	LU133A	LU43A	1DAN	1DAN_U	P13726	0.028	0.028	6.16e-09	5.88e-09	COR	SPR	1		1DAN_HL_UT	0
131	1DAN_U_TU139A	TU139A	TU49A	1DAN	1DAN_U	P13726	0.016	0.016	6.16e-09	6e-09	SUR	SPR	1		1DAN_HL_UT	0
132	1DAN_U_RU144A	RU144A	RU54A	1DAN	1DAN_U	P13726	0.003	0.003	6.16e-09	6.13e-09	INT	SPR	1		1DAN_HL_UT	0
133	1DAN_U_DU145A	DU145A	DU55A	1DAN	1DAN_U	P13726	0.011	0.011	6.16e-09	6.05e-09	SUR	SPR	1		1DAN_HL_UT	0
134	1DAN_U_IU152A	IU152A	IU62A	1DAN	1DAN_U	P13726	-0.179	-0.179	6.16e-09	8.33e-09	INT	SPR	1		1DAN_HL_UT	0
135	1DAN_U_YU156L	YU156L	YU66L	1DAN	1DAN_U	P13726	-0.155	-0.155	6.16e-09	8e-09	RIM	SPR	1		1DAN_HL_UT	0
136	1DAN_U_WU158F	WU158F	WU68F	1DAN	1DAN_U	P13726	-0.123	-0.123	6.16e-09	7.58e-09	COR	SPR	1		1DAN_HL_UT	0
137	1DAN_U_SU163A	SU163A	SU69A	1DAN	1DAN_U	P13726	-0.023	-0.023	6.16e-09	6.4e-09	RIM	SPR	1		1DAN_HL_UT	0
138	1DAN_U_GU164R	GU164R	GU70R	1DAN	1DAN_U	P13726	0.163	0.163	6.16e-09	4.68e-09	RIM	SPR	1		1DAN_HL_UT	0
139	1DAN_U_TU167A	TU167A	TU73A	1DAN	1DAN_U	P13726	-0.212	-0.212	6.16e-09	8.81e-09	SUR	SPR	1		1DAN_HL_UT	0
140	1DAN_U_KU169A	KU169A	KU75A	1DAN	1DAN_U	P13726	-0.117	-0.117	6.16e-09	7.5e-09	SUR	SPR	1		1DAN_HL_UT	0
141	1DAN_U_TU172A	TU172A	TU78A	1DAN	1DAN_U	P13726	0.026	0.026	6.16e-09	5.9e-09	SUR	SPR	1		1DAN_HL_UT	0
142	1DAN_U_LU176A	LU176A	LU82A	1DAN	1DAN_U	P13726	-0.08	-0.08	6.16e-09	7.05e-09	SUR	SPR	1		1DAN_HL_UT	0
143	1DAN_U_KU181A	KU181A	KU87A	1DAN	1DAN_U	P13726	-0.017	-0.017	6.16e-09	6.34e-09	SUR	SPR	1		1DAN_HL_UT	0
144	1DAN_U_EU99A	EU99A	EU9A	1DAN	1DAN_U	P13726	0.176	0.176	6.16e-09	4.58e-09	SUR	SPR	1		1DAN_HL_UT	0
145	1DAN_U_KU122A	KU122A	KU32A	1DAN	1DAN_U	P13726	0.124	0.124	6.16e-09	5e-09	INT	SPR	1		1DAN_HL_UT	0
146	1MI5_D_DD30aA	DD30aA	DD29A	1MI5	1MI5_D	P01848	-1.232	-1.232	1.25e-05	0.0001	INT	SPR	2	TCR/pMHC	TCR/pMHC,1JCK_A_B,4N8V_G_ABC	0
147	1MI5_D_TD30A	TD30A	TD28A	1MI5	1MI5_D	P01848	-0.588	-0.588	1.25e-05	3.37e-05	COR	SPR	2	TCR/pMHC	TCR/pMHC,1JCK_A_B,4N8V_G_ABC	0
148	1MI5_D_SD28A	SD28A	SD26A	1MI5	1MI5_D	P01848	0.039	0.039	1.25e-05	1.17e-05	COR	SPR	2	TCR/pMHC	TCR/pMHC,1JCK_A_B,4N8V_G_ABC	0
149	1MI5_D_TD26A	TD26A	TD24A	1MI5	1MI5_D	P01848	-0.26	-0.26	1.25e-05	1.94e-05	RIM	SPR	2	TCR/pMHC	TCR/pMHC,1JCK_A_B,4N8V_G_ABC	0
150	1MI5_D_SD25A	SD25A	SD23A	1MI5	1MI5_D	P01848	-0.1	-0.1	1.25e-05	1.48e-05	SUR	SPR	2	TCR/pMHC	TCR/pMHC,1JCK_A_B,4N8V_G_ABC	0
151	1MI5_D_GD102A	GD102A	GD97A	1MI5	1MI5_D	P01848	-1.232	-1.232	1.25e-05	0.0001	INT	SPR	2	TCR/pMHC	TCR/pMHC,1JCK_A_B,4N8V_G_ABC	0
152	1MI5_D_YD100A	YD100A	YD96A	1MI5	1MI5_D	P01848	-1.232	-1.232	1.25e-05	0.0001	SUP	SPR	2	TCR/pMHC	TCR/pMHC,1JCK_A_B,4N8V_G_ABC	0
153	1MI5_D_SD99A	SD99A	SD95A	1MI5	1MI5_D	P01848	-0.827	-0.827	1.25e-05	5.05e-05	SUP	SPR	2	TCR/pMHC	TCR/pMHC,1JCK_A_B,4N8V_G_ABC	0
154	1MI5_D_TD98A	TD98A	TD94A	1MI5	1MI5_D	P01848	-0.943	-0.943	1.25e-05	6.14e-05	RIM	SPR	2	TCR/pMHC	TCR/pMHC,1JCK_A_B,4N8V_G_ABC	0
155	1MI5_D_GD97A	GD97A	GD93A	1MI5	1MI5_D	P01848	-1.232	-1.232	1.25e-05	0.0001	COR	SPR	2	TCR/pMHC	TCR/pMHC,1JCK_A_B,4N8V_G_ABC	0
156	1MI5_D_GD96A	GD96A	GD92A	1MI5	1MI5_D	P01848	-0.764	-0.764	1.25e-05	4.54e-05	COR	SPR	2	TCR/pMHC	TCR/pMHC,1JCK_A_B,4N8V_G_ABC	0
157	1MI5_D_AD95G	AD95G	AD91G	1MI5	1MI5_D	P01848	-0.608	-0.608	1.25e-05	3.49e-05	RIM	SPR	2	TCR/pMHC	TCR/pMHC,1JCK_A_B,4N8V_G_ABC	0
158	1MI5_D_LD94A	LD94A	LD90A	1MI5	1MI5_D	P01848	-1.232	-1.232	1.25e-05	0.0001	SUP	SPR	2	TCR/pMHC	TCR/pMHC,1JCK_A_B,4N8V_G_ABC	0
159	1MI5_D_PD93A	PD93A	PD89A	1MI5	1MI5_D	P01848	-1.232	-1.232	1.25e-05	0.0001	INT	SPR	2	TCR/pMHC	TCR/pMHC,1JCK_A_B,4N8V_G_ABC	0
160	1MI5_D_ND54A	ND54A	ND52A	1MI5	1MI5_D	P01848	0.019	0.019	1.25e-05	1.21e-05	SUR	SPR	2	TCR/pMHC	TCR/pMHC,1JCK_A_B,4N8V_G_ABC	0
161	1MI5_D_SD52A	SD52A	SD51A	1MI5	1MI5_D	P01848	-0.482	-0.482	1.25e-05	2.82e-05	RIM	SPR	2	TCR/pMHC	TCR/pMHC,1JCK_A_B,4N8V_G_ABC	0
162	1MI5_D_TD51A	TD51A	TD50A	1MI5	1MI5_D	P01848	0.558	0.558	1.25e-05	4.87e-06	RIM	SPR	2	TCR/pMHC	TCR/pMHC,1JCK_A_B,4N8V_G_ABC	0
163	1MI5_D_LD50A	LD50A	LD49A	1MI5	1MI5_D	P01848	-1.232	-1.232	1.25e-05	0.0001	COR	SPR	2	TCR/pMHC	TCR/pMHC,1JCK_A_B,4N8V_G_ABC	0
164	1MI5_D_HD48A	HD48A	HD47A	1MI5	1MI5_D	P01848	-1.117	-1.117	1.25e-05	8.24e-05	COR	SPR	2	TCR/pMHC	TCR/pMHC,1JCK_A_B,4N8V_G_ABC	0
165	1MI5_D_HD33A	HD33A	HD32A	1MI5	1MI5_D	P01848	-1.232	-1.232	1.25e-05	0.0001	SUP	SPR	2	TCR/pMHC	TCR/pMHC,1JCK_A_B,4N8V_G_ABC	0
166	1MI5_D_YD31A	YD31A	YD30A	1MI5	1MI5_D	P01848	-0.45	-0.45	1.25e-05	2.67e-05	COR	SPR	2	TCR/pMHC	TCR/pMHC,1JCK_A_B,4N8V_G_ABC	0
167	1MI5_D_KD103A	KD103A	KD98A	1MI5	1MI5_D	P01848	-1.232	-1.232	1.25e-05	0.0001	INT	SPR	2	TCR/pMHC	TCR/pMHC,1JCK_A_B,4N8V_G_ABC	0
168	3S9D_B_HB76A	HB76A	HB65A	3S9D	3S9D_B	P48551	-0.631	-0.631,-0.631,-0.631	1e-08,3e-09,2.5e-09	2.9e-08,8.82e-09,1.9e-08	COR	SP,SPR	2		3S9D_A_B,3SE3_B_C,3SE4_B_C	0
169	3S9D_B_IB103A	IB103A	IB90A	3S9D	3S9D_B	P48551	-1.496	-1.496,-1.496,-1.496	3e-09,2.5e-09,2.5e-09	3.75e-08,4e-08,4.5e-08	COR	SP,SPR	2		3S9D_A_B,3SE3_B_C,3SE4_B_C	0
170	3S9D_B_EB77A	EB77A	EB66A	3S9D	3S9D_B	P48551	-2.412	-2.412,-2.412,-2.412	3e-09,3.11e-09,2.5e-09	1.76e-07,1.79e-07,1.52e-07	COR	SP,SPR	2		3S9D_A_B,3SE3_B_C,3SE4_B_C	0
171	3S9D_B_WB100A	WB100A	WB87A	3S9D	3S9D_B	P48551	-0.742	-0.742,-0.742,-0.742	1e-08,3e-09,2.5e-09	3.5e-08,1.76e-08,3.4e-08	COR	SP,SPR	2		3S9D_A_B,3SE3_B_C,3SE4_B_C	0
172	3S9D_B_TB44A	TB44A	TB33A	3S9D	3S9D_B	P48551	-1.52	-1.52,-1.52,-1.52	1e-08,3e-09,2.5e-09	1.3e-07,5e-08,7.4e-08	SUP	SP,SPR	2		3S9D_A_B,3SE3_B_C,3SE4_B_C	0
173	3S9D_B_KB53A	KB53A	KB42A	3S9D	3S9D_B	P48551	-0.38	-0.38,-0.38	1e-08,3e-09	1.9e-08,8.11e-09	SUR	SP,SPR	2		3S9D_A_B,3SE3_B_C,3SE4_B_C	0
174	3S9D_B_EB50A	EB50A	EB39A	3S9D	3S9D_B	P48551	-0.199	-0.199,-0.199	1e-08,3e-09	1.4e-08,4.29e-09	RIM	SP,SPR	2		3S9D_A_B,3SE3_B_C,3SE4_B_C	0
175	3S9D_B_KB48A	KB48A	KB37A	3S9D	3S9D_B	P48551	-0.314	-0.314,-0.314	1e-08,3e-09	1.7e-08,9.68e-09	RIM	SP,SPR	2		3S9D_A_B,3SE3_B_C,3SE4_B_C	0
176	3S9D_B_SB47A	SB47A	SB36A	3S9D	3S9D_B	P48551	-0.467	-0.467,-0.467	1e-08,3e-09	2.2e-08,7.5e-09	COR	SP,SPR	2		3S9D_A_B,3SE3_B_C,3SE4_B_C	0
177	3S9D_B_MB46A	MB46A	MB35A	3S9D	3S9D_B	P48551	-3.682	-3.682,-3.682	1e-08,3e-09	5e-06,1.5e-07	COR	SP,SPR	2		3S9D_A_B,3SE3_B_C,3SE4_B_C	0
178	3S9D_B_DB138R	DB138R	DB121R	3S9D	3S9D_B	P48551	0.062	0.062,0.062	1e-08,3e-09	9e-09,2.54e-09	RIM	SP,SPR	2		3S9D_A_B,3SE3_B_C,3SE4_B_C	0
179	3S9D_B_NB98A	NB98A	NB85A	3S9D	3S9D_B	P48551	0.211	0.211,0.211	1e-08,3e-09	7e-09,2.4e-09	COR	SP,SPR	2		3S9D_A_B,3SE3_B_C,3SE4_B_C	0
180	3S9D_B_SB74A	SB74A	SB63A	3S9D	3S9D_B	P48551	-0.314	-0.314,-0.314	1e-08,3e-09	1.7e-08,4.76e-09	SUR	SP,SPR	2		3S9D_A_B,3SE3_B_C,3SE4_B_C	0
181	3S9D_B_MB46V	MB46V	MB35V	3S9D	3S9D_B	P48551	-1.824	-1.824,-1.824	3e-09,2.5e-09	6.52e-08,3.49e-07	COR	SP,SPR	2		3S9D_A_B,3SE3_B_C,3SE4_B_C	0
182	3S9D_B_IB45A	IB45A	IB34A	3S9D	3S9D_B	P48551	-1.775	-1.775,-1.775	3e-09,2.5e-09	6e-08,6.5e-08	SUP	SP,SPR	2		3S9D_A_B,3SE3_B_C,3SE4_B_C	0
183	3S9D_B_DB104A	DB104A	DB91A	3S9D	3S9D_B	P48551	-1.048	-1.048,-1.048	3e-09,2.5e-09	1.76e-08,3.9e-08	SUR	SP,SPR	2		3S9D_A_B,3SE3_B_C,3SE4_B_C	0
184	3S9D_B_WB72F	WB72F	WB61F	3S9D	3S9D_B	P48551	-0.725	-0.725	1e-08	3.4e-08	INT	SP	2		3S9D_A_B,3SE3_B_C,3SE4_B_C	0
185	3S9D_B_EB50R	EB50R	EB39R	3S9D	3S9D_B	P48551	-0.651	-0.651	1e-08	3e-08	RIM	SP	2		3S9D_A_B,3SE3_B_C,3SE4_B_C	0
186	3S9D_B_HB187A	HB187A	HB166A	3S9D	3S9D_B	P48551	0.0	0.0	3e-09	3e-09	RIM	SPR	2		3S9D_A_B,3SE3_B_C,3SE4_B_C	0
187	3S9D_B_HB97A	HB97A	HB84A	3S9D	3S9D_B	P48551	-0.044	-0.044	3e-09	3.23e-09	RIM	SPR	2		3S9D_A_B,3SE3_B_C,3SE4_B_C	0
188	3S9D_B_VB80A	VB80A	VB69A	3S9D	3S9D_B	P48551	-2.318	-2.318	3e-09	1.5e-07	SUP	SPR	2		3S9D_A_B,3SE3_B_C,3SE4_B_C	0
189	3S9D_B_AB78M	AB78M	AB67M	3S9D	3S9D_B	P48551	0.168	0.168	3e-09	2.26e-09	COR	SPR	2		3S9D_A_B,3SE3_B_C,3SE4_B_C	0
190	3S9D_B_TB75A	TB75A	TB64A	3S9D	3S9D_B	P48551	-0.256	-0.256	3e-09	4.62e-09	SUP	SPR	2		3S9D_A_B,3SE3_B_C,3SE4_B_C	0
191	3S9D_B_RB73A	RB73A	RB62A	3S9D	3S9D_B	P48551	-0.17	-0.17	3e-09	4e-09	SUR	SPR	2		3S9D_A_B,3SE3_B_C,3SE4_B_C	0
192	3S9D_B_DB51A	DB51A	DB40A	3S9D	3S9D_B	P48551	0.0	0.0	3e-09	3e-09	RIM	SPR	2		3S9D_A_B,3SE3_B_C,3SE4_B_C	0
193	3S9D_B_YB43A	YB43A	YB32A	3S9D	3S9D_B	P48551	-1.308	-1.308	3e-09	2.73e-08	INT	SPR	2		3S9D_A_B,3SE3_B_C,3SE4_B_C	0
194	3S9D_B_EB28R	EB28R	EB17R	3S9D	3S9D_B	P48551	0.0	0.0	3e-09	3e-09	SUR	SPR	2		3S9D_A_B,3SE3_B_C,3SE4_B_C	0
195	1JRH_H_FH98A	FH98A	FH103A	1JRH	1JRH_H	P01869	0.0	0.0	1.2e-08	1.2e-08	SUR	SPR	1	AB/AG	AB/AG	0
196	1JRH_H_RH95A	RH95A	RH100A	1JRH	1JRH_H	P01869	-0.543	-0.543	1.2e-08	3e-08	SUP	SPR	1	AB/AG	AB/AG	0
197	1JRH_H_YH58A	YH58A	YH60A	1JRH	1JRH_H	P01869	-1.256	-1.256	1.2e-08	1e-07	COR	SPR	1	AB/AG	AB/AG	0
198	1JRH_H_DH56A	DH56A	DH58A	1JRH	1JRH_H	P01869	-1.855	-1.855	1.2e-08	2.75e-07	RIM	SPR	1	AB/AG	AB/AG	0
199	1JRH_H_DH55A	DH55A	DH57A	1JRH	1JRH_H	P01869	-1.667	-1.667	1.2e-08	2e-07	SUR	SPR	1	AB/AG	AB/AG	0
200	1JRH_H_DH54A	DH54A	DH56A	1JRH	1JRH_H	P01869	-1.887	-1.887	1.2e-08	2.9e-07	RIM	SPR	1	AB/AG	AB/AG	0
201	1JRH_H_WH53A	WH53A	WH55A	1JRH	1JRH_H	P01869	-2.422	-2.422	1.2e-08	7.16e-07	COR	SPR	1	AB/AG	AB/AG	0
202	1JRH_H_WH52A	WH52A	WH54A	1JRH	1JRH_H	P01869	-2.687	-2.687	1.2e-08	1.12e-06	SUP	SPR	1	AB/AG	AB/AG	0
203	1JRH_H_YH32A	YH32A	YH32A	1JRH	1JRH_H	P01869	-1.434	-1.434	1.2e-08	1.35e-07	RIM	SPR	1	AB/AG	AB/AG	0
204	1JRH_H_HH100bA	HH100bA	HH107A	1JRH	1JRH_H	P01869	-1.699	-1.699	1.2e-08	2.11e-07	COR	SPR	1	AB/AG	AB/AG	0
205	1JRH_H_YH99A	YH99A	YH104A	1JRH	1JRH_H	P01869	-1.062	-1.062	1.2e-08	7.2e-08	RIM	SPR	1	AB/AG	AB/AG	0
206	1DVF_A_YA32A	YA32A	YA32A	1DVF	1DVF_A	P01635	-2.031	-2.031,-2.031	1.08e-08,1.08e-08	3.33e-07,3.33e-07	COR	SPR	1	AB/AG	AB/AG	0
207	1DVF_A_YA49A	YA49A	YA49A	1DVF	1DVF_A	P01635	-1.629	-1.629,-1.629	1.08e-08,1.08e-08	1.69e-07,2e-07	SUP	SPR	1	AB/AG	AB/AG	0
208	1DVF_A_SA93A	SA93A	SA93A	1DVF	1DVF_A	P01635	-1.163	-1.163	1.08e-08	7.69e-08	COR	SPR	1	AB/AG	AB/AG	0
209	1DVF_A_WA92A	WA92A	WA92A	1DVF	1DVF_A	P01635	-0.341	-0.341	1.08e-08	1.92e-08	COR	SPR	1	AB/AG	AB/AG	0
210	1DVF_A_YA50A	YA50A	YA50A	1DVF	1DVF_A	P01635	-0.688	-0.688	1.08e-08	3.45e-08	RIM	SPR	1	AB/AG	AB/AG	0
211	1DVF_A_HA30A	HA30A	HA30A	1DVF	1DVF_A	P01635	-1.65	-1.65	1.08e-08	1.75e-07	RIM	SPR	1	AB/AG	AB/AG	0
212	1N8Z_A_TA94S	TA94S	TA94S	1N8Z	1N8Z_A	Not Mapped	-0.309	-0.309	3.5e-10	5.9e-10	COR	SPR	2	AB/AG	AB/AG	0
213	1N8Z_A_HA91F	HA91F	HA91F	1N8Z	1N8Z_A	Not Mapped	-0.033	-0.033	3.5e-10	3.7e-10	SUP	SPR	2	AB/AG	AB/AG	0
214	1N8Z_A_NA30S	NA30S	NA30S	1N8Z	1N8Z_A	Not Mapped	-0.064	-0.064	3.5e-10	3.9e-10	COR	SPR	2	AB/AG	AB/AG	0
215	3MZG_A_HA180A	HA180A	HA167A	3MZG	3MZG_A	P01236	0.686	0.686,0.686,0.686,0.686,0.686,0.686,0.686,0.686,0.686,0.686,0.686,0.686,0.686,0.686,0.686,0.686,0.686,0.686,0.686	2e-05,1.68e-06,2.03e-07,1.71e-07,1.05e-07,4.39e-08,4.59e-08,3.91e-08,3.7e-08,8.4e-06,2.13e-06,1.28e-06,2e-07,7.7e-08,3.3e-08,2.1e-08,1.3e-08,1.1e-08,1.1e-08	6.28e-06,5.8e-06,3.4e-06,1.96e-06,1.28e-06,9.5e-07,7.19e-07,5.97e-07,4.94e-07,1.32e-05,7.9e-06,7.6e-06,3.6e-06,2.4e-06,1.36e-06,6.5e-07,8.2e-07,5.1e-07,4.6e-07	COR	SPR	2		3MZG_A_B,3N06_A_B,3N0P_A_B,3NCB_A_B,3NCC_A_B,1BP3_A_B	0
216	3MZG_A_HA30A	HA30A	HA17A	3MZG	3MZG_A	P01236	0.874	0.874,0.874,0.874,0.874,0.874,0.874,0.874,0.874,0.874,0.874	8.4e-06,2.13e-06,1.28e-06,2e-07,7.7e-08,3.3e-08,2.1e-08,1.3e-08,1.1e-08,1.1e-08	1.92e-06,1.29e-06,8.8e-07,2.33e-07,1.25e-07,5.3e-08,3.4e-08,2.4e-08,2.1e-08,1.9e-08	SUP	SPR	2		3MZG_A_B,3N06_A_B,3N0P_A_B,3NCB_A_B,3NCC_A_B,1BP3_A_B	0
217	3MZG_A_HA27A	HA27A	HA14A	3MZG	3MZG_A	P01236	0.091	0.091,0.091,0.091,0.091,0.091,0.091,0.091,0.091,0.091,0.091	8.4e-06,2.13e-06,1.28e-06,2e-07,7.7e-08,3.3e-08,2.1e-08,1.3e-08,1.1e-08,1.1e-08	7.2e-06,1.66e-06,6.8e-07,1.43e-07,5.8e-08,2.9e-08,2.6e-08,1.6e-08,1.8e-08,1.9e-08	RIM	SPR	2		3MZG_A_B,3N06_A_B,3N0P_A_B,3NCB_A_B,3NCC_A_B,1BP3_A_B	0
218	3MZG_A_HA173A	HA173A	HA160A	3MZG	3MZG_A	P01236	-0.125	-0.125,-0.125,-0.125,-0.125,-0.125,-0.125	1.7e-05,4.6e-06,4.18e-07,7.17e-08,2.71e-08,2.09e-08	2.1e-05,2.9e-05,3.26e-06,5.51e-07,1.55e-07,9.04e-08	SUP	SPR	2		3MZG_A_B,3N06_A_B,3N0P_A_B,3NCB_A_B,3NCC_A_B,1BP3_A_B	0
219	3MZG_A_HA138A	HA138A	HA125A	3MZG	3MZG_A	P01236	0.397	0.397,0.397,0.397,0.397,0.397,0.397	1.7e-05,4.6e-06,4.18e-07,7.17e-08,2.71e-08,2.09e-08	8.7e-06,2.11e-06,3.23e-07,7.9e-08,3.6e-08,2.47e-08	INT	SPR	2		3MZG_A_B,3N06_A_B,3N0P_A_B,3NCB_A_B,3NCC_A_B,1BP3_A_B	0
220	3MZG_A_HA59A	HA59A	HA46A	3MZG	3MZG_A	P01236	-0.034	-0.034,-0.034,-0.034,-0.034,-0.034,-0.034	1.7e-05,4.6e-06,4.18e-07,7.17e-08,2.71e-08,2.09e-08	1.8e-05,1.2e-05,1.08e-06,1.99e-07,5.54e-08,3.24e-08	INT	SPR	2		3MZG_A_B,3N06_A_B,3N0P_A_B,3NCB_A_B,3NCC_A_B,1BP3_A_B	0
221	3MZG_A_HA97A	HA97A	HA84A	3MZG	3MZG_A	P01236	0.062	0.062,0.062,0.062,0.062,0.062,0.062	1.7e-05,4.6e-06,4.18e-07,7.17e-08,2.71e-08,2.09e-08	1.53e-05,4.68e-06,4.42e-07,9.89e-08,3.82e-08,2.48e-08	INT	SPR	2		3MZG_A_B,3N06_A_B,3N0P_A_B,3NCB_A_B,3NCC_A_B,1BP3_A_B	0
222	3MZG_A_HA46A	HA46A	HA33A	3MZG	3MZG_A	P01236	-0.204	-0.204,-0.204,-0.204,-0.204,-0.204,-0.204	1.7e-05,4.6e-06,4.18e-07,7.17e-08,2.71e-08,2.09e-08	2.4e-05,4.9e-06,4.94e-07,9.29e-08,3.66e-08,2.77e-08	SUR	SPR	2		3MZG_A_B,3N06_A_B,3N0P_A_B,3NCB_A_B,3NCC_A_B,1BP3_A_B	0
223	3MZG_A_HA195A	HA195A	HA182A	3MZG	3MZG_A	P01236	0.261	0.261,0.261,0.261,0.261	4.18e-07,7.17e-08,2.71e-08,2.09e-08	2.69e-07,1.33e-07,8.6e-08,6.7e-08	SUR	SPR	2		3MZG_A_B,3N06_A_B,3N0P_A_B,3NCB_A_B,3NCC_A_B,1BP3_A_B	0
224	1JRH_L_YL30A	YL30A	YL30A	1JRH	1JRH_L	P01837	-1.109	-1.109	1.2e-08	7.8e-08	COR	SPR	1	AB/AG	AB/AG	0
225	1JRH_L_DL28A	DL28A	DL28A	1JRH	1JRH_L	P01837	-0.435	-0.435	1.2e-08	2.5e-08	COR	SPR	1	AB/AG	AB/AG	0
226	1JRH_L_EL27A	EL27A	EL27A	1JRH	1JRH_L	P01837	-0.543	-0.543	1.2e-08	3e-08	RIM	SPR	1	AB/AG	AB/AG	0
227	1JRH_L_WL96A	WL96A	WL95A	1JRH	1JRH_L	P01837	-1.667	-1.667	1.2e-08	2e-07	SUP	SPR	1	AB/AG	AB/AG	0
228	1JRH_L_TL94A	TL94A	TL94A	1JRH	1JRH_L	P01837	-0.385	-0.385	1.2e-08	2.3e-08	COR	SPR	1	AB/AG	AB/AG	0
229	1JRH_L_SL93A	SL93A	SL93A	1JRH	1JRH_L	P01837	0.651	0.651	1.2e-08	4e-09	COR	SPR	1	AB/AG	AB/AG	0
230	1JRH_L_WL92A	WL92A	WL92A	1JRH	1JRH_L	P01837	-2.82	-2.82	1.2e-08	1.4e-06	COR	SPR	1	AB/AG	AB/AG	0
231	1JRH_L_YL91A	YL91A	YL91A	1JRH	1JRH_L	P01837	-0.581	-0.581	1.2e-08	3.2e-08	SUP	SPR	1	AB/AG	AB/AG	0
232	2I26_N_SN61R	SN61R	SN60R	2I26	2I26_N	Q8JGG7	0.626	0.626	9.5e-09	3.3e-09	SUR	SPR	1		2I26_N_L	0
233	2I26_N_AN30V	AN30V	AN29V	2I26	2I26_N	Q8JGG7	-0.03	-0.03	9.5e-09	1e-08	COR	SPR	1		2I26_N_L	0
234	1YY9_D_YD101P	YD101P	YD101P	1YY9	1YY9_D	Not Mapped	-1.652	-1.652	1.31e-09	2.13e-08	COR	SPR	2	AB/AG	AB/AG	0
235	1YY9_D_AD98P	AD98P	AD98P	1YY9	1YY9_D	Not Mapped	-1.038	-1.038	1.31e-09	7.55e-09	INT	SPR	2	AB/AG	AB/AG	0
236	1YY9_D_GD54P	GD54P	GD54P	1YY9	1YY9_D	Not Mapped	-0.268	-0.268	1.31e-09	2.06e-09	COR	SPR	2	AB/AG	AB/AG	0
237	1YY9_D_SD53P	SD53P	SD53P	1YY9	1YY9_D	Not Mapped	-0.818	-0.818	1.31e-09	5.21e-09	SUP	SPR	2	AB/AG	AB/AG	0
238	1YY9_D_WD52P	WD52P	WD52P	1YY9	1YY9_D	Not Mapped	-1.479	-1.479	1.31e-09	1.59e-08	SUP	SPR	2	AB/AG	AB/AG	0
239	1YY9_D_LD29P	LD29P	LD29P	1YY9	1YY9_D	Not Mapped	-0.031	-0.031	1.31e-09	1.38e-09	INT	SPR	2	AB/AG	AB/AG	0
240	1YY9_D_TD61E	TD61E	TD61E	1YY9	1YY9_D	Not Mapped	0.057	0.057	4.9e-10	4.45e-10	SUR	FL	2	AB/AG	AB/AG	0
241	1YY9_D_ND56A	ND56A	ND56A	1YY9	1YY9_D	Not Mapped	0.057	0.057	4.9e-10	4.45e-10	COR	FL	2	AB/AG	AB/AG	0
242	2B2X_L_YL52E	YL52E	YL52E	2B2X	2B2X_L	Not Mapped	0.224	0.224	1.46e-09	1e-09	RIM	KinExA	2	AB/AG	AB/AG	0
243	2BNR_C_CC9V	CC9V	CC9V	2BNR	2BNR_C	P78358	0.502	0.502	1.33e-05	5.7e-06	INT	SPR	2	TCR/pMHC	TCR/pMHC,1JCK_A_B,4N8V_G_ABC	0
244	2AK4_A_QA65A	QA65A	QA65A	2AK4	2AK4_A	P01889	0.258	0.258	1.87e-05	1.21e-05	COR	SPR	2	TCR/pMHC	TCR/pMHC,1JCK_A_B	0
245	2AK4_A_LA163A	LA163A	LA163A	2AK4	2AK4_A	P01889	-0.14	-0.14	1.87e-05	2.37e-05	COR	SPR	2	TCR/pMHC	TCR/pMHC,1JCK_A_B	0
246	2AK4_A_EA161A	EA161A	EA161A	2AK4	2AK4_A	P01889	-0.465	-0.465	1.87e-05	4.1e-05	RIM	SPR	2	TCR/pMHC	TCR/pMHC,1JCK_A_B	0
247	2AK4_A_AA158G	AA158G	AA158G	2AK4	2AK4_A	P01889	-0.874	-0.874	1.87e-05	8.17e-05	COR	SPR	2	TCR/pMHC	TCR/pMHC,1JCK_A_B	0
248	2AK4_A_RA157A	RA157A	RA157A	2AK4	2AK4_A	P01889	-1.404	-1.404	1.87e-05	0.0002	RIM	SPR	2	TCR/pMHC	TCR/pMHC,1JCK_A_B	0
249	2AK4_A_QA155A	QA155A	QA155A	2AK4	2AK4_A	P01889	-0.93	-0.93	1.87e-05	8.98e-05	COR	SPR	2	TCR/pMHC	TCR/pMHC,1JCK_A_B	0
250	2AK4_A_EA154A	EA154A	EA154A	2AK4	2AK4_A	P01889	-0.235	-0.235	1.87e-05	2.78e-05	RIM	SPR	2	TCR/pMHC	TCR/pMHC,1JCK_A_B	0
251	2AK4_A_RA151A	RA151A	RA151A	2AK4	2AK4_A	P01889	-1.367	-1.367	1.87e-05	0.000188	RIM	SPR	2	TCR/pMHC	TCR/pMHC,1JCK_A_B	0
252	2AK4_A_QA72A	QA72A	QA72A	2AK4	2AK4_A	P01889	-0.239	-0.239	1.87e-05	2.8e-05	SUR	SPR	2	TCR/pMHC	TCR/pMHC,1JCK_A_B	0
253	2AK4_A_TA69A	TA69A	TA69A	2AK4	2AK4_A	P01889	0.342	0.342	1.87e-05	1.05e-05	COR	SPR	2	TCR/pMHC	TCR/pMHC,1JCK_A_B	0
254	2B2X_H_VH50T	VH50T	VH50T	2B2X	2B2X_H	P01868	-0.09	-0.09,-0.09	1.46e-09,1.46e-09	1.7e-09,1.36e-09	SUP	ELISA,KinExA	2	AB/AG	AB/AG	0
255	2B2X_H_EH64K	EH64K	EH64K	2B2X	2B2X_H	P01868	0.157	0.157,0.157	1.46e-09,1.46e-09	1.12e-09,1.7e-09	SUR	ELISA,KinExA	2	AB/AG	AB/AG	0
256	1FY8_E_QE156K	QE156K	QE128K	1FY8	1FY8_E	P00763	-1.171	-1.171	9e-06	6.5e-05	INT	ITC	1	Pr/PI	Pr/PI	0
257	1FY8_E_DE194N	DE194N	DE168N	1FY8	1FY8_E	P00763	-0.17	-0.17	9e-06	1.2e-05	INT	ITC	1	Pr/PI	Pr/PI	0
258	4FTV_E_QE102R	QE102R	QE101R	4FTV	4FTV_E	Not Mapped	-0.411	-0.411	4e-09	8e-09	RIM	SPR	2	TCR/pMHC	TCR/pMHC,1JCK_A_B	0
259	4FTV_E_QE102E	QE102E	QE101E	4FTV	4FTV_E	Not Mapped	-0.056	-0.056	4e-09	4.4e-09	RIM	SPR	2	TCR/pMHC	TCR/pMHC,1JCK_A_B	0
260	3SE8_H_LH53A	LH53A	LH54A	3SE8	3SE8_H	Not Mapped	-0.054	-0.054	6.3e-08	6.9e-08	COR	SPR	2	AB/AG	AB/AG	0
261	3SE8_H_KH52A	KH52A	KH52A	3SE8	3SE8_H	Not Mapped	-1.094	-1.094	6.3e-08	3.99e-07	COR	SPR	2	AB/AG	AB/AG	0
262	3SE8_H_WH50A	WH50A	WH50A	3SE8	3SE8_H	Not Mapped	-1.312	-1.312	6.3e-08	5.77e-07	SUP	SPR	2	AB/AG	AB/AG	0
263	3SE8_H_WH47A	WH47A	WH47A	3SE8	3SE8_H	Not Mapped	-1.451	-1.451	6.3e-08	7.3e-07	SUP	SPR	2	AB/AG	AB/AG	0
264	3SE8_H_RH30A	RH30A	RH30A	3SE8	3SE8_H	Not Mapped	0.039	0.039	6.3e-08	5.9e-08	COR	SPR	2	AB/AG	AB/AG	0
265	3SE8_H_FH100dA	FH100dA	FH115A	3SE8	3SE8_H	Not Mapped	-1.05	-1.05	6.3e-08	3.71e-07	SUP	SPR	2	AB/AG	AB/AG	0
266	3SE8_H_DH100cA	DH100cA	DH114A	3SE8	3SE8_H	Not Mapped	0.24	0.24	6.3e-08	4.2e-08	COR	SPR	2	AB/AG	AB/AG	0
267	3SE8_H_YH100A	YH100A	YH111A	3SE8	3SE8_H	Not Mapped	-0.817	-0.817	6.3e-08	2.5e-07	RIM	SPR	2	AB/AG	AB/AG	0
268	3SE8_H_DH99A	DH99A	DH110A	3SE8	3SE8_H	Not Mapped	0.383	0.383	6.3e-08	3.3e-08	RIM	SPR	2	AB/AG	AB/AG	0
269	3SE8_H_PH76dA	PH76dA	PH81A	3SE8	3SE8_H	Not Mapped	0.07	0.07	6.3e-08	5.6e-08	RIM	SPR	2	AB/AG	AB/AG	0
270	3SE8_H_PH76aA	PH76aA	PH78A	3SE8	3SE8_H	Not Mapped	-0.019	-0.019	6.3e-08	6.5e-08	RIM	SPR	2	AB/AG	AB/AG	0
271	3SE8_H_QH75A	QH75A	QH76A	3SE8	3SE8_H	Not Mapped	-0.095	-0.095	6.3e-08	7.4e-08	RIM	SPR	2	AB/AG	AB/AG	0
272	3SE8_H_RH71A	RH71A	RH72A	3SE8	3SE8_H	Not Mapped	-2.602	-2.602	6.3e-08	5.09e-06	COR	SPR	2	AB/AG	AB/AG	0
273	3SE8_H_QH64A	QH64A	QH65A	3SE8	3SE8_H	Not Mapped	-0.541	-0.541	6.3e-08	1.57e-07	RIM	SPR	2	AB/AG	AB/AG	0
274	3SE8_H_QH62A	QH62A	QH63A	3SE8	3SE8_H	Not Mapped	-1.097	-1.097	6.3e-08	4.01e-07	RIM	SPR	2	AB/AG	AB/AG	0
275	3SE8_H_RH61A	RH61A	RH62A	3SE8	3SE8_H	Not Mapped	-1.187	-1.187	6.3e-08	4.67e-07	COR	SPR	2	AB/AG	AB/AG	0
276	3SE8_H_YH59A	YH59A	YH60A	3SE8	3SE8_H	Not Mapped	-0.842	-0.842	6.3e-08	2.61e-07	SUP	SPR	2	AB/AG	AB/AG	0
277	3SE8_H_SH58A	SH58A	SH59A	3SE8	3SE8_H	Not Mapped	-1.132	-1.132	6.3e-08	4.26e-07	COR	SPR	2	AB/AG	AB/AG	0
278	3SE8_H_VH57A	VH57A	VH58A	3SE8	3SE8_H	Not Mapped	-1.23	-1.23	6.3e-08	5.02e-07	COR	SPR	2	AB/AG	AB/AG	0
279	3SE8_H_GH55A	GH55A	GH56A	3SE8	3SE8_H	Not Mapped	-0.351	-0.351	6.3e-08	1.14e-07	SUP	SPR	2	AB/AG	AB/AG	0
280	3SE8_H_WH54A	WH54A	WH55A	3SE8	3SE8_H	Not Mapped	-0.749	-0.749	6.3e-08	2.23e-07	COR	SPR	2	AB/AG	AB/AG	0
281	3N85_L_WL94Y	WL94Y	WL94Y	3N85	3N85_L	Not Mapped	0.039	0.039	7.9e-10	7.4e-10	COR	SPR	2	AB/AG	AB/AG,3MZW_A_B	0
282	3N85_L_WL91F	WL91F	WL91F	3N85	3N85_L	Not Mapped	-0.14	-0.14	7.9e-10	1e-09	SUP	SPR	2	AB/AG	AB/AG,3MZW_A_B	0
283	1VFB_C_LC129A	LC129A	LC129A	1VFB	1VFB_C	P00698	-0.172	-0.172	1.25e-08	1.67e-08	RIM	SPR	1	AB/AG	AB/AG	0
284	1VFB_C_RC125A	RC125A	RC125A	1VFB	1VFB_C	P00698	-1.838	-1.838	1.25e-08	2.78e-07	RIM	SPR	1	AB/AG	AB/AG	0
285	1VFB_C_IC124A	IC124A	IC124A	1VFB	1VFB_C	P00698	-1.232	-1.232	1.25e-08	1e-07	SUP	SPR	1	AB/AG	AB/AG	0
286	1VFB_C_QC121A	QC121A	QC121A	1VFB	1VFB_C	P00698	-2.878	-2.878	1.25e-08	1.61e-06	COR	SPR	1	AB/AG	AB/AG	0
287	1VFB_C_VC120A	VC120A	VC120A	1VFB	1VFB_C	P00698	-0.917	-0.917	1.25e-08	5.88e-08	SUP	SPR	1	AB/AG	AB/AG	0
288	1VFB_C_DC119A	DC119A	DC119A	1VFB	1VFB_C	P00698	-0.954	-0.954	1.25e-08	6.25e-08	RIM	SPR	1	AB/AG	AB/AG	0
289	1VFB_C_TC118A	TC118A	TC118A	1VFB	1VFB_C	P00698	-0.765	-0.765	1.25e-08	4.55e-08	COR	SPR	1	AB/AG	AB/AG	0
290	1VFB_C_KC116A	KC116A	KC116A	1VFB	1VFB_C	P00698	-0.714	-0.714	1.25e-08	4.17e-08	RIM	SPR	1	AB/AG	AB/AG	0
291	1VFB_C_SC24A	SC24A	SC24A	1VFB	1VFB_C	P00698	-0.851	-0.851	1.25e-08	5.26e-08	COR	SPR	1	AB/AG	AB/AG	0
292	1VFB_C_YC23A	YC23A	YC23A	1VFB	1VFB_C	P00698	-0.411	-0.411	1.25e-08	2.5e-08	SUP	SPR	1	AB/AG	AB/AG	0
293	1VFB_C_NC19A	NC19A	NC19A	1VFB	1VFB_C	P00698	-0.396	-0.396	1.25e-08	2.44e-08	COR	SPR	1	AB/AG	AB/AG	0
294	1VFB_C_DC18A	DC18A	DC18A	1VFB	1VFB_C	P00698	-0.34	-0.34	1.25e-08	2.22e-08	COR	SPR	1	AB/AG	AB/AG	0
295	4I77_H_YH100A	YH100A	YH103A	4I77	4I77_H	Not Mapped	-1.692	-1.692,-1.692	1e-11,1e-11	1.74e-10,8.05e-10	COR	SPR	2	AB/AG	AB/AG	0
296	4I77_H_YH100F	YH100F	YH103F	4I77	4I77_H	Not Mapped	0.0	0.0,0.0	1e-11,1e-11	1e-11,2.9e-11	COR	SPR	2	AB/AG	AB/AG	0
297	4I77_H_YH98A	YH98A	YH101A	4I77	4I77_H	Not Mapped	-0.942	-0.942,-0.942	1e-11,1e-11	4.9e-11,4.66e-10	COR	SPR	2	AB/AG	AB/AG	0
298	4I77_H_WH52A	WH52A	WH52A	4I77	4I77_H	Not Mapped	-2.115	-2.115,-2.115	1e-11,1e-11	3.55e-10,1.36e-09	SUP	SPR	2	AB/AG	AB/AG	0
299	4I77_H_WH52F	WH52F	WH52F	4I77	4I77_H	Not Mapped	-2.1	-2.1,-2.1	1e-11,1e-11	3.46e-10,1.17e-09	SUP	SPR	2	AB/AG	AB/AG	0
300	4I77_H_DH54A	DH54A	DH54A	4I77	4I77_H	Not Mapped	-2.125	-2.125,-2.125	1e-11,1e-11	3.61e-10,1.57e-09	RIM	SPR	2	AB/AG	AB/AG	0
301	4I77_H_YH98F	YH98F	YH101F	4I77	4I77_H	Not Mapped	0.0	0.0,0.0	1e-11,1e-11	1e-11,1e-11	COR	SPR	2	AB/AG	AB/AG	0
302	4I77_H_YH97A	YH97A	YH100A	4I77	4I77_H	Not Mapped	0.0	0.0,0.0	1e-11,1e-11	1e-11,1e-11	RIM	SPR	2	AB/AG	AB/AG	0
303	4I77_H_YH97F	YH97F	YH100F	4I77	4I77_H	Not Mapped	0.0	0.0,0.0	1e-11,1e-11	1e-11,1e-11	RIM	SPR	2	AB/AG	AB/AG	0
304	1KIP_B_AB32Y	AB32Y	AB32Y	1KIP	1KIP_B	Not Mapped	0.801	0.801	1.43e-08	3.7e-09	SUP	ITC	1	AB/AG	AB/AG	0
305	1AO7_A_EA166A	EA166A	EA166A	1AO7	1AO7_A	P04439	-3.867	-3.867,-3.867,-3.867,-3.867	2.84e-06,2.55e-06,9.1e-07,8.8e-07	0.00194,0.000207,4e-06,1.02e-05	RIM	SPR	2	TCR/pMHC	TCR/pMHC,1JCK_A_B	0
306	1AO7_A_RA65A	RA65A	RA65A	1AO7	1AO7_A	P04439	-3.23	-3.23,-3.23,-3.23,-3.23	2.66e-06,2.44e-06,9.1e-07,8.8e-07	0.00062,0.000463,8.4e-05,0.000181	RIM	SPR	2	TCR/pMHC	TCR/pMHC,1JCK_A_B	0
307	1AO7_A_QA155A	QA155A	QA155A	1AO7	1AO7_A	P04439	-0.412	-0.412,-0.412,-0.412,-0.412	2.88e-06,4.64e-06,2.87e-06,8.8e-07	5.77e-06,3.89e-06,5.84e-06,1.23e-06	COR	SPR	2	TCR/pMHC	TCR/pMHC,1JCK_A_B	0
308	1AO7_A_TA163A	TA163A	TA163A	1AO7	1AO7_A	P04439	-0.489	-0.489,-0.489,-0.489	2.36e-06,9.1e-07,8.8e-07	5.39e-06,3.1e-06,2.15e-06	COR	SPR	2	TCR/pMHC	TCR/pMHC,1JCK_A_B	0
309	1AO7_A_AA69G	AA69G	AA69G	1AO7	1AO7_A	P04439	-1.182	-1.182,-1.182,-1.182	4.19e-06,9.1e-07,8.8e-07	3.08e-05,9.6e-06,1.15e-05	COR	SPR	2	TCR/pMHC	TCR/pMHC,1JCK_A_B	0
310	1AO7_A_KA66A	KA66A	KA66A	1AO7	1AO7_A	P04439	-2.935	-2.935,-2.935,-2.935	2.23e-06,9.1e-07,8.8e-07	0.000316,1.87e-05,0.000181	SUP	SPR	2	TCR/pMHC	TCR/pMHC,1JCK_A_B	0
311	1AO7_A_WA167A	WA167A	WA167A	1AO7	1AO7_A	P04439	-1.2	-1.2,-1.2	9.1e-07,8.8e-07	6.9e-06,9.77e-06	SUP	SPR	2	TCR/pMHC	TCR/pMHC,1JCK_A_B	0
312	1AO7_A_QA72A	QA72A	QA72A	1AO7	1AO7_A	P04439	-0.357	-0.357,-0.357	2.87e-06,8.8e-07	5.24e-06,9.06e-07	RIM	SPR	2	TCR/pMHC	TCR/pMHC,1JCK_A_B	0
313	1AO7_A_RA170A	RA170A	RA170A	1AO7	1AO7_A	P04439	0.264	0.264,0.264	2.2e-06,8.8e-07	1.41e-06,1.06e-06	RIM	SPR	2	TCR/pMHC	TCR/pMHC,1JCK_A_B	0
314	1AO7_A_EA58A	EA58A	EA58A	1AO7	1AO7_A	P04439	0.72	0.72,0.72	3.64e-06,8.8e-07	1.08e-06,5.72e-07	RIM	SPR	2	TCR/pMHC	TCR/pMHC,1JCK_A_B	0
315	1AO7_A_YA159A	YA159A	YA159A	1AO7	1AO7_A	P04439	-3.245	-3.245	2.06e-06	0.000493	SUP	SPR	2	TCR/pMHC	TCR/pMHC,1JCK_A_B	0
316	1AO7_A_AA150P	AA150P	AA150P	1AO7	1AO7_A	P04439	-1.004	-1.004	1.8e-06	9.8e-06	COR	SPR	2	TCR/pMHC	TCR/pMHC,1JCK_A_B	0
317	1AO7_A_HA70A	HA70A	HA70A	1AO7	1AO7_A	P04439	-3.156	-3.156	8.8e-07	0.000181	INT	SPR	2	TCR/pMHC	TCR/pMHC,1JCK_A_B	0
318	1AO7_A_KA68A	KA68A	KA68A	1AO7	1AO7_A	P04439	-0.194	-0.194	8.8e-07	1.22e-06	RIM	SPR	2	TCR/pMHC	TCR/pMHC,1JCK_A_B	0
319	1AO7_A_VA67A	VA67A	VA67A	1AO7	1AO7_A	P04439	0.558	0.558	8.8e-07	3.43e-07	INT	SPR	2	TCR/pMHC	TCR/pMHC,1JCK_A_B	0
320	1AO7_A_TA64A	TA64A	TA64A	1AO7	1AO7_A	P04439	0.076	0.076	8.8e-07	7.74e-07	INT	SPR	2	TCR/pMHC	TCR/pMHC,1JCK_A_B	0
321	1AO7_A_EA63A	EA63A	EA63A	1AO7	1AO7_A	P04439	-0.159	-0.159	8.8e-07	1.15e-06	INT	SPR	2	TCR/pMHC	TCR/pMHC,1JCK_A_B	0
322	1AO7_A_DA61A	DA61A	DA61A	1AO7	1AO7_A	P04439	-0.38	-0.38	8.8e-07	1.67e-06	SUR	SPR	2	TCR/pMHC	TCR/pMHC,1JCK_A_B	0
323	1AO7_A_EA55A	EA55A	EA55A	1AO7	1AO7_A	P04439	-0.856	-0.856	8.8e-07	3.73e-06	SUP	SPR	2	TCR/pMHC	TCR/pMHC,1JCK_A_B	0
324	1AO7_A_QA43A	QA43A	QA43A	1AO7	1AO7_A	P04439	-0.029	-0.029	8.8e-07	9.24e-07	SUR	SPR	2	TCR/pMHC	TCR/pMHC,1JCK_A_B	0
325	1AO7_A_AA158G	AA158G	AA158G	1AO7	1AO7_A	P04439	-0.312	-0.312	8.8e-07	1.49e-06	COR	SPR	2	TCR/pMHC	TCR/pMHC,1JCK_A_B	0
326	1AO7_A_EA154A	EA154A	EA154A	1AO7	1AO7_A	P04439	-0.362	-0.362	8.8e-07	1.62e-06	RIM	SPR	2	TCR/pMHC	TCR/pMHC,1JCK_A_B	0
327	1AO7_A_VA152A	VA152A	VA152A	1AO7	1AO7_A	P04439	0.194	0.194	8.8e-07	6.34e-07	SUP	SPR	2	TCR/pMHC	TCR/pMHC,1JCK_A_B	0
328	1AO7_A_HA151A	HA151A	HA151A	1AO7	1AO7_A	P04439	0.303	0.303	8.8e-07	5.28e-07	RIM	SPR	2	TCR/pMHC	TCR/pMHC,1JCK_A_B	0
329	1AO7_A_AA150G	AA150G	AA150G	1AO7	1AO7_A	P04439	-0.062	-0.062	8.8e-07	9.77e-07	COR	SPR	2	TCR/pMHC	TCR/pMHC,1JCK_A_B	0
330	1AO7_A_AA149G	AA149G	AA149G	1AO7	1AO7_A	P04439	0.154	0.154	8.8e-07	6.78e-07	RIM	SPR	2	TCR/pMHC	TCR/pMHC,1JCK_A_B	0
331	1AO7_A_KA146A	KA146A	KA146A	1AO7	1AO7_A	P04439	-0.462	-0.462	8.8e-07	1.92e-06	SUR	SPR	2	TCR/pMHC	TCR/pMHC,1JCK_A_B	0
332	1AO7_A_TA80A	TA80A	TA80A	1AO7	1AO7_A	P04439	-0.076	-0.076	8.8e-07	1e-06	INT	SPR	2	TCR/pMHC	TCR/pMHC,1JCK_A_B	0
333	1AO7_A_VA76A	VA76A	VA76A	1AO7	1AO7_A	P04439	-0.597	-0.597	8.8e-07	2.41e-06	SUR	SPR	2	TCR/pMHC	TCR/pMHC,1JCK_A_B	0
334	1AO7_A_RA75A	RA75A	RA75A	1AO7	1AO7_A	P04439	-0.535	-0.535	8.8e-07	2.17e-06	SUR	SPR	2	TCR/pMHC	TCR/pMHC,1JCK_A_B	0
335	1AO7_A_HA74A	HA74A	HA74A	1AO7	1AO7_A	P04439	-1.604	-1.604	8.8e-07	1.32e-05	INT	SPR	2	TCR/pMHC	TCR/pMHC,1JCK_A_B	0
336	1AO7_A_TA73A	TA73A	TA73A	1AO7	1AO7_A	P04439	-0.767	-0.767	8.8e-07	3.21e-06	SUP	SPR	2	TCR/pMHC	TCR/pMHC,1JCK_A_B	0
337	3NPS_A_DA60bA	DA60bA	DA47A	3NPS	3NPS_A	Q9Y5Y6	-1.068	-1.068	7.04e-11	4.27e-10	RIM	FL	1	AB/AG,Pr/PI	AB/AG,Pr/PI	0
338	3NPS_A_DA60aA	DA60aA	DA46A	3NPS	3NPS_A	Q9Y5Y6	-0.34	-0.34	7.04e-11	1.25e-10	RIM	FL	1	AB/AG,Pr/PI	AB/AG,Pr/PI	0
339	3NPS_A_IA60A	IA60A	IA45A	3NPS	3NPS_A	Q9Y5Y6	0.332	0.332	7.04e-11	4.02e-11	SUR	FL	1	AB/AG,Pr/PI	AB/AG,Pr/PI	0
340	3NPS_A_IA41A	IA41A	IA26A	3NPS	3NPS_A	Q9Y5Y6	-0.642	-0.642	7.04e-11	2.08e-10	COR	FL	1	AB/AG,Pr/PI	AB/AG,Pr/PI	0
341	3NPS_A_QA38A	QA38A	QA23A	3NPS	3NPS_A	Q9Y5Y6	-0.026	-0.026	7.04e-11	7.36e-11	SUR	FL	1	AB/AG,Pr/PI	AB/AG,Pr/PI	0
342	3NPS_A_EA169A	EA169A	EA163A	3NPS	3NPS_A	Q9Y5Y6	-0.616	-0.616	7.04e-11	1.99e-10	SUR	FL	1	AB/AG,Pr/PI	AB/AG,Pr/PI	0
343	3NPS_A_LA153A	LA153A	LA147A	3NPS	3NPS_A	Q9Y5Y6	-0.296	-0.296	7.04e-11	1.16e-10	SUR	FL	1	AB/AG,Pr/PI	AB/AG,Pr/PI	0
344	3NPS_A_TA150A	TA150A	TA144A	3NPS	3NPS_A	Q9Y5Y6	-0.175	-0.175	7.04e-11	9.46e-11	RIM	FL	1	AB/AG,Pr/PI	AB/AG,Pr/PI	0
345	3NPS_A_YA146A	YA146A	YA141A	3NPS	3NPS_A	Q9Y5Y6	-1.776	-1.776	7.04e-11	1.41e-09	COR	FL	1	AB/AG,Pr/PI	AB/AG,Pr/PI	0
346	3NPS_A_QA145A	QA145A	QA140A	3NPS	3NPS_A	Q9Y5Y6	-0.296	-0.296	7.04e-11	1.16e-10	SUR	FL	1	AB/AG,Pr/PI	AB/AG,Pr/PI	0
347	3NPS_A_HA143A	HA143A	HA138A	3NPS	3NPS_A	Q9Y5Y6	-1.876	-1.876	7.04e-11	1.67e-09	COR	FL	1	AB/AG,Pr/PI	AB/AG,Pr/PI	0
348	3NPS_A_TA98A	TA98A	TA93A	3NPS	3NPS_A	Q9Y5Y6	-0.724	-0.724	7.04e-11	2.39e-10	RIM	FL	1	AB/AG,Pr/PI	AB/AG,Pr/PI	0
349	3NPS_A_FA97A	FA97A	FA92A	3NPS	3NPS_A	Q9Y5Y6	-0.464	-0.464	7.04e-11	1.54e-10	COR	FL	1	AB/AG,Pr/PI	AB/AG,Pr/PI	0
350	3NPS_A_DA96A	DA96A	DA91A	3NPS	3NPS_A	Q9Y5Y6	-1.508	-1.508	7.04e-11	8.97e-10	RIM	FL	1	AB/AG,Pr/PI	AB/AG,Pr/PI	0
351	3NPS_A_NA95A	NA95A	NA90A	3NPS	3NPS_A	Q9Y5Y6	-0.254	-0.254	7.04e-11	1.08e-10	SUR	FL	1	AB/AG,Pr/PI	AB/AG,Pr/PI	0
352	3NPS_A_FA94A	FA94A	FA89A	3NPS	3NPS_A	Q9Y5Y6	-1.572	-1.572	7.04e-11	1e-09	INT	FL	1	AB/AG,Pr/PI	AB/AG,Pr/PI	0
353	3NPS_A_RA87A	RA87A	RA82A	3NPS	3NPS_A	Q9Y5Y6	0.152	0.152	7.04e-11	5.45e-11	SUR	FL	1	AB/AG,Pr/PI	AB/AG,Pr/PI	0
354	3NPS_A_YA60gA	YA60gA	YA52A	3NPS	3NPS_A	Q9Y5Y6	-0.452	-0.452	7.04e-11	1.51e-10	INT	FL	1	AB/AG,Pr/PI	AB/AG,Pr/PI	0
355	3NPS_A_RA60fA	RA60fA	RA51A	3NPS	3NPS_A	Q9Y5Y6	-0.138	-0.138	7.04e-11	8.89e-11	SUR	FL	1	AB/AG,Pr/PI	AB/AG,Pr/PI	0
356	3NPS_A_FA60eA	FA60eA	FA50A	3NPS	3NPS_A	Q9Y5Y6	-0.22	-0.22	7.04e-11	1.02e-10	INT	FL	1	AB/AG,Pr/PI	AB/AG,Pr/PI	0
357	3NPS_A_RA60cA	RA60cA	RA48A	3NPS	3NPS_A	Q9Y5Y6	1.063	1.063	7.04e-11	1.17e-11	RIM	FL	1	AB/AG,Pr/PI	AB/AG,Pr/PI	0
358	3NPS_A_KA224A	KA224A	KA221A	3NPS	3NPS_A	Q9Y5Y6	0.104	0.104	7.04e-11	5.91e-11	SUR	FL	1	AB/AG,Pr/PI	AB/AG,Pr/PI	0
359	3NPS_A_RA222A	RA222A	RA219A	3NPS	3NPS_A	Q9Y5Y6	0.084	0.084	7.04e-11	6.11e-11	SUR	FL	1	AB/AG,Pr/PI	AB/AG,Pr/PI	0
360	3NPS_A_QA221aA	QA221aA	QA218A	3NPS	3NPS_A	Q9Y5Y6	0.041	0.041	7.04e-11	6.57e-11	COR	FL	1	AB/AG,Pr/PI	AB/AG,Pr/PI	0
361	3NPS_A_DA217A	DA217A	DA214A	3NPS	3NPS_A	Q9Y5Y6	-1.467	-1.467	7.04e-11	8.38e-10	SUR	FL	1	AB/AG,Pr/PI	AB/AG,Pr/PI	0
362	3NPS_A_QA175A	QA175A	QA169A	3NPS	3NPS_A	Q9Y5Y6	-0.741	-0.741	7.04e-11	2.46e-10	COR	FL	1	AB/AG,Pr/PI	AB/AG,Pr/PI	0
363	3NPS_A_QA174A	QA174A	QA168A	3NPS	3NPS_A	Q9Y5Y6	0.059	0.059	7.04e-11	6.37e-11	RIM	FL	1	AB/AG,Pr/PI	AB/AG,Pr/PI	0
364	2AK4_C_LC10A	LC10A	LC10A	2AK4	2AK4_C	P03206	-0.514	-0.514	1.87e-05	4.45e-05	SUP	SPR	2	TCR/pMHC	TCR/pMHC,1JCK_A_B	0
365	2AK4_C_QC9A	QC9A	QC9A	2AK4	2AK4_C	P03206	-0.066	-0.066	1.87e-05	2.09e-05	RIM	SPR	2	TCR/pMHC	TCR/pMHC,1JCK_A_B	0
366	2AK4_C_QC7A	QC7A	QC7A	2AK4	2AK4_C	P03206	-1.404	-1.404	1.87e-05	0.0002	COR	SPR	2	TCR/pMHC	TCR/pMHC,1JCK_A_B	0
367	2AK4_C_PC6A	PC6A	PC6A	2AK4	2AK4_C	P03206	-1.404	-1.404	1.87e-05	0.0002	SUP	SPR	2	TCR/pMHC	TCR/pMHC,1JCK_A_B	0
368	2AK4_C_LC5A	LC5A	LC5A	2AK4	2AK4_C	P03206	-1.404	-1.404	1.87e-05	0.0002	COR	SPR	2	TCR/pMHC	TCR/pMHC,1JCK_A_B	0
369	2AK4_C_PC4A	PC4A	PC4A	2AK4	2AK4_C	P03206	-1.096	-1.096	1.87e-05	0.000119	SUP	SPR	2	TCR/pMHC	TCR/pMHC,1JCK_A_B	0
370	4P5T_C_KC75A	KC75A	KC76A	4P5T	4P5T_C	P14434	-0.359	-0.359	6e-06	1.1e-05	SUR	SPR	2	TCR/pMHC	TCR/pMHC,1JCK_A_B	0
371	4P5T_C_VC72A	VC72A	VC73A	4P5T	4P5T_C	P14434	0.0	0.0	6e-06	6e-06	INT	SPR	2	TCR/pMHC	TCR/pMHC,1JCK_A_B	0
372	4P5T_C_HC68A	HC68A	HC69A	4P5T	4P5T_C	P14434	-1.01	-1.01	6e-06	3.3e-05	RIM	SPR	2	TCR/pMHC	TCR/pMHC,1JCK_A_B	0
373	4P5T_C_KC67A	KC67A	KC68A	4P5T	4P5T_C	P14434	-0.992	-0.992	6e-06	3.2e-05	SUR	SPR	2	TCR/pMHC	TCR/pMHC,1JCK_A_B	0
374	4P5T_C_VC65A	VC65A	VC66A	4P5T	4P5T_C	P14434	-0.869	-0.869	6e-06	2.6e-05	SUP	SPR	2	TCR/pMHC	TCR/pMHC,1JCK_A_B	0
375	4P5T_C_NC62A	NC62A	NC63A	4P5T	4P5T_C	P14434	-1.496	-1.496	6e-06	7.5e-05	SUP	SPR	2	TCR/pMHC	TCR/pMHC,1JCK_A_B	0
376	4P5T_C_QC61A	QC61A	QC62A	4P5T	4P5T_C	P14434	0.0	0.0	6e-06	6e-06	COR	SPR	2	TCR/pMHC	TCR/pMHC,1JCK_A_B	0
377	4P5T_C_LC60A	LC60A	LC61A	4P5T	4P5T_C	P14434	-1.01	-1.01	6e-06	3.3e-05	SUP	SPR	2	TCR/pMHC	TCR/pMHC,1JCK_A_B	0
378	4P5T_C_QC57A	QC57A	QC58A	4P5T	4P5T_C	P14434	0.0	0.0	6e-06	6e-06	COR	SPR	2	TCR/pMHC	TCR/pMHC,1JCK_A_B	0
379	4P5T_C_DC55A	DC55A	DC56A	4P5T	4P5T_C	P14434	-0.617	-0.617	6e-06	1.7e-05	RIM	SPR	2	TCR/pMHC	TCR/pMHC,1JCK_A_B	0
380	4P5T_C_KC39A	KC39A	KC40A	4P5T	4P5T_C	P14434	-1.139	-1.139	6e-06	4.1e-05	RIM	SPR	2	TCR/pMHC	TCR/pMHC,1JCK_A_B	0
381	3BN9_B_RB60fA	RB60fA	RB51A	3BN9	3BN9_B	Q9Y5Y6	0.072	0.072	1.23e-11	1.09e-11	SUR	FL	1	AB/AG,Pr/PI	AB/AG,Pr/PI	0
382	3BN9_B_FB60eA	FB60eA	FB50A	3BN9	3BN9_B	Q9Y5Y6	0.045	0.045	1.23e-11	1.14e-11	INT	FL	1	AB/AG,Pr/PI	AB/AG,Pr/PI	0
383	3BN9_B_RB60cA	RB60cA	RB48A	3BN9	3BN9_B	Q9Y5Y6	0.045	0.045	1.23e-11	1.14e-11	RIM	FL	1	AB/AG,Pr/PI	AB/AG,Pr/PI	0
384	3BN9_B_DB60bA	DB60bA	DB47A	3BN9	3BN9_B	Q9Y5Y6	-0.311	-0.311	1.23e-11	2.08e-11	RIM	FL	1	AB/AG,Pr/PI	AB/AG,Pr/PI	0
385	3BN9_B_DB60aA	DB60aA	DB46A	3BN9	3BN9_B	Q9Y5Y6	-0.423	-0.423	1.23e-11	2.51e-11	RIM	FL	1	AB/AG,Pr/PI	AB/AG,Pr/PI	0
386	3BN9_B_IB60A	IB60A	IB45A	3BN9	3BN9_B	Q9Y5Y6	-0.836	-0.836	1.23e-11	5.04e-11	COR	FL	1	AB/AG,Pr/PI	AB/AG,Pr/PI	0
387	3BN9_B_IB41A	IB41A	IB26A	3BN9	3BN9_B	Q9Y5Y6	0.0	0.0	1.23e-11	1.23e-11	COR	FL	1	AB/AG,Pr/PI	AB/AG,Pr/PI	0
388	3BN9_B_QB38A	QB38A	QB23A	3BN9	3BN9_B	Q9Y5Y6	0.415	0.415	1.23e-11	6.1e-12	SUR	FL	1	AB/AG,Pr/PI	AB/AG,Pr/PI	0
389	3BN9_B_DB217A	DB217A	DB214A	3BN9	3BN9_B	Q9Y5Y6	-0.566	-0.566	1.23e-11	3.2e-11	COR	FL	1	AB/AG,Pr/PI	AB/AG,Pr/PI	0
390	3BN9_B_QB175A	QB175A	QB169A	3BN9	3BN9_B	Q9Y5Y6	-2.51	-2.51	1.23e-11	8.51e-10	COR	FL	1	AB/AG,Pr/PI	AB/AG,Pr/PI	0
391	3BN9_B_QB174A	QB174A	QB168A	3BN9	3BN9_B	Q9Y5Y6	0.035	0.035	1.23e-11	1.16e-11	RIM	FL	1	AB/AG,Pr/PI	AB/AG,Pr/PI	0
392	3BN9_B_EB169A	EB169A	EB163A	3BN9	3BN9_B	Q9Y5Y6	-0.373	-0.373	1.23e-11	2.31e-11	SUR	FL	1	AB/AG,Pr/PI	AB/AG,Pr/PI	0
393	3BN9_B_LB153A	LB153A	LB147A	3BN9	3BN9_B	Q9Y5Y6	-0.336	-0.336	1.23e-11	2.17e-11	SUR	FL	1	AB/AG,Pr/PI	AB/AG,Pr/PI	0
394	3BN9_B_TB150A	TB150A	TB144A	3BN9	3BN9_B	Q9Y5Y6	-0.291	-0.291	1.23e-11	2.01e-11	SUR	FL	1	AB/AG,Pr/PI	AB/AG,Pr/PI	0
395	3BN9_B_YB146A	YB146A	YB141A	3BN9	3BN9_B	Q9Y5Y6	-1.085	-1.085	1.23e-11	7.68e-11	RIM	FL	1	AB/AG,Pr/PI	AB/AG,Pr/PI	0
396	3BN9_B_QB145A	QB145A	QB140A	3BN9	3BN9_B	Q9Y5Y6	-0.133	-0.133	1.23e-11	1.54e-11	SUR	FL	1	AB/AG,Pr/PI	AB/AG,Pr/PI	0
397	3BN9_B_HB143A	HB143A	HB138A	3BN9	3BN9_B	Q9Y5Y6	-0.085	-0.085	1.23e-11	1.42e-11	COR	FL	1	AB/AG,Pr/PI	AB/AG,Pr/PI	0
398	3BN9_B_TB98A	TB98A	TB93A	3BN9	3BN9_B	Q9Y5Y6	-1.133	-1.133	1.23e-11	8.32e-11	COR	FL	1	AB/AG,Pr/PI	AB/AG,Pr/PI	0
399	3BN9_B_FB97A	FB97A	FB92A	3BN9	3BN9_B	Q9Y5Y6	-6.698	-6.698	1.23e-11	1e-06	COR	FL	2	AB/AG,Pr/PI	AB/AG,Pr/PI	0
400	3BN9_B_DB96A	DB96A	DB91A	3BN9	3BN9_B	Q9Y5Y6	-6.698	-6.698	1.23e-11	1e-06	COR	FL	2	AB/AG,Pr/PI	AB/AG,Pr/PI	0
401	3BN9_B_NB95A	NB95A	NB90A	3BN9	3BN9_B	Q9Y5Y6	-0.774	-0.774	1.23e-11	4.54e-11	COR	FL	1	AB/AG,Pr/PI	AB/AG,Pr/PI	0
402	3BN9_B_FB94A	FB94A	FB89A	3BN9	3BN9_B	Q9Y5Y6	-0.64	-0.64	1.23e-11	3.62e-11	SUP	FL	1	AB/AG,Pr/PI	AB/AG,Pr/PI	0
403	3BN9_B_RB87A	RB87A	RB82A	3BN9	3BN9_B	Q9Y5Y6	0.159	0.159	1.23e-11	9.4e-12	SUR	FL	1	AB/AG,Pr/PI	AB/AG,Pr/PI	0
404	3BN9_B_YB60gA	YB60gA	YB52A	3BN9	3BN9_B	Q9Y5Y6	-0.019	-0.019	1.23e-11	1.27e-11	INT	FL	1	AB/AG,Pr/PI	AB/AG,Pr/PI	0
405	3BN9_B_KB224A	KB224A	KB221A	3BN9	3BN9_B	Q9Y5Y6	-0.785	-0.785	1.23e-11	4.63e-11	COR	FL	1	AB/AG,Pr/PI	AB/AG,Pr/PI	0
406	3BN9_B_RB222A	RB222A	RB219A	3BN9	3BN9_B	Q9Y5Y6	0.094	0.094	1.23e-11	1.05e-11	SUR	FL	1	AB/AG,Pr/PI	AB/AG,Pr/PI	0
407	3BN9_B_QB221aA	QB221aA	QB218A	3BN9	3BN9_B	Q9Y5Y6	-0.706	-0.706	1.23e-11	4.05e-11	RIM	FL	1	AB/AG,Pr/PI	AB/AG,Pr/PI	0
408	3S9D_A_RA149A	RA149A	RA120A	3S9D	3S9D_A	P01563	-3.074	-3.074,-3.074,-3.074,-3.074	3e-09,3e-09,3.11e-09,2.5e-09	5.38e-07,3e-07,5.84e-07,5.4e-07	COR	SP,SPR	2		3S9D_A_B,3SE3_B_C,3SE4_B_C	0
409	3S9D_A_LA30A	LA30A	LA23A	3S9D	3S9D_A	P01563	-3.682	-3.682,-3.682,-3.682,-3.682	1e-08,3e-09,3e-09,2.5e-09	5e-06,1.7e-06,2.31e-06,1.7e-06	COR	SP,SPR	2		3S9D_A_B,3SE3_B_C,3SE4_B_C	0
410	3S9D_A_LA26A	LA26A	LA19A	3S9D	3S9D_A	P01563	-1.01	-1.01,-1.01,-1.01,-1.01	1e-08,3e-09,3e-09,2.5e-09	5.5e-08,1.69e-08,1.36e-08,3.1e-08	COR	SP,SPR	2		3S9D_A_B,3SE3_B_C,3SE4_B_C	0
411	3S9D_A_AA145G	AA145G	AA116G	3S9D	3S9D_A	P01563	-2.077	-2.077,-2.077,-2.077	3e-09,3e-09,2.5e-09	1e-07,1e-07,9.6e-08	COR	SP,SPR	2		3S9D_A_B,3SE3_B_C,3SE4_B_C	0
412	3S9D_A_RA144A	RA144A	RA115A	3S9D	3S9D_A	P01563	-2.185	-2.185,-2.185,-2.185	3e-09,3e-09,2.5e-09	1.2e-07,1e-07,9.9e-08	SUP	SP,SPR	2		3S9D_A_B,3SE3_B_C,3SE4_B_C	0
413	3S9D_A_EA132A	EA132A	EA103A	3S9D	3S9D_A	P01563	0.132	0.132,0.132,0.132	1e-08,3e-09,3e-09	8e-09,2.1e-09,2.27e-09	SUR	SP,SPR	2		3S9D_A_B,3SE3_B_C,3SE4_B_C	0
414	3S9D_A_MA148A	MA148A	MA119A	3S9D	3S9D_A	P01563	-2.289	-2.289,-2.289,-2.289	3e-09,3e-09,2.5e-09	1.43e-07,1e-07,1.43e-07	SUP	SP,SPR	2		3S9D_A_B,3SE3_B_C,3SE4_B_C	0
415	3S9D_A_SA152A	SA152A	SA123A	3S9D	3S9D_A	P01563	-0.904	-0.904,-0.904,-0.904	3e-09,3e-09,2.5e-09	1.38e-08,3e-08,1.6e-08	COR	SP,SPR	2		3S9D_A_B,3SE3_B_C,3SE4_B_C	0
416	3S9D_A_LA153A	LA153A	LA124A	3S9D	3S9D_A	P01563	-1.336	-1.336,-1.336,-1.336	3e-09,3e-09,2.5e-09	2.86e-08,3e-08,4e-08	COR	SP,SPR	2		3S9D_A_B,3SE3_B_C,3SE4_B_C	0
417	3S9D_A_LA15A	LA15A	LA8A	3S9D	3S9D_A	P01563	-1.279	-1.279,-1.279,-1.279	3e-09,3e-09,2.5e-09	2.6e-08,3e-08,6.9e-08	SUP	SP,SPR	2		3S9D_A_B,3SE3_B_C,3SE4_B_C	0
418	3S9D_A_RA125A	RA125A	RA96A	3S9D	3S9D_A	P01563	-0.348	-0.348,-0.348,-0.348	1e-08,3e-09,3e-09	1.8e-08,3e-09,4.84e-09	SUR	SP,SPR	2		3S9D_A_B,3SE3_B_C,3SE4_B_C	0
419	3S9D_A_KA131A	KA131A	KA102A	3S9D	3S9D_A	P01563	-0.278	-0.278,-0.278,-0.278	1e-08,3e-09,3e-09	1.6e-08,6.2e-09,3e-09	SUR	SP,SPR	2		3S9D_A_B,3SE3_B_C,3SE4_B_C	0
420	3S9D_A_SA25A	SA25A	SA18A	3S9D	3S9D_A	P01563	0.211	0.211,0.211,0.211	1e-08,3e-09,3e-09	7e-09,2.6e-09,3e-09	RIM	SP,SPR	2		3S9D_A_B,3SE3_B_C,3SE4_B_C	0
421	3S9D_A_DA32A	DA32A	DA25A	3S9D	3S9D_A	P01563	-0.38	-0.38,-0.38,-0.38	1e-08,3e-09,3e-09	1.9e-08,8.7e-09,1.43e-08	INT	SP,SPR	2		3S9D_A_B,3SE3_B_C,3SE4_B_C	0
422	3S9D_A_RA33A	RA33A	RA26A	3S9D	3S9D_A	P01563	-3.682	-3.682,-3.682,-3.682	1e-08,3e-09,3e-09	5e-06,2.81e-05,0.00012	COR	SP,SPR	2		3S9D_A_B,3SE3_B_C,3SE4_B_C	0
423	3S9D_A_HA34A	HA34A	HA27A	3S9D	3S9D_A	P01563	-0.411	-0.411,-0.411,-0.411	1e-08,3e-09,3e-09	2e-08,7.9e-09,8.82e-09	RIM	SP,SPR	2		3S9D_A_B,3SE3_B_C,3SE4_B_C	0
424	3S9D_A_DA35A	DA35A	DA28A	3S9D	3S9D_A	P01563	-0.24	-0.24,-0.24,-0.24	1e-08,3e-09,3e-09	1.5e-08,4.6e-09,6e-09	RIM	SP,SPR	2		3S9D_A_B,3SE3_B_C,3SE4_B_C	0
425	3S9D_A_KA134A	KA134A	KA105A	3S9D	3S9D_A	P01563	-0.056	-0.056,-0.056,-0.056	1e-08,3e-09,3e-09	1.1e-08,3.8e-09,4.17e-09	SUR	SP,SPR	2		3S9D_A_B,3SE3_B_C,3SE4_B_C	0
426	3S9D_A_KA133A	KA133A	KA104A	3S9D	3S9D_A	P01563	-0.775	-0.775,-0.775,-0.775	1e-08,3e-09,3e-09	3.7e-08,2.6e-08,4.29e-09	SUR	SP,SPR	2		3S9D_A_B,3SE3_B_C,3SE4_B_C	0
427	3S9D_A_FA27A	FA27A	FA20A	3S9D	3S9D_A	P01563	-0.519	-0.519,-0.519,-0.519	1e-08,3e-09,3e-09	2.4e-08,1.37e-08,1e-08	RIM	SP,SPR	2		3S9D_A_B,3SE3_B_C,3SE4_B_C	0
428	3S9D_A_KA31A	KA31A	KA24A	3S9D	3S9D_A	P01563	-0.493	-0.493,-0.493,-0.493	1e-08,3e-09,3e-09	2.3e-08,9e-09,1e-08	SUR	SP,SPR	2		3S9D_A_B,3SE3_B_C,3SE4_B_C	0
429	3S9D_A_MA16A	MA16A	MA9A	3S9D	3S9D_A	P01563	-0.124	-0.124,-0.124	3e-09,3e-09	3.7e-09,3e-09	RIM	SP,SPR	2		3S9D_A_B,3SE3_B_C,3SE4_B_C	0
430	3S9D_A_KA121A	KA121A	KA92A	3S9D	3S9D_A	P01563	-0.108	-0.108,-0.108	1e-08,3e-09	1.2e-08,2.63e-09	SUR	SP,SPR	2		3S9D_A_B,3SE3_B_C,3SE4_B_C	0
431	3S9D_A_LA30V	LA30V	LA23V	3S9D	3S9D_A	P01563	-2.641	-2.641,-2.641	3e-09,3e-09	2.59e-07,1.3e-07	COR	SP,SPR	2		3S9D_A_B,3SE3_B_C,3SE4_B_C	0
432	3S9D_A_IA24A	IA24A	IA17A	3S9D	3S9D_A	P01563	0.132	0.132,0.132	3e-09,3e-09	2.4e-09,2.61e-09	SUR	SP,SPR	2		3S9D_A_B,3SE3_B_C,3SE4_B_C	0
433	3S9D_A_RA23A	RA23A	RA16A	3S9D	3S9D_A	P01563	-0.359	-0.359,-0.359	3e-09,3e-09	5.5e-09,3.53e-09	SUR	SP,SPR	2		3S9D_A_B,3SE3_B_C,3SE4_B_C	0
434	3S9D_A_RA22A	RA22A	RA15A	3S9D	3S9D_A	P01563	-0.17	-0.17,-0.17	3e-09,3e-09	4e-09,4.35e-09	RIM	SP,SPR	2		3S9D_A_B,3SE3_B_C,3SE4_B_C	0
435	3S9D_A_NA156A	NA156A	NA127A	3S9D	3S9D_A	P01563	0.085	0.085,0.085	3e-09,3e-09	2.6e-09,3e-09	RIM	SP,SPR	2		3S9D_A_B,3SE3_B_C,3SE4_B_C	0
436	3S9D_A_AA145M	AA145M	AA116M	3S9D	3S9D_A	P01563	-1.058	-1.058,-1.058	3e-09,3e-09	1.79e-08,1.88e-08	COR	SP,SPR	2		3S9D_A_B,3SE3_B_C,3SE4_B_C	0
437	3S9D_A_RA33K	RA33K	RA26K	3S9D	3S9D_A	P01563	-4.674	-4.674,-4.674	3e-09,3e-09	8e-06,6e-06	COR	SP,SPR	2		3S9D_A_B,3SE3_B_C,3SE4_B_C	0
438	3S9D_A_SA28A	SA28A	SA21A	3S9D	3S9D_A	P01563	0.0	0.0	1e-08	1e-08	SUR	SP	2		3S9D_A_B,3SE3_B_C,3SE4_B_C	0
439	3S9D_A_RA33Q	RA33Q	RA26Q	3S9D	3S9D_A	P01563	-6.082	-6.082	3e-09	8.62e-05	COR	SP	2		3S9D_A_B,3SE3_B_C,3SE4_B_C	0
440	3S9D_A_LA128A	LA128A	LA99A	3S9D	3S9D_A	P01563	0.062	0.062	1e-08	9e-09	SUR	SP	2		3S9D_A_B,3SE3_B_C,3SE4_B_C	0
441	3S9D_A_EA41A	EA41A	EA34A	3S9D	3S9D_A	P01563	0.0	0.0	1e-08	1e-08	SUR	SP	2		3S9D_A_B,3SE3_B_C,3SE4_B_C	0
442	3S9D_A_NA65A	NA65A	NA51A	3S9D	3S9D_A	P01563	0.0	0.0	3e-09	3e-09	SUR	SP	2		3S9D_A_B,3SE3_B_C,3SE4_B_C	0
443	3S9D_A_FA64A	FA64A	FA50A	3S9D	3S9D_A	P01563	-0.17	-0.17	3e-09	4e-09	SUR	SP	2		3S9D_A_B,3SE3_B_C,3SE4_B_C	0
444	3S9D_A_QA62A	QA62A	QA48A	3S9D	3S9D_A	P01563	0.0	0.0	3e-09	3e-09	INT	SP	2		3S9D_A_B,3SE3_B_C,3SE4_B_C	0
445	3S9D_A_QA40A	QA40A	QA33A	3S9D	3S9D_A	P01563	-0.019	-0.019	3e-09	3.1e-09	SUR	SP	2		3S9D_A_B,3SE3_B_C,3SE4_B_C	0
446	3S9D_A_RA120K	RA120K	RA91K	3S9D	3S9D_A	P01563	-0.031	-0.031	3e-09	3.16e-09	SUR	SPR	2		3S9D_A_B,3SE3_B_C,3SE4_B_C	0
447	3S9D_A_AA19W	AA19W	AA12W	3S9D	3S9D_A	P01563	0.181	0.181	3e-09	2.21e-09	RIM	SPR	2		3S9D_A_B,3SE3_B_C,3SE4_B_C	0
448	3S9D_A_RA12A	RA12A	RA5A	3S9D	3S9D_A	P01563	-0.622	-0.622	3e-09	8.57e-09	COR	SPR	2		3S9D_A_B,3SE3_B_C,3SE4_B_C	0
449	3S9D_A_EA96A	EA96A	EA82A	3S9D	3S9D_A	P01563	-0.17	-0.17	3e-09	4e-09	SUR	SP	2		3S9D_A_B,3SE3_B_C,3SE4_B_C	0
450	3S9D_A_NA93A	NA93A	NA79A	3S9D	3S9D_A	P01563	-0.17	-0.17	3e-09	4e-09	SUR	SP	2		3S9D_A_B,3SE3_B_C,3SE4_B_C	0
451	3S9D_A_QA90A	QA90A	QA76A	3S9D	3S9D_A	P01563	-0.17	-0.17	3e-09	4e-09	SUR	SP	2		3S9D_A_B,3SE3_B_C,3SE4_B_C	0
452	3S9D_A_YA89A	YA89A	YA75A	3S9D	3S9D_A	P01563	-0.303	-0.303	3e-09	5e-09	SUR	SP	2		3S9D_A_B,3SE3_B_C,3SE4_B_C	0
453	3S9D_A_TA86A	TA86A	TA72A	3S9D	3S9D_A	P01563	-0.17	-0.17	3e-09	4e-09	SUR	SP	2		3S9D_A_B,3SE3_B_C,3SE4_B_C	0
454	3S9D_A_YA85A	YA85A	YA71A	3S9D	3S9D_A	P01563	-0.303	-0.303	3e-09	5e-09	INT	SP	2		3S9D_A_B,3SE3_B_C,3SE4_B_C	0
455	3S9D_A_KA83A	KA83A	KA69A	3S9D	3S9D_A	P01563	0.0	0.0	3e-09	3e-09	SUR	SP	2		3S9D_A_B,3SE3_B_C,3SE4_B_C	0
456	3S9D_A_LA80A	LA80A	LA66A	3S9D	3S9D_A	P01563	-0.303	-0.303	3e-09	5e-09	INT	SP	2		3S9D_A_B,3SE3_B_C,3SE4_B_C	0
457	3S9D_A_TA79A	TA79A	TA65A	3S9D	3S9D_A	P01563	-0.17	-0.17	3e-09	4e-09	SUR	SP	2		3S9D_A_B,3SE3_B_C,3SE4_B_C	0
458	3S9D_A_SA73A	SA73A	SA59A	3S9D	3S9D_A	P01563	-0.17	-0.17	3e-09	4e-09	SUR	SP	2		3S9D_A_B,3SE3_B_C,3SE4_B_C	0
459	3S9D_A_KA70A	KA70A	KA56A	3S9D	3S9D_A	P01563	0.0	0.0	3e-09	3e-09	SUR	SP	2		3S9D_A_B,3SE3_B_C,3SE4_B_C	0
460	3S9D_A_TA69A	TA69A	TA55A	3S9D	3S9D_A	P01563	0.0	0.0	3e-09	3e-09	SUR	SP	2		3S9D_A_B,3SE3_B_C,3SE4_B_C	0
461	3S9D_A_SA68A	SA68A	SA54A	3S9D	3S9D_A	P01563	0.0	0.0	3e-09	3e-09	SUR	SP	2		3S9D_A_B,3SE3_B_C,3SE4_B_C	0
462	1BD2_E_YE104A	YE104A	YE99A	1BD2	1BD2_E	A0A0K0K1A5,A0A5B9	-0.217	-0.217,-0.217,-0.217	1.74e-06,1.78e-06,1.35e-06	2.51e-06,2.65e-06,2.99e-06	COR	SPR	2	TCR/pMHC	TCR/pMHC,1JCK_A_B	0
463	1BD2_E_EE30A	EE30A	EE28A	1BD2	1BD2_E	A0A0K0K1A5,A0A5B9	-2.835	-2.835	1.62e-06	0.000194	SUP	SPR	2	TCR/pMHC	TCR/pMHC,1JCK_A_B	0
464	2BDN_H_DH31E	DH31E	DH31E	2BDN	2BDN_H	Not Mapped	-1.086	-1.086	8e-10	5e-09	RIM	SPR	2	AB/AG	AB/AG	0
465	2BDN_H_NH28Q	NH28Q	NH28Q	2BDN	2BDN_H	Not Mapped	-1.4	-1.4	8e-10	8.5e-09	RIM	SPR	2	AB/AG	AB/AG	0
466	2BDN_H_NH28D	NH28D	NH28D	2BDN	2BDN_H	Not Mapped	-0.132	-0.132	8e-10	1e-09	RIM	SPR	2	AB/AG	AB/AG	0
467	2BDN_H_LH27K	LH27K	LH27K	2BDN	2BDN_H	Not Mapped	-0.874	-0.874	8e-10	3.5e-09	INT	SPR	2	AB/AG	AB/AG	0
468	2BDN_H_LH27R	LH27R	LH27R	2BDN	2BDN_H	Not Mapped	-0.651	-0.651	8e-10	2.4e-09	INT	SPR	2	AB/AG	AB/AG	0
469	1LP9_A_KA66A	KA66A	KA66A	1LP9	1LP9_A	P04439	-0.728	-0.728,-0.728	9.3e-06,1e-06	3.18e-05,7e-06	SUP	ITC,SPR	2	TCR/pMHC	TCR/pMHC,1JCK_A_B	0
470	1LP9_A_WA167A	WA167A	WA167A	1LP9	1LP9_A	P04439	-0.299	-0.299	9.3e-06	1.54e-05	COR	SPR	2	TCR/pMHC	TCR/pMHC,1JCK_A_B	0
471	1LP9_A_TA163A	TA163A	TA163A	1LP9	1LP9_A	P04439	0.404	0.404	9.3e-06	4.7e-06	COR	SPR	2	TCR/pMHC	TCR/pMHC,1JCK_A_B	0
472	3D3V_C_YC8A	YC8A	YC8A	3D3V	3D3V_C	Not Mapped	-3.414	-3.414,-3.414	8.65e-07,8.65e-07	0.000275,0.000275	COR	SPR	2	TCR/pMHC	TCR/pMHC,1JCK_A_B	0
473	3D3V_C_YC8F	YC8F	YC8F	3D3V	3D3V_C	Not Mapped	-0.927	-0.927	2e-06	9.57e-06	COR	SPR	2	TCR/pMHC	TCR/pMHC,1JCK_A_B	0
474	3N06_A_AA27H	AA27H	AA14H	3N06	3N06_A	P01236	-0.091	-0.091,-0.091,-0.091,-0.091,-0.091,-0.091,-0.091,-0.091,-0.091,-0.091	7.2e-06,1.66e-06,6.8e-07,1.43e-07,5.8e-08,2.9e-08,2.6e-08,1.6e-08,1.8e-08,1.9e-08	8.4e-06,2.13e-06,1.28e-06,2e-07,7.7e-08,3.3e-08,2.1e-08,1.3e-08,1.1e-08,1.1e-08	SUP	SPR	2		3MZG_A_B,3N06_A_B,3N0P_A_B,3NCB_A_B,3NCC_A_B,1BP3_A_B	0
475	2P5E_D_YD31D	YD31D	YD32D	2P5E	2P5E_D	P01848	-7.608	-7.608	4.77e-11	1.8e-05	COR	SPR	2	TCR/pMHC	TCR/pMHC,1JCK_A_B,4N8V_G_ABC	0
476	2VLR_E_AE99S	AE99S	AE95S	2VLR	2VLR_E	P01850	-0.035	-0.035,-0.035	4.9e-06,5.24e-06	5.2e-06,5.24e-06	SUP	ITC,SPR	1	TCR/pMHC	TCR/pMHC,1JCK_A_B	0
477	4L3E_A_QA155A	QA155A	QA155A	4L3E	4L3E_A	P04439	-1.259	-1.259	1.23e-05	0.000103	COR	SPR	2	TCR/pMHC	TCR/pMHC,1JCK_A_B	0
478	4L3E_A_RA65A	RA65A	RA65A	4L3E	4L3E_A	P04439	-1.302	-1.302	1e-07	9e-07	COR	SPR	2	TCR/pMHC	TCR/pMHC,1JCK_A_B	0
479	4L3E_A_EA166A	EA166A	EA166A	4L3E	4L3E_A	P04439	-1.218	-1.218	4.15e-06	3.24e-05	RIM	SPR	2	TCR/pMHC	TCR/pMHC,1JCK_A_B	0
480	1MLC_A_NA92A	NA92A	NA92A	1MLC	1MLC_A	P01837	1.254	1.254	4.4e-09	5.3e-10	COR	FL	2	AB/AG	AB/AG	0
481	1MLC_A_NA32G	NA32G	NA32G	1MLC	1MLC_A	P01837	0.878	0.878	4.4e-09	1e-09	SUP	FL	2	AB/AG	AB/AG	0
482	1MLC_A_NA32Y	NA32Y	NA32Y	1MLC	1MLC_A	P01837	0.0	0.0	4.4e-09	4.4e-09	SUP	FL	2	AB/AG	AB/AG	0
483	3QIB_B_EB59A	EB59A	EB57A	3QIB	3QIB_B	P04230	0.0	0.0	5.5e-06	5.5e-06	SUR	SPR	2	TCR/pMHC	TCR/pMHC,1JCK_A_B	0
484	3QIB_B_DB76A	DB76A	DB74A	3QIB	3QIB_B	P04230	-0.863	-0.863	5.5e-06	2.36e-05	COR	SPR	2	TCR/pMHC	TCR/pMHC,1JCK_A_B	0
485	3QIB_B_AB73G	AB73G	AB71G	3QIB	3QIB_B	P04230	-2.204	-2.204	5.5e-06	0.000227	COR	SPR	2	TCR/pMHC	TCR/pMHC,1JCK_A_B	0
486	3QIB_B_HB81A	HB81A	HB79A	3QIB	3QIB_B	P04230	-0.052	-0.052	5.5e-06	6e-06	COR	SPR	2	TCR/pMHC	TCR/pMHC,1JCK_A_B	0
487	3QIB_B_TB77A	TB77A	TB75A	3QIB	3QIB_B	P04230	-0.75	-0.75	5.5e-06	1.95e-05	COR	SPR	2	TCR/pMHC	TCR/pMHC,1JCK_A_B	0
488	3QIB_B_EB69A	EB69A	EB67A	3QIB	3QIB_B	P04230	-1.821	-1.821	5.5e-06	0.000119	COR	SPR	2	TCR/pMHC	TCR/pMHC,1JCK_A_B	0
489	3QIB_B_EB66A	EB66A	EB64A	3QIB	3QIB_B	P04230	-1.213	-1.213	5.5e-06	4.26e-05	RIM	SPR	2	TCR/pMHC	TCR/pMHC,1JCK_A_B	0
490	3QIB_B_QB64A	QB64A	QB62A	3QIB	3QIB_B	P04230	-1.764	-1.764	5.5e-06	0.000108	COR	SPR	2	TCR/pMHC	TCR/pMHC,1JCK_A_B	0
491	3QIB_B_SB63A	SB63A	SB61A	3QIB	3QIB_B	P04230	-0.026	-0.026	5.5e-06	5.75e-06	SUR	SPR	2	TCR/pMHC	TCR/pMHC,1JCK_A_B	0
492	1XGR_B_IB33A	IB33A	IB33A	1XGR	1XGR_B	Not Mapped	-2.261	-2.261	1.1e-07	5e-06	SUP	ITC	2	AB/AG	AB/AG	0
493	1XGR_B_IB33V	IB33V	IB33V	1XGR	1XGR_B	Not Mapped	-1.108	-1.108	1.1e-07	7.14e-07	SUP	ITC	2	AB/AG	AB/AG	0
494	1XGR_B_IB33L	IB33L	IB33L	1XGR	1XGR_B	Not Mapped	-0.061	-0.061	1.1e-07	1.22e-07	SUP	ITC	2	AB/AG	AB/AG	0
495	1XGR_B_IB33F	IB33F	IB33F	1XGR	1XGR_B	Not Mapped	1.801	1.801	1.1e-07	5.26e-09	SUP	ITC	2	AB/AG	AB/AG	0
496	4P5T_D_QD64A	QD64A	QD72A	4P5T	4P5T_D	P14483	0.0	0.0	6e-06	6e-06	SUR	SPR	2	TCR/pMHC	TCR/pMHC,1JCK_A_B	0
497	4P5T_D_SD63A	SD63A	SD71A	4P5T	4P5T_D	P14483	0.0	0.0	6e-06	6e-06	SUR	SPR	2	TCR/pMHC	TCR/pMHC,1JCK_A_B	0
498	4P5T_D_YD60A	YD60A	YD68A	4P5T	4P5T_D	P14483	-0.17	-0.17	6e-06	8e-06	SUR	SPR	2	TCR/pMHC	TCR/pMHC,1JCK_A_B	0
499	4P5T_D_ED59A	ED59A	ED67A	4P5T	4P5T_D	P14483	-0.24	-0.24	6e-06	9e-06	SUR	SPR	2	TCR/pMHC	TCR/pMHC,1JCK_A_B	0
500	4P5T_D_ED84A	ED84A	ED92A	4P5T	4P5T_D	P14483	0.0	0.0	6e-06	6e-06	SUR	SPR	2	TCR/pMHC	TCR/pMHC,1JCK_A_B	0
501	4P5T_D_HD81A	HD81A	HD89A	4P5T	4P5T_D	P14483	-0.796	-0.796	6e-06	2.3e-05	COR	SPR	2	TCR/pMHC	TCR/pMHC,1JCK_A_B	0
502	4P5T_D_RD80A	RD80A	RD88A	4P5T	4P5T_D	P14483	0.0	0.0	6e-06	6e-06	SUR	SPR	2	TCR/pMHC	TCR/pMHC,1JCK_A_B	0
503	4P5T_D_TD77A	TD77A	TD85A	4P5T	4P5T_D	P14483	-0.821	-0.821	6e-06	2.4e-05	COR	SPR	2	TCR/pMHC	TCR/pMHC,1JCK_A_B	0
504	4P5T_D_DD76A	DD76A	DD84A	4P5T	4P5T_D	P14483	0.0	0.0	6e-06	6e-06	RIM	SPR	2	TCR/pMHC	TCR/pMHC,1JCK_A_B	0
505	4P5T_D_RD72A	RD72A	RD80A	4P5T	4P5T_D	P14483	0.0	0.0	6e-06	6e-06	SUR	SPR	2	TCR/pMHC	TCR/pMHC,1JCK_A_B	0
506	4P5T_D_RD70A	RD70A	RD78A	4P5T	4P5T_D	P14483	-2.075	-2.075	6e-06	0.000199	COR	SPR	2	TCR/pMHC	TCR/pMHC,1JCK_A_B	0
507	4P5T_D_ED69A	ED69A	ED77A	4P5T	4P5T_D	P14483	-1.01	-1.01	6e-06	3.3e-05	RIM	SPR	2	TCR/pMHC	TCR/pMHC,1JCK_A_B	0
508	4P5T_D_ID67A	ID67A	ID75A	4P5T	4P5T_D	P14483	-0.091	-0.091	6e-06	7e-06	INT	SPR	2	TCR/pMHC	TCR/pMHC,1JCK_A_B	0
509	4P5T_D_ED66A	ED66A	ED74A	4P5T	4P5T_D	P14483	-0.617	-0.617	6e-06	1.7e-05	RIM	SPR	2	TCR/pMHC	TCR/pMHC,1JCK_A_B	0
510	4P5T_D_PD65A	PD65A	PD73A	4P5T	4P5T_D	P14483	0.0	0.0	6e-06	6e-06	SUR	SPR	2	TCR/pMHC	TCR/pMHC,1JCK_A_B	0
511	4L3E_D_ND52A	ND52A	ND52A	4L3E	4L3E_D	Not Mapped	0.46	0.46	4.15e-06	1.91e-06	SUR	SPR	2	TCR/pMHC	TCR/pMHC,1JCK_A_B	0
512	4L3E_D_YD50A	YD50A	YD50A	4L3E	4L3E_D	Not Mapped	-0.468	-0.468	1.23e-05	2.71e-05	COR	SPR	2	TCR/pMHC	TCR/pMHC,1JCK_A_B	0
513	4L3E_D_YD26A	YD26A	YD26A	4L3E	4L3E_D	Not Mapped	-2.785	-2.785	1e-07	1.1e-05	COR	SPR	2	TCR/pMHC	TCR/pMHC,1JCK_A_B	0
514	4RS1_B_KB195A	KB195A	KB174A	4RS1	4RS1_B	P15509	-0.871	-0.871	2.39e-08	1.04e-07	RIM	RA	2		4RS1_A_B,4NKQ_C_AB	0
515	4RS1_B_TB193A	TB193A	TB172A	4RS1	4RS1_B	P15509	-0.481	-0.481	2.39e-08	5.38e-08	INT	RA	2		4RS1_A_B,4NKQ_C_AB	0
516	4RS1_B_YB172F	YB172F	YB151F	4RS1	4RS1_B	P15509	0.449	0.449	2.39e-08	1.12e-08	INT	RA	2		4RS1_A_B,4NKQ_C_AB	0
517	4RS1_B_YB172A	YB172A	YB151A	4RS1	4RS1_B	P15509	0.656	0.656	2.39e-08	7.9e-09	INT	RA	2		4RS1_A_B,4NKQ_C_AB	0
518	4RS1_B_NB171A	NB171A	NB150A	4RS1	4RS1_B	P15509	0.046	0.046	2.39e-08	2.21e-08	INT	RA	2		4RS1_A_B,4NKQ_C_AB	0
519	4RS1_B_SB228A	SB228A	SB205A	4RS1	4RS1_B	P15509	-0.616	-0.616	2.39e-08	6.76e-08	COR	RA	2		4RS1_A_B,4NKQ_C_AB	0
520	4RS1_B_LB227A	LB227A	LB204A	4RS1	4RS1_B	P15509	-0.072	-0.072	2.39e-08	2.7e-08	SUP	RA	2		4RS1_A_B,4NKQ_C_AB	0
521	4RS1_B_KB226A	KB226A	KB203A	4RS1	4RS1_B	P15509	-0.276	-0.276	2.39e-08	3.81e-08	RIM	RA	2		4RS1_A_B,4NKQ_C_AB	0
522	4RS1_B_QB225A	QB225A	QB202A	4RS1	4RS1_B	P15509	-1.354	-1.354	2.39e-08	2.35e-07	INT	RA	2		4RS1_A_B,4NKQ_C_AB	0
523	4RS1_B_EB197A	EB197A	EB176A	4RS1	4RS1_B	P15509	0.695	0.695	2.39e-08	7.4e-09	INT	RA	2		4RS1_A_B,4NKQ_C_AB	0
524	4RS1_B_IB196A	IB196A	IB175A	4RS1	4RS1_B	P15509	0.276	0.276	2.39e-08	1.5e-08	INT	RA	2		4RS1_A_B,4NKQ_C_AB	0
525	1NCA_H_NH98Q	NH98Q	NH102Q	1NCA	1NCA_H	P01865	-0.543	-0.543	5e-08	1.25e-07	COR	FL	1	AB/AG	AB/AG	0
526	1NCA_H_DH97K	DH97K	DH101K	1NCA	1NCA_H	P01865	-0.714	-0.714	5e-08	1.67e-07	COR	FL	1	AB/AG	AB/AG	0
527	1NCA_H_EH96D	EH96D	EH100D	1NCA	1NCA_H	P01865	-0.411	-0.411	5e-08	1e-07	COR	FL	1	AB/AG	AB/AG	0
528	1NCA_H_NH31Q	NH31Q	NH31Q	1NCA	1NCA_H	P01865	0.0	0.0	5e-08	5e-08	COR	FL	1	AB/AG	AB/AG	0
529	1XGT_B_LB33I	LB33I	LB33I	1XGT	1XGT_B	Not Mapped	0.061	0.061	1.22e-07	1.1e-07	SUP	ITC	2	AB/AG	AB/AG	0
530	1XGT_B_LB33F	LB33F	LB33F	1XGT	1XGT_B	Not Mapped	1.863	1.863	1.22e-07	5.26e-09	SUP	ITC	2	AB/AG	AB/AG	0
531	1XGT_B_LB33A	LB33A	LB33A	1XGT	1XGT_B	Not Mapped	-2.2	-2.2	1.22e-07	5e-06	SUP	ITC	2	AB/AG	AB/AG	0
532	1XGT_B_LB33V	LB33V	LB33V	1XGT	1XGT_B	Not Mapped	-1.047	-1.047	1.22e-07	7.14e-07	SUP	ITC	2	AB/AG	AB/AG	0
533	1AO7_C_YC5A	YC5A	YC5A	1AO7	1AO7_C	P14079	-1.533	-1.533,-1.533,-1.533,-1.533,-1.533,-1.533,-1.533,-1.533,-1.533,-1.533,-1.533	2.49e-06,2.88e-06,2.81e-06,1.95e-06,2.89e-06,1.69e-06,2.86e-06,3.07e-06,1.96e-06,2.86e-06,2.23e-06	3.31e-05,5.62e-05,4.43e-05,3.08e-05,2.27e-05,2.36e-05,5.45e-05,3.17e-05,3.08e-05,5.44e-05,3.3e-05	COR	SPR	2	TCR/pMHC	TCR/pMHC,1JCK_A_B	0
534	1AO7_C_YC5F	YC5F	YC5F	1AO7	1AO7_C	P14079	0.125	0.125,0.125,0.125,0.125	2.57e-06,1.69e-06,9e-07,2.23e-06	2.08e-06,2.25e-06,1.2e-06,2.79e-06	COR	ITC,SPR	2	TCR/pMHC	TCR/pMHC,1JCK_A_B	0
535	1AO7_C_LC1A	LC1A	LC1A	1AO7	1AO7_C	P14079	-0.701	-0.701,-0.701,-0.701	2.68e-06,2.27e-06,2.65e-06	8.75e-06,2.48e-05,8.63e-06	SUP	SPR	2	TCR/pMHC	TCR/pMHC,1JCK_A_B	0
536	1AO7_C_YC8A	YC8A	YC8A	1AO7	1AO7_C	P14079	-3.168	-3.168,-3.168	3.04e-06,9.1e-07	0.000638,nan	COR	SPR	2	TCR/pMHC	TCR/pMHC,1JCK_A_B	0
537	1AO7_C_VC7R	VC7R	VC7R	1AO7	1AO7_C	P14079	-1.225	-1.225	9.1e-07	7.2e-06	COR	SPR	2	TCR/pMHC	TCR/pMHC,1JCK_A_B	0
538	1AO7_C_YC5W	YC5W	YC5W	1AO7	1AO7_C	P14079	-0.889	-0.889	2.23e-06	1e-05	COR	SPR	2	TCR/pMHC	TCR/pMHC,1JCK_A_B	0
539	1QSE_C_RC7V	RC7V	RC7V	1QSE	1QSE_C	Not Mapped	1.225	1.225	7.2e-06	9.1e-07	COR	SPR	2	TCR/pMHC	TCR/pMHC,1JCK_A_B	0
540	1H9D_B_NB104A	NB104A	NB94A	1H9D	1H9D_B	Q13951	-2.304	-2.304	4.5e-08	2.2e-06	COR	EMSA	1		1H9D_A_B,1E50_A_B	0
541	1H9D_B_LB103A	LB103A	LB93A	1H9D	1H9D_B	Q13951	-0.94	-0.94	4.5e-08	2.2e-07	SUP	EMSA	1		1H9D_A_B,1E50_A_B	0
542	1H9D_B_QB67A	QB67A	QB66A	1H9D	1H9D_B	Q13951	-1.364	-1.364	4.5e-08	4.5e-07	COR	EMSA	1		1H9D_A_B,1E50_A_B	0
543	1H9D_B_GB61A	GB61A	GB60A	1H9D	1H9D_B	Q13951	-2.077	-2.077	4.5e-08	1.5e-06	COR	EMSA	1		1H9D_A_B,1E50_A_B	0
544	1H9D_B_VB4A	VB4A	VB3A	1H9D	1H9D_B	Q13951	-1.402	-1.402	4.5e-08	4.8e-07	SUP	EMSA	1		1H9D_A_B,1E50_A_B	0
545	1H9D_B_RB3A	RB3A	RB2A	1H9D	1H9D_B	Q13951	-1.162	-1.162	4.5e-08	3.2e-07	RIM	EMSA	1		1H9D_A_B,1E50_A_B	0
546	5C6T_A_IA299A	IA299A	IA201A	5C6T	5C6T_A	P13201	-0.886	-0.886	1.3e-10	5.8e-10	SUP	SPR	2	AB/AG	AB/AG	0
547	5C6T_A_FA298A	FA298A	FA200A	5C6T	5C6T_A	P13201	-0.411	-0.411	1.3e-10	2.6e-10	COR	SPR	2	AB/AG	AB/AG	0
548	5C6T_A_FA297A	FA297A	FA199A	5C6T	5C6T_A	P13201	-2.759	-2.759	1.3e-10	1.37e-08	SUP	SPR	2	AB/AG	AB/AG	0
549	5C6T_A_EA292A	EA292A	EA194A	5C6T	5C6T_A	P13201	-1.091	-1.091	1.3e-10	8.2e-10	COR	SPR	2	AB/AG	AB/AG	0
550	5C6T_A_FA290A	FA290A	FA192A	5C6T	5C6T_A	P13201	-1.998	-1.998	1.3e-10	3.79e-09	SUP	SPR	2	AB/AG	AB/AG	0
551	5C6T_A_NA286A	NA286A	NA188A	5C6T	5C6T_A	P13201	0.367	0.367	1.3e-10	7e-11	RIM	SPR	2	AB/AG	AB/AG	0
552	5C6T_A_NA284A	NA284A	NA186A	5C6T	5C6T_A	P13201	-0.363	-0.363	1.3e-10	2.4e-10	INT	SPR	2	AB/AG	AB/AG	0
553	5C6T_A_TA283A	TA283A	TA185A	5C6T	5C6T_A	P13201	-0.338	-0.338	1.3e-10	2.3e-10	COR	SPR	2	AB/AG	AB/AG	0
554	5C6T_A_NA281A	NA281A	NA183A	5C6T	5C6T_A	P13201	-0.284	-0.284	1.3e-10	2.1e-10	RIM	SPR	2	AB/AG	AB/AG	0
555	5C6T_A_YA280A	YA280A	YA182A	5C6T	5C6T_A	P13201	-3.21	-3.21	1.3e-10	2.93e-08	SUP	SPR	2	AB/AG	AB/AG	0
556	2NYY_A_SA902A	SA902A	SA874A	2NYY	2NYY_A	P0DPI1	0.232	0.232	1.25e-10	8.45e-11	RIM	KinExA	2	AB/AG	AB/AG	0
557	2NYY_A_TA1063A	TA1063A	TA1035A	2NYY	2NYY_A	P0DPI1	-1.643	-1.643	1.25e-10	2e-09	COR	KinExA	2	AB/AG	AB/AG	0
558	2NYY_A_DA1062A	DA1062A	DA1034A	2NYY	2NYY_A	P0DPI1	-2.548	-2.548	1.25e-10	9.22e-09	SUP	KinExA	2	AB/AG	AB/AG	0
559	2NYY_A_RA1061A	RA1061A	RA1033A	2NYY	2NYY_A	P0DPI1	-0.826	-0.826	1.25e-10	5.04e-10	RIM	KinExA	2	AB/AG	AB/AG	0
560	2NYY_A_DA1058A	DA1058A	DA1030A	2NYY	2NYY_A	P0DPI1	-0.009	-0.009	1.25e-10	1.27e-10	RIM	KinExA	2	AB/AG	AB/AG	0
561	2NYY_A_KA1056A	KA1056A	KA1028A	2NYY	2NYY_A	P0DPI1	0.029	0.029	1.25e-10	1.19e-10	SUP	KinExA	2	AB/AG	AB/AG	0
562	2NYY_A_IA956A	IA956A	IA928A	2NYY	2NYY_A	P0DPI1	0.01	0.01	1.25e-10	1.23e-10	COR	KinExA	2	AB/AG	AB/AG	0
563	2NYY_A_SA955A	SA955A	SA927A	2NYY	2NYY_A	P0DPI1	0.0	0.0	1.25e-10	1.25e-10	RIM	KinExA	2	AB/AG	AB/AG	0
564	2NYY_A_NA954A	NA954A	NA926A	2NYY	2NYY_A	P0DPI1	-0.1	-0.1	1.25e-10	1.48e-10	COR	KinExA	2	AB/AG	AB/AG	0
565	2NYY_A_FA953A	FA953A	FA925A	2NYY	2NYY_A	P0DPI1	-4.088	-4.088	1.25e-10	1.24e-07	COR	KinExA	2	AB/AG	AB/AG	0
566	2NYY_A_KA923A	KA923A	KA895A	2NYY	2NYY_A	P0DPI1	0.141	0.141	1.25e-10	9.85e-11	SUR	KinExA	2	AB/AG	AB/AG	0
567	2NYY_A_EA920A	EA920A	EA892A	2NYY	2NYY_A	P0DPI1	-2.86	-2.86	1.25e-10	1.56e-08	COR	KinExA	2	AB/AG	AB/AG	0
568	2NYY_A_LA919A	LA919A	LA891A	2NYY	2NYY_A	P0DPI1	-2.608	-2.608	1.25e-10	1.02e-08	COR	KinExA	2	AB/AG	AB/AG	0
569	2NYY_A_NA918A	NA918A	NA890A	2NYY	2NYY_A	P0DPI1	-0.897	-0.897	1.25e-10	5.68e-10	COR	KinExA	2	AB/AG	AB/AG	0
570	2NYY_A_FA917A	FA917A	FA889A	2NYY	2NYY_A	P0DPI1	-0.422	-0.422	1.25e-10	2.55e-10	COR	KinExA	2	AB/AG	AB/AG	0
571	2NYY_A_QA915A	QA915A	QA887A	2NYY	2NYY_A	P0DPI1	-0.525	-0.525	1.25e-10	3.03e-10	INT	KinExA	2	AB/AG	AB/AG	0
572	2NYY_A_KA903A	KA903A	KA875A	2NYY	2NYY_A	P0DPI1	-0.293	-0.293	1.25e-10	2.05e-10	RIM	KinExA	2	AB/AG	AB/AG	0
573	2NYY_A_RA1294A	RA1294A	RA1266A	2NYY	2NYY_A	P0DPI1	-0.302	-0.302	1.25e-10	2.08e-10	RIM	KinExA	2	AB/AG	AB/AG	0
574	2NYY_A_HA1064A	HA1064A	HA1036A	2NYY	2NYY_A	P0DPI1	-7.372	-7.372	1.25e-10	3.17e-05	COR	KinExA	2	AB/AG	AB/AG	0
575	1CZ8_L_LL4M	LL4M	LL4M	1CZ8	1CZ8_L	Not Mapped	-0.041	-0.041	1.4e-10	1.5e-10	INT	SPR	2	AB/AG	AB/AG	0
576	2AK4_E_EE101A	EE101A	EE97A	2AK4	2AK4_E	P01850	-0.049	-0.049	1.87e-05	2.03e-05	RIM	SPR	2	TCR/pMHC	TCR/pMHC,1JCK_A_B	0
577	2AK4_E_LE98A	LE98A	LE94A	2AK4	2AK4_E	P01850	-0.838	-0.838	1.87e-05	7.7e-05	COR	SPR	2	TCR/pMHC	TCR/pMHC,1JCK_A_B	0
578	2AK4_E_NE66A	NE66A	NE63A	2AK4	2AK4_E	P01850	0.043	0.043	1.87e-05	1.74e-05	SUR	SPR	2	TCR/pMHC	TCR/pMHC,1JCK_A_B	0
579	2AK4_E_SE51A	SE51A	SE49A	2AK4	2AK4_E	P01850	0.314	0.314	1.87e-05	1.1e-05	COR	SPR	2	TCR/pMHC	TCR/pMHC,1JCK_A_B	0
580	2AK4_E_SE31G	SE31G	SE29G	2AK4	2AK4_E	P01850	-1.404	-1.404	1.87e-05	0.0002	SUP	SPR	2	TCR/pMHC	TCR/pMHC,1JCK_A_B	0
581	2AK4_E_NE30A	NE30A	NE28A	2AK4	2AK4_E	P01850	-0.823	-0.823	1.87e-05	7.5e-05	COR	SPR	2	TCR/pMHC	TCR/pMHC,1JCK_A_B	0
582	2AK4_E_NE28A	NE28A	NE26A	2AK4	2AK4_E	P01850	-0.209	-0.209	1.87e-05	2.66e-05	RIM	SPR	2	TCR/pMHC	TCR/pMHC,1JCK_A_B	0
583	3C60_D_ID93A	ID93A	ID77A	3C60	3C60_D	P14483	-0.047	-0.047	1.2e-05	1.3e-05	INT	SPR	2	TCR/pMHC	TCR/pMHC,1JCK_A_B	0
584	3C60_D_ED92A	ED92A	ED76A	3C60	3C60_D	P14483	0.0	0.0	1.2e-05	1.2e-05	RIM	SPR	2	TCR/pMHC	TCR/pMHC,1JCK_A_B	0
585	3C60_D_PD91A	PD91A	PD75A	3C60	3C60_D	P14483	0.0	0.0	1.2e-05	1.2e-05	SUR	SPR	2	TCR/pMHC	TCR/pMHC,1JCK_A_B	0
586	3C60_D_QD90A	QD90A	QD74A	3C60	3C60_D	P14483	0.0	0.0	1.2e-05	1.2e-05	SUR	SPR	2	TCR/pMHC	TCR/pMHC,1JCK_A_B	0
587	3C60_D_SD89A	SD89A	SD73A	3C60	3C60_D	P14483	0.0	0.0	1.2e-05	1.2e-05	SUR	SPR	2	TCR/pMHC	TCR/pMHC,1JCK_A_B	0
588	3C60_D_YD86A	YD86A	YD70A	3C60	3C60_D	P14483	0.0	0.0	1.2e-05	1.2e-05	SUR	SPR	2	TCR/pMHC	TCR/pMHC,1JCK_A_B	0
589	3C60_D_ED85A	ED85A	ED69A	3C60	3C60_D	P14483	-0.047	-0.047	1.2e-05	1.3e-05	SUR	SPR	2	TCR/pMHC	TCR/pMHC,1JCK_A_B	0
590	3C60_D_DD13A	DD13A	DD13A	3C60	3C60_D	P14483	-0.047	-0.047	1.2e-05	1.3e-05	SUR	SPR	2	TCR/pMHC	TCR/pMHC,1JCK_A_B	0
591	3C60_D_VD12A	VD12A	VD12A	3C60	3C60_D	P14483	0.0	0.0	1.2e-05	1.2e-05	INT	SPR	2	TCR/pMHC	TCR/pMHC,1JCK_A_B	0
592	3C60_D_KD10A	KD10A	KD10A	3C60	3C60_D	P14483	0.0	0.0	1.2e-05	1.2e-05	RIM	SPR	2	TCR/pMHC	TCR/pMHC,1JCK_A_B	0
593	3C60_D_ND9A	ND9A	ND9A	3C60	3C60_D	P14483	0.0	0.0	1.2e-05	1.2e-05	INT	SPR	2	TCR/pMHC	TCR/pMHC,1JCK_A_B	0
594	3C60_D_KD7A	KD7A	KD7A	3C60	3C60_D	P14483	-2.151	-2.151	1.2e-05	0.000453	COR	SPR	2	TCR/pMHC	TCR/pMHC,1JCK_A_B	0
595	3C60_D_KD5A	KD5A	KD5A	3C60	3C60_D	P14483	-1.153	-1.153	1.2e-05	8.4e-05	SUP	SPR	2	TCR/pMHC	TCR/pMHC,1JCK_A_B	0
596	3C60_D_QD4A	QD4A	QD4A	3C60	3C60_D	P14483	-1.167	-1.167	1.2e-05	8.6e-05	COR	SPR	2	TCR/pMHC	TCR/pMHC,1JCK_A_B	0
597	3C60_D_ED2A	ED2A	ED2A	3C60	3C60_D	P14483	-0.047	-0.047	1.2e-05	1.3e-05	RIM	SPR	2	TCR/pMHC	TCR/pMHC,1JCK_A_B	0
598	3C60_D_FD1A	FD1A	FD1A	3C60	3C60_D	P14483	0.0	0.0	1.2e-05	1.2e-05	SUR	SPR	2	TCR/pMHC	TCR/pMHC,1JCK_A_B	0
599	3C60_D_ED110A	ED110A	ED94A	3C60	3C60_D	P14483	0.0	0.0	1.2e-05	1.2e-05	SUR	SPR	2	TCR/pMHC	TCR/pMHC,1JCK_A_B	0
600	3C60_D_HD107A	HD107A	HD91A	3C60	3C60_D	P14483	-1.086	-1.086	1.2e-05	7.5e-05	COR	SPR	2	TCR/pMHC	TCR/pMHC,1JCK_A_B	0
601	3C60_D_RD106A	RD106A	RD90A	3C60	3C60_D	P14483	-0.047	-0.047	1.2e-05	1.3e-05	SUR	SPR	2	TCR/pMHC	TCR/pMHC,1JCK_A_B	0
602	3C60_D_TD103A	TD103A	TD87A	3C60	3C60_D	P14483	-1.167	-1.167	1.2e-05	8.6e-05	COR	SPR	2	TCR/pMHC	TCR/pMHC,1JCK_A_B	0
603	3C60_D_DD102A	DD102A	DD86A	3C60	3C60_D	P14483	-0.047	-0.047	1.2e-05	1.3e-05	RIM	SPR	2	TCR/pMHC	TCR/pMHC,1JCK_A_B	0
604	3C60_D_RD98A	RD98A	RD82A	3C60	3C60_D	P14483	0.0	0.0	1.2e-05	1.2e-05	SUR	SPR	2	TCR/pMHC	TCR/pMHC,1JCK_A_B	0
605	3C60_D_RD96A	RD96A	RD80A	3C60	3C60_D	P14483	-2.026	-2.026	1.2e-05	0.000367	RIM	SPR	2	TCR/pMHC	TCR/pMHC,1JCK_A_B	0
606	3C60_D_ED95A	ED95A	ED79A	3C60	3C60_D	P14483	-0.047	-0.047	1.2e-05	1.3e-05	RIM	SPR	2	TCR/pMHC	TCR/pMHC,1JCK_A_B	0
607	1F5R_A_KA156Q	KA156Q	KA129Q	1F5R	1F5R_A	P00763	1.171	1.171	6.5e-05	9e-06	INT	ITC	1	Pr/PI	Pr/PI	0
608	1YY9_C_SC54P	SC54P	SC54P	1YY9	1YY9_C	Not Mapped	0.018	0.018	1.31e-09	1.27e-09	SUR	SPR	2	AB/AG	AB/AG	0
609	1YY9_C_SC28P	SC28P	SC28P	1YY9	1YY9_C	Not Mapped	0.222	0.222	1.31e-09	9e-10	RIM	SPR	2	AB/AG	AB/AG	0
610	1YY9_C_SC26P	SC26P	SC26P	1YY9	1YY9_C	Not Mapped	0.009	0.009	1.31e-09	1.29e-09	SUR	SPR	2	AB/AG	AB/AG	0
611	1YY9_C_AC25P	AC25P	AC25P	1YY9	1YY9_C	Not Mapped	-0.072	-0.072	1.31e-09	1.48e-09	INT	SPR	2	AB/AG	AB/AG	0
612	1YY9_C_TC96P	TC96P	TC96P	1YY9	1YY9_C	Not Mapped	-4.005	-4.005	1.31e-09	1.13e-06	SUP	SPR	2	AB/AG	AB/AG	0
613	1YY9_C_NC93A	NC93A	NC93A	1YY9	1YY9_C	Not Mapped	0.742	0.742	4.9e-10	1.4e-10	SUP	FL	2	AB/AG	AB/AG	0
614	1YY9_C_TC31E	TC31E	TC31E	1YY9	1YY9_C	Not Mapped	0.519	0.519	4.9e-10	2.04e-10	SUR	FL	2	AB/AG	AB/AG	0
615	1YY9_C_SC26D	SC26D	SC26D	1YY9	1YY9_C	Not Mapped	0.199	0.199	4.9e-10	3.5e-10	SUR	FL	2	AB/AG	AB/AG	0
616	3PWP_C_GC2L	GC2L	GC2L	3PWP	3PWP_C	Not Mapped	0.634	0.634	0.00014	4.8e-05	SUP	SPR	2	TCR/pMHC	TCR/pMHC,1JCK_A_B	0
617	2AK4_D_ND97A	ND97A	ND98A	2AK4	2AK4_D	P01848	-1.404	-1.404	1.87e-05	0.0002	COR	SPR	2	TCR/pMHC	TCR/pMHC,1JCK_A_B	0
618	2AK4_D_YD96A	YD96A	YD97A	2AK4	2AK4_D	P01848	-1.404	-1.404	1.87e-05	0.0002	COR	SPR	2	TCR/pMHC	TCR/pMHC,1JCK_A_B	0
619	2AK4_D_SD93A	SD93A	SD94A	2AK4	2AK4_D	P01848	-1.404	-1.404	1.87e-05	0.0002	SUP	SPR	2	TCR/pMHC	TCR/pMHC,1JCK_A_B	0
620	2AK4_D_ND50A	ND50A	ND51A	2AK4	2AK4_D	P01848	-1.404	-1.404	1.87e-05	0.0002	SUP	SPR	2	TCR/pMHC	TCR/pMHC,1JCK_A_B	0
621	2AK4_D_YD31A	YD31A	YD32A	2AK4	2AK4_D	P01848	-0.099	-0.099	1.87e-05	2.21e-05	SUP	SPR	2	TCR/pMHC	TCR/pMHC,1JCK_A_B	0
622	2AK4_D_TD29A	TD29A	TD30A	2AK4	2AK4_D	P01848	0.127	0.127	1.87e-05	1.51e-05	COR	SPR	2	TCR/pMHC	TCR/pMHC,1JCK_A_B	0
623	1VFB_B_DB54A	DB54A	DB54A	1VFB	1VFB_B	P01820	-0.639	-0.639,-0.639	2e-08,1.25e-08	5.88e-08,6.67e-08	RIM	SPR	1	AB/AG	AB/AG	0
624	1VFB_B_WB52A	WB52A	WB52A	1VFB	1VFB_B	P01820	-0.364	-0.364,-0.364	2e-08,1.25e-08	3.7e-08,5.88e-08	COR	SPR	1	AB/AG	AB/AG	0
625	1VFB_B_YB32A	YB32A	YB32A	1VFB	1VFB_B	P01820	-0.46	-0.46,-0.46	2e-08,1.25e-08	4.35e-08,8.33e-08	COR	SPR	1	AB/AG	AB/AG	0
626	1VFB_B_YB101F	YB101F	YB101F	1VFB	1VFB_B	P01820	-0.954	-0.954,-0.954	2e-08,1.25e-08	1e-07,1.82e-07	COR	SPR	1	AB/AG	AB/AG	0
627	1VFB_B_DB100A	DB100A	DB100A	1VFB	1VFB_B	P01820	-3.072	-3.072,-3.072	2e-08,1.25e-08	3.57e-06,1.79e-06	COR	SPR	1	AB/AG	AB/AG	0
628	1VFB_B_SB28D	SB28D	SB28D	1VFB	1VFB_B	P01820	0.0	0.0	1.49e-09	1.49e-09	SUR	FL	2	AB/AG	AB/AG	0
629	1VFB_B_RB99W	RB99W	RB99W	1VFB	1VFB_B	P01820	-0.705	-0.705	1.49e-09	4.9e-09	RIM	FL	2	AB/AG	AB/AG	0
630	1VFB_B_RB99Y	RB99Y	RB99Y	1VFB	1VFB_B	P01820	-1.236	-1.236	1.49e-09	1.2e-08	RIM	FL	2	AB/AG	AB/AG	0
631	1VFB_B_DB58E	DB58E	DB58E	1VFB	1VFB_B	P01820	-0.078	-0.078	1.49e-09	1.7e-09	RIM	FL	2	AB/AG	AB/AG	0
632	1VFB_B_DB58N	DB58N	DB58N	1VFB	1VFB_B	P01820	0.128	0.128	1.49e-09	1.2e-09	RIM	FL	2	AB/AG	AB/AG	0
633	1VFB_B_YB32E	YB32E	YB32E	1VFB	1VFB_B	P01820	-1.903	-1.903	1.49e-09	3.7e-08	COR	FL	2	AB/AG	AB/AG	0
634	1VFB_B_GB31W	GB31W	GB31W	1VFB	1VFB_B	P01820	-0.004	-0.004	1.49e-09	1.5e-09	COR	FL	2	AB/AG	AB/AG	0
635	1VFB_B_GB31E	GB31E	GB31E	1VFB	1VFB_B	P01820	0.51	0.51	1.49e-09	6.3e-10	COR	FL	2	AB/AG	AB/AG	0
636	1VFB_B_GB31A	GB31A	GB31A	1VFB	1VFB_B	P01820	-0.307	-0.307	1.49e-09	2.5e-09	COR	FL	2	AB/AG	AB/AG	0
637	1VFB_B_SB28E	SB28E	SB28E	1VFB	1VFB_B	P01820	0.104	0.104	1.49e-09	1.25e-09	SUR	FL	2	AB/AG	AB/AG	0
638	1VFB_B_SB28Q	SB28Q	SB28Q	1VFB	1VFB_B	P01820	-0.078	-0.078	1.49e-09	1.7e-09	SUR	FL	2	AB/AG	AB/AG	0
639	1VFB_B_SB28N	SB28N	SB28N	1VFB	1VFB_B	P01820	-0.144	-0.144	1.49e-09	1.9e-09	SUR	FL	2	AB/AG	AB/AG	0
640	1VFB_B_RB99A	RB99A	RB99A	1VFB	1VFB_B	P01820	0.1	0.1	2e-08	1.69e-08	RIM	SPR	1	AB/AG	AB/AG	0
641	1VFB_B_EB98A	EB98A	EB98A	1VFB	1VFB_B	P01820	-1.157	-1.157	2e-08	1.41e-07	INT	SPR	1	AB/AG	AB/AG	0
642	1VFB_B_DB58A	DB58A	DB58A	1VFB	1VFB_B	P01820	0.207	0.207	2e-08	1.41e-08	RIM	SPR	1	AB/AG	AB/AG	0
643	1VFB_B_NB56A	NB56A	NB56A	1VFB	1VFB_B	P01820	-0.178	-0.178	2e-08	2.7e-08	SUR	SPR	1	AB/AG	AB/AG	0
644	1VFB_B_TB30A	TB30A	TB30A	1VFB	1VFB_B	P01820	0.056	0.056	2e-08	1.82e-08	RIM	SPR	1	AB/AG	AB/AG	0
645	3QIB_D_LD96P	LD96P	LD95P	3QIB	3QIB_D	Not Mapped	0.37	0.37	1.37e-05	7.34e-06	RIM	SPR	2	TCR/pMHC	TCR/pMHC,1JCK_A_B	0
646	4HRN_D_FD55A	FD55A	FD47A	4HRN	4HRN_D	P04626	-2.461	-2.461	3.3e-09	2.1e-07	RIM	SPR	2		4HRN_A_D,3AAA_AB_C,2DVW_A_B	0
647	4HRN_D_VD52A	VD52A	VD44A	4HRN	4HRN_D	P04626	-2.812	-2.812	3.3e-09	3.8e-07	COR	SPR	2		4HRN_A_D,3AAA_AB_C,2DVW_A_B	0
648	4HRN_D_SD51A	SD51A	SD43A	4HRN	4HRN_D	P04626	-0.803	-0.803	3.3e-09	1.28e-08	COR	SPR	2		4HRN_A_D,3AAA_AB_C,2DVW_A_B	0
649	4HRN_D_LD25A	LD25A	LD17A	4HRN	4HRN_D	P04626	-2.598	-2.598	3.3e-09	2.65e-07	COR	SPR	2		4HRN_A_D,3AAA_AB_C,2DVW_A_B	0
650	2NYY_D_ED6Q	ED6Q	ED5Q	2NYY	2NYY_D	Not Mapped	0.25	0.25	1.25e-10	8.2e-11	INT	KinExA	2	AB/AG	AB/AG	0
651	2NYY_D_VD37I	VD37I	VD36I	2NYY	2NYY_D	Not Mapped	0.215	0.215	1.25e-10	8.7e-11	INT	KinExA	2	AB/AG	AB/AG	0
652	2NYY_D_YD57Q	YD57Q	YD56Q	2NYY	2NYY_D	Not Mapped	-0.523	-0.523	1.55e-10	3.75e-10	COR	KinExA	2	AB/AG	AB/AG	0
653	2NYY_D_YD31Q	YD31Q	YD30Q	2NYY	2NYY_D	Not Mapped	-0.13	-0.13	1.55e-10	1.93e-10	RIM	KinExA	2	AB/AG	AB/AG	0
654	2NYY_D_YD31D	YD31D	YD30D	2NYY	2NYY_D	Not Mapped	-0.065	-0.065	1.55e-10	1.73e-10	RIM	KinExA	2	AB/AG	AB/AG	0
655	2NYY_D_KD30R	KD30R	KD29R	2NYY	2NYY_D	Not Mapped	-0.072	-0.072	1.55e-10	1.75e-10	RIM	KinExA	2	AB/AG	AB/AG	0
656	2NYY_D_MD34Q	MD34Q	MD33Q	2NYY	2NYY_D	Not Mapped	0.06	0.06	1.55e-10	1.4e-10	INT	KinExA	2	AB/AG	AB/AG	0
657	1AHW_C_YC156A	YC156A	YC145A	1AHW	1AHW_C	P13726	-3.807	-3.807	3.4e-09	2.1e-06	COR	IASP	2	AB/AG	AB/AG	0
658	1AHW_C_NC199A	NC199A	NC188A	1AHW	1AHW_C	P13726	-1.079	-1.079	3.4e-09	2.1e-08	RIM	IASP	1	AB/AG	AB/AG	0
659	1AHW_C_VC198A	VC198A	VC187A	1AHW	1AHW_C	P13726	0.314	0.314	3.4e-09	2e-09	RIM	IASP	1	AB/AG	AB/AG	0
660	1AHW_C_TC197A	TC197A	TC186A	1AHW	1AHW_C	P13726	-1.346	-1.346	3.4e-09	3.3e-08	RIM	IASP	1	AB/AG	AB/AG	0
661	1AHW_C_DC178A	DC178A	DC167A	1AHW	1AHW_C	P13726	0.485	0.485	3.4e-09	1.5e-09	RIM	IASP	1	AB/AG	AB/AG	0
662	1AHW_C_LC176A	LC176A	LC165A	1AHW	1AHW_C	P13726	-0.987	-0.987	3.4e-09	1.8e-08	RIM	IASP	1	AB/AG	AB/AG	0
663	1AHW_C_TC170A	TC170A	TC159A	1AHW	1AHW_C	P13726	-1.106	-1.106	3.4e-09	2.2e-08	SUP	IASP	1	AB/AG	AB/AG	0
664	1AHW_C_TC167A	TC167A	TC156A	1AHW	1AHW_C	P13726	0.074	0.074	3.4e-09	3e-09	COR	IASP	1	AB/AG	AB/AG	0
665	1AHW_C_YC157A	YC157A	YC146A	1AHW	1AHW_C	P13726	1.89	1.89	3.4e-09	1.4e-10	SUP	IASP	1	AB/AG	AB/AG	0
666	1YQV_Y_RY45K	RY45K	RY45K	1YQV	1YQV_Y	P00698	-2.001	-2.001,-2.001,-2.001	3.72e-12,2.32e-11,1.35e-10	1.09e-10,6.81e-10,2.13e-09	COR	ITC	2	AB/AG	AB/AG,1UUZ_A_D	0
667	3HFM_Y_RY21A	RY21A	RY21A	3HFM	3HFM_Y	P00698	-1.028	-1.028,-1.028,-1.028	3e-11,7.5e-11,7e-11	1.7e-10,3e-10,3e-10	COR	SP,IASP	1	AB/AG	AB/AG	0
668	3HFM_Y_DY101A	DY101A	DY101A	3HFM	3HFM_Y	P00698	-1.209	-1.209,-1.209,-1.209	1.3e-10,7.5e-11,7e-11	1e-09,1e-09,3.5e-10	COR	IASP	1	AB/AG	AB/AG	0
669	3HFM_Y_GY102V	GY102V	GY102V	3HFM	3HFM_Y	P00698	-0.24	-0.24,-0.24	1.3e-10,7.5e-11	1.95e-10,1.9e-10	RIM	IASP	1	AB/AG	AB/AG	0
670	3HFM_Y_RY21K	RY21K	RY21K	3HFM	3HFM_Y	P00698	-1.619	-1.619,-1.619	1.3e-10,7.5e-11	2e-09,1.9e-09	COR	IASP	1	AB/AG	AB/AG	0
671	3HFM_Y_RY21H	RY21H	RY21H	3HFM	3HFM_Y	P00698	-2.015	-2.015,-2.015	1.3e-10,7.5e-11	3.9e-09,3.8e-09	COR	IASP	1	AB/AG	AB/AG	0
672	3HFM_Y_RY21N	RY21N	RY21N	3HFM	3HFM_Y	P00698	-2.17	-2.17,-2.17	1.3e-10,7.5e-11	5.07e-09,5e-09	COR	IASP	1	AB/AG	AB/AG	0
673	3HFM_Y_RY21G	RY21G	RY21G	3HFM	3HFM_Y	P00698	-2.27	-2.27,-2.27	1.3e-10,7.5e-11	6e-09,5.8e-09	COR	IASP	1	AB/AG	AB/AG	0
674	3HFM_Y_RY21E	RY21E	RY21E	3HFM	3HFM_Y	P00698	-2.293	-2.293,-2.293	1.3e-10,7.5e-11	6.24e-09,6.2e-09	COR	IASP	1	AB/AG	AB/AG	0
675	3HFM_Y_RY21Q	RY21Q	RY21Q	3HFM	3HFM_Y	P00698	-2.242	-2.242,-2.242	1.3e-10,7.5e-11	5.72e-09,5.6e-09	COR	IASP	1	AB/AG	AB/AG	0
676	3HFM_Y_RY21W	RY21W	RY21W	3HFM	3HFM_Y	P00698	-1.974	-1.974,-1.974	1.3e-10,7.5e-11	3.64e-09,3.6e-09	COR	IASP	1	AB/AG	AB/AG	0
677	3HFM_Y_DY101K	DY101K	DY101K	3HFM	3HFM_Y	P00698	-1.974	-1.974,-1.974	1.3e-10,7.5e-11	3.64e-09,3.5e-09	COR	IASP	1	AB/AG	AB/AG	0
678	3HFM_Y_DY101F	DY101F	DY101F	3HFM	3HFM_Y	P00698	-2.17	-2.17,-2.17	1.3e-10,7.5e-11	5.07e-09,5e-09	COR	IASP	1	AB/AG	AB/AG	0
679	3HFM_Y_KY97M	KY97M	KY97M	3HFM	3HFM_Y	P00698	-1.094	-1.094,-1.094	3e-11,7.5e-11	1.9e-10,2.9e-10	COR	SP,IASP	1	AB/AG	AB/AG	0
680	3HFM_Y_KY97A	KY97A	KY97A	3HFM	3HFM_Y	P00698	-6.17	-6.17,-6.17	3e-11,7.5e-11	1e-06,8.9e-07	COR	SP,IASP	1	AB/AG	AB/AG	0
681	3HFM_Y_KY96A	KY96A	KY96A	3HFM	3HFM_Y	P00698	-6.991	-6.991,-6.991	3e-11,7e-11	4e-06,4e-06	SUP	SP,IASP	1	AB/AG	AB/AG	0
682	3HFM_Y_YY20A	YY20A	YY20A	3HFM	3HFM_Y	P00698	-4.878	-4.878,-4.878	3e-11,7e-11	1.13e-07,9.5e-08	COR	SP,IASP	1	AB/AG	AB/AG	0
683	3HFM_Y_YY20F	YY20F	YY20F	3HFM	3HFM_Y	P00698	0.505	0.505,0.505	7.5e-11,7e-11	3.2e-11,3.2e-11	COR	IASP	1	AB/AG	AB/AG	0
684	3HFM_Y_DY101E	DY101E	DY101E	3HFM	3HFM_Y	P00698	-1.974	-1.974,-1.974	1.3e-10,7.5e-11	3.64e-09,3.6e-09	COR	IASP	1	AB/AG	AB/AG	0
685	3HFM_Y_DY101R	DY101R	DY101R	3HFM	3HFM_Y	P00698	-2.123	-2.123,-2.123	1.3e-10,7.5e-11	4.68e-09,4.6e-09	COR	IASP	1	AB/AG	AB/AG	0
686	3HFM_Y_DY101Q	DY101Q	DY101Q	3HFM	3HFM_Y	P00698	-1.93	-1.93,-1.93	1.3e-10,7.5e-11	3.38e-09,3.3e-09	COR	IASP	1	AB/AG	AB/AG	0
687	3HFM_Y_DY101S	DY101S	DY101S	3HFM	3HFM_Y	P00698	-1.712	-1.712,-1.712	1.3e-10,7.5e-11	2.34e-09,2.3e-09	COR	IASP	1	AB/AG	AB/AG	0
688	3HFM_Y_DY101N	DY101N	DY101N	3HFM	3HFM_Y	P00698	-1.341	-1.341,-1.341	1.3e-10,7.5e-11	1.25e-09,1.2e-09	COR	IASP	1	AB/AG	AB/AG	0
689	3HFM_Y_DY101G	DY101G	DY101G	3HFM	3HFM_Y	P00698	-0.199	-0.199,-0.199	1.3e-10,7.5e-11	1.82e-10,1.8e-10	COR	IASP	1	AB/AG	AB/AG	0
690	3HFM_Y_KY97E	KY97E	KY97E	3HFM	3HFM_Y	P00698	-3.606	-3.606	7.5e-11	3.3e-08	COR	IASP	1	AB/AG	AB/AG	0
691	3HFM_Y_KY97D	KY97D	KY97D	3HFM	3HFM_Y	P00698	-6.771	-6.771	7.5e-11	6.9e-06	COR	IASP	1	AB/AG	AB/AG	0
692	3HFM_Y_KY97G	KY97G	KY97G	3HFM	3HFM_Y	P00698	-6.433	-6.433	7.5e-11	3.9e-06	COR	IASP	1	AB/AG	AB/AG	0
693	3HFM_Y_RY21M	RY21M	RY21M	3HFM	3HFM_Y	P00698	-2.051	-2.051	7.5e-11	2.39e-09	COR	IASP	1	AB/AG	AB/AG	0
694	3HFM_Y_NY19D	NY19D	NY19D	3HFM	3HFM_Y	P00698	-0.411	-0.411	1.3e-10	2.6e-10	RIM	IASP	1	AB/AG	AB/AG	0
695	3HFM_Y_NY19Q	NY19Q	NY19Q	3HFM	3HFM_Y	P00698	0.043	0.043	1.3e-10	1.21e-10	RIM	IASP	1	AB/AG	AB/AG	0
696	3HFM_Y_NY19K	NY19K	NY19K	3HFM	3HFM_Y	P00698	-0.24	-0.24	1.3e-10	1.95e-10	RIM	IASP	1	AB/AG	AB/AG	0
697	3HFM_Y_IY98A	IY98A	IY98A	3HFM	3HFM_Y	P00698	0.0	0.0	7e-11	7e-11	SUP	IASP	1	AB/AG	AB/AG	0
698	3HFM_Y_NY93A	NY93A	NY93A	3HFM	3HFM_Y	P00698	-0.211	-0.211	7e-11	1e-10	COR	IASP	1	AB/AG	AB/AG	0
699	3HFM_Y_TY89A	TY89A	TY89A	3HFM	3HFM_Y	P00698	0.0	0.0	7e-11	7e-11	RIM	IASP	1	AB/AG	AB/AG	0
700	3HFM_Y_LY75A	LY75A	LY75A	3HFM	3HFM_Y	P00698	-0.705	-0.705	7e-11	2.3e-10	COR	IASP	1	AB/AG	AB/AG	0
701	3HFM_Y_RY73A	RY73A	RY73A	3HFM	3HFM_Y	P00698	0.332	0.332	7e-11	4e-11	RIM	IASP	1	AB/AG	AB/AG	0
702	3HFM_Y_WY63A	WY63A	WY63A	3HFM	3HFM_Y	P00698	-0.319	-0.319	7e-11	1.2e-10	SUP	IASP	1	AB/AG	AB/AG	0
703	3HFM_Y_HY15A	HY15A	HY15A	3HFM	3HFM_Y	P00698	0.446	0.446	7e-11	3.3e-11	SUP	IASP	1	AB/AG	AB/AG	0
704	3HFM_Y_KY96M	KY96M	KY96M	3HFM	3HFM_Y	P00698	-6.78	-6.78	7.5e-11	7e-06	SUP	IASP	1	AB/AG	AB/AG	0
705	3HFM_Y_KY97R	KY97R	KY97R	3HFM	3HFM_Y	P00698	-3.054	-3.054	7.5e-11	1.3e-08	COR	IASP	1	AB/AG	AB/AG	0
706	3HFM_Y_KY96R	KY96R	KY96R	3HFM	3HFM_Y	P00698	-5.355	-5.355	7e-11	5.9e-07	SUP	IASP	1	AB/AG	AB/AG	0
707	3HFM_Y_YY20L	YY20L	YY20L	3HFM	3HFM_Y	P00698	-2.185	-2.185	7e-11	2.8e-09	COR	IASP	1	AB/AG	AB/AG	0
708	3HFM_Y_SY100A	SY100A	SY100A	3HFM	3HFM_Y	P00698	-0.268	-0.268	7e-11	1.1e-10	COR	IASP	1	AB/AG	AB/AG	0
709	3H9S_A_AA150P	AA150P	AA150P	3H9S	3H9S_A	P04439	-0.163	-0.163	4.1e-06	5.4e-06	SUR	SPR	2	TCR/pMHC	TCR/pMHC,1JCK_A_B	0
710	5E9D_D_YD50W	YD50W	YD49W	5E9D	5E9D_D	A0A075B6T6	0.349	0.349	1.37e-07	7.6e-08	COR	FL	2	TCR/pMHC	TCR/pMHC,4N8V_G_ABC	0
711	5E9D_D_TD91Q	TD91Q	TD90Q	5E9D	5E9D_D	A0A075B6T6	0.574	0.574	1.37e-07	5.2e-08	INT	FL	2	TCR/pMHC	TCR/pMHC,4N8V_G_ABC	0
712	5E9D_D_GD28E	GD28E	GD27E	5E9D	5E9D_D	A0A075B6T6	0.479	0.479	1.37e-07	6.1e-08	SUR	FL	2	TCR/pMHC	TCR/pMHC,4N8V_G_ABC	0
713	5E9D_D_KD97Q	KD97Q	KD96Q	5E9D	5E9D_D	A0A075B6T6	-0.187	-0.187	1.37e-07	1.88e-07	SUR	FL	2	TCR/pMHC	TCR/pMHC,4N8V_G_ABC	0
714	5E9D_D_SD51G	SD51G	SD50G	5E9D	5E9D_D	A0A075B6T6	0.036	0.036	1.37e-07	1.29e-07	COR	FL	2	TCR/pMHC	TCR/pMHC,4N8V_G_ABC	0
715	3QDJ_E_AE55P	AE55P	AE52P	3QDJ	3QDJ_E	Not Mapped	-0.207	-0.207	4.3e-05	6.1e-05	RIM	SPR	2	TCR/pMHC	TCR/pMHC,1JCK_A_B	0
716	3QDJ_E_TE102F	TE102F	TE99F	3QDJ	3QDJ_E	Not Mapped	0.276	0.276	4.3e-05	2.7e-05	SUP	SPR	2	TCR/pMHC	TCR/pMHC,1JCK_A_B	0
717	3QDJ_E_FE100W	FE100W	FE97W	3QDJ	3QDJ_E	Not Mapped	-0.39	-0.39	4.3e-05	8.3e-05	COR	SPR	2	TCR/pMHC	TCR/pMHC,1JCK_A_B	0
718	3QDJ_E_LE98W	LE98W	LE95W	3QDJ	3QDJ_E	Not Mapped	0.808	0.808	4.3e-05	1.1e-05	RIM	SPR	2	TCR/pMHC	TCR/pMHC,1JCK_A_B	0
719	3QDJ_E_FE100Y	FE100Y	FE97Y	3QDJ	3QDJ_E	Not Mapped	-0.778	-0.778	4.3e-05	0.00016	COR	SPR	2	TCR/pMHC	TCR/pMHC,1JCK_A_B	0
720	1E50_B_NB63A	NB63A	NB62A	1E50	1E50_B	Q13951	-0.91	-0.91,-0.91	1.4e-08,2.61e-08	6.5e-08,1.46e-07	COR	ESMA	2		1E50_A_B,1H9D_A_B	0
721	1E50_B_NB104A	NB104A	NB99A	1E50	1E50_B	Q13951	-1.408	-1.408	2.61e-08	2.81e-07	COR	ESMA	2		1E50_A_B,1H9D_A_B	0
722	1E50_B_SB65A	SB65A	SB64A	1E50	1E50_B	Q13951	-0.115	-0.115	1.4e-08	1.7e-08	COR	ESMA	2		1E50_A_B,1H9D_A_B	0
723	1E50_B_VB58A	VB58A	VB57A	1E50	1E50_B	Q13951	0.0	0.0	1.4e-08	1.4e-08	COR	ESMA	2		1E50_A_B,1H9D_A_B	0
724	1E50_B_RB33A	RB33A	RB32A	1E50	1E50_B	Q13951	-1.775	-1.775	1.4e-08	2.8e-07	RIM	ESMA	2		1E50_A_B,1H9D_A_B	0
725	3QIB_C_NC95P	NC95P	NC94P	3QIB	3QIB_C	P01848	-0.787	-0.787	1.37e-05	5.17e-05	RIM	SPR	2	TCR/pMHC	TCR/pMHC,1JCK_A_B	0
726	3QIB_C_RC90P	RC90P	RC89P	3QIB	3QIB_C	P01848	0.119	0.119	1.37e-05	1.12e-05	RIM	SPR	2	TCR/pMHC	TCR/pMHC,1JCK_A_B	0
727	2NZ9_A_DA1058A	DA1058A	DA1030A	2NZ9	2NZ9_A	P0DPI1	0.031	0.031	1.36e-10	1.29e-10	RIM	KinExA	2	AB/AG	AB/AG	0
728	2NZ9_A_KA1056A	KA1056A	KA1028A	2NZ9	2NZ9_A	P0DPI1	0.009	0.009	1.36e-10	1.34e-10	SUP	KinExA	2	AB/AG	AB/AG	0
729	2NZ9_A_IA956A	IA956A	IA928A	2NZ9	2NZ9_A	P0DPI1	-0.07	-0.07	1.36e-10	1.53e-10	RIM	KinExA	2	AB/AG	AB/AG	0
730	2NZ9_A_SA955A	SA955A	SA927A	2NZ9	2NZ9_A	P0DPI1	0.079	0.079	1.36e-10	1.19e-10	RIM	KinExA	2	AB/AG	AB/AG	0
731	2NZ9_A_NA954A	NA954A	NA926A	2NZ9	2NZ9_A	P0DPI1	0.153	0.153	1.36e-10	1.05e-10	COR	KinExA	2	AB/AG	AB/AG	0
732	2NZ9_A_FA953A	FA953A	FA925A	2NZ9	2NZ9_A	P0DPI1	-3.365	-3.365	1.36e-10	3.98e-08	SUP	KinExA	2	AB/AG	AB/AG	0
733	2NZ9_A_KA923A	KA923A	KA895A	2NZ9	2NZ9_A	P0DPI1	0.302	0.302	1.36e-10	8.17e-11	SUR	KinExA	2	AB/AG	AB/AG	0
734	2NZ9_A_EA920A	EA920A	EA892A	2NZ9	2NZ9_A	P0DPI1	-2.79	-2.79	1.36e-10	1.51e-08	COR	KinExA	2	AB/AG	AB/AG	0
735	2NZ9_A_LA919A	LA919A	LA891A	2NZ9	2NZ9_A	P0DPI1	-2.296	-2.296	1.36e-10	6.56e-09	COR	KinExA	2	AB/AG	AB/AG	0
736	2NZ9_A_NA918A	NA918A	NA890A	2NZ9	2NZ9_A	P0DPI1	-2.176	-2.176	1.36e-10	5.35e-09	COR	KinExA	2	AB/AG	AB/AG	0
737	2NZ9_A_FA917A	FA917A	FA889A	2NZ9	2NZ9_A	P0DPI1	0.05	0.05	1.36e-10	1.25e-10	COR	KinExA	2	AB/AG	AB/AG	0
738	2NZ9_A_QA915A	QA915A	QA887A	2NZ9	2NZ9_A	P0DPI1	-0.1	-0.1	1.36e-10	1.61e-10	INT	KinExA	2	AB/AG	AB/AG	0
739	2NZ9_A_KA903A	KA903A	KA875A	2NZ9	2NZ9_A	P0DPI1	-0.545	-0.545	1.36e-10	3.41e-10	RIM	KinExA	2	AB/AG	AB/AG	0
740	2NZ9_A_SA902A	SA902A	SA874A	2NZ9	2NZ9_A	P0DPI1	0.12	0.12	1.36e-10	1.11e-10	RIM	KinExA	2	AB/AG	AB/AG	0
741	2NZ9_A_RA1294A	RA1294A	RA1266A	2NZ9	2NZ9_A	P0DPI1	-0.393	-0.393	1.36e-10	2.64e-10	RIM	KinExA	2	AB/AG	AB/AG	0
742	2NZ9_A_HA1064A	HA1064A	HA1036A	2NZ9	2NZ9_A	P0DPI1	-7.473	-7.473	1.36e-10	4.09e-05	COR	KinExA	2	AB/AG	AB/AG	0
743	2NZ9_A_TA1063A	TA1063A	TA1035A	2NZ9	2NZ9_A	P0DPI1	-2.387	-2.387	1.36e-10	7.65e-09	COR	KinExA	2	AB/AG	AB/AG	0
744	2NZ9_A_DA1062A	DA1062A	DA1034A	2NZ9	2NZ9_A	P0DPI1	-2.356	-2.356	1.36e-10	7.26e-09	SUP	KinExA	2	AB/AG	AB/AG	0
745	2NZ9_A_RA1061A	RA1061A	RA1033A	2NZ9	2NZ9_A	P0DPI1	-0.293	-0.293	1.36e-10	2.23e-10	RIM	KinExA	2	AB/AG	AB/AG	0
746	1EAW_A_IA60A	IA60A	IA45A	1EAW	1EAW_A	Q9Y5Y6	0.194	0.194	4.97e-11	3.58e-11	RIM	FL	1	Pr/PI	Pr/PI	0
747	1EAW_A_IA41A	IA41A	IA26A	1EAW	1EAW_A	Q9Y5Y6	0.823	0.823	4.97e-11	1.24e-11	SUP	FL	1	Pr/PI	Pr/PI	0
748	1EAW_A_QA38A	QA38A	QA23A	1EAW	1EAW_A	Q9Y5Y6	0.519	0.519	4.97e-11	2.07e-11	COR	FL	1	Pr/PI	Pr/PI	0
749	1EAW_A_TA150A	TA150A	TA144A	1EAW	1EAW_A	Q9Y5Y6	-0.089	-0.089	4.97e-11	5.78e-11	RIM	FL	1	Pr/PI	Pr/PI	0
750	1EAW_A_YA146A	YA146A	YA141A	1EAW	1EAW_A	Q9Y5Y6	-0.502	-0.502	4.97e-11	1.16e-10	RIM	FL	1	Pr/PI	Pr/PI	0
751	1EAW_A_QA145A	QA145A	QA140A	1EAW	1EAW_A	Q9Y5Y6	-0.307	-0.307	4.97e-11	8.34e-11	SUR	FL	1	Pr/PI	Pr/PI	0
752	1EAW_A_HA143A	HA143A	HA138A	1EAW	1EAW_A	Q9Y5Y6	0.014	0.014	4.97e-11	4.85e-11	COR	FL	1	Pr/PI	Pr/PI	0
753	1EAW_A_TA98A	TA98A	TA93A	1EAW	1EAW_A	Q9Y5Y6	-0.255	-0.255	4.97e-11	7.64e-11	SUR	FL	1	Pr/PI	Pr/PI	0
754	1EAW_A_FA97A	FA97A	FA92A	1EAW	1EAW_A	Q9Y5Y6	-0.892	-0.892	4.97e-11	2.24e-10	RIM	FL	1	Pr/PI	Pr/PI	0
755	1EAW_A_DA96A	DA96A	DA91A	1EAW	1EAW_A	Q9Y5Y6	-0.654	-0.654	4.97e-11	1.5e-10	RIM	FL	1	Pr/PI	Pr/PI	0
756	1EAW_A_NA95A	NA95A	NA90A	1EAW	1EAW_A	Q9Y5Y6	-0.308	-0.308	4.97e-11	8.36e-11	SUR	FL	1	Pr/PI	Pr/PI	0
757	1EAW_A_FA94A	FA94A	FA89A	1EAW	1EAW_A	Q9Y5Y6	-0.729	-0.729	4.97e-11	1.7e-10	SUP	FL	1	Pr/PI	Pr/PI	0
758	1EAW_A_RA87A	RA87A	RA82A	1EAW	1EAW_A	Q9Y5Y6	0.15	0.15	4.97e-11	3.86e-11	SUR	FL	1	Pr/PI	Pr/PI	0
759	1EAW_A_YA60gA	YA60gA	YA52A	1EAW	1EAW_A	Q9Y5Y6	0.079	0.079	4.97e-11	4.35e-11	SUP	FL	1	Pr/PI	Pr/PI	0
760	1EAW_A_RA60fA	RA60fA	RA51A	1EAW	1EAW_A	Q9Y5Y6	-0.231	-0.231	4.97e-11	7.34e-11	SUR	FL	1	Pr/PI	Pr/PI	0
761	1EAW_A_FA60eA	FA60eA	FA50A	1EAW	1EAW_A	Q9Y5Y6	0.429	0.429	4.97e-11	2.41e-11	SUP	FL	1	Pr/PI	Pr/PI	0
762	1EAW_A_RA60cA	RA60cA	RA48A	1EAW	1EAW_A	Q9Y5Y6	-0.588	-0.588	4.97e-11	1.34e-10	RIM	FL	1	Pr/PI	Pr/PI	0
763	1EAW_A_DA60bA	DA60bA	DA47A	1EAW	1EAW_A	Q9Y5Y6	-1.503	-1.503	4.97e-11	6.28e-10	RIM	FL	1	Pr/PI	Pr/PI	0
764	1EAW_A_DA60aA	DA60aA	DA46A	1EAW	1EAW_A	Q9Y5Y6	0.172	0.172	4.97e-11	3.72e-11	SUR	FL	1	Pr/PI	Pr/PI	0
765	1EAW_A_KA224A	KA224A	KA221A	1EAW	1EAW_A	Q9Y5Y6	-0.476	-0.476	4.97e-11	1.11e-10	SUR	FL	1	Pr/PI	Pr/PI	0
766	1EAW_A_RA222A	RA222A	RA219A	1EAW	1EAW_A	Q9Y5Y6	0.089	0.089	4.97e-11	4.28e-11	SUR	FL	1	Pr/PI	Pr/PI	0
767	1EAW_A_QA221aA	QA221aA	QA218A	1EAW	1EAW_A	Q9Y5Y6	-0.144	-0.144	4.97e-11	6.34e-11	SUR	FL	1	Pr/PI	Pr/PI	0
768	1EAW_A_DA217A	DA217A	DA214A	1EAW	1EAW_A	Q9Y5Y6	-2.229	-2.229	4.97e-11	2.14e-09	RIM	FL	1	Pr/PI	Pr/PI	0
769	1EAW_A_QA175A	QA175A	QA169A	1EAW	1EAW_A	Q9Y5Y6	0.133	0.133	4.97e-11	3.97e-11	SUR	FL	1	Pr/PI	Pr/PI	0
770	1EAW_A_QA174A	QA174A	QA168A	1EAW	1EAW_A	Q9Y5Y6	-0.565	-0.565	4.97e-11	1.29e-10	SUR	FL	1	Pr/PI	Pr/PI	0
771	1EAW_A_EA169A	EA169A	EA163A	1EAW	1EAW_A	Q9Y5Y6	-0.704	-0.704	4.97e-11	1.63e-10	SUR	FL	1	Pr/PI	Pr/PI	0
772	1EAW_A_LA153A	LA153A	LA147A	1EAW	1EAW_A	Q9Y5Y6	-0.502	-0.502	4.97e-11	1.16e-10	SUR	FL	1	Pr/PI	Pr/PI	0
773	3SE8_L_FL97A	FL97A	FL92A	3SE8	3SE8_L	Not Mapped	-0.819	-0.819	6.3e-08	2.51e-07	SUP	SPR	2	AB/AG	AB/AG	0
774	3SE8_L_EL96A	EL96A	EL91A	3SE8	3SE8_L	Not Mapped	-1.489	-1.489	6.3e-08	7.78e-07	COR	SPR	2	AB/AG	AB/AG	0
775	3SE8_L_FL91A	FL91A	FL90A	3SE8	3SE8_L	Not Mapped	0.85	0.85	6.3e-08	1.5e-08	COR	SPR	2	AB/AG	AB/AG	0
776	3SE8_L_DL50A	DL50A	DL49A	3SE8	3SE8_L	Not Mapped	-0.842	-0.842	6.3e-08	2.61e-07	SUR	SPR	2	AB/AG	AB/AG	0
777	3SE8_L_NL31A	NL31A	NL30A	3SE8	3SE8_L	Not Mapped	-0.191	-0.191	6.3e-08	8.7e-08	COR	SPR	2	AB/AG	AB/AG	0
778	3SE8_L_QL27A	QL27A	QL27A	3SE8	3SE8_L	Not Mapped	0.213	0.213	6.3e-08	4.4e-08	RIM	SPR	2	AB/AG	AB/AG	0
779	3SE8_L_EL1A	EL1A	EL1A	3SE8	3SE8_L	Not Mapped	0.548	0.548	6.3e-08	2.5e-08	RIM	SPR	2	AB/AG	AB/AG	0
780	5C6T_H_YH103A	YH103A	YH98A	5C6T	5C6T_H	Not Mapped	-1.717	-1.717	1.3e-10	2.36e-09	COR	SPR	2	AB/AG	AB/AG	0
781	5C6T_H_NH102A	NH102A	NH97A	5C6T	5C6T_H	Not Mapped	-1.527	-1.527	1.3e-10	1.71e-09	COR	SPR	2	AB/AG	AB/AG	0
782	5C6T_H_SH32A	SH32A	SH32A	5C6T	5C6T_H	Not Mapped	0.869	0.869	1.3e-10	3e-11	COR	SPR	2	AB/AG	AB/AG	0
783	5C6T_H_RH31S	RH31S	RH31S	5C6T	5C6T_H	Not Mapped	-0.312	-0.312	1.3e-10	2.2e-10	RIM	SPR	2	AB/AG	AB/AG	0
784	5C6T_H_YH109A	YH109A	YH104A	5C6T	5C6T_H	Not Mapped	-0.363	-0.363	1.3e-10	2.4e-10	RIM	SPR	2	AB/AG	AB/AG	0
785	5C6T_H_FH104A	FH104A	FH99A	5C6T	5C6T_H	Not Mapped	-1.461	-1.461	1.3e-10	1.53e-09	COR	SPR	2	AB/AG	AB/AG	0
786	1MI5_E_EE105A	EE105A	EE99A	1MI5	1MI5_E	P01850	-0.12	-0.12	1.25e-05	1.53e-05	SUR	SPR	2	TCR/pMHC	TCR/pMHC,1JCK_A_B,4N8V_G_ABC	0
787	1MI5_E_YE100A	YE100A	YE98A	1MI5	1MI5_E	P01850	-1.232	-1.232	1.25e-05	0.0001	COR	SPR	2	TCR/pMHC	TCR/pMHC,1JCK_A_B,4N8V_G_ABC	0
788	1MI5_E_AE99G	AE99G	AE97G	1MI5	1MI5_E	P01850	-1.232	-1.232	1.25e-05	0.0001	COR	SPR	2	TCR/pMHC	TCR/pMHC,1JCK_A_B,4N8V_G_ABC	0
789	1MI5_E_QE98A	QE98A	QE96A	1MI5	1MI5_E	P01850	-1.232	-1.232	1.25e-05	0.0001	COR	SPR	2	TCR/pMHC	TCR/pMHC,1JCK_A_B,4N8V_G_ABC	0
790	1MI5_E_GE97A	GE97A	GE95A	1MI5	1MI5_E	P01850	-1.232	-1.232	1.25e-05	0.0001	SUP	SPR	2	TCR/pMHC	TCR/pMHC,1JCK_A_B,4N8V_G_ABC	0
791	1MI5_E_LE96A	LE96A	LE94A	1MI5	1MI5_E	P01850	-0.116	-0.116	1.25e-05	1.52e-05	RIM	SPR	2	TCR/pMHC	TCR/pMHC,1JCK_A_B,4N8V_G_ABC	0
792	1MI5_E_SE95A	SE95A	SE93A	1MI5	1MI5_E	P01850	0.612	0.612	1.25e-05	4.45e-06	INT	SPR	2	TCR/pMHC	TCR/pMHC,1JCK_A_B,4N8V_G_ABC	0
793	1MI5_E_SE94A	SE94A	SE92A	1MI5	1MI5_E	P01850	-0.302	-0.302	1.25e-05	2.08e-05	INT	SPR	2	TCR/pMHC	TCR/pMHC,1JCK_A_B,4N8V_G_ABC	0
794	1MI5_E_EE52A	EE52A	EE50A	1MI5	1MI5_E	P01850	-0.819	-0.819	1.25e-05	4.98e-05	RIM	SPR	2	TCR/pMHC	TCR/pMHC,1JCK_A_B,4N8V_G_ABC	0
795	1MI5_E_NE51A	NE51A	NE49A	1MI5	1MI5_E	P01850	0.433	0.433	1.25e-05	6.02e-06	COR	SPR	2	TCR/pMHC	TCR/pMHC,1JCK_A_B,4N8V_G_ABC	0
796	1MI5_E_QE50A	QE50A	QE48A	1MI5	1MI5_E	P01850	0.07	0.07	1.25e-05	1.11e-05	COR	SPR	2	TCR/pMHC	TCR/pMHC,1JCK_A_B,4N8V_G_ABC	0
797	1MI5_E_SE31A	SE31A	SE29A	1MI5	1MI5_E	P01850	-1.064	-1.064	1.25e-05	7.53e-05	SUP	SPR	2	TCR/pMHC	TCR/pMHC,1JCK_A_B,4N8V_G_ABC	0
798	1MI5_E_VE30A	VE30A	VE28A	1MI5	1MI5_E	P01850	-0.293	-0.293	1.25e-05	2.05e-05	COR	SPR	2	TCR/pMHC	TCR/pMHC,1JCK_A_B,4N8V_G_ABC	0
799	1MI5_E_GE28A	GE28A	GE26A	1MI5	1MI5_E	P01850	0.289	0.289	1.25e-05	7.67e-06	SUR	SPR	2	TCR/pMHC	TCR/pMHC,1JCK_A_B,4N8V_G_ABC	0
800	1MI5_E_SE27A	SE27A	SE25A	1MI5	1MI5_E	P01850	-0.032	-0.032	1.25e-05	1.32e-05	SUR	SPR	2	TCR/pMHC	TCR/pMHC,1JCK_A_B,4N8V_G_ABC	0
801	1MI5_E_YE107A	YE107A	YE101A	1MI5	1MI5_E	P01850	-0.26	-0.26	1.25e-05	1.94e-05	SUR	SPR	2	TCR/pMHC	TCR/pMHC,1JCK_A_B,4N8V_G_ABC	0
802	1MI5_E_QE106A	QE106A	QE100A	1MI5	1MI5_E	P01850	-1.232	-1.232	1.25e-05	0.0001	INT	SPR	2	TCR/pMHC	TCR/pMHC,1JCK_A_B,4N8V_G_ABC	0
803	1N8Z_C_FC555A	FC555A	FC539A	1N8Z	1N8Z_C	P04626	-0.035	-0.035	1.31e-09	1.39e-09	SUR	SPR	2	AB/AG	AB/AG	0
804	1N8Z_C_VC552A	VC552A	VC536A	1N8Z	1N8Z_C	P04626	-0.009	-0.009	1.31e-09	1.33e-09	SUR	SPR	2	AB/AG	AB/AG	0
805	1N8Z_C_SC551A	SC551A	SC535A	1N8Z	1N8Z_C	P04626	-0.031	-0.031	1.31e-09	1.38e-09	SUR	SPR	2	AB/AG	AB/AG	0
806	1N8Z_C_LC525A	LC525A	LC509A	1N8Z	1N8Z_C	P04626	0.023	0.023	1.31e-09	1.26e-09	SUR	SPR	2	AB/AG	AB/AG	0
807	4L3E_E_YE51A	YE51A	YE48A	4L3E	4L3E_E	Not Mapped	-2.228	-2.228	1e-07	4.3e-06	SUP	SPR	2	TCR/pMHC	TCR/pMHC,1JCK_A_B	0
808	3QIB_A_EA75A	EA75A	EA75A	3QIB	3QIB_A	P04224	0.0	0.0	5.5e-06	5.5e-06	SUR	SPR	2	TCR/pMHC	TCR/pMHC,1JCK_A_B	0
809	3QIB_A_AA68G	AA68G	AA68G	3QIB	3QIB_A	P04224	-0.845	-0.845	5.5e-06	2.29e-05	RIM	SPR	2	TCR/pMHC	TCR/pMHC,1JCK_A_B	0
810	3QIB_A_KA67A	KA67A	KA67A	3QIB	3QIB_A	P04224	-0.566	-0.566	5.5e-06	1.43e-05	RIM	SPR	2	TCR/pMHC	TCR/pMHC,1JCK_A_B	0
811	3QIB_A_AA64G	AA64G	AA64G	3QIB	3QIB_A	P04224	-0.61	-0.61	5.5e-06	1.54e-05	COR	SPR	2	TCR/pMHC	TCR/pMHC,1JCK_A_B	0
812	3QIB_A_AA61G	AA61G	AA61G	3QIB	3QIB_A	P04224	-0.892	-0.892	5.5e-06	2.48e-05	COR	SPR	2	TCR/pMHC	TCR/pMHC,1JCK_A_B	0
813	3QIB_A_QA57A	QA57A	QA57A	3QIB	3QIB_A	P04224	-0.265	-0.265	5.5e-06	8.6e-06	RIM	SPR	2	TCR/pMHC	TCR/pMHC,1JCK_A_B	0
814	3SE4_A_FA290A	FA290A	FA273A	3SE4	3SE4_A	P17181	-0.211	-0.211	4e-05	5.71e-05	INT	SP	2		3SE4_B_A,3SE3_B_A	0
815	3SE4_A_NA245A	NA245A	NA230A	3SE4	3SE4_A	P17181	-0.303	-0.303	4e-05	6.67e-05	SUR	SP	2		3SE4_B_A,3SE3_B_A	0
816	3SE4_A_NA242A	NA242A	NA227A	3SE4	3SE4_A	P17181	0.0	0.0	4e-05	4e-05	COR	SP	2		3SE4_B_A,3SE3_B_A	0
817	3SE4_A_RA241A	RA241A	RA226A	3SE4	3SE4_A	P17181	-0.303	-0.303	4e-05	6.67e-05	COR	SP	2		3SE4_B_A,3SE3_B_A	0
818	3SE4_A_FA238A	FA238A	FA223A	3SE4	3SE4_A	P17181	-1.364	-1.364	4e-05	0.0004	COR	SP	2		3SE4_B_A,3SE3_B_A	0
819	3SE4_A_TA181A	TA181A	TA166A	3SE4	3SE4_A	P17181	0.543	0.543	4e-05	1.6e-05	COR	SP	2		3SE4_B_A,3SE3_B_A	0
820	3SE4_A_YA163A	YA163A	YA148A	3SE4	3SE4_A	P17181	0.278	0.278	4e-05	2.5e-05	SUR	SP	2		3SE4_B_A,3SE3_B_A	0
821	3SE4_A_NA155T	NA155T	NA140T	3SE4	3SE4_A	P17181	-0.411	-0.411	4e-05	8e-05	RIM	SP	2		3SE4_B_A,3SE3_B_A	0
822	3SE4_A_SA135A	SA135A	SA120A	3SE4	3SE4_A	P17181	0.0	0.0	4e-05	4e-05	COR	SP	2		3SE4_B_A,3SE3_B_A	0
823	3SE4_A_DA132A	DA132A	DA117A	3SE4	3SE4_A	P17181	-0.132	-0.132	4e-05	5e-05	SUP	SP	2		3SE4_B_A,3SE3_B_A	0
824	3SE4_A_LA131A	LA131A	LA116A	3SE4	3SE4_A	P17181	-0.132	-0.132	4e-05	5e-05	COR	SP	2		3SE4_B_A,3SE3_B_A	0
825	3SE4_A_YA70A	YA70A	YA55A	3SE4	3SE4_A	P17181	-1.364	-1.364	4e-05	0.0004	COR	SP	2		3SE4_B_A,3SE3_B_A	0
826	2JCC_A_AA167W	AA167W	AA167W	2JCC	2JCC_A	P04439	0.299	0.299	1.54e-05	9.3e-06	INT	SPR	2	TCR/pMHC	TCR/pMHC,1JCK_A_B	0
827	1OGA_D_QD34A	QD34A	QD32A	1OGA	1OGA_D	P01848	-0.976	-0.976,-0.976	5.2e-06,5.24e-06	2.7e-05,2.84e-05	INT	ITC,SPR	1	TCR/pMHC	TCR/pMHC,1JCK_A_B	0
828	1OGA_D_SD32A	SD32A	SD30A	1OGA	1OGA_D	P01848	-1.038	-1.038,-1.038	5.2e-06,5.24e-06	3e-05,2.84e-05	SUP	ITC,SPR	1	TCR/pMHC	TCR/pMHC,1JCK_A_B	0
829	1OGA_D_SD31A	SD31A	SD29A	1OGA	1OGA_D	P01848	-0.628	-0.628	5.2e-06	1.5e-05	COR	SPR	1	TCR/pMHC	TCR/pMHC,1JCK_A_B	0
830	1MLC_B_KB65D	KB65D	KB65D	1MLC	1MLC_B	P01868	-0.019	-0.019	4.4e-09	4.54e-09	SUR	FL	2	AB/AG	AB/AG	0
831	1MLC_B_TB58D	TB58D	TB58D	1MLC	1MLC_B	P01868	0.56	0.56	4.4e-09	1.71e-09	RIM	FL	2	AB/AG	AB/AG	0
832	1MLC_B_SB57V	SB57V	SB57V	1MLC	1MLC_B	P01868	0.494	0.494	4.4e-09	1.91e-09	COR	FL	2	AB/AG	AB/AG	0
833	1MLC_B_SB57A	SB57A	SB57A	1MLC	1MLC_B	P01868	0.379	0.379	4.4e-09	2.32e-09	COR	FL	2	AB/AG	AB/AG	0
834	1MLC_B_TB31V	TB31V	TB31V	1MLC	1MLC_B	P01868	-0.526	-0.526	4.4e-09	1.07e-08	COR	FL	2	AB/AG	AB/AG	0
835	1MLC_B_TB31A	TB31A	TB31A	1MLC	1MLC_B	P01868	-0.447	-0.447	4.4e-09	9.36e-09	COR	FL	2	AB/AG	AB/AG	0
836	1MLC_B_TB28D	TB28D	TB28D	1MLC	1MLC_B	P01868	0.151	0.151	4.4e-09	3.41e-09	SUR	FL	2	AB/AG	AB/AG	0
837	1MLC_B_TB31W	TB31W	TB31W	1MLC	1MLC_B	P01868	-0.132	-0.132	4.4e-09	5.5e-09	COR	FL	2	AB/AG	AB/AG	0
838	1N8Z_B_RB59A	RB59A	RB59A	1N8Z	1N8Z_B	Not Mapped	-1.775	-1.775	5e-10	1e-08	COR	SPR	2	AB/AG	AB/AG	0
839	1N8Z_B_RB50A	RB50A	RB50A	1N8Z	1N8Z_B	Not Mapped	-2.928	-2.928	5e-10	7e-08	SUP	SPR	2	AB/AG	AB/AG	0
840	1N8Z_B_YB109V	YB109V	YB109V	1N8Z	1N8Z_B	Not Mapped	-0.223	-0.223	3.5e-10	5.1e-10	INT	SPR	2	AB/AG	AB/AG	0
841	1N8Z_B_YB105F	YB105F	YB105F	1N8Z	1N8Z_B	Not Mapped	-0.821	-0.821	3.5e-10	1.4e-09	COR	SPR	2	AB/AG	AB/AG	0
842	1N8Z_B_DB102W	DB102W	DB102W	1N8Z	1N8Z_B	Not Mapped	0.686	0.686	3.5e-10	1.1e-10	RIM	SPR	2	AB/AG	AB/AG	0
843	3L5X_L_YL94A	YL94A	YL94A	3L5X	3L5X_L	Not Mapped	0.829	0.829	7.54e-10	1.86e-10	SUR	SPR	2	AB/AG	AB/AG,3LB6_A_C	0
844	3QFJ_C_FC5Y	FC5Y	FC5Y	3QFJ	3QFJ_C	Not Mapped	0.17	0.17	1.2e-06	9e-07	COR	ITC	2	TCR/pMHC	TCR/pMHC,1JCK_A_B	0
845	2E7L_Q_FQ5R	FQ5R	FQ5R	2E7L	2E7L_Q	Not Mapped	-3.06	-3.06	3.6e-08	6.3e-06	COR	SPR	2	TCR/pMHC	TCR/pMHC,1JCK_A_B	0
846	1NMB_H_YH100aF	YH100aF	YH105F	1NMB	1NMB_H	Not Mapped	-1.42	-1.42	4.55e-08	5e-07	COR	SPR	1	AB/AG	AB/AG	0
847	1NMB_H_YH99A	YH99A	YH103A	1NMB	1NMB_H	Not Mapped	-2.142	-2.142	4.55e-08	1.69e-06	RIM	SPR	1	AB/AG	AB/AG	0
848	1NMB_H_DH56E	DH56E	DH57E	1NMB	1NMB_H	Not Mapped	-2.955	-2.955	4.55e-08	6.67e-06	COR	SPR	1	AB/AG	AB/AG	0
849	1NMB_H_DH56N	DH56N	DH57N	1NMB	1NMB_H	Not Mapped	-2.955	-2.955	4.55e-08	6.67e-06	COR	SPR	1	AB/AG	AB/AG	0
850	1BD2_D_DD30N	DD30N	DD30N	1BD2	1BD2_D	P01848,P04437	-1.919	-1.919,-1.919	1.43e-06,1.29e-06	3.65e-05,3.5e-05	COR	SPR	2	TCR/pMHC	TCR/pMHC,1JCK_A_B	0
851	1BD2_D_ED94A	ED94A	ED93A	1BD2	1BD2_D	P01848,P04437	-1.316	-1.316	1.4e-06	1.29e-05	COR	SPR	2	TCR/pMHC	TCR/pMHC,1JCK_A_B	0
852	1DVF_B_NB56A	NB56A	NB56A	1DVF	1DVF_B	P01820	-1.163	-1.163,-1.163	1.08e-08,1.08e-08	7.69e-08,7.69e-08	COR	SPR	1	AB/AG	AB/AG	0
853	1DVF_B_DB54A	DB54A	DB54A	1DVF	1DVF_B	P01820	-4.283	-4.283,-4.283	1.08e-08,1.08e-08	1.49e-05,1.49e-05	RIM	SPR	1	AB/AG	AB/AG	0
854	1DVF_B_WB52A	WB52A	WB52A	1DVF	1DVF_B	P01820	-4.135	-4.135,-4.135	1.08e-08,1.08e-08	1.16e-05,1.16e-05	COR	SPR	1	AB/AG	AB/AG	0
855	1DVF_B_DB100A	DB100A	DB100A	1DVF	1DVF_B	P01820	-2.791	-2.791,-2.791	1.08e-08,1.08e-08	1.2e-06,1.2e-06	RIM	SPR	1	AB/AG	AB/AG	0
856	1DVF_B_EB98A	EB98A	EB98A	1DVF	1DVF_B	P01820	-4.189	-4.189,-4.189	1.08e-08,1.08e-08	1.27e-05,1.27e-05	SUP	SPR	1	AB/AG	AB/AG	0
857	1DVF_B_DB58A	DB58A	DB58A	1DVF	1DVF_B	P01820	-1.601	-1.601,-1.601	1.08e-08,1.08e-08	1.61e-07,1.61e-07	COR	SPR	1	AB/AG	AB/AG	0
858	1DVF_B_YB101F	YB101F	YB101F	1DVF	1DVF_B	P01820	-2.013	-2.013	1.08e-08	3.23e-07	COR	SPR	1	AB/AG	AB/AG	0
859	1DVF_B_RB99A	RB99A	RB99A	1DVF	1DVF_B	P01820	-1.875	-1.875	1.08e-08	2.56e-07	COR	SPR	1	AB/AG	AB/AG	0
860	1DVF_B_YB32A	YB32A	YB32A	1DVF	1DVF_B	P01820	-1.832	-1.832	1.08e-08	2.38e-07	COR	SPR	1	AB/AG	AB/AG	0
861	1DVF_B_TB30A	TB30A	TB30A	1DVF	1DVF_B	P01820	-0.908	-0.908	1.08e-08	5e-08	RIM	SPR	1	AB/AG	AB/AG	0
862	1VFB_A_YA32A	YA32A	YA32A	1VFB	1VFB_A	P01635	-1.34	-1.34,-1.34	2e-08,1.25e-08	1.92e-07,2.27e-07	COR	SPR	1	AB/AG	AB/AG	0
863	1VFB_A_WA92A	WA92A	WA92A	1VFB	1VFB_A	P01635	-2.728	-2.728,-2.728	2e-08,1.25e-08	2e-06,3.57e-06	COR	SPR	1	AB/AG	AB/AG	0
864	1VFB_A_YA50A	YA50A	YA50A	1VFB	1VFB_A	P01635	-0.388	-0.388,-0.388	2e-08,1.25e-08	3.85e-08,3.03e-08	COR	SPR	1	AB/AG	AB/AG	0
865	1VFB_A_TA53R	TA53R	TA53R	1VFB	1VFB_A	P01635	-1.647	-1.647	1.49e-09	2.4e-08	COR	FL	2	AB/AG	AB/AG	0
866	1VFB_A_TA52F	TA52F	TA52F	1VFB	1VFB_A	P01635	-0.471	-0.471	1.49e-09	3.3e-09	RIM	FL	2	AB/AG	AB/AG	0
867	1VFB_A_YA50K	YA50K	YA50K	1VFB	1VFB_A	P01635	-1.716	-1.716	1.49e-09	2.7e-08	COR	FL	2	AB/AG	AB/AG	0
868	1VFB_A_YA50R	YA50R	YA50R	1VFB	1VFB_A	P01635	-0.845	-0.845	1.49e-09	6.2e-09	COR	FL	2	AB/AG	AB/AG	0
869	1VFB_A_LA46E	LA46E	LA46E	1VFB	1VFB_A	P01635	-5.631	-5.631	1.49e-09	2e-05	INT	FL	2	AB/AG	AB/AG	0
870	1VFB_A_LA46D	LA46D	LA46D	1VFB	1VFB_A	P01635	-5.631	-5.631	1.49e-09	2e-05	INT	FL	2	AB/AG	AB/AG	0
871	1VFB_A_YA32W	YA32W	YA32W	1VFB	1VFB_A	P01635	-5.631	-5.631	1.49e-09	2e-05	COR	FL	2	AB/AG	AB/AG	0
872	1VFB_A_NA31W	NA31W	NA31W	1VFB	1VFB_A	P01635	-0.174	-0.174	1.49e-09	2e-09	SUR	FL	2	AB/AG	AB/AG	0
873	1VFB_A_SA93A	SA93A	SA93A	1VFB	1VFB_A	P01635	-0.343	-0.343	2e-08	3.57e-08	RIM	SPR	1	AB/AG	AB/AG	0
874	1VFB_A_YA49A	YA49A	YA49A	1VFB	1VFB_A	P01635	-0.798	-0.798	2e-08	7.69e-08	SUP	SPR	1	AB/AG	AB/AG	0
875	1VFB_A_HA30A	HA30A	HA30A	1VFB	1VFB_A	P01635	-0.845	-0.845	2e-08	8.33e-08	RIM	SPR	1	AB/AG	AB/AG	0
876	4KRP_B_EB113A	EB113A	EB105A	4KRP	4KRP_B	Not Mapped	-1.607	-1.607	1.66e-07	2.5e-06	RIM	SPR	2	AB/AG	AB/AG	0
877	3TGK_E_NE194D	NE194D	NE170D	3TGK	3TGK_E	P00763	0.17	0.17	1.2e-05	9e-06	INT	ITC	1	Pr/PI	Pr/PI	0
878	1E50_A_TA149A	TA149A	TA91A	1E50	1E50_A	Q01196	-1.513	-1.513,-1.513	1.4e-08,2.61e-08	1.8e-07,1.52e-07	COR	ESMA	2		1E50_A_B,1H9D_A_B	0
879	1E50_A_YA113A	YA113A	YA55A	1E50	1E50_A	Q01196	-0.945	-0.945,-0.945	1.4e-08,2.61e-08	6.9e-08,1.16e-07	COR	ESMA	2		1E50_A_B,1H9D_A_B	0
880	1E50_A_NA109A	NA109A	NA51A	1E50	1E50_A	Q01196	-2.433	-2.433,-2.433	1.4e-08,2.61e-08	8.5e-07,2.81e-07	SUP	ESMA	2		1E50_A_B,1H9D_A_B	0
881	1E50_A_DA66A	DA66A	DA8A	1E50	1E50_A	Q01196	0.402	0.402,0.402	1.4e-08,2.61e-08	7.1e-09,1.77e-08	RIM	ESMA	2		1E50_A_B,1H9D_A_B	0
882	1E50_A_MA106A	MA106A	MA48A	1E50	1E50_A	Q01196	-1.32	-1.32	1.4e-08	1.3e-07	COR	ESMA	2		1E50_A_B,1H9D_A_B	0
883	1E50_A_NA69A	NA69A	NA11A	1E50	1E50_A	Q01196	-0.678	-0.678	1.4e-08	4.4e-08	SUP	ESMA	2		1E50_A_B,1H9D_A_B	0
884	1E50_A_KA144M	KA144M	KA86M	1E50	1E50_A	Q01196	-0.32	-0.32	2.61e-08	4.48e-08	INT	ESMA	2		1E50_A_B,1H9D_A_B	0
885	1E50_A_RA142A	RA142A	RA84A	1E50	1E50_A	Q01196	0.191	0.191	2.61e-08	1.89e-08	SUR	ESMA	2		1E50_A_B,1H9D_A_B	0
886	1E50_A_TA161A	TA161A	TA103A	1E50	1E50_A	Q01196	-2.185	-2.185	1.4e-08	5.6e-07	COR	ESMA	2		1E50_A_B,1H9D_A_B	0
887	1E50_A_VA159A	VA159A	VA101A	1E50	1E50_A	Q01196	0.044	0.044	1.4e-08	1.3e-08	COR	ESMA	2		1E50_A_B,1H9D_A_B	0
888	1E50_A_SA114A	SA114A	SA56A	1E50	1E50_A	Q01196	-0.978	-0.978	1.4e-08	7.3e-08	COR	ESMA	2		1E50_A_B,1H9D_A_B	0
889	4B0M_B_AB141G	AB141G	AB127G	4B0M	4B0M_B	P26948	-0.298	-0.298	2.42e-06	4e-06	COR	SPR	2		4B0M_A_BM	0
890	3QDG_E_TE102F	TE102F	TE99F	3QDG	3QDG_E	Not Mapped	0.039	0.039	9.5e-06	8.9e-06	COR	SPR	2	TCR/pMHC	TCR/pMHC,1JCK_A_B	0
891	3QDG_E_FE100W	FE100W	FE97W	3QDG	3QDG_E	Not Mapped	-0.935	-0.935	9.5e-06	4.6e-05	COR	SPR	2	TCR/pMHC	TCR/pMHC,1JCK_A_B	0
892	3QDG_E_LE98W	LE98W	LE95W	3QDG	3QDG_E	Not Mapped	0.703	0.703	9.5e-06	2.9e-06	RIM	SPR	2	TCR/pMHC	TCR/pMHC,1JCK_A_B	0
893	3QDG_E_FE100Y	FE100Y	FE97Y	3QDG	3QDG_E	Not Mapped	-1.395	-1.395	9.5e-06	0.0001	COR	SPR	2	TCR/pMHC	TCR/pMHC,1JCK_A_B	0
894	3QDG_E_AE55P	AE55P	AE52P	3QDG	3QDG_E	Not Mapped	0.066	0.066	9.5e-06	8.5e-06	RIM	SPR	2	TCR/pMHC	TCR/pMHC,1JCK_A_B	0
895	5E9D_E_NE28G	NE28G	NE27G	5E9D	5E9D_E	A0A0K0K1A5	-0.275	-0.275	1.37e-07	2.18e-07	SUR	FL	2	TCR/pMHC	TCR/pMHC,4N8V_G_ABC	0
896	5E9D_E_AE99Y	AE99Y	AE98Y	5E9D	5E9D_E	A0A0K0K1A5	0.9	0.9	1.37e-07	3e-08	RIM	FL	2	TCR/pMHC	TCR/pMHC,4N8V_G_ABC	0
897	5E9D_E_VE50D	VE50D	VE49D	5E9D	5E9D_E	A0A0K0K1A5	0.433	0.433	1.37e-07	6.6e-08	SUR	FL	2	TCR/pMHC	TCR/pMHC,4N8V_G_ABC	0
898	4JFD_C_AC4G	AC4G	AC4G	4JFD	4JFD_C	Not Mapped	6.518	6.518	3.6e-05	6e-10	COR	SPR	2	TCR/pMHC	TCR/pMHC,1JCK_A_B	0
899	1AO7_E_PE103A	PE103A	PE100A	1AO7	1AO7_E	P01850	-1.149	-1.149,-1.149,-1.149,-1.149	2.86e-06,3.07e-06,1.96e-06,2.87e-06	1.99e-05,2.05e-05,1.48e-05,2.03e-05	SUP	SPR	2	TCR/pMHC	TCR/pMHC,1JCK_A_B	0
900	1AO7_E_RE95A	RE95A	RE92A	1AO7	1AO7_E	P01850	-0.453	-0.453,-0.453,-0.453,-0.453	1.95e-06,2.89e-06,1.69e-06,1.69e-06	4.19e-06,4.08e-06,3.82e-06,3.43e-06	SUP	SPR	2	TCR/pMHC	TCR/pMHC,1JCK_A_B	0
901	1AO7_E_GE100S	GE100S	GE97S	1AO7	1AO7_E	P01850	0.341	0.341,0.341	3.2e-06,2.1e-06	1.8e-06,1.24e-06	COR	SPR	2	TCR/pMHC	TCR/pMHC,1JCK_A_B	0
902	1AO7_E_AE99M	AE99M	AE96M	1AO7	1AO7_E	P01850	0.309	0.309,0.309	3.2e-06,2.1e-06	1.9e-06,1.24e-06	RIM	SPR	2	TCR/pMHC	TCR/pMHC,1JCK_A_B	0
903	1AO7_E_EE30A	EE30A	EE28A	1AO7	1AO7_E	P01850	-2.022	-2.022	3.04e-06	9.23e-05	RIM	SPR	2	TCR/pMHC	TCR/pMHC,1JCK_A_B	0
904	1AO7_E_RE102A	RE102A	RE99A	1AO7	1AO7_E	P01850	-0.065	-0.065	2.86e-06	3.19e-06	RIM	SPR	2	TCR/pMHC	TCR/pMHC,1JCK_A_B	0
905	1AO7_E_GE101A	GE101A	GE98A	1AO7	1AO7_E	P01850	1.091	1.091	2.1e-06	3.33e-07	COR	SPR	2	TCR/pMHC	TCR/pMHC,1JCK_A_B	0
906	1AO7_E_AE99K	AE99K	AE96K	1AO7	1AO7_E	P01850	-0.062	-0.062	2.1e-06	2.33e-06	RIM	SPR	2	TCR/pMHC	TCR/pMHC,1JCK_A_B	0
907	1AO7_E_IE54R	IE54R	IE52R	1AO7	1AO7_E	P01850	-1.364	-1.364	2.1e-06	2.1e-05	RIM	SPR	2	TCR/pMHC	TCR/pMHC,1JCK_A_B	0
908	1AO7_E_RE102P	RE102P	RE99P	1AO7	1AO7_E	P01850	1.942	1.942	2.2e-06	8.3e-08	RIM	SPR	2	TCR/pMHC	TCR/pMHC,1JCK_A_B	0
909	1AO7_E_GE101P	GE101P	GE98P	1AO7	1AO7_E	P01850	-0.45	-0.45	2.2e-06	4.7e-06	COR	SPR	2	TCR/pMHC	TCR/pMHC,1JCK_A_B	0
910	1AO7_E_AE52P	AE52P	AE50P	1AO7	1AO7_E	P01850	0.326	0.326	2.2e-06	1.27e-06	SUR	SPR	2	TCR/pMHC	TCR/pMHC,1JCK_A_B	0
911	1AO7_E_RE102Q	RE102Q	RE99Q	1AO7	1AO7_E	P01850	-0.411	-0.411	2.1e-06	4.2e-06	RIM	SPR	2	TCR/pMHC	TCR/pMHC,1JCK_A_B	0
912	1DVF_D_YD98A	YD98A	YD102A	1DVF	1DVF_D	A0NA69	-4.742	-4.742	1.08e-08	3.23e-05	COR	SPR	1	AB/AG	AB/AG	0
913	1DVF_D_ID97A	ID97A	ID101A	1DVF	1DVF_D	A0NA69	-2.683	-2.683	1.08e-08	1e-06	COR	SPR	1	AB/AG	AB/AG	0
914	1DVF_D_DD52A	DD52A	DD52A	1DVF	1DVF_D	A0NA69	-1.683	-1.683	1.08e-08	1.85e-07	SUP	SPR	1	AB/AG	AB/AG	0
915	1DVF_D_HD33A	HD33A	HD33A	1DVF	1DVF_D	A0NA69	-1.861	-1.861	1.08e-08	2.5e-07	COR	SPR	1	AB/AG	AB/AG	0
916	1DVF_D_KD30A	KD30A	KD30A	1DVF	1DVF_D	A0NA69	-1.004	-1.004	1.08e-08	5.88e-08	RIM	SPR	1	AB/AG	AB/AG	0
917	1DVF_D_RD100bA	RD100bA	RD106A	1DVF	1DVF_D	A0NA69	-4.093	-4.093	1.08e-08	1.08e-05	COR	SPR	1	AB/AG	AB/AG	0
918	1DVF_D_ND54A	ND54A	ND55A	1DVF	1DVF_D	A0NA69	-1.861	-1.861	1.08e-08	2.5e-07	RIM	SPR	1	AB/AG	AB/AG	0
919	1DVF_D_QD100A	QD100A	QD104A	1DVF	1DVF_D	A0NA69	-1.629	-1.629	1.08e-08	1.69e-07	COR	SPR	1	AB/AG	AB/AG	0
920	4FTV_D_DD99A	DD99A	DD93A	4FTV	4FTV_D	Not Mapped	-1.014	-1.014,-1.014	2.13e-06,2.87e-06	1.18e-05,1.07e-05	COR	SPR	2	TCR/pMHC	TCR/pMHC,1JCK_A_B	0
921	4FTV_D_KD68A	KD68A	KD66A	4FTV	4FTV_D	Not Mapped	1.58	1.58	1.87e-06	1.3e-07	COR	SPR	2	TCR/pMHC	TCR/pMHC,1JCK_A_B	0
922	4FTV_A_RA65A	RA65A	RA65A	4FTV	4FTV_A	P04439	-3.827	-3.827,-3.827	2.13e-06,2.87e-06	0.00136,0.000624	RIM	SPR	2	TCR/pMHC	TCR/pMHC,1JCK_A_B	0
923	4FTV_A_TA163A	TA163A	TA163A	4FTV	4FTV_A	P04439	-0.361	-0.361	1.87e-06	3.44e-06	COR	SPR	2	TCR/pMHC	TCR/pMHC,1JCK_A_B	0
924	1MHP_H_FH99W	FH99W	FH99W	1MHP	1MHP_H	Not Mapped	0.0	0.0,0.0,0.0,0.0	8.5e-09,8.5e-09,8.5e-09,8.5e-09	8.5e-09,8.5e-09,8.5e-09,8.5e-09	SUR	ELISA,KinExA	2	AB/AG	AB/AG	0
925	1MHP_H_FH99Y	FH99Y	FH99Y	1MHP	1MHP_H	Not Mapped	-0.755	-0.755,-0.755	8.5e-09,8.5e-09	3.04e-08,3.04e-08	SUR	ELISA	2	AB/AG	AB/AG	0
926	1MHP_H_GH54Y	GH54Y	GH54Y	1MHP	1MHP_H	Not Mapped	0.0	0.0,0.0	8.5e-09,8.5e-09	8.5e-09,8.5e-09	RIM	ELISA,KinExA	2	AB/AG	AB/AG	0
927	1MHP_H_GH100F	GH100F	GH100F	1MHP	1MHP_H	Not Mapped	-0.574	-0.574,-0.574	8.5e-09,8.5e-09	2.24e-08,1.2e-08	RIM	ELISA,KinExA	2	AB/AG	AB/AG	0
928	1MHP_H_GH100M	GH100M	GH100M	1MHP	1MHP_H	Not Mapped	-0.102	-0.102,-0.102	8.5e-09,8.5e-09	1.01e-08,1.01e-08	RIM	ELISA,KinExA	2	AB/AG	AB/AG	0
929	1MHP_H_KH64D	KH64D	KH64D	1MHP	1MHP_H	Not Mapped	0.123	0.123,0.123	8.5e-09,8.5e-09	6.91e-09,5.86e-09	SUR	ELISA,KinExA	2	AB/AG	AB/AG	0
930	1MHP_H_KH64Q	KH64Q	KH64Q	1MHP	1MHP_H	Not Mapped	0.155	0.155,0.155	8.5e-09,8.5e-09	6.54e-09,8.5e-09	SUR	ELISA,KinExA	2	AB/AG	AB/AG	0
931	1MHP_H_KH64E	KH64E	KH64E	1MHP	1MHP_H	Not Mapped	0.155	0.155,0.155	8.5e-09,8.5e-09	6.54e-09,8.5e-09	SUR	ELISA,KinExA	2	AB/AG	AB/AG	0
932	1MHP_H_LH60D	LH60D	LH60D	1MHP	1MHP_H	Not Mapped	0.123	0.123,0.123	8.5e-09,8.5e-09	6.91e-09,8.5e-09	INT	ELISA,KinExA	2	AB/AG	AB/AG	0
933	1MHP_H_TH50V	TH50V	TH50V	1MHP	1MHP_H	Not Mapped	0.263	0.263,0.263	8.5e-09,8.5e-09	5.45e-09,8.5e-09	SUP	ELISA,KinExA	2	AB/AG	AB/AG	0
934	1MHP_H_KH64N	KH64N	KH64N	1MHP	1MHP_H	Not Mapped	0.073	0.073,0.073	8.5e-09,8.5e-09	7.52e-09,8.5e-09	SUR	ELISA,KinExA	2	AB/AG	AB/AG	0
935	1MHP_H_YH59E	YH59E	YH59E	1MHP	1MHP_H	Not Mapped	-0.544	-0.544	8.5e-09	2.13e-08	SUP	ELISA	2	AB/AG	AB/AG	0
936	1MHP_H_SH35Q	SH35Q	SH35Q	1MHP	1MHP_H	Not Mapped	-2.728	-2.728	8.5e-09	8.5e-07	INT	ELISA	2	AB/AG	AB/AG	0
937	1MHP_H_RH31Q	RH31Q	RH31Q	1MHP	1MHP_H	Not Mapped	-1.308	-1.308	8.5e-09	7.73e-08	RIM	ELISA	2	AB/AG	AB/AG	0
938	1MHP_H_TH33V	TH33V	TH33V	1MHP	1MHP_H	Not Mapped	-0.435	-0.435	8.5e-09	1.77e-08	SUP	ELISA	2	AB/AG	AB/AG	0
939	1MHP_H_YH58W	YH58W	YH58W	1MHP	1MHP_H	Not Mapped	-0.821	-0.821	8.5e-09	3.4e-08	COR	ELISA	2	AB/AG	AB/AG	0
940	1MHP_H_YH58E	YH58E	YH58E	1MHP	1MHP_H	Not Mapped	-2.077	-2.077	8.5e-09	2.83e-07	COR	ELISA	2	AB/AG	AB/AG	0
941	1MHP_H_YH58Q	YH58Q	YH58Q	1MHP	1MHP_H	Not Mapped	-2.077	-2.077	8.5e-09	2.83e-07	COR	ELISA	2	AB/AG	AB/AG	0
942	1MHP_H_GH54T	GH54T	GH54T	1MHP	1MHP_H	Not Mapped	-1.165	-1.165	8.5e-09	6.07e-08	RIM	ELISA	2	AB/AG	AB/AG	0
943	1MHP_H_GH54I	GH54I	GH54I	1MHP	1MHP_H	Not Mapped	-1.364	-1.364	8.5e-09	8.5e-08	RIM	ELISA	2	AB/AG	AB/AG	0
944	1MHP_H_GH53A	GH53A	GH53A	1MHP	1MHP_H	Not Mapped	-0.513	-0.513	8.5e-09	2.02e-08	COR	ELISA	2	AB/AG	AB/AG	0
945	1MHP_H_GH53S	GH53S	GH53S	1MHP	1MHP_H	Not Mapped	-0.676	-0.676	8.5e-09	2.66e-08	COR	ELISA	2	AB/AG	AB/AG	0
946	1MHP_H_SH52M	SH52M	SH52M	1MHP	1MHP_H	Not Mapped	-2.077	-2.077	8.5e-09	2.83e-07	SUP	ELISA	2	AB/AG	AB/AG	0
947	1MHP_H_GH53N	GH53N	GH53N	1MHP	1MHP_H	Not Mapped	-1.256	-1.256	8.5e-09	7.08e-08	COR	ELISA	2	AB/AG	AB/AG	0
948	1MHP_H_GH100S	GH100S	GH100S	1MHP	1MHP_H	Not Mapped	-0.558	-0.558	8.5e-09	2.18e-08	RIM	ELISA	2	AB/AG	AB/AG	0
949	1MHP_H_GH100L	GH100L	GH100L	1MHP	1MHP_H	Not Mapped	-2.728	-2.728	8.5e-09	8.5e-07	RIM	ELISA	2	AB/AG	AB/AG	0
950	1MHP_H_SH35A	SH35A	SH35A	1MHP	1MHP_H	Not Mapped	-1.573	-1.573	8.5e-09	1.21e-07	INT	ELISA	2	AB/AG	AB/AG	0
951	1MHP_H_TH33N	TH33N	TH33N	1MHP	1MHP_H	Not Mapped	-2.728	-2.728	8.5e-09	8.5e-07	SUP	ELISA	2	AB/AG	AB/AG	0
952	1A22_A_FA25A	FA25A	FA25A	1A22	1A22_A	P01241	0.447	0.447,0.447,0.447	9e-10,2.9e-09,2.6e-09	4.23e-10,1.4e-09,1.34e-09	COR	ITC,SPR	1		1A22_A_B,1BP3_A_B	0
953	1A22_A_KA172A	KA172A	KA161A	1A22	1A22_A	P01241	-2.015	-2.015,-2.015	9e-10,3.4e-10	2.7e-08,4.6e-09	SUP	SPR,RA	1		1A22_A_B,1BP3_A_B	0
954	1A22_A_DA171A	DA171A	DA160A	1A22	1A22_A	P01241	-0.791	-0.791,-0.791	9e-10,3.4e-10	3.42e-09,2.4e-09	COR	SPR,RA	1		1A22_A_B,1BP3_A_B	0
955	1A22_A_KA168A	KA168A	KA157A	1A22	1A22_A	P01241	0.155	0.155,0.155	9e-10,3.4e-10	6.93e-10,3.7e-10	COR	SPR,RA	1		1A22_A_B,1BP3_A_B	0
956	1A22_A_RA167A	RA167A	RA156A	1A22	1A22_A	P01241	-0.278	-0.278,-0.278	9e-10,3.4e-10	1.44e-09,2.6e-10	COR	SPR,RA	1		1A22_A_B,1BP3_A_B	0
957	1A22_A_QA68A	QA68A	QA68A	1A22	1A22_A	P01241	-0.588	-0.588,-0.588	9e-10,3.4e-10	2.43e-09,1.8e-09	RIM	SPR,RA	1		1A22_A_B,1BP3_A_B	0
958	1A22_A_EA65A	EA65A	EA65A	1A22	1A22_A	P01241	0.473	0.473,0.473	9e-10,3.4e-10	4.05e-10,2e-10	RIM	SPR,RA	1		1A22_A_B,1BP3_A_B	0
959	1A22_A_RA64A	RA64A	RA64A	1A22	1A22_A	P01241	-1.643	-1.643,-1.643	9e-10,3.4e-10	1.44e-08,7.11e-09	COR	SPR,RA	1		1A22_A_B,1BP3_A_B	0
960	1A22_A_NA63A	NA63A	NA63A	1A22	1A22_A	P01241	-0.314	-0.314,-0.314	9e-10,3.4e-10	1.53e-09,1.12e-09	COR	SPR,RA	1		1A22_A_B,1BP3_A_B	0
961	1A22_A_EA186A	EA186A	EA175A	1A22	1A22_A	P01241	0.012	0.012,0.012	9e-10,3.4e-10	8.82e-10,2.7e-10	SUR	SPR,RA	1		1A22_A_B,1BP3_A_B	0
962	1A22_A_RA183A	RA183A	RA172A	1A22	1A22_A	P01241	-0.543	-0.543,-0.543	9e-10,3.4e-10	2.25e-09,7.1e-10	RIM	SPR,RA	1		1A22_A_B,1BP3_A_B	0
963	1A22_A_IA179A	IA179A	IA168A	1A22	1A22_A	P01241	-0.806	-0.806,-0.806	9e-10,3.4e-10	3.51e-09,9.2e-10	SUP	SPR,RA	1		1A22_A_B,1BP3_A_B	0
964	1A22_A_FA176A	FA176A	FA165A	1A22	1A22_A	P01241	-0.411	-0.411,-0.411	9e-10,3.4e-10	1.8e-09,5.4e-09	SUP	SPR,RA	1		1A22_A_B,1BP3_A_B	0
965	1A22_A_EA174A	EA174A	EA163A	1A22	1A22_A	P01241	0.925	0.925,0.925	9e-10,3.4e-10	1.89e-10,7.5e-11	COR	SPR,RA	1		1A22_A_B,1BP3_A_B	0
966	1A22_A_SA62A	SA62A	SA62A	1A22	1A22_A	P01241	-0.155	-0.155,-0.155	9e-10,3.4e-10	1.17e-09,1e-09	COR	SPR,RA	1		1A22_A_B,1BP3_A_B	0
967	1A22_A_EA56A	EA56A	EA56A	1A22	1A22_A	P01241	-0.411	-0.411,-0.411	9e-10,3.4e-10	1.8e-09,1.4e-09	RIM	SPR,RA	1		1A22_A_B,1BP3_A_B	0
968	1A22_A_HA18A	HA18A	HA18A	1A22	1A22_A	P01241	0.486	0.486,0.486	9e-10,3.4e-10	3.96e-10,2.4e-10	COR	SPR,RA	1		1A22_A_B,1BP3_A_B	0
969	1A22_A_MA14A	MA14A	MA14A	1A22	1A22_A	P01241	0.0	0.0,0.0	9e-10,3.4e-10	9e-10,7.5e-10	INT	SPR,RA	1		1A22_A_B,1BP3_A_B	0
970	1A22_A_YA164A	YA164A	YA153A	1A22	1A22_A	P01241	-0.348	-0.348	9e-10	1.62e-09	SUP	SPR	1		1A22_A_B,1BP3_A_B	0
971	1A22_A_PA61A	PA61A	PA61A	1A22	1A22_A	P01241	-1.209	-1.209	9e-10	6.93e-09	SUP	SPR	1		1A22_A_B,1BP3_A_B	0
972	1A22_A_SA51A	SA51A	SA51A	1A22	1A22_A	P01241	-0.348	-0.348	9e-10	1.62e-09	SUP	SPR	1		1A22_A_B,1BP3_A_B	0
973	1A22_A_PA48A	PA48A	PA48A	1A22	1A22_A	P01241	-0.411	-0.411	9e-10	1.8e-09	COR	SPR	1		1A22_A_B,1BP3_A_B	0
974	1A22_A_QA46A	QA46A	QA46A	1A22	1A22_A	P01241	-0.108	-0.108	9e-10	1.08e-09	RIM	SPR	1		1A22_A_B,1BP3_A_B	0
975	1A22_A_LA45A	LA45A	LA45A	1A22	1A22_A	P01241	-1.225	-1.225	9e-10	7.11e-09	COR	SPR	1		1A22_A_B,1BP3_A_B	0
976	1A22_A_YA42A	YA42A	YA42A	1A22	1A22_A	P01241	-0.199	-0.199	9e-10	1.26e-09	COR	SPR	1		1A22_A_B,1BP3_A_B	0
977	1A22_A_QA29A	QA29A	QA29A	1A22	1A22_A	P01241	0.589	0.589	9e-10	3.33e-10	SUR	SPR	1		1A22_A_B,1BP3_A_B	0
978	1A22_A_DA26A	DA26A	DA26A	1A22	1A22_A	P01241	0.211	0.211	9e-10	6.3e-10	SUR	SPR	1		1A22_A_B,1BP3_A_B	0
979	1A22_A_QA22A	QA22A	QA22A	1A22	1A22_A	P01241	0.22	0.22	9e-10	6.21e-10	RIM	SPR	1		1A22_A_B,1BP3_A_B	0
980	1A22_A_HA21A	HA21A	HA21A	1A22	1A22_A	P01241	-0.155	-0.155	9e-10	1.17e-09	SUP	SPR	1		1A22_A_B,1BP3_A_B	0
981	1A22_A_RA178A	RA178A	RA167A	1A22	1A22_A	P01241	-2.426	-2.426	9e-10	5.4e-08	COR	SPR	1		1A22_A_B,1BP3_A_B	0
982	1A22_A_TA175A	TA175A	TA164A	1A22	1A22_A	P01241	-1.907	-1.907	9e-10	2.25e-08	COR	SPR	1		1A22_A_B,1BP3_A_B	0
983	1A22_A_NA12A	NA12A	NA12A	1A22	1A22_A	P01241	-0.096	-0.096	3.4e-10	4e-10	SUR	RA	2		1A22_A_B,1BP3_A_B	0
984	1A22_A_FA10A	FA10A	FA10A	1A22	1A22_A	P01241	-1.05	-1.05	3.4e-10	2e-09	INT	RA	2		1A22_A_B,1BP3_A_B	0
985	1A22_A_LA9A	LA9A	LA9A	1A22	1A22_A	P01241	0.036	0.036	3.4e-10	3.2e-10	SUR	RA	2		1A22_A_B,1BP3_A_B	0
986	1A22_A_RA8A	RA8A	RA8A	1A22	1A22_A	P01241	-0.204	-0.204	3.4e-10	4.8e-10	SUR	RA	2		1A22_A_B,1BP3_A_B	0
987	1A22_A_SA7A	SA7A	SA7A	1A22	1A22_A	P01241	-0.346	-0.346	3.4e-10	6.1e-10	SUR	RA	2		1A22_A_B,1BP3_A_B	0
988	1A22_A_LA6A	LA6A	LA6A	1A22	1A22_A	P01241	-0.639	-0.639	3.4e-10	1e-09	INT	RA	2		1A22_A_B,1BP3_A_B	0
989	1A22_A_PA5A	PA5A	PA5A	1A22	1A22_A	P01241	-0.436	-0.436	3.4e-10	7.1e-10	SUR	RA	2		1A22_A_B,1BP3_A_B	0
990	1A22_A_IA4A	IA4A	IA4A	1A22	1A22_A	P01241	-0.411	-0.411	3.4e-10	6.8e-10	SUR	RA	2		1A22_A_B,1BP3_A_B	0
991	1A22_A_TA3A	TA3A	TA3A	1A22	1A22_A	P01241	0.055	0.055	3.4e-10	3.1e-10	SUR	RA	2		1A22_A_B,1BP3_A_B	0
992	1A22_A_PA2A	PA2A	PA2A	1A22	1A22_A	P01241	0.055	0.055	3.4e-10	3.1e-10	SUR	RA	2		1A22_A_B,1BP3_A_B	0
993	1A22_A_VA180A	VA180A	VA169A	1A22	1A22_A	P01241	0.0	0.0	3.4e-10	3.4e-10	INT	RA	2		1A22_A_B,1BP3_A_B	0
994	1A22_A_RA178N	RA178N	RA167N	1A22	1A22_A	P01241	-1.27	-1.27	3.4e-10	2.9e-09	COR	RA	2		1A22_A_B,1BP3_A_B	0
995	1A22_A_TA175S	TA175S	TA164S	1A22	1A22_A	P01241	-1.691	-1.691	3.4e-10	5.9e-09	COR	RA	2		1A22_A_B,1BP3_A_B	0
996	1A22_A_LA73A	LA73A	LA73A	1A22	1A22_A	P01241	0.206	0.206	3.4e-10	2.4e-10	INT	RA	2		1A22_A_B,1BP3_A_B	0
997	1A22_A_SA71A	SA71A	SA71A	1A22	1A22_A	P01241	-0.411	-0.411	3.4e-10	6.8e-10	SUR	RA	2		1A22_A_B,1BP3_A_B	0
998	1A22_A_KA70A	KA70A	KA70A	1A22	1A22_A	P01241	-0.522	-0.522	3.4e-10	8.2e-10	SUR	RA	2		1A22_A_B,1BP3_A_B	0
999	1A22_A_QA69A	QA69A	QA69A	1A22	1A22_A	P01241	0.055	0.055	3.4e-10	3.1e-10	SUR	RA	2		1A22_A_B,1BP3_A_B	0
1000	1A22_A_EA66A	EA66A	EA66A	1A22	1A22_A	P01241	-0.436	-0.436	3.4e-10	7.1e-10	SUR	RA	2		1A22_A_B,1BP3_A_B	0
1001	1A22_A_PA59A	PA59A	PA59A	1A22	1A22_A	P01241	-0.384	-0.384	3.4e-10	6.5e-10	SUR	RA	2		1A22_A_B,1BP3_A_B	0
1002	1A22_A_IA58A	IA58A	IA58A	1A22	1A22_A	P01241	-1.66	-1.66	3.4e-10	5.6e-09	INT	RA	2		1A22_A_B,1BP3_A_B	0
1003	1A22_A_SA57A	SA57A	SA57A	1A22	1A22_A	P01241	-0.204	-0.204	3.4e-10	4.8e-10	SUR	RA	2		1A22_A_B,1BP3_A_B	0
1004	1A22_A_SA55A	SA55A	SA55A	1A22	1A22_A	P01241	-0.111	-0.111	3.4e-10	4.1e-10	INT	RA	2		1A22_A_B,1BP3_A_B	0
1005	1A22_A_FA54A	FA54A	FA54A	1A22	1A22_A	P01241	-0.879	-0.879	3.4e-10	1.5e-09	INT	RA	2		1A22_A_B,1BP3_A_B	0
1006	1A22_A_RA19A	RA19A	RA19A	1A22	1A22_A	P01241	-0.05	-0.05	3.4e-10	3.7e-10	SUR	RA	2		1A22_A_B,1BP3_A_B	0
1007	1A22_A_RA16A	RA16A	RA16A	1A22	1A22_A	P01241	-0.24	-0.24	3.4e-10	5.1e-10	INT	RA	2		1A22_A_B,1BP3_A_B	0
1008	1A22_A_LA15A	LA15A	LA15A	1A22	1A22_A	P01241	-0.153	-0.153	3.4e-10	4.4e-10	SUR	RA	2		1A22_A_B,1BP3_A_B	0
1009	1A22_A_RA178K	RA178K	RA167K	1A22	1A22_A	P01241	-0.954	-0.954	3.4e-10	1.7e-09	COR	RA	2		1A22_A_B,1BP3_A_B	0
1010	1A22_A_FA176Y	FA176Y	FA165Y	1A22	1A22_A	P01241	-1.27	-1.27	3.4e-10	2.9e-09	SUP	RA	2		1A22_A_B,1BP3_A_B	0
1011	1A22_A_RA64K	RA64K	RA64K	1A22	1A22_A	P01241	0.314	0.314	3.4e-10	2e-10	COR	RA	2		1A22_A_B,1BP3_A_B	0
1012	1A22_A_IA58L	IA58L	IA58L	1A22	1A22_A	P01241	-0.316	-0.316	3.4e-10	5.8e-10	INT	RA	2		1A22_A_B,1BP3_A_B	0
1013	1A22_A_FA191A	FA191A	FA180A	1A22	1A22_A	P01241	-0.192	-0.192	3.4e-10	4.7e-10	RIM	RA	2		1A22_A_B,1BP3_A_B	0
1014	1A22_A_SA188A	SA188A	SA177A	1A22	1A22_A	P01241	0.206	0.206	3.4e-10	2.4e-10	SUR	RA	2		1A22_A_B,1BP3_A_B	0
1015	1A22_A_GA187A	GA187A	GA176A	1A22	1A22_A	P01241	-0.346	-0.346	3.4e-10	6.1e-10	SUR	RA	2		1A22_A_B,1BP3_A_B	0
1016	1A22_A_VA185A	VA185A	VA174A	1A22	1A22_A	P01241	-0.879	-0.879	3.4e-10	1.5e-09	INT	RA	2		1A22_A_B,1BP3_A_B	0
1017	1A22_A_SA184A	SA184A	SA173A	1A22	1A22_A	P01241	0.055	0.055	3.4e-10	3.1e-10	SUR	RA	2		1A22_A_B,1BP3_A_B	0
1018	1A22_A_CA182A	CA182A	CA171A	1A22	1A22_A	P01241	-1.019	-1.019	3.4e-10	1.9e-09	COR	RA	2		1A22_A_B,1BP3_A_B	0
1019	1A22_A_QA181A	QA181A	QA170A	1A22	1A22_A	P01241	-0.274	-0.274	3.4e-10	5.4e-10	INT	RA	2		1A22_A_B,1BP3_A_B	0
1020	2OI9_Q_FQ5R	FQ5R	FQ5R	2OI9	2OI9_Q	Not Mapped	-3.101	-3.101	1.6e-06	0.0003	COR	SPR	2	TCR/pMHC	TCR/pMHC,1JCK_A_B	0
1021	1KIR_A_SA50Y	SA50Y	SA50Y	1KIR	1KIR_A	Not Mapped	1.388	1.388	3.85e-08	3.7e-09	COR	ITC	1	AB/AG	AB/AG	0
1022	1DQJ_A_SA91A	SA91A	SA91A	1DQJ	1DQJ_A	P01837	-1.433	-1.433	2.78e-09	3.12e-08	SUP	SPR	1	AB/AG	AB/AG	0
1023	1DQJ_A_YA50A	YA50A	YA50A	1DQJ	1DQJ_A	P01837	-2.679	-2.679	2.78e-09	2.56e-07	COR	SPR	1	AB/AG	AB/AG	0
1024	1DQJ_A_NA32A	NA32A	NA32A	1DQJ	1DQJ_A	P01837	-4.093	-4.093	2.78e-09	2.78e-06	SUP	SPR	1	AB/AG	AB/AG	0
1025	1DQJ_A_NA31A	NA31A	NA31A	1DQJ	1DQJ_A	P01837	-2.014	-2.014	2.78e-09	8.33e-08	COR	SPR	1	AB/AG	AB/AG	0
1026	1DQJ_A_YA96A	YA96A	YA96A	1DQJ	1DQJ_A	P01837	-1.136	-1.136	2.78e-09	1.89e-08	SUP	SPR	1	AB/AG	AB/AG	0
1027	4RS1_A_DA112K	DA112K	DA92K	4RS1	4RS1_A	P04141	-3.26	-3.26,-3.26	1.9e-09,1.7e-09	4.66e-07,1.4e-06	COR	IARA	2		4RS1_A_B,4NKQ_C_AB	0
1028	4RS1_A_DA112A	DA112A	DA92A	4RS1	4RS1_A	P04141	-2.133	-2.133,-2.133	1.9e-09,1.7e-09	6.96e-08,3.1e-08	COR	IARA	2		4RS1_A_B,4NKQ_C_AB	0
1029	4RS1_A_FA119A	FA119A	FA99A	4RS1	4RS1_A	P04141	-3.626	-3.626	1.9e-09	8.65e-07	COR	IARA	2		4RS1_A_B,4NKQ_C_AB	0
1030	4RS1_A_LA115A	LA115A	LA95A	4RS1	4RS1_A	P04141	-2.366	-2.366	1.9e-09	1.03e-07	COR	IARA	2		4RS1_A_B,4NKQ_C_AB	0
1031	4RS1_A_QA99E	QA99E	QA79E	4RS1	4RS1_A	P04141	-1.212	-1.212	1.9e-09	1.47e-08	COR	IARA	2		4RS1_A_B,4NKQ_C_AB	0
1032	4RS1_A_QA99A	QA99A	QA79A	4RS1	4RS1_A	P04141	-0.47	-0.47	1.9e-09	4.2e-09	COR	IARA	2		4RS1_A_B,4NKQ_C_AB	0
1033	4RS1_A_DA48K	DA48K	DA28K	4RS1	4RS1_A	P04141	-3.619	-3.619	1.9e-09	8.55e-07	COR	IARA	2		4RS1_A_B,4NKQ_C_AB	0
1034	4RS1_A_DA48A	DA48A	DA28A	4RS1	4RS1_A	P04141	-2.592	-2.592	1.9e-09	1.51e-07	COR	IARA	2		4RS1_A_B,4NKQ_C_AB	0
1035	4RS1_A_EA45K	EA45K	EA25K	4RS1	4RS1_A	P04141	-2.14	-2.14	1.9e-09	7.04e-08	RIM	IARA	2		4RS1_A_B,4NKQ_C_AB	0
1036	4RS1_A_EA45A	EA45A	EA25A	4RS1	4RS1_A	P04141	-1.503	-1.503	1.9e-09	2.4e-08	RIM	IARA	2		4RS1_A_B,4NKQ_C_AB	0
1037	4RS1_A_NA109A	NA109A	NA89A	4RS1	4RS1_A	P04141	-1.29	-1.29	1.7e-09	1.5e-08	SUP	IARA	2		4RS1_A_B,4NKQ_C_AB	0
1038	4RS1_A_NA109D	NA109D	NA89D	4RS1	4RS1_A	P04141	-0.296	-0.296	1.7e-09	2.8e-09	SUP	IARA	2		4RS1_A_B,4NKQ_C_AB	0
1039	4RS1_A_EA108K	EA108K	EA88K	4RS1	4RS1_A	P04141	-0.337	-0.337	1.7e-09	3e-09	RIM	IARA	2		4RS1_A_B,4NKQ_C_AB	0
1040	4RS1_A_EA108Q	EA108Q	EA88Q	4RS1	4RS1_A	P04141	-0.925	-0.925	1.7e-09	8.1e-09	RIM	IARA	2		4RS1_A_B,4NKQ_C_AB	0
1041	4RS1_A_EA108A	EA108A	EA88A	4RS1	4RS1_A	P04141	-0.477	-0.477	1.7e-09	3.8e-09	RIM	IARA	2		4RS1_A_B,4NKQ_C_AB	0
1042	4RS1_A_DA112R	DA112R	DA92R	4RS1	4RS1_A	P04141	-3.13	-3.13	1.7e-09	3.35e-07	COR	IARA	2		4RS1_A_B,4NKQ_C_AB	0
1043	4RS1_A_DA112N	DA112N	DA92N	4RS1	4RS1_A	P04141	-1.43	-1.43	1.7e-09	1.9e-08	COR	IARA	2		4RS1_A_B,4NKQ_C_AB	0
1044	4RS1_A_KA111E	KA111E	KA91E	4RS1	4RS1_A	P04141	-0.125	-0.125	1.7e-09	2.1e-09	RIM	IARA	2		4RS1_A_B,4NKQ_C_AB	0
1045	4RS1_A_KA111Q	KA111Q	KA91Q	4RS1	4RS1_A	P04141	-0.274	-0.274	1.7e-09	2.7e-09	RIM	IARA	2		4RS1_A_B,4NKQ_C_AB	0
1046	4RS1_A_KA111A	KA111A	KA91A	4RS1	4RS1_A	P04141	0.115	0.115	1.7e-09	1.4e-09	RIM	IARA	2		4RS1_A_B,4NKQ_C_AB	0
1047	4RS1_A_NA109K	NA109K	NA89K	4RS1	4RS1_A	P04141	-0.91	-0.91	1.7e-09	7.9e-09	SUP	IARA	2		4RS1_A_B,4NKQ_C_AB	0
1048	4RS1_A_RA24D	RA24D	RA11D	4RS1	4RS1_A	P04141	-0.19	-0.19	3.7e-09	5.1e-09	RIM	IARA	2		4RS1_A_B,4NKQ_C_AB	0
1049	4RS1_A_RA23D	RA23D	RA10D	4RS1	4RS1_A	P04141	-0.178	-0.178	3.7e-09	5e-09	SUP	IARA	2		4RS1_A_B,4NKQ_C_AB	0
1050	4RS1_A_EA21R	EA21R	EA8R	4RS1	4RS1_A	P04141	-0.394	-0.394	3.7e-09	7.2e-09	SUR	IARA	2		4RS1_A_B,4NKQ_C_AB	0
1051	4RS1_A_IA19G	IA19G	IA6G	4RS1	4RS1_A	P04141	-0.856	-0.856	3.7e-09	1.57e-08	SUP	IARA	2		4RS1_A_B,4NKQ_C_AB	0
1052	1BP3_A_FA176A	FA176A	FA172A	1BP3	1BP3_A	P01241	-1.911	-1.911,-1.911	3.3e-11,2.7e-07	8.3e-10,7.2e-06	SUP	RA	2		1BP3_A_B,3MZG_A_B,3N06_A_B,3N0P_A_B,3NCB_A_B,3NCC_A_B,1A22_A_B	0
1053	1BP3_A_EA174A	EA174A	EA170A	1BP3	1BP3_A	P01241	-3.493	-3.493,-3.493	3.3e-11,2.7e-07	1.2e-08,3.6e-07	COR	RA	2		1BP3_A_B,3MZG_A_B,3N06_A_B,3N0P_A_B,3NCB_A_B,3NCC_A_B,1A22_A_B	0
1054	1BP3_A_KA172A	KA172A	KA168A	1BP3	1BP3_A	P01241	-3.191	-3.191,-3.191	3.3e-11,2.7e-07	7.2e-09,8.2e-06	SUP	RA	2		1BP3_A_B,3MZG_A_B,3N06_A_B,3N0P_A_B,3NCB_A_B,3NCC_A_B,1A22_A_B	0
1055	1BP3_A_RA167A	RA167A	RA163A	1BP3	1BP3_A	P01241	-3.928	-3.928,-3.928	3.3e-11,2.7e-07	2.5e-08,9.7e-06	COR	RA	2		1BP3_A_B,3MZG_A_B,3N06_A_B,3N0P_A_B,3NCB_A_B,3NCC_A_B,1A22_A_B	0
1056	1BP3_A_IA58A	IA58A	IA58A	1BP3	1BP3_A	P01241	-1.729	-1.729,-1.729	3.3e-11,2.7e-07	6.11e-10,5.5e-06	INT	RA	2		1BP3_A_B,3MZG_A_B,3N06_A_B,3N0P_A_B,3NCB_A_B,3NCC_A_B,1A22_A_B	0
1057	1BP3_A_HA21A	HA21A	HA21A	1BP3	1BP3_A	P01241	-2.672	-2.672,-2.672	3.3e-11,2.7e-07	3e-09,2e-07	SUP	RA	2		1BP3_A_B,3MZG_A_B,3N06_A_B,3N0P_A_B,3NCB_A_B,3NCC_A_B,1A22_A_B	0
1058	1BP3_A_HA18A	HA18A	HA18A	1BP3	1BP3_A	P01241	-2.912	-2.912,-2.912	3.3e-11,2.7e-07	4.5e-09,3.7e-07	RIM	RA	2		1BP3_A_B,3MZG_A_B,3N06_A_B,3N0P_A_B,3NCB_A_B,3NCC_A_B,1A22_A_B	0
1059	1BP3_A_RA19A	RA19A	RA19A	1BP3	1BP3_A	P01241	0.0	0.0	3.3e-11	3.3e-11	SUR	RA	2		1BP3_A_B,3MZG_A_B,3N06_A_B,3N0P_A_B,3NCB_A_B,3NCC_A_B,1A22_A_B	0
1060	1BP3_A_RA16A	RA16A	RA16A	1BP3	1BP3_A	P01241	0.0	0.0	3.3e-11	3.3e-11	SUR	RA	2		1BP3_A_B,3MZG_A_B,3N06_A_B,3N0P_A_B,3NCB_A_B,3NCC_A_B,1A22_A_B	0
1061	1BP3_A_LA15A	LA15A	LA15A	1BP3	1BP3_A	P01241	0.0	0.0	3.3e-11	3.3e-11	SUR	RA	2		1BP3_A_B,3MZG_A_B,3N06_A_B,3N0P_A_B,3NCB_A_B,3NCC_A_B,1A22_A_B	0
1062	1BP3_A_NA12A	NA12A	NA12A	1BP3	1BP3_A	P01241	0.297	0.297	3.3e-11	2e-11	SUR	RA	2		1BP3_A_B,3MZG_A_B,3N06_A_B,3N0P_A_B,3NCB_A_B,3NCC_A_B,1A22_A_B	0
1063	1BP3_A_FA10A	FA10A	FA10A	1BP3	1BP3_A	P01241	0.0	0.0	3.3e-11	3.3e-11	INT	RA	2		1BP3_A_B,3MZG_A_B,3N06_A_B,3N0P_A_B,3NCB_A_B,3NCC_A_B,1A22_A_B	0
1064	1BP3_A_SA71A	SA71A	SA71A	1BP3	1BP3_A	P01241	-0.614	-0.614	3.3e-11	9.3e-11	SUR	RA	2		1BP3_A_B,3MZG_A_B,3N06_A_B,3N0P_A_B,3NCB_A_B,3NCC_A_B,1A22_A_B	0
1065	1BP3_A_KA70A	KA70A	KA70A	1BP3	1BP3_A	P01241	-0.246	-0.246	3.3e-11	5e-11	INT	RA	2		1BP3_A_B,3MZG_A_B,3N06_A_B,3N0P_A_B,3NCB_A_B,3NCC_A_B,1A22_A_B	0
1066	1BP3_A_QA69A	QA69A	QA69A	1BP3	1BP3_A	P01241	0.214	0.214	3.3e-11	2.3e-11	SUR	RA	2		1BP3_A_B,3MZG_A_B,3N06_A_B,3N0P_A_B,3NCB_A_B,3NCC_A_B,1A22_A_B	0
1067	1BP3_A_QA68A	QA68A	QA68A	1BP3	1BP3_A	P01241	-0.114	-0.114	3.3e-11	4e-11	RIM	RA	2		1BP3_A_B,3MZG_A_B,3N06_A_B,3N0P_A_B,3NCB_A_B,3NCC_A_B,1A22_A_B	0
1068	1BP3_A_EA66A	EA66A	EA66A	1BP3	1BP3_A	P01241	-0.068	-0.068	3.3e-11	3.7e-11	SUR	RA	2		1BP3_A_B,3MZG_A_B,3N06_A_B,3N0P_A_B,3NCB_A_B,3NCC_A_B,1A22_A_B	0
1069	1BP3_A_EA65A	EA65A	EA65A	1BP3	1BP3_A	P01241	-0.546	-0.546	3.3e-11	8.3e-11	RIM	RA	2		1BP3_A_B,3MZG_A_B,3N06_A_B,3N0P_A_B,3NCB_A_B,3NCC_A_B,1A22_A_B	0
1070	1BP3_A_RA64A	RA64A	RA64A	1BP3	1BP3_A	P01241	-0.354	-0.354	3.3e-11	6e-11	RIM	RA	2		1BP3_A_B,3MZG_A_B,3N06_A_B,3N0P_A_B,3NCB_A_B,3NCC_A_B,1A22_A_B	0
1071	1BP3_A_NA63A	NA63A	NA63A	1BP3	1BP3_A	P01241	-0.856	-0.856	3.3e-11	1.4e-10	COR	RA	2		1BP3_A_B,3MZG_A_B,3N06_A_B,3N0P_A_B,3NCB_A_B,3NCC_A_B,1A22_A_B	0
1072	1BP3_A_SA62A	SA62A	SA62A	1BP3	1BP3_A	P01241	-1.416	-1.416	3.3e-11	3.6e-10	RIM	RA	2		1BP3_A_B,3MZG_A_B,3N06_A_B,3N0P_A_B,3NCB_A_B,3NCC_A_B,1A22_A_B	0
1073	1BP3_A_PA59A	PA59A	PA59A	1BP3	1BP3_A	P01241	-0.157	-0.157	3.3e-11	4.3e-11	SUR	RA	2		1BP3_A_B,3MZG_A_B,3N06_A_B,3N0P_A_B,3NCB_A_B,3NCC_A_B,1A22_A_B	0
1074	1BP3_A_SA57A	SA57A	SA57A	1BP3	1BP3_A	P01241	-0.035	-0.035	3.3e-11	3.5e-11	SUR	RA	2		1BP3_A_B,3MZG_A_B,3N06_A_B,3N0P_A_B,3NCB_A_B,3NCC_A_B,1A22_A_B	0
1075	1BP3_A_EA56A	EA56A	EA56A	1BP3	1BP3_A	P01241	0.119	0.119	3.3e-11	2.7e-11	SUR	RA	2		1BP3_A_B,3MZG_A_B,3N06_A_B,3N0P_A_B,3NCB_A_B,3NCC_A_B,1A22_A_B	0
1076	1BP3_A_SA55A	SA55A	SA55A	1BP3	1BP3_A	P01241	-0.246	-0.246	3.3e-11	5e-11	INT	RA	2		1BP3_A_B,3MZG_A_B,3N06_A_B,3N0P_A_B,3NCB_A_B,3NCC_A_B,1A22_A_B	0
1077	1BP3_A_FA54A	FA54A	FA54A	1BP3	1BP3_A	P01241	-0.21	-0.21	3.3e-11	4.7e-11	INT	RA	2		1BP3_A_B,3MZG_A_B,3N06_A_B,3N0P_A_B,3NCB_A_B,3NCC_A_B,1A22_A_B	0
1078	1BP3_A_DA26E	DA26E	DA26E	1BP3	1BP3_A	P01241	-0.383	-0.383	3.3e-11	6.3e-11	SUR	RA	2		1BP3_A_B,3MZG_A_B,3N06_A_B,3N0P_A_B,3NCB_A_B,3NCC_A_B,1A22_A_B	0
1079	1BP3_A_FA25A	FA25A	FA25A	1BP3	1BP3_A	P01241	-1.15	-1.15	3.3e-11	2.3e-10	COR	RA	2		1BP3_A_B,3MZG_A_B,3N06_A_B,3N0P_A_B,3NCB_A_B,3NCC_A_B,1A22_A_B	0
1080	1BP3_A_RA183A	RA183A	RA179A	1BP3	1BP3_A	P01241	-0.567	-0.567	3.3e-11	8.6e-11	RIM	RA	2		1BP3_A_B,3MZG_A_B,3N06_A_B,3N0P_A_B,3NCB_A_B,3NCC_A_B,1A22_A_B	0
1081	1BP3_A_QA181A	QA181A	QA177A	1BP3	1BP3_A	P01241	0.0	0.0	3.3e-11	3.3e-11	INT	RA	2		1BP3_A_B,3MZG_A_B,3N06_A_B,3N0P_A_B,3NCB_A_B,3NCC_A_B,1A22_A_B	0
1082	1BP3_A_VA180A	VA180A	VA176A	1BP3	1BP3_A	P01241	0.297	0.297	3.3e-11	2e-11	INT	RA	2		1BP3_A_B,3MZG_A_B,3N06_A_B,3N0P_A_B,3NCB_A_B,3NCC_A_B,1A22_A_B	0
1083	1BP3_A_IA179M	IA179M	IA175M	1BP3	1BP3_A	P01241	0.164	0.164	3.3e-11	2.5e-11	SUP	RA	2		1BP3_A_B,3MZG_A_B,3N06_A_B,3N0P_A_B,3NCB_A_B,3NCC_A_B,1A22_A_B	0
1084	1BP3_A_IA179A	IA179A	IA175A	1BP3	1BP3_A	P01241	-0.354	-0.354	3.3e-11	6e-11	SUP	RA	2		1BP3_A_B,3MZG_A_B,3N06_A_B,3N0P_A_B,3NCB_A_B,3NCC_A_B,1A22_A_B	0
1085	1BP3_A_RA178A	RA178A	RA174A	1BP3	1BP3_A	P01241	-1.15	-1.15	3.3e-11	2.3e-10	COR	RA	2		1BP3_A_B,3MZG_A_B,3N06_A_B,3N0P_A_B,3NCB_A_B,3NCC_A_B,1A22_A_B	0
1086	1BP3_A_TA175S	TA175S	TA171S	1BP3	1BP3_A	P01241	-0.494	-0.494	3.3e-11	7.6e-11	COR	RA	2		1BP3_A_B,3MZG_A_B,3N06_A_B,3N0P_A_B,3NCB_A_B,3NCC_A_B,1A22_A_B	0
1087	1BP3_A_DA171A	DA171A	DA167A	1BP3	1BP3_A	P01241	-0.068	-0.068	3.3e-11	3.7e-11	COR	RA	2		1BP3_A_B,3MZG_A_B,3N06_A_B,3N0P_A_B,3NCB_A_B,3NCC_A_B,1A22_A_B	0
1088	1BP3_A_KA168A	KA168A	KA164A	1BP3	1BP3_A	P01241	-1.728	-1.728	3.3e-11	6.1e-10	COR	RA	2		1BP3_A_B,3MZG_A_B,3N06_A_B,3N0P_A_B,3NCB_A_B,3NCC_A_B,1A22_A_B	0
1089	1BP3_A_YA164A	YA164A	YA160A	1BP3	1BP3_A	P01241	-0.446	-0.446	3.3e-11	7e-11	SUP	RA	2		1BP3_A_B,3MZG_A_B,3N06_A_B,3N0P_A_B,3NCB_A_B,3NCC_A_B,1A22_A_B	0
1090	1BP3_A_YA160A	YA160A	YA156A	1BP3	1BP3_A	P01241	-0.21	-0.21	3.3e-11	4.7e-11	INT	RA	2		1BP3_A_B,3MZG_A_B,3N06_A_B,3N0P_A_B,3NCB_A_B,3NCC_A_B,1A22_A_B	0
1091	1BP3_A_LA73A	LA73A	LA73A	1BP3	1BP3_A	P01241	-0.354	-0.354	3.3e-11	6e-11	INT	RA	2		1BP3_A_B,3MZG_A_B,3N06_A_B,3N0P_A_B,3NCB_A_B,3NCC_A_B,1A22_A_B	0
1092	1BP3_A_GA187A	GA187A	GA183A	1BP3	1BP3_A	P01241	0.0	0.0	3.3e-11	3.3e-11	SUR	RA	2		1BP3_A_B,3MZG_A_B,3N06_A_B,3N0P_A_B,3NCB_A_B,3NCC_A_B,1A22_A_B	0
1093	1BP3_A_EA186A	EA186A	EA182A	1BP3	1BP3_A	P01241	0.0	0.0	3.3e-11	3.3e-11	SUR	RA	2		1BP3_A_B,3MZG_A_B,3N06_A_B,3N0P_A_B,3NCB_A_B,3NCC_A_B,1A22_A_B	0
1094	1BP3_A_VA185A	VA185A	VA181A	1BP3	1BP3_A	P01241	-0.281	-0.281	3.3e-11	5.3e-11	INT	RA	2		1BP3_A_B,3MZG_A_B,3N06_A_B,3N0P_A_B,3NCB_A_B,3NCC_A_B,1A22_A_B	0
1095	1BP3_A_SA184A	SA184A	SA180A	1BP3	1BP3_A	P01241	0.119	0.119	3.3e-11	2.7e-11	INT	RA	2		1BP3_A_B,3MZG_A_B,3N06_A_B,3N0P_A_B,3NCB_A_B,3NCC_A_B,1A22_A_B	0
1096	1BP3_A_SA188A	SA188A	SA184A	1BP3	1BP3_A	P01241	0.297	0.297	3.3e-11	2e-11	RIM	RA	2		1BP3_A_B,3MZG_A_B,3N06_A_B,3N0P_A_B,3NCB_A_B,3NCC_A_B,1A22_A_B	0
1097	3N0P_A_AA30H	AA30H	AA17H	3N0P	3N0P_A	P01236	-0.874	-0.874,-0.874,-0.874,-0.874,-0.874,-0.874,-0.874,-0.874,-0.874,-0.874	1.92e-06,1.29e-06,8.8e-07,2.33e-07,1.25e-07,5.3e-08,3.4e-08,2.4e-08,2.1e-08,1.9e-08	8.4e-06,2.13e-06,1.28e-06,2e-07,7.7e-08,3.3e-08,2.1e-08,1.3e-08,1.1e-08,1.1e-08	SUP	SPR	2		3MZG_A_B,3N06_A_B,3N0P_A_B,3NCB_A_B,3NCC_A_B,1BP3_A_B	0
1098	3G6D_H_WH105A	WH105A	WH105A	3G6D	3G6D_H	Not Mapped	1.497	1.497	1.84e-11	1.47e-12	COR	SPR	2	AB/AG	AB/AG,3LB6_A_C	0
1099	3G6D_H_HH104A	HH104A	HH104A	3G6D	3G6D_H	Not Mapped	0.954	0.954	1.84e-11	3.68e-12	COR	SPR	2	AB/AG	AB/AG,3LB6_A_C	0
1100	3C60_C_KC76A	KC76A	KC76A	3C60	3C60_C	P14434	-0.047	-0.047	1.2e-05	1.3e-05	SUR	SPR	2	TCR/pMHC	TCR/pMHC,1JCK_A_B	0
1101	3C60_C_VC73A	VC73A	VC73A	3C60	3C60_C	P14434	0.0	0.0	1.2e-05	1.2e-05	INT	SPR	2	TCR/pMHC	TCR/pMHC,1JCK_A_B	0
1102	3C60_C_HC69A	HC69A	HC69A	3C60	3C60_C	P14434	-0.359	-0.359	1.2e-05	2.2e-05	RIM	SPR	2	TCR/pMHC	TCR/pMHC,1JCK_A_B	0
1103	3C60_C_KC68A	KC68A	KC68A	3C60	3C60_C	P14434	-0.562	-0.562	1.2e-05	3.1e-05	RIM	SPR	2	TCR/pMHC	TCR/pMHC,1JCK_A_B	0
1104	3C60_C_VC66A	VC66A	VC66A	3C60	3C60_C	P14434	-1.25	-1.25	1.2e-05	9.9e-05	SUP	SPR	2	TCR/pMHC	TCR/pMHC,1JCK_A_B	0
1105	3C60_C_NC63A	NC63A	NC63A	3C60	3C60_C	P14434	-0.954	-0.954	1.2e-05	6e-05	SUP	SPR	2	TCR/pMHC	TCR/pMHC,1JCK_A_B	0
1106	3C60_C_QC62A	QC62A	QC62A	3C60	3C60_C	P14434	-0.869	-0.869	1.2e-05	5.2e-05	COR	SPR	2	TCR/pMHC	TCR/pMHC,1JCK_A_B	0
1107	3C60_C_LC61A	LC61A	LC61A	3C60	3C60_C	P14434	-0.944	-0.944	1.2e-05	5.9e-05	SUP	SPR	2	TCR/pMHC	TCR/pMHC,1JCK_A_B	0
1108	3C60_C_QC58A	QC58A	QC58A	3C60	3C60_C	P14434	-0.963	-0.963	1.2e-05	6.1e-05	COR	SPR	2	TCR/pMHC	TCR/pMHC,1JCK_A_B	0
1109	3C60_C_DC56A	DC56A	DC56A	3C60	3C60_C	P14434	-0.698	-0.698	1.2e-05	3.9e-05	SUR	SPR	2	TCR/pMHC	TCR/pMHC,1JCK_A_B	0
1110	3C60_C_KC40A	KC40A	KC40A	3C60	3C60_C	P14434	-1.594	-1.594	1.2e-05	0.000177	RIM	SPR	2	TCR/pMHC	TCR/pMHC,1JCK_A_B	0
1111	3NGB_H_VH73T	VH73T	VH74T	3NGB	3NGB_H	Not Mapped	-0.165	-0.165	5.76e-09	7.61e-09	COR	SPR	2	AB/AG	AB/AG	0
1112	3NGB_H_PH62K	PH62K	PH63K	3NGB	3NGB_H	Not Mapped	-0.233	-0.233	5.76e-09	8.53e-09	RIM	SPR	2	AB/AG	AB/AG	0
1113	3NGB_H_VH57T	VH57T	VH58T	3NGB	3NGB_H	Not Mapped	-0.138	-0.138	5.76e-09	7.27e-09	COR	SPR	2	AB/AG	AB/AG	0
1114	3NGB_H_AH56G	AH56G	AH57G	3NGB	3NGB_H	Not Mapped	0.056	0.056	5.76e-09	5.24e-09	COR	SPR	2	AB/AG	AB/AG	0
1115	3NGB_H_GH54S	GH54S	GH55S	3NGB	3NGB_H	Not Mapped	-0.743	-0.743	5.76e-09	2.02e-08	COR	SPR	2	AB/AG	AB/AG	0
1116	3NGB_H_TH33Y	TH33Y	TH33Y	3NGB	3NGB_H	Not Mapped	-0.084	-0.084	5.76e-09	6.64e-09	SUP	SPR	2	AB/AG	AB/AG	0
1117	3NGB_H_KH52N	KH52N	KH52N	3NGB	3NGB_H	Not Mapped	-0.175	-0.175	5.76e-09	7.74e-09	COR	SPR	2	AB/AG	AB/AG	0
1118	3NGB_H_IH30T	IH30T	IH30T	3NGB	3NGB_H	Not Mapped	-0.073	-0.073	5.76e-09	6.52e-09	COR	SPR	2	AB/AG	AB/AG	0
1119	3NGB_H_YH74S	YH74S	YH75S	3NGB	3NGB_H	Not Mapped	-0.333	-0.333	5.76e-09	1.01e-08	RIM	SPR	2	AB/AG	AB/AG	0
1120	3NGB_H_RH61Q	RH61Q	RH62Q	3NGB	3NGB_H	Not Mapped	-0.097	-0.097	5.76e-09	6.78e-09	COR	SPR	2	AB/AG	AB/AG	0
1121	3NGB_H_RH53N	RH53N	RH54N	3NGB	3NGB_H	Not Mapped	-0.046	-0.046	5.76e-09	6.23e-09	RIM	SPR	2	AB/AG	AB/AG	0
1122	3NGB_H_TH33A	TH33A	TH33A	3NGB	3NGB_H	Not Mapped	-0.696	-0.696	2.2e-08	7.12e-08	SUP	SPR	2	AB/AG	AB/AG	0
1123	3NGB_H_IH30A	IH30A	IH30A	3NGB	3NGB_H	Not Mapped	0.003	0.003	2.2e-08	2.19e-08	COR	SPR	2	AB/AG	AB/AG	0
1124	3NGB_H_YH74A	YH74A	YH75A	3NGB	3NGB_H	Not Mapped	0.196	0.196	2.2e-08	1.58e-08	RIM	SPR	2	AB/AG	AB/AG	0
1125	3NGB_H_VH73A	VH73A	VH74A	3NGB	3NGB_H	Not Mapped	-1.07	-1.07	2.2e-08	1.34e-07	COR	SPR	2	AB/AG	AB/AG	0
1126	3NGB_H_RH71A	RH71A	RH72A	3NGB	3NGB_H	Not Mapped	-1.617	-1.617	2.2e-08	3.37e-07	COR	SPR	2	AB/AG	AB/AG	0
1127	3NGB_H_MH69A	MH69A	MH70A	3NGB	3NGB_H	Not Mapped	-0.522	-0.522	2.2e-08	5.31e-08	SUP	SPR	2	AB/AG	AB/AG	0
1128	3NGB_H_QH64A	QH64A	QH65A	3NGB	3NGB_H	Not Mapped	0.335	0.335	2.2e-08	1.25e-08	RIM	SPR	2	AB/AG	AB/AG	0
1129	3NGB_H_PH62A	PH62A	PH63A	3NGB	3NGB_H	Not Mapped	0.042	0.042	2.2e-08	2.05e-08	RIM	SPR	2	AB/AG	AB/AG	0
1130	3NGB_H_RH61A	RH61A	RH62A	3NGB	3NGB_H	Not Mapped	-0.98	-0.98	2.2e-08	1.15e-07	COR	SPR	2	AB/AG	AB/AG	0
1131	3NGB_H_YH59A	YH59A	YH60A	3NGB	3NGB_H	Not Mapped	-0.54	-0.54	2.2e-08	5.47e-08	SUP	SPR	2	AB/AG	AB/AG	0
1132	3NGB_H_NH58A	NH58A	NH59A	3NGB	3NGB_H	Not Mapped	-1.739	-1.739	2.2e-08	4.14e-07	COR	SPR	2	AB/AG	AB/AG	0
1133	3NGB_H_VH57A	VH57A	VH58A	3NGB	3NGB_H	Not Mapped	-1.337	-1.337	2.2e-08	2.1e-07	COR	SPR	2	AB/AG	AB/AG	0
1134	3NGB_H_GH55A	GH55A	GH56A	3NGB	3NGB_H	Not Mapped	-1.245	-1.245	2.2e-08	1.8e-07	SUP	SPR	2	AB/AG	AB/AG	0
1135	3NGB_H_GH54A	GH54A	GH55A	3NGB	3NGB_H	Not Mapped	1.256	1.256	2.2e-08	2.64e-09	COR	SPR	2	AB/AG	AB/AG	0
1136	3NGB_H_RH53A	RH53A	RH54A	3NGB	3NGB_H	Not Mapped	0.255	0.255	2.2e-08	1.43e-08	RIM	SPR	2	AB/AG	AB/AG	0
1137	3NGB_H_KH52A	KH52A	KH52A	3NGB	3NGB_H	Not Mapped	-0.613	-0.613	2.2e-08	6.19e-08	COR	SPR	2	AB/AG	AB/AG	0
1138	3NGB_H_WH50A	WH50A	WH50A	3NGB	3NGB_H	Not Mapped	-1.271	-1.271	2.2e-08	1.88e-07	SUP	SPR	2	AB/AG	AB/AG	0
1139	3NGB_H_WH47A	WH47A	WH47A	3NGB	3NGB_H	Not Mapped	-1.183	-1.183	2.2e-08	1.62e-07	SUP	SPR	2	AB/AG	AB/AG	0
1140	3NGB_H_WH100bA	WH100bA	WH106A	3NGB	3NGB_H	Not Mapped	-4.391	-4.391	2.2e-08	3.64e-05	SUP	SPR	2	AB/AG	AB/AG	0
1141	3NGB_H_NH100aA	NH100aA	NH105A	3NGB	3NGB_H	Not Mapped	-1.101	-1.101	2.2e-08	1.41e-07	SUP	SPR	2	AB/AG	AB/AG	0
1142	3NGB_H_YH100A	YH100A	YH104A	3NGB	3NGB_H	Not Mapped	-1.401	-1.401	2.2e-08	2.34e-07	COR	SPR	2	AB/AG	AB/AG	0
1143	3NGB_H_DH99A	DH99A	DH103A	3NGB	3NGB_H	Not Mapped	-0.059	-0.059	2.2e-08	2.43e-08	RIM	SPR	2	AB/AG	AB/AG	0
1144	3NCC_B_AB188H	AB188H	AB188H	3NCC	3NCC_B	P16471	-0.447	-0.447,-0.447,-0.447,-0.447,-0.447,-0.447,-0.447,-0.447,-0.447	9.4e-06,1e-05,6.3e-06,4.43e-06,3.6e-06,2.71e-06,2.2e-06,2.04e-06,1.65e-06	2e-05,1.68e-06,2.03e-07,1.71e-07,1.05e-07,4.39e-08,4.59e-08,3.91e-08,3.7e-08	COR	SPR	2		3MZG_A_B,3N06_A_B,3N0P_A_B,3NCB_A_B,3NCC_A_B,1BP3_A_B	0
1145	1NMB_L_LL94V	LL94V	LL94V	1NMB	1NMB_L	Not Mapped	-0.9	-0.9	4.55e-08	2.08e-07	COR	SPR	1	AB/AG	AB/AG	0
1146	1NMB_L_TL93W	TL93W	TL93W	1NMB	1NMB_L	Not Mapped	-0.184	-0.184	4.55e-08	6.21e-08	COR	SPR	1	AB/AG	AB/AG	0
1147	1NMB_L_TL93F	TL93F	TL93F	1NMB	1NMB_L	Not Mapped	0.024	0.024	4.55e-08	4.37e-08	COR	SPR	1	AB/AG	AB/AG	0
1148	1NMB_L_YL32F	YL32F	YL32F	1NMB	1NMB_L	Not Mapped	-0.467	-0.467	4.55e-08	1e-07	COR	SPR	1	AB/AG	AB/AG	0
1149	1DVF_C_YC49A	YC49A	YC49A	1DVF	1DVF_C	P01646	-1.861	-1.861	1.08e-08	2.5e-07	SUP	SPR	1	AB/AG	AB/AG	0
1150	4OZG_G_LG57A	LG57A	LG50A	4OZG	4OZG_G	Q2YD82	-1.186	-1.186	1.58e-05	0.000117	COR	SPR	2	TCR/pMHC	TCR/pMHC,1JCK_A_B	0
1151	4OZG_G_YG40F	YG40F	YG33F	4OZG	4OZG_G	Q2YD82	-1.744	-1.744	1.58e-05	0.0003	SUP	SPR	2	TCR/pMHC	TCR/pMHC,1JCK_A_B	0
1152	4OZG_G_YG38A	YG38A	YG31A	4OZG	4OZG_G	Q2YD82	-1.744	-1.744	1.58e-05	0.0003	COR	SPR	2	TCR/pMHC	TCR/pMHC,1JCK_A_B	0
1153	4OZG_G_NG36A	NG36A	NG29A	4OZG	4OZG_G	Q2YD82	0.072	0.072	1.58e-05	1.4e-05	COR	SPR	2	TCR/pMHC	TCR/pMHC,1JCK_A_B	0
1154	4B0M_A_MA8A	MA8A	MA8A	4B0M	4B0M_A	P26949	-0.43	-0.43	2.42e-06	5e-06	COR	SPR	2		4B0M_A_BM	0
1155	4K71_A_AA547V	AA547V	AA545V	4K71	4K71_A	P02768	-2.032	-2.032,-2.032,-2.032	3e-09,8e-09,6.2e-06	9.26e-08,2.3e-07,1.2e-05	INT	ELISA,SPR	2		4K71_A_BC	0
1156	4K71_A_HA464F	HA464F	HA462F	4K71	4K71_A	P02768	-1.01	-1.01	3e-09	1.65e-08	SUP	ELISA	2		4K71_A_BC	0
1157	4K71_A_HA464A	HA464A	HA462A	4K71	4K71_A	P02768	-1.052	-1.052	3e-09	1.77e-08	SUP	ELISA	2		4K71_A_BC	0
1158	4K71_A_GA505E	GA505E	GA503E	4K71	4K71_A	P02768	-0.742	-0.742	3e-09	1.05e-08	COR	ELISA	2		4K71_A_BC	0
1159	3MZG_B_HB188A	HB188A	HB188A	3MZG	3MZG_B	P16471	0.447	0.447,0.447,0.447,0.447,0.447,0.447,0.447,0.447,0.447	2e-05,1.68e-06,2.03e-07,1.71e-07,1.05e-07,4.39e-08,4.59e-08,3.91e-08,3.7e-08	9.4e-06,1e-05,6.3e-06,4.43e-06,3.6e-06,2.71e-06,2.2e-06,2.04e-06,1.65e-06	COR	SPR	2		3MZG_A_B,3N06_A_B,3N0P_A_B,3NCB_A_B,3NCC_A_B,1BP3_A_B	0
1160	3D3V_E_EE30A	EE30A	EE30A	3D3V	3D3V_E	P01850	-2.115	-2.115,-2.115	8.65e-07,2e-06	3.07e-05,0.000467	RIM	SPR	2	TCR/pMHC	TCR/pMHC,1JCK_A_B	0
1161	3D3V_E_LE98A	LE98A	LE97A	3D3V	3D3V_E	P01850	-2.617	-2.617	8.65e-07	7.17e-05	COR	SPR	2	TCR/pMHC	TCR/pMHC,1JCK_A_B	0
1162	2BNR_A_QA43A	QA43A	QA43A	2BNR	2BNR_A	P04439	-0.083	-0.083	3.2e-06	3.68e-06	RIM	SPR	2	TCR/pMHC	TCR/pMHC,1JCK_A_B,4N8V_G_ABC	0
1163	2BNR_A_TA80A	TA80A	TA80A	2BNR	2BNR_A	P04439	-0.535	-0.535	3.2e-06	7.9e-06	INT	SPR	2	TCR/pMHC	TCR/pMHC,1JCK_A_B,4N8V_G_ABC	0
1164	2BNR_A_VA76A	VA76A	VA76A	2BNR	2BNR_A	P04439	-0.672	-0.672	3.2e-06	9.95e-06	COR	SPR	2	TCR/pMHC	TCR/pMHC,1JCK_A_B,4N8V_G_ABC	0
1165	2BNR_A_RA75A	RA75A	RA75A	2BNR	2BNR_A	P04439	-0.531	-0.531	3.2e-06	7.84e-06	RIM	SPR	2	TCR/pMHC	TCR/pMHC,1JCK_A_B,4N8V_G_ABC	0
1166	2BNR_A_HA74A	HA74A	HA74A	2BNR	2BNR_A	P04439	-0.975	-0.975	3.2e-06	1.66e-05	INT	SPR	2	TCR/pMHC	TCR/pMHC,1JCK_A_B,4N8V_G_ABC	0
1167	2BNR_A_TA73A	TA73A	TA73A	2BNR	2BNR_A	P04439	-1.285	-1.285	3.2e-06	2.8e-05	SUP	SPR	2	TCR/pMHC	TCR/pMHC,1JCK_A_B,4N8V_G_ABC	0
1168	2BNR_A_QA72A	QA72A	QA72A	2BNR	2BNR_A	P04439	0.096	0.096	3.2e-06	2.72e-06	COR	SPR	2	TCR/pMHC	TCR/pMHC,1JCK_A_B,4N8V_G_ABC	0
1169	2BNR_A_HA70A	HA70A	HA70A	2BNR	2BNR_A	P04439	-1.696	-1.696	3.2e-06	5.6e-05	INT	SPR	2	TCR/pMHC	TCR/pMHC,1JCK_A_B,4N8V_G_ABC	0
1170	2BNR_A_AA69G	AA69G	AA69G	2BNR	2BNR_A	P04439	-1.855	-1.855	3.2e-06	7.33e-05	COR	SPR	2	TCR/pMHC	TCR/pMHC,1JCK_A_B,4N8V_G_ABC	0
1171	2BNR_A_KA68A	KA68A	KA68A	2BNR	2BNR_A	P04439	-0.006	-0.006	3.2e-06	3.23e-06	COR	SPR	2	TCR/pMHC	TCR/pMHC,1JCK_A_B,4N8V_G_ABC	0
1172	2BNR_A_VA67A	VA67A	VA67A	2BNR	2BNR_A	P04439	-0.393	-0.393	3.2e-06	6.21e-06	INT	SPR	2	TCR/pMHC	TCR/pMHC,1JCK_A_B,4N8V_G_ABC	0
1173	2BNR_A_KA66A	KA66A	KA66A	2BNR	2BNR_A	P04439	-1.689	-1.689	3.2e-06	5.54e-05	SUP	SPR	2	TCR/pMHC	TCR/pMHC,1JCK_A_B,4N8V_G_ABC	0
1174	2BNR_A_RA65A	RA65A	RA65A	2BNR	2BNR_A	P04439	-1.806	-1.806	3.2e-06	6.75e-05	COR	SPR	2	TCR/pMHC	TCR/pMHC,1JCK_A_B,4N8V_G_ABC	0
1175	2BNR_A_TA64A	TA64A	TA64A	2BNR	2BNR_A	P04439	-0.271	-0.271	3.2e-06	5.06e-06	INT	SPR	2	TCR/pMHC	TCR/pMHC,1JCK_A_B,4N8V_G_ABC	0
1176	2BNR_A_EA63A	EA63A	EA63A	2BNR	2BNR_A	P04439	-0.335	-0.335	3.2e-06	5.63e-06	INT	SPR	2	TCR/pMHC	TCR/pMHC,1JCK_A_B,4N8V_G_ABC	0
1177	2BNR_A_DA61A	DA61A	DA61A	2BNR	2BNR_A	P04439	0.09	0.09	3.2e-06	2.75e-06	SUR	SPR	2	TCR/pMHC	TCR/pMHC,1JCK_A_B,4N8V_G_ABC	0
1178	2BNR_A_EA58A	EA58A	EA58A	2BNR	2BNR_A	P04439	0.0	0.0	3.2e-06	3.2e-06	RIM	SPR	2	TCR/pMHC	TCR/pMHC,1JCK_A_B,4N8V_G_ABC	0
1179	2BNR_A_TA163A	TA163A	TA163A	2BNR	2BNR_A	P04439	-0.459	-0.459	3.2e-06	6.94e-06	COR	SPR	2	TCR/pMHC	TCR/pMHC,1JCK_A_B,4N8V_G_ABC	0
1180	2BNR_A_QA155A	QA155A	QA155A	2BNR	2BNR_A	P04439	-0.233	-0.233	3.2e-06	4.74e-06	COR	SPR	2	TCR/pMHC	TCR/pMHC,1JCK_A_B,4N8V_G_ABC	0
1181	2BNR_A_EA154A	EA154A	EA154A	2BNR	2BNR_A	P04439	-0.018	-0.018	3.2e-06	3.3e-06	RIM	SPR	2	TCR/pMHC	TCR/pMHC,1JCK_A_B,4N8V_G_ABC	0
1182	2BNR_A_VA152A	VA152A	VA152A	2BNR	2BNR_A	P04439	-0.903	-0.903	3.2e-06	1.47e-05	SUP	SPR	2	TCR/pMHC	TCR/pMHC,1JCK_A_B,4N8V_G_ABC	0
1183	2BNR_A_HA151A	HA151A	HA151A	2BNR	2BNR_A	P04439	-0.533	-0.533	3.2e-06	7.87e-06	RIM	SPR	2	TCR/pMHC	TCR/pMHC,1JCK_A_B,4N8V_G_ABC	0
1184	2BNR_A_AA150G	AA150G	AA150G	2BNR	2BNR_A	P04439	-0.737	-0.737	3.2e-06	1.11e-05	COR	SPR	2	TCR/pMHC	TCR/pMHC,1JCK_A_B,4N8V_G_ABC	0
1185	2BNR_A_AA149G	AA149G	AA149G	2BNR	2BNR_A	P04439	-0.018	-0.018	3.2e-06	3.3e-06	RIM	SPR	2	TCR/pMHC	TCR/pMHC,1JCK_A_B,4N8V_G_ABC	0
1186	2BNR_A_KA146A	KA146A	KA146A	2BNR	2BNR_A	P04439	-0.624	-0.624	3.2e-06	9.18e-06	RIM	SPR	2	TCR/pMHC	TCR/pMHC,1JCK_A_B,4N8V_G_ABC	0
1187	3NGB_L_YL28S	YL28S	YL26S	3NGB	3NGB_L	Not Mapped	-0.652	-0.652	5.76e-09	1.73e-08	RIM	SPR	2	AB/AG	AB/AG	0
1188	3NGB_L_FL97A	FL97A	FL89A	3NGB	3NGB_L	Not Mapped	-0.845	-0.845	2.2e-08	9.16e-08	COR	SPR	2	AB/AG	AB/AG	0
1189	3NGB_L_EL96A	EL96A	EL88A	3NGB	3NGB_L	Not Mapped	-1.299	-1.299	2.2e-08	1.97e-07	COR	SPR	2	AB/AG	AB/AG	0
1190	3NGB_L_YL91A	YL91A	YL87A	3NGB	3NGB_L	Not Mapped	-1.99	-1.99	2.2e-08	6.33e-07	COR	SPR	2	AB/AG	AB/AG	0
1191	3NGB_L_SL30A	SL30A	SL28A	3NGB	3NGB_L	Not Mapped	0.142	0.142	2.2e-08	1.73e-08	SUR	SPR	2	AB/AG	AB/AG	0
1192	3NGB_L_YL28A	YL28A	YL26A	3NGB	3NGB_L	Not Mapped	-0.969	-0.969	2.2e-08	1.13e-07	RIM	SPR	2	AB/AG	AB/AG	0
1193	3NGB_L_QL27A	QL27A	QL25A	3NGB	3NGB_L	Not Mapped	0.227	0.227	2.2e-08	1.5e-08	RIM	SPR	2	AB/AG	AB/AG	0
1194	3NGB_L_VL3A	VL3A	VL1A	3NGB	3NGB_L	Not Mapped	0.761	0.761	2.2e-08	6.09e-09	RIM	SPR	2	AB/AG	AB/AG	0
1195	1KIQ_B_FB101Y	FB101Y	FB101Y	1KIQ	1KIQ_B	Not Mapped	2.496	2.496	2.5e-07	3.7e-09	COR	ITC	1	AB/AG	AB/AG	0
1196	2J8U_A_AA66K	AA66K	AA66K	2J8U	2J8U_A	P04439	0.728	0.728,0.728	3.18e-05,7e-06	9.3e-06,1e-06	SUP	ITC,SPR	2	TCR/pMHC	TCR/pMHC,1JCK_A_B	0
1197	4B0M_M_LM43A	LM43A	LM40A	4B0M	4B0M_M	P26926	-1.909	-1.909	2.42e-06	6.07e-05	COR	SPR	2		4B0M_A_BM	0
1198	4B0M_M_YM40A	YM40A	YM37A	4B0M	4B0M_M	P26926	-1.653	-1.653	2.42e-06	3.94e-05	SUP	SPR	2		4B0M_A_BM	0
1199	4B0M_M_YM12G	YM12G	YM9G	4B0M	4B0M_M	P26926	-0.629	-0.629	2.42e-06	7e-06	INT	SPR	2		4B0M_A_BM	0
1200	4B0M_M_PM104S	PM104S	PM99S	4B0M	4B0M_M	P26926	-1.994	-1.994	2.42e-06	7.01e-05	COR	SPR	2		4B0M_A_BM	0
1201	4B0M_M_PM104A	PM104A	PM99A	4B0M	4B0M_M	P26926	-1.916	-1.916	2.42e-06	6.14e-05	COR	SPR	2		4B0M_A_BM	0
1202	4B0M_M_PM103S	PM103S	PM98S	4B0M	4B0M_M	P26926	-0.758	-0.758	2.42e-06	8.7e-06	SUP	SPR	2		4B0M_A_BM	0
1203	4B0M_M_PM103A	PM103A	PM98A	4B0M	4B0M_M	P26926	-0.406	-0.406	2.42e-06	4.8e-06	SUP	SPR	2		4B0M_A_BM	0
1204	3SE9_L_FL97A	FL97A	FL91A	3SE9	3SE9_L	Not Mapped	-0.023	-0.023	2.5e-08	2.6e-08	RIM	SPR	2	AB/AG	AB/AG	0
1205	3SE9_L_EL96A	EL96A	EL90A	3SE9	3SE9_L	Not Mapped	-0.411	-0.411	2.5e-08	5e-08	COR	SPR	2	AB/AG	AB/AG	0
1206	3SE9_L_LL91A	LL91A	LL89A	3SE9	3SE9_L	Not Mapped	-0.949	-0.949	2.5e-08	1.24e-07	COR	SPR	2	AB/AG	AB/AG	0
1207	3SE9_L_GL31A	GL31A	GL29A	3SE9	3SE9_L	Not Mapped	-0.456	-0.456	2.5e-08	5.4e-08	SUR	SPR	2	AB/AG	AB/AG	0
1208	3SE9_L_YL30A	YL30A	YL28A	3SE9	3SE9_L	Not Mapped	-1.1	-1.1	2.5e-08	1.6e-07	RIM	SPR	2	AB/AG	AB/AG	0
1209	3SE9_L_VL3A	VL3A	VL3A	3SE9	3SE9_L	Not Mapped	0.486	0.486	2.5e-08	1.1e-08	COR	SPR	2	AB/AG	AB/AG	0
1210	3SE4_C_EC77A	EC77A	EC69A	3SE4	3SE4_C	P48551	-1.364	-1.364,-1.364	2e-09,2e-09	2e-08,2.13e-08	COR	SPR	2		3SE4_B_C,3S9D_A_B,3SE3_B_C	0
1211	3SE4_C_IC103A	IC103A	IC95A	3SE4	3SE4_C	P48551	-1.209	-1.209	2e-09	1.54e-08	COR	SPR	2		3SE4_B_C,3S9D_A_B,3SE3_B_C	0
1212	3SE4_C_VC80A	VC80A	VC72A	3SE4	3SE4_C	P48551	-1.165	-1.165	2e-09	1.43e-08	COR	SPR	2		3SE4_B_C,3S9D_A_B,3SE3_B_C	0
1213	3SE4_C_HC76A	HC76A	HC68A	3SE4	3SE4_C	P48551	0.61	0.61	2e-09	7.14e-10	RIM	SPR	2		3SE4_B_C,3S9D_A_B,3SE3_B_C	0
1214	3SE4_C_SC47A	SC47A	SC39A	3SE4	3SE4_C	P48551	-0.212	-0.212	2e-09	2.86e-09	COR	SPR	2		3SE4_B_C,3S9D_A_B,3SE3_B_C	0
1215	3SE4_C_MC46V	MC46V	MC38V	3SE4	3SE4_C	P48551	-1.165	-1.165	2e-09	1.43e-08	COR	SPR	2		3SE4_B_C,3S9D_A_B,3SE3_B_C	0
1216	3SE4_C_MC46A	MC46A	MC38A	3SE4	3SE4_C	P48551	-1.666	-1.666	2e-09	3.33e-08	COR	SPR	2		3SE4_B_C,3S9D_A_B,3SE3_B_C	0
1217	3SE4_C_TC44A	TC44A	TC36A	3SE4	3SE4_C	P48551	-1.364	-1.364	2e-09	2e-08	SUP	SPR	2		3SE4_B_C,3S9D_A_B,3SE3_B_C	0
1218	3SE4_C_HC187A	HC187A	HC172A	3SE4	3SE4_C	P48551	0.411	0.411	2e-09	1e-09	COR	SPR	2		3SE4_B_C,3S9D_A_B,3SE3_B_C	0
1219	2BNQ_C_VC9C	VC9C	VC9C	2BNQ	2BNQ_C	P78358	-0.502	-0.502	5.7e-06	1.33e-05	INT	SPR	2	TCR/pMHC	TCR/pMHC,1JCK_A_B,4N8V_G_ABC	0
1220	3QDJ_C_AC2L	AC2L	AC2L	3QDJ	3QDJ_C	Not Mapped	-2.3	-2.3	6.8e-05	0.0033	SUP	SPR	2	TCR/pMHC	TCR/pMHC,1JCK_A_B	0
1221	1IAR_A_WA91D	WA91D	WA91D	1IAR	1IAR_A	P05112	-1.307	-1.307	1.62e-10	1.47e-09	COR	SPR	1		1IAR_A_B	0
1222	1IAR_A_WA91A	WA91A	WA91A	1IAR	1IAR_A	P05112	-0.73	-0.73	1.62e-10	5.55e-10	COR	SPR	1		1IAR_A_B	0
1223	1IAR_A_NA89A	NA89A	NA89A	1IAR	1IAR_A	P05112	-1.559	-1.559	1.62e-10	2.25e-09	SUP	SPR	1		1IAR_A_B	0
1224	1IAR_A_RA88A	RA88A	RA88A	1IAR	1IAR_A	P05112	-3.755	-3.755	1.62e-10	9.16e-08	COR	SPR	1		1IAR_A_B	0
1225	1IAR_A_RA88Q	RA88Q	RA88Q	1IAR	1IAR_A	P05112	-2.829	-2.829	1.62e-10	1.92e-08	COR	SPR	1		1IAR_A_B	0
1226	1IAR_A_RA85E	RA85E	RA85E	1IAR	1IAR_A	P05112	-1.225	-1.225	1.62e-10	1.28e-09	COR	SPR	1		1IAR_A_B	0
1227	1IAR_A_RA85A	RA85A	RA85A	1IAR	1IAR_A	P05112	-0.427	-0.427	1.62e-10	3.33e-10	COR	SPR	1		1IAR_A_B	0
1228	1IAR_A_KA84D	KA84D	KA84D	1IAR	1IAR_A	P05112	-1.88	-1.88	1.62e-10	3.87e-09	COR	SPR	1		1IAR_A_B	0
1229	1IAR_A_KA84A	KA84A	KA84A	1IAR	1IAR_A	P05112	-0.345	-0.345	1.62e-10	2.9e-10	COR	SPR	1		1IAR_A_B	0
1230	1IAR_A_FA82D	FA82D	FA82D	1IAR	1IAR_A	P05112	0.581	0.581	1.62e-10	6.08e-11	SUP	SPR	1		1IAR_A_B	0
1231	1IAR_A_TA13D	TA13D	TA13D	1IAR	1IAR_A	P05112	0.219	0.219	1.62e-10	1.12e-10	SUP	SPR	1		1IAR_A_B	0
1232	1IAR_A_TA13A	TA13A	TA13A	1IAR	1IAR_A	P05112	-0.979	-0.979	1.62e-10	8.45e-10	SUP	SPR	1		1IAR_A_B	0
1233	1IAR_A_FA82A	FA82A	FA82A	1IAR	1IAR_A	P05112	0.086	0.086	1.62e-10	1.4e-10	SUP	SPR	1		1IAR_A_B	0
1234	1IAR_A_RA81E	RA81E	RA81E	1IAR	1IAR_A	P05112	-1.462	-1.462	1.62e-10	1.91e-09	RIM	SPR	1		1IAR_A_B	0
1235	1IAR_A_RA81A	RA81A	RA81A	1IAR	1IAR_A	P05112	-0.48	-0.48	1.62e-10	3.64e-10	RIM	SPR	1		1IAR_A_B	0
1236	1IAR_A_QA78E	QA78E	QA78E	1IAR	1IAR_A	P05112	-0.245	-0.245	1.62e-10	2.45e-10	COR	SPR	1		1IAR_A_B	0
1237	1IAR_A_QA78A	QA78A	QA78A	1IAR	1IAR_A	P05112	-0.125	-0.125	1.62e-10	2e-10	COR	SPR	1		1IAR_A_B	0
1238	1IAR_A_KA77E	KA77E	KA77E	1IAR	1IAR_A	P05112	-0.612	-0.612	1.62e-10	4.55e-10	SUR	SPR	1		1IAR_A_B	0
1239	1IAR_A_KA77A	KA77A	KA77A	1IAR	1IAR_A	P05112	-0.154	-0.154	1.62e-10	2.1e-10	SUR	SPR	1		1IAR_A_B	0
1240	1IAR_A_RA53Q	RA53Q	RA53Q	1IAR	1IAR_A	P05112	-0.836	-0.836	1.62e-10	6.64e-10	COR	SPR	1		1IAR_A_B	0
1241	1IAR_A_EA19R	EA19R	EA19R	1IAR	1IAR_A	P05112	0.117	0.117	1.62e-10	1.33e-10	SUR	SPR	1		1IAR_A_B	0
1242	1IAR_A_EA19A	EA19A	EA19A	1IAR	1IAR_A	P05112	0.32	0.32	1.62e-10	9.44e-11	SUR	SPR	1		1IAR_A_B	0
1243	1IAR_A_SA16D	SA16D	SA16D	1IAR	1IAR_A	P05112	0.104	0.104	1.62e-10	1.36e-10	SUR	SPR	1		1IAR_A_B	0
1244	1IAR_A_SA16A	SA16A	SA16A	1IAR	1IAR_A	P05112	0.183	0.183	1.62e-10	1.19e-10	SUR	SPR	1		1IAR_A_B	0
1245	1IAR_A_NA15D	NA15D	NA15D	1IAR	1IAR_A	P05112	0.078	0.078	1.62e-10	1.42e-10	SUR	SPR	1		1IAR_A_B	0
1246	1IAR_A_NA15A	NA15A	NA15A	1IAR	1IAR_A	P05112	0.034	0.034	1.62e-10	1.53e-10	SUR	SPR	1		1IAR_A_B	0
1247	1IAR_A_KA12E	KA12E	KA12E	1IAR	1IAR_A	P05112	-0.139	-0.139	1.62e-10	2.05e-10	COR	SPR	1		1IAR_A_B	0
1248	1IAR_A_KA12S	KA12S	KA12S	1IAR	1IAR_A	P05112	0.015	0.015	1.62e-10	1.58e-10	COR	SPR	1		1IAR_A_B	0
1249	1IAR_A_IA11A	IA11A	IA11A	1IAR	1IAR_A	P05112	-0.069	-0.069	1.62e-10	1.82e-10	INT	SPR	1		1IAR_A_B	0
1250	1IAR_A_EA9Q	EA9Q	EA9Q	1IAR	1IAR_A	P05112	-3.113	-3.113	1.62e-10	3.1e-08	COR	SPR	1		1IAR_A_B	0
1251	1IAR_A_QA8R	QA8R	QA8R	1IAR	1IAR_A	P05112	-0.039	-0.039	1.62e-10	1.73e-10	RIM	SPR	1		1IAR_A_B	0
1252	1IAR_A_QA8A	QA8A	QA8A	1IAR	1IAR_A	P05112	0.022	0.022	1.62e-10	1.56e-10	RIM	SPR	1		1IAR_A_B	0
1253	1IAR_A_TA6D	TA6D	TA6D	1IAR	1IAR_A	P05112	-1.393	-1.393	1.62e-10	1.7e-09	SUP	SPR	1		1IAR_A_B	0
1254	1IAR_A_TA6A	TA6A	TA6A	1IAR	1IAR_A	P05112	0.104	0.104	1.62e-10	1.36e-10	SUP	SPR	1		1IAR_A_B	0
1255	1IAR_A_IA5R	IA5R	IA5R	1IAR	1IAR_A	P05112	-0.796	-0.796	1.62e-10	6.21e-10	COR	SPR	1		1IAR_A_B	0
1256	1IAR_A_IA5A	IA5A	IA5A	1IAR	1IAR_A	P05112	-1.171	-1.171	1.62e-10	1.17e-09	COR	SPR	1		1IAR_A_B	0
1257	4I77_L_NL91A	NL91A	NL95A	4I77	4I77_L	Not Mapped	-1.722	-1.722,-1.722	1e-11,1e-11	1.83e-10,5.4e-11	SUP	SPR	2	AB/AG	AB/AG	0
1258	4I77_L_YL28A	YL28A	YL32A	4I77	4I77_L	Not Mapped	0.0	0.0,0.0	1e-11,1e-11	1e-11,1.41e-10	RIM	SPR	2	AB/AG	AB/AG	0
1259	4I77_L_YL28F	YL28F	YL32F	4I77	4I77_L	Not Mapped	0.0	0.0,0.0	1e-11,1e-11	1e-11,1e-11	RIM	SPR	2	AB/AG	AB/AG	0
1260	1DAN_H_LH144A	LH144A	LH135A	1DAN	1DAN_H	P08709	-0.016	-0.016	3.7e-09	3.8e-09	SUR	SPR	1		1DAN_HL_UT	0
1261	1DAN_H_KH192A	KH192A	KH189A	1DAN	1DAN_H	P08709	0.187	0.187	3.7e-09	2.7e-09	SUR	SPR	1		1DAN_HL_UT	0
1262	1DAN_H_MH164A	MH164A	MH154A	1DAN	1DAN_H	P08709	-0.744	-0.744	3.7e-09	1.3e-08	COR	SPR	1		1DAN_HL_UT	0
1263	1DAN_H_RH134A	RH134A	RH125A	1DAN	1DAN_H	P08709	-0.749	-0.749	3.7e-09	1.31e-08	COR	SPR	1		1DAN_HL_UT	0
1264	1BD2_A_RA65A	RA65A	RA65A	1BD2	1BD2_A	P04439	-2.499	-2.499	1.4e-06	9.51e-05	COR	SPR	2	TCR/pMHC	TCR/pMHC,1JCK_A_B	0
1265	1MHP_L_SL28Q	SL28Q	SL27Q	1MHP	1MHP_L	Not Mapped	0.54	0.54,0.54,0.54	1.07e-08,8.5e-09,8.5e-09	4.3e-09,2.76e-09,2e-09	RIM	ELISA,SPR,KinExA	2	AB/AG	AB/AG	0
1266	1MHP_L_NL52E	NL52E	NL51E	1MHP	1MHP_L	Not Mapped	0.177	0.177,0.177	8.5e-09,8.5e-09	6.3e-09,8.5e-09	SUR	ELISA,KinExA	2	AB/AG	AB/AG	0
1267	1MHP_L_SL24R	SL24R	SL23R	1MHP	1MHP_L	Not Mapped	0.067	0.067,0.067	8.5e-09,8.5e-09	7.59e-09,4.6e-09	SUR	ELISA,KinExA	2	AB/AG	AB/AG	0
1268	1MHP_L_LL49K	LL49K	LL48K	1MHP	1MHP_L	Not Mapped	-0.925	-0.925,-0.925	8.5e-09,8.5e-09	4.05e-08,3.27e-08	SUP	ELISA,KinExA	2	AB/AG	AB/AG	0
1269	1MHP_L_NL52Y	NL52Y	NL51Y	1MHP	1MHP_L	Not Mapped	0.103	0.103,0.103	8.5e-09,8.5e-09	7.14e-09,8.5e-09	SUR	ELISA,KinExA	2	AB/AG	AB/AG	0
1270	1MHP_L_SL91R	SL91R	SL90R	1MHP	1MHP_L	Not Mapped	-2.728	-2.728	8.5e-09	8.5e-07	COR	ELISA	2	AB/AG	AB/AG	0
1271	1MHP_L_SL91T	SL91T	SL90T	1MHP	1MHP_L	Not Mapped	-2.318	-2.318	8.5e-09	4.25e-07	COR	ELISA	2	AB/AG	AB/AG	0
1272	1MHP_L_NL30W	NL30W	NL29W	1MHP	1MHP_L	Not Mapped	-1.573	-1.573	8.5e-09	1.21e-07	COR	ELISA	2	AB/AG	AB/AG	0
1273	1MHP_L_NL30Y	NL30Y	NL29Y	1MHP	1MHP_L	Not Mapped	-1.908	-1.908	8.5e-09	2.13e-07	COR	ELISA	2	AB/AG	AB/AG	0
1274	1MHP_L_NL52K	NL52K	NL51K	1MHP	1MHP_L	Not Mapped	-0.658	-0.658	8.5e-09	2.58e-08	SUR	ELISA	2	AB/AG	AB/AG	0
1275	1MHP_L_NL52R	NL52R	NL51R	1MHP	1MHP_L	Not Mapped	-0.845	-0.845	8.5e-09	3.54e-08	SUR	ELISA	2	AB/AG	AB/AG	0
1276	1MHP_L_HL31K	HL31K	HL30K	1MHP	1MHP_L	Not Mapped	-1.165	-1.165	8.5e-09	6.07e-08	COR	ELISA	2	AB/AG	AB/AG	0
1277	1MHP_L_HL31R	HL31R	HL30R	1MHP	1MHP_L	Not Mapped	-1.124	-1.124	8.5e-09	5.67e-08	COR	ELISA	2	AB/AG	AB/AG	0
1278	1MHP_L_NL30V	NL30V	NL29V	1MHP	1MHP_L	Not Mapped	-1.05	-1.05	8.5e-09	5e-08	COR	ELISA	2	AB/AG	AB/AG	0
1279	1MHP_L_SL91Q	SL91Q	SL90Q	1MHP	1MHP_L	Not Mapped	-1.775	-1.775	8.5e-09	1.7e-07	COR	ELISA	2	AB/AG	AB/AG	0
1280	1MHP_L_WL90Q	WL90Q	WL89Q	1MHP	1MHP_L	Not Mapped	-2.077	-2.077	8.5e-09	2.83e-07	SUP	ELISA	2	AB/AG	AB/AG	0
1281	1MHP_L_NL52D	NL52D	NL51D	1MHP	1MHP_L	Not Mapped	-0.501	-0.501	8.5e-09	1.98e-08	SUR	ELISA	2	AB/AG	AB/AG	0
1282	1MHP_L_LL49W	LL49W	LL48W	1MHP	1MHP_L	Not Mapped	-1.908	-1.908	8.5e-09	2.13e-07	SUP	ELISA	2	AB/AG	AB/AG	0
1283	1MHP_L_LL49F	LL49F	LL48F	1MHP	1MHP_L	Not Mapped	-0.713	-0.713	8.5e-09	2.83e-08	SUP	ELISA	2	AB/AG	AB/AG	0
1284	1MHP_L_GL92S	GL92S	GL91S	1MHP	1MHP_L	Not Mapped	-0.513	-0.513	8.5e-09	2.02e-08	SUP	ELISA	2	AB/AG	AB/AG	0
1285	1MHP_L_GL92Q	GL92Q	GL91Q	1MHP	1MHP_L	Not Mapped	-1.573	-1.573	8.5e-09	1.21e-07	SUP	ELISA	2	AB/AG	AB/AG	0
1286	1MHP_L_HL31W	HL31W	HL30W	1MHP	1MHP_L	Not Mapped	-1.256	-1.256	8.5e-09	7.08e-08	COR	ELISA	2	AB/AG	AB/AG	0
1287	4KRO_B_DB104A	DB104A	DB92A	4KRO	4KRO_B	Not Mapped	-1.505	-1.505	2.76e-07	3.5e-06	COR	SPR	2	AB/AG	AB/AG	0
1288	4KRO_B_RB27A	RB27A	RB15A	4KRO	4KRO_B	Not Mapped	-1.584	-1.584	2.76e-07	4e-06	COR	SPR	2	AB/AG	AB/AG	0
1289	1DQJ_C_DC101A	DC101A	DC101A	1DQJ	1DQJ_C	P00698	-1.453	-1.453,-1.453	2.78e-09,2.78e-09	3.23e-08,2.5e-08	COR	SPR	1	AB/AG	AB/AG	0
1290	1DQJ_C_KC97A	KC97A	KC97A	1DQJ	1DQJ_C	P00698	-3.521	-3.521,-3.521	2.78e-09,2.78e-09	1.06e-06,1.06e-06	COR	SPR	1	AB/AG	AB/AG	0
1291	1DQJ_C_WC63A	WC63A	WC63A	1DQJ	1DQJ_C	P00698	-1.347	-1.347,-1.347	2.78e-09,2.78e-09	2.7e-08,2.7e-08	SUP	SPR	1	AB/AG	AB/AG	0
1292	1DQJ_C_RC21A	RC21A	RC21A	1DQJ	1DQJ_C	P00698	-1.169	-1.169,-1.169	2.78e-09,2.78e-09	2e-08,2.33e-08	COR	SPR	1	AB/AG	AB/AG	0
1293	1DQJ_C_YC20A	YC20A	YC20A	1DQJ	1DQJ_C	P00698	-3.287	-3.287,-3.287	2.78e-09,2.78e-09	7.14e-07,7.14e-07	COR	SPR	1	AB/AG	AB/AG	0
1294	1DQJ_C_SC100A	SC100A	SC100A	1DQJ	1DQJ_C	P00698	-0.776	-0.776	2.78e-09	1.03e-08	COR	SPR	1	AB/AG	AB/AG	0
1295	1DQJ_C_KC96A	KC96A	KC96A	1DQJ	1DQJ_C	P00698	-6.159	-6.159	2.78e-09	9.09e-05	SUP	SPR	1	AB/AG	AB/AG	0
1296	1DQJ_C_NC93A	NC93A	NC93A	1DQJ	1DQJ_C	P00698	-0.65	-0.65	2.78e-09	8.33e-09	COR	SPR	1	AB/AG	AB/AG	0
1297	1DQJ_C_TC89A	TC89A	TC89A	1DQJ	1DQJ_C	P00698	-0.841	-0.841	2.78e-09	1.15e-08	COR	SPR	1	AB/AG	AB/AG	0
1298	1DQJ_C_LC75A	LC75A	LC75A	1DQJ	1DQJ_C	P00698	-1.453	-1.453	2.78e-09	3.23e-08	COR	SPR	1	AB/AG	AB/AG	0
1299	1DQJ_C_WC62A	WC62A	WC62A	1DQJ	1DQJ_C	P00698	-0.758	-0.758	2.78e-09	1e-08	RIM	SPR	1	AB/AG	AB/AG	0
1300	4NKQ_C_DC112K	DC112K	DC99K	4NKQ	4NKQ_C	P04141	0.332	0.332	4.9e-10	2.8e-10	COR	RA	2		4NKQ_C_AB,4RS1_A_B	0
1301	4NKQ_C_LC28D	LC28D	LC15D	4NKQ	4NKQ_C	P04141	0.235	0.235	5.8e-11	3.9e-11	RIM	IARA	2		4NKQ_C_AB,4RS1_A_B	0
1302	4NKQ_C_NC27D	NC27D	NC14D	4NKQ	4NKQ_C	P04141	0.602	0.602	5.8e-11	2.1e-11	SUR	IARA	2		4NKQ_C_AB,4RS1_A_B	0
1303	4NKQ_C_RC24D	RC24D	RC11D	4NKQ	4NKQ_C	P04141	0.206	0.206	5.8e-11	4.1e-11	RIM	IARA	2		4NKQ_C_AB,4RS1_A_B	0
1304	4NKQ_C_RC23D	RC23D	RC10D	4NKQ	4NKQ_C	P04141	-0.111	-0.111	5.8e-11	7e-11	COR	IARA	2		4NKQ_C_AB,4RS1_A_B	0
1305	4NKQ_C_EC21R	EC21R	EC8R	4NKQ	4NKQ_C	P04141	-2.64	-2.64	5.8e-11	5e-09	RIM	IARA	2		4NKQ_C_AB,4RS1_A_B	0
1306	4NKQ_C_IC19G	IC19G	IC6G	4NKQ	4NKQ_C	P04141	-0.334	-0.334	5.8e-11	1.02e-10	SUP	IARA	2		4NKQ_C_AB,4RS1_A_B	0
1307	4NKQ_C_NC17E	NC17E	NC4E	4NKQ	4NKQ_C	P04141	0.391	0.391	5.8e-11	3e-11	COR	IARA	2		4NKQ_C_AB,4RS1_A_B	0
1308	1DAN_T_DT44A	DT44A	DT39A	1DAN	1DAN_T	P13726	-1.38	-1.38,-1.38,-1.38	2.6e-12,5.3e-09,6.16e-09	2.67e-11,1.98e-07,2.13e-08	RIM	ELISA,SPR,ELFA	1		1DAN_HL_UT	0
1309	1DAN_T_KT46A	KT46A	KT41A	1DAN	1DAN_T	P13726	-0.895	-0.895,-0.895	5.3e-09,6.16e-09	2.4e-08,9.11e-09	COR	ELISA,SPR	1		1DAN_HL_UT	0
1310	1DAN_T_KT20A	KT20A	KT15A	1DAN	1DAN_T	P13726	-2.439	-2.439,-2.439	5.3e-09,6.16e-09	3.25e-07,4.86e-07	COR	ELISA,SPR	1		1DAN_HL_UT	0
1311	1DAN_T_KT48A	KT48A	KT43A	1DAN	1DAN_T	P13726	-0.921	-0.921,-0.921	2.6e-12,6.16e-09	1.23e-11,1.24e-08	SUP	SPR,ELFA	1		1DAN_HL_UT	0
1312	1DAN_T_QT37A	QT37A	QT32A	1DAN	1DAN_T	P13726	-0.729	-0.729,-0.729	2.6e-12,6.16e-09	8.9e-12,1.55e-08	SUP	SPR,ELFA	1		1DAN_HL_UT	0
1313	1DAN_T_ST47A	ST47A	ST42A	1DAN	1DAN_T	P13726	0.127	0.127,0.127	2.6e-12,6.16e-09	2.1e-12,6.63e-09	COR	SPR,ELFA	1		1DAN_HL_UT	0
1314	1DAN_T_WT45A	WT45A	WT40A	1DAN	1DAN_T	P13726	-1.5	-1.5,-1.5	2.6e-12,5.3e-09	3.27e-11,2.9e-07	COR	ELISA,ELFA	1		1DAN_HL_UT	0
1315	1DAN_T_YT78A	YT78A	YT73A	1DAN	1DAN_T	P13726	-0.628	-0.628	2.6e-12	7.5e-12	RIM	ELFA	1		1DAN_HL_UT	0
1316	1DAN_T_FT76A	FT76A	FT71A	1DAN	1DAN_T	P13726	-1.105	-1.105	2.6e-12	1.68e-11	SUP	ELFA	1		1DAN_HL_UT	0
1317	1DAN_T_YT51A	YT51A	YT46A	1DAN	1DAN_T	P13726	0.127	0.127	2.6e-12	2.1e-12	RIM	ELFA	1		1DAN_HL_UT	0
1318	1DAN_T_VT33A	VT33A	VT28A	1DAN	1DAN_T	P13726	0.186	0.186	2.6e-12	1.9e-12	INT	ELFA	1		1DAN_HL_UT	0
1319	1DAN_T_TT60A	TT60A	TT55A	1DAN	1DAN_T	P13726	-2.224	-2.224	2.6e-12	1.11e-10	INT	ELFA	1		1DAN_HL_UT	0
1320	1DAN_T_GT43A	GT43A	GT38A	1DAN	1DAN_T	P13726	-0.065	-0.065	2.6e-12	2.9e-12	COR	ELFA	1		1DAN_HL_UT	0
1321	1DAN_T_IT38A	IT38A	IT33A	1DAN	1DAN_T	P13726	0.127	0.127	2.6e-12	2.1e-12	INT	ELFA	1		1DAN_HL_UT	0
1322	1DAN_T_VT36A	VT36A	VT31A	1DAN	1DAN_T	P13726	0.127	0.127	2.6e-12	2.1e-12	INT	ELFA	1		1DAN_HL_UT	0
1323	1DAN_T_LT72A	LT72A	LT67A	1DAN	1DAN_T	P13726	0.06	0.06	8.64e-09	7.81e-09	INT	ELISA	1		1DAN_HL_UT	0
1324	1DAN_T_QT69A	QT69A	QT64A	1DAN	1DAN_T	P13726	0.0	0.0	8.64e-09	8.64e-09	SUR	ELISA	1		1DAN_HL_UT	0
1325	1DAN_T_VT64A	VT64A	VT59A	1DAN	1DAN_T	P13726	0.0	0.0	8.64e-09	8.64e-09	INT	ELISA	1		1DAN_HL_UT	0
1326	1DAN_T_IT63A	IT63A	IT58A	1DAN	1DAN_T	P13726	0.0	0.0	8.64e-09	8.64e-09	INT	ELISA	1		1DAN_HL_UT	0
1327	1DAN_T_ET62A	ET62A	ET57A	1DAN	1DAN_T	P13726	0.0	0.0	8.64e-09	8.64e-09	SUP	ELISA	1		1DAN_HL_UT	0
1328	1DAN_T_DT61A	DT61A	DT56A	1DAN	1DAN_T	P13726	-0.242	-0.242	8.64e-09	1.3e-08	COR	ELISA	1		1DAN_HL_UT	0
1329	1DAN_T_LT59A	LT59A	LT54A	1DAN	1DAN_T	P13726	0.0	0.0	8.64e-09	8.64e-09	INT	ELISA	1		1DAN_HL_UT	0
1330	1DAN_T_ST16A	ST16A	ST11A	1DAN	1DAN_T	P13726	0.13	0.13	8.64e-09	6.94e-09	INT	ELISA	1		1DAN_HL_UT	0
1331	1DAN_T_TT21A	TT21A	TT16A	1DAN	1DAN_T	P13726	0.159	0.159	6.16e-09	4.71e-09	INT	SPR	1		1DAN_HL_UT	0
1332	1DAN_T_IT22A	IT22A	IT17A	1DAN	1DAN_T	P13726	-0.645	-0.645	6.16e-09	1.83e-08	SUP	SPR	1		1DAN_HL_UT	0
1333	1DAN_T_ET24A	ET24A	ET19A	1DAN	1DAN_T	P13726	-0.658	-0.658	6.16e-09	1.87e-08	RIM	SPR	1		1DAN_HL_UT	0
1334	1DAN_T_WT25F	WT25F	WT20F	1DAN	1DAN_T	P13726	-0.615	-0.615	6.16e-09	1.74e-08	INT	SPR	1		1DAN_HL_UT	0
1335	1DAN_T_ET26A	ET26A	ET21A	1DAN	1DAN_T	P13726	-0.101	-0.101	6.16e-09	7.31e-09	SUR	SPR	1		1DAN_HL_UT	0
1336	1DAN_T_KT28A	KT28A	KT23A	1DAN	1DAN_T	P13726	-0.117	-0.117	6.16e-09	7.5e-09	SUR	SPR	1		1DAN_HL_UT	0
1337	1DAN_T_KT41A	KT41A	KT36A	1DAN	1DAN_T	P13726	-0.322	-0.322	6.16e-09	1.06e-08	RIM	SPR	1		1DAN_HL_UT	0
1338	1DAN_T_ST42A	ST42A	ST37A	1DAN	1DAN_T	P13726	0.069	0.069	6.16e-09	5.48e-09	RIM	SPR	1		1DAN_HL_UT	0
1339	1DAN_T_WT45F	WT45F	WT40F	1DAN	1DAN_T	P13726	-1.271	-1.271	6.16e-09	5.26e-08	COR	SPR	1		1DAN_HL_UT	0
1340	1DAN_T_FT50A	FT50A	FT45A	1DAN	1DAN_T	P13726	-0.438	-0.438	6.16e-09	1.29e-08	COR	SPR	1		1DAN_HL_UT	0
1341	1DAN_T_TT52A	TT52A	TT47A	1DAN	1DAN_T	P13726	-0.405	-0.405	6.16e-09	1.22e-08	INT	SPR	1		1DAN_HL_UT	0
1342	1DAN_T_DT58A	DT58A	DT53A	1DAN	1DAN_T	P13726	-1.99	-1.99	6.16e-09	1.77e-07	COR	SPR	1		1DAN_HL_UT	0
1343	1DAN_T_DT58E	DT58E	DT53E	1DAN	1DAN_T	P13726	-1.38	-1.38	6.16e-09	6.33e-08	COR	SPR	1		1DAN_HL_UT	0
1344	1DAN_T_KT68A	KT68A	KT63A	1DAN	1DAN_T	P13726	0.07	0.07	6.16e-09	5.47e-09	SUR	SPR	1		1DAN_HL_UT	0
1345	1DAN_T_WT14F	WT14F	WT9F	1DAN	1DAN_T	P13726	-0.692	-0.692	6.16e-09	1.98e-08	INT	SPR	1		1DAN_HL_UT	0
1346	1DAN_T_KT15A	KT15A	KT10A	1DAN	1DAN_T	P13726	0.397	0.397	6.16e-09	3.15e-09	RIM	SPR	1		1DAN_HL_UT	0
1347	1DAN_T_TT17A	TT17A	TT12A	1DAN	1DAN_T	P13726	-0.121	-0.121	6.16e-09	7.55e-09	COR	SPR	1		1DAN_HL_UT	0
1348	1DAN_T_NT18A	NT18A	NT13A	1DAN	1DAN_T	P13726	-0.18	-0.18	6.16e-09	8.35e-09	SUP	SPR	1		1DAN_HL_UT	0
1349	1DAN_T_KT20R	KT20R	KT15R	1DAN	1DAN_T	P13726	-1.686	-1.686	6.16e-09	1.06e-07	COR	SPR	1		1DAN_HL_UT	0
1350	3NCB_A_AA180H	AA180H	AA167H	3NCB	3NCB_A	P01236	-0.686	-0.686,-0.686,-0.686,-0.686,-0.686,-0.686,-0.686,-0.686,-0.686,-0.686,-0.686,-0.686,-0.686,-0.686,-0.686,-0.686,-0.686,-0.686,-0.686	6.28e-06,5.8e-06,3.4e-06,1.96e-06,1.28e-06,9.5e-07,7.19e-07,5.97e-07,4.94e-07,1.32e-05,7.9e-06,7.6e-06,3.6e-06,2.4e-06,1.36e-06,6.5e-07,8.2e-07,5.1e-07,4.6e-07	2e-05,1.68e-06,2.03e-07,1.71e-07,1.05e-07,4.39e-08,4.59e-08,3.91e-08,3.7e-08,8.4e-06,2.13e-06,1.28e-06,2e-07,7.7e-08,3.3e-08,2.1e-08,1.3e-08,1.1e-08,1.1e-08	COR	SPR	2		3MZG_A_B,3N06_A_B,3N0P_A_B,3NCB_A_B,3NCC_A_B,1BP3_A_B	0
1351	1OGA_A_EA63A	EA63A	EA63A	1OGA	1OGA_A	P04439	0.018	0.018	5.3e-06	5.14e-06	INT	SPR	2	TCR/pMHC	TCR/pMHC,1JCK_A_B	0
1352	1OGA_A_DA61A	DA61A	DA61A	1OGA	1OGA_A	P04439	-0.118	-0.118	5.3e-06	6.47e-06	SUR	SPR	2	TCR/pMHC	TCR/pMHC,1JCK_A_B	0
1353	1OGA_A_EA58A	EA58A	EA58A	1OGA	1OGA_A	P04439	-0.113	-0.113	5.3e-06	6.41e-06	SUR	SPR	2	TCR/pMHC	TCR/pMHC,1JCK_A_B	0
1354	1OGA_A_QA43A	QA43A	QA43A	1OGA	1OGA_A	P04439	0.024	0.024	5.3e-06	5.09e-06	SUR	SPR	2	TCR/pMHC	TCR/pMHC,1JCK_A_B	0
1355	1OGA_A_AA150G	AA150G	AA150G	1OGA	1OGA_A	P04439	-0.449	-0.449	5.3e-06	1.13e-05	COR	SPR	2	TCR/pMHC	TCR/pMHC,1JCK_A_B	0
1356	1OGA_A_AA149G	AA149G	AA149G	1OGA	1OGA_A	P04439	-0.123	-0.123	5.3e-06	6.52e-06	RIM	SPR	2	TCR/pMHC	TCR/pMHC,1JCK_A_B	0
1357	1OGA_A_KA146A	KA146A	KA146A	1OGA	1OGA_A	P04439	-1.931	-1.931	5.3e-06	0.000138	RIM	SPR	2	TCR/pMHC	TCR/pMHC,1JCK_A_B	0
1358	1OGA_A_TA80A	TA80A	TA80A	1OGA	1OGA_A	P04439	-0.195	-0.195	5.3e-06	7.37e-06	INT	SPR	2	TCR/pMHC	TCR/pMHC,1JCK_A_B	0
1359	1OGA_A_VA76A	VA76A	VA76A	1OGA	1OGA_A	P04439	-0.872	-0.872	5.3e-06	2.31e-05	RIM	SPR	2	TCR/pMHC	TCR/pMHC,1JCK_A_B	0
1360	1OGA_A_RA75A	RA75A	RA75A	1OGA	1OGA_A	P04439	-0.711	-0.711	5.3e-06	1.76e-05	RIM	SPR	2	TCR/pMHC	TCR/pMHC,1JCK_A_B	0
1361	1OGA_A_HA74A	HA74A	HA74A	1OGA	1OGA_A	P04439	-0.604	-0.604	5.3e-06	1.47e-05	INT	SPR	2	TCR/pMHC	TCR/pMHC,1JCK_A_B	0
1362	1OGA_A_TA73A	TA73A	TA73A	1OGA	1OGA_A	P04439	-0.849	-0.849	5.3e-06	2.22e-05	SUP	SPR	2	TCR/pMHC	TCR/pMHC,1JCK_A_B	0
1363	1OGA_A_QA72A	QA72A	QA72A	1OGA	1OGA_A	P04439	0.46	0.46	5.3e-06	2.44e-06	COR	SPR	2	TCR/pMHC	TCR/pMHC,1JCK_A_B	0
1364	1OGA_A_HA70A	HA70A	HA70A	1OGA	1OGA_A	P04439	-0.518	-0.518	5.3e-06	1.27e-05	INT	SPR	2	TCR/pMHC	TCR/pMHC,1JCK_A_B	0
1365	1OGA_A_AA69G	AA69G	AA69G	1OGA	1OGA_A	P04439	-0.427	-0.427	5.3e-06	1.09e-05	COR	SPR	2	TCR/pMHC	TCR/pMHC,1JCK_A_B	0
1366	1OGA_A_KA68A	KA68A	KA68A	1OGA	1OGA_A	P04439	-0.248	-0.248	5.3e-06	8.06e-06	RIM	SPR	2	TCR/pMHC	TCR/pMHC,1JCK_A_B	0
1367	1OGA_A_VA67A	VA67A	VA67A	1OGA	1OGA_A	P04439	0.139	0.139	5.3e-06	4.19e-06	INT	SPR	2	TCR/pMHC	TCR/pMHC,1JCK_A_B	0
1368	1OGA_A_KA66A	KA66A	KA66A	1OGA	1OGA_A	P04439	0.024	0.024	5.3e-06	5.09e-06	SUP	SPR	2	TCR/pMHC	TCR/pMHC,1JCK_A_B	0
1369	1OGA_A_RA65A	RA65A	RA65A	1OGA	1OGA_A	P04439	0.365	0.365	5.3e-06	2.86e-06	RIM	SPR	2	TCR/pMHC	TCR/pMHC,1JCK_A_B	0
1370	1OGA_A_TA64A	TA64A	TA64A	1OGA	1OGA_A	P04439	-0.186	-0.186	5.3e-06	7.26e-06	INT	SPR	2	TCR/pMHC	TCR/pMHC,1JCK_A_B	0
1371	1OGA_A_TA163A	TA163A	TA163A	1OGA	1OGA_A	P04439	-0.322	-0.322	5.3e-06	9.12e-06	RIM	SPR	2	TCR/pMHC	TCR/pMHC,1JCK_A_B	0
1372	1OGA_A_AA158G	AA158G	AA158G	1OGA	1OGA_A	P04439	-0.133	-0.133	5.3e-06	6.63e-06	RIM	SPR	2	TCR/pMHC	TCR/pMHC,1JCK_A_B	0
1373	1OGA_A_QA155A	QA155A	QA155A	1OGA	1OGA_A	P04439	-0.489	-0.489	5.3e-06	1.21e-05	COR	SPR	2	TCR/pMHC	TCR/pMHC,1JCK_A_B	0
1374	1OGA_A_EA154A	EA154A	EA154A	1OGA	1OGA_A	P04439	-0.612	-0.612	5.3e-06	1.49e-05	RIM	SPR	2	TCR/pMHC	TCR/pMHC,1JCK_A_B	0
1375	1OGA_A_VA152A	VA152A	VA152A	1OGA	1OGA_A	P04439	-1.394	-1.394	5.3e-06	5.57e-05	SUP	SPR	2	TCR/pMHC	TCR/pMHC,1JCK_A_B	0
1376	1OGA_A_HA151A	HA151A	HA151A	1OGA	1OGA_A	P04439	0.0	0.0	5.3e-06	5.3e-06	COR	SPR	2	TCR/pMHC	TCR/pMHC,1JCK_A_B	0
1377	3QIB_P_TP12N	TP12N	TP11N	3QIB	3QIB_P	P00039	-1.224	-1.224	5.5e-06	4.34e-05	COR	SPR	2	TCR/pMHC	TCR/pMHC,1JCK_A_B	0
1378	3QIB_P_TP12S	TP12S	TP11S	3QIB	3QIB_P	P00039	-1.076	-1.076	5.5e-06	3.38e-05	COR	SPR	2	TCR/pMHC	TCR/pMHC,1JCK_A_B	0
1379	3QIB_P_TP12A	TP12A	TP11A	3QIB	3QIB_P	P00039	-3.139	-3.139	5.5e-06	0.0011	COR	SPR	2	TCR/pMHC	TCR/pMHC,1JCK_A_B	0
1380	3QIB_P_KP9R	KP9R	KP8R	3QIB	3QIB_P	P00039	-2.237	-2.237	5.5e-06	0.00024	COR	SPR	2	TCR/pMHC	TCR/pMHC,1JCK_A_B	0
1381	3QIB_P_KP9A	KP9A	KP8A	3QIB	3QIB_P	P00039	-3.139	-3.139	5.5e-06	0.0011	COR	SPR	2	TCR/pMHC	TCR/pMHC,1JCK_A_B	0
1382	3QIB_P_YP7F	YP7F	YP6F	3QIB	3QIB_P	P00039	-0.108	-0.108	5.5e-06	6.6e-06	COR	SPR	2	TCR/pMHC	TCR/pMHC,1JCK_A_B	0
1383	3QIB_P_YP7A	YP7A	YP6A	3QIB	3QIB_P	P00039	-3.139	-3.139	5.5e-06	0.0011	COR	SPR	2	TCR/pMHC	TCR/pMHC,1JCK_A_B	0
1384	3BN9_D_QD100aV	QD100aV	QD105V	3BN9	3BN9_D	P01857	-1.225	-1.225	2.24e-11	1.77e-10	RIM	IAFL	2	AB/AG,Pr/PI	AB/AG,Pr/PI	0
1385	3BN9_D_PD100H	PD100H	PD104H	3BN9	3BN9_D	P01857	-2.428	-2.428	2.24e-11	1.35e-09	RIM	IAFL	2	AB/AG,Pr/PI	AB/AG,Pr/PI	0
1386	3BN9_D_YD99S	YD99S	YD103S	3BN9	3BN9_D	P01857	-0.459	-0.459	2.24e-11	4.86e-11	RIM	IAFL	2	AB/AG,Pr/PI	AB/AG,Pr/PI	0
1387	3BN9_D_TD98R	TD98R	TD102R	3BN9	3BN9_D	P01857	0.058	0.058	2.24e-11	2.03e-11	RIM	IAFL	2	AB/AG,Pr/PI	AB/AG,Pr/PI	0
1388	3BN9_D_TD98Q	TD98Q	TD102Q	3BN9	3BN9_D	P01857	0.022	0.022	2.24e-11	2.16e-11	RIM	IAFL	2	AB/AG,Pr/PI	AB/AG,Pr/PI	0
1389	3BN9_D_SD30N	SD30N	SD30N	3BN9	3BN9_D	P01857	-1.146	-1.146	2.24e-11	1.55e-10	COR	IAFL	2	AB/AG,Pr/PI	AB/AG,Pr/PI	0
1390	3BN9_D_SD30G	SD30G	SD30G	3BN9	3BN9_D	P01857	-1.187	-1.187	2.24e-11	1.66e-10	COR	IAFL	2	AB/AG,Pr/PI	AB/AG,Pr/PI	0
1391	3BN9_D_TD28R	TD28R	TD28R	3BN9	3BN9_D	P01857	-0.333	-0.333	2.24e-11	3.93e-11	RIM	IAFL	2	AB/AG,Pr/PI	AB/AG,Pr/PI	0
1392	1A22_B_RB243A	RB243A	RB11A	1A22	1A22_B	P10912	-2.116	-2.116,-2.116,-2.116	3.4e-10,4e-10,1e-09	1.21e-08,6.4e-10,3.95e-08	SUP	IARA,SPR,RA	1		1A22_A_B,1BP3_A_B	0
1393	1A22_B_EB327A	EB327A	EB86A	1A22	1A22_B	P10912	-0.971	-0.971,-0.971,-0.971	3.4e-10,4e-10,1e-09	1.75e-09,8e-10,5.21e-09	RIM	IARA,SPR,RA	1		1A22_A_B,1BP3_A_B	0
1394	1A22_B_DB326A	DB326A	DB85A	1A22	1A22_B	P10912	-0.994	-0.994,-0.994,-0.994	3.4e-10,4e-10,1e-09	1.82e-09,2.1e-09,5.21e-09	SUP	IARA,SPR,RA	1		1A22_A_B,1BP3_A_B	0
1395	1A22_B_SB298A	SB298A	SB57A	1A22	1A22_B	P10912	0.055	0.055,0.055,0.055	3.4e-10,4e-10,1e-09	3.1e-10,2.3e-10,8.13e-10	RIM	IARA,SPR,RA	1		1A22_A_B,1BP3_A_B	0
1396	1A22_B_WB280A	WB280A	WB39A	1A22	1A22_B	P10912	0.018	0.018,0.018,0.018	3.4e-10,4e-10,1e-09	3.3e-10,5.3e-10,1e-09	RIM	IARA,SPR,RA	1		1A22_A_B,1BP3_A_B	0
1397	1A22_B_EB275A	EB275A	EB34A	1A22	1A22_B	P10912	0.094	0.094,0.094,0.094	3.4e-10,4e-10,1e-09	2.9e-10,3.5e-10,8.13e-10	RIM	IARA,SPR,RA	1		1A22_A_B,1BP3_A_B	0
1398	1A22_B_WB276A	WB276A	WB35A	1A22	1A22_B	P10912	-0.514	-0.514,-0.514,-0.514	3.4e-10,4e-10,1e-09	8.1e-10,1e-09,2.65e-09	COR	IARA,SPR,RA	1		1A22_A_B,1BP3_A_B	0
1399	1A22_B_QB274A	QB274A	QB33A	1A22	1A22_B	P10912	0.0	0.0,0.0,0.0	3.4e-10,4e-10,1e-09	3.4e-10,1.5e-10,1e-09	RIM	IARA,SPR,RA	1		1A22_A_B,1BP3_A_B	0
1400	1A22_B_TB273A	TB273A	TB32A	1A22	1A22_B	P10912	-0.111	-0.111,-0.111,-0.111	3.4e-10,4e-10,1e-09	4.1e-10,1.9e-10,1.14e-09	RIM	IARA,SPR,RA	1		1A22_A_B,1BP3_A_B	0
1401	1A22_B_NB272A	NB272A	NB31A	1A22	1A22_B	P10912	-0.274	-0.274,-0.274,-0.274	3.4e-10,4e-10,1e-09	5.4e-10,1.9e-10,1.35e-09	SUR	IARA,SPR,RA	1		1A22_A_B,1BP3_A_B	0
1402	1A22_B_RB417A	RB417A	RB172A	1A22	1A22_B	P10912	-0.274	-0.274,-0.274,-0.274	3.4e-10,4e-10,1e-09	5.4e-10,7e-10,1.35e-09	COR	IARA,SPR,RA	1		1A22_A_B,1BP3_A_B	0
1403	1A22_B_SB302A	SB302A	SB61A	1A22	1A22_B	P10912	0.182	0.182,0.182,0.182	3.4e-10,4e-10,1e-09	2.5e-10,8.8e-10,6.87e-10	SUP	IARA,SPR,RA	1		1A22_A_B,1BP3_A_B	0
1404	1A22_B_IB303A	IB303A	IB62A	1A22	1A22_B	P10912	-1.608	-1.608,-1.608,-1.608	3.4e-10,4e-10,1e-09	5.13e-09,8.3e-10,2.01e-08	SUP	IARA,SPR,RA	1		1A22_A_B,1BP3_A_B	0
1405	1A22_B_IB305A	IB305A	IB64A	1A22	1A22_B	P10912	-1.941	-1.941,-1.941,-1.941	3.4e-10,4e-10,1e-09	9e-09,5e-10,2.82e-08	SUP	IARA,SPR,RA	1		1A22_A_B,1BP3_A_B	0
1406	1A22_B_EB244A	EB244A	EB12A	1A22	1A22_B	P10912	-1.693	-1.693,-1.693,-1.693	3.4e-10,4e-10,1e-09	5.92e-09,1.2e-09,2.01e-08	RIM	IARA,SPR,RA	1		1A22_A_B,1BP3_A_B	0
1407	1A22_B_KB415A	KB415A	KB170A	1A22	1A22_B	P10912	-0.785	-0.785,-0.785	3.4e-10,4e-10	1.28e-09,9.3e-10	INT	IARA,SPR	1		1A22_A_B,1BP3_A_B	0
1408	1A22_B_QB416A	QB416A	QB171A	1A22	1A22_B	P10912	-0.891	-0.891,-0.891	3.4e-10,1e-09	1.53e-09,4.4e-09	SUP	SPR,RA	1		1A22_A_B,1BP3_A_B	0
1409	1A22_B_TB395A	TB395A	TB150A	1A22	1A22_B	P10912	0.094	0.094,0.094	3.4e-10,1e-09	2.9e-10,8.13e-10	RIM	SPR,RA	1		1A22_A_B,1BP3_A_B	0
1410	1A22_B_VB371A	VB371A	VB126A	1A22	1A22_B	P10912	0.617	0.617,0.617	3.4e-10,1e-09	1.2e-10,2.95e-10	COR	SPR,RA	1		1A22_A_B,1BP3_A_B	0
1411	1A22_B_KB367A	KB367A	KB122A	1A22	1A22_B	P10912	0.018	0.018,0.018	3.4e-10,1e-09	3.3e-10,1e-09	RIM	SPR,RA	1		1A22_A_B,1BP3_A_B	0
1412	1A22_B_QB366A	QB366A	QB121A	1A22	1A22_B	P10912	-0.017	-0.017,-0.017	3.4e-10,1e-09	3.5e-10,1e-09	RIM	SPR,RA	1		1A22_A_B,1BP3_A_B	0
1413	1A22_B_IB365A	IB365A	IB120A	1A22	1A22_B	P10912	-2.131	-2.131,-2.131	3.4e-10,1e-09	1.24e-08,3.95e-08	COR	SPR,RA	1		1A22_A_B,1BP3_A_B	0
1414	1A22_B_DB364A	DB364A	DB119A	1A22	1A22_B	P10912	-1.487	-1.487,-1.487	3.4e-10,1e-09	4.18e-09,1.43e-08	SUP	SPR,RA	1		1A22_A_B,1BP3_A_B	0
1415	1A22_B_RB271A	RB271A	RB30A	1A22	1A22_B	P10912	-0.536	-0.536,-0.536	3.4e-10,4e-10	8.4e-10,1.1e-09	COR	IARA,SPR	1		1A22_A_B,1BP3_A_B	0
1416	1A22_B_TB394A	TB394A	TB149A	1A22	1A22_B	P10912	-0.204	-0.204,-0.204	3.4e-10,1e-09	4.8e-10,1.35e-09	SUR	SPR,RA	1		1A22_A_B,1BP3_A_B	0
1417	1A22_B_TB301A	TB301A	TB60A	1A22	1A22_B	P10912	-1.762	-1.762,-1.762	3.4e-10,4e-10	6.65e-09,2.5e-09	SUP	IARA,SPR	1		1A22_A_B,1BP3_A_B	0
1418	1A22_B_FB296S	FB296S	FB55S	1A22	1A22_B	P10912	-0.05	-0.05,-0.05	3.4e-10,4e-10	3.7e-10,3.2e-10	INT	IARA,SPR	1		1A22_A_B,1BP3_A_B	0
1419	1A22_B_TB277A	TB277A	TB36A	1A22	1A22_B	P10912	-0.204	-0.204,-0.204	3.4e-10,4e-10	4.8e-10,2.6e-10	SUR	IARA,SPR	1		1A22_A_B,1BP3_A_B	0
1420	1A22_B_EB242A	EB242A	EB10A	1A22	1A22_B	P10912	-0.179	-0.179,-0.179	3.4e-10,4e-10	4.6e-10,3.2e-09	INT	IARA,SPR	1		1A22_A_B,1BP3_A_B	0
1421	1A22_B_NB418A	NB418A	NB173A	1A22	1A22_B	P10912	-0.296	-0.296,-0.296	3.4e-10,1e-09	5.6e-10,1.6e-09	COR	SPR,RA	1		1A22_A_B,1BP3_A_B	0
1422	1A22_B_SB324A	SB324A	SB83A	1A22	1A22_B	P10912	-0.274	-0.274,-0.274	3.4e-10,1e-09	5.4e-10,1.35e-09	SUP	SPR,RA	1		1A22_A_B,1BP3_A_B	0
1423	1A22_B_KB321A	KB321A	KB80A	1A22	1A22_B	P10912	-0.081	-0.081,-0.081	3.4e-10,1e-09	3.9e-10,1.14e-09	COR	SPR,RA	1		1A22_A_B,1BP3_A_B	0
1424	1A22_B_EB320A	EB320A	EB79A	1A22	1A22_B	P10912	0.182	0.182,0.182	3.4e-10,1e-09	2.5e-10,6.87e-10	RIM	SPR,RA	1		1A22_A_B,1BP3_A_B	0
1425	1A22_B_PB306A	PB306A	PB65A	1A22	1A22_B	P10912	-3.306	-3.306,-3.306	3.4e-10,4e-10	9.01e-08,3.37e-08	SUP	IARA,SPR	1		1A22_A_B,1BP3_A_B	0
1426	1A22_B_WB304A	WB304A	WB63A	1A22	1A22_B	P10912	-4.732	-4.732,-4.732	3.4e-10,4e-10	1e-06,1e-06	COR	IARA,SPR	2		1A22_A_B,1BP3_A_B	0
1427	1A22_B_RB270A	RB270A	RB29A	1A22	1A22_B	P10912	-0.69	-0.69,-0.69	3.4e-10,4e-10	1.09e-09,8.1e-10	SUP	IARA,SPR	1		1A22_A_B,1BP3_A_B	0
1428	1A22_B_KB403A	KB403A	KB158A	1A22	1A22_B	P10912	-0.24	-0.24	4e-10	6e-10	SUR	IARA	1		1A22_A_B,1BP3_A_B	0
1429	1A22_B_EB380A	EB380A	EB135A	1A22	1A22_B	P10912	-0.199	-0.199	4e-10	5.6e-10	INT	IARA	1		1A22_A_B,1BP3_A_B	0
1430	1A22_B_KB379A	KB379A	KB134A	1A22	1A22_B	P10912	0.0	0.0	4e-10	4e-10	INT	IARA	1		1A22_A_B,1BP3_A_B	0
1431	1A22_B_EB375A	EB375A	EB130A	1A22	1A22_B	P10912	0.079	0.079	4e-10	3.5e-10	INT	IARA	1		1A22_A_B,1BP3_A_B	0
1432	1A22_B_EB373A	EB373A	EB128A	1A22	1A22_B	P10912	-0.083	-0.083	4e-10	4.6e-10	INT	IARA	1		1A22_A_B,1BP3_A_B	0
1433	1A22_B_DB332A	DB332A	DB91A	1A22	1A22_B	P10912	-1.086	-1.086	4e-10	2.5e-09	SUR	IARA	1		1A22_A_B,1BP3_A_B	0
1434	1A22_B_KB310A	KB310A	KB69A	1A22	1A22_B	P10912	-0.043	-0.043	4e-10	4.3e-10	INT	IARA	1		1A22_A_B,1BP3_A_B	0
1435	1A22_B_EB291A	EB291A	EB50A	1A22	1A22_B	P10912	-0.178	-0.178	4e-10	5.4e-10	SUR	IARA	1		1A22_A_B,1BP3_A_B	0
1436	1A22_B_EB282A	EB282A	EB41A	1A22	1A22_B	P10912	-0.783	-0.783	4e-10	1.5e-09	SUR	IARA	1		1A22_A_B,1BP3_A_B	0
1437	1A22_B_KB281A	KB281A	KB40A	1A22	1A22_B	P10912	-0.144	-0.144	4e-10	5.1e-10	SUR	IARA	1		1A22_A_B,1BP3_A_B	0
1438	1A22_B_EB279A	EB279A	EB38A	1A22	1A22_B	P10912	0.079	0.079	4e-10	3.5e-10	SUR	IARA	1		1A22_A_B,1BP3_A_B	0
1439	1A22_B_RB239A	RB239A	RB7A	1A22	1A22_B	P10912	-0.269	-0.269	4e-10	6.3e-10	SUR	IARA	1		1A22_A_B,1BP3_A_B	0
1440	1A22_B_RB243M	RB243M	RB11M	1A22	1A22_B	P10912	-1.0	-1.0	3.4e-10	1.84e-09	SUP	SPR	1		1A22_A_B,1BP3_A_B	0
1441	1A22_B_RB243L	RB243L	RB11L	1A22	1A22_B	P10912	-0.522	-0.522	3.4e-10	8.2e-10	SUP	SPR	1		1A22_A_B,1BP3_A_B	0
1442	1A22_B_SB419A	SB419A	SB174A	1A22	1A22_B	P10912	-0.034	-0.034	3.4e-10	3.6e-10	COR	SPR	1		1A22_A_B,1BP3_A_B	0
1443	1A22_B_WB369A	WB369A	WB124A	1A22	1A22_B	P10912	-4.732	-4.732	3.4e-10	1e-06	COR	SPR	2		1A22_A_B,1BP3_A_B	0
1444	1A22_B_FB300A	FB300A	FB59A	1A22	1A22_B	P10912	0.015	0.015	4e-10	3.9e-10	SUR	IARA	1		1A22_A_B,1BP3_A_B	0
1445	1A22_B_SB299A	SB299A	SB58A	1A22	1A22_B	P10912	0.507	0.507	4e-10	1.7e-10	RIM	IARA	1		1A22_A_B,1BP3_A_B	0
1446	1A22_B_NB297A	NB297A	NB56A	1A22	1A22_B	P10912	0.255	0.255	4e-10	2.6e-10	SUR	IARA	1		1A22_A_B,1BP3_A_B	0
1447	1A22_B_QB278A	QB278A	QB37A	1A22	1A22_B	P10912	0.411	0.411	4e-10	2e-10	INT	IARA	1		1A22_A_B,1BP3_A_B	0
1448	1A22_B_TB251A	TB251A	TB19A	1A22	1A22_B	P10912	-0.07	-0.07	4e-10	4.5e-10	SUR	IARA	1		1A22_A_B,1BP3_A_B	0
1449	1A22_B_SB247A	SB247A	SB15A	1A22	1A22_B	P10912	0.015	0.015	4e-10	3.9e-10	INT	IARA	1		1A22_A_B,1BP3_A_B	0
1450	1A22_B_PB241A	PB241A	PB9A	1A22	1A22_B	P10912	-0.26	-0.26	4e-10	6.2e-10	INT	IARA	1		1A22_A_B,1BP3_A_B	0
1451	1A22_B_YB295A	YB295A	YB54A	1A22	1A22_B	P10912	-0.199	-0.199	4e-10	5.6e-10	SUR	IARA	1		1A22_A_B,1BP3_A_B	0
1452	1A22_B_WB304F	WB304F	WB63F	1A22	1A22_B	P10912	-2.785	-2.785	4e-10	4.4e-08	COR	IARA	1		1A22_A_B,1BP3_A_B	0
1453	1A22_B_EB424A	EB424A	EB179A	1A22	1A22_B	P10912	-0.108	-0.108	4e-10	4.8e-10	SUR	IARA	1		1A22_A_B,1BP3_A_B	0
1454	1A22_B_RB413A	RB413A	RB168A	1A22	1A22_B	P10912	0.191	0.191	4e-10	2.9e-10	INT	IARA	1		1A22_A_B,1BP3_A_B	0
1455	1A22_B_RB411A	RB411A	RB166A	1A22	1A22_B	P10912	-0.056	-0.056	4e-10	4.4e-10	INT	IARA	1		1A22_A_B,1BP3_A_B	0
1456	1A22_B_EB409A	EB409A	EB164A	1A22	1A22_B	P10912	0.062	0.062	4e-10	3.6e-10	INT	IARA	1		1A22_A_B,1BP3_A_B	0
1457	1A22_B_EB407A	EB407A	EB162A	1A22	1A22_B	P10912	0.079	0.079	4e-10	3.5e-10	SUR	IARA	1		1A22_A_B,1BP3_A_B	0
1458	1A22_B_KB406A	KB406A	KB161A	1A22	1A22_B	P10912	-0.199	-0.199	4e-10	5.6e-10	SUR	IARA	1		1A22_A_B,1BP3_A_B	0
1459	1A22_B_DB405A	DB405A	DB160A	1A22	1A22_B	P10912	0.046	0.046	4e-10	3.7e-10	SUR	IARA	1		1A22_A_B,1BP3_A_B	0
1460	1A22_B_CB322A	CB322A	CB81A	1A22	1A22_B	P10912	0.0	0.0	1e-09	1e-09	COR	RA	1		1A22_A_B,1BP3_A_B	0
1461	1A22_B_CB308A	CB308A	CB67A	1A22	1A22_B	P10912	0.0	0.0	1e-09	1e-09	SUP	RA	1		1A22_A_B,1BP3_A_B	0
1462	1A22_B_QB330A	QB330A	QB89A	1A22	1A22_B	P10912	0.03	0.03	4e-10	3.8e-10	INT	IARA	1		1A22_A_B,1BP3_A_B	0
1463	1A22_B_VB329A	VB329A	VB88A	1A22	1A22_B	P10912	0.046	0.046	4e-10	3.7e-10	INT	IARA	1		1A22_A_B,1BP3_A_B	0
1464	1A22_B_IB328A	IB328A	IB87A	1A22	1A22_B	P10912	-0.588	-0.588	4e-10	1.08e-09	INT	IARA	1		1A22_A_B,1BP3_A_B	0
1465	1A22_B_VB325A	VB325A	VB84A	1A22	1A22_B	P10912	-1.142	-1.142	4e-10	2.75e-09	INT	IARA	1		1A22_A_B,1BP3_A_B	0
1466	1AO7_D_SD31A	SD31A	SD31A	1AO7	1AO7_D	A0A075B6T6,P01848	-1.023	-1.023,-1.023,-1.023	2.49e-06,2.57e-06,2.23e-06	1.4e-05,1.35e-05,5.48e-06	SUP	SPR	2	TCR/pMHC	TCR/pMHC,1JCK_A_B	0
1467	1AO7_D_SD100A	SD100A	SD94A	1AO7	1AO7_D	A0A075B6T6,P01848	0.475	0.475,0.475	2.81e-06,2.1e-06	1.26e-06,2.1e-06	COR	SPR	2	TCR/pMHC	TCR/pMHC,1JCK_A_B	0
1468	1AO7_D_KD68A	KD68A	KD66A	1AO7	1AO7_D	A0A075B6T6,P01848	-1.292	-1.292,-1.292	2.36e-06,2.55e-06	2.09e-05,1.72e-05	COR	SPR	2	TCR/pMHC	TCR/pMHC,1JCK_A_B	0
1469	1AO7_D_YD50A	YD50A	YD50A	1AO7	1AO7_D	A0A075B6T6,P01848	-0.498	-0.498,-0.498	2.88e-06,4.64e-06	6.68e-06,1.05e-05	COR	SPR	2	TCR/pMHC	TCR/pMHC,1JCK_A_B	0
1470	1AO7_D_QD30V	QD30V	QD30V	1AO7	1AO7_D	A0A075B6T6,P01848	0.167	0.167,0.167	2.65e-06,2.06e-06	2e-06,2e-06	COR	SPR	2	TCR/pMHC	TCR/pMHC,1JCK_A_B	0
1471	1AO7_D_QD30L	QD30L	QD30L	1AO7	1AO7_D	A0A075B6T6,P01848	-1.834	-1.834,-1.834	2.68e-06,2.27e-06	5.92e-05,3.04e-05	COR	SPR	2	TCR/pMHC	TCR/pMHC,1JCK_A_B	0
1472	1AO7_D_RD27A	RD27A	RD27A	1AO7	1AO7_D	A0A075B6T6,P01848	-0.547	-0.547,-0.547	1.94e-06,2.2e-06	4.88e-06,4.58e-06	RIM	SPR	2	TCR/pMHC	TCR/pMHC,1JCK_A_B	0
1473	1AO7_D_TD98A	TD98A	TD92A	1AO7	1AO7_D	A0A075B6T6,P01848	-1.947	-1.947	2.66e-06	7.11e-05	COR	SPR	2	TCR/pMHC	TCR/pMHC,1JCK_A_B	0
1474	1AO7_D_TD93A	TD93A	TD91A	1AO7	1AO7_D	A0A075B6T6,P01848	-0.958	-0.958	2.88e-06	1.45e-05	INT	SPR	2	TCR/pMHC	TCR/pMHC,1JCK_A_B	0
1475	1AO7_D_ND52A	ND52A	ND52A	1AO7	1AO7_D	A0A075B6T6,P01848	-0.355	-0.355	2.84e-06	5.17e-06	RIM	SPR	2	TCR/pMHC	TCR/pMHC,1JCK_A_B	0
1476	1AO7_D_DD26A	DD26A	DD26A	1AO7	1AO7_D	A0A075B6T6,P01848	-0.979	-0.979	3.64e-06	1.9e-05	COR	SPR	2	TCR/pMHC	TCR/pMHC,1JCK_A_B	0
1477	1AO7_D_DD99A	DD99A	DD93A	1AO7	1AO7_D	A0A075B6T6,P01848	-0.78	-0.78	2.87e-06	1.07e-05	COR	SPR	2	TCR/pMHC	TCR/pMHC,1JCK_A_B	0
1478	1AO7_D_WD101A	WD101A	WD95A	1AO7	1AO7_D	A0A075B6T6,P01848	-2.224	-2.224	4.19e-06	0.000179	COR	SPR	2	TCR/pMHC	TCR/pMHC,1JCK_A_B	0
1479	1AO7_D_DD99N	DD99N	DD93N	1AO7	1AO7_D	A0A075B6T6,P01848	-2.46	-2.46	2.44e-06	0.000155	COR	SPR	2	TCR/pMHC	TCR/pMHC,1JCK_A_B	0
1480	1AO7_D_GD28I	GD28I	GD28I	1AO7	1AO7_D	A0A075B6T6,P01848	0.28	0.28	2.1e-06	1.31e-06	COR	SPR	2	TCR/pMHC	TCR/pMHC,1JCK_A_B	0
1481	1AO7_D_GD28A	GD28A	GD28A	1AO7	1AO7_D	A0A075B6T6,P01848	-0.543	-0.543	2.1e-06	5.25e-06	COR	SPR	2	TCR/pMHC	TCR/pMHC,1JCK_A_B	0
1482	1AO7_D_RD27F	RD27F	RD27F	1AO7	1AO7_D	A0A075B6T6,P01848	0.199	0.199	2.1e-06	1.5e-06	RIM	SPR	2	TCR/pMHC	TCR/pMHC,1JCK_A_B	0
1483	1AO7_D_DD26W	DD26W	DD26W	1AO7	1AO7_D	A0A075B6T6,P01848	1.08	1.08	2.1e-06	3.39e-07	COR	SPR	2	TCR/pMHC	TCR/pMHC,1JCK_A_B	0
1484	1AO7_D_DD26V	DD26V	DD26V	1AO7	1AO7_D	A0A075B6T6,P01848	-1.364	-1.364	2.1e-06	2.1e-05	COR	SPR	2	TCR/pMHC	TCR/pMHC,1JCK_A_B	0
1485	1AO7_D_DD26M	DD26M	DD26M	1AO7	1AO7_D	A0A075B6T6,P01848	-0.211	-0.211	2.1e-06	3e-06	COR	SPR	2	TCR/pMHC	TCR/pMHC,1JCK_A_B	0
1486	1AO7_D_SD100Y	SD100Y	SD94Y	1AO7	1AO7_D	A0A075B6T6,P01848	-2.318	-2.318	2.1e-06	0.000105	COR	SPR	2	TCR/pMHC	TCR/pMHC,1JCK_A_B	0
1487	1AO7_D_SD100T	SD100T	SD94T	1AO7	1AO7_D	A0A075B6T6,P01848	0.493	0.493	2.1e-06	9.13e-07	COR	SPR	2	TCR/pMHC	TCR/pMHC,1JCK_A_B	0
1488	1AO7_D_SD100N	SD100N	SD94N	1AO7	1AO7_D	A0A075B6T6,P01848	-1.907	-1.907	2.1e-06	5.25e-05	COR	SPR	2	TCR/pMHC	TCR/pMHC,1JCK_A_B	0
1489	1AO7_D_KD68H	KD68H	KD66H	1AO7	1AO7_D	A0A075B6T6,P01848	-0.954	-0.954	2.1e-06	1.05e-05	COR	SPR	2	TCR/pMHC	TCR/pMHC,1JCK_A_B	0
1490	1AO7_D_SD51M	SD51M	SD51M	1AO7	1AO7_D	A0A075B6T6,P01848	0.378	0.378	2.1e-06	1.11e-06	RIM	SPR	2	TCR/pMHC	TCR/pMHC,1JCK_A_B	0
1491	1AO7_D_QD30E	QD30E	QD30E	1AO7	1AO7_D	A0A075B6T6,P01848	-0.411	-0.411	2.1e-06	4.2e-06	COR	SPR	2	TCR/pMHC	TCR/pMHC,1JCK_A_B	0
1492	1AO7_D_QD30N	QD30N	QD30N	1AO7	1AO7_D	A0A075B6T6,P01848	-0.713	-0.713	2.1e-06	7e-06	COR	SPR	2	TCR/pMHC	TCR/pMHC,1JCK_A_B	0
1493	1AO7_D_SD29A	SD29A	SD29A	1AO7	1AO7_D	A0A075B6T6,P01848	-0.303	-0.303	2.1e-06	3.5e-06	SUP	SPR	2	TCR/pMHC	TCR/pMHC,1JCK_A_B	0
1494	1AO7_D_GD28V	GD28V	GD28V	1AO7	1AO7_D	A0A075B6T6,P01848	-0.543	-0.543	2.1e-06	5.25e-06	COR	SPR	2	TCR/pMHC	TCR/pMHC,1JCK_A_B	0
1495	1AO7_D_GD28T	GD28T	GD28T	1AO7	1AO7_D	A0A075B6T6,P01848	0.759	0.759	2.1e-06	5.83e-07	COR	SPR	2	TCR/pMHC	TCR/pMHC,1JCK_A_B	0
1496	1AO7_D_GD28R	GD28R	GD28R	1AO7	1AO7_D	A0A075B6T6,P01848	-2.318	-2.318	2.1e-06	0.000105	COR	SPR	2	TCR/pMHC	TCR/pMHC,1JCK_A_B	0
1497	1AO7_D_GD28M	GD28M	GD28M	1AO7	1AO7_D	A0A075B6T6,P01848	0.519	0.519	2.1e-06	8.75e-07	COR	SPR	2	TCR/pMHC	TCR/pMHC,1JCK_A_B	0
1498	1AO7_D_GD28L	GD28L	GD28L	1AO7	1AO7_D	A0A075B6T6,P01848	0.467	0.467	2.1e-06	9.55e-07	COR	SPR	2	TCR/pMHC	TCR/pMHC,1JCK_A_B	0
1499	1AO7_D_KD103P	KD103P	KD97P	1AO7	1AO7_D	A0A075B6T6,P01848	0.268	0.268	2.2e-06	1.4e-06	RIM	SPR	2	TCR/pMHC	TCR/pMHC,1JCK_A_B	0
1500	1AO7_D_RD27P	RD27P	RD27P	1AO7	1AO7_D	A0A075B6T6,P01848	-0.308	-0.308	2.2e-06	3.7e-06	RIM	SPR	2	TCR/pMHC	TCR/pMHC,1JCK_A_B	0
1501	4KRL_B_DB112A	DB112A	DB112A	4KRL	4KRL_B	Not Mapped	-0.65	-0.65	2.19e-07	6.56e-07	COR	SPR	2	AB/AG	AB/AG	0
1502	4KRL_B_RB30A	RB30A	RB30A	4KRL	4KRL_B	Not Mapped	-1.721	-1.721	2.19e-07	4e-06	COR	SPR	2	AB/AG	AB/AG	0
1503	3HFM_H_YH53L	YH53L	YH53L	3HFM	3HFM_H	Not Mapped	-0.794	-0.794	2.38e-09	9.09e-09	COR	ITC	1	AB/AG	AB/AG	0
1504	3HFM_H_YH53F	YH53F	YH53F	3HFM	3HFM_H	Not Mapped	-0.611	-0.611	2.38e-09	6.67e-09	COR	ITC	1	AB/AG	AB/AG	0
1505	3HFM_H_YH53W	YH53W	YH53W	3HFM	3HFM_H	Not Mapped	-0.695	-0.695	2.38e-09	7.69e-09	COR	ITC	1	AB/AG	AB/AG	0
1506	3HFM_H_YH50A	YH50A	YH50A	3HFM	3HFM_H	Not Mapped	-7.323	-7.323	3e-11	7e-06	SUP	SP	1	AB/AG	AB/AG	0
1507	3HFM_H_SH31A	SH31A	SH31A	3HFM	3HFM_H	Not Mapped	-0.17	-0.17	3e-11	4e-11	COR	SP	1	AB/AG	AB/AG	0
1508	3HFM_H_DH32N	DH32N	DH32N	3HFM	3HFM_H	Not Mapped	-0.17	-0.17	3e-11	4e-11	COR	SP	1	AB/AG	AB/AG	0
1509	3HFM_H_DH32A	DH32A	DH32A	3HFM	3HFM_H	Not Mapped	-1.899	-1.899	3e-11	7.4e-10	COR	SP	1	AB/AG	AB/AG	0
1510	3HFM_H_WH98A	WH98A	WH98A	3HFM	3HFM_H	Not Mapped	-5.513	-5.513	3e-11	3.3e-07	COR	SP	1	AB/AG	AB/AG	0
1511	3HFM_H_WH98F	WH98F	WH98F	3HFM	3HFM_H	Not Mapped	-3.247	-3.247	3e-11	7.2e-09	COR	SP	1	AB/AG	AB/AG	0
1512	3HFM_H_YH33A	YH33A	YH33A	3HFM	3HFM_H	Not Mapped	-6.038	-6.038	3e-11	8e-07	COR	SP	1	AB/AG	AB/AG	0
1513	3HFM_H_YH58A	YH58A	YH58A	3HFM	3HFM_H	Not Mapped	-1.649	-1.649	2.38e-09	3.85e-08	COR	ITC	1	AB/AG	AB/AG	0
1514	3HFM_H_YH58L	YH58L	YH58L	3HFM	3HFM_H	Not Mapped	-1.489	-1.489	2.38e-09	2.94e-08	COR	ITC	1	AB/AG	AB/AG	0
1515	3HFM_H_YH58F	YH58F	YH58F	3HFM	3HFM_H	Not Mapped	-0.357	-0.357	2.38e-09	4.35e-09	COR	ITC	1	AB/AG	AB/AG	0
1516	3HFM_H_YH50L	YH50L	YH50L	3HFM	3HFM_H	Not Mapped	-2.803	-2.803	2.38e-09	2.7e-07	SUP	ITC	1	AB/AG	AB/AG	0
1517	3HFM_H_YH50F	YH50F	YH50F	3HFM	3HFM_H	Not Mapped	-1.584	-1.584	2.38e-09	3.45e-08	SUP	ITC	1	AB/AG	AB/AG	0
1518	3HFM_H_YH33L	YH33L	YH33L	3HFM	3HFM_H	Not Mapped	-1.975	-1.975	2.38e-09	6.67e-08	COR	ITC	1	AB/AG	AB/AG	0
1519	3HFM_H_YH33F	YH33F	YH33F	3HFM	3HFM_H	Not Mapped	-1.054	-1.054	2.38e-09	1.41e-08	COR	ITC	1	AB/AG	AB/AG	0
1520	3HFM_H_YH33W	YH33W	YH33W	3HFM	3HFM_H	Not Mapped	-1.721	-1.721	2.38e-09	4.35e-08	COR	ITC	1	AB/AG	AB/AG	0
1521	3HFM_H_YH53A	YH53A	YH53A	3HFM	3HFM_H	Not Mapped	-3.198	-3.198	2.38e-09	5.26e-07	COR	ITC	1	AB/AG	AB/AG	0
1522	1BD2_C_YC5F	YC5F	YC5F	1BD2	1BD2_C	P0C213	-0.734	-0.734,-0.734,-0.734	1.29e-06,1.74e-06,1.35e-06	4.45e-06,4.45e-06,6.49e-06	COR	SPR	2	TCR/pMHC	TCR/pMHC,1JCK_A_B	0
1523	1BD2_C_YC5A	YC5A	YC5A	1BD2	1BD2_C	P0C213	-3.408	-3.408,-3.408,-3.408	1.43e-06,1.78e-06,1.35e-06	0.00045,0.000449,nan	COR	SPR	2	TCR/pMHC	TCR/pMHC,1JCK_A_B	0
1524	1BD2_C_YC8A	YC8A	YC8A	1BD2	1BD2_C	P0C213	-2.76	-2.76	1.62e-06	0.000171	COR	SPR	2	TCR/pMHC	TCR/pMHC,1JCK_A_B	0
1525	1BD2_C_YC5W	YC5W	YC5W	1BD2	1BD2_C	P0C213	-1.929	-1.929	1.35e-06	3.5e-05	COR	SPR	2	TCR/pMHC	TCR/pMHC,1JCK_A_B	0
1526	4P23_C_QC61A	QC61A	QC62A	4P23	4P23_C	P14434	-1.911	-1.911	6e-06	0.000151	COR	SPR	2	TCR/pMHC	TCR/pMHC,1JCK_A_B	0
1527	4P23_C_LC60A	LC60A	LC61A	4P23	4P23_C	P14434	-0.954	-0.954	6e-06	3e-05	SUP	SPR	2	TCR/pMHC	TCR/pMHC,1JCK_A_B	0
1528	4P23_C_QC57A	QC57A	QC58A	4P23	4P23_C	P14434	-0.973	-0.973	6e-06	3.1e-05	COR	SPR	2	TCR/pMHC	TCR/pMHC,1JCK_A_B	0
1529	4P23_C_DC55A	DC55A	DC56A	4P23	4P23_C	P14434	-0.992	-0.992	6e-06	3.2e-05	RIM	SPR	2	TCR/pMHC	TCR/pMHC,1JCK_A_B	0
1530	4P23_C_KC39A	KC39A	KC40A	4P23	4P23_C	P14434	-1.194	-1.194	6e-06	4.5e-05	RIM	SPR	2	TCR/pMHC	TCR/pMHC,1JCK_A_B	0
1531	4P23_C_KC75A	KC75A	KC76A	4P23	4P23_C	P14434	-0.17	-0.17	6e-06	8e-06	SUR	SPR	2	TCR/pMHC	TCR/pMHC,1JCK_A_B	0
1532	4P23_C_VC72A	VC72A	VC73A	4P23	4P23_C	P14434	0.0	0.0	6e-06	6e-06	INT	SPR	2	TCR/pMHC	TCR/pMHC,1JCK_A_B	0
1533	4P23_C_HC68A	HC68A	HC69A	4P23	4P23_C	P14434	-0.617	-0.617	6e-06	1.7e-05	COR	SPR	2	TCR/pMHC	TCR/pMHC,1JCK_A_B	0
1534	4P23_C_KC67A	KC67A	KC68A	4P23	4P23_C	P14434	-0.683	-0.683	6e-06	1.9e-05	RIM	SPR	2	TCR/pMHC	TCR/pMHC,1JCK_A_B	0
1535	4P23_C_VC65A	VC65A	VC66A	4P23	4P23_C	P14434	-1.167	-1.167	6e-06	4.3e-05	SUP	SPR	2	TCR/pMHC	TCR/pMHC,1JCK_A_B	0
1536	4P23_C_NC62A	NC62A	NC63A	4P23	4P23_C	P14434	-1.512	-1.512	6e-06	7.7e-05	SUP	SPR	2	TCR/pMHC	TCR/pMHC,1JCK_A_B	0
1537	1DQJ_B_WB98A	WB98A	WB98A	1DQJ	1DQJ_B	P01865	-4.934	-4.934	2.78e-09	1.15e-05	COR	SPR	1	AB/AG	AB/AG	0
1538	1DQJ_B_YB53A	YB53A	YB53A	1DQJ	1DQJ_B	P01865	-1.181	-1.181	2.78e-09	2.04e-08	COR	SPR	1	AB/AG	AB/AG	0
1539	1DQJ_B_YB50A	YB50A	YB50A	1DQJ	1DQJ_B	P01865	-6.891	-6.891	2.78e-09	0.000313	SUP	SPR	1	AB/AG	AB/AG	0
1540	1DQJ_B_YB33A	YB33A	YB33A	1DQJ	1DQJ_B	P01865	-5.527	-5.527	2.78e-09	3.13e-05	COR	SPR	1	AB/AG	AB/AG	0
1541	1DQJ_B_DB32A	DB32A	DB32A	1DQJ	1DQJ_B	P01865	-2.014	-2.014	2.78e-09	8.33e-08	COR	SPR	1	AB/AG	AB/AG	0
1542	3QDG_D_GD28P	GD28P	GD28P	3QDG	3QDG_D	P01848	-1.092	-1.092	9.5e-06	6e-05	COR	SPR	2	TCR/pMHC	TCR/pMHC,1JCK_A_B	0
1543	3QDG_D_RD27P	RD27P	RD27P	3QDG	3QDG_D	P01848	-0.138	-0.138	9.5e-06	1.2e-05	RIM	SPR	2	TCR/pMHC	TCR/pMHC,1JCK_A_B	0
1544	3QDG_D_GD28Y	GD28Y	GD28Y	3QDG	3QDG_D	P01848	-1.503	-1.503	9.5e-06	0.00012	COR	SPR	2	TCR/pMHC	TCR/pMHC,1JCK_A_B	0
1545	3QDG_D_GD28L	GD28L	GD28L	3QDG	3QDG_D	P01848	-1.389	-1.389	9.5e-06	9.9e-05	COR	SPR	2	TCR/pMHC	TCR/pMHC,1JCK_A_B	0
1546	3QDG_D_GD28I	GD28I	GD28I	3QDG	3QDG_D	P01848	-0.866	-0.866	9.5e-06	4.1e-05	COR	SPR	2	TCR/pMHC	TCR/pMHC,1JCK_A_B	0
1547	3QDG_D_RD27W	RD27W	RD27W	3QDG	3QDG_D	P01848	-0.596	-0.596	9.5e-06	2.6e-05	RIM	SPR	2	TCR/pMHC	TCR/pMHC,1JCK_A_B	0
1548	3QDG_D_DD26Y	DD26Y	DD26Y	3QDG	3QDG_D	P01848	1.794	1.794	9.5e-06	4.6e-07	COR	SPR	2	TCR/pMHC	TCR/pMHC,1JCK_A_B	0
1549	3QDG_D_DD26W	DD26W	DD26W	3QDG	3QDG_D	P01848	1.562	1.562	9.5e-06	6.8e-07	COR	SPR	2	TCR/pMHC	TCR/pMHC,1JCK_A_B	0
1550	3QDG_D_GD28N	GD28N	GD28N	3QDG	3QDG_D	P01848	-0.852	-0.852	9.5e-06	4e-05	COR	SPR	2	TCR/pMHC	TCR/pMHC,1JCK_A_B	0
1551	3QDJ_D_GD28N	GD28N	GD28N	3QDJ	3QDJ_D	P01848	-0.411	-0.411	4.3e-05	8.6e-05	COR	SPR	2	TCR/pMHC	TCR/pMHC,1JCK_A_B	0
1552	3QDJ_D_GD28P	GD28P	GD28P	3QDJ	3QDJ_D	P01848	-1.225	-1.225	4.3e-05	0.00034	COR	SPR	2	TCR/pMHC	TCR/pMHC,1JCK_A_B	0
1553	3QDJ_D_RD27P	RD27P	RD27P	3QDJ	3QDJ_D	P01848	-0.04	-0.04	4.3e-05	4.6e-05	RIM	SPR	2	TCR/pMHC	TCR/pMHC,1JCK_A_B	0
1554	3QDJ_D_GD28Y	GD28Y	GD28Y	3QDJ	3QDJ_D	P01848	-0.556	-0.556	4.3e-05	0.00011	COR	SPR	2	TCR/pMHC	TCR/pMHC,1JCK_A_B	0
1555	3QDJ_D_GD28L	GD28L	GD28L	3QDJ	3QDJ_D	P01848	-0.655	-0.655	4.3e-05	0.00013	COR	SPR	2	TCR/pMHC	TCR/pMHC,1JCK_A_B	0
1556	3QDJ_D_GD28I	GD28I	GD28I	3QDJ	3QDJ_D	P01848	0.105	0.105	4.3e-05	3.6e-05	COR	SPR	2	TCR/pMHC	TCR/pMHC,1JCK_A_B	0
1557	3QDJ_D_RD27W	RD27W	RD27W	3QDJ	3QDJ_D	P01848	-0.217	-0.217	4.3e-05	6.2e-05	RIM	SPR	2	TCR/pMHC	TCR/pMHC,1JCK_A_B	0
1558	3QDJ_D_DD26Y	DD26Y	DD26Y	3QDJ	3QDJ_D	P01848	1.337	1.337	4.3e-05	4.5e-06	COR	SPR	2	TCR/pMHC	TCR/pMHC,1JCK_A_B	0
1559	3QDJ_D_DD26W	DD26W	DD26W	3QDJ	3QDJ_D	P01848	2.172	2.172	4.3e-05	1.1e-06	COR	SPR	2	TCR/pMHC	TCR/pMHC,1JCK_A_B	0
1560	1XGP_B_AB33V	AB33V	AB33V	1XGP	1XGP_B	Not Mapped	1.153	1.153	5e-06	7.14e-07	SUP	ITC	2	AB/AG	AB/AG	0
1561	1XGP_B_AB33I	AB33I	AB33I	1XGP	1XGP_B	Not Mapped	2.261	2.261	5e-06	1.1e-07	SUP	ITC	2	AB/AG	AB/AG	0
1562	1XGP_B_AB33L	AB33L	AB33L	1XGP	1XGP_B	Not Mapped	2.2	2.2	5e-06	1.22e-07	SUP	ITC	2	AB/AG	AB/AG	0
1563	1XGP_B_AB33F	AB33F	AB33F	1XGP	1XGP_B	Not Mapped	4.062	4.062	5e-06	5.26e-09	SUP	ITC	2	AB/AG	AB/AG	0
1564	1XGQ_B_VB33A	VB33A	VB33A	1XGQ	1XGQ_B	Not Mapped	-1.153	-1.153	7.14e-07	5e-06	SUP	ITC	2	AB/AG	AB/AG	0
1565	1XGQ_B_VB33I	VB33I	VB33I	1XGQ	1XGQ_B	Not Mapped	1.108	1.108	7.14e-07	1.1e-07	SUP	ITC	2	AB/AG	AB/AG	0
1566	1XGQ_B_VB33L	VB33L	VB33L	1XGQ	1XGQ_B	Not Mapped	1.047	1.047	7.14e-07	1.22e-07	SUP	ITC	2	AB/AG	AB/AG	0
1567	1XGQ_B_VB33F	VB33F	VB33F	1XGQ	1XGQ_B	Not Mapped	2.909	2.909	7.14e-07	5.26e-09	SUP	ITC	2	AB/AG	AB/AG	0
1568	1OGA_E_QE58A	QE58A	QE54A	1OGA	1OGA_E	P01850	-0.495	-0.495,-0.495	5.2e-06,5.24e-06	1.2e-05,1.22e-05	COR	ITC,SPR	1	TCR/pMHC	TCR/pMHC,1JCK_A_B	0
1569	1OGA_E_DE56A	DE56A	DE52A	1OGA	1OGA_E	P01850	-0.132	-0.132,-0.132	5.2e-06,5.24e-06	6.5e-06,6.21e-06	COR	ITC,SPR	1	TCR/pMHC	TCR/pMHC,1JCK_A_B	0
1570	1OGA_E_NE55A	NE55A	NE51A	1OGA	1OGA_E	P01850	-1.13	-1.13,-1.13	5.2e-06,5.24e-06	3.5e-05,3.36e-05	RIM	ITC,SPR	1	TCR/pMHC	TCR/pMHC,1JCK_A_B	0
1571	1OGA_E_IE53V	IE53V	IE49V	1OGA	1OGA_E	P01850	-0.201	-0.201,-0.201	5.2e-06,5.24e-06	7.3e-06,7.35e-06	COR	ITC,SPR	1	TCR/pMHC	TCR/pMHC,1JCK_A_B	0
1572	1OGA_E_YE101F	YE101F	YE97F	1OGA	1OGA_E	P01850	-0.495	-0.495,-0.495	5.2e-06,5.24e-06	1.2e-05,1.22e-05	COR	ITC,SPR	1	TCR/pMHC	TCR/pMHC,1JCK_A_B	0
1573	1OGA_E_YE101A	YE101A	YE97A	1OGA	1OGA_E	P01850	-0.233	-0.233,-0.233	5.2e-06,5.24e-06	7.7e-06,7.35e-06	COR	ITC,SPR	1	TCR/pMHC	TCR/pMHC,1JCK_A_B	0
1574	1OGA_E_SE99A	SE99A	SE95A	1OGA	1OGA_E	P01850	0.035	0.035,0.035	5.2e-06,5.24e-06	4.9e-06,5.24e-06	SUP	ITC,SPR	1	TCR/pMHC	TCR/pMHC,1JCK_A_B	0
1575	1OGA_E_QE58E	QE58E	QE54E	1OGA	1OGA_E	P01850	0.0	0.0,0.0	5.2e-06,5.24e-06	5.2e-06,5.24e-06	COR	ITC,SPR	1	TCR/pMHC	TCR/pMHC,1JCK_A_B	0
1576	1OGA_E_IE53N	IE53N	IE49N	1OGA	1OGA_E	P01850	-2.162	-2.162	5.2e-06	0.0002	COR	SPR	2	TCR/pMHC	TCR/pMHC,1JCK_A_B	0
1577	1OGA_E_IE53G	IE53G	IE49G	1OGA	1OGA_E	P01850	-2.162	-2.162	5.2e-06	0.0002	COR	SPR	2	TCR/pMHC	TCR/pMHC,1JCK_A_B	0
1578	1OGA_E_IE53A	IE53A	IE49A	1OGA	1OGA_E	P01850	-2.162	-2.162	5.2e-06	0.0002	COR	SPR	2	TCR/pMHC	TCR/pMHC,1JCK_A_B	0
1579	1OGA_E_QE52E	QE52E	QE48E	1OGA	1OGA_E	P01850	-2.162	-2.162	5.2e-06	0.0002	COR	SPR	2	TCR/pMHC	TCR/pMHC,1JCK_A_B	0
1580	1OGA_E_QE52A	QE52A	QE48A	1OGA	1OGA_E	P01850	-2.162	-2.162	5.2e-06	0.0002	COR	SPR	2	TCR/pMHC	TCR/pMHC,1JCK_A_B	0
1581	1OGA_E_DE32S	DE32S	DE28S	1OGA	1OGA_E	P01850	-2.162	-2.162	5.2e-06	0.0002	COR	SPR	2	TCR/pMHC	TCR/pMHC,1JCK_A_B	0
1582	1OGA_E_DE32A	DE32A	DE28A	1OGA	1OGA_E	P01850	-1.573	-1.573	5.2e-06	7.4e-05	COR	SPR	1	TCR/pMHC	TCR/pMHC,1JCK_A_B	0
1583	1OGA_E_IE53L	IE53L	IE49L	1OGA	1OGA_E	P01850	-1.419	-1.419	5.2e-06	5.7e-05	COR	SPR	1	TCR/pMHC	TCR/pMHC,1JCK_A_B	0
1584	1OGA_E_RE98H	RE98H	RE94H	1OGA	1OGA_E	P01850	-2.162	-2.162	5.2e-06	0.0002	COR	SPR	2	TCR/pMHC	TCR/pMHC,1JCK_A_B	0
1585	1OGA_E_RE98A	RE98A	RE94A	1OGA	1OGA_E	P01850	-2.162	-2.162	5.2e-06	0.0002	COR	SPR	2	TCR/pMHC	TCR/pMHC,1JCK_A_B	0
1586	1OGA_E_NE55D	NE55D	NE51D	1OGA	1OGA_E	P01850	-0.495	-0.495	5.2e-06	1.2e-05	RIM	SPR	1	TCR/pMHC	TCR/pMHC,1JCK_A_B	0
1587	2UWE_A_AA163T	AA163T	AA163T	2UWE	2UWE_A	P04439	-0.404	-0.404	4.7e-06	9.3e-06	COR	SPR	2	TCR/pMHC	TCR/pMHC,1JCK_A_B	0
1588	4JFF_C_TC9A	TC9A	TC9A	4JFF	4JFF_C	Q16655	-6.534	-6.534	6e-10	3.7e-05	SUP	SPR	2	TCR/pMHC	TCR/pMHC,1JCK_A_B	0
1589	4JFF_C_LC8A	LC8A	LC8A	4JFF	4JFF_C	Q16655	-6.199	-6.199	6e-10	2.1e-05	COR	SPR	2	TCR/pMHC	TCR/pMHC,1JCK_A_B	0
1590	4JFF_C_IC7A	IC7A	IC7A	4JFF	4JFF_C	Q16655	-6.43	-6.43	6e-10	3.1e-05	SUP	SPR	2	TCR/pMHC	TCR/pMHC,1JCK_A_B	0
1591	4JFF_C_GC6A	GC6A	GC6A	4JFF	4JFF_C	Q16655	-6.595	-6.595	6e-10	4.1e-05	SUP	SPR	2	TCR/pMHC	TCR/pMHC,1JCK_A_B	0
1592	4JFF_C_GC4A	GC4A	GC4A	4JFF	4JFF_C	Q16655	-6.518	-6.518	6e-10	3.6e-05	COR	SPR	2	TCR/pMHC	TCR/pMHC,1JCK_A_B	0
1593	4JFF_C_EC1A	EC1A	EC1A	4JFF	4JFF_C	Q16655	-7.323	-7.323	6e-10	0.00014	SUP	SPR	2	TCR/pMHC	TCR/pMHC,1JCK_A_B	0
1594	4P23_D_RD72A	RD72A	RD81A	4P23	4P23_D	P14483,P14483	-0.091	-0.091	6e-06	7e-06	SUR	SPR	2	TCR/pMHC	TCR/pMHC,1JCK_A_B	0
1595	4P23_D_RD70A	RD70A	RD79A	4P23	4P23_D	P14483,P14483	-2.072	-2.072	6e-06	0.000198	COR	SPR	2	TCR/pMHC	TCR/pMHC,1JCK_A_B	0
1596	4P23_D_ED69A	ED69A	ED78A	4P23	4P23_D	P14483,P14483	-0.17	-0.17	6e-06	8e-06	SUR	SPR	2	TCR/pMHC	TCR/pMHC,1JCK_A_B	0
1597	4P23_D_ID67A	ID67A	ID76A	4P23	4P23_D	P14483,P14483	-0.17	-0.17	6e-06	8e-06	INT	SPR	2	TCR/pMHC	TCR/pMHC,1JCK_A_B	0
1598	4P23_D_ED66A	ED66A	ED75A	4P23	4P23_D	P14483,P14483	-0.17	-0.17	6e-06	8e-06	RIM	SPR	2	TCR/pMHC	TCR/pMHC,1JCK_A_B	0
1599	4P23_D_PD65A	PD65A	PD74A	4P23	4P23_D	P14483,P14483	-0.091	-0.091	6e-06	7e-06	SUR	SPR	2	TCR/pMHC	TCR/pMHC,1JCK_A_B	0
1600	4P23_D_QD64A	QD64A	QD73A	4P23	4P23_D	P14483,P14483	-0.17	-0.17	6e-06	8e-06	SUR	SPR	2	TCR/pMHC	TCR/pMHC,1JCK_A_B	0
1601	4P23_D_SD63A	SD63A	SD72A	4P23	4P23_D	P14483,P14483	0.0	0.0	6e-06	6e-06	SUR	SPR	2	TCR/pMHC	TCR/pMHC,1JCK_A_B	0
1602	4P23_D_YD60A	YD60A	YD69A	4P23	4P23_D	P14483,P14483	-0.24	-0.24	6e-06	9e-06	SUR	SPR	2	TCR/pMHC	TCR/pMHC,1JCK_A_B	0
1603	4P23_D_ED59A	ED59A	ED68A	4P23	4P23_D	P14483,P14483	-0.091	-0.091	6e-06	7e-06	SUR	SPR	2	TCR/pMHC	TCR/pMHC,1JCK_A_B	0
1604	4P23_D_ED84A	ED84A	ED93A	4P23	4P23_D	P14483,P14483	-0.091	-0.091	6e-06	7e-06	SUR	SPR	2	TCR/pMHC	TCR/pMHC,1JCK_A_B	0
1605	4P23_D_HD81A	HD81A	HD90A	4P23	4P23_D	P14483,P14483	-0.17	-0.17	6e-06	8e-06	RIM	SPR	2	TCR/pMHC	TCR/pMHC,1JCK_A_B	0
1606	4P23_D_RD80A	RD80A	RD89A	4P23	4P23_D	P14483,P14483	-0.091	-0.091	6e-06	7e-06	SUR	SPR	2	TCR/pMHC	TCR/pMHC,1JCK_A_B	0
1607	4P23_D_TD77A	TD77A	TD86A	4P23	4P23_D	P14483,P14483	0.0	0.0	6e-06	6e-06	RIM	SPR	2	TCR/pMHC	TCR/pMHC,1JCK_A_B	0
1608	4P23_D_DD76A	DD76A	DD85A	4P23	4P23_D	P14483,P14483	-0.091	-0.091	6e-06	7e-06	SUR	SPR	2	TCR/pMHC	TCR/pMHC,1JCK_A_B	0
1609	3HFM_L_NL31E	NL31E	NL31E	3HFM	3HFM_L	P01837	-5.71	-5.71	3e-11	4.6e-07	COR	SP	1	AB/AG	AB/AG	0
1610	3HFM_L_NL31D	NL31D	NL31D	3HFM	3HFM_L	P01837	-1.344	-1.344	3e-11	2.9e-10	COR	SP	1	AB/AG	AB/AG	0
1611	3HFM_L_NL31A	NL31A	NL31A	3HFM	3HFM_L	P01837	-5.216	-5.216	3e-11	2e-07	COR	SP	1	AB/AG	AB/AG	0
1612	3HFM_L_NL32A	NL32A	NL32A	3HFM	3HFM_L	P01837	-5.11	-5.11	3e-11	1.67e-07	SUP	SP	1	AB/AG	AB/AG	0
1613	3HFM_L_YL96F	YL96F	YL96F	3HFM	3HFM_L	P01837	-1.402	-1.402	3e-11	3.2e-10	SUP	SP	1	AB/AG	AB/AG	0
1614	3HFM_L_YL96A	YL96A	YL96A	3HFM	3HFM_L	P01837	-2.708	-2.708	3e-11	2.9e-09	SUP	SP	1	AB/AG	AB/AG	0
1615	3HFM_L_QL53A	QL53A	QL53A	3HFM	3HFM_L	P01837	-0.954	-0.954	3e-11	1.5e-10	COR	SP	1	AB/AG	AB/AG	0
1616	3HFM_L_YL50F	YL50F	YL50F	3HFM	3HFM_L	P01837	-2.356	-2.356	3e-11	1.6e-09	COR	SP	1	AB/AG	AB/AG	0
1617	3HFM_L_YL50L	YL50L	YL50L	3HFM	3HFM_L	P01837	-4.395	-4.395	3e-11	5e-08	COR	SP	1	AB/AG	AB/AG	0
1618	3HFM_L_YL50A	YL50A	YL50A	3HFM	3HFM_L	P01837	-4.56	-4.56	3e-11	6.6e-08	COR	SP	1	AB/AG	AB/AG	0
1619	3SE9_H_GH59A	GH59A	GH62A	3SE9	3SE9_H	Not Mapped	-0.046	-0.046	2.5e-08	2.7e-08	RIM	SPR	2	AB/AG	AB/AG	0
1620	3SE9_H_NH57A	NH57A	NH60A	3SE9	3SE9_H	Not Mapped	-1.497	-1.497	2.5e-08	3.13e-07	COR	SPR	2	AB/AG	AB/AG	0
1621	3SE9_H_VH56A	VH56A	VH59A	3SE9	3SE9_H	Not Mapped	-0.968	-0.968	2.5e-08	1.28e-07	COR	SPR	2	AB/AG	AB/AG	0
1622	3SE9_H_GH54A	GH54A	GH57A	3SE9	3SE9_H	Not Mapped	-0.445	-0.445	2.5e-08	5.3e-08	COR	SPR	2	AB/AG	AB/AG	0
1623	3SE9_H_TH53A	TH53A	TH56A	3SE9	3SE9_H	Not Mapped	0.845	0.845	2.5e-08	6e-09	COR	SPR	2	AB/AG	AB/AG	0
1624	3SE9_H_VH52bA	VH52bA	VH55A	3SE9	3SE9_H	Not Mapped	0.845	0.845	2.5e-08	6e-09	RIM	SPR	2	AB/AG	AB/AG	0
1625	3SE9_H_WH50A	WH50A	WH51A	3SE9	3SE9_H	Not Mapped	-1.255	-1.255	2.5e-08	2.08e-07	SUP	SPR	2	AB/AG	AB/AG	0
1626	3SE9_H_WH47A	WH47A	WH48A	3SE9	3SE9_H	Not Mapped	-1.041	-1.041	2.5e-08	1.45e-07	SUP	SPR	2	AB/AG	AB/AG	0
1627	3SE9_H_LH34A	LH34A	LH34A	3SE9	3SE9_H	Not Mapped	-0.557	-0.557	2.5e-08	6.4e-08	SUP	SPR	2	AB/AG	AB/AG	0
1628	3SE9_H_GH100cA	GH100cA	GH109A	3SE9	3SE9_H	Not Mapped	-0.182	-0.182	2.5e-08	3.4e-08	SUP	SPR	2	AB/AG	AB/AG	0
1629	3SE9_H_GH100aA	GH100aA	GH107A	3SE9	3SE9_H	Not Mapped	0.605	0.605	2.5e-08	9e-09	RIM	SPR	2	AB/AG	AB/AG	0
1630	3SE9_H_GH100A	GH100A	GH106A	3SE9	3SE9_H	Not Mapped	0.303	0.303	2.5e-08	1.5e-08	COR	SPR	2	AB/AG	AB/AG	0
1631	3SE9_H_TH99A	TH99A	TH105A	3SE9	3SE9_H	Not Mapped	0.435	0.435	2.5e-08	1.2e-08	SUP	SPR	2	AB/AG	AB/AG	0
1632	3SE9_H_YH98A	YH98A	YH104A	3SE9	3SE9_H	Not Mapped	-0.456	-0.456	2.5e-08	5.4e-08	RIM	SPR	2	AB/AG	AB/AG	0
1633	3SE9_H_DH74A	DH74A	DH77A	3SE9	3SE9_H	Not Mapped	0.754	0.754	2.5e-08	7e-09	RIM	SPR	2	AB/AG	AB/AG	0
1634	3SE9_H_RH73A	RH73A	RH76A	3SE9	3SE9_H	Not Mapped	0.228	0.228	2.5e-08	1.7e-08	RIM	SPR	2	AB/AG	AB/AG	0
1635	3SE9_H_RH71A	RH71A	RH74A	3SE9	3SE9_H	Not Mapped	-2.636	-2.636	2.5e-08	2.14e-06	COR	SPR	2	AB/AG	AB/AG	0
1636	3SE9_H_RH64A	RH64A	RH67A	3SE9	3SE9_H	Not Mapped	-1.446	-1.446	2.5e-08	2.87e-07	COR	SPR	2	AB/AG	AB/AG	0
1637	3SE9_H_PH61A	PH61A	PH64A	3SE9	3SE9_H	Not Mapped	0.435	0.435	2.5e-08	1.2e-08	RIM	SPR	2	AB/AG	AB/AG	0
1638	2NYY_C_HC34R	HC34R	HC34R	2NYY	2NYY_C	Not Mapped	-0.102	-0.102	1.55e-10	1.84e-10	RIM	KinExA	2	AB/AG	AB/AG	0
1639	2NYY_C_SC31N	SC31N	SC31N	2NYY	2NYY_C	Not Mapped	0.356	0.356	1.55e-10	8.5e-11	COR	KinExA	2	AB/AG	AB/AG	0
1640	2NYY_C_DC30Y	DC30Y	DC30Y	2NYY	2NYY_C	Not Mapped	-0.646	-0.646	1.55e-10	4.61e-10	RIM	KinExA	2	AB/AG	AB/AG	0
1641	2NYY_C_SC28Q	SC28Q	SC28Q	2NYY	2NYY_C	Not Mapped	-0.416	-0.416	1.55e-10	3.13e-10	RIM	KinExA	2	AB/AG	AB/AG	0
1642	3SE3_A_NA242A	NA242A	NA227A	3SE3	3SE3_A	P17181	-0.543	-0.543	2.5e-08	6.25e-08	INT	SP	2		3SE3_B_A,3SE4_B_A	0
1643	3SE3_A_RA241A	RA241A	RA226A	3SE3	3SE3_A	P17181	-0.411	-0.411	2.5e-08	5e-08	COR	SP	2		3SE3_B_A,3SE4_B_A	0
1644	3SE3_A_FA238A	FA238A	FA223A	3SE3	3SE3_A	P17181	-1.497	-1.497	2.5e-08	3.13e-07	COR	SP	2		3SE3_B_A,3SE4_B_A	0
1645	3SE3_A_SA182A	SA182A	SA167A	3SE3	3SE3_A	P17181	0.239	0.239	2.5e-08	1.67e-08	COR	SP	2		3SE3_B_A,3SE4_B_A	0
1646	3SE3_A_TA181A	TA181A	TA166A	3SE3	3SE3_A	P17181	0.156	0.156	2.5e-08	1.92e-08	COR	SP	2		3SE3_B_A,3SE4_B_A	0
1647	3SE3_A_YA163A	YA163A	YA148A	3SE3	3SE3_A	P17181	-0.411	-0.411	2.5e-08	5e-08	SUR	SP	2		3SE3_B_A,3SE4_B_A	0
1648	3SE3_A_NA155T	NA155T	NA140T	3SE3	3SE3_A	P17181	-0.133	-0.133	2.5e-08	3.13e-08	RIM	SP	2		3SE3_B_A,3SE4_B_A	0
1649	3SE3_A_SA135A	SA135A	SA120A	3SE3	3SE3_A	P17181	-0.543	-0.543	2.5e-08	6.25e-08	COR	SP	2		3SE3_B_A,3SE4_B_A	0
1650	3SE3_A_DA132A	DA132A	DA117A	3SE3	3SE3_A	P17181	-0.543	-0.543	2.5e-08	6.25e-08	COR	SP	2		3SE3_B_A,3SE4_B_A	0
1651	3SE3_A_LA131A	LA131A	LA116A	3SE3	3SE3_A	P17181	0.0	0.0	2.5e-08	2.5e-08	COR	SP	2		3SE3_B_A,3SE4_B_A	0
1652	3SE3_A_KA113A	KA113A	KA98A	3SE3	3SE3_A	P17181	-1.497	-1.497	2.5e-08	3.13e-07	INT	SP	2		3SE3_B_A,3SE4_B_A	0
1653	3SE3_A_EA111A	EA111A	EA96A	3SE3	3SE3_A	P17181	-0.713	-0.713	2.5e-08	8.33e-08	INT	SP	2		3SE3_B_A,3SE4_B_A	0
1654	3SE3_A_FA96A	FA96A	FA81A	3SE3	3SE3_A	P17181	-0.411	-0.411	2.5e-08	5e-08	COR	SP	2		3SE3_B_A,3SE4_B_A	0
1655	3SE3_A_YA70A	YA70A	YA55A	3SE3	3SE3_A	P17181	-1.497	-1.497	2.5e-08	3.13e-07	COR	SP	2		3SE3_B_A,3SE4_B_A	0
1656	3SE3_A_NA68A	NA68A	NA53A	3SE3	3SE3_A	P17181	0.348	0.348	2.5e-08	1.39e-08	RIM	SP	2		3SE3_B_A,3SE4_B_A	0
1657	3SE3_A_FA290A	FA290A	FA273A	3SE3	3SE3_A	P17181	0.0	0.0	2.5e-08	2.5e-08	SUR	SP	2		3SE3_B_A,3SE4_B_A	0
1658	3SE3_A_NA245A	NA245A	NA230A	3SE3	3SE3_A	P17181	-0.211	-0.211	2.5e-08	3.57e-08	RIM	SP	2		3SE3_B_A,3SE4_B_A	0
1659	1SGE_I_EI18L	EI18L	EI13L	1SGE	1SGE_I	P68390	5.983	5.983	4.35e-07	1.79e-11	COR	SP	1	Pr/PI	Pr/PI	9
1660	2SGQ_I_QI18L	QI18L	QI13L	2SGQ	2SGQ_I	P68390	2.604	2.604	1.45e-09	1.79e-11	COR	SP	1	Pr/PI	Pr/PI	9
1661	1SGY_I_YI18L	YI18L	YI13L	1SGY	1SGY_I	P68390	1.676	1.676	3.03e-10	1.79e-11	COR	SP	1	Pr/PI	Pr/PI	9
1662	2NU4_I_KI18L	KI18L	KI13L	2NU4	2NU4_I	P68390	3.182	3.182	3.85e-09	1.79e-11	COR	SP	1	Pr/PI	Pr/PI	9
1663	1CT4_I_VI18L	VI18L	VI13L	1CT4	1CT4_I	P68390	3.034	3.034	3e-09	1.79e-11	COR	SP	1	Pr/PI	Pr/PI	9
1664	1CT2_I_TI18L	TI18L	TI13L	1CT2	1CT2_I	P68390	3.205	3.205	4e-09	1.79e-11	COR	SP	1	Pr/PI	Pr/PI	9
1665	1CHO_I_YI20H	YI20H	YI17H	1CHO	1CHO_I	P68390	-1.589	-1.589,-1.589	5.26e-12,5.26e-12	7.69e-11,5.88e-11	COR	FL	1	Pr/PI	Pr/PI	9
1666	1CHO_I_YI20D	YI20D	YI17D	1CHO	1CHO_I	P68390	-6.296	-6.296,-6.296	5.26e-12,5.26e-12	2.17e-07,1.59e-07	COR	FL	1	Pr/PI	Pr/PI	9
1667	1CHO_I_TI17E	TI17E	TI14E	1CHO	1CHO_I	P68390	-6.426	-6.426,-6.426	5.26e-12,5.26e-12	2.7e-07,2.04e-08	COR	FL	1	Pr/PI	Pr/PI	9
1668	1CHO_I_TI17V	TI17V	TI14V	1CHO	1CHO_I	P68390	-3.581	-3.581,-3.581	5.26e-12,5.26e-12	2.22e-09,1.32e-09	COR	FL	1	Pr/PI	Pr/PI	9
1669	1CHO_I_GI32V	GI32V	GI29V	1CHO	1CHO_I	P68390	-0.702	-0.702,-0.702	5.26e-12,5.26e-12	1.72e-11,1.43e-11	SUP	FL	1	Pr/PI	Pr/PI	9
1670	1CHO_I_GI32A	GI32A	GI29A	1CHO	1CHO_I	P68390	1.092	1.092,1.092	5.26e-12,5.26e-12	8.33e-13,1.43e-12	SUP	FL	1	Pr/PI	Pr/PI	9
1671	1CHO_I_TI17S	TI17S	TI14S	1CHO	1CHO_I	P68390	-2.351	-2.351,-2.351	5.26e-12,5.26e-12	2.78e-10,2.78e-10	COR	FL	1	Pr/PI	Pr/PI	9
1672	1CHO_I_TI17A	TI17A	TI14A	1CHO	1CHO_I	P68390	-4.159	-4.159,-4.159	5.26e-12,5.26e-12	5.88e-09,7.69e-09	COR	FL	1	Pr/PI	Pr/PI	9
1673	1CHO_I_AI15V	AI15V	AI12V	1CHO	1CHO_I	P68390	-0.954	-0.954,-0.954	5.26e-12,5.26e-12	2.63e-11,2.5e-11	COR	FL	1	Pr/PI	Pr/PI	9
1674	1CHO_I_LI18E	LI18E	LI15E	1CHO	1CHO_I	P68390	-6.659	-6.659,-6.659	5.26e-12,5.26e-12	4e-07,5.56e-07	COR	FL	1	Pr/PI	Pr/PI	9
1675	1CHO_I_LI18Q	LI18Q	LI15Q	1CHO	1CHO_I	P68390	-2.953	-2.953,-2.953	5.26e-12,5.26e-12	7.69e-10,2.13e-09	COR	FL	1	Pr/PI	Pr/PI	9
1676	1CHO_I_LI18K	LI18K	LI15K	1CHO	1CHO_I	P68390	-4.473	-4.473,-4.473	5.26e-12,5.26e-12	1e-08,7.14e-09	COR	FL	1	Pr/PI	Pr/PI	9
1677	1CHO_I_LI18M	LI18M	LI15M	1CHO	1CHO_I	P68390	-0.381	-0.381,-0.381	5.26e-12,5.26e-12	1e-11,9.09e-12	COR	FL	1	Pr/PI	Pr/PI	9
1678	1CHO_I_LI18A	LI18A	LI15A	1CHO	1CHO_I	P68390	-4.766	-4.766,-4.766	5.26e-12,5.26e-12	1.64e-08,2.17e-08	COR	FL	1	Pr/PI	Pr/PI	9
1679	1CHO_I_LI18V	LI18V	LI15V	1CHO	1CHO_I	P68390	-4.274	-4.274	5.26e-12	7.14e-09	COR	FL	1	Pr/PI	Pr/PI	9
1680	1CHO_I_LI18C	LI18C	LI15C	1CHO	1CHO_I	P68390	-2.642	-2.642	5.26e-12	4.55e-10	COR	FL	1	Pr/PI	Pr/PI	9
1681	1CHO_I_LI18S	LI18S	LI15S	1CHO	1CHO_I	P68390	-4.987	-4.987	5.26e-12	2.38e-08	COR	FL	1	Pr/PI	Pr/PI	9
1682	1CHO_I_LI18G	LI18G	LI15G	1CHO	1CHO_I	P68390	-6.085	-6.085	5.26e-12	1.52e-07	COR	FL	1	Pr/PI	Pr/PI	9
1683	1CHO_I_LI18W	LI18W	LI15W	1CHO	1CHO_I	P68390	1.691	1.691	5.26e-12	3.03e-13	COR	FL	1	Pr/PI	Pr/PI	9
1684	1CHO_I_LI18Y	LI18Y	LI15Y	1CHO	1CHO_I	P68390	2.225	2.225	5.26e-12	1.23e-13	COR	FL	1	Pr/PI	Pr/PI	9
1685	1CHO_I_LI18R	LI18R	LI15R	1CHO	1CHO_I	P68390	-4.007	-4.007	5.26e-12	4.55e-09	COR	FL	1	Pr/PI	Pr/PI	9
1686	1CHO_I_LI18F	LI18F	LI15F	1CHO	1CHO_I	P68390	1.502	1.502	5.26e-12	4.17e-13	COR	FL	1	Pr/PI	Pr/PI	9
1687	1CHO_I_LI18H	LI18H	LI15H	1CHO	1CHO_I	P68390	-3.001	-3.001	5.26e-12	8.33e-10	COR	FL	1	Pr/PI	Pr/PI	9
1688	1CHO_I_LI18D	LI18D	LI15D	1CHO	1CHO_I	P68390	-7.201	-7.201	5.26e-12	1e-06	COR	FL	1	Pr/PI	Pr/PI	9
1689	1CHO_I_LI18N	LI18N	LI15N	1CHO	1CHO_I	P68390	-3.357	-3.357	5.26e-12	1.52e-09	COR	FL	1	Pr/PI	Pr/PI	9
1690	1CHO_I_LI18I	LI18I	LI15I	1CHO	1CHO_I	P68390	-4.479	-4.479	5.26e-12	1.01e-08	COR	FL	1	Pr/PI	Pr/PI	9
1691	1CHO_I_LI18P	LI18P	LI15P	1CHO	1CHO_I	P68390	-8.802	-8.802	5.26e-12	1.49e-05	COR	FL	1	Pr/PI	Pr/PI	9
1692	1CHO_I_LI18T	LI18T	LI15T	1CHO	1CHO_I	P68390	-4.485	-4.485	5.26e-12	1.02e-08	COR	FL	1	Pr/PI	Pr/PI	9
1693	1CHO_I_AI15K	AI15K	AI12K	1CHO	1CHO_I	P68390	-2.499	-2.499	5.26e-12	3.57e-10	COR	FL	1	Pr/PI	Pr/PI	9
1694	1CHO_I_AI15D	AI15D	AI12D	1CHO	1CHO_I	P68390	0.0	0.0	5.26e-12	5.26e-12	COR	FL	1	Pr/PI	Pr/PI	9
1695	1CHO_I_AI15N	AI15N	AI12N	1CHO	1CHO_I	P68390	0.289	0.289	5.26e-12	3.23e-12	COR	FL	1	Pr/PI	Pr/PI	9
1696	1CHO_I_AI15M	AI15M	AI12M	1CHO	1CHO_I	P68390	-0.141	-0.141	5.26e-12	6.67e-12	COR	FL	1	Pr/PI	Pr/PI	9
1697	1CHO_I_AI15I	AI15I	AI12I	1CHO	1CHO_I	P68390	-0.655	-0.655	5.26e-12	1.59e-11	COR	FL	1	Pr/PI	Pr/PI	9
1698	1CHO_I_AI15L	AI15L	AI12L	1CHO	1CHO_I	P68390	-0.141	-0.141	5.26e-12	6.67e-12	COR	FL	1	Pr/PI	Pr/PI	9
1699	1CHO_I_AI15P	AI15P	AI12P	1CHO	1CHO_I	P68390	-3.109	-3.109	5.26e-12	1e-09	COR	FL	1	Pr/PI	Pr/PI	9
1700	1CHO_I_AI15T	AI15T	AI12T	1CHO	1CHO_I	P68390	-0.969	-0.969	5.26e-12	2.7e-11	COR	FL	1	Pr/PI	Pr/PI	9
1701	1CHO_I_AI15C	AI15C	AI12C	1CHO	1CHO_I	P68390	0.327	0.327	5.26e-12	3.03e-12	COR	FL	1	Pr/PI	Pr/PI	9
1702	1CHO_I_AI15S	AI15S	AI12S	1CHO	1CHO_I	P68390	-0.066	-0.066	5.26e-12	5.88e-12	COR	FL	1	Pr/PI	Pr/PI	9
1703	1CHO_I_AI15G	AI15G	AI12G	1CHO	1CHO_I	P68390	-0.066	-0.066	5.26e-12	5.88e-12	COR	FL	1	Pr/PI	Pr/PI	9
1704	1CHO_I_AI15W	AI15W	AI12W	1CHO	1CHO_I	P68390	1.925	1.925	5.26e-12	2.04e-13	COR	FL	1	Pr/PI	Pr/PI	9
1705	1CHO_I_AI15Y	AI15Y	AI12Y	1CHO	1CHO_I	P68390	0.876	0.876	5.26e-12	1.2e-12	COR	FL	1	Pr/PI	Pr/PI	9
1706	1CHO_I_AI15R	AI15R	AI12R	1CHO	1CHO_I	P68390	-0.469	-0.469	5.26e-12	1.16e-11	COR	FL	1	Pr/PI	Pr/PI	9
1707	1CHO_I_AI15F	AI15F	AI12F	1CHO	1CHO_I	P68390	0.735	0.735	5.26e-12	1.52e-12	COR	FL	1	Pr/PI	Pr/PI	9
1708	1CHO_I_AI15H	AI15H	AI12H	1CHO	1CHO_I	P68390	0.327	0.327	5.26e-12	3.03e-12	COR	FL	1	Pr/PI	Pr/PI	9
1709	1CHO_I_AI15E	AI15E	AI12E	1CHO	1CHO_I	P68390	-0.225	-0.225	5.26e-12	7.69e-12	COR	FL	1	Pr/PI	Pr/PI	9
1710	1CHO_I_AI15Q	AI15Q	AI12Q	1CHO	1CHO_I	P68390	-0.442	-0.442	5.26e-12	1.11e-11	COR	FL	1	Pr/PI	Pr/PI	9
1711	1CHO_I_TI17W	TI17W	TI14W	1CHO	1CHO_I	P68390	-4.159	-4.159	5.26e-12	5.88e-09	COR	FL	1	Pr/PI	Pr/PI	9
1712	1CHO_I_TI17Y	TI17Y	TI14Y	1CHO	1CHO_I	P68390	-4.473	-4.473	5.26e-12	1e-08	COR	FL	1	Pr/PI	Pr/PI	9
1713	1CHO_I_TI17R	TI17R	TI14R	1CHO	1CHO_I	P68390	-3.884	-3.884	5.26e-12	3.7e-09	COR	FL	1	Pr/PI	Pr/PI	9
1714	1CHO_I_TI17F	TI17F	TI14F	1CHO	1CHO_I	P68390	-4.233	-4.233	5.26e-12	6.67e-09	COR	FL	1	Pr/PI	Pr/PI	9
1715	1CHO_I_TI17H	TI17H	TI14H	1CHO	1CHO_I	P68390	-3.652	-3.652	5.26e-12	2.5e-09	COR	FL	1	Pr/PI	Pr/PI	9
1716	1CHO_I_TI17Q	TI17Q	TI14Q	1CHO	1CHO_I	P68390	-3.682	-3.682	5.26e-12	2.63e-09	COR	FL	1	Pr/PI	Pr/PI	9
1717	1CHO_I_TI17K	TI17K	TI14K	1CHO	1CHO_I	P68390	-4.093	-4.093	5.26e-12	5.26e-09	COR	FL	1	Pr/PI	Pr/PI	9
1718	1CHO_I_TI17D	TI17D	TI14D	1CHO	1CHO_I	P68390	-6.821	-6.821	5.26e-12	5.26e-07	COR	FL	1	Pr/PI	Pr/PI	9
1719	1CHO_I_TI17N	TI17N	TI14N	1CHO	1CHO_I	P68390	-4.318	-4.318	5.26e-12	7.69e-09	COR	FL	1	Pr/PI	Pr/PI	9
1720	1CHO_I_TI17M	TI17M	TI14M	1CHO	1CHO_I	P68390	-3.955	-3.955	5.26e-12	4.17e-09	COR	FL	1	Pr/PI	Pr/PI	9
1721	1CHO_I_TI17I	TI17I	TI14I	1CHO	1CHO_I	P68390	-3.652	-3.652	5.26e-12	2.5e-09	COR	FL	1	Pr/PI	Pr/PI	9
1722	1CHO_I_TI17L	TI17L	TI14L	1CHO	1CHO_I	P68390	-4.417	-4.417	5.26e-12	9.09e-09	COR	FL	1	Pr/PI	Pr/PI	9
1723	1CHO_I_TI17P	TI17P	TI14P	1CHO	1CHO_I	P68390	-4.233	-4.233	5.26e-12	6.67e-09	COR	FL	1	Pr/PI	Pr/PI	9
1724	1CHO_I_TI17C	TI17C	TI14C	1CHO	1CHO_I	P68390	-3.329	-3.329	5.26e-12	1.45e-09	COR	FL	1	Pr/PI	Pr/PI	9
1725	1CHO_I_TI17G	TI17G	TI14G	1CHO	1CHO_I	P68390	-5.294	-5.294	5.26e-12	4e-08	COR	FL	1	Pr/PI	Pr/PI	9
1726	1CHO_I_EI19V	EI19V	EI16V	1CHO	1CHO_I	P68390	-2.439	-2.439	5.26e-12	3.23e-10	COR	FL	1	Pr/PI	Pr/PI	9
1727	1CHO_I_EI19C	EI19C	EI16C	1CHO	1CHO_I	P68390	-2.728	-2.728	5.26e-12	5.26e-10	COR	FL	1	Pr/PI	Pr/PI	9
1728	1CHO_I_EI19S	EI19S	EI16S	1CHO	1CHO_I	P68390	-2.794	-2.794	5.26e-12	5.88e-10	COR	FL	1	Pr/PI	Pr/PI	9
1729	1CHO_I_EI19A	EI19A	EI16A	1CHO	1CHO_I	P68390	-2.333	-2.333	5.26e-12	2.7e-10	COR	FL	1	Pr/PI	Pr/PI	9
1730	1CHO_I_EI19G	EI19G	EI16G	1CHO	1CHO_I	P68390	-3.623	-3.623	5.26e-12	2.38e-09	COR	FL	1	Pr/PI	Pr/PI	9
1731	1CHO_I_EI19W	EI19W	EI16W	1CHO	1CHO_I	P68390	-3.16	-3.16	5.26e-12	1.09e-09	COR	FL	1	Pr/PI	Pr/PI	9
1732	1CHO_I_EI19Y	EI19Y	EI16Y	1CHO	1CHO_I	P68390	-2.669	-2.669	5.26e-12	4.76e-10	COR	FL	1	Pr/PI	Pr/PI	9
1733	1CHO_I_EI19R	EI19R	EI16R	1CHO	1CHO_I	P68390	-3.682	-3.682	5.26e-12	2.63e-09	COR	FL	1	Pr/PI	Pr/PI	9
1734	1CHO_I_EI19F	EI19F	EI16F	1CHO	1CHO_I	P68390	-3.623	-3.623	5.26e-12	2.38e-09	COR	FL	1	Pr/PI	Pr/PI	9
1735	1CHO_I_EI19H	EI19H	EI16H	1CHO	1CHO_I	P68390	-2.09	-2.09	5.26e-12	1.79e-10	COR	FL	1	Pr/PI	Pr/PI	9
1736	1CHO_I_EI19Q	EI19Q	EI16Q	1CHO	1CHO_I	P68390	-1.334	-1.334	5.26e-12	5e-11	COR	FL	1	Pr/PI	Pr/PI	9
1737	1CHO_I_EI19K	EI19K	EI16K	1CHO	1CHO_I	P68390	-3.595	-3.595	5.26e-12	2.27e-09	COR	FL	1	Pr/PI	Pr/PI	9
1738	1CHO_I_EI19D	EI19D	EI16D	1CHO	1CHO_I	P68390	-0.882	-0.882	5.26e-12	2.33e-11	COR	FL	1	Pr/PI	Pr/PI	9
1739	1CHO_I_EI19N	EI19N	EI16N	1CHO	1CHO_I	P68390	-2.333	-2.333	5.26e-12	2.7e-10	COR	FL	1	Pr/PI	Pr/PI	9
1740	1CHO_I_EI19M	EI19M	EI16M	1CHO	1CHO_I	P68390	-2.698	-2.698	5.26e-12	5e-10	COR	FL	1	Pr/PI	Pr/PI	9
1741	1CHO_I_EI19I	EI19I	EI16I	1CHO	1CHO_I	P68390	-2.642	-2.642	5.26e-12	4.55e-10	COR	FL	1	Pr/PI	Pr/PI	9
1742	1CHO_I_EI19L	EI19L	EI16L	1CHO	1CHO_I	P68390	-2.869	-2.869	5.26e-12	6.67e-10	COR	FL	1	Pr/PI	Pr/PI	9
1743	1CHO_I_EI19P	EI19P	EI16P	1CHO	1CHO_I	P68390	-2.591	-2.591	5.26e-12	4.17e-10	COR	FL	1	Pr/PI	Pr/PI	9
1744	1CHO_I_EI19T	EI19T	EI16T	1CHO	1CHO_I	P68390	-2.909	-2.909	5.26e-12	7.14e-10	COR	FL	1	Pr/PI	Pr/PI	9
1745	1CHO_I_YI20I	YI20I	YI17I	1CHO	1CHO_I	P68390	-2.109	-2.109	5.26e-12	1.85e-10	COR	FL	1	Pr/PI	Pr/PI	9
1746	1CHO_I_YI20L	YI20L	YI17L	1CHO	1CHO_I	P68390	-0.684	-0.684	5.26e-12	1.67e-11	COR	FL	1	Pr/PI	Pr/PI	9
1747	1CHO_I_YI20P	YI20P	YI17P	1CHO	1CHO_I	P68390	-8.566	-8.566	5.26e-12	1e-05	COR	FL	1	Pr/PI	Pr/PI	9
1748	1CHO_I_YI20T	YI20T	YI17T	1CHO	1CHO_I	P68390	-3.304	-3.304	5.26e-12	1.39e-09	COR	FL	1	Pr/PI	Pr/PI	9
1749	1CHO_I_YI20V	YI20V	YI17V	1CHO	1CHO_I	P68390	-3.464	-3.464	5.26e-12	1.82e-09	COR	FL	1	Pr/PI	Pr/PI	9
1750	1CHO_I_YI20C	YI20C	YI17C	1CHO	1CHO_I	P68390	-2.543	-2.543	5.26e-12	3.85e-10	COR	FL	1	Pr/PI	Pr/PI	9
1751	1CHO_I_YI20S	YI20S	YI17S	1CHO	1CHO_I	P68390	-2.869	-2.869	5.26e-12	6.67e-10	COR	FL	1	Pr/PI	Pr/PI	9
1752	1CHO_I_YI20A	YI20A	YI17A	1CHO	1CHO_I	P68390	-2.543	-2.543	5.26e-12	3.85e-10	COR	FL	1	Pr/PI	Pr/PI	9
1753	1CHO_I_YI20G	YI20G	YI17G	1CHO	1CHO_I	P68390	-3.176	-3.176	5.26e-12	1.12e-09	COR	FL	1	Pr/PI	Pr/PI	9
1754	1CHO_I_YI20W	YI20W	YI17W	1CHO	1CHO_I	P68390	-0.392	-0.392	5.26e-12	1.02e-11	COR	FL	1	Pr/PI	Pr/PI	9
1755	1CHO_I_YI20R	YI20R	YI17R	1CHO	1CHO_I	P68390	-2.909	-2.909	5.26e-12	7.14e-10	COR	FL	1	Pr/PI	Pr/PI	9
1756	1CHO_I_YI20F	YI20F	YI17F	1CHO	1CHO_I	P68390	-0.181	-0.181	5.26e-12	7.14e-12	COR	FL	1	Pr/PI	Pr/PI	9
1757	1CHO_I_YI20E	YI20E	YI17E	1CHO	1CHO_I	P68390	-5.016	-5.016	5.26e-12	2.5e-08	COR	FL	1	Pr/PI	Pr/PI	9
1758	1CHO_I_YI20Q	YI20Q	YI17Q	1CHO	1CHO_I	P68390	-3.155	-3.155	5.26e-12	1.08e-09	COR	FL	1	Pr/PI	Pr/PI	9
1759	1CHO_I_YI20K	YI20K	YI17K	1CHO	1CHO_I	P68390	-3.165	-3.165	5.26e-12	1.1e-09	COR	FL	1	Pr/PI	Pr/PI	9
1760	1CHO_I_YI20N	YI20N	YI17N	1CHO	1CHO_I	P68390	-3.001	-3.001	5.26e-12	8.33e-10	COR	FL	1	Pr/PI	Pr/PI	9
1761	1CHO_I_YI20M	YI20M	YI17M	1CHO	1CHO_I	P68390	-1.227	-1.227	5.26e-12	4.17e-11	COR	FL	1	Pr/PI	Pr/PI	9
1762	1CHO_I_RI21C	RI21C	RI18C	1CHO	1CHO_I	P68390	-3.52	-3.52	5.26e-12	2e-09	RIM	FL	1	Pr/PI	Pr/PI	9
1763	1CHO_I_RI21S	RI21S	RI18S	1CHO	1CHO_I	P68390	-3.187	-3.187	5.26e-12	1.14e-09	RIM	FL	1	Pr/PI	Pr/PI	9
1764	1CHO_I_RI21A	RI21A	RI18A	1CHO	1CHO_I	P68390	-3.192	-3.192	5.26e-12	1.15e-09	RIM	FL	1	Pr/PI	Pr/PI	9
1765	1CHO_I_RI21G	RI21G	RI18G	1CHO	1CHO_I	P68390	-3.486	-3.486	5.26e-12	1.89e-09	RIM	FL	1	Pr/PI	Pr/PI	9
1766	1CHO_I_RI21W	RI21W	RI18W	1CHO	1CHO_I	P68390	-2.439	-2.439	5.26e-12	3.23e-10	RIM	FL	1	Pr/PI	Pr/PI	9
1767	1CHO_I_RI21Y	RI21Y	RI18Y	1CHO	1CHO_I	P68390	-3.001	-3.001	5.26e-12	8.33e-10	RIM	FL	1	Pr/PI	Pr/PI	9
1768	1CHO_I_RI21F	RI21F	RI18F	1CHO	1CHO_I	P68390	-2.953	-2.953	5.26e-12	7.69e-10	RIM	FL	1	Pr/PI	Pr/PI	9
1769	1CHO_I_RI21H	RI21H	RI18H	1CHO	1CHO_I	P68390	-2.794	-2.794	5.26e-12	5.88e-10	RIM	FL	1	Pr/PI	Pr/PI	9
1770	1CHO_I_RI21E	RI21E	RI18E	1CHO	1CHO_I	P68390	-3.52	-3.52	5.26e-12	2e-09	RIM	FL	1	Pr/PI	Pr/PI	9
1771	1CHO_I_RI21Q	RI21Q	RI18Q	1CHO	1CHO_I	P68390	-2.478	-2.478	5.26e-12	3.45e-10	RIM	FL	1	Pr/PI	Pr/PI	9
1772	1CHO_I_RI21K	RI21K	RI18K	1CHO	1CHO_I	P68390	-0.663	-0.663	5.26e-12	1.61e-11	RIM	FL	1	Pr/PI	Pr/PI	9
1773	1CHO_I_RI21D	RI21D	RI18D	1CHO	1CHO_I	P68390	-3.783	-3.783	5.26e-12	3.12e-09	RIM	FL	1	Pr/PI	Pr/PI	9
1774	1CHO_I_RI21N	RI21N	RI18N	1CHO	1CHO_I	P68390	-3.52	-3.52	5.26e-12	2e-09	RIM	FL	1	Pr/PI	Pr/PI	9
1775	1CHO_I_RI21M	RI21M	RI18M	1CHO	1CHO_I	P68390	-2.616	-2.616	5.26e-12	4.35e-10	RIM	FL	1	Pr/PI	Pr/PI	9
1776	1CHO_I_RI21I	RI21I	RI18I	1CHO	1CHO_I	P68390	-2.109	-2.109	5.26e-12	1.85e-10	RIM	FL	1	Pr/PI	Pr/PI	9
1777	1CHO_I_RI21L	RI21L	RI18L	1CHO	1CHO_I	P68390	-2.831	-2.831	5.26e-12	6.25e-10	RIM	FL	1	Pr/PI	Pr/PI	9
1778	1CHO_I_RI21P	RI21P	RI18P	1CHO	1CHO_I	P68390	-7.289	-7.289	5.26e-12	1.16e-06	RIM	FL	1	Pr/PI	Pr/PI	9
1779	1CHO_I_RI21T	RI21T	RI18T	1CHO	1CHO_I	P68390	-2.669	-2.669	5.26e-12	4.76e-10	RIM	FL	1	Pr/PI	Pr/PI	9
1780	1CHO_I_RI21V	RI21V	RI18V	1CHO	1CHO_I	P68390	-2.066	-2.066	5.26e-12	1.72e-10	RIM	FL	1	Pr/PI	Pr/PI	9
1781	1CHO_I_PI14I	PI14I	PI11I	1CHO	1CHO_I	P68390	0.511	0.511	5.26e-12	2.22e-12	RIM	FL	1	Pr/PI	Pr/PI	9
1782	1CHO_I_PI14L	PI14L	PI11L	1CHO	1CHO_I	P68390	0.525	0.525	5.26e-12	2.17e-12	RIM	FL	1	Pr/PI	Pr/PI	9
1783	1CHO_I_PI14T	PI14T	PI11T	1CHO	1CHO_I	P68390	0.55	0.55	5.26e-12	2.08e-12	RIM	FL	1	Pr/PI	Pr/PI	9
1784	1CHO_I_PI14V	PI14V	PI11V	1CHO	1CHO_I	P68390	0.55	0.55	5.26e-12	2.08e-12	RIM	FL	1	Pr/PI	Pr/PI	9
1785	1CHO_I_PI14C	PI14C	PI11C	1CHO	1CHO_I	P68390	0.984	0.984	5.26e-12	1e-12	RIM	FL	1	Pr/PI	Pr/PI	9
1786	1CHO_I_PI14S	PI14S	PI11S	1CHO	1CHO_I	P68390	0.441	0.441	5.26e-12	2.5e-12	RIM	FL	1	Pr/PI	Pr/PI	9
1787	1CHO_I_PI14A	PI14A	PI11A	1CHO	1CHO_I	P68390	-0.381	-0.381	5.26e-12	1e-11	RIM	FL	1	Pr/PI	Pr/PI	9
1788	1CHO_I_PI14G	PI14G	PI11G	1CHO	1CHO_I	P68390	-0.636	-0.636	5.26e-12	1.54e-11	RIM	FL	1	Pr/PI	Pr/PI	9
1789	1CHO_I_PI14W	PI14W	PI11W	1CHO	1CHO_I	P68390	0.208	0.208	5.26e-12	3.7e-12	RIM	FL	1	Pr/PI	Pr/PI	9
1790	1CHO_I_PI14Y	PI14Y	PI11Y	1CHO	1CHO_I	P68390	0.395	0.395	5.26e-12	2.7e-12	RIM	FL	1	Pr/PI	Pr/PI	9
1791	1CHO_I_PI14R	PI14R	PI11R	1CHO	1CHO_I	P68390	-0.398	-0.398	5.26e-12	1.03e-11	RIM	FL	1	Pr/PI	Pr/PI	9
1792	1CHO_I_PI14F	PI14F	PI11F	1CHO	1CHO_I	P68390	0.308	0.308	5.26e-12	3.13e-12	RIM	FL	1	Pr/PI	Pr/PI	9
1793	1CHO_I_PI14H	PI14H	PI11H	1CHO	1CHO_I	P68390	0.113	0.113	5.26e-12	4.35e-12	RIM	FL	1	Pr/PI	Pr/PI	9
1794	1CHO_I_PI14E	PI14E	PI11E	1CHO	1CHO_I	P68390	0.72	0.72	5.26e-12	1.56e-12	RIM	FL	1	Pr/PI	Pr/PI	9
1795	1CHO_I_PI14Q	PI14Q	PI11Q	1CHO	1CHO_I	P68390	0.728	0.728	5.26e-12	1.54e-12	RIM	FL	1	Pr/PI	Pr/PI	9
1796	1CHO_I_PI14K	PI14K	PI11K	1CHO	1CHO_I	P68390	-0.387	-0.387	5.26e-12	1.01e-11	RIM	FL	1	Pr/PI	Pr/PI	9
1797	1CHO_I_PI14D	PI14D	PI11D	1CHO	1CHO_I	P68390	0.851	0.851	5.26e-12	1.25e-12	RIM	FL	1	Pr/PI	Pr/PI	9
1798	1CHO_I_PI14N	PI14N	PI11N	1CHO	1CHO_I	P68390	0.78	0.78	5.26e-12	1.41e-12	RIM	FL	1	Pr/PI	Pr/PI	9
1799	1CHO_I_PI14M	PI14M	PI11M	1CHO	1CHO_I	P68390	0.828	0.828	5.26e-12	1.3e-12	RIM	FL	1	Pr/PI	Pr/PI	9
1800	1CHO_I_KI13D	KI13D	KI10D	1CHO	1CHO_I	P68390	0.511	0.511	5.26e-12	2.22e-12	RIM	FL	1	Pr/PI	Pr/PI	9
1801	1CHO_I_KI13N	KI13N	KI10N	1CHO	1CHO_I	P68390	0.361	0.361	5.26e-12	2.86e-12	RIM	FL	1	Pr/PI	Pr/PI	9
1802	1CHO_I_KI13M	KI13M	KI10M	1CHO	1CHO_I	P68390	-0.426	-0.426	5.26e-12	1.08e-11	RIM	FL	1	Pr/PI	Pr/PI	9
1803	1CHO_I_KI13I	KI13I	KI10I	1CHO	1CHO_I	P68390	-1.545	-1.545	5.26e-12	7.14e-11	RIM	FL	1	Pr/PI	Pr/PI	9
1804	1CHO_I_KI13L	KI13L	KI10L	1CHO	1CHO_I	P68390	-0.381	-0.381	5.26e-12	1e-11	RIM	FL	1	Pr/PI	Pr/PI	9
1805	1CHO_I_KI13P	KI13P	KI10P	1CHO	1CHO_I	P68390	-2.076	-2.076	5.26e-12	1.75e-10	RIM	FL	1	Pr/PI	Pr/PI	9
1806	1CHO_I_KI13T	KI13T	KI10T	1CHO	1CHO_I	P68390	-0.381	-0.381	5.26e-12	1e-11	RIM	FL	1	Pr/PI	Pr/PI	9
1807	1CHO_I_KI13V	KI13V	KI10V	1CHO	1CHO_I	P68390	-1.202	-1.202	5.26e-12	4e-11	RIM	FL	1	Pr/PI	Pr/PI	9
1808	1CHO_I_KI13C	KI13C	KI10C	1CHO	1CHO_I	P68390	-0.503	-0.503	5.26e-12	1.23e-11	RIM	FL	1	Pr/PI	Pr/PI	9
1809	1CHO_I_KI13S	KI13S	KI10S	1CHO	1CHO_I	P68390	0.427	0.427	5.26e-12	2.56e-12	RIM	FL	1	Pr/PI	Pr/PI	9
1810	1CHO_I_KI13A	KI13A	KI10A	1CHO	1CHO_I	P68390	-0.181	-0.181	5.26e-12	7.14e-12	RIM	FL	1	Pr/PI	Pr/PI	9
1811	1CHO_I_KI13G	KI13G	KI10G	1CHO	1CHO_I	P68390	-1.822	-1.822	5.26e-12	1.14e-10	RIM	FL	1	Pr/PI	Pr/PI	9
1812	1CHO_I_KI13W	KI13W	KI10W	1CHO	1CHO_I	P68390	-1.02	-1.02	5.26e-12	2.94e-11	RIM	FL	1	Pr/PI	Pr/PI	9
1813	1CHO_I_KI13Y	KI13Y	KI10Y	1CHO	1CHO_I	P68390	-1.075	-1.075	5.26e-12	3.23e-11	RIM	FL	1	Pr/PI	Pr/PI	9
1814	1CHO_I_KI13R	KI13R	KI10R	1CHO	1CHO_I	P68390	0.378	0.378	5.26e-12	2.78e-12	RIM	FL	1	Pr/PI	Pr/PI	9
1815	1CHO_I_KI13F	KI13F	KI10F	1CHO	1CHO_I	P68390	-1.093	-1.093	5.26e-12	3.33e-11	RIM	FL	1	Pr/PI	Pr/PI	9
1816	1CHO_I_KI13H	KI13H	KI10H	1CHO	1CHO_I	P68390	-0.141	-0.141	5.26e-12	6.67e-12	RIM	FL	1	Pr/PI	Pr/PI	9
1817	1CHO_I_KI13E	KI13E	KI10E	1CHO	1CHO_I	P68390	-0.181	-0.181	5.26e-12	7.14e-12	RIM	FL	1	Pr/PI	Pr/PI	9
1818	1CHO_I_KI13Q	KI13Q	KI10Q	1CHO	1CHO_I	P68390	0.573	0.573	5.26e-12	2e-12	RIM	FL	1	Pr/PI	Pr/PI	9
1819	1CHO_I_GI32P	GI32P	GI29P	1CHO	1CHO_I	P68390	-0.324	-0.324	5.26e-12	9.09e-12	SUP	FL	1	Pr/PI	Pr/PI	9
1820	1CHO_I_GI32T	GI32T	GI29T	1CHO	1CHO_I	P68390	-2.076	-2.076	5.26e-12	1.75e-10	SUP	FL	1	Pr/PI	Pr/PI	9
1821	1CHO_I_GI32C	GI32C	GI29C	1CHO	1CHO_I	P68390	-2.543	-2.543	5.26e-12	3.85e-10	SUP	FL	1	Pr/PI	Pr/PI	9
1822	1CHO_I_GI32S	GI32S	GI29S	1CHO	1CHO_I	P68390	0.138	0.138	5.26e-12	4.17e-12	SUP	FL	1	Pr/PI	Pr/PI	9
1823	1CHO_I_GI32W	GI32W	GI29W	1CHO	1CHO_I	P68390	-1.057	-1.057	5.26e-12	3.13e-11	SUP	FL	1	Pr/PI	Pr/PI	9
1824	1CHO_I_GI32Y	GI32Y	GI29Y	1CHO	1CHO_I	P68390	0.984	0.984	5.26e-12	1e-12	SUP	FL	1	Pr/PI	Pr/PI	9
1825	1CHO_I_GI32R	GI32R	GI29R	1CHO	1CHO_I	P68390	-1.745	-1.745	5.26e-12	1e-10	SUP	FL	1	Pr/PI	Pr/PI	9
1826	1CHO_I_GI32F	GI32F	GI29F	1CHO	1CHO_I	P68390	-0.102	-0.102	5.26e-12	6.25e-12	SUP	FL	1	Pr/PI	Pr/PI	9
1827	1CHO_I_GI32H	GI32H	GI29H	1CHO	1CHO_I	P68390	0.984	0.984	5.26e-12	1e-12	SUP	FL	1	Pr/PI	Pr/PI	9
1828	1CHO_I_GI32E	GI32E	GI29E	1CHO	1CHO_I	P68390	-2.616	-2.616	5.26e-12	4.35e-10	SUP	FL	1	Pr/PI	Pr/PI	9
1829	1CHO_I_GI32Q	GI32Q	GI29Q	1CHO	1CHO_I	P68390	-2.384	-2.384	5.26e-12	2.94e-10	SUP	FL	1	Pr/PI	Pr/PI	9
1830	1CHO_I_GI32K	GI32K	GI29K	1CHO	1CHO_I	P68390	-1.589	-1.589	5.26e-12	7.69e-11	SUP	FL	1	Pr/PI	Pr/PI	9
1831	1CHO_I_GI32D	GI32D	GI29D	1CHO	1CHO_I	P68390	-3.109	-3.109	5.26e-12	1e-09	SUP	FL	1	Pr/PI	Pr/PI	9
1832	1CHO_I_GI32N	GI32N	GI29N	1CHO	1CHO_I	P68390	-0.954	-0.954	5.26e-12	2.63e-11	SUP	FL	1	Pr/PI	Pr/PI	9
1833	1CHO_I_GI32M	GI32M	GI29M	1CHO	1CHO_I	P68390	-1.637	-1.637	5.26e-12	8.33e-11	SUP	FL	1	Pr/PI	Pr/PI	9
1834	1CHO_I_GI32I	GI32I	GI29I	1CHO	1CHO_I	P68390	-2.367	-2.367	5.26e-12	2.86e-10	SUP	FL	1	Pr/PI	Pr/PI	9
1835	1CHO_I_GI32L	GI32L	GI29L	1CHO	1CHO_I	P68390	-1.751	-1.751	5.26e-12	1.01e-10	SUP	FL	1	Pr/PI	Pr/PI	9
1836	1CHO_I_NI36F	NI36F	NI33F	1CHO	1CHO_I	P68390	-2.367	-2.367	5.26e-12	2.86e-10	COR	FL	1	Pr/PI	Pr/PI	9
1837	1CHO_I_NI36H	NI36H	NI33H	1CHO	1CHO_I	P68390	0.735	0.735	5.26e-12	1.52e-12	COR	FL	1	Pr/PI	Pr/PI	9
1838	1CHO_I_NI36E	NI36E	NI33E	1CHO	1CHO_I	P68390	-2.333	-2.333	5.26e-12	2.7e-10	COR	FL	1	Pr/PI	Pr/PI	9
1839	1CHO_I_NI36Q	NI36Q	NI33Q	1CHO	1CHO_I	P68390	0.185	0.185	5.26e-12	3.85e-12	COR	FL	1	Pr/PI	Pr/PI	9
1840	1CHO_I_NI36K	NI36K	NI33K	1CHO	1CHO_I	P68390	-2.333	-2.333	5.26e-12	2.7e-10	COR	FL	1	Pr/PI	Pr/PI	9
1841	1CHO_I_NI36D	NI36D	NI33D	1CHO	1CHO_I	P68390	1.04	1.04	5.26e-12	9.09e-13	COR	FL	1	Pr/PI	Pr/PI	9
1842	1CHO_I_NI36M	NI36M	NI33M	1CHO	1CHO_I	P68390	0.208	0.208	5.26e-12	3.7e-12	COR	FL	1	Pr/PI	Pr/PI	9
1843	1CHO_I_NI36I	NI36I	NI33I	1CHO	1CHO_I	P68390	0.03	0.03	5.26e-12	5e-12	COR	FL	1	Pr/PI	Pr/PI	9
1844	1CHO_I_NI36L	NI36L	NI33L	1CHO	1CHO_I	P68390	-0.617	-0.617	5.26e-12	1.49e-11	COR	FL	1	Pr/PI	Pr/PI	9
1845	1CHO_I_NI36P	NI36P	NI33P	1CHO	1CHO_I	P68390	1.834	1.834	5.26e-12	2.38e-13	COR	FL	1	Pr/PI	Pr/PI	9
1846	1CHO_I_NI36T	NI36T	NI33T	1CHO	1CHO_I	P68390	1.298	1.298	5.26e-12	5.88e-13	COR	FL	1	Pr/PI	Pr/PI	9
1847	1CHO_I_NI36V	NI36V	NI33V	1CHO	1CHO_I	P68390	-0.033	-0.033	5.26e-12	5.56e-12	COR	FL	1	Pr/PI	Pr/PI	9
1848	1CHO_I_NI36C	NI36C	NI33C	1CHO	1CHO_I	P68390	0.113	0.113	5.26e-12	4.35e-12	COR	FL	1	Pr/PI	Pr/PI	9
1849	1CHO_I_NI36S	NI36S	NI33S	1CHO	1CHO_I	P68390	1.477	1.477	5.26e-12	4.35e-13	COR	FL	1	Pr/PI	Pr/PI	9
1850	1CHO_I_NI36A	NI36A	NI33A	1CHO	1CHO_I	P68390	1.364	1.364	5.26e-12	5.26e-13	COR	FL	1	Pr/PI	Pr/PI	9
1851	1CHO_I_NI36G	NI36G	NI33G	1CHO	1CHO_I	P68390	1.394	1.394	5.26e-12	5e-13	COR	FL	1	Pr/PI	Pr/PI	9
1852	1CHO_I_NI36W	NI36W	NI33W	1CHO	1CHO_I	P68390	-2.179	-2.179	5.26e-12	2.08e-10	COR	FL	1	Pr/PI	Pr/PI	9
1853	1CHO_I_NI36Y	NI36Y	NI33Y	1CHO	1CHO_I	P68390	-2.566	-2.566	5.26e-12	4e-10	COR	FL	1	Pr/PI	Pr/PI	9
1854	1CHO_I_NI36R	NI36R	NI33R	1CHO	1CHO_I	P68390	-1.589	-1.589	5.26e-12	7.69e-11	COR	FL	1	Pr/PI	Pr/PI	9
1855	1CHO_I_NI28S	NI28S	NI25S	1CHO	1CHO_I	P68390	0.0	0.0	5.26e-12	5.26e-12	SUR	FL	1	Pr/PI	Pr/PI	9
1856	1PPF_I_YI20H	YI20H	YI20H	1PPF	1PPF_I	P68390	-2.379	-2.379,-2.379	1.64e-10,1.64e-10	9.09e-09,1.03e-08	COR	FL	1	Pr/PI	Pr/PI	9
1857	1PPF_I_TI17E	TI17E	TI17E	1PPF	1PPF_I	P68390	-3.041	-3.041,-3.041	1.64e-10,1.64e-10	2.78e-08,2.94e-08	COR	FL	1	Pr/PI	Pr/PI	9
1858	1PPF_I_TI17V	TI17V	TI17V	1PPF	1PPF_I	P68390	-1.482	-1.482,-1.482	1.64e-10,1.64e-10	2e-09,2.22e-09	COR	FL	1	Pr/PI	Pr/PI	9
1859	1PPF_I_TI17S	TI17S	TI17S	1PPF	1PPF_I	P68390	-1.505	-1.505,-1.505	1.64e-10,1.64e-10	2.08e-09,2.27e-09	COR	FL	1	Pr/PI	Pr/PI	9
1860	1PPF_I_TI17A	TI17A	TI17A	1PPF	1PPF_I	P68390	-3.485	-3.485,-3.485	1.64e-10,1.64e-10	5.88e-08,2.17e-08	COR	FL	1	Pr/PI	Pr/PI	9
1861	1PPF_I_GI32V	GI32V	GI32V	1PPF	1PPF_I	P68390	-2.553	-2.553,-2.553	1.64e-10,1.64e-10	1.22e-08,1.2e-08	COR	FL	1	Pr/PI	Pr/PI	9
1862	1PPF_I_GI32A	GI32A	GI32A	1PPF	1PPF_I	P68390	-0.235	-0.235,-0.235	1.64e-10,1.64e-10	2.44e-10,2.63e-10	COR	FL	1	Pr/PI	Pr/PI	9
1863	1PPF_I_LI18E	LI18E	LI18E	1PPF	1PPF_I	P68390	-7.056	-7.056,-7.056	1.64e-10,1.64e-10	2.44e-05,2.5e-05	COR	FL	1	Pr/PI	Pr/PI	9
1864	1PPF_I_LI18Q	LI18Q	LI18Q	1PPF	1PPF_I	P68390	-3.306	-3.306,-3.306	1.64e-10,1.64e-10	4.35e-08,5e-08	COR	FL	1	Pr/PI	Pr/PI	9
1865	1PPF_I_LI18K	LI18K	LI18K	1PPF	1PPF_I	P68390	-5.736	-5.736,-5.736	1.64e-10,1.64e-10	2.63e-06,2.27e-06	COR	FL	1	Pr/PI	Pr/PI	9
1866	1PPF_I_LI18M	LI18M	LI18M	1PPF	1PPF_I	P68390	-1.258	-1.258,-1.258	1.64e-10,1.64e-10	1.37e-09,1.3e-09	COR	FL	1	Pr/PI	Pr/PI	9
1867	1PPF_I_LI18A	LI18A	LI18A	1PPF	1PPF_I	P68390	-1.071	-1.071,-1.071	1.64e-10,1.64e-10	1e-09,8.33e-10	COR	FL	1	Pr/PI	Pr/PI	9
1868	1PPF_I_AI15V	AI15V	AI15V	1PPF	1PPF_I	P68390	-0.208	-0.208,-0.208	1.64e-10,1.64e-10	2.33e-10,2.27e-10	COR	FL	1	Pr/PI	Pr/PI	9
1869	1PPF_I_LI18P	LI18P	LI18P	1PPF	1PPF_I	P68390	-6.147	-6.147	1.64e-10	5.26e-06	COR	FL	1	Pr/PI	Pr/PI	9
1870	1PPF_I_LI18T	LI18T	LI18T	1PPF	1PPF_I	P68390	-0.915	-0.915	1.64e-10	7.69e-10	COR	FL	1	Pr/PI	Pr/PI	9
1871	1PPF_I_LI18V	LI18V	LI18V	1PPF	1PPF_I	P68390	0.493	0.493	1.64e-10	7.14e-11	COR	FL	1	Pr/PI	Pr/PI	9
1872	1PPF_I_LI18C	LI18C	LI18C	1PPF	1PPF_I	P68390	0.09	0.09	1.64e-10	1.41e-10	COR	FL	1	Pr/PI	Pr/PI	9
1873	1PPF_I_LI18S	LI18S	LI18S	1PPF	1PPF_I	P68390	-3.092	-3.092	1.64e-10	3.03e-08	COR	FL	1	Pr/PI	Pr/PI	9
1874	1PPF_I_LI18G	LI18G	LI18G	1PPF	1PPF_I	P68390	-3.333	-3.333	1.64e-10	4.55e-08	COR	FL	1	Pr/PI	Pr/PI	9
1875	1PPF_I_LI18W	LI18W	LI18W	1PPF	1PPF_I	P68390	-7.544	-7.544	1.64e-10	5.56e-05	COR	FL	1	Pr/PI	Pr/PI	9
1876	1PPF_I_LI18Y	LI18Y	LI18Y	1PPF	1PPF_I	P68390	-6.636	-6.636	1.64e-10	1.2e-05	COR	FL	1	Pr/PI	Pr/PI	9
1877	1PPF_I_LI18R	LI18R	LI18R	1PPF	1PPF_I	P68390	-7.185	-7.185	1.64e-10	3.03e-05	COR	FL	1	Pr/PI	Pr/PI	9
1878	1PPF_I_LI18F	LI18F	LI18F	1PPF	1PPF_I	P68390	-5.17	-5.17	1.64e-10	1.01e-06	COR	FL	1	Pr/PI	Pr/PI	9
1879	1PPF_I_LI18H	LI18H	LI18H	1PPF	1PPF_I	P68390	-6.471	-6.471	1.64e-10	9.09e-06	COR	FL	1	Pr/PI	Pr/PI	9
1880	1PPF_I_LI18D	LI18D	LI18D	1PPF	1PPF_I	P68390	-7.613	-7.613	1.64e-10	6.25e-05	COR	FL	1	Pr/PI	Pr/PI	9
1881	1PPF_I_LI18N	LI18N	LI18N	1PPF	1PPF_I	P68390	-5.225	-5.225	1.64e-10	1.11e-06	COR	FL	1	Pr/PI	Pr/PI	9
1882	1PPF_I_LI18I	LI18I	LI18I	1PPF	1PPF_I	P68390	0.733	0.733	1.64e-10	4.76e-11	COR	FL	1	Pr/PI	Pr/PI	9
1883	1PPF_I_AI15N	AI15N	AI15N	1PPF	1PPF_I	P68390	-0.915	-0.915	1.64e-10	7.69e-10	COR	FL	1	Pr/PI	Pr/PI	9
1884	1PPF_I_AI15M	AI15M	AI15M	1PPF	1PPF_I	P68390	0.401	0.401	1.64e-10	8.33e-11	COR	FL	1	Pr/PI	Pr/PI	9
1885	1PPF_I_AI15I	AI15I	AI15I	1PPF	1PPF_I	P68390	-0.329	-0.329	1.64e-10	2.86e-10	COR	FL	1	Pr/PI	Pr/PI	9
1886	1PPF_I_AI15L	AI15L	AI15L	1PPF	1PPF_I	P68390	-0.018	-0.018	1.64e-10	1.69e-10	COR	FL	1	Pr/PI	Pr/PI	9
1887	1PPF_I_AI15P	AI15P	AI15P	1PPF	1PPF_I	P68390	-1.995	-1.995	1.64e-10	4.76e-09	COR	FL	1	Pr/PI	Pr/PI	9
1888	1PPF_I_AI15T	AI15T	AI15T	1PPF	1PPF_I	P68390	-0.963	-0.963	1.64e-10	8.33e-10	COR	FL	1	Pr/PI	Pr/PI	9
1889	1PPF_I_AI15C	AI15C	AI15C	1PPF	1PPF_I	P68390	0.674	0.674	1.64e-10	5.26e-11	COR	FL	1	Pr/PI	Pr/PI	9
1890	1PPF_I_AI15S	AI15S	AI15S	1PPF	1PPF_I	P68390	-0.756	-0.756	1.64e-10	5.88e-10	COR	FL	1	Pr/PI	Pr/PI	9
1891	1PPF_I_AI15G	AI15G	AI15G	1PPF	1PPF_I	P68390	-1.138	-1.138	1.64e-10	1.12e-09	COR	FL	1	Pr/PI	Pr/PI	9
1892	1PPF_I_AI15W	AI15W	AI15W	1PPF	1PPF_I	P68390	0.641	0.641	1.64e-10	5.56e-11	COR	FL	1	Pr/PI	Pr/PI	9
1893	1PPF_I_AI15Y	AI15Y	AI15Y	1PPF	1PPF_I	P68390	0.185	0.185	1.64e-10	1.2e-10	COR	FL	1	Pr/PI	Pr/PI	9
1894	1PPF_I_AI15R	AI15R	AI15R	1PPF	1PPF_I	P68390	0.264	0.264	1.64e-10	1.05e-10	COR	FL	1	Pr/PI	Pr/PI	9
1895	1PPF_I_AI15F	AI15F	AI15F	1PPF	1PPF_I	P68390	0.073	0.073	1.64e-10	1.45e-10	COR	FL	1	Pr/PI	Pr/PI	9
1896	1PPF_I_AI15H	AI15H	AI15H	1PPF	1PPF_I	P68390	-0.553	-0.553	1.64e-10	4.17e-10	COR	FL	1	Pr/PI	Pr/PI	9
1897	1PPF_I_AI15E	AI15E	AI15E	1PPF	1PPF_I	P68390	-0.106	-0.106	1.64e-10	1.96e-10	COR	FL	1	Pr/PI	Pr/PI	9
1898	1PPF_I_AI15Q	AI15Q	AI15Q	1PPF	1PPF_I	P68390	-0.25	-0.25	1.64e-10	2.5e-10	COR	FL	1	Pr/PI	Pr/PI	9
1899	1PPF_I_AI15K	AI15K	AI15K	1PPF	1PPF_I	P68390	-1.128	-1.128	1.64e-10	1.1e-09	COR	FL	1	Pr/PI	Pr/PI	9
1900	1PPF_I_AI15D	AI15D	AI15D	1PPF	1PPF_I	P68390	-1.138	-1.138	1.64e-10	1.12e-09	COR	FL	1	Pr/PI	Pr/PI	9
1901	1PPF_I_TI17W	TI17W	TI17W	1PPF	1PPF_I	P68390	-2.195	-2.195	1.64e-10	6.67e-09	COR	FL	1	Pr/PI	Pr/PI	9
1902	1PPF_I_TI17Y	TI17Y	TI17Y	1PPF	1PPF_I	P68390	-2.481	-2.481	1.64e-10	1.08e-08	COR	FL	1	Pr/PI	Pr/PI	9
1903	1PPF_I_TI17R	TI17R	TI17R	1PPF	1PPF_I	P68390	-3.452	-3.452	1.64e-10	5.56e-08	COR	FL	1	Pr/PI	Pr/PI	9
1904	1PPF_I_TI17F	TI17F	TI17F	1PPF	1PPF_I	P68390	-1.71	-1.71	1.64e-10	2.94e-09	COR	FL	1	Pr/PI	Pr/PI	9
1905	1PPF_I_TI17H	TI17H	TI17H	1PPF	1PPF_I	P68390	-1.694	-1.694	1.64e-10	2.86e-09	COR	FL	1	Pr/PI	Pr/PI	9
1906	1PPF_I_TI17Q	TI17Q	TI17Q	1PPF	1PPF_I	P68390	-1.969	-1.969	1.64e-10	4.55e-09	COR	FL	1	Pr/PI	Pr/PI	9
1907	1PPF_I_TI17K	TI17K	TI17K	1PPF	1PPF_I	P68390	-3.389	-3.389	1.64e-10	5e-08	COR	FL	1	Pr/PI	Pr/PI	9
1908	1PPF_I_TI17D	TI17D	TI17D	1PPF	1PPF_I	P68390	-4.924	-4.924	1.64e-10	6.67e-07	COR	FL	1	Pr/PI	Pr/PI	9
1909	1PPF_I_TI17N	TI17N	TI17N	1PPF	1PPF_I	P68390	-2.699	-2.699	1.64e-10	1.56e-08	COR	FL	1	Pr/PI	Pr/PI	9
1910	1PPF_I_TI17M	TI17M	TI17M	1PPF	1PPF_I	P68390	-2.502	-2.502	1.64e-10	1.12e-08	COR	FL	1	Pr/PI	Pr/PI	9
1911	1PPF_I_TI17I	TI17I	TI17I	1PPF	1PPF_I	P68390	-1.482	-1.482	1.64e-10	2e-09	COR	FL	1	Pr/PI	Pr/PI	9
1912	1PPF_I_TI17L	TI17L	TI17L	1PPF	1PPF_I	P68390	-2.28	-2.28	1.64e-10	7.69e-09	COR	FL	1	Pr/PI	Pr/PI	9
1913	1PPF_I_TI17P	TI17P	TI17P	1PPF	1PPF_I	P68390	-3.074	-3.074	1.64e-10	2.94e-08	COR	FL	1	Pr/PI	Pr/PI	9
1914	1PPF_I_TI17C	TI17C	TI17C	1PPF	1PPF_I	P68390	-2.087	-2.087	1.64e-10	5.56e-09	COR	FL	1	Pr/PI	Pr/PI	9
1915	1PPF_I_TI17G	TI17G	TI17G	1PPF	1PPF_I	P68390	-3.6	-3.6	1.64e-10	7.14e-08	COR	FL	1	Pr/PI	Pr/PI	9
1916	1PPF_I_EI19A	EI19A	EI19A	1PPF	1PPF_I	P68390	-1.203	-1.203	1.64e-10	1.25e-09	RIM	FL	1	Pr/PI	Pr/PI	9
1917	1PPF_I_EI19G	EI19G	EI19G	1PPF	1PPF_I	P68390	-2.121	-2.121	1.64e-10	5.88e-09	RIM	FL	1	Pr/PI	Pr/PI	9
1918	1PPF_I_EI19Y	EI19Y	EI19Y	1PPF	1PPF_I	P68390	-1.249	-1.249	1.64e-10	1.35e-09	RIM	FL	1	Pr/PI	Pr/PI	9
1919	1PPF_I_EI19R	EI19R	EI19R	1PPF	1PPF_I	P68390	-1.482	-1.482	1.64e-10	2e-09	RIM	FL	1	Pr/PI	Pr/PI	9
1920	1PPF_I_EI19F	EI19F	EI19F	1PPF	1PPF_I	P68390	-1.364	-1.364	1.64e-10	1.64e-09	RIM	FL	1	Pr/PI	Pr/PI	9
1921	1PPF_I_EI19H	EI19H	EI19H	1PPF	1PPF_I	P68390	-0.69	-0.69	1.64e-10	5.26e-10	RIM	FL	1	Pr/PI	Pr/PI	9
1922	1PPF_I_EI19Q	EI19Q	EI19Q	1PPF	1PPF_I	P68390	-0.66	-0.66	1.64e-10	5e-10	RIM	FL	1	Pr/PI	Pr/PI	9
1923	1PPF_I_EI19K	EI19K	EI19K	1PPF	1PPF_I	P68390	-2.121	-2.121	1.64e-10	5.88e-09	RIM	FL	1	Pr/PI	Pr/PI	9
1924	1PPF_I_EI19D	EI19D	EI19D	1PPF	1PPF_I	P68390	-0.578	-0.578	1.64e-10	4.35e-10	RIM	FL	1	Pr/PI	Pr/PI	9
1925	1PPF_I_EI19N	EI19N	EI19N	1PPF	1PPF_I	P68390	-1.213	-1.213	1.64e-10	1.27e-09	RIM	FL	1	Pr/PI	Pr/PI	9
1926	1PPF_I_EI19M	EI19M	EI19M	1PPF	1PPF_I	P68390	-1.149	-1.149	1.64e-10	1.14e-09	RIM	FL	1	Pr/PI	Pr/PI	9
1927	1PPF_I_EI19I	EI19I	EI19I	1PPF	1PPF_I	P68390	-0.723	-0.723	1.64e-10	5.56e-10	RIM	FL	1	Pr/PI	Pr/PI	9
1928	1PPF_I_EI19L	EI19L	EI19L	1PPF	1PPF_I	P68390	-1.071	-1.071	1.64e-10	1e-09	RIM	FL	1	Pr/PI	Pr/PI	9
1929	1PPF_I_EI19P	EI19P	EI19P	1PPF	1PPF_I	P68390	-3.21	-3.21	1.64e-10	3.7e-08	RIM	FL	1	Pr/PI	Pr/PI	9
1930	1PPF_I_EI19T	EI19T	EI19T	1PPF	1PPF_I	P68390	-1.505	-1.505	1.64e-10	2.08e-09	RIM	FL	1	Pr/PI	Pr/PI	9
1931	1PPF_I_EI19V	EI19V	EI19V	1PPF	1PPF_I	P68390	-1.159	-1.159	1.64e-10	1.16e-09	RIM	FL	1	Pr/PI	Pr/PI	9
1932	1PPF_I_EI19C	EI19C	EI19C	1PPF	1PPF_I	P68390	-1.403	-1.403	1.64e-10	1.75e-09	RIM	FL	1	Pr/PI	Pr/PI	9
1933	1PPF_I_EI19S	EI19S	EI19S	1PPF	1PPF_I	P68390	-1.846	-1.846	1.64e-10	3.7e-09	RIM	FL	1	Pr/PI	Pr/PI	9
1934	1PPF_I_EI19W	EI19W	EI19W	1PPF	1PPF_I	P68390	-1.53	-1.53	1.64e-10	2.17e-09	RIM	FL	1	Pr/PI	Pr/PI	9
1935	1PPF_I_YI20L	YI20L	YI20L	1PPF	1PPF_I	P68390	-1.375	-1.375	1.64e-10	1.67e-09	COR	FL	1	Pr/PI	Pr/PI	9
1936	1PPF_I_YI20P	YI20P	YI20P	1PPF	1PPF_I	P68390	-5.367	-5.367	1.64e-10	1.41e-06	COR	FL	1	Pr/PI	Pr/PI	9
1937	1PPF_I_YI20T	YI20T	YI20T	1PPF	1PPF_I	P68390	-5.055	-5.055	1.64e-10	8.33e-07	COR	FL	1	Pr/PI	Pr/PI	9
1938	1PPF_I_YI20V	YI20V	YI20V	1PPF	1PPF_I	P68390	-4.186	-4.186	1.64e-10	1.92e-07	COR	FL	1	Pr/PI	Pr/PI	9
1939	1PPF_I_YI20C	YI20C	YI20C	1PPF	1PPF_I	P68390	-3.452	-3.452	1.64e-10	5.56e-08	COR	FL	1	Pr/PI	Pr/PI	9
1940	1PPF_I_YI20S	YI20S	YI20S	1PPF	1PPF_I	P68390	-3.644	-3.644	1.64e-10	7.69e-08	COR	FL	1	Pr/PI	Pr/PI	9
1941	1PPF_I_YI20A	YI20A	YI20A	1PPF	1PPF_I	P68390	-3.21	-3.21	1.64e-10	3.7e-08	COR	FL	1	Pr/PI	Pr/PI	9
1942	1PPF_I_YI20G	YI20G	YI20G	1PPF	1PPF_I	P68390	-4.186	-4.186	1.64e-10	1.92e-07	COR	FL	1	Pr/PI	Pr/PI	9
1943	1PPF_I_YI20W	YI20W	YI20W	1PPF	1PPF_I	P68390	-0.235	-0.235	1.64e-10	2.44e-10	COR	FL	1	Pr/PI	Pr/PI	9
1944	1PPF_I_YI20R	YI20R	YI20R	1PPF	1PPF_I	P68390	-4.372	-4.372	1.64e-10	2.63e-07	COR	FL	1	Pr/PI	Pr/PI	9
1945	1PPF_I_YI20F	YI20F	YI20F	1PPF	1PPF_I	P68390	-0.482	-0.482	1.64e-10	3.7e-10	COR	FL	1	Pr/PI	Pr/PI	9
1946	1PPF_I_YI20E	YI20E	YI20E	1PPF	1PPF_I	P68390	-6.42	-6.42	1.64e-10	8.33e-06	COR	FL	1	Pr/PI	Pr/PI	9
1947	1PPF_I_YI20Q	YI20Q	YI20Q	1PPF	1PPF_I	P68390	-4.697	-4.697	1.64e-10	4.55e-07	COR	FL	1	Pr/PI	Pr/PI	9
1948	1PPF_I_YI20K	YI20K	YI20K	1PPF	1PPF_I	P68390	-4.494	-4.494	1.64e-10	3.23e-07	COR	FL	1	Pr/PI	Pr/PI	9
1949	1PPF_I_YI20D	YI20D	YI20D	1PPF	1PPF_I	P68390	-6.42	-6.42	1.64e-10	8.33e-06	COR	FL	1	Pr/PI	Pr/PI	9
1950	1PPF_I_YI20N	YI20N	YI20N	1PPF	1PPF_I	P68390	-3.644	-3.644	1.64e-10	7.69e-08	COR	FL	1	Pr/PI	Pr/PI	9
1951	1PPF_I_YI20M	YI20M	YI20M	1PPF	1PPF_I	P68390	-2.812	-2.812	1.64e-10	1.89e-08	COR	FL	1	Pr/PI	Pr/PI	9
1952	1PPF_I_YI20I	YI20I	YI20I	1PPF	1PPF_I	P68390	-3.932	-3.932	1.64e-10	1.25e-07	COR	FL	1	Pr/PI	Pr/PI	9
1953	1PPF_I_RI21G	RI21G	RI21G	1PPF	1PPF_I	P68390	-0.578	-0.578	1.64e-10	4.35e-10	RIM	FL	1	Pr/PI	Pr/PI	9
1954	1PPF_I_RI21F	RI21F	RI21F	1PPF	1PPF_I	P68390	0.981	0.981	1.64e-10	3.13e-11	RIM	FL	1	Pr/PI	Pr/PI	9
1955	1PPF_I_RI21H	RI21H	RI21H	1PPF	1PPF_I	P68390	0.493	0.493	1.64e-10	7.14e-11	RIM	FL	1	Pr/PI	Pr/PI	9
1956	1PPF_I_RI21E	RI21E	RI21E	1PPF	1PPF_I	P68390	-0.461	-0.461	1.64e-10	3.57e-10	RIM	FL	1	Pr/PI	Pr/PI	9
1957	1PPF_I_RI21Q	RI21Q	RI21Q	1PPF	1PPF_I	P68390	0.018	0.018	1.64e-10	1.59e-10	RIM	FL	1	Pr/PI	Pr/PI	9
1958	1PPF_I_RI21K	RI21K	RI21K	1PPF	1PPF_I	P68390	-0.605	-0.605	1.64e-10	4.55e-10	RIM	FL	1	Pr/PI	Pr/PI	9
1959	1PPF_I_RI21D	RI21D	RI21D	1PPF	1PPF_I	P68390	-0.208	-0.208	1.64e-10	2.33e-10	RIM	FL	1	Pr/PI	Pr/PI	9
1960	1PPF_I_RI21N	RI21N	RI21N	1PPF	1PPF_I	P68390	-0.329	-0.329	1.64e-10	2.86e-10	RIM	FL	1	Pr/PI	Pr/PI	9
1961	1PPF_I_RI21M	RI21M	RI21M	1PPF	1PPF_I	P68390	0.76	0.76	1.64e-10	4.55e-11	RIM	FL	1	Pr/PI	Pr/PI	9
1962	1PPF_I_RI21I	RI21I	RI21I	1PPF	1PPF_I	P68390	0.811	0.811	1.64e-10	4.17e-11	RIM	FL	1	Pr/PI	Pr/PI	9
1963	1PPF_I_RI21L	RI21L	RI21L	1PPF	1PPF_I	P68390	0.859	0.859	1.64e-10	3.85e-11	RIM	FL	1	Pr/PI	Pr/PI	9
1964	1PPF_I_RI21P	RI21P	RI21P	1PPF	1PPF_I	P68390	-6.706	-6.706	1.64e-10	1.35e-05	RIM	FL	1	Pr/PI	Pr/PI	9
1965	1PPF_I_RI21T	RI21T	RI21T	1PPF	1PPF_I	P68390	0.018	0.018	1.64e-10	1.59e-10	RIM	FL	1	Pr/PI	Pr/PI	9
1966	1PPF_I_RI21V	RI21V	RI21V	1PPF	1PPF_I	P68390	0.35	0.35	1.64e-10	9.09e-11	RIM	FL	1	Pr/PI	Pr/PI	9
1967	1PPF_I_RI21C	RI21C	RI21C	1PPF	1PPF_I	P68390	0.081	0.081	1.64e-10	1.43e-10	RIM	FL	1	Pr/PI	Pr/PI	9
1968	1PPF_I_RI21S	RI21S	RI21S	1PPF	1PPF_I	P68390	-0.42	-0.42	1.64e-10	3.33e-10	RIM	FL	1	Pr/PI	Pr/PI	9
1969	1PPF_I_RI21A	RI21A	RI21A	1PPF	1PPF_I	P68390	-0.208	-0.208	1.64e-10	2.33e-10	RIM	FL	1	Pr/PI	Pr/PI	9
1970	1PPF_I_RI21W	RI21W	RI21W	1PPF	1PPF_I	P68390	0.533	0.533	1.64e-10	6.67e-11	RIM	FL	1	Pr/PI	Pr/PI	9
1971	1PPF_I_RI21Y	RI21Y	RI21Y	1PPF	1PPF_I	P68390	-0.221	-0.221	1.64e-10	2.38e-10	RIM	FL	1	Pr/PI	Pr/PI	9
1972	1PPF_I_PI14V	PI14V	PI14V	1PPF	1PPF_I	P68390	1.525	1.525	1.64e-10	1.25e-11	RIM	FL	1	Pr/PI	Pr/PI	9
1973	1PPF_I_PI14C	PI14C	PI14C	1PPF	1PPF_I	P68390	2.005	2.005	1.64e-10	5.56e-12	RIM	FL	1	Pr/PI	Pr/PI	9
1974	1PPF_I_PI14S	PI14S	PI14S	1PPF	1PPF_I	P68390	0.572	0.572	1.64e-10	6.25e-11	RIM	FL	1	Pr/PI	Pr/PI	9
1975	1PPF_I_PI14A	PI14A	PI14A	1PPF	1PPF_I	P68390	0.124	0.124	1.64e-10	1.33e-10	RIM	FL	1	Pr/PI	Pr/PI	9
1976	1PPF_I_PI14G	PI14G	PI14G	1PPF	1PPF_I	P68390	-0.093	-0.093	1.64e-10	1.92e-10	RIM	FL	1	Pr/PI	Pr/PI	9
1977	1PPF_I_PI14W	PI14W	PI14W	1PPF	1PPF_I	P68390	2.005	2.005	1.64e-10	5.56e-12	RIM	FL	1	Pr/PI	Pr/PI	9
1978	1PPF_I_PI14Y	PI14Y	PI14Y	1PPF	1PPF_I	P68390	0.963	0.963	1.64e-10	3.23e-11	RIM	FL	1	Pr/PI	Pr/PI	9
1979	1PPF_I_PI14R	PI14R	PI14R	1PPF	1PPF_I	P68390	0.138	0.138	1.64e-10	1.3e-10	RIM	FL	1	Pr/PI	Pr/PI	9
1980	1PPF_I_PI14F	PI14F	PI14F	1PPF	1PPF_I	P68390	1.857	1.857	1.64e-10	7.14e-12	RIM	FL	1	Pr/PI	Pr/PI	9
1981	1PPF_I_PI14H	PI14H	PI14H	1PPF	1PPF_I	P68390	1.766	1.766	1.64e-10	8.33e-12	RIM	FL	1	Pr/PI	Pr/PI	9
1982	1PPF_I_PI14E	PI14E	PI14E	1PPF	1PPF_I	P68390	1.429	1.429	1.64e-10	1.47e-11	RIM	FL	1	Pr/PI	Pr/PI	9
1983	1PPF_I_PI14Q	PI14Q	PI14Q	1PPF	1PPF_I	P68390	0.811	0.811	1.64e-10	4.17e-11	RIM	FL	1	Pr/PI	Pr/PI	9
1984	1PPF_I_PI14K	PI14K	PI14K	1PPF	1PPF_I	P68390	0.449	0.449	1.64e-10	7.69e-11	RIM	FL	1	Pr/PI	Pr/PI	9
1985	1PPF_I_PI14D	PI14D	PI14D	1PPF	1PPF_I	P68390	0.493	0.493	1.64e-10	7.14e-11	RIM	FL	1	Pr/PI	Pr/PI	9
1986	1PPF_I_PI14N	PI14N	PI14N	1PPF	1PPF_I	P68390	0.641	0.641	1.64e-10	5.56e-11	RIM	FL	1	Pr/PI	Pr/PI	9
1987	1PPF_I_PI14M	PI14M	PI14M	1PPF	1PPF_I	P68390	1.574	1.574	1.64e-10	1.15e-11	RIM	FL	1	Pr/PI	Pr/PI	9
1988	1PPF_I_PI14I	PI14I	PI14I	1PPF	1PPF_I	P68390	1.651	1.651	1.64e-10	1.01e-11	RIM	FL	1	Pr/PI	Pr/PI	9
1989	1PPF_I_PI14L	PI14L	PI14L	1PPF	1PPF_I	P68390	2.923	2.923	1.64e-10	1.18e-12	RIM	FL	1	Pr/PI	Pr/PI	9
1990	1PPF_I_PI14T	PI14T	PI14T	1PPF	1PPF_I	P68390	0.264	0.264	1.64e-10	1.05e-10	RIM	FL	1	Pr/PI	Pr/PI	9
1991	1PPF_I_KI13I	KI13I	KI13I	1PPF	1PPF_I	P68390	-0.631	-0.631	1.64e-10	4.76e-10	RIM	FL	1	Pr/PI	Pr/PI	9
1992	1PPF_I_KI13L	KI13L	KI13L	1PPF	1PPF_I	P68390	-0.402	-0.402	1.64e-10	3.23e-10	RIM	FL	1	Pr/PI	Pr/PI	9
1993	1PPF_I_KI13P	KI13P	KI13P	1PPF	1PPF_I	P68390	-1.266	-1.266	1.64e-10	1.39e-09	RIM	FL	1	Pr/PI	Pr/PI	9
1994	1PPF_I_KI13T	KI13T	KI13T	1PPF	1PPF_I	P68390	-0.166	-0.166	1.64e-10	2.17e-10	RIM	FL	1	Pr/PI	Pr/PI	9
1995	1PPF_I_KI13V	KI13V	KI13V	1PPF	1PPF_I	P68390	-0.872	-0.872	1.64e-10	7.14e-10	RIM	FL	1	Pr/PI	Pr/PI	9
1996	1PPF_I_KI13C	KI13C	KI13C	1PPF	1PPF_I	P68390	-0.963	-0.963	1.64e-10	8.33e-10	RIM	FL	1	Pr/PI	Pr/PI	9
1997	1PPF_I_KI13S	KI13S	KI13S	1PPF	1PPF_I	P68390	-0.461	-0.461	1.64e-10	3.57e-10	RIM	FL	1	Pr/PI	Pr/PI	9
1998	1PPF_I_KI13A	KI13A	KI13A	1PPF	1PPF_I	P68390	-0.756	-0.756	1.64e-10	5.88e-10	RIM	FL	1	Pr/PI	Pr/PI	9
1999	1PPF_I_KI13G	KI13G	KI13G	1PPF	1PPF_I	P68390	-1.249	-1.249	1.64e-10	1.35e-09	RIM	FL	1	Pr/PI	Pr/PI	9
2000	1PPF_I_KI13W	KI13W	KI13W	1PPF	1PPF_I	P68390	-0.831	-0.831	1.64e-10	6.67e-10	RIM	FL	1	Pr/PI	Pr/PI	9
2001	1PPF_I_KI13Y	KI13Y	KI13Y	1PPF	1PPF_I	P68390	-0.506	-0.506	1.64e-10	3.85e-10	RIM	FL	1	Pr/PI	Pr/PI	9
2002	1PPF_I_KI13R	KI13R	KI13R	1PPF	1PPF_I	P68390	0.641	0.641	1.64e-10	5.56e-11	RIM	FL	1	Pr/PI	Pr/PI	9
2003	1PPF_I_KI13F	KI13F	KI13F	1PPF	1PPF_I	P68390	-0.963	-0.963	1.64e-10	8.33e-10	RIM	FL	1	Pr/PI	Pr/PI	9
2004	1PPF_I_KI13H	KI13H	KI13H	1PPF	1PPF_I	P68390	-1.015	-1.015	1.64e-10	9.09e-10	RIM	FL	1	Pr/PI	Pr/PI	9
2005	1PPF_I_KI13E	KI13E	KI13E	1PPF	1PPF_I	P68390	-1.133	-1.133	1.64e-10	1.11e-09	RIM	FL	1	Pr/PI	Pr/PI	9
2006	1PPF_I_KI13Q	KI13Q	KI13Q	1PPF	1PPF_I	P68390	-0.25	-0.25	1.64e-10	2.5e-10	RIM	FL	1	Pr/PI	Pr/PI	9
2007	1PPF_I_KI13D	KI13D	KI13D	1PPF	1PPF_I	P68390	-0.631	-0.631	1.64e-10	4.76e-10	RIM	FL	1	Pr/PI	Pr/PI	9
2008	1PPF_I_KI13N	KI13N	KI13N	1PPF	1PPF_I	P68390	-0.66	-0.66	1.64e-10	5e-10	RIM	FL	1	Pr/PI	Pr/PI	9
2009	1PPF_I_KI13M	KI13M	KI13M	1PPF	1PPF_I	P68390	-0.208	-0.208	1.64e-10	2.33e-10	RIM	FL	1	Pr/PI	Pr/PI	9
2010	1PPF_I_GI32T	GI32T	GI32T	1PPF	1PPF_I	P68390	-2.812	-2.812	1.64e-10	1.89e-08	COR	FL	1	Pr/PI	Pr/PI	9
2011	1PPF_I_GI32C	GI32C	GI32C	1PPF	1PPF_I	P68390	-1.179	-1.179	1.64e-10	1.2e-09	COR	FL	1	Pr/PI	Pr/PI	9
2012	1PPF_I_GI32S	GI32S	GI32S	1PPF	1PPF_I	P68390	-0.915	-0.915	1.64e-10	7.69e-10	COR	FL	1	Pr/PI	Pr/PI	9
2013	1PPF_I_GI32W	GI32W	GI32W	1PPF	1PPF_I	P68390	-1.644	-1.644	1.64e-10	2.63e-09	COR	FL	1	Pr/PI	Pr/PI	9
2014	1PPF_I_GI32Y	GI32Y	GI32Y	1PPF	1PPF_I	P68390	-1.203	-1.203	1.64e-10	1.25e-09	COR	FL	1	Pr/PI	Pr/PI	9
2015	1PPF_I_GI32R	GI32R	GI32R	1PPF	1PPF_I	P68390	-4.849	-4.849	1.64e-10	5.88e-07	COR	FL	1	Pr/PI	Pr/PI	9
2016	1PPF_I_GI32F	GI32F	GI32F	1PPF	1PPF_I	P68390	-1.482	-1.482	1.64e-10	2e-09	COR	FL	1	Pr/PI	Pr/PI	9
2017	1PPF_I_GI32H	GI32H	GI32H	1PPF	1PPF_I	P68390	-1.505	-1.505	1.64e-10	2.08e-09	COR	FL	1	Pr/PI	Pr/PI	9
2018	1PPF_I_GI32E	GI32E	GI32E	1PPF	1PPF_I	P68390	-1.458	-1.458	1.64e-10	1.92e-09	COR	FL	1	Pr/PI	Pr/PI	9
2019	1PPF_I_GI32Q	GI32Q	GI32Q	1PPF	1PPF_I	P68390	-2.8	-2.8	1.64e-10	1.85e-08	COR	FL	1	Pr/PI	Pr/PI	9
2020	1PPF_I_GI32K	GI32K	GI32K	1PPF	1PPF_I	P68390	-3.306	-3.306	1.64e-10	4.35e-08	COR	FL	1	Pr/PI	Pr/PI	9
2021	1PPF_I_GI32D	GI32D	GI32D	1PPF	1PPF_I	P68390	-2.497	-2.497	1.64e-10	1.11e-08	COR	FL	1	Pr/PI	Pr/PI	9
2022	1PPF_I_GI32N	GI32N	GI32N	1PPF	1PPF_I	P68390	-1.614	-1.614	1.64e-10	2.5e-09	COR	FL	1	Pr/PI	Pr/PI	9
2023	1PPF_I_GI32M	GI32M	GI32M	1PPF	1PPF_I	P68390	-2.195	-2.195	1.64e-10	6.67e-09	COR	FL	1	Pr/PI	Pr/PI	9
2024	1PPF_I_GI32I	GI32I	GI32I	1PPF	1PPF_I	P68390	-4.372	-4.372	1.64e-10	2.63e-07	COR	FL	1	Pr/PI	Pr/PI	9
2025	1PPF_I_GI32L	GI32L	GI32L	1PPF	1PPF_I	P68390	-3.13	-3.13	1.64e-10	3.23e-08	COR	FL	1	Pr/PI	Pr/PI	9
2026	1PPF_I_GI32P	GI32P	GI32P	1PPF	1PPF_I	P68390	-0.264	-0.264	1.64e-10	2.56e-10	COR	FL	1	Pr/PI	Pr/PI	9
2027	1PPF_I_NI36Q	NI36Q	NI36Q	1PPF	1PPF_I	P68390	-0.383	-0.383	1.64e-10	3.13e-10	RIM	FL	1	Pr/PI	Pr/PI	9
2028	1PPF_I_NI36K	NI36K	NI36K	1PPF	1PPF_I	P68390	-2.622	-2.622	1.64e-10	1.37e-08	RIM	FL	1	Pr/PI	Pr/PI	9
2029	1PPF_I_NI36D	NI36D	NI36D	1PPF	1PPF_I	P68390	3.078	3.078	1.64e-10	9.09e-13	RIM	FL	1	Pr/PI	Pr/PI	9
2030	1PPF_I_NI36M	NI36M	NI36M	1PPF	1PPF_I	P68390	-1.071	-1.071	1.64e-10	1e-09	RIM	FL	1	Pr/PI	Pr/PI	9
2031	1PPF_I_NI36I	NI36I	NI36I	1PPF	1PPF_I	P68390	-0.872	-0.872	1.64e-10	7.14e-10	RIM	FL	1	Pr/PI	Pr/PI	9
2032	1PPF_I_NI36L	NI36L	NI36L	1PPF	1PPF_I	P68390	-2.647	-2.647	1.64e-10	1.43e-08	RIM	FL	1	Pr/PI	Pr/PI	9
2033	1PPF_I_NI36P	NI36P	NI36P	1PPF	1PPF_I	P68390	2.96	2.96	1.64e-10	1.11e-12	RIM	FL	1	Pr/PI	Pr/PI	9
2034	1PPF_I_NI36T	NI36T	NI36T	1PPF	1PPF_I	P68390	-0.553	-0.553	1.64e-10	4.17e-10	RIM	FL	1	Pr/PI	Pr/PI	9
2035	1PPF_I_NI36V	NI36V	NI36V	1PPF	1PPF_I	P68390	-0.346	-0.346	1.64e-10	2.94e-10	RIM	FL	1	Pr/PI	Pr/PI	9
2036	1PPF_I_NI36C	NI36C	NI36C	1PPF	1PPF_I	P68390	-0.605	-0.605	1.64e-10	4.55e-10	RIM	FL	1	Pr/PI	Pr/PI	9
2037	1PPF_I_NI36S	NI36S	NI36S	1PPF	1PPF_I	P68390	1.346	1.346	1.64e-10	1.69e-11	RIM	FL	1	Pr/PI	Pr/PI	9
2038	1PPF_I_NI36A	NI36A	NI36A	1PPF	1PPF_I	P68390	1.646	1.646	1.64e-10	1.02e-11	RIM	FL	1	Pr/PI	Pr/PI	9
2039	1PPF_I_NI36G	NI36G	NI36G	1PPF	1PPF_I	P68390	0.572	0.572	1.64e-10	6.25e-11	RIM	FL	1	Pr/PI	Pr/PI	9
2040	1PPF_I_NI36W	NI36W	NI36W	1PPF	1PPF_I	P68390	-1.722	-1.722	1.64e-10	3e-09	RIM	FL	1	Pr/PI	Pr/PI	9
2041	1PPF_I_NI36Y	NI36Y	NI36Y	1PPF	1PPF_I	P68390	-1.677	-1.677	1.64e-10	2.78e-09	RIM	FL	1	Pr/PI	Pr/PI	9
2042	1PPF_I_NI36R	NI36R	NI36R	1PPF	1PPF_I	P68390	-1.87	-1.87	1.64e-10	3.85e-09	RIM	FL	1	Pr/PI	Pr/PI	9
2043	1PPF_I_NI36F	NI36F	NI36F	1PPF	1PPF_I	P68390	-1.846	-1.846	1.64e-10	3.7e-09	RIM	FL	1	Pr/PI	Pr/PI	9
2044	1PPF_I_NI36H	NI36H	NI36H	1PPF	1PPF_I	P68390	0.533	0.533	1.64e-10	6.67e-11	RIM	FL	1	Pr/PI	Pr/PI	9
2045	1PPF_I_NI36E	NI36E	NI36E	1PPF	1PPF_I	P68390	1.018	1.018	1.64e-10	2.94e-11	RIM	FL	1	Pr/PI	Pr/PI	9
2046	1SGP_I_AI18L	AI18L	AI13L	1SGP	1SGP_I	P68390	2.989	2.989	2.78e-09	1.79e-11	COR	SP	1	Pr/PI	Pr/PI	9
2047	1SGD_I_DI18L	DI18L	DI13L	1SGD	1SGD_I	P68390	5.669	5.669	2.56e-07	1.79e-11	COR	SP	1	Pr/PI	Pr/PI	9
2048	2SGP_I_PI18L	PI18L	PI13L	2SGP	2SGP_I	P68390	8.446	8.446	2.78e-05	1.79e-11	COR	SP	1	Pr/PI	Pr/PI	9
2049	1CT0_I_SI18L	SI18L	SI13L	1CT0	1CT0_I	P68390	4.158	4.158	2e-08	1.79e-11	COR	SP	1	Pr/PI	Pr/PI	9
2050	1SGN_I_NI18L	NI18L	NI13L	1SGN	1SGN_I	P68390	3.4	3.4	5.56e-09	1.79e-11	COR	SP	1	Pr/PI	Pr/PI	9
2051	2NU0_I_WI18L	WI18L	WI13L	2NU0	2NU0_I	P68436	1.865	1.865	4.17e-10	1.79e-11	COR	SP	1	Pr/PI	Pr/PI	9
2052	2NU1_I_HI18L	HI18L	HI13L	2NU1	2NU1_I	P68436	1.714	1.714	3.23e-10	1.79e-11	COR	SP	1	Pr/PI	Pr/PI	9
2053	3SGB_I_GI32V	GI32V	GI26V	3SGB	3SGB_I	P68390	-2.728	-2.728,-2.728	1.79e-11,1.79e-11	1.79e-09,2.5e-09	COR	FL	1	Pr/PI	Pr/PI	9
2054	3SGB_I_GI32A	GI32A	GI26A	3SGB	3SGB_I	P68390	-1.223	-1.223,-1.223	1.79e-11,1.79e-11	1.41e-10,1.79e-10	COR	FL	1	Pr/PI	Pr/PI	9
2055	3SGB_I_YI20H	YI20H	YI14H	3SGB	3SGB_I	P68390	-1.714	-1.714,-1.714	1.79e-11,1.79e-11	3.23e-10,1.92e-10	COR	FL	1	Pr/PI	Pr/PI	9
2056	3SGB_I_YI20D	YI20D	YI14D	3SGB	3SGB_I	P68390	-2.912	-2.912,-2.912	1.79e-11,1.79e-11	2.44e-09,2.08e-09	COR	FL	1	Pr/PI	Pr/PI	9
2057	3SGB_I_TI17E	TI17E	TI11E	3SGB	3SGB_I	P68390	-4.797	-4.797,-4.797	1.79e-11,1.79e-11	5.88e-08,3.33e-08	COR	FL	1	Pr/PI	Pr/PI	9
2058	3SGB_I_TI17V	TI17V	TI11V	3SGB	3SGB_I	P68390	-2.548	-2.548,-2.548	1.79e-11,1.79e-11	1.32e-09,5e-10	COR	FL	1	Pr/PI	Pr/PI	9
2059	3SGB_I_TI17S	TI17S	TI11S	3SGB	3SGB_I	P68390	-2.466	-2.466,-2.466	1.79e-11,1.79e-11	1.15e-09,1.3e-09	COR	FL	1	Pr/PI	Pr/PI	9
2060	3SGB_I_TI17A	TI17A	TI11A	3SGB	3SGB_I	P68390	-3.592	-3.592,-3.592	1.79e-11,1.79e-11	7.69e-09,4.17e-09	COR	FL	1	Pr/PI	Pr/PI	9
2061	3SGB_I_AI15V	AI15V	AI9V	3SGB	3SGB_I	P68390	0.785	0.785,0.785	1.79e-11,1.79e-11	4.76e-12,5.88e-12	COR	FL	1	Pr/PI	Pr/PI	9
2062	3SGB_I_LI18E	LI18E	LI12E	3SGB	3SGB_I	P68390	-5.983	-5.983,-5.983	1.79e-11,1.79e-11	4.35e-07,8.33e-07	COR	FL	1	Pr/PI	Pr/PI	9
2063	3SGB_I_LI18Q	LI18Q	LI12Q	3SGB	3SGB_I	P68390	-2.604	-2.604,-2.604	1.79e-11,1.79e-11	1.45e-09,1.19e-09	COR	FL	1	Pr/PI	Pr/PI	9
2064	3SGB_I_LI18M	LI18M	LI12M	3SGB	3SGB_I	P68390	-0.43	-0.43,-0.43	1.79e-11,1.79e-11	3.7e-11,4e-11	COR	FL	1	Pr/PI	Pr/PI	9
2065	3SGB_I_LI18A	LI18A	LI12A	3SGB	3SGB_I	P68390	-2.989	-2.989,-2.989	1.79e-11,1.79e-11	2.78e-09,2.63e-09	COR	FL	1	Pr/PI	Pr/PI	9
2066	3SGB_I_LI18C	LI18C	LI12C	3SGB	3SGB_I	P68390	0.013	0.013	1.79e-11	1.75e-11	COR	FL	1	Pr/PI	Pr/PI	9
2067	3SGB_I_LI18S	LI18S	LI12S	3SGB	3SGB_I	P68390	-4.158	-4.158	1.79e-11	2e-08	COR	FL	1	Pr/PI	Pr/PI	9
2068	3SGB_I_LI18G	LI18G	LI12G	3SGB	3SGB_I	P68390	-5.003	-5.003	1.79e-11	8.33e-08	COR	FL	1	Pr/PI	Pr/PI	9
2069	3SGB_I_LI18K	LI18K	LI12K	3SGB	3SGB_I	P68390	-3.182	-3.182	1.79e-11	3.85e-09	COR	FL	1	Pr/PI	Pr/PI	9
2070	3SGB_I_LI18D	LI18D	LI12D	3SGB	3SGB_I	P68390	-5.669	-5.669	1.79e-11	2.56e-07	COR	FL	1	Pr/PI	Pr/PI	9
2071	3SGB_I_LI18N	LI18N	LI12N	3SGB	3SGB_I	P68390	-3.4	-3.4	1.79e-11	5.56e-09	COR	FL	1	Pr/PI	Pr/PI	9
2072	3SGB_I_LI18I	LI18I	LI12I	3SGB	3SGB_I	P68390	-4.481	-4.481	1.79e-11	3.45e-08	COR	FL	1	Pr/PI	Pr/PI	9
2073	3SGB_I_LI18P	LI18P	LI12P	3SGB	3SGB_I	P68390	-8.446	-8.446	1.79e-11	2.78e-05	COR	FL	1	Pr/PI	Pr/PI	9
2074	3SGB_I_LI18T	LI18T	LI12T	3SGB	3SGB_I	P68390	-3.205	-3.205	1.79e-11	4e-09	COR	FL	1	Pr/PI	Pr/PI	9
2075	3SGB_I_LI18V	LI18V	LI12V	3SGB	3SGB_I	P68390	-3.034	-3.034	1.79e-11	3e-09	COR	FL	1	Pr/PI	Pr/PI	9
2076	3SGB_I_LI18W	LI18W	LI12W	3SGB	3SGB_I	P68390	-1.865	-1.865	1.79e-11	4.17e-10	COR	FL	1	Pr/PI	Pr/PI	9
2077	3SGB_I_LI18Y	LI18Y	LI12Y	3SGB	3SGB_I	P68390	-1.676	-1.676	1.79e-11	3.03e-10	COR	FL	1	Pr/PI	Pr/PI	9
2078	3SGB_I_LI18R	LI18R	LI12R	3SGB	3SGB_I	P68390	-3.367	-3.367	1.79e-11	5.26e-09	COR	FL	1	Pr/PI	Pr/PI	9
2079	3SGB_I_LI18F	LI18F	LI12F	3SGB	3SGB_I	P68390	-1.374	-1.374	1.79e-11	1.82e-10	COR	FL	1	Pr/PI	Pr/PI	9
2080	3SGB_I_LI18H	LI18H	LI12H	3SGB	3SGB_I	P68390	-1.714	-1.714	1.79e-11	3.23e-10	COR	FL	1	Pr/PI	Pr/PI	9
2081	3SGB_I_AI15G	AI15G	AI9G	3SGB	3SGB_I	P68390	-2.486	-2.486	1.79e-11	1.19e-09	COR	FL	1	Pr/PI	Pr/PI	9
2082	3SGB_I_AI15Y	AI15Y	AI9Y	3SGB	3SGB_I	P68390	1.647	1.647	1.79e-11	1.11e-12	COR	FL	1	Pr/PI	Pr/PI	9
2083	3SGB_I_AI15R	AI15R	AI9R	3SGB	3SGB_I	P68390	-2.036	-2.036	1.79e-11	5.56e-10	COR	FL	1	Pr/PI	Pr/PI	9
2084	3SGB_I_AI15F	AI15F	AI9F	3SGB	3SGB_I	P68390	1.181	1.181	1.79e-11	2.44e-12	COR	FL	1	Pr/PI	Pr/PI	9
2085	3SGB_I_AI15H	AI15H	AI9H	3SGB	3SGB_I	P68390	0.453	0.453	1.79e-11	8.33e-12	COR	FL	1	Pr/PI	Pr/PI	9
2086	3SGB_I_AI15E	AI15E	AI9E	3SGB	3SGB_I	P68390	-0.671	-0.671	1.79e-11	5.56e-11	COR	FL	1	Pr/PI	Pr/PI	9
2087	3SGB_I_AI15Q	AI15Q	AI9Q	3SGB	3SGB_I	P68390	-0.43	-0.43	1.79e-11	3.7e-11	COR	FL	1	Pr/PI	Pr/PI	9
2088	3SGB_I_AI15K	AI15K	AI9K	3SGB	3SGB_I	P68390	-2.491	-2.491	1.79e-11	1.2e-09	COR	FL	1	Pr/PI	Pr/PI	9
2089	3SGB_I_AI15D	AI15D	AI9D	3SGB	3SGB_I	P68390	-0.476	-0.476	1.79e-11	4e-11	COR	FL	1	Pr/PI	Pr/PI	9
2090	3SGB_I_AI15N	AI15N	AI9N	3SGB	3SGB_I	P68390	0.089	0.089	1.79e-11	1.54e-11	COR	FL	1	Pr/PI	Pr/PI	9
2091	3SGB_I_AI15M	AI15M	AI9M	3SGB	3SGB_I	P68390	-0.089	-0.089	1.79e-11	2.08e-11	COR	FL	1	Pr/PI	Pr/PI	9
2092	3SGB_I_AI15I	AI15I	AI9I	3SGB	3SGB_I	P68390	0.453	0.453	1.79e-11	8.33e-12	COR	FL	1	Pr/PI	Pr/PI	9
2093	3SGB_I_AI15L	AI15L	AI9L	3SGB	3SGB_I	P68390	-0.169	-0.169	1.79e-11	2.38e-11	COR	FL	1	Pr/PI	Pr/PI	9
2094	3SGB_I_AI15P	AI15P	AI9P	3SGB	3SGB_I	P68390	-0.553	-0.553	1.79e-11	4.55e-11	COR	FL	1	Pr/PI	Pr/PI	9
2095	3SGB_I_AI15T	AI15T	AI9T	3SGB	3SGB_I	P68390	-0.331	-0.331	1.79e-11	3.13e-11	COR	FL	1	Pr/PI	Pr/PI	9
2096	3SGB_I_AI15C	AI15C	AI9C	3SGB	3SGB_I	P68390	-0.042	-0.042	1.79e-11	1.92e-11	COR	FL	1	Pr/PI	Pr/PI	9
2097	3SGB_I_AI15S	AI15S	AI9S	3SGB	3SGB_I	P68390	-0.911	-0.911	1.79e-11	8.33e-11	COR	FL	1	Pr/PI	Pr/PI	9
2098	3SGB_I_AI15W	AI15W	AI9W	3SGB	3SGB_I	P68390	1.554	1.554	1.79e-11	1.3e-12	COR	FL	1	Pr/PI	Pr/PI	9
2099	3SGB_I_TI17L	TI17L	TI11L	3SGB	3SGB_I	P68390	-2.471	-2.471	1.79e-11	1.16e-09	COR	FL	1	Pr/PI	Pr/PI	9
2100	3SGB_I_TI17P	TI17P	TI11P	3SGB	3SGB_I	P68390	-3.182	-3.182	1.79e-11	3.85e-09	COR	FL	1	Pr/PI	Pr/PI	9
2101	3SGB_I_TI17C	TI17C	TI11C	3SGB	3SGB_I	P68390	-2.926	-2.926	1.79e-11	2.5e-09	COR	FL	1	Pr/PI	Pr/PI	9
2102	3SGB_I_TI17G	TI17G	TI11G	3SGB	3SGB_I	P68390	-5.584	-5.584	1.79e-11	2.22e-07	COR	FL	1	Pr/PI	Pr/PI	9
2103	3SGB_I_TI17W	TI17W	TI11W	3SGB	3SGB_I	P68390	-3.034	-3.034	1.79e-11	3e-09	COR	FL	1	Pr/PI	Pr/PI	9
2104	3SGB_I_TI17Y	TI17Y	TI11Y	3SGB	3SGB_I	P68390	-3.367	-3.367	1.79e-11	5.26e-09	COR	FL	1	Pr/PI	Pr/PI	9
2105	3SGB_I_TI17R	TI17R	TI11R	3SGB	3SGB_I	P68390	-1.973	-1.973	1.79e-11	5e-10	COR	FL	1	Pr/PI	Pr/PI	9
2106	3SGB_I_TI17F	TI17F	TI11F	3SGB	3SGB_I	P68390	-3.639	-3.639	1.79e-11	8.33e-09	COR	FL	1	Pr/PI	Pr/PI	9
2107	3SGB_I_TI17H	TI17H	TI11H	3SGB	3SGB_I	P68390	-3.508	-3.508	1.79e-11	6.67e-09	COR	FL	1	Pr/PI	Pr/PI	9
2108	3SGB_I_TI17Q	TI17Q	TI11Q	3SGB	3SGB_I	P68390	-2.94	-2.94	1.79e-11	2.56e-09	COR	FL	1	Pr/PI	Pr/PI	9
2109	3SGB_I_TI17K	TI17K	TI11K	3SGB	3SGB_I	P68390	-2.036	-2.036	1.79e-11	5.56e-10	COR	FL	1	Pr/PI	Pr/PI	9
2110	3SGB_I_TI17D	TI17D	TI11D	3SGB	3SGB_I	P68390	-4.956	-4.956	1.79e-11	7.69e-08	COR	FL	1	Pr/PI	Pr/PI	9
2111	3SGB_I_TI17N	TI17N	TI11N	3SGB	3SGB_I	P68390	-3.254	-3.254	1.79e-11	4.35e-09	COR	FL	1	Pr/PI	Pr/PI	9
2112	3SGB_I_TI17M	TI17M	TI11M	3SGB	3SGB_I	P68390	-2.036	-2.036	1.79e-11	5.56e-10	COR	FL	1	Pr/PI	Pr/PI	9
2113	3SGB_I_TI17I	TI17I	TI11I	3SGB	3SGB_I	P68390	-1.753	-1.753	1.79e-11	3.45e-10	COR	FL	1	Pr/PI	Pr/PI	9
2114	3SGB_I_EI19D	EI19D	EI13D	3SGB	3SGB_I	P68390	-0.553	-0.553	1.79e-11	4.55e-11	RIM	FL	1	Pr/PI	Pr/PI	9
2115	3SGB_I_EI19N	EI19N	EI13N	3SGB	3SGB_I	P68390	-1.102	-1.102	1.79e-11	1.15e-10	RIM	FL	1	Pr/PI	Pr/PI	9
2116	3SGB_I_EI19M	EI19M	EI13M	3SGB	3SGB_I	P68390	0.189	0.189	1.79e-11	1.3e-11	RIM	FL	1	Pr/PI	Pr/PI	9
2117	3SGB_I_EI19I	EI19I	EI13I	3SGB	3SGB_I	P68390	0.623	0.623	1.79e-11	6.25e-12	RIM	FL	1	Pr/PI	Pr/PI	9
2118	3SGB_I_EI19L	EI19L	EI13L	3SGB	3SGB_I	P68390	-0.779	-0.779	1.79e-11	6.67e-11	RIM	FL	1	Pr/PI	Pr/PI	9
2119	3SGB_I_EI19P	EI19P	EI13P	3SGB	3SGB_I	P68390	-2.275	-2.275	1.79e-11	8.33e-10	RIM	FL	1	Pr/PI	Pr/PI	9
2120	3SGB_I_EI19T	EI19T	EI13T	3SGB	3SGB_I	P68390	-2.143	-2.143	1.79e-11	6.67e-10	RIM	FL	1	Pr/PI	Pr/PI	9
2121	3SGB_I_EI19V	EI19V	EI13V	3SGB	3SGB_I	P68390	-0.128	-0.128	1.79e-11	2.22e-11	RIM	FL	1	Pr/PI	Pr/PI	9
2122	3SGB_I_EI19C	EI19C	EI13C	3SGB	3SGB_I	P68390	-1.175	-1.175	1.79e-11	1.3e-10	RIM	FL	1	Pr/PI	Pr/PI	9
2123	3SGB_I_EI19S	EI19S	EI13S	3SGB	3SGB_I	P68390	-1.944	-1.944	1.79e-11	4.76e-10	RIM	FL	1	Pr/PI	Pr/PI	9
2124	3SGB_I_EI19A	EI19A	EI13A	3SGB	3SGB_I	P68390	-1.019	-1.019	1.79e-11	1e-10	RIM	FL	1	Pr/PI	Pr/PI	9
2125	3SGB_I_EI19G	EI19G	EI13G	3SGB	3SGB_I	P68390	-2.105	-2.105	1.79e-11	6.25e-10	RIM	FL	1	Pr/PI	Pr/PI	9
2126	3SGB_I_EI19W	EI19W	EI13W	3SGB	3SGB_I	P68390	-1.548	-1.548	1.79e-11	2.44e-10	RIM	FL	1	Pr/PI	Pr/PI	9
2127	3SGB_I_EI19Y	EI19Y	EI13Y	3SGB	3SGB_I	P68390	-0.779	-0.779	1.79e-11	6.67e-11	RIM	FL	1	Pr/PI	Pr/PI	9
2128	3SGB_I_EI19R	EI19R	EI13R	3SGB	3SGB_I	P68390	-1.275	-1.275	1.79e-11	1.54e-10	RIM	FL	1	Pr/PI	Pr/PI	9
2129	3SGB_I_EI19F	EI19F	EI13F	3SGB	3SGB_I	P68390	-1.944	-1.944	1.79e-11	4.76e-10	RIM	FL	1	Pr/PI	Pr/PI	9
2130	3SGB_I_EI19H	EI19H	EI13H	3SGB	3SGB_I	P68390	-0.526	-0.526	1.79e-11	4.35e-11	RIM	FL	1	Pr/PI	Pr/PI	9
2131	3SGB_I_EI19Q	EI19Q	EI13Q	3SGB	3SGB_I	P68390	-0.184	-0.184	1.79e-11	2.44e-11	RIM	FL	1	Pr/PI	Pr/PI	9
2132	3SGB_I_EI19K	EI19K	EI13K	3SGB	3SGB_I	P68390	-0.169	-0.169	1.79e-11	2.38e-11	RIM	FL	1	Pr/PI	Pr/PI	9
2133	3SGB_I_YI20V	YI20V	YI14V	3SGB	3SGB_I	P68390	-4.422	-4.422	1.79e-11	3.12e-08	COR	FL	1	Pr/PI	Pr/PI	9
2134	3SGB_I_YI20C	YI20C	YI14C	3SGB	3SGB_I	P68390	-1.695	-1.695	1.79e-11	3.13e-10	COR	FL	1	Pr/PI	Pr/PI	9
2135	3SGB_I_YI20S	YI20S	YI14S	3SGB	3SGB_I	P68390	-2.036	-2.036	1.79e-11	5.56e-10	COR	FL	1	Pr/PI	Pr/PI	9
2136	3SGB_I_YI20A	YI20A	YI14A	3SGB	3SGB_I	P68390	-1.944	-1.944	1.79e-11	4.76e-10	COR	FL	1	Pr/PI	Pr/PI	9
2137	3SGB_I_YI20G	YI20G	YI14G	3SGB	3SGB_I	P68390	-2.842	-2.842	1.79e-11	2.17e-09	COR	FL	1	Pr/PI	Pr/PI	9
2138	3SGB_I_YI20W	YI20W	YI14W	3SGB	3SGB_I	P68390	-0.389	-0.389	1.79e-11	3.45e-11	COR	FL	1	Pr/PI	Pr/PI	9
2139	3SGB_I_YI20R	YI20R	YI14R	3SGB	3SGB_I	P68390	-2.761	-2.761	1.79e-11	1.89e-09	COR	FL	1	Pr/PI	Pr/PI	9
2140	3SGB_I_YI20F	YI20F	YI14F	3SGB	3SGB_I	P68390	-0.169	-0.169	1.79e-11	2.38e-11	COR	FL	1	Pr/PI	Pr/PI	9
2141	3SGB_I_YI20E	YI20E	YI14E	3SGB	3SGB_I	P68390	-2.036	-2.036	1.79e-11	5.56e-10	COR	FL	1	Pr/PI	Pr/PI	9
2142	3SGB_I_YI20Q	YI20Q	YI14Q	3SGB	3SGB_I	P68390	-3.281	-3.281	1.79e-11	4.55e-09	COR	FL	1	Pr/PI	Pr/PI	9
2143	3SGB_I_YI20K	YI20K	YI14K	3SGB	3SGB_I	P68390	-3.433	-3.433	1.79e-11	5.88e-09	COR	FL	1	Pr/PI	Pr/PI	9
2144	3SGB_I_YI20N	YI20N	YI14N	3SGB	3SGB_I	P68390	-3.159	-3.159	1.79e-11	3.7e-09	COR	FL	1	Pr/PI	Pr/PI	9
2145	3SGB_I_YI20M	YI20M	YI14M	3SGB	3SGB_I	P68390	-2.003	-2.003	1.79e-11	5.26e-10	COR	FL	1	Pr/PI	Pr/PI	9
2146	3SGB_I_YI20I	YI20I	YI14I	3SGB	3SGB_I	P68390	-3.592	-3.592	1.79e-11	7.69e-09	COR	FL	1	Pr/PI	Pr/PI	9
2147	3SGB_I_YI20L	YI20L	YI14L	3SGB	3SGB_I	P68390	-1.576	-1.576	1.79e-11	2.56e-10	COR	FL	1	Pr/PI	Pr/PI	9
2148	3SGB_I_YI20P	YI20P	YI14P	3SGB	3SGB_I	P68390	-6.276	-6.276	1.79e-11	7.14e-07	COR	FL	1	Pr/PI	Pr/PI	9
2149	3SGB_I_YI20T	YI20T	YI14T	3SGB	3SGB_I	P68390	-4.872	-4.872	1.79e-11	6.67e-08	COR	FL	1	Pr/PI	Pr/PI	9
2150	3SGB_I_RI21N	RI21N	RI15N	3SGB	3SGB_I	P68390	-0.331	-0.331	1.79e-11	3.13e-11	RIM	FL	1	Pr/PI	Pr/PI	9
2151	3SGB_I_RI21M	RI21M	RI15M	3SGB	3SGB_I	P68390	-0.128	-0.128	1.79e-11	2.22e-11	RIM	FL	1	Pr/PI	Pr/PI	9
2152	3SGB_I_RI21I	RI21I	RI15I	3SGB	3SGB_I	P68390	-0.244	-0.244	1.79e-11	2.7e-11	RIM	FL	1	Pr/PI	Pr/PI	9
2153	3SGB_I_RI21L	RI21L	RI15L	3SGB	3SGB_I	P68390	-0.228	-0.228	1.79e-11	2.63e-11	RIM	FL	1	Pr/PI	Pr/PI	9
2154	3SGB_I_RI21P	RI21P	RI15P	3SGB	3SGB_I	P68390	-7.684	-7.684	1.79e-11	7.69e-06	RIM	FL	1	Pr/PI	Pr/PI	9
2155	3SGB_I_RI21T	RI21T	RI15T	3SGB	3SGB_I	P68390	-0.454	-0.454	1.79e-11	3.85e-11	RIM	FL	1	Pr/PI	Pr/PI	9
2156	3SGB_I_RI21V	RI21V	RI15V	3SGB	3SGB_I	P68390	0.024	0.024	1.79e-11	1.72e-11	RIM	FL	1	Pr/PI	Pr/PI	9
2157	3SGB_I_RI21C	RI21C	RI15C	3SGB	3SGB_I	P68390	-0.553	-0.553	1.79e-11	4.55e-11	RIM	FL	1	Pr/PI	Pr/PI	9
2158	3SGB_I_RI21S	RI21S	RI15S	3SGB	3SGB_I	P68390	-0.278	-0.278	1.79e-11	2.86e-11	RIM	FL	1	Pr/PI	Pr/PI	9
2159	3SGB_I_RI21A	RI21A	RI15A	3SGB	3SGB_I	P68390	-0.054	-0.054	1.79e-11	1.96e-11	RIM	FL	1	Pr/PI	Pr/PI	9
2160	3SGB_I_RI21G	RI21G	RI15G	3SGB	3SGB_I	P68390	-1.107	-1.107	1.79e-11	1.16e-10	RIM	FL	1	Pr/PI	Pr/PI	9
2161	3SGB_I_RI21W	RI21W	RI15W	3SGB	3SGB_I	P68390	-0.312	-0.312	1.79e-11	3.03e-11	RIM	FL	1	Pr/PI	Pr/PI	9
2162	3SGB_I_RI21Y	RI21Y	RI15Y	3SGB	3SGB_I	P68390	-0.294	-0.294	1.79e-11	2.94e-11	RIM	FL	1	Pr/PI	Pr/PI	9
2163	3SGB_I_RI21F	RI21F	RI15F	3SGB	3SGB_I	P68390	-0.228	-0.228	1.79e-11	2.63e-11	RIM	FL	1	Pr/PI	Pr/PI	9
2164	3SGB_I_RI21H	RI21H	RI15H	3SGB	3SGB_I	P68390	-0.454	-0.454	1.79e-11	3.85e-11	RIM	FL	1	Pr/PI	Pr/PI	9
2165	3SGB_I_RI21E	RI21E	RI15E	3SGB	3SGB_I	P68390	-0.671	-0.671	1.79e-11	5.56e-11	RIM	FL	1	Pr/PI	Pr/PI	9
2166	3SGB_I_RI21Q	RI21Q	RI15Q	3SGB	3SGB_I	P68390	-0.042	-0.042	1.79e-11	1.92e-11	RIM	FL	1	Pr/PI	Pr/PI	9
2167	3SGB_I_RI21K	RI21K	RI15K	3SGB	3SGB_I	P68390	0.278	0.278	1.79e-11	1.12e-11	RIM	FL	1	Pr/PI	Pr/PI	9
2168	3SGB_I_RI21D	RI21D	RI15D	3SGB	3SGB_I	P68390	-0.639	-0.639	1.79e-11	5.26e-11	RIM	FL	1	Pr/PI	Pr/PI	9
2169	3SGB_I_PI14H	PI14H	PI8H	3SGB	3SGB_I	P68390	-0.278	-0.278	1.79e-11	2.86e-11	RIM	FL	1	Pr/PI	Pr/PI	9
2170	3SGB_I_PI14E	PI14E	PI8E	3SGB	3SGB_I	P68390	0.623	0.623	1.79e-11	6.25e-12	RIM	FL	1	Pr/PI	Pr/PI	9
2171	3SGB_I_PI14Q	PI14Q	PI8Q	3SGB	3SGB_I	P68390	0.316	0.316	1.79e-11	1.05e-11	RIM	FL	1	Pr/PI	Pr/PI	9
2172	3SGB_I_PI14K	PI14K	PI8K	3SGB	3SGB_I	P68390	-0.114	-0.114	1.79e-11	2.17e-11	RIM	FL	1	Pr/PI	Pr/PI	9
2173	3SGB_I_PI14D	PI14D	PI8D	3SGB	3SGB_I	P68390	1.033	1.033	1.79e-11	3.13e-12	RIM	FL	1	Pr/PI	Pr/PI	9
2174	3SGB_I_PI14N	PI14N	PI8N	3SGB	3SGB_I	P68390	0.125	0.125	1.79e-11	1.45e-11	RIM	FL	1	Pr/PI	Pr/PI	9
2175	3SGB_I_PI14M	PI14M	PI8M	3SGB	3SGB_I	P68390	0.501	0.501	1.79e-11	7.69e-12	RIM	FL	1	Pr/PI	Pr/PI	9
2176	3SGB_I_PI14I	PI14I	PI8I	3SGB	3SGB_I	P68390	0.024	0.024	1.79e-11	1.72e-11	RIM	FL	1	Pr/PI	Pr/PI	9
2177	3SGB_I_PI14L	PI14L	PI8L	3SGB	3SGB_I	P68390	0.141	0.141	1.79e-11	1.41e-11	RIM	FL	1	Pr/PI	Pr/PI	9
2178	3SGB_I_PI14T	PI14T	PI8T	3SGB	3SGB_I	P68390	0.109	0.109	1.79e-11	1.49e-11	RIM	FL	1	Pr/PI	Pr/PI	9
2179	3SGB_I_PI14V	PI14V	PI8V	3SGB	3SGB_I	P68390	0.31	0.31	1.79e-11	1.06e-11	RIM	FL	1	Pr/PI	Pr/PI	9
2180	3SGB_I_PI14C	PI14C	PI8C	3SGB	3SGB_I	P68390	0.327	0.327	1.79e-11	1.03e-11	RIM	FL	1	Pr/PI	Pr/PI	9
2181	3SGB_I_PI14S	PI14S	PI8S	3SGB	3SGB_I	P68390	-0.066	-0.066	1.79e-11	2e-11	RIM	FL	1	Pr/PI	Pr/PI	9
2182	3SGB_I_PI14A	PI14A	PI8A	3SGB	3SGB_I	P68390	0.189	0.189	1.79e-11	1.3e-11	RIM	FL	1	Pr/PI	Pr/PI	9
2183	3SGB_I_PI14G	PI14G	PI8G	3SGB	3SGB_I	P68390	-0.054	-0.054	1.79e-11	1.96e-11	RIM	FL	1	Pr/PI	Pr/PI	9
2184	3SGB_I_PI14W	PI14W	PI8W	3SGB	3SGB_I	P68390	0.501	0.501	1.79e-11	7.69e-12	RIM	FL	1	Pr/PI	Pr/PI	9
2185	3SGB_I_PI14Y	PI14Y	PI8Y	3SGB	3SGB_I	P68390	0.401	0.401	1.79e-11	9.09e-12	RIM	FL	1	Pr/PI	Pr/PI	9
2186	3SGB_I_PI14R	PI14R	PI8R	3SGB	3SGB_I	P68390	-0.312	-0.312	1.79e-11	3.03e-11	RIM	FL	1	Pr/PI	Pr/PI	9
2187	3SGB_I_PI14F	PI14F	PI8F	3SGB	3SGB_I	P68390	0.345	0.345	1.79e-11	1e-11	RIM	FL	1	Pr/PI	Pr/PI	9
2188	3SGB_I_KI13S	KI13S	KI7S	3SGB	3SGB_I	P68390	2.588	2.588	1.79e-11	2.27e-13	COR	FL	1	Pr/PI	Pr/PI	9
2189	3SGB_I_KI13A	KI13A	KI7A	3SGB	3SGB_I	P68390	2.572	2.572	1.79e-11	2.33e-13	COR	FL	1	Pr/PI	Pr/PI	9
2190	3SGB_I_KI13G	KI13G	KI7G	3SGB	3SGB_I	P68390	0.726	0.726	1.79e-11	5.26e-12	COR	FL	1	Pr/PI	Pr/PI	9
2191	3SGB_I_KI13F	KI13F	KI7F	3SGB	3SGB_I	P68390	0.726	0.726	1.79e-11	5.26e-12	COR	FL	1	Pr/PI	Pr/PI	9
2192	3SGB_I_KI13H	KI13H	KI7H	3SGB	3SGB_I	P68390	0.401	0.401	1.79e-11	9.09e-12	COR	FL	1	Pr/PI	Pr/PI	9
2193	3SGB_I_KI13E	KI13E	KI7E	3SGB	3SGB_I	P68390	-0.032	-0.032	1.79e-11	1.89e-11	COR	FL	1	Pr/PI	Pr/PI	9
2194	3SGB_I_KI13Q	KI13Q	KI7Q	3SGB	3SGB_I	P68390	0.623	0.623	1.79e-11	6.25e-12	COR	FL	1	Pr/PI	Pr/PI	9
2195	3SGB_I_KI13D	KI13D	KI7D	3SGB	3SGB_I	P68390	0.623	0.623	1.79e-11	6.25e-12	COR	FL	1	Pr/PI	Pr/PI	9
2196	3SGB_I_KI13N	KI13N	KI7N	3SGB	3SGB_I	P68390	0.66	0.66	1.79e-11	5.88e-12	COR	FL	1	Pr/PI	Pr/PI	9
2197	3SGB_I_KI13M	KI13M	KI7M	3SGB	3SGB_I	P68390	1.166	1.166	1.79e-11	2.5e-12	COR	FL	1	Pr/PI	Pr/PI	9
2198	3SGB_I_KI13I	KI13I	KI7I	3SGB	3SGB_I	P68390	1.345	1.345	1.79e-11	1.85e-12	COR	FL	1	Pr/PI	Pr/PI	9
2199	3SGB_I_KI13L	KI13L	KI7L	3SGB	3SGB_I	P68390	1.817	1.817	1.79e-11	8.33e-13	COR	FL	1	Pr/PI	Pr/PI	9
2200	3SGB_I_KI13P	KI13P	KI7P	3SGB	3SGB_I	P68390	0.0	0.0	1.79e-11	1.79e-11	COR	FL	1	Pr/PI	Pr/PI	9
2201	3SGB_I_KI13T	KI13T	KI7T	3SGB	3SGB_I	P68390	1.949	1.949	1.79e-11	6.67e-13	COR	FL	1	Pr/PI	Pr/PI	9
2202	3SGB_I_KI13V	KI13V	KI7V	3SGB	3SGB_I	P68390	0.955	0.955	1.79e-11	3.57e-12	COR	FL	1	Pr/PI	Pr/PI	9
2203	3SGB_I_KI13C	KI13C	KI7C	3SGB	3SGB_I	P68390	0.585	0.585	1.79e-11	6.67e-12	COR	FL	1	Pr/PI	Pr/PI	9
2204	3SGB_I_KI13W	KI13W	KI7W	3SGB	3SGB_I	P68390	0.013	0.013	1.79e-11	1.75e-11	COR	FL	1	Pr/PI	Pr/PI	9
2205	3SGB_I_KI13Y	KI13Y	KI7Y	3SGB	3SGB_I	P68390	0.585	0.585	1.79e-11	6.67e-12	COR	FL	1	Pr/PI	Pr/PI	9
2206	3SGB_I_KI13R	KI13R	KI7R	3SGB	3SGB_I	P68390	0.693	0.693	1.79e-11	5.56e-12	COR	FL	1	Pr/PI	Pr/PI	9
2207	3SGB_I_GI32S	GI32S	GI26S	3SGB	3SGB_I	P68390	-1.608	-1.608	1.79e-11	2.7e-10	COR	FL	1	Pr/PI	Pr/PI	9
2208	3SGB_I_GI32W	GI32W	GI26W	3SGB	3SGB_I	P68390	-3.912	-3.912	1.79e-11	1.32e-08	COR	FL	1	Pr/PI	Pr/PI	9
2209	3SGB_I_GI32Y	GI32Y	GI26Y	3SGB	3SGB_I	P68390	-3.096	-3.096	1.79e-11	3.33e-09	COR	FL	1	Pr/PI	Pr/PI	9
2210	3SGB_I_GI32R	GI32R	GI26R	3SGB	3SGB_I	P68390	-3.508	-3.508	1.79e-11	6.67e-09	COR	FL	1	Pr/PI	Pr/PI	9
2211	3SGB_I_GI32F	GI32F	GI26F	3SGB	3SGB_I	P68390	-3.022	-3.022	1.79e-11	2.94e-09	COR	FL	1	Pr/PI	Pr/PI	9
2212	3SGB_I_GI32H	GI32H	GI26H	3SGB	3SGB_I	P68390	-2.738	-2.738	1.79e-11	1.82e-09	COR	FL	1	Pr/PI	Pr/PI	9
2213	3SGB_I_GI32E	GI32E	GI26E	3SGB	3SGB_I	P68390	-1.973	-1.973	1.79e-11	5e-10	COR	FL	1	Pr/PI	Pr/PI	9
2214	3SGB_I_GI32Q	GI32Q	GI26Q	3SGB	3SGB_I	P68390	-2.956	-2.956	1.79e-11	2.63e-09	COR	FL	1	Pr/PI	Pr/PI	9
2215	3SGB_I_GI32K	GI32K	GI26K	3SGB	3SGB_I	P68390	-2.525	-2.525	1.79e-11	1.27e-09	COR	FL	1	Pr/PI	Pr/PI	9
2216	3SGB_I_GI32D	GI32D	GI26D	3SGB	3SGB_I	P68390	-1.625	-1.625	1.79e-11	2.78e-10	COR	FL	1	Pr/PI	Pr/PI	9
2217	3SGB_I_GI32N	GI32N	GI26N	3SGB	3SGB_I	P68390	-2.275	-2.275	1.79e-11	8.33e-10	COR	FL	1	Pr/PI	Pr/PI	9
2218	3SGB_I_GI32M	GI32M	GI26M	3SGB	3SGB_I	P68390	-2.794	-2.794	1.79e-11	2e-09	COR	FL	1	Pr/PI	Pr/PI	9
2219	3SGB_I_GI32I	GI32I	GI26I	3SGB	3SGB_I	P68390	-4.093	-4.093	1.79e-11	1.79e-08	COR	FL	1	Pr/PI	Pr/PI	9
2220	3SGB_I_GI32L	GI32L	GI26L	3SGB	3SGB_I	P68390	-2.658	-2.658	1.79e-11	1.59e-09	COR	FL	1	Pr/PI	Pr/PI	9
2221	3SGB_I_GI32P	GI32P	GI26P	3SGB	3SGB_I	P68390	-1.097	-1.097	1.79e-11	1.14e-10	COR	FL	1	Pr/PI	Pr/PI	9
2222	3SGB_I_GI32T	GI32T	GI26T	3SGB	3SGB_I	P68390	-3.034	-3.034	1.79e-11	3e-09	COR	FL	1	Pr/PI	Pr/PI	9
2223	3SGB_I_GI32C	GI32C	GI26C	3SGB	3SGB_I	P68390	-2.612	-2.612	1.79e-11	1.47e-09	COR	FL	1	Pr/PI	Pr/PI	9
2224	3SGB_I_NI36P	NI36P	NI30P	3SGB	3SGB_I	P68390	-0.579	-0.579	1.79e-11	4.76e-11	RIM	FL	1	Pr/PI	Pr/PI	9
2225	3SGB_I_NI36T	NI36T	NI30T	3SGB	3SGB_I	P68390	-0.01	-0.01	1.79e-11	1.82e-11	RIM	FL	1	Pr/PI	Pr/PI	9
2226	3SGB_I_NI36V	NI36V	NI30V	3SGB	3SGB_I	P68390	0.242	0.242	1.79e-11	1.19e-11	RIM	FL	1	Pr/PI	Pr/PI	9
2227	3SGB_I_NI36C	NI36C	NI30C	3SGB	3SGB_I	P68390	-0.35	-0.35	1.79e-11	3.23e-11	RIM	FL	1	Pr/PI	Pr/PI	9
2228	3SGB_I_NI36S	NI36S	NI30S	3SGB	3SGB_I	P68390	-0.409	-0.409	1.79e-11	3.57e-11	RIM	FL	1	Pr/PI	Pr/PI	9
2229	3SGB_I_NI36A	NI36A	NI30A	3SGB	3SGB_I	P68390	-0.331	-0.331	1.79e-11	3.13e-11	RIM	FL	1	Pr/PI	Pr/PI	9
2230	3SGB_I_NI36G	NI36G	NI30G	3SGB	3SGB_I	P68390	-0.312	-0.312	1.79e-11	3.03e-11	RIM	FL	1	Pr/PI	Pr/PI	9
2231	3SGB_I_NI36W	NI36W	NI30W	3SGB	3SGB_I	P68390	-0.526	-0.526	1.79e-11	4.35e-11	RIM	FL	1	Pr/PI	Pr/PI	9
2232	3SGB_I_NI36Y	NI36Y	NI30Y	3SGB	3SGB_I	P68390	0.109	0.109	1.79e-11	1.49e-11	RIM	FL	1	Pr/PI	Pr/PI	9
2233	3SGB_I_NI36R	NI36R	NI30R	3SGB	3SGB_I	P68390	-0.579	-0.579	1.79e-11	4.76e-11	RIM	FL	1	Pr/PI	Pr/PI	9
2234	3SGB_I_NI36F	NI36F	NI30F	3SGB	3SGB_I	P68390	0.141	0.141	1.79e-11	1.41e-11	RIM	FL	1	Pr/PI	Pr/PI	9
2235	3SGB_I_NI36H	NI36H	NI30H	3SGB	3SGB_I	P68390	0.125	0.125	1.79e-11	1.45e-11	RIM	FL	1	Pr/PI	Pr/PI	9
2236	3SGB_I_NI36E	NI36E	NI30E	3SGB	3SGB_I	P68390	-0.963	-0.963	1.79e-11	9.09e-11	RIM	FL	1	Pr/PI	Pr/PI	9
2237	3SGB_I_NI36Q	NI36Q	NI30Q	3SGB	3SGB_I	P68390	-0.244	-0.244	1.79e-11	2.7e-11	RIM	FL	1	Pr/PI	Pr/PI	9
2238	3SGB_I_NI36K	NI36K	NI30K	3SGB	3SGB_I	P68390	-0.579	-0.579	1.79e-11	4.76e-11	RIM	FL	1	Pr/PI	Pr/PI	9
2239	3SGB_I_NI36D	NI36D	NI30D	3SGB	3SGB_I	P68390	-0.911	-0.911	1.79e-11	8.33e-11	RIM	FL	1	Pr/PI	Pr/PI	9
2240	3SGB_I_NI36M	NI36M	NI30M	3SGB	3SGB_I	P68390	-0.141	-0.141	1.79e-11	2.27e-11	RIM	FL	1	Pr/PI	Pr/PI	9
2241	3SGB_I_NI36I	NI36I	NI30I	3SGB	3SGB_I	P68390	-0.198	-0.198	1.79e-11	2.5e-11	RIM	FL	1	Pr/PI	Pr/PI	9
2242	3SGB_I_NI36L	NI36L	NI30L	3SGB	3SGB_I	P68390	-0.741	-0.741	1.79e-11	6.25e-11	RIM	FL	1	Pr/PI	Pr/PI	9
2243	3SGB_I_NI28S	NI28S	NI22S	3SGB	3SGB_I	P68390	-0.01	-0.01	1.79e-11	1.82e-11	SUR	FL	1	Pr/PI	Pr/PI	9
2244	1SGQ_I_GI18L	GI18L	GI13L	1SGQ	1SGQ_I	P68390	5.003	5.003	8.33e-08	1.79e-11	COR	SP	1	Pr/PI	Pr/PI	9
2245	1R0R_I_GI32V	GI32V	GI27V	1R0R	1R0R_I	P68390	-1.934	-1.934,-1.934	2.94e-11,2.94e-11	7.69e-10,8.33e-10	SUP	FL	1	Pr/PI	Pr/PI	9
2246	1R0R_I_YI20H	YI20H	YI15H	1R0R	1R0R_I	P68390	-3.471	-3.471,-3.471	2.94e-11,2.94e-11	1.03e-08,5e-09	COR	FL	1	Pr/PI	Pr/PI	9
2247	1R0R_I_YI20D	YI20D	YI15D	1R0R	1R0R_I	P68390	-5.771	-5.771,-5.771	2.94e-11,2.94e-11	5e-07,3.03e-07	COR	FL	1	Pr/PI	Pr/PI	9
2248	1R0R_I_TI17S	TI17S	TI12S	1R0R	1R0R_I	P68390	-0.89	-0.89,-0.89	2.94e-11,2.94e-11	1.32e-10,1.19e-10	COR	FL	1	Pr/PI	Pr/PI	9
2249	1R0R_I_TI17A	TI17A	TI12A	1R0R	1R0R_I	P68390	-1.173	-1.173,-1.173	2.94e-11,2.94e-11	2.13e-10,1.11e-10	COR	FL	1	Pr/PI	Pr/PI	9
2250	1R0R_I_GI32A	GI32A	GI27A	1R0R	1R0R_I	P68390	-1.298	-1.298,-1.298	2.94e-11,2.94e-11	2.63e-10,2.78e-10	SUP	FL	1	Pr/PI	Pr/PI	9
2251	1R0R_I_TI17E	TI17E	TI12E	1R0R	1R0R_I	P68390	-3.214	-3.214,-3.214	2.94e-11,2.94e-11	6.67e-09,3.45e-09	COR	FL	1	Pr/PI	Pr/PI	9
2252	1R0R_I_TI17V	TI17V	TI12V	1R0R	1R0R_I	P68390	-0.937	-0.937,-0.937	2.94e-11,2.94e-11	1.43e-10,1.82e-10	COR	FL	1	Pr/PI	Pr/PI	9
2253	1R0R_I_LI18E	LI18E	LI13E	1R0R	1R0R_I	P68390	-2.177	-2.177,-2.177	2.94e-11,2.94e-11	1.16e-09,1.06e-09	COR	FL	1	Pr/PI	Pr/PI	9
2254	1R0R_I_LI18Q	LI18Q	LI13Q	1R0R	1R0R_I	P68390	-0.57	-0.57,-0.57	2.94e-11,2.94e-11	7.69e-11,8.33e-11	COR	FL	1	Pr/PI	Pr/PI	9
2255	1R0R_I_LI18K	LI18K	LI13K	1R0R	1R0R_I	P68390	-3.345	-3.345,-3.345	2.94e-11,2.94e-11	8.33e-09,3.57e-09	COR	FL	1	Pr/PI	Pr/PI	9
2256	1R0R_I_LI18M	LI18M	LI13M	1R0R	1R0R_I	P68390	0.516	0.516,0.516	2.94e-11,2.94e-11	1.23e-11,1.23e-11	COR	FL	1	Pr/PI	Pr/PI	9
2257	1R0R_I_LI18A	LI18A	LI13A	1R0R	1R0R_I	P68390	-0.315	-0.315,-0.315	2.94e-11,2.94e-11	5e-11,7.14e-11	COR	FL	1	Pr/PI	Pr/PI	9
2258	1R0R_I_AI15V	AI15V	AI10V	1R0R	1R0R_I	P68390	0.954	0.954,0.954	2.94e-11,2.94e-11	5.88e-12,5.56e-12	COR	FL	1	Pr/PI	Pr/PI	9
2259	1R0R_I_LI18N	LI18N	LI13N	1R0R	1R0R_I	P68390	-1.5	-1.5	2.94e-11	3.7e-10	COR	FL	1	Pr/PI	Pr/PI	9
2260	1R0R_I_LI18I	LI18I	LI13I	1R0R	1R0R_I	P68390	-3.254	-3.254	2.94e-11	7.14e-09	COR	FL	1	Pr/PI	Pr/PI	9
2261	1R0R_I_LI18P	LI18P	LI13P	1R0R	1R0R_I	P68390	-7.688	-7.688	2.94e-11	1.27e-05	COR	FL	1	Pr/PI	Pr/PI	9
2262	1R0R_I_LI18T	LI18T	LI13T	1R0R	1R0R_I	P68390	-0.16	-0.16	2.94e-11	3.85e-11	COR	FL	1	Pr/PI	Pr/PI	9
2263	1R0R_I_LI18V	LI18V	LI13V	1R0R	1R0R_I	P68390	-2.157	-2.157	2.94e-11	1.12e-09	COR	FL	1	Pr/PI	Pr/PI	9
2264	1R0R_I_LI18C	LI18C	LI13C	1R0R	1R0R_I	P68390	1.346	1.346	2.94e-11	3.03e-12	COR	FL	1	Pr/PI	Pr/PI	9
2265	1R0R_I_LI18S	LI18S	LI13S	1R0R	1R0R_I	P68390	-1.571	-1.571	2.94e-11	4.17e-10	COR	FL	1	Pr/PI	Pr/PI	9
2266	1R0R_I_LI18G	LI18G	LI13G	1R0R	1R0R_I	P68390	-2.353	-2.353	2.94e-11	1.56e-09	COR	FL	1	Pr/PI	Pr/PI	9
2267	1R0R_I_LI18W	LI18W	LI13W	1R0R	1R0R_I	P68390	-1.524	-1.524	2.94e-11	3.85e-10	COR	FL	1	Pr/PI	Pr/PI	9
2268	1R0R_I_LI18Y	LI18Y	LI13Y	1R0R	1R0R_I	P68390	-0.447	-0.447	2.94e-11	6.25e-11	COR	FL	1	Pr/PI	Pr/PI	9
2269	1R0R_I_LI18R	LI18R	LI13R	1R0R	1R0R_I	P68390	-2.935	-2.935	2.94e-11	4.17e-09	COR	FL	1	Pr/PI	Pr/PI	9
2270	1R0R_I_LI18F	LI18F	LI13F	1R0R	1R0R_I	P68390	-0.617	-0.617	2.94e-11	8.33e-11	COR	FL	1	Pr/PI	Pr/PI	9
2271	1R0R_I_LI18H	LI18H	LI13H	1R0R	1R0R_I	P68390	-0.57	-0.57	2.94e-11	7.69e-11	COR	FL	1	Pr/PI	Pr/PI	9
2272	1R0R_I_LI18D	LI18D	LI13D	1R0R	1R0R_I	P68390	-4.539	-4.539	2.94e-11	6.25e-08	COR	FL	1	Pr/PI	Pr/PI	9
2273	1R0R_I_AI15C	AI15C	AI10C	1R0R	1R0R_I	P68390	0.483	0.483	2.94e-11	1.3e-11	COR	FL	1	Pr/PI	Pr/PI	9
2274	1R0R_I_AI15S	AI15S	AI10S	1R0R	1R0R_I	P68390	-1.742	-1.742	2.94e-11	5.56e-10	COR	FL	1	Pr/PI	Pr/PI	9
2275	1R0R_I_AI15G	AI15G	AI10G	1R0R	1R0R_I	P68390	-1.112	-1.112	2.94e-11	1.92e-10	COR	FL	1	Pr/PI	Pr/PI	9
2276	1R0R_I_AI15W	AI15W	AI10W	1R0R	1R0R_I	P68390	-0.207	-0.207	2.94e-11	4.17e-11	COR	FL	1	Pr/PI	Pr/PI	9
2277	1R0R_I_AI15Y	AI15Y	AI10Y	1R0R	1R0R_I	P68390	0.838	0.838	2.94e-11	7.14e-12	COR	FL	1	Pr/PI	Pr/PI	9
2278	1R0R_I_AI15R	AI15R	AI10R	1R0R	1R0R_I	P68390	-5.53	-5.53	2.94e-11	3.33e-07	COR	FL	1	Pr/PI	Pr/PI	9
2279	1R0R_I_AI15F	AI15F	AI10F	1R0R	1R0R_I	P68390	2.243	2.243	2.94e-11	6.67e-13	COR	FL	1	Pr/PI	Pr/PI	9
2280	1R0R_I_AI15H	AI15H	AI10H	1R0R	1R0R_I	P68390	-1.775	-1.775	2.94e-11	5.88e-10	COR	FL	1	Pr/PI	Pr/PI	9
2281	1R0R_I_AI15E	AI15E	AI10E	1R0R	1R0R_I	P68390	-4.578	-4.578	2.94e-11	6.67e-08	COR	FL	1	Pr/PI	Pr/PI	9
2282	1R0R_I_AI15Q	AI15Q	AI10Q	1R0R	1R0R_I	P68390	-1.811	-1.811	2.94e-11	6.25e-10	COR	FL	1	Pr/PI	Pr/PI	9
2283	1R0R_I_AI15K	AI15K	AI10K	1R0R	1R0R_I	P68390	-3.073	-3.073	2.94e-11	5.26e-09	COR	FL	1	Pr/PI	Pr/PI	9
2284	1R0R_I_AI15D	AI15D	AI10D	1R0R	1R0R_I	P68390	-5.228	-5.228	2.94e-11	2e-07	COR	FL	1	Pr/PI	Pr/PI	9
2285	1R0R_I_AI15N	AI15N	AI10N	1R0R	1R0R_I	P68390	-2.089	-2.089	2.94e-11	1e-09	COR	FL	1	Pr/PI	Pr/PI	9
2286	1R0R_I_AI15M	AI15M	AI10M	1R0R	1R0R_I	P68390	1.74	1.74	2.94e-11	1.56e-12	COR	FL	1	Pr/PI	Pr/PI	9
2287	1R0R_I_AI15I	AI15I	AI10I	1R0R	1R0R_I	P68390	1.8	1.8	2.94e-11	1.41e-12	COR	FL	1	Pr/PI	Pr/PI	9
2288	1R0R_I_AI15L	AI15L	AI10L	1R0R	1R0R_I	P68390	1.755	1.755	2.94e-11	1.52e-12	COR	FL	1	Pr/PI	Pr/PI	9
2289	1R0R_I_AI15P	AI15P	AI10P	1R0R	1R0R_I	P68390	-3.345	-3.345	2.94e-11	8.33e-09	COR	FL	1	Pr/PI	Pr/PI	9
2290	1R0R_I_AI15T	AI15T	AI10T	1R0R	1R0R_I	P68390	-1.268	-1.268	2.94e-11	2.5e-10	COR	FL	1	Pr/PI	Pr/PI	9
2291	1R0R_I_TI17G	TI17G	TI12G	1R0R	1R0R_I	P68390	-3.139	-3.139	2.94e-11	5.88e-09	COR	FL	1	Pr/PI	Pr/PI	9
2292	1R0R_I_TI17H	TI17H	TI12H	1R0R	1R0R_I	P68390	-0.526	-0.526	2.94e-11	7.14e-11	COR	FL	1	Pr/PI	Pr/PI	9
2293	1R0R_I_TI17Q	TI17Q	TI12Q	1R0R	1R0R_I	P68390	-2.222	-2.222	2.94e-11	1.25e-09	COR	FL	1	Pr/PI	Pr/PI	9
2294	1R0R_I_TI17K	TI17K	TI12K	1R0R	1R0R_I	P68390	-1.934	-1.934	2.94e-11	7.69e-10	COR	FL	1	Pr/PI	Pr/PI	9
2295	1R0R_I_TI17D	TI17D	TI12D	1R0R	1R0R_I	P68390	-2.888	-2.888	2.94e-11	3.85e-09	COR	FL	1	Pr/PI	Pr/PI	9
2296	1R0R_I_TI17N	TI17N	TI12N	1R0R	1R0R_I	P68390	-0.018	-0.018	2.94e-11	3.03e-11	COR	FL	1	Pr/PI	Pr/PI	9
2297	1R0R_I_TI17M	TI17M	TI12M	1R0R	1R0R_I	P68390	-1.331	-1.331	2.94e-11	2.78e-10	COR	FL	1	Pr/PI	Pr/PI	9
2298	1R0R_I_TI17I	TI17I	TI12I	1R0R	1R0R_I	P68390	-0.259	-0.259	2.94e-11	4.55e-11	COR	FL	1	Pr/PI	Pr/PI	9
2299	1R0R_I_TI17L	TI17L	TI12L	1R0R	1R0R_I	P68390	-0.669	-0.669	2.94e-11	9.09e-11	COR	FL	1	Pr/PI	Pr/PI	9
2300	1R0R_I_TI17P	TI17P	TI12P	1R0R	1R0R_I	P68390	-4.95	-4.95	2.94e-11	1.25e-07	COR	FL	1	Pr/PI	Pr/PI	9
2301	1R0R_I_TI17C	TI17C	TI12C	1R0R	1R0R_I	P68390	-0.813	-0.813	2.94e-11	1.16e-10	COR	FL	1	Pr/PI	Pr/PI	9
2302	1R0R_I_TI17W	TI17W	TI12W	1R0R	1R0R_I	P68390	-2.935	-2.935	2.94e-11	4.17e-09	COR	FL	1	Pr/PI	Pr/PI	9
2303	1R0R_I_TI17Y	TI17Y	TI12Y	1R0R	1R0R_I	P68390	0.879	0.879	2.94e-11	6.67e-12	COR	FL	1	Pr/PI	Pr/PI	9
2304	1R0R_I_TI17R	TI17R	TI12R	1R0R	1R0R_I	P68390	-3.345	-3.345	2.94e-11	8.33e-09	COR	FL	1	Pr/PI	Pr/PI	9
2305	1R0R_I_TI17F	TI17F	TI12F	1R0R	1R0R_I	P68390	0.066	0.066	2.94e-11	2.63e-11	COR	FL	1	Pr/PI	Pr/PI	9
2306	1R0R_I_EI19H	EI19H	EI14H	1R0R	1R0R_I	P68390	-1.709	-1.709	2.94e-11	5.26e-10	COR	FL	1	Pr/PI	Pr/PI	9
2307	1R0R_I_EI19Q	EI19Q	EI14Q	1R0R	1R0R_I	P68390	-1.282	-1.282	2.94e-11	2.56e-10	COR	FL	1	Pr/PI	Pr/PI	9
2308	1R0R_I_EI19K	EI19K	EI14K	1R0R	1R0R_I	P68390	-2.712	-2.712	2.94e-11	2.86e-09	COR	FL	1	Pr/PI	Pr/PI	9
2309	1R0R_I_EI19D	EI19D	EI14D	1R0R	1R0R_I	P68390	-0.259	-0.259	2.94e-11	4.55e-11	COR	FL	1	Pr/PI	Pr/PI	9
2310	1R0R_I_EI19N	EI19N	EI14N	1R0R	1R0R_I	P68390	-2.118	-2.118	2.94e-11	1.05e-09	COR	FL	1	Pr/PI	Pr/PI	9
2311	1R0R_I_EI19M	EI19M	EI14M	1R0R	1R0R_I	P68390	-1.571	-1.571	2.94e-11	4.17e-10	COR	FL	1	Pr/PI	Pr/PI	9
2312	1R0R_I_EI19I	EI19I	EI14I	1R0R	1R0R_I	P68390	-0.737	-0.737	2.94e-11	1.02e-10	COR	FL	1	Pr/PI	Pr/PI	9
2313	1R0R_I_EI19L	EI19L	EI14L	1R0R	1R0R_I	P68390	-0.57	-0.57	2.94e-11	7.69e-11	COR	FL	1	Pr/PI	Pr/PI	9
2314	1R0R_I_EI19P	EI19P	EI14P	1R0R	1R0R_I	P68390	-3.764	-3.764	2.94e-11	1.69e-08	COR	FL	1	Pr/PI	Pr/PI	9
2315	1R0R_I_EI19T	EI19T	EI14T	1R0R	1R0R_I	P68390	-4.252	-4.252	2.94e-11	3.85e-08	COR	FL	1	Pr/PI	Pr/PI	9
2316	1R0R_I_EI19V	EI19V	EI14V	1R0R	1R0R_I	P68390	-0.095	-0.095	2.94e-11	3.45e-11	COR	FL	1	Pr/PI	Pr/PI	9
2317	1R0R_I_EI19C	EI19C	EI14C	1R0R	1R0R_I	P68390	-2.372	-2.372	2.94e-11	1.61e-09	COR	FL	1	Pr/PI	Pr/PI	9
2318	1R0R_I_EI19S	EI19S	EI14S	1R0R	1R0R_I	P68390	-3.175	-3.175	2.94e-11	6.25e-09	COR	FL	1	Pr/PI	Pr/PI	9
2319	1R0R_I_EI19A	EI19A	EI14A	1R0R	1R0R_I	P68390	-2.089	-2.089	2.94e-11	1e-09	COR	FL	1	Pr/PI	Pr/PI	9
2320	1R0R_I_EI19G	EI19G	EI14G	1R0R	1R0R_I	P68390	-2.712	-2.712	2.94e-11	2.86e-09	COR	FL	1	Pr/PI	Pr/PI	9
2321	1R0R_I_EI19W	EI19W	EI14W	1R0R	1R0R_I	P68390	-1.85	-1.85	2.94e-11	6.67e-10	COR	FL	1	Pr/PI	Pr/PI	9
2322	1R0R_I_EI19Y	EI19Y	EI14Y	1R0R	1R0R_I	P68390	-1.89	-1.89	2.94e-11	7.14e-10	COR	FL	1	Pr/PI	Pr/PI	9
2323	1R0R_I_EI19R	EI19R	EI14R	1R0R	1R0R_I	P68390	-2.089	-2.089	2.94e-11	1e-09	COR	FL	1	Pr/PI	Pr/PI	9
2324	1R0R_I_EI19F	EI19F	EI14F	1R0R	1R0R_I	P68390	-3.618	-3.618	2.94e-11	1.32e-08	COR	FL	1	Pr/PI	Pr/PI	9
2325	1R0R_I_YI20T	YI20T	YI15T	1R0R	1R0R_I	P68390	-5.475	-5.475	2.94e-11	3.03e-07	COR	FL	1	Pr/PI	Pr/PI	9
2326	1R0R_I_YI20V	YI20V	YI15V	1R0R	1R0R_I	P68390	-3.51	-3.51	2.94e-11	1.1e-08	COR	FL	1	Pr/PI	Pr/PI	9
2327	1R0R_I_YI20C	YI20C	YI15C	1R0R	1R0R_I	P68390	-3.254	-3.254	2.94e-11	7.14e-09	COR	FL	1	Pr/PI	Pr/PI	9
2328	1R0R_I_YI20S	YI20S	YI15S	1R0R	1R0R_I	P68390	-5.163	-5.163	2.94e-11	1.79e-07	COR	FL	1	Pr/PI	Pr/PI	9
2329	1R0R_I_YI20A	YI20A	YI15A	1R0R	1R0R_I	P68390	-5.475	-5.475	2.94e-11	3.03e-07	COR	FL	1	Pr/PI	Pr/PI	9
2330	1R0R_I_YI20G	YI20G	YI15G	1R0R	1R0R_I	P68390	-6.402	-6.402	2.94e-11	1.45e-06	COR	FL	1	Pr/PI	Pr/PI	9
2331	1R0R_I_YI20W	YI20W	YI15W	1R0R	1R0R_I	P68390	0.364	0.364	2.94e-11	1.59e-11	COR	FL	1	Pr/PI	Pr/PI	9
2332	1R0R_I_YI20R	YI20R	YI15R	1R0R	1R0R_I	P68390	-4.47	-4.47	2.94e-11	5.56e-08	COR	FL	1	Pr/PI	Pr/PI	9
2333	1R0R_I_YI20F	YI20F	YI15F	1R0R	1R0R_I	P68390	-0.617	-0.617	2.94e-11	8.33e-11	COR	FL	1	Pr/PI	Pr/PI	9
2334	1R0R_I_YI20E	YI20E	YI15E	1R0R	1R0R_I	P68390	-4.618	-4.618	2.94e-11	7.14e-08	COR	FL	1	Pr/PI	Pr/PI	9
2335	1R0R_I_YI20Q	YI20Q	YI15Q	1R0R	1R0R_I	P68390	-4.503	-4.503	2.94e-11	5.88e-08	COR	FL	1	Pr/PI	Pr/PI	9
2336	1R0R_I_YI20K	YI20K	YI15K	1R0R	1R0R_I	P68390	-5.512	-5.512	2.94e-11	3.23e-07	COR	FL	1	Pr/PI	Pr/PI	9
2337	1R0R_I_YI20N	YI20N	YI15N	1R0R	1R0R_I	P68390	-5.616	-5.616	2.94e-11	3.85e-07	COR	FL	1	Pr/PI	Pr/PI	9
2338	1R0R_I_YI20M	YI20M	YI15M	1R0R	1R0R_I	P68390	-3.139	-3.139	2.94e-11	5.88e-09	COR	FL	1	Pr/PI	Pr/PI	9
2339	1R0R_I_YI20I	YI20I	YI15I	1R0R	1R0R_I	P68390	-2.865	-2.865	2.94e-11	3.7e-09	COR	FL	1	Pr/PI	Pr/PI	9
2340	1R0R_I_YI20L	YI20L	YI15L	1R0R	1R0R_I	P68390	-2.575	-2.575	2.94e-11	2.27e-09	COR	FL	1	Pr/PI	Pr/PI	9
2341	1R0R_I_YI20P	YI20P	YI15P	1R0R	1R0R_I	P68390	-6.654	-6.654	2.94e-11	2.22e-06	COR	FL	1	Pr/PI	Pr/PI	9
2342	1R0R_I_RI21Q	RI21Q	RI16Q	1R0R	1R0R_I	P68390	-0.182	-0.182	2.94e-11	4e-11	RIM	FL	1	Pr/PI	Pr/PI	9
2343	1R0R_I_RI21K	RI21K	RI16K	1R0R	1R0R_I	P68390	0.096	0.096	2.94e-11	2.5e-11	RIM	FL	1	Pr/PI	Pr/PI	9
2344	1R0R_I_RI21D	RI21D	RI16D	1R0R	1R0R_I	P68390	0.18	0.18	2.94e-11	2.17e-11	RIM	FL	1	Pr/PI	Pr/PI	9
2345	1R0R_I_RI21N	RI21N	RI16N	1R0R	1R0R_I	P68390	0.05	0.05	2.94e-11	2.7e-11	RIM	FL	1	Pr/PI	Pr/PI	9
2346	1R0R_I_RI21M	RI21M	RI16M	1R0R	1R0R_I	P68390	-0.447	-0.447	2.94e-11	6.25e-11	RIM	FL	1	Pr/PI	Pr/PI	9
2347	1R0R_I_RI21I	RI21I	RI16I	1R0R	1R0R_I	P68390	-0.207	-0.207	2.94e-11	4.17e-11	RIM	FL	1	Pr/PI	Pr/PI	9
2348	1R0R_I_RI21L	RI21L	RI16L	1R0R	1R0R_I	P68390	-0.232	-0.232	2.94e-11	4.35e-11	RIM	FL	1	Pr/PI	Pr/PI	9
2349	1R0R_I_RI21P	RI21P	RI16P	1R0R	1R0R_I	P68390	-7.391	-7.391	2.94e-11	7.69e-06	RIM	FL	1	Pr/PI	Pr/PI	9
2350	1R0R_I_RI21T	RI21T	RI16T	1R0R	1R0R_I	P68390	-0.345	-0.345	2.94e-11	5.26e-11	RIM	FL	1	Pr/PI	Pr/PI	9
2351	1R0R_I_RI21V	RI21V	RI16V	1R0R	1R0R_I	P68390	-0.115	-0.115	2.94e-11	3.57e-11	RIM	FL	1	Pr/PI	Pr/PI	9
2352	1R0R_I_RI21C	RI21C	RI16C	1R0R	1R0R_I	P68390	-0.115	-0.115	2.94e-11	3.57e-11	RIM	FL	1	Pr/PI	Pr/PI	9
2353	1R0R_I_RI21S	RI21S	RI16S	1R0R	1R0R_I	P68390	0.016	0.016	2.94e-11	2.86e-11	RIM	FL	1	Pr/PI	Pr/PI	9
2354	1R0R_I_RI21A	RI21A	RI16A	1R0R	1R0R_I	P68390	0.096	0.096	2.94e-11	2.5e-11	RIM	FL	1	Pr/PI	Pr/PI	9
2355	1R0R_I_RI21G	RI21G	RI16G	1R0R	1R0R_I	P68390	-2.089	-2.089	2.94e-11	1e-09	RIM	FL	1	Pr/PI	Pr/PI	9
2356	1R0R_I_RI21W	RI21W	RI16W	1R0R	1R0R_I	P68390	-0.945	-0.945	2.94e-11	1.45e-10	RIM	FL	1	Pr/PI	Pr/PI	9
2357	1R0R_I_RI21Y	RI21Y	RI16Y	1R0R	1R0R_I	P68390	-0.823	-0.823	2.94e-11	1.18e-10	RIM	FL	1	Pr/PI	Pr/PI	9
2358	1R0R_I_RI21F	RI21F	RI16F	1R0R	1R0R_I	P68390	-0.447	-0.447	2.94e-11	6.25e-11	RIM	FL	1	Pr/PI	Pr/PI	9
2359	1R0R_I_RI21H	RI21H	RI16H	1R0R	1R0R_I	P68390	-0.526	-0.526	2.94e-11	7.14e-11	RIM	FL	1	Pr/PI	Pr/PI	9
2360	1R0R_I_RI21E	RI21E	RI16E	1R0R	1R0R_I	P68390	-0.345	-0.345	2.94e-11	5.26e-11	RIM	FL	1	Pr/PI	Pr/PI	9
2361	1R0R_I_PI14A	PI14A	PI9A	1R0R	1R0R_I	P68390	0.639	0.639	2.94e-11	1e-11	RIM	FL	1	Pr/PI	Pr/PI	9
2362	1R0R_I_PI14G	PI14G	PI9G	1R0R	1R0R_I	P68390	0.346	0.346	2.94e-11	1.64e-11	RIM	FL	1	Pr/PI	Pr/PI	9
2363	1R0R_I_PI14Y	PI14Y	PI9Y	1R0R	1R0R_I	P68390	-0.857	-0.857	2.94e-11	1.25e-10	RIM	FL	1	Pr/PI	Pr/PI	9
2364	1R0R_I_PI14R	PI14R	PI9R	1R0R	1R0R_I	P68390	-1.102	-1.102	2.94e-11	1.89e-10	RIM	FL	1	Pr/PI	Pr/PI	9
2365	1R0R_I_PI14F	PI14F	PI9F	1R0R	1R0R_I	P68390	-1.382	-1.382	2.94e-11	3.03e-10	RIM	FL	1	Pr/PI	Pr/PI	9
2366	1R0R_I_PI14H	PI14H	PI9H	1R0R	1R0R_I	P68390	0.217	0.217	2.94e-11	2.04e-11	RIM	FL	1	Pr/PI	Pr/PI	9
2367	1R0R_I_PI14E	PI14E	PI9E	1R0R	1R0R_I	P68390	2.243	2.243	2.94e-11	6.67e-13	RIM	FL	1	Pr/PI	Pr/PI	9
2368	1R0R_I_PI14Q	PI14Q	PI9Q	1R0R	1R0R_I	P68390	1.415	1.415	2.94e-11	2.7e-12	RIM	FL	1	Pr/PI	Pr/PI	9
2369	1R0R_I_PI14K	PI14K	PI9K	1R0R	1R0R_I	P68390	-0.345	-0.345	2.94e-11	5.26e-11	RIM	FL	1	Pr/PI	Pr/PI	9
2370	1R0R_I_PI14D	PI14D	PI9D	1R0R	1R0R_I	P68390	2.521	2.521	2.94e-11	4.17e-13	RIM	FL	1	Pr/PI	Pr/PI	9
2371	1R0R_I_PI14N	PI14N	PI9N	1R0R	1R0R_I	P68390	0.917	0.917	2.94e-11	6.25e-12	RIM	FL	1	Pr/PI	Pr/PI	9
2372	1R0R_I_PI14M	PI14M	PI9M	1R0R	1R0R_I	P68390	0.033	0.033	2.94e-11	2.78e-11	RIM	FL	1	Pr/PI	Pr/PI	9
2373	1R0R_I_PI14I	PI14I	PI9I	1R0R	1R0R_I	P68390	-1.742	-1.742	2.94e-11	5.56e-10	RIM	FL	1	Pr/PI	Pr/PI	9
2374	1R0R_I_PI14L	PI14L	PI9L	1R0R	1R0R_I	P68390	-1.184	-1.184	2.94e-11	2.17e-10	RIM	FL	1	Pr/PI	Pr/PI	9
2375	1R0R_I_PI14T	PI14T	PI9T	1R0R	1R0R_I	P68390	-1.198	-1.198	2.94e-11	2.22e-10	RIM	FL	1	Pr/PI	Pr/PI	9
2376	1R0R_I_PI14V	PI14V	PI9V	1R0R	1R0R_I	P68390	-1.331	-1.331	2.94e-11	2.78e-10	RIM	FL	1	Pr/PI	Pr/PI	9
2377	1R0R_I_PI14C	PI14C	PI9C	1R0R	1R0R_I	P68390	0.987	0.987	2.94e-11	5.56e-12	RIM	FL	1	Pr/PI	Pr/PI	9
2378	1R0R_I_PI14S	PI14S	PI9S	1R0R	1R0R_I	P68390	-0.136	-0.136	2.94e-11	3.7e-11	RIM	FL	1	Pr/PI	Pr/PI	9
2379	1R0R_I_PI14W	PI14W	PI9W	1R0R	1R0R_I	P68390	-0.485	-0.485	2.94e-11	6.67e-11	RIM	FL	1	Pr/PI	Pr/PI	9
2380	1R0R_I_KI13T	KI13T	KI8T	1R0R	1R0R_I	P68390	-0.89	-0.89	2.94e-11	1.32e-10	COR	FL	1	Pr/PI	Pr/PI	9
2381	1R0R_I_KI13V	KI13V	KI8V	1R0R	1R0R_I	P68390	-0.411	-0.411	2.94e-11	5.88e-11	COR	FL	1	Pr/PI	Pr/PI	9
2382	1R0R_I_KI13C	KI13C	KI8C	1R0R	1R0R_I	P68390	0.616	0.616	2.94e-11	1.04e-11	COR	FL	1	Pr/PI	Pr/PI	9
2383	1R0R_I_KI13S	KI13S	KI8S	1R0R	1R0R_I	P68390	0.307	0.307	2.94e-11	1.75e-11	COR	FL	1	Pr/PI	Pr/PI	9
2384	1R0R_I_KI13A	KI13A	KI8A	1R0R	1R0R_I	P68390	0.61	0.61	2.94e-11	1.05e-11	COR	FL	1	Pr/PI	Pr/PI	9
2385	1R0R_I_KI13G	KI13G	KI8G	1R0R	1R0R_I	P68390	0.838	0.838	2.94e-11	7.14e-12	COR	FL	1	Pr/PI	Pr/PI	9
2386	1R0R_I_KI13W	KI13W	KI8W	1R0R	1R0R_I	P68390	1.105	1.105	2.94e-11	4.55e-12	COR	FL	1	Pr/PI	Pr/PI	9
2387	1R0R_I_KI13Y	KI13Y	KI8Y	1R0R	1R0R_I	P68390	0.695	0.695	2.94e-11	9.09e-12	COR	FL	1	Pr/PI	Pr/PI	9
2388	1R0R_I_KI13R	KI13R	KI8R	1R0R	1R0R_I	P68390	-0.136	-0.136	2.94e-11	3.7e-11	COR	FL	1	Pr/PI	Pr/PI	9
2389	1R0R_I_KI13F	KI13F	KI8F	1R0R	1R0R_I	P68390	0.795	0.795	2.94e-11	7.69e-12	COR	FL	1	Pr/PI	Pr/PI	9
2390	1R0R_I_KI13H	KI13H	KI8H	1R0R	1R0R_I	P68390	0.593	0.593	2.94e-11	1.08e-11	COR	FL	1	Pr/PI	Pr/PI	9
2391	1R0R_I_KI13E	KI13E	KI8E	1R0R	1R0R_I	P68390	0.11	0.11	2.94e-11	2.44e-11	COR	FL	1	Pr/PI	Pr/PI	9
2392	1R0R_I_KI13Q	KI13Q	KI8Q	1R0R	1R0R_I	P68390	0.531	0.531	2.94e-11	1.2e-11	COR	FL	1	Pr/PI	Pr/PI	9
2393	1R0R_I_KI13D	KI13D	KI8D	1R0R	1R0R_I	P68390	0.593	0.593	2.94e-11	1.08e-11	COR	FL	1	Pr/PI	Pr/PI	9
2394	1R0R_I_KI13N	KI13N	KI8N	1R0R	1R0R_I	P68390	0.391	0.391	2.94e-11	1.52e-11	COR	FL	1	Pr/PI	Pr/PI	9
2395	1R0R_I_KI13M	KI13M	KI8M	1R0R	1R0R_I	P68390	0.561	0.561	2.94e-11	1.14e-11	COR	FL	1	Pr/PI	Pr/PI	9
2396	1R0R_I_KI13I	KI13I	KI8I	1R0R	1R0R_I	P68390	-1.124	-1.124	2.94e-11	1.96e-10	COR	FL	1	Pr/PI	Pr/PI	9
2397	1R0R_I_KI13L	KI13L	KI8L	1R0R	1R0R_I	P68390	0.328	0.328	2.94e-11	1.69e-11	COR	FL	1	Pr/PI	Pr/PI	9
2398	1R0R_I_KI13P	KI13P	KI8P	1R0R	1R0R_I	P68390	-1.348	-1.348	2.94e-11	2.86e-10	COR	FL	1	Pr/PI	Pr/PI	9
2399	1R0R_I_GI32C	GI32C	GI27C	1R0R	1R0R_I	P68390	-1.42	-1.42	2.94e-11	3.23e-10	SUP	FL	1	Pr/PI	Pr/PI	9
2400	1R0R_I_GI32S	GI32S	GI27S	1R0R	1R0R_I	P68390	-0.912	-0.912	2.94e-11	1.37e-10	SUP	FL	1	Pr/PI	Pr/PI	9
2401	1R0R_I_GI32W	GI32W	GI27W	1R0R	1R0R_I	P68390	-1.401	-1.401	2.94e-11	3.13e-10	SUP	FL	1	Pr/PI	Pr/PI	9
2402	1R0R_I_GI32Y	GI32Y	GI27Y	1R0R	1R0R_I	P68390	-0.485	-0.485	2.94e-11	6.67e-11	SUP	FL	1	Pr/PI	Pr/PI	9
2403	1R0R_I_GI32R	GI32R	GI27R	1R0R	1R0R_I	P68390	-3.471	-3.471	2.94e-11	1.03e-08	SUP	FL	1	Pr/PI	Pr/PI	9
2404	1R0R_I_GI32F	GI32F	GI27F	1R0R	1R0R_I	P68390	-0.115	-0.115	2.94e-11	3.57e-11	SUP	FL	1	Pr/PI	Pr/PI	9
2405	1R0R_I_GI32H	GI32H	GI27H	1R0R	1R0R_I	P68390	-2.192	-2.192	2.94e-11	1.19e-09	SUP	FL	1	Pr/PI	Pr/PI	9
2406	1R0R_I_GI32E	GI32E	GI27E	1R0R	1R0R_I	P68390	-1.981	-1.981	2.94e-11	8.33e-10	SUP	FL	1	Pr/PI	Pr/PI	9
2407	1R0R_I_GI32Q	GI32Q	GI27Q	1R0R	1R0R_I	P68390	-2.033	-2.033	2.94e-11	9.09e-10	SUP	FL	1	Pr/PI	Pr/PI	9
2408	1R0R_I_GI32K	GI32K	GI27K	1R0R	1R0R_I	P68390	-2.935	-2.935	2.94e-11	4.17e-09	SUP	FL	1	Pr/PI	Pr/PI	9
2409	1R0R_I_GI32D	GI32D	GI27D	1R0R	1R0R_I	P68390	-2.888	-2.888	2.94e-11	3.85e-09	SUP	FL	1	Pr/PI	Pr/PI	9
2410	1R0R_I_GI32N	GI32N	GI27N	1R0R	1R0R_I	P68390	-1.282	-1.282	2.94e-11	2.56e-10	SUP	FL	1	Pr/PI	Pr/PI	9
2411	1R0R_I_GI32M	GI32M	GI27M	1R0R	1R0R_I	P68390	-2.157	-2.157	2.94e-11	1.12e-09	SUP	FL	1	Pr/PI	Pr/PI	9
2412	1R0R_I_GI32I	GI32I	GI27I	1R0R	1R0R_I	P68390	-1.981	-1.981	2.94e-11	8.33e-10	SUP	FL	1	Pr/PI	Pr/PI	9
2413	1R0R_I_GI32L	GI32L	GI27L	1R0R	1R0R_I	P68390	-2.411	-2.411	2.94e-11	1.72e-09	SUP	FL	1	Pr/PI	Pr/PI	9
2414	1R0R_I_GI32P	GI32P	GI27P	1R0R	1R0R_I	P68390	-1.08	-1.08	2.94e-11	1.82e-10	SUP	FL	1	Pr/PI	Pr/PI	9
2415	1R0R_I_GI32T	GI32T	GI27T	1R0R	1R0R_I	P68390	-1.679	-1.679	2.94e-11	5e-10	SUP	FL	1	Pr/PI	Pr/PI	9
2416	1R0R_I_NI36M	NI36M	NI31M	1R0R	1R0R_I	P68390	-0.315	-0.315	2.94e-11	5e-11	RIM	FL	1	Pr/PI	Pr/PI	9
2417	1R0R_I_NI36I	NI36I	NI31I	1R0R	1R0R_I	P68390	-0.315	-0.315	2.94e-11	5e-11	RIM	FL	1	Pr/PI	Pr/PI	9
2418	1R0R_I_NI36L	NI36L	NI31L	1R0R	1R0R_I	P68390	-1.547	-1.547	2.94e-11	4e-10	RIM	FL	1	Pr/PI	Pr/PI	9
2419	1R0R_I_NI36P	NI36P	NI31P	1R0R	1R0R_I	P68390	-1.479	-1.479	2.94e-11	3.57e-10	RIM	FL	1	Pr/PI	Pr/PI	9
2420	1R0R_I_NI36T	NI36T	NI31T	1R0R	1R0R_I	P68390	-0.57	-0.57	2.94e-11	7.69e-11	RIM	FL	1	Pr/PI	Pr/PI	9
2421	1R0R_I_NI36V	NI36V	NI31V	1R0R	1R0R_I	P68390	-0.669	-0.669	2.94e-11	9.09e-11	RIM	FL	1	Pr/PI	Pr/PI	9
2422	1R0R_I_NI36C	NI36C	NI31C	1R0R	1R0R_I	P68390	-0.57	-0.57	2.94e-11	7.69e-11	RIM	FL	1	Pr/PI	Pr/PI	9
2423	1R0R_I_NI36S	NI36S	NI31S	1R0R	1R0R_I	P68390	-0.485	-0.485	2.94e-11	6.67e-11	RIM	FL	1	Pr/PI	Pr/PI	9
2424	1R0R_I_NI36A	NI36A	NI31A	1R0R	1R0R_I	P68390	0.033	0.033	2.94e-11	2.78e-11	RIM	FL	1	Pr/PI	Pr/PI	9
2425	1R0R_I_NI36G	NI36G	NI31G	1R0R	1R0R_I	P68390	-0.285	-0.285	2.94e-11	4.76e-11	RIM	FL	1	Pr/PI	Pr/PI	9
2426	1R0R_I_NI36W	NI36W	NI31W	1R0R	1R0R_I	P68390	-0.056	-0.056	2.94e-11	3.23e-11	RIM	FL	1	Pr/PI	Pr/PI	9
2427	1R0R_I_NI36Y	NI36Y	NI31Y	1R0R	1R0R_I	P68390	-0.182	-0.182	2.94e-11	4e-11	RIM	FL	1	Pr/PI	Pr/PI	9
2428	1R0R_I_NI36R	NI36R	NI31R	1R0R	1R0R_I	P68390	-1.459	-1.459	2.94e-11	3.45e-10	RIM	FL	1	Pr/PI	Pr/PI	9
2429	1R0R_I_NI36F	NI36F	NI31F	1R0R	1R0R_I	P68390	0.18	0.18	2.94e-11	2.17e-11	RIM	FL	1	Pr/PI	Pr/PI	9
2430	1R0R_I_NI36H	NI36H	NI31H	1R0R	1R0R_I	P68390	-0.285	-0.285	2.94e-11	4.76e-11	RIM	FL	1	Pr/PI	Pr/PI	9
2431	1R0R_I_NI36E	NI36E	NI31E	1R0R	1R0R_I	P68390	0.205	0.205	2.94e-11	2.08e-11	RIM	FL	1	Pr/PI	Pr/PI	9
2432	1R0R_I_NI36Q	NI36Q	NI31Q	1R0R	1R0R_I	P68390	0.274	0.274	2.94e-11	1.85e-11	RIM	FL	1	Pr/PI	Pr/PI	9
2433	1R0R_I_NI36K	NI36K	NI31K	1R0R	1R0R_I	P68390	-1.148	-1.148	2.94e-11	2.04e-10	RIM	FL	1	Pr/PI	Pr/PI	9
2434	1R0R_I_NI36D	NI36D	NI31D	1R0R	1R0R_I	P68390	-0.57	-0.57	2.94e-11	7.69e-11	RIM	FL	1	Pr/PI	Pr/PI	9
2435	1R0R_I_NI28S	NI28S	NI23S	1R0R	1R0R_I	P68390	0.066	0.066	2.94e-11	2.63e-11	SUR	FL	1	Pr/PI	Pr/PI	9
2436	2NU2_I_RI18L	RI18L	RI13L	2NU2	2NU2_I	P68390	3.367	3.367	5.26e-09	1.79e-11	COR	SP	1	Pr/PI	Pr/PI	9
2437	1CSO_I_II18L	II18L	II13L	1CSO	1CSO_I	P68390	4.481	4.481	3.45e-08	1.79e-11	COR	SP	1	Pr/PI	Pr/PI	9
2438	3BT1_U_RU145A	RU145A	RU143A	3BT1	3BT1_U	Q03405	-0.42	-0.42,-0.42	9.1e-10,4.6e-10	1.85e-09,2.17e-09	INT	SPR	1		3BT1_A_U	51
2439	3BT1_U_HU143A	HU143A	HU141A	3BT1	3BT1_U	Q03405	-0.662	-0.662,-0.662	9.1e-10,4.6e-10	2.78e-09,1.35e-09	INT	SPR	1		3BT1_A_U	51
2440	3BT1_U_RU142A	RU142A	RU140A	3BT1	3BT1_U	Q03405	-0.363	-0.363,-0.363	9.1e-10,4.6e-10	1.68e-09,1.79e-09	SUR	SPR	1		3BT1_A_U	51
2441	3BT1_U_KU139A	KU139A	KU137A	3BT1	3BT1_U	Q03405	-0.674	-0.674,-0.674	9.1e-10,4.6e-10	2.84e-09,1.31e-09	RIM	SPR	1		3BT1_A_U	51
2442	3BT1_U_RU137A	RU137A	RU135A	3BT1	3BT1_U	Q03405	0.288	0.288,0.288	9.1e-10,4.6e-10	5.6e-10,7e-10	INT	SPR	1		3BT1_A_U	51
2443	3BT1_U_MU4A	MU4A	MU4A	3BT1	3BT1_U	Q03405	-0.037	-0.037	4.6e-10	4.9e-10	INT	SPR	2		3BT1_A_U	51
2444	3BT1_U_RU2A	RU2A	RU2A	3BT1	3BT1_U	Q03405	-0.095	-0.095	4.6e-10	5.4e-10	SUR	SPR	2		3BT1_A_U	51
2445	3BT1_U_LU1A	LU1A	LU1A	3BT1	3BT1_U	Q03405	-0.342	-0.342	4.6e-10	8.2e-10	SUR	SPR	2		3BT1_A_U	51
2446	3BT1_U_LU23A	LU23A	LU23A	3BT1	3BT1_U	Q03405	-0.46	-0.46	4.6e-10	1e-09	INT	SPR	2		3BT1_A_U	51
2447	3BT1_U_DU22A	DU22A	DU22A	3BT1	3BT1_U	Q03405	-0.232	-0.232	4.6e-10	6.8e-10	SUR	SPR	2		3BT1_A_U	51
2448	3BT1_U_QU21A	QU21A	QU21A	3BT1	3BT1_U	Q03405	-0.313	-0.313	4.6e-10	7.8e-10	SUR	SPR	2		3BT1_A_U	51
2449	3BT1_U_GU20A	GU20A	GU20A	3BT1	3BT1_U	Q03405	0.0	0.0	4.6e-10	4.6e-10	SUR	SPR	2		3BT1_A_U	51
2450	3BT1_U_LU19A	LU19A	LU19A	3BT1	3BT1_U	Q03405	-0.177	-0.177	4.6e-10	6.2e-10	SUR	SPR	2		3BT1_A_U	51
2451	3BT1_U_AU18S	AU18S	AU18S	3BT1	3BT1_U	Q03405	-0.073	-0.073	4.6e-10	5.2e-10	SUR	SPR	2		3BT1_A_U	51
2452	3BT1_U_EU16A	EU16A	EU16A	3BT1	3BT1_U	Q03405	-0.084	-0.084	4.6e-10	5.3e-10	SUR	SPR	2		3BT1_A_U	51
2453	3BT1_U_EU15A	EU15A	EU15A	3BT1	3BT1_U	Q03405	-0.117	-0.117	4.6e-10	5.6e-10	INT	SPR	2		3BT1_A_U	51
2454	3BT1_U_VU14A	VU14A	VU14A	3BT1	3BT1_U	Q03405	-0.282	-0.282	4.6e-10	7.4e-10	SUR	SPR	2		3BT1_A_U	51
2455	3BT1_U_RU13A	RU13A	RU13A	3BT1	3BT1_U	Q03405	-0.274	-0.274	4.6e-10	7.3e-10	SUR	SPR	2		3BT1_A_U	51
2456	3BT1_U_DU11A	DU11A	DU11A	3BT1	3BT1_U	Q03405	0.026	0.026	4.6e-10	4.4e-10	RIM	SPR	2		3BT1_A_U	51
2457	3BT1_U_GU10A	GU10A	GU10A	3BT1	3BT1_U	Q03405	-0.265	-0.265	4.6e-10	7.2e-10	RIM	SPR	2		3BT1_A_U	51
2458	3BT1_U_NU9A	NU9A	NU9A	3BT1	3BT1_U	Q03405	-0.305	-0.305	4.6e-10	7.7e-10	RIM	SPR	2		3BT1_A_U	51
2459	3BT1_U_TU8A	TU8A	TU8A	3BT1	3BT1_U	Q03405	-0.177	-0.177	4.6e-10	6.2e-10	COR	SPR	2		3BT1_A_U	51
2460	3BT1_U_KU7A	KU7A	KU7A	3BT1	3BT1_U	Q03405	-0.274	-0.274	4.6e-10	7.3e-10	SUR	SPR	2		3BT1_A_U	51
2461	3BT1_U_QU5A	QU5A	QU5A	3BT1	3BT1_U	Q03405	-0.061	-0.061	4.6e-10	5.1e-10	SUR	SPR	2		3BT1_A_U	51
2462	3BT1_U_LU40A	LU40A	LU40A	3BT1	3BT1_U	Q03405	-0.871	-0.871	4.6e-10	2e-09	COR	SPR	2		3BT1_A_U	51
2463	3BT1_U_EU39A	EU39A	EU39A	3BT1	3BT1_U	Q03405	-0.157	-0.157	4.6e-10	6e-10	RIM	SPR	2		3BT1_A_U	51
2464	3BT1_U_LU38A	LU38A	LU38A	3BT1	3BT1_U	Q03405	-0.522	-0.522	4.6e-10	1.11e-09	RIM	SPR	2		3BT1_A_U	51
2465	3BT1_U_EU37A	EU37A	EU37A	3BT1	3BT1_U	Q03405	-0.049	-0.049	4.6e-10	5e-10	SUR	SPR	2		3BT1_A_U	51
2466	3BT1_U_EU36A	EU36A	EU36A	3BT1	3BT1_U	Q03405	-0.095	-0.095	4.6e-10	5.4e-10	RIM	SPR	2		3BT1_A_U	51
2467	3BT1_U_GU35A	GU35A	GU35A	3BT1	3BT1_U	Q03405	-0.32	-0.32	4.6e-10	7.9e-10	SUR	SPR	2		3BT1_A_U	51
2468	3BT1_U_EU34A	EU34A	EU34A	3BT1	3BT1_U	Q03405	-0.342	-0.342	4.6e-10	8.2e-10	SUR	SPR	2		3BT1_A_U	51
2469	3BT1_U_EU33A	EU33A	EU33A	3BT1	3BT1_U	Q03405	-0.378	-0.378	4.6e-10	8.7e-10	RIM	SPR	2		3BT1_A_U	51
2470	3BT1_U_WU32A	WU32A	WU32A	3BT1	3BT1_U	Q03405	0.013	0.013	4.6e-10	4.5e-10	SUR	SPR	2		3BT1_A_U	51
2471	3BT1_U_LU31A	LU31A	LU31A	3BT1	3BT1_U	Q03405	-0.313	-0.313	4.6e-10	7.8e-10	COR	SPR	2		3BT1_A_U	51
2472	3BT1_U_RU30A	RU30A	RU30A	3BT1	3BT1_U	Q03405	-0.46	-0.46	4.6e-10	1e-09	SUR	SPR	2		3BT1_A_U	51
2473	3BT1_U_VU29A	VU29A	VU29A	3BT1	3BT1_U	Q03405	-0.716	-0.716	4.6e-10	1.54e-09	SUP	SPR	2		3BT1_A_U	51
2474	3BT1_U_IU28A	IU28A	IU28A	3BT1	3BT1_U	Q03405	-0.073	-0.073	4.6e-10	5.2e-10	INT	SPR	2		3BT1_A_U	51
2475	3BT1_U_TU27A	TU27A	TU27A	3BT1	3BT1_U	Q03405	-0.911	-0.911	4.6e-10	2.14e-09	SUP	SPR	2		3BT1_A_U	51
2476	3BT1_U_TU26A	TU26A	TU26A	3BT1	3BT1_U	Q03405	-0.186	-0.186	4.6e-10	6.3e-10	INT	SPR	2		3BT1_A_U	51
2477	3BT1_U_RU25A	RU25A	RU25A	3BT1	3BT1_U	Q03405	-1.017	-1.017	4.6e-10	2.56e-09	SUP	SPR	2		3BT1_A_U	51
2478	3BT1_U_YU57A	YU57A	YU57A	3BT1	3BT1_U	Q03405	-1.201	-1.201	4.6e-10	3.49e-09	SUP	SPR	2		3BT1_A_U	51
2479	3BT1_U_SU56A	SU56A	SU56A	3BT1	3BT1_U	Q03405	-0.049	-0.049	4.6e-10	5e-10	INT	SPR	2		3BT1_A_U	51
2480	3BT1_U_LU55A	LU55A	LU55A	3BT1	3BT1_U	Q03405	-1.111	-1.111	4.6e-10	3e-09	SUP	SPR	2		3BT1_A_U	51
2481	3BT1_U_TU54A	TU54A	TU54A	3BT1	3BT1_U	Q03405	-0.391	-0.391	4.6e-10	8.9e-10	SUP	SPR	2		3BT1_A_U	51
2482	3BT1_U_RU53A	RU53A	RU53A	3BT1	3BT1_U	Q03405	-0.888	-0.888	4.6e-10	2.06e-09	SUP	SPR	2		3BT1_A_U	51
2483	3BT1_U_NU52Q	NU52Q	NU52Q	3BT1	3BT1_U	Q03405	-0.633	-0.633	4.6e-10	1.34e-09	SUR	SPR	2		3BT1_A_U	51
2484	3BT1_U_TU51A	TU51A	TU51A	3BT1	3BT1_U	Q03405	-0.712	-0.712	4.6e-10	1.53e-09	SUR	SPR	2		3BT1_A_U	51
2485	3BT1_U_KU50A	KU50A	KU50A	3BT1	3BT1_U	Q03405	-0.642	-0.642	4.6e-10	1.36e-09	SUP	SPR	2		3BT1_A_U	51
2486	3BT1_U_EU49A	EU49A	EU49A	3BT1	3BT1_U	Q03405	0.026	0.026	4.6e-10	4.4e-10	SUR	SPR	2		3BT1_A_U	51
2487	3BT1_U_SU48A	SU48A	SU48A	3BT1	3BT1_U	Q03405	-0.404	-0.404	4.6e-10	9.1e-10	SUR	SPR	2		3BT1_A_U	51
2488	3BT1_U_HU47A	HU47A	HU47A	3BT1	3BT1_U	Q03405	-0.391	-0.391	4.6e-10	8.9e-10	INT	SPR	2		3BT1_A_U	51
2489	3BT1_U_TU46A	TU46A	TU46A	3BT1	3BT1_U	Q03405	-0.46	-0.46	4.6e-10	1e-09	SUP	SPR	2		3BT1_A_U	51
2490	3BT1_U_SU44A	SU44A	SU44A	3BT1	3BT1_U	Q03405	-0.223	-0.223	4.6e-10	6.7e-10	INT	SPR	2		3BT1_A_U	51
2491	3BT1_U_KU43A	KU43A	KU43A	3BT1	3BT1_U	Q03405	-0.223	-0.223	4.6e-10	6.7e-10	INT	SPR	2		3BT1_A_U	51
2492	3BT1_U_EU42A	EU42A	EU42A	3BT1	3BT1_U	Q03405	0.197	0.197	4.6e-10	3.3e-10	RIM	SPR	2		3BT1_A_U	51
2493	3BT1_U_VU41A	VU41A	VU41A	3BT1	3BT1_U	Q03405	-0.489	-0.489	4.6e-10	1.05e-09	COR	SPR	2		3BT1_A_U	51
2494	3BT1_U_DU74A	DU74A	DU74A	3BT1	3BT1_U	Q03405	-0.305	-0.305	4.6e-10	7.7e-10	SUR	SPR	2		3BT1_A_U	51
2495	3BT1_U_LU73A	LU73A	LU73A	3BT1	3BT1_U	Q03405	-0.232	-0.232	4.6e-10	6.8e-10	SUR	SPR	2		3BT1_A_U	51
2496	3BT1_U_GU72A	GU72A	GU72A	3BT1	3BT1_U	Q03405	-0.24	-0.24	4.6e-10	6.9e-10	SUR	SPR	2		3BT1_A_U	51
2497	3BT1_U_VU70A	VU70A	VU70A	3BT1	3BT1_U	Q03405	-0.147	-0.147	4.6e-10	5.9e-10	INT	SPR	2		3BT1_A_U	51
2498	3BT1_U_VU69A	VU69A	VU69A	3BT1	3BT1_U	Q03405	-0.223	-0.223	4.6e-10	6.7e-10	SUR	SPR	2		3BT1_A_U	51
2499	3BT1_U_EU68A	EU68A	EU68A	3BT1	3BT1_U	Q03405	-0.049	-0.049	4.6e-10	5e-10	SUP	SPR	2		3BT1_A_U	51
2500	3BT1_U_TU67A	TU67A	TU67A	3BT1	3BT1_U	Q03405	-0.186	-0.186	4.6e-10	6.3e-10	RIM	SPR	2		3BT1_A_U	51
2501	3BT1_U_LU66A	LU66A	LU66A	3BT1	3BT1_U	Q03405	-1.377	-1.377	4.6e-10	4.7e-09	COR	SPR	2		3BT1_A_U	51
2502	3BT1_U_SU65A	SU65A	SU65A	3BT1	3BT1_U	Q03405	-0.313	-0.313	4.6e-10	7.8e-10	INT	SPR	2		3BT1_A_U	51
2503	3BT1_U_TU64A	TU64A	TU64A	3BT1	3BT1_U	Q03405	-0.659	-0.659	4.6e-10	1.4e-09	SUP	SPR	2		3BT1_A_U	51
2504	3BT1_U_IU63A	IU63A	IU63A	3BT1	3BT1_U	Q03405	-0.117	-0.117	4.6e-10	5.6e-10	INT	SPR	2		3BT1_A_U	51
2505	3BT1_U_KU62A	KU62A	KU62A	3BT1	3BT1_U	Q03405	-0.417	-0.417	4.6e-10	9.3e-10	RIM	SPR	2		3BT1_A_U	51
2506	3BT1_U_LU61A	LU61A	LU61A	3BT1	3BT1_U	Q03405	0.129	0.129	4.6e-10	3.7e-10	RIM	SPR	2		3BT1_A_U	51
2507	3BT1_U_GU60A	GU60A	GU60A	3BT1	3BT1_U	Q03405	-0.297	-0.297	4.6e-10	7.6e-10	SUR	SPR	2		3BT1_A_U	51
2508	3BT1_U_TU59A	TU59A	TU59A	3BT1	3BT1_U	Q03405	-0.553	-0.553	4.6e-10	1.17e-09	SUP	SPR	2		3BT1_A_U	51
2509	3BT1_U_RU58A	RU58A	RU58A	3BT1	3BT1_U	Q03405	0.068	0.068	4.6e-10	4.1e-10	INT	SPR	2		3BT1_A_U	51
2510	3BT1_U_EU94A	EU94A	EU92A	3BT1	3BT1_U	Q03405	-0.205	-0.205	4.6e-10	6.5e-10	SUR	SPR	2		3BT1_A_U	51
2511	3BT1_U_LU93A	LU93A	LU91A	3BT1	3BT1_U	Q03405	0.162	0.162	4.6e-10	3.5e-10	INT	SPR	2		3BT1_A_U	51
2512	3BT1_U_YU92A	YU92A	YU90A	3BT1	3BT1_U	Q03405	-0.177	-0.177	4.6e-10	6.2e-10	SUR	SPR	2		3BT1_A_U	51
2513	3BT1_U_RU91A	RU91A	RU89A	3BT1	3BT1_U	Q03405	-0.282	-0.282	4.6e-10	7.4e-10	SUR	SPR	2		3BT1_A_U	51
2514	3BT1_U_SU90A	SU90A	SU88A	3BT1	3BT1_U	Q03405	-0.196	-0.196	4.6e-10	6.4e-10	SUR	SPR	2		3BT1_A_U	51
2515	3BT1_U_RU89A	RU89A	RU87A	3BT1	3BT1_U	Q03405	-0.24	-0.24	4.6e-10	6.9e-10	SUR	SPR	2		3BT1_A_U	51
2516	3BT1_U_SU88A	SU88A	SU86A	3BT1	3BT1_U	Q03405	-0.24	-0.24	4.6e-10	6.9e-10	SUR	SPR	2		3BT1_A_U	51
2517	3BT1_U_YU87A	YU87A	YU85A	3BT1	3BT1_U	Q03405	-0.249	-0.249	4.6e-10	7e-10	SUR	SPR	2		3BT1_A_U	51
2518	3BT1_U_TU86A	TU86A	TU84A	3BT1	3BT1_U	Q03405	0.083	0.083	4.6e-10	4e-10	SUR	SPR	2		3BT1_A_U	51
2519	3BT1_U_VU85A	VU85A	VU83A	3BT1	3BT1_U	Q03405	-0.282	-0.282	4.6e-10	7.4e-10	SUR	SPR	2		3BT1_A_U	51
2520	3BT1_U_GU82A	GU82A	GU82A	3BT1	3BT1_U	Q03405	-0.095	-0.095	4.6e-10	5.4e-10	SUR	SPR	2		3BT1_A_U	51
2521	3BT1_U_SU81A	SU81A	SU81A	3BT1	3BT1_U	Q03405	-0.257	-0.257	4.6e-10	7.1e-10	SUR	SPR	2		3BT1_A_U	51
2522	3BT1_U_NU80A	NU80A	NU80A	3BT1	3BT1_U	Q03405	-0.205	-0.205	4.6e-10	6.5e-10	SUR	SPR	2		3BT1_A_U	51
2523	3BT1_U_GU79A	GU79A	GU79A	3BT1	3BT1_U	Q03405	-0.223	-0.223	4.6e-10	6.7e-10	SUR	SPR	2		3BT1_A_U	51
2524	3BT1_U_QU78A	QU78A	QU78A	3BT1	3BT1_U	Q03405	-0.24	-0.24	4.6e-10	6.9e-10	SUR	SPR	2		3BT1_A_U	51
2525	3BT1_U_LU75A	LU75A	LU75A	3BT1	3BT1_U	Q03405	-0.517	-0.517	4.6e-10	1.1e-09	SUR	SPR	2		3BT1_A_U	51
2526	3BT1_U_QU114A	QU114A	QU112A	3BT1	3BT1_U	Q03405	0.129	0.129	4.6e-10	3.7e-10	SUR	SPR	2		3BT1_A_U	51
2527	3BT1_U_LU113A	LU113A	LU111A	3BT1	3BT1_U	Q03405	-1.465	-1.465	4.6e-10	5.45e-09	INT	SPR	2		3BT1_A_U	51
2528	3BT1_U_SU112A	SU112A	SU110A	3BT1	3BT1_U	Q03405	-0.249	-0.249	4.6e-10	7e-10	SUR	SPR	2		3BT1_A_U	51
2529	3BT1_U_QU111A	QU111A	QU109A	3BT1	3BT1_U	Q03405	-0.084	-0.084	4.6e-10	5.3e-10	SUR	SPR	2		3BT1_A_U	51
2530	3BT1_U_HU110A	HU110A	HU108A	3BT1	3BT1_U	Q03405	-0.417	-0.417	4.6e-10	9.3e-10	SUR	SPR	2		3BT1_A_U	51
2531	3BT1_U_RU109A	RU109A	RU107A	3BT1	3BT1_U	Q03405	-0.265	-0.265	4.6e-10	7.2e-10	SUR	SPR	2		3BT1_A_U	51
2532	3BT1_U_RU107A	RU107A	RU105A	3BT1	3BT1_U	Q03405	-0.404	-0.404	4.6e-10	9.1e-10	SUR	SPR	2		3BT1_A_U	51
2533	3BT1_U_EU106A	EU106A	EU104A	3BT1	3BT1_U	Q03405	-0.815	-0.815	4.6e-10	1.82e-09	SUR	SPR	2		3BT1_A_U	51
2534	3BT1_U_SU104A	SU104A	SU102A	3BT1	3BT1_U	Q03405	-0.611	-0.611	4.6e-10	1.29e-09	INT	SPR	2		3BT1_A_U	51
2535	3BT1_U_MU103A	MU103A	MU101A	3BT1	3BT1_U	Q03405	-0.411	-0.411	4.6e-10	9.2e-10	SUR	SPR	2		3BT1_A_U	51
2536	3BT1_U_DU102A	DU102A	DU100A	3BT1	3BT1_U	Q03405	-1.692	-1.692	4.6e-10	8e-09	SUR	SPR	2		3BT1_A_U	51
2537	3BT1_U_SU101A	SU101A	SU99A	3BT1	3BT1_U	Q03405	-0.297	-0.297	4.6e-10	7.6e-10	RIM	SPR	2		3BT1_A_U	51
2538	3BT1_U_SU100A	SU100A	SU98A	3BT1	3BT1_U	Q03405	-1.157	-1.157	4.6e-10	3.24e-09	INT	SPR	2		3BT1_A_U	51
2539	3BT1_U_GU99A	GU99A	GU97A	3BT1	3BT1_U	Q03405	0.664	0.664	4.6e-10	1.5e-10	INT	SPR	2		3BT1_A_U	51
2540	3BT1_U_SU97A	SU97A	SU95A	3BT1	3BT1_U	Q03405	-0.871	-0.871	4.6e-10	2e-09	INT	SPR	2		3BT1_A_U	51
2541	3BT1_U_IU96A	IU96A	IU94A	3BT1	3BT1_U	Q03405	-0.186	-0.186	4.6e-10	6.3e-10	INT	SPR	2		3BT1_A_U	51
2542	3BT1_U_EU132A	EU132A	EU130A	3BT1	3BT1_U	Q03405	-0.037	-0.037	4.6e-10	4.9e-10	SUR	SPR	2		3BT1_A_U	51
2543	3BT1_U_QU131A	QU131A	QU129A	3BT1	3BT1_U	Q03405	0.098	0.098	4.6e-10	3.9e-10	SUR	SPR	2		3BT1_A_U	51
2544	3BT1_U_IU130A	IU130A	IU128A	3BT1	3BT1_U	Q03405	0.316	0.316	4.6e-10	2.7e-10	SUR	SPR	2		3BT1_A_U	51
2545	3BT1_U_WU129A	WU129A	WU127A	3BT1	3BT1_U	Q03405	0.437	0.437	4.6e-10	2.2e-10	INT	SPR	2		3BT1_A_U	51
2546	3BT1_U_HU128A	HU128A	HU126A	3BT1	3BT1_U	Q03405	-0.391	-0.391	4.6e-10	8.9e-10	INT	SPR	2		3BT1_A_U	51
2547	3BT1_U_TU127A	TU127A	TU125A	3BT1	3BT1_U	Q03405	-1.003	-1.003	4.6e-10	2.5e-09	SUP	SPR	2		3BT1_A_U	51
2548	3BT1_U_VU126A	VU126A	VU124A	3BT1	3BT1_U	Q03405	-0.746	-0.746	4.6e-10	1.62e-09	SUP	SPR	2		3BT1_A_U	51
2549	3BT1_U_VU125A	VU125A	VU123A	3BT1	3BT1_U	Q03405	-0.788	-0.788	4.6e-10	1.74e-09	SUP	SPR	2		3BT1_A_U	51
2550	3BT1_U_DU124A	DU124A	DU122A	3BT1	3BT1_U	Q03405	-0.788	-0.788	4.6e-10	1.74e-09	INT	SPR	2		3BT1_A_U	51
2551	3BT1_U_LU123A	LU123A	LU121A	3BT1	3BT1_U	Q03405	-0.46	-0.46	4.6e-10	1e-09	INT	SPR	2		3BT1_A_U	51
2552	3BT1_U_QU121A	QU121A	QU119A	3BT1	3BT1_U	Q03405	0.068	0.068	4.6e-10	4.1e-10	INT	SPR	2		3BT1_A_U	51
2553	3BT1_U_EU120A	EU120A	EU118A	3BT1	3BT1_U	Q03405	0.0	0.0	4.6e-10	4.6e-10	INT	SPR	2		3BT1_A_U	51
2554	3BT1_U_EU119A	EU119A	EU117A	3BT1	3BT1_U	Q03405	0.294	0.294	4.6e-10	2.8e-10	SUR	SPR	2		3BT1_A_U	51
2555	3BT1_U_PU118A	PU118A	PU116A	3BT1	3BT1_U	Q03405	0.253	0.253	4.6e-10	3e-10	SUR	SPR	2		3BT1_A_U	51
2556	3BT1_U_SU117A	SU117A	SU115A	3BT1	3BT1_U	Q03405	-0.013	-0.013	4.6e-10	4.7e-10	INT	SPR	2		3BT1_A_U	51
2557	3BT1_U_RU116A	RU116A	RU114A	3BT1	3BT1_U	Q03405	-0.214	-0.214	4.6e-10	6.6e-10	SUR	SPR	2		3BT1_A_U	51
2558	3BT1_U_SU156A	SU156A	SU154A	3BT1	3BT1_U	Q03405	0.04	0.04	4.6e-10	4.3e-10	SUR	SPR	2		3BT1_A_U	51
2559	3BT1_U_PU154A	PU154A	PU152A	3BT1	3BT1_U	Q03405	-0.46	-0.46	4.6e-10	1e-09	SUR	SPR	2		3BT1_A_U	51
2560	3BT1_U_GU152A	GU152A	GU150A	3BT1	3BT1_U	Q03405	-0.517	-0.517	4.6e-10	1.1e-09	SUR	SPR	2		3BT1_A_U	51
2561	3BT1_U_PU151A	PU151A	PU149A	3BT1	3BT1_U	Q03405	-0.597	-0.597	4.6e-10	1.26e-09	SUP	SPR	2		3BT1_A_U	51
2562	3BT1_U_LU150A	LU150A	LU148A	3BT1	3BT1_U	Q03405	-1.662	-1.662	4.6e-10	7.61e-09	SUP	SPR	2		3BT1_A_U	51
2563	3BT1_U_YU149A	YU149A	YU147A	3BT1	3BT1_U	Q03405	0.113	0.113	4.6e-10	3.8e-10	SUR	SPR	2		3BT1_A_U	51
2564	3BT1_U_GU148A	GU148A	GU146A	3BT1	3BT1_U	Q03405	-1.44	-1.44	4.6e-10	5.23e-09	INT	SPR	2		3BT1_A_U	51
2565	3BT1_U_GU146A	GU146A	GU144A	3BT1	3BT1_U	Q03405	-1.251	-1.251	4.6e-10	3.8e-09	INT	SPR	2		3BT1_A_U	51
2566	3BT1_U_LU144A	LU144A	LU142A	3BT1	3BT1_U	Q03405	-0.724	-0.724	4.6e-10	1.56e-09	SUP	SPR	2		3BT1_A_U	51
2567	3BT1_U_DU141A	DU141A	DU139A	3BT1	3BT1_U	Q03405	-1.049	-1.049	4.6e-10	2.7e-09	SUP	SPR	2		3BT1_A_U	51
2568	3BT1_U_DU140A	DU140A	DU138A	3BT1	3BT1_U	Q03405	-1.296	-1.296	4.6e-10	4.1e-09	COR	SPR	2		3BT1_A_U	51
2569	3BT1_U_PU138A	PU138A	PU136A	3BT1	3BT1_U	Q03405	-0.335	-0.335	4.6e-10	8.1e-10	RIM	SPR	2		3BT1_A_U	51
2570	3BT1_U_GU136A	GU136A	GU134A	3BT1	3BT1_U	Q03405	0.083	0.083	4.6e-10	4e-10	SUR	SPR	2		3BT1_A_U	51
2571	3BT1_U_EU135A	EU135A	EU133A	3BT1	3BT1_U	Q03405	0.145	0.145	4.6e-10	3.6e-10	RIM	SPR	2		3BT1_A_U	51
2572	3BT1_U_EU134A	EU134A	EU132A	3BT1	3BT1_U	Q03405	0.162	0.162	4.6e-10	3.5e-10	RIM	SPR	2		3BT1_A_U	51
2573	3BT1_U_GU133A	GU133A	GU131A	3BT1	3BT1_U	Q03405	0.215	0.215	4.6e-10	3.2e-10	SUR	SPR	2		3BT1_A_U	51
2574	3BT1_U_TU174A	TU174A	TU172A	3BT1	3BT1_U	Q03405	-0.411	-0.411	4.6e-10	9.2e-10	SUR	SPR	2		3BT1_A_U	51
2575	3BT1_U_TU173A	TU173A	TU171A	3BT1	3BT1_U	Q03405	-0.274	-0.274	4.6e-10	7.3e-10	SUR	SPR	2		3BT1_A_U	51
2576	3BT1_U_NU172Q	NU172Q	NU170Q	3BT1	3BT1_U	Q03405	-0.177	-0.177	4.6e-10	6.2e-10	SUR	SPR	2		3BT1_A_U	51
2577	3BT1_U_KU169A	KU169A	KU167A	3BT1	3BT1_U	Q03405	-0.282	-0.282	4.6e-10	7.4e-10	SUR	SPR	2		3BT1_A_U	51
2578	3BT1_U_LU168A	LU168A	LU166A	3BT1	3BT1_U	Q03405	-0.746	-0.746	4.6e-10	1.62e-09	SUP	SPR	2		3BT1_A_U	51
2579	3BT1_U_FU167A	FU167A	FU165A	3BT1	3BT1_U	Q03405	-0.127	-0.127	4.6e-10	5.7e-10	SUP	SPR	2		3BT1_A_U	51
2580	3BT1_U_HU166A	HU166A	HU164A	3BT1	3BT1_U	Q03405	-1.028	-1.028	4.6e-10	2.61e-09	SUP	SPR	2		3BT1_A_U	51
2581	3BT1_U_FU165A	FU165A	FU163A	3BT1	3BT1_U	Q03405	-1.064	-1.064	4.6e-10	2.77e-09	INT	SPR	2		3BT1_A_U	51
2582	3BT1_U_TU164A	TU164A	TU162A	3BT1	3BT1_U	Q03405	0.083	0.083	4.6e-10	4e-10	INT	SPR	2		3BT1_A_U	51
2583	3BT1_U_DU163A	DU163A	DU161A	3BT1	3BT1_U	Q03405	0.098	0.098	4.6e-10	3.9e-10	INT	SPR	2		3BT1_A_U	51
2584	3BT1_U_NU162Q	NU162Q	NU160Q	3BT1	3BT1_U	Q03405	-0.391	-0.391	4.6e-10	8.9e-10	SUR	SPR	2		3BT1_A_U	51
2585	3BT1_U_NU161A	NU161A	NU159A	3BT1	3BT1_U	Q03405	-0.371	-0.371	4.6e-10	8.6e-10	INT	SPR	2		3BT1_A_U	51
2586	3BT1_U_HU160A	HU160A	HU158A	3BT1	3BT1_U	Q03405	-0.205	-0.205	4.6e-10	6.5e-10	INT	SPR	2		3BT1_A_U	51
2587	3BT1_U_FU159A	FU159A	FU157A	3BT1	3BT1_U	Q03405	-0.7	-0.7	4.6e-10	1.5e-09	INT	SPR	2		3BT1_A_U	51
2588	3BT1_U_GU158A	GU158A	GU156A	3BT1	3BT1_U	Q03405	0.234	0.234	4.6e-10	3.1e-10	INT	SPR	2		3BT1_A_U	51
2589	3BT1_U_NU157A	NU157A	NU155A	3BT1	3BT1_U	Q03405	-0.602	-0.602	4.6e-10	1.27e-09	SUP	SPR	2		3BT1_A_U	51
2590	3BT1_U_RU192A	RU192A	RU190A	3BT1	3BT1_U	Q03405	-0.32	-0.32	4.6e-10	7.9e-10	SUR	SPR	2		3BT1_A_U	51
2591	3BT1_U_GU191A	GU191A	GU189A	3BT1	3BT1_U	Q03405	0.098	0.098	4.6e-10	3.9e-10	SUR	SPR	2		3BT1_A_U	51
2592	3BT1_U_NU190A	NU190A	NU188A	3BT1	3BT1_U	Q03405	0.234	0.234	4.6e-10	3.1e-10	SUR	SPR	2		3BT1_A_U	51
2593	3BT1_U_QU189A	QU189A	QU187A	3BT1	3BT1_U	Q03405	0.179	0.179	4.6e-10	3.4e-10	SUR	SPR	2		3BT1_A_U	51
2594	3BT1_U_PU188A	PU188A	PU186A	3BT1	3BT1_U	Q03405	0.013	0.013	4.6e-10	4.5e-10	SUR	SPR	2		3BT1_A_U	51
2595	3BT1_U_LU187A	LU187A	LU185A	3BT1	3BT1_U	Q03405	-0.205	-0.205	4.6e-10	6.5e-10	INT	SPR	2		3BT1_A_U	51
2596	3BT1_U_NU186A	NU186A	NU184A	3BT1	3BT1_U	Q03405	-0.328	-0.328	4.6e-10	8e-10	SUR	SPR	2		3BT1_A_U	51
2597	3BT1_U_EU185A	EU185A	EU183A	3BT1	3BT1_U	Q03405	-0.391	-0.391	4.6e-10	8.9e-10	SUR	SPR	2		3BT1_A_U	51
2598	3BT1_U_LU184A	LU184A	LU182A	3BT1	3BT1_U	Q03405	-0.731	-0.731	4.6e-10	1.58e-09	INT	SPR	2		3BT1_A_U	51
2599	3BT1_U_EU183A	EU183A	EU181A	3BT1	3BT1_U	Q03405	-0.46	-0.46	4.6e-10	1e-09	SUR	SPR	2		3BT1_A_U	51
2600	3BT1_U_LU182A	LU182A	LU180A	3BT1	3BT1_U	Q03405	-0.672	-0.672	4.6e-10	1.43e-09	SUR	SPR	2		3BT1_A_U	51
2601	3BT1_U_IU181A	IU181A	IU179A	3BT1	3BT1_U	Q03405	-0.364	-0.364	4.6e-10	8.5e-10	INT	SPR	2		3BT1_A_U	51
2602	3BT1_U_PU180A	PU180A	PU178A	3BT1	3BT1_U	Q03405	0.273	0.273	4.6e-10	2.9e-10	SUR	SPR	2		3BT1_A_U	51
2603	3BT1_U_GU179A	GU179A	GU177A	3BT1	3BT1_U	Q03405	-0.328	-0.328	4.6e-10	8e-10	SUR	SPR	2		3BT1_A_U	51
2604	3BT1_U_EU178A	EU178A	EU176A	3BT1	3BT1_U	Q03405	-0.025	-0.025	4.6e-10	4.8e-10	SUR	SPR	2		3BT1_A_U	51
2605	3BT1_U_KU175A	KU175A	KU173A	3BT1	3BT1_U	Q03405	-0.692	-0.692	4.6e-10	1.48e-09	SUR	SPR	2		3BT1_A_U	51
2606	3BT1_U_FU211A	FU211A	FU209A	3BT1	3BT1_U	Q03405	-0.196	-0.196	4.6e-10	6.4e-10	SUR	SPR	2		3BT1_A_U	51
2607	3BT1_U_TU210A	TU210A	TU208A	3BT1	3BT1_U	Q03405	-0.232	-0.232	4.6e-10	6.8e-10	INT	SPR	2		3BT1_A_U	51
2608	3BT1_U_EU209A	EU209A	EU207A	3BT1	3BT1_U	Q03405	0.253	0.253	4.6e-10	3e-10	SUR	SPR	2		3BT1_A_U	51
2609	3BT1_U_EU208A	EU208A	EU206A	3BT1	3BT1_U	Q03405	0.113	0.113	4.6e-10	3.8e-10	SUR	SPR	2		3BT1_A_U	51
2610	3BT1_U_SU207A	SU207A	SU205A	3BT1	3BT1_U	Q03405	0.215	0.215	4.6e-10	3.2e-10	SUR	SPR	2		3BT1_A_U	51
2611	3BT1_U_SU206A	SU206A	SU204A	3BT1	3BT1_U	Q03405	0.215	0.215	4.6e-10	3.2e-10	INT	SPR	2		3BT1_A_U	51
2612	3BT1_U_GU204A	GU204A	GU202A	3BT1	3BT1_U	Q03405	0.411	0.411	4.6e-10	2.3e-10	SUR	SPR	2		3BT1_A_U	51
2613	3BT1_U_HU203A	HU203A	HU201A	3BT1	3BT1_U	Q03405	-0.013	-0.013	4.6e-10	4.7e-10	SUR	SPR	2		3BT1_A_U	51
2614	3BT1_U_TU202A	TU202A	TU200A	3BT1	3BT1_U	Q03405	0.234	0.234	4.6e-10	3.1e-10	SUR	SPR	2		3BT1_A_U	51
2615	3BT1_U_SU201A	SU201A	SU199A	3BT1	3BT1_U	Q03405	0.129	0.129	4.6e-10	3.7e-10	SUR	SPR	2		3BT1_A_U	51
2616	3BT1_U_NU200Q	NU200Q	NU198Q	3BT1	3BT1_U	Q03405	-0.013	-0.013	4.6e-10	4.7e-10	SUR	SPR	2		3BT1_A_U	51
2617	3BT1_U_GU199A	GU199A	GU197A	3BT1	3BT1_U	Q03405	-0.025	-0.025	4.6e-10	4.8e-10	INT	SPR	2		3BT1_A_U	51
2618	3BT1_U_KU198A	KU198A	KU196A	3BT1	3BT1_U	Q03405	-0.249	-0.249	4.6e-10	7e-10	SUR	SPR	2		3BT1_A_U	51
2619	3BT1_U_SU196A	SU196A	SU194A	3BT1	3BT1_U	Q03405	0.273	0.273	4.6e-10	2.9e-10	INT	SPR	2		3BT1_A_U	51
2620	3BT1_U_YU195A	YU195A	YU193A	3BT1	3BT1_U	Q03405	0.068	0.068	4.6e-10	4.1e-10	INT	SPR	2		3BT1_A_U	51
2621	3BT1_U_QU193A	QU193A	QU191A	3BT1	3BT1_U	Q03405	0.197	0.197	4.6e-10	3.3e-10	SUR	SPR	2		3BT1_A_U	51
2622	3BT1_U_HU229A	HU229A	HU227A	3BT1	3BT1_U	Q03405	-0.265	-0.265	4.6e-10	7.2e-10	INT	SPR	2		3BT1_A_U	51
2623	3BT1_U_TU228A	TU228A	TU226A	3BT1	3BT1_U	Q03405	0.026	0.026	4.6e-10	4.4e-10	INT	SPR	2		3BT1_A_U	51
2624	3BT1_U_GU227A	GU227A	GU225A	3BT1	3BT1_U	Q03405	-0.712	-0.712	4.6e-10	1.53e-09	INT	SPR	2		3BT1_A_U	51
2625	3BT1_U_TU226A	TU226A	TU224A	3BT1	3BT1_U	Q03405	0.215	0.215	4.6e-10	3.2e-10	SUR	SPR	2		3BT1_A_U	51
2626	3BT1_U_AU225S	AU225S	AU223S	3BT1	3BT1_U	Q03405	0.234	0.234	4.6e-10	3.1e-10	INT	SPR	2		3BT1_A_U	51
2627	3BT1_U_VU224A	VU224A	VU222A	3BT1	3BT1_U	Q03405	0.493	0.493	4.6e-10	2e-10	INT	SPR	2		3BT1_A_U	51
2628	3BT1_U_LU223A	LU223A	LU221A	3BT1	3BT1_U	Q03405	-0.265	-0.265	4.6e-10	7.2e-10	INT	SPR	2		3BT1_A_U	51
2629	3BT1_U_QU221A	QU221A	QU219A	3BT1	3BT1_U	Q03405	0.068	0.068	4.6e-10	4.1e-10	INT	SPR	2		3BT1_A_U	51
2630	3BT1_U_NU220A	NU220A	NU218A	3BT1	3BT1_U	Q03405	0.179	0.179	4.6e-10	3.4e-10	SUR	SPR	2		3BT1_A_U	51
2631	3BT1_U_MU219A	MU219A	MU217A	3BT1	3BT1_U	Q03405	-1.028	-1.028	4.6e-10	2.61e-09	INT	SPR	2		3BT1_A_U	51
2632	3BT1_U_PU218A	PU218A	PU216A	3BT1	3BT1_U	Q03405	0.113	0.113	4.6e-10	3.8e-10	SUR	SPR	2		3BT1_A_U	51
2633	3BT1_U_GU217A	GU217A	GU215A	3BT1	3BT1_U	Q03405	0.098	0.098	4.6e-10	3.9e-10	INT	SPR	2		3BT1_A_U	51
2634	3BT1_U_RU216A	RU216A	RU214A	3BT1	3BT1_U	Q03405	0.026	0.026	4.6e-10	4.4e-10	INT	SPR	2		3BT1_A_U	51
2635	3BT1_U_DU214A	DU214A	DU212A	3BT1	3BT1_U	Q03405	0.068	0.068	4.6e-10	4.1e-10	SUR	SPR	2		3BT1_A_U	51
2636	3BT1_U_IU213A	IU213A	IU211A	3BT1	3BT1_U	Q03405	-0.147	-0.147	4.6e-10	5.9e-10	INT	SPR	2		3BT1_A_U	51
2637	3BT1_U_LU212A	LU212A	LU210A	3BT1	3BT1_U	Q03405	0.524	0.524	4.6e-10	1.9e-10	SUR	SPR	2		3BT1_A_U	51
2638	3BT1_U_MU246A	MU246A	MU244A	3BT1	3BT1_U	Q03405	-0.127	-0.127	4.6e-10	5.7e-10	INT	SPR	2		3BT1_A_U	51
2639	3BT1_U_SU245A	SU245A	SU243A	3BT1	3BT1_U	Q03405	0.068	0.068	4.6e-10	4.1e-10	SUR	SPR	2		3BT1_A_U	51
2640	3BT1_U_AU244S	AU244S	AU242S	3BT1	3BT1_U	Q03405	0.316	0.316	4.6e-10	2.7e-10	SUR	SPR	2		3BT1_A_U	51
2641	3BT1_U_TU243A	TU243A	TU241A	3BT1	3BT1_U	Q03405	-0.35	-0.35	4.6e-10	8.3e-10	INT	SPR	2		3BT1_A_U	51
2642	3BT1_U_AU242S	AU242S	AU240S	3BT1	3BT1_U	Q03405	0.179	0.179	4.6e-10	3.4e-10	INT	SPR	2		3BT1_A_U	51
2643	3BT1_U_GU240A	GU240A	GU238A	3BT1	3BT1_U	Q03405	0.083	0.083	4.6e-10	4e-10	INT	SPR	2		3BT1_A_U	51
2644	3BT1_U_RU239A	RU239A	RU237A	3BT1	3BT1_U	Q03405	-0.196	-0.196	4.6e-10	6.4e-10	INT	SPR	2		3BT1_A_U	51
2645	3BT1_U_VU238A	VU238A	VU236A	3BT1	3BT1_U	Q03405	-0.157	-0.157	4.6e-10	6e-10	INT	SPR	2		3BT1_A_U	51
2646	3BT1_U_MU237A	MU237A	MU235A	3BT1	3BT1_U	Q03405	-0.049	-0.049	4.6e-10	5e-10	INT	SPR	2		3BT1_A_U	51
2647	3BT1_U_YU236A	YU236A	YU234A	3BT1	3BT1_U	Q03405	-0.186	-0.186	4.6e-10	6.3e-10	INT	SPR	2		3BT1_A_U	51
2648	3BT1_U_SU235A	SU235A	SU233A	3BT1	3BT1_U	Q03405	0.179	0.179	4.6e-10	3.4e-10	SUR	SPR	2		3BT1_A_U	51
2649	3BT1_U_QU234A	QU234A	QU232A	3BT1	3BT1_U	Q03405	-0.095	-0.095	4.6e-10	5.4e-10	SUR	SPR	2		3BT1_A_U	51
2650	3BT1_U_NU233A	NU233A	NU231A	3BT1	3BT1_U	Q03405	-0.335	-0.335	4.6e-10	8.1e-10	SUR	SPR	2		3BT1_A_U	51
2651	3BT1_U_KU232A	KU232A	KU230A	3BT1	3BT1_U	Q03405	-0.265	-0.265	4.6e-10	7.2e-10	SUR	SPR	2		3BT1_A_U	51
2652	3BT1_U_PU231A	PU231A	PU229A	3BT1	3BT1_U	Q03405	-0.049	-0.049	4.6e-10	5e-10	SUR	SPR	2		3BT1_A_U	51
2653	3BT1_U_EU230A	EU230A	EU228A	3BT1	3BT1_U	Q03405	-0.177	-0.177	4.6e-10	6.2e-10	RIM	SPR	2		3BT1_A_U	51
2654	3BT1_U_VU263A	VU263A	VU261A	3BT1	3BT1_U	Q03405	-0.24	-0.24	4.6e-10	6.9e-10	INT	SPR	2		3BT1_A_U	51
2655	3BT1_U_DU262A	DU262A	DU260A	3BT1	3BT1_U	Q03405	-0.106	-0.106	4.6e-10	5.5e-10	SUR	SPR	2		3BT1_A_U	51
2656	3BT1_U_IU261A	IU261A	IU259A	3BT1	3BT1_U	Q03405	-0.137	-0.137	4.6e-10	5.8e-10	INT	SPR	2		3BT1_A_U	51
2657	3BT1_U_HU260A	HU260A	HU258A	3BT1	3BT1_U	Q03405	-0.049	-0.049	4.6e-10	5e-10	SUR	SPR	2		3BT1_A_U	51
2658	3BT1_U_NU259A	NU259A	NU257A	3BT1	3BT1_U	Q03405	0.234	0.234	4.6e-10	3.1e-10	INT	SPR	2		3BT1_A_U	51
2659	3BT1_U_MU258A	MU258A	MU256A	3BT1	3BT1_U	Q03405	-0.739	-0.739	4.6e-10	1.6e-09	INT	SPR	2		3BT1_A_U	51
2660	3BT1_U_SU257A	SU257A	SU255A	3BT1	3BT1_U	Q03405	-0.214	-0.214	4.6e-10	6.6e-10	RIM	SPR	2		3BT1_A_U	51
2661	3BT1_U_FU256A	FU256A	FU254A	3BT1	3BT1_U	Q03405	-0.894	-0.894	4.6e-10	2.08e-09	INT	SPR	2		3BT1_A_U	51
2662	3BT1_U_AU255S	AU255S	AU253S	3BT1	3BT1_U	Q03405	-0.205	-0.205	4.6e-10	6.5e-10	COR	SPR	2		3BT1_A_U	51
2663	3BT1_U_DU254A	DU254A	DU252A	3BT1	3BT1_U	Q03405	-0.061	-0.061	4.6e-10	5.1e-10	COR	SPR	2		3BT1_A_U	51
2664	3BT1_U_GU253A	GU253A	GU251A	3BT1	3BT1_U	Q03405	-0.177	-0.177	4.6e-10	6.2e-10	INT	SPR	2		3BT1_A_U	51
2665	3BT1_U_LU252A	LU252A	LU250A	3BT1	3BT1_U	Q03405	-0.417	-0.417	4.6e-10	9.3e-10	INT	SPR	2		3BT1_A_U	51
2666	3BT1_U_HU251A	HU251A	HU249A	3BT1	3BT1_U	Q03405	-0.282	-0.282	4.6e-10	7.4e-10	SUP	SPR	2		3BT1_A_U	51
2667	3BT1_U_AU250S	AU250S	AU248S	3BT1	3BT1_U	Q03405	-0.127	-0.127	4.6e-10	5.7e-10	SUR	SPR	2		3BT1_A_U	51
2668	3BT1_U_HU249A	HU249A	HU247A	3BT1	3BT1_U	Q03405	-0.049	-0.049	4.6e-10	5e-10	SUR	SPR	2		3BT1_A_U	51
2669	3BT1_U_QU248A	QU248A	QU246A	3BT1	3BT1_U	Q03405	-0.46	-0.46	4.6e-10	1e-09	SUR	SPR	2		3BT1_A_U	51
2670	3BT1_U_DU275A	DU275A	DU273A	3BT1	3BT1_U	Q03405	-0.049	-0.049	4.6e-10	5e-10	SUR	SPR	2		3BT1_A_U	51
2671	3BT1_U_PU274A	PU274A	PU272A	3BT1	3BT1_U	Q03405	0.013	0.013	4.6e-10	4.5e-10	SUR	SPR	2		3BT1_A_U	51
2672	3BT1_U_HU273A	HU273A	HU271A	3BT1	3BT1_U	Q03405	-0.147	-0.147	4.6e-10	5.9e-10	INT	SPR	2		3BT1_A_U	51
2673	3BT1_U_GU270A	GU270A	GU268A	3BT1	3BT1_U	Q03405	0.294	0.294	4.6e-10	2.8e-10	INT	SPR	2		3BT1_A_U	51
2674	3BT1_U_SU269A	SU269A	SU267A	3BT1	3BT1_U	Q03405	0.145	0.145	4.6e-10	3.6e-10	SUR	SPR	2		3BT1_A_U	51
2675	3BT1_U_KU268A	KU268A	KU266A	3BT1	3BT1_U	Q03405	-0.095	-0.095	4.6e-10	5.4e-10	SUR	SPR	2		3BT1_A_U	51
2676	3BT1_U_TU267A	TU267A	TU265A	3BT1	3BT1_U	Q03405	-0.061	-0.061	4.6e-10	5.1e-10	SUR	SPR	2		3BT1_A_U	51
2677	3BT1_U_SU264A	SU264A	SU262A	3BT1	3BT1_U	Q03405	0.068	0.068	4.6e-10	4.1e-10	SUR	SPR	2		3BT1_A_U	51
2678	1C1Y_B_RB89L	RB89L	RB35L	1C1Y	1C1Y_B	P04049	-2.62	-2.62	1.2e-06	0.0001	COR	IAFL	2		1GUA_A_B,1C1Y_A_B,4G0N_A_B,3KUD_A_B,1LFD_A_B,1K8R_A_B,1HE8_A_B	6
2679	1C1Y_B_KB84E	KB84E	KB30E	1C1Y	1C1Y_B	P04049	-2.233	-2.233	1.2e-06	5.2e-05	RIM	IAFL	2		1GUA_A_B,1C1Y_A_B,4G0N_A_B,3KUD_A_B,1LFD_A_B,1K8R_A_B,1HE8_A_B	6
2680	1C1Y_B_KB84A	KB84A	KB30A	1C1Y	1C1Y_B	P04049	-1.313	-1.313	1.2e-06	1.1e-05	RIM	IAFL	2		1GUA_A_B,1C1Y_A_B,4G0N_A_B,3KUD_A_B,1LFD_A_B,1K8R_A_B,1HE8_A_B	6
2681	1C1Y_B_QB66A	QB66A	QB12A	1C1Y	1C1Y_B	P04049	-1.581	-1.581	1.2e-06	1.73e-05	COR	IAFL	2		1GUA_A_B,1C1Y_A_B,4G0N_A_B,3KUD_A_B,1LFD_A_B,1K8R_A_B,1HE8_A_B	6
2682	1C1Y_B_RB59A	RB59A	RB5A	1C1Y	1C1Y_B	P04049	-1.907	-1.907	1.2e-06	3e-05	RIM	IAFL	2		1GUA_A_B,1C1Y_A_B,4G0N_A_B,3KUD_A_B,1LFD_A_B,1K8R_A_B,1HE8_A_B	6
2683	1C1Y_B_RB67A	RB67A	RB13A	1C1Y	1C1Y_B	P04049	-1.456	-1.456	1.2e-06	1.4e-05	RIM	IAFL	2		1GUA_A_B,1C1Y_A_B,4G0N_A_B,3KUD_A_B,1LFD_A_B,1K8R_A_B,1HE8_A_B	6
2684	1C1Y_B_TB68A	TB68A	TB14A	1C1Y	1C1Y_B	P04049	-1.456	-1.456	1.2e-06	1.4e-05	SUP	IAFL	2		1GUA_A_B,1C1Y_A_B,4G0N_A_B,3KUD_A_B,1LFD_A_B,1K8R_A_B,1HE8_A_B	6
2685	1C1Y_B_KB65E	KB65E	KB11E	1C1Y	1C1Y_B	P04049	-0.891	-0.891	1.2e-06	5.4e-06	RIM	IAFL	2		1GUA_A_B,1C1Y_A_B,4G0N_A_B,3KUD_A_B,1LFD_A_B,1K8R_A_B,1HE8_A_B	6
2686	1C1Y_B_KB65A	KB65A	KB11A	1C1Y	1C1Y_B	P04049	-1.109	-1.109	1.2e-06	7.8e-06	RIM	IAFL	2		1GUA_A_B,1C1Y_A_B,4G0N_A_B,3KUD_A_B,1LFD_A_B,1K8R_A_B,1HE8_A_B	6
2687	1C1Y_B_VB69A	VB69A	VB15A	1C1Y	1C1Y_B	P04049	-1.124	-1.124	1.2e-06	8e-06	COR	IAFL	2		1GUA_A_B,1C1Y_A_B,4G0N_A_B,3KUD_A_B,1LFD_A_B,1K8R_A_B,1HE8_A_B	6
2688	1C1Y_B_NB64D	NB64D	NB10D	1C1Y	1C1Y_B	P04049	-1.476	-1.476	1.2e-06	1.45e-05	RIM	IAFL	2		1GUA_A_B,1C1Y_A_B,4G0N_A_B,3KUD_A_B,1LFD_A_B,1K8R_A_B,1HE8_A_B	6
2689	1C1Y_B_NB64A	NB64A	NB10A	1C1Y	1C1Y_B	P04049	-0.502	-0.502	1.2e-06	2.8e-06	RIM	IAFL	2		1GUA_A_B,1C1Y_A_B,4G0N_A_B,3KUD_A_B,1LFD_A_B,1K8R_A_B,1HE8_A_B	6
2690	1C1Y_B_KB65M	KB65M	KB11M	1C1Y	1C1Y_B	P04049	-0.713	-0.713	1.2e-06	4e-06	RIM	IAFL	2		1GUA_A_B,1C1Y_A_B,4G0N_A_B,3KUD_A_B,1LFD_A_B,1K8R_A_B,1HE8_A_B	6
2691	3M62_A_EA26A	EA26A	EA32A	3M62	3M62_A	P54860	-0.83	-0.83	7e-08	2.84e-07	RIM	ITC	2		3M62_A_B,3M63_A_B	6
2692	3M62_A_IA104A	IA104A	IA110A	3M62	3M62_A	P54860	-1.854	-1.854	7e-08	1.6e-06	RIM	ITC	2		3M62_A_B,3M63_A_B	6
2693	3M62_A_YA97A	YA97A	YA103A	3M62	3M62_A	P54860	-4.477	-4.477	7e-08	0.000134	SUP	ITC	2		3M62_A_B,3M63_A_B	6
2694	3M62_A_GA96A	GA96A	GA102A	3M62	3M62_A	P54860	-1.265	-1.265	7e-08	5.92e-07	SUP	ITC	2		3M62_A_B,3M63_A_B	6
2695	3M62_A_RA92A	RA92A	RA98A	3M62	3M62_A	P54860	-0.789	-0.789	7e-08	2.65e-07	RIM	ITC	2		3M62_A_B,3M63_A_B	6
2696	3M62_A_EA49A	EA49A	EA55A	3M62	3M62_A	P54860	-1.052	-1.052	7e-08	4.13e-07	RIM	ITC	2		3M62_A_B,3M63_A_B	6
2697	3M62_A_TA48A	TA48A	TA54A	3M62	3M62_A	P54860	-0.017	-0.017	7e-08	7.2e-08	COR	ITC	2		3M62_A_B,3M63_A_B	6
2698	3M62_A_LA44A	LA44A	LA50A	3M62	3M62_A	P54860	-2.829	-2.829	7e-08	8.3e-06	COR	ITC	2		3M62_A_B,3M63_A_B	6
2699	3M62_A_DA40A	DA40A	DA46A	3M62	3M62_A	P54860	-2.8	-2.8	7e-08	7.9e-06	COR	ITC	2		3M62_A_B,3M63_A_B	6
2700	1GRN_A_DA38E	DA38E	DA38E	1GRN	1GRN_A	P60953	-0.39	-0.39	2.9e-06	5.6e-06	SUR	FL	1		1GRN_A_B,3EG5_A_B	6
2701	5XCO_B_DB12A	DB12A	DB12A	5XCO	5XCO_B	Not Mapped	-2.797	-2.797	8.9e-09	1e-06	COR	SPR	2		5XCO_A_B,5TAR_A_B,2A9K_A_B	6
2702	5XCO_B_YB11A	YB11A	YB11A	5XCO	5XCO_B	Not Mapped	-1.9	-1.9	8.9e-09	2.2e-07	RIM	SPR	2		5XCO_A_B,5TAR_A_B,2A9K_A_B	6
2703	5XCO_B_SB10A	SB10A	SB10A	5XCO	5XCO_B	Not Mapped	-1.286	-1.286	8.9e-09	7.8e-08	COR	SPR	2		5XCO_A_B,5TAR_A_B,2A9K_A_B	6
2704	5XCO_B_IB9A	IB9A	IB9A	5XCO	5XCO_B	Not Mapped	-2.797	-2.797	8.9e-09	1e-06	COR	SPR	2		5XCO_A_B,5TAR_A_B,2A9K_A_B	6
2705	5XCO_B_YB8A	YB8A	YB8A	5XCO	5XCO_B	Not Mapped	-1.364	-1.364	8.9e-09	8.9e-08	COR	SPR	2		5XCO_A_B,5TAR_A_B,2A9K_A_B	6
2706	5XCO_B_LB7A	LB7A	LB7A	5XCO	5XCO_B	Not Mapped	-2.748	-2.748	8.9e-09	9.2e-07	COR	SPR	2		5XCO_A_B,5TAR_A_B,2A9K_A_B	6
2707	5XCO_B_PB6A	PB6A	PB6A	5XCO	5XCO_B	Not Mapped	-1.079	-1.079	8.9e-09	5.5e-08	COR	SPR	2		5XCO_A_B,5TAR_A_B,2A9K_A_B	6
2708	5XCO_B_VB14A	VB14A	VB14A	5XCO	5XCO_B	Not Mapped	0.0	0.0	8.9e-09	8.9e-09	COR	SPR	2		5XCO_A_B,5TAR_A_B,2A9K_A_B	6
2709	5XCO_B_PB13A	PB13A	PB13A	5XCO	5XCO_B	Not Mapped	-0.635	-0.635	8.9e-09	2.6e-08	RIM	SPR	2		5XCO_A_B,5TAR_A_B,2A9K_A_B	6
2710	1C1Y_A_KA31E	KA31E	KA31E	1C1Y	1C1Y_A	P62834	1.775	1.775	1.2e-06	6e-08	SUR	IAFL	2		1GUA_A_B,1C1Y_A_B,4G0N_A_B,3KUD_A_B,1LFD_A_B,1K8R_A_B,1HE8_A_B	6
2711	1C1Y_A_DA38A	DA38A	DA38A	1C1Y	1C1Y_A	P62834	-2.62	-2.62	1.2e-06	0.0001	COR	IAFL	2		1GUA_A_B,1C1Y_A_B,4G0N_A_B,3KUD_A_B,1LFD_A_B,1K8R_A_B,1HE8_A_B	6
2712	1GUA_A_SA39A	SA39A	SA39A	1GUA	1GUA_A	P62834	-1.4	-1.4	4.93e-07	5.24e-06	COR	ITC	2		1GUA_A_B,1C1Y_A_B,4G0N_A_B,3KUD_A_B,1LFD_A_B,1K8R_A_B,1HE8_A_B	6
2713	1GUA_A_EA37A	EA37A	EA37A	1GUA	1GUA_A	P62834	-1.301	-1.301	4.93e-07	4.43e-06	COR	ITC	2		1GUA_A_B,1C1Y_A_B,4G0N_A_B,3KUD_A_B,1LFD_A_B,1K8R_A_B,1HE8_A_B	6
2714	1GUA_A_DA30E	DA30E	DA30E	1GUA	1GUA_A	P62834	-0.24	-0.24	4e-08	6e-08	SUR	IAFL	2		1GUA_A_B,1C1Y_A_B,4G0N_A_B,3KUD_A_B,1LFD_A_B,1K8R_A_B,1HE8_A_B	6
2715	4G0N_B_RB59A	RB59A	RB6A	4G0N	4G0N_B	P04049	-1.646	-1.646,-1.646,-1.646	8.02e-08,1.18e-08,8e-08	1.29e-06,1.2e-06,2.5e-06	RIM	ITC,IAFL	2		4G0N_A_B,3KUD_A_B,1LFD_A_B,1GUA_A_B,1C1Y_A_B,1K8R_A_B,1HE8_A_B,1E96_A_B	6
2716	4G0N_B_KB84A	KB84A	KB31A	4G0N	4G0N_B	P04049	-2.13	-2.13,-2.13,-2.13	8.02e-08,1.18e-08,8e-08	2.92e-06,5e-06,2.5e-06	RIM	ITC,IAFL	2		4G0N_A_B,3KUD_A_B,1LFD_A_B,1GUA_A_B,1C1Y_A_B,1K8R_A_B,1HE8_A_B,1E96_A_B	6
2717	4G0N_B_RB67A	RB67A	RB14A	4G0N	4G0N_B	P04049	-1.937	-1.937,-1.937,-1.937	8.02e-08,1.18e-08,8e-08	2.11e-06,6e-07,1e-06	RIM	ITC,IAFL	2		4G0N_A_B,3KUD_A_B,1LFD_A_B,1GUA_A_B,1C1Y_A_B,1K8R_A_B,1HE8_A_B,1E96_A_B	6
2718	4G0N_B_VB69A	VB69A	VB16A	4G0N	4G0N_B	P04049	-0.968	-0.968,-0.968,-0.968	8.02e-08,1.18e-08,8e-08	4.11e-07,2.5e-07,2.56e-07	COR	ITC,IAFL	2		4G0N_A_B,3KUD_A_B,1LFD_A_B,1GUA_A_B,1C1Y_A_B,1K8R_A_B,1HE8_A_B,1E96_A_B	6
2719	4G0N_B_NB64A	NB64A	NB11A	4G0N	4G0N_B	P04049	-0.097	-0.097,-0.097,-0.097	8.02e-08,1.18e-08,8e-08	9.45e-08,1.5e-07,1.67e-07	RIM	ITC,IAFL	2		4G0N_A_B,3KUD_A_B,1LFD_A_B,1GUA_A_B,1C1Y_A_B,1K8R_A_B,1HE8_A_B,1E96_A_B	6
2720	4G0N_B_VB88A	VB88A	VB35A	4G0N	4G0N_B	P04049	-0.097	-0.097,-0.097	8.02e-08,8e-08	9.45e-08,6.67e-08	COR	ITC	2		4G0N_A_B,3KUD_A_B,1LFD_A_B,1GUA_A_B,1C1Y_A_B,1K8R_A_B,1HE8_A_B,1E96_A_B	6
2721	4G0N_B_TB68A	TB68A	TB15A	4G0N	4G0N_B	P04049	-1.453	-1.453,-1.453	8.02e-08,1.18e-08	9.31e-07,4.5e-07	SUP	ITC,IAFL	2		4G0N_A_B,3KUD_A_B,1LFD_A_B,1GUA_A_B,1C1Y_A_B,1K8R_A_B,1HE8_A_B,1E96_A_B	6
2722	4G0N_B_QB66A	QB66A	QB13A	4G0N	4G0N_B	P04049	-1.646	-1.646,-1.646	8.02e-08,1.18e-08	1.29e-06,1.3e-06	COR	ITC,IAFL	2		4G0N_A_B,3KUD_A_B,1LFD_A_B,1GUA_A_B,1C1Y_A_B,1K8R_A_B,1HE8_A_B,1E96_A_B	6
2723	4G0N_B_AB85K	AB85K	AB32K	4G0N	4G0N_B	P04049	1.109	1.109	1.3e-07	2e-08	SUP	IAFL	2		4G0N_A_B,3KUD_A_B,1LFD_A_B,1GUA_A_B,1C1Y_A_B,1K8R_A_B,1HE8_A_B,1E96_A_B	6
2724	4G0N_B_NB71R	NB71R	NB18R	4G0N	4G0N_B	P04049	0.698	0.698	1.3e-07	4e-08	RIM	IAFL	2		4G0N_A_B,3KUD_A_B,1LFD_A_B,1GUA_A_B,1C1Y_A_B,1K8R_A_B,1HE8_A_B,1E96_A_B	6
2725	4G0N_B_VB88I	VB88I	VB35I	4G0N	4G0N_B	P04049	-0.552	-0.552	1.3e-07	3.3e-07	COR	IAFL	2		4G0N_A_B,3KUD_A_B,1LFD_A_B,1GUA_A_B,1C1Y_A_B,1K8R_A_B,1HE8_A_B,1E96_A_B	6
2726	4G0N_B_FB61W	FB61W	FB8W	4G0N	4G0N_B	P04049	-0.603	-0.603	1.3e-07	3.6e-07	SUR	IAFL	2		4G0N_A_B,3KUD_A_B,1LFD_A_B,1GUA_A_B,1C1Y_A_B,1K8R_A_B,1HE8_A_B,1E96_A_B	6
2727	4G0N_B_KB65A	KB65A	KB12A	4G0N	4G0N_B	P04049	-1.832	-1.832	1.18e-08	2.6e-07	RIM	IAFL	2		4G0N_A_B,3KUD_A_B,1LFD_A_B,1GUA_A_B,1C1Y_A_B,1K8R_A_B,1HE8_A_B,1E96_A_B	6
2728	4G0N_B_NB64D	NB64D	NB11D	4G0N	4G0N_B	P04049	-1.809	-1.809	1.18e-08	2.5e-07	RIM	IAFL	2		4G0N_A_B,3KUD_A_B,1LFD_A_B,1GUA_A_B,1C1Y_A_B,1K8R_A_B,1HE8_A_B,1E96_A_B	6
2729	4G0N_B_KB65M	KB65M	KB12M	4G0N	4G0N_B	P04049	-1.323	-1.323	1.18e-08	1.1e-07	RIM	IAFL	2		4G0N_A_B,3KUD_A_B,1LFD_A_B,1GUA_A_B,1C1Y_A_B,1K8R_A_B,1HE8_A_B,1E96_A_B	6
2730	4G0N_B_RB89L	RB89L	RB36L	4G0N	4G0N_B	P04049	-5.359	-5.359	1.18e-08	0.0001	COR	IAFL	2		4G0N_A_B,3KUD_A_B,1LFD_A_B,1GUA_A_B,1C1Y_A_B,1K8R_A_B,1HE8_A_B,1E96_A_B	6
2731	4G0N_B_KB84E	KB84E	KB31E	4G0N	4G0N_B	P04049	-5.066	-5.066	1.18e-08	6.1e-05	RIM	IAFL	2		4G0N_A_B,3KUD_A_B,1LFD_A_B,1GUA_A_B,1C1Y_A_B,1K8R_A_B,1HE8_A_B,1E96_A_B	6
2732	4G0N_B_KB65E	KB65E	KB12E	4G0N	4G0N_B	P04049	-1.917	-1.917	1.18e-08	3e-07	RIM	IAFL	2		4G0N_A_B,3KUD_A_B,1LFD_A_B,1GUA_A_B,1C1Y_A_B,1K8R_A_B,1HE8_A_B,1E96_A_B	6
2733	1LFD_A_EA57A	EA57A	EA44A	1LFD	1LFD_A	Q03386	0.401	0.401,0.401,0.401,0.401	1.15e-06,1.94e-06,6.91e-07,1.21e-06	5.84e-07,1.28e-06,5.84e-07,1.67e-06	SUR	ITC,SFFL,IAFL	1		1LFD_A_B,4G0N_A_B,3KUD_A_B,1K8R_A_B,1HE8_A_B,1GUA_A_B,1C1Y_A_B	6
2734	1LFD_A_KA48A	KA48A	KA35A	1LFD	1LFD_A	Q03386	-0.297	-0.297,-0.297,-0.297,-0.297	1.15e-06,1.94e-06,6.91e-07,1.21e-06	1.9e-06,3e-06,1.15e-06,3.19e-06	SUR	ITC,SFFL,IAFL	1		1LFD_A_B,4G0N_A_B,3KUD_A_B,1K8R_A_B,1HE8_A_B,1GUA_A_B,1C1Y_A_B	6
2735	1LFD_A_DA51A	DA51A	DA38A	1LFD	1LFD_A	Q03386	0.601	0.601,0.601,0.601,0.601	1.15e-06,1.94e-06,6.91e-07,1.21e-06	4.17e-07,7.3e-07,4.17e-07,7.41e-07	RIM	ITC,SFFL,IAFL	1		1LFD_A_B,4G0N_A_B,3KUD_A_B,1K8R_A_B,1HE8_A_B,1GUA_A_B,1C1Y_A_B	6
2736	1LFD_A_KA52A	KA52A	KA39A	1LFD	1LFD_A	Q03386	-1.8	-1.8,-1.8,-1.8,-1.8	1.15e-06,1.94e-06,6.91e-07,1.21e-06	2.4e-05,1.42e-05,3.98e-05,0.000217	COR	ITC,SFFL,IAFL	1		1LFD_A_B,4G0N_A_B,3KUD_A_B,1K8R_A_B,1HE8_A_B,1GUA_A_B,1C1Y_A_B	6
2737	1LFD_A_RA20A	RA20A	RA7A	1LFD	1LFD_A	Q03386	-1.599	-1.599,-1.599,-1.599,-1.599	1.15e-06,1.94e-06,6.91e-07,1.21e-06	1.71e-05,1.32e-05,2.84e-05,5.92e-05	RIM	ITC,SFFL,IAFL	1		1LFD_A_B,4G0N_A_B,3KUD_A_B,1K8R_A_B,1HE8_A_B,1GUA_A_B,1C1Y_A_B	6
2738	1LFD_A_KA32A	KA32A	KA19A	1LFD	1LFD_A	Q03386	-1.497	-1.497,-1.497,-1.497,-1.497	1.15e-06,1.94e-06,6.91e-07,1.21e-06	1.44e-05,1.82e-05,1.44e-05,0.000217	COR	ITC,SFFL,IAFL	1		1LFD_A_B,4G0N_A_B,3KUD_A_B,1K8R_A_B,1HE8_A_B,1GUA_A_B,1C1Y_A_B	6
2739	1LFD_A_YA31F	YA31F	YA18F	1LFD	1LFD_A	Q03386	-1.0	-1.0,-1.0	6.91e-07,1.21e-06	3.74e-06,1.9e-05	COR	ITC,IAFL	2		1LFD_A_B,4G0N_A_B,3KUD_A_B,1K8R_A_B,1HE8_A_B,1GUA_A_B,1C1Y_A_B	6
2740	1LFD_A_NA27K	NA27K	NA14K	1LFD	1LFD_A	Q03386	-0.398	-0.398,-0.398	1.15e-06,1.94e-06	2.25e-06,3.83e-06	RIM	ITC,SFFL	1		1LFD_A_B,4G0N_A_B,3KUD_A_B,1K8R_A_B,1HE8_A_B,1GUA_A_B,1C1Y_A_B	6
2741	1LFD_A_MA30K	MA30K	MA17K	1LFD	1LFD_A	Q03386	0.401	0.401,0.401	1.15e-06,1.94e-06	5.84e-07,4.1e-07	RIM	ITC,SFFL	1		1LFD_A_B,4G0N_A_B,3KUD_A_B,1K8R_A_B,1HE8_A_B,1GUA_A_B,1C1Y_A_B	6
2742	1LFD_A_LA23K	LA23K	LA10K	1LFD	1LFD_A	Q03386	0.502	0.502,0.502	1.15e-06,1.94e-06	4.93e-07,1.89e-06	INT	ITC,SFFL	1		1LFD_A_B,4G0N_A_B,3KUD_A_B,1K8R_A_B,1HE8_A_B,1GUA_A_B,1C1Y_A_B	6
2743	1LFD_A_SA22K	SA22K	SA9K	1LFD	1LFD_A	Q03386	-0.898	-0.898,-0.898	1.15e-06,1.94e-06	5.24e-06,1.59e-06	INT	ITC,SFFL	1		1LFD_A_B,4G0N_A_B,3KUD_A_B,1K8R_A_B,1HE8_A_B,1GUA_A_B,1C1Y_A_B	6
2744	1LFD_A_DA94K	DA94K	DA81K	1LFD	1LFD_A	Q03386	0.902	0.902,0.902	1.15e-06,1.94e-06	2.51e-07,2.8e-07	SUR	ITC,SFFL	1		1LFD_A_B,4G0N_A_B,3KUD_A_B,1K8R_A_B,1HE8_A_B,1GUA_A_B,1C1Y_A_B	6
2745	1LFD_A_YA93K	YA93K	YA80K	1LFD	1LFD_A	Q03386	-0.199	-0.199,-0.199	1.15e-06,1.94e-06	1.61e-06,2.21e-06	SUR	ITC,SFFL	1		1LFD_A_B,4G0N_A_B,3KUD_A_B,1K8R_A_B,1HE8_A_B,1GUA_A_B,1C1Y_A_B	6
2746	1LFD_A_NA92K	NA92K	NA79K	1LFD	1LFD_A	Q03386	0.401	0.401,0.401	1.15e-06,1.94e-06	5.84e-07,7.5e-07	SUR	ITC,SFFL	1		1LFD_A_B,4G0N_A_B,3KUD_A_B,1K8R_A_B,1HE8_A_B,1GUA_A_B,1C1Y_A_B	6
2747	1LFD_A_DA58K	DA58K	DA45K	1LFD	1LFD_A	Q03386	0.502	0.502,0.502	1.15e-06,1.94e-06	4.93e-07,4.2e-07	SUR	ITC,SFFL	1		1LFD_A_B,4G0N_A_B,3KUD_A_B,1K8R_A_B,1HE8_A_B,1GUA_A_B,1C1Y_A_B	6
2748	1LFD_A_NA29A	NA29A	NA16A	1LFD	1LFD_A	Q03386	-0.302	-0.302,-0.302	6.91e-07,1.21e-06	1.15e-06,3.75e-06	COR	ITC,IAFL	2		1LFD_A_B,4G0N_A_B,3KUD_A_B,1K8R_A_B,1HE8_A_B,1GUA_A_B,1C1Y_A_B	6
2749	1LFD_A_NA27A	NA27A	NA14A	1LFD	1LFD_A	Q03386	-1.0	-1.0,-1.0	6.91e-07,1.21e-06	3.74e-06,5.19e-06	RIM	ITC,IAFL	2		1LFD_A_B,4G0N_A_B,3KUD_A_B,1K8R_A_B,1HE8_A_B,1GUA_A_B,1C1Y_A_B	6
2750	1LFD_A_IA18A	IA18A	IA5A	1LFD	1LFD_A	Q03386	-1.0	-1.0,-1.0	6.91e-07,1.21e-06	3.74e-06,2.63e-05	RIM	ITC,IAFL	2		1LFD_A_B,4G0N_A_B,3KUD_A_B,1K8R_A_B,1HE8_A_B,1GUA_A_B,1C1Y_A_B	6
2751	1LFD_A_HA53A	HA53A	HA40A	1LFD	1LFD_A	Q03386	-1.0	-1.0,-1.0	6.91e-07,1.21e-06	3.74e-06,3.09e-05	INT	ITC,IAFL	2		1LFD_A_B,4G0N_A_B,3KUD_A_B,1K8R_A_B,1HE8_A_B,1GUA_A_B,1C1Y_A_B	6
2752	1LFD_A_SA33A	SA33A	SA20A	1LFD	1LFD_A	Q03386	-0.801	-0.801,-0.801	6.91e-07,1.21e-06	2.67e-06,7.18e-06	COR	ITC,IAFL	2		1LFD_A_B,4G0N_A_B,3KUD_A_B,1K8R_A_B,1HE8_A_B,1GUA_A_B,1C1Y_A_B	6
2753	1LFD_A_DA51K	DA51K	DA38K	1LFD	1LFD_A	Q03386	0.902	0.902,0.902	1.15e-06,1.94e-06	2.51e-07,3.1e-07	RIM	ITC,SFFL	1		1LFD_A_B,4G0N_A_B,3KUD_A_B,1K8R_A_B,1HE8_A_B,1GUA_A_B,1C1Y_A_B	6
2754	1LFD_A_EA57K	EA57K	EA44K	1LFD	1LFD_A	Q03386	0.101	0.101,0.101	1.15e-06,1.94e-06	9.69e-07,1.2e-06	SUR	ITC,SFFL	1		1LFD_A_B,4G0N_A_B,3KUD_A_B,1K8R_A_B,1HE8_A_B,1GUA_A_B,1C1Y_A_B	6
2755	1LFD_A_DA56A	DA56A	DA43A	1LFD	1LFD_A	Q03386	0.401	0.401,0.401	1.15e-06,1.94e-06	5.84e-07,1.21e-06	RIM	ITC,SFFL	1		1LFD_A_B,4G0N_A_B,3KUD_A_B,1K8R_A_B,1HE8_A_B,1GUA_A_B,1C1Y_A_B	6
2756	1LFD_A_LA55K	LA55K	LA42K	1LFD	1LFD_A	Q03386	0.0	0.0,0.0	1.15e-06,1.94e-06	1.15e-06,7.4e-07	INT	ITC,SFFL	1		1LFD_A_B,4G0N_A_B,3KUD_A_B,1K8R_A_B,1HE8_A_B,1GUA_A_B,1C1Y_A_B	6
2757	1LFD_A_NA54K	NA54K	NA41K	1LFD	1LFD_A	Q03386	0.101	0.101,0.101	1.15e-06,1.94e-06	9.69e-07,2.7e-07	RIM	ITC,SFFL	1		1LFD_A_B,4G0N_A_B,3KUD_A_B,1K8R_A_B,1HE8_A_B,1GUA_A_B,1C1Y_A_B	6
2758	1LFD_A_YA31A	YA31A	YA18A	1LFD	1LFD_A	Q03386	-3.459	-3.459	1.21e-06	0.000415	COR	IAFL	2		1LFD_A_B,4G0N_A_B,3KUD_A_B,1K8R_A_B,1HE8_A_B,1GUA_A_B,1C1Y_A_B	6
2759	3M63_A_FA107A	FA107A	FA113A	3M63	3M63_A	P54860	-1.792	-1.792	1.75e-07	3.6e-06	SUP	ITC	2		3M63_A_B,3M62_A_B,1S1Q_A_B,1XD3_A_B,2OOB_A_B	6
2760	3M63_A_IA104A	IA104A	IA110A	3M63	3M63_A	P54860	-1.089	-1.089	1.75e-07	1.1e-06	COR	ITC	2		3M63_A_B,3M62_A_B,1S1Q_A_B,1XD3_A_B,2OOB_A_B	6
2761	3M63_A_VA100A	VA100A	VA106A	3M63	3M63_A	P54860	-1.839	-1.839	1.75e-07	3.9e-06	SUP	ITC	2		3M63_A_B,3M62_A_B,1S1Q_A_B,1XD3_A_B,2OOB_A_B	6
2762	3M63_A_YA97A	YA97A	YA103A	3M63	3M63_A	P54860	-3.651	-3.651	1.75e-07	8.3e-05	SUP	ITC	2		3M63_A_B,3M62_A_B,1S1Q_A_B,1XD3_A_B,2OOB_A_B	6
2763	3M63_A_GA96A	GA96A	GA102A	3M63	3M63_A	P54860	-0.125	-0.125	1.75e-07	2.16e-07	SUP	ITC	2		3M63_A_B,3M62_A_B,1S1Q_A_B,1XD3_A_B,2OOB_A_B	6
2764	3M63_A_RA92A	RA92A	RA98A	3M63	3M63_A	P54860	0.185	0.185	1.75e-07	1.28e-07	RIM	ITC	2		3M63_A_B,3M62_A_B,1S1Q_A_B,1XD3_A_B,2OOB_A_B	6
2765	3M63_A_EA49A	EA49A	EA55A	3M63	3M63_A	P54860	-0.346	-0.346	1.75e-07	3.14e-07	RIM	ITC	2		3M63_A_B,3M62_A_B,1S1Q_A_B,1XD3_A_B,2OOB_A_B	6
2766	3M63_A_TA48A	TA48A	TA54A	3M63	3M63_A	P54860	-0.311	-0.311	1.75e-07	2.96e-07	COR	ITC	2		3M63_A_B,3M62_A_B,1S1Q_A_B,1XD3_A_B,2OOB_A_B	6
2767	3M63_A_LA44A	LA44A	LA50A	3M63	3M63_A	P54860	-0.576	-0.576	1.75e-07	4.63e-07	COR	ITC	2		3M63_A_B,3M62_A_B,1S1Q_A_B,1XD3_A_B,2OOB_A_B	6
2768	3M63_A_DA40A	DA40A	DA46A	3M63	3M63_A	P54860	-2.234	-2.234	1.75e-07	7.6e-06	COR	ITC	2		3M63_A_B,3M62_A_B,1S1Q_A_B,1XD3_A_B,2OOB_A_B	6
2769	3M63_A_EA27A	EA27A	EA33A	3M63	3M63_A	P54860	-0.646	-0.646	1.75e-07	5.21e-07	SUR	ITC	2		3M63_A_B,3M62_A_B,1S1Q_A_B,1XD3_A_B,2OOB_A_B	6
2770	4G0N_A_TA35A	TA35A	TA35A	4G0N	4G0N_A	P01112	-2.629	-2.629,-2.629	1.3e-07,5e-08	1.1e-05,7.2e-06	INT	IAFL,SFFL	2		4G0N_A_B,3KUD_A_B,1LFD_A_B,1GUA_A_B,1C1Y_A_B,1K8R_A_B,1HE8_A_B,1E96_A_B	6
2771	4G0N_A_EA31A	EA31A	EA31A	4G0N	4G0N_A	P01112	-0.486	-0.486,-0.486	8.02e-08,8e-08	1.82e-07,8.33e-07	RIM	ITC	2		4G0N_A_B,3KUD_A_B,1LFD_A_B,1GUA_A_B,1C1Y_A_B,1K8R_A_B,1HE8_A_B,1E96_A_B	6
2772	4G0N_A_RA41A	RA41A	RA41A	4G0N	4G0N_A	P01112	0.581	0.581,0.581	8.02e-08,8e-08	3.01e-08,6.67e-08	COR	ITC	2		4G0N_A_B,3KUD_A_B,1LFD_A_B,1GUA_A_B,1C1Y_A_B,1K8R_A_B,1HE8_A_B,1E96_A_B	6
2773	4G0N_A_DA38A	DA38A	DA38A	4G0N	4G0N_A	P01112	-3.194	-3.194,-3.194	8.02e-08,1.8e-08	1.76e-05,1.3e-06	COR	ITC,IAFL	2		4G0N_A_B,3KUD_A_B,1LFD_A_B,1GUA_A_B,1C1Y_A_B,1K8R_A_B,1HE8_A_B,1E96_A_B	6
2774	4G0N_A_DA33A	DA33A	DA33A	4G0N	4G0N_A	P01112	-1.065	-1.065,-1.065	8.02e-08,8e-08	4.84e-07,2.56e-07	RIM	ITC	2		4G0N_A_B,3KUD_A_B,1LFD_A_B,1GUA_A_B,1C1Y_A_B,1K8R_A_B,1HE8_A_B,1E96_A_B	6
2775	4G0N_A_VA45A	VA45A	VA45A	4G0N	4G0N_A	P01112	0.291	0.291	8.02e-08	4.91e-08	SUR	ITC	2		4G0N_A_B,3KUD_A_B,1LFD_A_B,1GUA_A_B,1C1Y_A_B,1K8R_A_B,1HE8_A_B,1E96_A_B	6
2776	4G0N_A_SA39A	SA39A	SA39A	4G0N	4G0N_A	P01112	-0.291	-0.291	8.02e-08	1.31e-07	COR	ITC	2		4G0N_A_B,3KUD_A_B,1LFD_A_B,1GUA_A_B,1C1Y_A_B,1K8R_A_B,1HE8_A_B,1E96_A_B	6
2777	4G0N_A_EA37A	EA37A	EA37A	4G0N	4G0N_A	P01112	-1.743	-1.743	8.02e-08	1.52e-06	RIM	ITC	2		4G0N_A_B,3KUD_A_B,1LFD_A_B,1GUA_A_B,1C1Y_A_B,1K8R_A_B,1HE8_A_B,1E96_A_B	6
2778	4G0N_A_IA36A	IA36A	IA36A	4G0N	4G0N_A	P01112	-1.743	-1.743	8.02e-08	1.52e-06	RIM	ITC	2		4G0N_A_B,3KUD_A_B,1LFD_A_B,1GUA_A_B,1C1Y_A_B,1K8R_A_B,1HE8_A_B,1E96_A_B	6
2779	4G0N_A_HA27A	HA27A	HA27A	4G0N	4G0N_A	P01112	0.291	0.291	8.02e-08	4.91e-08	RIM	ITC	2		4G0N_A_B,3KUD_A_B,1LFD_A_B,1GUA_A_B,1C1Y_A_B,1K8R_A_B,1HE8_A_B,1E96_A_B	6
2780	4G0N_A_IA21A	IA21A	IA21A	4G0N	4G0N_A	P01112	-0.871	-0.871	8.02e-08	3.49e-07	SUP	ITC	2		4G0N_A_B,3KUD_A_B,1LFD_A_B,1GUA_A_B,1C1Y_A_B,1K8R_A_B,1HE8_A_B,1E96_A_B	6
2781	4G0N_A_TA35S	TA35S	TA35S	4G0N	4G0N_A	P01112	-2.214	-2.214	5e-08	2.1e-06	INT	SFFL	2		4G0N_A_B,3KUD_A_B,1LFD_A_B,1GUA_A_B,1C1Y_A_B,1K8R_A_B,1HE8_A_B,1E96_A_B	6
2782	2REX_B_YB114F	YB114F	YB97F	2REX	2REX_B	Q92730	0.0	0.0	5.5e-06	5.5e-06	RIM	ITC	2		2REX_A_B,3Q3J_A_B,3EG5_A_B	6
2783	3KUD_A_TA35A	TA35A	TA35A	3KUD	3KUD_A	P01112	-1.991	-1.991	1.7e-06	4.9e-05	INT	IAFL	2		4G0N_A_B,3KUD_A_B,1LFD_A_B,1GUA_A_B,1C1Y_A_B,1K8R_A_B,1HE8_A_B,1E96_A_B	6
2784	1XD3_B_IB44A	IB44A	IB44A	1XD3	1XD3_B	P0CG48	-0.266	-0.266	3e-07	4.7e-07	SUP	IARA	1		1XD3_A_B,2OOB_A_B,3M63_A_B	6
2785	1XD3_B_RB74L	RB74L	RB74L	1XD3	1XD3_B	P0CG48	-2.378	-2.378	3e-07	1.66e-05	COR	IARA	1		1XD3_A_B,2OOB_A_B,3M63_A_B	6
2786	1XD3_B_RB72L	RB72L	RB72L	1XD3	1XD3_B	P0CG48	-1.302	-1.302	3e-07	2.7e-06	COR	IARA	1		1XD3_A_B,2OOB_A_B,3M63_A_B	6
2787	1XD3_B_HB68N	HB68N	HB68N	1XD3	1XD3_B	P0CG48	0.0	0.0	3e-07	3e-07	COR	IARA	1		1XD3_A_B,2OOB_A_B,3M63_A_B	6
2788	1XD3_B_RB54L	RB54L	RB54L	1XD3	1XD3_B	P0CG48	-0.869	-0.869	3e-07	1.3e-06	SUR	IARA	1		1XD3_A_B,2OOB_A_B,3M63_A_B	6
2789	1XD3_B_RB42L	RB42L	RB42L	1XD3	1XD3_B	P0CG48	0.862	0.862	3e-07	7e-08	SUP	IARA	1		1XD3_A_B,2OOB_A_B,3M63_A_B	6
2790	1XD3_B_KB27A	KB27A	KB27A	1XD3	1XD3_B	P0CG48	0.062	0.062	3e-07	2.7e-07	SUP	IARA	1		1XD3_A_B,2OOB_A_B,3M63_A_B	6
2791	1XD3_B_KB33R	KB33R	KB33R	1XD3	1XD3_B	P0CG48	0.0	0.0	3e-07	3e-07	SUR	IARA	1		1XD3_A_B,2OOB_A_B,3M63_A_B	6
2792	1XD3_B_KB27R	KB27R	KB27R	1XD3	1XD3_B	P0CG48	-0.266	-0.266	3e-07	4.7e-07	SUP	IARA	1		1XD3_A_B,2OOB_A_B,3M63_A_B	6
2793	1XD3_B_KB11R	KB11R	KB11R	1XD3	1XD3_B	P0CG48	-1.402	-1.402	3e-07	3.2e-06	RIM	IARA	1		1XD3_A_B,2OOB_A_B,3M63_A_B	6
2794	1XD3_B_LB8A	LB8A	LB8A	1XD3	1XD3_B	P0CG48	-2.677	-2.677	3e-07	2.75e-05	COR	IARA	1		1XD3_A_B,2OOB_A_B,3M63_A_B	6
2795	1XD3_B_KB6R	KB6R	KB6R	1XD3	1XD3_B	P0CG48	-0.303	-0.303	3e-07	5e-07	RIM	IARA	1		1XD3_A_B,2OOB_A_B,3M63_A_B	6
2796	1XD3_B_DB58A	DB58A	DB58A	1XD3	1XD3_B	P0CG48	0.24	0.24	3e-07	2e-07	SUR	IARA	1		1XD3_A_B,2OOB_A_B,3M63_A_B	6
2797	1XD3_B_DB52A	DB52A	DB52A	1XD3	1XD3_B	P0CG48	0.24	0.24	3e-07	2e-07	SUR	IARA	1		1XD3_A_B,2OOB_A_B,3M63_A_B	6
2798	1XD3_B_EB51A	EB51A	EB51A	1XD3	1XD3_B	P0CG48	-1.535	-1.535	3e-07	4e-06	SUR	IARA	1		1XD3_A_B,2OOB_A_B,3M63_A_B	6
2799	1XD3_B_DB39A	DB39A	DB39A	1XD3	1XD3_B	P0CG48	0.411	0.411	3e-07	1.5e-07	RIM	IARA	1		1XD3_A_B,2OOB_A_B,3M63_A_B	6
2800	1XD3_B_EB24A	EB24A	EB24A	1XD3	1XD3_B	P0CG48	0.24	0.24	3e-07	2e-07	SUR	IARA	1		1XD3_A_B,2OOB_A_B,3M63_A_B	6
2801	1XD3_B_KB6A	KB6A	KB6A	1XD3	1XD3_B	P0CG48	-1.344	-1.344	3e-07	2.9e-06	RIM	IARA	1		1XD3_A_B,2OOB_A_B,3M63_A_B	6
2802	2REX_A_LA1815Y	LA1815Y	LA70Y	2REX	2REX_A	O43157	-0.558	-0.558	5.5e-06	1.41e-05	COR	ITC	2		2REX_A_B,3Q3J_A_B,3EG5_A_B	6
2803	3Q3J_B_YB114F	YB114F	YB100F	3Q3J	3Q3J_B	Q92730	-0.211	-0.211	7e-06	1e-05	RIM	ITC	2		3Q3J_A_B,2REX_A_B,3EG5_A_B	6
2804	1E96_A_DA38N	DA38N	DA38N	1E96	1E96_A	P63000	-2.202	-2.202	1.24e-07	5.1e-06	SUR	FL	1		1E96_A_B,4G0N_A_B,3KUD_A_B	6
2805	1E96_A_IA33N	IA33N	IA33N	1E96	1E96_A	P63000	-2.043	-2.043	1.24e-07	3.9e-06	RIM	FL	1		1E96_A_B,4G0N_A_B,3KUD_A_B	6
2806	1E96_A_NA26H	NA26H	NA26H	1E96	1E96_A	P63000	-1.105	-1.105	1.24e-07	8e-07	COR	FL	1		1E96_A_B,4G0N_A_B,3KUD_A_B	6
2807	1E96_A_LA134R	LA134R	LA134R	1E96	1E96_A	P63000	0.127	0.127	1.24e-07	1e-07	SUR	FL	1		1E96_A_B,4G0N_A_B,3KUD_A_B	6
2808	1E96_A_KA132E	KA132E	KA132E	1E96	1E96_A	P63000	0.19	0.19	1.24e-07	9e-08	SUR	FL	1		1E96_A_B,4G0N_A_B,3KUD_A_B	6
2809	1E96_A_MA45T	MA45T	MA45T	1E96	1E96_A	P63000	-0.366	-0.366	1.24e-07	2.3e-07	SUR	FL	1		1E96_A_B,4G0N_A_B,3KUD_A_B	6
2810	1LFD_B_DB238A	DB238A	DB38A	1LFD	1LFD_B	P01112	-3.747	-3.747,-3.747	1.21e-06,1e-06	0.000675,0.0001	COR	IAFL	2		1LFD_A_B,4G0N_A_B,3KUD_A_B,1K8R_A_B,1HE8_A_B,1GUA_A_B,1C1Y_A_B	6
2811	1LFD_B_RB241A	RB241A	RB41A	1LFD	1LFD_B	P01112	-0.901	-0.901,-0.901	6.91e-07,1.21e-06	3.16e-06,4.41e-06	RIM	ITC,IAFL	2		1LFD_A_B,4G0N_A_B,3KUD_A_B,1K8R_A_B,1HE8_A_B,1GUA_A_B,1C1Y_A_B	6
2812	1LFD_B_YB240F	YB240F	YB40F	1LFD	1LFD_B	P01112	-2.301	-2.301,-2.301	6.91e-07,1.21e-06	3.36e-05,3.09e-05	SUP	ITC,IAFL	2		1LFD_A_B,4G0N_A_B,3KUD_A_B,1K8R_A_B,1HE8_A_B,1GUA_A_B,1C1Y_A_B	6
2813	1LFD_B_SB239A	SB239A	SB39A	1LFD	1LFD_B	P01112	0.6	0.6,0.6	6.91e-07,1.21e-06	2.51e-07,2.8e-07	COR	ITC,IAFL	2		1LFD_A_B,4G0N_A_B,3KUD_A_B,1K8R_A_B,1HE8_A_B,1GUA_A_B,1C1Y_A_B	6
2814	1LFD_B_DB233A	DB233A	DB33A	1LFD	1LFD_B	P01112	-1.101	-1.101	6.91e-07	4.43e-06	RIM	ITC	2		1LFD_A_B,4G0N_A_B,3KUD_A_B,1K8R_A_B,1HE8_A_B,1GUA_A_B,1C1Y_A_B	6
2815	1LFD_B_QB225A	QB225A	QB25A	1LFD	1LFD_B	P01112	-0.901	-0.901	6.91e-07	3.16e-06	RIM	ITC	2		1LFD_A_B,4G0N_A_B,3KUD_A_B,1K8R_A_B,1HE8_A_B,1GUA_A_B,1C1Y_A_B	6
2816	1LFD_B_EB237A	EB237A	EB37A	1LFD	1LFD_B	P01112	-1.151	-1.151	1.21e-06	8.44e-06	COR	IAFL	2		1LFD_A_B,4G0N_A_B,3KUD_A_B,1K8R_A_B,1HE8_A_B,1GUA_A_B,1C1Y_A_B	6
2817	1LFD_B_VB229A	VB229A	VB29A	1LFD	1LFD_B	P01112	-0.478	-0.478	1.21e-06	2.71e-06	RIM	IAFL	2		1LFD_A_B,4G0N_A_B,3KUD_A_B,1K8R_A_B,1HE8_A_B,1GUA_A_B,1C1Y_A_B	6
2818	1LFD_B_EB263A	EB263A	EB63A	1LFD	1LFD_B	P01112	-0.286	-0.286	1.21e-06	1.96e-06	SUR	IAFL	2		1LFD_A_B,4G0N_A_B,3KUD_A_B,1K8R_A_B,1HE8_A_B,1GUA_A_B,1C1Y_A_B	6
2819	1LFD_B_EB262A	EB262A	EB62A	1LFD	1LFD_B	P01112	-0.191	-0.191	1.21e-06	1.67e-06	SUR	IAFL	2		1LFD_A_B,4G0N_A_B,3KUD_A_B,1K8R_A_B,1HE8_A_B,1GUA_A_B,1C1Y_A_B	6
2820	1LFD_B_YB240A	YB240A	YB40A	1LFD	1LFD_B	P01112	-3.555	-3.555	1.21e-06	0.000488	SUP	IAFL	2		1LFD_A_B,4G0N_A_B,3KUD_A_B,1K8R_A_B,1HE8_A_B,1GUA_A_B,1C1Y_A_B	6
2821	1LFD_B_YB232W	YB232W	YB32W	1LFD	1LFD_B	P01112	0.211	0.211	1e-06	7e-07	SUR	IAFL	2		1LFD_A_B,4G0N_A_B,3KUD_A_B,1K8R_A_B,1HE8_A_B,1GUA_A_B,1C1Y_A_B	6
2822	3KUD_B_NB71R	NB71R	NB16R	3KUD	3KUD_B	P04049	0.798	0.798	1.7e-06	4.42e-07	RIM	IAFL	2		4G0N_A_B,3KUD_A_B,1LFD_A_B,1GUA_A_B,1C1Y_A_B,1K8R_A_B,1HE8_A_B,1E96_A_B	6
2823	3KUD_B_KB85A	KB85A	KB30A	3KUD	3KUD_B	P04049	-1.954	-1.954	1.7e-06	4.6e-05	COR	IAFL	2		4G0N_A_B,3KUD_A_B,1LFD_A_B,1GUA_A_B,1C1Y_A_B,1K8R_A_B,1HE8_A_B,1E96_A_B	6
2824	5XCO_A_DA12G	DA12G	DA13G	5XCO	5XCO_A	P01116	-1.11	-1.11	8.9e-09	5.8e-08	SUR	SPR	2		5XCO_A_B,5TAR_A_B,2A9K_A_B	6
2825	5XCO_A_DA12C	DA12C	DA13C	5XCO	5XCO_A	P01116	-0.811	-0.811	8.9e-09	3.5e-08	SUR	SPR	2		5XCO_A_B,5TAR_A_B,2A9K_A_B	6
2826	5UFQ_A_DA12G	DA12G	DA12G	5UFQ	5UFQ_A	P01116	-1.221	-1.221,-1.221,-1.221	6.4e-09,4e-09,6.4e-09	5.03e-08,4.1e-08,5.03e-08	SUR	SP,BI	2		5UFE_A_B,5UFQ_A_C,1K8R_A_B,1HE8_A_B	6
2827	5UFQ_A_DA12V	DA12V	DA12V	5UFQ	5UFQ_A	P01116	-0.651	-0.651	4e-09	1.2e-08	SUR	BI	2		5UFE_A_B,5UFQ_A_C,1K8R_A_B,1HE8_A_B	6
2828	5UFQ_A_DA12C	DA12C	DA12C	5UFQ	5UFQ_A	P01116	-0.982	-0.982	4e-09	2.1e-08	SUR	BI	2		5UFE_A_B,5UFQ_A_C,1K8R_A_B,1HE8_A_B	6
2829	1GUA_B_KB84A	KB84A	KB29A	1GUA	1GUA_B	P04049	-1.999	-1.999	4.93e-07	1.44e-05	RIM	ITC	2		1GUA_A_B,1C1Y_A_B,4G0N_A_B,3KUD_A_B,1LFD_A_B,1K8R_A_B,1HE8_A_B	6
2830	1GUA_B_VB69A	VB69A	VB14A	1GUA	1GUA_B	P04049	-0.1	-0.1	4.93e-07	5.84e-07	COR	ITC	2		1GUA_A_B,1C1Y_A_B,4G0N_A_B,3KUD_A_B,1LFD_A_B,1K8R_A_B,1HE8_A_B	6
2831	1GUA_B_TB68A	TB68A	TB13A	1GUA	1GUA_B	P04049	-0.701	-0.701	4.93e-07	1.61e-06	SUP	ITC	2		1GUA_A_B,1C1Y_A_B,4G0N_A_B,3KUD_A_B,1LFD_A_B,1K8R_A_B,1HE8_A_B	6
2832	1GUA_B_QB66A	QB66A	QB11A	1GUA	1GUA_B	P04049	-0.1	-0.1	4.93e-07	5.84e-07	COR	ITC	2		1GUA_A_B,1C1Y_A_B,4G0N_A_B,3KUD_A_B,1LFD_A_B,1K8R_A_B,1HE8_A_B	6
2833	1GUA_B_KB65A	KB65A	KB10A	1GUA	1GUA_B	P04049	0.4	0.4	4.93e-07	2.51e-07	RIM	ITC	2		1GUA_A_B,1C1Y_A_B,4G0N_A_B,3KUD_A_B,1LFD_A_B,1K8R_A_B,1HE8_A_B	6
2834	1GUA_B_NB64A	NB64A	NB9A	1GUA	1GUA_B	P04049	0.4	0.4	4.93e-07	2.51e-07	RIM	ITC	2		1GUA_A_B,1C1Y_A_B,4G0N_A_B,3KUD_A_B,1LFD_A_B,1K8R_A_B,1HE8_A_B	6
2835	1GUA_B_RB59A	RB59A	RB4A	1GUA	1GUA_B	P04049	-1.001	-1.001	4.93e-07	2.67e-06	RIM	ITC	2		1GUA_A_B,1C1Y_A_B,4G0N_A_B,3KUD_A_B,1LFD_A_B,1K8R_A_B,1HE8_A_B	6
2836	1GUA_B_VB88A	VB88A	VB33A	1GUA	1GUA_B	P04049	-0.2	-0.2	4.93e-07	6.91e-07	COR	ITC	2		1GUA_A_B,1C1Y_A_B,4G0N_A_B,3KUD_A_B,1LFD_A_B,1K8R_A_B,1HE8_A_B	6
2837	1GUA_B_KB87A	KB87A	KB32A	1GUA	1GUA_B	P04049	-0.799	-0.799	4.93e-07	1.9e-06	RIM	ITC	2		1GUA_A_B,1C1Y_A_B,4G0N_A_B,3KUD_A_B,1LFD_A_B,1K8R_A_B,1HE8_A_B	6
2838	1K8R_A_DA38N	DA38N	DA38N	1K8R	1K8R_A	P01112	-1.896	-1.896	2.99e-07	7.34e-06	COR	IAFL	2		1K8R_A_B,4G0N_A_B,3KUD_A_B,1LFD_A_B,1HE8_A_B,5UFE_A_B,5UFQ_A_C,1GUA_A_B,1C1Y_A_B	6
2839	1K8R_A_DA38E	DA38E	DA38E	1K8R	1K8R_A	P01112	-3.438	-3.438	2.99e-07	9.9e-05	COR	IAFL	2		1K8R_A_B,4G0N_A_B,3KUD_A_B,1LFD_A_B,1HE8_A_B,5UFE_A_B,5UFQ_A_C,1GUA_A_B,1C1Y_A_B	6
2840	1K8R_A_DA38A	DA38A	DA38A	1K8R	1K8R_A	P01112	-1.712	-1.712	2.99e-07	5.38e-06	COR	IAFL	2		1K8R_A_B,4G0N_A_B,3KUD_A_B,1LFD_A_B,1HE8_A_B,5UFE_A_B,5UFQ_A_C,1GUA_A_B,1C1Y_A_B	6
2841	1K8R_A_EA37A	EA37A	EA37A	1K8R	1K8R_A	P01112	-0.306	-0.306	2.99e-07	5.01e-07	RIM	IAFL	2		1K8R_A_B,4G0N_A_B,3KUD_A_B,1LFD_A_B,1HE8_A_B,5UFE_A_B,5UFQ_A_C,1GUA_A_B,1C1Y_A_B	6
2842	1K8R_A_DA33A	DA33A	DA33A	1K8R	1K8R_A	P01112	-1.535	-1.535	2.99e-07	3.99e-06	RIM	IAFL	2		1K8R_A_B,4G0N_A_B,3KUD_A_B,1LFD_A_B,1HE8_A_B,5UFE_A_B,5UFQ_A_C,1GUA_A_B,1C1Y_A_B	6
2843	1K8R_A_EA31K	EA31K	EA31K	1K8R	1K8R_A	P01112	-0.171	-0.171	2.99e-07	3.99e-07	SUR	IAFL	2		1K8R_A_B,4G0N_A_B,3KUD_A_B,1LFD_A_B,1HE8_A_B,5UFE_A_B,5UFQ_A_C,1GUA_A_B,1C1Y_A_B	6
2844	1K8R_A_EA63A	EA63A	EA63A	1K8R	1K8R_A	P01112	-0.41	-0.41	2.99e-07	5.97e-07	SUR	IAFL	2		1K8R_A_B,4G0N_A_B,3KUD_A_B,1LFD_A_B,1HE8_A_B,5UFE_A_B,5UFQ_A_C,1GUA_A_B,1C1Y_A_B	6
2845	1K8R_A_EA62A	EA62A	EA62A	1K8R	1K8R_A	P01112	-0.41	-0.41	2.99e-07	5.97e-07	SUR	IAFL	2		1K8R_A_B,4G0N_A_B,3KUD_A_B,1LFD_A_B,1HE8_A_B,5UFE_A_B,5UFQ_A_C,1GUA_A_B,1C1Y_A_B	6
2846	1K8R_A_DA57A	DA57A	DA57A	1K8R	1K8R_A	P01112	-1.18	-1.18	2.99e-07	2.19e-06	INT	IAFL	2		1K8R_A_B,4G0N_A_B,3KUD_A_B,1LFD_A_B,1HE8_A_B,5UFE_A_B,5UFQ_A_C,1GUA_A_B,1C1Y_A_B	6
2847	1K8R_A_RA41A	RA41A	RA41A	1K8R	1K8R_A	P01112	-1.18	-1.18	2.99e-07	2.19e-06	COR	IAFL	2		1K8R_A_B,4G0N_A_B,3KUD_A_B,1LFD_A_B,1HE8_A_B,5UFE_A_B,5UFQ_A_C,1GUA_A_B,1C1Y_A_B	6
2848	1K8R_A_YA40F	YA40F	YA40F	1K8R	1K8R_A	P01112	-1.492	-1.492	2.99e-07	3.71e-06	SUP	IAFL	2		1K8R_A_B,4G0N_A_B,3KUD_A_B,1LFD_A_B,1HE8_A_B,5UFE_A_B,5UFQ_A_C,1GUA_A_B,1C1Y_A_B	6
2849	1K8R_A_YA40C	YA40C	YA40C	1K8R	1K8R_A	P01112	-3.438	-3.438	2.99e-07	9.9e-05	SUP	IAFL	2		1K8R_A_B,4G0N_A_B,3KUD_A_B,1LFD_A_B,1HE8_A_B,5UFE_A_B,5UFQ_A_C,1GUA_A_B,1C1Y_A_B	6
2850	1K8R_A_SA39A	SA39A	SA39A	1K8R	1K8R_A	P01112	-0.715	-0.715	2.99e-07	1e-06	COR	IAFL	2		1K8R_A_B,4G0N_A_B,3KUD_A_B,1LFD_A_B,1HE8_A_B,5UFE_A_B,5UFQ_A_C,1GUA_A_B,1C1Y_A_B	6
2851	3M62_B_VB69A	VB69A	VB67A	3M62	3M62_B	P32628	-1.138	-1.138	7e-08	4.78e-07	COR	ITC	2		3M62_A_B,3M63_A_B	6
2852	3M62_B_QB67A	QB67A	QB65A	3M62	3M62_B	P32628	-0.284	-0.284	7e-08	1.13e-07	RIM	ITC	2		3M62_A_B,3M63_A_B	6
2853	3M62_B_QB52A	QB52A	QB50A	3M62	3M62_B	P32628	-1.054	-1.054	7e-08	4.15e-07	RIM	ITC	2		3M62_A_B,3M63_A_B	6
2854	3M62_B_VB50A	VB50A	VB48A	3M62	3M62_B	P32628	-1.09	-1.09	7e-08	4.41e-07	RIM	ITC	2		3M62_A_B,3M63_A_B	6
2855	3M62_B_SB47A	SB47A	SB45A	3M62	3M62_B	P32628	-1.279	-1.279	7e-08	6.06e-07	COR	ITC	2		3M62_A_B,3M63_A_B	6
2856	3M62_B_IB45A	IB45A	IB43A	3M62	3M62_B	P32628	-2.884	-2.884	7e-08	9.1e-06	COR	ITC	2		3M62_A_B,3M63_A_B	6
2857	3M62_B_KB10A	KB10A	KB8A	3M62	3M62_B	P32628	-0.497	-0.497	7e-08	1.62e-07	SUR	ITC	2		3M62_A_B,3M63_A_B	6
2858	3M62_B_FB9A	FB9A	FB7A	3M62	3M62_B	P32628	-0.996	-0.996	7e-08	3.76e-07	RIM	ITC	2		3M62_A_B,3M63_A_B	6
2859	3M62_B_MB71A	MB71A	MB69A	3M62	3M62_B	P32628	-0.681	-0.681	7e-08	2.21e-07	COR	ITC	2		3M62_A_B,3M63_A_B	6
2860	1K8R_B_RB160A	RB160A	RB77A	1K8R	1K8R_B	P28829	-1.437	-1.437	2.99e-07	3.38e-06	COR	IAFL	2		1K8R_A_B,4G0N_A_B,3KUD_A_B,1LFD_A_B,1HE8_A_B,5UFE_A_B,5UFQ_A_C,1GUA_A_B,1C1Y_A_B	6
2861	1K8R_B_RB159A	RB159A	RB76A	1K8R	1K8R_B	P28829	-0.715	-0.715	2.99e-07	1e-06	SUR	IAFL	2		1K8R_A_B,4G0N_A_B,3KUD_A_B,1LFD_A_B,1HE8_A_B,5UFE_A_B,5UFQ_A_C,1GUA_A_B,1C1Y_A_B	6
2862	1K8R_B_KB101A	KB101A	KB31A	1K8R	1K8R_B	P28829	-2.728	-2.728	2.99e-07	2.99e-05	COR	IAFL	2		1K8R_A_B,4G0N_A_B,3KUD_A_B,1LFD_A_B,1HE8_A_B,5UFE_A_B,5UFQ_A_C,1GUA_A_B,1C1Y_A_B	6
2863	1K8R_B_KB93A	KB93A	KB23A	1K8R	1K8R_B	P28829	-0.587	-0.587	2.99e-07	8.05e-07	SUR	IAFL	2		1K8R_A_B,4G0N_A_B,3KUD_A_B,1LFD_A_B,1HE8_A_B,5UFE_A_B,5UFQ_A_C,1GUA_A_B,1C1Y_A_B	6
2864	1K8R_B_RB83A	RB83A	RB13A	1K8R	1K8R_B	P28829	-2.801	-2.801	2.99e-07	3.38e-05	COR	IAFL	2		1K8R_A_B,4G0N_A_B,3KUD_A_B,1LFD_A_B,1HE8_A_B,5UFE_A_B,5UFQ_A_C,1GUA_A_B,1C1Y_A_B	6
2865	1K8R_B_QB81A	QB81A	QB11A	1K8R	1K8R_B	P28829	-1.798	-1.798	2.99e-07	6.22e-06	COR	IAFL	2		1K8R_A_B,4G0N_A_B,3KUD_A_B,1LFD_A_B,1HE8_A_B,5UFE_A_B,5UFQ_A_C,1GUA_A_B,1C1Y_A_B	6
2866	3EG5_A_HA104F	HA104F	HA104F	3EG5	3EG5_A	P60766	2.085	2.085	1.25e-06	3.7e-08	COR	ITC	2		3EG5_A_B,1GRN_A_B,2REX_A_B,3Q3J_A_B	6
2867	5UFE_A_GA12D	GA12D	GA12D	5UFE	5UFE_A	P01116	1.221	1.221,1.221,1.221	5.03e-08,4.1e-08,5.03e-08	6.4e-09,4e-09,6.4e-09	SUR	SP,BI	2		5UFE_A_B,5UFQ_A_C,1K8R_A_B,1HE8_A_B	6
2868	5UFE_A_GA12V	GA12V	GA12V	5UFE	5UFE_A	P01116	0.728	0.728	4.1e-08	1.2e-08	SUR	BI	2		5UFE_A_B,5UFQ_A_C,1K8R_A_B,1HE8_A_B	6
2869	5UFE_A_GA12C	GA12C	GA12C	5UFE	5UFE_A	P01116	0.396	0.396	4.1e-08	2.1e-08	SUR	BI	2		5UFE_A_B,5UFQ_A_C,1K8R_A_B,1HE8_A_B	6
2870	5UFE_B_QB27R	QB27R	QB25R	5UFE	5UFE_B	Not Mapped	-0.292	-0.292	5.03e-08	8.24e-08	RIM	SP	2		5UFE_A_B,5UFQ_A_C,1K8R_A_B,1HE8_A_B	6
2871	2G2U_A_DA104K	DA104K	DA79K	2G2U	2G2U_A	P0AD64	0.453	0.453,0.453	1.25e-06,1.8e-06	5.82e-07,5.8e-07	COR	IASP	1		2G2U_A_B,2G2W_A_B,3N4I_A_B,1XXM_A_C,1S0W_A_C,1JTG_A_B,1JTD_A_B,3QHY_A_B	15
2872	2G2U_A_DA104E	DA104E	DA79E	2G2U	2G2U_A	P0AD64	4.384	4.384	1.8e-06	1.1e-09	COR	IASP	2		2G2U_A_B,2G2W_A_B,3N4I_A_B,1XXM_A_C,1S0W_A_C,1JTG_A_B,1JTD_A_B,3QHY_A_B	15
2873	2G2U_A_DA104A	DA104A	DA79A	2G2U	2G2U_A	P0AD64	1.543	1.543	1.8e-06	1.33e-07	COR	IASP	2		2G2U_A_B,2G2W_A_B,3N4I_A_B,1XXM_A_C,1S0W_A_C,1JTG_A_B,1JTD_A_B,3QHY_A_B	15
2874	2G2W_A_KA104D	KA104D	KA79D	2G2W	2G2W_A	P0AD64	-0.453	-0.453	5.82e-07	1.25e-06	RIM	IASP	1		2G2U_A_B,2G2W_A_B,3N4I_A_B,1XXM_A_C,1S0W_A_C,1JTG_A_B,1JTD_A_B,3QHY_A_B	15
2875	3QHY_B_LB91A	LB91A	LB51A	3QHY	3QHY_B	O87916	-0.816	-0.816	3e-13	1.19e-12	RIM	IASP	2		3QHY_A_B,1JTD_A_B,1XXM_A_C,1S0W_A_C,1JTG_A_B,2G2U_A_B,2G2W_A_B,3N4I_A_B	15
2876	3QHY_B_FB74A	FB74A	FB34A	3QHY	3QHY_B	O87916	-3.985	-3.985	3e-13	2.5e-10	SUP	IASP	2		3QHY_A_B,1JTD_A_B,1XXM_A_C,1S0W_A_C,1JTG_A_B,2G2U_A_B,2G2W_A_B,3N4I_A_B	15
2877	3QHY_B_YB73A	YB73A	YB33A	3QHY	3QHY_B	O87916	-2.903	-2.903	3e-13	4.03e-11	SUP	IASP	2		3QHY_A_B,1JTD_A_B,1XXM_A_C,1S0W_A_C,1JTG_A_B,2G2U_A_B,2G2W_A_B,3N4I_A_B	15
2878	3QHY_B_TB57A	TB57A	TB17A	3QHY	3QHY_B	O87916	-0.056	-0.056	3e-13	3.3e-13	RIM	IASP	2		3QHY_A_B,1JTD_A_B,1XXM_A_C,1S0W_A_C,1JTG_A_B,2G2U_A_B,2G2W_A_B,3N4I_A_B	15
2879	3QHY_B_WB53A	WB53A	WB13A	3QHY	3QHY_B	O87916	-2.864	-2.864	3e-13	3.77e-11	COR	IASP	2		3QHY_A_B,1JTD_A_B,1XXM_A_C,1S0W_A_C,1JTG_A_B,2G2U_A_B,2G2W_A_B,3N4I_A_B	15
2880	3QHY_B_DB52A	DB52A	DB12A	3QHY	3QHY_B	O87916	-2.255	-2.255	3e-13	1.35e-11	COR	IASP	2		3QHY_A_B,1JTD_A_B,1XXM_A_C,1S0W_A_C,1JTG_A_B,2G2U_A_B,2G2W_A_B,3N4I_A_B	15
2881	3QHY_B_NB50A	NB50A	NB10A	3QHY	3QHY_B	O87916	-2.255	-2.255	3e-13	1.35e-11	COR	IASP	2		3QHY_A_B,1JTD_A_B,1XXM_A_C,1S0W_A_C,1JTG_A_B,2G2U_A_B,2G2W_A_B,3N4I_A_B	15
2882	3QHY_B_WB269A	WB269A	WB229A	3QHY	3QHY_B	O87916	-5.433	-5.433	3e-13	2.88e-09	COR	IASP	2		3QHY_A_B,1JTD_A_B,1XXM_A_C,1S0W_A_C,1JTG_A_B,2G2U_A_B,2G2W_A_B,3N4I_A_B	15
2883	3QHY_B_EB268A	EB268A	EB228A	3QHY	3QHY_B	O87916	-3.013	-3.013	3e-13	4.85e-11	SUP	IASP	2		3QHY_A_B,1JTD_A_B,1XXM_A_C,1S0W_A_C,1JTG_A_B,2G2U_A_B,2G2W_A_B,3N4I_A_B	15
2884	3QHY_B_YB248A	YB248A	YB208A	3QHY	3QHY_B	O87916	-0.24	-0.24	3e-13	4.5e-13	RIM	IASP	2		3QHY_A_B,1JTD_A_B,1XXM_A_C,1S0W_A_C,1JTG_A_B,2G2U_A_B,2G2W_A_B,3N4I_A_B	15
2885	3QHY_B_FB230A	FB230A	FB190A	3QHY	3QHY_B	O87916	-3.075	-3.075	3e-13	5.39e-11	SUP	IASP	2		3QHY_A_B,1JTD_A_B,1XXM_A_C,1S0W_A_C,1JTG_A_B,2G2U_A_B,2G2W_A_B,3N4I_A_B	15
2886	3QHY_B_IB229A	IB229A	IB189A	3QHY	3QHY_B	O87916	-3.068	-3.068	3e-13	5.32e-11	SUP	IASP	2		3QHY_A_B,1JTD_A_B,1XXM_A_C,1S0W_A_C,1JTG_A_B,2G2U_A_B,2G2W_A_B,3N4I_A_B	15
2887	3QHY_B_FB209A	FB209A	FB169A	3QHY	3QHY_B	O87916	-2.062	-2.062	3e-13	9.75e-12	COR	IASP	2		3QHY_A_B,1JTD_A_B,1XXM_A_C,1S0W_A_C,1JTG_A_B,2G2U_A_B,2G2W_A_B,3N4I_A_B	15
2888	3QHY_B_YB208A	YB208A	YB168A	3QHY	3QHY_B	O87916	-1.743	-1.743	3e-13	5.69e-12	RIM	IASP	2		3QHY_A_B,1JTD_A_B,1XXM_A_C,1S0W_A_C,1JTG_A_B,2G2U_A_B,2G2W_A_B,3N4I_A_B	15
2889	3QHY_B_DB206A	DB206A	DB166A	3QHY	3QHY_B	O87916	-3.498	-3.498	3e-13	1.1e-10	SUP	IASP	2		3QHY_A_B,1JTD_A_B,1XXM_A_C,1S0W_A_C,1JTG_A_B,2G2U_A_B,2G2W_A_B,3N4I_A_B	15
2890	3QHY_B_YB191A	YB191A	YB151A	3QHY	3QHY_B	O87916	-3.424	-3.424	3e-13	9.7e-11	COR	IASP	2		3QHY_A_B,1JTD_A_B,1XXM_A_C,1S0W_A_C,1JTG_A_B,2G2U_A_B,2G2W_A_B,3N4I_A_B	15
2891	3QHY_B_DB170A	DB170A	DB130A	3QHY	3QHY_B	O87916	-0.961	-0.961	3e-13	1.52e-12	COR	IASP	2		3QHY_A_B,1JTD_A_B,1XXM_A_C,1S0W_A_C,1JTG_A_B,2G2U_A_B,2G2W_A_B,3N4I_A_B	15
2892	3QHY_B_SB169A	SB169A	SB129A	3QHY	3QHY_B	O87916	0.085	0.085	3e-13	2.6e-13	RIM	IASP	2		3QHY_A_B,1JTD_A_B,1XXM_A_C,1S0W_A_C,1JTG_A_B,2G2U_A_B,2G2W_A_B,3N4I_A_B	15
2893	3QHY_B_DB167A	DB167A	DB127A	3QHY	3QHY_B	O87916	-0.38	-0.38	3e-13	5.7e-13	SUP	IASP	2		3QHY_A_B,1JTD_A_B,1XXM_A_C,1S0W_A_C,1JTG_A_B,2G2U_A_B,2G2W_A_B,3N4I_A_B	15
2894	3QHY_B_WB152A	WB152A	WB112A	3QHY	3QHY_B	O87916	-3.79	-3.79	3e-13	1.8e-10	SUP	IASP	2		3QHY_A_B,1JTD_A_B,1XXM_A_C,1S0W_A_C,1JTG_A_B,2G2U_A_B,2G2W_A_B,3N4I_A_B	15
2895	3QHY_B_DB131A	DB131A	DB91A	3QHY	3QHY_B	O87916	-1.889	-1.889	3e-13	7.28e-12	RIM	IASP	2		3QHY_A_B,1JTD_A_B,1XXM_A_C,1S0W_A_C,1JTG_A_B,2G2U_A_B,2G2W_A_B,3N4I_A_B	15
2896	3QHY_B_YB113A	YB113A	YB73A	3QHY	3QHY_B	O87916	-0.801	-0.801	3e-13	1.16e-12	COR	IASP	2		3QHY_A_B,1JTD_A_B,1XXM_A_C,1S0W_A_C,1JTG_A_B,2G2U_A_B,2G2W_A_B,3N4I_A_B	15
2897	3QHY_B_NB112A	NB112A	NB72A	3QHY	3QHY_B	O87916	-1.606	-1.606	3e-13	4.51e-12	SUP	IASP	2		3QHY_A_B,1JTD_A_B,1XXM_A_C,1S0W_A_C,1JTG_A_B,2G2U_A_B,2G2W_A_B,3N4I_A_B	15
2898	3QHY_B_NB304A	NB304A	NB264A	3QHY	3QHY_B	O87916	-2.696	-2.696	3e-13	2.84e-11	SUP	IASP	2		3QHY_A_B,1JTD_A_B,1XXM_A_C,1S0W_A_C,1JTG_A_B,2G2U_A_B,2G2W_A_B,3N4I_A_B	15
2899	3QHY_B_RB286A	RB286A	RB246A	3QHY	3QHY_B	O87916	-0.535	-0.535	3e-13	7.4e-13	SUP	IASP	2		3QHY_A_B,1JTD_A_B,1XXM_A_C,1S0W_A_C,1JTG_A_B,2G2U_A_B,2G2W_A_B,3N4I_A_B	15
2900	1JTD_A_MA270A	MA270A	MA244A	1JTD	1JTD_A	P62593	-0.278	-0.278	1.5e-12	2.4e-12	COR	SFFL	2		1JTD_A_B,1XXM_A_C,1S0W_A_C,1JTG_A_B,3QHY_A_B,2G2U_A_B,2G2W_A_B,3N4I_A_B	15
2901	1JTD_A_VA216A	VA216A	VA190A	1JTD	1JTD_A	P62593	-0.038	-0.038	1.5e-12	1.6e-12	COR	SFFL	2		1JTD_A_B,1XXM_A_C,1S0W_A_C,1JTG_A_B,3QHY_A_B,2G2U_A_B,2G2W_A_B,3N4I_A_B	15
2902	1JTD_A_MA129A	MA129A	MA103A	1JTD	1JTD_A	P62593	-2.523	-2.523	1.5e-12	1.06e-10	COR	SFFL	2		1JTD_A_B,1XXM_A_C,1S0W_A_C,1JTG_A_B,3QHY_A_B,2G2U_A_B,2G2W_A_B,3N4I_A_B	15
2903	1JTD_A_KA111A	KA111A	KA85A	1JTD	1JTD_A	P62593	-2.145	-2.145	1.5e-12	5.6e-11	COR	SFFL	2		1JTD_A_B,1XXM_A_C,1S0W_A_C,1JTG_A_B,3QHY_A_B,2G2U_A_B,2G2W_A_B,3N4I_A_B	15
2904	1JTD_A_EA110A	EA110A	EA84A	1JTD	1JTD_A	P62593	-0.038	-0.038	1.5e-12	1.6e-12	COR	SFFL	2		1JTD_A_B,1XXM_A_C,1S0W_A_C,1JTG_A_B,3QHY_A_B,2G2U_A_B,2G2W_A_B,3N4I_A_B	15
2905	1JTD_A_PA107A	PA107A	PA81A	1JTD	1JTD_A	P62593	-1.734	-1.734	1.5e-12	2.8e-11	COR	SFFL	2		1JTD_A_B,1XXM_A_C,1S0W_A_C,1JTG_A_B,3QHY_A_B,2G2U_A_B,2G2W_A_B,3N4I_A_B	15
2906	1JTD_A_YA105A	YA105A	YA79A	1JTD	1JTD_A	P62593	-2.251	-2.251	1.5e-12	6.7e-11	COR	SFFL	2		1JTD_A_B,1XXM_A_C,1S0W_A_C,1JTG_A_B,3QHY_A_B,2G2U_A_B,2G2W_A_B,3N4I_A_B	15
2907	1JTD_A_EA104A	EA104A	EA78A	1JTD	1JTD_A	P62593	-0.841	-0.841	1.5e-12	6.2e-12	COR	SFFL	2		1JTD_A_B,1XXM_A_C,1S0W_A_C,1JTG_A_B,3QHY_A_B,2G2U_A_B,2G2W_A_B,3N4I_A_B	15
2908	1JTD_A_LA102A	LA102A	LA76A	1JTD	1JTD_A	P62593	-1.734	-1.734	1.5e-12	2.8e-11	COR	SFFL	2		1JTD_A_B,1XXM_A_C,1S0W_A_C,1JTG_A_B,3QHY_A_B,2G2U_A_B,2G2W_A_B,3N4I_A_B	15
2909	1JTD_A_NA100A	NA100A	NA74A	1JTD	1JTD_A	P62593	-0.801	-0.801	1.5e-12	5.8e-12	RIM	SFFL	2		1JTD_A_B,1XXM_A_C,1S0W_A_C,1JTG_A_B,3QHY_A_B,2G2U_A_B,2G2W_A_B,3N4I_A_B	15
2910	1JTD_A_QA99A	QA99A	QA73A	1JTD	1JTD_A	P62593	-0.519	-0.519	1.5e-12	3.6e-12	COR	SFFL	2		1JTD_A_B,1XXM_A_C,1S0W_A_C,1JTG_A_B,3QHY_A_B,2G2U_A_B,2G2W_A_B,3N4I_A_B	15
2911	1JTG_A_EA104A	EA104A	EA79A	1JTG	1JTG_A	P62593	-1.553	-1.553,-1.553,-1.553,-1.553	4.77e-09,4.77e-09,3.2e-09,2.3e-10	6.56e-08,9.43e-08,7e-08,2.52e-08	COR	SPR,IASP,SFFL	1		1XXM_A_C,1S0W_A_C,1JTG_A_B,2G2U_A_B,2G2W_A_B,3N4I_A_B,1JTD_A_B,3QHY_A_B	15
2912	1JTG_A_QA99A	QA99A	QA74A	1JTG	1JTG_A	P62593	-0.43	-0.43,-0.43	4.77e-09,2.3e-10	9.85e-09,6.22e-10	COR	SPR,SFFL	1		1XXM_A_C,1S0W_A_C,1JTG_A_B,2G2U_A_B,2G2W_A_B,3N4I_A_B,1JTD_A_B,3QHY_A_B	15
2913	1JTG_A_VA216A	VA216A	VA190A	1JTG	1JTG_A	P62593	0.407	0.407,0.407	4.77e-09,2.3e-10	2.4e-09,8.6e-11	COR	SPR,SFFL	1		1XXM_A_C,1S0W_A_C,1JTG_A_B,2G2U_A_B,2G2W_A_B,3N4I_A_B,1JTD_A_B,3QHY_A_B	15
2914	1JTG_A_MA129A	MA129A	MA104A	1JTG	1JTG_A	P62593	-0.739	-0.739,-0.739	4.77e-09,2.3e-10	1.66e-08,2.94e-09	COR	SPR,SFFL	1		1XXM_A_C,1S0W_A_C,1JTG_A_B,2G2U_A_B,2G2W_A_B,3N4I_A_B,1JTD_A_B,3QHY_A_B	15
2915	1JTG_A_EA110A	EA110A	EA85A	1JTG	1JTG_A	P62593	-4.062	-4.062,-4.062	4.77e-09,2.3e-10	4.53e-06,2.5e-11	COR	SPR,SFFL	1		1XXM_A_C,1S0W_A_C,1JTG_A_B,2G2U_A_B,2G2W_A_B,3N4I_A_B,1JTD_A_B,3QHY_A_B	15
2916	1JTG_A_PA107A	PA107A	PA82A	1JTG	1JTG_A	P62593	0.383	0.383,0.383	4.77e-09,2.3e-10	2.5e-09,3.43e-10	COR	SPR,SFFL	1		1XXM_A_C,1S0W_A_C,1JTG_A_B,2G2U_A_B,2G2W_A_B,3N4I_A_B,1JTD_A_B,3QHY_A_B	15
2917	1JTG_A_NA100A	NA100A	NA75A	1JTG	1JTG_A	P62593	0.456	0.456,0.456	4.77e-09,2.3e-10	2.21e-09,1.9e-11	RIM	SPR,SFFL	1		1XXM_A_C,1S0W_A_C,1JTG_A_B,2G2U_A_B,2G2W_A_B,3N4I_A_B,1JTD_A_B,3QHY_A_B	15
2918	1JTG_A_YA105A	YA105A	YA80A	1JTG	1JTG_A	P62593	0.168	0.168,0.168	4.77e-09,2.3e-10	3.59e-09,1.96e-10	COR	SPR,SFFL	1		1XXM_A_C,1S0W_A_C,1JTG_A_B,2G2U_A_B,2G2W_A_B,3N4I_A_B,1JTD_A_B,3QHY_A_B	15
2919	1JTG_A_KA234A	KA234A	KA208A	1JTG	1JTG_A	P62593	-1.417	-1.417,-1.417	6.83e-09,4.77e-09	7.47e-08,2.7e-08	INT	SPR	1		1XXM_A_C,1S0W_A_C,1JTG_A_B,2G2U_A_B,2G2W_A_B,3N4I_A_B,1JTD_A_B,3QHY_A_B	15
2920	1JTG_A_RA243A	RA243A	RA217A	1JTG	1JTG_A	P62593	-1.339	-1.339,-1.339	6.83e-09,4.77e-09	6.55e-08,4.04e-08	SUP	SPR	1		1XXM_A_C,1S0W_A_C,1JTG_A_B,2G2U_A_B,2G2W_A_B,3N4I_A_B,1JTD_A_B,3QHY_A_B	15
2921	1JTG_A_SA130A	SA130A	SA105A	1JTG	1JTG_A	P62593	-0.792	-0.792,-0.792	6.83e-09,4.77e-09	2.6e-08,8.38e-09	SUP	SPR	1		1XXM_A_C,1S0W_A_C,1JTG_A_B,2G2U_A_B,2G2W_A_B,3N4I_A_B,1JTD_A_B,3QHY_A_B	15
2922	1JTG_A_EA104K	EA104K	EA79K	1JTG	1JTG_A	P62593	-4.235	-4.235,-4.235	1.1e-10,3.2e-09	1.4e-07,1.4e-07	COR	IASP	1		1XXM_A_C,1S0W_A_C,1JTG_A_B,2G2U_A_B,2G2W_A_B,3N4I_A_B,1JTD_A_B,3QHY_A_B	15
2923	1JTG_A_SA235A	SA235A	SA209A	1JTG	1JTG_A	P62593	-1.239	-1.239	6.83e-09	5.53e-08	SUP	SPR	1		1XXM_A_C,1S0W_A_C,1JTG_A_B,2G2U_A_B,2G2W_A_B,3N4I_A_B,1JTD_A_B,3QHY_A_B	15
2924	1JTG_A_GA238S	GA238S	GA212S	1JTG	1JTG_A	P62593	0.268	0.268	1.1e-10	7e-11	SUP	IASP	1		1XXM_A_C,1S0W_A_C,1JTG_A_B,2G2U_A_B,2G2W_A_B,3N4I_A_B,1JTD_A_B,3QHY_A_B	15
2925	1JTG_A_PA107Q	PA107Q	PA82Q	1JTG	1JTG_A	P62593	-0.461	-0.461	2.8e-10	6.1e-10	COR	SPR,SFFL	2		1XXM_A_C,1S0W_A_C,1JTG_A_B,2G2U_A_B,2G2W_A_B,3N4I_A_B,1JTD_A_B,3QHY_A_B	15
2926	1JTG_A_RA240Y	RA240Y	RA214Y	1JTG	1JTG_A	P62593	0.143	0.143	2.8e-10	2.2e-10	RIM	SPR,SFFL	2		1XXM_A_C,1S0W_A_C,1JTG_A_B,2G2U_A_B,2G2W_A_B,3N4I_A_B,1JTD_A_B,3QHY_A_B	15
2927	1JTG_A_KA111N	KA111N	KA86N	1JTG	1JTG_A	P62593	-0.181	-0.181	2.8e-10	3.8e-10	COR	SPR,SFFL	2		1XXM_A_C,1S0W_A_C,1JTG_A_B,2G2U_A_B,2G2W_A_B,3N4I_A_B,1JTD_A_B,3QHY_A_B	15
2928	1JTG_A_EA168A	EA168A	EA143A	1JTG	1JTG_A	P62593	0.073	0.073	4.77e-09	4.22e-09	RIM	SPR	1		1XXM_A_C,1S0W_A_C,1JTG_A_B,2G2U_A_B,2G2W_A_B,3N4I_A_B,1JTD_A_B,3QHY_A_B	15
2929	1JTG_A_VA103A	VA103A	VA78A	1JTG	1JTG_A	P62593	-1.911	-1.911	4.77e-09	1.2e-07	SUP	SPR	1		1XXM_A_C,1S0W_A_C,1JTG_A_B,2G2U_A_B,2G2W_A_B,3N4I_A_B,1JTD_A_B,3QHY_A_B	15
2930	1JTG_A_EA239K	EA239K	EA213K	1JTG	1JTG_A	P62593	0.411	0.411	2.8e-10	1.4e-10	COR	SPR,SFFL	2		1XXM_A_C,1S0W_A_C,1JTG_A_B,2G2U_A_B,2G2W_A_B,3N4I_A_B,1JTD_A_B,3QHY_A_B	15
2931	1JTG_A_EA171K	EA171K	EA146K	1JTG	1JTG_A	P62593	0.61	0.61	2.8e-10	1e-10	RIM	SPR,SFFL	2		1XXM_A_C,1S0W_A_C,1JTG_A_B,2G2U_A_B,2G2W_A_B,3N4I_A_B,1JTD_A_B,3QHY_A_B	15
2932	1JTG_A_EA110G	EA110G	EA85G	1JTG	1JTG_A	P62593	0.913	0.913	2.8e-10	6e-11	COR	SPR,SFFL	2		1XXM_A_C,1S0W_A_C,1JTG_A_B,2G2U_A_B,2G2W_A_B,3N4I_A_B,1JTD_A_B,3QHY_A_B	15
2933	1JTG_A_EA110V	EA110V	EA85V	1JTG	1JTG_A	P62593	0.672	0.672	2.8e-10	9e-11	COR	SPR,SFFL	2		1XXM_A_C,1S0W_A_C,1JTG_A_B,2G2U_A_B,2G2W_A_B,3N4I_A_B,1JTD_A_B,3QHY_A_B	15
2934	1JTG_A_EA168G	EA168G	EA143G	1JTG	1JTG_A	P62593	0.17	0.17	2.8e-10	2.1e-10	RIM	SPR,SFFL	2		1XXM_A_C,1S0W_A_C,1JTG_A_B,2G2U_A_B,2G2W_A_B,3N4I_A_B,1JTD_A_B,3QHY_A_B	15
2935	1JTG_A_EA104D	EA104D	EA79D	1JTG	1JTG_A	P62593	-3.644	-3.644	3.2e-09	1.5e-06	COR	IASP	2		1XXM_A_C,1S0W_A_C,1JTG_A_B,2G2U_A_B,2G2W_A_B,3N4I_A_B,1JTD_A_B,3QHY_A_B	15
2936	1JTG_A_MA270A	MA270A	MA244A	1JTG	1JTG_A	P62593	0.051	0.051	2.3e-10	2.11e-10	COR	SFFL	2		1XXM_A_C,1S0W_A_C,1JTG_A_B,2G2U_A_B,2G2W_A_B,3N4I_A_B,1JTD_A_B,3QHY_A_B	15
2937	1JTG_A_KA111A	KA111A	KA86A	1JTG	1JTG_A	P62593	0.859	0.859	2.3e-10	5.4e-11	COR	SFFL	2		1XXM_A_C,1S0W_A_C,1JTG_A_B,2G2U_A_B,2G2W_A_B,3N4I_A_B,1JTD_A_B,3QHY_A_B	15
2938	1JTG_A_LA102A	LA102A	LA77A	1JTG	1JTG_A	P62593	-0.871	-0.871	2.3e-10	1e-09	COR	SFFL	2		1XXM_A_C,1S0W_A_C,1JTG_A_B,2G2U_A_B,2G2W_A_B,3N4I_A_B,1JTD_A_B,3QHY_A_B	15
2939	3N4I_A_EA104D	EA104D	EA79D	3N4I	3N4I_A	P0AD64	-4.384	-4.384	1.1e-09	1.8e-06	COR	IASP	2		2G2U_A_B,2G2W_A_B,3N4I_A_B,1XXM_A_C,1S0W_A_C,1JTG_A_B,1JTD_A_B,3QHY_A_B	15
2940	1JTD_B_DB206A	DB206A	DB168A	1JTD	1JTD_B	O87916	1.062	1.062	4.8e-13	8e-14	SUP	IASP	2		1JTD_A_B,1XXM_A_C,1S0W_A_C,1JTG_A_B,3QHY_A_B,2G2U_A_B,2G2W_A_B,3N4I_A_B	15
2941	1JTD_B_YB191A	YB191A	YB153A	1JTD	1JTD_B	O87916	-3.3	-3.3	4.8e-13	1.26e-10	COR	IASP	2		1JTD_A_B,1XXM_A_C,1S0W_A_C,1JTG_A_B,3QHY_A_B,2G2U_A_B,2G2W_A_B,3N4I_A_B	15
2942	1JTD_B_DB170A	DB170A	DB132A	1JTD	1JTD_B	O87916	0.549	0.549	4.8e-13	1.9e-13	COR	IASP	2		1JTD_A_B,1XXM_A_C,1S0W_A_C,1JTG_A_B,3QHY_A_B,2G2U_A_B,2G2W_A_B,3N4I_A_B	15
2943	1JTD_B_SB169A	SB169A	SB131A	1JTD	1JTD_B	O87916	-0.152	-0.152	4.8e-13	6.2e-13	RIM	IASP	2		1JTD_A_B,1XXM_A_C,1S0W_A_C,1JTG_A_B,3QHY_A_B,2G2U_A_B,2G2W_A_B,3N4I_A_B	15
2944	1JTD_B_DB167A	DB167A	DB129A	1JTD	1JTD_B	O87916	-0.961	-0.961	4.8e-13	2.43e-12	SUP	IASP	2		1JTD_A_B,1XXM_A_C,1S0W_A_C,1JTG_A_B,3QHY_A_B,2G2U_A_B,2G2W_A_B,3N4I_A_B	15
2945	1JTD_B_WB152A	WB152A	WB114A	1JTD	1JTD_B	O87916	-3.256	-3.256	4.8e-13	1.17e-10	SUP	IASP	2		1JTD_A_B,1XXM_A_C,1S0W_A_C,1JTG_A_B,3QHY_A_B,2G2U_A_B,2G2W_A_B,3N4I_A_B	15
2946	1JTD_B_DB131A	DB131A	DB93A	1JTD	1JTD_B	O87916	-1.99	-1.99	4.8e-13	1.38e-11	RIM	IASP	2		1JTD_A_B,1XXM_A_C,1S0W_A_C,1JTG_A_B,3QHY_A_B,2G2U_A_B,2G2W_A_B,3N4I_A_B	15
2947	1JTD_B_YB113A	YB113A	YB75A	1JTD	1JTD_B	O87916	-0.48	-0.48	4.8e-13	1.08e-12	COR	IASP	2		1JTD_A_B,1XXM_A_C,1S0W_A_C,1JTG_A_B,3QHY_A_B,2G2U_A_B,2G2W_A_B,3N4I_A_B	15
2948	1JTD_B_NB112A	NB112A	NB74A	1JTD	1JTD_B	O87916	-1.21	-1.21	4.8e-13	3.7e-12	SUP	IASP	2		1JTD_A_B,1XXM_A_C,1S0W_A_C,1JTG_A_B,3QHY_A_B,2G2U_A_B,2G2W_A_B,3N4I_A_B	15
2949	1JTD_B_LB91A	LB91A	LB53A	1JTD	1JTD_B	O87916	-0.667	-0.667	4.8e-13	1.48e-12	RIM	IASP	2		1JTD_A_B,1XXM_A_C,1S0W_A_C,1JTG_A_B,3QHY_A_B,2G2U_A_B,2G2W_A_B,3N4I_A_B	15
2950	1JTD_B_FB74A	FB74A	FB36A	1JTD	1JTD_B	O87916	-2.551	-2.551	4.8e-13	3.56e-11	SUP	IASP	2		1JTD_A_B,1XXM_A_C,1S0W_A_C,1JTG_A_B,3QHY_A_B,2G2U_A_B,2G2W_A_B,3N4I_A_B	15
2951	1JTD_B_YB73A	YB73A	YB35A	1JTD	1JTD_B	O87916	-3.152	-3.152	4.8e-13	9.81e-11	SUP	IASP	2		1JTD_A_B,1XXM_A_C,1S0W_A_C,1JTG_A_B,3QHY_A_B,2G2U_A_B,2G2W_A_B,3N4I_A_B	15
2952	1JTD_B_TB57A	TB57A	TB19A	1JTD	1JTD_B	O87916	-0.295	-0.295	4.8e-13	7.9e-13	RIM	IASP	2		1JTD_A_B,1XXM_A_C,1S0W_A_C,1JTG_A_B,3QHY_A_B,2G2U_A_B,2G2W_A_B,3N4I_A_B	15
2953	1JTD_B_WB53A	WB53A	WB15A	1JTD	1JTD_B	O87916	-1.393	-1.393	4.8e-13	5.04e-12	COR	IASP	2		1JTD_A_B,1XXM_A_C,1S0W_A_C,1JTG_A_B,3QHY_A_B,2G2U_A_B,2G2W_A_B,3N4I_A_B	15
2954	1JTD_B_DB52A	DB52A	DB14A	1JTD	1JTD_B	O87916	-1.508	-1.508	4.8e-13	6.12e-12	COR	IASP	2		1JTD_A_B,1XXM_A_C,1S0W_A_C,1JTG_A_B,3QHY_A_B,2G2U_A_B,2G2W_A_B,3N4I_A_B	15
2955	1JTD_B_NB50A	NB50A	NB12A	1JTD	1JTD_B	O87916	-1.302	-1.302	4.8e-13	4.32e-12	COR	IASP	2		1JTD_A_B,1XXM_A_C,1S0W_A_C,1JTG_A_B,3QHY_A_B,2G2U_A_B,2G2W_A_B,3N4I_A_B	15
2956	1JTD_B_NB304A	NB304A	NB266A	1JTD	1JTD_B	O87916	-2.67	-2.67	4.8e-13	4.35e-11	SUP	IASP	2		1JTD_A_B,1XXM_A_C,1S0W_A_C,1JTG_A_B,3QHY_A_B,2G2U_A_B,2G2W_A_B,3N4I_A_B	15
2957	1JTD_B_RB286A	RB286A	RB248A	1JTD	1JTD_B	O87916	-0.888	-0.888	4.8e-13	2.15e-12	SUP	IASP	2		1JTD_A_B,1XXM_A_C,1S0W_A_C,1JTG_A_B,3QHY_A_B,2G2U_A_B,2G2W_A_B,3N4I_A_B	15
2958	1JTD_B_WB269A	WB269A	WB231A	1JTD	1JTD_B	O87916	-5.812	-5.812	4.8e-13	8.74e-09	COR	IASP	2		1JTD_A_B,1XXM_A_C,1S0W_A_C,1JTG_A_B,3QHY_A_B,2G2U_A_B,2G2W_A_B,3N4I_A_B	15
2959	1JTD_B_EB268A	EB268A	EB230A	1JTD	1JTD_B	O87916	-1.85	-1.85	4.8e-13	1.09e-11	SUP	IASP	2		1JTD_A_B,1XXM_A_C,1S0W_A_C,1JTG_A_B,3QHY_A_B,2G2U_A_B,2G2W_A_B,3N4I_A_B	15
2960	1JTD_B_YB248A	YB248A	YB210A	1JTD	1JTD_B	O87916	-0.824	-0.824	4.8e-13	1.93e-12	RIM	IASP	2		1JTD_A_B,1XXM_A_C,1S0W_A_C,1JTG_A_B,3QHY_A_B,2G2U_A_B,2G2W_A_B,3N4I_A_B	15
2961	1JTD_B_FB230A	FB230A	FB192A	1JTD	1JTD_B	O87916	-3.962	-3.962	4.8e-13	3.85e-10	SUP	IASP	2		1JTD_A_B,1XXM_A_C,1S0W_A_C,1JTG_A_B,3QHY_A_B,2G2U_A_B,2G2W_A_B,3N4I_A_B	15
2962	1JTD_B_IB229A	IB229A	IB191A	1JTD	1JTD_B	O87916	-2.89	-2.89	4.8e-13	6.31e-11	SUP	IASP	2		1JTD_A_B,1XXM_A_C,1S0W_A_C,1JTG_A_B,3QHY_A_B,2G2U_A_B,2G2W_A_B,3N4I_A_B	15
2963	1JTD_B_FB209A	FB209A	FB171A	1JTD	1JTD_B	O87916	-2.201	-2.201	4.8e-13	1.97e-11	COR	IASP	2		1JTD_A_B,1XXM_A_C,1S0W_A_C,1JTG_A_B,3QHY_A_B,2G2U_A_B,2G2W_A_B,3N4I_A_B	15
2964	1JTD_B_YB208A	YB208A	YB170A	1JTD	1JTD_B	O87916	-2.027	-2.027	4.8e-13	1.47e-11	RIM	IASP	2		1JTD_A_B,1XXM_A_C,1S0W_A_C,1JTG_A_B,3QHY_A_B,2G2U_A_B,2G2W_A_B,3N4I_A_B	15
2965	2G2U_B_EB73M	EB73M	EB73M	2G2U	2G2U_B	P35804	3.536	3.536,3.536	1.72e-06,1.8e-06	4.4e-09,2.8e-08	COR	IASP	1		2G2U_A_B,2G2W_A_B,3N4I_A_B,1XXM_A_C,1S0W_A_C,1JTG_A_B,1JTD_A_B,3QHY_A_B	15
2966	2G2U_B_SB71A	SB71A	SB71A	2G2U	2G2U_B	P35804	0.512	0.512	1.13e-06	4.76e-07	SUP	IASP	1		2G2U_A_B,2G2W_A_B,3N4I_A_B,1XXM_A_C,1S0W_A_C,1JTG_A_B,1JTD_A_B,3QHY_A_B	15
2967	2G2U_B_YB53A	YB53A	YB53A	2G2U	2G2U_B	P35804	-2.302	-2.302	1.13e-06	5.5e-05	SUP	IASP	1		2G2U_A_B,2G2W_A_B,3N4I_A_B,1XXM_A_C,1S0W_A_C,1JTG_A_B,1JTD_A_B,3QHY_A_B	15
2968	2G2U_B_YB51A	YB51A	YB51A	2G2U	2G2U_B	P35804	0.629	0.629	1.13e-06	3.91e-07	COR	IASP	1		2G2U_A_B,2G2W_A_B,3N4I_A_B,1XXM_A_C,1S0W_A_C,1JTG_A_B,1JTD_A_B,3QHY_A_B	15
2969	2G2U_B_YB50A	YB50A	YB50A	2G2U	2G2U_B	P35804	2.076	2.076	1.13e-06	3.4e-08	COR	IASP	1		2G2U_A_B,2G2W_A_B,3N4I_A_B,1XXM_A_C,1S0W_A_C,1JTG_A_B,1JTD_A_B,3QHY_A_B	15
2970	2G2U_B_GB48A	GB48A	GB48A	2G2U	2G2U_B	P35804	0.427	0.427	1.13e-06	5.5e-07	COR	IASP	1		2G2U_A_B,2G2W_A_B,3N4I_A_B,1XXM_A_C,1S0W_A_C,1JTG_A_B,1JTD_A_B,3QHY_A_B	15
2971	2G2U_B_HB41A	HB41A	HB41A	2G2U	2G2U_B	P35804	-1.717	-1.717	1.13e-06	2.05e-05	SUP	IASP	1		2G2U_A_B,2G2W_A_B,3N4I_A_B,1XXM_A_C,1S0W_A_C,1JTG_A_B,1JTD_A_B,3QHY_A_B	15
2972	2G2U_B_SB39A	SB39A	SB39A	2G2U	2G2U_B	P35804	0.956	0.956	1.13e-06	2.25e-07	SUP	IASP	1		2G2U_A_B,2G2W_A_B,3N4I_A_B,1XXM_A_C,1S0W_A_C,1JTG_A_B,1JTD_A_B,3QHY_A_B	15
2973	2G2U_B_FB36A	FB36A	FB36A	2G2U	2G2U_B	P35804	-2.764	-2.764	1.13e-06	0.00012	COR	IASP	1		2G2U_A_B,2G2W_A_B,3N4I_A_B,1XXM_A_C,1S0W_A_C,1JTG_A_B,1JTD_A_B,3QHY_A_B	15
2974	2G2U_B_SB35A	SB35A	SB35A	2G2U	2G2U_B	P35804	0.951	0.951	1.13e-06	2.27e-07	RIM	IASP	1		2G2U_A_B,2G2W_A_B,3N4I_A_B,1XXM_A_C,1S0W_A_C,1JTG_A_B,1JTD_A_B,3QHY_A_B	15
2975	2G2U_B_EB31A	EB31A	EB31A	2G2U	2G2U_B	P35804	-0.651	-0.651	1.13e-06	3.39e-06	RIM	IASP	1		2G2U_A_B,2G2W_A_B,3N4I_A_B,1XXM_A_C,1S0W_A_C,1JTG_A_B,1JTD_A_B,3QHY_A_B	15
2976	2G2U_B_WB150A	WB150A	WB150A	2G2U	2G2U_B	P35804	-1.785	-1.785	1.13e-06	2.3e-05	COR	IASP	1		2G2U_A_B,2G2W_A_B,3N4I_A_B,1XXM_A_C,1S0W_A_C,1JTG_A_B,1JTD_A_B,3QHY_A_B	15
2977	2G2U_B_HB148A	HB148A	HB148A	2G2U	2G2U_B	P35804	-1.119	-1.119	1.13e-06	7.47e-06	SUP	IASP	1		2G2U_A_B,2G2W_A_B,3N4I_A_B,1XXM_A_C,1S0W_A_C,1JTG_A_B,1JTD_A_B,3QHY_A_B	15
2978	2G2U_B_RB144A	RB144A	RB144A	2G2U	2G2U_B	P35804	0.342	0.342	1.13e-06	6.34e-07	RIM	IASP	1		2G2U_A_B,2G2W_A_B,3N4I_A_B,1XXM_A_C,1S0W_A_C,1JTG_A_B,1JTD_A_B,3QHY_A_B	15
2979	2G2U_B_YB143A	YB143A	YB143A	2G2U	2G2U_B	P35804	1.847	1.847	1.13e-06	5e-08	COR	IASP	1		2G2U_A_B,2G2W_A_B,3N4I_A_B,1XXM_A_C,1S0W_A_C,1JTG_A_B,1JTD_A_B,3QHY_A_B	15
2980	2G2U_B_FB142A	FB142A	FB142A	2G2U	2G2U_B	P35804	-0.276	-0.276	1.13e-06	1.8e-06	COR	IASP	1		2G2U_A_B,2G2W_A_B,3N4I_A_B,1XXM_A_C,1S0W_A_C,1JTG_A_B,1JTD_A_B,3QHY_A_B	15
2981	2G2U_B_GB141A	GB141A	GB141A	2G2U	2G2U_B	P35804	0.414	0.414	1.13e-06	5.62e-07	SUP	IASP	1		2G2U_A_B,2G2W_A_B,3N4I_A_B,1XXM_A_C,1S0W_A_C,1JTG_A_B,1JTD_A_B,3QHY_A_B	15
2982	2G2U_B_SB113A	SB113A	SB113A	2G2U	2G2U_B	P35804	0.612	0.612	1.13e-06	4.02e-07	SUP	IASP	1		2G2U_A_B,2G2W_A_B,3N4I_A_B,1XXM_A_C,1S0W_A_C,1JTG_A_B,1JTD_A_B,3QHY_A_B	15
2983	2G2U_B_WB112A	WB112A	WB112A	2G2U	2G2U_B	P35804	-0.959	-0.959	1.13e-06	5.7e-06	COR	IASP	1		2G2U_A_B,2G2W_A_B,3N4I_A_B,1XXM_A_C,1S0W_A_C,1JTG_A_B,1JTD_A_B,3QHY_A_B	15
2984	2G2U_B_KB74A	KB74A	KB74A	2G2U	2G2U_B	P35804	0.217	0.217	1.13e-06	7.83e-07	SUP	IASP	1		2G2U_A_B,2G2W_A_B,3N4I_A_B,1XXM_A_C,1S0W_A_C,1JTG_A_B,1JTD_A_B,3QHY_A_B	15
2985	2G2U_B_EB73A	EB73A	EB73A	2G2U	2G2U_B	P35804	1.979	1.979	1.13e-06	4e-08	COR	IASP	1		2G2U_A_B,2G2W_A_B,3N4I_A_B,1XXM_A_C,1S0W_A_C,1JTG_A_B,1JTD_A_B,3QHY_A_B	15
2986	2G2U_B_SB130K	SB130K	SB130K	2G2U	2G2U_B	P35804	1.469	1.469	1.72e-06	1.44e-07	INT	IASP	1		2G2U_A_B,2G2W_A_B,3N4I_A_B,1XXM_A_C,1S0W_A_C,1JTG_A_B,1JTD_A_B,3QHY_A_B	15
2987	2G2U_B_WB162A	WB162A	WB162A	2G2U	2G2U_B	P35804	-0.531	-0.531	1.13e-06	2.77e-06	COR	IASP	1		2G2U_A_B,2G2W_A_B,3N4I_A_B,1XXM_A_C,1S0W_A_C,1JTG_A_B,1JTD_A_B,3QHY_A_B	15
2988	2G2U_B_RB160A	RB160A	RB160A	2G2U	2G2U_B	P35804	-0.67	-0.67	1.13e-06	3.5e-06	RIM	IASP	1		2G2U_A_B,2G2W_A_B,3N4I_A_B,1XXM_A_C,1S0W_A_C,1JTG_A_B,1JTD_A_B,3QHY_A_B	15
2989	1JTG_B_DB49A	DB49A	DB49A	1JTG	1JTG_B	P35804	-2.561	-2.561,-2.561,-2.561,-2.561,-2.561,-2.561,-2.561,-2.561	1.1e-10,6.83e-09,4.77e-09,4.77e-09,5e-10,1.11e-10,1.11e-10,1.11e-10	8.3e-09,1.46e-07,9.82e-08,8.03e-08,2e-08,2.63e-08,1.96e-08,1.49e-08	COR	ITC,IASP,SPR	1		1XXM_A_C,1S0W_A_C,1JTG_A_B,2G2U_A_B,2G2W_A_B,3N4I_A_B,1JTD_A_B,3QHY_A_B	15
2990	1JTG_B_FB142A	FB142A	FB142A	1JTG	1JTG_B	P35804	-3.379	-3.379,-3.379,-3.379,-3.379,-3.379,-3.379,-3.379	1.1e-10,4.77e-09,4.77e-09,5e-10,1.11e-10,1.11e-10,1.11e-10	3.3e-08,1.66e-07,3.29e-07,1.6e-08,2.63e-08,3.85e-08,2.63e-08	COR	ITC,IASP,SPR	1		1XXM_A_C,1S0W_A_C,1JTG_A_B,2G2U_A_B,2G2W_A_B,3N4I_A_B,1JTD_A_B,3QHY_A_B	15
2991	1JTG_B_KB74A	KB74A	KB74A	1JTG	1JTG_B	P35804	-3.56	-3.56,-3.56,-3.56,-3.56,-3.56,-3.56	4.77e-09,4.77e-09,5e-10,1.11e-10,1.11e-10,1.11e-10	1.94e-06,3.03e-06,4.6e-08,9.09e-08,1.11e-07,6.25e-08	SUP	ITC,SPR,IASP	1		1XXM_A_C,1S0W_A_C,1JTG_A_B,2G2U_A_B,2G2W_A_B,3N4I_A_B,1JTD_A_B,3QHY_A_B	15
2992	1JTG_B_HB41A	HB41A	HB41A	1JTG	1JTG_B	P35804	-3.25	-3.25,-3.25,-3.25,-3.25,-3.25	4.77e-09,5e-10,1.11e-10,1.11e-10,1.11e-10	1.15e-06,3.4e-08,3.85e-08,5.26e-08,1.25e-07	SUP	ITC,SPR,IASP	1		1XXM_A_C,1S0W_A_C,1JTG_A_B,2G2U_A_B,2G2W_A_B,3N4I_A_B,1JTD_A_B,3QHY_A_B	15
2993	1JTG_B_WB112A	WB112A	WB112A	1JTG	1JTG_B	P35804	-3.011	-3.011,-3.011,-3.011,-3.011,-3.011	4.77e-09,5e-10,1.11e-10,1.11e-10,1.11e-10	7.68e-07,1.3e-08,3.57e-08,2.5e-08,1.56e-08	COR	ITC,SPR,IASP	1		1XXM_A_C,1S0W_A_C,1JTG_A_B,2G2U_A_B,2G2W_A_B,3N4I_A_B,1JTD_A_B,3QHY_A_B	15
2994	1JTG_B_HB148A	HB148A	HB148A	1JTG	1JTG_B	P35804	-2.748	-2.748,-2.748,-2.748,-2.748,-2.748	4.77e-09,5e-10,1.11e-10,1.11e-10,1.11e-10	4.93e-07,2.1e-08,6.94e-09,5e-08,7.69e-08	SUP	ITC,SPR,IASP	1		1XXM_A_C,1S0W_A_C,1JTG_A_B,2G2U_A_B,2G2W_A_B,3N4I_A_B,1JTD_A_B,3QHY_A_B	15
2995	1JTG_B_WB150A	WB150A	WB150A	1JTG	1JTG_B	P35804	-4.254	-4.254,-4.254,-4.254,-4.254,-4.254	4.77e-09,5e-10,1.11e-10,1.11e-10,1.11e-10	6.26e-06,1.84e-07,5e-07,2.5e-07,5e-07	COR	ITC,SPR,IASP	1		1XXM_A_C,1S0W_A_C,1JTG_A_B,2G2U_A_B,2G2W_A_B,3N4I_A_B,1JTD_A_B,3QHY_A_B	15
2996	1JTG_B_YB53A	YB53A	YB53A	1JTG	1JTG_B	P35804	-2.077	-2.077,-2.077,-2.077,-2.077,-2.077	4.77e-09,5e-10,1.11e-10,1.11e-10,1.11e-10	1.59e-07,2.1e-08,2.5e-08,7.14e-08,3.45e-08	SUP	ITC,SPR,IASP	1		1XXM_A_C,1S0W_A_C,1JTG_A_B,2G2U_A_B,2G2W_A_B,3N4I_A_B,1JTD_A_B,3QHY_A_B	15
2997	1JTG_B_FB36A	FB36A	FB36A	1JTG	1JTG_B	P35804	-3.201	-3.201,-3.201,-3.201,-3.201,-3.201	4.77e-09,5e-10,1.11e-10,1.11e-10,1.11e-10	1.06e-06,4e-08,7.14e-08,4.76e-08,1.89e-08	COR	ITC,SPR,IASP	1		1XXM_A_C,1S0W_A_C,1JTG_A_B,2G2U_A_B,2G2W_A_B,3N4I_A_B,1JTD_A_B,3QHY_A_B	15
2998	1JTG_B_RB160A	RB160A	RB160A	1JTG	1JTG_B	P35804	-2.222	-2.222,-2.222,-2.222,-2.222,-2.222	4.77e-09,5e-10,1.11e-10,1.11e-10,1.11e-10	2.03e-07,1.1e-08,4.76e-08,2.7e-08,2.94e-08	RIM	ITC,SPR,IASP	1		1XXM_A_C,1S0W_A_C,1JTG_A_B,2G2U_A_B,2G2W_A_B,3N4I_A_B,1JTD_A_B,3QHY_A_B	15
2999	1JTG_B_YB50A	YB50A	YB50A	1JTG	1JTG_B	P35804	0.407	0.407,0.407,0.407,0.407	4.77e-09,5e-10,1.11e-10,1.11e-10	2.4e-09,1.1e-11,3.33e-12,3.1e-12	COR	ITC,SPR,IASP	1		1XXM_A_C,1S0W_A_C,1JTG_A_B,2G2U_A_B,2G2W_A_B,3N4I_A_B,1JTD_A_B,3QHY_A_B	15
3000	1JTG_B_YB143A	YB143A	YB143A	1JTG	1JTG_B	P35804	-0.382	-0.382,-0.382,-0.382,-0.382	4.77e-09,5e-10,1.11e-10,1.11e-10	9.09e-09,6e-10,5e-10,1.54e-09	COR	ITC,SPR,IASP	1		1XXM_A_C,1S0W_A_C,1JTG_A_B,2G2U_A_B,2G2W_A_B,3N4I_A_B,1JTD_A_B,3QHY_A_B	15
3001	1JTG_B_YB51A	YB51A	YB51A	1JTG	1JTG_B	P35804	0.0	0.0,0.0,0.0,0.0	5e-10,1.11e-10,1.11e-10,1.11e-10	5e-10,7.63e-10,6.67e-10,6.41e-10	COR	ITC,IASP	2		1XXM_A_C,1S0W_A_C,1JTG_A_B,2G2U_A_B,2G2W_A_B,3N4I_A_B,1JTD_A_B,3QHY_A_B	15
3002	1JTG_B_SB113A	SB113A	SB113A	1JTG	1JTG_B	P35804	0.168	0.168,0.168,0.168	4.77e-09,5e-10,1.11e-10	3.59e-09,1.1e-10,4.78e-11	COR	ITC,SPR,IASP	1		1XXM_A_C,1S0W_A_C,1JTG_A_B,2G2U_A_B,2G2W_A_B,3N4I_A_B,1JTD_A_B,3QHY_A_B	15
3003	1JTG_B_SB71A	SB71A	SB71A	1JTG	1JTG_B	P35804	-0.358	-0.358,-0.358,-0.358	4.77e-09,5e-10,1.11e-10	8.73e-09,2e-10,3.01e-10	SUP	ITC,SPR,IASP	1		1XXM_A_C,1S0W_A_C,1JTG_A_B,2G2U_A_B,2G2W_A_B,3N4I_A_B,1JTD_A_B,3QHY_A_B	15
3004	1JTG_B_GB48A	GB48A	GB48A	1JTG	1JTG_B	P35804	-0.199	-0.199,-0.199,-0.199	5e-10,1.11e-10,1.11e-10	7e-10,1e-09,2.94e-09	COR	ITC,IASP	2		1XXM_A_C,1S0W_A_C,1JTG_A_B,2G2U_A_B,2G2W_A_B,3N4I_A_B,1JTD_A_B,3QHY_A_B	15
3005	1JTG_B_RB144A	RB144A	RB144A	1JTG	1JTG_B	P35804	-0.108	-0.108,-0.108	5e-10,1.11e-10	6e-10,8.17e-10	RIM	ITC,IASP	2		1XXM_A_C,1S0W_A_C,1JTG_A_B,2G2U_A_B,2G2W_A_B,3N4I_A_B,1JTD_A_B,3QHY_A_B	15
3006	1JTG_B_GB141A	GB141A	GB141A	1JTG	1JTG_B	P35804	-0.759	-0.759,-0.759	5e-10,1.11e-10	1.8e-09,2.61e-09	COR	ITC,IASP	2		1XXM_A_C,1S0W_A_C,1JTG_A_B,2G2U_A_B,2G2W_A_B,3N4I_A_B,1JTD_A_B,3QHY_A_B	15
3007	1JTG_B_EB73A	EB73A	EB73A	1JTG	1JTG_B	P35804	0.132	0.132,0.132	5e-10,1.11e-10	4e-10,5.86e-10	COR	ITC,IASP	2		1XXM_A_C,1S0W_A_C,1JTG_A_B,2G2U_A_B,2G2W_A_B,3N4I_A_B,1JTD_A_B,3QHY_A_B	15
3008	1JTG_B_SB39A	SB39A	SB39A	1JTG	1JTG_B	P35804	0.303	0.303,0.303	5e-10,1.11e-10	3e-10,2.01e-10	SUP	ITC,IASP	2		1XXM_A_C,1S0W_A_C,1JTG_A_B,2G2U_A_B,2G2W_A_B,3N4I_A_B,1JTD_A_B,3QHY_A_B	15
3009	1JTG_B_WB162A	WB162A	WB162A	1JTG	1JTG_B	P35804	-2.341	-2.341,-2.341	4.77e-09,5e-10	2.48e-07,2e-08	COR	SPR,IASP	1		1XXM_A_C,1S0W_A_C,1JTG_A_B,2G2U_A_B,2G2W_A_B,3N4I_A_B,1JTD_A_B,3QHY_A_B	15
3010	1JTG_B_DB163K	DB163K	DB163K	1JTG	1JTG_B	P35804	1.983	1.983	1.25e-09	4.4e-11	RIM	SFFL	1		1XXM_A_C,1S0W_A_C,1JTG_A_B,2G2U_A_B,2G2W_A_B,3N4I_A_B,1JTD_A_B,3QHY_A_B	15
3011	1JTG_B_DB163A	DB163A	DB163A	1JTG	1JTG_B	P35804	1.341	1.341	1.25e-09	1.3e-10	RIM	SFFL	1		1XXM_A_C,1S0W_A_C,1JTG_A_B,2G2U_A_B,2G2W_A_B,3N4I_A_B,1JTD_A_B,3QHY_A_B	15
3012	1JTG_B_NB89K	NB89K	NB89K	1JTG	1JTG_B	P35804	0.455	0.455	1.25e-09	5.8e-10	SUR	SFFL	1		1XXM_A_C,1S0W_A_C,1JTG_A_B,2G2U_A_B,2G2W_A_B,3N4I_A_B,1JTD_A_B,3QHY_A_B	15
3013	1JTG_B_TB140K	TB140K	TB140K	1JTG	1JTG_B	P35804	0.014	0.014	1.25e-09	1.22e-09	RIM	SFFL	1		1XXM_A_C,1S0W_A_C,1JTG_A_B,2G2U_A_B,2G2W_A_B,3N4I_A_B,1JTD_A_B,3QHY_A_B	15
3014	1JTG_B_VB93K	VB93K	VB93K	1JTG	1JTG_B	P35804	0.476	0.476	1.25e-09	5.6e-10	SUR	SFFL	1		1XXM_A_C,1S0W_A_C,1JTG_A_B,2G2U_A_B,2G2W_A_B,3N4I_A_B,1JTD_A_B,3QHY_A_B	15
3015	1JTG_B_TB32K	TB32K	TB32K	1JTG	1JTG_B	P35804	-0.199	-0.199	1.25e-09	1.75e-09	SUR	SFFL	1		1XXM_A_C,1S0W_A_C,1JTG_A_B,2G2U_A_B,2G2W_A_B,3N4I_A_B,1JTD_A_B,3QHY_A_B	15
3016	1JTG_B_EB73M	EB73M	EB73M	1JTG	1JTG_B	P35804	-0.505	-0.505	3.2e-09	7.5e-09	COR	IASP	2		1XXM_A_C,1S0W_A_C,1JTG_A_B,2G2U_A_B,2G2W_A_B,3N4I_A_B,1JTD_A_B,3QHY_A_B	15
3017	1JTG_B_SB35A	SB35A	SB35A	1JTG	1JTG_B	P35804	0.0	0.0	5e-10	5e-10	RIM	IASP	2		1XXM_A_C,1S0W_A_C,1JTG_A_B,2G2U_A_B,2G2W_A_B,3N4I_A_B,1JTD_A_B,3QHY_A_B	15
3018	1JTG_B_EB31A	EB31A	EB31A	1JTG	1JTG_B	P35804	-0.821	-0.821	5e-10	2e-09	RIM	IASP	2		1XXM_A_C,1S0W_A_C,1JTG_A_B,2G2U_A_B,2G2W_A_B,3N4I_A_B,1JTD_A_B,3QHY_A_B	15
3019	1S0W_C_AC1142F	AC1142F	AC142F	1S0W	1S0W_C	P35804	2.103	2.103	1.66e-07	4.77e-09	RIM	SPR	1		1XXM_A_C,1S0W_A_C,1JTG_A_B,2G2U_A_B,2G2W_A_B,3N4I_A_B,1JTD_A_B,3QHY_A_B	15
3020	2VLQ_B_AB86F	AB86F	AB86F	2VLQ	2VLQ_B	P09883	3.881	3.881	2.28e-11	3.26e-14	COR	RA	1		2VLP_A_B,2VLN_A_B,2VLQ_A_B,2VLO_A_B,1EMV_A_B,1FR2_A_B,2GYK_A_B,2WPT_A_B	11
3021	2VLO_B_AB97K	AB97K	AB95K	2VLO	2VLO_B	P09883	1.961	1.961	8.92e-13	3.26e-14	SUP	RA	1		2VLP_A_B,2VLN_A_B,2VLQ_A_B,2VLO_A_B,1EMV_A_B,1FR2_A_B,2GYK_A_B,2WPT_A_B	11
3022	2WPT_B_SB84A	SB84A	SB77A	2WPT	2WPT_B	P09883	0.094	0.094,0.094,0.094	1.3e-08,1.5e-07,8.2e-07	1.11e-08,1.4e-07,7.09e-07	SUP	ITC,RA	1		2WPT_A_B,2VLP_A_B,2VLN_A_B,2VLQ_A_B,2VLO_A_B,1EMV_A_B,1FR2_A_B,2GYK_A_B	11
3023	2WPT_B_FB86A	FB86A	FB79A	2WPT	2WPT_B	P09883	-1.17	-1.17,-1.17,-1.17	1.3e-08,1.5e-07,8.2e-07	9.37e-08,7.4e-07,7.41e-05	COR	ITC,RA	1		2WPT_A_B,2VLP_A_B,2VLN_A_B,2VLQ_A_B,2VLO_A_B,1EMV_A_B,1FR2_A_B,2GYK_A_B	11
3024	2WPT_B_QB92A	QB92A	QB85A	2WPT	2WPT_B	P09883	-0.9	-0.9,-0.9	1.3e-08,1.5e-07	5.94e-08,1.2e-07	SUP	RA	1		2WPT_A_B,2VLP_A_B,2VLN_A_B,2VLQ_A_B,2VLO_A_B,1EMV_A_B,1FR2_A_B,2GYK_A_B	11
3025	2WPT_B_TB87A	TB87A	TB80A	2WPT	2WPT_B	P09883	-0.526	-0.526,-0.526	1.3e-08,1.5e-07	3.16e-08,2.2e-07	SUP	RA	1		2WPT_A_B,2VLP_A_B,2VLN_A_B,2VLQ_A_B,2VLO_A_B,1EMV_A_B,1FR2_A_B,2GYK_A_B	11
3026	2WPT_B_SB78A	SB78A	SB71A	2WPT	2WPT_B	P09883	0.15	0.15,0.15	1.3e-08,1.5e-07	1.01e-08,1.4e-07	SUP	RA	1		2WPT_A_B,2VLP_A_B,2VLN_A_B,2VLQ_A_B,2VLO_A_B,1EMV_A_B,1FR2_A_B,2GYK_A_B	11
3027	2WPT_B_SB77A	SB77A	SB70A	2WPT	2WPT_B	P09883	0.612	0.612,0.612	1.3e-08,1.5e-07	4.63e-09,9e-08	COR	RA	1		2WPT_A_B,2VLP_A_B,2VLN_A_B,2VLQ_A_B,2VLO_A_B,1EMV_A_B,1FR2_A_B,2GYK_A_B	11
3028	2WPT_B_NB75A	NB75A	NB68A	2WPT	2WPT_B	P09883	-1.238	-1.238,-1.238	1.3e-08,1.5e-07	1.05e-07,1.27e-06	SUP	RA	1		2WPT_A_B,2VLP_A_B,2VLN_A_B,2VLQ_A_B,2VLO_A_B,1EMV_A_B,1FR2_A_B,2GYK_A_B	11
3029	2WPT_B_SB74A	SB74A	SB67A	2WPT	2WPT_B	P09883	0.849	0.849,0.849	1.3e-08,1.5e-07	3.1e-09,4e-07	COR	RA	1		2WPT_A_B,2VLP_A_B,2VLN_A_B,2VLQ_A_B,2VLO_A_B,1EMV_A_B,1FR2_A_B,2GYK_A_B	11
3030	2WPT_B_NB72A	NB72A	NB65A	2WPT	2WPT_B	P09883	-0.918	-0.918,-0.918	1.3e-08,1.5e-07	6.12e-08,3.4e-07	COR	RA	1		2WPT_A_B,2VLP_A_B,2VLN_A_B,2VLQ_A_B,2VLO_A_B,1EMV_A_B,1FR2_A_B,2GYK_A_B	11
3031	2WPT_B_RB54A	RB54A	RB47A	2WPT	2WPT_B	P09883	-1.134	-1.134,-1.134	1.3e-08,1.5e-07	8.82e-08,4.2e-07	COR	RA	1		2WPT_A_B,2VLP_A_B,2VLN_A_B,2VLQ_A_B,2VLO_A_B,1EMV_A_B,1FR2_A_B,2GYK_A_B	11
3032	2WPT_B_VB98A	VB98A	VB91A	2WPT	2WPT_B	P09883	-0.119	-0.119,-0.119	1.3e-08,1.5e-07	1.59e-08,3e-07	SUP	RA	1		2WPT_A_B,2VLP_A_B,2VLN_A_B,2VLQ_A_B,2VLO_A_B,1EMV_A_B,1FR2_A_B,2GYK_A_B	11
3033	2WPT_B_KB97A	KB97A	KB90A	2WPT	2WPT_B	P09883	-0.497	-0.497,-0.497	1.3e-08,1.5e-07	3.01e-08,5.8e-07	COR	RA	1		2WPT_A_B,2VLP_A_B,2VLN_A_B,2VLQ_A_B,2VLO_A_B,1EMV_A_B,1FR2_A_B,2GYK_A_B	11
3034	2VLN_B_AB75N	AB75N	AB75N	2VLN	2VLN_B	P09883	2.336	2.336	1.68e-12	3.26e-14	SUP	RA	1		2VLP_A_B,2VLN_A_B,2VLQ_A_B,2VLO_A_B,1EMV_A_B,1FR2_A_B,2GYK_A_B,2WPT_A_B	11
3035	2WPT_A_NA34A	NA34A	NA31A	2WPT	2WPT_A	P04482	0.38	0.38,0.38	1.5e-08,8.2e-07	7.9e-09,6.49e-07	COR	ITC,SFFL	1		2WPT_A_B,2VLP_A_B,2VLN_A_B,2VLQ_A_B,2VLO_A_B,1EMV_A_B,1FR2_A_B,2GYK_A_B	11
3036	2WPT_A_DA33A	DA33A	DA30A	2WPT	2WPT_A	P04482	0.132	0.132,0.132	1.5e-08,8.2e-07	1.2e-08,7.46e-08	SUP	ITC,SFFL	1		2WPT_A_B,2VLP_A_B,2VLN_A_B,2VLQ_A_B,2VLO_A_B,1EMV_A_B,1FR2_A_B,2GYK_A_B	11
3037	2WPT_A_PA56A	PA56A	PA53A	2WPT	2WPT_A	P04482	-2.928	-2.928	1.5e-08	2.1e-06	SUP	SFFL	1		2WPT_A_B,2VLP_A_B,2VLN_A_B,2VLQ_A_B,2VLO_A_B,1EMV_A_B,1FR2_A_B,2GYK_A_B	11
3038	2WPT_A_EA30A	EA30A	EA27A	2WPT	2WPT_A	P04482	-1.734	-1.734	1.5e-08	2.8e-07	RIM	SFFL	1		2WPT_A_B,2VLP_A_B,2VLN_A_B,2VLQ_A_B,2VLO_A_B,1EMV_A_B,1FR2_A_B,2GYK_A_B	11
3039	2WPT_A_RA42E	RA42E	RA39E	2WPT	2WPT_A	P04482	0.372	0.372	1.5e-08	8e-09	SUR	SFFL	1		2WPT_A_B,2VLP_A_B,2VLN_A_B,2VLQ_A_B,2VLO_A_B,1EMV_A_B,1FR2_A_B,2GYK_A_B	11
3040	2WPT_A_EA39H	EA39H	EA36H	2WPT	2WPT_A	P04482	-0.038	-0.038	1.5e-08	1.6e-08	INT	SFFL	1		2WPT_A_B,2VLP_A_B,2VLN_A_B,2VLQ_A_B,2VLO_A_B,1EMV_A_B,1FR2_A_B,2GYK_A_B	11
3041	2WPT_A_RA38T	RA38T	RA35T	2WPT	2WPT_A	P04482	1.038	1.038	1.5e-08	2.6e-09	RIM	SFFL	1		2WPT_A_B,2VLP_A_B,2VLN_A_B,2VLQ_A_B,2VLO_A_B,1EMV_A_B,1FR2_A_B,2GYK_A_B	11
3042	2WPT_A_NA34V	NA34V	NA31V	2WPT	2WPT_A	P04482	0.897	0.897	1.5e-08	3.3e-09	COR	SFFL	1		2WPT_A_B,2VLP_A_B,2VLN_A_B,2VLQ_A_B,2VLO_A_B,1EMV_A_B,1FR2_A_B,2GYK_A_B	11
3043	2WPT_A_DA33L	DA33L	DA30L	2WPT	2WPT_A	P04482	3.403	3.403	1.5e-08	4.8e-11	SUP	SFFL	1		2WPT_A_B,2VLP_A_B,2VLN_A_B,2VLQ_A_B,2VLO_A_B,1EMV_A_B,1FR2_A_B,2GYK_A_B	11
3044	2WPT_A_YA55A	YA55A	YA52A	2WPT	2WPT_A	P04482	-5.216	-5.216	1.5e-08	0.0001	RIM	SFFL	2		2WPT_A_B,2VLP_A_B,2VLN_A_B,2VLQ_A_B,2VLO_A_B,1EMV_A_B,1FR2_A_B,2GYK_A_B	11
3045	2WPT_A_YA54A	YA54A	YA51A	2WPT	2WPT_A	P04482	-5.216	-5.216	1.5e-08	0.0001	COR	SFFL	2		2WPT_A_B,2VLP_A_B,2VLN_A_B,2VLQ_A_B,2VLO_A_B,1EMV_A_B,1FR2_A_B,2GYK_A_B	11
3046	2WPT_A_DA51A	DA51A	DA48A	2WPT	2WPT_A	P04482	-5.216	-5.216	1.5e-08	0.0001	COR	SFFL	2		2WPT_A_B,2VLP_A_B,2VLN_A_B,2VLQ_A_B,2VLO_A_B,1EMV_A_B,1FR2_A_B,2GYK_A_B	11
3047	2WPT_A_SA50A	SA50A	SA47A	2WPT	2WPT_A	P04482	-2.426	-2.426	1.5e-08	9e-07	COR	SFFL	1		2WPT_A_B,2VLP_A_B,2VLN_A_B,2VLQ_A_B,2VLO_A_B,1EMV_A_B,1FR2_A_B,2GYK_A_B	11
3048	2WPT_A_RA42A	RA42A	RA39A	2WPT	2WPT_A	P04482	0.24	0.24	1.5e-08	1e-08	SUR	SFFL	1		2WPT_A_B,2VLP_A_B,2VLN_A_B,2VLQ_A_B,2VLO_A_B,1EMV_A_B,1FR2_A_B,2GYK_A_B	11
3049	2WPT_A_EA41A	EA41A	EA38A	2WPT	2WPT_A	P04482	-4.503	-4.503	1.5e-08	3e-05	COR	SFFL	1		2WPT_A_B,2VLP_A_B,2VLN_A_B,2VLQ_A_B,2VLO_A_B,1EMV_A_B,1FR2_A_B,2GYK_A_B	11
3050	2WPT_A_RA38A	RA38A	RA35A	2WPT	2WPT_A	P04482	1.111	1.111	1.5e-08	2.3e-09	RIM	SFFL	1		2WPT_A_B,2VLP_A_B,2VLN_A_B,2VLQ_A_B,2VLO_A_B,1EMV_A_B,1FR2_A_B,2GYK_A_B	11
3051	2WPT_A_VA37A	VA37A	VA34A	2WPT	2WPT_A	P04482	-3.809	-3.809	1.5e-08	9.3e-06	SUP	SFFL	1		2WPT_A_B,2VLP_A_B,2VLN_A_B,2VLQ_A_B,2VLO_A_B,1EMV_A_B,1FR2_A_B,2GYK_A_B	11
3052	2VLP_B_AB54R	AB54R	AB54R	2VLP	2VLP_B	P09883	1.666	1.666	5.43e-13	3.26e-14	INT	RA	1		2VLP_A_B,2VLN_A_B,2VLQ_A_B,2VLO_A_B,1EMV_A_B,1FR2_A_B,2GYK_A_B,2WPT_A_B	11
3053	1EMV_A_LA52A	LA52A	LA50A	1EMV	1EMV_A	P13479	-0.601	-0.601	1.62e-14	4.47e-14	INT	SFFL	1		2VLP_A_B,2VLN_A_B,2VLQ_A_B,2VLO_A_B,1EMV_A_B,1FR2_A_B,2GYK_A_B,2WPT_A_B	11
3054	1EMV_A_DA51A	DA51A	DA49A	1EMV	1EMV_A	P13479	-5.918	-5.918	1.62e-14	3.53e-10	COR	SFFL	1		2VLP_A_B,2VLN_A_B,2VLQ_A_B,2VLO_A_B,1EMV_A_B,1FR2_A_B,2GYK_A_B,2WPT_A_B	11
3055	1EMV_A_SA50A	SA50A	SA48A	1EMV	1EMV_A	P13479	-2.188	-2.188	1.62e-14	6.51e-13	COR	SFFL	1		2VLP_A_B,2VLN_A_B,2VLQ_A_B,2VLO_A_B,1EMV_A_B,1FR2_A_B,2GYK_A_B,2WPT_A_B	11
3056	1EMV_A_GA49A	GA49A	GA47A	1EMV	1EMV_A	P13479	-1.486	-1.486	1.62e-14	1.99e-13	SUP	SFFL	1		2VLP_A_B,2VLN_A_B,2VLQ_A_B,2VLO_A_B,1EMV_A_B,1FR2_A_B,2GYK_A_B,2WPT_A_B	11
3057	1EMV_A_SA48A	SA48A	SA46A	1EMV	1EMV_A	P13479	-0.007	-0.007	1.62e-14	1.64e-14	COR	SFFL	1		2VLP_A_B,2VLN_A_B,2VLQ_A_B,2VLO_A_B,1EMV_A_B,1FR2_A_B,2GYK_A_B,2WPT_A_B	11
3058	1EMV_A_PA47A	PA47A	PA45A	1EMV	1EMV_A	P13479	-0.437	-0.437	1.62e-14	3.39e-14	RIM	SFFL	1		2VLP_A_B,2VLN_A_B,2VLQ_A_B,2VLO_A_B,1EMV_A_B,1FR2_A_B,2GYK_A_B,2WPT_A_B	11
3059	1EMV_A_HA46A	HA46A	HA44A	1EMV	1EMV_A	P13479	-0.832	-0.832	1.62e-14	6.6e-14	SUP	SFFL	1		2VLP_A_B,2VLN_A_B,2VLQ_A_B,2VLO_A_B,1EMV_A_B,1FR2_A_B,2GYK_A_B,2WPT_A_B	11
3060	1EMV_A_NA69A	NA69A	NA67A	1EMV	1EMV_A	P13479	-0.278	-0.278	1.62e-14	2.59e-14	SUR	SFFL	1		2VLP_A_B,2VLN_A_B,2VLQ_A_B,2VLO_A_B,1EMV_A_B,1FR2_A_B,2GYK_A_B,2WPT_A_B	11
3061	1EMV_A_VA68A	VA68A	VA66A	1EMV	1EMV_A	P13479	-1.857	-1.857	1.62e-14	3.72e-13	INT	SFFL	1		2VLP_A_B,2VLN_A_B,2VLQ_A_B,2VLO_A_B,1EMV_A_B,1FR2_A_B,2GYK_A_B,2WPT_A_B	11
3062	1EMV_A_SA63A	SA63A	SA61A	1EMV	1EMV_A	P13479	-0.87	-0.87	1.62e-14	7.04e-14	SUR	SFFL	1		2VLP_A_B,2VLN_A_B,2VLQ_A_B,2VLO_A_B,1EMV_A_B,1FR2_A_B,2GYK_A_B,2WPT_A_B	11
3063	1EMV_A_DA60A	DA60A	DA58A	1EMV	1EMV_A	P13479	-0.511	-0.511	1.62e-14	3.84e-14	SUR	SFFL	1		2VLP_A_B,2VLN_A_B,2VLQ_A_B,2VLO_A_B,1EMV_A_B,1FR2_A_B,2GYK_A_B,2WPT_A_B	11
3064	1EMV_A_PA56A	PA56A	PA54A	1EMV	1EMV_A	P13479	-1.243	-1.243	1.62e-14	1.32e-13	RIM	SFFL	1		2VLP_A_B,2VLN_A_B,2VLQ_A_B,2VLO_A_B,1EMV_A_B,1FR2_A_B,2GYK_A_B,2WPT_A_B	11
3065	1EMV_A_YA55A	YA55A	YA53A	1EMV	1EMV_A	P13479	-4.637	-4.637	1.62e-14	4.06e-11	RIM	SFFL	1		2VLP_A_B,2VLN_A_B,2VLQ_A_B,2VLO_A_B,1EMV_A_B,1FR2_A_B,2GYK_A_B,2WPT_A_B	11
3066	1EMV_A_YA54A	YA54A	YA52A	1EMV	1EMV_A	P13479	-4.837	-4.837	1.62e-14	5.69e-11	COR	SFFL	1		2VLP_A_B,2VLN_A_B,2VLQ_A_B,2VLO_A_B,1EMV_A_B,1FR2_A_B,2GYK_A_B,2WPT_A_B	11
3067	1EMV_A_IA53A	IA53A	IA51A	1EMV	1EMV_A	P13479	-0.848	-0.848	1.62e-14	6.78e-14	SUP	SFFL	1		2VLP_A_B,2VLN_A_B,2VLQ_A_B,2VLO_A_B,1EMV_A_B,1FR2_A_B,2GYK_A_B,2WPT_A_B	11
3068	1EMV_A_LA33A	LA33A	LA31A	1EMV	1EMV_A	P13479	-3.419	-3.419	1.62e-14	5.2e-12	SUP	SFFL	1		2VLP_A_B,2VLN_A_B,2VLQ_A_B,2VLO_A_B,1EMV_A_B,1FR2_A_B,2GYK_A_B,2WPT_A_B	11
3069	1EMV_A_EA32A	EA32A	EA30A	1EMV	1EMV_A	P13479	-0.22	-0.22	1.62e-14	2.35e-14	SUR	SFFL	1		2VLP_A_B,2VLN_A_B,2VLQ_A_B,2VLO_A_B,1EMV_A_B,1FR2_A_B,2GYK_A_B,2WPT_A_B	11
3070	1EMV_A_EA31A	EA31A	EA29A	1EMV	1EMV_A	P13479	-0.307	-0.307	1.62e-14	2.72e-14	SUR	SFFL	1		2VLP_A_B,2VLN_A_B,2VLQ_A_B,2VLO_A_B,1EMV_A_B,1FR2_A_B,2GYK_A_B,2WPT_A_B	11
3071	1EMV_A_EA30A	EA30A	EA28A	1EMV	1EMV_A	P13479	-1.417	-1.417	1.62e-14	1.77e-13	RIM	SFFL	1		2VLP_A_B,2VLN_A_B,2VLQ_A_B,2VLO_A_B,1EMV_A_B,1FR2_A_B,2GYK_A_B,2WPT_A_B	11
3072	1EMV_A_SA29A	SA29A	SA27A	1EMV	1EMV_A	P13479	-0.956	-0.956	1.62e-14	8.14e-14	RIM	SFFL	1		2VLP_A_B,2VLN_A_B,2VLQ_A_B,2VLO_A_B,1EMV_A_B,1FR2_A_B,2GYK_A_B,2WPT_A_B	11
3073	1EMV_A_SA28A	SA28A	SA26A	1EMV	1EMV_A	P13479	-0.173	-0.173	1.62e-14	2.17e-14	RIM	SFFL	1		2VLP_A_B,2VLN_A_B,2VLQ_A_B,2VLO_A_B,1EMV_A_B,1FR2_A_B,2GYK_A_B,2WPT_A_B	11
3074	1EMV_A_TA27A	TA27A	TA25A	1EMV	1EMV_A	P13479	-0.728	-0.728	1.62e-14	5.54e-14	COR	SFFL	1		2VLP_A_B,2VLN_A_B,2VLQ_A_B,2VLO_A_B,1EMV_A_B,1FR2_A_B,2GYK_A_B,2WPT_A_B	11
3075	1EMV_A_EA45A	EA45A	EA43A	1EMV	1EMV_A	P13479	-0.213	-0.213	1.62e-14	2.32e-14	SUR	SFFL	1		2VLP_A_B,2VLN_A_B,2VLQ_A_B,2VLO_A_B,1EMV_A_B,1FR2_A_B,2GYK_A_B,2WPT_A_B	11
3076	1EMV_A_TA44A	TA44A	TA42A	1EMV	1EMV_A	P13479	-0.305	-0.305	1.62e-14	2.71e-14	INT	SFFL	1		2VLP_A_B,2VLN_A_B,2VLQ_A_B,2VLO_A_B,1EMV_A_B,1FR2_A_B,2GYK_A_B,2WPT_A_B	11
3077	1EMV_A_EA42A	EA42A	EA40A	1EMV	1EMV_A	P13479	-0.658	-0.658	1.62e-14	4.92e-14	SUR	SFFL	1		2VLP_A_B,2VLN_A_B,2VLQ_A_B,2VLO_A_B,1EMV_A_B,1FR2_A_B,2GYK_A_B,2WPT_A_B	11
3078	1EMV_A_EA41A	EA41A	EA39A	1EMV	1EMV_A	P13479	-2.084	-2.084	1.62e-14	5.46e-13	COR	SFFL	1		2VLP_A_B,2VLN_A_B,2VLQ_A_B,2VLO_A_B,1EMV_A_B,1FR2_A_B,2GYK_A_B,2WPT_A_B	11
3079	1EMV_A_TA38A	TA38A	TA36A	1EMV	1EMV_A	P13479	-0.9	-0.9	1.62e-14	7.4e-14	RIM	SFFL	1		2VLP_A_B,2VLN_A_B,2VLQ_A_B,2VLO_A_B,1EMV_A_B,1FR2_A_B,2GYK_A_B,2WPT_A_B	11
3080	1EMV_A_VA37A	VA37A	VA35A	1EMV	1EMV_A	P13479	-1.665	-1.665	1.62e-14	2.69e-13	SUP	SFFL	1		2VLP_A_B,2VLN_A_B,2VLQ_A_B,2VLO_A_B,1EMV_A_B,1FR2_A_B,2GYK_A_B,2WPT_A_B	11
3081	1EMV_A_LA36A	LA36A	LA34A	1EMV	1EMV_A	P13479	-0.907	-0.907	1.62e-14	7.49e-14	INT	SFFL	1		2VLP_A_B,2VLN_A_B,2VLQ_A_B,2VLO_A_B,1EMV_A_B,1FR2_A_B,2GYK_A_B,2WPT_A_B	11
3082	1EMV_A_KA35A	KA35A	KA33A	1EMV	1EMV_A	P13479	-0.192	-0.192	1.62e-14	2.24e-14	SUR	SFFL	1		2VLP_A_B,2VLN_A_B,2VLQ_A_B,2VLO_A_B,1EMV_A_B,1FR2_A_B,2GYK_A_B,2WPT_A_B	11
3083	1EMV_A_VA34A	VA34A	VA32A	1EMV	1EMV_A	P13479	-2.579	-2.579	1.62e-14	1.26e-12	COR	SFFL	1		2VLP_A_B,2VLN_A_B,2VLQ_A_B,2VLO_A_B,1EMV_A_B,1FR2_A_B,2GYK_A_B,2WPT_A_B	11
3084	1EMV_A_DA26A	DA26A	DA24A	1EMV	1EMV_A	P13479	-0.337	-0.337	1.62e-14	2.86e-14	SUR	SFFL	1		2VLP_A_B,2VLN_A_B,2VLQ_A_B,2VLO_A_B,1EMV_A_B,1FR2_A_B,2GYK_A_B,2WPT_A_B	11
3085	1EMV_A_NA24A	NA24A	NA22A	1EMV	1EMV_A	P13479	-0.139	-0.139	1.62e-14	2.05e-14	RIM	SFFL	1		2VLP_A_B,2VLN_A_B,2VLQ_A_B,2VLO_A_B,1EMV_A_B,1FR2_A_B,2GYK_A_B,2WPT_A_B	11
3086	1EMV_A_CA23A	CA23A	CA21A	1EMV	1EMV_A	P13479	-0.922	-0.922	1.62e-14	7.68e-14	COR	SFFL	1		2VLP_A_B,2VLN_A_B,2VLQ_A_B,2VLO_A_B,1EMV_A_B,1FR2_A_B,2GYK_A_B,2WPT_A_B	11
3087	2GYK_A_AA51D	AA51D	AA49D	2GYK	2GYK_A	P13479	5.918	5.918	3.53e-10	1.62e-14	SUP	SFFL	1		2VLP_A_B,2VLN_A_B,2VLQ_A_B,2VLO_A_B,1EMV_A_B,1FR2_A_B,2GYK_A_B,2WPT_A_B	11
3088	1FR2_A_AA41E	AA41E	AA39E	1FR2	1FR2_A	P13479	2.084	2.084	5.46e-13	1.62e-14	COR	SFFL	1		2VLP_A_B,2VLN_A_B,2VLQ_A_B,2VLO_A_B,1EMV_A_B,1FR2_A_B,2GYK_A_B,2WPT_A_B	11
3089	1EMV_B_SB78A	SB78A	SB78A	1EMV	1EMV_B	P09883	0.54	0.54	3.26e-14	1.31e-14	SUP	RA	1		2VLP_A_B,2VLN_A_B,2VLQ_A_B,2VLO_A_B,1EMV_A_B,1FR2_A_B,2GYK_A_B,2WPT_A_B	11
3090	1EMV_B_SB77A	SB77A	SB77A	1EMV	1EMV_B	P09883	0.233	0.233	3.26e-14	2.2e-14	COR	RA	1		2VLP_A_B,2VLN_A_B,2VLQ_A_B,2VLO_A_B,1EMV_A_B,1FR2_A_B,2GYK_A_B,2WPT_A_B	11
3091	1EMV_B_NB75A	NB75A	NB75A	1EMV	1EMV_B	P09883	-2.336	-2.336	3.26e-14	1.68e-12	SUP	RA	1		2VLP_A_B,2VLN_A_B,2VLQ_A_B,2VLO_A_B,1EMV_A_B,1FR2_A_B,2GYK_A_B,2WPT_A_B	11
3092	1EMV_B_SB74A	SB74A	SB74A	1EMV	1EMV_B	P09883	0.241	0.241	3.26e-14	2.17e-14	COR	RA	1		2VLP_A_B,2VLN_A_B,2VLQ_A_B,2VLO_A_B,1EMV_A_B,1FR2_A_B,2GYK_A_B,2WPT_A_B	11
3093	1EMV_B_NB72A	NB72A	NB72A	1EMV	1EMV_B	P09883	-1.165	-1.165	3.26e-14	2.33e-13	COR	RA	1		2VLP_A_B,2VLN_A_B,2VLQ_A_B,2VLO_A_B,1EMV_A_B,1FR2_A_B,2GYK_A_B,2WPT_A_B	11
3094	1EMV_B_RB54A	RB54A	RB54A	1EMV	1EMV_B	P09883	-1.666	-1.666	3.26e-14	5.43e-13	COR	RA	1		2VLP_A_B,2VLN_A_B,2VLQ_A_B,2VLO_A_B,1EMV_A_B,1FR2_A_B,2GYK_A_B,2WPT_A_B	11
3095	1EMV_B_VB98A	VB98A	VB98A	1EMV	1EMV_B	P09883	-1.089	-1.089	3.26e-14	2.05e-13	SUP	RA	1		2VLP_A_B,2VLN_A_B,2VLQ_A_B,2VLO_A_B,1EMV_A_B,1FR2_A_B,2GYK_A_B,2WPT_A_B	11
3096	1EMV_B_KB97A	KB97A	KB97A	1EMV	1EMV_B	P09883	-1.961	-1.961	3.26e-14	8.92e-13	COR	RA	1		2VLP_A_B,2VLN_A_B,2VLQ_A_B,2VLO_A_B,1EMV_A_B,1FR2_A_B,2GYK_A_B,2WPT_A_B	11
3097	1EMV_B_QB92A	QB92A	QB92A	1EMV	1EMV_B	P09883	0.278	0.278	3.26e-14	2.04e-14	SUP	RA	1		2VLP_A_B,2VLN_A_B,2VLQ_A_B,2VLO_A_B,1EMV_A_B,1FR2_A_B,2GYK_A_B,2WPT_A_B	11
3098	1EMV_B_TB87A	TB87A	TB87A	1EMV	1EMV_B	P09883	-0.159	-0.159	3.26e-14	4.26e-14	SUP	RA	1		2VLP_A_B,2VLN_A_B,2VLQ_A_B,2VLO_A_B,1EMV_A_B,1FR2_A_B,2GYK_A_B,2WPT_A_B	11
3099	1EMV_B_FB86A	FB86A	FB86A	1EMV	1EMV_B	P09883	-3.881	-3.881	3.26e-14	2.28e-11	COR	RA	1		2VLP_A_B,2VLN_A_B,2VLQ_A_B,2VLO_A_B,1EMV_A_B,1FR2_A_B,2GYK_A_B,2WPT_A_B	11
3100	1EMV_B_SB84A	SB84A	SB84A	1EMV	1EMV_B	P09883	0.109	0.109	3.26e-14	2.71e-14	SUP	RA	1		2VLP_A_B,2VLN_A_B,2VLQ_A_B,2VLO_A_B,1EMV_A_B,1FR2_A_B,2GYK_A_B,2WPT_A_B	11
3101	3BTG_I_GI515K	GI515K	GI13K	3BTG	3BTG_I	P00974	12.352	12.352	6.67e-05	5.88e-14	COR	IASP	1	Pr/PI	Pr/PI	8
3102	1CBW_I_KI15A	KI15A	KI15A	1CBW	1CBW_I	P00974	-2.002	-2.002,-2.002,-2.002	1.42e-08,1.1e-08,1.14e-08	4.17e-07,3.3e-07,4.76e-07	COR	ITC,IASP	2	Pr/PI	Pr/PI	8
3103	1CBW_I_KI46A	KI46A	KI46A	1CBW	1CBW_I	P00974	-0.1	-0.1,-0.1	1.42e-08,1.1e-08	1.68e-08,1.4e-08	SUR	ITC,IASP	2	Pr/PI	Pr/PI	8
3104	1CBW_I_RI39A	RI39A	RI39A	1CBW	1CBW_I	P00974	-0.2	-0.2,-0.2	1.42e-08,1.1e-08	1.99e-08,1.6e-08	RIM	ITC,IASP	2	Pr/PI	Pr/PI	8
3105	1CBW_I_GI37A	GI37A	GI37A	1CBW	1CBW_I	P00974	-0.801	-0.801,-0.801	1.42e-08,1.1e-08	5.49e-08,4.4e-08	COR	ITC,IASP	2	Pr/PI	Pr/PI	8
3106	1CBW_I_GI36A	GI36A	GI36A	1CBW	1CBW_I	P00974	-0.901	-0.901,-0.901	1.42e-08,1.1e-08	6.5e-08,5.6e-08	SUP	ITC,IASP	2	Pr/PI	Pr/PI	8
3107	1CBW_I_YI35A	YI35A	YI35A	1CBW	1CBW_I	P00974	-0.801	-0.801,-0.801	1.42e-08,1.1e-08	5.49e-08,4.9e-08	INT	ITC,IASP	2	Pr/PI	Pr/PI	8
3108	1CBW_I_VI34A	VI34A	VI34A	1CBW	1CBW_I	P00974	0.0	0.0,0.0	1.42e-08,1.1e-08	1.42e-08,1.2e-08	RIM	ITC,IASP	2	Pr/PI	Pr/PI	8
3109	1CBW_I_RI20A	RI20A	RI20A	1CBW	1CBW_I	P00974	-0.301	-0.301,-0.301	1.42e-08,1.1e-08	2.36e-08,2e-08	INT	ITC,IASP	2	Pr/PI	Pr/PI	8
3110	1CBW_I_II19A	II19A	II19A	1CBW	1CBW_I	P00974	-0.1	-0.1,-0.1	1.42e-08,1.1e-08	1.68e-08,1.4e-08	RIM	ITC,IASP	2	Pr/PI	Pr/PI	8
3111	1CBW_I_RI17A	RI17A	RI17A	1CBW	1CBW_I	P00974	-0.501	-0.501,-0.501	1.42e-08,1.1e-08	3.31e-08,2.8e-08	COR	ITC,IASP	2	Pr/PI	Pr/PI	8
3112	1CBW_I_PI13A	PI13A	PI13A	1CBW	1CBW_I	P00974	0.1	0.1,0.1	1.42e-08,1.1e-08	1.2e-08,1e-08	COR	ITC,IASP	2	Pr/PI	Pr/PI	8
3113	1CBW_I_GI12A	GI12A	GI12A	1CBW	1CBW_I	P00974	-0.602	-0.602,-0.602	1.42e-08,1.1e-08	3.92e-08,3.5e-08	SUP	ITC,IASP	2	Pr/PI	Pr/PI	8
3114	1CBW_I_TI11A	TI11A	TI11A	1CBW	1CBW_I	P00974	-0.2	-0.2,-0.2	1.42e-08,1.1e-08	1.99e-08,1.6e-08	COR	ITC,IASP	2	Pr/PI	Pr/PI	8
3115	1CBW_I_KI15R	KI15R	KI15R	1CBW	1CBW_I	P00974	0.62	0.62	1.14e-08	4e-09	COR	IASP	1	Pr/PI	Pr/PI	8
3116	1CBW_I_KI15H	KI15H	KI15H	1CBW	1CBW_I	P00974	-0.1	-0.1	1.14e-08	1.35e-08	COR	IASP	1	Pr/PI	Pr/PI	8
3117	1CBW_I_KI15Q	KI15Q	KI15Q	1CBW	1CBW_I	P00974	-0.309	-0.309	1.14e-08	1.92e-08	COR	IASP	1	Pr/PI	Pr/PI	8
3118	1CBW_I_KI15E	KI15E	KI15E	1CBW	1CBW_I	P00974	-3.907	-3.907	1.14e-08	8.33e-06	COR	IASP	1	Pr/PI	Pr/PI	8
3119	1CBW_I_KI15L	KI15L	KI15L	1CBW	1CBW_I	P00974	1.597	1.597	1.14e-08	7.69e-10	COR	IASP	1	Pr/PI	Pr/PI	8
3120	1CBW_I_KI15I	KI15I	KI15I	1CBW	1CBW_I	P00974	-2.962	-2.962	1.14e-08	1.69e-06	COR	IASP	1	Pr/PI	Pr/PI	8
3121	1CBW_I_KI15M	KI15M	KI15M	1CBW	1CBW_I	P00974	1.442	1.442	1.14e-08	1e-09	COR	IASP	1	Pr/PI	Pr/PI	8
3122	1CBW_I_KI15N	KI15N	KI15N	1CBW	1CBW_I	P00974	-1.338	-1.338	1.14e-08	1.09e-07	COR	IASP	1	Pr/PI	Pr/PI	8
3123	1CBW_I_KI15D	KI15D	KI15D	1CBW	1CBW_I	P00974	-5.271	-5.271	1.14e-08	8.33e-05	COR	IASP	1	Pr/PI	Pr/PI	8
3124	1CBW_I_KI15T	KI15T	KI15T	1CBW	1CBW_I	P00974	-2.108	-2.108	1.14e-08	4e-07	COR	IASP	1	Pr/PI	Pr/PI	8
3125	1CBW_I_KI15V	KI15V	KI15V	1CBW	1CBW_I	P00974	-2.158	-2.158	1.14e-08	4.35e-07	COR	IASP	1	Pr/PI	Pr/PI	8
3126	1CBW_I_KI15S	KI15S	KI15S	1CBW	1CBW_I	P00974	-3.426	-3.426	1.14e-08	3.7e-06	COR	IASP	1	Pr/PI	Pr/PI	8
3127	1CBW_I_KI15G	KI15G	KI15G	1CBW	1CBW_I	P00974	-4.156	-4.156	1.14e-08	1.27e-05	COR	IASP	1	Pr/PI	Pr/PI	8
3128	1CBW_I_FI33A	FI33A	FI33A	1CBW	1CBW_I	P00974	-0.143	-0.143	1.1e-08	1.4e-08	INT	IASP	1	Pr/PI	Pr/PI	8
3129	1CBW_I_II18A	II18A	II18A	1CBW	1CBW_I	P00974	-1.416	-1.416	1.1e-08	1.2e-07	COR	IASP	1	Pr/PI	Pr/PI	8
3130	1CBW_I_KI15W	KI15W	KI15W	1CBW	1CBW_I	P00974	2.461	2.461	1.14e-08	1.79e-10	COR	IASP	1	Pr/PI	Pr/PI	8
3131	1CBW_I_KI15Y	KI15Y	KI15Y	1CBW	1CBW_I	P00974	2.641	2.641	1.14e-08	1.32e-10	COR	IASP	1	Pr/PI	Pr/PI	8
3132	1CBW_I_KI15F	KI15F	KI15F	1CBW	1CBW_I	P00974	1.985	1.985	1.14e-08	4e-10	COR	IASP	1	Pr/PI	Pr/PI	8
3133	3BTE_I_EI515K	EI515K	EI13K	3BTE	3BTE_I	P00974	9.424	9.424	4.76e-07	5.88e-14	COR	IASP	1	Pr/PI	Pr/PI	8
3134	3BTM_I_MI515K	MI515K	MI13K	3BTM	3BTM_I	P00974	7.692	7.692	2.56e-08	5.88e-14	COR	IASP	1	Pr/PI	Pr/PI	8
3135	3BTF_I_FI515K	FI515K	FI13K	3BTF	3BTF_I	P00974	7.027	7.027	8.33e-09	5.88e-14	COR	IASP	1	Pr/PI	Pr/PI	8
3136	3BTH_I_HI515K	HI515K	HI13K	3BTH	3BTH_I	P00974	8.782	8.782	1.61e-07	5.88e-14	COR	IASP	1	Pr/PI	Pr/PI	8
3137	3BTT_I_TI515K	TI515K	TI13K	3BTT	3BTT_I	P00974	10.598	10.598	3.45e-06	5.88e-14	COR	IASP	1	Pr/PI	Pr/PI	8
3138	3BTW_I_WI515K	WI515K	WI13K	3BTW	3BTW_I	P00974	8.664	8.664	1.32e-07	5.88e-14	COR	IASP	1	Pr/PI	Pr/PI	8
3139	2FTL_I_KI15A	KI15A	KI15A	2FTL	2FTL_I	P00974	-10.159	-10.159,-10.159	5e-14,5.88e-14	1.4e-06,3.7e-06	COR	IASP	1	Pr/PI	Pr/PI	8
3140	2FTL_I_RI39A	RI39A	RI39A	2FTL	2FTL_I	P00974	-4.093	-4.093	5e-14	5e-11	RIM	IASP	2	Pr/PI	Pr/PI	8
3141	2FTL_I_GI37A	GI37A	GI37A	2FTL	2FTL_I	P00974	-4.093	-4.093	5e-14	5e-11	COR	IASP	2	Pr/PI	Pr/PI	8
3142	2FTL_I_GI36A	GI36A	GI36A	2FTL	2FTL_I	P00974	-4.943	-4.943	5e-14	2.1e-10	SUP	IASP	1	Pr/PI	Pr/PI	8
3143	2FTL_I_YI35A	YI35A	YI35A	2FTL	2FTL_I	P00974	-4.093	-4.093	5e-14	5e-11	INT	IASP	2	Pr/PI	Pr/PI	8
3144	2FTL_I_VI34A	VI34A	VI34A	2FTL	2FTL_I	P00974	-4.093	-4.093	5e-14	5e-11	COR	IASP	2	Pr/PI	Pr/PI	8
3145	2FTL_I_FI33A	FI33A	FI33A	2FTL	2FTL_I	P00974	-4.093	-4.093	5e-14	5e-11	INT	IASP	2	Pr/PI	Pr/PI	8
3146	2FTL_I_RI20A	RI20A	RI20A	2FTL	2FTL_I	P00974	-4.093	-4.093	5e-14	5e-11	SUP	IASP	2	Pr/PI	Pr/PI	8
3147	2FTL_I_II19A	II19A	II19A	2FTL	2FTL_I	P00974	-4.093	-4.093	5e-14	5e-11	RIM	IASP	2	Pr/PI	Pr/PI	8
3148	2FTL_I_II18A	II18A	II18A	2FTL	2FTL_I	P00974	-5.022	-5.022	5e-14	2.4e-10	COR	IASP	1	Pr/PI	Pr/PI	8
3149	2FTL_I_RI17A	RI17A	RI17A	2FTL	2FTL_I	P00974	-4.093	-4.093	5e-14	5e-11	COR	IASP	2	Pr/PI	Pr/PI	8
3150	2FTL_I_PI13A	PI13A	PI13A	2FTL	2FTL_I	P00974	-4.093	-4.093	5e-14	5e-11	COR	IASP	2	Pr/PI	Pr/PI	8
3151	2FTL_I_GI12A	GI12A	GI12A	2FTL	2FTL_I	P00974	-4.393	-4.393	5e-14	8.3e-11	COR	IASP	1	Pr/PI	Pr/PI	8
3152	2FTL_I_TI11A	TI11A	TI11A	2FTL	2FTL_I	P00974	-4.093	-4.093	5e-14	5e-11	RIM	IASP	2	Pr/PI	Pr/PI	8
3153	2FTL_I_KI46A	KI46A	KI46A	2FTL	2FTL_I	P00974	-4.093	-4.093	5e-14	5e-11	SUR	IASP	2	Pr/PI	Pr/PI	8
3154	2FTL_I_KI15R	KI15R	KI15R	2FTL	2FTL_I	P00974	0.582	0.582	5.88e-14	2.2e-14	COR	IASP	2	Pr/PI	Pr/PI	8
3155	2FTL_I_KI15H	KI15H	KI15H	2FTL	2FTL_I	P00974	-8.782	-8.782	5.88e-14	1.61e-07	COR	IASP	1	Pr/PI	Pr/PI	8
3156	2FTL_I_KI15Q	KI15Q	KI15Q	2FTL	2FTL_I	P00974	-9.371	-9.371	5.88e-14	4.35e-07	COR	IASP	1	Pr/PI	Pr/PI	8
3157	2FTL_I_KI15E	KI15E	KI15E	2FTL	2FTL_I	P00974	-9.424	-9.424	5.88e-14	4.76e-07	COR	IASP	1	Pr/PI	Pr/PI	8
3158	2FTL_I_KI15L	KI15L	KI15L	2FTL	2FTL_I	P00974	-8.864	-8.864	5.88e-14	1.85e-07	COR	IASP	1	Pr/PI	Pr/PI	8
3159	2FTL_I_KI15I	KI15I	KI15I	2FTL	2FTL_I	P00974	-11.171	-11.171	5.88e-14	9.09e-06	COR	IASP	1	Pr/PI	Pr/PI	8
3160	2FTL_I_KI15M	KI15M	KI15M	2FTL	2FTL_I	P00974	-7.692	-7.692	5.88e-14	2.56e-08	COR	IASP	1	Pr/PI	Pr/PI	8
3161	2FTL_I_KI15N	KI15N	KI15N	2FTL	2FTL_I	P00974	-8.033	-8.033	5.88e-14	4.55e-08	COR	IASP	1	Pr/PI	Pr/PI	8
3162	2FTL_I_KI15D	KI15D	KI15D	2FTL	2FTL_I	P00974	-11.503	-11.503	5.88e-14	1.59e-05	COR	IASP	1	Pr/PI	Pr/PI	8
3163	2FTL_I_KI15T	KI15T	KI15T	2FTL	2FTL_I	P00974	-10.598	-10.598	5.88e-14	3.45e-06	COR	IASP	1	Pr/PI	Pr/PI	8
3164	2FTL_I_KI15V	KI15V	KI15V	2FTL	2FTL_I	P00974	-11.756	-11.756	5.88e-14	2.44e-05	COR	IASP	1	Pr/PI	Pr/PI	8
3165	2FTL_I_KI15S	KI15S	KI15S	2FTL	2FTL_I	P00974	-7.724	-7.724	5.88e-14	2.7e-08	COR	IASP	1	Pr/PI	Pr/PI	8
3166	2FTL_I_KI15G	KI15G	KI15G	2FTL	2FTL_I	P00974	-12.352	-12.352	5.88e-14	6.67e-05	COR	IASP	1	Pr/PI	Pr/PI	8
3167	2FTL_I_KI15W	KI15W	KI15W	2FTL	2FTL_I	P00974	-8.664	-8.664	5.88e-14	1.32e-07	COR	IASP	1	Pr/PI	Pr/PI	8
3168	2FTL_I_KI15Y	KI15Y	KI15Y	2FTL	2FTL_I	P00974	-6.857	-6.857	5.88e-14	6.25e-09	COR	IASP	1	Pr/PI	Pr/PI	8
3169	2FTL_I_KI15F	KI15F	KI15F	2FTL	2FTL_I	P00974	-7.027	-7.027	5.88e-14	8.33e-09	COR	IASP	1	Pr/PI	Pr/PI	8
3170	3BTD_I_DI515K	DI515K	DI13K	3BTD	3BTD_I	P00974	11.503	11.503	1.59e-05	5.88e-14	COR	IASP	1	Pr/PI	Pr/PI	8
3171	3BTQ_I_QI515K	QI515K	QI13K	3BTQ	3BTQ_I	P00974	9.371	9.371	4.35e-07	5.88e-14	COR	IASP	1	Pr/PI	Pr/PI	8
3172	1S1Q_A_FA88A	FA88A	FA86A	1S1Q	1S1Q_A	Q99816	-0.775	-0.775	0.000635	0.00235	SUP	SPR	1		1S1Q_A_B,2OOB_A_B,3M63_A_B	7
3173	1S1Q_A_WA75A	WA75A	WA73A	1S1Q	1S1Q_A	Q99816	-0.281	-0.281	0.000635	0.00102	SUP	SPR	1		1S1Q_A_B,2OOB_A_B,3M63_A_B	7
3174	1S1Q_A_DA46A	DA46A	DA44A	1S1Q	1S1Q_A	Q99816	-0.966	-0.966	0.000635	0.00324	RIM	SPR	1		1S1Q_A_B,2OOB_A_B,3M63_A_B	7
3175	1S1Q_A_NA45A	NA45A	NA43A	1S1Q	1S1Q_A	Q99816	-1.232	-1.232	0.000635	0.00508	RIM	SPR	1		1S1Q_A_B,2OOB_A_B,3M63_A_B	7
3176	1S1Q_A_FA44A	FA44A	FA42A	1S1Q	1S1Q_A	Q99816	-0.199	-0.199	0.000635	0.000889	RIM	SPR	1		1S1Q_A_B,2OOB_A_B,3M63_A_B	7
3177	1S1Q_A_VA43A	VA43A	VA41A	1S1Q	1S1Q_A	Q99816	-0.671	-0.671	0.000635	0.00197	COR	SPR	1		1S1Q_A_B,2OOB_A_B,3M63_A_B	7
3178	1C4Z_D_RD6E	RD6E	RD3E	1C4Z	1C4Z_D	P68036	-1.186	-1.186	5e-06	3.7e-05	SUP	FL	2		1C4Z_ABC_D	7
3179	1C4Z_D_RD6A	RD6A	RD3A	1C4Z	1C4Z_D	P68036	-0.467	-0.467	5e-06	1.1e-05	SUP	FL	2		1C4Z_ABC_D	7
3180	1C4Z_D_RD5E	RD5E	RD2E	1C4Z	1C4Z_D	P68036	-1.288	-1.288	5e-06	4.4e-05	RIM	FL	2		1C4Z_ABC_D	7
3181	1C4Z_D_RD5A	RD5A	RD2A	1C4Z	1C4Z_D	P68036	-0.519	-0.519	5e-06	1.2e-05	RIM	FL	2		1C4Z_ABC_D	7
3182	1C4Z_D_SD4A	SD4A	SD1A	1C4Z	1C4Z_D	P68036	-0.566	-0.566	5e-06	1.3e-05	RIM	FL	2		1C4Z_ABC_D	7
3183	1C4Z_D_KD96A	KD96A	KD93A	1C4Z	1C4Z_D	P68036	-1.136	-1.136	5e-06	3.4e-05	RIM	FL	2		1C4Z_ABC_D	7
3184	1C4Z_D_WD95A	WD95A	WD92A	1C4Z	1C4Z_D	P68036	-0.821	-0.821	5e-06	2e-05	SUP	FL	2		1C4Z_ABC_D	7
3185	1C4Z_D_ED93R	ED93R	ED90R	1C4Z	1C4Z_D	P68036	1.003	1.003	5e-06	9.2e-07	SUR	FL	2		1C4Z_ABC_D	7
3186	1C4Z_D_ED93A	ED93A	ED90A	1C4Z	1C4Z_D	P68036	0.435	0.435	5e-06	2.4e-06	SUR	FL	2		1C4Z_ABC_D	7
3187	1C4Z_D_KD64E	KD64E	KD61E	1C4Z	1C4Z_D	P68036	-0.725	-0.725	5e-06	1.7e-05	RIM	FL	2		1C4Z_ABC_D	7
3188	1C4Z_D_KD64A	KD64A	KD61A	1C4Z	1C4Z_D	P68036	-0.293	-0.293	5e-06	8.2e-06	RIM	FL	2		1C4Z_ABC_D	7
3189	1C4Z_D_FD63A	FD63A	FD60A	1C4Z	1C4Z_D	P68036	-3.014	-3.014	5e-06	0.00081	COR	FL	2		1C4Z_ABC_D	7
3190	1C4Z_D_PD62A	PD62A	PD59A	1C4Z	1C4Z_D	P68036	-1.41	-1.41	5e-06	5.4e-05	SUP	FL	2		1C4Z_ABC_D	7
3191	1C4Z_D_ED60R	ED60R	ED57R	1C4Z	1C4Z_D	P68036	-0.067	-0.067	5e-06	5.6e-06	COR	FL	2		1C4Z_ABC_D	7
3192	1C4Z_D_ED60A	ED60A	ED57A	1C4Z	1C4Z_D	P68036	-0.088	-0.088	5e-06	5.8e-06	COR	FL	2		1C4Z_ABC_D	7
3193	1C4Z_D_AD59G	AD59G	AD56G	1C4Z	1C4Z_D	P68036	-0.566	-0.566	5e-06	1.3e-05	COR	FL	2		1C4Z_ABC_D	7
3194	1C4Z_D_RD52A	RD52A	RD49A	1C4Z	1C4Z_D	P68036	0.012	0.012	5e-06	4.9e-06	SUR	FL	2		1C4Z_ABC_D	7
3195	1C4Z_D_LD33A	LD33A	LD30A	1C4Z	1C4Z_D	P68036	0.344	0.344	5e-06	2.8e-06	COR	FL	2		1C4Z_ABC_D	7
3196	1C4Z_D_ND31A	ND31A	ND28A	1C4Z	1C4Z_D	P68036	0.178	0.178	5e-06	3.7e-06	RIM	FL	2		1C4Z_ABC_D	7
3197	1C4Z_D_KD9E	KD9E	KD6E	1C4Z	1C4Z_D	P68036	-1.555	-1.555	5e-06	6.9e-05	RIM	FL	2		1C4Z_ABC_D	7
3198	1C4Z_D_KD9A	KD9A	KD6A	1C4Z	1C4Z_D	P68036	-0.61	-0.61	5e-06	1.4e-05	RIM	FL	2		1C4Z_ABC_D	7
3199	1C4Z_D_KD100E	KD100E	KD97E	1C4Z	1C4Z_D	P68036	-1.421	-1.421	5e-06	5.5e-05	RIM	FL	2		1C4Z_ABC_D	7
3200	1C4Z_D_KD100A	KD100A	KD97A	1C4Z	1C4Z_D	P68036	-1.302	-1.302	5e-06	4.5e-05	RIM	FL	2		1C4Z_ABC_D	7
3201	1C4Z_D_AD98G	AD98G	AD95G	1C4Z	1C4Z_D	P68036	-0.411	-0.411	5e-06	1e-05	COR	FL	2		1C4Z_ABC_D	7
3202	1C4Z_D_PD97A	PD97A	PD94A	1C4Z	1C4Z_D	P68036	-0.85	-0.85	5e-06	2.1e-05	COR	FL	2		1C4Z_ABC_D	7
3203	1C4Z_D_KD96E	KD96E	KD93E	1C4Z	1C4Z_D	P68036	-1.17	-1.17	5e-06	3.6e-05	RIM	FL	2		1C4Z_ABC_D	7
3204	1C4Z_A_DA652R	DA652R	DA156R	1C4Z	1C4Z_A	Q05086	-1.376	-1.376	5e-06	5.1e-05	COR	FL	2		1C4Z_ABC_D	7
3205	1C4Z_A_DA652A	DA652A	DA156A	1C4Z	1C4Z_A	Q05086	-0.519	-0.519	5e-06	1.2e-05	COR	FL	2		1C4Z_ABC_D	7
3206	1C4Z_A_YA645A	YA645A	YA149A	1C4Z	1C4Z_A	Q05086	-1.288	-1.288	5e-06	4.4e-05	COR	FL	2		1C4Z_ABC_D	7
3207	1C4Z_A_LA642A	LA642A	LA146A	1C4Z	1C4Z_A	Q05086	-1.974	-1.974	5e-06	0.00014	SUP	FL	2		1C4Z_ABC_D	7
3208	1C4Z_A_DA641K	DA641K	DA145K	1C4Z	1C4Z_A	Q05086	-0.208	-0.208	5e-06	7.1e-06	COR	FL	2		1C4Z_ABC_D	7
3209	1C4Z_A_DA641A	DA641A	DA145A	1C4Z	1C4Z_A	Q05086	0.387	0.387	5e-06	2.6e-06	COR	FL	2		1C4Z_ABC_D	7
3210	1C4Z_A_LA639A	LA639A	LA143A	1C4Z	1C4Z_A	Q05086	-0.999	-0.999	5e-06	2.7e-05	SUP	FL	2		1C4Z_ABC_D	7
3211	1C4Z_A_SA638A	SA638A	SA142A	1C4Z	1C4Z_A	Q05086	-0.411	-0.411	5e-06	1e-05	COR	FL	2		1C4Z_ABC_D	7
3212	1C4Z_A_QA637A	QA637A	QA141A	1C4Z	1C4Z_A	Q05086	0.387	0.387	5e-06	2.6e-06	RIM	FL	2		1C4Z_ABC_D	7
3213	1C4Z_A_LA635A	LA635A	LA139A	1C4Z	1C4Z_A	Q05086	-1.217	-1.217	5e-06	3.9e-05	SUP	FL	2		1C4Z_ABC_D	7
3214	1C4Z_A_VA634A	VA634A	VA138A	1C4Z	1C4Z_A	Q05086	-0.566	-0.566	5e-06	1.3e-05	RIM	FL	2		1C4Z_ABC_D	7
3215	1C4Z_A_CA820A	CA820A	CA324A	1C4Z	1C4Z_A	Q05086	-0.108	-0.108	5e-06	6e-06	INT	FL	2		1C4Z_ABC_D	7
3216	1C4Z_A_YA694L	YA694L	YA198L	1C4Z	1C4Z_A	Q05086	-0.821	-0.821	5e-06	2e-05	SUP	FL	2		1C4Z_ABC_D	7
3217	1C4Z_A_FA690A	FA690A	FA194A	1C4Z	1C4Z_A	Q05086	-1.596	-1.596	5e-06	7.4e-05	SUP	FL	2		1C4Z_ABC_D	7
3218	1C4Z_A_MA670A	MA670A	MA174A	1C4Z	1C4Z_A	Q05086	0.573	0.573	5e-06	1.9e-06	RIM	FL	2		1C4Z_ABC_D	7
3219	1C4Z_A_TA662A	TA662A	TA166A	1C4Z	1C4Z_A	Q05086	0.132	0.132	5e-06	4e-06	COR	FL	2		1C4Z_ABC_D	7
3220	1C4Z_A_SA660A	SA660A	SA164A	1C4Z	1C4Z_A	Q05086	0.411	0.411	5e-06	2.5e-06	COR	FL	2		1C4Z_ABC_D	7
3221	1C4Z_A_IA659A	IA659A	IA163A	1C4Z	1C4Z_A	Q05086	0.089	0.089	5e-06	4.3e-06	SUP	FL	2		1C4Z_ABC_D	7
3222	1C4Z_A_TA656A	TA656A	TA160A	1C4Z	1C4Z_A	Q05086	-0.566	-0.566	5e-06	1.3e-05	SUP	FL	2		1C4Z_ABC_D	7
3223	1C4Z_A_IA655A	IA655A	IA159A	1C4Z	1C4Z_A	Q05086	-0.411	-0.411	5e-06	1e-05	COR	FL	2		1C4Z_ABC_D	7
3224	1C4Z_A_MA654A	MA654A	MA158A	1C4Z	1C4Z_A	Q05086	-0.759	-0.759	5e-06	1.8e-05	COR	FL	2		1C4Z_ABC_D	7
3225	1C4Z_A_MA653A	MA653A	MA157A	1C4Z	1C4Z_A	Q05086	-1.93	-1.93	5e-06	0.00013	COR	FL	2		1C4Z_ABC_D	7
3226	1GC1_C_KC21A	KC21A	KC21A	1GC1	1GC1_C	P01730	0.128	0.128	3.6e-09	2.9e-09	SUR	RA	1		1GC1_G_C,3IDX_HL_G,2NY7_HL_G	52
3227	1GC1_C_QC20A	QC20A	QC20A	1GC1	1GC1_C	P01730	0.017	0.017	3.6e-09	3.5e-09	SUR	RA	1		1GC1_G_C,3IDX_HL_G,2NY7_HL_G	52
3228	1GC1_C_SC19A	SC19A	SC19A	1GC1	1GC1_C	P01730	0.0	0.0	3.6e-09	3.6e-09	SUR	RA	1		1GC1_G_C,3IDX_HL_G,2NY7_HL_G	52
3229	1GC1_C_TC17A	TC17A	TC17A	1GC1	1GC1_C	P01730	0.128	0.128	3.6e-09	2.9e-09	SUR	RA	1		1GC1_G_C,3IDX_HL_G,2NY7_HL_G	52
3230	1GC1_C_TC15A	TC15A	TC15A	1GC1	1GC1_C	P01730	-0.322	-0.322	3.6e-09	6.2e-09	SUR	RA	1		1GC1_G_C,3IDX_HL_G,2NY7_HL_G	52
3231	1GC1_C_TC11A	TC11A	TC11A	1GC1	1GC1_C	P01730	0.0	0.0	3.6e-09	3.6e-09	SUR	RA	1		1GC1_G_C,3IDX_HL_G,2NY7_HL_G	52
3232	1GC1_C_DC10A	DC10A	DC10A	1GC1	1GC1_C	P01730	0.0	0.0	3.6e-09	3.6e-09	SUR	RA	1		1GC1_G_C,3IDX_HL_G,2NY7_HL_G	52
3233	1GC1_C_KC8A	KC8A	KC8A	1GC1	1GC1_C	P01730	-0.105	-0.105	3.6e-09	4.3e-09	SUR	RA	1		1GC1_G_C,3IDX_HL_G,2NY7_HL_G	52
3234	1GC1_C_KC7A	KC7A	KC7A	1GC1	1GC1_C	P01730	-0.998	-0.998	3.6e-09	1.94e-08	SUR	RA	1		1GC1_G_C,3IDX_HL_G,2NY7_HL_G	52
3235	1GC1_C_KC2A	KC2A	KC2A	1GC1	1GC1_C	P01730	0.017	0.017	3.6e-09	3.5e-09	SUR	RA	1		1GC1_G_C,3IDX_HL_G,2NY7_HL_G	52
3236	1GC1_C_KC1A	KC1A	KC1A	1GC1	1GC1_C	P01730	-0.062	-0.062	3.6e-09	4e-09	SUR	RA	1		1GC1_G_C,3IDX_HL_G,2NY7_HL_G	52
3237	1GC1_C_KC46A	KC46A	KC46A	1GC1	1GC1_C	P01730	-1.431	-1.431	3.6e-09	4.03e-08	COR	RA	1		1GC1_G_C,3IDX_HL_G,2NY7_HL_G	52
3238	1GC1_C_TC45A	TC45A	TC45A	1GC1	1GC1_C	P01730	0.149	0.149	3.6e-09	2.8e-09	COR	RA	1		1GC1_G_C,3IDX_HL_G,2NY7_HL_G	52
3239	1GC1_C_LC44A	LC44A	LC44A	1GC1	1GC1_C	P01730	-1.056	-1.056	3.6e-09	2.14e-08	SUP	RA	1		1GC1_G_C,3IDX_HL_G,2NY7_HL_G	52
3240	1GC1_C_SC42A	SC42A	SC42A	1GC1	1GC1_C	P01730	0.0	0.0	3.6e-09	3.6e-09	COR	RA	1		1GC1_G_C,3IDX_HL_G,2NY7_HL_G	52
3241	1GC1_C_QC40A	QC40A	QC40A	1GC1	1GC1_C	P01730	0.411	0.411	3.6e-09	1.8e-09	COR	RA	1		1GC1_G_C,3IDX_HL_G,2NY7_HL_G	52
3242	1GC1_C_NC39A	NC39A	NC39A	1GC1	1GC1_C	P01730	-0.466	-0.466	3.6e-09	7.9e-09	INT	RA	1		1GC1_G_C,3IDX_HL_G,2NY7_HL_G	52
3243	1GC1_C_KC35A	KC35A	KC35A	1GC1	1GC1_C	P01730	-0.322	-0.322	3.6e-09	6.2e-09	COR	RA	1		1GC1_G_C,3IDX_HL_G,2NY7_HL_G	52
3244	1GC1_C_QC33A	QC33A	QC33A	1GC1	1GC1_C	P01730	-0.105	-0.105	3.6e-09	4.3e-09	RIM	RA	1		1GC1_G_C,3IDX_HL_G,2NY7_HL_G	52
3245	1GC1_C_NC32A	NC32A	NC32A	1GC1	1GC1_C	P01730	-0.183	-0.183	3.6e-09	4.9e-09	RIM	RA	1		1GC1_G_C,3IDX_HL_G,2NY7_HL_G	52
3246	1GC1_C_SC31A	SC31A	SC31A	1GC1	1GC1_C	P01730	-0.105	-0.105	3.6e-09	4.3e-09	SUR	RA	1		1GC1_G_C,3IDX_HL_G,2NY7_HL_G	52
3247	1GC1_C_NC30A	NC30A	NC30A	1GC1	1GC1_C	P01730	-0.17	-0.17	3.6e-09	4.8e-09	INT	RA	1		1GC1_G_C,3IDX_HL_G,2NY7_HL_G	52
3248	1GC1_C_KC29A	KC29A	KC29A	1GC1	1GC1_C	P01730	-0.536	-0.536	3.6e-09	8.9e-09	SUP	RA	1		1GC1_G_C,3IDX_HL_G,2NY7_HL_G	52
3249	1GC1_C_HC27A	HC27A	HC27A	1GC1	1GC1_C	P01730	-0.283	-0.283	3.6e-09	5.8e-09	COR	RA	1		1GC1_G_C,3IDX_HL_G,2NY7_HL_G	52
3250	1GC1_C_QC25A	QC25A	QC25A	1GC1	1GC1_C	P01730	-0.032	-0.032	3.6e-09	3.8e-09	COR	RA	1		1GC1_G_C,3IDX_HL_G,2NY7_HL_G	52
3251	1GC1_C_SC23A	SC23A	SC23A	1GC1	1GC1_C	P01730	-0.293	-0.293	3.6e-09	5.9e-09	RIM	RA	1		1GC1_G_C,3IDX_HL_G,2NY7_HL_G	52
3252	1GC1_C_KC22A	KC22A	KC22A	1GC1	1GC1_C	P01730	-0.24	-0.24	3.6e-09	5.4e-09	SUR	RA	1		1GC1_G_C,3IDX_HL_G,2NY7_HL_G	52
3253	1GC1_C_EC77A	EC77A	EC77A	1GC1	1GC1_C	P01730	-0.562	-0.562	3.6e-09	9.3e-09	SUR	RA	1		1GC1_G_C,3IDX_HL_G,2NY7_HL_G	52
3254	1GC1_C_KC75A	KC75A	KC75A	1GC1	1GC1_C	P01730	-0.158	-0.158	3.6e-09	4.7e-09	SUR	RA	1		1GC1_G_C,3IDX_HL_G,2NY7_HL_G	52
3255	1GC1_C_NC73A	NC73A	NC73A	1GC1	1GC1_C	P01730	0.108	0.108	3.6e-09	3e-09	SUR	RA	1		1GC1_G_C,3IDX_HL_G,2NY7_HL_G	52
3256	1GC1_C_KC72A	KC72A	KC72A	1GC1	1GC1_C	P01730	0.017	0.017	3.6e-09	3.5e-09	SUR	RA	1		1GC1_G_C,3IDX_HL_G,2NY7_HL_G	52
3257	1GC1_C_NC66A	NC66A	NC66A	1GC1	1GC1_C	P01730	0.034	0.034	3.6e-09	3.4e-09	INT	RA	1		1GC1_G_C,3IDX_HL_G,2NY7_HL_G	52
3258	1GC1_C_QC64A	QC64A	QC64A	1GC1	1GC1_C	P01730	-0.443	-0.443	3.6e-09	7.6e-09	RIM	RA	1		1GC1_G_C,3IDX_HL_G,2NY7_HL_G	52
3259	1GC1_C_DC63A	DC63A	DC63A	1GC1	1GC1_C	P01730	0.319	0.319	3.6e-09	2.1e-09	RIM	RA	1		1GC1_G_C,3IDX_HL_G,2NY7_HL_G	52
3260	1GC1_C_SC60A	SC60A	SC60A	1GC1	1GC1_C	P01730	0.089	0.089	3.6e-09	3.1e-09	RIM	RA	1		1GC1_G_C,3IDX_HL_G,2NY7_HL_G	52
3261	1GC1_C_RC59A	RC59A	RC59A	1GC1	1GC1_C	P01730	-1.176	-1.176	3.6e-09	2.62e-08	RIM	RA	1		1GC1_G_C,3IDX_HL_G,2NY7_HL_G	52
3262	1GC1_C_RC58A	RC58A	RC58A	1GC1	1GC1_C	P01730	-0.132	-0.132	3.6e-09	4.5e-09	SUR	RA	1		1GC1_G_C,3IDX_HL_G,2NY7_HL_G	52
3263	1GC1_C_DC56A	DC56A	DC56A	1GC1	1GC1_C	P01730	0.07	0.07	3.6e-09	3.2e-09	SUR	RA	1		1GC1_G_C,3IDX_HL_G,2NY7_HL_G	52
3264	1GC1_C_DC53A	DC53A	DC53A	1GC1	1GC1_C	P01730	-0.303	-0.303	3.6e-09	6e-09	SUR	RA	1		1GC1_G_C,3IDX_HL_G,2NY7_HL_G	52
3265	1GC1_C_NC52A	NC52A	NC52A	1GC1	1GC1_C	P01730	-0.708	-0.708	3.6e-09	1.19e-08	COR	RA	1		1GC1_G_C,3IDX_HL_G,2NY7_HL_G	52
3266	1GC1_C_LC51A	LC51A	LC51A	1GC1	1GC1_C	P01730	-1.234	-1.234	3.6e-09	2.89e-08	INT	RA	1		1GC1_G_C,3IDX_HL_G,2NY7_HL_G	52
3267	1GC1_C_KC50A	KC50A	KC50A	1GC1	1GC1_C	P01730	-0.047	-0.047	3.6e-09	3.9e-09	SUR	RA	1		1GC1_G_C,3IDX_HL_G,2NY7_HL_G	52
3268	1GC1_C_SC49A	SC49A	SC49A	1GC1	1GC1_C	P01730	-0.611	-0.611	3.6e-09	1.01e-08	INT	RA	1		1GC1_G_C,3IDX_HL_G,2NY7_HL_G	52
3269	1GC1_C_QC89L	QC89L	QC89L	1GC1	1GC1_C	P01730	0.311	0.311	3.6e-09	2.13e-09	SUR	RA	1		1GC1_G_C,3IDX_HL_G,2NY7_HL_G	52
3270	1GC1_C_QC94A	QC94A	QC94A	1GC1	1GC1_C	P01730	0.108	0.108	3.6e-09	3e-09	SUR	RA	1		1GC1_G_C,3IDX_HL_G,2NY7_HL_G	52
3271	1GC1_C_EC92A	EC92A	EC92A	1GC1	1GC1_C	P01730	-0.016	-0.016	3.6e-09	3.7e-09	SUR	RA	1		1GC1_G_C,3IDX_HL_G,2NY7_HL_G	52
3272	1GC1_C_EC91A	EC91A	EC91A	1GC1	1GC1_C	P01730	0.128	0.128	3.6e-09	2.9e-09	SUR	RA	1		1GC1_G_C,3IDX_HL_G,2NY7_HL_G	52
3273	1GC1_C_KC90A	KC90A	KC90A	1GC1	1GC1_C	P01730	-0.047	-0.047	3.6e-09	3.9e-09	SUR	RA	1		1GC1_G_C,3IDX_HL_G,2NY7_HL_G	52
3274	1GC1_C_QC89A	QC89A	QC89A	1GC1	1GC1_C	P01730	-0.17	-0.17	3.6e-09	4.8e-09	SUR	RA	1		1GC1_G_C,3IDX_HL_G,2NY7_HL_G	52
3275	1GC1_C_DC88A	DC88A	DC88A	1GC1	1GC1_C	P01730	0.07	0.07	3.6e-09	3.2e-09	SUR	RA	1		1GC1_G_C,3IDX_HL_G,2NY7_HL_G	52
3276	1GC1_C_EC87A	EC87A	EC87A	1GC1	1GC1_C	P01730	-0.218	-0.218	3.6e-09	5.2e-09	SUR	RA	1		1GC1_G_C,3IDX_HL_G,2NY7_HL_G	52
3277	1GC1_C_VC86A	VC86A	VC86A	1GC1	1GC1_C	P01730	0.07	0.07	3.6e-09	3.2e-09	INT	RA	1		1GC1_G_C,3IDX_HL_G,2NY7_HL_G	52
3278	1GC1_C_EC85A	EC85A	EC85A	1GC1	1GC1_C	P01730	-1.323	-1.323	3.6e-09	3.36e-08	SUP	RA	1		1GC1_G_C,3IDX_HL_G,2NY7_HL_G	52
3279	1GC1_C_YC82A	YC82A	YC82A	1GC1	1GC1_C	P01730	-1.291	-1.291	3.6e-09	3.18e-08	INT	RA	1		1GC1_G_C,3IDX_HL_G,2NY7_HL_G	52
3280	1A4Y_B_EB108A	EB108A	EB108A	1A4Y	1A4Y_B	P03950	0.323	0.323	5e-16	2.9e-16	COR	SFPF	1		1A4Y_A_B,1Z7X_W_X	1
3281	1A4Y_B_NB68A	NB68A	NB68A	1A4Y	1A4Y_B	P03950	-0.118	-0.118	5e-16	6.1e-16	RIM	SFPF	1		1A4Y_A_B,1Z7X_W_X	1
3282	1A4Y_B_QB12A	QB12A	QB12A	1A4Y	1A4Y_B	P03950	-0.3	-0.3	5e-16	8.3e-16	SUP	SFPF	1		1A4Y_A_B,1Z7X_W_X	1
3283	1A4Y_B_HB8A	HB8A	HB8A	1A4Y	1A4Y_B	P03950	-0.904	-0.904	5e-16	2.3e-15	RIM	SFPF	1		1A4Y_A_B,1Z7X_W_X	1
3284	1A4Y_B_WB89A	WB89A	WB89A	1A4Y	1A4Y_B	P03950	-0.24	-0.24	5.4e-16	8.1e-16	RIM	SFFL	1		1A4Y_A_B,1Z7X_W_X	1
3285	1A4Y_B_HB84A	HB84A	HB84A	1A4Y	1A4Y_B	P03950	-0.17	-0.17	5.4e-16	7.2e-16	COR	SFFL	1		1A4Y_A_B,1Z7X_W_X	1
3286	1A4Y_B_RB70A	RB70A	RB70A	1A4Y	1A4Y_B	P03950	0.232	0.232	7.1e-16	4.8e-16	INT	IASP	1		1A4Y_A_B,1Z7X_W_X	1
3287	1A4Y_B_RB66A	RB66A	RB66A	1A4Y	1A4Y_B	P03950	-0.203	-0.203	7.1e-16	1e-15	SUR	IASP	1		1A4Y_A_B,1Z7X_W_X	1
3288	1A4Y_B_RB32A	RB32A	RB32A	1A4Y	1A4Y_B	P03950	-0.91	-0.91	7.1e-16	3.3e-15	RIM	IASP	1		1A4Y_A_B,1Z7X_W_X	1
3289	1A4Y_B_RB5A	RB5A	RB5A	1A4Y	1A4Y_B	P03950	-2.309	-2.309	7.1e-16	3.5e-14	COR	IASP	1		1A4Y_A_B,1Z7X_W_X	1
3290	1A4Y_B_HB114A	HB114A	HB114A	1A4Y	1A4Y_B	P03950	-0.657	-0.657	3.3e-16	1e-15	COR	SFFL	1		1A4Y_A_B,1Z7X_W_X	1
3291	1A4Y_B_HB13A	HB13A	HB13A	1A4Y	1A4Y_B	P03950	0.297	0.297	3.3e-16	2e-16	SUP	SFFL	1		1A4Y_A_B,1Z7X_W_X	1
3292	1A4Y_B_KB40Q	KB40Q	KB40Q	1A4Y	1A4Y_B	P03950	-4.252	-4.252	7.1e-16	9.3e-13	SUP	SFFL	1		1A4Y_A_B,1Z7X_W_X	1
3293	1A4Y_B_RB33A	RB33A	RB33A	1A4Y	1A4Y_B	P03950	-0.327	-0.327	3.8e-16	6.6e-16	SUR	IASP	1		1A4Y_A_B,1Z7X_W_X	1
3294	1A4Y_B_RB31A	RB31A	RB31A	1A4Y	1A4Y_B	P03950	-0.251	-0.251	3.8e-16	5.8e-16	COR	IASP	1		1A4Y_A_B,1Z7X_W_X	1
3295	1A4Y_B_KB40G	KB40G	KB40G	1A4Y	1A4Y_B	P03950	-3.237	-3.237	3.9e-16	9.2e-14	SUP	SFFL	1		1A4Y_A_B,1Z7X_W_X	1
3296	1A4Y_A_RA457A	RA457A	RA457A	1A4Y	1A4Y_A	P13489	0.224	0.224	5.4e-16	3.7e-16	RIM	SFFL	1		1A4Y_A_B,1Z7X_W_X	1
3297	1A4Y_A_YA437A	YA437A	YA437A	1A4Y	1A4Y_A	P13489	-0.836	-0.836	3.9e-16	1.6e-15	COR	SFPF	1		1A4Y_A_B,1Z7X_W_X	1
3298	1A4Y_A_DA435A	DA435A	DA435A	1A4Y	1A4Y_A	P13489	-3.486	-3.486	3.9e-16	1.4e-13	COR	SFPF	1		1A4Y_A_B,1Z7X_W_X	1
3299	1A4Y_A_YA434A	YA434A	YA434A	1A4Y	1A4Y_A	P13489	-3.262	-3.262	3.9e-16	9.6e-14	COR	SFPF	1		1A4Y_A_B,1Z7X_W_X	1
3300	1A4Y_A_EA287A	EA287A	EA287A	1A4Y	1A4Y_A	P13489	-0.101	-0.101	5.4e-16	6.4e-16	SUR	SFFL	1		1A4Y_A_B,1Z7X_W_X	1
3301	1A4Y_A_WA263A	WA263A	WA263A	1A4Y	1A4Y_A	P13489	-1.171	-1.171	5.4e-16	3.9e-15	COR	SFFL	1		1A4Y_A_B,1Z7X_W_X	1
3302	1A4Y_A_WA261A	WA261A	WA261A	1A4Y	1A4Y_A	P13489	-0.101	-0.101	5.4e-16	6.4e-16	COR	SFFL	1		1A4Y_A_B,1Z7X_W_X	1
3303	1A4Y_A_IA459A	IA459A	IA459A	1A4Y	1A4Y_A	P13489	-0.679	-0.679	5.4e-16	1.7e-15	COR	SFFL	1		1A4Y_A_B,1Z7X_W_X	1
3304	1A4Y_A_EA401A	EA401A	EA401A	1A4Y	1A4Y_A	P13489	-0.884	-0.884	5.4e-16	2.4e-15	COR	SFFL	1		1A4Y_A_B,1Z7X_W_X	1
3305	1A4Y_A_WA375A	WA375A	WA375A	1A4Y	1A4Y_A	P13489	-1.035	-1.035	5.4e-16	3.1e-15	SUP	SFFL	1		1A4Y_A_B,1Z7X_W_X	1
3306	1A4Y_A_EA344A	EA344A	EA344A	1A4Y	1A4Y_A	P13489	-0.179	-0.179	5.4e-16	7.3e-16	COR	SFFL	1		1A4Y_A_B,1Z7X_W_X	1
3307	1A4Y_A_KA320A	KA320A	KA320A	1A4Y	1A4Y_A	P13489	0.31	0.31	5.4e-16	3.2e-16	COR	SFFL	1		1A4Y_A_B,1Z7X_W_X	1
3308	1A4Y_A_WA318A	WA318A	WA318A	1A4Y	1A4Y_A	P13489	-1.501	-1.501	5.4e-16	6.8e-15	SUP	SFFL	1		1A4Y_A_B,1Z7X_W_X	1
3309	1A4Y_A_SA289A	SA289A	SA289A	1A4Y	1A4Y_A	P13489	-0.042	-0.042	5.4e-16	5.8e-16	SUP	SFFL	1		1A4Y_A_B,1Z7X_W_X	1
3310	1A4Y_A_YA437F	YA437F	YA437F	1A4Y	1A4Y_A	P13489	-0.245	-0.245	3.9e-16	5.9e-16	COR	SFFL	1		1A4Y_A_B,1Z7X_W_X	1
3311	1A4Y_A_YA434F	YA434F	YA434F	1A4Y	1A4Y_A	P13489	-0.558	-0.558	3.9e-16	1e-15	COR	SFFL	1		1A4Y_A_B,1Z7X_W_X	1
3312	1Z7X_W_IW459A	IW459A	IW459A	1Z7X	1Z7X_W	P13489	-0.337	-0.337	4.3e-14	7.6e-14	SUP	SFFL	1		1Z7X_W_X,1A4Y_A_B	1
3313	1Z7X_W_RW457A	RW457A	RW457A	1Z7X	1Z7X_W	P13489	-0.848	-0.848	4.3e-14	1.8e-13	RIM	SFFL	1		1Z7X_W_X,1A4Y_A_B	1
3314	1Z7X_W_YW437A	YW437A	YW437A	1Z7X	1Z7X_W	P13489	-2.624	-2.624	3.1e-14	2.6e-12	COR	SFPF	1		1Z7X_W_X,1A4Y_A_B	1
3315	1Z7X_W_DW435A	DW435A	DW435A	1Z7X	1Z7X_W	P13489	-3.662	-3.662	3.1e-14	1.5e-11	COR	SFPF	1		1Z7X_W_X,1A4Y_A_B	1
3316	1Z7X_W_YW434A	YW434A	YW434A	1Z7X	1Z7X_W	P13489	-5.956	-5.956	3.1e-14	7.2e-10	COR	SFPF	1		1Z7X_W_X,1A4Y_A_B	1
3317	1Z7X_W_EW401A	EW401A	EW401A	1Z7X	1Z7X_W	P13489	-1.306	-1.306	4.3e-14	3.9e-13	RIM	SFFL	1		1Z7X_W_X,1A4Y_A_B	1
3318	1Z7X_W_WW375A	WW375A	WW375A	1Z7X	1Z7X_W	P13489	-1.67	-1.67	4.3e-14	7.2e-13	COR	SFFL	1		1Z7X_W_X,1A4Y_A_B	1
3319	1Z7X_W_EW344A	EW344A	EW344A	1Z7X	1Z7X_W	P13489	-1.562	-1.562	4.3e-14	6e-13	SUP	SFFL	1		1Z7X_W_X,1A4Y_A_B	1
3320	1Z7X_W_KW320A	KW320A	KW320A	1Z7X	1Z7X_W	P13489	-1.321	-1.321	4.3e-14	4e-13	COR	SFFL	1		1Z7X_W_X,1A4Y_A_B	1
3321	1Z7X_W_WW318A	WW318A	WW318A	1Z7X	1Z7X_W	P13489	-0.993	-0.993	4.3e-14	2.3e-13	SUP	SFFL	1		1Z7X_W_X,1A4Y_A_B	1
3322	1Z7X_W_SW289A	SW289A	SW289A	1Z7X	1Z7X_W	P13489	-0.814	-0.814	4.3e-14	1.7e-13	SUP	SFFL	1		1Z7X_W_X,1A4Y_A_B	1
3323	1Z7X_W_EW287A	EW287A	EW287A	1Z7X	1Z7X_W	P13489	-1.321	-1.321	4.3e-14	4e-13	RIM	SFFL	1		1Z7X_W_X,1A4Y_A_B	1
3324	1Z7X_W_WW263A	WW263A	WW263A	1Z7X	1Z7X_W	P13489	-2.212	-2.212	4.3e-14	1.8e-12	SUP	SFFL	1		1Z7X_W_X,1A4Y_A_B	1
3325	1Z7X_W_WW261A	WW261A	WW261A	1Z7X	1Z7X_W	P13489	-1.336	-1.336	4.3e-14	4.1e-13	COR	SFFL	1		1Z7X_W_X,1A4Y_A_B	1
3326	1Z7X_W_EW206A	EW206A	EW206A	1Z7X	1Z7X_W	P13489	-1.019	-1.019	4.3e-14	2.4e-13	SUP	SFFL	1		1Z7X_W_X,1A4Y_A_B	1
3327	1Z7X_W_YW437F	YW437F	YW437F	1Z7X	1Z7X_W	P13489	-2.166	-2.166	3.1e-14	1.2e-12	COR	SFFL	1		1Z7X_W_X,1A4Y_A_B	1
3328	1Z7X_W_YW434F	YW434F	YW434F	1Z7X	1Z7X_W	P13489	-0.121	-0.121	3.1e-14	3.8e-14	COR	SFFL	1		1Z7X_W_X,1A4Y_A_B	1
3329	1Y3C_I_AI62R	AI62R	AI43R	1Y3C	1Y3C_I	Q40059	1.256	1.256	2.5e-11	3e-12	INT	IASP	1	Pr/PI	Pr/PI	2
3330	1TM4_I_GI59M	GI59M	GI40M	1TM4	1TM4_I	Q40059	2.233	2.233	1.3e-10	3e-12	COR	IASP	1	Pr/PI	Pr/PI	2
3331	1TM5_I_AI59M	AI59M	AI40M	1TM5	1TM5_I	Q40059	1.028	1.028	1.7e-11	3e-12	COR	IASP	1	Pr/PI	Pr/PI	2
3332	1TM7_I_YI59M	YI59M	YI40M	1TM7	1TM7_I	Q40059	0.056	0.056	3.3e-12	3e-12	COR	IASP	1	Pr/PI	Pr/PI	2
3333	1ACB_I_LI45P	LI45P	LI38P	1ACB	1ACB_I	P01051	-6.949	-6.949	1.49e-12	1.85e-07	COR	IASP	1	Pr/PI	Pr/PI	2
3334	1ACB_I_LI45I	LI45I	LI38I	1ACB	1ACB_I	P01051	-4.29	-4.29	1.49e-12	2.08e-09	COR	IASP	1	Pr/PI	Pr/PI	2
3335	1ACB_I_LI45S	LI45S	LI38S	1ACB	1ACB_I	P01051	-5.021	-5.021	1.49e-12	7.14e-09	COR	IASP	1	Pr/PI	Pr/PI	2
3336	1ACB_I_LI45D	LI45D	LI38D	1ACB	1ACB_I	P01051	-6.867	-6.867	1.49e-12	1.61e-07	COR	IASP	1	Pr/PI	Pr/PI	2
3337	1ACB_I_LI45E	LI45E	LI38E	1ACB	1ACB_I	P01051	-6.646	-6.646	1.49e-12	1.11e-07	COR	IASP	1	Pr/PI	Pr/PI	2
3338	1ACB_I_LI45G	LI45G	LI38G	1ACB	1ACB_I	P01051	-6.118	-6.118	1.49e-12	4.55e-08	COR	IASP	1	Pr/PI	Pr/PI	2
3339	1Y34_I_AI60E	AI60E	AI41E	1Y34	1Y34_I	Q40059	3.054	3.054	5.2e-10	3e-12	COR	IASP	1	Pr/PI	Pr/PI	2
3340	1Y1K_I_AI58T	AI58T	AI39T	1Y1K	1Y1K_I	Q40059	2.728	2.728	3e-10	3e-12	COR	IASP	1	Pr/PI	Pr/PI	2
3341	1Y48_I_AI65R	AI65R	AI46R	1Y48	1Y48_I	Q40059	3.756	3.756	1.7e-09	3e-12	INT	IASP	1	Pr/PI	Pr/PI	2
3342	1Y33_I_PI58T	PI58T	PI39T	1Y33	1Y33_I	Q40059	3.756	3.756	1.7e-09	3e-12	COR	IASP	1	Pr/PI	Pr/PI	2
3343	1SIB_I_KI53R	KI53R	KI46R	1SIB	1SIB_I	P01051	0.732	0.732	1.1e-10	3.2e-11	INT	IASP	1	Pr/PI	Pr/PI	2
3344	1CSE_I_LI45G	LI45G	LI38G	1CSE	1CSE_I	P01051	-2.281	-2.281	1.12e-12	5.26e-11	COR	IASP	1	Pr/PI	Pr/PI	2
3345	1CSE_I_LI45S	LI45S	LI38S	1CSE	1CSE_I	P01051	-1.189	-1.189	1.12e-12	8.33e-12	COR	IASP	1	Pr/PI	Pr/PI	2
3346	1CSE_I_LI45P	LI45P	LI38P	1CSE	1CSE_I	P01051	-6.765	-6.765	1.12e-12	1.02e-07	COR	IASP	1	Pr/PI	Pr/PI	2
3347	1CSE_I_LI45D	LI45D	LI38D	1CSE	1CSE_I	P01051	-4.412	-4.412	1.12e-12	1.92e-09	COR	IASP	1	Pr/PI	Pr/PI	2
3348	1CSE_I_LI45I	LI45I	LI38I	1CSE	1CSE_I	P01051	-2.982	-2.982	1.12e-12	1.72e-10	COR	IASP	1	Pr/PI	Pr/PI	2
3349	1CSE_I_LI45E	LI45E	LI38E	1CSE	1CSE_I	P01051	-2.383	-2.383	1.12e-12	6.25e-11	COR	IASP	1	Pr/PI	Pr/PI	2
3350	1TMG_I_FI59M	FI59M	FI40M	1TMG	1TMG_I	Q40059	1.028	1.028	1.7e-11	3e-12	COR	IASP	1	Pr/PI	Pr/PI	2
3351	1Y3B_I_SI60E	SI60E	SI41E	1Y3B	1Y3B_I	Q40059	2.748	2.748	3.1e-10	3e-12	COR	IASP	1	Pr/PI	Pr/PI	2
3352	1Y3D_I_AI67R	AI67R	AI48R	1Y3D	1Y3D_I	Q40059	3.098	3.098	5.6e-10	3e-12	INT	IASP	1	Pr/PI	Pr/PI	2
3353	1TM3_I_KI59M	KI59M	KI40M	1TM3	1TM3_I	Q40059	1.094	1.094	1.9e-11	3e-12	COR	IASP	1	Pr/PI	Pr/PI	2
3354	1TM1_I_EI60A	EI60A	EI41A	1TM1	1TM1_I	Q40059	-2.925	-2.925,-2.925	7e-13,3e-12	9.75e-11,5.2e-10	COR	IASP	1	Pr/PI	Pr/PI	2
3355	1TM1_I_TI58A	TI58A	TI39A	1TM1	1TM1_I	Q40059	-2.572	-2.572,-2.572	7e-13,3e-12	5.38e-11,3e-10	COR	IASP	1	Pr/PI	Pr/PI	2
3356	1TM1_I_RI67A	RI67A	RI48A	1TM1	1TM1_I	Q40059	-2.923	-2.923,-2.923	2e-12,3e-12	2.78e-10,5.6e-10	SUP	IASP,SFFL	1	Pr/PI	Pr/PI	2
3357	1TM1_I_YI61A	YI61A	YI42A	1TM1	1TM1_I	Q40059	-2.18	-2.18,-2.18	2e-12,3e-12	7.92e-11,4.6e-10	COR	IASP,SFFL	1	Pr/PI	Pr/PI	2
3358	1TM1_I_RI65A	RI65A	RI46A	1TM1	1TM1_I	Q40059	-3.08	-3.08,-3.08	2e-12,3e-12	3.62e-10,1.7e-09	INT	IASP,SFFL	1	Pr/PI	Pr/PI	2
3359	1TM1_I_EI60S	EI60S	EI41S	1TM1	1TM1_I	Q40059	-2.748	-2.748	3e-12	3.1e-10	COR	IASP	1	Pr/PI	Pr/PI	2
3360	1TM1_I_TI58P	TI58P	TI39P	1TM1	1TM1_I	Q40059	-3.756	-3.756	3e-12	1.7e-09	COR	IASP	1	Pr/PI	Pr/PI	2
3361	1TM1_I_VI70A	VI70A	VI51A	1TM1	1TM1_I	Q40059	-0.025	-0.025	7e-13	7.3e-13	INT	IASP	1	Pr/PI	Pr/PI	2
3362	1TM1_I_RI62A	RI62A	RI43A	1TM1	1TM1_I	Q40059	-1.256	-1.256	3e-12	2.5e-11	RIM	IASP	1	Pr/PI	Pr/PI	2
3363	1TM1_I_MI59F	MI59F	MI40F	1TM1	1TM1_I	Q40059	-1.028	-1.028	3e-12	1.7e-11	COR	IASP	1	Pr/PI	Pr/PI	2
3364	1TM1_I_MI59Y	MI59Y	MI40Y	1TM1	1TM1_I	Q40059	-0.056	-0.056	3e-12	3.3e-12	COR	IASP	1	Pr/PI	Pr/PI	2
3365	1TM1_I_MI59K	MI59K	MI40K	1TM1	1TM1_I	Q40059	-1.094	-1.094	3e-12	1.9e-11	COR	IASP	1	Pr/PI	Pr/PI	2
3366	1TM1_I_MI59A	MI59A	MI40A	1TM1	1TM1_I	Q40059	-1.028	-1.028	3e-12	1.7e-11	COR	IASP	1	Pr/PI	Pr/PI	2
3367	1TM1_I_MI59G	MI59G	MI40G	1TM1	1TM1_I	Q40059	-2.233	-2.233	3e-12	1.3e-10	COR	IASP	1	Pr/PI	Pr/PI	2
3368	1TM1_I_TI58D	TI58D	TI39D	1TM1	1TM1_I	Q40059	-2.099	-2.099	7e-13	2.42e-11	COR	IASP	1	Pr/PI	Pr/PI	2
3369	1TM1_I_RI67C	RI67C	RI48C	1TM1	1TM1_I	Q40059	-3.236	-3.236	2e-12	4.71e-10	SUP	SFFL	1	Pr/PI	Pr/PI	2
3370	1TM1_I_YI61G	YI61G	YI42G	1TM1	1TM1_I	Q40059	-4.681	-4.681	2e-12	5.4e-09	COR	SFFL	1	Pr/PI	Pr/PI	2
3371	1TO1_I_AI61Y	AI61Y	AI42Y	1TO1	1TO1_I	Q40059	2.982	2.982	4.6e-10	3e-12	COR	IASP	1	Pr/PI	Pr/PI	2
3372	1SBN_I_RI45K	RI45K	RI38K	1SBN	1SBN_I	P01051	0.31	0.31	5.4e-11	3.2e-11	COR	IASP	1	Pr/PI	Pr/PI	2
3373	2JEL_P_EP85K	EP85K	EP85K	2JEL	2JEL_P	P0AA04	0.0	0.0	3e-09	3e-09	SUR	CSPRIA	1	AB/AG	AB/AG	53
3374	2JEL_P_EP85A	EP85A	EP85A	2JEL	2JEL_P	P0AA04	0.0	0.0	3e-09	3e-09	SUR	CSPRIA	1	AB/AG	AB/AG	53
3375	2JEL_P_EP85D	EP85D	EP85D	2JEL	2JEL_P	P0AA04	0.0	0.0	3e-09	3e-09	SUR	CSPRIA	1	AB/AG	AB/AG	53
3376	2JEL_P_EP85Q	EP85Q	EP85Q	2JEL	2JEL_P	P0AA04	0.0	0.0	3e-09	3e-09	SUR	CSPRIA	1	AB/AG	AB/AG	53
3377	2JEL_P_EP83A	EP83A	EP83A	2JEL	2JEL_P	P0AA04	0.0	0.0	3e-09	3e-09	SUR	CSPRIA	1	AB/AG	AB/AG	53
3378	2JEL_P_AP82S	AP82S	AP82S	2JEL	2JEL_P	P0AA04	0.0	0.0	3e-09	3e-09	SUR	CSPRIA	1	AB/AG	AB/AG	53
3379	2JEL_P_KP79E	KP79E	KP79E	2JEL	2JEL_P	P0AA04	-0.411	-0.411	3e-09	6e-09	RIM	CSPRIA	1	AB/AG	AB/AG	53
3380	2JEL_P_HP76A	HP76A	HP76A	2JEL	2JEL_P	P0AA04	0.411	0.411	3e-09	1.5e-09	RIM	CSPRIA	1	AB/AG	AB/AG	53
3381	2JEL_P_HP76D	HP76D	HP76D	2JEL	2JEL_P	P0AA04	0.651	0.651	3e-09	1e-09	RIM	CSPRIA	1	AB/AG	AB/AG	53
3382	2JEL_P_EP75R	EP75R	EP75R	2JEL	2JEL_P	P0AA04	-2.728	-2.728	3e-09	3e-07	COR	CSPRIA	1	AB/AG	AB/AG	53
3383	2JEL_P_KP72E	KP72E	KP72E	2JEL	2JEL_P	P0AA04	-0.411	-0.411	3e-09	6e-09	RIM	CSPRIA	1	AB/AG	AB/AG	53
3384	2JEL_P_KP72R	KP72R	KP72R	2JEL	2JEL_P	P0AA04	0.0	0.0	3e-09	3e-09	RIM	CSPRIA	1	AB/AG	AB/AG	53
3385	2JEL_P_QP71E	QP71E	QP71E	2JEL	2JEL_P	P0AA04	-2.728	-2.728	3e-09	3e-07	COR	CSPRIA	1	AB/AG	AB/AG	53
3386	2JEL_P_EP70A	EP70A	EP70A	2JEL	2JEL_P	P0AA04	-2.728	-2.728	3e-09	3e-07	SUP	CSPRIA	1	AB/AG	AB/AG	53
3387	2JEL_P_EP70K	EP70K	EP70K	2JEL	2JEL_P	P0AA04	-4.093	-4.093	3e-09	3e-06	SUP	CSPRIA	1	AB/AG	AB/AG	53
3388	2JEL_P_DP69E	DP69E	DP69E	2JEL	2JEL_P	P0AA04	-0.954	-0.954	3e-09	1.5e-08	INT	CSPRIA	1	AB/AG	AB/AG	53
3389	2JEL_P_TP34N	TP34N	TP34N	2JEL	2JEL_P	P0AA04	-6.821	-6.821	3e-09	0.0003	COR	CSPRIA	2	AB/AG	AB/AG	53
3390	2JEL_P_KP27E	KP27E	KP27E	2JEL	2JEL_P	P0AA04	0.0	0.0	3e-09	3e-09	SUR	CSPRIA	1	AB/AG	AB/AG	53
3391	2JEL_P_KP24E	KP24E	KP24E	2JEL	2JEL_P	P0AA04	0.0	0.0	3e-09	3e-09	SUR	CSPRIA	1	AB/AG	AB/AG	53
3392	2JEL_P_RP17K	RP17K	RP17K	2JEL	2JEL_P	P0AA04	0.0	0.0	3e-09	3e-09	SUR	CSPRIA	1	AB/AG	AB/AG	53
3393	2JEL_P_EP68A	EP68A	EP68A	2JEL	2JEL_P	P0AA04	-0.411	-0.411	3e-09	6e-09	RIM	CSPRIA	1	AB/AG	AB/AG	53
3394	2JEL_P_EP66K	EP66K	EP66K	2JEL	2JEL_P	P0AA04	-4.093	-4.093	3e-09	3e-06	COR	CSPRIA	1	AB/AG	AB/AG	53
3395	2JEL_P_SP64T	SP64T	SP64T	2JEL	2JEL_P	P0AA04	-4.093	-4.093	3e-09	3e-06	SUP	CSPRIA	1	AB/AG	AB/AG	53
3396	2JEL_P_TP62A	TP62A	TP62A	2JEL	2JEL_P	P0AA04	0.0	0.0	3e-09	3e-09	INT	CSPRIA	1	AB/AG	AB/AG	53
3397	2JEL_P_TP62N	TP62N	TP62N	2JEL	2JEL_P	P0AA04	0.0	0.0	3e-09	3e-09	INT	CSPRIA	1	AB/AG	AB/AG	53
3398	2JEL_P_QP57E	QP57E	QP57E	2JEL	2JEL_P	P0AA04	0.411	0.411	3e-09	1.5e-09	SUR	CSPRIA	1	AB/AG	AB/AG	53
3399	2JEL_P_SP46C	SP46C	SP46C	2JEL	2JEL_P	P0AA04	0.0	0.0	3e-09	3e-09	INT	CSPRIA	1	AB/AG	AB/AG	53
3400	2JEL_P_SP43C	SP43C	SP43C	2JEL	2JEL_P	P0AA04	0.0	0.0	3e-09	3e-09	SUR	CSPRIA	1	AB/AG	AB/AG	53
3401	2JEL_P_SP41C	SP41C	SP41C	2JEL	2JEL_P	P0AA04	-1.496	-1.496	3e-09	3.75e-08	RIM	CSPRIA	1	AB/AG	AB/AG	53
3402	2JEL_P_NP38T	NP38T	NP38T	2JEL	2JEL_P	P0AA04	0.0	0.0	3e-09	3e-09	SUR	CSPRIA	1	AB/AG	AB/AG	53
3403	2JEL_P_TP36Q	TP36Q	TP36Q	2JEL	2JEL_P	P0AA04	-0.411	-0.411	3e-09	6e-09	COR	CSPRIA	1	AB/AG	AB/AG	53
3404	2JEL_P_TP34Q	TP34Q	TP34Q	2JEL	2JEL_P	P0AA04	0.0	0.0	3e-09	3e-09	COR	CSPRIA	1	AB/AG	AB/AG	53
3405	2JEL_P_RP17G	RP17G	RP17G	2JEL	2JEL_P	P0AA04	0.0	0.0	3e-09	3e-09	SUR	CSPRIA	1	AB/AG	AB/AG	53
3406	2JEL_P_NP12D	NP12D	NP12D	2JEL	2JEL_P	P0AA04	0.0	0.0	3e-09	3e-09	SUR	CSPRIA	1	AB/AG	AB/AG	53
3407	2JEL_P_PP11E	PP11E	PP11E	2JEL	2JEL_P	P0AA04	0.0	0.0	3e-09	3e-09	SUR	CSPRIA	1	AB/AG	AB/AG	53
3408	2JEL_P_TP7S	TP7S	TP7S	2JEL	2JEL_P	P0AA04	0.0	0.0	3e-09	3e-09	SUR	CSPRIA	1	AB/AG	AB/AG	53
3409	2JEL_P_TP7N	TP7N	TP7N	2JEL	2JEL_P	P0AA04	-0.411	-0.411	3e-09	6e-09	SUR	CSPRIA	1	AB/AG	AB/AG	53
3410	2JEL_P_VP6F	VP6F	VP6F	2JEL	2JEL_P	P0AA04	0.0	0.0	3e-09	3e-09	INT	CSPRIA	1	AB/AG	AB/AG	53
3411	2JEL_P_EP5Q	EP5Q	EP5Q	2JEL	2JEL_P	P0AA04	-0.713	-0.713	3e-09	1e-08	RIM	CSPRIA	1	AB/AG	AB/AG	53
3412	2JEL_P_EP5D	EP5D	EP5D	2JEL	2JEL_P	P0AA04	-0.411	-0.411	3e-09	6e-09	RIM	CSPRIA	1	AB/AG	AB/AG	53
3413	2JEL_P_QP4K	QP4K	QP4K	2JEL	2JEL_P	P0AA04	-1.364	-1.364	3e-09	3e-08	COR	CSPRIA	1	AB/AG	AB/AG	53
3414	2JEL_P_QP3K	QP3K	QP3K	2JEL	2JEL_P	P0AA04	-4.093	-4.093	3e-09	3e-06	COR	CSPRIA	1	AB/AG	AB/AG	53
3415	2JEL_P_FP2W	FP2W	FP2W	2JEL	2JEL_P	P0AA04	-2.62	-2.62	3e-09	2.5e-07	COR	CSPRIA	1	AB/AG	AB/AG	53
3416	2JEL_P_FP2Y	FP2Y	FP2Y	2JEL	2JEL_P	P0AA04	0.0	0.0	3e-09	3e-09	COR	CSPRIA	1	AB/AG	AB/AG	53
3417	1B41_B_VB34T	VB34T	VB34T	1B41	1B41_B	P0C1Z0	-1.214	-1.214	9.4e-11	7.3e-10	COR	IASP	2		1B41_A_B,1FSS_A_B,1MAH_A_F	5
3418	1B41_B_MB33Y	MB33Y	MB33Y	1B41	1B41_B	P0C1Z0	-0.707	-0.707	9.4e-11	3.1e-10	COR	IASP	2		1B41_A_B,1FSS_A_B,1MAH_A_F	5
3419	1B41_B_MB33Q	MB33Q	MB33Q	1B41	1B41_B	P0C1Z0	-1.596	-1.596	9.4e-11	1.39e-09	COR	IASP	2		1B41_A_B,1FSS_A_B,1MAH_A_F	5
3420	1B41_B_MB33L	MB33L	MB33L	1B41	1B41_B	P0C1Z0	-1.811	-1.811	9.4e-11	2e-09	COR	IASP	2		1B41_A_B,1FSS_A_B,1MAH_A_F	5
3421	1B41_B_MB33F	MB33F	MB33F	1B41	1B41_B	P0C1Z0	-0.779	-0.779	9.4e-11	3.5e-10	COR	IASP	2		1B41_A_B,1FSS_A_B,1MAH_A_F	5
3422	1B41_B_KB32R	KB32R	KB32R	1B41	1B41_B	P0C1Z0	-0.391	-0.391	9.4e-11	1.82e-10	RIM	IASP	2		1B41_A_B,1FSS_A_B,1MAH_A_F	5
3423	1B41_B_HB29R	HB29R	HB29R	1B41	1B41_B	P0C1Z0	0.409	0.409	9.4e-11	4.71e-11	RIM	IASP	2		1B41_A_B,1FSS_A_B,1MAH_A_F	5
3424	1B41_B_HB29K	HB29K	HB29K	1B41	1B41_B	P0C1Z0	0.888	0.888	9.4e-11	2.1e-11	RIM	IASP	2		1B41_A_B,1FSS_A_B,1MAH_A_F	5
3425	1B41_B_RB27Y	RB27Y	RB27Y	1B41	1B41_B	P0C1Z0	-2.397	-2.397	9.4e-11	5.37e-09	COR	IASP	2		1B41_A_B,1FSS_A_B,1MAH_A_F	5
3426	1B41_B_RB27M	RB27M	RB27M	1B41	1B41_B	P0C1Z0	-1.484	-1.484	9.4e-11	1.15e-09	COR	IASP	2		1B41_A_B,1FSS_A_B,1MAH_A_F	5
3427	1B41_B_RB27F	RB27F	RB27F	1B41	1B41_B	P0C1Z0	-2.108	-2.108	9.4e-11	3.3e-09	COR	IASP	2		1B41_A_B,1FSS_A_B,1MAH_A_F	5
3428	1B41_B_AB12S	AB12S	AB12S	1B41	1B41_B	P0C1Z0	-0.707	-0.707	9.4e-11	3.1e-10	COR	IASP	2		1B41_A_B,1FSS_A_B,1MAH_A_F	5
3429	1B41_B_RB11K	RB11K	RB11K	1B41	1B41_B	P0C1Z0	-0.625	-0.625	9.4e-11	2.7e-10	RIM	IASP	2		1B41_A_B,1FSS_A_B,1MAH_A_F	5
3430	1B41_B_TB9N	TB9N	TB9N	1B41	1B41_B	P0C1Z0	-3.611	-3.611	9.4e-11	4.17e-08	COR	IASP	2		1B41_A_B,1FSS_A_B,1MAH_A_F	5
3431	1B41_B_TB9I	TB9I	TB9I	1B41	1B41_B	P0C1Z0	-0.025	-0.025	9.4e-11	9.8e-11	COR	IASP	2		1B41_A_B,1FSS_A_B,1MAH_A_F	5
3432	1B41_B_TB8V	TB8V	TB8V	1B41	1B41_B	P0C1Z0	-1.136	-1.136	9.4e-11	6.4e-10	COR	IASP	2		1B41_A_B,1FSS_A_B,1MAH_A_F	5
3433	1B41_B_NB47R	NB47R	NB47R	1B41	1B41_B	P0C1Z0	0.03	0.03	9.4e-11	8.93e-11	COR	IASP	2		1B41_A_B,1FSS_A_B,1MAH_A_F	5
3434	1B41_B_NB47W	NB47W	NB47W	1B41	1B41_B	P0C1Z0	-0.037	-0.037	9.4e-11	1e-10	COR	IASP	2		1B41_A_B,1FSS_A_B,1MAH_A_F	5
3435	1B41_B_NB47F	NB47F	NB47F	1B41	1B41_B	P0C1Z0	0.142	0.142	9.4e-11	7.4e-11	COR	IASP	2		1B41_A_B,1FSS_A_B,1MAH_A_F	5
3436	1B41_B_LB35W	LB35W	LB35W	1B41	1B41_B	P0C1Z0	-1.305	-1.305	9.4e-11	8.5e-10	COR	IASP	2		1B41_A_B,1FSS_A_B,1MAH_A_F	5
3437	1FSS_B_RB11K	RB11K	RB11K	1FSS	1FSS_B	P0C1Z0	-0.315	-0.315,-0.315	3.7e-10,3.1e-10	6.3e-10,5.3e-10	RIM	IASP	2		1FSS_A_B,1B41_A_B,1MAH_A_F	5
3438	1FSS_B_TB9N	TB9N	TB9N	1FSS	1FSS_B	P0C1Z0	-1.199	-1.199,-1.199	3.7e-10,3.1e-10	2.8e-09,2.8e-09	COR	IASP	2		1FSS_A_B,1B41_A_B,1MAH_A_F	5
3439	1FSS_B_TB8V	TB8V	TB8V	1FSS	1FSS_B	P0C1Z0	-0.369	-0.369,-0.369	3.7e-10,3.1e-10	6.9e-10,1.25e-10	COR	IASP	2		1FSS_A_B,1B41_A_B,1MAH_A_F	5
3440	1FSS_B_KB32R	KB32R	KB32R	1FSS	1FSS_B	P0C1Z0	-1.083	-1.083,-1.083	3.7e-10,3.1e-10	2.3e-09,2.3e-09	RIM	IASP	2		1FSS_A_B,1B41_A_B,1MAH_A_F	5
3441	1FSS_B_HB29R	HB29R	HB29R	1FSS	1FSS_B	P0C1Z0	1.488	1.488,1.488	3.7e-10,3.1e-10	3e-11,5.2e-11	RIM	IASP	2		1FSS_A_B,1B41_A_B,1MAH_A_F	5
3442	1FSS_B_NB47R	NB47R	NB47R	1FSS	1FSS_B	P0C1Z0	0.535	0.535	3.7e-10	1.5e-10	RIM	IASP	2		1FSS_A_B,1B41_A_B,1MAH_A_F	5
3443	1FSS_B_NB47W	NB47W	NB47W	1FSS	1FSS_B	P0C1Z0	-0.116	-0.116	3.7e-10	4.5e-10	RIM	IASP	2		1FSS_A_B,1B41_A_B,1MAH_A_F	5
3444	1FSS_B_NB47F	NB47F	NB47F	1FSS	1FSS_B	P0C1Z0	-0.493	-0.493	3.7e-10	8.5e-10	RIM	IASP	2		1FSS_A_B,1B41_A_B,1MAH_A_F	5
3445	1FSS_B_LB35W	LB35W	LB35W	1FSS	1FSS_B	P0C1Z0	-1.452	-1.452	3.7e-10	4.29e-09	COR	IASP	2		1FSS_A_B,1B41_A_B,1MAH_A_F	5
3446	1FSS_B_VB34T	VB34T	VB34T	1FSS	1FSS_B	P0C1Z0	-1.586	-1.586	3.7e-10	5.38e-09	COR	IASP	2		1FSS_A_B,1B41_A_B,1MAH_A_F	5
3447	1FSS_B_MB33Y	MB33Y	MB33Y	1FSS	1FSS_B	P0C1Z0	-1.395	-1.395	3.7e-10	3.9e-09	COR	IASP	2		1FSS_A_B,1B41_A_B,1MAH_A_F	5
3448	1FSS_B_MB33Q	MB33Q	MB33Q	1FSS	1FSS_B	P0C1Z0	-1.573	-1.573	3.7e-10	5.26e-09	COR	IASP	2		1FSS_A_B,1B41_A_B,1MAH_A_F	5
3449	1FSS_B_MB33L	MB33L	MB33L	1FSS	1FSS_B	P0C1Z0	-0.963	-0.963	3.7e-10	1.88e-09	COR	IASP	2		1FSS_A_B,1B41_A_B,1MAH_A_F	5
3450	1FSS_B_MB33F	MB33F	MB33F	1FSS	1FSS_B	P0C1Z0	-0.937	-0.937	3.7e-10	1.8e-09	COR	IASP	2		1FSS_A_B,1B41_A_B,1MAH_A_F	5
3451	1FSS_B_HB29K	HB29K	HB29K	1FSS	1FSS_B	P0C1Z0	0.62	0.62	3.7e-10	1.3e-10	RIM	IASP	2		1FSS_A_B,1B41_A_B,1MAH_A_F	5
3452	1FSS_B_RB27Y	RB27Y	RB27Y	1FSS	1FSS_B	P0C1Z0	-2.629	-2.629	3.7e-10	3.13e-08	COR	IASP	2		1FSS_A_B,1B41_A_B,1MAH_A_F	5
3453	1FSS_B_RB27M	RB27M	RB27M	1FSS	1FSS_B	P0C1Z0	-2.664	-2.664	3.7e-10	3.32e-08	COR	IASP	2		1FSS_A_B,1B41_A_B,1MAH_A_F	5
3454	1FSS_B_RB27F	RB27F	RB27F	1FSS	1FSS_B	P0C1Z0	-2.436	-2.436	3.7e-10	2.26e-08	COR	IASP	2		1FSS_A_B,1B41_A_B,1MAH_A_F	5
3455	1FSS_B_AB12S	AB12S	AB12S	1FSS	1FSS_B	P0C1Z0	-0.325	-0.325	3.7e-10	6.4e-10	COR	IASP	2		1FSS_A_B,1B41_A_B,1MAH_A_F	5
3456	1FSS_B_TB9I	TB9I	TB9I	1FSS	1FSS_B	P0C1Z0	0.232	0.232	3.7e-10	2.5e-10	COR	IASP	2		1FSS_A_B,1B41_A_B,1MAH_A_F	5
3457	1B2S_A_AA27K	AA27K	AA27K	1B2S	1B2S_A	P00648	3.866	3.866	1.57e-10	2.3e-13	SUP	SFFL	1		1BRS_A_D,1B2U_A_D,1B2S_A_D,1B3S_A_D,1X1W_A_D,1X1X_A_D	4
3458	1B2U_D_AD36D	AD36D	AD36D	1B2U	1B2U_D	P11540	4.168	4.168	1e-07	8.8e-11	COR	SFFL	1		1BRS_A_D,1B2U_A_D,1B2S_A_D,1B3S_A_D,1X1W_A_D,1X1X_A_D	4
3459	1BRS_A_HA102A	HA102A	HA100A	1BRS	1BRS_A	P00648	-6.146	-6.146,-6.146,-6.146,-6.146	1e-14,6e-14,1.3e-14,1.3e-13	3.2e-10,7e-09,5e-10,3.7e-09	COR	ITC,SFFL,IAFL	1		1BRS_A_D,1B2U_A_D,1B2S_A_D,1B3S_A_D,1X1W_A_D,1X1X_A_D	4
3460	1BRS_A_RA59A	RA59A	RA57A	1BRS	1BRS_A	P00648	-5.245	-5.245,-5.245,-5.245,-5.245	1e-14,6e-14,1.3e-14,1.3e-13	7e-11,1.5e-10,8.2e-11,5e-10	COR	ITC,SFFL,IAFL	1		1BRS_A_D,1B2U_A_D,1B2S_A_D,1B3S_A_D,1X1W_A_D,1X1X_A_D	4
3461	1BRS_A_KA27A	KA27A	KA25A	1BRS	1BRS_A	P00648	-5.381	-5.381,-5.381,-5.381	1e-14,1.3e-14,1.3e-13	8.8e-11,1.2e-10,3e-10	COR	ITC,SFFL	1		1BRS_A_D,1B2U_A_D,1B2S_A_D,1B3S_A_D,1X1W_A_D,1X1X_A_D	4
3462	1BRS_A_EA73A	EA73A	EA71A	1BRS	1BRS_A	P00648	-2.348	-2.348,-2.348,-2.348	1e-14,1.3e-14,1.3e-13	5.26e-13,3.2e-13,1.5e-11	SUP	ITC,SFFL	1		1BRS_A_D,1B2U_A_D,1B2S_A_D,1B3S_A_D,1X1W_A_D,1X1X_A_D	4
3463	1BRS_A_EA60A	EA60A	EA58A	1BRS	1BRS_A	P00648	0.326	0.326,0.326	1.3e-14,1.3e-13	7.5e-15,3.1e-13	RIM	SFFL	1		1BRS_A_D,1B2U_A_D,1B2S_A_D,1B3S_A_D,1X1W_A_D,1X1X_A_D	4
3464	1BRS_A_NA58A	NA58A	NA56A	1BRS	1BRS_A	P00648	-3.066	-3.066,-3.066	1.3e-14,1.3e-13	2.3e-12,2.5e-11	SUP	SFFL	1		1BRS_A_D,1B2U_A_D,1B2S_A_D,1B3S_A_D,1X1W_A_D,1X1X_A_D	4
3465	1BRS_A_DA54A	DA54A	DA52A	1BRS	1BRS_A	P00648	0.889	0.889,0.889	1.3e-14,1.3e-13	2.9e-15,9.8e-14	INT	SFFL	1		1BRS_A_D,1B2U_A_D,1B2S_A_D,1B3S_A_D,1X1W_A_D,1X1X_A_D	4
3466	1BRS_A_WA35F	WA35F	WA33F	1BRS	1BRS_A	P00648	-1.408	-1.408,-1.408	1.3e-14,1.3e-13	1.4e-13,8.5e-13	SUP	SFFL	1		1BRS_A_D,1B2U_A_D,1B2S_A_D,1B3S_A_D,1X1W_A_D,1X1X_A_D	4
3467	1BRS_A_RA87A	RA87A	RA85A	1BRS	1BRS_A	P00648	-5.565	-5.565,-5.565	1e-14,1.3e-14	1.2e-10,3e-10	SUP	ITC,SFFL	1		1BRS_A_D,1B2U_A_D,1B2S_A_D,1B3S_A_D,1X1W_A_D,1X1X_A_D	4
3468	1BRS_A_HA102L	HA102L	HA100L	1BRS	1BRS_A	P00648	-7.666	-7.666	6e-14	2.5e-08	COR	IAFL	1		1BRS_A_D,1B2U_A_D,1B2S_A_D,1B3S_A_D,1X1W_A_D,1X1X_A_D	4
3469	1BRS_A_HA102G	HA102G	HA100G	1BRS	1BRS_A	P00648	-6.821	-6.821	6e-14	6e-09	COR	IAFL	1		1BRS_A_D,1B2U_A_D,1B2S_A_D,1B3S_A_D,1X1W_A_D,1X1X_A_D	4
3470	1BRS_A_HA102D	HA102D	HA100D	1BRS	1BRS_A	P00648	-4.551	-4.551	6e-14	1.3e-10	COR	IAFL	1		1BRS_A_D,1B2U_A_D,1B2S_A_D,1B3S_A_D,1X1W_A_D,1X1X_A_D	4
3471	1BRS_A_HA102Q	HA102Q	HA100Q	1BRS	1BRS_A	P00648	-4.551	-4.551	6e-14	1.3e-10	COR	IAFL	1		1BRS_A_D,1B2U_A_D,1B2S_A_D,1B3S_A_D,1X1W_A_D,1X1X_A_D	4
3472	1BRS_A_RA59K	RA59K	RA57K	1BRS	1BRS_A	P00648	-2.488	-2.488	6e-14	4e-12	COR	IAFL	1		1BRS_A_D,1B2U_A_D,1B2S_A_D,1B3S_A_D,1X1W_A_D,1X1X_A_D	4
3473	1BRS_A_EA73S	EA73S	EA71S	1BRS	1BRS_A	P00648	-3.01	-3.01	1e-14	1.61e-12	SUP	ITC	1		1BRS_A_D,1B2U_A_D,1B2S_A_D,1B3S_A_D,1X1W_A_D,1X1X_A_D	4
3474	1BRS_A_EA73C	EA73C	EA71C	1BRS	1BRS_A	P00648	-2.529	-2.529	1e-14	7.14e-13	SUP	ITC	1		1BRS_A_D,1B2U_A_D,1B2S_A_D,1B3S_A_D,1X1W_A_D,1X1X_A_D	4
3475	1BRS_A_EA73F	EA73F	EA71F	1BRS	1BRS_A	P00648	-2.235	-2.235	1e-14	4.35e-13	SUP	ITC	1		1BRS_A_D,1B2U_A_D,1B2S_A_D,1B3S_A_D,1X1W_A_D,1X1X_A_D	4
3476	1BRS_A_EA73Y	EA73Y	EA71Y	1BRS	1BRS_A	P00648	-2.414	-2.414	1e-14	5.88e-13	SUP	ITC	1		1BRS_A_D,1B2U_A_D,1B2S_A_D,1B3S_A_D,1X1W_A_D,1X1X_A_D	4
3477	1BRS_A_EA73W	EA73W	EA71W	1BRS	1BRS_A	P00648	-1.657	-1.657	1e-14	1.64e-13	SUP	ITC	1		1BRS_A_D,1B2U_A_D,1B2S_A_D,1B3S_A_D,1X1W_A_D,1X1X_A_D	4
3478	1BRS_A_EA73Q	EA73Q	EA71Q	1BRS	1BRS_A	P00648	-1.452	-1.452	1e-14	1.16e-13	SUP	ITC	1		1BRS_A_D,1B2U_A_D,1B2S_A_D,1B3S_A_D,1X1W_A_D,1X1X_A_D	4
3479	1BRS_A_RA83Q	RA83Q	RA81Q	1BRS	1BRS_A	P00648	-5.42	-5.42	1e-14	9.4e-11	COR	SFFL	1		1BRS_A_D,1B2U_A_D,1B2S_A_D,1B3S_A_D,1X1W_A_D,1X1X_A_D	4
3480	1B3S_A_AA102H	AA102H	AA102H	1B3S	1B3S_A	P00648	5.682	5.682	1.17e-10	8e-15	COR	SFFL	1		1BRS_A_D,1B2U_A_D,1B2S_A_D,1B3S_A_D,1X1W_A_D,1X1X_A_D	4
3481	1B2S_D_AD43T	AD43T	AD43T	1B2S	1B2S_D	P11540	0.343	0.343	1.57e-10	8.8e-11	RIM	SFFL	1		1BRS_A_D,1B2U_A_D,1B2S_A_D,1B3S_A_D,1X1W_A_D,1X1X_A_D	4
3482	1BRS_D_ED80A	ED80A	ED78A	1BRS	1BRS_D	P11540	-0.543	-0.543,-0.543	1e-14,1.32e-10	2.5e-14,2.64e-10	SUR	SPR,SFFL	1		1BRS_A_D,1B2U_A_D,1B2S_A_D,1B3S_A_D,1X1W_A_D,1X1X_A_D	4
3483	1BRS_D_ED76A	ED76A	ED74A	1BRS	1BRS_D	P11540	-1.364	-1.364,-1.364	1e-14,1.32e-10	1e-13,5.3e-10	RIM	ITC,SPR	1		1BRS_A_D,1B2U_A_D,1B2S_A_D,1B3S_A_D,1X1W_A_D,1X1X_A_D	4
3484	1BRS_D_DD39A	DD39A	DD39A	1BRS	1BRS_D	P11540	-7.651	-7.651,-7.651	1e-14,1.32e-10	4.06e-09,2.96e-06	COR	ITC,SPR	1		1BRS_A_D,1B2U_A_D,1B2S_A_D,1B3S_A_D,1X1W_A_D,1X1X_A_D	4
3485	1BRS_D_DD35A	DD35A	DD35A	1BRS	1BRS_D	P11540	-4.503	-4.503,-4.503	1e-14,1.32e-10	2e-11,1.27e-07	COR	ITC,SPR	1		1BRS_A_D,1B2U_A_D,1B2S_A_D,1B3S_A_D,1X1W_A_D,1X1X_A_D	4
3486	1BRS_D_WD44F	WD44F	WD44F	1BRS	1BRS_D	P11540	-0.056	-0.056	1e-14	1.1e-14	COR	SFFL	1		1BRS_A_D,1B2U_A_D,1B2S_A_D,1B3S_A_D,1X1W_A_D,1X1X_A_D	4
3487	1BRS_D_TD42A	TD42A	TD42A	1BRS	1BRS_D	P11540	-1.858	-1.858	1e-14	2.3e-13	COR	SFFL	1		1BRS_A_D,1B2U_A_D,1B2S_A_D,1B3S_A_D,1X1W_A_D,1X1X_A_D	4
3488	1BRS_D_WD38F	WD38F	WD38F	1BRS	1BRS_D	P11540	-1.643	-1.643	1e-14	1.6e-13	COR	SFFL	1		1BRS_A_D,1B2U_A_D,1B2S_A_D,1B3S_A_D,1X1W_A_D,1X1X_A_D	4
3489	1BRS_D_YD29A	YD29A	YD29A	1BRS	1BRS_D	P11540	-3.471	-3.471	1e-14	3.5e-12	RIM	ITC	1		1BRS_A_D,1B2U_A_D,1B2S_A_D,1B3S_A_D,1X1W_A_D,1X1X_A_D	4
3490	1BRS_D_YD29F	YD29F	YD29F	1BRS	1BRS_D	P11540	0.132	0.132	1e-14	8e-15	RIM	ITC	1		1BRS_A_D,1B2U_A_D,1B2S_A_D,1B3S_A_D,1X1W_A_D,1X1X_A_D	4
3491	1X1X_D_AD76E	AD76E	AD76E	1X1X	1X1X_D	P11540	0.824	0.824	5.3e-10	1.32e-10	SUP	SPR	1		1BRS_A_D,1B2U_A_D,1B2S_A_D,1B3S_A_D,1X1W_A_D,1X1X_A_D	4
3492	1B3S_D_FD30Y	FD30Y	FD30Y	1B3S	1B3S_D	P11540	-0.596	-0.596	1.17e-10	3.2e-10	RIM	SFFL	1		1BRS_A_D,1B2U_A_D,1B2S_A_D,1B3S_A_D,1X1W_A_D,1X1X_A_D	4
3493	1B2U_A_AA27K	AA27K	AA27K	1B2U	1B2U_A	P00648	5.046	5.046	1e-07	2e-11	SUP	SFFL	1		1BRS_A_D,1B2U_A_D,1B2S_A_D,1B3S_A_D,1X1W_A_D,1X1X_A_D	4
3494	1X1W_D_AD80E	AD80E	AD81E	1X1W	1X1W_D	P11540	0.411	0.411	2.64e-10	1.32e-10	SUR	SPR	1		1BRS_A_D,1B2U_A_D,1B2S_A_D,1B3S_A_D,1X1W_A_D,1X1X_A_D	4
3495	2B0U_C_FC52A	FC52A	FC52A	2B0U	2B0U_C	P19883	0.0	0.0	2e-11	2e-11	COR	SPR	2		2B0U_AB_C,3B4V_AB_C,3HH2_AB_C,3BK3_A_C,3SEK_B_C	19
3496	2B0U_C_IC51A	IC51A	IC51A	2B0U	2B0U_C	P19883	0.0	0.0	2e-11	2e-11	COR	SPR	2		2B0U_AB_C,3B4V_AB_C,3HH2_AB_C,3BK3_A_C,3SEK_B_C	19
3497	2B0U_C_FC47A	FC47A	FC47A	2B0U	2B0U_C	P19883	-0.543	-0.543	2e-11	5e-11	COR	SPR	2		2B0U_AB_C,3B4V_AB_C,3HH2_AB_C,3BK3_A_C,3SEK_B_C	19
3498	2B0U_C_FC52E	FC52E	FC52E	2B0U	2B0U_C	P19883	0.0	0.0	2e-11	2e-11	COR	SPR	2		2B0U_AB_C,3B4V_AB_C,3HH2_AB_C,3BK3_A_C,3SEK_B_C	19
3499	2B0U_C_IC51E	IC51E	IC51E	2B0U	2B0U_C	P19883	-0.24	-0.24	2e-11	3e-11	COR	SPR	2		2B0U_AB_C,3B4V_AB_C,3HH2_AB_C,3BK3_A_C,3SEK_B_C	19
3500	2B0U_C_FC47E	FC47E	FC47E	2B0U	2B0U_C	P19883	-0.411	-0.411	2e-11	4e-11	COR	SPR	2		2B0U_AB_C,3B4V_AB_C,3HH2_AB_C,3BK3_A_C,3SEK_B_C	19
3501	2B0U_C_VC15E	VC15E	VC15E	2B0U	2B0U_C	P19883	0.0	0.0	2e-11	2e-11	COR	SPR	2		2B0U_AB_C,3B4V_AB_C,3HH2_AB_C,3BK3_A_C,3SEK_B_C	19
3502	3SEK_C_LC61E	LC61E	LC48E	3SEK	3SEK_C	O95633	-4.216	-4.216	1.3e-09	1.6e-06	COR	SPR	2		3SEK_B_C,3B4V_AB_C,3HH2_AB_C,3BK3_A_C,2B0U_AB_C	19
3503	3SEK_C_FC60E	FC60E	FC47E	3SEK	3SEK_C	O95633	-4.456	-4.456	1.3e-09	2.4e-06	COR	SPR	2		3SEK_B_C,3B4V_AB_C,3HH2_AB_C,3BK3_A_C,2B0U_AB_C	19
3504	3SEK_C_LC57E	LC57E	LC44E	3SEK	3SEK_C	O95633	-4.456	-4.456	1.3e-09	2.4e-06	COR	SPR	2		3SEK_B_C,3B4V_AB_C,3HH2_AB_C,3BK3_A_C,2B0U_AB_C	19
3505	3SEK_C_LC24E	LC24E	LC11E	3SEK	3SEK_C	O95633	-2.887	-2.887	1.3e-09	1.7e-07	COR	SPR	2		3SEK_B_C,3B4V_AB_C,3HH2_AB_C,3BK3_A_C,2B0U_AB_C	19
3506	3SEK_C_LC61A	LC61A	LC48A	3SEK	3SEK_C	O95633	-3.409	-3.409	1.3e-09	4.1e-07	COR	SPR	2		3SEK_B_C,3B4V_AB_C,3HH2_AB_C,3BK3_A_C,2B0U_AB_C	19
3507	3SEK_C_FC60A	FC60A	FC47A	3SEK	3SEK_C	O95633	-2.229	-2.229	1.3e-09	5.6e-08	COR	SPR	2		3SEK_B_C,3B4V_AB_C,3HH2_AB_C,3BK3_A_C,2B0U_AB_C	19
3508	3SEK_C_LC57A	LC57A	LC44A	3SEK	3SEK_C	O95633	-2.681	-2.681	1.3e-09	1.2e-07	COR	SPR	2		3SEK_B_C,3B4V_AB_C,3HH2_AB_C,3BK3_A_C,2B0U_AB_C	19
3509	3HH2_C_FC52A	FC52A	FC52A	3HH2	3HH2_C	P19883	-1.273	-1.273	6.3e-09	5.4e-08	COR	SPR	2		3HH2_AB_C,3SEK_B_C,2B0U_AB_C,3BK3_A_C,3B4V_AB_C	19
3510	3HH2_C_IC51A	IC51A	IC51A	3HH2	3HH2_C	P19883	-0.713	-0.713	6.3e-09	2.1e-08	COR	SPR	2		3HH2_AB_C,3SEK_B_C,2B0U_AB_C,3BK3_A_C,3B4V_AB_C	19
3511	3HH2_C_FC47A	FC47A	FC47A	3HH2	3HH2_C	P19883	-1.325	-1.325	6.3e-09	5.9e-08	COR	SPR	2		3HH2_AB_C,3SEK_B_C,2B0U_AB_C,3BK3_A_C,3B4V_AB_C	19
3512	3HH2_C_FC52E	FC52E	FC52E	3HH2	3HH2_C	P19883	-0.817	-0.817	6.3e-09	2.5e-08	COR	SPR	2		3HH2_AB_C,3SEK_B_C,2B0U_AB_C,3BK3_A_C,3B4V_AB_C	19
3513	3HH2_C_IC51E	IC51E	IC51E	3HH2	3HH2_C	P19883	-0.862	-0.862	6.3e-09	2.7e-08	COR	SPR	2		3HH2_AB_C,3SEK_B_C,2B0U_AB_C,3BK3_A_C,3B4V_AB_C	19
3514	3HH2_C_FC47E	FC47E	FC47E	3HH2	3HH2_C	P19883	-0.713	-0.713	6.3e-09	2.1e-08	COR	SPR	2		3HH2_AB_C,3SEK_B_C,2B0U_AB_C,3BK3_A_C,3B4V_AB_C	19
3515	3HH2_C_VC15E	VC15E	VC15E	3HH2	3HH2_C	P19883	-0.684	-0.684	6.3e-09	2e-08	COR	SPR	2		3HH2_AB_C,3SEK_B_C,2B0U_AB_C,3BK3_A_C,3B4V_AB_C	19
3516	3B4V_C_FC60A	FC60A	FC52A	3B4V	3B4V_C	O95633	-3.85	-3.85	1.4e-10	9.3e-08	COR	SPR	2		3B4V_AB_C,3SEK_B_C,2B0U_AB_C,1KTZ_A_B,3BK3_A_C,3HH2_AB_C	19
3517	3B4V_C_LC57A	LC57A	LC49A	3B4V	3B4V_C	O95633	-3.581	-3.581	1.4e-10	5.9e-08	COR	SPR	2		3B4V_AB_C,3SEK_B_C,2B0U_AB_C,1KTZ_A_B,3BK3_A_C,3HH2_AB_C	19
3518	3B4V_C_LC61E	LC61E	LC53E	3B4V	3B4V_C	O95633	-4.093	-4.093	1.4e-10	1.4e-07	COR	SPR	2		3B4V_AB_C,3SEK_B_C,2B0U_AB_C,1KTZ_A_B,3BK3_A_C,3HH2_AB_C	19
3519	3B4V_C_FC60E	FC60E	FC52E	3B4V	3B4V_C	O95633	-3.881	-3.881	1.4e-10	9.8e-08	COR	SPR	2		3B4V_AB_C,3SEK_B_C,2B0U_AB_C,1KTZ_A_B,3BK3_A_C,3HH2_AB_C	19
3520	3B4V_C_LC57E	LC57E	LC49E	3B4V	3B4V_C	O95633	-4.133	-4.133	1.4e-10	1.5e-07	COR	SPR	2		3B4V_AB_C,3SEK_B_C,2B0U_AB_C,1KTZ_A_B,3BK3_A_C,3HH2_AB_C	19
3521	3B4V_C_LC24E	LC24E	LC16E	3B4V	3B4V_C	O95633	-0.821	-0.821	1.4e-10	5.6e-10	COR	SPR	2		3B4V_AB_C,3SEK_B_C,2B0U_AB_C,1KTZ_A_B,3BK3_A_C,3HH2_AB_C	19
3522	3B4V_C_LC61A	LC61A	LC53A	3B4V	3B4V_C	O95633	-3.393	-3.393	1.4e-10	4.3e-08	COR	SPR	2		3B4V_AB_C,3SEK_B_C,2B0U_AB_C,1KTZ_A_B,3BK3_A_C,3HH2_AB_C	19
3523	1KTZ_A_RA94A	RA94A	RA64A	1KTZ	1KTZ_A	P10600	-2.884	-2.884	7.3e-08	9.5e-06	RIM	SPR	1		1KTZ_A_B,1REW_AB_C,2QJ9_AB_C,2QJA_AB_C,2QJB_AB_C,3B4V_AB_C	45
3524	1KTZ_A_RA25A	RA25A	RA13A	1KTZ	1KTZ_A	P10600	-1.482	-1.482	7.3e-08	8.9e-07	RIM	SPR	1		1KTZ_A_B,1REW_AB_C,2QJ9_AB_C,2QJA_AB_C,2QJB_AB_C,3B4V_AB_C	45
3525	1KTZ_A_RA94K	RA94K	RA64K	1KTZ	1KTZ_A	P10600	-2.201	-2.201	7.3e-08	3e-06	RIM	SPR	1		1KTZ_A_B,1REW_AB_C,2QJ9_AB_C,2QJA_AB_C,2QJB_AB_C,3B4V_AB_C	45
3526	1KTZ_A_RA25K	RA25K	RA13K	1KTZ	1KTZ_A	P10600	-1.152	-1.152	7.3e-08	5.1e-07	RIM	SPR	1		1KTZ_A_B,1REW_AB_C,2QJ9_AB_C,2QJA_AB_C,2QJB_AB_C,3B4V_AB_C	45
3527	1KTZ_A_VA92I	VA92I	VA62I	1KTZ	1KTZ_A	P10600	-0.243	-0.243	7.3e-08	1.1e-07	COR	SPR	1		1KTZ_A_B,1REW_AB_C,2QJ9_AB_C,2QJA_AB_C,2QJB_AB_C,3B4V_AB_C	45
3528	1KTZ_B_EB119Q	EB119Q	EB95Q	1KTZ	1KTZ_B	P37173	-1.627	-1.627	6.8e-07	1.06e-05	COR	SPR	1		1KTZ_A_B,1REW_AB_C,2QJ9_AB_C,2QJA_AB_C,2QJB_AB_C,3B4V_AB_C	45
3529	1KTZ_B_EB119A	EB119A	EB95A	1KTZ	1KTZ_B	P37173	-1.494	-1.494	6.8e-07	8.47e-06	COR	SPR	1		1KTZ_A_B,1REW_AB_C,2QJ9_AB_C,2QJA_AB_C,2QJB_AB_C,3B4V_AB_C	45
3530	1KTZ_B_DB118A	DB118A	DB94A	1KTZ	1KTZ_B	P37173	-0.815	-0.815	6.8e-07	2.69e-06	RIM	SPR	1		1KTZ_A_B,1REW_AB_C,2QJ9_AB_C,2QJA_AB_C,2QJB_AB_C,3B4V_AB_C	45
3531	1KTZ_B_VB77A	VB77A	VB53A	1KTZ	1KTZ_B	P37173	-0.415	-0.415	6.8e-07	1.37e-06	SUP	SPR	1		1KTZ_A_B,1REW_AB_C,2QJ9_AB_C,2QJA_AB_C,2QJB_AB_C,3B4V_AB_C	45
3532	1KTZ_B_EB55A	EB55A	EB31A	1KTZ	1KTZ_B	P37173	-1.217	-1.217	6.8e-07	5.3e-06	RIM	SPR	1		1KTZ_A_B,1REW_AB_C,2QJ9_AB_C,2QJA_AB_C,2QJB_AB_C,3B4V_AB_C	45
3533	1KTZ_B_IB53A	IB53A	IB29A	1KTZ	1KTZ_B	P37173	-1.37	-1.37	6.8e-07	6.87e-06	COR	SPR	1		1KTZ_A_B,1REW_AB_C,2QJ9_AB_C,2QJA_AB_C,2QJB_AB_C,3B4V_AB_C	45
3534	1KTZ_B_SB52L	SB52L	SB28L	1KTZ	1KTZ_B	P37173	-4.038	-4.038	6.8e-07	0.00062	SUP	SPR	1		1KTZ_A_B,1REW_AB_C,2QJ9_AB_C,2QJA_AB_C,2QJB_AB_C,3B4V_AB_C	45
3535	1KTZ_B_SB52A	SB52A	SB28A	1KTZ	1KTZ_B	P37173	-0.217	-0.217	6.8e-07	9.8e-07	SUP	SPR	1		1KTZ_A_B,1REW_AB_C,2QJ9_AB_C,2QJA_AB_C,2QJB_AB_C,3B4V_AB_C	45
3536	1KTZ_B_TB51A	TB51A	TB27A	1KTZ	1KTZ_B	P37173	-1.514	-1.514	6.8e-07	8.75e-06	COR	SPR	1		1KTZ_A_B,1REW_AB_C,2QJ9_AB_C,2QJA_AB_C,2QJB_AB_C,3B4V_AB_C	45
3537	1KTZ_B_IB50A	IB50A	IB26A	1KTZ	1KTZ_B	P37173	-1.896	-1.896	6.8e-07	1.67e-05	COR	SPR	1		1KTZ_A_B,1REW_AB_C,2QJ9_AB_C,2QJA_AB_C,2QJB_AB_C,3B4V_AB_C	45
3538	1KTZ_B_SB49A	SB49A	SB25A	1KTZ	1KTZ_B	P37173	-0.327	-0.327	6.8e-07	1.18e-06	RIM	SPR	1		1KTZ_A_B,1REW_AB_C,2QJ9_AB_C,2QJA_AB_C,2QJB_AB_C,3B4V_AB_C	45
3539	1KTZ_B_DB32N	DB32N	DB8N	1KTZ	1KTZ_B	P37173	-2.0	-2.0	6.8e-07	1.99e-05	RIM	SPR	1		1KTZ_A_B,1REW_AB_C,2QJ9_AB_C,2QJA_AB_C,2QJB_AB_C,3B4V_AB_C	45
3540	1KTZ_B_DB32A	DB32A	DB8A	1KTZ	1KTZ_B	P37173	-1.522	-1.522	6.8e-07	8.87e-06	RIM	SPR	1		1KTZ_A_B,1REW_AB_C,2QJ9_AB_C,2QJA_AB_C,2QJB_AB_C,3B4V_AB_C	45
3541	1KTZ_B_FB30A	FB30A	FB6A	1KTZ	1KTZ_B	P37173	-2.98	-2.98	6.8e-07	0.000104	COR	SPR	1		1KTZ_A_B,1REW_AB_C,2QJ9_AB_C,2QJA_AB_C,2QJB_AB_C,3B4V_AB_C	45
3542	1KTZ_B_IB125A	IB125A	IB101A	1KTZ	1KTZ_B	P37173	-0.539	-0.539	6.8e-07	1.69e-06	INT	SPR	1		1KTZ_A_B,1REW_AB_C,2QJ9_AB_C,2QJA_AB_C,2QJB_AB_C,3B4V_AB_C	45
3543	1KTZ_B_MB112A	MB112A	MB88A	1KTZ	1KTZ_B	P37173	-0.871	-0.871	6.8e-07	2.96e-06	INT	SPR	1		1KTZ_A_B,1REW_AB_C,2QJ9_AB_C,2QJA_AB_C,2QJB_AB_C,3B4V_AB_C	45
3544	1KTZ_B_FB110A	FB110A	FB86A	1KTZ	1KTZ_B	P37173	-0.932	-0.932	6.8e-07	3.28e-06	INT	SPR	1		1KTZ_A_B,1REW_AB_C,2QJ9_AB_C,2QJA_AB_C,2QJB_AB_C,3B4V_AB_C	45
3545	1KTZ_B_HB79A	HB79A	HB55A	1KTZ	1KTZ_B	P37173	-0.296	-0.296	6.8e-07	1.12e-06	INT	SPR	1		1KTZ_A_B,1REW_AB_C,2QJ9_AB_C,2QJA_AB_C,2QJB_AB_C,3B4V_AB_C	45
3546	1KTZ_B_EB75A	EB75A	EB51A	1KTZ	1KTZ_B	P37173	-1.08	-1.08	6.8e-07	4.21e-06	INT	SPR	1		1KTZ_A_B,1REW_AB_C,2QJ9_AB_C,2QJA_AB_C,2QJB_AB_C,3B4V_AB_C	45
3547	1KTZ_B_VB62A	VB62A	VB38A	1KTZ	1KTZ_B	P37173	-0.648	-0.648	6.8e-07	2.03e-06	INT	SPR	1		1KTZ_A_B,1REW_AB_C,2QJ9_AB_C,2QJA_AB_C,2QJB_AB_C,3B4V_AB_C	45
3548	1KTZ_B_NB47A	NB47A	NB23A	1KTZ	1KTZ_B	P37173	-0.285	-0.285	6.8e-07	1.1e-06	SUR	SPR	1		1KTZ_A_B,1REW_AB_C,2QJ9_AB_C,2QJA_AB_C,2QJB_AB_C,3B4V_AB_C	45
3549	1KTZ_B_LB27A	LB27A	LB3A	1KTZ	1KTZ_B	P37173	-1.825	-1.825	6.8e-07	1.48e-05	COR	SPR	1		1KTZ_A_B,1REW_AB_C,2QJ9_AB_C,2QJA_AB_C,2QJB_AB_C,3B4V_AB_C	45
3550	4PWX_A_DA308A	DA308A	DA250A	4PWX	4PWX_A	Q12154	-1.143	-1.143	5.4e-07	3.72e-06	SUR	ITC	2		4PWX_AB_CD	35
3551	4PWX_A_EA304K	EA304K	EA246K	4PWX	4PWX_A	Q12154	-1.729	-1.729	5.4e-07	1e-05	RIM	ITC	2		4PWX_AB_CD	35
3552	4PWX_A_EA258A	EA258A	EA206A	4PWX	4PWX_A	Q12154	-1.039	-1.039	5.4e-07	3.12e-06	SUR	ITC	2		4PWX_AB_CD	35
3553	4PWX_A_QA257A	QA257A	QA205A	4PWX	4PWX_A	Q12154	-1.014	-1.014	5.4e-07	2.99e-06	COR	ITC	2		4PWX_AB_CD	35
3554	4PWX_A_EA253K	EA253K	EA201K	4PWX	4PWX_A	Q12154	-1.729	-1.729	5.4e-07	1e-05	COR	ITC	2		4PWX_AB_CD	35
3555	4PWX_A_YA250A	YA250A	YA198A	4PWX	4PWX_A	Q12154	-1.729	-1.729	5.4e-07	1e-05	COR	ITC	2		4PWX_AB_CD	35
3556	4PWX_A_FA246A	FA246A	FA194A	4PWX	4PWX_A	Q12154	-1.729	-1.729	5.4e-07	1e-05	SUP	ITC	2		4PWX_AB_CD	35
3557	4PWX_B_RB322A	RB322A	RB269A	4PWX	4PWX_B	Q12154	-1.729	-1.729	5.4e-07	1e-05	COR	ITC	2		4PWX_AB_CD	35
3558	4PWX_B_RB75A	RB75A	RB71A	4PWX	4PWX_B	Q12154	-0.359	-0.359	5.4e-07	9.9e-07	COR	ITC	2		4PWX_AB_CD	35
3559	4PWX_B_KB72D	KB72D	KB68D	4PWX	4PWX_B	Q12154	-0.262	-0.262	5.4e-07	8.4e-07	RIM	ITC	2		4PWX_AB_CD	35
3560	4PWX_B_KB72A	KB72A	KB68A	4PWX	4PWX_B	Q12154	-0.448	-0.448	5.4e-07	1.15e-06	RIM	ITC	2		4PWX_AB_CD	35
3561	4PWX_B_KB69D	KB69D	KB65D	4PWX	4PWX_B	Q12154	-0.119	-0.119	5.4e-07	6.6e-07	RIM	ITC	2		4PWX_AB_CD	35
3562	4PWX_B_KB69A	KB69A	KB65A	4PWX	4PWX_B	Q12154	-0.202	-0.202	5.4e-07	7.6e-07	RIM	ITC	2		4PWX_AB_CD	35
3563	4PWX_C_DC74K	DC74K	DC60K	4PWX	4PWX_C	Q12125	-0.371	-0.371	5.4e-07	1.01e-06	COR	ITC	2		4PWX_AB_CD	35
3564	4PWX_C_RC45A	RC45A	RC31A	4PWX	4PWX_C	Q12125	-0.335	-0.335	5.4e-07	9.5e-07	RIM	ITC	2		4PWX_AB_CD	35
3565	4PWX_C_RC42A	RC42A	RC28A	4PWX	4PWX_C	Q12125	-1.729	-1.729	5.4e-07	1e-05	RIM	ITC	2		4PWX_AB_CD	35
3566	4PWX_C_RC37A	RC37A	RC23A	4PWX	4PWX_C	Q12125	-1.729	-1.729	5.4e-07	1e-05	SUP	ITC	2		4PWX_AB_CD	35
3567	4PWX_C_QC34A	QC34A	QC20A	4PWX	4PWX_C	Q12125	0.178	0.178	5.4e-07	4e-07	COR	ITC	2		4PWX_AB_CD	35
3568	4PWX_C_HC33A	HC33A	HC19A	4PWX	4PWX_C	Q12125	0.348	0.348	5.4e-07	3e-07	SUP	ITC	2		4PWX_AB_CD	35
3569	4PWX_C_EC31A	EC31A	EC17A	4PWX	4PWX_C	Q12125	0.685	0.685	5.4e-07	1.7e-07	RIM	ITC	2		4PWX_AB_CD	35
3570	4PWX_C_YC30A	YC30A	YC16A	4PWX	4PWX_C	Q12125	-1.145	-1.145	5.4e-07	3.73e-06	COR	ITC	2		4PWX_AB_CD	35
3571	4PWX_C_YC29A	YC29A	YC15A	4PWX	4PWX_C	Q12125	-0.755	-0.755	5.4e-07	1.93e-06	SUR	ITC	2		4PWX_AB_CD	35
3572	4PWX_C_KC23A	KC23A	KC9A	4PWX	4PWX_C	Q12125	0.274	0.274	5.4e-07	3.4e-07	RIM	ITC	2		4PWX_AB_CD	35
3573	4PWX_C_KC15A	KC15A	KC1A	4PWX	4PWX_C	Q12125	-0.468	-0.468	5.4e-07	1.19e-06	RIM	ITC	2		4PWX_AB_CD	35
3574	4PWX_C_EC81K	EC81K	EC67K	4PWX	4PWX_C	Q12125	-1.104	-1.104	5.4e-07	3.48e-06	SUR	ITC	2		4PWX_AB_CD	35
3575	4OFY_A_SA107A	SA107A	SA87A	4OFY	4OFY_A	B1Q236	-0.142	-0.142	5.9e-07	7.5e-07	SUP	SPR	2		4OFY_A_D	31
3576	4OFY_A_QA105A	QA105A	QA85A	4OFY	4OFY_A	B1Q236	-1.733	-1.733	5.9e-07	1.1e-05	SUP	SPR	2		4OFY_A_D	31
3577	4OFY_A_FA60A	FA60A	FA40A	4OFY	4OFY_A	B1Q236	-4.604	-4.604	5.9e-07	0.0014	COR	SPR	2		4OFY_A_D	31
3578	4OFY_A_DA58A	DA58A	DA38A	4OFY	4OFY_A	B1Q236	-0.549	-0.549	5.9e-07	1.49e-06	RIM	SPR	2		4OFY_A_D	31
3579	4OFY_A_MA56A	MA56A	MA36A	4OFY	4OFY_A	B1Q236	-0.084	-0.084	5.9e-07	6.8e-07	SUP	SPR	2		4OFY_A_D	31
3580	4OFY_A_QA54A	QA54A	QA34A	4OFY	4OFY_A	B1Q236	-1.177	-1.177	5.9e-07	4.3e-06	SUP	SPR	2		4OFY_A_D	31
3581	4OFY_A_EA108A	EA108A	EA88A	4OFY	4OFY_A	B1Q236	-0.282	-0.282	5.9e-07	9.5e-07	RIM	SPR	2		4OFY_A_D	31
3582	4BFI_B_QB27K	QB27K	QB26K	4BFI	4BFI_B	O54901	0.22	0.22	6e-07	4.14e-07	SUR	SPR	2		4BFI_A_B	31
3583	4BFI_B_SB18D	SB18D	SB17D	4BFI	4BFI_B	O54901	-0.031	-0.031	6e-07	6.32e-07	SUR	SPR	2		4BFI_A_B	31
3584	4BFI_B_QB7K	QB7K	QB6K	4BFI	4BFI_B	O54901	0.012	0.012	6e-07	5.88e-07	SUR	SPR	2		4BFI_A_B	31
3585	4BFI_B_KB100E	KB100E	KB99E	4BFI	4BFI_B	O54901	-2.318	-2.318	6e-07	3e-05	COR	SPR	2		4BFI_A_B	31
3586	4BFI_B_FB96A	FB96A	FB95A	4BFI	4BFI_B	O54901	-2.077	-2.077	6e-07	2e-05	COR	SPR	2		4BFI_A_B	31
3587	4BFI_B_FB96D	FB96D	FB95D	4BFI	4BFI_B	O54901	-2.728	-2.728	6e-07	6e-05	COR	SPR	2		4BFI_A_B	31
3588	4BFI_B_NB94K	NB94K	NB93K	4BFI	4BFI_B	O54901	-2.728	-2.728	6e-07	6e-05	COR	SPR	2		4BFI_A_B	31
3589	4BFI_B_LB92A	LB92A	LB91A	4BFI	4BFI_B	O54901	-1.307	-1.307	6e-07	5.45e-06	SUP	SPR	2		4BFI_A_B	31
3590	4BFI_B_NB44A	NB44A	NB43A	4BFI	4BFI_B	O54901	-2.318	-2.318	6e-07	3e-05	COR	SPR	2		4BFI_A_B	31
3591	4BFI_B_NB44D	NB44D	NB43D	4BFI	4BFI_B	O54901	-2.728	-2.728	6e-07	6e-05	COR	SPR	2		4BFI_A_B	31
3592	4BFI_B_LB30K	LB30K	LB29K	4BFI	4BFI_B	O54901	-2.077	-2.077	6e-07	2e-05	COR	SPR	2		4BFI_A_B	31
3593	4OFY_D_RD115A	RD115A	RD96A	4OFY	4OFY_D	Q9U3P2	-3.421	-3.421	5.9e-07	0.00019	RIM	SPR	2		4OFY_A_D	31
3594	4OFY_D_QD105A	QD105A	QD86A	4OFY	4OFY_D	Q9U3P2	-4.645	-4.645	5.9e-07	0.0015	SUP	SPR	2		4OFY_A_D	31
3595	4OFY_D_LD61A	LD61A	LD42A	4OFY	4OFY_D	Q9U3P2	-2.568	-2.568	5.9e-07	4.5e-05	COR	SPR	2		4OFY_A_D	31
3596	4OFY_D_QD53A	QD53A	QD34A	4OFY	4OFY_D	Q9U3P2	-2.87	-2.87	5.9e-07	7.5e-05	SUP	SPR	2		4OFY_A_D	31
3597	3LNZ_B_AB8N	AB8N	AB8N	3LNZ	3LNZ_B	Not Mapped	-1.112	-1.112	4.9e-10	3.2e-09	SUR	SPR	2		3EQS_A_B,3LNZ_A_B,3EQY_A_C	26
3598	3EQY_C_PC12A	PC12A	PC12A	3EQY	3EQY_C	Not Mapped	-0.296	-0.296	8.5e-09	1.4e-08	RIM	SPR	2		3EQY_A_C,3EQS_A_B,3LNZ_A_B	26
3599	3EQY_C_SC11A	SC11A	SC11A	3EQY	3EQY_C	Not Mapped	-0.153	-0.153	8.5e-09	1.1e-08	RIM	SPR	2		3EQY_A_C,3EQS_A_B,3LNZ_A_B	26
3600	3EQY_C_LC10A	LC10A	LC10A	3EQY	3EQY_C	Not Mapped	-2.325	-2.325	8.5e-09	4.3e-07	COR	SPR	2		3EQY_A_C,3EQS_A_B,3LNZ_A_B	26
3601	3EQY_C_LC9A	LC9A	LC9A	3EQY	3EQY_C	Not Mapped	-0.034	-0.034	8.5e-09	9e-09	RIM	SPR	2		3EQY_A_C,3EQS_A_B,3LNZ_A_B	26
3602	3EQY_C_NC8A	NC8A	NC8A	3EQY	3EQY_C	Not Mapped	0.749	0.749	8.5e-09	2.4e-09	SUR	SPR	2		3EQY_A_C,3EQS_A_B,3LNZ_A_B	26
3603	3EQY_C_WC7A	WC7A	WC7A	3EQY	3EQY_C	Not Mapped	-6.046	-6.046	8.5e-09	0.00023	COR	SPR	2		3EQY_A_C,3EQS_A_B,3LNZ_A_B	26
3604	3EQY_C_YC6A	YC6A	YC6A	3EQY	3EQY_C	Not Mapped	-2.587	-2.587	8.5e-09	6.7e-07	COR	SPR	2		3EQY_A_C,3EQS_A_B,3LNZ_A_B	26
3605	3EQY_C_EC5A	EC5A	EC5A	3EQY	3EQY_C	Not Mapped	-1.223	-1.223	8.5e-09	6.7e-08	SUR	SPR	2		3EQY_A_C,3EQS_A_B,3LNZ_A_B	26
3606	3EQY_C_FC3A	FC3A	FC3A	3EQY	3EQY_C	Not Mapped	-5.661	-5.661	8.5e-09	0.00012	COR	SPR	2		3EQY_A_C,3EQS_A_B,3LNZ_A_B	26
3607	3EQY_C_SC2A	SC2A	SC2A	3EQY	3EQY_C	Not Mapped	-0.871	-0.871	8.5e-09	3.7e-08	RIM	SPR	2		3EQY_A_C,3EQS_A_B,3LNZ_A_B	26
3608	3EQY_C_TC1A	TC1A	TC1A	3EQY	3EQY_C	Not Mapped	-0.375	-0.375	8.5e-09	1.6e-08	RIM	SPR	2		3EQY_A_C,3EQS_A_B,3LNZ_A_B	26
3609	3EQS_B_LB9A	LB9A	LB9A	3EQS	3EQS_B	Not Mapped	0.17	0.17	3.2e-09	2.4e-09	RIM	SPR	2		3EQS_A_B,3LNZ_A_B,3EQY_A_C	26
3610	3EQS_B_NB8A	NB8A	NB8A	3EQS	3EQS_B	Not Mapped	1.112	1.112	3.2e-09	4.9e-10	RIM	SPR	2		3EQS_A_B,3LNZ_A_B,3EQY_A_C	26
3611	3EQS_B_WB7A	WB7A	WB7A	3EQS	3EQS_B	Not Mapped	-6.41	-6.41	3.2e-09	0.00016	COR	SPR	2		3EQS_A_B,3LNZ_A_B,3EQY_A_C	26
3612	3EQS_B_YB6A	YB6A	YB6A	3EQS	3EQS_B	Not Mapped	-3.111	-3.111	3.2e-09	6.1e-07	COR	SPR	2		3EQS_A_B,3LNZ_A_B,3EQY_A_C	26
3613	3EQS_B_EB5A	EB5A	EB5A	3EQS	3EQS_B	Not Mapped	-1.115	-1.115	3.2e-09	2.1e-08	SUR	SPR	2		3EQS_A_B,3LNZ_A_B,3EQY_A_C	26
3614	3EQS_B_FB3A	FB3A	FB3A	3EQS	3EQS_B	Not Mapped	-5.559	-5.559	3.2e-09	3.8e-05	COR	SPR	2		3EQS_A_B,3LNZ_A_B,3EQY_A_C	26
3615	3EQS_B_SB2A	SB2A	SB2A	3EQS	3EQS_B	Not Mapped	-1.264	-1.264	3.2e-09	2.7e-08	RIM	SPR	2		3EQS_A_B,3LNZ_A_B,3EQY_A_C	26
3616	3EQS_B_TB1A	TB1A	TB1A	3EQS	3EQS_B	Not Mapped	-0.392	-0.392	3.2e-09	6.2e-09	RIM	SPR	2		3EQS_A_B,3LNZ_A_B,3EQY_A_C	26
3617	3EQS_B_SB11A	SB11A	SB11A	3EQS	3EQS_B	Not Mapped	-0.117	-0.117	3.2e-09	3.9e-09	RIM	SPR	2		3EQS_A_B,3LNZ_A_B,3EQY_A_C	26
3618	3EQS_B_LB10A	LB10A	LB10A	3EQS	3EQS_B	Not Mapped	-3.334	-3.334	3.2e-09	8.9e-07	COR	SPR	2		3EQS_A_B,3LNZ_A_B,3EQY_A_C	26
3619	3SZK_C_FC129A	FC129A	FC44A	3SZK	3SZK_C	Q8NW39	-2.201	-2.201	1.7e-08	6.98e-07	COR	SPR	2		3SZK_AB_C	54
3620	3SZK_C_FC128A	FC128A	FC43A	3SZK	3SZK_C	Q8NW39	-2.219	-2.219	1.7e-08	7.2e-07	RIM	SPR	2		3SZK_AB_C	54
3621	3SZK_C_HC127A	HC127A	HC42A	3SZK	3SZK_C	Q8NW39	-2.537	-2.537	1.7e-08	1.23e-06	INT	SPR	2		3SZK_AB_C	54
3622	3SZK_C_YC126A	YC126A	YC41A	3SZK	3SZK_C	Q8NW39	-2.982	-2.982	1.7e-08	2.61e-06	COR	SPR	2		3SZK_AB_C	54
3623	3SZK_C_YC125A	YC125A	YC40A	3SZK	3SZK_C	Q8NW39	-2.905	-2.905	1.7e-08	2.29e-06	RIM	SPR	2		3SZK_AB_C	54
3624	3SZK_C_QC124A	QC124A	QC39A	3SZK	3SZK_C	Q8NW39	-0.767	-0.767	1.7e-08	6.2e-08	INT	SPR	2		3SZK_AB_C	54
3625	3SZK_C_TC123A	TC123A	TC38A	3SZK	3SZK_C	Q8NW39	-0.932	-0.932	1.7e-08	8.2e-08	SUR	SPR	2		3SZK_AB_C	54
3626	3SZK_C_NC120A	NC120A	NC35A	3SZK	3SZK_C	Q8NW39	-0.125	-0.125	1.7e-08	2.1e-08	SUR	SPR	2		3SZK_AB_C	54
3627	3SZK_C_KC142A	KC142A	KC57A	3SZK	3SZK_C	Q8NW39	0.036	0.036	1.7e-08	1.6e-08	SUR	SPR	2		3SZK_AB_C	54
3628	3SZK_C_KC141A	KC141A	KC56A	3SZK	3SZK_C	Q8NW39	-0.096	-0.096	1.7e-08	2e-08	SUR	SPR	2		3SZK_AB_C	54
3629	3SZK_C_DC136A	DC136A	DC51A	3SZK	3SZK_C	Q8NW39	-0.204	-0.204	1.7e-08	2.4e-08	INT	SPR	2		3SZK_AB_C	54
3630	3SZK_C_DC133A	DC133A	DC48A	3SZK	3SZK_C	Q8NW39	-0.204	-0.204	1.7e-08	2.4e-08	SUR	SPR	2		3SZK_AB_C	54
3631	3SZK_C_VC112A	VC112A	VC27A	3SZK	3SZK_C	Q8NW39	-0.096	-0.096	1.7e-08	2e-08	INT	SPR	2		3SZK_AB_C	54
3632	3SZK_C_EC209A	EC209A	EC124A	3SZK	3SZK_C	Q8NW39	-0.696	-0.696	1.7e-08	5.5e-08	SUR	SPR	2		3SZK_AB_C	54
3633	3SZK_C_EC208A	EC208A	EC123A	3SZK	3SZK_C	Q8NW39	-0.838	-0.838	1.7e-08	7e-08	SUR	SPR	2		3SZK_AB_C	54
3634	3SZK_C_GC207A	GC207A	GC122A	3SZK	3SZK_C	Q8NW39	-0.375	-0.375	1.7e-08	3.2e-08	SUR	SPR	2		3SZK_AB_C	54
3635	3SZK_C_DC206A	DC206A	DC121A	3SZK	3SZK_C	Q8NW39	-0.696	-0.696	1.7e-08	5.5e-08	SUR	SPR	2		3SZK_AB_C	54
3636	3SZK_C_DC205A	DC205A	DC120A	3SZK	3SZK_C	Q8NW39	-0.674	-0.674	1.7e-08	5.3e-08	RIM	SPR	2		3SZK_AB_C	54
3637	3SZK_C_TC155A	TC155A	TC70A	3SZK	3SZK_C	Q8NW39	-1.469	-1.469	1.7e-08	2.03e-07	SUP	SPR	2		3SZK_AB_C	54
3638	3SZK_C_SC154A	SC154A	SC69A	3SZK	3SZK_C	Q8NW39	-1.514	-1.514	1.7e-08	2.19e-07	RIM	SPR	2		3SZK_AB_C	54
3639	3SZK_C_NC151A	NC151A	NC66A	3SZK	3SZK_C	Q8NW39	-0.204	-0.204	1.7e-08	2.4e-08	COR	SPR	2		3SZK_AB_C	54
3640	1FC2_C_NC147A	NC147A	NC24A	1FC2	1FC2_C	P38507	-0.606	-0.606,-0.606	1.68e-08,6.25e-08	4.67e-08,1.67e-07	RIM	IARA,SPR	1		1FC2_C_D,1FCC_A_C,3MZW_A_B	12
3641	1FC2_C_LC136D	LC136D	LC13D	1FC2	1FC2_C	P38507	-1.434	-1.434,-1.434	1.68e-08,6.25e-08	1.89e-07,2.5e-07	COR	IARA,SPR	1		1FC2_C_D,1FCC_A_C,3MZW_A_B	12
3642	1FC2_C_KC154A	KC154A	KC31A	1FC2	1FC2_C	P38507	-1.527	-1.527,-1.527	1.68e-08,6.25e-08	2.21e-07,5e-07	RIM	IARA,SPR	1		1FC2_C_D,1FCC_A_C,3MZW_A_B	12
3643	1FC2_C_IC150A	IC150A	IC27A	1FC2	1FC2_C	P38507	-5.277	-5.277,-5.277	1.68e-08,6.25e-08	0.000124,2.5e-06	SUP	IARA,SPR	1		1FC2_C_D,1FCC_A_C,3MZW_A_B	12
3644	1FC2_C_FC149A	FC149A	FC26A	1FC2	1FC2_C	P38507	-0.063	-0.063,-0.063	1.68e-08,6.25e-08	1.87e-08,5.88e-08	INT	IARA,SPR	1		1FC2_C_D,1FCC_A_C,3MZW_A_B	12
3645	1FC2_C_NC147F	NC147F	NC24F	1FC2	1FC2_C	P38507	-0.845	-0.845	6e-10	2.5e-09	RIM	SPR	2		1FC2_C_D,1FCC_A_C,3MZW_A_B	12
3646	1FC2_C_YC133F	YC133F	YC10F	1FC2	1FC2_C	P38507	-1.028	-1.028	6e-10	3.4e-09	COR	SPR	2		1FC2_C_D,1FCC_A_C,3MZW_A_B	12
3647	1FC2_C_KC126D	KC126D	KC3D	1FC2	1FC2_C	P38507	-1.062	-1.062	6e-10	3.6e-09	SUR	SPR	2		1FC2_C_D,1FCC_A_C,3MZW_A_B	12
3648	1FC2_C_FC124M	FC124M	FC1M	1FC2	1FC2_C	P38507	-0.913	-0.913	6e-10	2.8e-09	RIM	SPR	2		1FC2_C_D,1FCC_A_C,3MZW_A_B	12
3649	1FC2_C_QC151L	QC151L	QC28L	1FC2	1FC2_C	P38507	-0.458	-0.458	6e-10	1.3e-09	RIM	SPR	2		1FC2_C_D,1FCC_A_C,3MZW_A_B	12
3650	1FC2_C_NC125Q	NC125Q	NC2Q	1FC2	1FC2_C	P38507	0.0	0.0	6e-10	6e-10	RIM	SPR	2		1FC2_C_D,1FCC_A_C,3MZW_A_B	12
3651	1FC2_C_QC151K	QC151K	QC28K	1FC2	1FC2_C	P38507	-0.17	-0.17	6e-10	8e-10	RIM	SPR	2		1FC2_C_D,1FCC_A_C,3MZW_A_B	12
3652	1FC2_C_NC130F	NC130F	NC7F	1FC2	1FC2_C	P38507	-0.091	-0.091	6e-10	7e-10	RIM	SPR	2		1FC2_C_D,1FCC_A_C,3MZW_A_B	12
3653	1FC2_C_NC125F	NC125F	NC2F	1FC2	1FC2_C	P38507	0.108	0.108	6e-10	5e-10	RIM	SPR	2		1FC2_C_D,1FCC_A_C,3MZW_A_B	12
3654	1FC2_C_LC163W	LC163W	LC40W	1FC2	1FC2_C	P38507	0.0	0.0	1.5e-08	1.5e-08	SUR	FL	1		1FC2_C_D,1FCC_A_C,3MZW_A_B	12
3655	1FC2_C_FC149W	FC149W	FC26W	1FC2	1FC2_C	P38507	0.0	0.0	1.5e-08	1.5e-08	INT	FL	1		1FC2_C_D,1FCC_A_C,3MZW_A_B	12
3656	1FC2_C_IC135W	IC135W	IC12W	1FC2	1FC2_C	P38507	-3.139	-3.139	1.5e-08	3e-06	INT	FL	1		1FC2_C_D,1FCC_A_C,3MZW_A_B	12
3657	1FC2_C_YC133W	YC133W	YC10W	1FC2	1FC2_C	P38507	-0.411	-0.411	1.5e-08	3e-08	COR	FL	1		1FC2_C_D,1FCC_A_C,3MZW_A_B	12
3658	3MZW_B_NB23A	NB23A	NB18A	3MZW	3MZW_B	P38507	-0.025	-0.025	2.3e-11	2.4e-11	SUR	SPR	2		3MZW_A_B,1FC2_C_D,3N85_A_LH	12
3659	3MZW_B_NB23G	NB23G	NB18G	3MZW	3MZW_B	P38507	-0.073	-0.073	2.3e-11	2.6e-11	SUR	SPR	2		3MZW_A_B,1FC2_C_D,3N85_A_LH	12
3660	3MZW_B_NB23T	NB23T	NB18T	3MZW	3MZW_B	P38507	0.145	0.145	2.3e-11	1.8e-11	SUR	SPR	2		3MZW_A_B,1FC2_C_D,3N85_A_LH	12
3661	1FFW_B_IB216A	IB216A	IB58A	1FFW	1FFW_B	P07363	-0.428	-0.428	1.7e-07	3.5e-07	SUP	FL	1		1FFW_A_B	39
3662	1FFW_B_FB214A	FB214A	FB56A	1FFW	1FFW_B	P07363	-3.646	-3.646	1.7e-07	8e-05	COR	FL	1		1FFW_A_B	39
3663	1FFW_B_CB213A	CB213A	CB55A	1FFW	1FFW_B	P07363	-0.204	-0.204	1.7e-07	2.4e-07	RIM	FL	1		1FFW_A_B	39
3664	1FFW_B_DB207A	DB207A	DB49A	1FFW	1FFW_B	P07363	-0.096	-0.096	1.7e-07	2e-07	RIM	FL	1		1FFW_A_B	39
3665	1FFW_B_DB202A	DB202A	DB44A	1FFW	1FFW_B	P07363	0.074	0.074	1.7e-07	1.5e-07	RIM	FL	1		1FFW_A_B	39
3666	1FFW_B_HB181A	HB181A	HB23A	1FFW	1FFW_B	P07363	-0.034	-0.034	1.7e-07	1.8e-07	RIM	FL	1		1FFW_A_B	39
3667	1FFW_B_EB178A	EB178A	EB20A	1FFW	1FFW_B	P07363	-0.639	-0.639	1.7e-07	5e-07	COR	FL	1		1FFW_A_B	39
3668	1FFW_B_EB171A	EB171A	EB13A	1FFW	1FFW_B	P07363	-0.717	-0.717	1.7e-07	5.7e-07	SUP	FL	1		1FFW_A_B	39
3669	1FFW_A_DA13K	DA13K	DA12K	1FFW	1FFW_A	P0AE67	-0.047	-0.047	1.2e-06	1.3e-06	SUR	ELISA	1		1FFW_A_B	39
3670	1FFW_A_EA117K	EA117K	EA116K	1FFW	1FFW_A	P0AE67	-0.713	-0.713	1.2e-06	4e-06	SUR	ELISA	1		1FFW_A_B	39
3671	1FFW_A_TA112I	TA112I	TA111I	1FFW	1FFW_A	P0AE67	-0.562	-0.562	1.2e-06	3.1e-06	SUR	ELISA	1		1FFW_A_B	39
3672	1FFW_A_FA111V	FA111V	FA110V	1FFW	1FFW_A	P0AE67	-1.256	-1.256	1.2e-06	1e-05	INT	ELISA	1		1FFW_A_B	39
3673	1FFW_A_VA108M	VA108M	VA107M	1FFW	1FFW_A	P0AE67	-1.131	-1.131	1.2e-06	8.1e-06	SUR	ELISA	1		1FFW_A_B	39
3674	1FFW_A_YA106W	YA106W	YA105W	1FFW	1FFW_A	P0AE67	-0.713	-0.713	1.2e-06	4e-06	COR	ELISA	1		1FFW_A_B	39
3675	1FFW_A_EA93K	EA93K	EA92K	1FFW	1FFW_A	P0AE67	-0.821	-0.821	1.2e-06	4.8e-06	SUR	ELISA	1		1FFW_A_B	39
3676	1FFW_A_AA90V	AA90V	AA89V	1FFW	1FFW_A	P0AE67	-0.091	-0.091	1.2e-06	1.4e-06	RIM	ELISA	1		1FFW_A_B	39
3677	1FFW_A_TA87I	TA87I	TA86I	1FFW	1FFW_A	P0AE67	0.319	0.319	1.2e-06	7e-07	INT	ELISA	1		1FFW_A_B	39
3678	1FFW_A_YA51C	YA51C	YA50C	1FFW	1FFW_A	P0AE67	-0.125	-0.125	1.23e-06	1.52e-06	INT	ITC	2		1FFW_A_B	39
3679	1FFW_A_AA103V	AA103V	AA102V	1FFW	1FFW_A	P0AE67	-1.364	-1.364	1.23e-06	1.23e-05	SUP	ITC	2		1FFW_A_B	39
3680	1M9E_D_AD87H	AD87H	AD76H	1M9E	1M9E_D	Q72497	1.01	1.01	6.6e-05	1.2e-05	RIM	SPR	1		1AK4_A_D,1M9E_A_D	3
3681	1AK4_D_PD490V	PD490V	PD90V	1AK4	1AK4_D	P12497	-3.031	-3.031	1.2e-05	0.002	COR	SPR	2		1AK4_A_D,1M9E_A_D	3
3682	1AK4_D_PD490A	PD490A	PD90A	1AK4	1AK4_D	P12497	-2.173	-2.173	1.2e-05	0.00047	COR	SPR	1		1AK4_A_D,1M9E_A_D	3
3683	1AK4_D_GD489V	GD489V	GD89V	1AK4	1AK4_D	P12497	-3.031	-3.031	1.2e-05	0.002	COR	SPR	1		1AK4_A_D,1M9E_A_D	3
3684	1AK4_D_GD489A	GD489A	GD89A	1AK4	1AK4_D	P12497	-2.077	-2.077	1.2e-05	0.0004	COR	SPR	1		1AK4_A_D,1M9E_A_D	3
3685	1AK4_D_AD488G	AD488G	AD88G	1AK4	1AK4_D	P12497	-2.655	-2.655	1.2e-05	0.00106	COR	SPR	1		1AK4_A_D,1M9E_A_D	3
3686	1AK4_D_PD493A	PD493A	PD93A	1AK4	1AK4_D	P12497	-0.683	-0.683	1.2e-05	3.8e-05	RIM	SPR	1		1AK4_A_D,1M9E_A_D	3
3687	1AK4_D_AD492V	AD492V	AD92V	1AK4	1AK4_D	P12497	-0.359	-0.359	1.2e-05	2.2e-05	RIM	SPR	1		1AK4_A_D,1M9E_A_D	3
3688	1AK4_D_AD492G	AD492G	AD92G	1AK4	1AK4_D	P12497	-0.581	-0.581	1.2e-05	3.2e-05	RIM	SPR	1		1AK4_A_D,1M9E_A_D	3
3689	1AK4_D_ID491V	ID491V	ID91V	1AK4	1AK4_D	P12497	0.0	0.0	1.2e-05	1.2e-05	RIM	SPR	1		1AK4_A_D,1M9E_A_D	3
3690	1AK4_D_ID491A	ID491A	ID91A	1AK4	1AK4_D	P12497	-0.24	-0.24	1.2e-05	1.8e-05	RIM	SPR	1		1AK4_A_D,1M9E_A_D	3
3691	1AK4_D_AD488V	AD488V	AD88V	1AK4	1AK4_D	P12497	-0.77	-0.77	1.2e-05	4.4e-05	COR	SPR	1		1AK4_A_D,1M9E_A_D	3
3692	1AK4_D_HD487R	HD487R	HD87R	1AK4	1AK4_D	P12497	-1.646	-1.646	1.2e-05	0.000193	RIM	SPR	1		1AK4_A_D,1M9E_A_D	3
3693	1AK4_D_HD487Q	HD487Q	HD87Q	1AK4	1AK4_D	P12497	-0.973	-0.973	1.2e-05	6.2e-05	RIM	SPR	1		1AK4_A_D,1M9E_A_D	3
3694	1AK4_D_HD487A	HD487A	HD87A	1AK4	1AK4_D	P12497	-1.01	-1.01	1.2e-05	6.6e-05	RIM	SPR	1		1AK4_A_D,1M9E_A_D	3
3695	1AK4_D_VD486A	VD486A	VD86A	1AK4	1AK4_D	P12497	-0.992	-0.992	1.2e-05	6.4e-05	COR	SPR	1		1AK4_A_D,1M9E_A_D	3
3696	1AK4_D_PD485A	PD485A	PD85A	1AK4	1AK4_D	P12497	-1.086	-1.086	1.2e-05	7.5e-05	RIM	SPR	1		1AK4_A_D,1M9E_A_D	3
3697	3W2D_A_YA73F	YA73F	YA45F	3W2D	3W2D_A	P01552	-0.878	-0.878	5.79e-10	2.55e-09	COR	SPR	2	AB/AG	AB/AG	14
3698	3W2D_A_KA98N	KA98N	KA67N	3W2D	3W2D_A	P01552	-4.624	-4.624	5.79e-10	1.42e-06	COR	SPR	2	AB/AG	AB/AG	14
3699	3W2D_A_KA98R	KA98R	KA67R	3W2D	3W2D_A	P01552	0.428	0.428	5.79e-10	2.81e-10	COR	SPR	2	AB/AG	AB/AG	14
3700	3W2D_A_YA73L	YA73L	YA45L	3W2D	3W2D_A	P01552	-2.366	-2.366	5.79e-10	3.14e-08	COR	SPR	2	AB/AG	AB/AG	14
3701	1JCK_B_NB23A	NB23A	NB23A	1JCK	1JCK_B	P0A0L5	-2.077	-2.077,-2.077	3e-06,4.5e-06	nan,0.00015	COR	SE,SPR	2		1JCK_A_B,1SBB_A_B,3QDJ_ABC_DE,3QDG_ABC_DE,4L3E_ABC_DE,4JFF_ABC_DE,4JFD_ABC_DE,4JFE_ABC_DE,2P5E_ABC_DE,2PYE_ABC_DE,2BNR_ABC_DE,2BNQ_ABC_DE,1AO7_ABC_DE,4FTV_ABC_DE,3D3V_ABC_DE,3QFJ_ABC_DE,3QIB_ABP_CD,1QSE_ABC_DE,1QRN_ABC_DE,1QSF_ABC_DE,3H9S_ABC_DE,3PWP_ABC_DE,1LP9_ABC_EF,2UWE_ABC_EF,2JCC_ABC_EF,2J8U_ABC_EF,4OZG_ABJ_GH,1MI5_ABC_DE,3HG1_ABC_DE,4P23_CD_AB,4P5T_CD_AB,1BD2_ABC_DE,2AK4_ABC_DE,2VLR_ABC_DE,1OGA_ABC_DE,2E7L_EQ_AD,3C60_CD_AB,2OI9_AQ_BC	14
3702	1JCK_B_TB20A	TB20A	TB20A	1JCK	1JCK_B	P0A0L5	-1.655	-1.655,-1.655	3e-06,4.5e-06	4.9e-05,4.2e-05	COR	SE,SPR	1		1JCK_A_B,1SBB_A_B,3QDJ_ABC_DE,3QDG_ABC_DE,4L3E_ABC_DE,4JFF_ABC_DE,4JFD_ABC_DE,4JFE_ABC_DE,2P5E_ABC_DE,2PYE_ABC_DE,2BNR_ABC_DE,2BNQ_ABC_DE,1AO7_ABC_DE,4FTV_ABC_DE,3D3V_ABC_DE,3QFJ_ABC_DE,3QIB_ABP_CD,1QSE_ABC_DE,1QRN_ABC_DE,1QSF_ABC_DE,3H9S_ABC_DE,3PWP_ABC_DE,1LP9_ABC_EF,2UWE_ABC_EF,2JCC_ABC_EF,2J8U_ABC_EF,4OZG_ABJ_GH,1MI5_ABC_DE,3HG1_ABC_DE,4P23_CD_AB,4P5T_CD_AB,1BD2_ABC_DE,2AK4_ABC_DE,2VLR_ABC_DE,1OGA_ABC_DE,2E7L_EQ_AD,3C60_CD_AB,2OI9_AQ_BC	14
3703	1JCK_B_QB210A	QB210A	QB210A	1JCK	1JCK_B	P0A0L5	-2.077	-2.077,-2.077	3e-06,4.5e-06	nan,0.00015	SUP	SE,SPR	2		1JCK_A_B,1SBB_A_B,3QDJ_ABC_DE,3QDG_ABC_DE,4L3E_ABC_DE,4JFF_ABC_DE,4JFD_ABC_DE,4JFE_ABC_DE,2P5E_ABC_DE,2PYE_ABC_DE,2BNR_ABC_DE,2BNQ_ABC_DE,1AO7_ABC_DE,4FTV_ABC_DE,3D3V_ABC_DE,3QFJ_ABC_DE,3QIB_ABP_CD,1QSE_ABC_DE,1QRN_ABC_DE,1QSF_ABC_DE,3H9S_ABC_DE,3PWP_ABC_DE,1LP9_ABC_EF,2UWE_ABC_EF,2JCC_ABC_EF,2J8U_ABC_EF,4OZG_ABJ_GH,1MI5_ABC_DE,3HG1_ABC_DE,4P23_CD_AB,4P5T_CD_AB,1BD2_ABC_DE,2AK4_ABC_DE,2VLR_ABC_DE,1OGA_ABC_DE,2E7L_EQ_AD,3C60_CD_AB,2OI9_AQ_BC	14
3704	1JCK_B_FB176A	FB176A	FB176A	1JCK	1JCK_B	P0A0L5	-2.134	-2.134,-2.134	3e-06,4.5e-06	0.00011,9.2e-05	RIM	SE,SPR	1		1JCK_A_B,1SBB_A_B,3QDJ_ABC_DE,3QDG_ABC_DE,4L3E_ABC_DE,4JFF_ABC_DE,4JFD_ABC_DE,4JFE_ABC_DE,2P5E_ABC_DE,2PYE_ABC_DE,2BNR_ABC_DE,2BNQ_ABC_DE,1AO7_ABC_DE,4FTV_ABC_DE,3D3V_ABC_DE,3QFJ_ABC_DE,3QIB_ABP_CD,1QSE_ABC_DE,1QRN_ABC_DE,1QSF_ABC_DE,3H9S_ABC_DE,3PWP_ABC_DE,1LP9_ABC_EF,2UWE_ABC_EF,2JCC_ABC_EF,2J8U_ABC_EF,4OZG_ABJ_GH,1MI5_ABC_DE,3HG1_ABC_DE,4P23_CD_AB,4P5T_CD_AB,1BD2_ABC_DE,2AK4_ABC_DE,2VLR_ABC_DE,1OGA_ABC_DE,2E7L_EQ_AD,3C60_CD_AB,2OI9_AQ_BC	14
3705	1JCK_B_KB103A	KB103A	KB103A	1JCK	1JCK_B	P0A0L5	-0.677	-0.677,-0.677	3e-06,4.5e-06	9.4e-06,5.6e-06	INT	SE,SPR	1		1JCK_A_B,1SBB_A_B,3QDJ_ABC_DE,3QDG_ABC_DE,4L3E_ABC_DE,4JFF_ABC_DE,4JFD_ABC_DE,4JFE_ABC_DE,2P5E_ABC_DE,2PYE_ABC_DE,2BNR_ABC_DE,2BNQ_ABC_DE,1AO7_ABC_DE,4FTV_ABC_DE,3D3V_ABC_DE,3QFJ_ABC_DE,3QIB_ABP_CD,1QSE_ABC_DE,1QRN_ABC_DE,1QSF_ABC_DE,3H9S_ABC_DE,3PWP_ABC_DE,1LP9_ABC_EF,2UWE_ABC_EF,2JCC_ABC_EF,2J8U_ABC_EF,4OZG_ABJ_GH,1MI5_ABC_DE,3HG1_ABC_DE,4P23_CD_AB,4P5T_CD_AB,1BD2_ABC_DE,2AK4_ABC_DE,2VLR_ABC_DE,1OGA_ABC_DE,2E7L_EQ_AD,3C60_CD_AB,2OI9_AQ_BC	14
3706	1JCK_B_VB91A	VB91A	VB91A	1JCK	1JCK_B	P0A0L5	-2.233	-2.233,-2.233	3e-06,4.5e-06	0.00013,0.000117	COR	SE,SPR	1		1JCK_A_B,1SBB_A_B,3QDJ_ABC_DE,3QDG_ABC_DE,4L3E_ABC_DE,4JFF_ABC_DE,4JFD_ABC_DE,4JFE_ABC_DE,2P5E_ABC_DE,2PYE_ABC_DE,2BNR_ABC_DE,2BNQ_ABC_DE,1AO7_ABC_DE,4FTV_ABC_DE,3D3V_ABC_DE,3QFJ_ABC_DE,3QIB_ABP_CD,1QSE_ABC_DE,1QRN_ABC_DE,1QSF_ABC_DE,3H9S_ABC_DE,3PWP_ABC_DE,1LP9_ABC_EF,2UWE_ABC_EF,2JCC_ABC_EF,2J8U_ABC_EF,4OZG_ABJ_GH,1MI5_ABC_DE,3HG1_ABC_DE,4P23_CD_AB,4P5T_CD_AB,1BD2_ABC_DE,2AK4_ABC_DE,2VLR_ABC_DE,1OGA_ABC_DE,2E7L_EQ_AD,3C60_CD_AB,2OI9_AQ_BC	14
3707	1JCK_B_YB90A	YB90A	YB90A	1JCK	1JCK_B	P0A0L5	-2.596	-2.596,-2.596	3e-06,4.5e-06	0.00024,0.00015	COR	SE,SPR	1		1JCK_A_B,1SBB_A_B,3QDJ_ABC_DE,3QDG_ABC_DE,4L3E_ABC_DE,4JFF_ABC_DE,4JFD_ABC_DE,4JFE_ABC_DE,2P5E_ABC_DE,2PYE_ABC_DE,2BNR_ABC_DE,2BNQ_ABC_DE,1AO7_ABC_DE,4FTV_ABC_DE,3D3V_ABC_DE,3QFJ_ABC_DE,3QIB_ABP_CD,1QSE_ABC_DE,1QRN_ABC_DE,1QSF_ABC_DE,3H9S_ABC_DE,3PWP_ABC_DE,1LP9_ABC_EF,2UWE_ABC_EF,2JCC_ABC_EF,2J8U_ABC_EF,4OZG_ABJ_GH,1MI5_ABC_DE,3HG1_ABC_DE,4P23_CD_AB,4P5T_CD_AB,1BD2_ABC_DE,2AK4_ABC_DE,2VLR_ABC_DE,1OGA_ABC_DE,2E7L_EQ_AD,3C60_CD_AB,2OI9_AQ_BC	14
3708	1JCK_B_NB60A	NB60A	NB60A	1JCK	1JCK_B	P0A0L5	-1.643	-1.643,-1.643	3e-06,4.5e-06	4.8e-05,2.5e-05	RIM	SE,SPR	1		1JCK_A_B,1SBB_A_B,3QDJ_ABC_DE,3QDG_ABC_DE,4L3E_ABC_DE,4JFF_ABC_DE,4JFD_ABC_DE,4JFE_ABC_DE,2P5E_ABC_DE,2PYE_ABC_DE,2BNR_ABC_DE,2BNQ_ABC_DE,1AO7_ABC_DE,4FTV_ABC_DE,3D3V_ABC_DE,3QFJ_ABC_DE,3QIB_ABP_CD,1QSE_ABC_DE,1QRN_ABC_DE,1QSF_ABC_DE,3H9S_ABC_DE,3PWP_ABC_DE,1LP9_ABC_EF,2UWE_ABC_EF,2JCC_ABC_EF,2J8U_ABC_EF,4OZG_ABJ_GH,1MI5_ABC_DE,3HG1_ABC_DE,4P23_CD_AB,4P5T_CD_AB,1BD2_ABC_DE,2AK4_ABC_DE,2VLR_ABC_DE,1OGA_ABC_DE,2E7L_EQ_AD,3C60_CD_AB,2OI9_AQ_BC	14
3709	1JCK_B_YB26A	YB26A	YB26A	1JCK	1JCK_B	P0A0L5	-1.775	-1.775,-1.775	3e-06,4.5e-06	6e-05,8.6e-05	COR	SE,SPR	1		1JCK_A_B,1SBB_A_B,3QDJ_ABC_DE,3QDG_ABC_DE,4L3E_ABC_DE,4JFF_ABC_DE,4JFD_ABC_DE,4JFE_ABC_DE,2P5E_ABC_DE,2PYE_ABC_DE,2BNR_ABC_DE,2BNQ_ABC_DE,1AO7_ABC_DE,4FTV_ABC_DE,3D3V_ABC_DE,3QFJ_ABC_DE,3QIB_ABP_CD,1QSE_ABC_DE,1QRN_ABC_DE,1QSF_ABC_DE,3H9S_ABC_DE,3PWP_ABC_DE,1LP9_ABC_EF,2UWE_ABC_EF,2JCC_ABC_EF,2J8U_ABC_EF,4OZG_ABJ_GH,1MI5_ABC_DE,3HG1_ABC_DE,4P23_CD_AB,4P5T_CD_AB,1BD2_ABC_DE,2AK4_ABC_DE,2VLR_ABC_DE,1OGA_ABC_DE,2E7L_EQ_AD,3C60_CD_AB,2OI9_AQ_BC	14
3710	1JCK_B_GB102A	GB102A	GB102A	1JCK	1JCK_B	P0A0L5	-0.013	-0.013	4.5e-06	4.6e-06	INT	SE	2		1JCK_A_B,1SBB_A_B,3QDJ_ABC_DE,3QDG_ABC_DE,4L3E_ABC_DE,4JFF_ABC_DE,4JFD_ABC_DE,4JFE_ABC_DE,2P5E_ABC_DE,2PYE_ABC_DE,2BNR_ABC_DE,2BNQ_ABC_DE,1AO7_ABC_DE,4FTV_ABC_DE,3D3V_ABC_DE,3QFJ_ABC_DE,3QIB_ABP_CD,1QSE_ABC_DE,1QRN_ABC_DE,1QSF_ABC_DE,3H9S_ABC_DE,3PWP_ABC_DE,1LP9_ABC_EF,2UWE_ABC_EF,2JCC_ABC_EF,2J8U_ABC_EF,4OZG_ABJ_GH,1MI5_ABC_DE,3HG1_ABC_DE,4P23_CD_AB,4P5T_CD_AB,1BD2_ABC_DE,2AK4_ABC_DE,2VLR_ABC_DE,1OGA_ABC_DE,2E7L_EQ_AD,3C60_CD_AB,2OI9_AQ_BC	14
3711	1SBB_B_YB91V	YB91V	YB91V	1SBB	1SBB_B	P01552	-0.079	-0.079,-0.079	0.00014,0.00012	0.00016,0.00014	RIM	SE,SPR	1		1SBB_A_B,1JCK_A_B	14
3712	1SBB_B_VB26Y	VB26Y	VB26Y	1SBB	1SBB_B	P01552	1.456	1.456,1.456	0.00014,0.00012	1.2e-05,2.6e-05	RIM	SE,SPR	1		1SBB_A_B,1JCK_A_B	14
3713	1SBB_B_LB20T	LB20T	LB20T	1SBB	1SBB_B	P01552	0.091	0.091,0.091	0.00014,0.00012	0.00012,0.0001	COR	SE,SPR	1		1SBB_A_B,1JCK_A_B	14
3714	4YEB_A_AA313S	AA313S	AA114S	4YEB	4YEB_A	Q80TS3	-0.069	-0.069	1.69e-08	1.9e-08	SUR	ITC	2		4YEB_A_B	36
3715	4YEB_A_DA332A	DA332A	DA133A	4YEB	4YEB_A	Q80TS3	-1.368	-1.368	1.69e-08	1.7e-07	INT	ITC	2		4YEB_A_B	36
3716	4Y61_A_YA273A	YA273A	YA246A	4Y61	4Y61_A	Q64487	0.078	0.078	3.56e-07	3.12e-07	COR	SPR	2		4Y61_A_B	36
3717	4YFD_B_KB94A	KB94A	KB71A	4YFD	4YFD_B	Q61730	-1.475	-1.475	6.8e-07	8.2e-06	COR	SPR	2		4YFD_A_B,4YH7_A_B	36
3718	4YFD_B_DB30A	DB30A	DB7A	4YFD	4YFD_B	Q61730	0.055	0.055	6.8e-07	6.2e-07	SUP	SPR	2		4YFD_A_B,4YH7_A_B	36
3719	4YFD_B_WB27A	WB27A	WB4A	4YFD	4YFD_B	Q61730	-1.133	-1.133	6.8e-07	4.6e-06	COR	SPR	2		4YFD_A_B,4YH7_A_B	36
3720	4Y61_B_RB114A	RB114A	RB86A	4Y61	4Y61_B	Q810C0	0.193	0.193	3.56e-07	2.57e-07	COR	SPR	2		4Y61_A_B	36
3721	4YFD_A_EA286A	EA286A	EA259A	4YFD	4YFD_A	Q64487	-1.217	-1.217	6.8e-07	5.3e-06	COR	SPR	2		4YFD_A_B,4YH7_A_B	36
3722	4YFD_A_RA196A	RA196A	RA169A	4YFD	4YFD_A	Q64487	-0.159	-0.159	6.8e-07	8.9e-07	COR	SPR	2		4YFD_A_B,4YH7_A_B	36
3723	4YFD_A_RA75A	RA75A	RA48A	4YFD	4YFD_A	Q64487	-0.285	-0.285	6.8e-07	1.1e-06	INT	SPR	2		4YFD_A_B,4YH7_A_B	36
3724	4YH7_B_DB292A	DB292A	DB258A	4YH7	4YH7_B	P59823	-1.591	-1.591	1.5e-07	2.2e-06	RIM	SPR	2		4YH7_A_B,4YFD_A_B	36
3725	4YH7_B_DB37A	DB37A	DB7A	4YH7	4YH7_B	P59823	-1.643	-1.643	1.5e-07	2.4e-06	SUP	SPR	2		4YH7_A_B,4YFD_A_B	36
3726	4YEB_B_FB160A	FB160A	FB131A	4YEB	4YEB_B	Q8BGT1	-2.417	-2.417	1.69e-08	1e-06	SUP	ITC	2		4YEB_A_B	36
3727	4YEB_B_RB117T	RB117T	RB88T	4YEB	4YEB_B	Q8BGT1	-0.278	-0.278	1.69e-08	2.7e-08	SUR	ITC	2		4YEB_A_B	36
3728	4YH7_A_YA273A	YA273A	YA246A	4YH7	4YH7_A	Q64487	-1.035	-1.035	1.5e-07	8.6e-07	COR	SPR	2		4YH7_A_B,4YFD_A_B	36
3729	4YH7_A_RA196A	RA196A	RA169A	4YH7	4YH7_A	Q64487	-1.438	-1.438	1.5e-07	1.7e-06	COR	SPR	2		4YH7_A_B,4YFD_A_B	36
3730	4YH7_A_RA75A	RA75A	RA48A	4YH7	4YH7_A	Q64487	-1.734	-1.734	1.5e-07	2.8e-06	SUP	SPR	2		4YH7_A_B,4YFD_A_B	36
3731	2B0Z_B_IB82F	IB82F	IB87F	2B0Z	2B0Z_B	P00044	2.529	2.529	0.0001	1.4e-06	RIM	ITC	1		2B0Z_A_B,2B10_A_B,2B11_A_B,2B12_A_B,2PCC_A_B,2PCB_A_B	20
3732	2PCC_A_EA290A	EA290A	EA290A	2PCC	2PCC_A	P00431	-6.203	-6.203	1.15e-06	0.0405	RIM	ITC	1		2B0Z_A_B,2B10_A_B,2B11_A_B,2B12_A_B,2PCC_A_B,2PCB_A_B	20
3733	2PCC_A_VA197A	VA197A	VA197A	2PCC	2PCC_A	P00431	-2.103	-2.103	1.15e-06	4e-05	COR	ITC	1		2B0Z_A_B,2B10_A_B,2B11_A_B,2B12_A_B,2PCC_A_B,2PCB_A_B	20
3734	2PCC_A_DA34A	DA34A	DA34A	2PCC	2PCC_A	P00431	0.897	0.897	1.15e-06	2.53e-07	COR	ITC	1		2B0Z_A_B,2B10_A_B,2B11_A_B,2B12_A_B,2PCC_A_B,2PCB_A_B	20
3735	2B11_B_WB382F	WB382F	WB87F	2B11	2B11_B	P00044	0.754	0.754	5e-06	1.4e-06	SUP	ITC	1		2B0Z_A_B,2B10_A_B,2B11_A_B,2B12_A_B,2PCC_A_B,2PCB_A_B	20
3736	2B12_B_YB82F	YB82F	YB87F	2B12	2B12_B	P00044	1.575	1.575	2e-05	1.4e-06	SUP	ITC	1		2B0Z_A_B,2B10_A_B,2B11_A_B,2B12_A_B,2PCC_A_B,2PCB_A_B	20
3737	2PCC_B_AB81G	AB81G	AB86G	2PCC	2PCC_B	P00044	-1.902	-1.902	1.15e-06	2.85e-05	RIM	ITC	1		2B0Z_A_B,2B10_A_B,2B11_A_B,2B12_A_B,2PCC_A_B,2PCB_A_B	20
3738	2PCC_B_KB72A	KB72A	KB77A	2PCC	2PCC_B	P00044	-0.304	-0.304	1.15e-06	1.92e-06	RIM	ITC	1		2B0Z_A_B,2B10_A_B,2B11_A_B,2B12_A_B,2PCC_A_B,2PCB_A_B	20
3739	2PCC_B_KB87A	KB87A	KB92A	2PCC	2PCC_B	P00044	-0.902	-0.902	1.15e-06	5.27e-06	RIM	ITC	1		2B0Z_A_B,2B10_A_B,2B11_A_B,2B12_A_B,2PCC_A_B,2PCB_A_B	20
3740	2PCB_A_AA193F	AA193F	AA193F	2PCB	2PCB_A	P00431	-0.734	-0.734	1e-05	3.45e-05	RIM	ITC	1		2PCB_A_B,2B0Z_A_B,2B10_A_B,2B11_A_B,2B12_A_B,2PCC_A_B	20
3741	2PCB_A_EA35Q	EA35Q	EA35Q	2PCB	2PCB_A	P00431	-0.676	-0.676	1e-05	3.13e-05	RIM	ITC	1		2PCB_A_B,2B0Z_A_B,2B10_A_B,2B11_A_B,2B12_A_B,2PCC_A_B	20
3742	2PCB_A_EA290N	EA290N	EA290N	2PCB	2PCB_A	P00431	-0.871	-0.871	1e-05	4.35e-05	RIM	ITC	1		2PCB_A_B,2B0Z_A_B,2B10_A_B,2B11_A_B,2B12_A_B,2PCC_A_B	20
3743	2PCB_A_DA34N	DA34N	DA34N	2PCB	2PCB_A	P00431	-0.821	-0.821	1e-05	4e-05	COR	ITC	1		2PCB_A_B,2B0Z_A_B,2B10_A_B,2B11_A_B,2B12_A_B,2PCC_A_B	20
3744	2PCB_A_EA32Q	EA32Q	EA32Q	2PCB	2PCB_A	P00431	-0.606	-0.606	1e-05	2.78e-05	RIM	ITC	1		2PCB_A_B,2B0Z_A_B,2B10_A_B,2B11_A_B,2B12_A_B,2PCC_A_B	20
3745	2PCB_A_EA291Q	EA291Q	EA291Q	2PCB	2PCB_A	P00431	0.057	0.057	1e-05	9.09e-06	SUR	ITC	1		2PCB_A_B,2B0Z_A_B,2B10_A_B,2B11_A_B,2B12_A_B,2PCC_A_B	20
3746	2B10_B_SB82F	SB82F	SB87F	2B10	2B10_B	P00044	1.165	1.165	1e-05	1.4e-06	RIM	ITC	1		2B0Z_A_B,2B10_A_B,2B11_A_B,2B12_A_B,2PCC_A_B,2PCB_A_B	20
