epoch,train_loss,val_loss,train_pcc,val_pcc
1,1.3695135116577148,0.7667624354362488,-0.02617194689810276,0.28676262497901917
2,1.3262543678283691,0.7536180019378662,-0.02376188524067402,0.2731098234653473
3,1.3267682790756226,0.7759832143783569,0.019281944260001183,0.2632732391357422
4,1.3017891645431519,0.7436052560806274,-0.01691688410937786,0.2552341818809509
5,1.2954010963439941,0.7256821393966675,0.04730626195669174,0.2583787441253662
6,1.3212897777557373,0.7470149993896484,0.07440880686044693,0.25824588537216187
7,1.2863339185714722,0.7762774229049683,0.08141915500164032,0.24672676622867584
8,1.2634379863739014,0.732241690158844,0.0866689458489418,0.23824402689933777
9,1.2817821502685547,0.7639433741569519,0.09577836096286774,0.23384417593479156
10,1.300194263458252,0.7455143332481384,0.1342659294605255,0.23499102890491486
11,1.2990083694458008,0.7669423818588257,0.18183568120002747,0.23903262615203857
12,1.2693592309951782,0.771982729434967,0.2603447139263153,0.24011842906475067
13,1.2228740453720093,0.744127094745636,0.2684568166732788,0.2406269758939743
14,1.230530858039856,0.7301151156425476,0.2956089377403259,0.2448347508907318
15,1.2335556745529175,0.7550279498100281,0.3314870297908783,0.2500150203704834
16,1.1957836151123047,0.7612173557281494,0.3382813632488251,0.25207677483558655
17,1.2008306980133057,0.7303860783576965,0.3763924539089203,0.2605505883693695
18,1.2296937704086304,0.8010936975479126,0.35434475541114807,0.25954487919807434
19,1.2051506042480469,0.7837802767753601,0.38932254910469055,0.266582727432251
20,1.1927183866500854,0.8419274687767029,0.40688419342041016,0.27011385560035706
21,1.1870064735412598,0.7850868105888367,0.40103286504745483,0.2774572968482971
22,1.1951138973236084,0.8369079232215881,0.42573219537734985,0.2809861898422241
23,1.207682728767395,0.7796471118927002,0.41754356026649475,0.28377634286880493
24,1.1763578653335571,0.7834609746932983,0.41153478622436523,0.2873663306236267
25,1.192366600036621,0.7407978773117065,0.44034600257873535,0.2904263734817505
26,1.2062101364135742,0.8122537732124329,0.3906262516975403,0.29194051027297974
27,1.1146901845932007,0.8076587915420532,0.4629508852958679,0.29407066106796265
28,1.180124282836914,0.7670063376426697,0.38704484701156616,0.29669997096061707
29,1.130720853805542,0.7681289911270142,0.43499505519866943,0.2995406687259674
30,1.1504706144332886,0.7979583144187927,0.43891090154647827,0.3023577332496643
31,1.1145377159118652,0.7941964864730835,0.4572144150733948,0.3039435148239136
32,1.1973451375961304,0.8220250010490417,0.4580957591533661,0.30499473214149475
33,1.1269923448562622,0.8060550093650818,0.4342082142829895,0.30636873841285706
34,1.1485687494277954,0.807457447052002,0.46089133620262146,0.3105684518814087
35,1.1566455364227295,0.8140774369239807,0.4359901547431946,0.31454429030418396
36,1.1506459712982178,0.7825492024421692,0.4299267530441284,0.3176800012588501
37,1.1384227275848389,0.8411208987236023,0.46669191122055054,0.3187720775604248
38,1.1378765106201172,0.7689769268035889,0.44502946734428406,0.3227062523365021
39,1.143633246421814,0.7485321760177612,0.4670296609401703,0.3238687217235565
40,1.1646000146865845,0.7876889705657959,0.4378461241722107,0.3251575827598572
41,1.126383900642395,0.7981602549552917,0.45976415276527405,0.3244592845439911
42,1.1443841457366943,0.7430175542831421,0.4441269040107727,0.3263920843601227
43,1.136566400527954,0.8329452872276306,0.48607343435287476,0.3288891017436981
44,1.1542288064956665,0.7542827129364014,0.44136208295822144,0.33200952410697937
45,1.1149787902832031,0.7503437399864197,0.4685489535331726,0.33117038011550903
46,1.0947659015655518,0.7603372931480408,0.46800702810287476,0.33308079838752747
47,1.134135127067566,0.7717001438140869,0.45910462737083435,0.3361247479915619
48,1.121974229812622,0.7920111417770386,0.47920358180999756,0.337781697511673
49,1.1090456247329712,0.811614453792572,0.4420330226421356,0.33974963426589966
50,1.137939691543579,0.7769629955291748,0.48783600330352783,0.3406051695346832
51,1.1125823259353638,0.7929214835166931,0.4838816821575165,0.3424670398235321
52,1.1120625734329224,0.810344934463501,0.509859025478363,0.3429488241672516
53,1.1119095087051392,0.7579442858695984,0.4737806022167206,0.34160730242729187
54,1.1228106021881104,0.76080322265625,0.4769849181175232,0.3417898416519165
55,1.1214162111282349,0.7840380072593689,0.49938255548477173,0.3437484800815582
56,1.1524111032485962,0.8267894387245178,0.4758969843387604,0.3441504240036011
57,1.136365294456482,0.788373589515686,0.4741560220718384,0.3432663083076477
58,1.1338791847229004,0.780981719493866,0.4698124825954437,0.34635481238365173
59,1.145135521888733,0.7835432887077332,0.47109222412109375,0.34741491079330444
60,1.1063199043273926,0.74079829454422,0.49955475330352783,0.3451388478279114
61,1.091802954673767,0.8088933229446411,0.4771292209625244,0.34708601236343384
62,1.1140216588974,0.7826310992240906,0.5213261842727661,0.3481505215167999
63,1.1137713193893433,0.7533432245254517,0.47352156043052673,0.35086342692375183
64,1.172931432723999,0.7748280167579651,0.45745712518692017,0.3525339365005493
65,1.117339015007019,0.799022912979126,0.4778333306312561,0.35414618253707886
66,1.103585124015808,0.7827757596969604,0.4848625957965851,0.3554433286190033
67,1.1196353435516357,0.7656315565109253,0.451373815536499,0.35613521933555603
68,1.1082139015197754,0.7998204231262207,0.4716261923313141,0.3570224344730377
69,1.1073373556137085,0.8236203193664551,0.48459845781326294,0.35813575983047485
70,1.0841596126556396,0.780788242816925,0.5010402798652649,0.358743280172348
71,1.0817352533340454,0.7868550419807434,0.49921685457229614,0.35856667160987854
72,1.0742521286010742,0.777912974357605,0.4948137104511261,0.3587664067745209
73,1.1211142539978027,0.8034613728523254,0.4585464596748352,0.35905131697654724
74,1.126486897468567,0.7784371972084045,0.4787793755531311,0.3593944013118744
75,1.1046488285064697,0.7367473244667053,0.4320320188999176,0.3610250651836395
76,1.1121220588684082,0.7965402603149414,0.4916953444480896,0.3641226589679718
77,1.0990606546401978,0.7439269423484802,0.4799252152442932,0.36459800601005554
78,1.1282548904418945,0.7500316500663757,0.4476673901081085,0.3660181164741516
79,1.1245040893554688,0.7401729226112366,0.441683828830719,0.366574227809906
80,1.095000982284546,0.7721992135047913,0.49086806178092957,0.366605281829834
81,1.0893279314041138,0.7769024968147278,0.4670172333717346,0.36745622754096985
82,1.092417597770691,0.777971088886261,0.4893052875995636,0.36726856231689453
83,1.1421762704849243,0.7671907544136047,0.4687466621398926,0.3683648407459259
84,1.1606053113937378,0.78668612241745,0.4613409638404846,0.3684276044368744
85,1.0753467082977295,0.7650180459022522,0.519099235534668,0.3697652816772461
86,1.1056362390518188,0.7301161289215088,0.4650212228298187,0.3717055320739746
87,1.108299732208252,0.7903853058815002,0.46590590476989746,0.37205907702445984
88,1.108258605003357,0.7906111478805542,0.4923100173473358,0.3721410930156708
89,1.1355246305465698,0.7641985416412354,0.4535832405090332,0.3732355237007141
90,1.091127872467041,0.7999978065490723,0.5170028805732727,0.3736859858036041
91,1.0718286037445068,0.772273063659668,0.48643240332603455,0.3739367127418518
92,1.124969244003296,0.7748984098434448,0.4559129476547241,0.37416911125183105
93,1.0907230377197266,0.7932948470115662,0.4865937829017639,0.3749772608280182
94,1.1477364301681519,0.7847195267677307,0.4775049686431885,0.37501147389411926
95,1.11813485622406,0.7697027921676636,0.48612892627716064,0.3749811053276062
96,1.1183085441589355,0.7634085416793823,0.4716514050960541,0.37438735365867615
97,1.1412456035614014,0.7422710657119751,0.46180763840675354,0.3755432069301605
98,1.0829116106033325,0.774321973323822,0.5052952170372009,0.3775237798690796
99,1.1408746242523193,0.7867206335067749,0.4937954545021057,0.3787039518356323
100,1.0842517614364624,0.75253826379776,0.47524750232696533,0.37771880626678467
101,1.1145398616790771,0.7616238594055176,0.46761736273765564,0.37659016251564026
102,1.0867401361465454,0.800528883934021,0.4767600893974304,0.3785739243030548
103,1.096598744392395,0.7375255823135376,0.49150726199150085,0.3793288767337799
104,1.1211400032043457,0.7714846134185791,0.4870896339416504,0.3786100745201111
105,1.1092783212661743,0.7781440615653992,0.5044268369674683,0.37830954790115356
106,1.081671953201294,0.7538889050483704,0.47255608439445496,0.3783073127269745
107,1.0828144550323486,0.7653307318687439,0.5150278806686401,0.3794674873352051
108,1.1164320707321167,0.7715951800346375,0.4857315719127655,0.3784888982772827
109,1.0845736265182495,0.7567247748374939,0.5327954888343811,0.3791232705116272
110,1.0875989198684692,0.7856169939041138,0.4864398241043091,0.3805546164512634
111,1.0797250270843506,0.7856400609016418,0.4667111039161682,0.3809947967529297
112,1.075991153717041,0.737790048122406,0.46737441420555115,0.37934914231300354
113,1.1065235137939453,0.8290116190910339,0.48355942964553833,0.3815068304538727
114,1.0992465019226074,0.7663590908050537,0.4975717067718506,0.37907713651657104
115,1.0752915143966675,0.7398515939712524,0.494062215089798,0.38041216135025024
116,1.0709775686264038,0.8135054111480713,0.5032144784927368,0.38100695610046387
117,1.1413198709487915,0.7890762686729431,0.49208977818489075,0.38188713788986206
118,1.1217868328094482,0.7539179921150208,0.4980255663394928,0.38372471928596497
119,1.0716413259506226,0.8388803005218506,0.5070655345916748,0.38522595167160034
120,1.1137186288833618,0.7893741130828857,0.4729367792606354,0.38647475838661194
121,1.1088446378707886,0.7640867829322815,0.4946765899658203,0.38683488965034485
122,1.0734601020812988,0.7848824858665466,0.49428611993789673,0.38556069135665894
123,1.0893056392669678,0.8056500554084778,0.4795985221862793,0.3847522735595703
124,1.1090166568756104,0.802523672580719,0.49750036001205444,0.3842427432537079
125,1.0916070938110352,0.7914485335350037,0.5011535286903381,0.3851087987422943
126,1.108947515487671,0.79616779088974,0.47004348039627075,0.38544774055480957
127,1.099929928779602,0.8020032048225403,0.4874010384082794,0.38370785117149353
128,1.0788376331329346,0.7988231182098389,0.5087788105010986,0.38347047567367554
129,1.111218810081482,0.7767193913459778,0.4758962392807007,0.3848879933357239
130,1.0635135173797607,0.7797896862030029,0.5052671432495117,0.3842393159866333
131,1.0972201824188232,0.7705155611038208,0.47125351428985596,0.38770508766174316
132,1.1123895645141602,0.7455697655677795,0.4962620735168457,0.386833518743515
133,1.1178007125854492,0.7806110978126526,0.4948863387107849,0.38741210103034973
134,1.0926992893218994,0.7733662724494934,0.5140501260757446,0.38695332407951355
135,1.1049319505691528,0.8009095191955566,0.4824215769767761,0.38627830147743225
136,1.1180428266525269,0.7707816362380981,0.4902394115924835,0.3857298791408539
137,1.0897901058197021,0.7317546606063843,0.48599982261657715,0.3864750862121582
138,1.1088885068893433,0.7513709664344788,0.5079061388969421,0.3858455717563629
139,1.1324079036712646,0.7482209801673889,0.49277129769325256,0.3861576318740845
140,1.1032308340072632,0.6971766352653503,0.47606462240219116,0.38505318760871887
141,1.0754358768463135,0.7647534608840942,0.5286970138549805,0.3872586786746979
142,1.0684481859207153,0.7825186848640442,0.5178186893463135,0.3872348964214325
143,1.0923088788986206,0.7624620795249939,0.49719786643981934,0.3868637979030609
144,1.0649867057800293,0.7994655966758728,0.4917778968811035,0.3879448175430298
145,1.0966103076934814,0.774448812007904,0.4916301667690277,0.3888918161392212
146,1.1242865324020386,0.7374429106712341,0.44640472531318665,0.38812118768692017
147,1.0939793586730957,0.7468327283859253,0.4920143783092499,0.3874910771846771
148,1.0707594156265259,0.7881401777267456,0.5175109505653381,0.38742494583129883
149,1.0894269943237305,0.7113038301467896,0.49594467878341675,0.38629257678985596
150,1.0641824007034302,0.744665265083313,0.4937184154987335,0.38759171962738037
151,1.1057720184326172,0.7420278787612915,0.48715341091156006,0.3871934115886688
152,1.0842230319976807,0.7403863072395325,0.4857768416404724,0.387906014919281
153,1.1162281036376953,0.7478458881378174,0.4974731504917145,0.38824886083602905
154,1.1120160818099976,0.7654998302459717,0.5134866833686829,0.38857248425483704
155,1.0731477737426758,0.7568937540054321,0.508054256439209,0.388820081949234
156,1.0767254829406738,0.7739671468734741,0.48343202471733093,0.3892952501773834
157,1.0440609455108643,0.7904810309410095,0.5029784440994263,0.38940882682800293
158,1.1158578395843506,0.7353564500808716,0.5027725696563721,0.3877476751804352
159,1.0937374830245972,0.7917677164077759,0.47722741961479187,0.3896849453449249
160,1.1373251676559448,0.7363684773445129,0.49033838510513306,0.387788325548172
161,1.0837076902389526,0.8320938348770142,0.5315222144126892,0.3879501223564148
162,1.0954935550689697,0.740688145160675,0.49876394867897034,0.3856589198112488
163,1.0809574127197266,0.7711931467056274,0.4987849295139313,0.38702231645584106
164,1.0938868522644043,0.7555797696113586,0.49402379989624023,0.3863125741481781
165,1.1152716875076294,0.7753934264183044,0.5047040581703186,0.3857862651348114
166,1.0452882051467896,0.7628756165504456,0.5100582242012024,0.38491737842559814
167,1.0837633609771729,0.768334150314331,0.5133951902389526,0.38593974709510803
168,1.109637975692749,0.7346894145011902,0.4776868224143982,0.3859124779701233
169,1.0962035655975342,0.7425796985626221,0.4932498037815094,0.38614100217819214
170,1.0768990516662598,0.7759330868721008,0.5107036828994751,0.3865963816642761
171,1.1099445819854736,0.7657458186149597,0.5028284788131714,0.3883049786090851
172,1.0568689107894897,0.758625864982605,0.5168845057487488,0.3884517252445221
173,1.080221176147461,0.7560089826583862,0.4960939884185791,0.38885894417762756
174,1.127240777015686,0.7590770125389099,0.503656804561615,0.3880413770675659
175,1.0920827388763428,0.7604659199714661,0.4828941524028778,0.3867165446281433
176,1.1238523721694946,0.714895486831665,0.4838183522224426,0.3853408098220825
177,1.0748746395111084,0.7509775161743164,0.5106465220451355,0.38710537552833557
178,1.092142939567566,0.7558637857437134,0.5131044387817383,0.38696208596229553
179,1.0805835723876953,0.7903693914413452,0.5063028335571289,0.3881431519985199
180,1.0557706356048584,0.7598623633384705,0.518047034740448,0.3871098756790161
181,1.0591269731521606,0.7602742314338684,0.5344257950782776,0.3867173492908478
182,1.0789403915405273,0.7965662479400635,0.5027185678482056,0.3895857334136963
183,1.1196647882461548,0.748212456703186,0.4908548891544342,0.38931673765182495
184,1.0876024961471558,0.7450821399688721,0.49494993686676025,0.38911008834838867
185,1.0640960931777954,0.7474343180656433,0.4958052933216095,0.39005136489868164
186,1.0861116647720337,0.742608368396759,0.5063589215278625,0.38929247856140137
187,1.0738143920898438,0.7513868808746338,0.5019468069076538,0.38889455795288086
188,1.0757312774658203,0.7565776705741882,0.4950943887233734,0.38777410984039307
189,1.0538899898529053,0.7923555970191956,0.5197083353996277,0.38892143964767456
190,1.1063745021820068,0.7648161053657532,0.48707443475723267,0.38880807161331177
191,1.0830014944076538,0.76832115650177,0.5186805725097656,0.3889707028865814
192,1.0566613674163818,0.7610236406326294,0.5099095106124878,0.3886623978614807
193,1.0854843854904175,0.7607370615005493,0.5124406814575195,0.3879568874835968
194,1.101879358291626,0.7542506456375122,0.49265676736831665,0.3869307041168213
195,1.087124228477478,0.7643030881881714,0.4913684129714966,0.38653042912483215
196,1.1098233461380005,0.808079183101654,0.5442026853561401,0.3873126804828644
197,1.0564844608306885,0.7582850456237793,0.5091348886489868,0.38473954796791077
198,1.0864242315292358,0.7758100032806396,0.5183889865875244,0.38628652691841125
199,1.074704885482788,0.7802783250808716,0.5452665090560913,0.3875904977321625
200,1.0608354806900024,0.8060333728790283,0.5212653279304504,0.388495534658432
201,1.0840975046157837,0.7847812175750732,0.5023419260978699,0.3869578540325165
202,1.1431571245193481,0.7551113367080688,0.4780408442020416,0.38579994440078735
203,1.0895029306411743,0.7747909426689148,0.5041744112968445,0.38613077998161316
204,1.086572527885437,0.7541943788528442,0.48664674162864685,0.3852916657924652
205,1.0921252965927124,0.7754881978034973,0.5109539031982422,0.3848762810230255
206,1.090921401977539,0.783359944820404,0.5074380040168762,0.38483843207359314
207,1.0451641082763672,0.8077354431152344,0.558721125125885,0.387119323015213
208,1.0779622793197632,0.77095627784729,0.4972282350063324,0.38666054606437683
209,1.0972354412078857,0.7957131862640381,0.5232565999031067,0.386936217546463
210,1.072767734527588,0.747981071472168,0.5019708871841431,0.3864520192146301
211,1.0753482580184937,0.7609817981719971,0.5047616958618164,0.3873078227043152
212,1.068986415863037,0.7601816058158875,0.5419141054153442,0.38579127192497253
213,1.0817385911941528,0.7904409766197205,0.5205687880516052,0.38716745376586914
214,1.135221004486084,0.7515056729316711,0.5191367268562317,0.3852895200252533
215,1.1126493215560913,0.7584370970726013,0.5276099443435669,0.38612061738967896
216,1.068677306175232,0.7554023861885071,0.5001915693283081,0.3860345780849457
217,1.0520541667938232,0.7775423526763916,0.523949146270752,0.38732099533081055
218,1.0775870084762573,0.7883620858192444,0.4952554404735565,0.38788336515426636
219,1.111452579498291,0.7838598489761353,0.49255508184432983,0.3871847689151764
220,1.0792806148529053,0.7561569809913635,0.4803474247455597,0.38573750853538513
221,1.1344131231307983,0.7595861554145813,0.48430579900741577,0.3858667314052582
222,1.0753827095031738,0.7973564863204956,0.5105336904525757,0.3885170519351959
223,1.057289958000183,0.7710576057434082,0.5382832288742065,0.38714390993118286
224,1.0336289405822754,0.7675345540046692,0.5686735510826111,0.3865816593170166
225,1.084323763847351,0.7868157029151917,0.5306511521339417,0.3868594467639923
226,1.0645034313201904,0.7799083590507507,0.509751558303833,0.38642001152038574
227,1.1113994121551514,0.7695300579071045,0.5224154591560364,0.3839496374130249
228,1.0687531232833862,0.7356144189834595,0.5272558927536011,0.37952154874801636
229,1.0800914764404297,0.8314000964164734,0.5343880653381348,0.38468116521835327
230,1.0516144037246704,0.7689725756645203,0.505035400390625,0.38145822286605835
231,1.102498173713684,0.7731536030769348,0.49186673760414124,0.3820839822292328
232,1.0498226881027222,0.7427957653999329,0.5123379230499268,0.3800841271877289
233,1.072089433670044,0.7553956508636475,0.5293365716934204,0.3791276812553406
234,1.068075180053711,0.804265558719635,0.524793803691864,0.38318079710006714
235,1.072996735572815,0.7749305367469788,0.5379582643508911,0.38037627935409546
236,1.0721160173416138,0.7869616150856018,0.5049753189086914,0.38330692052841187
237,1.051746129989624,0.7999410033226013,0.528579831123352,0.3844767212867737
238,1.0990365743637085,0.8030656576156616,0.49342378973960876,0.38339221477508545
239,1.0722416639328003,0.7593010067939758,0.5292352437973022,0.38166069984436035
240,1.0477440357208252,0.7513751983642578,0.526539146900177,0.3817031681537628
241,1.1138134002685547,0.7951951622962952,0.504328191280365,0.3847942650318146
242,1.051858901977539,0.786350429058075,0.5519797205924988,0.3840638995170593
243,1.0838732719421387,0.7658820748329163,0.5067259073257446,0.382427841424942
244,1.0718995332717896,0.7755550146102905,0.5159773826599121,0.3836584687232971
245,1.0535537004470825,0.7626538276672363,0.5230087637901306,0.3832181394100189
246,1.0776740312576294,0.7877888083457947,0.5096940994262695,0.384978324174881
247,1.0526018142700195,0.7718429565429688,0.5422981381416321,0.3852121829986572
248,1.0604379177093506,0.7828418016433716,0.5222596526145935,0.38490039110183716
249,1.0540294647216797,0.7531833052635193,0.5129688382148743,0.38230013847351074
250,1.043845772743225,0.778266429901123,0.5002145767211914,0.38425305485725403
251,1.0541974306106567,0.7663204669952393,0.5430287718772888,0.3856700360774994
252,1.0808064937591553,0.8091250061988831,0.5370193123817444,0.3879571557044983
253,1.0609995126724243,0.7723811864852905,0.5195584297180176,0.3852541446685791
254,1.0754610300064087,0.7692376375198364,0.521804690361023,0.38459038734436035
255,1.0940632820129395,0.77154940366745,0.5200125575065613,0.38484621047973633
256,1.0621734857559204,0.7633948922157288,0.5189782381057739,0.3834919035434723
257,1.070509433746338,0.8115265965461731,0.5066093802452087,0.3847545385360718
258,1.0858919620513916,0.7732487916946411,0.5350542664527893,0.3823759853839874
259,1.07842218875885,0.7727783918380737,0.5203673243522644,0.3836818039417267
260,1.0600237846374512,0.7787492275238037,0.5035162568092346,0.3847287595272064
261,1.06181001663208,0.7661669254302979,0.505748450756073,0.3837087154388428
262,1.07024085521698,0.7669851183891296,0.48038679361343384,0.383004754781723
263,1.0779540538787842,0.7658964395523071,0.5192305445671082,0.37969714403152466
264,1.0604420900344849,0.76732337474823,0.5427879691123962,0.3798386752605438
265,1.0641814470291138,0.7579683661460876,0.5110822916030884,0.37992915511131287
266,1.0850214958190918,0.7757468223571777,0.5469310283660889,0.38059744238853455
267,1.0380327701568604,0.7708442211151123,0.5746011137962341,0.37847650051116943
268,1.0812342166900635,0.7615771889686584,0.5154616832733154,0.37910178303718567
269,1.0665956735610962,0.7734622955322266,0.4906911551952362,0.37950196862220764
270,1.0815702676773071,0.7866580486297607,0.5223562717437744,0.3805035650730133
271,1.0357608795166016,0.784792959690094,0.516442596912384,0.38185107707977295
272,1.0480992794036865,0.7696235179901123,0.5319951176643372,0.38172128796577454
273,1.0918569564819336,0.7945552468299866,0.5435864329338074,0.3828720450401306
274,1.0709986686706543,0.7832063436508179,0.5235497951507568,0.3811134099960327
275,1.0724753141403198,0.7656798958778381,0.5253782868385315,0.3816121518611908
276,1.0415064096450806,0.7777244448661804,0.5622640252113342,0.3822234869003296
277,1.0545461177825928,0.7636951208114624,0.5147395730018616,0.381840318441391
278,1.0390762090682983,0.759922981262207,0.5288681387901306,0.3808445930480957
279,1.061992883682251,0.7842928767204285,0.5475659370422363,0.3811795115470886
280,1.0526459217071533,0.7781267762184143,0.5543051362037659,0.38099405169487
281,1.0592436790466309,0.7686246633529663,0.5203407406806946,0.3800300061702728
282,1.0426969528198242,0.7727579474449158,0.5244736075401306,0.382195383310318
283,1.0152615308761597,0.7922055721282959,0.5338211059570312,0.38291123509407043
284,1.084533452987671,0.7862297892570496,0.5249860882759094,0.3824830651283264
285,1.0633870363235474,0.7744579315185547,0.5325585603713989,0.3782878816127777
286,1.0662440061569214,0.771550178527832,0.49653396010398865,0.37993332743644714
287,1.0918575525283813,0.7874606847763062,0.5246089100837708,0.3809433579444885
288,1.0585027933120728,0.8012031316757202,0.5757607817649841,0.3829442858695984
289,1.0811318159103394,0.7840332388877869,0.5079469680786133,0.3806740343570709
290,1.0850263833999634,0.8046740889549255,0.5444862842559814,0.3851315975189209
291,1.0683674812316895,0.7561721801757812,0.5131159424781799,0.3815377652645111
292,1.0275689363479614,0.7842977643013,0.5691893696784973,0.38329386711120605
293,1.0583730936050415,0.764335572719574,0.5386629104614258,0.3834998309612274
294,1.0478790998458862,0.7978824377059937,0.5538650751113892,0.38787850737571716
295,1.0747178792953491,0.7596695423126221,0.511288046836853,0.38211822509765625
296,1.048584222793579,0.7587419152259827,0.5181349515914917,0.3801429569721222
297,1.0707277059555054,0.7852725386619568,0.533919095993042,0.383370578289032
298,1.0193368196487427,0.7603873014450073,0.5507177114486694,0.3809445798397064
299,1.0235949754714966,0.7679151296615601,0.579706609249115,0.3828531801700592
300,1.0398497581481934,0.7882541418075562,0.5635653138160706,0.38595372438430786
301,1.0394564867019653,0.7738194465637207,0.5480590462684631,0.38386815786361694
302,1.0356087684631348,0.7852824926376343,0.5563143491744995,0.3846551179885864
303,1.0605562925338745,0.7584925293922424,0.5271046161651611,0.3809683322906494
304,1.036882996559143,0.7474417090415955,0.5563058257102966,0.37796756625175476
305,1.0783015489578247,0.7607322931289673,0.5332509279251099,0.3780742287635803
306,1.0401948690414429,0.7871056199073792,0.5715782642364502,0.38207921385765076
307,1.0698351860046387,0.7697342038154602,0.5410922765731812,0.37769457697868347
308,1.0549843311309814,0.806169331073761,0.5163833498954773,0.3833789527416229
309,1.0726348161697388,0.7971769571304321,0.5540935397148132,0.3818061649799347
310,1.0122531652450562,0.7604593634605408,0.5731216073036194,0.37650904059410095
311,1.0386911630630493,0.769102931022644,0.580130934715271,0.3766927719116211
312,1.0584129095077515,0.7445830702781677,0.4918081760406494,0.3724592328071594
313,1.0835318565368652,0.7826657295227051,0.5406268239021301,0.37868213653564453
314,1.0231976509094238,0.7698788642883301,0.5383123755455017,0.37492311000823975
315,1.051121473312378,0.7677289843559265,0.5546082854270935,0.37708863615989685
316,1.0514498949050903,0.7649783492088318,0.5465413928031921,0.37676870822906494
317,1.0374139547348022,0.7946890592575073,0.5445154309272766,0.3750970959663391
318,1.0549390316009521,0.7690187096595764,0.5238015651702881,0.3755160868167877
319,1.0442683696746826,0.749857485294342,0.5488947629928589,0.3727306127548218
320,1.056396245956421,0.7538707256317139,0.5581140518188477,0.3707822859287262
321,1.0094751119613647,0.7463515996932983,0.5654656291007996,0.372102290391922
322,1.0286022424697876,0.7509329319000244,0.5505154132843018,0.37339597940444946
323,1.0446901321411133,0.7621972560882568,0.5409871339797974,0.37549731135368347
324,1.045532464981079,0.7619487643241882,0.5599481463432312,0.3736993968486786
325,1.0485814809799194,0.750840961933136,0.566220223903656,0.3725490868091583
326,1.0274839401245117,0.7541833519935608,0.5665489435195923,0.374602347612381
327,1.0470725297927856,0.7691659927368164,0.5925697088241577,0.3780416250228882
328,1.0313549041748047,0.75144362449646,0.5703427791595459,0.37449583411216736
329,1.0338550806045532,0.7625986337661743,0.5697693824768066,0.37496301531791687
330,1.0458115339279175,0.7772531509399414,0.5711616277694702,0.3777742385864258
331,1.0492277145385742,0.7403479218482971,0.5648518204689026,0.3716672658920288
332,1.0521267652511597,0.7374563813209534,0.5172246098518372,0.37408629059791565
333,1.0756877660751343,0.7518259286880493,0.5710461139678955,0.3742211163043976
334,1.0049406290054321,0.7558600306510925,0.5557467341423035,0.37487974762916565
335,1.0151395797729492,0.7666887640953064,0.5924264788627625,0.37738677859306335
336,1.0481412410736084,0.7619515061378479,0.5559594631195068,0.3749336004257202
337,1.0783640146255493,0.7743191123008728,0.5161005258560181,0.3776116371154785
338,1.015613317489624,0.7616015076637268,0.6113898158073425,0.37413397431373596
339,1.0103347301483154,0.7799525260925293,0.561680018901825,0.37719446420669556
340,1.0259299278259277,0.7825873494148254,0.5926411151885986,0.37679505348205566
341,1.016905426979065,0.7599968910217285,0.5634644627571106,0.37233659625053406
342,1.008939504623413,0.7703125476837158,0.5756840109825134,0.3747219443321228
343,1.0732604265213013,0.7495639324188232,0.541119396686554,0.3696431517601013
344,1.024829626083374,0.7780237197875977,0.5982840061187744,0.37461432814598083
345,1.0168508291244507,0.7329627871513367,0.6046566963195801,0.36559978127479553
346,1.0437248945236206,0.7581135630607605,0.5701910257339478,0.37225979566574097
347,1.0007847547531128,0.7480469346046448,0.5678713321685791,0.36988627910614014
348,1.0334960222244263,0.7939369082450867,0.5871321558952332,0.37740588188171387
349,1.0130664110183716,0.7717611193656921,0.5926707983016968,0.3754473030567169
350,1.0259815454483032,0.7554171085357666,0.570466160774231,0.37388119101524353
351,1.0189238786697388,0.7396096587181091,0.5853974223136902,0.3680826723575592
352,0.9958044290542603,0.7708925008773804,0.5741415023803711,0.37476861476898193
353,1.035902500152588,0.7623181939125061,0.5853729844093323,0.3733696937561035
354,1.0342864990234375,0.7552808523178101,0.5739420652389526,0.3712894320487976
355,1.0344370603561401,0.7279049754142761,0.5521769523620605,0.36579087376594543
356,1.0412517786026,0.7739551067352295,0.5622590780258179,0.37683215737342834
357,1.0430792570114136,0.7467662692070007,0.5656636953353882,0.37049558758735657
358,1.0374664068222046,0.7678879499435425,0.561843991279602,0.37392154335975647
359,1.0150986909866333,0.7605258822441101,0.5894317626953125,0.3720897436141968
360,0.9962704181671143,0.7775676250457764,0.5831283926963806,0.3769777715206146
361,1.014484167098999,0.738873302936554,0.598078727722168,0.36890536546707153
362,1.031326174736023,0.7421317100524902,0.5560296773910522,0.37054547667503357
363,0.9834612607955933,0.756865918636322,0.6168264150619507,0.37325650453567505
364,1.0266278982162476,0.7783076763153076,0.5730816721916199,0.3762436807155609
365,1.0212974548339844,0.755764901638031,0.5717698931694031,0.37112903594970703
366,0.9999871850013733,0.7822398543357849,0.5832852125167847,0.3770754039287567
367,1.0129073858261108,0.742385745048523,0.5736683011054993,0.36978089809417725
368,1.0450295209884644,0.7320663928985596,0.5858124494552612,0.36604997515678406
369,0.989254891872406,0.7526233196258545,0.5741949081420898,0.368789404630661
370,1.0183926820755005,0.7692046165466309,0.599871814250946,0.3713059425354004
371,1.0107930898666382,0.757785975933075,0.5638552904129028,0.36793723702430725
372,1.022915005683899,0.7319011092185974,0.5867483615875244,0.36295679211616516
373,0.9999951124191284,0.7490841150283813,0.5676174759864807,0.36528804898262024
374,0.965001106262207,0.7512609958648682,0.5962413549423218,0.36550983786582947
375,0.9913424849510193,0.7477114200592041,0.5481266379356384,0.36261609196662903
376,1.0472651720046997,0.7435193657875061,0.5798202753067017,0.3629578948020935
377,1.0179965496063232,0.7580698132514954,0.5783000588417053,0.3644832372665405
378,0.9938177466392517,0.748004674911499,0.5741474032402039,0.3623931109905243
379,0.9917483329772949,0.7628865242004395,0.5838149189949036,0.36466702818870544
380,1.0349425077438354,0.7563456296920776,0.5665327906608582,0.36136382818222046
381,0.997746467590332,0.766657829284668,0.5734313130378723,0.3645397424697876
382,1.0470536947250366,0.7471499443054199,0.5407946705818176,0.36106133460998535
383,0.96189945936203,0.750432014465332,0.5972894430160522,0.3574511408805847
384,1.0079301595687866,0.7679166793823242,0.5638930797576904,0.3595045208930969
385,1.0290470123291016,0.7701619863510132,0.5853447318077087,0.36228248476982117
386,1.0103473663330078,0.7573126554489136,0.596458911895752,0.35652509331703186
387,1.0230635404586792,0.7650383710861206,0.5172872543334961,0.3586396276950836
388,0.9869258403778076,0.7564210295677185,0.5941895842552185,0.35772427916526794
389,0.989270806312561,0.7601935863494873,0.5977862477302551,0.36222779750823975
390,1.0218186378479004,0.7830513119697571,0.5744048953056335,0.36645135283470154
391,0.9977608919143677,0.7562124729156494,0.583501398563385,0.36098232865333557
392,1.0295846462249756,0.7549545764923096,0.570740282535553,0.35892918705940247
393,1.0262465476989746,0.7573838829994202,0.5978541970252991,0.3621538579463959
394,0.9856007695198059,0.7413831949234009,0.6007657647132874,0.363761842250824
395,1.0006999969482422,0.7726618051528931,0.5989584922790527,0.36965927481651306
396,1.0074567794799805,0.7565595507621765,0.6075544953346252,0.36477574706077576
397,1.0254087448120117,0.7380746006965637,0.57951819896698,0.3572463393211365
398,1.035433292388916,0.7696871757507324,0.5623472332954407,0.3672032952308655
399,1.0044260025024414,0.7528537511825562,0.5916109085083008,0.3666488826274872
400,0.9972125291824341,0.7356670498847961,0.5955246090888977,0.3602808713912964
401,0.9911851286888123,0.758955180644989,0.5953071117401123,0.36479708552360535
402,1.0018624067306519,0.7635356783866882,0.5931755304336548,0.3650212585926056
403,0.9998327493667603,0.7474183440208435,0.5876376628875732,0.3632136285305023
404,1.0052661895751953,0.7462027072906494,0.5990724563598633,0.3603978753089905
405,1.0111546516418457,0.7755892872810364,0.5859394669532776,0.3676395118236542
406,0.9907708764076233,0.7846419811248779,0.5920261740684509,0.3691719174385071
407,0.9881764054298401,0.757354199886322,0.6126078367233276,0.3636096119880676
408,1.0259844064712524,0.7271131277084351,0.5538508296012878,0.3483920097351074
409,1.0369967222213745,0.7709143757820129,0.5855357646942139,0.3637006878852844
410,0.9851776361465454,0.7386995553970337,0.5982857942581177,0.3566734790802002
411,1.0445257425308228,0.7334403991699219,0.5348383188247681,0.3520858883857727
412,0.9746878147125244,0.7726643085479736,0.6024479269981384,0.36309394240379333
413,0.9915720820426941,0.7531330585479736,0.5949093103408813,0.36329779028892517
414,1.0146986246109009,0.7580388188362122,0.5840250253677368,0.36159300804138184
415,1.0001648664474487,0.778592050075531,0.5964220762252808,0.3693327307701111
416,1.003030776977539,0.7884114980697632,0.6097636818885803,0.36892279982566833
417,1.015306830406189,0.7302249670028687,0.5674887299537659,0.35269805788993835
418,1.0011954307556152,0.7310261130332947,0.5647487640380859,0.35579660534858704
419,1.0252540111541748,0.740355908870697,0.5642459392547607,0.35806193947792053
420,0.9891317486763,0.7415707111358643,0.595120906829834,0.35917243361473083
421,0.9796400666236877,0.7315263748168945,0.5842278599739075,0.34991833567619324
422,0.9862789511680603,0.7516893148422241,0.5972222685813904,0.35881417989730835
423,1.012726068496704,0.7513223886489868,0.6036745309829712,0.3575995862483978
424,0.9935945272445679,0.7598624229431152,0.6104555130004883,0.35691702365875244
425,0.9997955560684204,0.7664352059364319,0.5983365178108215,0.36203789710998535
426,0.9783168435096741,0.7437881231307983,0.587977409362793,0.3502005934715271
427,0.9864228963851929,0.7780663371086121,0.6168280243873596,0.3604903221130371
428,0.9931953549385071,0.7523941397666931,0.5733686089515686,0.35625895857810974
429,0.9809759855270386,0.754761278629303,0.6275783181190491,0.3552096486091614
430,1.008238434791565,0.7582758665084839,0.5790508389472961,0.3542810082435608
431,0.9916680455207825,0.7647628784179688,0.6068626046180725,0.36299172043800354
432,1.033796787261963,0.7525314688682556,0.5752688050270081,0.35255908966064453
433,1.0177088975906372,0.7508474588394165,0.5594868659973145,0.349465012550354
434,0.9750160574913025,0.7503759264945984,0.5948506593704224,0.35071051120758057
435,1.0105868577957153,0.7438432574272156,0.5922684669494629,0.3441656529903412
436,1.0067496299743652,0.7449455261230469,0.5776177048683167,0.3477672338485718
437,1.0209298133850098,0.7673753499984741,0.55888831615448,0.3524419963359833
438,1.0163828134536743,0.7684187889099121,0.6102104783058167,0.35870063304901123
439,1.0012916326522827,0.7436968684196472,0.5687968134880066,0.34971827268600464
440,1.0415761470794678,0.7574620842933655,0.5499991178512573,0.3554914891719818
441,0.9775703549385071,0.754003643989563,0.6131671071052551,0.35317692160606384
442,0.9707604646682739,0.7550039887428284,0.6120094656944275,0.35438162088394165
443,1.005979061126709,0.7520791292190552,0.5867164731025696,0.3541749119758606
444,1.0087634325027466,0.7491803765296936,0.5941551327705383,0.35282012820243835
445,0.9946895241737366,0.7562551498413086,0.597312867641449,0.3559744656085968
446,0.974871039390564,0.7756018042564392,0.5871511697769165,0.3600071370601654
447,0.996776282787323,0.7500173449516296,0.5980225801467896,0.35438376665115356
448,1.0081809759140015,0.7717358469963074,0.5795090794563293,0.35621151328086853
449,0.9847133159637451,0.7673408389091492,0.5949828028678894,0.3587222397327423
450,0.9694299697875977,0.7594221830368042,0.6126794815063477,0.36093786358833313
451,1.0200334787368774,0.7623804807662964,0.593522310256958,0.35736727714538574
452,0.9921536445617676,0.7507152557373047,0.5870871543884277,0.3570018410682678
453,0.9681386947631836,0.743780255317688,0.5870338678359985,0.3531320095062256
454,0.9743527173995972,0.7442746162414551,0.5993474721908569,0.3534599542617798
455,0.9835821986198425,0.7471062541007996,0.5905393362045288,0.3582572937011719
456,1.0151673555374146,0.7309683561325073,0.5808285474777222,0.3480914831161499
457,1.0000972747802734,0.7552613019943237,0.5970019102096558,0.3606768846511841
458,1.0130112171173096,0.7508743405342102,0.5836660265922546,0.3633049726486206
459,0.9990173578262329,0.7299951910972595,0.5943059921264648,0.3587504029273987
460,0.9892067313194275,0.7517215609550476,0.6138997673988342,0.36828774213790894
461,0.9712567329406738,0.7476832270622253,0.6047037839889526,0.3636138439178467
462,0.9939619302749634,0.7545640468597412,0.5732359886169434,0.36650338768959045
463,0.9992425441741943,0.7467687726020813,0.5845218300819397,0.36237633228302
464,1.0113348960876465,0.7678355574607849,0.5659483671188354,0.3717350363731384
465,1.0339664220809937,0.75126713514328,0.5832691192626953,0.36217835545539856
466,0.9791955351829529,0.7613741755485535,0.623805582523346,0.36396658420562744
467,1.0165761709213257,0.7566201686859131,0.5930837988853455,0.3592030704021454
468,0.9546107649803162,0.740170419216156,0.626936674118042,0.3578365445137024
469,1.0424845218658447,0.7296475768089294,0.5752713680267334,0.34420230984687805
470,1.0049103498458862,0.7495781183242798,0.5904893279075623,0.35547956824302673
471,1.00272798538208,0.7466362118721008,0.6101778745651245,0.3545720875263214
472,1.0230677127838135,0.764729380607605,0.5956496000289917,0.3634197413921356
473,0.9794323444366455,0.7651724815368652,0.5888092517852783,0.35985150933265686
474,0.9838859438896179,0.7518751621246338,0.6179436445236206,0.3539949655532837
475,0.9741166234016418,0.7559801936149597,0.6023383736610413,0.3562694489955902
476,1.0091818571090698,0.7452108860015869,0.5866849422454834,0.34981077909469604
477,0.9956732392311096,0.7548434138298035,0.6021561026573181,0.3533064126968384
478,0.9736565947532654,0.7504822611808777,0.6188665628433228,0.3528299331665039
479,1.0149749517440796,0.7623422145843506,0.5832924246788025,0.35979774594306946
480,0.987554669380188,0.7742704153060913,0.5680628418922424,0.3663282096385956
481,1.0105876922607422,0.7550942897796631,0.566187858581543,0.3590087890625
482,0.9645291566848755,0.7481147646903992,0.6234965920448303,0.3627021610736847
483,0.9761751890182495,0.7543479800224304,0.6176363825798035,0.35651344060897827
484,0.9899813532829285,0.7571219801902771,0.5775270462036133,0.3556816279888153
485,0.9802899360656738,0.7594473361968994,0.6050405502319336,0.362032413482666
486,0.9579829573631287,0.7611823678016663,0.6167953014373779,0.36121055483818054
487,1.0040168762207031,0.7765828371047974,0.5828744173049927,0.37257006764411926
488,0.9508230686187744,0.7571062445640564,0.659918487071991,0.3691934049129486
489,0.9669710993766785,0.7491995692253113,0.6268447041511536,0.36308637261390686
490,0.9796185493469238,0.7509034872055054,0.5993016362190247,0.36120861768722534
491,0.9925865530967712,0.7697924971580505,0.5975819826126099,0.3662709593772888
492,0.9846619963645935,0.7501410841941833,0.5964036583900452,0.35629507899284363
493,0.9782533049583435,0.7479939460754395,0.614020824432373,0.35255035758018494
494,0.9391563534736633,0.7606672048568726,0.5930261611938477,0.3598754107952118
495,1.004703402519226,0.7472279071807861,0.5919582843780518,0.35056301951408386
496,0.97239089012146,0.7549418807029724,0.5982434749603271,0.35505878925323486
497,0.9786229133605957,0.732964277267456,0.5940966606140137,0.3485463261604309
498,0.9838162064552307,0.7632516622543335,0.6097086668014526,0.35396698117256165
499,1.0094672441482544,0.7518063187599182,0.5559412837028503,0.3494166433811188
500,0.9864770174026489,0.7576532363891602,0.6048961281776428,0.3555714190006256
501,0.9786433577537537,0.7578036785125732,0.6183541417121887,0.35834401845932007
502,0.9878608584403992,0.7397586703300476,0.6161717176437378,0.3539987802505493
503,0.9697860479354858,0.742823600769043,0.5901743769645691,0.3506394922733307
504,1.0004140138626099,0.7419432997703552,0.5762177109718323,0.3485800325870514
505,0.9554083347320557,0.7592015862464905,0.614745020866394,0.35656261444091797
506,0.995143473148346,0.773285448551178,0.601361870765686,0.3574754297733307
507,0.9972516298294067,0.7610759735107422,0.6055985689163208,0.3569730222225189
508,0.9876400828361511,0.7593968510627747,0.5921476483345032,0.3610175848007202
509,0.9752638339996338,0.7500367760658264,0.5939059853553772,0.3493838608264923
510,0.9994219541549683,0.7658879160881042,0.5922026038169861,0.35705241560935974
511,1.0063495635986328,0.7502962946891785,0.5675073862075806,0.3527263402938843
512,0.9967358708381653,0.7397904396057129,0.5967373847961426,0.35477355122566223
513,0.9879530072212219,0.7516463994979858,0.5999173521995544,0.35815155506134033
514,1.0199557542800903,0.7583305835723877,0.5918936729431152,0.35862600803375244
515,0.9917563199996948,0.7636215686798096,0.6168971657752991,0.362562358379364
516,0.9692332148551941,0.7520349025726318,0.6168350577354431,0.35928332805633545
517,0.9691206812858582,0.7519407868385315,0.6317875385284424,0.3596418499946594
518,0.985529363155365,0.7525684833526611,0.595889151096344,0.3563017249107361
519,0.9801963567733765,0.7356604337692261,0.6227279305458069,0.34405794739723206
520,0.9666228890419006,0.7729957103729248,0.6103152632713318,0.35729923844337463
521,0.9810789227485657,0.7458029389381409,0.6253543496131897,0.34817200899124146
522,0.9681930541992188,0.7564897537231445,0.6347507834434509,0.3546852171421051
523,0.9906379580497742,0.7488146424293518,0.6117287278175354,0.3454717993736267
524,0.9543138146400452,0.751289427280426,0.5960103273391724,0.3380705714225769
525,0.987375795841217,0.7444981932640076,0.5957165956497192,0.3389163315296173
526,0.966123640537262,0.7498693466186523,0.6218962669372559,0.3440451920032501
527,0.9737474322319031,0.76673823595047,0.6174929738044739,0.3503139615058899
528,0.9541426301002502,0.7812589406967163,0.6097731590270996,0.3617641031742096
529,0.9705784320831299,0.7652449607849121,0.6230960488319397,0.36195871233940125
530,0.9543386697769165,0.7520750761032104,0.625829815864563,0.3562431335449219
531,0.9600107073783875,0.755429208278656,0.6195206046104431,0.35518354177474976
532,0.9869586229324341,0.7385462522506714,0.5996695756912231,0.3502975404262543
533,0.9741864204406738,0.7538130879402161,0.6013652682304382,0.3522898852825165
534,0.9889426827430725,0.7570747137069702,0.6036285758018494,0.357040137052536
535,0.9939427375793457,0.7630566358566284,0.6290412545204163,0.36261889338493347
536,0.9689938426017761,0.7752678990364075,0.617455005645752,0.36639827489852905
537,0.9780272245407104,0.7521542906761169,0.6216480731964111,0.355038046836853
538,0.9640528559684753,0.737873911857605,0.6286479234695435,0.34434396028518677
539,0.9962896704673767,0.7361153960227966,0.5831581950187683,0.3483486473560333
540,0.9828506708145142,0.7551540732383728,0.6097095608711243,0.3608059585094452
541,0.9943472743034363,0.739146888256073,0.6055101752281189,0.35129767656326294
542,0.9590265154838562,0.735197901725769,0.6001028418540955,0.3452760875225067
543,0.9620407223701477,0.7475278377532959,0.6152306795120239,0.35082292556762695
544,0.9604893922805786,0.7552409172058105,0.6320245862007141,0.35013508796691895
545,0.9391154050827026,0.749618411064148,0.6513986587524414,0.351181298494339
546,1.0012634992599487,0.757750391960144,0.607978105545044,0.3539287745952606
547,0.9914821982383728,0.7485494613647461,0.604418158531189,0.3444312810897827
548,0.9584240317344666,0.7526118159294128,0.6187887787818909,0.35323941707611084
549,0.9612506031990051,0.7456411719322205,0.6185308694839478,0.3485111594200134
550,1.0033485889434814,0.758723258972168,0.5786682963371277,0.3514690697193146
551,0.9449665546417236,0.7575220465660095,0.6235194802284241,0.34865134954452515
552,0.994435727596283,0.7388917207717896,0.6019675135612488,0.3413667380809784
553,1.0427221059799194,0.7637397050857544,0.5931144952774048,0.3507816195487976
554,0.9740298390388489,0.7477966547012329,0.6299631595611572,0.34820058941841125
555,0.9427983164787292,0.752588152885437,0.6288226842880249,0.3530600965023041
556,0.9735250473022461,0.74178147315979,0.6334760785102844,0.34563764929771423
557,0.9361038208007812,0.7629880309104919,0.6167032122612,0.35196229815483093
558,1.0040258169174194,0.7541559934616089,0.5952799916267395,0.35401061177253723
559,0.986380934715271,0.7635482549667358,0.5908801555633545,0.35837772488594055
560,0.9668861627578735,0.7592267990112305,0.6255797743797302,0.35805249214172363
561,0.9628220796585083,0.7430545687675476,0.6193954348564148,0.3510874807834625
562,0.9893450736999512,0.7541673183441162,0.6325759887695312,0.35327500104904175
563,0.9846408367156982,0.7622177600860596,0.6244868040084839,0.35333287715911865
564,0.9541769623756409,0.7655155062675476,0.6473418474197388,0.35432541370391846
565,0.9592788815498352,0.7497140765190125,0.6335182189941406,0.3447323143482208
566,0.9557856917381287,0.7570673823356628,0.5900259017944336,0.3534257113933563
567,0.9401736259460449,0.7501835227012634,0.6435075402259827,0.35282012820243835
568,0.9711380004882812,0.7500356435775757,0.6185607314109802,0.35294628143310547
569,0.986709475517273,0.7453581690788269,0.6061000227928162,0.3501465618610382
570,0.9546117782592773,0.7485973834991455,0.6264687180519104,0.3475934863090515
571,0.9692356586456299,0.7395128011703491,0.6242672801017761,0.34553036093711853
572,0.9513848423957825,0.7388036251068115,0.6470146775245667,0.3472360670566559
573,0.9623756408691406,0.7544487714767456,0.6081966161727905,0.3542749285697937
574,0.9667865037918091,0.7486050724983215,0.6227717399597168,0.35741573572158813
575,0.9739246964454651,0.7265042662620544,0.6304681897163391,0.34648433327674866
576,0.9694278240203857,0.7422212958335876,0.5910771489143372,0.35187670588493347
577,0.9786019921302795,0.7481896281242371,0.6363939046859741,0.3515736758708954
578,0.9527807235717773,0.7674337029457092,0.6417657732963562,0.3600427508354187
579,0.9502416849136353,0.766571581363678,0.6255859136581421,0.3587914705276489
580,1.0060206651687622,0.7457980513572693,0.6148799061775208,0.3480955958366394
581,0.9668809175491333,0.7385082840919495,0.6110941171646118,0.3496333062648773
582,0.9761918783187866,0.7515547275543213,0.6270872950553894,0.34908029437065125
583,0.947504460811615,0.7370350360870361,0.5926242470741272,0.3410976529121399
584,0.96340411901474,0.7561932802200317,0.64060378074646,0.3500000834465027
585,1.0063884258270264,0.7648622989654541,0.6109784245491028,0.3588159382343292
586,0.9292057752609253,0.7570462822914124,0.6407870650291443,0.3539654612541199
587,0.920660138130188,0.7490971684455872,0.653355598449707,0.3503939211368561
588,0.9313533306121826,0.7560367584228516,0.6520547866821289,0.3589037358760834
589,0.9737737774848938,0.7627735733985901,0.6411870718002319,0.3568853437900543
590,0.9652461409568787,0.7611275911331177,0.6500509977340698,0.35553228855133057
591,0.9784716367721558,0.7645096778869629,0.6284650564193726,0.3547512888908386
592,0.9322189688682556,0.754438579082489,0.6289137601852417,0.35471269488334656
593,0.9282442927360535,0.7500590682029724,0.646880030632019,0.3512451946735382
594,0.9737783670425415,0.7431180477142334,0.623877763748169,0.34822317957878113
595,0.9485419988632202,0.7574936151504517,0.6328773498535156,0.35507839918136597
596,0.9692693948745728,0.7673730850219727,0.6215134263038635,0.35755017399787903
597,0.9286518692970276,0.7403548955917358,0.629832923412323,0.34182238578796387
598,0.9811143279075623,0.7532618045806885,0.621356725692749,0.34449630975723267
599,0.9734671115875244,0.7638142704963684,0.623001754283905,0.3504870533943176
600,0.9431199431419373,0.7473869919776917,0.6540959477424622,0.3458922207355499
601,0.960862398147583,0.7462997436523438,0.6170681715011597,0.3366474211215973
602,0.9649122953414917,0.7562897801399231,0.5964903235435486,0.3472045361995697
603,0.983380913734436,0.7461044192314148,0.5882195830345154,0.3445221185684204
604,0.9907238483428955,0.7501116394996643,0.6084327697753906,0.3404371440410614
605,0.9836614727973938,0.7439709901809692,0.6175195574760437,0.3435218632221222
606,0.9278279542922974,0.7842444777488708,0.6610065698623657,0.3618115186691284
607,0.9503654837608337,0.7622887492179871,0.6216772198677063,0.3520883023738861
608,0.9854947328567505,0.7464881539344788,0.6188393831253052,0.347461074590683
609,0.970814049243927,0.7502050995826721,0.613959014415741,0.338251531124115
610,0.9369110465049744,0.7456408739089966,0.6322362422943115,0.34309113025665283
611,0.9595568776130676,0.748462438583374,0.6314231157302856,0.3494688868522644
612,0.9551964998245239,0.7585757970809937,0.6219813227653503,0.35524341464042664
613,0.9748409986495972,0.7409444451332092,0.6200268864631653,0.34507399797439575
614,0.9370953440666199,0.7323654294013977,0.62127685546875,0.35141655802726746
615,0.9875805377960205,0.7672780752182007,0.6219963431358337,0.3644867539405823
616,0.92999267578125,0.7434762120246887,0.644766628742218,0.3533042371273041
617,0.934693455696106,0.7504761219024658,0.660151481628418,0.35193780064582825
618,0.9406248927116394,0.7548380494117737,0.6374387741088867,0.3543831408023834
619,0.9699235558509827,0.7543975114822388,0.6364701986312866,0.3555252254009247
620,0.9706082344055176,0.758185863494873,0.6231365203857422,0.35737839341163635
621,0.9599584937095642,0.7513784170150757,0.6429468393325806,0.349614679813385
622,0.961726725101471,0.757262110710144,0.611867368221283,0.3514677584171295
623,0.9521421790122986,0.756912887096405,0.6161999106407166,0.35349011421203613
624,0.9703953266143799,0.7263553738594055,0.6212811470031738,0.346079558134079
625,0.937551736831665,0.7426096200942993,0.6290578842163086,0.35063934326171875
626,0.9717446565628052,0.7485995292663574,0.6077206134796143,0.35125279426574707
627,0.9467599391937256,0.7659334540367126,0.6309220790863037,0.36228102445602417
628,0.9430654644966125,0.7454239130020142,0.6461471915245056,0.35485613346099854
629,0.9444919228553772,0.7289425134658813,0.6484457850456238,0.34449562430381775
630,0.9646705389022827,0.7351328134536743,0.6327553987503052,0.3485150635242462
631,0.9525244235992432,0.7644910216331482,0.6325868368148804,0.36564013361930847
632,0.9692303538322449,0.7424898743629456,0.5972939729690552,0.35411468148231506
633,0.9581973552703857,0.7504456043243408,0.62093186378479,0.35643839836120605
634,0.9409903287887573,0.7489754557609558,0.6276376843452454,0.3498912751674652
635,0.946429431438446,0.7442259192466736,0.6369540095329285,0.3466843366622925
636,0.9447588920593262,0.7544788718223572,0.6357475519180298,0.35186076164245605
637,0.9569846987724304,0.7466433048248291,0.6387724280357361,0.35118913650512695
638,0.9244292974472046,0.7696382403373718,0.6304605007171631,0.36508986353874207
639,0.9163484573364258,0.7486677169799805,0.6465469598770142,0.35799407958984375
640,0.9506161212921143,0.73133385181427,0.6294373869895935,0.35106390714645386
641,0.9485289454460144,0.7537894248962402,0.6258314847946167,0.3614000380039215
642,0.977681577205658,0.7689694166183472,0.6374276280403137,0.3547363579273224
643,0.9276670813560486,0.7331632375717163,0.6526150703430176,0.3448850214481354
644,0.9574573040008545,0.757042407989502,0.6324772238731384,0.35373586416244507
645,0.8877734541893005,0.7529659867286682,0.6431469917297363,0.358330100774765
646,0.9787861704826355,0.7252710461616516,0.6531985402107239,0.35813769698143005
647,0.9605662226676941,0.7470426559448242,0.6456082463264465,0.36488619446754456
648,0.9516178965568542,0.7538513541221619,0.623935878276825,0.3634766936302185
649,0.9516440033912659,0.7570386528968811,0.6327919363975525,0.3577517569065094
650,0.9534144401550293,0.7498546838760376,0.6453986167907715,0.3524393141269684
651,0.9123408794403076,0.76358962059021,0.6543557047843933,0.3522784113883972
652,0.9740528464317322,0.7434432506561279,0.6343092322349548,0.3474659323692322
653,0.9489288330078125,0.7629939913749695,0.6484875082969666,0.3572099804878235
654,0.9425178170204163,0.7506511807441711,0.6264840364456177,0.35414960980415344
655,0.953388512134552,0.7553008198738098,0.6538737416267395,0.3617974519729614
656,0.9957887530326843,0.7447054386138916,0.613690972328186,0.3493860065937042
657,0.923181414604187,0.7461877465248108,0.6481703519821167,0.35216376185417175
658,0.9580895900726318,0.7441821098327637,0.6600213646888733,0.3470350205898285
659,0.9560470581054688,0.7566759586334229,0.6454916596412659,0.35775214433670044
660,0.9576916694641113,0.7533366680145264,0.635452151298523,0.3560316562652588
661,0.9177088737487793,0.7425041198730469,0.6486033797264099,0.35644227266311646
662,0.8925396800041199,0.755172610282898,0.6650818586349487,0.3636462986469269
663,0.973710298538208,0.74677574634552,0.6218273639678955,0.35128554701805115
664,0.9451167583465576,0.7323462963104248,0.6334729194641113,0.3495711386203766
665,0.930687427520752,0.7376299500465393,0.646835446357727,0.34888607263565063
666,0.977617621421814,0.7446286082267761,0.6295573115348816,0.3592824637889862
667,0.9242509007453918,0.7458083629608154,0.6623474359512329,0.3578931987285614
668,0.9406415224075317,0.7432026267051697,0.6359857320785522,0.35275518894195557
669,0.9604530334472656,0.7327985763549805,0.6312325596809387,0.3549429178237915
670,0.9055364727973938,0.7225680351257324,0.6637099981307983,0.35223937034606934
671,0.9579904079437256,0.7314174771308899,0.6460708379745483,0.3548688590526581
672,0.9261060953140259,0.7404433488845825,0.6421489715576172,0.3509875237941742
673,0.9370193481445312,0.7363449335098267,0.6592337489128113,0.34906044602394104
674,0.9179083704948425,0.7372928857803345,0.6698567271232605,0.356401652097702
675,0.9431042075157166,0.7243252992630005,0.6264786124229431,0.35719388723373413
676,0.9544876217842102,0.7411350011825562,0.626388669013977,0.36372441053390503
677,0.9253207445144653,0.7412980794906616,0.635897159576416,0.3578501343727112
678,0.9517602920532227,0.760378360748291,0.6276483535766602,0.3644833564758301
679,0.9228004813194275,0.7485382556915283,0.6371818780899048,0.3584238588809967
680,0.9557708501815796,0.7416356801986694,0.6403246521949768,0.3556461036205292
681,0.9104112386703491,0.7456830143928528,0.6621286273002625,0.35996493697166443
682,0.9536879062652588,0.7406753897666931,0.6274314522743225,0.35519349575042725
683,0.9312140345573425,0.7369465827941895,0.6477287411689758,0.3560788929462433
684,0.9495078921318054,0.7549340724945068,0.6461672782897949,0.35664474964141846
685,0.9307676553726196,0.759395182132721,0.6212719082832336,0.35971003770828247
686,0.9267972111701965,0.7354987859725952,0.6319023966789246,0.35568124055862427
687,0.9357449412345886,0.7280390858650208,0.63628751039505,0.35275381803512573
688,0.9384768605232239,0.7518631219863892,0.6504631638526917,0.3599662184715271
689,0.9069706797599792,0.7443946599960327,0.6638484597206116,0.34941959381103516
690,0.9353402256965637,0.7477668523788452,0.6521185636520386,0.35806214809417725
691,0.9324143528938293,0.7463037371635437,0.662090003490448,0.35268715023994446
692,0.9544232487678528,0.7372973561286926,0.6453419923782349,0.34964555501937866
693,0.9428600668907166,0.7359915375709534,0.6039882898330688,0.3505500257015228
694,0.961940348148346,0.737500786781311,0.6347669959068298,0.34826359152793884
695,0.9278261065483093,0.7606515884399414,0.6339884996414185,0.35714295506477356
696,0.9258536100387573,0.7465401887893677,0.6530361771583557,0.3518487215042114
697,0.9303506016731262,0.7542670369148254,0.6453935503959656,0.35703134536743164
698,0.9468676447868347,0.7450381517410278,0.6304650902748108,0.35164761543273926
699,0.9517266750335693,0.7448349595069885,0.621381402015686,0.3546661138534546
700,0.925359308719635,0.7278246283531189,0.6465776562690735,0.35122135281562805
701,0.9624457955360413,0.738987922668457,0.6233927607536316,0.3568802773952484
702,0.9479184150695801,0.7388467192649841,0.640101969242096,0.3526228666305542
703,0.920718252658844,0.7429667115211487,0.6627358198165894,0.3588555157184601
704,0.9218173027038574,0.7454842329025269,0.6611683964729309,0.3560076057910919
705,0.9104820489883423,0.7403141260147095,0.6496766209602356,0.35076016187667847
706,0.9111056327819824,0.7610263228416443,0.6765428185462952,0.3645467162132263
707,0.9227972626686096,0.7492977976799011,0.6526500582695007,0.36088189482688904
708,0.9339796900749207,0.7304145693778992,0.6310226321220398,0.34984296560287476
709,0.9366192817687988,0.7438375353813171,0.6628947257995605,0.36343514919281006
710,0.9375352263450623,0.7432903051376343,0.6415812373161316,0.3621933162212372
711,0.9295512437820435,0.7470033168792725,0.6701729893684387,0.3606966435909271
712,0.9335092306137085,0.7394044399261475,0.6341990232467651,0.36080852150917053
713,0.9164091348648071,0.7324255704879761,0.6468285322189331,0.3575249910354614
714,0.9259033203125,0.7435157299041748,0.625968873500824,0.3572472929954529
715,0.9252650737762451,0.7215501666069031,0.656215488910675,0.3535994589328766
716,0.945004403591156,0.7256864905357361,0.6246849298477173,0.36212289333343506
717,0.9527398943901062,0.7323418259620667,0.656814455986023,0.36780625581741333
718,0.9244982600212097,0.7435358166694641,0.6375563144683838,0.36799633502960205
719,0.9232532978057861,0.7492899894714355,0.6476515531539917,0.3674916923046112
720,0.9443783760070801,0.741554856300354,0.6215445399284363,0.36326682567596436
721,0.9141680598258972,0.7381724715232849,0.6478005051612854,0.3575543761253357
722,0.9140247702598572,0.7257644534111023,0.6267749071121216,0.35633766651153564
723,0.93743896484375,0.7298599481582642,0.6440666317939758,0.36108267307281494
724,0.9183816313743591,0.7219219207763672,0.6510562300682068,0.3530598282814026
725,0.924979567527771,0.7399057149887085,0.6829233765602112,0.3556113541126251
726,0.9054902791976929,0.7369200587272644,0.6735456585884094,0.35067692399024963
727,0.9420120120048523,0.7511855959892273,0.6401293277740479,0.35850951075553894
728,0.9334016442298889,0.7230815291404724,0.6406791806221008,0.35033848881721497
729,0.9162445068359375,0.7349914908409119,0.6413628458976746,0.35023367404937744
730,0.9419385194778442,0.7244310975074768,0.6245099306106567,0.3411211371421814
731,0.9285207986831665,0.7270272374153137,0.6394572257995605,0.3444357216358185
732,0.9172496199607849,0.7326880097389221,0.6681093573570251,0.3481675684452057
733,0.9320613145828247,0.7315112352371216,0.6387827396392822,0.3463897109031677
734,0.9282793998718262,0.731273889541626,0.6531123518943787,0.3567259609699249
735,0.897225022315979,0.7239803075790405,0.660834014415741,0.3503477871417999
736,0.9167473912239075,0.7294172644615173,0.6576079726219177,0.3600921332836151
737,0.9138025045394897,0.744042694568634,0.6862244009971619,0.3593181371688843
738,0.9105333089828491,0.7386573553085327,0.660874605178833,0.3530700206756592
739,0.9528763890266418,0.740146815776825,0.6604055762290955,0.35181987285614014
740,0.8847969174385071,0.7267608046531677,0.6780634522438049,0.34834957122802734
741,0.9252163767814636,0.7287513017654419,0.6445804834365845,0.36097320914268494
742,0.9193928241729736,0.7289170026779175,0.6430039405822754,0.35752272605895996
743,0.9595779180526733,0.7310465574264526,0.6301235556602478,0.35786908864974976
744,0.9387275576591492,0.7335851788520813,0.651791512966156,0.35957756638526917
745,0.894607663154602,0.7403226494789124,0.6408920288085938,0.3634004294872284
746,0.9476240873336792,0.7637381553649902,0.6748166084289551,0.3748363256454468
747,0.937229335308075,0.7180184125900269,0.640353798866272,0.3662654757499695
748,0.9109416604042053,0.7274582386016846,0.647400975227356,0.37081095576286316
749,0.9201028347015381,0.7159898281097412,0.6362437605857849,0.3625347316265106
750,0.9882872104644775,0.7225862145423889,0.6040582060813904,0.36019039154052734
751,0.8928854465484619,0.726619303226471,0.6620833277702332,0.35894936323165894
752,0.9308430552482605,0.7343852519989014,0.6476264595985413,0.36342814564704895
753,0.9436396956443787,0.7215677499771118,0.6586423516273499,0.3662317991256714
754,0.9160727262496948,0.7251110672950745,0.6643883585929871,0.36336785554885864
755,0.9017118811607361,0.7177860736846924,0.6673255562782288,0.36606788635253906
756,0.9381967186927795,0.7160062193870544,0.6381511092185974,0.356843501329422
757,0.9147047400474548,0.7345002293586731,0.6832452416419983,0.3587174415588379
758,0.9023041129112244,0.7286418676376343,0.6663922071456909,0.3610330820083618
759,0.9122880697250366,0.7385188937187195,0.6637642979621887,0.3607152998447418
760,0.9134495258331299,0.7386693358421326,0.6558813452720642,0.36207765340805054
761,0.9142250418663025,0.7536457180976868,0.6914438605308533,0.36420881748199463
762,0.9435725212097168,0.7264737486839294,0.6457169651985168,0.3599230945110321
763,0.911413311958313,0.7325490713119507,0.6442258954048157,0.3611960709095001
764,0.9432907104492188,0.7250601053237915,0.6517361998558044,0.3589184880256653
765,0.9304665923118591,0.7395560145378113,0.6292017698287964,0.3684293031692505
766,0.9209944605827332,0.729041337966919,0.6596144437789917,0.373745322227478
767,0.9233213663101196,0.7332441210746765,0.6764971613883972,0.368156373500824
768,0.9195283651351929,0.7435418367385864,0.667171835899353,0.3710903823375702
769,0.9128758311271667,0.731763482093811,0.6392032504081726,0.36782610416412354
770,0.913741409778595,0.7503136992454529,0.6413370966911316,0.3665464520454407
771,0.920791745185852,0.7299341559410095,0.6402701735496521,0.35259121656417847
772,0.9180227518081665,0.7232787609100342,0.6511335968971252,0.3609689474105835
773,0.9561985731124878,0.755343496799469,0.6598588824272156,0.3651833236217499
774,0.8867905735969543,0.733802080154419,0.69181889295578,0.3647019863128662
775,0.9556706547737122,0.7348963618278503,0.6162140369415283,0.3641972839832306
776,0.9234612584114075,0.7280197739601135,0.6625092625617981,0.3632715046405792
777,0.9163109064102173,0.7256883382797241,0.6155664324760437,0.35960474610328674
778,0.9085932970046997,0.7199804782867432,0.6589723229408264,0.35862022638320923
779,0.9274193048477173,0.720619797706604,0.6445218324661255,0.3605010211467743
780,0.8972989320755005,0.7168289422988892,0.6641460061073303,0.3645707368850708
781,0.9102168083190918,0.7163493633270264,0.6682771444320679,0.3633892238140106
782,0.8811625838279724,0.7179687023162842,0.678490400314331,0.3584955334663391
783,0.894282877445221,0.7093591690063477,0.6606024503707886,0.3544142544269562
784,0.9132887125015259,0.7186143398284912,0.6486257314682007,0.35993123054504395
785,0.936549961566925,0.7212223410606384,0.649577796459198,0.35223495960235596
786,0.9264044165611267,0.7335090041160583,0.6611737608909607,0.35688960552215576
787,0.9237151741981506,0.7209061980247498,0.6405165195465088,0.3531687259674072
788,0.9204400777816772,0.737879753112793,0.6737890243530273,0.3614645302295685
789,0.9127287268638611,0.7155383229255676,0.6379480361938477,0.3587585687637329
790,0.9100319147109985,0.7162493467330933,0.6723253130912781,0.3600974678993225
791,0.9481985569000244,0.7109408974647522,0.631844162940979,0.356028288602829
792,0.9212794303894043,0.7349081039428711,0.6731097102165222,0.36564481258392334
793,0.9421029686927795,0.719162106513977,0.6223341226577759,0.3549235165119171
794,0.9111570715904236,0.7310165166854858,0.6521164178848267,0.3621967136859894
795,0.8980122208595276,0.72889643907547,0.6615471243858337,0.3572729527950287
796,0.9142737984657288,0.7335889935493469,0.6542774438858032,0.3587961494922638
797,0.912806510925293,0.7171627879142761,0.6686650514602661,0.3649797737598419
798,0.9176114201545715,0.7207156419754028,0.6582606434822083,0.36911678314208984
799,0.8906474113464355,0.7246731519699097,0.674100399017334,0.3710082769393921
800,0.9098928570747375,0.7218956351280212,0.6776703000068665,0.36940816044807434
801,0.9111796617507935,0.7181506156921387,0.6900718808174133,0.3659319579601288
802,0.8825134038925171,0.7107104063034058,0.662584662437439,0.37048202753067017
803,0.92015141248703,0.7135445475578308,0.6533570289611816,0.3707214891910553
804,0.8730711340904236,0.7326458096504211,0.7029097676277161,0.3728950321674347
805,0.9007241725921631,0.7375679016113281,0.6682708263397217,0.3692297041416168
806,0.8973996043205261,0.7331599593162537,0.6697022318840027,0.3667430877685547
807,0.9245282411575317,0.7417077422142029,0.6539048552513123,0.37157297134399414
808,0.9304664731025696,0.7465155720710754,0.6596629023551941,0.3734811842441559
809,0.9052000641822815,0.7190954089164734,0.6858710646629333,0.36532291769981384
810,0.9196116924285889,0.7322638630867004,0.7004573345184326,0.3706646263599396
811,0.8997030258178711,0.7121211886405945,0.6563201546669006,0.36476874351501465
812,0.9398306608200073,0.7293842434883118,0.6509475708007812,0.37576019763946533
813,0.9051147699356079,0.722057044506073,0.6873821020126343,0.36716073751449585
814,0.8738978505134583,0.7246984839439392,0.683102011680603,0.36590462923049927
815,0.933716893196106,0.7193110585212708,0.6343441009521484,0.3686561584472656
816,0.8884498476982117,0.7174168229103088,0.6998087167739868,0.36686843633651733
817,0.9170262217521667,0.717756450176239,0.6414175629615784,0.37589529156684875
818,0.9336320161819458,0.7108247876167297,0.6680419445037842,0.37199267745018005
819,0.9094588160514832,0.7174938321113586,0.6600163578987122,0.3695424199104309
820,0.9082338213920593,0.7135796546936035,0.666692852973938,0.3636602759361267
821,0.8975048661231995,0.7167781591415405,0.6484079360961914,0.3662051558494568
822,0.8854125738143921,0.7133779525756836,0.6512207388877869,0.3661189079284668
823,0.900076150894165,0.7232372164726257,0.6618668437004089,0.3654768466949463
824,0.9113460183143616,0.728011965751648,0.6695311069488525,0.36765390634536743
825,0.8534252643585205,0.740478515625,0.6941959261894226,0.3794805407524109
826,0.9038838148117065,0.7168649435043335,0.683961033821106,0.36830222606658936
827,0.9286988377571106,0.7102884650230408,0.6548877358436584,0.3591453731060028
828,0.9037381410598755,0.7316145896911621,0.6782194375991821,0.36172589659690857
829,0.9012172222137451,0.7288176417350769,0.6844851970672607,0.36329618096351624
830,0.9200187921524048,0.7278873324394226,0.6675660014152527,0.36617109179496765
831,0.9154754877090454,0.7192222476005554,0.6551517844200134,0.36635926365852356
832,0.8983572721481323,0.7258612513542175,0.6768690347671509,0.3650808334350586
833,0.921191394329071,0.7206990122795105,0.6290802359580994,0.3657430410385132
834,0.9239616394042969,0.7147071361541748,0.6490615010261536,0.3671209216117859
835,0.8979405164718628,0.7196400165557861,0.6838350892066956,0.3764325678348541
836,0.9069498777389526,0.710060179233551,0.6736552119255066,0.373047798871994
837,0.9080495834350586,0.7161809802055359,0.6434217095375061,0.3787815570831299
838,0.8824710249900818,0.7134257555007935,0.6740251183509827,0.3695395588874817
839,0.9082998633384705,0.7216740250587463,0.6630550026893616,0.37154993414878845
840,0.9052006602287292,0.7198078036308289,0.6704099774360657,0.371205598115921
841,0.9098572134971619,0.7261330485343933,0.6745696067810059,0.3713688552379608
842,0.8951324820518494,0.7257644534111023,0.6838898062705994,0.37011104822158813
843,0.9159058928489685,0.71409010887146,0.6483229994773865,0.37242281436920166
844,0.9101353883743286,0.7203152179718018,0.6597752571105957,0.36712509393692017
845,0.9077326655387878,0.7209687829017639,0.6522851586341858,0.3729061186313629
846,0.9034494161605835,0.7124280333518982,0.6450016498565674,0.36840400099754333
847,0.8945006132125854,0.7378968596458435,0.6674933433532715,0.37150904536247253
848,0.8892205953598022,0.7433405518531799,0.6910905838012695,0.37362411618232727
849,0.9108005166053772,0.7247508764266968,0.6600753664970398,0.3654628098011017
850,0.9439660906791687,0.7130557298660278,0.6538357138633728,0.36544620990753174
851,0.9038107395172119,0.7059296369552612,0.6797274351119995,0.36802560091018677
852,0.9035894870758057,0.7171076536178589,0.6779680252075195,0.35998544096946716
853,0.9390426874160767,0.7265312075614929,0.6566662788391113,0.3732953369617462
854,0.9075502157211304,0.7308318614959717,0.6863409876823425,0.3727087378501892
855,0.8972995281219482,0.7244829535484314,0.6747018098831177,0.37487566471099854
856,0.9233694076538086,0.7114292979240417,0.6647243499755859,0.3852930963039398
857,0.8868812322616577,0.7230045199394226,0.6684289574623108,0.3863030970096588
858,0.8759025931358337,0.7171236872673035,0.7012744545936584,0.3741198182106018
859,0.897100031375885,0.7060520052909851,0.6631002426147461,0.361558198928833
860,0.8851590156555176,0.71541827917099,0.6905695199966431,0.36759665608406067
861,0.8998516798019409,0.7094118595123291,0.6458396911621094,0.36740511655807495
862,0.9349564909934998,0.7138526439666748,0.6599410772323608,0.37016561627388
863,0.9006445407867432,0.7262270450592041,0.6771068572998047,0.37327003479003906
864,0.8991631865501404,0.7164629101753235,0.6717811226844788,0.37412378191947937
865,0.8952851891517639,0.6983293294906616,0.6586362719535828,0.3758693039417267
866,0.9053179621696472,0.7217932939529419,0.6760147213935852,0.3752959668636322
867,0.8775551915168762,0.7166424989700317,0.6834492683410645,0.3706172704696655
868,0.9080970883369446,0.7216928601264954,0.6736294627189636,0.3731188476085663
869,0.9220803380012512,0.7098357081413269,0.6434375047683716,0.36799225211143494
870,0.9212338328361511,0.7211925387382507,0.6556946039199829,0.3665332794189453
871,0.9056182503700256,0.7174602150917053,0.6474449634552002,0.3638721704483032
872,0.8820805549621582,0.720029354095459,0.6772860884666443,0.373572438955307
873,0.8887813091278076,0.7205113172531128,0.6706721186637878,0.3742924928665161
874,0.8885289430618286,0.7065707445144653,0.6692277193069458,0.38019710779190063
875,0.9046996831893921,0.7157819867134094,0.6708158254623413,0.37224167585372925
876,0.9409562349319458,0.7169936895370483,0.6462697982788086,0.3829650282859802
877,0.8530371189117432,0.7085107564926147,0.7148103713989258,0.37678083777427673
878,0.9093464612960815,0.7269112467765808,0.6891940236091614,0.37516021728515625
879,0.8915172219276428,0.719623863697052,0.675213634967804,0.37022507190704346
880,0.8845102190971375,0.7091400623321533,0.6906541585922241,0.3781058192253113
881,0.8982278108596802,0.7088692784309387,0.6693031191825867,0.3756762444972992
882,0.9005367755889893,0.7159112095832825,0.6901884078979492,0.3772483170032501
883,0.9079829454421997,0.7218461036682129,0.6779051423072815,0.37119409441947937
884,0.8779079914093018,0.7157601714134216,0.6942933797836304,0.37356245517730713
885,0.8868151903152466,0.7044839262962341,0.6620708107948303,0.37081384658813477
886,0.8649628758430481,0.7083000540733337,0.7180103659629822,0.3729408383369446
887,0.919077455997467,0.7108092904090881,0.6402831673622131,0.373333603143692
888,0.901110827922821,0.7106330394744873,0.6802704930305481,0.37253811955451965
889,0.9211808443069458,0.7058218717575073,0.6628249287605286,0.3645152747631073
890,0.9170434474945068,0.7237834930419922,0.67437744140625,0.37331122159957886
891,0.8876901268959045,0.7120994925498962,0.6745519638061523,0.36930039525032043
892,0.9363546371459961,0.7015052437782288,0.6564561128616333,0.37000006437301636
893,0.8903314471244812,0.6974974274635315,0.6858707666397095,0.3741854727268219
894,0.9087329506874084,0.6955181360244751,0.6558602452278137,0.3751682937145233
895,0.9163951277732849,0.6976146697998047,0.6438014507293701,0.37971070408821106
896,0.888814389705658,0.7122341394424438,0.6925031542778015,0.376874178647995
897,0.9011755585670471,0.7201575636863708,0.6935409307479858,0.37478768825531006
898,0.8810158967971802,0.7083472609519958,0.7059171795845032,0.37569841742515564
899,0.9095480442047119,0.7002357244491577,0.664059579372406,0.36887326836586
900,0.8868681788444519,0.7181071639060974,0.6752750277519226,0.37679100036621094
901,0.874630868434906,0.71342933177948,0.6894051432609558,0.3781901001930237
902,0.8923442363739014,0.7134122252464294,0.655045747756958,0.3759284019470215
903,0.8653677701950073,0.7178184390068054,0.6828150749206543,0.3803200423717499
904,0.8714512586593628,0.7093347311019897,0.6816750764846802,0.3813731074333191
905,0.9093235731124878,0.7139135003089905,0.6696757078170776,0.3892255127429962
906,0.8924611210823059,0.7124922275543213,0.6911624073982239,0.3831275403499603
907,0.87258380651474,0.7020360231399536,0.686643660068512,0.3770637512207031
908,0.8732172846794128,0.6979066133499146,0.6802660226821899,0.3837797939777374
909,0.9391897916793823,0.7126303315162659,0.6673800349235535,0.3889220952987671
910,0.8976283669471741,0.7033772468566895,0.6721705198287964,0.3805214762687683
911,0.8694196939468384,0.707764208316803,0.7078978419303894,0.3837258517742157
912,0.89227694272995,0.7160205841064453,0.6745738983154297,0.3869808316230774
913,0.8668432831764221,0.7079256772994995,0.6727796792984009,0.3887997567653656
914,0.8821743726730347,0.7142772078514099,0.6568689346313477,0.3840751349925995
915,0.8897790908813477,0.7211600542068481,0.70186847448349,0.3836321532726288
916,0.878272533416748,0.7246082425117493,0.6786018013954163,0.38682258129119873
917,0.8838405013084412,0.7078937888145447,0.6963618397712708,0.3857768177986145
918,0.8863641023635864,0.7068144679069519,0.663295567035675,0.3844112753868103
919,0.9062615633010864,0.7058281302452087,0.6892980337142944,0.38526132702827454
920,0.9239414930343628,0.7101655006408691,0.6575819253921509,0.3891201615333557
921,0.9080942869186401,0.7021268010139465,0.6655173897743225,0.3876130282878876
922,0.9089836478233337,0.7027698755264282,0.6776193976402283,0.38771897554397583
923,0.9149454832077026,0.6990950107574463,0.6733607649803162,0.3847159147262573
924,0.8951798677444458,0.7039709687232971,0.6878404021263123,0.37789711356163025
925,0.9116641283035278,0.7097687721252441,0.6477589011192322,0.3860825300216675
926,0.9038999676704407,0.7045247554779053,0.6764013767242432,0.3836122453212738
927,0.8797445297241211,0.7026453614234924,0.6702741384506226,0.384005606174469
928,0.903989851474762,0.7051360607147217,0.6795300245285034,0.3826618790626526
929,0.8746337890625,0.6963860392570496,0.6810115575790405,0.39200371503829956
930,0.9006398320198059,0.6975303888320923,0.6518541574478149,0.3873491883277893
931,0.8874161839485168,0.7024311423301697,0.6742529273033142,0.3829428553581238
932,0.8951296806335449,0.7180202603340149,0.6780178546905518,0.3907898962497711
933,0.8645573258399963,0.7013546228408813,0.6807865500450134,0.3895135521888733
934,0.8943000435829163,0.7010684013366699,0.6673688888549805,0.3829750418663025
935,0.8993179202079773,0.7046290636062622,0.6802158355712891,0.3886556029319763
936,0.8859354853630066,0.7082198262214661,0.707101583480835,0.3918679654598236
937,0.8343084454536438,0.6957046985626221,0.7041745185852051,0.38980981707572937
938,0.897440493106842,0.7126980423927307,0.7037524580955505,0.39703798294067383
939,0.887503981590271,0.7241960763931274,0.6901988387107849,0.3959881663322449
940,0.8795403838157654,0.6975520253181458,0.7027422785758972,0.3917213976383209
941,0.8923831582069397,0.7234245538711548,0.697564423084259,0.39854922890663147
942,0.8870487809181213,0.7071309685707092,0.6851621866226196,0.3934618830680847
943,0.8826773166656494,0.7036044001579285,0.6755036115646362,0.3973471522331238
944,0.9015971422195435,0.70713210105896,0.6631553173065186,0.3950619101524353
945,0.8878224492073059,0.6981446743011475,0.6994876265525818,0.39542707800865173
946,0.917878270149231,0.708544135093689,0.6556790471076965,0.3887009620666504
947,0.9011752605438232,0.712229311466217,0.6719831824302673,0.3880879580974579
948,0.869508683681488,0.7003637552261353,0.6722351312637329,0.38164275884628296
949,0.890543520450592,0.7084572911262512,0.6878244876861572,0.38558802008628845
950,0.8795426487922668,0.7007178068161011,0.6784214377403259,0.3796732723712921
951,0.9079465866088867,0.7202901840209961,0.6638141870498657,0.3856264054775238
952,0.8723952174186707,0.7048739194869995,0.6733866333961487,0.38503962755203247
953,0.8807592391967773,0.7007144689559937,0.6904875636100769,0.3891116976737976
954,0.8617392182350159,0.7057483792304993,0.7078291177749634,0.3928452432155609
955,0.88636714220047,0.7009890675544739,0.6749570965766907,0.38879793882369995
956,0.8846646547317505,0.7059089541435242,0.6845188736915588,0.38743552565574646
957,0.9068490862846375,0.7032968401908875,0.644647479057312,0.381696879863739
958,0.9049476385116577,0.7110496759414673,0.664215624332428,0.3817982077598572
959,0.8853746056556702,0.7059717774391174,0.6576539278030396,0.38583657145500183
960,0.8929872512817383,0.6984699368476868,0.6763693690299988,0.38747093081474304
961,0.8683465123176575,0.7011597156524658,0.6801192164421082,0.38604357838630676
962,0.8622905015945435,0.7021092772483826,0.696199357509613,0.3878958821296692
963,0.8612859845161438,0.7141287326812744,0.7004814147949219,0.3902032971382141
964,0.8834614753723145,0.7078156471252441,0.6790861487388611,0.3922061324119568
965,0.8974629044532776,0.7066773176193237,0.669498860836029,0.39517444372177124
966,0.8755896091461182,0.7065644860267639,0.6848767399787903,0.39038217067718506
967,0.8631331324577332,0.7082489728927612,0.683110237121582,0.38739699125289917
968,0.8614984154701233,0.7012230157852173,0.7059337496757507,0.3946349620819092
969,0.8816511631011963,0.703187108039856,0.6784011125564575,0.39829158782958984
970,0.8783145546913147,0.6916790008544922,0.679661214351654,0.395175963640213
971,0.8555180430412292,0.6939584612846375,0.709996223449707,0.39574363827705383
972,0.9002684354782104,0.6910192370414734,0.6782886385917664,0.3925766944885254
973,0.8531627058982849,0.6929082274436951,0.6903589367866516,0.3932413160800934
974,0.8872489929199219,0.7007243633270264,0.6726424694061279,0.38975098729133606
975,0.8865358233451843,0.703790545463562,0.6705510020256042,0.39444437623023987
976,0.8753072023391724,0.6920762658119202,0.6933608055114746,0.3899637460708618
977,0.8906862139701843,0.6907169222831726,0.7143644690513611,0.3937819302082062
978,0.9064509272575378,0.7058445811271667,0.6910260915756226,0.39573952555656433
979,0.887781023979187,0.6971238851547241,0.669053316116333,0.3988834619522095
980,0.8930738568305969,0.6974983215332031,0.6883508563041687,0.403776615858078
981,0.9122000336647034,0.7007596492767334,0.6493769884109497,0.40244385600090027
982,0.8964143395423889,0.6907951235771179,0.686116635799408,0.3981607258319855
983,0.8866544961929321,0.6869224905967712,0.660138726234436,0.3902043104171753
984,0.8475266695022583,0.7012292742729187,0.7006444931030273,0.3895466923713684
985,0.8797817826271057,0.7030199766159058,0.6895676851272583,0.3865889310836792
986,0.8686633706092834,0.7017583847045898,0.6959763765335083,0.38342270255088806
987,0.8849595189094543,0.6906224489212036,0.6843889951705933,0.38247987627983093
988,0.9012343287467957,0.6926354765892029,0.6801320910453796,0.39365246891975403
989,0.879041314125061,0.6821646690368652,0.6804437041282654,0.39459264278411865
990,0.8741341829299927,0.6941755414009094,0.6803349256515503,0.3927759528160095
991,0.8529564142227173,0.6951603889465332,0.7022097110748291,0.39927640557289124
992,0.8829360604286194,0.7088422775268555,0.6993633508682251,0.39978718757629395
993,0.8966421484947205,0.6991960406303406,0.7014086246490479,0.393038272857666
994,0.8947346210479736,0.7062474489212036,0.6916024684906006,0.3901464641094208
995,0.8691021800041199,0.7136406898498535,0.6956647634506226,0.3970687985420227
996,0.8641877770423889,0.6979761123657227,0.6776511073112488,0.3885479271411896
997,0.883830726146698,0.7075802683830261,0.6797820925712585,0.38988929986953735
998,0.897245466709137,0.7000500559806824,0.6677677631378174,0.38205578923225403
999,0.8402757048606873,0.707737386226654,0.7167959809303284,0.38348445296287537
1000,0.8942146301269531,0.7095019817352295,0.6874397993087769,0.3889451324939728
1001,0.8632137775421143,0.6986216902732849,0.7060667276382446,0.38920843601226807
1002,0.8649577498435974,0.7051004767417908,0.6963319778442383,0.3922558128833771
1003,0.8824564814567566,0.7091909646987915,0.6948297023773193,0.39449959993362427
1004,0.8862263560295105,0.6985236406326294,0.6801737546920776,0.3916350305080414
1005,0.8788204789161682,0.6950336694717407,0.7094099521636963,0.3982468247413635
1006,0.8522884845733643,0.7083955407142639,0.7095040082931519,0.3949774205684662
1007,0.8868809342384338,0.7022073268890381,0.675464391708374,0.39692041277885437
1008,0.8421949744224548,0.6972124576568604,0.7063550353050232,0.39830151200294495
1009,0.8810510635375977,0.7008801698684692,0.6939098238945007,0.3975037932395935
1010,0.8619758486747742,0.7025967836380005,0.7087888717651367,0.40310773253440857
1011,0.879840075969696,0.6952164173126221,0.6826941967010498,0.39657291769981384
1012,0.8793896436691284,0.7088940739631653,0.7112798690795898,0.39728301763534546
1013,0.8524778485298157,0.6962181329727173,0.7199895977973938,0.39385974407196045
1014,0.8529307842254639,0.7024205923080444,0.6921988725662231,0.39555060863494873
1015,0.868097186088562,0.6915101408958435,0.6993301510810852,0.39431512355804443
1016,0.8681851029396057,0.6866707801818848,0.7032425999641418,0.39964717626571655
1017,0.8866173028945923,0.6963086128234863,0.6913406252861023,0.39456433057785034
1018,0.8880589008331299,0.6938544511795044,0.6820533871650696,0.3954823911190033
1019,0.8613858222961426,0.7141832113265991,0.7145127654075623,0.399675577878952
1020,0.8604260683059692,0.7086601853370667,0.7115645408630371,0.40551304817199707
1021,0.8799110054969788,0.7097057700157166,0.6935523152351379,0.4056096076965332
1022,0.836654782295227,0.6906001567840576,0.6987481117248535,0.4018011689186096
1023,0.8959752321243286,0.6905121803283691,0.6720126271247864,0.39647990465164185
1024,0.8446030020713806,0.7072646617889404,0.7229452133178711,0.3941141366958618
1025,0.8597295880317688,0.6955004930496216,0.6923779845237732,0.39349690079689026
1026,0.8687517046928406,0.6852719783782959,0.6859593391418457,0.3986605703830719
1027,0.8656985759735107,0.6932516694068909,0.6840242147445679,0.4044470489025116
1028,0.864003598690033,0.698061466217041,0.7194105386734009,0.4025282561779022
1029,0.8483014106750488,0.697166383266449,0.713995099067688,0.40282097458839417
1030,0.9046316146850586,0.6921188831329346,0.680941104888916,0.39989444613456726
1031,0.8608807325363159,0.6932719945907593,0.6960997581481934,0.3932602107524872
1032,0.8321188688278198,0.6987302303314209,0.7126973271369934,0.40253546833992004
1033,0.8710129857063293,0.6943081617355347,0.7030234932899475,0.40799862146377563
1034,0.905289351940155,0.6784418821334839,0.690190315246582,0.40100380778312683
1035,0.8776799440383911,0.6802307367324829,0.703350841999054,0.3977872431278229
1036,0.8935232162475586,0.6892293691635132,0.6943033337593079,0.4010492265224457
1037,0.8385918736457825,0.7104665637016296,0.7347644567489624,0.40773946046829224
1038,0.8535322546958923,0.6904045343399048,0.7147631049156189,0.39653271436691284
1039,0.8881945610046387,0.6917604207992554,0.6686504483222961,0.3977885842323303
1040,0.882163405418396,0.6880805492401123,0.6638266444206238,0.40394845604896545
1041,0.8685122728347778,0.7001716494560242,0.7106545567512512,0.40327543020248413
1042,0.8597694039344788,0.709382176399231,0.7131880521774292,0.4019826650619507
1043,0.8539677858352661,0.6949998736381531,0.7037721872329712,0.4054112434387207
1044,0.8312193751335144,0.6874809861183167,0.6907017230987549,0.4080977141857147
1045,0.8742071390151978,0.6955835819244385,0.712138831615448,0.4078952968120575
1046,0.8831505179405212,0.6874023079872131,0.6879000663757324,0.40905365347862244
1047,0.8379929661750793,0.6871110200881958,0.7069913744926453,0.4052444398403168
1048,0.8585304617881775,0.6987712383270264,0.7036246061325073,0.40590378642082214
1049,0.8606735467910767,0.6927139759063721,0.7067334055900574,0.4088278114795685
1050,0.8610116839408875,0.6834886074066162,0.7036870121955872,0.405582070350647
1051,0.8847773671150208,0.6908519864082336,0.694236695766449,0.40505561232566833
1052,0.8941240310668945,0.6969232559204102,0.6985289454460144,0.40873193740844727
1053,0.8898428082466125,0.697346031665802,0.6932201981544495,0.4052383601665497
1054,0.8536005020141602,0.6905716061592102,0.7158392071723938,0.40480461716651917
1055,0.8540461659431458,0.6837731003761292,0.6933664679527283,0.4078974425792694
1056,0.8567190766334534,0.6845415830612183,0.7087828516960144,0.40672701597213745
1057,0.8953198194503784,0.691146969795227,0.6962794065475464,0.40698203444480896
1058,0.8351579308509827,0.6957605481147766,0.6846234202384949,0.4048793613910675
1059,0.8775078058242798,0.6973327994346619,0.692664384841919,0.4029427170753479
1060,0.8873501420021057,0.6953229904174805,0.6870282292366028,0.40685954689979553
1061,0.9061108827590942,0.6948176026344299,0.6826443672180176,0.4123711585998535
1062,0.8600838780403137,0.6805405020713806,0.7322366237640381,0.40924522280693054
1063,0.8494511842727661,0.6797366142272949,0.690649688243866,0.4035990238189697
1064,0.8735368251800537,0.6838105916976929,0.7047004699707031,0.4028511643409729
1065,0.8781739473342896,0.6937169432640076,0.7129024863243103,0.3972991108894348
1066,0.8753123879432678,0.6972626447677612,0.6989051103591919,0.4097983241081238
1067,0.868789553642273,0.6914657354354858,0.678239643573761,0.41287657618522644
1068,0.8871716260910034,0.6837364435195923,0.6868098974227905,0.4059702157974243
1069,0.8540292382240295,0.6847423911094666,0.7115942239761353,0.40552905201911926
1070,0.868116021156311,0.6903476119041443,0.7013017535209656,0.40075668692588806
1071,0.8722397089004517,0.6864031553268433,0.7165164947509766,0.40561169385910034
1072,0.8395113945007324,0.6858838796615601,0.7180819511413574,0.4038206934928894
1073,0.8808441162109375,0.6863314509391785,0.6984262466430664,0.41069456934928894
1074,0.8916705250740051,0.6826347708702087,0.6964453458786011,0.4137633144855499
1075,0.8663085699081421,0.6824331283569336,0.6906980276107788,0.408221572637558
1076,0.8446885943412781,0.6876131296157837,0.7119631767272949,0.41099071502685547
1077,0.8875519037246704,0.6829785108566284,0.6828945279121399,0.41168010234832764
1078,0.8745937943458557,0.6920239329338074,0.6845906972885132,0.4073317348957062
1079,0.8343267440795898,0.6954193711280823,0.7215292453765869,0.4085027873516083
1080,0.8538955450057983,0.6907181143760681,0.7110673785209656,0.41010287404060364
1081,0.8456578254699707,0.6894095540046692,0.6867467761039734,0.4100545346736908
1082,0.8451425433158875,0.6951188445091248,0.7130123376846313,0.4072968065738678
1083,0.8601069450378418,0.6887006759643555,0.6880289316177368,0.40563198924064636
1084,0.9038661122322083,0.6885717511177063,0.6632362604141235,0.40376079082489014
1085,0.8629435896873474,0.6917636394500732,0.700546145439148,0.40919414162635803
1086,0.8681771755218506,0.6858033537864685,0.7037609815597534,0.4070788621902466
1087,0.8678285479545593,0.6920815706253052,0.6916733384132385,0.41438865661621094
1088,0.8593320846557617,0.6829904317855835,0.6967273354530334,0.4098187983036041
1089,0.87596195936203,0.6917940974235535,0.703770101070404,0.4168979823589325
1090,0.8720243573188782,0.685060977935791,0.6915249228477478,0.4138064384460449
1091,0.8725845217704773,0.6820032000541687,0.703033983707428,0.4184248745441437
1092,0.872287929058075,0.6889921426773071,0.6972810626029968,0.41701540350914
1093,0.8460991978645325,0.6956711411476135,0.6979423761367798,0.4167645275592804
1094,0.8807746767997742,0.6802100539207458,0.7057660818099976,0.405118465423584
1095,0.841633141040802,0.6884375214576721,0.7269768118858337,0.40527331829071045
1096,0.8559767007827759,0.6876044273376465,0.6963017582893372,0.40497738122940063
1097,0.8722476363182068,0.6904057860374451,0.686680257320404,0.4040440022945404
1098,0.8597784638404846,0.6822544932365417,0.6862704753875732,0.40531930327415466
1099,0.8299981951713562,0.6893590688705444,0.7230988144874573,0.4100838303565979
1100,0.8692867755889893,0.6923031806945801,0.6890328526496887,0.4111853837966919
1101,0.8545373678207397,0.6862435340881348,0.7162349224090576,0.4070603549480438
1102,0.8407230973243713,0.6901009678840637,0.703263521194458,0.40956005454063416
1103,0.8648170828819275,0.6881548166275024,0.716812789440155,0.41283905506134033
1104,0.8501759767532349,0.6741176843643188,0.7112147212028503,0.41083061695098877
1105,0.8621139526367188,0.6772561073303223,0.6810993552207947,0.41481995582580566
1106,0.8573333621025085,0.6874231696128845,0.6940566301345825,0.4169153869152069
1107,0.8719000220298767,0.6833199262619019,0.7084311842918396,0.4154486060142517
1108,0.8486607670783997,0.6821154356002808,0.7226560115814209,0.41149580478668213
1109,0.8470020890235901,0.6823734045028687,0.7128402590751648,0.40992090106010437
1110,0.8446958661079407,0.6831958889961243,0.7117337584495544,0.41605034470558167
1111,0.8320977687835693,0.6863977313041687,0.7148719429969788,0.4156985282897949
1112,0.8731878995895386,0.6753276586532593,0.6863943934440613,0.41237425804138184
1113,0.8518759608268738,0.6767153739929199,0.703831136226654,0.4116327464580536
1114,0.8527595400810242,0.6829536557197571,0.7317541837692261,0.40872836112976074
1115,0.8671252727508545,0.6823346614837646,0.7080541849136353,0.415432870388031
1116,0.8842495679855347,0.6723952889442444,0.6865763664245605,0.4168967008590698
1117,0.8483908176422119,0.6799532175064087,0.7234001755714417,0.4207910895347595
1118,0.8951658606529236,0.6772116422653198,0.6922504901885986,0.41286882758140564
1119,0.8378978371620178,0.6955443620681763,0.7424399256706238,0.4154036045074463
1120,0.8838791251182556,0.6841496825218201,0.7070788741111755,0.41574835777282715
1121,0.8414732217788696,0.6790363788604736,0.6941467523574829,0.4167886972427368
1122,0.838333010673523,0.679500162601471,0.7211340665817261,0.4220941662788391
1123,0.8937383890151978,0.6844896078109741,0.6910919547080994,0.41450247168540955
1124,0.8598436117172241,0.6791760921478271,0.7052820920944214,0.42003151774406433
1125,0.8577131628990173,0.6788888573646545,0.7190358638763428,0.4214792549610138
1126,0.8692022562026978,0.6725928783416748,0.7081201672554016,0.4207526445388794
1127,0.8339779376983643,0.6752083897590637,0.6909037232398987,0.41730085015296936
1128,0.8418130278587341,0.6842988133430481,0.727109968662262,0.4178006947040558
1129,0.804692268371582,0.6768299341201782,0.7307910323143005,0.4129926264286041
1130,0.8353169560432434,0.6847664713859558,0.7375177145004272,0.4203910231590271
1131,0.853825032711029,0.688118040561676,0.7218376398086548,0.42086970806121826
1132,0.8277780413627625,0.6791643500328064,0.7088698744773865,0.4226219356060028
1133,0.8350287079811096,0.6743958592414856,0.7375712394714355,0.42075446248054504
1134,0.8454904556274414,0.6804216504096985,0.7169911861419678,0.41616395115852356
1135,0.8415226936340332,0.6931267976760864,0.7259922623634338,0.4167037010192871
1136,0.8665480017662048,0.67909836769104,0.7000020146369934,0.41333872079849243
1137,0.8286755084991455,0.673775315284729,0.7461915016174316,0.4123302102088928
1138,0.8517619371414185,0.6784532070159912,0.7114458680152893,0.4046245813369751
1139,0.8627186417579651,0.6822272539138794,0.7163321375846863,0.4107774794101715
1140,0.8682129979133606,0.6788445711135864,0.6839208006858826,0.409589946269989
1141,0.8500305414199829,0.6752232313156128,0.692780077457428,0.4111148715019226
1142,0.8532297015190125,0.6813312768936157,0.7082133889198303,0.4193022549152374
1143,0.8329437375068665,0.6738755702972412,0.7250114679336548,0.4156184792518616
1144,0.8215006589889526,0.6843408346176147,0.7343345880508423,0.41368091106414795
1145,0.8533849716186523,0.68372642993927,0.7098057270050049,0.4122895300388336
1146,0.8581100106239319,0.6872732639312744,0.7334957718849182,0.4157041907310486
1147,0.8406707644462585,0.6842424869537354,0.7212978601455688,0.41821378469467163
1148,0.8659154176712036,0.6729961037635803,0.7108557224273682,0.41090765595436096
1149,0.8570579886436462,0.6814593076705933,0.7103862166404724,0.40727970004081726
1150,0.8615536689758301,0.6798251867294312,0.7104211449623108,0.40470242500305176
1151,0.8465167284011841,0.6808711290359497,0.7056150436401367,0.40908533334732056
1152,0.8426908850669861,0.6773162484169006,0.7241509556770325,0.4080047607421875
1153,0.8799322247505188,0.6839021444320679,0.7051929235458374,0.41652005910873413
1154,0.8735622763633728,0.669838011264801,0.6916347146034241,0.4101203978061676
1155,0.8527528047561646,0.675358772277832,0.7220149040222168,0.4130527973175049
1156,0.8577483892440796,0.6742838025093079,0.7205070853233337,0.4103594720363617
1157,0.841636061668396,0.6734721064567566,0.7012220025062561,0.4072515070438385
1158,0.875155508518219,0.6826343536376953,0.7058029174804688,0.4131956398487091
1159,0.8646129965782166,0.6811107397079468,0.7055529356002808,0.40703296661376953
1160,0.8362888693809509,0.685897707939148,0.7063431143760681,0.40871211886405945
1161,0.8242580890655518,0.6891250610351562,0.7195621132850647,0.41463541984558105
1162,0.8890829682350159,0.6886144280433655,0.6880665421485901,0.4116297662258148
1163,0.831301748752594,0.6779965162277222,0.7018855214118958,0.40590012073516846
1164,0.8299573063850403,0.6817812919616699,0.7323123812675476,0.4123198091983795
1165,0.8886227607727051,0.6774247288703918,0.7052876353263855,0.4098939001560211
1166,0.8266934156417847,0.681113600730896,0.7212318778038025,0.4105464220046997
1167,0.8254927396774292,0.6835843324661255,0.7092892527580261,0.41228026151657104
1168,0.8522084355354309,0.6909945011138916,0.7162326574325562,0.4232543110847473
1169,0.844951331615448,0.681973934173584,0.7174192070960999,0.41844257712364197
1170,0.8160666227340698,0.6778337359428406,0.7183346152305603,0.4132080376148224
1171,0.8481749296188354,0.6778361201286316,0.7182762026786804,0.4145108461380005
1172,0.811896026134491,0.6828040480613708,0.7345256209373474,0.4199102818965912
1173,0.8372122049331665,0.6707466244697571,0.7331212162971497,0.4163912236690521
1174,0.8711782693862915,0.6706035137176514,0.6939378976821899,0.41506752371788025
1175,0.8520617485046387,0.6706220507621765,0.6952847242355347,0.4142678380012512
1176,0.8673782348632812,0.6769852638244629,0.7086025476455688,0.41763579845428467
1177,0.843725323677063,0.6750877499580383,0.7138270139694214,0.4147779941558838
1178,0.8541485667228699,0.6754745244979858,0.7206144332885742,0.4180494248867035
1179,0.7996636629104614,0.681850016117096,0.7271098494529724,0.42210713028907776
1180,0.8812047243118286,0.6816110610961914,0.6803554892539978,0.4125029146671295
1181,0.8198500275611877,0.671760618686676,0.71023029088974,0.4100646376609802
1182,0.8657601475715637,0.6758213639259338,0.7176065444946289,0.4149691164493561
1183,0.8544803261756897,0.6714484691619873,0.7110024094581604,0.41507771611213684
1184,0.8432447910308838,0.6681594848632812,0.7063002586364746,0.4153555929660797
1185,0.8520922660827637,0.6830759048461914,0.7320418953895569,0.4168940782546997
1186,0.8229809999465942,0.6755807995796204,0.7369177341461182,0.40843749046325684
1187,0.8546553254127502,0.6727941632270813,0.7165422439575195,0.4163132309913635
1188,0.8181941509246826,0.6840006113052368,0.7134544253349304,0.42110463976860046
1189,0.8132987022399902,0.6866604685783386,0.7194021344184875,0.4137329161167145
1190,0.8351047039031982,0.6820624470710754,0.7152783274650574,0.4139474928379059
1191,0.8588210940361023,0.6758215427398682,0.7196993231773376,0.4157577157020569
1192,0.8658514022827148,0.6733057498931885,0.7220839262008667,0.41941919922828674
1193,0.8696348667144775,0.6750438809394836,0.6954542994499207,0.41228795051574707
1194,0.8332909941673279,0.6721784472465515,0.7193000316619873,0.41563016176223755
1195,0.8572984337806702,0.6797367334365845,0.7231624126434326,0.42103976011276245
1196,0.8189335465431213,0.6809260845184326,0.7334811091423035,0.42483556270599365
1197,0.8374732732772827,0.672450840473175,0.7027736306190491,0.41943129897117615
1198,0.8411152958869934,0.6751598119735718,0.7414775490760803,0.4227428138256073
1199,0.8717564344406128,0.669317364692688,0.7224987745285034,0.4195394814014435
1200,0.8317837119102478,0.6721320748329163,0.7216848134994507,0.4173627495765686
1201,0.8618603348731995,0.6788107752799988,0.7108843922615051,0.41456592082977295
1202,0.8272570967674255,0.6835004091262817,0.7181360721588135,0.42333897948265076
1203,0.839885413646698,0.678287923336029,0.7198536396026611,0.4199901819229126
1204,0.8197908401489258,0.6736191511154175,0.7450171113014221,0.4230702519416809
1205,0.829407811164856,0.6753988265991211,0.7268654704093933,0.4223928153514862
1206,0.8375201225280762,0.6737751960754395,0.7128221988677979,0.4216409921646118
1207,0.8511865139007568,0.6791694760322571,0.7043026089668274,0.41846486926078796
1208,0.8590342402458191,0.6817764043807983,0.6989524960517883,0.4252137541770935
1209,0.8365771174430847,0.6738078594207764,0.712144136428833,0.4235115051269531
1210,0.8323087692260742,0.6733759045600891,0.7150711417198181,0.42719730734825134
1211,0.8139712810516357,0.6782437562942505,0.7318629026412964,0.4266427159309387
1212,0.8208611607551575,0.6728582382202148,0.7229040861129761,0.41696083545684814
1213,0.8556808233261108,0.6891215443611145,0.6999039053916931,0.41905009746551514
1214,0.8683261275291443,0.6775808334350586,0.6933889985084534,0.41481199860572815
1215,0.8303747773170471,0.6822289228439331,0.7347507476806641,0.41542506217956543
1216,0.8196718692779541,0.6891300678253174,0.7399792671203613,0.417088121175766
1217,0.8059759140014648,0.6845506429672241,0.7103016376495361,0.41760432720184326
1218,0.8521566987037659,0.6714125871658325,0.7113713026046753,0.41328737139701843
1219,0.8579234480857849,0.6787731647491455,0.7025839686393738,0.4207274913787842
1220,0.8321780562400818,0.6734074950218201,0.7147130966186523,0.4179237186908722
1221,0.8182560205459595,0.6719886660575867,0.7418947815895081,0.41805192828178406
1222,0.7960541844367981,0.6800187230110168,0.7496318817138672,0.41761794686317444
1223,0.8218339085578918,0.6751887798309326,0.729140043258667,0.42371317744255066
1224,0.827044665813446,0.6846829652786255,0.7425703406333923,0.4213385581970215
1225,0.8442512154579163,0.6824343204498291,0.7161281108856201,0.4145764112472534
1226,0.8084679245948792,0.6726984977722168,0.7296290993690491,0.41953086853027344
1227,0.8412193059921265,0.6727327704429626,0.7106919884681702,0.4186650514602661
1228,0.8537150621414185,0.6885595917701721,0.7218283414840698,0.42065057158470154
1229,0.8589093089103699,0.6972498297691345,0.7143045663833618,0.41895419359207153
1230,0.829901397228241,0.693144679069519,0.7180681228637695,0.4235943853855133
1231,0.8526630997657776,0.6734402775764465,0.7072787880897522,0.4150350093841553
1232,0.8231593370437622,0.6771571040153503,0.7269787192344666,0.41898977756500244
1233,0.8357714414596558,0.6747329831123352,0.685382068157196,0.4250549077987671
1234,0.8258787989616394,0.6695144176483154,0.7232450842857361,0.4246496856212616
1235,0.867965817451477,0.6814941763877869,0.7016989588737488,0.42695632576942444
1236,0.8370206952095032,0.6816757917404175,0.716019868850708,0.4243426024913788
1237,0.8643588423728943,0.6729825139045715,0.7141053080558777,0.42071670293807983
1238,0.8097482323646545,0.6815952062606812,0.7338435649871826,0.4216618537902832
1239,0.8281393647193909,0.6811826229095459,0.7164093852043152,0.4240807890892029
1240,0.8465826511383057,0.6746146082878113,0.7160797119140625,0.42063838243484497
1241,0.8285455703735352,0.6756018996238708,0.689400315284729,0.42430317401885986
1242,0.8302173018455505,0.675294041633606,0.736372709274292,0.4228699207305908
1243,0.8486817479133606,0.6803142428398132,0.6920367479324341,0.4191729724407196
1244,0.8340935111045837,0.6781065464019775,0.742049515247345,0.42145875096321106
1245,0.8250831961631775,0.6811593174934387,0.7309463620185852,0.41696664690971375
1246,0.8073211908340454,0.6854130625724792,0.7372203469276428,0.417618066072464
1247,0.8648272752761841,0.6963632106781006,0.7433789968490601,0.4192258417606354
1248,0.8431519865989685,0.6854866743087769,0.7182909846305847,0.41950035095214844
1249,0.8326120376586914,0.6790750622749329,0.7288147211074829,0.423435240983963
1250,0.8493177890777588,0.6831343173980713,0.7005437612533569,0.4219822585582733
1251,0.8601880073547363,0.668420135974884,0.721691370010376,0.42081668972969055
1252,0.8491283059120178,0.6734298467636108,0.7113392949104309,0.42086949944496155
1253,0.8070898056030273,0.6804574728012085,0.7343687415122986,0.42389532923698425
1254,0.8181697130203247,0.6844295263290405,0.7195962071418762,0.428283154964447
1255,0.8497442603111267,0.6734959483146667,0.7324046492576599,0.4259440004825592
1256,0.8616302609443665,0.6742996573448181,0.701626181602478,0.4184282720088959
1257,0.8544064164161682,0.6717106103897095,0.7227194905281067,0.4170035421848297
1258,0.8362193703651428,0.6712484955787659,0.7212933301925659,0.41801196336746216
1259,0.8349599838256836,0.6771862506866455,0.7080519199371338,0.41999611258506775
1260,0.8169320225715637,0.6772372722625732,0.7174274325370789,0.41815024614334106
1261,0.8403807282447815,0.6741740107536316,0.7407535910606384,0.4230719208717346
1262,0.8660064339637756,0.6736211180686951,0.7054459452629089,0.41878342628479004
1263,0.8405880928039551,0.6704679727554321,0.7252102494239807,0.4141051173210144
1264,0.8342199325561523,0.6696476936340332,0.7332929968833923,0.4150601327419281
1265,0.8095613121986389,0.6721850633621216,0.7300854325294495,0.41611555218696594
1266,0.8314813375473022,0.6708692908287048,0.7026995420455933,0.4170839190483093
1267,0.8670142889022827,0.6778685450553894,0.7292277216911316,0.42139923572540283
1268,0.8553659319877625,0.6721216440200806,0.7278003692626953,0.4200937747955322
1269,0.8242173790931702,0.6664697527885437,0.7532641291618347,0.4181619882583618
1270,0.8139597177505493,0.6730530261993408,0.7394511699676514,0.41655823588371277
1271,0.858338475227356,0.6695084571838379,0.7088648676872253,0.42316100001335144
1272,0.8073877692222595,0.6809521317481995,0.7427037358283997,0.42551517486572266
1273,0.8271408081054688,0.6746179461479187,0.721807599067688,0.42484694719314575
1274,0.8148728609085083,0.6779479384422302,0.7296508550643921,0.4168354570865631
1275,0.8117257952690125,0.6799777746200562,0.7333152890205383,0.42316702008247375
1276,0.8155230283737183,0.6762291193008423,0.7099412679672241,0.4264028072357178
1277,0.8212802410125732,0.6711446046829224,0.7212031483650208,0.4227750599384308
1278,0.8215188384056091,0.6693819761276245,0.733302891254425,0.4292134642601013
1279,0.8610910177230835,0.6723975539207458,0.7079415321350098,0.4238690137863159
1280,0.8301773071289062,0.6773561239242554,0.7166929244995117,0.4234897494316101
1281,0.8436947464942932,0.6692700982093811,0.7232191562652588,0.41620463132858276
1282,0.8296698331832886,0.6742144227027893,0.7131483554840088,0.4159702956676483
1283,0.8055123686790466,0.6769862174987793,0.7482814192771912,0.4209785461425781
1284,0.8042457699775696,0.6747855544090271,0.7266243696212769,0.4175887405872345
1285,0.8261587619781494,0.6765646934509277,0.7390815615653992,0.4177013337612152
1286,0.8488520979881287,0.675693690776825,0.702885091304779,0.41914525628089905
1287,0.831803023815155,0.6883927583694458,0.7444605231285095,0.4177843928337097
1288,0.8089023232460022,0.6803227663040161,0.7424556016921997,0.4195205569267273
1289,0.8583595156669617,0.6749570369720459,0.7002667784690857,0.4195106327533722
1290,0.8523759245872498,0.6832506060600281,0.7106738686561584,0.4213206470012665
1291,0.82232266664505,0.6745719909667969,0.7492733001708984,0.4250355362892151
1292,0.8247758150100708,0.6644359827041626,0.7284719944000244,0.41654425859451294
1293,0.8301613926887512,0.6710335612297058,0.739453136920929,0.41942116618156433
1294,0.842795729637146,0.6757595539093018,0.7168392539024353,0.4199024438858032
1295,0.8272587656974792,0.6751781702041626,0.7459445595741272,0.4189411401748657
1296,0.8102573752403259,0.6772019863128662,0.7442099452018738,0.4225471019744873
1297,0.8296119570732117,0.6748376488685608,0.7377955913543701,0.42173537611961365
1298,0.8390864133834839,0.6729914546012878,0.7169215083122253,0.4175572693347931
1299,0.8224846124649048,0.6830199956893921,0.6923820376396179,0.4190891683101654
1300,0.842863142490387,0.6836006045341492,0.7256166338920593,0.4179561138153076
1301,0.8619198799133301,0.6735934615135193,0.7231526970863342,0.4266304671764374
1302,0.862231433391571,0.6664888262748718,0.7052024602890015,0.4219951629638672
1303,0.8184671401977539,0.6785377264022827,0.737343430519104,0.43166738748550415
1304,0.8590412735939026,0.681348979473114,0.7408156394958496,0.4332216680049896
1305,0.7987498044967651,0.6752234697341919,0.7564079761505127,0.4305465817451477
1306,0.8253653049468994,0.667403519153595,0.7051964998245239,0.4255416691303253
1307,0.838963508605957,0.6655644178390503,0.7251991033554077,0.4195740222930908
1308,0.8037191033363342,0.675029993057251,0.7317067384719849,0.4262234568595886
1309,0.8013198375701904,0.6769817471504211,0.7813637256622314,0.4258726239204407
1310,0.8127477765083313,0.6774723529815674,0.7530257701873779,0.4261970818042755
1311,0.817221462726593,0.6795979142189026,0.724421501159668,0.42790892720222473
1312,0.8638337850570679,0.6744711995124817,0.726179301738739,0.42928701639175415
1313,0.8281381130218506,0.66599440574646,0.7424526810646057,0.43628668785095215
1314,0.8166128993034363,0.6606042981147766,0.7570427060127258,0.44015493988990784
1315,0.8324063420295715,0.6612586379051208,0.7329674959182739,0.4414248466491699
1316,0.8117175698280334,0.6647985577583313,0.7118690013885498,0.43555834889411926
1317,0.8335556387901306,0.6620369553565979,0.7180474996566772,0.4384293556213379
1318,0.8295331001281738,0.6686517000198364,0.7241060137748718,0.4419219493865967
1319,0.8603752255439758,0.675220787525177,0.7173362970352173,0.4400501847267151
1320,0.8043688535690308,0.6677901744842529,0.7451649904251099,0.43364259600639343
1321,0.8102203607559204,0.6633588075637817,0.7381635308265686,0.43184658885002136
1322,0.8363488912582397,0.6689470410346985,0.7321805953979492,0.4309096038341522
1323,0.8500125408172607,0.6677950024604797,0.7291261553764343,0.431692898273468
1324,0.8101704120635986,0.6733829975128174,0.7401933670043945,0.43619272112846375
1325,0.8437677025794983,0.6696142554283142,0.7241121530532837,0.4355238974094391
1326,0.8292466402053833,0.6683003902435303,0.7355030179023743,0.43244314193725586
1327,0.8067548274993896,0.6672515273094177,0.7245994806289673,0.4325462579727173
1328,0.8223221898078918,0.6751893162727356,0.7290715575218201,0.4408770203590393
1329,0.8544201254844666,0.6672112345695496,0.725052535533905,0.43101680278778076
1330,0.8049033880233765,0.6690560579299927,0.7339156866073608,0.4298916757106781
1331,0.7908121347427368,0.6697871088981628,0.7435362339019775,0.435120165348053
1332,0.8196409940719604,0.6762993335723877,0.7281316518783569,0.43123170733451843
1333,0.8352944850921631,0.6753791570663452,0.7080564498901367,0.42663300037384033
1334,0.8219628930091858,0.679564893245697,0.7241268157958984,0.4342725872993469
1335,0.8010032773017883,0.6702349185943604,0.7599686980247498,0.43227773904800415
1336,0.8397011160850525,0.673294186592102,0.7184796333312988,0.4335484802722931
1337,0.8291683793067932,0.6807504892349243,0.7375863194465637,0.4398850202560425
1338,0.847051739692688,0.673123836517334,0.7378544211387634,0.4343101382255554
1339,0.8342248201370239,0.6755033731460571,0.7312430739402771,0.4347282350063324
1340,0.84979248046875,0.6682935953140259,0.7209822535514832,0.4335940480232239
1341,0.8288728594779968,0.6622630953788757,0.723209798336029,0.42943239212036133
1342,0.8017920255661011,0.6634565591812134,0.7204785346984863,0.42803043127059937
1343,0.8232375979423523,0.6677889227867126,0.7418493628501892,0.4252208471298218
1344,0.792490541934967,0.6631041765213013,0.7139569520950317,0.4268874526023865
1345,0.8152844309806824,0.6775755286216736,0.7636329531669617,0.4274587333202362
1346,0.7824122309684753,0.6687063574790955,0.7385231852531433,0.4294501841068268
1347,0.829865574836731,0.6645467281341553,0.7140446901321411,0.4247288405895233
1348,0.8193209767341614,0.6729745864868164,0.744547963142395,0.4297961890697479
1349,0.8269706964492798,0.6785487532615662,0.7235403656959534,0.4284560978412628
1350,0.817212700843811,0.6721607446670532,0.7485622763633728,0.4286850690841675
1351,0.8316429257392883,0.6724474430084229,0.7284097671508789,0.4325390160083771
1352,0.7853173613548279,0.671001136302948,0.7277242541313171,0.4343443214893341
1353,0.8399867415428162,0.663580060005188,0.7328711152076721,0.4345276653766632
1354,0.8259918093681335,0.6702619791030884,0.7477306723594666,0.43564021587371826
1355,0.8071715831756592,0.6682915091514587,0.750272810459137,0.43463268876075745
1356,0.7980659008026123,0.6612376570701599,0.7376167178153992,0.42682215571403503
1357,0.8077980279922485,0.6720157861709595,0.7455917596817017,0.43449658155441284
1358,0.8207835555076599,0.6656062006950378,0.7270880341529846,0.43137243390083313
1359,0.8241289854049683,0.6690475344657898,0.72467041015625,0.43088576197624207
1360,0.8214119076728821,0.666361927986145,0.6937216520309448,0.4305199980735779
1361,0.8213502168655396,0.6575947403907776,0.7294546961784363,0.42954540252685547
1362,0.8436694145202637,0.6723523736000061,0.7097728848457336,0.42619284987449646
1363,0.8221307396888733,0.6681509017944336,0.7426066994667053,0.42841172218322754
1364,0.8222085237503052,0.6672557592391968,0.725236177444458,0.4239178001880646
1365,0.8119030594825745,0.6731196045875549,0.7568812966346741,0.4243748188018799
1366,0.8160979151725769,0.6809678673744202,0.7407145500183105,0.43047210574150085
1367,0.8057308197021484,0.6651911735534668,0.7145006656646729,0.42353615164756775
1368,0.8218274116516113,0.6601421236991882,0.7522796392440796,0.4289872944355011
1369,0.8145851492881775,0.6678869128227234,0.7597615122795105,0.43089887499809265
1370,0.8157452940940857,0.669966995716095,0.7056828141212463,0.4270496368408203
1371,0.8373945355415344,0.6659456491470337,0.6908892393112183,0.4225235879421234
1372,0.8321301341056824,0.6766427755355835,0.7296240925788879,0.42861008644104004
1373,0.8205896019935608,0.6720128655433655,0.7496595978736877,0.42796507477760315
1374,0.8681756258010864,0.6764702796936035,0.71396404504776,0.43222129344940186
1375,0.7925027012825012,0.680486261844635,0.7566454410552979,0.43437111377716064
1376,0.8434086441993713,0.663263738155365,0.7223961353302002,0.43155375123023987
1377,0.8119344711303711,0.6667430400848389,0.7367187142372131,0.4295276701450348
1378,0.8105717897415161,0.6728901863098145,0.7424943447113037,0.4328514635562897
1379,0.8121049404144287,0.6649046540260315,0.7441548109054565,0.43124985694885254
1380,0.7956965565681458,0.6777747273445129,0.7543017268180847,0.4319149851799011
1381,0.8064885139465332,0.6624987721443176,0.7245762944221497,0.4358232915401459
1382,0.846591055393219,0.676501989364624,0.7332673668861389,0.4291694462299347
1383,0.8364697098731995,0.6791410446166992,0.7088243365287781,0.4305431544780731
1384,0.8362408876419067,0.6689146757125854,0.7222914695739746,0.42723628878593445
1385,0.8431714177131653,0.6714497208595276,0.7029381394386292,0.4270593225955963
1386,0.8141870498657227,0.6733914613723755,0.7489989995956421,0.42627406120300293
1387,0.8029113411903381,0.6763313412666321,0.7322657108306885,0.42951035499572754
1388,0.8286540508270264,0.6658092737197876,0.7247048616409302,0.42724084854125977
1389,0.8265504240989685,0.6759701371192932,0.7491984963417053,0.43358558416366577
1390,0.8135625123977661,0.6691382527351379,0.7416240572929382,0.43226391077041626
1391,0.8106982111930847,0.672489583492279,0.7559570074081421,0.441697359085083
1392,0.7966197729110718,0.6662669777870178,0.7452061772346497,0.4357176125049591
1393,0.8119771480560303,0.6693416833877563,0.7426667809486389,0.4350661635398865
1394,0.8288227915763855,0.6766437888145447,0.7124056220054626,0.43820706009864807
1395,0.8336066007614136,0.665081262588501,0.7201389670372009,0.4337847828865051
1396,0.8147236704826355,0.6795381903648376,0.7511752247810364,0.43786853551864624
1397,0.837956964969635,0.6640475988388062,0.7273762226104736,0.4337860345840454
1398,0.8217940926551819,0.6598061919212341,0.7473546266555786,0.4284718334674835
1399,0.7920399904251099,0.661097526550293,0.7272304892539978,0.43065541982650757
1400,0.8445172309875488,0.6680070161819458,0.7380593419075012,0.4329133927822113
1401,0.8056206703186035,0.6563602089881897,0.7346592545509338,0.4315907061100006
1402,0.8016092777252197,0.652927577495575,0.7417912483215332,0.4342491626739502
1403,0.8114028573036194,0.6620893478393555,0.7256572246551514,0.430569589138031
1404,0.8225146532058716,0.6632472276687622,0.7430284023284912,0.4297579824924469
1405,0.8334884643554688,0.6697103381156921,0.742242693901062,0.4356893002986908
1406,0.8368495106697083,0.6626787781715393,0.726352870464325,0.4328024685382843
1407,0.8215713500976562,0.6681821346282959,0.7468287944793701,0.4330415427684784
1408,0.8306329250335693,0.6788575053215027,0.7259693145751953,0.42413002252578735
1409,0.8038590550422668,0.6705814599990845,0.7352003455162048,0.4209040403366089
1410,0.7949655652046204,0.6653783917427063,0.7366137504577637,0.42366692423820496
1411,0.8413095474243164,0.6643723249435425,0.7150231599807739,0.42167410254478455
1412,0.8175508379936218,0.6664057970046997,0.7311398983001709,0.42581844329833984
1413,0.8107452988624573,0.6651743054389954,0.7307344079017639,0.42221397161483765
1414,0.7990473508834839,0.6703042387962341,0.7423244118690491,0.4213769733905792
1415,0.8035811185836792,0.6622155904769897,0.7298879623413086,0.4215553104877472
1416,0.8175449371337891,0.6728491187095642,0.7210867404937744,0.4255577325820923
1417,0.8226523995399475,0.6743542551994324,0.7400277256965637,0.4318103492259979
1418,0.8274229168891907,0.6721512675285339,0.7232986092567444,0.4304583966732025
1419,0.8073446154594421,0.6680522561073303,0.7426895499229431,0.4257831573486328
1420,0.8189442753791809,0.6655168533325195,0.7368908524513245,0.4279308319091797
1421,0.8008116483688354,0.6692402958869934,0.7234315276145935,0.4304490387439728
1422,0.8327202200889587,0.6687610745429993,0.7328127026557922,0.4325689971446991
1423,0.7961782813072205,0.6683533191680908,0.760013997554779,0.43410420417785645
1424,0.8138388395309448,0.6679810285568237,0.7360765933990479,0.4317742884159088
1425,0.8201395273208618,0.6707115173339844,0.7495033740997314,0.42563045024871826
1426,0.8437585234642029,0.6608496308326721,0.7335340976715088,0.4276440143585205
1427,0.7937577962875366,0.6710861325263977,0.756730854511261,0.4318702220916748
1428,0.8363496661186218,0.6666067838668823,0.748799204826355,0.4288489818572998
1429,0.8312300443649292,0.65997314453125,0.6969155073165894,0.42721113562583923
1430,0.8350324630737305,0.6712329387664795,0.7284626960754395,0.43433934450149536
1431,0.8285769820213318,0.6733207106590271,0.7347519397735596,0.43183013796806335
1432,0.8337657451629639,0.6688735485076904,0.6992913484573364,0.42948392033576965
1433,0.826395571231842,0.6668491959571838,0.725974977016449,0.42942026257514954
1434,0.8018220067024231,0.6698808073997498,0.7212022542953491,0.429934561252594
1435,0.797919511795044,0.6698194742202759,0.7579401731491089,0.4289354383945465
1436,0.8401443362236023,0.6766296029090881,0.719333291053772,0.4330568313598633
1437,0.8186768889427185,0.6737854480743408,0.7454423904418945,0.429243803024292
1438,0.7868039608001709,0.6732655167579651,0.7415884137153625,0.4253677725791931
1439,0.7901449203491211,0.667352020740509,0.7430879473686218,0.43071359395980835
1440,0.8054525852203369,0.6638920903205872,0.7473167777061462,0.42966026067733765
1441,0.83246248960495,0.6702130436897278,0.7298464179039001,0.4378403127193451
1442,0.8465292453765869,0.6661047339439392,0.7144179344177246,0.4361324608325958
1443,0.8300202488899231,0.6706452965736389,0.7371268272399902,0.4364762306213379
1444,0.8127832412719727,0.672555685043335,0.7409082055091858,0.4351447820663452
1445,0.8215208053588867,0.679562509059906,0.7435609698295593,0.4287105202674866
1446,0.8104042410850525,0.6866775751113892,0.7465658187866211,0.43377360701560974
1447,0.7631564140319824,0.6769903898239136,0.7683383226394653,0.4367808997631073
1448,0.8085657954216003,0.6681081652641296,0.731047511100769,0.434588760137558
1449,0.76566082239151,0.6665791869163513,0.7501707077026367,0.43411844968795776
1450,0.7770631909370422,0.6650736927986145,0.7555457949638367,0.4344791769981384
1451,0.8143565654754639,0.6593942642211914,0.7465263605117798,0.4318683445453644
1452,0.8097853064537048,0.6592901945114136,0.7296480536460876,0.43313682079315186
1453,0.7803741693496704,0.6679287552833557,0.7826051712036133,0.43661433458328247
1454,0.8279876708984375,0.6681247353553772,0.7334770560264587,0.43674221634864807
1455,0.829592764377594,0.6616531014442444,0.7180705666542053,0.43263372778892517
1456,0.8151662945747375,0.6657426953315735,0.738517701625824,0.43462511897087097
1457,0.7974674105644226,0.6718859076499939,0.7582504153251648,0.4384460151195526
1458,0.8042846918106079,0.6651633381843567,0.7457777261734009,0.4449252784252167
1459,0.8091513514518738,0.6707524657249451,0.745563268661499,0.44124025106430054
1460,0.7904790043830872,0.6619231104850769,0.7591018080711365,0.4450622498989105
1461,0.8040981888771057,0.6661607623100281,0.727401852607727,0.44564205408096313
1462,0.8163352608680725,0.6689374446868896,0.734042763710022,0.445403128862381
1463,0.8147282004356384,0.664490818977356,0.729749858379364,0.44539904594421387
1464,0.7792180180549622,0.6589879989624023,0.7428690791130066,0.4465137720108032
1465,0.82505863904953,0.6674095988273621,0.7409666776657104,0.4482141137123108
1466,0.8289592266082764,0.6634053587913513,0.726560652256012,0.4443020820617676
1467,0.7979100942611694,0.6641515493392944,0.7652230858802795,0.4424131214618683
1468,0.772466242313385,0.6649177074432373,0.7707188725471497,0.442119836807251
1469,0.8273605704307556,0.6599218249320984,0.7347549796104431,0.444931298494339
1470,0.7968853116035461,0.6590526700019836,0.7536086440086365,0.44502750039100647
1471,0.8013441562652588,0.661017894744873,0.7479948401451111,0.44375863671302795
1472,0.7900506854057312,0.662164032459259,0.7551729083061218,0.4471556544303894
1473,0.8008360266685486,0.6601758599281311,0.7405664920806885,0.4402962923049927
1474,0.8107621669769287,0.6553373336791992,0.741759181022644,0.43963736295700073
1475,0.8121750950813293,0.6645222902297974,0.7468884587287903,0.44333788752555847
1476,0.7872531414031982,0.6682608723640442,0.7602673768997192,0.44584953784942627
1477,0.8230108618736267,0.6574872732162476,0.7264304757118225,0.4356032907962799
1478,0.83171147108078,0.6630887389183044,0.7304657101631165,0.43575334548950195
1479,0.8091197609901428,0.6584434509277344,0.7427446842193604,0.4338357150554657
1480,0.804042637348175,0.6679280996322632,0.7415021657943726,0.4329383373260498
1481,0.7961078882217407,0.6639754772186279,0.749338686466217,0.4285174310207367
1482,0.7877054214477539,0.6646109223365784,0.7359655499458313,0.43488574028015137
1483,0.7823867201805115,0.6600762009620667,0.7606474161148071,0.433871328830719
1484,0.789991021156311,0.6603085398674011,0.7394197583198547,0.4322280287742615
1485,0.824188232421875,0.6669405698776245,0.7496430277824402,0.4333328604698181
1486,0.8061065673828125,0.6704633831977844,0.7343646883964539,0.43823298811912537
1487,0.7883424162864685,0.6640263199806213,0.7443539500236511,0.4352695047855377
1488,0.8002650141716003,0.6636888980865479,0.7404821515083313,0.4303562641143799
1489,0.7828269600868225,0.6608408093452454,0.7229230999946594,0.43587666749954224
1490,0.7997277975082397,0.6582852005958557,0.7629331946372986,0.4391174018383026
1491,0.8254783749580383,0.6613888144493103,0.7201859354972839,0.43554458022117615
1492,0.8079891204833984,0.6624429821968079,0.7371221780776978,0.4292764961719513
1493,0.7971025109291077,0.6584535241127014,0.7563582062721252,0.4312096834182739
1494,0.8188347220420837,0.6569821834564209,0.7171493172645569,0.42787399888038635
1495,0.8325405716896057,0.6677495241165161,0.7420293092727661,0.42897748947143555
1496,0.7938828468322754,0.6603764295578003,0.7382001876831055,0.43528231978416443
1497,0.7774293422698975,0.6607984900474548,0.7561725974082947,0.43962931632995605
1498,0.8254983425140381,0.6634092926979065,0.7346235513687134,0.43418729305267334
1499,0.8123797178268433,0.6622663736343384,0.7383794784545898,0.43504518270492554
1500,0.8310708999633789,0.6633976697921753,0.7195464968681335,0.43267759680747986
1501,0.8585169911384583,0.6692035794258118,0.7088496088981628,0.4358891546726227
1502,0.7922062277793884,0.6612368822097778,0.7548109292984009,0.4373141825199127
