epoch,step,test_loss,test_pcc,train_loss_epoch,train_pcc_epoch,val_loss,val_pcc
0,40,,,,,1.356777310371399,-0.21476231515407562
0,40,,,1.4296492338180542,-0.020246071740984917,,
1,81,,,,,1.361948013305664,-0.13893820345401764
1,81,,,1.4398424625396729,0.018328318372368813,,
2,122,,,,,1.3638761043548584,0.029912732541561127
2,122,,,1.4244478940963745,0.012355557642877102,,
3,163,,,,,1.366986870765686,0.08716099709272385
3,163,,,1.3798516988754272,-0.01852601394057274,,
4,204,,,,,1.3817468881607056,0.12075880169868469
4,204,,,1.3907604217529297,-0.03706531971693039,,
5,245,,,,,1.3786033391952515,0.14041650295257568
5,245,,,1.3847370147705078,-0.01824106276035309,,
6,286,,,,,1.3703020811080933,0.17577938735485077
6,286,,,1.366858959197998,0.019957683980464935,,
7,327,,,,,1.3665367364883423,0.2203601598739624
7,327,,,1.3811746835708618,0.04958987236022949,,
8,368,,,,,1.3746896982192993,0.21482497453689575
8,368,,,1.376654028892517,-0.034470804035663605,,
9,409,,,,,1.3788552284240723,0.19322174787521362
9,409,,,1.3721429109573364,-0.0052240751683712006,,
10,450,,,,,1.3678419589996338,0.20297959446907043
10,450,,,1.3441685438156128,0.00520326616242528,,
11,491,,,,,1.3668936491012573,0.19193874299526215
11,491,,,1.3414796590805054,0.0466420017182827,,
12,532,,,,,1.374517798423767,0.20410898327827454
12,532,,,1.3555290699005127,-0.04538921266794205,,
13,573,,,,,1.3792685270309448,0.2010357826948166
13,573,,,1.3353816270828247,0.0389714315533638,,
14,614,,,,,1.376158356666565,0.21208229660987854
14,614,,,1.3474791049957275,0.021374322474002838,,
15,655,,,,,1.3786509037017822,0.23162277042865753
15,655,,,1.3691996335983276,0.02690575271844864,,
16,696,,,,,1.3744096755981445,0.23630774021148682
16,696,,,1.3665406703948975,0.0010464496444910765,,
17,737,,,,,1.3809411525726318,0.24159708619117737
17,737,,,1.3722727298736572,-0.0483023077249527,,
18,778,,,,,1.3830113410949707,0.24072475731372833
18,778,,,1.3062611818313599,-0.02115262858569622,,
19,819,,,,,1.3845539093017578,0.24600137770175934
19,819,,,1.3540098667144775,0.0009522932232357562,,
20,860,,,,,1.37478768825531,0.23846524953842163
20,860,,,1.3653242588043213,-0.025419946759939194,,
21,901,,,,,1.3773099184036255,0.2423858940601349
21,901,,,1.3467260599136353,-8.492317283526063e-05,,
22,942,,,,,1.380737543106079,0.24393004179000854
22,942,,,1.3785691261291504,-0.021130725741386414,,
23,983,,,,,1.3804656267166138,0.2482893019914627
23,983,,,1.3496592044830322,-0.005779340397566557,,
24,1024,,,,,1.3841105699539185,0.2496718168258667
24,1024,,,1.332907795906067,0.07670587301254272,,
25,1065,,,,,1.3804633617401123,0.24939948320388794
25,1065,,,1.332366704940796,-0.02900782972574234,,
26,1106,,,,,1.3764965534210205,0.24887026846408844
26,1106,,,1.3876988887786865,-0.006334737874567509,,
27,1147,,,,,1.3802990913391113,0.2560243308544159
27,1147,,,1.3610392808914185,0.014739993028342724,,
28,1188,,,,,1.3821018934249878,0.2637140452861786
28,1188,,,1.3514041900634766,-0.022860126569867134,,
29,1229,,,,,1.37660813331604,0.26824453473091125
29,1229,,,1.3682180643081665,0.04512345418334007,,
30,1270,,,,,1.3855247497558594,0.2669365704059601
30,1270,,,1.346192479133606,0.025082997977733612,,
31,1311,,,,,1.3774226903915405,0.2660846412181854
31,1311,,,1.3339341878890991,0.014337627217173576,,
32,1352,,,,,1.385886788368225,0.2678665220737457
32,1352,,,1.3176708221435547,0.005790417548269033,,
33,1393,,,,,1.3734381198883057,0.272504061460495
33,1393,,,1.3769879341125488,0.0020534780342131853,,
34,1434,,,,,1.3783118724822998,0.269909530878067
34,1434,,,1.3336408138275146,-0.023589206859469414,,
35,1475,,,,,1.3688342571258545,0.27616265416145325
35,1475,,,1.348376750946045,0.045862819999456406,,
36,1516,,,,,1.3791794776916504,0.276131272315979
36,1516,,,1.3131734132766724,-0.001945996773429215,,
37,1557,,,,,1.3804157972335815,0.27855291962623596
37,1557,,,1.3785980939865112,0.035042401403188705,,
38,1598,,,,,1.3839031457901,0.27900585532188416
38,1598,,,1.3519047498703003,-0.02688039466738701,,
39,1639,,,,,1.379925012588501,0.282094269990921
39,1639,,,1.3326191902160645,0.026349294930696487,,
40,1680,,,,,1.3766611814498901,0.28232741355895996
40,1680,,,1.327886939048767,0.03642062842845917,,
41,1721,,,,,1.3760014772415161,0.2817705571651459
41,1721,,,1.3435403108596802,0.032335784286260605,,
42,1762,,,,,1.374218463897705,0.28430798649787903
42,1762,,,1.360352635383606,0.04614638909697533,,
43,1803,,,,,1.3689935207366943,0.28328534960746765
43,1803,,,1.3554185628890991,0.051441989839076996,,
44,1844,,,,,1.3724257946014404,0.2826838195323944
44,1844,,,1.3763372898101807,0.03738302364945412,,
45,1885,,,,,1.3717519044876099,0.28270065784454346
45,1885,,,1.356746792793274,0.06916055083274841,,
46,1926,,,,,1.3566138744354248,0.2791127860546112
46,1926,,,1.334428310394287,0.12013532966375351,,
47,1967,,,,,1.3654934167861938,0.28023475408554077
47,1967,,,1.3255844116210938,0.1303173303604126,,
48,2008,,,,,1.3719871044158936,0.28653231263160706
48,2008,,,1.323725938796997,0.10882354527711868,,
49,2049,,,,,1.3508031368255615,0.2846828103065491
49,2049,,,1.3149526119232178,0.17553666234016418,,
50,2090,,,,,1.3479483127593994,0.28893038630485535
50,2090,,,1.3531988859176636,0.17165309190750122,,
51,2131,,,,,1.3503094911575317,0.2886243760585785
51,2131,,,1.3000041246414185,0.19343267381191254,,
52,2172,,,,,1.3410792350769043,0.2937878370285034
52,2172,,,1.2792617082595825,0.2588963210582733,,
53,2213,,,,,1.33063542842865,0.29384395480155945
53,2213,,,1.3210476636886597,0.27137887477874756,,
54,2254,,,,,1.3360645771026611,0.29952436685562134
54,2254,,,1.2997984886169434,0.23321276903152466,,
55,2295,,,,,1.335108757019043,0.2986900210380554
55,2295,,,1.2692956924438477,0.2959810495376587,,
56,2336,,,,,1.3453611135482788,0.30900895595550537
56,2336,,,1.2876907587051392,0.24594181776046753,,
57,2377,,,,,1.3323534727096558,0.30880090594291687
57,2377,,,1.2227861881256104,0.31472769379615784,,
58,2418,,,,,1.3211185932159424,0.30738815665245056
58,2418,,,1.240422010421753,0.3274279832839966,,
59,2459,,,,,1.3598688840866089,0.32439905405044556
59,2459,,,1.260328769683838,0.313613623380661,,
60,2500,,,,,1.3423625230789185,0.3264286518096924
60,2500,,,1.2391554117202759,0.2887069284915924,,
61,2541,,,,,1.3287009000778198,0.32708054780960083
61,2541,,,1.221123218536377,0.32288554310798645,,
62,2582,,,,,1.3407500982284546,0.3334963619709015
62,2582,,,1.2555934190750122,0.3382997512817383,,
63,2623,,,,,1.3210623264312744,0.33512890338897705
63,2623,,,1.2340376377105713,0.36664023995399475,,
64,2664,,,,,1.335168719291687,0.34263476729393005
64,2664,,,1.216354250907898,0.34261852502822876,,
65,2705,,,,,1.3152903318405151,0.33985430002212524
65,2705,,,1.2014240026474,0.3638375997543335,,
66,2746,,,,,1.3395220041275024,0.3440713584423065
66,2746,,,1.223078966140747,0.31903937458992004,,
67,2787,,,,,1.3333758115768433,0.34386491775512695
67,2787,,,1.2503050565719604,0.3360138535499573,,
68,2828,,,,,1.3270131349563599,0.3436662554740906
68,2828,,,1.2121697664260864,0.32862523198127747,,
69,2869,,,,,1.329620122909546,0.34520331025123596
69,2869,,,1.1989006996154785,0.36417534947395325,,
70,2910,,,,,1.3418008089065552,0.34661707282066345
70,2910,,,1.243214726448059,0.3530935049057007,,
71,2951,,,,,1.3445329666137695,0.3483654856681824
71,2951,,,1.2287790775299072,0.33564016222953796,,
72,2992,,,,,1.3333553075790405,0.3468950390815735
72,2992,,,1.21815824508667,0.3470765948295593,,
73,3033,,,,,1.337611436843872,0.34828904271125793
73,3033,,,1.2202731370925903,0.3709490895271301,,
74,3074,,,,,1.324094295501709,0.34919705986976624
74,3074,,,1.214659571647644,0.34621763229370117,,
75,3115,,,,,1.3223540782928467,0.3494510054588318
75,3115,,,1.2258387804031372,0.3512657582759857,,
76,3156,,,,,1.3311257362365723,0.3511529266834259
76,3156,,,1.2313251495361328,0.3218228816986084,,
77,3197,,,,,1.329637050628662,0.35168206691741943
77,3197,,,1.2210760116577148,0.36102768778800964,,
78,3238,,,,,1.3333566188812256,0.35086992383003235
78,3238,,,1.184496521949768,0.3338923454284668,,
79,3279,,,,,1.3370317220687866,0.35029706358909607
79,3279,,,1.1918494701385498,0.3275145888328552,,
80,3320,,,,,1.3256405591964722,0.35004791617393494
80,3320,,,1.193587303161621,0.35382533073425293,,
81,3361,,,,,1.3253976106643677,0.3505954444408417
81,3361,,,1.2166742086410522,0.35696303844451904,,
82,3402,,,,,1.3482736349105835,0.34751665592193604
82,3402,,,1.2137553691864014,0.3272945284843445,,
83,3443,,,,,1.3230229616165161,0.35042616724967957
83,3443,,,1.2009695768356323,0.3294725716114044,,
84,3484,,,,,1.3294721841812134,0.34994229674339294
84,3484,,,1.2173205614089966,0.3334818482398987,,
85,3525,,,,,1.3333191871643066,0.3494064509868622
85,3525,,,1.1930723190307617,0.3386116325855255,,
86,3566,,,,,1.3214391469955444,0.3476611375808716
86,3566,,,1.1985490322113037,0.3635541796684265,,
87,3607,,,,,1.3447288274765015,0.34413766860961914
87,3607,,,1.1871038675308228,0.3692830801010132,,
88,3648,,,,,1.3248342275619507,0.34730255603790283
88,3648,,,1.1852680444717407,0.3698810636997223,,
89,3689,,,,,1.3279469013214111,0.34645357728004456
89,3689,,,1.2326381206512451,0.3480800986289978,,
90,3730,,,,,1.3171542882919312,0.3482554852962494
90,3730,,,1.1741794347763062,0.399845689535141,,
91,3771,,,,,1.3270093202590942,0.34659716486930847
91,3771,,,1.1995737552642822,0.33876147866249084,,
92,3812,,,,,1.3301044702529907,0.34567615389823914
92,3812,,,1.1857901811599731,0.349758505821228,,
93,3853,,,,,1.335697889328003,0.34506163001060486
93,3853,,,1.2097009420394897,0.3583959639072418,,
94,3894,,,,,1.3378573656082153,0.3444824814796448
94,3894,,,1.1896581649780273,0.3862285614013672,,
95,3935,,,,,1.3274253606796265,0.3455520570278168
95,3935,,,1.207236409187317,0.35916370153427124,,
96,3976,,,,,1.3127896785736084,0.3473053276538849
96,3976,,,1.1800237894058228,0.36722657084465027,,
97,4017,,,,,1.3271042108535767,0.34523531794548035
97,4017,,,1.179004192352295,0.3844427466392517,,
98,4058,,,,,1.3258544206619263,0.3449004888534546
98,4058,,,1.227418303489685,0.38613206148147583,,
99,4099,,,,,1.3137195110321045,0.3476126492023468
99,4099,,,1.1827433109283447,0.41974347829818726,,
100,4140,,,,,1.330679178237915,0.3456627130508423
100,4140,,,1.1888271570205688,0.4056183993816376,,
101,4181,,,,,1.3307228088378906,0.3441219627857208
101,4181,,,1.1475844383239746,0.3852927088737488,,
102,4222,,,,,1.3432681560516357,0.3409661650657654
102,4222,,,1.191211462020874,0.3552194833755493,,
103,4263,,,,,1.3237318992614746,0.34424474835395813
103,4263,,,1.1662955284118652,0.41568872332572937,,
104,4304,,,,,1.3266438245773315,0.34433233737945557
104,4304,,,1.2067546844482422,0.3954419493675232,,
105,4345,,,,,1.3399618864059448,0.34205523133277893
105,4345,,,1.1742984056472778,0.3531356751918793,,
106,4386,,,,,1.3274805545806885,0.3446240723133087
106,4386,,,1.1830790042877197,0.3548643887042999,,
107,4427,,,,,1.3267381191253662,0.344162255525589
107,4427,,,1.1690739393234253,0.3627017140388489,,
108,4468,,,,,1.3248820304870605,0.34336787462234497
108,4468,,,1.1836045980453491,0.38045331835746765,,
109,4509,,,,,1.3193578720092773,0.3435736298561096
109,4509,,,1.1581264734268188,0.4356444776058197,,
110,4550,,,,,1.3369438648223877,0.34154102206230164
110,4550,,,1.222756028175354,0.3296944797039032,,
111,4591,,,,,1.3425819873809814,0.34032753109931946
111,4591,,,1.2104769945144653,0.3378012180328369,,
112,4632,,,,,1.3281687498092651,0.3428983688354492
112,4632,,,1.2066220045089722,0.3593125343322754,,
113,4673,,,,,1.3222324848175049,0.34422019124031067
113,4673,,,1.1738264560699463,0.3824036717414856,,
114,4714,,,,,1.316778302192688,0.3453611135482788
114,4714,,,1.1769537925720215,0.41282573342323303,,
115,4755,,,,,1.3290431499481201,0.34344592690467834
115,4755,,,1.204753041267395,0.3533453643321991,,
116,4796,,,,,1.3197835683822632,0.34685876965522766
116,4796,,,1.1816672086715698,0.3801196217536926,,
117,4837,,,,,1.319504737854004,0.34841448068618774
117,4837,,,1.1501113176345825,0.35693854093551636,,
118,4878,,,,,1.319766879081726,0.34957072138786316
118,4878,,,1.1739667654037476,0.37804511189460754,,
119,4919,,,,,1.3185640573501587,0.3503340184688568
119,4919,,,1.1987735033035278,0.3281090259552002,,
120,4960,,,,,1.3238670825958252,0.34812331199645996
120,4960,,,1.2050983905792236,0.3636489510536194,,
121,5001,,,,,1.3243225812911987,0.34780535101890564
121,5001,,,1.1857787370681763,0.343271940946579,,
122,5042,,,,,1.3300247192382812,0.34851476550102234
122,5042,,,1.1853013038635254,0.33780816197395325,,
123,5083,,,,,1.326128363609314,0.34774795174598694
123,5083,,,1.1916269063949585,0.3833915591239929,,
124,5124,,,,,1.3291958570480347,0.3476826548576355
124,5124,,,1.1751893758773804,0.3488655686378479,,
125,5165,,,,,1.321710228919983,0.3497529923915863
125,5165,,,1.1807790994644165,0.36407625675201416,,
126,5206,,,,,1.321273684501648,0.3487803339958191
126,5206,,,1.1580939292907715,0.38567623496055603,,
127,5247,,,,,1.3217003345489502,0.3494686186313629
127,5247,,,1.1911207437515259,0.39209505915641785,,
128,5288,,,,,1.3297548294067383,0.34850257635116577
128,5288,,,1.1944310665130615,0.3671509921550751,,
129,5329,,,,,1.33635413646698,0.3470161259174347
129,5329,,,1.179491400718689,0.40686216950416565,,
130,5370,,,,,1.3383160829544067,0.3459931015968323
130,5370,,,1.1804962158203125,0.35539713501930237,,
131,5411,,,,,1.3178058862686157,0.3497963547706604
131,5411,,,1.1719920635223389,0.3880124092102051,,
132,5452,,,,,1.3176432847976685,0.3498479723930359
132,5452,,,1.1599500179290771,0.42611032724380493,,
133,5493,,,,,1.3158327341079712,0.35012075304985046
133,5493,,,1.1649341583251953,0.4169688820838928,,
134,5534,,,,,1.3174091577529907,0.34941044449806213
134,5534,,,1.1750824451446533,0.4344462752342224,,
135,5575,,,,,1.3191779851913452,0.34920448064804077
135,5575,,,1.213196873664856,0.3997626006603241,,
136,5616,,,,,1.3119289875030518,0.351582407951355
136,5616,,,1.1683783531188965,0.3747255802154541,,
137,5657,,,,,1.3206233978271484,0.3495829999446869
137,5657,,,1.1909904479980469,0.3808509409427643,,
138,5698,,,,,1.330602765083313,0.34675171971321106
138,5698,,,1.153590440750122,0.40398964285850525,,
139,5739,,,,,1.320075273513794,0.349802702665329
139,5739,,,1.184032917022705,0.36523139476776123,,
140,5780,,,,,1.3213772773742676,0.3502497971057892
140,5780,,,1.1703543663024902,0.3338358700275421,,
141,5821,,,,,1.3211288452148438,0.35065025091171265
141,5821,,,1.1654305458068848,0.3550577461719513,,
142,5862,,,,,1.3200823068618774,0.35116517543792725
142,5862,,,1.1886183023452759,0.37393316626548767,,
143,5903,,,,,1.3195397853851318,0.352596640586853
143,5903,,,1.2000257968902588,0.38502761721611023,,
144,5944,,,,,1.3260822296142578,0.35002925992012024
144,5944,,,1.1759603023529053,0.3783397674560547,,
145,5985,,,,,1.3200292587280273,0.351615846157074
145,5985,,,1.1947851181030273,0.41458770632743835,,
146,6026,,,,,1.3308212757110596,0.34835752844810486
146,6026,,,1.1501272916793823,0.40570467710494995,,
147,6067,,,,,1.3342976570129395,0.34635215997695923
147,6067,,,1.175376534461975,0.37435823678970337,,
148,6108,,,,,1.3267570734024048,0.34803101420402527
148,6108,,,1.1498445272445679,0.3882988691329956,,
149,6149,,,,,1.3247380256652832,0.3516731560230255
149,6149,,,1.157066822052002,0.38296929001808167,,
150,6190,,,,,1.3171610832214355,0.35439324378967285
150,6190,,,1.1884442567825317,0.39521414041519165,,
151,6231,,,,,1.3169485330581665,0.35427209734916687
151,6231,,,1.1738383769989014,0.4081692099571228,,
152,6272,,,,,1.3231900930404663,0.35274994373321533
152,6272,,,1.1665595769882202,0.34610283374786377,,
153,6313,,,,,1.3256545066833496,0.353099524974823
153,6313,,,1.1992243528366089,0.354812353849411,,
154,6354,,,,,1.3201078176498413,0.35516977310180664
154,6354,,,1.1768290996551514,0.37975743412971497,,
155,6395,,,,,1.325551152229309,0.35419145226478577
155,6395,,,1.1734052896499634,0.3962623178958893,,
156,6436,,,,,1.3237378597259521,0.3528643548488617
156,6436,,,1.1481876373291016,0.3995203971862793,,
157,6477,,,,,1.318859577178955,0.3538298010826111
157,6477,,,1.1553337574005127,0.36564379930496216,,
158,6518,,,,,1.3118700981140137,0.357135534286499
158,6518,,,1.1632671356201172,0.3936638832092285,,
159,6559,,,,,1.3219361305236816,0.35625413060188293
159,6559,,,1.177458643913269,0.3711842894554138,,
160,6600,,,,,1.3200632333755493,0.354704886674881
160,6600,,,1.1930952072143555,0.38143911957740784,,
161,6641,,,,,1.312408447265625,0.357654869556427
161,6641,,,1.1524358987808228,0.389726459980011,,
162,6682,,,,,1.3192578554153442,0.35647204518318176
162,6682,,,1.1472524404525757,0.37531593441963196,,
163,6723,,,,,1.326587438583374,0.351644903421402
163,6723,,,1.1708406209945679,0.40835514664649963,,
164,6764,,,,,1.3141535520553589,0.35307827591896057
164,6764,,,1.1461195945739746,0.43376341462135315,,
165,6805,,,,,1.3177284002304077,0.3505178689956665
165,6805,,,1.1762113571166992,0.3838757574558258,,
166,6846,,,,,1.3131452798843384,0.3521050810813904
166,6846,,,1.1706892251968384,0.4165489971637726,,
167,6887,,,,,1.3196243047714233,0.3529021143913269
167,6887,,,1.1836482286453247,0.3831455111503601,,
168,6928,,,,,1.3142108917236328,0.35549676418304443
168,6928,,,1.1943436861038208,0.38283416628837585,,
169,6969,,,,,1.3202718496322632,0.353400856256485
169,6969,,,1.1635432243347168,0.38329339027404785,,
170,7010,,,,,1.3333712816238403,0.348263144493103
170,7010,,,1.1471017599105835,0.3475387990474701,,
171,7051,,,,,1.3300397396087646,0.3512626588344574
171,7051,,,1.183619499206543,0.35129112005233765,,
172,7092,,,,,1.3216665983200073,0.3540557026863098
172,7092,,,1.1643449068069458,0.37436479330062866,,
173,7133,,,,,1.320317029953003,0.3543839156627655
173,7133,,,1.162378191947937,0.40288254618644714,,
174,7174,,,,,1.3197693824768066,0.3543345630168915
174,7174,,,1.1658682823181152,0.38107553124427795,,
175,7215,,,,,1.3165677785873413,0.35574108362197876
175,7215,,,1.1537095308303833,0.3993438184261322,,
176,7256,,,,,1.3257126808166504,0.354810893535614
176,7256,,,1.1481541395187378,0.41151559352874756,,
177,7297,,,,,1.332007646560669,0.35410985350608826
177,7297,,,1.1740378141403198,0.3642106056213379,,
178,7338,,,,,1.3264594078063965,0.35454103350639343
178,7338,,,1.1937474012374878,0.4191635847091675,,
179,7379,,,,,1.3190776109695435,0.35589316487312317
179,7379,,,1.1432561874389648,0.43108415603637695,,
180,7420,,,,,1.319899082183838,0.35623642802238464
180,7420,,,1.1811686754226685,0.4045584499835968,,
181,7461,,,,,1.3222137689590454,0.3549608290195465
181,7461,,,1.1879841089248657,0.36969801783561707,,
182,7502,,,,,1.3245643377304077,0.3556271195411682
182,7502,,,1.1727509498596191,0.37468501925468445,,
183,7543,,,,,1.324911117553711,0.356436163187027
183,7543,,,1.1498762369155884,0.420463889837265,,
184,7584,,,,,1.3194525241851807,0.3579193651676178
184,7584,,,1.1888418197631836,0.3910912871360779,,
185,7625,,,,,1.324396014213562,0.352804958820343
185,7625,,,1.1643619537353516,0.40735095739364624,,
186,7666,,,,,1.3280693292617798,0.3505663275718689
186,7666,,,1.1461082696914673,0.41879361867904663,,
187,7707,,,,,1.3256750106811523,0.34951281547546387
187,7707,,,1.1721177101135254,0.399198442697525,,
188,7748,,,,,1.3300254344940186,0.34946495294570923
188,7748,,,1.1812022924423218,0.3820863664150238,,
189,7789,,,,,1.3273495435714722,0.34929153323173523
189,7789,,,1.1566897630691528,0.45089372992515564,,
190,7830,,,,,1.324521541595459,0.34981977939605713
190,7830,,,1.1952284574508667,0.3811376392841339,,
191,7871,,,,,1.323390007019043,0.34961357712745667
191,7871,,,1.1628451347351074,0.42083680629730225,,
192,7912,,,,,1.3205634355545044,0.35111770033836365
192,7912,,,1.1652723550796509,0.3961404860019684,,
193,7953,,,,,1.322087049484253,0.351694256067276
193,7953,,,1.1836636066436768,0.3806910216808319,,
194,7994,,,,,1.3333996534347534,0.3479697108268738
194,7994,,,1.1610965728759766,0.40411117672920227,,
195,8035,,,,,1.3148305416107178,0.35488760471343994
195,8035,,,1.1498486995697021,0.4470662474632263,,
196,8076,,,,,1.328989028930664,0.350798100233078
196,8076,,,1.1667060852050781,0.4098277688026428,,
197,8117,,,,,1.3207919597625732,0.3519388437271118
197,8117,,,1.1912187337875366,0.40415334701538086,,
198,8158,,,,,1.326233148574829,0.3502499759197235
198,8158,,,1.1691625118255615,0.3870145082473755,,
199,8199,,,,,1.3295559883117676,0.3511669337749481
199,8199,,,1.1668944358825684,0.39386823773384094,,
200,8240,,,,,1.3289475440979004,0.3524630069732666
200,8240,,,1.1983669996261597,0.3629668354988098,,
201,8281,,,,,1.3238410949707031,0.35524025559425354
201,8281,,,1.1879953145980835,0.37340405583381653,,
202,8322,,,,,1.3247973918914795,0.3525874614715576
202,8322,,,1.1758314371109009,0.42080697417259216,,
203,8363,,,,,1.3128143548965454,0.3578103482723236
203,8363,,,1.1600998640060425,0.42992955446243286,,
204,8404,,,,,1.310875654220581,0.3591453731060028
204,8404,,,1.1733335256576538,0.45110735297203064,,
205,8445,,,,,1.3300613164901733,0.3545696437358856
205,8445,,,1.1665388345718384,0.4034501910209656,,
206,8486,,,,,1.3296419382095337,0.3552144765853882
206,8486,,,1.1767183542251587,0.4237500727176666,,
207,8527,,,,,1.3255308866500854,0.35738107562065125
207,8527,,,1.156970739364624,0.3930034637451172,,
208,8568,,,,,1.3114349842071533,0.360086590051651
208,8568,,,1.1912527084350586,0.388901025056839,,
209,8609,,,,,1.311610460281372,0.3614506423473358
209,8609,,,1.1458653211593628,0.4180392622947693,,
210,8650,,,,,1.322862982749939,0.3593352437019348
210,8650,,,1.1776179075241089,0.38369888067245483,,
211,8691,,,,,1.3212658166885376,0.3609631359577179
211,8691,,,1.139276146888733,0.4119635820388794,,
212,8732,,,,,1.306588888168335,0.36558863520622253
212,8732,,,1.167138695716858,0.43788957595825195,,
213,8773,,,,,1.3211973905563354,0.3651726543903351
213,8773,,,1.1638386249542236,0.4034029245376587,,
214,8814,,,,,1.3242688179016113,0.3641760051250458
214,8814,,,1.1511256694793701,0.3795495927333832,,
215,8855,,,,,1.3159619569778442,0.3665229380130768
215,8855,,,1.1906545162200928,0.3988146483898163,,
216,8896,,,,,1.3026949167251587,0.37058281898498535
216,8896,,,1.1468309164047241,0.39081043004989624,,
217,8937,,,,,1.3104794025421143,0.36803847551345825
217,8937,,,1.1725813150405884,0.41196590662002563,,
218,8978,,,,,1.3195911645889282,0.3652832508087158
218,8978,,,1.1959038972854614,0.35006529092788696,,
219,9019,,,,,1.320263147354126,0.3642588257789612
219,9019,,,1.176440954208374,0.36931735277175903,,
220,9060,,,,,1.3231393098831177,0.3616744577884674
220,9060,,,1.170569658279419,0.3985702693462372,,
221,9101,,,,,1.3188806772232056,0.3612465262413025
221,9101,,,1.1774544715881348,0.3999956250190735,,
222,9142,,,,,1.3209023475646973,0.3604017496109009
222,9142,,,1.174150824546814,0.3994312286376953,,
223,9183,,,,,1.320812702178955,0.36264583468437195
223,9183,,,1.1408425569534302,0.3984150290489197,,
224,9224,,,,,1.3162920475006104,0.36349570751190186
224,9224,,,1.1900675296783447,0.4052862226963043,,
225,9265,,,,,1.31255042552948,0.3641500473022461
225,9265,,,1.1732099056243896,0.4065437912940979,,
226,9306,,,,,1.304983377456665,0.3684174716472626
226,9306,,,1.1422357559204102,0.41707363724708557,,
227,9347,,,,,1.3175814151763916,0.36317193508148193
227,9347,,,1.1488903760910034,0.4002543091773987,,
228,9388,,,,,1.316781997680664,0.36337125301361084
228,9388,,,1.1853013038635254,0.3825318217277527,,
229,9429,,,,,1.3087904453277588,0.3649722933769226
229,9429,,,1.1686928272247314,0.42992153763771057,,
230,9470,,,,,1.3252995014190674,0.3607410490512848
230,9470,,,1.1469148397445679,0.4167156219482422,,
231,9511,,,,,1.3308995962142944,0.35984861850738525
231,9511,,,1.1825679540634155,0.406954288482666,,
232,9552,,,,,1.3246350288391113,0.36131298542022705
232,9552,,,1.18731689453125,0.39144226908683777,,
233,9593,,,,,1.3239082098007202,0.36311987042427063
233,9593,,,1.1468474864959717,0.39837247133255005,,
234,9634,,,,,1.3275848627090454,0.36185285449028015
234,9634,,,1.1487199068069458,0.4162735939025879,,
235,9675,,,,,1.3197101354599,0.3646338880062103
235,9675,,,1.1111626625061035,0.39773425459861755,,
236,9716,,,,,1.3204972743988037,0.36545538902282715
236,9716,,,1.1578748226165771,0.38972827792167664,,
237,9757,,,,,1.3113775253295898,0.3659084141254425
237,9757,,,1.1391265392303467,0.4419803023338318,,
238,9798,,,,,1.31105375289917,0.3651610016822815
238,9798,,,1.1475824117660522,0.4108709394931793,,
239,9839,,,,,1.3178802728652954,0.3634689450263977
239,9839,,,1.1572976112365723,0.4055008292198181,,
240,9880,,,,,1.3107095956802368,0.3640764057636261
240,9880,,,1.1814972162246704,0.4033275246620178,,
241,9921,,,,,1.318252682685852,0.36362871527671814
241,9921,,,1.1949409246444702,0.35263893008232117,,
242,9962,,,,,1.3062825202941895,0.36848434805870056
242,9962,,,1.1666024923324585,0.39376798272132874,,
243,10003,,,,,1.3077709674835205,0.36995071172714233
243,10003,,,1.175538420677185,0.434836745262146,,
244,10044,,,,,1.30859375,0.37003573775291443
244,10044,,,1.1590616703033447,0.3978990614414215,,
245,10085,,,,,1.31357741355896,0.36899614334106445
245,10085,,,1.1693859100341797,0.41858041286468506,,
246,10126,,,,,1.317704200744629,0.36606061458587646
246,10126,,,1.1340181827545166,0.44100987911224365,,
247,10167,,,,,1.3224345445632935,0.36623337864875793
247,10167,,,1.1554360389709473,0.35929009318351746,,
248,10208,,,,,1.3192822933197021,0.36763328313827515
248,10208,,,1.1647576093673706,0.38605165481567383,,
249,10249,,,,,1.3212486505508423,0.3683936893939972
249,10249,,,1.1549533605575562,0.40613603591918945,,
250,10290,,,,,1.3162211179733276,0.3671456277370453
250,10290,,,1.150368332862854,0.41064170002937317,,
251,10331,,,,,1.3092337846755981,0.36949029564857483
251,10331,,,1.1870877742767334,0.4013388454914093,,
252,10372,,,,,1.320970058441162,0.3673328459262848
252,10372,,,1.1813875436782837,0.41222894191741943,,
253,10413,,,,,1.322640061378479,0.3691014051437378
253,10413,,,1.1285104751586914,0.42749983072280884,,
254,10454,,,,,1.3186110258102417,0.3700558841228485
254,10454,,,1.1465727090835571,0.4004126787185669,,
255,10495,,,,,1.3163440227508545,0.36973336338996887
255,10495,,,1.146988868713379,0.4397653341293335,,
256,10536,,,,,1.3086636066436768,0.36831673979759216
256,10536,,,1.1399662494659424,0.46650266647338867,,
257,10577,,,,,1.3148638010025024,0.36754584312438965
257,10577,,,1.1846116781234741,0.3850024938583374,,
258,10618,,,,,1.3153280019760132,0.3681989312171936
258,10618,,,1.1564383506774902,0.4016602635383606,,
259,10659,,,,,1.3125622272491455,0.37151435017585754
259,10659,,,1.1506528854370117,0.42265260219573975,,
260,10700,,,,,1.3125746250152588,0.3709293305873871
260,10700,,,1.1475192308425903,0.44497251510620117,,
261,10741,,,,,1.3165251016616821,0.37142810225486755
261,10741,,,1.1601150035858154,0.3804702162742615,,
262,10782,,,,,1.3104560375213623,0.3743358850479126
262,10782,,,1.179427981376648,0.4330899715423584,,
263,10823,,,,,1.318509578704834,0.3706192076206207
263,10823,,,1.15549898147583,0.41624605655670166,,
264,10864,,,,,1.3099364042282104,0.37509509921073914
264,10864,,,1.1415197849273682,0.3977792263031006,,
265,10905,,,,,1.318493127822876,0.3754104971885681
265,10905,,,1.1856555938720703,0.42509138584136963,,
266,10946,,,,,1.3117271661758423,0.37727612257003784
266,10946,,,1.1584599018096924,0.4035111367702484,,
267,10987,,,,,1.3192625045776367,0.37401095032691956
267,10987,,,1.1838183403015137,0.38688498735427856,,
268,11028,,,,,1.3061002492904663,0.37653908133506775
268,11028,,,1.1186679601669312,0.4613821804523468,,
269,11069,,,,,1.3082690238952637,0.3761289715766907
269,11069,,,1.1390306949615479,0.4673213064670563,,
270,11110,,,,,1.3165255784988403,0.3723742365837097
270,11110,,,1.1611847877502441,0.4484376609325409,,
271,11151,,,,,1.3258455991744995,0.37023794651031494
271,11151,,,1.1620709896087646,0.4369933307170868,,
272,11192,,,,,1.3258731365203857,0.3703889548778534
272,11192,,,1.1498640775680542,0.382688045501709,,
273,11233,,,,,1.3129290342330933,0.37362906336784363
273,11233,,,1.1286413669586182,0.43394729495048523,,
274,11274,,,,,1.3271273374557495,0.3695167303085327
274,11274,,,1.1378250122070312,0.4123079776763916,,
275,11315,,,,,1.3193622827529907,0.37178733944892883
275,11315,,,1.1419419050216675,0.42837390303611755,,
276,11356,,,,,1.3031179904937744,0.3759048581123352
276,11356,,,1.0906307697296143,0.5056113004684448,,
277,11397,,,,,1.3137791156768799,0.37653154134750366
277,11397,,,1.1540696620941162,0.41277721524238586,,
278,11438,,,,,1.3085819482803345,0.37974920868873596
278,11438,,,1.1495020389556885,0.42253702878952026,,
279,11479,,,,,1.3112139701843262,0.3772408068180084
279,11479,,,1.1354485750198364,0.4352134168148041,,
280,11520,,,,,1.306722640991211,0.3800346553325653
280,11520,,,1.1419668197631836,0.43050962686538696,,
281,11561,,,,,1.3118816614151,0.3780701756477356
281,11561,,,1.185032606124878,0.4243263602256775,,
282,11602,,,,,1.313908576965332,0.37893080711364746
282,11602,,,1.1532071828842163,0.4343644976615906,,
283,11643,,,,,1.3156933784484863,0.37765511870384216
283,11643,,,1.1588785648345947,0.4027433693408966,,
284,11684,,,,,1.3235212564468384,0.37634357810020447
284,11684,,,1.1476980447769165,0.3923855721950531,,
285,11725,,,,,1.3171648979187012,0.37612468004226685
285,11725,,,1.1479986906051636,0.4361552596092224,,
286,11766,,,,,1.3162906169891357,0.3754361569881439
286,11766,,,1.1509002447128296,0.38546663522720337,,
287,11807,,,,,1.3144993782043457,0.37299293279647827
287,11807,,,1.1525886058807373,0.41214144229888916,,
288,11848,,,,,1.314408779144287,0.3728640079498291
288,11848,,,1.1412737369537354,0.42519012093544006,,
289,11889,,,,,1.3174320459365845,0.3741956651210785
289,11889,,,1.1412321329116821,0.43399107456207275,,
290,11930,,,,,1.308544397354126,0.37710273265838623
290,11930,,,1.1516813039779663,0.44640499353408813,,
291,11971,,,,,1.312760353088379,0.3783731162548065
291,11971,,,1.1771519184112549,0.40679118037223816,,
292,12012,,,,,1.3171582221984863,0.3735707104206085
292,12012,,,1.1745226383209229,0.37380319833755493,,
293,12053,,,,,1.3112925291061401,0.37491342425346375
293,12053,,,1.1584351062774658,0.45077091455459595,,
294,12094,,,,,1.318806767463684,0.3700864017009735
294,12094,,,1.1388105154037476,0.4369505047798157,,
295,12135,,,,,1.310430884361267,0.37311169505119324
295,12135,,,1.1445090770721436,0.4092642068862915,,
296,12176,,,,,1.2992647886276245,0.37688738107681274
296,12176,,,1.1125293970108032,0.45215365290641785,,
297,12217,,,,,1.3174141645431519,0.36870700120925903
297,12217,,,1.1302297115325928,0.4365093410015106,,
298,12258,,,,,1.321475863456726,0.3713650107383728
298,12258,,,1.149248480796814,0.4379156231880188,,
299,12299,,,,,1.3095221519470215,0.3735036253929138
299,12299,,,1.1623351573944092,0.43543121218681335,,
300,12340,,,,,1.304345726966858,0.37644821405410767
300,12340,,,1.151473879814148,0.4284994900226593,,
301,12381,,,,,1.30367910861969,0.3751416504383087
301,12381,,,1.144232988357544,0.44963744282722473,,
302,12422,,,,,1.3035023212432861,0.37674790620803833
302,12422,,,1.1388462781906128,0.43616968393325806,,
303,12463,,,,,1.3108359575271606,0.3736778795719147
303,12463,,,1.1553382873535156,0.43315425515174866,,
304,12504,,,,,1.3131836652755737,0.3748020529747009
304,12504,,,1.144116997718811,0.45152050256729126,,
305,12545,,,,,1.3159098625183105,0.3747599422931671
305,12545,,,1.1772634983062744,0.3988271653652191,,
306,12586,,,,,1.3111149072647095,0.3779411315917969
306,12586,,,1.1356443166732788,0.400718629360199,,
307,12627,,,,,1.3072059154510498,0.3816095292568207
307,12627,,,1.1552069187164307,0.42704010009765625,,
308,12668,,,,,1.3095901012420654,0.38218727707862854
308,12668,,,1.172141432762146,0.39153602719306946,,
309,12709,,,,,1.309799075126648,0.38052859902381897
309,12709,,,1.1695294380187988,0.41712304949760437,,
310,12750,,,,,1.3115246295928955,0.38023146986961365
310,12750,,,1.1548961400985718,0.4266548156738281,,
311,12791,,,,,1.3027585744857788,0.38104474544525146
311,12791,,,1.1542102098464966,0.40502944588661194,,
312,12832,,,,,1.3127321004867554,0.37671518325805664
312,12832,,,1.1529204845428467,0.42322638630867004,,
313,12873,,,,,1.3052400350570679,0.3792058527469635
313,12873,,,1.179166316986084,0.4177156388759613,,
314,12914,,,,,1.308485507965088,0.37907955050468445
314,12914,,,1.133707880973816,0.439399391412735,,
315,12955,,,,,1.3093005418777466,0.37877917289733887
315,12955,,,1.1556042432785034,0.4304802715778351,,
316,12996,,,,,1.2972257137298584,0.38518068194389343
316,12996,,,1.1507703065872192,0.4430028796195984,,
317,13037,,,,,1.3057961463928223,0.3822340667247772
317,13037,,,1.1295047998428345,0.4491458535194397,,
318,13078,,,,,1.3069711923599243,0.38258305191993713
318,13078,,,1.1344996690750122,0.4525911808013916,,
319,13119,,,,,1.3069484233856201,0.38326728343963623
319,13119,,,1.134497880935669,0.44194820523262024,,
320,13160,,,,,1.3097747564315796,0.3826051652431488
320,13160,,,1.1542083024978638,0.4532632529735565,,
321,13201,,,,,1.3005701303482056,0.3831753432750702
321,13201,,,1.1473770141601562,0.46451541781425476,,
322,13242,,,,,1.3036996126174927,0.38483941555023193
322,13242,,,1.1390429735183716,0.46297821402549744,,
323,13283,,,,,1.3027369976043701,0.38727110624313354
323,13283,,,1.1464279890060425,0.4634881913661957,,
324,13324,,,,,1.2994322776794434,0.38866135478019714
324,13324,,,1.1398147344589233,0.43476545810699463,,
325,13365,,,,,1.3171679973602295,0.38210946321487427
325,13365,,,1.1282340288162231,0.4340725541114807,,
326,13406,,,,,1.3081609010696411,0.3830827474594116
326,13406,,,1.1162809133529663,0.4680730402469635,,
327,13447,,,,,1.3174580335617065,0.3775551915168762
327,13447,,,1.1560717821121216,0.42624571919441223,,
328,13488,,,,,1.318307876586914,0.3799244463443756
328,13488,,,1.1206494569778442,0.48366305232048035,,
329,13529,,,,,1.3118306398391724,0.3831842243671417
329,13529,,,1.1258586645126343,0.46132591366767883,,
330,13570,,,,,1.3146330118179321,0.38214415311813354
330,13570,,,1.1304935216903687,0.428013414144516,,
331,13611,,,,,1.3155382871627808,0.382479190826416
331,13611,,,1.183111548423767,0.4497080445289612,,
332,13652,,,,,1.314056396484375,0.38175633549690247
332,13652,,,1.1256827116012573,0.4224192798137665,,
333,13693,,,,,1.3080095052719116,0.3833369314670563
333,13693,,,1.1439402103424072,0.42569270730018616,,
334,13734,,,,,1.3041377067565918,0.3842383623123169
334,13734,,,1.140033483505249,0.448201984167099,,
335,13775,,,,,1.3063836097717285,0.3836567997932434
335,13775,,,1.1511809825897217,0.4265279173851013,,
336,13816,,,,,1.31398606300354,0.3814384639263153
336,13816,,,1.1581751108169556,0.44176483154296875,,
337,13857,,,,,1.3008192777633667,0.3826788365840912
337,13857,,,1.1195464134216309,0.4426823556423187,,
338,13898,,,,,1.3025002479553223,0.3791699707508087
338,13898,,,1.1386706829071045,0.4129052460193634,,
339,13939,,,,,1.3062673807144165,0.377128928899765
339,13939,,,1.1822097301483154,0.42709144949913025,,
340,13980,,,,,1.3103346824645996,0.3759407699108124
340,13980,,,1.1362828016281128,0.41527631878852844,,
341,14021,,,,,1.3096165657043457,0.378289133310318
341,14021,,,1.1614910364151,0.4191714823246002,,
342,14062,,,,,1.3041338920593262,0.381348192691803
342,14062,,,1.143519639968872,0.4461708664894104,,
343,14103,,,,,1.3088852167129517,0.3801172971725464
343,14103,,,1.1575225591659546,0.39602380990982056,,
344,14144,,,,,1.3093432188034058,0.3837681710720062
344,14144,,,1.1282461881637573,0.41330552101135254,,
345,14185,,,,,1.3112319707870483,0.384198933839798
345,14185,,,1.1685130596160889,0.4305708706378937,,
346,14226,,,,,1.3131071329116821,0.382839173078537
346,14226,,,1.1338908672332764,0.459410697221756,,
347,14267,,,,,1.3044682741165161,0.3853260576725006
347,14267,,,1.1647125482559204,0.4132271409034729,,
348,14308,,,,,1.2993292808532715,0.3861508369445801
348,14308,,,1.1578809022903442,0.43782857060432434,,
349,14349,,,,,1.3103193044662476,0.38487952947616577
349,14349,,,1.1639430522918701,0.42705202102661133,,
350,14390,,,,,1.3007160425186157,0.3889945149421692
350,14390,,,1.1567367315292358,0.41743549704551697,,
351,14431,,,,,1.3054084777832031,0.3858304023742676
351,14431,,,1.1520137786865234,0.4238235056400299,,
352,14472,,,,,1.3079406023025513,0.3875848948955536
352,14472,,,1.1649901866912842,0.43403947353363037,,
353,14513,,,,,1.3163456916809082,0.3835700452327728
353,14513,,,1.1399834156036377,0.41935861110687256,,
354,14554,,,,,1.3040963411331177,0.3911363482475281
354,14554,,,1.1681851148605347,0.4163917303085327,,
355,14595,,,,,1.3111878633499146,0.3897459805011749
355,14595,,,1.122863531112671,0.4444775879383087,,
356,14636,,,,,1.3076506853103638,0.3908711075782776
356,14636,,,1.1211957931518555,0.45103082060813904,,
357,14677,,,,,1.3090215921401978,0.38702264428138733
357,14677,,,1.124032974243164,0.44089457392692566,,
358,14718,,,,,1.3008770942687988,0.3872721493244171
358,14718,,,1.130003809928894,0.43969619274139404,,
359,14759,,,,,1.3023730516433716,0.38696444034576416
359,14759,,,1.129130482673645,0.45177581906318665,,
360,14800,,,,,1.3076504468917847,0.3878025710582733
360,14800,,,1.1484965085983276,0.42256373167037964,,
361,14841,,,,,1.307992935180664,0.3887982666492462
361,14841,,,1.1656749248504639,0.42313069105148315,,
362,14882,,,,,1.3063271045684814,0.38686850666999817
362,14882,,,1.124075174331665,0.4230010211467743,,
363,14923,,,,,1.3098890781402588,0.3848121166229248
363,14923,,,1.1267650127410889,0.43325531482696533,,
364,14964,,,,,1.3134535551071167,0.3843766748905182
364,14964,,,1.1237587928771973,0.4410216212272644,,
365,15005,,,,,1.3121263980865479,0.38738197088241577
365,15005,,,1.128174901008606,0.4657151401042938,,
366,15046,,,,,1.307493805885315,0.38805410265922546
366,15046,,,1.1304157972335815,0.4486197829246521,,
367,15087,,,,,1.2959833145141602,0.3930217921733856
367,15087,,,1.127763271331787,0.46754753589630127,,
368,15128,,,,,1.2980228662490845,0.39081764221191406
368,15128,,,1.141552209854126,0.43550264835357666,,
369,15169,,,,,1.3144943714141846,0.3853413462638855
369,15169,,,1.1430495977401733,0.43929463624954224,,
370,15210,,,,,1.3018518686294556,0.3900849223136902
370,15210,,,1.1402314901351929,0.4309481680393219,,
371,15251,,,,,1.3005801439285278,0.3919214606285095
371,15251,,,1.1408931016921997,0.4535598158836365,,
372,15292,,,,,1.3124045133590698,0.38438841700553894
372,15292,,,1.1302340030670166,0.45873957872390747,,
373,15333,,,,,1.3110949993133545,0.38342300057411194
373,15333,,,1.1307100057601929,0.41093701124191284,,
374,15374,,,,,1.2994526624679565,0.3864862024784088
374,15374,,,1.1268585920333862,0.4779629111289978,,
375,15415,,,,,1.3004155158996582,0.38290661573410034
375,15415,,,1.1239992380142212,0.4628858268260956,,
376,15456,,,,,1.3148622512817383,0.37707361578941345
376,15456,,,1.127463936805725,0.46748876571655273,,
377,15497,,,,,1.3146981000900269,0.3801422715187073
377,15497,,,1.1669436693191528,0.4227035343647003,,
378,15538,,,,,1.3179720640182495,0.3817412555217743
378,15538,,,1.1567214727401733,0.44913673400878906,,
379,15579,,,,,1.3077013492584229,0.3843422532081604
379,15579,,,1.1555116176605225,0.4496510624885559,,
380,15620,,,,,1.3001664876937866,0.3872886896133423
380,15620,,,1.1511529684066772,0.4306063652038574,,
381,15661,,,,,1.3063477277755737,0.3905767500400543
381,15661,,,1.1215364933013916,0.4357834458351135,,
382,15702,,,,,1.3029311895370483,0.39258384704589844
382,15702,,,1.1281194686889648,0.4385353624820709,,
383,15743,,,,,1.2940406799316406,0.3949992060661316
383,15743,,,1.1406222581863403,0.4677084982395172,,
384,15784,,,,,1.2910579442977905,0.39491528272628784
384,15784,,,1.1403573751449585,0.45188531279563904,,
385,15825,,,,,1.3050665855407715,0.38947659730911255
385,15825,,,1.1396942138671875,0.4347969591617584,,
386,15866,,,,,1.3095645904541016,0.38733506202697754
386,15866,,,1.14398193359375,0.4538258910179138,,
387,15907,,,,,1.301080346107483,0.38849326968193054
387,15907,,,1.0994492769241333,0.47204479575157166,,
388,15948,,,,,1.2985970973968506,0.3903941512107849
388,15948,,,1.1214711666107178,0.4285823106765747,,
389,15989,,,,,1.3147886991500854,0.3858739733695984
389,15989,,,1.1585088968276978,0.4449814558029175,,
390,16030,,,,,1.307808518409729,0.3887682855129242
390,16030,,,1.154089093208313,0.4373193681240082,,
391,16071,,,,,1.2967547178268433,0.3922293186187744
391,16071,,,1.1318861246109009,0.4461900591850281,,
392,16112,,,,,1.3008863925933838,0.39182955026626587
392,16112,,,1.1143025159835815,0.42875856161117554,,
393,16153,,,,,1.3013418912887573,0.39287465810775757
393,16153,,,1.1403576135635376,0.4444504678249359,,
394,16194,,,,,1.3057829141616821,0.39559289813041687
394,16194,,,1.1500810384750366,0.435066282749176,,
395,16235,,,,,1.3061506748199463,0.3917604982852936
395,16235,,,1.123375415802002,0.4281464219093323,,
396,16276,,,,,1.3065578937530518,0.3923857808113098
396,16276,,,1.1295733451843262,0.4264867305755615,,
397,16317,,,,,1.2972263097763062,0.3985384404659271
397,16317,,,1.1415318250656128,0.46566280722618103,,
398,16358,,,,,1.2942070960998535,0.3990602493286133
398,16358,,,1.1193193197250366,0.48095008730888367,,
399,16399,,,,,1.2842527627944946,0.4014855921268463
399,16399,,,1.1064872741699219,0.46959447860717773,,
400,16440,,,,,1.2984263896942139,0.39824333786964417
400,16440,,,1.1612820625305176,0.4181579351425171,,
401,16481,,,,,1.3037470579147339,0.397516131401062
401,16481,,,1.1057727336883545,0.4410657286643982,,
402,16522,,,,,1.2770408391952515,0.40287119150161743
402,16522,,,1.1245530843734741,0.45657864212989807,,
403,16563,,,,,1.2942970991134644,0.3969790041446686
403,16563,,,1.1486091613769531,0.43289974331855774,,
404,16604,,,,,1.297581672668457,0.39616116881370544
404,16604,,,1.1370859146118164,0.44832801818847656,,
405,16645,,,,,1.2951655387878418,0.39867234230041504
405,16645,,,1.153795599937439,0.43106529116630554,,
406,16686,,,,,1.303176760673523,0.3965688943862915
406,16686,,,1.1501258611679077,0.4506860077381134,,
407,16727,,,,,1.2930970191955566,0.4023526608943939
407,16727,,,1.143544316291809,0.4265078008174896,,
408,16768,,,,,1.2969034910202026,0.40067413449287415
408,16768,,,1.1054972410202026,0.4536210000514984,,
409,16809,,,,,1.2978870868682861,0.4033876955509186
409,16809,,,1.1538732051849365,0.44701263308525085,,
410,16850,,,,,1.2990409135818481,0.4018010199069977
410,16850,,,1.093934178352356,0.48576030135154724,,
411,16891,,,,,1.3034405708312988,0.3995697796344757
411,16891,,,1.1339685916900635,0.46601003408432007,,
412,16932,,,,,1.297511100769043,0.3983456790447235
412,16932,,,1.1452668905258179,0.4381488561630249,,
413,16973,,,,,1.3026034832000732,0.39728960394859314
413,16973,,,1.1030584573745728,0.44522717595100403,,
414,17014,,,,,1.2955968379974365,0.3986843228340149
414,17014,,,1.1566495895385742,0.4377729296684265,,
415,17055,,,,,1.2919880151748657,0.39850789308547974
415,17055,,,1.1794984340667725,0.43354475498199463,,
416,17096,,,,,1.2992863655090332,0.3988526165485382
416,17096,,,1.1586790084838867,0.4039264917373657,,
417,17137,,,,,1.2866599559783936,0.4025867283344269
417,17137,,,1.1303863525390625,0.47862228751182556,,
418,17178,,,,,1.296264410018921,0.3970041275024414
418,17178,,,1.1326320171356201,0.46008601784706116,,
419,17219,,,,,1.3084677457809448,0.3958034813404083
419,17219,,,1.116141676902771,0.43774595856666565,,
420,17260,,,,,1.3031260967254639,0.39646822214126587
420,17260,,,1.1212033033370972,0.44531241059303284,,
421,17301,,,,,1.2933117151260376,0.3960810899734497
421,17301,,,1.1201063394546509,0.46331048011779785,,
422,17342,,,,,1.2880502939224243,0.3985643982887268
422,17342,,,1.1588387489318848,0.4553786814212799,,
423,17383,,,,,1.291305661201477,0.39687246084213257
423,17383,,,1.1367921829223633,0.4723065197467804,,
424,17424,,,,,1.289307713508606,0.4007607102394104
424,17424,,,1.1371878385543823,0.4530602991580963,,
425,17465,,,,,1.293442726135254,0.40185028314590454
425,17465,,,1.1431424617767334,0.4192255139350891,,
426,17506,,,,,1.2940454483032227,0.40415138006210327
426,17506,,,1.136947751045227,0.46592238545417786,,
427,17547,,,,,1.295902967453003,0.403401255607605
427,17547,,,1.1309278011322021,0.45282262563705444,,
428,17588,,,,,1.2949331998825073,0.4031764268875122
428,17588,,,1.112026333808899,0.4634491205215454,,
429,17629,,,,,1.2959561347961426,0.4037030339241028
429,17629,,,1.1193594932556152,0.4377177655696869,,
430,17670,,,,,1.2970551252365112,0.40529537200927734
430,17670,,,1.11540687084198,0.44883859157562256,,
431,17711,,,,,1.2893366813659668,0.40576720237731934
431,17711,,,1.1216211318969727,0.44140517711639404,,
432,17752,,,,,1.288473129272461,0.4041547179222107
432,17752,,,1.1447412967681885,0.43744221329689026,,
433,17793,,,,,1.2790806293487549,0.40534693002700806
433,17793,,,1.1440784931182861,0.44362691044807434,,
434,17834,,,,,1.296594262123108,0.4030221402645111
434,17834,,,1.1365091800689697,0.4664349853992462,,
435,17875,,,,,1.293766975402832,0.3993464410305023
435,17875,,,1.1010651588439941,0.4455760419368744,,
436,17916,,,,,1.2918057441711426,0.4007696211338043
436,17916,,,1.1282459497451782,0.4478965997695923,,
437,17957,,,,,1.2928450107574463,0.3985340893268585
437,17957,,,1.1548069715499878,0.46535658836364746,,
438,17998,,,,,1.2938356399536133,0.39866095781326294
438,17998,,,1.1334642171859741,0.5023912787437439,,
439,18039,,,,,1.2929325103759766,0.4016113579273224
439,18039,,,1.1442539691925049,0.42538800835609436,,
440,18080,,,,,1.2878260612487793,0.40605854988098145
440,18080,,,1.1167525053024292,0.4162188768386841,,
441,18121,,,,,1.2926816940307617,0.4036555588245392
441,18121,,,1.1528043746948242,0.4575871229171753,,
442,18162,,,,,1.2960642576217651,0.40449896454811096
442,18162,,,1.1396119594573975,0.4416073262691498,,
443,18203,,,,,1.2857580184936523,0.40550196170806885
443,18203,,,1.1633527278900146,0.4523445665836334,,
444,18244,,,,,1.2867666482925415,0.40286359190940857
444,18244,,,1.158488392829895,0.4255644679069519,,
445,18285,,,,,1.2975481748580933,0.3988354206085205
445,18285,,,1.1501997709274292,0.4686903953552246,,
446,18326,,,,,1.293086290359497,0.3991372585296631
446,18326,,,1.114619493484497,0.4688788652420044,,
447,18367,,,,,1.2952746152877808,0.39858168363571167
447,18367,,,1.1493198871612549,0.46085309982299805,,
448,18408,,,,,1.2867554426193237,0.40030330419540405
448,18408,,,1.1352282762527466,0.4849456250667572,,
449,18449,,,,,1.2887622117996216,0.39958176016807556
449,18449,,,1.1297374963760376,0.41913852095603943,,
450,18490,,,,,1.2897413969039917,0.40095964074134827
450,18490,,,1.1445691585540771,0.43652358651161194,,
451,18531,,,,,1.2910139560699463,0.3963973820209503
451,18531,,,1.148761510848999,0.4386398494243622,,
452,18572,,,,,1.2958840131759644,0.3942718505859375
452,18572,,,1.1670691967010498,0.42329034209251404,,
453,18613,,,,,1.2970930337905884,0.39647987484931946
453,18613,,,1.1236357688903809,0.4402305781841278,,
454,18654,,,,,1.285441517829895,0.40420448780059814
454,18654,,,1.1301567554473877,0.4706393778324127,,
455,18695,,,,,1.289317011833191,0.40123218297958374
455,18695,,,1.123845100402832,0.47317996621131897,,
456,18736,,,,,1.2884176969528198,0.40147343277931213
456,18736,,,1.1340546607971191,0.4445974826812744,,
457,18777,,,,,1.289397120475769,0.4028306007385254
457,18777,,,1.128246784210205,0.46325767040252686,,
458,18818,,,,,1.2808955907821655,0.4069631099700928
458,18818,,,1.1221137046813965,0.42832615971565247,,
459,18859,,,,,1.2824054956436157,0.404931902885437
459,18859,,,1.1203510761260986,0.45012640953063965,,
460,18900,,,,,1.2850141525268555,0.4040473997592926
460,18900,,,1.1003632545471191,0.4266057014465332,,
461,18941,,,,,1.2935513257980347,0.40111061930656433
461,18941,,,1.1143627166748047,0.4374106228351593,,
462,18982,,,,,1.2866325378417969,0.4008786678314209
462,18982,,,1.1377665996551514,0.46722671389579773,,
463,19023,,,,,1.296951174736023,0.3980502784252167
463,19023,,,1.1519533395767212,0.44567716121673584,,
464,19064,,,,,1.2952138185501099,0.3983698785305023
464,19064,,,1.0842113494873047,0.4705375134944916,,
465,19105,,,,,1.2983973026275635,0.3964333236217499
465,19105,,,1.116776704788208,0.45624029636383057,,
466,19146,,,,,1.28752863407135,0.3997900187969208
466,19146,,,1.1375833749771118,0.45654523372650146,,
467,19187,,,,,1.294407606124878,0.39704737067222595
467,19187,,,1.1035243272781372,0.5019906759262085,,
468,19228,,,,,1.2901787757873535,0.4002004861831665
468,19228,,,1.1440858840942383,0.42275410890579224,,
469,19269,,,,,1.2964295148849487,0.4017702341079712
469,19269,,,1.1212526559829712,0.4248671233654022,,
470,19310,,,,,1.2949899435043335,0.399351567029953
470,19310,,,1.1100693941116333,0.4620777368545532,,
471,19351,,,,,1.2924106121063232,0.4016072154045105
471,19351,,,1.0974434614181519,0.4748898148536682,,
472,19392,,,,,1.2931393384933472,0.40119677782058716
472,19392,,,1.1173806190490723,0.4515734016895294,,
473,19433,,,,,1.2880330085754395,0.4032937288284302
473,19433,,,1.111998438835144,0.4604555368423462,,
474,19474,,,,,1.291502833366394,0.400103360414505
474,19474,,,1.1107964515686035,0.47380679845809937,,
475,19515,,,,,1.2876174449920654,0.3998214304447174
475,19515,,,1.1377376317977905,0.4546012282371521,,
476,19556,,,,,1.2876157760620117,0.4004809260368347
476,19556,,,1.1270054578781128,0.44809430837631226,,
477,19597,,,,,1.2897039651870728,0.4004630744457245
477,19597,,,1.111021876335144,0.48439234495162964,,
478,19638,,,,,1.2786223888397217,0.4057706594467163
478,19638,,,1.121947169303894,0.47200027108192444,,
479,19679,,,,,1.2849452495574951,0.40392136573791504
479,19679,,,1.127496600151062,0.4604474902153015,,
480,19720,,,,,1.2898651361465454,0.4021737277507782
480,19720,,,1.0606034994125366,0.52895587682724,,
481,19761,,,,,1.2881646156311035,0.4016680419445038
481,19761,,,1.1062124967575073,0.46713581681251526,,
482,19802,,,,,1.2969626188278198,0.39941075444221497
482,19802,,,1.1434756517410278,0.44390979409217834,,
483,19843,,,,,1.2902823686599731,0.40294238924980164
483,19843,,,1.1525386571884155,0.43566495180130005,,
484,19884,,,,,1.2883491516113281,0.39957883954048157
484,19884,,,1.1223293542861938,0.4510529637336731,,
485,19925,,,,,1.285889983177185,0.39912304282188416
485,19925,,,1.133331060409546,0.463683158159256,,
486,19966,,,,,1.2879600524902344,0.3976984918117523
486,19966,,,1.1586579084396362,0.42830342054367065,,
487,20007,,,,,1.2909764051437378,0.39815378189086914
487,20007,,,1.134643316268921,0.4749867618083954,,
488,20048,,,,,1.2922738790512085,0.39763909578323364
488,20048,,,1.1150169372558594,0.46770334243774414,,
489,20089,,,,,1.2967571020126343,0.39844661951065063
489,20089,,,1.1332849264144897,0.45548057556152344,,
490,20130,,,,,1.2938809394836426,0.39945507049560547
490,20130,,,1.1163980960845947,0.4483173191547394,,
491,20171,,,,,1.2927813529968262,0.3990107774734497
491,20171,,,1.149770975112915,0.4449731707572937,,
492,20212,,,,,1.2902899980545044,0.39972177147865295
492,20212,,,1.1196616888046265,0.4722653329372406,,
493,20253,,,,,1.2853026390075684,0.40234139561653137
493,20253,,,1.1417549848556519,0.4403126537799835,,
494,20294,,,,,1.2871228456497192,0.40317150950431824
494,20294,,,1.0968354940414429,0.48982107639312744,,
495,20335,,,,,1.2914386987686157,0.398447185754776
495,20335,,,1.1226792335510254,0.4807138741016388,,
496,20376,,,,,1.2967723608016968,0.3934798240661621
496,20376,,,1.1236801147460938,0.4659079909324646,,
497,20417,,,,,1.29764723777771,0.39171335101127625
497,20417,,,1.1240384578704834,0.46941837668418884,,
498,20458,,,,,1.2919336557388306,0.39598870277404785
498,20458,,,1.1152325868606567,0.49054309725761414,,
499,20499,,,,,1.2936787605285645,0.3956804573535919
499,20499,,,1.1377781629562378,0.4784196615219116,,
500,20540,,,,,1.2842533588409424,0.39941930770874023
500,20540,,,1.1222662925720215,0.47065269947052,,
501,20581,,,,,1.29092276096344,0.40057864785194397
501,20581,,,1.1003764867782593,0.45869696140289307,,
502,20622,,,,,1.2867140769958496,0.4065183699131012
502,20622,,,1.1484136581420898,0.4307294189929962,,
503,20663,,,,,1.2861759662628174,0.40578874945640564
503,20663,,,1.1026591062545776,0.43908053636550903,,
504,20704,,,,,1.2945177555084229,0.4035499393939972
504,20704,,,1.1052042245864868,0.5029308795928955,,
505,20745,,,,,1.2944985628128052,0.39849352836608887
505,20745,,,1.123788833618164,0.5059607625007629,,
506,20786,,,,,1.2862484455108643,0.4021958112716675
506,20786,,,1.1143008470535278,0.4709974527359009,,
507,20827,,,,,1.2902610301971436,0.4024302363395691
507,20827,,,1.1142940521240234,0.47291645407676697,,
508,20868,,,,,1.2933106422424316,0.4016411304473877
508,20868,,,1.083446741104126,0.48100587725639343,,
509,20909,,,,,1.2929829359054565,0.4026143550872803
509,20909,,,1.1121031045913696,0.5005155205726624,,
510,20950,,,,,1.2856330871582031,0.406411737203598
510,20950,,,1.1246145963668823,0.4851362109184265,,
511,20991,,,,,1.2866871356964111,0.4059339761734009
511,20991,,,1.1278696060180664,0.44728368520736694,,
512,21032,,,,,1.275278091430664,0.4088737964630127
512,21032,,,1.1319870948791504,0.4707212746143341,,
513,21073,,,,,1.279116153717041,0.40646612644195557
513,21073,,,1.1388496160507202,0.4707384407520294,,
514,21114,,,,,1.291244387626648,0.4030292332172394
514,21114,,,1.150809645652771,0.4362572431564331,,
515,21155,,,,,1.2863763570785522,0.40767356753349304
515,21155,,,1.1022450923919678,0.4768112897872925,,
516,21196,,,,,1.2830768823623657,0.40553075075149536
516,21196,,,1.0850201845169067,0.5043023228645325,,
517,21237,,,,,1.2845261096954346,0.4040985107421875
517,21237,,,1.1154980659484863,0.473861426115036,,
518,21278,,,,,1.2941768169403076,0.4035334289073944
518,21278,,,1.1141971349716187,0.4769819378852844,,
519,21319,,,,,1.2898147106170654,0.405311644077301
519,21319,,,1.144120693206787,0.45703089237213135,,
520,21360,,,,,1.283203363418579,0.4061678647994995
520,21360,,,1.136181116104126,0.48251691460609436,,
521,21401,,,,,1.2884987592697144,0.4072810709476471
521,21401,,,1.1142393350601196,0.45756515860557556,,
522,21442,,,,,1.2854129076004028,0.4078047275543213
522,21442,,,1.141247272491455,0.44288143515586853,,
523,21483,,,,,1.2838491201400757,0.40982091426849365
523,21483,,,1.1195454597473145,0.4602334201335907,,
524,21524,,,,,1.2802790403366089,0.4120503067970276
524,21524,,,1.1296240091323853,0.4333875775337219,,
525,21565,,,,,1.2814216613769531,0.4125961363315582
525,21565,,,1.1200894117355347,0.4540025591850281,,
526,21606,,,,,1.281891107559204,0.40951842069625854
526,21606,,,1.0972535610198975,0.4712662696838379,,
527,21647,,,,,1.2788596153259277,0.411615252494812
527,21647,,,1.1346555948257446,0.4641011953353882,,
528,21688,,,,,1.2795957326889038,0.41143378615379333
528,21688,,,1.1181079149246216,0.4936244785785675,,
529,21729,,,,,1.2830615043640137,0.4135722517967224
529,21729,,,1.1232513189315796,0.4985004663467407,,
530,21770,,,,,1.2820918560028076,0.41251111030578613
530,21770,,,1.1280605792999268,0.49520343542099,,
531,21811,,,,,1.2844406366348267,0.41311734914779663
531,21811,,,1.1102168560028076,0.4499336779117584,,
532,21852,,,,,1.2875128984451294,0.4129186272621155
532,21852,,,1.0928995609283447,0.5407963991165161,,
533,21893,,,,,1.279316782951355,0.41284871101379395
533,21893,,,1.0843514204025269,0.503642737865448,,
534,21934,,,,,1.279759168624878,0.413105845451355
534,21934,,,1.1146999597549438,0.44047921895980835,,
535,21975,,,,,1.2883222103118896,0.4117458760738373
535,21975,,,1.0811009407043457,0.48222407698631287,,
536,22016,,,,,1.2807977199554443,0.41022995114326477
536,22016,,,1.1205133199691772,0.4969078600406647,,
537,22057,,,,,1.282174825668335,0.4079478085041046
537,22057,,,1.1363565921783447,0.48879384994506836,,
538,22098,,,,,1.2783403396606445,0.4090921878814697
538,22098,,,1.1232531070709229,0.5075224041938782,,
539,22139,,,,,1.2803183794021606,0.40847381949424744
539,22139,,,1.1175239086151123,0.49142056703567505,,
540,22180,,,,,1.283058524131775,0.4101972281932831
540,22180,,,1.1008014678955078,0.4628734588623047,,
541,22221,,,,,1.27925443649292,0.41357317566871643
541,22221,,,1.1115015745162964,0.47547465562820435,,
542,22262,,,,,1.2898591756820679,0.40875789523124695
542,22262,,,1.1164759397506714,0.46902182698249817,,
543,22303,,,,,1.2815263271331787,0.41072145104408264
543,22303,,,1.128586769104004,0.48115748167037964,,
544,22344,,,,,1.2817091941833496,0.41115888953208923
544,22344,,,1.117483139038086,0.4506414532661438,,
545,22385,,,,,1.2808499336242676,0.4113926589488983
545,22385,,,1.1224544048309326,0.47591325640678406,,
546,22426,,,,,1.2767683267593384,0.4145916998386383
546,22426,,,1.0997982025146484,0.4880881905555725,,
547,22467,,,,,1.2753756046295166,0.4162980914115906
547,22467,,,1.1254297494888306,0.4534372389316559,,
548,22508,,,,,1.2746268510818481,0.41701945662498474
548,22508,,,1.1444416046142578,0.48433759808540344,,
549,22549,,,,,1.2782044410705566,0.4120717942714691
549,22549,,,1.100968837738037,0.4945257306098938,,
550,22590,,,,,1.2809394598007202,0.4078935384750366
550,22590,,,1.1108099222183228,0.47329869866371155,,
551,22631,,,,,1.278141736984253,0.4090879261493683
551,22631,,,1.1246180534362793,0.4634813964366913,,
552,22672,,,,,1.2792140245437622,0.40550246834754944
552,22672,,,1.1117700338363647,0.4606582224369049,,
553,22713,,,,,1.2861016988754272,0.4049631357192993
553,22713,,,1.1292881965637207,0.4237460494041443,,
554,22754,,,,,1.2801645994186401,0.4077421724796295
554,22754,,,1.119296669960022,0.4861665666103363,,
555,22795,,,,,1.2824820280075073,0.40871334075927734
555,22795,,,1.0873233079910278,0.5016101002693176,,
556,22836,,,,,1.2869021892547607,0.4073529541492462
556,22836,,,1.1143758296966553,0.46542274951934814,,
557,22877,,,,,1.273219347000122,0.4122987985610962
557,22877,,,1.0934478044509888,0.5136341452598572,,
558,22918,,,,,1.273781180381775,0.41235458850860596
558,22918,,,1.1507278680801392,0.45735326409339905,,
559,22959,,,,,1.2825441360473633,0.41218075156211853
559,22959,,,1.1217687129974365,0.4573865830898285,,
560,23000,,,,,1.2708399295806885,0.4142972528934479
560,23000,,,1.1400285959243774,0.46956270933151245,,
561,23041,,,,,1.2672104835510254,0.4150003492832184
561,23041,,,1.1398711204528809,0.472622275352478,,
562,23082,,,,,1.2677336931228638,0.4137278199195862
562,23082,,,1.143843650817871,0.4807944893836975,,
563,23123,,,,,1.2757186889648438,0.40987834334373474
563,23123,,,1.1505309343338013,0.4446098506450653,,
564,23164,,,,,1.2791413068771362,0.4059992730617523
564,23164,,,1.117611050605774,0.49667322635650635,,
565,23205,,,,,1.2764536142349243,0.4084133207798004
565,23205,,,1.141122817993164,0.45452409982681274,,
566,23246,,,,,1.2748984098434448,0.4096788465976715
566,23246,,,1.092895269393921,0.4817606806755066,,
567,23287,,,,,1.272654414176941,0.4114122688770294
567,23287,,,1.1172724962234497,0.5057321190834045,,
568,23328,,,,,1.2800849676132202,0.40963244438171387
568,23328,,,1.0991530418395996,0.47479164600372314,,
569,23369,,,,,1.2759292125701904,0.41327378153800964
569,23369,,,1.1127541065216064,0.49457940459251404,,
570,23410,,,,,1.2752317190170288,0.4103209674358368
570,23410,,,1.1066710948944092,0.490524023771286,,
571,23451,,,,,1.278469204902649,0.4071667790412903
571,23451,,,1.1265087127685547,0.4830315411090851,,
572,23492,,,,,1.2840248346328735,0.4050285816192627
572,23492,,,1.119322657585144,0.4763789176940918,,
573,23533,,,,,1.2896593809127808,0.40351602435112
573,23533,,,1.1466554403305054,0.4437676966190338,,
574,23574,,,,,1.2838188409805298,0.40409669280052185
574,23574,,,1.1186221837997437,0.4840265214443207,,
575,23615,,,,,1.2802709341049194,0.4044360816478729
575,23615,,,1.1221179962158203,0.42739152908325195,,
576,23656,,,,,1.2801674604415894,0.4064362645149231
576,23656,,,1.1380939483642578,0.4491034746170044,,
577,23697,,,,,1.2786210775375366,0.4062618017196655
577,23697,,,1.1415770053863525,0.47827038168907166,,
578,23738,,,,,1.2725324630737305,0.4075752794742584
578,23738,,,1.1019128561019897,0.4608662724494934,,
579,23779,,,,,1.273138165473938,0.40871354937553406
579,23779,,,1.1139477491378784,0.4439264237880707,,
580,23820,,,,,1.2772819995880127,0.408493310213089
580,23820,,,1.1490633487701416,0.47913631796836853,,
581,23861,,,,,1.2760651111602783,0.40982785820961
581,23861,,,1.0864717960357666,0.47374042868614197,,
582,23902,,,,,1.2772794961929321,0.4107457399368286
582,23902,,,1.131649374961853,0.4815247654914856,,
583,23943,,,,,1.2746638059616089,0.41319411993026733
583,23943,,,1.1081148386001587,0.5069355368614197,,
584,23984,,,,,1.2705624103546143,0.4150030314922333
584,23984,,,1.0875344276428223,0.5167630910873413,,
585,24025,,,,,1.2740761041641235,0.41487443447113037
585,24025,,,1.0840113162994385,0.4845900237560272,,
586,24066,,,,,1.2783844470977783,0.4147861897945404
586,24066,,,1.1074097156524658,0.48963892459869385,,
587,24107,,,,,1.2695943117141724,0.41785353422164917
587,24107,,,1.1000860929489136,0.5031787753105164,,
588,24148,,,,,1.2802914381027222,0.41366925835609436
588,24148,,,1.1339486837387085,0.46258991956710815,,
589,24189,,,,,1.2783805131912231,0.4117358922958374
589,24189,,,1.1161497831344604,0.4670450985431671,,
590,24230,,,,,1.278436303138733,0.4117439091205597
590,24230,,,1.0829614400863647,0.5198324918746948,,
591,24271,,,,,1.27444326877594,0.4148006737232208
591,24271,,,1.0724294185638428,0.4973684251308441,,
592,24312,,,,,1.2790077924728394,0.41296300292015076
592,24312,,,1.1128753423690796,0.49282947182655334,,
593,24353,,,,,1.2801988124847412,0.4150905907154083
593,24353,,,1.1126422882080078,0.4996755123138428,,
594,24394,,,,,1.2731341123580933,0.4162464439868927
594,24394,,,1.1446936130523682,0.44212648272514343,,
595,24435,,,,,1.2846555709838867,0.4120692014694214
595,24435,,,1.098980188369751,0.4917398691177368,,
596,24476,,,,,1.2820831537246704,0.4107970595359802
596,24476,,,1.111465573310852,0.4887172281742096,,
597,24517,,,,,1.2759431600570679,0.4129642844200134
597,24517,,,1.1021863222122192,0.4598229229450226,,
598,24558,,,,,1.2741230726242065,0.4130689799785614
598,24558,,,1.1200037002563477,0.5107510089874268,,
599,24599,,,,,1.274021863937378,0.41282448172569275
599,24599,,,1.0908554792404175,0.4668343663215637,,
600,24640,,,,,1.275197148323059,0.4130200743675232
600,24640,,,1.1105124950408936,0.47875353693962097,,
601,24681,,,,,1.277700424194336,0.41137534379959106
601,24681,,,1.1189638376235962,0.48912736773490906,,
602,24722,,,,,1.2754641771316528,0.41406381130218506
602,24722,,,1.1096174716949463,0.48000848293304443,,
603,24763,,,,,1.277786374092102,0.4145698547363281
603,24763,,,1.0860263109207153,0.470772385597229,,
604,24804,,,,,1.2681031227111816,0.4175717830657959
604,24804,,,1.0737524032592773,0.5048987865447998,,
605,24845,,,,,1.2679622173309326,0.41606441140174866
605,24845,,,1.0945446491241455,0.4726945459842682,,
606,24886,,,,,1.283690094947815,0.41073036193847656
606,24886,,,1.1206363439559937,0.41459763050079346,,
607,24927,,,,,1.2845722436904907,0.41081827878952026
607,24927,,,1.104573369026184,0.5137456059455872,,
608,24968,,,,,1.2749031782150269,0.4150571823120117
608,24968,,,1.1178264617919922,0.4656899571418762,,
609,25009,,,,,1.2772436141967773,0.4153760075569153
609,25009,,,1.1140363216400146,0.4320586621761322,,
610,25050,,,,,1.2775517702102661,0.41534143686294556
610,25050,,,1.1060081720352173,0.5008982419967651,,
611,25091,,,,,1.2776808738708496,0.4175177216529846
611,25091,,,1.1101447343826294,0.47389230132102966,,
612,25132,,,,,1.2718195915222168,0.41893965005874634
612,25132,,,1.1344685554504395,0.5016631484031677,,
613,25173,,,,,1.2742297649383545,0.4191933274269104
613,25173,,,1.0954331159591675,0.46955811977386475,,
614,25214,,,,,1.273377776145935,0.4182751178741455
614,25214,,,1.084601879119873,0.4975852966308594,,
615,25255,,,,,1.2702488899230957,0.41925516724586487
615,25255,,,1.1250150203704834,0.4732528328895569,,
616,25296,,,,,1.2764906883239746,0.41282355785369873
616,25296,,,1.0849636793136597,0.4704113006591797,,
617,25337,,,,,1.270736813545227,0.41463610529899597
617,25337,,,1.1095398664474487,0.5032258629798889,,
618,25378,,,,,1.2724158763885498,0.41352686285972595
618,25378,,,1.1194010972976685,0.48778441548347473,,
619,25419,,,,,1.2775318622589111,0.4130153954029083
619,25419,,,1.1260005235671997,0.4601132571697235,,
620,25460,,,,,1.271466851234436,0.4158268868923187
620,25460,,,1.150038242340088,0.4737555682659149,,
621,25501,,,,,1.273179531097412,0.41617289185523987
621,25501,,,1.1495596170425415,0.4457159638404846,,
622,25542,,,,,1.2684524059295654,0.41822129487991333
622,25542,,,1.117910385131836,0.4810071289539337,,
623,25583,,,,,1.2798632383346558,0.41776347160339355
623,25583,,,1.1154537200927734,0.47728049755096436,,
624,25624,,,,,1.2732207775115967,0.4209992587566376
624,25624,,,1.1118967533111572,0.47041136026382446,,
625,25665,,,,,1.2701022624969482,0.42109236121177673
625,25665,,,1.0687065124511719,0.5212829113006592,,
626,25706,,,,,1.2730942964553833,0.4174076318740845
626,25706,,,1.0960642099380493,0.46939802169799805,,
627,25747,,,,,1.280825138092041,0.41397860646247864
627,25747,,,1.126534104347229,0.489138126373291,,
628,25788,,,,,1.2866427898406982,0.414366215467453
628,25788,,,1.1159605979919434,0.47576597332954407,,
629,25829,,,,,1.2725435495376587,0.4167705774307251
629,25829,,,1.1000951528549194,0.4853537082672119,,
630,25870,,,,,1.2815626859664917,0.4140130579471588
630,25870,,,1.1089941263198853,0.41891488432884216,,
631,25911,,,,,1.2803535461425781,0.41402241587638855
631,25911,,,1.1058752536773682,0.4601399898529053,,
632,25952,,,,,1.2795820236206055,0.4122147262096405
632,25952,,,1.119077444076538,0.4931575059890747,,
633,25993,,,,,1.2774664163589478,0.4160633087158203
633,25993,,,1.1129400730133057,0.444427490234375,,
634,26034,,,,,1.2717077732086182,0.4201130270957947
634,26034,,,1.099402666091919,0.47118908166885376,,
635,26075,,,,,1.270788550376892,0.42185622453689575
635,26075,,,1.1147279739379883,0.4774508476257324,,
636,26116,,,,,1.2625964879989624,0.4256467819213867
636,26116,,,1.1126787662506104,0.48941701650619507,,
637,26157,,,,,1.2746163606643677,0.4232863187789917
637,26157,,,1.1123827695846558,0.47008341550827026,,
638,26198,,,,,1.2765620946884155,0.4218592643737793
638,26198,,,1.1140716075897217,0.4550079107284546,,
639,26239,,,,,1.2793900966644287,0.41856855154037476
639,26239,,,1.1127876043319702,0.49670034646987915,,
640,26280,,,,,1.269857406616211,0.4214053153991699
640,26280,,,1.0955618619918823,0.5162608623504639,,
641,26321,,,,,1.274897813796997,0.4207528233528137
641,26321,,,1.1200246810913086,0.486313134431839,,
642,26362,,,,,1.2619099617004395,0.42441698908805847
642,26362,,,1.109895944595337,0.4791865944862366,,
643,26403,,,,,1.268516182899475,0.42215442657470703
643,26403,,,1.1029306650161743,0.4697887599468231,,
644,26444,,,,,1.2689982652664185,0.41960442066192627
644,26444,,,1.1307752132415771,0.47142693400382996,,
645,26485,,,,,1.2716363668441772,0.4179384708404541
645,26485,,,1.0793668031692505,0.4908292293548584,,
646,26526,,,,,1.2741367816925049,0.4170922040939331
646,26526,,,1.1248151063919067,0.4751986861228943,,
647,26567,,,,,1.2754555940628052,0.41512730717658997
647,26567,,,1.0768074989318848,0.4867071807384491,,
648,26608,,,,,1.2753416299819946,0.41493016481399536
648,26608,,,1.1070114374160767,0.4981570243835449,,
649,26649,,,,,1.2674075365066528,0.41697484254837036
649,26649,,,1.100690245628357,0.48383796215057373,,
650,26690,,,,,1.2743232250213623,0.41886135935783386
650,26690,,,1.1104238033294678,0.49562767148017883,,
651,26731,,,,,1.2771600484848022,0.4188160002231598
651,26731,,,1.1226240396499634,0.46580561995506287,,
652,26772,,,,,1.2767139673233032,0.4172365069389343
652,26772,,,1.1027177572250366,0.4837256968021393,,
653,26813,,,,,1.2767888307571411,0.4156084954738617
653,26813,,,1.1223634481430054,0.48723459243774414,,
654,26854,,,,,1.2780470848083496,0.41268858313560486
654,26854,,,1.1127710342407227,0.48261409997940063,,
655,26895,,,,,1.2700400352478027,0.4159010350704193
655,26895,,,1.0856122970581055,0.5147171020507812,,
656,26936,,,,,1.2763580083847046,0.4128246009349823
656,26936,,,1.1045713424682617,0.477500855922699,,
657,26977,,,,,1.2704486846923828,0.41484925150871277
657,26977,,,1.0978084802627563,0.5055816173553467,,
658,27018,,,,,1.2709252834320068,0.41596826910972595
658,27018,,,1.086351752281189,0.5378186106681824,,
659,27059,,,,,1.2724523544311523,0.41588807106018066
659,27059,,,1.1061952114105225,0.4918098449707031,,
660,27100,,,,,1.2723424434661865,0.41623106598854065
660,27100,,,1.0726797580718994,0.48081299662590027,,
661,27141,,,,,1.276449203491211,0.41642579436302185
661,27141,,,1.115478515625,0.4426446259021759,,
662,27182,,,,,1.270082950592041,0.4205397665500641
662,27182,,,1.0849847793579102,0.5079119801521301,,
663,27223,,,,,1.2698166370391846,0.42162853479385376
663,27223,,,1.1019171476364136,0.4906913936138153,,
664,27264,,,,,1.2764161825180054,0.41979238390922546
664,27264,,,1.0769970417022705,0.4933210611343384,,
665,27305,,,,,1.2738453149795532,0.4218944311141968
665,27305,,,1.1035279035568237,0.5161287188529968,,
666,27346,,,,,1.2760322093963623,0.423972487449646
666,27346,,,1.1208285093307495,0.45049527287483215,,
667,27387,,,,,1.2710049152374268,0.42414212226867676
667,27387,,,1.111635446548462,0.4836188852787018,,
668,27428,,,,,1.266873836517334,0.42390766739845276
668,27428,,,1.0865925550460815,0.5308062434196472,,
669,27469,,,,,1.2670912742614746,0.41999387741088867
669,27469,,,1.1365796327590942,0.49079588055610657,,
670,27510,,,,,1.2727018594741821,0.4158279299736023
670,27510,,,1.0770914554595947,0.49834534525871277,,
671,27551,,,,,1.276692271232605,0.4165531098842621
671,27551,,,1.0734813213348389,0.4425705373287201,,
672,27592,,,,,1.274042010307312,0.4198940694332123
672,27592,,,1.0899591445922852,0.47426074743270874,,
673,27633,,,,,1.260352373123169,0.4284929931163788
673,27633,,,1.0870991945266724,0.4803147315979004,,
674,27674,,,,,1.270408034324646,0.42683321237564087
674,27674,,,1.106638789176941,0.4871237576007843,,
675,27715,,,,,1.2643601894378662,0.42620524764060974
675,27715,,,1.0945894718170166,0.4655591547489166,,
676,27756,,,,,1.2590370178222656,0.4264165461063385
676,27756,,,1.1000149250030518,0.47634822130203247,,
677,27797,,,,,1.263794183731079,0.4239770174026489
677,27797,,,1.084668755531311,0.522578239440918,,
678,27838,,,,,1.2653312683105469,0.4216337203979492
678,27838,,,1.094430923461914,0.49979251623153687,,
679,27879,,,,,1.264432430267334,0.4226923882961273
679,27879,,,1.0852733850479126,0.5213209986686707,,
680,27920,,,,,1.2748961448669434,0.41951295733451843
680,27920,,,1.103477120399475,0.48135650157928467,,
681,27961,,,,,1.2685502767562866,0.42257174849510193
681,27961,,,1.0937575101852417,0.48455968499183655,,
682,28002,,,,,1.2679756879806519,0.42265981435775757
682,28002,,,1.1245577335357666,0.4895807206630707,,
683,28043,,,,,1.2713658809661865,0.42155081033706665
683,28043,,,1.1149866580963135,0.4886772930622101,,
684,28084,,,,,1.2697480916976929,0.4218824803829193
684,28084,,,1.0830590724945068,0.5020461082458496,,
685,28125,,,,,1.2702929973602295,0.4197067320346832
685,28125,,,1.1193374395370483,0.49067482352256775,,
686,28166,,,,,1.2676066160202026,0.4221777319908142
686,28166,,,1.1291868686676025,0.4454018175601959,,
687,28207,,,,,1.2727750539779663,0.41997063159942627
687,28207,,,1.0692323446273804,0.5368702411651611,,
688,28248,,,,,1.2740492820739746,0.41783565282821655
688,28248,,,1.0965466499328613,0.5067692399024963,,
689,28289,,,,,1.270762324333191,0.41962969303131104
689,28289,,,1.1029174327850342,0.5005117058753967,,
690,28330,,,,,1.2649747133255005,0.42260441184043884
690,28330,,,1.1155802011489868,0.4696725904941559,,
691,28371,,,,,1.2716281414031982,0.4217715859413147
691,28371,,,1.1074877977371216,0.4763381779193878,,
692,28412,,,,,1.2713805437088013,0.421134352684021
692,28412,,,1.103392243385315,0.49228736758232117,,
693,28453,,,,,1.2680846452713013,0.4225462079048157
693,28453,,,1.132731318473816,0.45596230030059814,,
694,28494,,,,,1.2702431678771973,0.4230414032936096
694,28494,,,1.09618079662323,0.5101686120033264,,
695,28535,,,,,1.2768549919128418,0.42049506306648254
695,28535,,,1.0945265293121338,0.47036850452423096,,
696,28576,,,,,1.270451307296753,0.42356398701667786
696,28576,,,1.0855841636657715,0.5078452229499817,,
697,28617,,,,,1.2616527080535889,0.42642906308174133
697,28617,,,1.083936333656311,0.5089173913002014,,
698,28658,,,,,1.2702549695968628,0.4243518114089966
698,28658,,,1.061568021774292,0.5008432269096375,,
699,28699,,,,,1.2670525312423706,0.4247746169567108
699,28699,,,1.072640061378479,0.5167157649993896,,
700,28740,,,,,1.2675904035568237,0.42158201336860657
700,28740,,,1.1009567975997925,0.500169038772583,,
701,28781,,,,,1.2685775756835938,0.4199872314929962
701,28781,,,1.1161366701126099,0.46714290976524353,,
702,28822,,,,,1.2710731029510498,0.41728419065475464
702,28822,,,1.0701079368591309,0.49221834540367126,,
703,28863,,,,,1.2744908332824707,0.4192703366279602
703,28863,,,1.1261221170425415,0.458660364151001,,
704,28904,,,,,1.2703676223754883,0.4198973476886749
704,28904,,,1.0888694524765015,0.492511510848999,,
705,28945,,,,,1.2738983631134033,0.4188785254955292
705,28945,,,1.1200512647628784,0.4544583857059479,,
706,28986,,,,,1.2758022546768188,0.41762885451316833
706,28986,,,1.1051825284957886,0.4792180061340332,,
707,29027,,,,,1.2767672538757324,0.41888463497161865
707,29027,,,1.1306449174880981,0.45724087953567505,,
708,29068,,,,,1.2715123891830444,0.42082080245018005
708,29068,,,1.082096815109253,0.5259199142456055,,
709,29109,,,,,1.2723824977874756,0.42204856872558594
709,29109,,,1.1055461168289185,0.508175253868103,,
710,29150,,,,,1.2678276300430298,0.4256267249584198
710,29150,,,1.0860953330993652,0.5141962170600891,,
711,29191,,,,,1.2674036026000977,0.4241117238998413
711,29191,,,1.0838747024536133,0.5119494199752808,,
712,29232,,,,,1.268113613128662,0.4210728704929352
712,29232,,,1.090944766998291,0.5033947825431824,,
713,29273,,,,,1.270240068435669,0.42031019926071167
713,29273,,,1.0699950456619263,0.5367574691772461,,
714,29314,,,,,1.2728830575942993,0.41933679580688477
714,29314,,,1.1253970861434937,0.48778036236763,,
715,29355,,,,,1.2755300998687744,0.41736066341400146
715,29355,,,1.1026028394699097,0.44323796033859253,,
716,29396,,,,,1.2790577411651611,0.4203343391418457
716,29396,,,1.1398431062698364,0.452862024307251,,
717,29437,,,,,1.2655491828918457,0.42517566680908203
717,29437,,,1.100487470626831,0.48113489151000977,,
718,29478,,,,,1.2694660425186157,0.4243370294570923
718,29478,,,1.0750738382339478,0.5078080892562866,,
719,29519,,,,,1.2675132751464844,0.4246364235877991
719,29519,,,1.0968443155288696,0.5105270147323608,,
720,29560,,,,,1.2603275775909424,0.42668384313583374
720,29560,,,1.0971978902816772,0.5228394865989685,,
721,29601,,,,,1.261413812637329,0.4258522689342499
721,29601,,,1.0924328565597534,0.5226075649261475,,
722,29642,,,,,1.2683839797973633,0.42534708976745605
722,29642,,,1.0946860313415527,0.43886682391166687,,
723,29683,,,,,1.265821933746338,0.4247456192970276
723,29683,,,1.0699436664581299,0.5072104930877686,,
724,29724,,,,,1.2675033807754517,0.4240255355834961
724,29724,,,1.083343505859375,0.5030819177627563,,
725,29765,,,,,1.2639085054397583,0.4246615171432495
725,29765,,,1.0819990634918213,0.5072540044784546,,
726,29806,,,,,1.268505573272705,0.4243743419647217
726,29806,,,1.1242338418960571,0.47033241391181946,,
727,29847,,,,,1.2685264348983765,0.42544540762901306
727,29847,,,1.1138906478881836,0.4872133135795593,,
728,29888,,,,,1.2700551748275757,0.4244328439235687
728,29888,,,1.0995619297027588,0.4938527047634125,,
729,29929,,,,,1.2689251899719238,0.42394158244132996
729,29929,,,1.115666151046753,0.4795689582824707,,
730,29970,,,,,1.2711827754974365,0.4235672950744629
730,29970,,,1.105538249015808,0.4749312102794647,,
731,30011,,,,,1.26894211769104,0.42194247245788574
731,30011,,,1.0745458602905273,0.5314249396324158,,
732,30052,,,,,1.2713935375213623,0.42395636439323425
732,30052,,,1.0852137804031372,0.5083831548690796,,
733,30093,,,,,1.265684723854065,0.42256197333335876
733,30093,,,1.0864536762237549,0.5262055993080139,,
734,30134,,,,,1.2744041681289673,0.42048177123069763
734,30134,,,1.0939666032791138,0.5344805121421814,,
735,30175,,,,,1.268300175666809,0.4228178560733795
735,30175,,,1.1184548139572144,0.49324116110801697,,
736,30216,,,,,1.2780101299285889,0.4199477434158325
736,30216,,,1.0815579891204834,0.5087122321128845,,
737,30257,,,,,1.2640080451965332,0.4248015880584717
737,30257,,,1.1114174127578735,0.4790303409099579,,
738,30298,,,,,1.2646064758300781,0.4277734160423279
738,30298,,,1.0696969032287598,0.5038846135139465,,
739,30339,,,,,1.2648082971572876,0.42663100361824036
739,30339,,,1.0759018659591675,0.47396501898765564,,
740,30380,,,,,1.265821933746338,0.4256711006164551
740,30380,,,1.0941269397735596,0.5253504514694214,,
741,30421,,,,,1.2665817737579346,0.4234524667263031
741,30421,,,1.0890110731124878,0.4537249803543091,,
742,30462,,,,,1.2624531984329224,0.42714980244636536
742,30462,,,1.085198163986206,0.523359477519989,,
743,30503,,,,,1.2618228197097778,0.4279910624027252
743,30503,,,1.0726481676101685,0.4982494115829468,,
744,30544,,,,,1.2691421508789062,0.4242885410785675
744,30544,,,1.0939494371414185,0.4824029803276062,,
745,30585,,,,,1.2662179470062256,0.4233889579772949
745,30585,,,1.0627026557922363,0.5205528736114502,,
746,30626,,,,,1.2666850090026855,0.4224148988723755
746,30626,,,1.1069434881210327,0.4992325007915497,,
747,30667,,,,,1.2629636526107788,0.4240586459636688
747,30667,,,1.067405343055725,0.5353947877883911,,
748,30708,,,,,1.2710317373275757,0.42003312706947327
748,30708,,,1.0996464490890503,0.4818071126937866,,
749,30749,,,,,1.2699223756790161,0.4205091893672943
749,30749,,,1.0956921577453613,0.5002623796463013,,
750,30790,,,,,1.2711076736450195,0.42130187153816223
750,30790,,,1.1030839681625366,0.5423758625984192,,
751,30831,,,,,1.2735111713409424,0.4228646159172058
751,30831,,,1.0834434032440186,0.48978182673454285,,
752,30872,,,,,1.2626310586929321,0.4257622957229614
752,30872,,,1.1047157049179077,0.4635103642940521,,
753,30913,,,,,1.2644457817077637,0.42540866136550903
753,30913,,,1.1028817892074585,0.5113227367401123,,
754,30954,,,,,1.273625373840332,0.4217091500759125
754,30954,,,1.086410641670227,0.5018438100814819,,
755,30995,,,,,1.2686293125152588,0.4231679141521454
755,30995,,,1.095479130744934,0.46553710103034973,,
756,31036,,,,,1.2762994766235352,0.4202667772769928
756,31036,,,1.0926448106765747,0.49869006872177124,,
757,31077,,,,,1.2719802856445312,0.4219844341278076
757,31077,,,1.0732547044754028,0.498675137758255,,
758,31118,,,,,1.274164080619812,0.42060959339141846
758,31118,,,1.09916090965271,0.5101935267448425,,
759,31159,,,,,1.267053246498108,0.42137277126312256
759,31159,,,1.1282775402069092,0.5159696936607361,,
760,31200,,,,,1.2697148323059082,0.4221769869327545
760,31200,,,1.106801152229309,0.4975613057613373,,
761,31241,,,,,1.2691950798034668,0.42103680968284607
761,31241,,,1.0884299278259277,0.4982861876487732,,
762,31282,,,,,1.277307391166687,0.4164601266384125
762,31282,,,1.0913878679275513,0.5125598311424255,,
763,31323,,,,,1.2645373344421387,0.42107343673706055
763,31323,,,1.0756778717041016,0.5131514072418213,,
764,31364,,,,,1.2672879695892334,0.42128786444664
764,31364,,,1.1009182929992676,0.49321016669273376,,
765,31405,,,,,1.2595773935317993,0.42365002632141113
765,31405,,,1.0754555463790894,0.5362117886543274,,
766,31446,,,,,1.2695618867874146,0.4232916831970215
766,31446,,,1.0731765031814575,0.5247154831886292,,
767,31487,,,,,1.2662566900253296,0.4251866638660431
767,31487,,,1.0787750482559204,0.4602741003036499,,
768,31528,,,,,1.2663426399230957,0.4249356687068939
768,31528,,,1.0858895778656006,0.4791374206542969,,
769,31569,,,,,1.2672955989837646,0.4238390624523163
769,31569,,,1.0862923860549927,0.4656592607498169,,
770,31610,,,,,1.2713810205459595,0.4215812385082245
770,31610,,,1.102858066558838,0.4850190281867981,,
771,31651,,,,,1.2741528749465942,0.42224374413490295
771,31651,,,1.1133100986480713,0.4689008295536041,,
772,31692,,,,,1.265114426612854,0.4249419569969177
772,31692,,,1.081434726715088,0.5254983305931091,,
773,31733,,,,,1.2636675834655762,0.424788236618042
773,31733,,,1.1271142959594727,0.4620574414730072,,
774,31774,,,,,1.258909821510315,0.4255528151988983
774,31774,,,1.1049573421478271,0.5161889791488647,,
775,31815,,,,,1.2588961124420166,0.4243465065956116
775,31815,,,1.0930914878845215,0.5060707330703735,,
776,31856,,,,,1.2643424272537231,0.42327967286109924
776,31856,,,1.075898289680481,0.47992658615112305,,
777,31897,,,,,1.2632149457931519,0.4239572584629059
777,31897,,,1.0955382585525513,0.4778270721435547,,
778,31938,,,,,1.2658418416976929,0.4230451285839081
778,31938,,,1.0905873775482178,0.5270463824272156,,
779,31979,,,,,1.2650806903839111,0.4225909113883972
779,31979,,,1.0726908445358276,0.5265031456947327,,
780,32020,,,,,1.2707934379577637,0.42002126574516296
780,32020,,,1.1264605522155762,0.4717112183570862,,
781,32061,,,,,1.2688111066818237,0.4224427342414856
781,32061,,,1.0945364236831665,0.49449780583381653,,
782,32102,,,,,1.263170599937439,0.4227427542209625
782,32102,,,1.124383807182312,0.5268313884735107,,
783,32143,,,,,1.2630125284194946,0.4209204614162445
783,32143,,,1.0760982036590576,0.524530827999115,,
784,32184,,,,,1.2688031196594238,0.4183485507965088
784,32184,,,1.0893480777740479,0.4824468195438385,,
785,32225,,,,,1.2712470293045044,0.41743308305740356
785,32225,,,1.0807546377182007,0.5271106362342834,,
786,32266,,,,,1.2674776315689087,0.41975104808807373
786,32266,,,1.107761263847351,0.5026088953018188,,
787,32307,,,,,1.261836290359497,0.42187362909317017
787,32307,,,1.0711181163787842,0.5374153852462769,,
788,32348,,,,,1.2734218835830688,0.41673868894577026
788,32348,,,1.109894037246704,0.4965435266494751,,
789,32389,,,,,1.2760854959487915,0.41921114921569824
789,32389,,,1.0654046535491943,0.4691125750541687,,
790,32430,,,,,1.2734613418579102,0.41936296224594116
790,32430,,,1.0771992206573486,0.5312821269035339,,
791,32471,,,,,1.2655619382858276,0.4189198613166809
791,32471,,,1.063294529914856,0.5202445387840271,,
792,32512,,,,,1.2701900005340576,0.41815268993377686
792,32512,,,1.0878709554672241,0.4997248351573944,,
793,32553,,,,,1.271249532699585,0.41818565130233765
793,32553,,,1.111297607421875,0.5054803490638733,,
794,32594,,,,,1.2731846570968628,0.4185172915458679
794,32594,,,1.1164206266403198,0.4582594931125641,,
795,32635,,,,,1.2648571729660034,0.42170166969299316
795,32635,,,1.0952993631362915,0.4967111349105835,,
796,32676,,,,,1.259460210800171,0.42482244968414307
796,32676,,,1.0705658197402954,0.5098630785942078,,
797,32717,,,,,1.2588123083114624,0.42477330565452576
797,32717,,,1.0783815383911133,0.5118597745895386,,
798,32758,,,,,1.2625271081924438,0.42258420586586
798,32758,,,1.1067848205566406,0.5021519660949707,,
799,32799,,,,,1.2732651233673096,0.4181540906429291
799,32799,,,1.0728121995925903,0.5289572477340698,,
800,32840,,,,,1.2661867141723633,0.41933032870292664
800,32840,,,1.1022621393203735,0.5391898155212402,,
801,32881,,,,,1.2625007629394531,0.4217655062675476
801,32881,,,1.1065099239349365,0.548149049282074,,
802,32922,,,,,1.2652140855789185,0.42264291644096375
802,32922,,,1.0901390314102173,0.47486403584480286,,
803,32963,,,,,1.2679980993270874,0.42181840538978577
803,32963,,,1.116011619567871,0.5042859315872192,,
804,33004,,,,,1.2678239345550537,0.4208008348941803
804,33004,,,1.0936580896377563,0.5136525630950928,,
805,33045,,,,,1.2671202421188354,0.4213848412036896
805,33045,,,1.0950130224227905,0.5053099393844604,,
806,33086,,,,,1.2607851028442383,0.4238138198852539
806,33086,,,1.0727721452713013,0.5044168829917908,,
807,33127,,,,,1.2603650093078613,0.4249689280986786
807,33127,,,1.0967520475387573,0.4951306879520416,,
808,33168,,,,,1.2629488706588745,0.4244686961174011
808,33168,,,1.0883995294570923,0.49595075845718384,,
809,33209,,,,,1.2662625312805176,0.42538994550704956
809,33209,,,1.0644338130950928,0.5296590328216553,,
810,33250,,,,,1.2579480409622192,0.4286719560623169
810,33250,,,1.0964785814285278,0.5250481367111206,,
811,33291,,,,,1.2524923086166382,0.4319778084754944
811,33291,,,1.0860750675201416,0.5101308822631836,,
812,33332,,,,,1.2602851390838623,0.4266231954097748
812,33332,,,1.104345440864563,0.4524703025817871,,
813,33373,,,,,1.2635456323623657,0.42587795853614807
813,33373,,,1.0763483047485352,0.5058783292770386,,
814,33414,,,,,1.2597829103469849,0.4269082844257355
814,33414,,,1.0903189182281494,0.5382615327835083,,
815,33455,,,,,1.260931372642517,0.4256187379360199
815,33455,,,1.0897516012191772,0.5095260143280029,,
816,33496,,,,,1.25967276096344,0.42573216557502747
816,33496,,,1.1212356090545654,0.47733837366104126,,
817,33537,,,,,1.267234206199646,0.4227640628814697
817,33537,,,1.0728507041931152,0.4986569881439209,,
818,33578,,,,,1.2652486562728882,0.42554694414138794
818,33578,,,1.0581068992614746,0.5070266723632812,,
819,33619,,,,,1.267884373664856,0.4248550534248352
819,33619,,,1.0870951414108276,0.5008581280708313,,
820,33660,,,,,1.2741551399230957,0.42122602462768555
820,33660,,,1.0884103775024414,0.49480754137039185,,
821,33701,,,,,1.2679873704910278,0.4221624732017517
821,33701,,,1.1146694421768188,0.5023855566978455,,
822,33742,,,,,1.2627290487289429,0.42496344447135925
822,33742,,,1.0906260013580322,0.49933093786239624,,
823,33783,,,,,1.2533271312713623,0.4284340441226959
823,33783,,,1.071033239364624,0.5531373620033264,,
824,33824,,,,,1.2622941732406616,0.42723965644836426
824,33824,,,1.0772526264190674,0.4811084568500519,,
825,33865,,,,,1.2644762992858887,0.42668604850769043
825,33865,,,1.1017011404037476,0.5252345204353333,,
826,33906,,,,,1.2618138790130615,0.4281671941280365
826,33906,,,1.055053949356079,0.5356767177581787,,
827,33947,,,,,1.2664852142333984,0.4282878637313843
827,33947,,,1.1134209632873535,0.5060141682624817,,
828,33988,,,,,1.2650419473648071,0.42565977573394775
828,33988,,,1.1190645694732666,0.5093331933021545,,
829,34029,,,,,1.2633901834487915,0.4250205159187317
829,34029,,,1.087237000465393,0.48326775431632996,,
830,34070,,,,,1.2626616954803467,0.42564985156059265
830,34070,,,1.0951838493347168,0.4953288435935974,,
831,34111,,,,,1.267410397529602,0.4222157597541809
831,34111,,,1.0950251817703247,0.4923658072948456,,
832,34152,,,,,1.2702298164367676,0.4210195541381836
832,34152,,,1.0828863382339478,0.4925885498523712,,
833,34193,,,,,1.2647157907485962,0.4221569299697876
833,34193,,,1.1081275939941406,0.4779755771160126,,
834,34234,,,,,1.2605246305465698,0.4236811101436615
834,34234,,,1.0739634037017822,0.5269428491592407,,
835,34275,,,,,1.2606806755065918,0.4254094958305359
835,34275,,,1.1000382900238037,0.5250868201255798,,
836,34316,,,,,1.2593388557434082,0.426363468170166
836,34316,,,1.0775790214538574,0.5063902735710144,,
837,34357,,,,,1.2650926113128662,0.42456623911857605
837,34357,,,1.10264253616333,0.46455758810043335,,
838,34398,,,,,1.2627251148223877,0.42568257451057434
838,34398,,,1.090854525566101,0.5417734384536743,,
839,34439,,,,,1.265809178352356,0.42426252365112305
839,34439,,,1.0768465995788574,0.5284149646759033,,
840,34480,,,,,1.2641876935958862,0.426025390625
840,34480,,,1.0839312076568604,0.49110427498817444,,
841,34521,,,,,1.26873779296875,0.42436543107032776
841,34521,,,1.0636060237884521,0.5008261203765869,,
842,34562,,,,,1.2592966556549072,0.42903971672058105
842,34562,,,1.1135315895080566,0.5233688354492188,,
843,34603,,,,,1.2617976665496826,0.4261256754398346
843,34603,,,1.0634373426437378,0.5473241806030273,,
844,34644,,,,,1.2598528861999512,0.4269375503063202
844,34644,,,1.0848026275634766,0.5248257517814636,,
845,34685,,,,,1.2644684314727783,0.4242479205131531
845,34685,,,1.0852853059768677,0.494086891412735,,
846,34726,,,,,1.2635685205459595,0.42589762806892395
846,34726,,,1.0845874547958374,0.4986962676048279,,
847,34767,,,,,1.2582629919052124,0.4283412992954254
847,34767,,,1.0774555206298828,0.528282105922699,,
848,34808,,,,,1.2644243240356445,0.42527422308921814
848,34808,,,1.0786339044570923,0.5211272239685059,,
849,34849,,,,,1.2670137882232666,0.4241243898868561
849,34849,,,1.1145869493484497,0.4531973898410797,,
850,34890,,,,,1.2673617601394653,0.42365697026252747
850,34890,,,1.1081970930099487,0.5000591278076172,,
851,34931,,,,,1.2689735889434814,0.4233948588371277
851,34931,,,1.0910913944244385,0.4819657504558563,,
852,34972,,,,,1.2603533267974854,0.4263267517089844
852,34972,,,1.088244080543518,0.5582500100135803,,
853,35013,,,,,1.2635377645492554,0.42670488357543945
853,35013,,,1.0657923221588135,0.5028193593025208,,
854,35054,,,,,1.2592076063156128,0.42795106768608093
854,35054,,,1.0878337621688843,0.5325341820716858,,
855,35095,,,,,1.25896155834198,0.42818936705589294
855,35095,,,1.0618489980697632,0.5198819041252136,,
856,35136,,,,,1.2600395679473877,0.4286341071128845
856,35136,,,1.0678333044052124,0.5291163325309753,,
857,35177,,,,,1.25965416431427,0.42827633023262024
857,35177,,,1.1015217304229736,0.5319300293922424,,
858,35218,,,,,1.2588120698928833,0.42764633893966675
858,35218,,,1.0808262825012207,0.5011317729949951,,
859,35259,,,,,1.2602078914642334,0.42807602882385254
859,35259,,,1.0842558145523071,0.5413706302642822,,
860,35300,,,,,1.2609407901763916,0.4292750358581543
860,35300,,,1.0915987491607666,0.5265371203422546,,
861,35341,,,,,1.258069634437561,0.43065667152404785
861,35341,,,1.0688443183898926,0.5314629077911377,,
862,35382,,,,,1.259301781654358,0.42996788024902344
862,35382,,,1.0906572341918945,0.5500001907348633,,
863,35423,,,,,1.2583638429641724,0.43088605999946594
863,35423,,,1.0786155462265015,0.5080899596214294,,
864,35464,,,,,1.2641066312789917,0.4278220534324646
864,35464,,,1.09371018409729,0.5123854279518127,,
865,35505,,,,,1.2662047147750854,0.4285154640674591
865,35505,,,1.0944546461105347,0.47291597723960876,,
866,35546,,,,,1.261526107788086,0.4287125766277313
866,35546,,,1.0867475271224976,0.5018114447593689,,
867,35587,,,,,1.253974199295044,0.43083515763282776
867,35587,,,1.0888291597366333,0.49780794978141785,,
868,35628,,,,,1.2572851181030273,0.42871904373168945
868,35628,,,1.0860800743103027,0.5301538109779358,,
869,35669,,,,,1.2571390867233276,0.4306921660900116
869,35669,,,1.099743366241455,0.5094435811042786,,
870,35710,,,,,1.256178379058838,0.43066561222076416
870,35710,,,1.0579530000686646,0.504024088382721,,
871,35751,,,,,1.2551863193511963,0.4306064248085022
871,35751,,,1.0930944681167603,0.4901933968067169,,
872,35792,,,,,1.2542905807495117,0.4308338463306427
872,35792,,,1.0952742099761963,0.49220865964889526,,
873,35833,,,,,1.2516329288482666,0.4331144392490387
873,35833,,,1.0973650217056274,0.5108001828193665,,
874,35874,,,,,1.2560203075408936,0.43200215697288513
874,35874,,,1.0859500169754028,0.5187110900878906,,
875,35915,,,,,1.258664608001709,0.43114370107650757
875,35915,,,1.094768762588501,0.5055521726608276,,
876,35956,,,,,1.257472276687622,0.430416077375412
876,35956,,,1.1048115491867065,0.5118148922920227,,
877,35997,,,,,1.263244867324829,0.42853161692619324
877,35997,,,1.0847864151000977,0.519271731376648,,
878,36038,,,,,1.2565165758132935,0.43128257989883423
878,36038,,,1.0629760026931763,0.5110760927200317,,
879,36079,,,,,1.2599033117294312,0.43068063259124756
879,36079,,,1.090704321861267,0.5189856886863708,,
880,36120,,,,,1.2668029069900513,0.4272312521934509
880,36120,,,1.0700459480285645,0.5471087098121643,,
881,36161,,,,,1.2671699523925781,0.4276287853717804
881,36161,,,1.0755443572998047,0.4857449531555176,,
882,36202,,,,,1.2593661546707153,0.4301837384700775
882,36202,,,1.0735200643539429,0.5394201278686523,,
883,36243,,,,,1.2591577768325806,0.430591881275177
883,36243,,,1.0719563961029053,0.5082261562347412,,
884,36284,,,,,1.2605863809585571,0.4287070035934448
884,36284,,,1.062227725982666,0.5407054424285889,,
885,36325,,,,,1.266081690788269,0.42803630232810974
885,36325,,,1.0859705209732056,0.4997576177120209,,
886,36366,,,,,1.2686454057693481,0.4280996024608612
886,36366,,,1.0612621307373047,0.5397723317146301,,
887,36407,,,,,1.2590084075927734,0.4316888153553009
887,36407,,,1.0220513343811035,0.5119648575782776,,
888,36448,,,,,1.2569750547409058,0.4333280622959137
888,36448,,,1.0613356828689575,0.4826578199863434,,
889,36489,,,,,1.2621946334838867,0.43071630597114563
889,36489,,,1.101051926612854,0.4841732978820801,,
890,36530,,,,,1.2689164876937866,0.42710238695144653
890,36530,,,1.0688273906707764,0.5421626567840576,,
891,36571,,,,,1.266495704650879,0.4272750914096832
891,36571,,,1.0994372367858887,0.4960920214653015,,
892,36612,,,,,1.267335295677185,0.42635565996170044
892,36612,,,1.0949699878692627,0.5228016376495361,,
893,36653,,,,,1.2624961137771606,0.43087342381477356
893,36653,,,1.0801817178726196,0.49805060029029846,,
894,36694,,,,,1.2677979469299316,0.4287101924419403
894,36694,,,1.0754542350769043,0.5121175646781921,,
895,36735,,,,,1.257894515991211,0.42987552285194397
895,36735,,,1.0988836288452148,0.5363872051239014,,
896,36776,,,,,1.2538098096847534,0.4329196512699127
896,36776,,,1.0743012428283691,0.5043679475784302,,
897,36817,,,,,1.255069613456726,0.43369707465171814
897,36817,,,1.079667329788208,0.4875933825969696,,
898,36858,,,,,1.2596427202224731,0.4313397705554962
898,36858,,,1.079491376876831,0.5230593085289001,,
899,36899,,,,,1.265350103378296,0.4290493130683899
899,36899,,,1.057615876197815,0.5104300379753113,,
900,36940,,,,,1.2616703510284424,0.4297741949558258
900,36940,,,1.0889514684677124,0.5128150582313538,,
901,36981,,,,,1.2648082971572876,0.4290088713169098
901,36981,,,1.0796070098876953,0.48338782787323,,
902,37022,,,,,1.258729338645935,0.43074390292167664
902,37022,,,1.0983177423477173,0.5073686242103577,,
903,37063,,,,,1.2612048387527466,0.4304537773132324
903,37063,,,1.0529954433441162,0.5336425304412842,,
904,37104,,,,,1.2578679323196411,0.43094635009765625
904,37104,,,1.06647789478302,0.5536457896232605,,
905,37145,,,,,1.2513471841812134,0.4340859651565552
905,37145,,,1.0841376781463623,0.5283125638961792,,
906,37186,,,,,1.264857530593872,0.4312392771244049
906,37186,,,1.0985119342803955,0.4948778748512268,,
907,37227,,,,,1.2675048112869263,0.428769588470459
907,37227,,,1.0812455415725708,0.5401246547698975,,
908,37268,,,,,1.2650734186172485,0.42901837825775146
908,37268,,,1.0658575296401978,0.5378561019897461,,
909,37309,,,,,1.2630642652511597,0.42737680673599243
909,37309,,,1.0552539825439453,0.4987601339817047,,
910,37350,,,,,1.2608747482299805,0.4307139813899994
910,37350,,,1.0963377952575684,0.4995705187320709,,
911,37391,,,,,1.257400631904602,0.43325740098953247
911,37391,,,1.0910639762878418,0.5157740712165833,,
912,37432,,,,,1.258486270904541,0.43215858936309814
912,37432,,,1.0477746725082397,0.5390256643295288,,
913,37473,,,,,1.255030870437622,0.4333561956882477
913,37473,,,1.095763921737671,0.5279911756515503,,
914,37514,,,,,1.2637609243392944,0.42835211753845215
914,37514,,,1.076230525970459,0.5678008198738098,,
915,37555,,,,,1.260367751121521,0.4299006760120392
915,37555,,,1.080486536026001,0.4994673728942871,,
916,37596,,,,,1.2558127641677856,0.4318043291568756
916,37596,,,1.0788408517837524,0.5010706186294556,,
917,37637,,,,,1.2635022401809692,0.42825308442115784
917,37637,,,1.0731278657913208,0.5118059515953064,,
918,37678,,,,,1.271129846572876,0.4256305396556854
918,37678,,,1.0700302124023438,0.5519629716873169,,
919,37719,,,,,1.2622407674789429,0.4291767477989197
919,37719,,,1.06778883934021,0.5456119179725647,,
920,37760,,,,,1.25892972946167,0.42930296063423157
920,37760,,,1.0628528594970703,0.5429866909980774,,
921,37801,,,,,1.2615101337432861,0.4282642602920532
921,37801,,,1.117116928100586,0.505382776260376,,
922,37842,,,,,1.2546758651733398,0.432741641998291
922,37842,,,1.044130563735962,0.5227867960929871,,
923,37883,,,,,1.2551770210266113,0.43244269490242004
923,37883,,,1.0490506887435913,0.5468936562538147,,
924,37924,,,,,1.2575849294662476,0.4324071407318115
924,37924,,,1.079284906387329,0.5327386856079102,,
925,37965,,,,,1.2602922916412354,0.43226325511932373
925,37965,,,1.0987319946289062,0.4860234558582306,,
926,38006,,,,,1.263959527015686,0.4300747215747833
926,38006,,,1.0764023065567017,0.5124029517173767,,
927,38047,,,,,1.2580779790878296,0.4306575357913971
927,38047,,,1.0500702857971191,0.5770581960678101,,
928,38088,,,,,1.255612850189209,0.4332033097743988
928,38088,,,1.0922150611877441,0.5580258965492249,,
929,38129,,,,,1.2532182931900024,0.4348534643650055
929,38129,,,1.0737606287002563,0.5324277877807617,,
930,38170,,,,,1.262266993522644,0.43134239315986633
930,38170,,,1.1008615493774414,0.53598952293396,,
931,38211,,,,,1.255016803741455,0.4336525499820709
931,38211,,,1.1059510707855225,0.4894677996635437,,
932,38252,,,,,1.2603569030761719,0.43145304918289185
932,38252,,,1.049299716949463,0.547627329826355,,
933,38293,,,,,1.2624669075012207,0.42977699637413025
933,38293,,,1.084012508392334,0.5154526233673096,,
934,38334,,,,,1.2551674842834473,0.43235597014427185
934,38334,,,1.0840479135513306,0.5456266403198242,,
935,38375,,,,,1.2626522779464722,0.4280779957771301
935,38375,,,1.0939451456069946,0.5244932770729065,,
936,38416,,,,,1.255478858947754,0.43221184611320496
936,38416,,,1.0784498453140259,0.5019281506538391,,
937,38457,,,,,1.250898003578186,0.433952659368515
937,38457,,,1.0641762018203735,0.5316311717033386,,
938,38498,,,,,1.2615933418273926,0.4323417544364929
938,38498,,,1.0596697330474854,0.5184206962585449,,
939,38539,,,,,1.2622071504592896,0.4317484200000763
939,38539,,,1.083786964416504,0.5038703083992004,,
940,38580,,,,,1.2581325769424438,0.434644877910614
940,38580,,,1.1066404581069946,0.48980391025543213,,
941,38621,,,,,1.2562423944473267,0.4345632791519165
941,38621,,,1.052062749862671,0.5543703436851501,,
942,38662,,,,,1.2493398189544678,0.4390871822834015
942,38662,,,1.0611134767532349,0.5399821400642395,,
943,38703,,,,,1.2536228895187378,0.43850699067115784
943,38703,,,1.0618735551834106,0.5455790758132935,,
944,38744,,,,,1.2548402547836304,0.43492624163627625
944,38744,,,1.0915511846542358,0.4982061982154846,,
945,38785,,,,,1.2581816911697388,0.4315921366214752
945,38785,,,1.0646673440933228,0.5402196049690247,,
946,38826,,,,,1.2608435153961182,0.42983531951904297
946,38826,,,1.0858571529388428,0.5214340686798096,,
947,38867,,,,,1.2674977779388428,0.4273401200771332
947,38867,,,1.082779049873352,0.5320190787315369,,
948,38908,,,,,1.2592219114303589,0.43101808428764343
948,38908,,,1.0522747039794922,0.5886095762252808,,
949,38949,,,,,1.2591766119003296,0.4313504099845886
949,38949,,,1.0579144954681396,0.5401412844657898,,
950,38990,,,,,1.2659108638763428,0.4292982816696167
950,38990,,,1.1039568185806274,0.5061222314834595,,
951,39031,,,,,1.2605522871017456,0.43011677265167236
951,39031,,,1.0965595245361328,0.5217265486717224,,
952,39072,,,,,1.2584553956985474,0.42968297004699707
952,39072,,,1.085435390472412,0.517740786075592,,
953,39113,,,,,1.262750506401062,0.42915230989456177
953,39113,,,1.0798184871673584,0.4929123818874359,,
954,39154,,,,,1.2603991031646729,0.4303472638130188
954,39154,,,1.0776443481445312,0.5326273441314697,,
955,39195,,,,,1.2558850049972534,0.4334098994731903
955,39195,,,1.062276005744934,0.551976203918457,,
956,39236,,,,,1.2534379959106445,0.43490099906921387
956,39236,,,1.0744601488113403,0.4989858865737915,,
957,39277,,,,,1.2535710334777832,0.4350854456424713
957,39277,,,1.0632078647613525,0.5308095812797546,,
958,39318,,,,,1.2610565423965454,0.4317123293876648
958,39318,,,1.0672221183776855,0.5051558613777161,,
959,39359,,,,,1.263983130455017,0.43094518780708313
959,39359,,,1.097740888595581,0.515636146068573,,
960,39400,,,,,1.257288932800293,0.43259668350219727
960,39400,,,1.086014986038208,0.5151315331459045,,
961,39441,,,,,1.2552874088287354,0.43511831760406494
961,39441,,,1.074146032333374,0.5213253498077393,,
962,39482,,,,,1.2425072193145752,0.4399091303348541
962,39482,,,1.0658470392227173,0.5018534064292908,,
963,39523,,,,,1.2438100576400757,0.4388253092765808
963,39523,,,1.096404790878296,0.5425073504447937,,
964,39564,,,,,1.2533693313598633,0.434194415807724
964,39564,,,1.080419898033142,0.5131464600563049,,
965,39605,,,,,1.249755620956421,0.43677476048469543
965,39605,,,1.0675277709960938,0.5198357105255127,,
966,39646,,,,,1.248338222503662,0.4386272430419922
966,39646,,,1.0714240074157715,0.5581775903701782,,
967,39687,,,,,1.2445483207702637,0.43937233090400696
967,39687,,,1.0776331424713135,0.5519058108329773,,
968,39728,,,,,1.2504829168319702,0.43740811944007874
968,39728,,,1.0947492122650146,0.5135552883148193,,
969,39769,,,,,1.258163571357727,0.4343819320201874
969,39769,,,1.0718671083450317,0.51158207654953,,
970,39810,,,,,1.2563796043395996,0.43516290187835693
970,39810,,,1.0888618230819702,0.5346311926841736,,
971,39851,,,,,1.2582453489303589,0.4329330623149872
971,39851,,,1.0671453475952148,0.5273658037185669,,
972,39892,,,,,1.257641077041626,0.43487095832824707
972,39892,,,1.0868548154830933,0.5239378809928894,,
973,39933,,,,,1.2617478370666504,0.43278321623802185
973,39933,,,1.0888582468032837,0.5211694836616516,,
974,39974,,,,,1.2627817392349243,0.43131986260414124
974,39974,,,1.0800291299819946,0.5078697204589844,,
975,40015,,,,,1.2554653882980347,0.43536582589149475
975,40015,,,1.0669735670089722,0.5311233997344971,,
976,40056,,,,,1.2563821077346802,0.43550071120262146
976,40056,,,1.1061214208602905,0.5110620260238647,,
977,40097,,,,,1.2583192586898804,0.4333166480064392
977,40097,,,1.048570156097412,0.5529128909111023,,
978,40138,,,,,1.2589335441589355,0.43262216448783875
978,40138,,,1.0398671627044678,0.5426291823387146,,
979,40179,,,,,1.2519396543502808,0.43604186177253723
979,40179,,,1.0554498434066772,0.5389559864997864,,
980,40220,,,,,1.2575907707214355,0.43458572030067444
980,40220,,,1.0782790184020996,0.5227291584014893,,
981,40261,,,,,1.2565526962280273,0.4352571666240692
981,40261,,,1.0714492797851562,0.5317163467407227,,
982,40302,,,,,1.2528002262115479,0.4356963634490967
982,40302,,,1.0735729932785034,0.48733246326446533,,
983,40343,,,,,1.2531481981277466,0.43589866161346436
983,40343,,,1.061087965965271,0.5592211484909058,,
984,40384,,,,,1.2576175928115845,0.43522095680236816
984,40384,,,1.0606342554092407,0.5127289891242981,,
985,40425,,,,,1.2536112070083618,0.43742141127586365
985,40425,,,1.0683788061141968,0.5276170372962952,,
986,40466,,,,,1.2502223253250122,0.4378947913646698
986,40466,,,1.05984628200531,0.5346039533615112,,
987,40507,,,,,1.2514400482177734,0.4368298053741455
987,40507,,,1.0727027654647827,0.5031639933586121,,
988,40548,,,,,1.260816216468811,0.4319075644016266
988,40548,,,1.0733356475830078,0.5606353282928467,,
989,40589,,,,,1.2555278539657593,0.4329911768436432
989,40589,,,1.0409170389175415,0.5425165891647339,,
990,40630,,,,,1.258994460105896,0.4310853183269501
990,40630,,,1.0519015789031982,0.5203470587730408,,
991,40671,,,,,1.263692855834961,0.4306322932243347
991,40671,,,1.0702645778656006,0.535515308380127,,
992,40712,,,,,1.2573782205581665,0.43182337284088135
992,40712,,,1.075337529182434,0.5325672030448914,,
993,40753,,,,,1.2555409669876099,0.43215033411979675
993,40753,,,1.0993012189865112,0.517992377281189,,
994,40794,,,,,1.2545180320739746,0.43346136808395386
994,40794,,,1.0795601606369019,0.5103586316108704,,
995,40835,,,,,1.2602558135986328,0.4299459159374237
995,40835,,,1.0864081382751465,0.548203706741333,,
996,40876,,,,,1.2611583471298218,0.4305095672607422
996,40876,,,1.0511068105697632,0.5694438815116882,,
997,40917,,,,,1.261717677116394,0.4299659729003906
997,40917,,,1.0635013580322266,0.5211058259010315,,
998,40958,,,,,1.2606394290924072,0.4317392408847809
998,40958,,,1.048520803451538,0.5287606716156006,,
999,40999,,,,,1.256906270980835,0.4337005913257599
999,40999,,,1.080509901046753,0.5393092632293701,,
1000,41040,,,,,1.261836051940918,0.4328251779079437
1000,41040,,,1.049142837524414,0.5332617163658142,,
1001,41081,,,,,1.263264536857605,0.43105548620224
1001,41081,,,1.0614550113677979,0.5191917419433594,,
1002,41122,,,,,1.2662005424499512,0.4282907247543335
1002,41122,,,1.0538722276687622,0.500127911567688,,
1003,41163,,,,,1.2610267400741577,0.43004149198532104
1003,41163,,,1.0671956539154053,0.5223481059074402,,
1004,41204,,,,,1.2566025257110596,0.431543231010437
1004,41204,,,1.084567666053772,0.5187309980392456,,
1005,41245,,,,,1.2571438550949097,0.4342905879020691
1005,41245,,,1.0686569213867188,0.5084890127182007,,
1006,41286,,,,,1.256836175918579,0.4345856010913849
1006,41286,,,1.059180498123169,0.5226008892059326,,
1007,41327,,,,,1.2566087245941162,0.43356773257255554
1007,41327,,,1.0487923622131348,0.5176339745521545,,
1008,41368,,,,,1.2611764669418335,0.43226927518844604
1008,41368,,,1.053043246269226,0.5348865389823914,,
1009,41409,,,,,1.2682716846466064,0.43069034814834595
1009,41409,,,1.0752812623977661,0.4983987510204315,,
1010,41450,,,,,1.2545528411865234,0.4357949197292328
1010,41450,,,1.0655368566513062,0.5574678778648376,,
1011,41491,,,,,1.2470933198928833,0.4392573833465576
1011,41491,,,1.051531434059143,0.5489177107810974,,
1012,41532,,,,,1.2541598081588745,0.43675902485847473
1012,41532,,,1.0907576084136963,0.516534149646759,,
1013,41573,,,,,1.2493797540664673,0.4395177364349365
1013,41573,,,1.0485789775848389,0.5277194976806641,,
1014,41614,,,,,1.2529006004333496,0.4383704662322998
1014,41614,,,1.0828043222427368,0.47970911860466003,,
1015,41655,,,,,1.2547284364700317,0.4360441267490387
1015,41655,,,1.0463848114013672,0.5563826560974121,,
1016,41696,,,,,1.255863070487976,0.4361162781715393
1016,41696,,,1.026491403579712,0.5670216679573059,,
1017,41737,,,,,1.2529323101043701,0.43894845247268677
1017,41737,,,1.065489649772644,0.5223203301429749,,
1018,41778,,,,,1.2551349401474,0.43669483065605164
1018,41778,,,1.0617889165878296,0.5171211957931519,,
1019,41819,,,,,1.2480674982070923,0.4391435384750366
1019,41819,,,1.0960662364959717,0.5007545351982117,,
1020,41860,,,,,1.256101131439209,0.4369078278541565
1020,41860,,,1.0944030284881592,0.5211962461471558,,
1021,41901,,,,,1.255929708480835,0.4375438690185547
1021,41901,,,1.0726183652877808,0.5084909796714783,,
1022,41942,,,,,1.2582688331604004,0.43604567646980286
1022,41942,,,1.0635488033294678,0.5329684615135193,,
1023,41983,,,,,1.257470726966858,0.43644773960113525
1023,41983,,,1.0703884363174438,0.5380531549453735,,
1024,42024,,,,,1.2543526887893677,0.43551063537597656
1024,42024,,,1.0857325792312622,0.5005488395690918,,
1025,42065,,,,,1.2542955875396729,0.43563491106033325
1025,42065,,,1.0773084163665771,0.5254582762718201,,
1026,42106,,,,,1.2519047260284424,0.4368831217288971
1026,42106,,,1.0855358839035034,0.549289345741272,,
1027,42147,,,,,1.2489964962005615,0.4388343095779419
1027,42147,,,1.058523178100586,0.5115777254104614,,
1028,42188,,,,,1.249746322631836,0.4365633726119995
1028,42188,,,1.084726095199585,0.5314107537269592,,
1029,42229,,,,,1.253859043121338,0.4367680549621582
1029,42229,,,1.0536575317382812,0.5298519730567932,,
1030,42270,,,,,1.2531664371490479,0.4388777017593384
1030,42270,,,1.1045864820480347,0.5222217440605164,,
1031,42311,,,,,1.2512426376342773,0.43805184960365295
1031,42311,,,1.0510576963424683,0.554821789264679,,
1032,42352,,,,,1.248871922492981,0.4408452808856964
1032,42352,,,1.0574679374694824,0.5564769506454468,,
1033,42393,,,,,1.2544019222259521,0.4387894570827484
1033,42393,,,1.0788993835449219,0.5057244896888733,,
1034,42434,,,,,1.2502347230911255,0.44085654616355896
1034,42434,,,1.0551470518112183,0.5557146072387695,,
1035,42475,,,,,1.2513447999954224,0.4389471709728241
1035,42475,,,1.0534552335739136,0.5277125239372253,,
1036,42516,,,,,1.2490458488464355,0.4403435289859772
1036,42516,,,1.0625070333480835,0.5809256434440613,,
1037,42557,,,,,1.249700665473938,0.4402275085449219
1037,42557,,,1.0733678340911865,0.4970753490924835,,
1038,42598,,,,,1.2511073350906372,0.43858587741851807
1038,42598,,,1.0582659244537354,0.5505802035331726,,
1039,42639,,,,,1.2498157024383545,0.4383128881454468
1039,42639,,,1.0921741724014282,0.5423944592475891,,
1040,42680,,,,,1.2527750730514526,0.43770045042037964
1040,42680,,,1.0943653583526611,0.5476194024085999,,
1041,42721,,,,,1.2570092678070068,0.4371836185455322
1041,42721,,,1.0523416996002197,0.545295000076294,,
1042,42762,,,,,1.2544214725494385,0.43792930245399475
1042,42762,,,1.0709291696548462,0.5379588603973389,,
1043,42803,,,,,1.2499771118164062,0.4405825734138489
1043,42803,,,1.076544165611267,0.5396414995193481,,
1044,42844,,,,,1.2491847276687622,0.44143953919410706
1044,42844,,,1.0911226272583008,0.524983286857605,,
1045,42885,,,,,1.24909508228302,0.44164779782295227
1045,42885,,,1.0857595205307007,0.5280328392982483,,
1046,42926,,,,,1.2481855154037476,0.4419775605201721
1046,42926,,,1.086090326309204,0.5366912484169006,,
1047,42967,,,,,1.2557891607284546,0.4392572343349457
1047,42967,,,1.1013083457946777,0.4938841462135315,,
1048,43008,,,,,1.2531167268753052,0.43967360258102417
1048,43008,,,1.088133692741394,0.5119792819023132,,
1049,43049,,,,,1.2612794637680054,0.43577709794044495
1049,43049,,,1.0604615211486816,0.5708125233650208,,
1050,43090,,,,,1.2557671070098877,0.43741753697395325
1050,43090,,,1.0399785041809082,0.534210741519928,,
1051,43131,,,,,1.2583495378494263,0.4361143112182617
1051,43131,,,1.0424866676330566,0.5329067707061768,,
1052,43172,,,,,1.2551722526550293,0.43592506647109985
1052,43172,,,1.0673564672470093,0.516313374042511,,
1053,43213,,,,,1.2587828636169434,0.43365341424942017
1053,43213,,,1.0862470865249634,0.5297066569328308,,
1054,43254,,,,,1.252099871635437,0.4354391098022461
1054,43254,,,1.043379545211792,0.5036266446113586,,
1055,43295,,,,,1.2529983520507812,0.43510153889656067
1055,43295,,,1.0303415060043335,0.5541098713874817,,
1056,43336,,,,,1.2540022134780884,0.4355928897857666
1056,43336,,,1.0836012363433838,0.54478919506073,,
1057,43377,,,,,1.257924199104309,0.4346074163913727
1057,43377,,,1.0682573318481445,0.5405312776565552,,
1058,43418,,,,,1.2572524547576904,0.43736544251441956
1058,43418,,,1.0359344482421875,0.5182463526725769,,
1059,43459,,,,,1.2592694759368896,0.43635815382003784
1059,43459,,,1.0768910646438599,0.5241646766662598,,
1060,43500,,,,,1.2589517831802368,0.4362393617630005
1060,43500,,,1.0668107271194458,0.544185996055603,,
1061,43541,,,,,1.2592781782150269,0.43524277210235596
1061,43541,,,1.0792667865753174,0.5368496179580688,,
1062,43582,,,,,1.2542550563812256,0.4371911883354187
1062,43582,,,1.0609033107757568,0.5647122263908386,,
1063,43583,0.8683252334594727,0.34277474880218506,,,,
