epoch,step,test_loss,test_pcc,train_loss_epoch,train_pcc_epoch,val_loss,val_pcc
0,38,,,,,4.629014492034912,0.2166053205728531
0,38,,,4.551745891571045,0.04021003469824791,,
1,77,,,,,4.641602993011475,0.23195800185203552
1,77,,,4.3700056076049805,0.09004776179790497,,
2,116,,,,,4.647439002990723,0.2334904968738556
2,116,,,4.371588706970215,0.07426030933856964,,
3,155,,,,,4.587427616119385,0.24415522813796997
3,155,,,4.096125602722168,0.24850739538669586,,
4,194,,,,,4.587861061096191,0.2544252574443817
4,194,,,4.205689430236816,0.2090987116098404,,
5,233,,,,,4.646408557891846,0.24851007759571075
5,233,,,3.988347291946411,0.24328596889972687,,
6,272,,,,,4.601827144622803,0.2551891505718231
6,272,,,3.9626305103302,0.2725276052951813,,
7,311,,,,,4.550739288330078,0.2543026804924011
7,311,,,3.9912359714508057,0.30119001865386963,,
8,350,,,,,4.547131538391113,0.258518248796463
8,350,,,3.9194843769073486,0.26967355608940125,,
9,389,,,,,4.506901264190674,0.2557089924812317
9,389,,,3.6640357971191406,0.3397029936313629,,
10,428,,,,,4.564497947692871,0.24767908453941345
10,428,,,4.0336713790893555,0.33254697918891907,,
11,467,,,,,4.519495487213135,0.24299921095371246
11,467,,,3.787980318069458,0.3464149832725525,,
12,506,,,,,4.613269805908203,0.24607989192008972
12,506,,,3.6054210662841797,0.3621976673603058,,
13,545,,,,,4.439086437225342,0.24862545728683472
13,545,,,3.738506317138672,0.3368450403213501,,
14,584,,,,,4.536973476409912,0.25019386410713196
14,584,,,3.7930216789245605,0.3466707766056061,,
15,623,,,,,4.372540473937988,0.2525124251842499
15,623,,,3.688053607940674,0.3644469678401947,,
16,662,,,,,4.4699530601501465,0.2591858506202698
16,662,,,3.574970245361328,0.37888845801353455,,
17,701,,,,,4.391050815582275,0.25965869426727295
17,701,,,3.6691980361938477,0.41146087646484375,,
18,740,,,,,4.528967380523682,0.25756320357322693
18,740,,,3.59629225730896,0.3696536123752594,,
19,779,,,,,4.604633331298828,0.25410571694374084
19,779,,,3.6290485858917236,0.41350823640823364,,
20,818,,,,,4.536228179931641,0.2503754794597626
20,818,,,3.5395190715789795,0.41205450892448425,,
21,857,,,,,4.647005081176758,0.2503223419189453
21,857,,,3.535200357437134,0.41969236731529236,,
22,896,,,,,4.561084270477295,0.2500586211681366
22,896,,,3.550013303756714,0.4185429513454437,,
23,935,,,,,4.496070384979248,0.24920329451560974
23,935,,,3.6260948181152344,0.41553375124931335,,
24,974,,,,,4.528820037841797,0.24726836383342743
24,974,,,3.6250782012939453,0.3946956992149353,,
25,1013,,,,,4.758194446563721,0.24981938302516937
25,1013,,,3.4597697257995605,0.40912115573883057,,
26,1052,,,,,4.678744316101074,0.24670594930648804
26,1052,,,3.351862907409668,0.43252402544021606,,
27,1091,,,,,4.797791481018066,0.2461668699979782
27,1091,,,3.4671289920806885,0.42468637228012085,,
28,1130,,,,,4.728564739227295,0.24501052498817444
28,1130,,,3.54549503326416,0.42902672290802,,
29,1169,,,,,4.6516313552856445,0.24716836214065552
29,1169,,,3.475675106048584,0.42029890418052673,,
30,1208,,,,,4.778659820556641,0.24980999529361725
30,1208,,,3.528400182723999,0.4205266535282135,,
31,1247,,,,,4.657020568847656,0.24981769919395447
31,1247,,,3.2824151515960693,0.3925175964832306,,
32,1286,,,,,4.637088775634766,0.25191226601600647
32,1286,,,3.321636438369751,0.42659103870391846,,
33,1325,,,,,4.7385149002075195,0.24980205297470093
33,1325,,,3.538623809814453,0.41184258460998535,,
34,1364,,,,,4.6071553230285645,0.24761949479579926
34,1364,,,3.331101655960083,0.44595688581466675,,
35,1403,,,,,4.800533771514893,0.24584080278873444
35,1403,,,3.5663843154907227,0.4268539249897003,,
36,1442,,,,,4.652238845825195,0.2491636872291565
36,1442,,,3.245450496673584,0.43110719323158264,,
37,1481,,,,,4.657646656036377,0.24801531434059143
37,1481,,,3.5302162170410156,0.4275383949279785,,
38,1520,,,,,4.670185565948486,0.24788758158683777
38,1520,,,3.375971794128418,0.42742210626602173,,
39,1559,,,,,4.819031715393066,0.24943768978118896
39,1559,,,3.2959630489349365,0.43918439745903015,,
40,1598,,,,,4.628645420074463,0.24957551062107086
40,1598,,,3.5511772632598877,0.4201798141002655,,
41,1637,,,,,4.652193546295166,0.24784362316131592
41,1637,,,3.412355422973633,0.416555792093277,,
42,1676,,,,,4.6954264640808105,0.2457694411277771
42,1676,,,3.427053213119507,0.443077027797699,,
43,1715,,,,,4.781871795654297,0.24339559674263
43,1715,,,3.3975322246551514,0.41985100507736206,,
44,1754,,,,,4.700598239898682,0.24584229290485382
44,1754,,,3.352560520172119,0.41966429352760315,,
45,1793,,,,,4.737275123596191,0.24320192635059357
45,1793,,,3.442852258682251,0.43096891045570374,,
46,1832,,,,,4.641144275665283,0.2439948469400406
46,1832,,,3.4176385402679443,0.4359073042869568,,
47,1871,,,,,4.669475078582764,0.24437598884105682
47,1871,,,3.385737180709839,0.4415675401687622,,
48,1910,,,,,4.680612564086914,0.24604591727256775
48,1910,,,3.2051212787628174,0.439475417137146,,
49,1949,,,,,4.6348772048950195,0.24974723160266876
49,1949,,,3.4553382396698,0.43306764960289,,
50,1988,,,,,4.748262405395508,0.24898222088813782
50,1988,,,3.55517315864563,0.44974061846733093,,
51,2027,,,,,4.804119110107422,0.24835750460624695
51,2027,,,3.1503243446350098,0.4369969069957733,,
52,2066,,,,,4.7645673751831055,0.24938470125198364
52,2066,,,3.570910692214966,0.4194360375404358,,
53,2105,,,,,4.605989456176758,0.24486888945102692
53,2105,,,3.4631590843200684,0.4482973515987396,,
54,2144,,,,,4.758203983306885,0.24484285712242126
54,2144,,,3.25870418548584,0.44398507475852966,,
55,2183,,,,,4.647146701812744,0.24524547159671783
55,2183,,,3.411745548248291,0.45351019501686096,,
56,2222,,,,,4.727500915527344,0.24596138298511505
56,2222,,,3.3534772396087646,0.4638682007789612,,
57,2261,,,,,4.821633815765381,0.24262811243534088
57,2261,,,3.4348950386047363,0.4469895362854004,,
58,2300,,,,,4.703866004943848,0.23932377994060516
58,2300,,,3.13897705078125,0.43292373418807983,,
59,2339,,,,,4.7814154624938965,0.24192260205745697
59,2339,,,3.4474940299987793,0.43989622592926025,,
60,2378,,,,,4.7356791496276855,0.24075782299041748
60,2378,,,3.4602770805358887,0.43740400671958923,,
61,2417,,,,,4.787327766418457,0.2401403784751892
61,2417,,,3.4392738342285156,0.42836204171180725,,
62,2456,,,,,4.829501628875732,0.2417261302471161
62,2456,,,3.190800666809082,0.4367111325263977,,
63,2495,,,,,4.716869354248047,0.24171820282936096
63,2495,,,3.592205762863159,0.4457450211048126,,
64,2534,,,,,4.7743000984191895,0.24149352312088013
64,2534,,,3.3578898906707764,0.44106200337409973,,
65,2573,,,,,4.693635940551758,0.24435414373874664
65,2573,,,3.270782232284546,0.4410257935523987,,
66,2612,,,,,4.704545974731445,0.2420346736907959
66,2612,,,3.4695611000061035,0.43834418058395386,,
67,2651,,,,,4.760982036590576,0.2413913458585739
67,2651,,,3.4439549446105957,0.43068769574165344,,
68,2690,,,,,4.9215922355651855,0.24135269224643707
68,2690,,,3.441265344619751,0.45199888944625854,,
69,2729,,,,,4.756113529205322,0.2417689710855484
69,2729,,,3.531027317047119,0.4313165247440338,,
70,2768,,,,,4.763790130615234,0.2423391491174698
70,2768,,,3.5436832904815674,0.4535943567752838,,
71,2807,,,,,4.752882480621338,0.24295400083065033
71,2807,,,3.306673526763916,0.45951056480407715,,
72,2846,,,,,4.898991107940674,0.24022333323955536
72,2846,,,3.644493579864502,0.4396708607673645,,
73,2885,,,,,4.775058746337891,0.24177783727645874
73,2885,,,3.3235418796539307,0.4279263913631439,,
74,2924,,,,,4.799876689910889,0.24213194847106934
74,2924,,,3.229217529296875,0.43761008977890015,,
75,2963,,,,,4.746641635894775,0.24431747198104858
75,2963,,,3.4392144680023193,0.43614616990089417,,
76,3002,,,,,4.8603291511535645,0.24264560639858246
76,3002,,,3.299053907394409,0.4111686050891876,,
77,3041,,,,,4.714585304260254,0.24345749616622925
77,3041,,,3.459261417388916,0.4281931221485138,,
78,3080,,,,,4.845292568206787,0.24240794777870178
78,3080,,,3.4426143169403076,0.43280333280563354,,
79,3119,,,,,4.8195109367370605,0.23947393894195557
79,3119,,,3.305664539337158,0.44141885638237,,
80,3158,,,,,4.836315155029297,0.23886209726333618
80,3158,,,3.2773115634918213,0.41086578369140625,,
81,3197,,,,,4.790859222412109,0.23801013827323914
81,3197,,,3.094146728515625,0.4495851993560791,,
82,3236,,,,,4.7796430587768555,0.23785662651062012
82,3236,,,3.3476011753082275,0.4328649938106537,,
83,3275,,,,,4.756072998046875,0.23998352885246277
83,3275,,,3.4383418560028076,0.43395689129829407,,
84,3314,,,,,4.712372779846191,0.23930539190769196
84,3314,,,3.3729546070098877,0.45176810026168823,,
85,3353,,,,,4.730545997619629,0.23953299224376678
85,3353,,,3.4100685119628906,0.481233686208725,,
86,3392,,,,,4.795583248138428,0.24027273058891296
86,3392,,,3.4542315006256104,0.44822248816490173,,
87,3431,,,,,4.749480724334717,0.23955143988132477
87,3431,,,3.434257745742798,0.43420854210853577,,
88,3470,,,,,4.771017551422119,0.23792150616645813
88,3470,,,3.362823009490967,0.4533636271953583,,
89,3509,,,,,4.870006084442139,0.23776882886886597
89,3509,,,3.522900342941284,0.4276992976665497,,
90,3548,,,,,4.75974178314209,0.23608410358428955
90,3548,,,3.0397565364837646,0.44176897406578064,,
91,3587,,,,,4.8120808601379395,0.23857058584690094
91,3587,,,3.311782121658325,0.4877866208553314,,
92,3626,,,,,4.912704944610596,0.23800168931484222
92,3626,,,3.3644940853118896,0.4412534236907959,,
93,3665,,,,,4.803830146789551,0.24033842980861664
93,3665,,,3.1926052570343018,0.46857085824012756,,
94,3704,,,,,4.7412519454956055,0.24129551649093628
94,3704,,,3.4407124519348145,0.4682171642780304,,
95,3743,,,,,4.863752841949463,0.23972851037979126
95,3743,,,3.2662181854248047,0.4597846269607544,,
96,3782,,,,,4.774277210235596,0.24241450428962708
96,3782,,,3.4106547832489014,0.46112725138664246,,
97,3821,,,,,4.8561859130859375,0.23918554186820984
97,3821,,,3.285325765609741,0.4545491933822632,,
98,3860,,,,,4.810689449310303,0.23688173294067383
98,3860,,,3.357297897338867,0.4597063660621643,,
99,3899,,,,,4.7973527908325195,0.23758770525455475
99,3899,,,3.341514825820923,0.46056631207466125,,
100,3938,,,,,4.808407783508301,0.23753400146961212
100,3938,,,3.381554126739502,0.4612883925437927,,
101,3977,,,,,4.850717544555664,0.2367984503507614
101,3977,,,3.1850473880767822,0.4725034236907959,,
102,4016,,,,,4.893543243408203,0.23498862981796265
102,4016,,,3.3556251525878906,0.46205922961235046,,
103,4055,,,,,4.956596374511719,0.235062837600708
103,4055,,,3.2514970302581787,0.4801865518093109,,
104,4094,,,,,4.859620094299316,0.2357908934354782
104,4094,,,3.167130947113037,0.4848325550556183,,
105,4133,,,,,4.909505844116211,0.2378065139055252
105,4133,,,3.490588426589966,0.4652158319950104,,
106,4172,,,,,5.081151008605957,0.23573116958141327
106,4172,,,3.413358688354492,0.46024635434150696,,
107,4211,,,,,4.835084438323975,0.23669275641441345
107,4211,,,3.301626443862915,0.4746909439563751,,
108,4250,,,,,5.017658710479736,0.2366870939731598
108,4250,,,3.3084449768066406,0.4553152322769165,,
109,4289,,,,,4.910116672515869,0.2359631061553955
109,4289,,,3.3854548931121826,0.4466813802719116,,
110,4328,,,,,4.789819240570068,0.2393593043088913
110,4328,,,3.1498255729675293,0.4412129819393158,,
111,4367,,,,,4.826113700866699,0.24049484729766846
111,4367,,,3.2979414463043213,0.4926016926765442,,
112,4406,,,,,4.8899407386779785,0.24142707884311676
112,4406,,,3.00628399848938,0.46484535932540894,,
113,4445,,,,,4.804078102111816,0.24162881076335907
113,4445,,,3.175250768661499,0.4745445251464844,,
114,4484,,,,,4.93605375289917,0.24092090129852295
114,4484,,,3.2993617057800293,0.46177375316619873,,
115,4523,,,,,4.904120922088623,0.24188727140426636
115,4523,,,3.3265013694763184,0.47199106216430664,,
116,4562,,,,,4.970505714416504,0.23848801851272583
116,4562,,,3.2852814197540283,0.4478949010372162,,
117,4601,,,,,4.916941165924072,0.2383427917957306
117,4601,,,3.3370020389556885,0.4703955054283142,,
118,4640,,,,,4.866768836975098,0.23871637880802155
118,4640,,,3.2648518085479736,0.44928163290023804,,
119,4679,,,,,4.889532566070557,0.239554762840271
119,4679,,,3.362006187438965,0.47686293721199036,,
120,4718,,,,,4.959125518798828,0.23739473521709442
120,4718,,,3.2403194904327393,0.4701857566833496,,
121,4757,,,,,4.862551689147949,0.2372257262468338
121,4757,,,2.9730799198150635,0.480497270822525,,
122,4796,,,,,4.941689968109131,0.23628993332386017
122,4796,,,3.405052661895752,0.5047925114631653,,
123,4835,,,,,4.941305160522461,0.23572012782096863
123,4835,,,3.0653889179229736,0.46269020438194275,,
124,4874,,,,,4.959418296813965,0.2364373356103897
124,4874,,,3.262011766433716,0.47893667221069336,,
125,4913,,,,,4.877814769744873,0.23689742386341095
125,4913,,,3.2374050617218018,0.46521109342575073,,
126,4952,,,,,4.978724002838135,0.23528993129730225
126,4952,,,3.1311936378479004,0.48906540870666504,,
127,4991,,,,,4.9397358894348145,0.2354816496372223
127,4991,,,3.3029444217681885,0.47156256437301636,,
128,5030,,,,,5.0286431312561035,0.23365356028079987
128,5030,,,3.2620179653167725,0.469715416431427,,
129,5069,,,,,4.919938564300537,0.23583203554153442
129,5069,,,3.22463059425354,0.470378041267395,,
130,5108,,,,,5.02768087387085,0.2356114387512207
130,5108,,,3.327277898788452,0.48822021484375,,
131,5147,,,,,4.9214887619018555,0.2364380657672882
131,5147,,,3.002185821533203,0.4882430136203766,,
132,5186,,,,,4.990528583526611,0.2369837909936905
132,5186,,,3.123779296875,0.48595526814460754,,
133,5225,,,,,5.023810863494873,0.23476621508598328
133,5225,,,3.087946891784668,0.4915062487125397,,
134,5264,,,,,5.023139953613281,0.23422831296920776
134,5264,,,3.0745866298675537,0.4852871596813202,,
135,5303,,,,,4.994640827178955,0.23343542218208313
135,5303,,,3.2541463375091553,0.4964654743671417,,
136,5342,,,,,4.918545722961426,0.2353411465883255
136,5342,,,3.1863532066345215,0.4690750241279602,,
137,5381,,,,,5.004405975341797,0.23656147718429565
137,5381,,,3.2421505451202393,0.48153501749038696,,
138,5420,,,,,4.987706661224365,0.23780198395252228
138,5420,,,3.2338478565216064,0.5041588544845581,,
139,5459,,,,,5.041537761688232,0.2375161349773407
139,5459,,,3.2849714756011963,0.472648024559021,,
140,5498,,,,,5.0744452476501465,0.2348632663488388
140,5498,,,3.1792383193969727,0.48580628633499146,,
141,5537,,,,,5.099217891693115,0.235250324010849
141,5537,,,3.19897198677063,0.4773598313331604,,
142,5576,,,,,5.057651042938232,0.23644515872001648
142,5576,,,3.24871563911438,0.47719237208366394,,
143,5615,,,,,5.0842413902282715,0.23839791119098663
143,5615,,,2.9960505962371826,0.4708174765110016,,
144,5654,,,,,5.051395893096924,0.2374681979417801
144,5654,,,3.20409893989563,0.47658395767211914,,
145,5693,,,,,5.027894496917725,0.23838211596012115
145,5693,,,3.2049193382263184,0.49422121047973633,,
146,5732,,,,,5.1007609367370605,0.23710301518440247
146,5732,,,3.2347285747528076,0.4923062324523926,,
147,5771,,,,,5.033905982971191,0.2405269742012024
147,5771,,,3.0811572074890137,0.5184314250946045,,
148,5810,,,,,5.064242362976074,0.2391066551208496
148,5810,,,3.0016722679138184,0.48320960998535156,,
149,5849,,,,,5.08621072769165,0.24005761742591858
149,5849,,,3.2196600437164307,0.511991560459137,,
150,5888,,,,,4.994434833526611,0.2415778636932373
150,5888,,,3.2050130367279053,0.4888852536678314,,
151,5927,,,,,5.057994365692139,0.24034930765628815
151,5927,,,3.188392400741577,0.49201059341430664,,
152,5966,,,,,5.15303373336792,0.23796460032463074
152,5966,,,3.182358980178833,0.47236257791519165,,
153,6005,,,,,5.048213958740234,0.24073302745819092
153,6005,,,3.0963079929351807,0.5023049712181091,,
154,6044,,,,,5.076144695281982,0.23805347084999084
154,6044,,,2.847735643386841,0.48671483993530273,,
155,6083,,,,,5.071005821228027,0.23945480585098267
155,6083,,,3.0752532482147217,0.4998629689216614,,
156,6122,,,,,5.0777587890625,0.23848581314086914
156,6122,,,2.992159605026245,0.4799688160419464,,
157,6161,,,,,5.17778205871582,0.23662874102592468
157,6161,,,3.1948740482330322,0.5019627809524536,,
158,6200,,,,,5.1665358543396,0.23772579431533813
158,6200,,,3.161839723587036,0.47396278381347656,,
159,6239,,,,,5.058038234710693,0.23880556225776672
159,6239,,,2.98675799369812,0.5143884420394897,,
160,6278,,,,,5.142962455749512,0.23825931549072266
160,6278,,,3.0067851543426514,0.5113750696182251,,
161,6317,,,,,5.178530216217041,0.23629313707351685
161,6317,,,3.1489098072052,0.48882758617401123,,
162,6356,,,,,5.125484943389893,0.2368622124195099
162,6356,,,3.1689677238464355,0.49364784359931946,,
163,6395,,,,,5.138087272644043,0.23602263629436493
163,6395,,,2.9760591983795166,0.5049188733100891,,
164,6434,,,,,5.140952110290527,0.23337629437446594
164,6434,,,3.0040438175201416,0.5055912137031555,,
165,6473,,,,,5.147050380706787,0.23288053274154663
165,6473,,,3.0254623889923096,0.5145015716552734,,
166,6512,,,,,5.192749977111816,0.22962553799152374
166,6512,,,2.9317493438720703,0.5199614763259888,,
167,6551,,,,,5.208332538604736,0.22758352756500244
167,6551,,,2.995999574661255,0.5091946125030518,,
168,6590,,,,,5.244109153747559,0.22806964814662933
168,6590,,,3.0852932929992676,0.49230536818504333,,
169,6629,,,,,5.193416595458984,0.22942757606506348
169,6629,,,3.0113322734832764,0.4922519624233246,,
170,6668,,,,,5.105000019073486,0.23334923386573792
170,6668,,,2.9488258361816406,0.4973122477531433,,
171,6707,,,,,5.18839693069458,0.23136205971240997
171,6707,,,3.1852073669433594,0.4963513910770416,,
172,6746,,,,,5.196938991546631,0.2294885814189911
172,6746,,,3.192136526107788,0.51247638463974,,
173,6785,,,,,5.329061985015869,0.2265045940876007
173,6785,,,3.0630877017974854,0.5049793124198914,,
174,6824,,,,,5.168285846710205,0.22984066605567932
174,6824,,,2.780146360397339,0.5055997371673584,,
175,6863,,,,,5.209057807922363,0.23112906515598297
175,6863,,,3.1892552375793457,0.5171146988868713,,
176,6902,,,,,5.235899925231934,0.2312002182006836
176,6902,,,3.0824666023254395,0.510343074798584,,
177,6941,,,,,5.1645026206970215,0.2344130128622055
177,6941,,,2.98490309715271,0.5188264846801758,,
178,6980,,,,,5.221490859985352,0.23095454275608063
178,6980,,,3.006057024002075,0.5207451581954956,,
179,7019,,,,,5.242635250091553,0.23052741587162018
179,7019,,,2.9250335693359375,0.5494369864463806,,
180,7058,,,,,5.402989387512207,0.22791799902915955
180,7058,,,3.1378424167633057,0.51133131980896,,
181,7097,,,,,5.256723880767822,0.22972983121871948
181,7097,,,3.0082554817199707,0.5449569225311279,,
182,7136,,,,,5.308051586151123,0.22841636836528778
182,7136,,,3.1497960090637207,0.51919025182724,,
183,7175,,,,,5.235572338104248,0.23154325783252716
183,7175,,,3.1044909954071045,0.5061597228050232,,
184,7214,,,,,5.302920341491699,0.2312832623720169
184,7214,,,2.819444417953491,0.5249358415603638,,
185,7253,,,,,5.265665531158447,0.23080620169639587
185,7253,,,3.000138521194458,0.5175970792770386,,
186,7292,,,,,5.376780033111572,0.22969506680965424
186,7292,,,2.9926958084106445,0.5171752572059631,,
187,7331,,,,,5.281502723693848,0.23244665563106537
187,7331,,,2.8731932640075684,0.5320147275924683,,
188,7370,,,,,5.226166248321533,0.23488561809062958
188,7370,,,2.9247121810913086,0.5383885502815247,,
189,7409,,,,,5.2168450355529785,0.23446440696716309
189,7409,,,3.15944504737854,0.5005764365196228,,
190,7448,,,,,5.238631248474121,0.23303015530109406
190,7448,,,2.942225456237793,0.5123154520988464,,
191,7487,,,,,5.2837090492248535,0.2331337183713913
191,7487,,,3.0376484394073486,0.5298358798027039,,
192,7526,,,,,5.222188472747803,0.23575377464294434
192,7526,,,2.9654369354248047,0.5147572755813599,,
193,7565,,,,,5.305245876312256,0.2358444333076477
193,7565,,,2.859243631362915,0.5372904539108276,,
194,7604,,,,,5.222134113311768,0.23797312378883362
194,7604,,,2.8977692127227783,0.537630558013916,,
195,7643,,,,,5.338842868804932,0.23438797891139984
195,7643,,,2.9334959983825684,0.5105482339859009,,
196,7682,,,,,5.2805562019348145,0.23532237112522125
196,7682,,,2.926018476486206,0.5348409414291382,,
197,7721,,,,,5.286316394805908,0.23565919697284698
197,7721,,,2.798842191696167,0.5258949995040894,,
198,7760,,,,,5.271058559417725,0.2361704707145691
198,7760,,,3.0208091735839844,0.5565559267997742,,
199,7799,,,,,5.245490550994873,0.23783956468105316
199,7799,,,2.824010133743286,0.5557358860969543,,
200,7838,,,,,5.317801475524902,0.2350194752216339
200,7838,,,2.9440762996673584,0.5248191952705383,,
201,7877,,,,,5.260439872741699,0.23791131377220154
201,7877,,,2.8837852478027344,0.5448116064071655,,
202,7916,,,,,5.297730445861816,0.23732218146324158
202,7916,,,2.909848213195801,0.515439510345459,,
203,7955,,,,,5.368797779083252,0.23479437828063965
203,7955,,,3.0375916957855225,0.5230725407600403,,
204,7994,,,,,5.40440034866333,0.2339605689048767
204,7994,,,2.992961883544922,0.5423830151557922,,
205,8033,,,,,5.365287780761719,0.23545266687870026
205,8033,,,2.9049110412597656,0.5265821814537048,,
206,8072,,,,,5.3407368659973145,0.237457275390625
206,8072,,,2.9083893299102783,0.5561061501502991,,
207,8111,,,,,5.44993257522583,0.23386237025260925
207,8111,,,2.8481156826019287,0.5299841165542603,,
208,8150,,,,,5.467637538909912,0.23154409229755402
208,8150,,,2.806032180786133,0.5507081151008606,,
209,8189,,,,,5.440617561340332,0.2329738587141037
209,8189,,,2.900550365447998,0.5373389720916748,,
210,8228,,,,,5.43345832824707,0.23092447221279144
210,8228,,,2.9686038494110107,0.5284193754196167,,
211,8267,,,,,5.3951215744018555,0.23320415616035461
211,8267,,,2.9558463096618652,0.5441693067550659,,
212,8306,,,,,5.526767730712891,0.2302445024251938
212,8306,,,2.892178773880005,0.5425552129745483,,
213,8345,,,,,5.578647136688232,0.2270679771900177
213,8345,,,2.9922850131988525,0.5251629948616028,,
214,8384,,,,,5.445847988128662,0.2300979197025299
214,8384,,,2.7541916370391846,0.5199308395385742,,
215,8423,,,,,5.536797046661377,0.22875910997390747
215,8423,,,2.967355489730835,0.5545289516448975,,
216,8462,,,,,5.514906883239746,0.22838574647903442
216,8462,,,2.853224277496338,0.5540027022361755,,
217,8501,,,,,5.508162975311279,0.22780317068099976
217,8501,,,3.0096919536590576,0.5512827634811401,,
218,8540,,,,,5.6530890464782715,0.22647540271282196
218,8540,,,2.9306395053863525,0.5446847081184387,,
219,8579,,,,,5.446033477783203,0.23314809799194336
219,8579,,,2.841315984725952,0.5272688865661621,,
220,8618,,,,,5.513348579406738,0.23143963515758514
220,8618,,,2.9657673835754395,0.5449674129486084,,
221,8657,,,,,5.521655082702637,0.23147036135196686
221,8657,,,2.8637776374816895,0.5456540584564209,,
222,8696,,,,,5.581315517425537,0.2280804067850113
222,8696,,,2.723367214202881,0.5652369856834412,,
223,8735,,,,,5.466220378875732,0.23167309165000916
223,8735,,,2.96002459526062,0.5299150943756104,,
224,8774,,,,,5.607714653015137,0.22755835950374603
224,8774,,,2.8543450832366943,0.5741295218467712,,
225,8813,,,,,5.60064697265625,0.22794848680496216
225,8813,,,2.6969025135040283,0.5462791919708252,,
226,8852,,,,,5.512790679931641,0.2313825637102127
226,8852,,,2.9775280952453613,0.5440836548805237,,
227,8891,,,,,5.482063293457031,0.23355400562286377
227,8891,,,2.964132308959961,0.5572575926780701,,
228,8930,,,,,5.605064392089844,0.22834356129169464
228,8930,,,2.6297595500946045,0.5586236119270325,,
229,8969,,,,,5.503804683685303,0.23057760298252106
229,8969,,,2.85028338432312,0.5583046078681946,,
230,9008,,,,,5.478353500366211,0.2327536791563034
230,9008,,,2.7413434982299805,0.535474956035614,,
231,9047,,,,,5.476255893707275,0.23395591974258423
231,9047,,,2.7036097049713135,0.5510377883911133,,
232,9086,,,,,5.5056376457214355,0.2328166514635086
232,9086,,,2.9529547691345215,0.5471998453140259,,
233,9125,,,,,5.543485164642334,0.23247459530830383
233,9125,,,2.7594213485717773,0.5446601510047913,,
234,9164,,,,,5.556990146636963,0.2324364185333252
234,9164,,,2.835742712020874,0.5261282920837402,,
235,9203,,,,,5.620621681213379,0.22947457432746887
235,9203,,,2.7292463779449463,0.554212212562561,,
236,9242,,,,,5.650746822357178,0.23027648031711578
236,9242,,,2.8130948543548584,0.5541796088218689,,
237,9281,,,,,5.781806468963623,0.22601699829101562
237,9281,,,2.716318368911743,0.5616670846939087,,
238,9320,,,,,5.635909557342529,0.22876125574111938
238,9320,,,2.7361433506011963,0.5637925267219543,,
239,9359,,,,,5.74564266204834,0.2266835868358612
239,9359,,,2.752272844314575,0.5377399921417236,,
240,9398,,,,,5.716324329376221,0.2249102145433426
240,9398,,,2.835747003555298,0.5296468734741211,,
241,9437,,,,,5.719810962677002,0.22514599561691284
241,9437,,,2.8740570545196533,0.5317266583442688,,
242,9476,,,,,5.686221122741699,0.22570115327835083
242,9476,,,2.7204554080963135,0.5812881588935852,,
243,9515,,,,,5.6481757164001465,0.22665460407733917
243,9515,,,2.75612735748291,0.5581328272819519,,
244,9554,,,,,5.684011936187744,0.22567129135131836
244,9554,,,2.742253065109253,0.5502663254737854,,
245,9593,,,,,5.708868026733398,0.22583042085170746
245,9593,,,2.576791286468506,0.5310128927230835,,
246,9632,,,,,5.576971530914307,0.23060867190361023
246,9632,,,2.7041873931884766,0.5571844577789307,,
247,9671,,,,,5.586640357971191,0.22916154563426971
247,9671,,,2.707780599594116,0.5502962470054626,,
248,9710,,,,,5.46402645111084,0.23212872445583344
248,9710,,,2.741887331008911,0.5722172856330872,,
249,9749,,,,,5.670114994049072,0.22639858722686768
249,9749,,,2.772394895553589,0.5562337636947632,,
250,9788,,,,,5.765074253082275,0.22453047335147858
250,9788,,,2.633082866668701,0.5688548684120178,,
251,9827,,,,,5.71906042098999,0.22525878250598907
251,9827,,,2.678853988647461,0.5466369986534119,,
252,9866,,,,,5.7325439453125,0.22528193891048431
252,9866,,,2.845615863800049,0.5629910230636597,,
253,9905,,,,,5.584402561187744,0.23015575110912323
253,9905,,,2.7524430751800537,0.5476253628730774,,
254,9944,,,,,5.475277423858643,0.23439574241638184
254,9944,,,2.7611098289489746,0.5637431740760803,,
255,9983,,,,,5.606392860412598,0.2294546663761139
255,9983,,,2.6648762226104736,0.5782492160797119,,
256,10022,,,,,5.721808910369873,0.22759263217449188
256,10022,,,2.7120585441589355,0.5502750277519226,,
257,10061,,,,,5.619239807128906,0.23326902091503143
257,10061,,,2.738187074661255,0.5495964288711548,,
258,10100,,,,,5.639143943786621,0.23183025419712067
258,10100,,,2.842381715774536,0.545983076095581,,
259,10139,,,,,5.764871597290039,0.22798758745193481
259,10139,,,2.6107332706451416,0.599259078502655,,
260,10178,,,,,5.790010452270508,0.22714190185070038
260,10178,,,2.83618426322937,0.5673071146011353,,
261,10217,,,,,5.555044174194336,0.2340586632490158
261,10217,,,2.7324159145355225,0.5680834650993347,,
262,10256,,,,,5.473665237426758,0.23788391053676605
262,10256,,,2.6362130641937256,0.5799499154090881,,
263,10295,,,,,5.484515190124512,0.2368696630001068
263,10295,,,2.7174630165100098,0.5423495173454285,,
264,10334,,,,,5.660547256469727,0.23411031067371368
264,10334,,,2.6587579250335693,0.5766045451164246,,
265,10373,,,,,5.662237644195557,0.23229938745498657
265,10373,,,2.730081796646118,0.5735268592834473,,
266,10412,,,,,5.686984539031982,0.23020024597644806
266,10412,,,2.703401565551758,0.5369163155555725,,
267,10451,,,,,5.699371814727783,0.22870908677577972
267,10451,,,2.7436764240264893,0.5708646774291992,,
268,10490,,,,,5.691653251647949,0.23010191321372986
268,10490,,,2.695122718811035,0.5849120616912842,,
269,10529,,,,,5.76976203918457,0.22766317427158356
269,10529,,,2.700845956802368,0.5589688420295715,,
270,10568,,,,,5.826554298400879,0.2269546091556549
270,10568,,,2.695157527923584,0.5788090825080872,,
271,10607,,,,,5.821784019470215,0.2267024964094162
271,10607,,,2.668990135192871,0.6018675565719604,,
272,10646,,,,,5.844465255737305,0.22427237033843994
272,10646,,,2.5604939460754395,0.5936076045036316,,
273,10685,,,,,5.912754535675049,0.2218632996082306
273,10685,,,2.647289276123047,0.5822871923446655,,
274,10724,,,,,5.904195785522461,0.22127491235733032
274,10724,,,2.6616883277893066,0.5744017362594604,,
275,10763,,,,,5.733312129974365,0.22477659583091736
275,10763,,,2.58783221244812,0.5713135004043579,,
276,10802,,,,,5.694264888763428,0.2267283797264099
276,10802,,,2.658445358276367,0.5774632096290588,,
277,10841,,,,,5.815804481506348,0.2243981510400772
277,10841,,,2.7103943824768066,0.581779956817627,,
278,10880,,,,,5.801600933074951,0.22421658039093018
278,10880,,,2.672642946243286,0.5650157332420349,,
279,10919,,,,,5.7650980949401855,0.2252182960510254
279,10919,,,2.56347918510437,0.5825272798538208,,
280,10958,,,,,5.788869380950928,0.2257600724697113
280,10958,,,2.6358065605163574,0.5844776034355164,,
281,10997,,,,,5.971141815185547,0.22179894149303436
281,10997,,,2.561251640319824,0.5768097043037415,,
282,11036,,,,,5.82739782333374,0.2273162454366684
282,11036,,,2.497441291809082,0.6129059791564941,,
283,11075,,,,,5.849769115447998,0.22821928560733795
283,11075,,,2.5865118503570557,0.5898575186729431,,
284,11114,,,,,5.729228973388672,0.23209041357040405
284,11114,,,2.4646525382995605,0.5854318141937256,,
285,11153,,,,,5.683528423309326,0.23377348482608795
285,11153,,,2.742966890335083,0.5879418849945068,,
286,11192,,,,,5.962390899658203,0.2242688238620758
286,11192,,,2.7222838401794434,0.5750728249549866,,
287,11231,,,,,5.721663475036621,0.23290757834911346
287,11231,,,2.5147793292999268,0.5735017657279968,,
288,11270,,,,,5.877499103546143,0.2281034141778946
288,11270,,,2.5482285022735596,0.6091371178627014,,
289,11309,,,,,5.713393211364746,0.23403452336788177
289,11309,,,2.686105489730835,0.5854817032814026,,
290,11348,,,,,5.72676944732666,0.23402786254882812
290,11348,,,2.603203296661377,0.592703104019165,,
291,11387,,,,,5.68490743637085,0.2334333211183548
291,11387,,,2.602842330932617,0.5570204854011536,,
292,11426,,,,,5.77744197845459,0.2309412658214569
292,11426,,,2.4669604301452637,0.5960596799850464,,
293,11465,,,,,5.582158088684082,0.23747088015079498
293,11465,,,2.4919393062591553,0.5613124370574951,,
294,11504,,,,,5.778958320617676,0.23012174665927887
294,11504,,,2.787691354751587,0.5587687492370605,,
295,11543,,,,,5.8548126220703125,0.22860971093177795
295,11543,,,2.596869468688965,0.5993645787239075,,
296,11582,,,,,5.723838806152344,0.23109735548496246
296,11582,,,2.463975191116333,0.57204669713974,,
297,11621,,,,,5.718206405639648,0.22830326855182648
297,11621,,,2.639338970184326,0.5550475120544434,,
298,11660,,,,,5.787479877471924,0.22584226727485657
298,11660,,,2.5961201190948486,0.5813078284263611,,
299,11699,,,,,5.79458475112915,0.22424326837062836
299,11699,,,2.5995657444000244,0.5516625642776489,,
300,11738,,,,,5.906891345977783,0.22220246493816376
300,11738,,,2.6003878116607666,0.5731537342071533,,
301,11777,,,,,5.851799964904785,0.2205822616815567
301,11777,,,2.615684747695923,0.5727416276931763,,
302,11816,,,,,5.795949935913086,0.2199081927537918
302,11816,,,2.6111979484558105,0.5855406522750854,,
303,11855,,,,,5.902318477630615,0.21897201240062714
303,11855,,,2.579035758972168,0.5791953802108765,,
304,11894,,,,,5.814413070678711,0.22054645419120789
304,11894,,,2.612565755844116,0.5640692114830017,,
305,11933,,,,,5.854001998901367,0.22146175801753998
305,11933,,,2.588653326034546,0.5693557858467102,,
306,11972,,,,,5.949695587158203,0.22103241086006165
306,11972,,,2.613481044769287,0.6105285286903381,,
307,12011,,,,,6.028636932373047,0.22169682383537292
307,12011,,,2.634972333908081,0.5816482901573181,,
308,12050,,,,,5.839296340942383,0.22521880269050598
308,12050,,,2.716606616973877,0.5761604905128479,,
309,12089,,,,,6.0051398277282715,0.22210131585597992
309,12089,,,2.490669012069702,0.5797798037528992,,
310,12128,,,,,6.021099090576172,0.22221112251281738
310,12128,,,2.535862922668457,0.6063209176063538,,
311,12167,,,,,5.874077320098877,0.22734884917736053
311,12167,,,2.486732006072998,0.6149105429649353,,
312,12206,,,,,5.905235290527344,0.228541299700737
312,12206,,,2.561939239501953,0.5956458449363708,,
313,12245,,,,,5.79539155960083,0.230362206697464
313,12245,,,2.6198768615722656,0.5760205388069153,,
314,12284,,,,,5.828949928283691,0.23054450750350952
314,12284,,,2.7291996479034424,0.5678780674934387,,
315,12323,,,,,5.812236785888672,0.23204301297664642
315,12323,,,2.5533103942871094,0.5864788889884949,,
316,12362,,,,,6.03264856338501,0.22623473405838013
316,12362,,,2.6915934085845947,0.6090598702430725,,
317,12401,,,,,5.963436126708984,0.22890020906925201
317,12401,,,2.457115650177002,0.6031437516212463,,
318,12440,,,,,6.012962341308594,0.2308368980884552
318,12440,,,2.464655637741089,0.6161859631538391,,
319,12479,,,,,6.072037696838379,0.22767595946788788
319,12479,,,2.485652446746826,0.5685864686965942,,
320,12518,,,,,5.8964619636535645,0.23251290619373322
320,12518,,,2.460291624069214,0.5836816430091858,,
321,12557,,,,,5.944591045379639,0.23080141842365265
321,12557,,,2.625412940979004,0.6007789373397827,,
322,12596,,,,,5.842324733734131,0.23350593447685242
322,12596,,,2.622589588165283,0.5843667387962341,,
323,12635,,,,,6.198477745056152,0.22359518706798553
323,12635,,,2.463193655014038,0.6014318466186523,,
324,12674,,,,,6.087761402130127,0.2274172455072403
324,12674,,,2.747124195098877,0.6004622578620911,,
325,12713,,,,,6.153768062591553,0.22446051239967346
325,12713,,,2.496748924255371,0.6203237771987915,,
326,12752,,,,,5.878975868225098,0.23332048952579498
326,12752,,,2.476161241531372,0.5899624824523926,,
327,12791,,,,,5.9575676918029785,0.22985635697841644
327,12791,,,2.4812703132629395,0.5994035005569458,,
328,12830,,,,,5.981550693511963,0.22661200165748596
328,12830,,,2.510302782058716,0.5764111280441284,,
329,12869,,,,,6.0926079750061035,0.2261655479669571
329,12869,,,2.5386738777160645,0.5765661001205444,,
330,12908,,,,,5.859225749969482,0.23188962042331696
330,12908,,,2.5901474952697754,0.5711802244186401,,
331,12947,,,,,5.9349684715271,0.2267840951681137
331,12947,,,2.56691575050354,0.621749758720398,,
332,12986,,,,,5.867466926574707,0.23263677954673767
332,12986,,,2.6412034034729004,0.6036932468414307,,
333,13025,,,,,5.924778938293457,0.23116005957126617
333,13025,,,2.3438446521759033,0.6087709665298462,,
334,13064,,,,,5.954843521118164,0.22930271923542023
334,13064,,,2.503286600112915,0.59974604845047,,
335,13103,,,,,6.073415279388428,0.22802598774433136
335,13103,,,2.5200681686401367,0.6011940240859985,,
336,13142,,,,,6.081670761108398,0.22262127697467804
336,13142,,,2.5387089252471924,0.5899211168289185,,
337,13181,,,,,6.0312018394470215,0.22444868087768555
337,13181,,,2.5426928997039795,0.5750628113746643,,
338,13220,,,,,5.99804162979126,0.22489604353904724
338,13220,,,2.5722107887268066,0.6080285310745239,,
339,13259,,,,,6.044148921966553,0.22343695163726807
339,13259,,,2.400815725326538,0.6205032467842102,,
340,13298,,,,,5.951241493225098,0.2250603884458542
340,13298,,,2.528918981552124,0.6086495518684387,,
341,13337,,,,,5.9440388679504395,0.22399821877479553
341,13337,,,2.496962785720825,0.5985667109489441,,
342,13376,,,,,6.057352066040039,0.2207876294851303
342,13376,,,2.5230588912963867,0.6144353151321411,,
343,13415,,,,,6.159995079040527,0.2193911075592041
343,13415,,,2.34938645362854,0.6209273934364319,,
344,13454,,,,,6.210860252380371,0.21966291964054108
344,13454,,,2.37031888961792,0.5853623151779175,,
345,13493,,,,,6.258769512176514,0.21708747744560242
345,13493,,,2.434431314468384,0.6010058522224426,,
346,13532,,,,,6.120118618011475,0.22127634286880493
346,13532,,,2.352799654006958,0.6332488656044006,,
347,13571,,,,,6.097623825073242,0.22202911972999573
347,13571,,,2.4598145484924316,0.5851660966873169,,
348,13610,,,,,6.156381607055664,0.22121931612491608
348,13610,,,2.4835622310638428,0.5899493098258972,,
349,13649,,,,,6.299037456512451,0.21570830047130585
349,13649,,,2.3254387378692627,0.5928608775138855,,
350,13688,,,,,6.103936195373535,0.22272779047489166
350,13688,,,2.3128128051757812,0.6031904816627502,,
351,13727,,,,,6.132431507110596,0.22193121910095215
351,13727,,,2.417001485824585,0.5805975794792175,,
352,13766,,,,,6.227646350860596,0.22172604501247406
352,13766,,,2.4689548015594482,0.5958817601203918,,
353,13805,,,,,6.327518463134766,0.21864384412765503
353,13805,,,2.408656120300293,0.6399557590484619,,
354,13844,,,,,6.199207305908203,0.2204550951719284
354,13844,,,2.6810708045959473,0.594418466091156,,
355,13883,,,,,6.152480602264404,0.22282271087169647
355,13883,,,2.415428638458252,0.6263173222541809,,
356,13922,,,,,6.038909435272217,0.22535812854766846
356,13922,,,2.457554578781128,0.5977908372879028,,
357,13961,,,,,6.063841342926025,0.2223452925682068
357,13961,,,2.5129852294921875,0.5789825916290283,,
358,14000,,,,,6.1571364402771,0.22000521421432495
358,14000,,,2.61267352104187,0.6022195816040039,,
359,14039,,,,,6.209590911865234,0.2162010669708252
359,14039,,,2.4638257026672363,0.6033443212509155,,
360,14078,,,,,6.176098823547363,0.2206059694290161
360,14078,,,2.4984772205352783,0.6263688206672668,,
361,14117,,,,,6.062990188598633,0.22353143990039825
361,14117,,,2.459998369216919,0.5950867533683777,,
362,14156,,,,,6.314387798309326,0.21611842513084412
362,14156,,,2.454838991165161,0.619624674320221,,
363,14195,,,,,6.088869094848633,0.221396341919899
363,14195,,,2.534752130508423,0.5954108238220215,,
364,14234,,,,,6.162184715270996,0.21708787977695465
364,14234,,,2.6273021697998047,0.6094404458999634,,
365,14273,,,,,6.225402355194092,0.21796444058418274
365,14273,,,2.304480791091919,0.6103227138519287,,
366,14312,,,,,6.189706802368164,0.21912018954753876
366,14312,,,2.2402446269989014,0.596642792224884,,
367,14351,,,,,6.187873363494873,0.21675892174243927
367,14351,,,2.4146816730499268,0.5944458246231079,,
368,14390,,,,,6.240045547485352,0.21519365906715393
368,14390,,,2.4050025939941406,0.6116871237754822,,
369,14429,,,,,6.21686315536499,0.21789434552192688
369,14429,,,2.5482351779937744,0.6041258573532104,,
370,14468,,,,,6.07412052154541,0.2216448038816452
370,14468,,,2.5176644325256348,0.5724066495895386,,
371,14507,,,,,6.394028663635254,0.214837908744812
371,14507,,,2.3553435802459717,0.6413066387176514,,
372,14546,,,,,6.241626739501953,0.21810656785964966
372,14546,,,2.320693254470825,0.6359559893608093,,
373,14585,,,,,6.455907821655273,0.214995339512825
373,14585,,,2.396261215209961,0.6036641001701355,,
374,14624,,,,,6.155417442321777,0.22302138805389404
374,14624,,,2.44283127784729,0.6080909371376038,,
375,14663,,,,,6.004732608795166,0.22667181491851807
375,14663,,,2.4922215938568115,0.6196009516716003,,
376,14702,,,,,6.27341890335083,0.2175682783126831
376,14702,,,2.331576347351074,0.6188687086105347,,
377,14741,,,,,6.17427921295166,0.22240713238716125
377,14741,,,2.620649576187134,0.612819254398346,,
378,14780,,,,,6.323184013366699,0.21467363834381104
378,14780,,,2.3164920806884766,0.5924643874168396,,
379,14819,,,,,6.251605987548828,0.22071973979473114
379,14819,,,2.4961822032928467,0.6019816994667053,,
380,14858,,,,,6.056214332580566,0.2281433790922165
380,14858,,,2.3796517848968506,0.6426763534545898,,
381,14897,,,,,6.113287925720215,0.22691909968852997
381,14897,,,2.4788196086883545,0.5943582653999329,,
382,14936,,,,,6.199147701263428,0.22226758301258087
382,14936,,,2.339884042739868,0.5998871922492981,,
383,14975,,,,,6.149272441864014,0.2241484373807907
383,14975,,,2.4844489097595215,0.6048263907432556,,
384,15014,,,,,6.04741096496582,0.22724826633930206
384,15014,,,2.2977423667907715,0.6405062675476074,,
385,15053,,,,,6.085574626922607,0.22698025405406952
385,15053,,,2.3749794960021973,0.6271052360534668,,
386,15092,,,,,6.182401657104492,0.2246181219816208
386,15092,,,2.4261505603790283,0.5759082436561584,,
387,15131,,,,,6.12404203414917,0.2274692952632904
387,15131,,,2.3875203132629395,0.6297538876533508,,
388,15170,,,,,6.21299409866333,0.22555756568908691
388,15170,,,2.231029987335205,0.6310030817985535,,
389,15209,,,,,6.2503790855407715,0.22369052469730377
389,15209,,,2.474306583404541,0.598343551158905,,
390,15248,,,,,6.18187141418457,0.22642165422439575
390,15248,,,2.3127360343933105,0.6329458951950073,,
391,15287,,,,,6.19879150390625,0.22415439784526825
391,15287,,,2.598780632019043,0.5831282734870911,,
392,15326,,,,,6.189869403839111,0.22364048659801483
392,15326,,,2.341005325317383,0.6123492121696472,,
393,15365,,,,,6.163954734802246,0.2241191416978836
393,15365,,,2.3548715114593506,0.6080945134162903,,
394,15404,,,,,6.267205715179443,0.22065594792366028
394,15404,,,2.3508048057556152,0.630227267742157,,
395,15443,,,,,6.339102745056152,0.21871663630008698
395,15443,,,2.460496664047241,0.6190258860588074,,
396,15482,,,,,6.374932765960693,0.21883510053157806
396,15482,,,2.332597494125366,0.6399256587028503,,
397,15521,,,,,6.2848100662231445,0.22111064195632935
397,15521,,,2.293903112411499,0.610811173915863,,
398,15560,,,,,5.924661636352539,0.23235124349594116
398,15560,,,2.3956775665283203,0.6088822484016418,,
399,15599,,,,,6.054992198944092,0.23231397569179535
399,15599,,,2.299346446990967,0.6188151836395264,,
400,15638,,,,,6.065280437469482,0.23074014484882355
400,15638,,,2.3847477436065674,0.6022183895111084,,
401,15677,,,,,5.888465881347656,0.23791252076625824
401,15677,,,2.3687024116516113,0.5862226486206055,,
402,15716,,,,,5.936026573181152,0.23748283088207245
402,15716,,,2.427001476287842,0.6278064250946045,,
403,15755,,,,,6.0785813331604,0.23298120498657227
403,15755,,,2.498084545135498,0.6158209443092346,,
404,15794,,,,,6.091849327087402,0.2302524447441101
404,15794,,,2.400636911392212,0.5900182127952576,,
405,15833,,,,,6.233731269836426,0.225816547870636
405,15833,,,2.365015983581543,0.6136139035224915,,
406,15872,,,,,6.230069637298584,0.2260463386774063
406,15872,,,2.3352394104003906,0.6042650938034058,,
407,15911,,,,,6.299886226654053,0.22510768473148346
407,15911,,,2.2921018600463867,0.6342541575431824,,
408,15950,,,,,6.300556659698486,0.2278650850057602
408,15950,,,2.2342324256896973,0.6215938925743103,,
409,15989,,,,,6.156955242156982,0.22736576199531555
409,15989,,,2.2631072998046875,0.6001586318016052,,
410,16028,,,,,6.1629719734191895,0.22853682935237885
410,16028,,,2.3231794834136963,0.6169903874397278,,
411,16067,,,,,6.210280418395996,0.22870312631130219
411,16067,,,2.2707571983337402,0.6426910161972046,,
412,16106,,,,,6.255428314208984,0.22678574919700623
412,16106,,,2.264948606491089,0.6210581064224243,,
413,16145,,,,,6.3485212326049805,0.22501282393932343
413,16145,,,2.430579423904419,0.6472509503364563,,
414,16184,,,,,6.225991249084473,0.22917750477790833
414,16184,,,2.270538806915283,0.6371015310287476,,
415,16223,,,,,6.318178653717041,0.22602017223834991
415,16223,,,2.248751163482666,0.6240109801292419,,
416,16262,,,,,6.393235206604004,0.22077913582324982
416,16262,,,2.457183599472046,0.6064073443412781,,
417,16301,,,,,6.340583324432373,0.22248923778533936
417,16301,,,2.377779245376587,0.613123893737793,,
418,16340,,,,,6.2255859375,0.22652892768383026
418,16340,,,2.363697052001953,0.5897288918495178,,
419,16379,,,,,6.136097431182861,0.22929014265537262
419,16379,,,2.2671351432800293,0.6354698538780212,,
420,16418,,,,,6.086748123168945,0.23228719830513
420,16418,,,2.2419726848602295,0.635719895362854,,
421,16457,,,,,6.156973361968994,0.22732198238372803
421,16457,,,2.4038472175598145,0.6349104046821594,,
422,16496,,,,,6.176586627960205,0.22801676392555237
422,16496,,,2.385507106781006,0.6226023435592651,,
423,16535,,,,,6.245649814605713,0.22617916762828827
423,16535,,,2.3494977951049805,0.6446225643157959,,
424,16574,,,,,6.276477336883545,0.22783690690994263
424,16574,,,2.301513433456421,0.6268557906150818,,
425,16613,,,,,6.222868919372559,0.22899922728538513
425,16613,,,2.397679567337036,0.592830240726471,,
426,16652,,,,,6.281717777252197,0.22828225791454315
426,16652,,,2.2931339740753174,0.6399206519126892,,
427,16691,,,,,6.4117560386657715,0.2248913049697876
427,16691,,,2.3438568115234375,0.6216204166412354,,
428,16730,,,,,6.3053107261657715,0.2260013073682785
428,16730,,,2.3058969974517822,0.635471522808075,,
429,16769,,,,,6.333737373352051,0.2306138128042221
429,16769,,,2.3178467750549316,0.6526933312416077,,
430,16808,,,,,6.353682518005371,0.22759950160980225
430,16808,,,2.309295654296875,0.6650289297103882,,
431,16847,,,,,6.362756729125977,0.2263149619102478
431,16847,,,2.4307446479797363,0.6439380049705505,,
432,16886,,,,,6.4718804359436035,0.22411951422691345
432,16886,,,2.268110513687134,0.6237379908561707,,
433,16925,,,,,6.406431198120117,0.2258443981409073
433,16925,,,2.2759227752685547,0.6550298929214478,,
434,16964,,,,,6.303961753845215,0.22902803122997284
434,16964,,,2.1853742599487305,0.6541630625724792,,
435,17003,,,,,6.150747299194336,0.23400968313217163
435,17003,,,2.4092841148376465,0.6188949346542358,,
436,17042,,,,,6.149124622344971,0.2335587441921234
436,17042,,,2.2425410747528076,0.6401609182357788,,
437,17081,,,,,6.196406841278076,0.23078294098377228
437,17081,,,2.1949074268341064,0.64079350233078,,
438,17120,,,,,6.2867889404296875,0.23009076714515686
438,17120,,,2.277611017227173,0.627914547920227,,
439,17159,,,,,6.425173282623291,0.22603033483028412
439,17159,,,2.2312023639678955,0.6307410001754761,,
440,17198,,,,,6.405558109283447,0.22678101062774658
440,17198,,,2.229804754257202,0.643060564994812,,
441,17237,,,,,6.249670505523682,0.23110158741474152
441,17237,,,2.280067205429077,0.5925887823104858,,
442,17276,,,,,6.197927474975586,0.23045305907726288
442,17276,,,2.2129619121551514,0.6042463779449463,,
443,17315,,,,,6.199479103088379,0.22792132198810577
443,17315,,,2.191009044647217,0.633425772190094,,
444,17354,,,,,6.139111042022705,0.23406781256198883
444,17354,,,2.2592203617095947,0.653302788734436,,
445,17393,,,,,6.102504730224609,0.23400159180164337
445,17393,,,2.2862653732299805,0.6317742466926575,,
446,17432,,,,,6.131270408630371,0.23296639323234558
446,17432,,,2.1841962337493896,0.6145279407501221,,
447,17471,,,,,6.09571647644043,0.23497185111045837
447,17471,,,2.21161150932312,0.6360161900520325,,
448,17510,,,,,6.251195430755615,0.23288431763648987
448,17510,,,2.2260971069335938,0.6472256183624268,,
449,17549,,,,,6.408119201660156,0.2275383025407791
449,17549,,,2.0437355041503906,0.6482359766960144,,
450,17588,,,,,6.604265213012695,0.2223501354455948
450,17588,,,2.16562819480896,0.6569288969039917,,
451,17627,,,,,6.567617893218994,0.22644026577472687
451,17627,,,2.1419050693511963,0.6266544461250305,,
452,17666,,,,,6.196998596191406,0.23509760200977325
452,17666,,,2.285637617111206,0.6036192774772644,,
453,17705,,,,,6.377766132354736,0.22922834753990173
453,17705,,,2.225750684738159,0.647619903087616,,
454,17744,,,,,6.304616451263428,0.228658065199852
454,17744,,,2.291914463043213,0.621647834777832,,
455,17783,,,,,6.254101753234863,0.23283866047859192
455,17783,,,2.358724355697632,0.628508448600769,,
456,17822,,,,,6.430313587188721,0.22770100831985474
456,17822,,,2.264892339706421,0.6050111055374146,,
457,17861,,,,,6.195008277893066,0.2308732271194458
457,17861,,,2.1825037002563477,0.6344891786575317,,
458,17900,,,,,6.209763526916504,0.23107850551605225
458,17900,,,2.2471072673797607,0.6358679533004761,,
459,17939,,,,,6.37045955657959,0.22930090129375458
459,17939,,,2.2963874340057373,0.6236472129821777,,
460,17978,,,,,6.168793678283691,0.2322741001844406
460,17978,,,2.3948240280151367,0.5979058742523193,,
461,18017,,,,,6.008464336395264,0.23809660971164703
461,18017,,,2.41560959815979,0.6395206451416016,,
462,18056,,,,,6.081931114196777,0.23710137605667114
462,18056,,,2.220759391784668,0.6449894905090332,,
463,18095,,,,,5.993936061859131,0.2430395781993866
463,18095,,,2.3365914821624756,0.6266945004463196,,
464,18134,,,,,6.264335632324219,0.23191200196743011
464,18134,,,2.26739764213562,0.6403058171272278,,
465,18173,,,,,6.1535491943359375,0.23720358312129974
465,18173,,,2.471379280090332,0.6147638559341431,,
466,18212,,,,,5.975091457366943,0.2423279732465744
466,18212,,,2.237410306930542,0.6423562169075012,,
467,18251,,,,,6.2146382331848145,0.23417548835277557
467,18251,,,2.364013671875,0.6388953328132629,,
468,18290,,,,,6.193283557891846,0.23220637440681458
468,18290,,,2.2527379989624023,0.6093988418579102,,
469,18329,,,,,5.992939472198486,0.2385491281747818
469,18329,,,2.3767082691192627,0.624812662601471,,
470,18368,,,,,6.25399923324585,0.2321617603302002
470,18368,,,2.2074496746063232,0.6419647336006165,,
471,18407,,,,,6.123230934143066,0.2367878258228302
471,18407,,,2.1106958389282227,0.6709342002868652,,
472,18446,,,,,6.2257819175720215,0.2359936535358429
472,18446,,,2.3097636699676514,0.6040837168693542,,
473,18485,,,,,6.114512920379639,0.2409539371728897
473,18485,,,2.2307560443878174,0.6443410515785217,,
474,18524,,,,,6.289362907409668,0.23604974150657654
474,18524,,,2.1749796867370605,0.6467223167419434,,
475,18563,,,,,5.995936870574951,0.24387826025485992
475,18563,,,2.205078601837158,0.6694104671478271,,
476,18602,,,,,6.117621421813965,0.2378966361284256
476,18602,,,2.1983530521392822,0.6317638754844666,,
477,18641,,,,,6.2267022132873535,0.23223774135112762
477,18641,,,2.2661428451538086,0.6381045579910278,,
478,18680,,,,,6.099555015563965,0.23696863651275635
478,18680,,,2.2741193771362305,0.6431074738502502,,
479,18719,,,,,6.027563095092773,0.23799659311771393
479,18719,,,2.2120091915130615,0.6256541013717651,,
480,18758,,,,,6.147957801818848,0.23373979330062866
480,18758,,,2.2901298999786377,0.6416007280349731,,
481,18797,,,,,6.088111400604248,0.2380988448858261
481,18797,,,2.237560272216797,0.6530792117118835,,
482,18836,,,,,6.189161777496338,0.236726313829422
482,18836,,,2.2100539207458496,0.6448944807052612,,
483,18875,,,,,6.266646862030029,0.23511317372322083
483,18875,,,2.220926523208618,0.6659005284309387,,
484,18914,,,,,6.236861705780029,0.23537012934684753
484,18914,,,2.1732990741729736,0.6533607244491577,,
485,18953,,,,,6.182379722595215,0.23472203314304352
485,18953,,,2.202871799468994,0.6598336100578308,,
486,18992,,,,,6.270376682281494,0.23278158903121948
486,18992,,,2.150557279586792,0.6793105602264404,,
487,19031,,,,,6.313755989074707,0.23420961201190948
487,19031,,,2.1856443881988525,0.6251289248466492,,
488,19070,,,,,6.258453845977783,0.23383043706417084
488,19070,,,2.185054063796997,0.6698879599571228,,
489,19109,,,,,6.362948417663574,0.228092759847641
489,19109,,,2.2683753967285156,0.6345300674438477,,
490,19148,,,,,6.289122104644775,0.2301066517829895
490,19148,,,2.1496078968048096,0.6355376839637756,,
491,19187,,,,,6.271291732788086,0.23385365307331085
491,19187,,,2.1684839725494385,0.665651798248291,,
492,19226,,,,,6.439182758331299,0.22724032402038574
492,19226,,,2.0851099491119385,0.6487346291542053,,
493,19265,,,,,6.497797012329102,0.2290317863225937
493,19265,,,2.11506724357605,0.6716996431350708,,
494,19304,,,,,6.331090450286865,0.2324329912662506
494,19304,,,2.1591081619262695,0.6518958806991577,,
495,19343,,,,,6.140544891357422,0.23545998334884644
495,19343,,,2.246009588241577,0.6523697972297668,,
496,19382,,,,,6.0893449783325195,0.23850513994693756
496,19382,,,2.2743165493011475,0.6234014630317688,,
497,19421,,,,,6.166756629943848,0.23418612778186798
497,19421,,,2.2299437522888184,0.6354979872703552,,
498,19460,,,,,6.142759323120117,0.2344476729631424
498,19460,,,2.157447338104248,0.6420736312866211,,
499,19499,,,,,6.176812171936035,0.23494845628738403
499,19499,,,2.1053061485290527,0.6518533229827881,,
500,19538,,,,,6.417516231536865,0.2295328974723816
500,19538,,,2.205843448638916,0.6408411264419556,,
501,19577,,,,,6.423247814178467,0.22748424112796783
501,19577,,,2.2941157817840576,0.629019021987915,,
502,19616,,,,,6.066390514373779,0.23955702781677246
502,19616,,,2.1125144958496094,0.6408485770225525,,
503,19655,,,,,6.0895304679870605,0.24069374799728394
503,19655,,,2.2928569316864014,0.6763213276863098,,
504,19694,,,,,6.220118522644043,0.23558355867862701
504,19694,,,2.143916606903076,0.641162097454071,,
505,19733,,,,,6.139928817749023,0.23939353227615356
505,19733,,,2.1229512691497803,0.6788351535797119,,
506,19772,,,,,6.105217456817627,0.24017928540706635
506,19772,,,2.316157341003418,0.6246811747550964,,
507,19811,,,,,6.166906356811523,0.23672571778297424
507,19811,,,2.116273880004883,0.6524140238761902,,
508,19850,,,,,6.148434162139893,0.23811641335487366
508,19850,,,2.3378915786743164,0.6115699410438538,,
509,19889,,,,,6.191650867462158,0.23708249628543854
509,19889,,,2.0257351398468018,0.6600394248962402,,
510,19928,,,,,6.183681488037109,0.23773476481437683
510,19928,,,2.221630096435547,0.6375852823257446,,
511,19967,,,,,5.988412857055664,0.24834632873535156
511,19967,,,2.151714324951172,0.6323443055152893,,
512,20006,,,,,6.109160423278809,0.24486950039863586
512,20006,,,2.176269054412842,0.6702860593795776,,
513,20045,,,,,6.060307502746582,0.24729055166244507
513,20045,,,2.089125156402588,0.6682519912719727,,
514,20084,,,,,6.017600059509277,0.25052568316459656
514,20084,,,2.209362745285034,0.6435848474502563,,
515,20123,,,,,6.121286392211914,0.24854522943496704
515,20123,,,2.1104795932769775,0.6703670024871826,,
516,20162,,,,,6.045036792755127,0.2505078613758087
516,20162,,,2.213848114013672,0.6461373567581177,,
517,20201,,,,,6.0540971755981445,0.24957820773124695
517,20201,,,2.138622760772705,0.6791511178016663,,
518,20240,,,,,6.228292942047119,0.24261879920959473
518,20240,,,2.1712284088134766,0.6419406533241272,,
519,20279,,,,,6.122757911682129,0.24625009298324585
519,20279,,,2.1811389923095703,0.6727805137634277,,
520,20318,,,,,6.142558574676514,0.24630729854106903
520,20318,,,2.130838632583618,0.6821879148483276,,
521,20357,,,,,6.125945091247559,0.24668404459953308
521,20357,,,2.148674726486206,0.6535401344299316,,
522,20396,,,,,6.132760524749756,0.24851934611797333
522,20396,,,2.0332701206207275,0.6431388854980469,,
523,20435,,,,,6.186641216278076,0.24645330011844635
523,20435,,,2.256681442260742,0.6426305770874023,,
524,20474,,,,,6.312643051147461,0.24139225482940674
524,20474,,,2.065446138381958,0.6565983295440674,,
525,20513,,,,,6.3746657371521,0.23903019726276398
525,20513,,,2.0999042987823486,0.6677559018135071,,
526,20552,,,,,6.150075912475586,0.2446383535861969
526,20552,,,2.2565248012542725,0.6250191926956177,,
527,20591,,,,,6.228662967681885,0.24260587990283966
527,20591,,,2.0577220916748047,0.6927760243415833,,
528,20630,,,,,6.327890396118164,0.23984763026237488
528,20630,,,2.194082498550415,0.6143723130226135,,
529,20669,,,,,6.074454307556152,0.24908354878425598
529,20669,,,2.163059711456299,0.6694421172142029,,
530,20708,,,,,6.368409156799316,0.24041296541690826
530,20708,,,2.232518196105957,0.6712591052055359,,
531,20747,,,,,6.151336669921875,0.24297478795051575
531,20747,,,2.1731996536254883,0.6474899053573608,,
532,20786,,,,,6.241107940673828,0.2418672889471054
532,20786,,,2.066737174987793,0.6678761839866638,,
533,20825,,,,,6.399425506591797,0.2398896962404251
533,20825,,,2.0979385375976562,0.6811687350273132,,
534,20864,,,,,6.384241580963135,0.2401456981897354
534,20864,,,2.1727638244628906,0.6526138782501221,,
535,20903,,,,,6.452920436859131,0.23580113053321838
535,20903,,,2.1475143432617188,0.6452302932739258,,
536,20942,,,,,6.260507106781006,0.23908717930316925
536,20942,,,2.0466387271881104,0.6889834403991699,,
537,20981,,,,,6.391525745391846,0.23816724121570587
537,20981,,,2.145369052886963,0.640941321849823,,
538,21020,,,,,6.177871227264404,0.24451114237308502
538,21020,,,2.1245477199554443,0.6707666516304016,,
539,21059,,,,,6.213486194610596,0.24286694824695587
539,21059,,,2.0433714389801025,0.6587932109832764,,
540,21098,,,,,6.443138599395752,0.2364567667245865
540,21098,,,2.181835174560547,0.6763393878936768,,
541,21137,,,,,6.363083362579346,0.2389562577009201
541,21137,,,2.227570056915283,0.6428452730178833,,
542,21176,,,,,6.372943878173828,0.2408910095691681
542,21176,,,2.020325183868408,0.6776955127716064,,
543,21215,,,,,6.570628643035889,0.23407720029354095
543,21215,,,2.0727970600128174,0.6659970283508301,,
544,21254,,,,,6.254886627197266,0.2418694943189621
544,21254,,,2.110529661178589,0.6264985799789429,,
545,21293,,,,,6.218803405761719,0.24288277328014374
545,21293,,,2.1018786430358887,0.6530916690826416,,
546,21332,,,,,6.298094749450684,0.244137242436409
546,21332,,,2.076969623565674,0.6532883644104004,,
547,21371,,,,,6.376394748687744,0.2427276372909546
547,21371,,,2.093127727508545,0.6763623356819153,,
548,21410,,,,,6.316861152648926,0.2443503886461258
548,21410,,,2.078984498977661,0.6500996351242065,,
549,21449,,,,,6.390462875366211,0.2442275434732437
549,21449,,,2.101975917816162,0.6512227058410645,,
550,21488,,,,,6.362011432647705,0.2455502450466156
550,21488,,,2.0541224479675293,0.6590185165405273,,
551,21527,,,,,6.421694278717041,0.2424665093421936
551,21527,,,1.9523824453353882,0.66762375831604,,
552,21566,,,,,6.523098468780518,0.23944474756717682
552,21566,,,2.030803918838501,0.6621607542037964,,
553,21605,,,,,6.259588241577148,0.2491815686225891
553,21605,,,2.131255626678467,0.6715495586395264,,
554,21644,,,,,6.211162567138672,0.25061890482902527
554,21644,,,2.0679376125335693,0.6672607660293579,,
555,21683,,,,,6.249627113342285,0.25170257687568665
555,21683,,,2.079162120819092,0.6251696944236755,,
556,21722,,,,,6.279068946838379,0.2501918077468872
556,21722,,,2.121929407119751,0.6589339971542358,,
557,21761,,,,,5.954630374908447,0.262870192527771
557,21761,,,2.08788800239563,0.6615457534790039,,
558,21800,,,,,6.267814636230469,0.252088725566864
558,21800,,,1.9945011138916016,0.6600783467292786,,
559,21839,,,,,6.27215576171875,0.2513527274131775
559,21839,,,1.962662696838379,0.6835901737213135,,
560,21878,,,,,6.247731685638428,0.252668559551239
560,21878,,,2.1383814811706543,0.6616988778114319,,
561,21917,,,,,6.2855963706970215,0.2536748945713043
561,21917,,,2.075941324234009,0.667637288570404,,
562,21956,,,,,6.3445963859558105,0.2497517466545105
562,21956,,,2.0214974880218506,0.6610637307167053,,
563,21995,,,,,6.1017165184021,0.25920364260673523
563,21995,,,2.1243696212768555,0.6753934025764465,,
564,22034,,,,,6.267457962036133,0.25448286533355713
564,22034,,,1.928200364112854,0.6810301542282104,,
565,22073,,,,,6.3124799728393555,0.2517545819282532
565,22073,,,1.9711745977401733,0.6693093776702881,,
566,22112,,,,,6.108993053436279,0.25719404220581055
566,22112,,,2.159252882003784,0.6495567560195923,,
567,22151,,,,,6.162796497344971,0.2526603639125824
567,22151,,,2.0410521030426025,0.6671383380889893,,
568,22190,,,,,6.0362067222595215,0.25648316740989685
568,22190,,,2.041971445083618,0.681072473526001,,
569,22229,,,,,6.143345355987549,0.25129374861717224
569,22229,,,2.173870086669922,0.6592623591423035,,
570,22268,,,,,6.065704822540283,0.2537696361541748
570,22268,,,2.0739827156066895,0.6428854465484619,,
571,22307,,,,,6.074886322021484,0.25305473804473877
571,22307,,,2.014113664627075,0.6603692173957825,,
572,22346,,,,,6.337762355804443,0.244594544172287
572,22346,,,2.074807643890381,0.669940710067749,,
573,22385,,,,,6.14762020111084,0.24883759021759033
573,22385,,,2.232067108154297,0.6297172904014587,,
574,22424,,,,,6.085990905761719,0.2516583800315857
574,22424,,,2.108142375946045,0.6696373224258423,,
575,22463,,,,,6.24114465713501,0.24661493301391602
575,22463,,,2.2118279933929443,0.6535071134567261,,
576,22502,,,,,6.157966136932373,0.2480081170797348
576,22502,,,2.111607551574707,0.6746354699134827,,
577,22541,,,,,6.1841278076171875,0.2494036704301834
577,22541,,,2.1095292568206787,0.6612719893455505,,
578,22580,,,,,6.3316240310668945,0.2441568374633789
578,22580,,,2.099280595779419,0.6408913731575012,,
579,22619,,,,,6.240594387054443,0.24636228382587433
579,22619,,,2.09419322013855,0.6482378840446472,,
580,22658,,,,,6.325615406036377,0.2434380203485489
580,22658,,,1.9545221328735352,0.6723818182945251,,
581,22697,,,,,6.32766056060791,0.2427665889263153
581,22697,,,2.246522903442383,0.6429250240325928,,
582,22736,,,,,6.276368618011475,0.24570199847221375
582,22736,,,2.073030948638916,0.6738415956497192,,
583,22775,,,,,6.060609340667725,0.24949148297309875
583,22775,,,2.252810478210449,0.6513570547103882,,
584,22814,,,,,6.049345970153809,0.24909712374210358
584,22814,,,2.128957986831665,0.6532233357429504,,
585,22853,,,,,6.236143112182617,0.2457234114408493
585,22853,,,2.1188812255859375,0.6645615100860596,,
586,22892,,,,,6.43511438369751,0.23871488869190216
586,22892,,,1.983770728111267,0.6735751628875732,,
587,22931,,,,,6.329240322113037,0.24573464691638947
587,22931,,,2.0527656078338623,0.6612332463264465,,
588,22970,,,,,6.260375499725342,0.2442730963230133
588,22970,,,2.051072359085083,0.6756420135498047,,
589,23009,,,,,6.18944787979126,0.2435971349477768
589,23009,,,2.0768229961395264,0.6272542476654053,,
590,23048,,,,,6.058790683746338,0.24951691925525665
590,23048,,,2.11637282371521,0.6676751375198364,,
591,23087,,,,,6.128803253173828,0.24692043662071228
591,23087,,,2.0835120677948,0.6828816533088684,,
592,23126,,,,,6.4042158126831055,0.2391667664051056
592,23126,,,2.0813775062561035,0.6835137009620667,,
593,23165,,,,,6.169055461883545,0.2463584840297699
593,23165,,,2.2565548419952393,0.6346147060394287,,
594,23204,,,,,6.254944801330566,0.24570105969905853
594,23204,,,2.0266122817993164,0.6376487016677856,,
595,23243,,,,,6.258333206176758,0.24628575146198273
595,23243,,,2.009355068206787,0.6640004515647888,,
596,23282,,,,,6.351755142211914,0.24482277035713196
596,23282,,,1.9693087339401245,0.6401647925376892,,
597,23321,,,,,6.172439098358154,0.24729657173156738
597,23321,,,1.9957799911499023,0.6944793462753296,,
598,23360,,,,,6.240053176879883,0.24545006453990936
598,23360,,,1.973520278930664,0.6770621538162231,,
599,23399,,,,,6.02475118637085,0.2527572214603424
599,23399,,,2.1837191581726074,0.6573179364204407,,
600,23438,,,,,5.944972038269043,0.25783011317253113
600,23438,,,2.0024592876434326,0.6535634994506836,,
601,23477,,,,,5.9620361328125,0.25708284974098206
601,23477,,,2.031834125518799,0.6836849451065063,,
602,23516,,,,,5.9193878173828125,0.25778189301490784
602,23516,,,2.1671252250671387,0.6428231000900269,,
603,23555,,,,,6.007640361785889,0.25397807359695435
603,23555,,,1.9780995845794678,0.6428833603858948,,
604,23594,,,,,5.9057698249816895,0.2560388147830963
604,23594,,,2.0654470920562744,0.6827610731124878,,
605,23633,,,,,6.041723728179932,0.25168201327323914
605,23633,,,1.9970601797103882,0.6680682301521301,,
606,23672,,,,,5.994312286376953,0.25314149260520935
606,23672,,,2.241764783859253,0.6459888815879822,,
607,23711,,,,,5.9547810554504395,0.254911333322525
607,23711,,,2.0625662803649902,0.6691612601280212,,
608,23750,,,,,6.156495094299316,0.2496730387210846
608,23750,,,2.102222204208374,0.64920574426651,,
609,23789,,,,,6.194248199462891,0.24897339940071106
609,23789,,,1.975644826889038,0.6582940220832825,,
610,23828,,,,,6.1902289390563965,0.2489376962184906
610,23828,,,1.929391860961914,0.6688902378082275,,
611,23867,,,,,6.079802513122559,0.2520086169242859
611,23867,,,1.9793949127197266,0.6469694375991821,,
612,23906,,,,,6.4073486328125,0.24321335554122925
612,23906,,,1.9841872453689575,0.6824648976325989,,
613,23945,,,,,6.232385635375977,0.2485865205526352
613,23945,,,1.964422345161438,0.658319890499115,,
614,23984,,,,,6.024752140045166,0.25906550884246826
614,23984,,,2.014089345932007,0.644640326499939,,
615,24023,,,,,6.094717025756836,0.256502240896225
615,24023,,,1.9462288618087769,0.6856108903884888,,
616,24062,,,,,6.263731956481934,0.2517773509025574
616,24062,,,2.036421298980713,0.6949815154075623,,
617,24101,,,,,6.145544052124023,0.25261104106903076
617,24101,,,1.9939827919006348,0.6772965788841248,,
618,24140,,,,,6.222434997558594,0.25119534134864807
618,24140,,,2.0301191806793213,0.6830105781555176,,
619,24179,,,,,6.01430606842041,0.2558985650539398
619,24179,,,2.0710692405700684,0.6826456785202026,,
620,24218,,,,,6.1040472984313965,0.25389865040779114
620,24218,,,2.0099644660949707,0.6335481405258179,,
621,24257,,,,,6.095073223114014,0.25306665897369385
621,24257,,,1.8956942558288574,0.6609325408935547,,
622,24296,,,,,6.125549793243408,0.25467726588249207
622,24296,,,2.205913782119751,0.6611872911453247,,
623,24335,,,,,6.0721540451049805,0.25597578287124634
623,24335,,,1.95360267162323,0.6913047432899475,,
624,24374,,,,,6.3677778244018555,0.2492850422859192
624,24374,,,2.0269081592559814,0.6719629168510437,,
625,24413,,,,,6.141916751861572,0.2571781575679779
625,24413,,,1.888541579246521,0.6822425723075867,,
626,24452,,,,,6.257193088531494,0.25201189517974854
626,24452,,,2.050079345703125,0.6450236439704895,,
627,24491,,,,,6.344238758087158,0.2508213520050049
627,24491,,,1.8599817752838135,0.6949453353881836,,
628,24530,,,,,6.255416393280029,0.2542640268802643
628,24530,,,1.9711464643478394,0.6892547011375427,,
629,24569,,,,,5.996016502380371,0.2604551911354065
629,24569,,,2.1628880500793457,0.6251922249794006,,
630,24608,,,,,6.1456618309021,0.25679683685302734
630,24608,,,1.9756078720092773,0.6851434707641602,,
631,24647,,,,,6.273265838623047,0.25159168243408203
631,24647,,,1.915193796157837,0.6734841465950012,,
632,24686,,,,,6.142603397369385,0.2556045651435852
632,24686,,,2.004149913787842,0.6699991226196289,,
633,24725,,,,,6.16961145401001,0.25113579630851746
633,24725,,,2.043591022491455,0.6722179055213928,,
634,24764,,,,,5.891996383666992,0.25953567028045654
634,24764,,,2.0257980823516846,0.6884594559669495,,
635,24803,,,,,6.277439594268799,0.2471894472837448
635,24803,,,1.9241759777069092,0.6459625363349915,,
636,24842,,,,,6.147311687469482,0.2498885691165924
636,24842,,,1.989776611328125,0.6487106680870056,,
637,24881,,,,,6.03036642074585,0.25581270456314087
637,24881,,,2.03794527053833,0.6592521667480469,,
638,24920,,,,,6.06852912902832,0.2560746371746063
638,24920,,,1.985447645187378,0.6976861357688904,,
639,24959,,,,,6.029470920562744,0.25601375102996826
639,24959,,,1.9473448991775513,0.6233847141265869,,
640,24998,,,,,5.92669153213501,0.2606682777404785
640,24998,,,2.0489578247070312,0.6628831028938293,,
641,25037,,,,,6.244520664215088,0.24986405670642853
641,25037,,,1.976094126701355,0.6783462166786194,,
642,25076,,,,,6.2184648513793945,0.24986431002616882
642,25076,,,1.9955370426177979,0.6773769855499268,,
643,25115,,,,,6.175587177276611,0.252332478761673
643,25115,,,1.939660668373108,0.6597561240196228,,
644,25154,,,,,5.976531028747559,0.25821390748023987
644,25154,,,2.049241542816162,0.6551152467727661,,
645,25193,,,,,6.008920192718506,0.25584879517555237
645,25193,,,1.816581130027771,0.7047268152236938,,
646,25232,,,,,6.201817035675049,0.2513045370578766
646,25232,,,2.022986888885498,0.6813393831253052,,
647,25271,,,,,6.073201656341553,0.25419679284095764
647,25271,,,1.9330356121063232,0.677821159362793,,
648,25310,,,,,6.075021266937256,0.25457000732421875
648,25310,,,1.9661611318588257,0.6433188319206238,,
649,25349,,,,,5.978332042694092,0.2564650774002075
649,25349,,,2.2226829528808594,0.6644434928894043,,
650,25388,,,,,6.017557621002197,0.2556074857711792
650,25388,,,1.9300479888916016,0.673123836517334,,
651,25427,,,,,5.943509578704834,0.2571094334125519
651,25427,,,1.9808001518249512,0.7146695256233215,,
652,25466,,,,,6.059525966644287,0.25323107838630676
652,25466,,,2.0014383792877197,0.6471646428108215,,
653,25505,,,,,6.220635414123535,0.2487783282995224
653,25505,,,1.8857672214508057,0.6748653054237366,,
654,25544,,,,,6.1110148429870605,0.25242865085601807
654,25544,,,2.0393238067626953,0.6535674929618835,,
655,25583,,,,,6.218774318695068,0.24783222377300262
655,25583,,,1.9347515106201172,0.674604594707489,,
656,25622,,,,,6.279430389404297,0.24807293713092804
656,25622,,,1.972847580909729,0.7146774530410767,,
657,25661,,,,,6.132218837738037,0.25252988934516907
657,25661,,,2.0271694660186768,0.6303108930587769,,
658,25700,,,,,6.1140923500061035,0.2550305724143982
658,25700,,,1.9940844774246216,0.6786987781524658,,
659,25739,,,,,6.123515605926514,0.253677099943161
659,25739,,,1.997155785560608,0.6326575875282288,,
660,25778,,,,,6.103115558624268,0.25359833240509033
660,25778,,,2.0076870918273926,0.6631741523742676,,
661,25817,,,,,6.028814315795898,0.2560235857963562
661,25817,,,2.0828471183776855,0.6578633189201355,,
662,25856,,,,,6.163275718688965,0.2528074085712433
662,25856,,,1.900252103805542,0.6648133993148804,,
663,25895,,,,,6.25600528717041,0.24901406466960907
663,25895,,,1.896071195602417,0.656342625617981,,
664,25934,,,,,6.30268669128418,0.2505454421043396
664,25934,,,1.866164207458496,0.7156710624694824,,
665,25973,,,,,6.401785850524902,0.24533367156982422
665,25973,,,1.907700538635254,0.6935247182846069,,
666,26012,,,,,6.2606282234191895,0.2486637532711029
666,26012,,,1.9931201934814453,0.6978762745857239,,
667,26051,,,,,6.286112308502197,0.24902726709842682
667,26051,,,2.0314159393310547,0.6300052404403687,,
668,26090,,,,,6.194252967834473,0.2476736456155777
668,26090,,,1.8563834428787231,0.695112407207489,,
669,26129,,,,,6.169066429138184,0.250692218542099
669,26129,,,2.032869338989258,0.7038530111312866,,
670,26168,,,,,6.188493251800537,0.24826091527938843
670,26168,,,1.9007031917572021,0.6892738342285156,,
671,26207,,,,,6.335508823394775,0.2446203976869583
671,26207,,,1.8715604543685913,0.6765503287315369,,
672,26246,,,,,6.174495220184326,0.24924759566783905
672,26246,,,1.989393949508667,0.6768385171890259,,
673,26285,,,,,6.019800186157227,0.25453272461891174
673,26285,,,2.0079662799835205,0.6691961884498596,,
674,26324,,,,,5.989304065704346,0.25550681352615356
674,26324,,,2.0800487995147705,0.6759351491928101,,
675,26363,,,,,6.115161895751953,0.2534691393375397
675,26363,,,1.9848318099975586,0.6617773175239563,,
676,26402,,,,,6.090516090393066,0.25465959310531616
676,26402,,,2.0411131381988525,0.6530070900917053,,
677,26441,,,,,6.027457237243652,0.2597501277923584
677,26441,,,1.9187328815460205,0.6806267499923706,,
678,26480,,,,,6.161936283111572,0.2549850642681122
678,26480,,,1.8498742580413818,0.6555333137512207,,
679,26519,,,,,5.987332344055176,0.25880661606788635
679,26519,,,2.023747682571411,0.6852551102638245,,
680,26558,,,,,6.169790267944336,0.2553849518299103
680,26558,,,1.991329312324524,0.6670137047767639,,
681,26597,,,,,6.156910419464111,0.25589820742607117
681,26597,,,1.9591907262802124,0.6955763101577759,,
682,26636,,,,,6.1988043785095215,0.25376731157302856
682,26636,,,1.8618721961975098,0.68631511926651,,
683,26675,,,,,5.870181083679199,0.26307031512260437
683,26675,,,1.9378234148025513,0.660079836845398,,
684,26714,,,,,5.8469929695129395,0.2640967071056366
684,26714,,,1.9972580671310425,0.6593014001846313,,
685,26753,,,,,5.963546276092529,0.26128554344177246
685,26753,,,1.9828249216079712,0.6698430180549622,,
686,26792,,,,,6.085906028747559,0.25770553946495056
686,26792,,,1.8894977569580078,0.6912363767623901,,
687,26831,,,,,5.970743179321289,0.2622954249382019
687,26831,,,2.047727108001709,0.6900375485420227,,
688,26870,,,,,5.986991882324219,0.2615548074245453
688,26870,,,2.084341287612915,0.6922981142997742,,
689,26909,,,,,6.024781227111816,0.2612541913986206
689,26909,,,1.9457262754440308,0.6906456351280212,,
690,26948,,,,,5.938187599182129,0.26434993743896484
690,26948,,,2.0555150508880615,0.6734053492546082,,
691,26987,,,,,5.972151279449463,0.2621532380580902
691,26987,,,2.020909547805786,0.68504399061203,,
692,27026,,,,,5.93455171585083,0.2627464830875397
692,27026,,,1.8943334817886353,0.685825765132904,,
693,27065,,,,,5.819604396820068,0.2692193388938904
693,27065,,,1.9850616455078125,0.6790734529495239,,
694,27104,,,,,5.782609939575195,0.26998791098594666
694,27104,,,1.9688702821731567,0.6764377951622009,,
695,27143,,,,,5.8535542488098145,0.2650158405303955
695,27143,,,2.101003408432007,0.6692540049552917,,
696,27182,,,,,5.85849666595459,0.26697269082069397
696,27182,,,1.9028286933898926,0.6979925036430359,,
697,27221,,,,,5.996765613555908,0.2637520730495453
697,27221,,,1.8663349151611328,0.6907657384872437,,
698,27260,,,,,5.9208598136901855,0.26713666319847107
698,27260,,,1.9131643772125244,0.6688113212585449,,
699,27299,,,,,5.950904369354248,0.2652016282081604
699,27299,,,1.8237709999084473,0.6843637228012085,,
700,27338,,,,,6.051822185516357,0.2597482204437256
700,27338,,,1.9616906642913818,0.6940652132034302,,
701,27377,,,,,6.0012712478637695,0.26095664501190186
701,27377,,,1.8854479789733887,0.681169867515564,,
702,27416,,,,,5.901789665222168,0.2628777027130127
702,27416,,,1.9253199100494385,0.6947318911552429,,
703,27455,,,,,6.003679275512695,0.2594137489795685
703,27455,,,1.949670433998108,0.7010601758956909,,
704,27494,,,,,6.094664096832275,0.25594091415405273
704,27494,,,1.9357274770736694,0.6628610491752625,,
705,27533,,,,,6.027294635772705,0.2590360939502716
705,27533,,,1.8486472368240356,0.7110877633094788,,
706,27572,,,,,6.060971736907959,0.2568657398223877
706,27572,,,1.9781734943389893,0.7002530694007874,,
707,27611,,,,,5.832041263580322,0.26561787724494934
707,27611,,,1.9950085878372192,0.6719844937324524,,
708,27650,,,,,5.777325630187988,0.2673943340778351
708,27650,,,1.840960144996643,0.6695082187652588,,
709,27689,,,,,6.023288726806641,0.26250430941581726
709,27689,,,1.9019384384155273,0.6963659524917603,,
710,27728,,,,,6.046589374542236,0.25957539677619934
710,27728,,,2.1012072563171387,0.6575747132301331,,
711,27767,,,,,5.94545841217041,0.2607634961605072
711,27767,,,1.890474557876587,0.6891284584999084,,
712,27806,,,,,5.90254545211792,0.2650260031223297
712,27806,,,1.9165021181106567,0.6640509963035583,,
713,27845,,,,,6.010548114776611,0.2591593563556671
713,27845,,,1.8860193490982056,0.6913131475448608,,
714,27884,,,,,6.010448932647705,0.25933322310447693
714,27884,,,1.9406145811080933,0.6416545510292053,,
715,27923,,,,,6.036136150360107,0.2584231495857239
715,27923,,,1.9048786163330078,0.6801965832710266,,
716,27962,,,,,5.839241981506348,0.2662130892276764
716,27962,,,2.073033094406128,0.6583256125450134,,
717,28001,,,,,5.919247627258301,0.261082261800766
717,28001,,,2.0637447834014893,0.6808828115463257,,
718,28040,,,,,5.753983974456787,0.26965367794036865
718,28040,,,2.039156198501587,0.6912826299667358,,
719,28079,,,,,5.892689228057861,0.26464608311653137
719,28079,,,1.9671069383621216,0.691093921661377,,
720,28118,,,,,6.023836612701416,0.26009079813957214
720,28118,,,1.963059663772583,0.6966072916984558,,
721,28157,,,,,5.988039493560791,0.26098188757896423
721,28157,,,1.96601402759552,0.6931988000869751,,
722,28196,,,,,6.056674003601074,0.2605852782726288
722,28196,,,1.8233206272125244,0.6932495832443237,,
723,28235,,,,,5.882991790771484,0.26855725049972534
723,28235,,,1.941058874130249,0.6650746464729309,,
724,28274,,,,,5.855941295623779,0.2662157416343689
724,28274,,,1.8593436479568481,0.6821742653846741,,
725,28313,,,,,5.9160075187683105,0.26221463084220886
725,28313,,,1.7931450605392456,0.684972882270813,,
726,28352,,,,,5.969263553619385,0.2564804255962372
726,28352,,,1.8962206840515137,0.7169411778450012,,
727,28391,,,,,6.0108137130737305,0.256227970123291
727,28391,,,1.9420349597930908,0.6861050128936768,,
728,28430,,,,,5.987645149230957,0.26168912649154663
728,28430,,,2.0303452014923096,0.6812925338745117,,
729,28469,,,,,6.058164596557617,0.25885307788848877
729,28469,,,1.8949496746063232,0.6720335483551025,,
730,28508,,,,,6.031592845916748,0.25884315371513367
730,28508,,,1.8777929544448853,0.6517027616500854,,
731,28547,,,,,6.031644821166992,0.2587710916996002
731,28547,,,1.853495717048645,0.6877983212471008,,
732,28586,,,,,5.927271366119385,0.2610449194908142
732,28586,,,1.9750374555587769,0.6924646496772766,,
733,28625,,,,,6.153611660003662,0.25252220034599304
733,28625,,,2.0298430919647217,0.6918392777442932,,
734,28664,,,,,6.088191032409668,0.255934476852417
734,28664,,,1.878566861152649,0.6722646951675415,,
735,28703,,,,,6.112960338592529,0.2572762966156006
735,28703,,,1.8924798965454102,0.6636549234390259,,
736,28742,,,,,6.013735771179199,0.2581292390823364
736,28742,,,1.7701772451400757,0.6926855444908142,,
737,28781,,,,,5.991458415985107,0.2599257528781891
737,28781,,,1.8605831861495972,0.6784236431121826,,
738,28820,,,,,5.942022800445557,0.2632879912853241
738,28820,,,1.8312475681304932,0.6978947520256042,,
739,28859,,,,,5.953669548034668,0.2617660462856293
739,28859,,,1.8089298009872437,0.668332040309906,,
740,28898,,,,,6.0316901206970215,0.25580132007598877
740,28898,,,1.9405310153961182,0.6662629246711731,,
741,28937,,,,,6.0210723876953125,0.257867693901062
741,28937,,,1.7851470708847046,0.7114046812057495,,
742,28976,,,,,6.040172576904297,0.25895562767982483
742,28976,,,1.8907372951507568,0.685877799987793,,
743,29015,,,,,6.050848484039307,0.25958913564682007
743,29015,,,1.8851903676986694,0.6883981823921204,,
744,29054,,,,,6.0819549560546875,0.25702381134033203
744,29054,,,1.9269548654556274,0.7061468362808228,,
745,29093,,,,,6.023218154907227,0.2571442425251007
745,29093,,,1.8687671422958374,0.6917351484298706,,
746,29132,,,,,5.899667739868164,0.26201140880584717
746,29132,,,1.9208993911743164,0.6788778305053711,,
747,29171,,,,,6.194398403167725,0.253793865442276
747,29171,,,1.8655904531478882,0.7040286660194397,,
748,29210,,,,,6.225273132324219,0.252905935049057
748,29210,,,1.8313655853271484,0.6846203804016113,,
749,29249,,,,,5.99078369140625,0.25824904441833496
749,29249,,,1.897760272026062,0.6669681072235107,,
750,29288,,,,,6.184452056884766,0.25193268060684204
750,29288,,,1.9294992685317993,0.6849774122238159,,
751,29327,,,,,6.133584022521973,0.2574475407600403
751,29327,,,1.8442178964614868,0.6724416613578796,,
752,29366,,,,,6.0466814041137695,0.25858932733535767
752,29366,,,1.835152506828308,0.7056212425231934,,
753,29405,,,,,6.097059726715088,0.2559696435928345
753,29405,,,1.802618384361267,0.6890779137611389,,
754,29444,,,,,6.12551212310791,0.2564257085323334
754,29444,,,1.8750213384628296,0.6827043890953064,,
755,29483,,,,,6.037653923034668,0.25813552737236023
755,29483,,,1.8496508598327637,0.6829748153686523,,
756,29522,,,,,6.031999111175537,0.25601282715797424
756,29522,,,1.9642990827560425,0.7022431492805481,,
757,29561,,,,,5.92595100402832,0.2619069814682007
757,29561,,,1.9281853437423706,0.7064393758773804,,
758,29600,,,,,5.914684295654297,0.2608451247215271
758,29600,,,1.9620702266693115,0.6883993744850159,,
759,29639,,,,,5.937460422515869,0.2620563507080078
759,29639,,,1.9616237878799438,0.6553118824958801,,
760,29678,,,,,5.793027877807617,0.26709386706352234
760,29678,,,1.8314950466156006,0.6904558539390564,,
761,29717,,,,,5.895072937011719,0.26389041543006897
761,29717,,,1.8862600326538086,0.7092745900154114,,
762,29756,,,,,5.953011989593506,0.2647222876548767
762,29756,,,1.92490816116333,0.692584216594696,,
763,29795,,,,,6.047996520996094,0.26046431064605713
763,29795,,,1.8119302988052368,0.7031816244125366,,
764,29834,,,,,6.007707118988037,0.2600094676017761
764,29834,,,1.8656384944915771,0.6799181699752808,,
765,29873,,,,,5.859935283660889,0.2652452290058136
765,29873,,,1.8945324420928955,0.6837453842163086,,
766,29912,,,,,5.942063331604004,0.26102855801582336
766,29912,,,1.924613118171692,0.7035315632820129,,
767,29951,,,,,5.9215288162231445,0.25971394777297974
767,29951,,,1.7787401676177979,0.692671000957489,,
768,29990,,,,,6.060277462005615,0.2561127543449402
768,29990,,,1.8316736221313477,0.7063515782356262,,
769,30029,,,,,6.044433116912842,0.25733062624931335
769,30029,,,1.8409026861190796,0.6991720199584961,,
770,30068,,,,,6.051081657409668,0.25794047117233276
770,30068,,,1.7675522565841675,0.6888507604598999,,
771,30107,,,,,5.988051891326904,0.26010844111442566
771,30107,,,1.8931403160095215,0.6742350459098816,,
772,30146,,,,,6.027731895446777,0.26003655791282654
772,30146,,,1.9475030899047852,0.6916993260383606,,
773,30185,,,,,5.955596923828125,0.26608365774154663
773,30185,,,1.8790960311889648,0.6968150734901428,,
774,30224,,,,,5.893134593963623,0.2673259675502777
774,30224,,,1.8909451961517334,0.659237265586853,,
775,30263,,,,,6.050470352172852,0.2614378333091736
775,30263,,,1.8591077327728271,0.6936725378036499,,
776,30302,,,,,5.898185729980469,0.2657715082168579
776,30302,,,1.9027572870254517,0.704613208770752,,
777,30341,,,,,5.9241533279418945,0.2634488642215729
777,30341,,,1.8582488298416138,0.675175130367279,,
778,30380,,,,,5.958061695098877,0.26201218366622925
778,30380,,,1.856911540031433,0.6675165891647339,,
779,30419,,,,,5.984813213348389,0.26193177700042725
779,30419,,,1.8271265029907227,0.7095196843147278,,
780,30458,,,,,6.01270055770874,0.26045626401901245
780,30458,,,1.8430263996124268,0.7197517156600952,,
781,30497,,,,,5.972999572753906,0.2624782621860504
781,30497,,,1.7020913362503052,0.7034969925880432,,
782,30536,,,,,5.872285842895508,0.2649517357349396
782,30536,,,1.8584823608398438,0.7174361944198608,,
783,30575,,,,,6.168315410614014,0.2544246315956116
783,30575,,,1.8007644414901733,0.724240243434906,,
784,30614,,,,,6.155362606048584,0.255169153213501
784,30614,,,1.848447322845459,0.664982259273529,,
785,30653,,,,,6.134223937988281,0.2566593587398529
785,30653,,,1.7414913177490234,0.695328950881958,,
786,30692,,,,,6.079394817352295,0.25680890679359436
786,30692,,,2.0418741703033447,0.6987263560295105,,
787,30731,,,,,6.101263046264648,0.2576974332332611
787,30731,,,1.8376020193099976,0.6825584769248962,,
788,30770,,,,,5.84447717666626,0.2685016393661499
788,30770,,,1.8394925594329834,0.6964570879936218,,
789,30809,,,,,5.709466457366943,0.2744046151638031
789,30809,,,1.9118329286575317,0.6814876198768616,,
790,30848,,,,,5.840732574462891,0.270625501871109
790,30848,,,1.8270761966705322,0.6894564032554626,,
791,30887,,,,,5.89894962310791,0.2694363296031952
791,30887,,,1.809251070022583,0.6894586682319641,,
792,30926,,,,,5.8882317543029785,0.2698381543159485
792,30926,,,1.8462395668029785,0.6898465156555176,,
793,30965,,,,,5.855216026306152,0.26836830377578735
793,30965,,,1.7622168064117432,0.7020145654678345,,
794,31004,,,,,5.89013147354126,0.266213983297348
794,31004,,,1.8680419921875,0.6657590866088867,,
795,31043,,,,,5.929055213928223,0.2651546597480774
795,31043,,,1.9942550659179688,0.6887033581733704,,
796,31082,,,,,5.907268524169922,0.26832807064056396
796,31082,,,1.878745436668396,0.6896030306816101,,
797,31121,,,,,5.821410179138184,0.27145516872406006
797,31121,,,1.7840474843978882,0.709858775138855,,
798,31160,,,,,6.024376392364502,0.2640087604522705
798,31160,,,1.7740938663482666,0.702384352684021,,
799,31199,,,,,5.893735885620117,0.268160879611969
799,31199,,,1.8163483142852783,0.7092748880386353,,
800,31238,,,,,5.9464945793151855,0.27015823125839233
800,31238,,,1.7407077550888062,0.7131243348121643,,
801,31277,,,,,5.971782684326172,0.2680250406265259
801,31277,,,1.7613531351089478,0.723687469959259,,
802,31316,,,,,6.044806003570557,0.26402005553245544
802,31316,,,1.7828521728515625,0.7071248292922974,,
803,31355,,,,,6.052307605743408,0.26511868834495544
803,31355,,,1.8433583974838257,0.7310539484024048,,
804,31394,,,,,5.877974033355713,0.2697402536869049
804,31394,,,1.923183560371399,0.6820160746574402,,
805,31433,,,,,5.969541549682617,0.2656877636909485
805,31433,,,1.708280324935913,0.7225998044013977,,
806,31472,,,,,5.791163444519043,0.2727644145488739
806,31472,,,1.8727902173995972,0.6871808171272278,,
807,31511,,,,,5.870603084564209,0.2706373929977417
807,31511,,,1.7446666955947876,0.687906801700592,,
808,31550,,,,,5.98060417175293,0.269235759973526
808,31550,,,1.6656179428100586,0.7181094288825989,,
809,31589,,,,,5.949250221252441,0.2697468400001526
809,31589,,,1.868260145187378,0.6883864402770996,,
810,31628,,,,,5.832764625549316,0.27070513367652893
810,31628,,,1.8827954530715942,0.6858837008476257,,
811,31667,,,,,5.92555570602417,0.26903751492500305
811,31667,,,1.7943346500396729,0.6616865992546082,,
812,31706,,,,,5.950850486755371,0.26939254999160767
812,31706,,,1.8132635354995728,0.7096140384674072,,
813,31745,,,,,5.984941482543945,0.2674914002418518
813,31745,,,1.8972492218017578,0.7002571225166321,,
814,31784,,,,,5.7302727699279785,0.27780023217201233
814,31784,,,1.8224371671676636,0.6943420171737671,,
815,31823,,,,,5.843407154083252,0.2774983048439026
815,31823,,,1.7272915840148926,0.7045508027076721,,
816,31862,,,,,5.807619571685791,0.2785011827945709
816,31862,,,1.9294400215148926,0.6817063093185425,,
817,31901,,,,,5.780445098876953,0.27857887744903564
817,31901,,,1.867035150527954,0.6733389496803284,,
818,31940,,,,,5.781131744384766,0.2764042615890503
818,31940,,,1.9051450490951538,0.6761106252670288,,
819,31979,,,,,5.878664970397949,0.27297115325927734
819,31979,,,1.7915496826171875,0.6896236538887024,,
820,32018,,,,,5.953330993652344,0.26887503266334534
820,32018,,,1.7115949392318726,0.6966326236724854,,
821,32057,,,,,5.887360095977783,0.2691061496734619
821,32057,,,1.8257968425750732,0.6956342458724976,,
822,32096,,,,,6.061682224273682,0.26366883516311646
822,32096,,,1.7118661403656006,0.728175163269043,,
823,32135,,,,,5.919957160949707,0.2672532796859741
823,32135,,,1.9038052558898926,0.7231520414352417,,
824,32174,,,,,5.911951541900635,0.26939138770103455
824,32174,,,1.7387664318084717,0.7121679782867432,,
825,32213,,,,,5.969497203826904,0.2642821967601776
825,32213,,,1.7014590501785278,0.733159601688385,,
826,32252,,,,,6.040439128875732,0.2632162570953369
826,32252,,,1.8391858339309692,0.6758052110671997,,
827,32291,,,,,6.067986965179443,0.261288046836853
827,32291,,,1.689430832862854,0.7099387049674988,,
828,32330,,,,,6.085329055786133,0.25857865810394287
828,32330,,,1.802754521369934,0.6919376254081726,,
829,32369,,,,,5.927606582641602,0.2649558484554291
829,32369,,,1.7015645503997803,0.7167351841926575,,
830,32408,,,,,5.954137802124023,0.2674139440059662
830,32408,,,1.8682852983474731,0.7253283262252808,,
831,32447,,,,,5.780193328857422,0.27408739924430847
831,32447,,,1.9234470129013062,0.6907709836959839,,
832,32486,,,,,5.775813102722168,0.27778926491737366
832,32486,,,1.733315110206604,0.6956689953804016,,
833,32525,,,,,5.965482234954834,0.2719605565071106
833,32525,,,1.7711974382400513,0.7330907583236694,,
834,32564,,,,,5.922431468963623,0.2669360041618347
834,32564,,,1.8170318603515625,0.7203524708747864,,
835,32603,,,,,5.826594352722168,0.2697690725326538
835,32603,,,1.8825310468673706,0.6906352043151855,,
836,32642,,,,,5.875768661499023,0.2673330008983612
836,32642,,,1.8319628238677979,0.7073861956596375,,
837,32681,,,,,5.775329113006592,0.2709891200065613
837,32681,,,1.836917757987976,0.722216010093689,,
838,32720,,,,,5.7915940284729,0.26858755946159363
838,32720,,,1.8272424936294556,0.7187126874923706,,
839,32759,,,,,5.8094611167907715,0.26579657196998596
839,32759,,,1.8309752941131592,0.6747546792030334,,
840,32798,,,,,5.825675964355469,0.26548364758491516
840,32798,,,1.8220208883285522,0.7020584940910339,,
841,32837,,,,,5.765851974487305,0.2677675187587738
841,32837,,,1.7990038394927979,0.7336782217025757,,
842,32876,,,,,5.815752029418945,0.2677426338195801
842,32876,,,1.788352131843567,0.7019134163856506,,
843,32915,,,,,5.816835403442383,0.26967430114746094
843,32915,,,1.8703210353851318,0.6965448260307312,,
844,32954,,,,,5.853928089141846,0.26656919717788696
844,32954,,,1.685343623161316,0.7103257179260254,,
845,32993,,,,,5.74462890625,0.2713555693626404
845,32993,,,1.8316235542297363,0.6855039596557617,,
846,33032,,,,,5.921004772186279,0.26713094115257263
846,33032,,,1.8144867420196533,0.6965227127075195,,
847,33071,,,,,6.058417797088623,0.2612641453742981
847,33071,,,1.8597736358642578,0.7164946794509888,,
848,33110,,,,,6.096035957336426,0.2619568407535553
848,33110,,,1.738328218460083,0.7198874354362488,,
849,33149,,,,,5.8461995124816895,0.26754751801490784
849,33149,,,1.8543905019760132,0.7000559568405151,,
850,33188,,,,,5.905839920043945,0.26429861783981323
850,33188,,,1.771610140800476,0.700931966304779,,
851,33227,,,,,5.940953731536865,0.2647995054721832
851,33227,,,1.6417092084884644,0.7275145649909973,,
852,33266,,,,,5.87282133102417,0.26965680718421936
852,33266,,,1.8561514616012573,0.7011519074440002,,
853,33305,,,,,5.839781761169434,0.26922091841697693
853,33305,,,1.8870176076889038,0.6849210858345032,,
854,33344,,,,,5.84843111038208,0.27125364542007446
854,33344,,,1.7485876083374023,0.7127277255058289,,
855,33383,,,,,5.808247089385986,0.27172157168388367
855,33383,,,1.8253347873687744,0.7289988398551941,,
856,33422,,,,,5.8364458084106445,0.27212560176849365
856,33422,,,1.751353144645691,0.7214648723602295,,
857,33461,,,,,6.023708343505859,0.2653399705886841
857,33461,,,1.7568224668502808,0.7194596529006958,,
858,33500,,,,,5.902080535888672,0.2699035108089447
858,33500,,,1.6714751720428467,0.7204987406730652,,
859,33539,,,,,5.814929485321045,0.26913556456565857
859,33539,,,1.8120486736297607,0.6849486231803894,,
860,33578,,,,,5.798015594482422,0.27072417736053467
860,33578,,,1.7876513004302979,0.7275753617286682,,
861,33617,,,,,5.87089204788208,0.26842328906059265
861,33617,,,1.8741189241409302,0.7330853939056396,,
862,33656,,,,,5.756128311157227,0.2730976343154907
862,33656,,,1.8986417055130005,0.7049469351768494,,
863,33695,,,,,5.800313472747803,0.2742338478565216
863,33695,,,1.7467917203903198,0.6847416758537292,,
864,33734,,,,,5.903336048126221,0.2707967758178711
864,33734,,,1.8008712530136108,0.7049968838691711,,
865,33773,,,,,5.876012802124023,0.2722056210041046
865,33773,,,1.8598852157592773,0.7223086953163147,,
866,33812,,,,,5.756994724273682,0.2769511640071869
866,33812,,,1.7425744533538818,0.685482382774353,,
867,33851,,,,,5.900063991546631,0.27235138416290283
867,33851,,,1.7215148210525513,0.6979541182518005,,
868,33890,,,,,5.920191287994385,0.2720423936843872
868,33890,,,1.7595876455307007,0.7131736278533936,,
869,33929,,,,,5.9202165603637695,0.2721848487854004
869,33929,,,1.8557757139205933,0.6712179183959961,,
870,33968,,,,,5.829713821411133,0.2745952010154724
870,33968,,,1.791420817375183,0.7233705520629883,,
871,34007,,,,,5.878473281860352,0.276403546333313
871,34007,,,1.7992087602615356,0.7060835361480713,,
872,34046,,,,,5.845724582672119,0.277743935585022
872,34046,,,1.7458893060684204,0.6976791620254517,,
873,34085,,,,,5.822216510772705,0.27721402049064636
873,34085,,,1.826338529586792,0.7148939967155457,,
874,34124,,,,,5.696386337280273,0.2815949022769928
874,34124,,,1.8828421831130981,0.7008810043334961,,
875,34163,,,,,5.875569820404053,0.27706608176231384
875,34163,,,1.7500396966934204,0.7195250391960144,,
876,34202,,,,,5.702429294586182,0.2849585711956024
876,34202,,,1.746997594833374,0.7321372628211975,,
877,34241,,,,,5.749995708465576,0.28406286239624023
877,34241,,,1.822324514389038,0.6848332285881042,,
878,34280,,,,,5.942553520202637,0.27518486976623535
878,34280,,,1.7630715370178223,0.7199526429176331,,
879,34319,,,,,5.806413650512695,0.2814841568470001
879,34319,,,1.7744207382202148,0.7193605303764343,,
880,34358,,,,,5.866389751434326,0.27800896763801575
880,34358,,,1.7783979177474976,0.6949165463447571,,
881,34397,,,,,5.873532772064209,0.2781842052936554
881,34397,,,1.795945405960083,0.6755905151367188,,
882,34436,,,,,5.747522830963135,0.27921223640441895
882,34436,,,1.7120298147201538,0.7389011383056641,,
883,34475,,,,,5.866320610046387,0.27459219098091125
883,34475,,,1.7343387603759766,0.7091051936149597,,
884,34514,,,,,5.74498176574707,0.27713528275489807
884,34514,,,1.7052545547485352,0.7347275614738464,,
885,34553,,,,,5.9633469581604,0.26945433020591736
885,34553,,,1.7793960571289062,0.7099373936653137,,
886,34592,,,,,5.984630107879639,0.2708966135978699
886,34592,,,1.6862616539001465,0.7122631669044495,,
887,34631,,,,,6.003637790679932,0.2724156677722931
887,34631,,,1.7525686025619507,0.6874723434448242,,
888,34670,,,,,5.914409160614014,0.2759626507759094
888,34670,,,1.8088449239730835,0.6817631125450134,,
889,34709,,,,,5.795412063598633,0.2779926657676697
889,34709,,,1.8416939973831177,0.7324666976928711,,
890,34748,,,,,5.919862270355225,0.2718670964241028
890,34748,,,1.8563326597213745,0.7029269337654114,,
891,34787,,,,,5.565505027770996,0.2828730642795563
891,34787,,,1.9045990705490112,0.6788285970687866,,
892,34826,,,,,5.677113056182861,0.2786024212837219
892,34826,,,1.8546868562698364,0.6952834725379944,,
893,34865,,,,,5.755865097045898,0.2767948508262634
893,34865,,,1.827811598777771,0.7117646336555481,,
894,34904,,,,,5.741151809692383,0.2757951617240906
894,34904,,,1.840285301208496,0.7024968266487122,,
895,34943,,,,,5.654243469238281,0.27999863028526306
895,34943,,,1.7356561422348022,0.7298853397369385,,
896,34982,,,,,5.801293849945068,0.27683690190315247
896,34982,,,1.7203420400619507,0.6853320002555847,,
897,35021,,,,,5.730956554412842,0.2773773968219757
897,35021,,,1.7072241306304932,0.7069164514541626,,
898,35060,,,,,5.620012283325195,0.2794741690158844
898,35060,,,1.7520638704299927,0.7226002216339111,,
899,35099,,,,,5.729103088378906,0.27649179100990295
899,35099,,,1.7378274202346802,0.7034736275672913,,
900,35138,,,,,5.696776866912842,0.28144571185112
900,35138,,,1.835111141204834,0.7173765301704407,,
901,35177,,,,,5.6716179847717285,0.2846261262893677
901,35177,,,1.7346686124801636,0.7112109661102295,,
902,35216,,,,,5.660383224487305,0.2874240279197693
902,35216,,,1.7770215272903442,0.6931602358818054,,
903,35255,,,,,5.665192604064941,0.2845883369445801
903,35255,,,1.8177002668380737,0.6910409331321716,,
904,35294,,,,,5.697556495666504,0.2827822268009186
904,35294,,,1.7319355010986328,0.706599235534668,,
905,35333,,,,,5.75520133972168,0.2788933515548706
905,35333,,,1.7250624895095825,0.689639151096344,,
906,35372,,,,,5.732470989227295,0.27884942293167114
906,35372,,,1.8302991390228271,0.7248163223266602,,
907,35411,,,,,5.877475261688232,0.2741091847419739
907,35411,,,1.7308627367019653,0.7346763014793396,,
908,35450,,,,,5.783735752105713,0.27836015820503235
908,35450,,,1.7166574001312256,0.7138922214508057,,
909,35489,,,,,5.661312580108643,0.2815350592136383
909,35489,,,1.649652361869812,0.705295205116272,,
910,35528,,,,,5.6727118492126465,0.2773725986480713
910,35528,,,1.754876971244812,0.7130867838859558,,
911,35567,,,,,5.777074813842773,0.27587613463401794
911,35567,,,1.7174469232559204,0.7071260213851929,,
912,35606,,,,,5.770824432373047,0.27440139651298523
912,35606,,,1.6269805431365967,0.7368007302284241,,
913,35645,,,,,5.765194892883301,0.27549394965171814
913,35645,,,1.6636608839035034,0.7146098017692566,,
914,35684,,,,,5.802540302276611,0.27597543597221375
914,35684,,,1.7710645198822021,0.7385191321372986,,
915,35723,,,,,5.824477672576904,0.27453625202178955
915,35723,,,1.6861865520477295,0.7206218242645264,,
916,35762,,,,,5.699655055999756,0.2776927053928375
916,35762,,,1.7618426084518433,0.7098370790481567,,
917,35801,,,,,5.777091026306152,0.2751947343349457
917,35801,,,1.7399429082870483,0.695619523525238,,
918,35840,,,,,5.671958923339844,0.27813777327537537
918,35840,,,1.7850044965744019,0.700222373008728,,
919,35879,,,,,5.600865364074707,0.28454652428627014
919,35879,,,1.779439926147461,0.7097378373146057,,
920,35918,,,,,5.74977445602417,0.27792245149612427
920,35918,,,1.7979183197021484,0.7139992117881775,,
921,35957,,,,,5.709081649780273,0.27663320302963257
921,35957,,,1.7398221492767334,0.7106198072433472,,
922,35996,,,,,5.675906658172607,0.279716432094574
922,35996,,,1.6974157094955444,0.6995491981506348,,
923,36035,,,,,5.547857761383057,0.28505387902259827
923,36035,,,1.6845024824142456,0.7257111668586731,,
924,36074,,,,,5.6229472160339355,0.2836367189884186
924,36074,,,1.7258597612380981,0.7185001969337463,,
925,36113,,,,,5.588133335113525,0.2858811318874359
925,36113,,,1.7173031568527222,0.7139284014701843,,
926,36152,,,,,5.607040882110596,0.2869119346141815
926,36152,,,1.7499233484268188,0.7390219569206238,,
927,36191,,,,,5.5997233390808105,0.2840226888656616
927,36191,,,1.6846673488616943,0.7124133706092834,,
928,36230,,,,,5.775685787200928,0.2767304480075836
928,36230,,,1.672491192817688,0.727699339389801,,
929,36269,,,,,5.688936710357666,0.28155675530433655
929,36269,,,1.7289358377456665,0.7086057662963867,,
930,36308,,,,,5.7154221534729,0.28199198842048645
930,36308,,,1.5732948780059814,0.7157191038131714,,
931,36347,,,,,5.600103855133057,0.28647688031196594
931,36347,,,1.704913854598999,0.6782763004302979,,
932,36386,,,,,5.689834117889404,0.28443408012390137
932,36386,,,1.6551235914230347,0.7349255681037903,,
933,36425,,,,,5.630202293395996,0.28345412015914917
933,36425,,,1.6622576713562012,0.7089909315109253,,
934,36464,,,,,5.606018543243408,0.28472545742988586
934,36464,,,1.7684592008590698,0.7048218846321106,,
935,36503,,,,,5.648001194000244,0.28206396102905273
935,36503,,,1.772871732711792,0.7140681147575378,,
936,36542,,,,,5.651461124420166,0.2869141697883606
936,36542,,,1.7529187202453613,0.7166320085525513,,
937,36581,,,,,5.706068515777588,0.28289467096328735
937,36581,,,1.5917139053344727,0.7549775838851929,,
938,36620,,,,,5.799409866333008,0.28036099672317505
938,36620,,,1.7205383777618408,0.7434470057487488,,
939,36659,,,,,5.58842658996582,0.2878575325012207
939,36659,,,1.644103765487671,0.6992812752723694,,
940,36698,,,,,5.693408489227295,0.2866952419281006
940,36698,,,1.6491366624832153,0.7249270677566528,,
941,36737,,,,,5.671039581298828,0.2863268256187439
941,36737,,,1.7052686214447021,0.7093939781188965,,
942,36776,,,,,5.745932579040527,0.28284695744514465
942,36776,,,1.5845082998275757,0.7068039774894714,,
943,36815,,,,,5.675504684448242,0.28374573588371277
943,36815,,,1.6549875736236572,0.7262781858444214,,
944,36854,,,,,5.513423442840576,0.2913450300693512
944,36854,,,1.7164922952651978,0.7434049248695374,,
945,36893,,,,,5.591718673706055,0.2911684811115265
945,36893,,,1.6062798500061035,0.7455305457115173,,
946,36932,,,,,5.564128875732422,0.2927449345588684
946,36932,,,1.80668306350708,0.7355725765228271,,
947,36971,,,,,5.572658061981201,0.29409053921699524
947,36971,,,1.6044342517852783,0.7301099300384521,,
948,37010,,,,,5.81191349029541,0.2876185178756714
948,37010,,,1.7381387948989868,0.7243508696556091,,
949,37049,,,,,5.718369007110596,0.2886393070220947
949,37049,,,1.7341161966323853,0.7250836491584778,,
950,37088,,,,,5.779152870178223,0.2845519483089447
950,37088,,,1.7103848457336426,0.7404962778091431,,
951,37127,,,,,5.668277263641357,0.28623005747795105
951,37127,,,1.7363065481185913,0.7214141488075256,,
952,37166,,,,,5.797255992889404,0.2802664637565613
952,37166,,,1.6932318210601807,0.7126206159591675,,
953,37205,,,,,5.748762607574463,0.27865907549858093
953,37205,,,1.683948040008545,0.7132542729377747,,
954,37244,,,,,5.709616184234619,0.281023234128952
954,37244,,,1.7066454887390137,0.7080551385879517,,
955,37283,,,,,5.735028266906738,0.27930301427841187
955,37283,,,1.661134958267212,0.6937958598136902,,
956,37322,,,,,5.6332573890686035,0.28371989727020264
956,37322,,,1.5847835540771484,0.736753523349762,,
957,37361,,,,,5.607830047607422,0.2855040431022644
957,37361,,,1.7191753387451172,0.7224441170692444,,
958,37400,,,,,5.674890995025635,0.28424006700515747
958,37400,,,1.678874135017395,0.738296627998352,,
959,37439,,,,,5.792581558227539,0.28072845935821533
959,37439,,,1.8458396196365356,0.712650716304779,,
960,37478,,,,,5.672951698303223,0.28348439931869507
960,37478,,,1.7187399864196777,0.7171774506568909,,
961,37517,,,,,5.488982677459717,0.2920767366886139
961,37517,,,1.7733113765716553,0.7131313681602478,,
962,37556,,,,,5.616904258728027,0.28760653734207153
962,37556,,,1.7057464122772217,0.7411636114120483,,
963,37595,,,,,5.724266529083252,0.2860775291919708
963,37595,,,1.6556470394134521,0.7249310612678528,,
964,37634,,,,,5.615378379821777,0.29095458984375
964,37634,,,1.8690264225006104,0.7208935618400574,,
965,37673,,,,,5.52469539642334,0.2964564859867096
965,37673,,,1.6028156280517578,0.751775860786438,,
966,37712,,,,,5.683765888214111,0.28871479630470276
966,37712,,,1.661876916885376,0.726001501083374,,
967,37751,,,,,5.549892425537109,0.29290932416915894
967,37751,,,1.7953168153762817,0.706978976726532,,
968,37790,,,,,5.574184417724609,0.2909941077232361
968,37790,,,1.765525221824646,0.7197175025939941,,
969,37829,,,,,5.531566143035889,0.2947130501270294
969,37829,,,1.6331140995025635,0.7327956557273865,,
970,37868,,,,,5.657099723815918,0.28925326466560364
970,37868,,,1.6385492086410522,0.721093475818634,,
971,37907,,,,,5.71127462387085,0.2857830822467804
971,37907,,,1.6608123779296875,0.7099342942237854,,
972,37946,,,,,5.776470184326172,0.28223472833633423
972,37946,,,1.6282556056976318,0.723537027835846,,
973,37985,,,,,5.685745716094971,0.28408512473106384
973,37985,,,1.761924386024475,0.7178512215614319,,
974,38024,,,,,5.595132827758789,0.2849714457988739
974,38024,,,1.6870172023773193,0.6823877692222595,,
975,38063,,,,,5.616886138916016,0.28520581126213074
975,38063,,,1.6593011617660522,0.7289621829986572,,
976,38102,,,,,5.480587959289551,0.2900668978691101
976,38102,,,1.7307162284851074,0.7063034772872925,,
977,38141,,,,,5.43618106842041,0.2898944616317749
977,38141,,,1.6277234554290771,0.748416006565094,,
978,38180,,,,,5.557262897491455,0.2849362790584564
978,38180,,,1.6993294954299927,0.7193853259086609,,
979,38219,,,,,5.5477399826049805,0.2815755605697632
979,38219,,,1.7965950965881348,0.7128071188926697,,
980,38258,,,,,5.5575971603393555,0.27932295203208923
980,38258,,,1.8075913190841675,0.6969550251960754,,
981,38297,,,,,5.602909088134766,0.2769632339477539
981,38297,,,1.6611285209655762,0.7056273221969604,,
982,38336,,,,,5.539852142333984,0.2803402543067932
982,38336,,,1.7214365005493164,0.7439070343971252,,
983,38375,,,,,5.558465480804443,0.2861195206642151
983,38375,,,1.6402732133865356,0.7384452819824219,,
984,38414,,,,,5.734458923339844,0.2816283106803894
984,38414,,,1.635695457458496,0.733434796333313,,
985,38453,,,,,5.656667232513428,0.2841435968875885
985,38453,,,1.731839656829834,0.7494146823883057,,
986,38492,,,,,5.658393859863281,0.2851901054382324
986,38492,,,1.6734964847564697,0.729738175868988,,
987,38531,,,,,5.538205623626709,0.29196831583976746
987,38531,,,1.6928468942642212,0.7205049395561218,,
988,38570,,,,,5.5736002922058105,0.29329821467399597
988,38570,,,1.682065486907959,0.7250551581382751,,
989,38609,,,,,5.676670074462891,0.2863595485687256
989,38609,,,1.7151705026626587,0.7253756523132324,,
990,38648,,,,,5.675119876861572,0.28961464762687683
990,38648,,,1.6008946895599365,0.7527600526809692,,
991,38687,,,,,5.659251689910889,0.28954944014549255
991,38687,,,1.7358640432357788,0.7384252548217773,,
992,38726,,,,,5.655745029449463,0.28819340467453003
992,38726,,,1.5758320093154907,0.7051020860671997,,
993,38765,,,,,5.652022361755371,0.2883516848087311
993,38765,,,1.6379435062408447,0.7204651236534119,,
994,38804,,,,,5.650089263916016,0.2896493971347809
994,38804,,,1.7312008142471313,0.7283528447151184,,
995,38843,,,,,5.506536483764648,0.29618990421295166
995,38843,,,1.6351909637451172,0.7191984057426453,,
996,38882,,,,,5.512927055358887,0.29578709602355957
996,38882,,,1.6009341478347778,0.7314979434013367,,
997,38921,,,,,5.438659191131592,0.29731783270835876
997,38921,,,1.5510202646255493,0.7283089756965637,,
998,38960,,,,,5.428088665008545,0.2968381941318512
998,38960,,,1.6083697080612183,0.7460569739341736,,
999,38999,,,,,5.580772399902344,0.28961294889450073
999,38999,,,1.5765697956085205,0.7334033846855164,,
1000,39038,,,,,5.549497604370117,0.29268714785575867
1000,39038,,,1.699582576751709,0.7296820878982544,,
1001,39077,,,,,5.680907726287842,0.28912293910980225
1001,39077,,,1.5914403200149536,0.7342780828475952,,
1002,39116,,,,,5.603794097900391,0.29511889815330505
1002,39116,,,1.5803354978561401,0.7130646109580994,,
1003,39155,,,,,5.470783233642578,0.29715484380722046
1003,39155,,,1.7111968994140625,0.717685878276825,,
1004,39194,,,,,5.560576915740967,0.2909920811653137
1004,39194,,,1.589639663696289,0.7058442234992981,,
1005,39233,,,,,5.554964065551758,0.2947632074356079
1005,39233,,,1.715030550956726,0.7468826770782471,,
1006,39272,,,,,5.763935089111328,0.287208616733551
1006,39272,,,1.7007168531417847,0.7354105710983276,,
1007,39311,,,,,5.693632125854492,0.2861880958080292
1007,39311,,,1.613680124282837,0.723451554775238,,
1008,39350,,,,,5.585357666015625,0.288236141204834
1008,39350,,,1.6418365240097046,0.7189099788665771,,
1009,39389,,,,,5.752467155456543,0.28429022431373596
1009,39389,,,1.7955529689788818,0.744006872177124,,
1010,39428,,,,,5.5863800048828125,0.29034480452537537
1010,39428,,,1.6787142753601074,0.7637513279914856,,
1011,39467,,,,,5.646345138549805,0.2893642485141754
1011,39467,,,1.6082442998886108,0.7385592460632324,,
1012,39506,,,,,5.70015287399292,0.28750988841056824
1012,39506,,,1.58247709274292,0.7349281311035156,,
1013,39545,,,,,5.565140247344971,0.28915098309516907
1013,39545,,,1.6685657501220703,0.696445107460022,,
1014,39584,,,,,5.663209438323975,0.286425918340683
1014,39584,,,1.682733178138733,0.7345710396766663,,
1015,39623,,,,,5.601145267486572,0.2892577052116394
1015,39623,,,1.4958220720291138,0.75022292137146,,
1016,39662,,,,,5.613054275512695,0.28811851143836975
1016,39662,,,1.6010079383850098,0.745246946811676,,
1017,39701,,,,,5.5373053550720215,0.2916449010372162
1017,39701,,,1.7634320259094238,0.7390263676643372,,
1018,39740,,,,,5.663581848144531,0.2873743772506714
1018,39740,,,1.586477279663086,0.7266751527786255,,
1019,39779,,,,,5.622485160827637,0.2918637990951538
1019,39779,,,1.7013415098190308,0.7224898934364319,,
1020,39818,,,,,5.554222583770752,0.29353606700897217
1020,39818,,,1.580948829650879,0.7304667830467224,,
1021,39857,,,,,5.358924865722656,0.30131909251213074
1021,39857,,,1.6685000658035278,0.6969191431999207,,
1022,39896,,,,,5.478029727935791,0.2953813076019287
1022,39896,,,1.6740936040878296,0.7306395173072815,,
1023,39935,,,,,5.605496883392334,0.29324251413345337
1023,39935,,,1.6729440689086914,0.7381001710891724,,
1024,39974,,,,,5.4294047355651855,0.2975287437438965
1024,39974,,,1.6909829378128052,0.7193371653556824,,
1025,40013,,,,,5.4657206535339355,0.29502367973327637
1025,40013,,,1.613149642944336,0.7384911775588989,,
1026,40052,,,,,5.586481094360352,0.2939913868904114
1026,40052,,,1.693403959274292,0.71937096118927,,
1027,40091,,,,,5.584105968475342,0.29434841871261597
1027,40091,,,1.7216802835464478,0.7371410727500916,,
1028,40130,,,,,5.45058012008667,0.3009418249130249
1028,40130,,,1.6212692260742188,0.7315642833709717,,
1029,40169,,,,,5.501760005950928,0.30021563172340393
1029,40169,,,1.6899449825286865,0.6861807703971863,,
1030,40208,,,,,5.468753814697266,0.2997901737689972
1030,40208,,,1.5355591773986816,0.7498412728309631,,
1031,40247,,,,,5.627292156219482,0.2917110323905945
1031,40247,,,1.6476422548294067,0.7208366394042969,,
1032,40286,,,,,5.635190486907959,0.29196593165397644
1032,40286,,,1.6636712551116943,0.7281174063682556,,
1033,40325,,,,,5.646793842315674,0.29089051485061646
1033,40325,,,1.6009185314178467,0.7051054835319519,,
1034,40364,,,,,5.623825550079346,0.29080328345298767
1034,40364,,,1.6813522577285767,0.7284969687461853,,
1035,40403,,,,,5.680735111236572,0.2889568507671356
1035,40403,,,1.6415951251983643,0.7402775287628174,,
1036,40442,,,,,5.763835906982422,0.2856118381023407
1036,40442,,,1.6427719593048096,0.7214825749397278,,
1037,40481,,,,,5.704200744628906,0.2890813648700714
1037,40481,,,1.6593554019927979,0.7035750150680542,,
1038,40520,,,,,5.550349235534668,0.29507169127464294
1038,40520,,,1.6485337018966675,0.7214618921279907,,
1039,40559,,,,,5.604954719543457,0.2939283847808838
1039,40559,,,1.6033453941345215,0.7348470687866211,,
1040,40598,,,,,5.512943744659424,0.2975333631038666
1040,40598,,,1.590951681137085,0.7465882301330566,,
1041,40637,,,,,5.358099937438965,0.3044699430465698
1041,40637,,,1.72052001953125,0.7214959859848022,,
1042,40676,,,,,5.5527496337890625,0.2956489026546478
1042,40676,,,1.6678838729858398,0.7150380611419678,,
1043,40715,,,,,5.566891193389893,0.2961774468421936
1043,40715,,,1.5890167951583862,0.7398169040679932,,
1044,40754,,,,,5.527958869934082,0.30043014883995056
1044,40754,,,1.5931873321533203,0.7465623617172241,,
1045,40793,,,,,5.610471725463867,0.29704388976097107
1045,40793,,,1.6316570043563843,0.7083474397659302,,
1046,40832,,,,,5.557178974151611,0.30175942182540894
1046,40832,,,1.5183862447738647,0.7689186334609985,,
1047,40871,,,,,5.6501312255859375,0.297477126121521
1047,40871,,,1.6631020307540894,0.734395444393158,,
1048,40910,,,,,5.655526638031006,0.30069148540496826
1048,40910,,,1.542049765586853,0.7366994023323059,,
1049,40949,,,,,5.449725151062012,0.3063441216945648
1049,40949,,,1.709167718887329,0.7134512066841125,,
1050,40988,,,,,5.513977527618408,0.3021545112133026
1050,40988,,,1.5778262615203857,0.7275611758232117,,
1051,41027,,,,,5.577992916107178,0.30011457204818726
1051,41027,,,1.5560283660888672,0.7662390470504761,,
1052,41066,,,,,5.602872371673584,0.30117207765579224
1052,41066,,,1.5523613691329956,0.7251591086387634,,
1053,41105,,,,,5.584161281585693,0.29937922954559326
1053,41105,,,1.667979121208191,0.7233685255050659,,
1054,41144,,,,,5.572505474090576,0.29633405804634094
1054,41144,,,1.6336476802825928,0.7333837747573853,,
1055,41183,,,,,5.648923873901367,0.2962423861026764
1055,41183,,,1.6200804710388184,0.7180603742599487,,
1056,41222,,,,,5.538380146026611,0.2999551594257355
1056,41222,,,1.6866153478622437,0.7309094071388245,,
1057,41261,,,,,5.724302768707275,0.2930562198162079
1057,41261,,,1.6130499839782715,0.7535742521286011,,
1058,41300,,,,,5.77798318862915,0.29231831431388855
1058,41300,,,1.5799928903579712,0.7138628959655762,,
1059,41339,,,,,5.581798076629639,0.29852208495140076
1059,41339,,,1.7263375520706177,0.7283515334129333,,
1060,41378,,,,,5.508799076080322,0.2989366948604584
1060,41378,,,1.603554606437683,0.7434895634651184,,
1061,41417,,,,,5.58198881149292,0.29811781644821167
1061,41417,,,1.6621146202087402,0.7463764548301697,,
1062,41456,,,,,5.542941093444824,0.3024425208568573
1062,41456,,,1.5133616924285889,0.7588263750076294,,
1063,41495,,,,,5.568180084228516,0.2988221347332001
1063,41495,,,1.6540865898132324,0.7127618789672852,,
1064,41534,,,,,5.527953624725342,0.3003794252872467
1064,41534,,,1.6632214784622192,0.7245780229568481,,
1065,41573,,,,,5.507153511047363,0.30261197686195374
1065,41573,,,1.7171173095703125,0.6950927376747131,,
1066,41612,,,,,5.6748948097229,0.2980157732963562
1066,41612,,,1.5250673294067383,0.7267924547195435,,
1067,41651,,,,,5.5985236167907715,0.29934635758399963
1067,41651,,,1.7483593225479126,0.7069464325904846,,
1068,41690,,,,,5.565395355224609,0.30263108015060425
1068,41690,,,1.6176693439483643,0.7513816356658936,,
1069,41729,,,,,5.6157426834106445,0.3016405403614044
1069,41729,,,1.6013497114181519,0.7462252974510193,,
1070,41768,,,,,5.523096561431885,0.3014794588088989
1070,41768,,,1.6298205852508545,0.7363982200622559,,
1071,41807,,,,,5.4008965492248535,0.30728867650032043
1071,41807,,,1.619552493095398,0.7299284934997559,,
1072,41846,,,,,5.515185832977295,0.3021388649940491
1072,41846,,,1.698947787284851,0.7175633907318115,,
1073,41885,,,,,5.477828025817871,0.30010995268821716
1073,41885,,,1.536025047302246,0.7561009526252747,,
1074,41924,,,,,5.584181308746338,0.2931528687477112
1074,41924,,,1.6074271202087402,0.7290332913398743,,
1075,41963,,,,,5.657176494598389,0.2927356958389282
1075,41963,,,1.5578933954238892,0.7334042191505432,,
1076,42002,,,,,5.594364166259766,0.2950560748577118
1076,42002,,,1.614546537399292,0.7477156519889832,,
1077,42041,,,,,5.6073408126831055,0.29568591713905334
1077,42041,,,1.5365979671478271,0.7192481756210327,,
1078,42080,,,,,5.5552778244018555,0.2975319027900696
1078,42080,,,1.6323877573013306,0.7420052289962769,,
1079,42119,,,,,5.718916893005371,0.29283130168914795
1079,42119,,,1.5925251245498657,0.7393017411231995,,
1080,42158,,,,,5.575076103210449,0.296246200799942
1080,42158,,,1.5996897220611572,0.7461189031600952,,
1081,42197,,,,,5.663113594055176,0.2933756113052368
1081,42197,,,1.6154193878173828,0.7318211793899536,,
1082,42236,,,,,5.564109802246094,0.29734107851982117
1082,42236,,,1.605486273765564,0.740202784538269,,
1083,42275,,,,,5.578121185302734,0.3001144826412201
1083,42275,,,1.7630529403686523,0.7238758206367493,,
1084,42314,,,,,5.656651973724365,0.2933327257633209
1084,42314,,,1.603040099143982,0.735724687576294,,
1085,42353,,,,,5.498844623565674,0.30020174384117126
1085,42353,,,1.6987749338150024,0.7335771918296814,,
1086,42392,,,,,5.456606388092041,0.29910239577293396
1086,42392,,,1.6406983137130737,0.738088846206665,,
1087,42431,,,,,5.5855207443237305,0.296815425157547
1087,42431,,,1.5290248394012451,0.7465396523475647,,
1088,42470,,,,,5.5032758712768555,0.29683294892311096
1088,42470,,,1.6591565608978271,0.7199309468269348,,
1089,42509,,,,,5.6067118644714355,0.2940446436405182
1089,42509,,,1.5557869672775269,0.7652944922447205,,
1090,42548,,,,,5.54314661026001,0.2958070933818817
1090,42548,,,1.6467325687408447,0.7380759119987488,,
1091,42587,,,,,5.501677989959717,0.2964309751987457
1091,42587,,,1.651399850845337,0.7363008856773376,,
1092,42626,,,,,5.493523120880127,0.30218705534935
1092,42626,,,1.4608947038650513,0.7543557286262512,,
1093,42665,,,,,5.675344944000244,0.29475557804107666
1093,42665,,,1.5229710340499878,0.7594096660614014,,
1094,42704,,,,,5.619559288024902,0.29344430565834045
1094,42704,,,1.6528856754302979,0.7309283018112183,,
1095,42743,,,,,5.611879825592041,0.2929331362247467
1095,42743,,,1.6311213970184326,0.7190435528755188,,
1096,42782,,,,,5.497464179992676,0.29744094610214233
1096,42782,,,1.579957365989685,0.7240934371948242,,
1097,42821,,,,,5.573833465576172,0.2951633036136627
1097,42821,,,1.595284104347229,0.7466650009155273,,
1098,42860,,,,,5.628317832946777,0.2941858768463135
1098,42860,,,1.6035962104797363,0.7426058650016785,,
1099,42899,,,,,5.6017045974731445,0.2955939769744873
1099,42899,,,1.4698253870010376,0.7671405076980591,,
1100,42938,,,,,5.479691505432129,0.29814383387565613
1100,42938,,,1.5666909217834473,0.748559296131134,,
1101,42977,,,,,5.557043552398682,0.29707130789756775
1101,42977,,,1.5255087614059448,0.7481761574745178,,
1102,43016,,,,,5.540216445922852,0.29853904247283936
1102,43016,,,1.615787148475647,0.7202403545379639,,
1103,43055,,,,,5.417471885681152,0.30518490076065063
1103,43055,,,1.534437894821167,0.7491622567176819,,
1104,43094,,,,,5.435549259185791,0.30341970920562744
1104,43094,,,1.706148386001587,0.7315032482147217,,
1105,43133,,,,,5.4268012046813965,0.30147585272789
1105,43133,,,1.5606272220611572,0.7527703642845154,,
1106,43172,,,,,5.578027248382568,0.29616016149520874
1106,43172,,,1.6603673696517944,0.722054123878479,,
1107,43211,,,,,5.448152542114258,0.3010745346546173
1107,43211,,,1.649007797241211,0.7533484697341919,,
1108,43250,,,,,5.476883411407471,0.3016042709350586
1108,43250,,,1.6435887813568115,0.7502608895301819,,
1109,43289,,,,,5.519511699676514,0.2972290515899658
1109,43289,,,1.605377435684204,0.7339448928833008,,
1110,43328,,,,,5.468509197235107,0.29867032170295715
1110,43328,,,1.533427119255066,0.7477415800094604,,
1111,43367,,,,,5.402563095092773,0.3023034930229187
1111,43367,,,1.6238962411880493,0.7403172254562378,,
1112,43406,,,,,5.382087230682373,0.3022884428501129
1112,43406,,,1.6417653560638428,0.7405028343200684,,
1113,43445,,,,,5.332640647888184,0.3050347864627838
1113,43445,,,1.6030720472335815,0.7349936962127686,,
1114,43484,,,,,5.393253803253174,0.3056357800960541
1114,43484,,,1.4580366611480713,0.7475037574768066,,
1115,43523,,,,,5.433588027954102,0.3059626817703247
1115,43523,,,1.5994280576705933,0.71797114610672,,
1116,43562,,,,,5.415217876434326,0.30518463253974915
1116,43562,,,1.7024691104888916,0.733813464641571,,
1117,43601,,,,,5.3150129318237305,0.30791452527046204
1117,43601,,,1.7012555599212646,0.7252588868141174,,
1118,43640,,,,,5.376302719116211,0.3044779598712921
1118,43640,,,1.5586864948272705,0.7586122155189514,,
1119,43679,,,,,5.495241165161133,0.2996329665184021
1119,43679,,,1.4925588369369507,0.7465936541557312,,
1120,43718,,,,,5.433260440826416,0.3025611937046051
1120,43718,,,1.5951560735702515,0.7286853790283203,,
1121,43757,,,,,5.3269734382629395,0.30503571033477783
1121,43757,,,1.5908563137054443,0.7237239480018616,,
1122,43796,,,,,5.581272602081299,0.29451027512550354
1122,43796,,,1.517587423324585,0.7725388407707214,,
1123,43835,,,,,5.4567389488220215,0.29866939783096313
1123,43835,,,1.7096747159957886,0.7221136689186096,,
1124,43874,,,,,5.25477933883667,0.3092777132987976
1124,43874,,,1.7097961902618408,0.7380987405776978,,
1125,43913,,,,,5.387251377105713,0.30375176668167114
1125,43913,,,1.6142864227294922,0.7157319188117981,,
1126,43952,,,,,5.42840051651001,0.30257460474967957
1126,43952,,,1.5587188005447388,0.7359586358070374,,
1127,43991,,,,,5.454678058624268,0.3006763160228729
1127,43991,,,1.5164096355438232,0.7484404444694519,,
1128,44030,,,,,5.465938091278076,0.2989010214805603
1128,44030,,,1.5156525373458862,0.7338697910308838,,
1129,44069,,,,,5.393299579620361,0.3017696440219879
1129,44069,,,1.635763168334961,0.750105619430542,,
1130,44108,,,,,5.444766044616699,0.30025795102119446
1130,44108,,,1.629865288734436,0.744865357875824,,
1131,44147,,,,,5.522513389587402,0.29526516795158386
1131,44147,,,1.603901743888855,0.7254157066345215,,
1132,44186,,,,,5.428938865661621,0.29748350381851196
1132,44186,,,1.540981650352478,0.709628164768219,,
1133,44225,,,,,5.451406478881836,0.2982734441757202
1133,44225,,,1.484226107597351,0.7388955354690552,,
1134,44264,,,,,5.618091583251953,0.2918121814727783
1134,44264,,,1.4211657047271729,0.7446140646934509,,
1135,44303,,,,,5.49238920211792,0.2983402907848358
1135,44303,,,1.6586376428604126,0.7223607897758484,,
1136,44342,,,,,5.510303020477295,0.29947903752326965
1136,44342,,,1.6037393808364868,0.7229683995246887,,
1137,44381,,,,,5.406402111053467,0.30134424567222595
1137,44381,,,1.658416986465454,0.7296146154403687,,
1138,44420,,,,,5.417212009429932,0.3010609447956085
1138,44420,,,1.547473669052124,0.7317566275596619,,
1139,44459,,,,,5.447765350341797,0.30050715804100037
1139,44459,,,1.5537749528884888,0.7473312020301819,,
1140,44498,,,,,5.494778633117676,0.29700249433517456
1140,44498,,,1.5628602504730225,0.7576581835746765,,
1141,44537,,,,,5.466102600097656,0.29983240365982056
1141,44537,,,1.6178984642028809,0.7038875818252563,,
1142,44576,,,,,5.441831111907959,0.3017028272151947
1142,44576,,,1.5230426788330078,0.7312608361244202,,
1143,44615,,,,,5.442751884460449,0.3012123107910156
1143,44615,,,1.5221861600875854,0.7480088472366333,,
1144,44654,,,,,5.332174777984619,0.30905869603157043
1144,44654,,,1.583089828491211,0.7518320083618164,,
1145,44693,,,,,5.2837018966674805,0.30572637915611267
1145,44693,,,1.6347393989562988,0.7326903939247131,,
1146,44732,,,,,5.437563896179199,0.29957014322280884
1146,44732,,,1.4810463190078735,0.7655319571495056,,
1147,44771,,,,,5.4849724769592285,0.29968762397766113
1147,44771,,,1.5767563581466675,0.7391644716262817,,
1148,44810,,,,,5.531494617462158,0.29768359661102295
1148,44810,,,1.4547808170318604,0.7441709637641907,,
1149,44849,,,,,5.553177356719971,0.2960743308067322
1149,44849,,,1.6134902238845825,0.7509151101112366,,
1150,44888,,,,,5.4070916175842285,0.3035542070865631
1150,44888,,,1.619388222694397,0.7343913316726685,,
1151,44927,,,,,5.462930679321289,0.29857340455055237
1151,44927,,,1.5046542882919312,0.73525470495224,,
1152,44966,,,,,5.473538398742676,0.29631075263023376
1152,44966,,,1.5939947366714478,0.7452885508537292,,
1153,45005,,,,,5.648674488067627,0.28990480303764343
1153,45005,,,1.5969284772872925,0.7713688015937805,,
1154,45044,,,,,5.633635997772217,0.292044073343277
1154,45044,,,1.5880892276763916,0.7460541129112244,,
1155,45083,,,,,5.459636688232422,0.2958616018295288
1155,45083,,,1.7015762329101562,0.725823700428009,,
1156,45122,,,,,5.276682376861572,0.30521801114082336
1156,45122,,,1.6378012895584106,0.72199946641922,,
1157,45161,,,,,5.25130558013916,0.3033984303474426
1157,45161,,,1.6170543432235718,0.7260296940803528,,
1158,45200,,,,,5.372247219085693,0.2975494861602783
1158,45200,,,1.6114331483840942,0.7342293858528137,,
1159,45239,,,,,5.301081657409668,0.2994740903377533
1159,45239,,,1.6082854270935059,0.7154337167739868,,
1160,45278,,,,,5.472696304321289,0.29395508766174316
1160,45278,,,1.4333611726760864,0.7830115556716919,,
1161,45317,,,,,5.583242416381836,0.2896391451358795
1161,45317,,,1.6253223419189453,0.7398068308830261,,
1162,45356,,,,,5.45880651473999,0.2888837158679962
1162,45356,,,1.6540194749832153,0.7504813075065613,,
1163,45395,,,,,5.479879379272461,0.29265615344047546
1163,45395,,,1.6453384160995483,0.7385798692703247,,
1164,45434,,,,,5.477260589599609,0.29569771885871887
1164,45434,,,1.4924455881118774,0.7458643913269043,,
1165,45473,,,,,5.497677803039551,0.29393917322158813
1165,45473,,,1.6210051774978638,0.7603244781494141,,
1166,45512,,,,,5.53452205657959,0.2947109043598175
1166,45512,,,1.5344312191009521,0.7507941126823425,,
1167,45551,,,,,5.446232795715332,0.2993082106113434
1167,45551,,,1.55382239818573,0.7419460415840149,,
1168,45590,,,,,5.442538261413574,0.3016826808452606
1168,45590,,,1.4354833364486694,0.7576978802680969,,
1169,45629,,,,,5.398204803466797,0.3020632863044739
1169,45629,,,1.474924921989441,0.7581033706665039,,
1170,45668,,,,,5.425685405731201,0.30148282647132874
1170,45668,,,1.461474061012268,0.7513023018836975,,
1171,45707,,,,,5.451833724975586,0.30095717310905457
1171,45707,,,1.5640076398849487,0.7317405343055725,,
1172,45746,,,,,5.51273775100708,0.29878103733062744
1172,45746,,,1.6167771816253662,0.7237665057182312,,
1173,45785,,,,,5.409749507904053,0.30416011810302734
1173,45785,,,1.588017463684082,0.7429234385490417,,
1174,45824,,,,,5.511800765991211,0.2979569733142853
1174,45824,,,1.5066345930099487,0.7684453725814819,,
1175,45863,,,,,5.526602745056152,0.29663872718811035
1175,45863,,,1.5477021932601929,0.7456761598587036,,
1176,45902,,,,,5.639911651611328,0.289448618888855
1176,45902,,,1.48674476146698,0.7772340774536133,,
1177,45941,,,,,5.654759883880615,0.28839826583862305
1177,45941,,,1.5408761501312256,0.7354037165641785,,
1178,45980,,,,,5.635824203491211,0.28800487518310547
1178,45980,,,1.6000229120254517,0.7426292300224304,,
1179,46019,,,,,5.544631481170654,0.29083672165870667
1179,46019,,,1.589300513267517,0.7213204503059387,,
1180,46058,,,,,5.543909072875977,0.28490352630615234
1180,46058,,,1.6335361003875732,0.7522175908088684,,
1181,46097,,,,,5.600651264190674,0.282431036233902
1181,46097,,,1.6358704566955566,0.731677234172821,,
1182,46136,,,,,5.515916347503662,0.28620824217796326
1182,46136,,,1.4826276302337646,0.7341194152832031,,
1183,46175,,,,,5.475783348083496,0.2890172302722931
1183,46175,,,1.5312399864196777,0.738595187664032,,
1184,46214,,,,,5.525112152099609,0.28703027963638306
1184,46214,,,1.518136739730835,0.7511595487594604,,
1185,46253,,,,,5.434797286987305,0.29290321469306946
1185,46253,,,1.5787619352340698,0.7214699983596802,,
1186,46292,,,,,5.457390308380127,0.2917640507221222
1186,46292,,,1.5658520460128784,0.7336971163749695,,
1187,46331,,,,,5.529819488525391,0.2851540744304657
1187,46331,,,1.4052734375,0.7712072134017944,,
1188,46370,,,,,5.542652606964111,0.2864690124988556
1188,46370,,,1.504440426826477,0.7492281794548035,,
1189,46409,,,,,5.580167293548584,0.28358787298202515
1189,46409,,,1.5475900173187256,0.7738420963287354,,
1190,46448,,,,,5.342454433441162,0.28774207830429077
1190,46448,,,1.615930199623108,0.7351792454719543,,
1191,46487,,,,,5.400763511657715,0.2864512503147125
1191,46487,,,1.5433911085128784,0.7487042546272278,,
1192,46526,,,,,5.521083354949951,0.2836838662624359
1192,46526,,,1.5776926279067993,0.7408930063247681,,
1193,46565,,,,,5.574824810028076,0.2793949246406555
1193,46565,,,1.5549861192703247,0.7531718611717224,,
1194,46604,,,,,5.495599746704102,0.2810387909412384
1194,46604,,,1.4924544095993042,0.7584086656570435,,
1195,46643,,,,,5.591968536376953,0.27935853600502014
1195,46643,,,1.4505770206451416,0.751482367515564,,
1196,46682,,,,,5.458469867706299,0.2799018919467926
1196,46682,,,1.5378093719482422,0.7509638667106628,,
1197,46721,,,,,5.411112308502197,0.28545594215393066
1197,46721,,,1.6374189853668213,0.736493706703186,,
1198,46760,,,,,5.462128639221191,0.2834109365940094
1198,46760,,,1.4206866025924683,0.7708616852760315,,
1199,46799,,,,,5.464371204376221,0.283999502658844
1199,46799,,,1.5105841159820557,0.7584152817726135,,
1200,46838,,,,,5.557553768157959,0.2822102904319763
1200,46838,,,1.4362648725509644,0.7725626230239868,,
1201,46877,,,,,5.586291790008545,0.2838565409183502
1201,46877,,,1.562865972518921,0.7133417725563049,,
1202,46916,,,,,5.5651445388793945,0.2852378189563751
1202,46916,,,1.5041452646255493,0.7650951147079468,,
1203,46955,,,,,5.4925150871276855,0.29071614146232605
1203,46955,,,1.418146014213562,0.7643950581550598,,
1204,46994,,,,,5.549805164337158,0.2901637554168701
1204,46994,,,1.450728178024292,0.7490928173065186,,
1205,47033,,,,,5.564232349395752,0.28662270307540894
1205,47033,,,1.6023725271224976,0.7375732660293579,,
1206,47072,,,,,5.592666149139404,0.28766968846321106
1206,47072,,,1.4909394979476929,0.7460699081420898,,
1207,47111,,,,,5.43062162399292,0.29347896575927734
1207,47111,,,1.5641907453536987,0.7525456547737122,,
1208,47150,,,,,5.475283622741699,0.2924346625804901
1208,47150,,,1.568676233291626,0.7268519401550293,,
1209,47189,,,,,5.397756099700928,0.2948736250400543
1209,47189,,,1.5451717376708984,0.7103809714317322,,
1210,47228,,,,,5.354279041290283,0.2968771457672119
1210,47228,,,1.479259729385376,0.759873628616333,,
1211,47267,,,,,5.423606872558594,0.2974695861339569
1211,47267,,,1.4039266109466553,0.7620435953140259,,
1212,47306,,,,,5.429839611053467,0.29908061027526855
1212,47306,,,1.4467006921768188,0.7701496481895447,,
1213,47345,,,,,5.357857704162598,0.30190280079841614
1213,47345,,,1.6157543659210205,0.7402507066726685,,
1214,47384,,,,,5.416633605957031,0.3002748191356659
1214,47384,,,1.438869833946228,0.7562992572784424,,
1215,47423,,,,,5.493997097015381,0.2961729168891907
1215,47423,,,1.5349053144454956,0.7297828793525696,,
1216,47462,,,,,5.4512434005737305,0.2941634953022003
1216,47462,,,1.6095035076141357,0.741410493850708,,
1217,47501,,,,,5.435575008392334,0.295769065618515
1217,47501,,,1.5785421133041382,0.7290639281272888,,
1218,47540,,,,,5.3747382164001465,0.2997216582298279
1218,47540,,,1.55487859249115,0.7569326758384705,,
1219,47579,,,,,5.488088130950928,0.2957543134689331
1219,47579,,,1.4701677560806274,0.7636376023292542,,
1220,47618,,,,,5.5036091804504395,0.29526829719543457
1220,47618,,,1.594901204109192,0.7632690668106079,,
1221,47657,,,,,5.453768730163574,0.29905837774276733
1221,47657,,,1.5578769445419312,0.7314466834068298,,
1222,47696,,,,,5.457362651824951,0.29707813262939453
1222,47696,,,1.48906409740448,0.7288152575492859,,
1223,47735,,,,,5.519111156463623,0.29142436385154724
1223,47735,,,1.4984688758850098,0.74653559923172,,
1224,47774,,,,,5.538815975189209,0.29307571053504944
1224,47774,,,1.5100528001785278,0.7350847721099854,,
1225,47813,,,,,5.544112205505371,0.2920849919319153
1225,47813,,,1.5561087131500244,0.7560434341430664,,
1226,47852,,,,,5.511865615844727,0.29409483075141907
1226,47852,,,1.5145320892333984,0.7428030371665955,,
1227,47891,,,,,5.465296745300293,0.29819968342781067
1227,47891,,,1.4620611667633057,0.7808505892753601,,
1228,47930,,,,,5.5075554847717285,0.29604458808898926
1228,47930,,,1.577066421508789,0.7371839284896851,,
1229,47969,,,,,5.4740777015686035,0.2979995608329773
1229,47969,,,1.482809066772461,0.7512735724449158,,
1230,48008,,,,,5.49128532409668,0.3026602864265442
1230,48008,,,1.473207712173462,0.76755690574646,,
1231,48047,,,,,5.391589164733887,0.3074289858341217
1231,48047,,,1.527891993522644,0.7447104454040527,,
1232,48086,,,,,5.406197547912598,0.3068557679653168
1232,48086,,,1.56615149974823,0.7418707609176636,,
1233,48125,,,,,5.53660774230957,0.2986561357975006
1233,48125,,,1.4307295083999634,0.7440350651741028,,
1234,48164,,,,,5.496838569641113,0.29862314462661743
1234,48164,,,1.5178767442703247,0.7769936919212341,,
1235,48203,,,,,5.434203147888184,0.2994266748428345
1235,48203,,,1.5595791339874268,0.7408608198165894,,
1236,48242,,,,,5.479074954986572,0.29681605100631714
1236,48242,,,1.4055508375167847,0.7587898373603821,,
1237,48281,,,,,5.4775896072387695,0.29930222034454346
1237,48281,,,1.52208411693573,0.7530068755149841,,
1238,48320,,,,,5.419884204864502,0.2963409125804901
1238,48320,,,1.526957631111145,0.7372312545776367,,
1239,48359,,,,,5.426585674285889,0.2929272949695587
1239,48359,,,1.5718668699264526,0.7781976461410522,,
1240,48398,,,,,5.541144847869873,0.2876841127872467
1240,48398,,,1.4707471132278442,0.7369484901428223,,
1241,48437,,,,,5.556207656860352,0.28705689311027527
1241,48437,,,1.5042539834976196,0.7654308080673218,,
1242,48476,,,,,5.483352184295654,0.29037991166114807
1242,48476,,,1.524290680885315,0.7582998275756836,,
1243,48515,,,,,5.457613945007324,0.2960083484649658
1243,48515,,,1.4665888547897339,0.7488388419151306,,
1244,48554,,,,,5.503118515014648,0.2966758906841278
1244,48554,,,1.4547882080078125,0.754508912563324,,
1245,48593,,,,,5.429458141326904,0.2976306974887848
1245,48593,,,1.510007619857788,0.7648215889930725,,
1246,48632,,,,,5.531192302703857,0.29460814595222473
1246,48632,,,1.523439884185791,0.7597693204879761,,
1247,48671,,,,,5.436405658721924,0.2978583872318268
1247,48671,,,1.519704818725586,0.7393484115600586,,
1248,48710,,,,,5.420790672302246,0.29698386788368225
1248,48710,,,1.4617576599121094,0.7599169611930847,,
1249,48749,,,,,5.430025577545166,0.294837087392807
1249,48749,,,1.5646231174468994,0.7445878982543945,,
1250,48788,,,,,5.44492244720459,0.2987648546695709
1250,48788,,,1.4893485307693481,0.7541418671607971,,
1251,48827,,,,,5.4470038414001465,0.299724280834198
1251,48827,,,1.4476686716079712,0.7479926347732544,,
1252,48866,,,,,5.521847248077393,0.2967187166213989
1252,48866,,,1.4997425079345703,0.7426794767379761,,
1253,48905,,,,,5.520940780639648,0.2961380183696747
1253,48905,,,1.5580713748931885,0.730693519115448,,
1254,48944,,,,,5.50087833404541,0.2938387393951416
1254,48944,,,1.4722802639007568,0.7689154148101807,,
1255,48983,,,,,5.437486171722412,0.29145509004592896
1255,48983,,,1.4772202968597412,0.7402787208557129,,
1256,49022,,,,,5.43278694152832,0.2926155924797058
1256,49022,,,1.4484471082687378,0.7561835050582886,,
1257,49061,,,,,5.514657020568848,0.29021742939949036
1257,49061,,,1.543709635734558,0.7511817812919617,,
1258,49062,1.3776699304580688,0.3024989068508148,,,,
