epoch,train_loss,val_loss,train_pcc,val_pcc
1,5.868048191070557,1.5541884899139404,0.008464544080197811,0.024052007123827934
2,5.005166053771973,1.2511651515960693,0.0016483748331665993,0.02206403948366642
3,4.920158386230469,1.1671087741851807,-0.0030305348336696625,0.043787650763988495
4,4.386152267456055,1.1697864532470703,0.05387526750564575,0.08640988916158676
5,4.202891826629639,1.1884211301803589,0.008414323441684246,0.1267421692609787
6,4.211040496826172,1.20952570438385,0.05486048012971878,0.16031315922737122
7,4.204931735992432,1.2261563539505005,0.04521783068776131,0.1886531114578247
8,4.270053386688232,1.2432488203048706,0.1141306459903717,0.21151959896087646
9,4.404651165008545,1.234596848487854,0.05423404648900032,0.23250812292099
10,4.320581912994385,1.2173453569412231,0.03820232301950455,0.24906572699546814
11,4.245575904846191,1.2163739204406738,0.05379849299788475,0.2596616744995117
12,4.345443248748779,1.2086734771728516,0.045341696590185165,0.2658662497997284
13,4.132908344268799,1.2054427862167358,0.06056440621614456,0.2711707353591919
14,4.258542060852051,1.2103830575942993,0.10784962028265,0.2756749987602234
15,4.171669006347656,1.1989336013793945,0.09549780935049057,0.277526319026947
16,4.235986709594727,1.1953537464141846,0.17049263417720795,0.27989116311073303
17,3.9948699474334717,1.2127797603607178,0.15153302252292633,0.2832980453968048
18,4.086828708648682,1.2015180587768555,0.13072419166564941,0.28720539808273315
19,4.13322114944458,1.1927391290664673,0.13456915318965912,0.28951528668403625
20,4.10933780670166,1.2136561870574951,0.18039515614509583,0.2912102937698364
21,4.075894355773926,1.1883103847503662,0.13948515057563782,0.2940101623535156
22,4.02833366394043,1.1920101642608643,0.16859063506126404,0.2953411340713501
23,4.16087007522583,1.1837396621704102,0.1870117336511612,0.2964155673980713
24,4.261662483215332,1.1845773458480835,0.14447133243083954,0.29795604944229126
25,4.249749660491943,1.1963247060775757,0.22176238894462585,0.29991450905799866
26,4.033707618713379,1.1839029788970947,0.23641160130500793,0.3004756271839142
27,3.867953062057495,1.182432770729065,0.23183861374855042,0.30121755599975586
28,4.2193922996521,1.1743535995483398,0.15848322212696075,0.30223655700683594
29,3.7075366973876953,1.159487247467041,0.20191100239753723,0.30353230237960815
30,3.8051066398620605,1.1561851501464844,0.22807537019252777,0.3048045337200165
31,3.964397430419922,1.166427731513977,0.2607836127281189,0.30539652705192566
32,4.056949615478516,1.1558319330215454,0.28204697370529175,0.30615025758743286
33,3.87353253364563,1.1639858484268188,0.2504196763038635,0.3072090446949005
34,3.912432909011841,1.1750364303588867,0.28421515226364136,0.3085215091705322
35,3.9830052852630615,1.1457276344299316,0.26643234491348267,0.30854249000549316
36,3.723811626434326,1.1400011777877808,0.268974244594574,0.30964675545692444
37,3.920903205871582,1.1254740953445435,0.22377440333366394,0.31027135252952576
38,3.828190803527832,1.14878249168396,0.31386908888816833,0.3103644549846649
39,3.944052219390869,1.1526726484298706,0.2859339714050293,0.3115461766719818
40,4.011950492858887,1.1506184339523315,0.28379130363464355,0.31234049797058105
41,3.6804113388061523,1.1479774713516235,0.27595868706703186,0.3134884536266327
42,3.8959388732910156,1.1647952795028687,0.2671251893043518,0.3145054876804352
43,3.648646116256714,1.1609420776367188,0.3109443187713623,0.3144215941429138
44,3.789015054702759,1.1708019971847534,0.3209666609764099,0.3153166174888611
45,3.6890788078308105,1.1673991680145264,0.29322221875190735,0.3156651556491852
46,3.924954891204834,1.1516075134277344,0.3287178575992584,0.31558701395988464
47,3.6919665336608887,1.1564233303070068,0.33577632904052734,0.3164626657962799
48,3.708839178085327,1.1443581581115723,0.32210129499435425,0.3173966705799103
49,3.5453429222106934,1.1405811309814453,0.3512577712535858,0.3191630244255066
50,3.791356325149536,1.1244196891784668,0.30379459261894226,0.3189506530761719
51,3.8116822242736816,1.1417182683944702,0.37013307213783264,0.3193361759185791
52,3.9083635807037354,1.1478090286254883,0.3263353705406189,0.3199462592601776
53,3.7560033798217773,1.1561328172683716,0.311694473028183,0.3207773268222809
54,3.826568126678467,1.1530972719192505,0.32310375571250916,0.3221392333507538
55,3.8009049892425537,1.1573017835617065,0.36057016253471375,0.3224829435348511
56,3.3997795581817627,1.1752859354019165,0.36781999468803406,0.3238760828971863
57,3.6319947242736816,1.151678204536438,0.37432661652565,0.32469141483306885
58,3.551619291305542,1.1631721258163452,0.3515819013118744,0.3257516026496887
59,3.499859094619751,1.1589417457580566,0.3629849851131439,0.3261086344718933
60,3.5069000720977783,1.1390382051467896,0.35162049531936646,0.3269367516040802
61,3.582545757293701,1.1569896936416626,0.367072731256485,0.32724931836128235
62,3.616487979888916,1.1690489053726196,0.38225850462913513,0.32736265659332275
63,3.573162317276001,1.1601924896240234,0.40592697262763977,0.3277871608734131
64,3.556842565536499,1.1598089933395386,0.3487522006034851,0.3280373811721802
65,3.6650390625,1.1523667573928833,0.3728764057159424,0.3289780616760254
66,3.6362431049346924,1.1419657468795776,0.3619401454925537,0.3294893801212311
67,3.648756265640259,1.169905662536621,0.36993733048439026,0.32936275005340576
68,3.6087586879730225,1.175321340560913,0.3692038357257843,0.3295980393886566
69,3.6181983947753906,1.1827874183654785,0.3972776234149933,0.33035144209861755
70,3.691732883453369,1.1646339893341064,0.36012670397758484,0.3316025733947754
71,3.566260814666748,1.152641773223877,0.37408700585365295,0.332191526889801
72,3.6300830841064453,1.1458046436309814,0.3804702162742615,0.3327179253101349
73,3.84515643119812,1.1527518033981323,0.36095258593559265,0.33292919397354126
74,3.4114396572113037,1.1573032140731812,0.4066004157066345,0.3330570459365845
75,3.553356885910034,1.1583857536315918,0.373214453458786,0.33388927578926086
76,3.481403112411499,1.1510460376739502,0.33919113874435425,0.33501705527305603
77,3.4675517082214355,1.1633323431015015,0.3623291552066803,0.3357688784599304
78,3.638336181640625,1.1591578722000122,0.356283038854599,0.3358440101146698
79,3.56382155418396,1.1702179908752441,0.4092962145805359,0.33631494641304016
80,3.429340362548828,1.1707671880722046,0.41448110342025757,0.33663487434387207
81,3.67242169380188,1.1649292707443237,0.345563679933548,0.3366697430610657
82,3.37445068359375,1.1693669557571411,0.4149717092514038,0.3370989263057709
83,3.5283050537109375,1.177342414855957,0.40373915433883667,0.3370729088783264
84,3.58970046043396,1.18535578250885,0.4033910930156708,0.3379118740558624
85,3.5326173305511475,1.187353253364563,0.42601776123046875,0.3383159339427948
86,3.702953338623047,1.1748369932174683,0.40478435158729553,0.33849114179611206
87,3.6954612731933594,1.1568336486816406,0.38276877999305725,0.33776938915252686
88,3.498152494430542,1.1672779321670532,0.403422087430954,0.33817532658576965
89,3.501225471496582,1.1805938482284546,0.42126092314720154,0.33828088641166687
90,3.6029443740844727,1.1894385814666748,0.3984905779361725,0.3395935893058777
91,3.452683687210083,1.1765170097351074,0.394509494304657,0.34054455161094666
92,3.3391032218933105,1.1671206951141357,0.40298935770988464,0.34037303924560547
93,3.370593786239624,1.1679881811141968,0.40861430764198303,0.3403885066509247
94,3.400304079055786,1.177614688873291,0.4317980408668518,0.3404664695262909
95,3.465754985809326,1.1849128007888794,0.4126470386981964,0.34071657061576843
96,3.4489948749542236,1.1696196794509888,0.39176085591316223,0.3405081629753113
97,3.3758673667907715,1.192010760307312,0.4146713316440582,0.341914564371109
98,3.414090633392334,1.1842665672302246,0.41716843843460083,0.3421626389026642
99,3.357767343521118,1.1779824495315552,0.42097610235214233,0.3416714370250702
100,3.4872398376464844,1.1782578229904175,0.400837779045105,0.3421575129032135
101,3.48329758644104,1.1866041421890259,0.4028645157814026,0.3418993055820465
102,3.3314361572265625,1.1899033784866333,0.42472273111343384,0.3420546352863312
103,3.4116032123565674,1.1887401342391968,0.4348398447036743,0.34208551049232483
104,3.199110746383667,1.1897542476654053,0.43277648091316223,0.34258097410202026
105,3.364955425262451,1.1834750175476074,0.46002477407455444,0.34248489141464233
106,3.595811605453491,1.1889759302139282,0.4257793426513672,0.34306472539901733
107,3.3186771869659424,1.1807395219802856,0.43128183484077454,0.3434288799762726
108,3.4170751571655273,1.19347083568573,0.4334784746170044,0.34422340989112854
109,3.249962329864502,1.1863282918930054,0.4344124495983124,0.34333324432373047
110,3.504256010055542,1.1845252513885498,0.4167671799659729,0.34223130345344543
111,3.397660970687866,1.200232982635498,0.431043416261673,0.3432428538799286
112,3.482299327850342,1.184851050376892,0.4324288070201874,0.34343865513801575
113,3.5134661197662354,1.1975550651550293,0.4522570073604584,0.34173205494880676
114,3.393043041229248,1.193094253540039,0.4542524516582489,0.34162643551826477
115,3.493114709854126,1.2116568088531494,0.4486923813819885,0.3418351709842682
116,3.395488739013672,1.1961824893951416,0.43657562136650085,0.3418574929237366
117,3.391425609588623,1.2116944789886475,0.43487778306007385,0.34168028831481934
118,3.247096300125122,1.2018814086914062,0.4161868989467621,0.3414713740348816
119,3.39897084236145,1.2094826698303223,0.44247740507125854,0.3420790433883667
120,3.2213215827941895,1.1989883184432983,0.4318081736564636,0.3421812653541565
121,3.4809041023254395,1.197790503501892,0.4525194466114044,0.3420870900154114
122,3.3576714992523193,1.2116929292678833,0.44987672567367554,0.34292927384376526
123,3.3334460258483887,1.2053945064544678,0.4377664029598236,0.3437587022781372
124,3.482365846633911,1.1939948797225952,0.4333649277687073,0.3438572883605957
125,3.293349504470825,1.188645601272583,0.43933767080307007,0.3429770767688751
126,3.3148412704467773,1.1829397678375244,0.45713010430336,0.34177306294441223
127,3.450937032699585,1.1954141855239868,0.4847886562347412,0.34185609221458435
128,3.337232828140259,1.1942591667175293,0.40694132447242737,0.3426035940647125
129,3.19687557220459,1.207869529724121,0.4746150076389313,0.3436566889286041
130,3.461604118347168,1.20761239528656,0.4422019124031067,0.34402748942375183
131,3.331571102142334,1.1948070526123047,0.43193700909614563,0.3430054783821106
132,3.131030559539795,1.198470115661621,0.4382859170436859,0.3426418602466583
133,3.425050735473633,1.197644591331482,0.4666675627231598,0.342733770608902
134,3.1903154850006104,1.202697992324829,0.4597253203392029,0.3441540002822876
135,3.3048603534698486,1.2087783813476562,0.47511839866638184,0.34498336911201477
136,3.2405052185058594,1.202743649482727,0.45230576395988464,0.34447231888771057
137,3.1862316131591797,1.200226902961731,0.47094637155532837,0.34398025274276733
138,3.1130475997924805,1.2012754678726196,0.49775275588035583,0.34338849782943726
139,3.291825532913208,1.2012559175491333,0.4670885503292084,0.3431110084056854
140,3.2886335849761963,1.1965123414993286,0.46179306507110596,0.34180355072021484
141,3.2804198265075684,1.1913321018218994,0.4637307822704315,0.3420083522796631
142,3.2448370456695557,1.1880937814712524,0.45021888613700867,0.3420202136039734
143,3.244727373123169,1.1892049312591553,0.46377280354499817,0.3425430953502655
144,3.51224422454834,1.2075870037078857,0.4449388086795807,0.3438127040863037
145,3.236199378967285,1.1984690427780151,0.4618875980377197,0.34277233481407166
146,3.34393572807312,1.1967639923095703,0.46481019258499146,0.3424844443798065
147,3.169605255126953,1.1896263360977173,0.46153563261032104,0.34302598237991333
148,3.1160504817962646,1.1967384815216064,0.4873877167701721,0.3426993489265442
149,3.548015832901001,1.2070977687835693,0.429982453584671,0.34320226311683655
150,3.137410879135132,1.1987730264663696,0.4734501838684082,0.34205296635627747
151,3.2839887142181396,1.2026541233062744,0.45344793796539307,0.3423973619937897
152,3.1602745056152344,1.2065703868865967,0.46824929118156433,0.34129464626312256
153,3.2684996128082275,1.2153953313827515,0.47652116417884827,0.3430859446525574
154,3.037325620651245,1.2132889032363892,0.4714375138282776,0.3429730236530304
155,3.4073596000671387,1.2015794515609741,0.4488280713558197,0.3423585295677185
156,3.252988815307617,1.2003405094146729,0.468953400850296,0.34245923161506653
157,3.206437826156616,1.2100708484649658,0.4882957637310028,0.3426695466041565
158,3.4846668243408203,1.2078440189361572,0.43212342262268066,0.34438836574554443
159,3.2351133823394775,1.2075114250183105,0.46053048968315125,0.34452128410339355
160,3.186685562133789,1.2077308893203735,0.4815959334373474,0.34513840079307556
161,3.2595372200012207,1.1963304281234741,0.45066049695014954,0.34520870447158813
162,3.2517027854919434,1.2028738260269165,0.4781455099582672,0.34404030442237854
163,3.11505389213562,1.1899021863937378,0.45361006259918213,0.342685729265213
164,3.3951728343963623,1.1899086236953735,0.4632064998149872,0.3422921299934387
165,3.1579902172088623,1.1932835578918457,0.47027504444122314,0.34163883328437805
166,3.2216238975524902,1.2011029720306396,0.4887171983718872,0.34337422251701355
167,3.0707457065582275,1.2064450979232788,0.48227858543395996,0.3427311182022095
168,3.118030548095703,1.2086701393127441,0.4752117693424225,0.3434404134750366
169,3.319544792175293,1.213945984840393,0.4713824689388275,0.3425995111465454
170,3.1060633659362793,1.2117609977722168,0.5043936371803284,0.34147217869758606
171,3.057124376296997,1.2030010223388672,0.488585501909256,0.3407968580722809
172,3.32065749168396,1.2055599689483643,0.47644200921058655,0.3416534662246704
173,3.0146031379699707,1.2048699855804443,0.48371613025665283,0.3428567945957184
174,3.0514976978302,1.2010027170181274,0.45949438214302063,0.34240931272506714
175,3.0718283653259277,1.2094162702560425,0.48751547932624817,0.3426719605922699
176,3.06361985206604,1.2003360986709595,0.47974318265914917,0.3405260145664215
177,3.1227567195892334,1.2089332342147827,0.5156278610229492,0.34264159202575684
178,3.095702648162842,1.208052396774292,0.48445433378219604,0.34373772144317627
179,2.903233766555786,1.2129515409469604,0.5071858167648315,0.34312206506729126
180,3.24259090423584,1.210108757019043,0.500860869884491,0.34189358353614807
181,3.1717946529388428,1.2079139947891235,0.5046009421348572,0.34109100699424744
182,3.0631542205810547,1.2070426940917969,0.4988230764865875,0.34194833040237427
183,3.230959415435791,1.2098935842514038,0.4840366244316101,0.3423449695110321
184,3.1898739337921143,1.2095472812652588,0.4787764847278595,0.3418166935443878
185,3.1933236122131348,1.2144311666488647,0.49116867780685425,0.3430176377296448
186,2.9914615154266357,1.2144862413406372,0.5228094458580017,0.3420659005641937
187,3.146677017211914,1.2168635129928589,0.498181015253067,0.34270036220550537
188,3.2563908100128174,1.2113076448440552,0.48103973269462585,0.34254783391952515
189,3.1472549438476562,1.208726167678833,0.4756418466567993,0.34179356694221497
190,3.300140857696533,1.2147272825241089,0.4917621612548828,0.34322431683540344
191,3.1576502323150635,1.219034194946289,0.4941025674343109,0.34219756722450256
192,3.0323829650878906,1.2198907136917114,0.4874724745750427,0.34448426961898804
193,3.372924327850342,1.214034080505371,0.47646474838256836,0.3443823754787445
194,3.1536881923675537,1.2018944025039673,0.48811882734298706,0.34183967113494873
195,3.0953218936920166,1.2064167261123657,0.512988269329071,0.3409770429134369
196,3.072580575942993,1.219592571258545,0.4920990765094757,0.3418058156967163
197,3.114946126937866,1.22342050075531,0.5207000970840454,0.34269246459007263
198,2.8602685928344727,1.2183802127838135,0.5307875275611877,0.34212687611579895
199,2.991086483001709,1.2117507457733154,0.49277520179748535,0.3413386940956116
200,3.0992963314056396,1.212221622467041,0.5216220021247864,0.343858540058136
201,3.163621664047241,1.2085976600646973,0.4946017265319824,0.34289348125457764
202,2.8860695362091064,1.2041616439819336,0.4809536635875702,0.34252938628196716
203,2.9316084384918213,1.209928274154663,0.5003224611282349,0.3436698913574219
204,3.0195987224578857,1.2087385654449463,0.5001282095909119,0.3437145948410034
205,3.0056068897247314,1.2045514583587646,0.5297735333442688,0.3433856964111328
206,3.049988031387329,1.2061805725097656,0.5182745456695557,0.34246671199798584
207,3.115114450454712,1.200413465499878,0.5128301978111267,0.3432440459728241
208,3.01278018951416,1.1932028532028198,0.5244295597076416,0.34373071789741516
209,2.923431158065796,1.1998357772827148,0.5140736699104309,0.3452354669570923
210,2.9296934604644775,1.2015337944030762,0.5104902982711792,0.3461892604827881
211,2.918322801589966,1.1989309787750244,0.5041316151618958,0.34563061594963074
212,3.114177703857422,1.1916033029556274,0.5171875357627869,0.3452114462852478
213,2.9721732139587402,1.202539086341858,0.47947463393211365,0.3459169566631317
214,3.054868459701538,1.199073314666748,0.5056170225143433,0.3442845642566681
215,2.8854103088378906,1.1958699226379395,0.5542729496955872,0.3435080051422119
216,2.9891905784606934,1.2044703960418701,0.48560500144958496,0.3463868796825409
217,2.920501947402954,1.2000962495803833,0.5332654118537903,0.34656938910484314
218,2.9503204822540283,1.1972471475601196,0.517522394657135,0.3477276563644409
219,3.146761417388916,1.1893929243087769,0.48386186361312866,0.3444582223892212
220,2.7879490852355957,1.1960785388946533,0.5126911997795105,0.34508559107780457
221,2.9537506103515625,1.1932517290115356,0.5281632542610168,0.34483543038368225
222,3.0721304416656494,1.1937025785446167,0.5222815275192261,0.34542590379714966
223,2.7945823669433594,1.1934858560562134,0.4898448884487152,0.3452701270580292
224,3.0874290466308594,1.2006134986877441,0.5268038511276245,0.3469977080821991
225,2.9503462314605713,1.2083382606506348,0.5295560359954834,0.3486860692501068
226,3.0051655769348145,1.203747034072876,0.5109232068061829,0.34606561064720154
227,3.080040216445923,1.2005754709243774,0.5007694959640503,0.3426719903945923
228,2.9182934761047363,1.1977425813674927,0.5037099123001099,0.344455748796463
229,2.8879923820495605,1.2045929431915283,0.5309076309204102,0.34429192543029785
230,2.984614133834839,1.2069497108459473,0.5037096738815308,0.3435201644897461
231,3.2221078872680664,1.2014892101287842,0.49522268772125244,0.3426603078842163
232,3.070730447769165,1.2013683319091797,0.5098799467086792,0.34438174962997437
233,2.8710076808929443,1.1965042352676392,0.504675030708313,0.3425440788269043
234,3.0543713569641113,1.1978745460510254,0.504893958568573,0.34533578157424927
235,3.00594162940979,1.1961411237716675,0.5096055865287781,0.3462646007537842
236,3.00972056388855,1.1897480487823486,0.49506697058677673,0.34533801674842834
237,2.948314666748047,1.1864027976989746,0.4965634346008301,0.3449130654335022
238,3.1001923084259033,1.1885539293289185,0.48821303248405457,0.34542542695999146
239,2.869100332260132,1.1819281578063965,0.49510306119918823,0.34402400255203247
240,2.8465073108673096,1.184181571006775,0.5325302481651306,0.3453252911567688
241,2.8981263637542725,1.1872680187225342,0.5218289494514465,0.34329062700271606
242,3.1545398235321045,1.1830710172653198,0.4967714548110962,0.3425997197628021
243,3.032186269760132,1.182621955871582,0.5093514323234558,0.34242624044418335
244,2.8607351779937744,1.186835765838623,0.5412471294403076,0.3423314392566681
245,3.0462307929992676,1.1872470378875732,0.48519057035446167,0.3408479392528534
246,2.862363338470459,1.1864393949508667,0.5346524715423584,0.3439446985721588
247,2.7044661045074463,1.188022255897522,0.5301302671432495,0.3448369801044464
248,2.80240535736084,1.188225269317627,0.5140423774719238,0.34676748514175415
249,2.8904552459716797,1.1841408014297485,0.5110832452774048,0.34510621428489685
250,2.9372432231903076,1.1825604438781738,0.5130491256713867,0.3470161557197571
251,2.7376904487609863,1.1809722185134888,0.5379484295845032,0.3486032485961914
252,2.832940101623535,1.1768239736557007,0.5127116441726685,0.34703531861305237
253,2.9590275287628174,1.1750894784927368,0.5060200095176697,0.34541812539100647
254,3.116386651992798,1.1772135496139526,0.5153940916061401,0.34347134828567505
255,2.9593305587768555,1.1856580972671509,0.5345922708511353,0.3426656126976013
256,3.003751039505005,1.1885327100753784,0.4979960024356842,0.34410858154296875
257,2.9576454162597656,1.1939598321914673,0.5081808567047119,0.3483845591545105
258,3.028282642364502,1.1991775035858154,0.5390785932540894,0.3456381857395172
259,2.826345682144165,1.1956299543380737,0.5354364514350891,0.3442029058933258
260,2.88643479347229,1.192758321762085,0.5365481972694397,0.34511616826057434
261,2.9906165599823,1.1900715827941895,0.49171584844589233,0.3467039167881012
262,2.841594696044922,1.1934758424758911,0.5479512214660645,0.3454645574092865
263,2.9372920989990234,1.1905115842819214,0.4918326437473297,0.34833964705467224
264,3.039520502090454,1.1828123331069946,0.4937024712562561,0.3458822965621948
265,2.7644670009613037,1.1858351230621338,0.558221697807312,0.34401199221611023
266,2.9130735397338867,1.192773461341858,0.5563327670097351,0.34258437156677246
267,2.922961711883545,1.1871368885040283,0.4988773465156555,0.3405344784259796
268,2.871318817138672,1.1854240894317627,0.5277277231216431,0.3368368446826935
269,2.9651639461517334,1.1927618980407715,0.517631471157074,0.3390192985534668
270,3.0906715393066406,1.1970542669296265,0.5267152786254883,0.33941030502319336
271,2.912330389022827,1.1950898170471191,0.5280469059944153,0.3429144322872162
272,3.013305187225342,1.2034732103347778,0.5488697290420532,0.3433554470539093
273,2.8664333820343018,1.2092832326889038,0.5483607649803162,0.3429974913597107
274,2.774366855621338,1.2089763879776,0.5501225590705872,0.3447181284427643
275,2.776860475540161,1.1981853246688843,0.5188964605331421,0.3452635109424591
276,2.9315855503082275,1.1959853172302246,0.5482465028762817,0.3453039824962616
277,2.853938102722168,1.1951149702072144,0.527915894985199,0.34628596901893616
278,2.7378413677215576,1.194690227508545,0.5607364773750305,0.3474401831626892
279,2.884293794631958,1.1853725910186768,0.5155749320983887,0.3455698490142822
280,2.9789414405822754,1.1878433227539062,0.5353971719741821,0.34695035219192505
281,2.9246973991394043,1.1847232580184937,0.5422046184539795,0.347334086894989
282,3.1220173835754395,1.191037654876709,0.5316919684410095,0.347234845161438
283,2.818018913269043,1.1871275901794434,0.5301036238670349,0.34717893600463867
284,2.875837802886963,1.1747682094573975,0.5042496919631958,0.3471129238605499
285,2.83990478515625,1.173137903213501,0.5212376713752747,0.34861835837364197
286,2.852027177810669,1.1703203916549683,0.4993988871574402,0.35119548439979553
287,3.0449016094207764,1.1683094501495361,0.5564703345298767,0.3521941900253296
288,2.8357341289520264,1.172179102897644,0.537621796131134,0.3505743145942688
289,2.8796024322509766,1.16366446018219,0.5207945704460144,0.35040879249572754
290,2.7509279251098633,1.1760318279266357,0.5727148652076721,0.35060232877731323
291,2.9944279193878174,1.16997492313385,0.5242231488227844,0.34621521830558777
292,2.924567937850952,1.1709380149841309,0.5419546365737915,0.3440304398536682
293,2.7921664714813232,1.1705665588378906,0.5260594487190247,0.3434360921382904
294,2.629934072494507,1.17509126663208,0.564612090587616,0.34220919013023376
295,2.781930446624756,1.1801964044570923,0.5648190975189209,0.34277814626693726
296,2.990938901901245,1.172109842300415,0.48867955803871155,0.34248918294906616
297,2.898942232131958,1.1713768243789673,0.5233705639839172,0.3451908230781555
298,2.835348606109619,1.169136881828308,0.5513125061988831,0.3453673720359802
299,3.0424602031707764,1.1661145687103271,0.4851195514202118,0.34446367621421814
300,2.8775904178619385,1.174470067024231,0.5532329678535461,0.34693580865859985
301,2.7868480682373047,1.1711554527282715,0.5112422108650208,0.3460560441017151
302,2.941641330718994,1.167744517326355,0.4781394898891449,0.3452152907848358
303,2.7517008781433105,1.1695284843444824,0.5483488440513611,0.3477233648300171
304,2.852051258087158,1.1606061458587646,0.5370981693267822,0.3455950915813446
305,3.0453810691833496,1.175134301185608,0.528427004814148,0.34458673000335693
306,2.8231472969055176,1.1742345094680786,0.5619544982910156,0.3448275327682495
307,2.993976354598999,1.174769639968872,0.5194858908653259,0.34709736704826355
308,2.904022455215454,1.1700490713119507,0.5313988924026489,0.3474295437335968
309,2.8879497051239014,1.165186882019043,0.5075029134750366,0.35026291012763977
310,2.846829414367676,1.1660131216049194,0.5341168642044067,0.3489445149898529
311,2.7123067378997803,1.1655876636505127,0.5259418487548828,0.3486676812171936
312,2.7519495487213135,1.1684142351150513,0.5487710237503052,0.3463023900985718
313,2.6392266750335693,1.1655741930007935,0.5381731390953064,0.3461373448371887
314,2.8123250007629395,1.166892409324646,0.5577164888381958,0.34561336040496826
315,2.8491058349609375,1.1718270778656006,0.5244415402412415,0.3477512300014496
316,2.7256462574005127,1.1708544492721558,0.5404630303382874,0.3501322269439697
317,2.7386131286621094,1.16841721534729,0.5446311831474304,0.3493909537792206
318,2.8946495056152344,1.1703146696090698,0.5436784625053406,0.34784531593322754
319,2.8041749000549316,1.1618481874465942,0.5127339959144592,0.3454490005970001
320,2.804863214492798,1.165932536125183,0.5291000008583069,0.3442549705505371
321,2.863886594772339,1.1679046154022217,0.5453963279724121,0.34310704469680786
322,2.7103357315063477,1.168915867805481,0.5601886510848999,0.34478870034217834
323,2.7984158992767334,1.1640772819519043,0.5229141712188721,0.3464646637439728
324,2.942652463912964,1.1611337661743164,0.4897272288799286,0.34344199299812317
325,2.7390570640563965,1.1606993675231934,0.5576679706573486,0.34515389800071716
326,2.6252431869506836,1.166253924369812,0.5623878836631775,0.3466573655605316
327,2.7179839611053467,1.1709522008895874,0.5724042057991028,0.34677407145500183
328,2.8821024894714355,1.1621294021606445,0.5438084006309509,0.3468348979949951
329,2.8765671253204346,1.1613800525665283,0.523618221282959,0.3441314995288849
330,2.7628965377807617,1.1601768732070923,0.5338293313980103,0.3418774902820587
331,2.6662089824676514,1.1613142490386963,0.5377514958381653,0.3416154086589813
332,2.7312333583831787,1.1598052978515625,0.5159161686897278,0.34765613079071045
333,2.772364377975464,1.1615203619003296,0.556138277053833,0.3503434658050537
334,2.694673776626587,1.166857361793518,0.5230589509010315,0.3500145673751831
335,2.680312156677246,1.1715061664581299,0.5780999660491943,0.35400456190109253
336,2.8793890476226807,1.170946478843689,0.5347597599029541,0.35134920477867126
337,2.9226090908050537,1.1662615537643433,0.5097184181213379,0.34989410638809204
338,2.754723310470581,1.1709426641464233,0.548054039478302,0.3493008613586426
339,2.519308567047119,1.1703603267669678,0.5471309423446655,0.3463306725025177
340,2.81577205657959,1.1673637628555298,0.568943202495575,0.34238818287849426
341,3.0738303661346436,1.1725236177444458,0.5488460063934326,0.34523752331733704
342,2.7675390243530273,1.165659785270691,0.5520675182342529,0.3447185754776001
343,2.7962989807128906,1.1686267852783203,0.5639154314994812,0.34656664729118347
344,2.871486186981201,1.1661736965179443,0.5591033101081848,0.34782344102859497
345,2.938516139984131,1.1676123142242432,0.5284669399261475,0.34435006976127625
346,2.96415638923645,1.1692343950271606,0.5461761951446533,0.3470989465713501
347,2.734062671661377,1.1676675081253052,0.5365135669708252,0.34647923707962036
348,2.602050304412842,1.162323236465454,0.5699409246444702,0.350191205739975
349,2.954805612564087,1.1540659666061401,0.514472246170044,0.34890007972717285
350,2.74395489692688,1.1497187614440918,0.5413212776184082,0.3500855267047882
351,2.6542017459869385,1.1461220979690552,0.5735578536987305,0.35172250866889954
352,2.5674874782562256,1.1495333909988403,0.5910311937332153,0.352103054523468
353,2.7426867485046387,1.1525319814682007,0.5300956964492798,0.3524434566497803
354,2.7365221977233887,1.1512385606765747,0.5547597408294678,0.3514159321784973
355,2.9098854064941406,1.1465150117874146,0.5670962333679199,0.34769999980926514
356,2.702949285507202,1.1494778394699097,0.5557632446289062,0.3506919741630554
357,2.6834957599639893,1.1429051160812378,0.5466620326042175,0.3508686423301697
358,2.751021146774292,1.1372408866882324,0.5430931448936462,0.35200318694114685
359,2.7410244941711426,1.1402980089187622,0.5583857297897339,0.35064589977264404
360,2.792642116546631,1.1417065858840942,0.5494670867919922,0.355538547039032
361,2.799227476119995,1.1408371925354004,0.5400688648223877,0.3546402156352997
362,2.8690006732940674,1.1404834985733032,0.5579733848571777,0.355407178401947
363,2.7209370136260986,1.1420468091964722,0.564781904220581,0.35582101345062256
364,2.9452972412109375,1.145276665687561,0.5256851315498352,0.35652169585227966
365,2.69689679145813,1.1481443643569946,0.5854099988937378,0.35471290349960327
366,2.8046329021453857,1.145670771598816,0.5676624774932861,0.3542741537094116
367,2.839076519012451,1.1454989910125732,0.5303321480751038,0.3538864552974701
368,2.751169204711914,1.1453500986099243,0.5596510767936707,0.3540826141834259
369,2.681974411010742,1.140906810760498,0.5809513926506042,0.3537617623806
370,2.572279930114746,1.1425503492355347,0.5849276185035706,0.3545108437538147
371,2.784172773361206,1.144789218902588,0.5476811528205872,0.35442283749580383
372,2.6525328159332275,1.1441925764083862,0.5737253427505493,0.3538959324359894
373,2.6921911239624023,1.1518309116363525,0.5922302007675171,0.35557904839515686
374,2.786709785461426,1.154563546180725,0.552365243434906,0.35437220335006714
375,2.801522731781006,1.1476290225982666,0.5488800406455994,0.35254982113838196
376,2.65468430519104,1.1460458040237427,0.5848116278648376,0.3495100438594818
377,2.8505916595458984,1.1436033248901367,0.514220654964447,0.3491382598876953
378,2.8252580165863037,1.1483842134475708,0.6136524677276611,0.34916120767593384
379,2.6292195320129395,1.1519312858581543,0.5746499300003052,0.3482411801815033
380,2.7894904613494873,1.1533098220825195,0.5501101613044739,0.3500041961669922
381,2.6974549293518066,1.1533410549163818,0.5553358197212219,0.3460055887699127
382,2.8668692111968994,1.1541444063186646,0.5151719450950623,0.3454930782318115
383,2.856001138687134,1.1460758447647095,0.5491612553596497,0.3488771617412567
384,2.8183181285858154,1.142118215560913,0.554996132850647,0.3532552719116211
385,2.6608142852783203,1.144142746925354,0.5278992056846619,0.353031188249588
386,2.674596071243286,1.1450059413909912,0.552364706993103,0.3507551848888397
387,2.6798510551452637,1.1448203325271606,0.5753027200698853,0.35121750831604004
388,2.5926804542541504,1.1396369934082031,0.5591512322425842,0.3486606776714325
389,2.790480852127075,1.1399750709533691,0.5665942430496216,0.35377684235572815
390,2.7940566539764404,1.1431159973144531,0.5509857535362244,0.3559595048427582
391,2.752128839492798,1.1354713439941406,0.5340599417686462,0.35533279180526733
392,2.574692487716675,1.1334781646728516,0.5742884874343872,0.3539416790008545
393,2.7544913291931152,1.1314260959625244,0.5499632358551025,0.35250598192214966
394,2.650325298309326,1.1246498823165894,0.5134496688842773,0.34873536229133606
395,2.764010190963745,1.1256234645843506,0.5391839146614075,0.34699180722236633
396,2.7783610820770264,1.1304402351379395,0.5442713499069214,0.34380462765693665
397,2.723829507827759,1.126907229423523,0.5523203611373901,0.3457862138748169
398,2.6958470344543457,1.1227350234985352,0.5085212588310242,0.34543147683143616
399,2.629908323287964,1.1236920356750488,0.5744509100914001,0.3485356271266937
400,2.7238028049468994,1.1251863241195679,0.5725072026252747,0.3500981032848358
401,2.8121495246887207,1.1256518363952637,0.5450146794319153,0.35080599784851074
402,2.7126190662384033,1.1316431760787964,0.5612340569496155,0.3520362079143524
403,2.5290613174438477,1.1271138191223145,0.5623826384544373,0.3526793122291565
404,2.7035179138183594,1.1306952238082886,0.5303626656532288,0.35080817341804504
405,2.665426254272461,1.1319729089736938,0.5458303093910217,0.35140305757522583
406,2.864657163619995,1.1233117580413818,0.5313661694526672,0.34956058859825134
407,2.926996946334839,1.1292569637298584,0.5545132756233215,0.3527625799179077
408,2.6582677364349365,1.1287498474121094,0.5554713010787964,0.35354363918304443
409,2.672625780105591,1.1201483011245728,0.5404829978942871,0.3502694070339203
410,2.384016752243042,1.1239162683486938,0.555043637752533,0.3512054979801178
411,2.710674285888672,1.1224383115768433,0.5931342840194702,0.35238587856292725
412,2.588369607925415,1.1222792863845825,0.6023941040039062,0.35063639283180237
413,2.7333433628082275,1.1231430768966675,0.5290833711624146,0.3557255268096924
414,2.849297285079956,1.1222608089447021,0.5585598945617676,0.3569395840167999
415,2.660212755203247,1.119231104850769,0.5855781435966492,0.3554130494594574
416,2.7175397872924805,1.1212888956069946,0.5668700337409973,0.3555305004119873
417,2.491565704345703,1.1184115409851074,0.5902912020683289,0.35187968611717224
418,2.8977832794189453,1.1165350675582886,0.4823775291442871,0.3477497398853302
419,2.833173990249634,1.1254156827926636,0.5709959268569946,0.3484514057636261
420,2.886335849761963,1.1243959665298462,0.5431176424026489,0.351342111825943
421,2.62876558303833,1.124954104423523,0.5379859805107117,0.3508375585079193
422,2.8443877696990967,1.1229883432388306,0.5475454330444336,0.3531891703605652
423,2.736870288848877,1.127099633216858,0.579279899597168,0.3522156774997711
424,2.65268874168396,1.1253842115402222,0.5433275103569031,0.35445648431777954
425,2.6200919151306152,1.1236149072647095,0.5915582180023193,0.35218754410743713
426,2.7364590167999268,1.1249346733093262,0.5739209055900574,0.3522157073020935
427,2.5000948905944824,1.1246641874313354,0.5766972899436951,0.35222941637039185
428,2.6781294345855713,1.1253243684768677,0.5281508564949036,0.35263484716415405
429,2.711963176727295,1.1225820779800415,0.5231727957725525,0.35305067896842957
430,2.7792811393737793,1.120438814163208,0.5657090544700623,0.35596373677253723
431,2.54624080657959,1.1227812767028809,0.5831817984580994,0.3553445339202881
432,2.6629202365875244,1.1175302267074585,0.5506552457809448,0.35640430450439453
433,2.777754068374634,1.1177548170089722,0.5781161189079285,0.354084849357605
434,2.7437970638275146,1.1122417449951172,0.5359920859336853,0.35654228925704956
435,2.620316743850708,1.1125446557998657,0.5675680041313171,0.3574651777744293
436,2.6771931648254395,1.1154873371124268,0.6083598732948303,0.3570043742656708
437,2.589515447616577,1.1130653619766235,0.5660415291786194,0.35395631194114685
438,2.751415252685547,1.1126258373260498,0.5542510747909546,0.3550630211830139
439,2.833170175552368,1.113381028175354,0.5322290658950806,0.3538471758365631
440,2.764399290084839,1.11477792263031,0.5628429651260376,0.35293981432914734
441,2.5159780979156494,1.1158535480499268,0.5887801051139832,0.354062020778656
442,2.633237838745117,1.1186659336090088,0.6009160280227661,0.3564256727695465
443,2.497852325439453,1.1196635961532593,0.6095631718635559,0.354768842458725
444,2.713654041290283,1.1185388565063477,0.563259482383728,0.3568120300769806
445,2.565943479537964,1.1208194494247437,0.5534453988075256,0.3578067421913147
446,2.6196136474609375,1.11704683303833,0.5697141885757446,0.3555522859096527
447,2.6998603343963623,1.1144956350326538,0.5480906367301941,0.35434526205062866
448,2.5731327533721924,1.1140183210372925,0.5720040798187256,0.3504631519317627
449,2.5753040313720703,1.1144659519195557,0.5602746605873108,0.35347551107406616
450,2.659895896911621,1.1145073175430298,0.5403176546096802,0.358297199010849
451,2.825570821762085,1.1079879999160767,0.5389564037322998,0.364088773727417
452,2.5716423988342285,1.1029316186904907,0.5679000616073608,0.36475786566734314
453,2.5329701900482178,1.102403998374939,0.5760663747787476,0.3626231253147125
454,2.711799383163452,1.101787805557251,0.5820635557174683,0.365780770778656
455,2.677790641784668,1.0987651348114014,0.5318659543991089,0.3594572842121124
456,2.7025697231292725,1.0983610153198242,0.54948890209198,0.35846370458602905
457,2.5602099895477295,1.0980839729309082,0.561987578868866,0.35961848497390747
458,2.6220335960388184,1.0960806608200073,0.5440345406532288,0.359724223613739
459,2.655381917953491,1.1049915552139282,0.590842068195343,0.36120113730430603
460,2.709974527359009,1.1023235321044922,0.5835986137390137,0.3636748194694519
461,2.5416364669799805,1.100356936454773,0.5807115435600281,0.36454370617866516
462,2.73044753074646,1.1063982248306274,0.5774583220481873,0.3675679564476013
463,2.676307201385498,1.1060682535171509,0.5552297830581665,0.3650205433368683
464,2.5294063091278076,1.1077715158462524,0.6009408831596375,0.3654170334339142
465,2.6988425254821777,1.1017389297485352,0.5369887351989746,0.36107009649276733
466,2.3907203674316406,1.1024152040481567,0.5926065444946289,0.3557390868663788
467,2.6781489849090576,1.107347011566162,0.5867578387260437,0.3598605692386627
468,2.722846031188965,1.1085948944091797,0.5629786252975464,0.3590528070926666
469,2.5505778789520264,1.1008033752441406,0.560149610042572,0.35918867588043213
470,2.501491069793701,1.1047542095184326,0.5451824069023132,0.3599262237548828
471,2.646202564239502,1.1032984256744385,0.5753434896469116,0.35761991143226624
472,2.6081807613372803,1.102588176727295,0.5889686346054077,0.36019039154052734
473,2.6841163635253906,1.1010353565216064,0.5670033097267151,0.3611566126346588
474,2.7018704414367676,1.0964547395706177,0.5530505776405334,0.3590569496154785
475,2.8409557342529297,1.0994795560836792,0.5524842143058777,0.36007481813430786
476,2.7337536811828613,1.0965585708618164,0.5384820103645325,0.35997459292411804
477,2.458369255065918,1.0940370559692383,0.584804117679596,0.3609192967414856
478,2.7677319049835205,1.0910367965698242,0.5635517239570618,0.3621101677417755
479,2.485936403274536,1.0904018878936768,0.5472367405891418,0.3614739775657654
480,2.748552083969116,1.0878102779388428,0.5493090152740479,0.3616543710231781
481,2.6448912620544434,1.0846359729766846,0.5525446534156799,0.36538928747177124
482,2.649851083755493,1.083427906036377,0.5469289422035217,0.36348244547843933
483,2.7189619541168213,1.0836544036865234,0.5658178329467773,0.36294785141944885
484,2.4801833629608154,1.0827842950820923,0.583564817905426,0.3603290021419525
485,2.675342321395874,1.0854604244232178,0.5778949856758118,0.3621404767036438
486,2.603337526321411,1.0843830108642578,0.5631788969039917,0.3616742491722107
487,2.557044506072998,1.0834351778030396,0.5492821931838989,0.3616071045398712
488,2.8006160259246826,1.0832610130310059,0.5788975954055786,0.3638403117656708
489,2.640216112136841,1.0815980434417725,0.558158278465271,0.3666059374809265
490,2.5988640785217285,1.0839976072311401,0.5755425095558167,0.3647925555706024
491,2.613023519515991,1.082115650177002,0.5942694544792175,0.36695000529289246
492,2.674916982650757,1.0823776721954346,0.5401153564453125,0.36397817730903625
493,2.6427345275878906,1.086440086364746,0.5859678983688354,0.3648068308830261
494,2.620652437210083,1.0838485956192017,0.540463387966156,0.36362144351005554
495,2.6318295001983643,1.0813474655151367,0.5612010359764099,0.36325761675834656
496,2.5710432529449463,1.0811227560043335,0.5452104806900024,0.3606024980545044
497,2.5255544185638428,1.0784101486206055,0.5661280155181885,0.3663693368434906
498,2.6025071144104004,1.0805743932724,0.585099995136261,0.37147438526153564
499,2.7386670112609863,1.077296257019043,0.5706414580345154,0.36969104409217834
500,2.6273300647735596,1.0796849727630615,0.5636282563209534,0.3709718883037567
501,2.5616869926452637,1.0794907808303833,0.5834619402885437,0.3680005669593811
502,2.40109920501709,1.083730936050415,0.6083475351333618,0.36692336201667786
503,2.7593300342559814,1.0834025144577026,0.5551708936691284,0.36892107129096985
504,2.422778606414795,1.085677146911621,0.5769442319869995,0.36816903948783875
505,2.620781898498535,1.0839205980300903,0.6045628786087036,0.3645201623439789
506,2.497661828994751,1.0833346843719482,0.6111342906951904,0.36454644799232483
507,2.6580557823181152,1.0810061693191528,0.5528045296669006,0.3682854175567627
508,2.588374137878418,1.0796637535095215,0.5427629947662354,0.36438891291618347
509,2.741027355194092,1.08164381980896,0.5458301901817322,0.3690454959869385
510,2.7388391494750977,1.0785223245620728,0.5324385166168213,0.37444403767585754
511,2.491132974624634,1.077682614326477,0.5543869137763977,0.3736710250377655
512,2.4389710426330566,1.081884503364563,0.6136407256126404,0.37758755683898926
513,2.7880778312683105,1.080272912979126,0.5679993033409119,0.3761376142501831
514,2.5398526191711426,1.0779023170471191,0.5112162232398987,0.3734704256057739
515,2.5945727825164795,1.0743176937103271,0.5242927670478821,0.37429240345954895
516,3.1010630130767822,1.0672755241394043,0.5153392553329468,0.37600621581077576
517,2.5917484760284424,1.068819284439087,0.597798764705658,0.37806326150894165
518,2.5423736572265625,1.0681957006454468,0.522674560546875,0.3779563903808594
519,2.542983055114746,1.0670647621154785,0.5680022835731506,0.37502992153167725
520,2.5676889419555664,1.0678642988204956,0.5452130436897278,0.3747240900993347
521,2.729334592819214,1.068933367729187,0.5476406216621399,0.374519407749176
522,2.6877756118774414,1.0697087049484253,0.5360420346260071,0.3772277235984802
523,2.5547752380371094,1.0684911012649536,0.5686601400375366,0.37379732728004456
524,2.682095766067505,1.0667113065719604,0.5597182512283325,0.3711286187171936
525,2.6705358028411865,1.0699089765548706,0.5452898740768433,0.3676467835903168
526,2.67516827583313,1.0712900161743164,0.5622968077659607,0.3687754273414612
527,2.6348724365234375,1.0708571672439575,0.5688625574111938,0.3665447533130646
528,2.7128098011016846,1.072481632232666,0.5929745435714722,0.36386293172836304
529,2.5283875465393066,1.0760732889175415,0.5961647629737854,0.3623894453048706
530,2.6217896938323975,1.078940510749817,0.5673874616622925,0.3656514286994934
531,2.8065407276153564,1.077170491218567,0.5679486393928528,0.3701986074447632
532,2.4338841438293457,1.0751100778579712,0.5728715062141418,0.3733411431312561
533,2.5982003211975098,1.0719424486160278,0.5652304291725159,0.3724728226661682
534,2.589454174041748,1.0774070024490356,0.5817171931266785,0.3738052248954773
535,2.4953689575195312,1.0748263597488403,0.5508286952972412,0.37127378582954407
536,2.4155006408691406,1.0779558420181274,0.5921351313591003,0.3702879250049591
537,2.6427111625671387,1.0765292644500732,0.586530327796936,0.3674253225326538
538,2.5584628582000732,1.0791412591934204,0.5874483585357666,0.36767786741256714
539,2.7582671642303467,1.0810495615005493,0.5779635310173035,0.3673696219921112
540,2.480682373046875,1.0814921855926514,0.5996580719947815,0.371484637260437
541,2.5960187911987305,1.0802948474884033,0.5754713416099548,0.3743991553783417
542,2.6399943828582764,1.0757676362991333,0.6180609464645386,0.37504422664642334
543,2.6016147136688232,1.0754762887954712,0.5333350300788879,0.37376669049263
544,2.5966134071350098,1.0748125314712524,0.5558916926383972,0.3734085261821747
545,2.5559446811676025,1.0716514587402344,0.566316545009613,0.3724300265312195
546,2.502742290496826,1.0736193656921387,0.5834635496139526,0.37544718384742737
547,2.3585424423217773,1.0733983516693115,0.5961959362030029,0.37219154834747314
548,2.5380454063415527,1.0756735801696777,0.597552478313446,0.37139299511909485
549,2.657465696334839,1.070970892906189,0.5592103600502014,0.3712429702281952
550,2.45348858833313,1.06951904296875,0.60273677110672,0.37021633982658386
551,2.5470128059387207,1.0733096599578857,0.5528196096420288,0.3692522644996643
552,2.695613384246826,1.0728613138198853,0.5548788905143738,0.37198999524116516
553,2.511931896209717,1.0700242519378662,0.5631103515625,0.37030938267707825
554,2.437584400177002,1.0700033903121948,0.5900569558143616,0.3711291253566742
555,2.5324199199676514,1.0695141553878784,0.5626247525215149,0.37022414803504944
556,2.394961357116699,1.0673553943634033,0.5953060388565063,0.366837739944458
557,2.552042245864868,1.071069359779358,0.5810210108757019,0.36755192279815674
558,2.584031105041504,1.0722599029541016,0.5708766579627991,0.3723394572734833
559,2.525998592376709,1.075150966644287,0.5839987397193909,0.37223097681999207
560,2.5994973182678223,1.0741208791732788,0.5627104640007019,0.37201952934265137
561,2.544119119644165,1.077650785446167,0.6033591032028198,0.3756203353404999
562,2.6082799434661865,1.0764504671096802,0.5674232840538025,0.37684303522109985
563,2.488978862762451,1.0669293403625488,0.5552083849906921,0.37051457166671753
564,2.649793863296509,1.0680335760116577,0.5550023913383484,0.37031129002571106
565,2.5689609050750732,1.0630271434783936,0.5601526498794556,0.3672674596309662
566,2.5852749347686768,1.065877079963684,0.5855798125267029,0.3641875684261322
567,2.5686662197113037,1.0688050985336304,0.5805238485336304,0.36998075246810913
568,2.5697195529937744,1.0714691877365112,0.5721983313560486,0.3737032413482666
569,2.5908937454223633,1.0664063692092896,0.5543195605278015,0.37207353115081787
570,2.557532787322998,1.0626014471054077,0.5449017286300659,0.3760032653808594
571,2.5726187229156494,1.061225414276123,0.5267676115036011,0.37253859639167786
572,2.651343822479248,1.0631474256515503,0.5673150420188904,0.37428081035614014
573,2.6886446475982666,1.0636374950408936,0.5816224217414856,0.3757285475730896
574,2.725170373916626,1.064746379852295,0.547062337398529,0.38104069232940674
575,2.6470234394073486,1.0634009838104248,0.6030088067054749,0.3847914934158325
576,2.493464231491089,1.064094066619873,0.589434027671814,0.38721904158592224
577,2.5848324298858643,1.059459924697876,0.5447236895561218,0.38804641366004944
578,2.4414122104644775,1.0571701526641846,0.5619344115257263,0.38804179430007935
579,2.7427544593811035,1.0548508167266846,0.5486685633659363,0.3847404718399048
580,2.46101450920105,1.052451729774475,0.5807011723518372,0.3821941614151001
581,2.4714317321777344,1.04977548122406,0.6022745370864868,0.3786453306674957
582,2.381647825241089,1.0543482303619385,0.5801079869270325,0.3803866505622864
583,2.573859214782715,1.0527552366256714,0.5521195530891418,0.380734384059906
584,2.5468075275421143,1.0562798976898193,0.5361863970756531,0.38018736243247986
585,2.757054328918457,1.0549466609954834,0.5491852760314941,0.3800954222679138
586,2.5045619010925293,1.0545783042907715,0.5773016810417175,0.38090038299560547
587,2.5123655796051025,1.0554648637771606,0.5734509825706482,0.3786856234073639
588,2.5863490104675293,1.0559409856796265,0.5963773727416992,0.3790527284145355
589,2.5922255516052246,1.0584198236465454,0.5863789916038513,0.3754308819770813
590,2.6227264404296875,1.0621322393417358,0.574713408946991,0.3770408034324646
591,2.614006996154785,1.0600647926330566,0.5500131249427795,0.37454891204833984
592,2.263686418533325,1.058909296989441,0.6049456000328064,0.3785870373249054
593,2.5843021869659424,1.058951735496521,0.593272864818573,0.37577614188194275
594,2.65311336517334,1.0612590312957764,0.571311891078949,0.375970721244812
595,2.280555248260498,1.0622438192367554,0.5764907598495483,0.38075733184814453
596,2.4826464653015137,1.0655244588851929,0.580803394317627,0.3816893994808197
597,2.4611523151397705,1.0672146081924438,0.5952768921852112,0.3793542683124542
598,2.7223074436187744,1.0652469396591187,0.5258690118789673,0.3794506788253784
599,2.5740268230438232,1.0641673803329468,0.5920889377593994,0.38037338852882385
600,2.5813419818878174,1.0534626245498657,0.5766547918319702,0.37888017296791077
601,2.474060297012329,1.0521507263183594,0.592167317867279,0.38161468505859375
602,2.503445863723755,1.0512171983718872,0.5686238408088684,0.3837156295776367
603,2.384528875350952,1.0523700714111328,0.5943765044212341,0.3838551342487335
604,2.483049154281616,1.0509967803955078,0.5737890005111694,0.3820483386516571
605,2.554088830947876,1.0530524253845215,0.5620492100715637,0.3837476372718811
606,2.59295916557312,1.0524466037750244,0.6081216931343079,0.38312968611717224
607,2.5171966552734375,1.0514854192733765,0.5897098183631897,0.38126611709594727
608,2.322460174560547,1.0489691495895386,0.5677921175956726,0.38225358724594116
609,2.4062604904174805,1.0528901815414429,0.6199880838394165,0.3810632526874542
610,2.521705150604248,1.0552171468734741,0.5676266551017761,0.3760240077972412
611,2.6032426357269287,1.0555732250213623,0.5781142711639404,0.38034844398498535
612,2.481721878051758,1.0531671047210693,0.5849055051803589,0.3811170756816864
613,2.5932979583740234,1.0502768754959106,0.5497288703918457,0.38034307956695557
614,2.4200589656829834,1.0519776344299316,0.5861486792564392,0.37855052947998047
615,2.481959104537964,1.0502842664718628,0.6160797476768494,0.37661269307136536
616,2.5358896255493164,1.052201271057129,0.5734223127365112,0.3797660768032074
617,2.4930715560913086,1.049790859222412,0.5950857400894165,0.38035279512405396
618,2.6334991455078125,1.046908974647522,0.5556259751319885,0.38153767585754395
619,2.497234344482422,1.0480762720108032,0.5506181716918945,0.38239219784736633
620,2.531630039215088,1.0503507852554321,0.5946749448776245,0.38285717368125916
621,2.489976167678833,1.0476266145706177,0.5841515064239502,0.38262709975242615
622,2.5652220249176025,1.0458954572677612,0.6004656553268433,0.38387852907180786
623,2.5812132358551025,1.045662522315979,0.5873351097106934,0.3837544918060303
624,2.4794304370880127,1.0457582473754883,0.5815809369087219,0.3850065767765045
625,2.553342819213867,1.0502785444259644,0.5909910202026367,0.3864717185497284
626,2.430917978286743,1.050864577293396,0.5917920470237732,0.3863125741481781
627,2.2680840492248535,1.0469847917556763,0.590010941028595,0.38555341958999634
628,2.3574159145355225,1.0437339544296265,0.5987033247947693,0.3900845944881439
629,2.414485216140747,1.0415112972259521,0.5888024568557739,0.38831135630607605
630,2.491030693054199,1.0379754304885864,0.6047681570053101,0.3862046003341675
631,2.6488633155822754,1.0376273393630981,0.5296945571899414,0.38962826132774353
632,2.484954833984375,1.0370122194290161,0.5975885391235352,0.38224348425865173
633,2.4292356967926025,1.0391128063201904,0.5652176141738892,0.3831714689731598
634,2.537381410598755,1.0428400039672852,0.5856360793113708,0.38015633821487427
635,2.3709659576416016,1.042910099029541,0.5526949763298035,0.374586820602417
636,2.527979850769043,1.0419963598251343,0.5595706701278687,0.37260302901268005
637,2.494572401046753,1.0402392148971558,0.5740935206413269,0.3760443329811096
638,2.566877841949463,1.04120671749115,0.5797483325004578,0.38060030341148376
639,2.47229266166687,1.041916012763977,0.5869342088699341,0.3778299391269684
640,2.596524477005005,1.0466299057006836,0.573566734790802,0.37869957089424133
641,2.4365153312683105,1.0487711429595947,0.5740177631378174,0.37821006774902344
642,2.629936456680298,1.051606297492981,0.5592331886291504,0.3765355944633484
643,2.3464035987854004,1.0513180494308472,0.6171435117721558,0.37400519847869873
644,2.3663668632507324,1.0516611337661743,0.574282705783844,0.3756234049797058
645,2.794640064239502,1.0515704154968262,0.5955114364624023,0.3756018877029419
646,2.4835610389709473,1.0489976406097412,0.5918487310409546,0.3761650025844574
647,2.657928466796875,1.0483500957489014,0.5647100210189819,0.3782038390636444
648,2.5189781188964844,1.0471141338348389,0.5844947695732117,0.3746403455734253
649,2.528306722640991,1.046540379524231,0.5906944870948792,0.37790772318840027
650,2.4750120639801025,1.0454156398773193,0.5991705060005188,0.37968677282333374
651,2.3258490562438965,1.0453935861587524,0.5942919254302979,0.37911584973335266
652,2.425725221633911,1.0427677631378174,0.5949178338050842,0.38307642936706543
653,2.2712275981903076,1.0456794500350952,0.6326237916946411,0.38251644372940063
654,2.4333105087280273,1.048583984375,0.5904814004898071,0.3804016411304474
655,2.606239080429077,1.0480151176452637,0.5627321004867554,0.3763561248779297
656,2.489870071411133,1.0489683151245117,0.581929087638855,0.376272588968277
657,2.6384010314941406,1.0489667654037476,0.5812000632286072,0.3757719099521637
658,2.492400646209717,1.0485707521438599,0.582909345626831,0.3760731816291809
659,2.487825870513916,1.0460805892944336,0.5561989545822144,0.3799954950809479
660,2.842097282409668,1.0469228029251099,0.5368585586547852,0.3827393352985382
661,2.6018550395965576,1.045552372932434,0.5898632407188416,0.3842150866985321
662,2.5798633098602295,1.042616605758667,0.5804774761199951,0.3842940330505371
663,2.401294708251953,1.0422608852386475,0.5776128768920898,0.3857561945915222
664,2.5971224308013916,1.0410300493240356,0.5790976285934448,0.38897082209587097
665,2.4858059883117676,1.0378086566925049,0.5748591423034668,0.39211294054985046
666,2.5991902351379395,1.0334219932556152,0.5340449213981628,0.393902987241745
667,2.423710823059082,1.0309592485427856,0.5723037719726562,0.39493170380592346
668,2.476529836654663,1.0288288593292236,0.5719407200813293,0.3943675756454468
669,2.5606892108917236,1.0269477367401123,0.6144323348999023,0.39256495237350464
670,2.513028383255005,1.0250513553619385,0.5616711974143982,0.39215871691703796
671,2.4273910522460938,1.0235004425048828,0.5945205092430115,0.39399948716163635
672,2.5171194076538086,1.0243847370147705,0.5747998356819153,0.391934335231781
673,2.496091842651367,1.0239505767822266,0.5718829035758972,0.3890725076198578
674,2.5643908977508545,1.0247726440429688,0.5931856632232666,0.38512539863586426
675,2.7260265350341797,1.0264346599578857,0.5710174441337585,0.3854690194129944
676,2.4006543159484863,1.0275607109069824,0.5967335104942322,0.3882788121700287
677,2.5718979835510254,1.0265976190567017,0.582300066947937,0.38845667243003845
678,2.403657913208008,1.0258649587631226,0.6028759479522705,0.3871401846408844
679,2.459359645843506,1.029670238494873,0.6070511937141418,0.38959556818008423
680,2.4332053661346436,1.0289455652236938,0.5567848682403564,0.3902638554573059
681,2.5232388973236084,1.0302882194519043,0.5466958284378052,0.3926073908805847
682,2.5095319747924805,1.0295636653900146,0.6348938345909119,0.39109814167022705
683,2.603456735610962,1.0296626091003418,0.5672131180763245,0.3942268490791321
684,2.585761070251465,1.0278328657150269,0.5848944783210754,0.3953889012336731
685,2.36588454246521,1.028963565826416,0.6161388754844666,0.3967721164226532
686,2.8221688270568848,1.0293548107147217,0.5958414077758789,0.3988879919052124
687,2.3751187324523926,1.0250678062438965,0.6368865370750427,0.3956189453601837
688,2.3444008827209473,1.0254994630813599,0.5613499879837036,0.39388909935951233
689,2.3118977546691895,1.0264286994934082,0.574094295501709,0.3953720033168793
690,2.3543310165405273,1.0245896577835083,0.5865915417671204,0.39202529191970825
691,2.4585700035095215,1.0236085653305054,0.573175311088562,0.38869714736938477
692,2.5178611278533936,1.0255879163742065,0.5796830654144287,0.3887844979763031
693,2.413203239440918,1.0260282754898071,0.5542743802070618,0.38942185044288635
694,2.686920642852783,1.0262956619262695,0.5450010299682617,0.3886510729789734
695,2.4604921340942383,1.0259140729904175,0.5613244771957397,0.3897973597049713
696,2.4135921001434326,1.0255013704299927,0.5959509611129761,0.3912324607372284
697,2.4702610969543457,1.0274382829666138,0.6045271754264832,0.3918628692626953
698,2.5613043308258057,1.0296217203140259,0.5881755948066711,0.392484188079834
699,2.609539270401001,1.0303659439086914,0.590785801410675,0.3891954720020294
700,2.5775866508483887,1.0314149856567383,0.5758139491081238,0.38730481266975403
701,2.4352073669433594,1.0329254865646362,0.5501300096511841,0.3850513696670532
702,2.57698655128479,1.0296915769577026,0.5551418662071228,0.3849106431007385
703,2.7556979656219482,1.0303595066070557,0.5615952610969543,0.38826602697372437
704,2.37980580329895,1.0272159576416016,0.5815297961235046,0.38847267627716064
705,2.411086320877075,1.028995394706726,0.607059121131897,0.3877212405204773
706,2.6393775939941406,1.0295705795288086,0.5926685333251953,0.3875918984413147
707,2.2636184692382812,1.0326974391937256,0.641874372959137,0.38850337266921997
708,2.3463780879974365,1.0289779901504517,0.5818139314651489,0.38903576135635376
709,2.367511749267578,1.0300726890563965,0.5832387208938599,0.38983502984046936
710,2.5345842838287354,1.0312001705169678,0.5617318749427795,0.388244092464447
711,2.4817144870758057,1.0312868356704712,0.5724474787712097,0.3839240074157715
712,2.3825199604034424,1.0324807167053223,0.61634761095047,0.3820594549179077
713,2.5966413021087646,1.0342921018600464,0.5758392810821533,0.38419175148010254
714,2.581477403640747,1.034402847290039,0.5623835325241089,0.38449180126190186
715,2.3389883041381836,1.0326718091964722,0.6166702508926392,0.3879033327102661
716,2.3715314865112305,1.0314584970474243,0.6101589798927307,0.3875890374183655
717,2.424388885498047,1.0342726707458496,0.6108983159065247,0.3898802101612091
718,2.40743088722229,1.0327221155166626,0.6290925741195679,0.3857046961784363
719,2.5279622077941895,1.0311287641525269,0.5237443447113037,0.3846547305583954
720,2.549672842025757,1.031770944595337,0.5665283203125,0.3879660367965698
721,2.4619686603546143,1.0328565835952759,0.5754829049110413,0.3875333368778229
722,2.4407758712768555,1.0333242416381836,0.6031934022903442,0.38966020941734314
723,2.3008081912994385,1.0314505100250244,0.5878416895866394,0.38965779542922974
724,2.6358091831207275,1.0312167406082153,0.552913248538971,0.3904265761375427
725,2.420966148376465,1.0315754413604736,0.5621957182884216,0.3891380727291107
726,2.5387768745422363,1.032537579536438,0.5801618695259094,0.3907531797885895
727,2.265477180480957,1.0309747457504272,0.5819538831710815,0.3905477225780487
728,2.5280601978302,1.0298590660095215,0.5894104242324829,0.39036500453948975
729,2.6837823390960693,1.0269263982772827,0.5387252569198608,0.3894103765487671
730,2.518437147140503,1.0249028205871582,0.5715723633766174,0.39345434308052063
731,2.359300374984741,1.026361346244812,0.5762980580329895,0.3951769769191742
732,2.441443920135498,1.0254204273223877,0.5945330858230591,0.39544788002967834
733,2.6114234924316406,1.025651454925537,0.5737232565879822,0.39416587352752686
734,2.480876922607422,1.0292456150054932,0.6072565913200378,0.393270879983902
735,2.392777681350708,1.0278648138046265,0.5892030000686646,0.3939322531223297
736,2.4440433979034424,1.0287343263626099,0.6188677549362183,0.3999907672405243
737,2.593590497970581,1.0271743535995483,0.57247394323349,0.4050121605396271
738,2.3680644035339355,1.02505624294281,0.6332098841667175,0.4036131203174591
739,2.2994377613067627,1.0228322744369507,0.6168298721313477,0.4033653736114502
740,2.298205614089966,1.025131106376648,0.5726057291030884,0.40353551506996155
741,2.2155864238739014,1.0221494436264038,0.5724120140075684,0.4012989401817322
742,2.5166032314300537,1.0188908576965332,0.5804265737533569,0.4000425636768341
743,2.3557403087615967,1.0181021690368652,0.6009063720703125,0.40087151527404785
744,2.230220317840576,1.0172206163406372,0.6027400493621826,0.3994681239128113
745,2.3604705333709717,1.0144541263580322,0.5760724544525146,0.3995404541492462
746,2.686901807785034,1.0161035060882568,0.5762861967086792,0.4012688100337982
747,2.4915802478790283,1.0166047811508179,0.594017505645752,0.4023246765136719
748,2.6086580753326416,1.0162277221679688,0.5745165944099426,0.40037477016448975
749,2.5554041862487793,1.0187485218048096,0.5967823266983032,0.3960025906562805
750,2.291370391845703,1.021930456161499,0.5859935283660889,0.39767831563949585
751,2.368358850479126,1.0216206312179565,0.5955982208251953,0.39402663707733154
752,2.462013006210327,1.0216799974441528,0.6193870902061462,0.39612752199172974
753,2.418886184692383,1.023157000541687,0.5817492008209229,0.3988184332847595
754,2.544086217880249,1.0255416631698608,0.5839817523956299,0.40151247382164
755,2.4623305797576904,1.0195260047912598,0.5628014802932739,0.404247909784317
756,2.354368209838867,1.0172877311706543,0.5994617938995361,0.40234196186065674
757,2.3256514072418213,1.016257882118225,0.6136382818222046,0.4017828702926636
758,2.309778928756714,1.0161954164505005,0.6012278199195862,0.4012942612171173
759,2.4647951126098633,1.0151945352554321,0.620720386505127,0.39980193972587585
760,2.3307945728302,1.018494725227356,0.6130602359771729,0.3999106287956238
761,2.519033432006836,1.0160775184631348,0.5686243772506714,0.3987185060977936
762,2.7175099849700928,1.0175904035568237,0.513470470905304,0.39676356315612793
763,2.427915334701538,1.0166783332824707,0.573712944984436,0.3979940414428711
764,2.192378520965576,1.01787269115448,0.6181941628456116,0.39793717861175537
765,2.560779571533203,1.018436074256897,0.5800395011901855,0.3967892527580261
766,2.5626437664031982,1.0195491313934326,0.5977988243103027,0.39814528822898865
767,2.4213428497314453,1.0199371576309204,0.6013745069503784,0.39801567792892456
768,2.4524343013763428,1.0186797380447388,0.6014274954795837,0.3979842960834503
769,2.43023943901062,1.0202792882919312,0.6045271754264832,0.399051308631897
770,2.441822052001953,1.0203440189361572,0.5833192467689514,0.3990011513233185
771,2.365417718887329,1.020214557647705,0.5952182412147522,0.3968293070793152
772,2.40274977684021,1.0223902463912964,0.6195963621139526,0.39818716049194336
773,2.584249973297119,1.0235589742660522,0.612947404384613,0.3977791368961334
774,2.470686435699463,1.0221831798553467,0.5926929712295532,0.3976963460445404
775,2.2324976921081543,1.0227524042129517,0.5722633600234985,0.3994068205356598
776,2.469630479812622,1.0201056003570557,0.5856631398200989,0.3998555839061737
777,2.539740562438965,1.0191246271133423,0.5749351978302002,0.396765798330307
778,2.401489734649658,1.0189169645309448,0.6123838424682617,0.39484503865242004
779,2.4655346870422363,1.0199111700057983,0.5767013430595398,0.39531242847442627
780,2.5976130962371826,1.019745945930481,0.597212553024292,0.3947770595550537
781,2.4934513568878174,1.0237542390823364,0.5571170449256897,0.39219382405281067
782,2.572688579559326,1.0216314792633057,0.5493953227996826,0.39169272780418396
783,2.6650257110595703,1.0200817584991455,0.5833868980407715,0.3943150043487549
784,2.447141408920288,1.0198575258255005,0.5672834515571594,0.3984663784503937
785,2.411135196685791,1.0167096853256226,0.589862048625946,0.3989333212375641
786,2.5985395908355713,1.0157393217086792,0.613017737865448,0.39948511123657227
787,2.40482497215271,1.0190370082855225,0.5871807932853699,0.3998384475708008
788,2.333904266357422,1.0160642862319946,0.5845463871955872,0.4034002721309662
789,2.34684681892395,1.0152286291122437,0.5784770250320435,0.40560686588287354
790,2.50639271736145,1.0114119052886963,0.5943945646286011,0.40532177686691284
791,2.520448923110962,1.013832926750183,0.6299017667770386,0.4043128192424774
792,2.4557113647460938,1.0131378173828125,0.5973208546638489,0.4037598669528961
793,2.5482280254364014,1.012694001197815,0.5260477066040039,0.4007907509803772
794,2.6067354679107666,1.0122520923614502,0.5871073603630066,0.40023675560951233
795,2.426441192626953,1.01243257522583,0.5854804515838623,0.39883512258529663
796,2.576622247695923,1.013397455215454,0.5841489434242249,0.4004930257797241
797,2.563929319381714,1.0166325569152832,0.5907188653945923,0.4011017978191376
798,2.3113632202148438,1.0185129642486572,0.6295931935310364,0.4029342234134674
799,2.490764617919922,1.0168688297271729,0.5537288188934326,0.40216678380966187
800,2.6756653785705566,1.0154701471328735,0.55915766954422,0.399556040763855
801,2.493016481399536,1.0155178308486938,0.5935498476028442,0.39940473437309265
802,2.500439167022705,1.0148110389709473,0.5941452383995056,0.39855608344078064
803,2.4449007511138916,1.0172219276428223,0.6036345362663269,0.3980151414871216
804,2.498046398162842,1.0165575742721558,0.6009081602096558,0.3973025679588318
805,2.532104969024658,1.0183024406433105,0.6112819314002991,0.3981058597564697
806,2.5448427200317383,1.013932228088379,0.5914766192436218,0.39874306321144104
807,2.45632004737854,1.0134340524673462,0.5837735533714294,0.3972059488296509
808,2.4484364986419678,1.012324333190918,0.6070967316627502,0.4009209871292114
809,2.424785614013672,1.013709545135498,0.5953630208969116,0.3980787694454193
810,2.3899993896484375,1.0136947631835938,0.5814530253410339,0.39964771270751953
811,2.276546001434326,1.0127593278884888,0.5758118629455566,0.398852676153183
812,2.547961473464966,1.0140631198883057,0.6272474527359009,0.3992711901664734
813,2.3911495208740234,1.01320219039917,0.607002317905426,0.40245771408081055
814,2.304882764816284,1.0127811431884766,0.6124940514564514,0.40597885847091675
815,2.3877334594726562,1.01193368434906,0.5981868505477905,0.40299516916275024
816,2.541550636291504,1.0102301836013794,0.6230878829956055,0.4013095796108246
817,2.4898645877838135,1.0080580711364746,0.5655050277709961,0.4017917811870575
818,2.3150341510772705,1.0081684589385986,0.5877782106399536,0.40116727352142334
819,2.307166576385498,1.0072542428970337,0.580210268497467,0.400998055934906
820,2.3214447498321533,1.0064609050750732,0.5691325068473816,0.40243157744407654
821,2.4198689460754395,1.0082533359527588,0.5957223176956177,0.40281012654304504
822,2.455202341079712,1.0076602697372437,0.5902899503707886,0.40603551268577576
823,2.520292043685913,1.005865216255188,0.5646923184394836,0.4081747233867645
824,2.394587993621826,1.0030945539474487,0.5644232034683228,0.40717247128486633
825,2.318761110305786,1.0044583082199097,0.6369425654411316,0.4117751121520996
826,2.5218942165374756,1.0058692693710327,0.5790330171585083,0.4101096987724304
827,2.291654586791992,1.0043566226959229,0.617787778377533,0.40771159529685974
828,2.41157865524292,1.0049551725387573,0.5780307650566101,0.4060520529747009
829,2.2937655448913574,1.0063629150390625,0.6231372952461243,0.4042978882789612
830,2.570765972137451,1.0070549249649048,0.5907852053642273,0.4041401743888855
831,2.2670247554779053,1.0058324337005615,0.6041887998580933,0.403348833322525
832,2.360197067260742,1.0053058862686157,0.6128264665603638,0.40501901507377625
833,2.4755074977874756,1.0055502653121948,0.5770878195762634,0.4061638116836548
834,2.3582212924957275,1.0074220895767212,0.5758686661720276,0.404840350151062
835,2.2884037494659424,1.0080369710922241,0.5850244164466858,0.40106943249702454
836,2.4893176555633545,1.007277250289917,0.6012953519821167,0.40469178557395935
837,2.506141424179077,1.0061182975769043,0.5675048828125,0.4093472361564636
838,2.352020740509033,1.0053260326385498,0.5981993079185486,0.40987399220466614
839,2.3285460472106934,1.007436990737915,0.6157925128936768,0.40361741185188293
840,2.2508819103240967,1.0089850425720215,0.6388587951660156,0.4047839641571045
841,2.3057312965393066,1.0086443424224854,0.5956133008003235,0.40338629484176636
842,2.281144380569458,1.0111924409866333,0.6325480341911316,0.40429431200027466
843,2.5582330226898193,1.0118833780288696,0.5430750846862793,0.40417471528053284
844,2.2586188316345215,1.0120925903320312,0.6037421226501465,0.40364137291908264
845,2.257655620574951,1.011618733406067,0.6423930525779724,0.3995765447616577
846,2.4331672191619873,1.0124622583389282,0.6000464558601379,0.4014282822608948
847,2.510411262512207,1.0129916667938232,0.6223971247673035,0.4042118191719055
848,2.4053752422332764,1.0140161514282227,0.6019912362098694,0.39967426657676697
849,2.461721897125244,1.0164895057678223,0.5977290868759155,0.40265434980392456
850,2.317622184753418,1.014512300491333,0.6164418458938599,0.40263473987579346
851,2.2873246669769287,1.0136927366256714,0.6242709159851074,0.4019806981086731
852,2.459878921508789,1.0152065753936768,0.5885549783706665,0.40162938833236694
853,2.2684948444366455,1.0141855478286743,0.609111487865448,0.40100106596946716
854,2.3535094261169434,1.014786720275879,0.5858763456344604,0.397596538066864
855,2.4243907928466797,1.0167816877365112,0.6195299029350281,0.4016316533088684
856,2.4666709899902344,1.0122184753417969,0.594120442867279,0.40255069732666016
857,2.376960515975952,1.0101701021194458,0.5610380172729492,0.40220290422439575
858,2.472118377685547,1.009573221206665,0.5778976082801819,0.40093719959259033
859,2.427128791809082,1.0097719430923462,0.6332288980484009,0.40053892135620117
860,2.4598727226257324,1.0116139650344849,0.6211823225021362,0.40110766887664795
861,2.280677556991577,1.010985255241394,0.5725876688957214,0.4038921594619751
862,2.301032543182373,1.0116891860961914,0.6261720061302185,0.39821794629096985
863,2.2559211254119873,1.0151560306549072,0.6091593503952026,0.3986673951148987
864,2.317518472671509,1.0134966373443604,0.6087113618850708,0.4002706706523895
865,2.309630870819092,1.0124095678329468,0.6302420496940613,0.39971205592155457
866,2.4169795513153076,1.014268159866333,0.6025940775871277,0.4020232558250427
867,2.45228910446167,1.0115597248077393,0.595801830291748,0.4047829806804657
868,2.36673903465271,1.0095134973526,0.5891944766044617,0.4045485556125641
869,2.300295352935791,1.0036282539367676,0.5542601346969604,0.4056227207183838
870,2.6447248458862305,1.0047165155410767,0.5288148522377014,0.4079257547855377
871,2.3765201568603516,1.0034291744232178,0.5923799872398376,0.407260924577713
872,2.385498523712158,1.0068131685256958,0.6181451678276062,0.4088697135448456
873,2.278339385986328,1.0074665546417236,0.627717912197113,0.4061149060726166
874,2.3065803050994873,1.0066579580307007,0.6065554618835449,0.40660297870635986
875,2.6062493324279785,1.0033831596374512,0.6022343039512634,0.40432068705558777
876,2.2852561473846436,1.0047574043273926,0.6034723520278931,0.40588077902793884
877,2.4436073303222656,1.0053824186325073,0.5749385952949524,0.4053652286529541
878,2.331001043319702,1.0035401582717896,0.5723853707313538,0.4050787687301636
879,2.4298925399780273,1.0021601915359497,0.5591745376586914,0.4044818580150604
880,2.585418224334717,1.001479983329773,0.578044593334198,0.4070182144641876
881,2.335714817047119,0.9991358518600464,0.6234812140464783,0.40628454089164734
882,2.493464469909668,0.9986266493797302,0.5653508901596069,0.4075227677822113
883,2.2788262367248535,0.9975487589836121,0.5986427664756775,0.4122445583343506
884,2.303109645843506,0.9991244673728943,0.6154696345329285,0.4116017520427704
885,2.591764450073242,1.000596046447754,0.630160391330719,0.4140412509441376
886,2.3905351161956787,0.999101996421814,0.5616725087165833,0.41411861777305603
887,2.449735164642334,1.0004510879516602,0.5724542140960693,0.41337457299232483
888,2.35164213180542,0.9989367127418518,0.607469379901886,0.41158753633499146
889,2.334136724472046,0.9992265105247498,0.5936833024024963,0.41149038076400757
890,2.353703737258911,0.9974659085273743,0.6255866885185242,0.4123801589012146
891,2.5534934997558594,0.9971529841423035,0.5401725172996521,0.411841481924057
892,2.327141761779785,0.9966056942939758,0.6090674996376038,0.41199877858161926
893,2.5688118934631348,0.9965062141418457,0.5980125665664673,0.41094735264778137
894,2.3064467906951904,0.9979720115661621,0.6395483016967773,0.41040411591529846
895,2.3239622116088867,1.0014731884002686,0.6285215020179749,0.40945637226104736
896,2.3995118141174316,1.0007715225219727,0.5801661610603333,0.40772929787635803
897,2.342505931854248,0.999447762966156,0.5959509611129761,0.4071837067604065
898,2.279066562652588,1.0038650035858154,0.621709942817688,0.4041176438331604
899,2.3278398513793945,1.0025572776794434,0.6048898696899414,0.40591058135032654
900,2.3743886947631836,1.0011628866195679,0.5392811894416809,0.4077545702457428
901,2.4831109046936035,0.9991223216056824,0.620842456817627,0.4091300368309021
902,2.6119544506073,0.999995231628418,0.5484369397163391,0.4113258421421051
903,2.3799920082092285,1.0003135204315186,0.6180264949798584,0.4107303023338318
904,2.5847113132476807,1.0002175569534302,0.6152446269989014,0.40784892439842224
905,2.3415815830230713,1.0007224082946777,0.6243447661399841,0.40725669264793396
906,2.3357338905334473,1.0010682344436646,0.6205369234085083,0.4084152281284332
907,2.1943821907043457,1.0012775659561157,0.5905644297599792,0.40812644362449646
908,2.3691444396972656,1.0008649826049805,0.5703922510147095,0.4065781533718109
909,2.25639009475708,1.0009855031967163,0.6040571928024292,0.4060181677341461
910,2.396219491958618,1.0008224248886108,0.6019197106361389,0.40719348192214966
911,2.4016032218933105,1.0020135641098022,0.6016313433647156,0.40532949566841125
912,2.3267390727996826,1.002479910850525,0.6195917129516602,0.40274858474731445
913,2.232386350631714,1.0031030178070068,0.6198530197143555,0.4040731191635132
914,2.3215417861938477,1.0027967691421509,0.5946166515350342,0.4057064950466156
915,2.3197479248046875,1.0060064792633057,0.6323718428611755,0.4036940634250641
916,2.24395489692688,1.005157470703125,0.6413623690605164,0.4045022428035736
917,2.4275903701782227,1.0053895711898804,0.6129418611526489,0.40602806210517883
918,2.4153294563293457,1.006425142288208,0.5943353772163391,0.40835893154144287
919,2.3650660514831543,1.0047649145126343,0.6064702868461609,0.4053090512752533
920,2.514653205871582,1.003421425819397,0.6068468689918518,0.40353521704673767
921,2.3632242679595947,1.0029990673065186,0.6232306957244873,0.40611913800239563
922,2.517878770828247,1.0042563676834106,0.6061897873878479,0.4090961813926697
923,2.3176589012145996,1.0012567043304443,0.6211031675338745,0.40866875648498535
924,2.283834218978882,1.0009641647338867,0.5818266868591309,0.40904828906059265
925,2.3669803142547607,1.0014890432357788,0.6155904531478882,0.40468069911003113
926,2.595642566680908,1.0012043714523315,0.5890231728553772,0.4023357629776001
927,2.329576253890991,1.0012328624725342,0.6335825324058533,0.4039333462715149
928,2.372950553894043,1.001664400100708,0.6174678802490234,0.4050323963165283
929,2.3998265266418457,1.0016252994537354,0.6030123829841614,0.40335890650749207
930,2.3312125205993652,1.0010035037994385,0.5887179970741272,0.4024694263935089
931,2.237633228302002,1.0048189163208008,0.6259750723838806,0.4015812575817108
932,2.2151668071746826,1.0058656930923462,0.6144339442253113,0.40473029017448425
933,2.3630659580230713,1.0062282085418701,0.6270635724067688,0.40317967534065247
934,2.493817090988159,1.005541443824768,0.6190988421440125,0.40630531311035156
935,2.4147555828094482,1.008192777633667,0.6339144110679626,0.4038388133049011
936,2.354914665222168,1.0086207389831543,0.6324630975723267,0.4033896327018738
937,2.4773671627044678,1.0105122327804565,0.5954720377922058,0.4008232057094574
938,2.1218326091766357,1.013007402420044,0.6431959271430969,0.399782657623291
939,2.223485231399536,1.0112026929855347,0.5977341532707214,0.40051746368408203
940,2.2503912448883057,1.0102282762527466,0.6027357578277588,0.40304073691368103
941,2.4498939514160156,1.0123918056488037,0.5964773297309875,0.40404632687568665
942,2.3712821006774902,1.0115562677383423,0.6119639277458191,0.4023548364639282
943,2.3388710021972656,1.0089279413223267,0.6479007005691528,0.4023686647415161
944,2.4002771377563477,1.0087248086929321,0.6227885484695435,0.4024418890476227
945,2.3429007530212402,1.0063762664794922,0.6120005249977112,0.40610846877098083
946,2.2558400630950928,1.0065780878067017,0.6219210028648376,0.4061160683631897
947,2.514578104019165,1.006910800933838,0.5852036476135254,0.4083368480205536
948,2.334050178527832,1.008600115776062,0.6113789677619934,0.4055257737636566
949,2.3432528972625732,1.0087153911590576,0.605090856552124,0.4049908220767975
950,2.5012941360473633,1.007394790649414,0.5660792589187622,0.40463337302207947
951,2.5447328090667725,1.005198359489441,0.5675245523452759,0.40774545073509216
952,2.2583885192871094,1.0050324201583862,0.6172250509262085,0.40663719177246094
953,2.3495280742645264,1.007771611213684,0.6433991193771362,0.4061136543750763
954,2.2864997386932373,1.0072572231292725,0.567924439907074,0.40717974305152893
955,2.3963825702667236,1.004979133605957,0.5879830718040466,0.40616756677627563
956,2.5646755695343018,1.0080374479293823,0.5660843849182129,0.4049782454967499
957,2.413623809814453,1.0076041221618652,0.6038588881492615,0.4053443968296051
958,2.3593571186065674,1.0084244012832642,0.6220104098320007,0.4085588753223419
959,2.3264524936676025,1.0082427263259888,0.6133126616477966,0.4093794524669647
960,2.331507682800293,1.0055114030838013,0.608902633190155,0.4098675549030304
961,2.305582284927368,1.004862904548645,0.6442673802375793,0.4109629690647125
962,2.7038629055023193,1.003965973854065,0.5646085739135742,0.4090135395526886
963,2.292027711868286,1.0031211376190186,0.6211691498756409,0.4103935658931732
964,2.30420184135437,1.0027661323547363,0.5837002992630005,0.40987884998321533
965,2.6081905364990234,0.9995202422142029,0.5897302627563477,0.40850213170051575
966,2.237520694732666,1.0022391080856323,0.6194890141487122,0.4052988290786743
967,2.445261001586914,1.0020657777786255,0.5742507576942444,0.40737059712409973
968,2.2780189514160156,1.0017369985580444,0.5899593830108643,0.40614017844200134
969,2.232698440551758,1.0029020309448242,0.5756047368049622,0.4112564027309418
970,2.442634105682373,1.002171516418457,0.6141232252120972,0.4126524329185486
971,2.348478317260742,1.0009175539016724,0.5787882804870605,0.41046690940856934
972,2.4498543739318848,1.0022094249725342,0.6022118330001831,0.40978750586509705
973,2.3033173084259033,1.0024062395095825,0.6066722273826599,0.41079750657081604
974,2.4019224643707275,1.0032222270965576,0.6099745631217957,0.409864604473114
975,2.2993080615997314,1.000749111175537,0.6018868684768677,0.41366609930992126
976,2.3866965770721436,0.9983931183815002,0.5734257102012634,0.4134334325790405
977,2.4974207878112793,0.9979429841041565,0.6136717200279236,0.4127121567726135
978,2.4064888954162598,0.9943404197692871,0.60890132188797,0.41456690430641174
979,2.401561975479126,0.9939396381378174,0.5736138820648193,0.41460755467414856
980,2.400599479675293,0.9945632219314575,0.5871034264564514,0.40814054012298584
981,2.375628709793091,0.9964787364006042,0.588728129863739,0.4039802849292755
982,2.320622444152832,0.998414158821106,0.6141784191131592,0.40644362568855286
983,2.55275559425354,1.0016909837722778,0.5926190614700317,0.40599313378334045
984,2.417214870452881,1.0030690431594849,0.6208884119987488,0.40576833486557007
985,2.299872398376465,1.0025508403778076,0.6344132423400879,0.408178448677063
986,2.3636293411254883,1.0010576248168945,0.6000006794929504,0.41029131412506104
987,2.495419502258301,1.0029618740081787,0.5909104943275452,0.4098207652568817
988,2.369403600692749,1.0041377544403076,0.6241852045059204,0.4093596935272217
989,2.3724253177642822,1.0050851106643677,0.6131439805030823,0.40730565786361694
990,2.4754185676574707,1.0053318738937378,0.6204783916473389,0.4104101359844208
991,2.2884910106658936,1.0040812492370605,0.6214557886123657,0.4101497530937195
992,2.4215779304504395,1.0026577711105347,0.638614296913147,0.4115162491798401
993,2.2498621940612793,1.001560091972351,0.579422652721405,0.41211655735969543
994,2.2301957607269287,0.9994782209396362,0.6013531684875488,0.41357797384262085
995,2.448194742202759,0.9999226927757263,0.56078040599823,0.41461703181266785
996,2.419510841369629,0.997524082660675,0.5934659242630005,0.4123581349849701
997,2.340550661087036,0.9957796335220337,0.6227912902832031,0.4113520085811615
998,2.6107399463653564,0.996746838092804,0.5734061002731323,0.41403570771217346
999,2.4796833992004395,0.9971995949745178,0.5707909464836121,0.4161442220211029
1000,2.3382039070129395,0.9966091513633728,0.6136484146118164,0.4137782156467438
1001,2.462153196334839,0.9977768659591675,0.6170397996902466,0.4139203131198883
1002,2.526662826538086,0.9995723962783813,0.6075296998023987,0.41279810667037964
1003,2.2796380519866943,1.0017898082733154,0.6035817265510559,0.412362277507782
1004,2.2602949142456055,1.002083659172058,0.5919739007949829,0.4113774001598358
1005,2.4787843227386475,1.0016018152236938,0.5623183846473694,0.4075326919555664
1006,2.451262950897217,1.001720666885376,0.6138046383857727,0.4063929319381714
1007,2.1389880180358887,1.0028795003890991,0.6378694176673889,0.40766191482543945
1008,2.33768367767334,1.0028983354568481,0.618326723575592,0.4058891236782074
1009,2.35193133354187,1.00288987159729,0.563452422618866,0.4048098623752594
1010,2.5968687534332275,1.0008915662765503,0.5798932313919067,0.4073074460029602
1011,2.413090705871582,1.001612663269043,0.6276117563247681,0.4092148542404175
1012,2.461066246032715,1.0017849206924438,0.6310030817985535,0.4117830693721771
1013,2.1610608100891113,1.0026185512542725,0.6138193607330322,0.40810349583625793
1014,2.6007490158081055,1.0031715631484985,0.5832764506340027,0.4041718542575836
1015,2.3701887130737305,1.0050896406173706,0.5484398007392883,0.4065234661102295
1016,2.3361947536468506,1.0031276941299438,0.6178418397903442,0.41025403141975403
1017,2.3939976692199707,1.0024737119674683,0.6276110410690308,0.41173380613327026
1018,2.502164840698242,1.0015062093734741,0.5875726938247681,0.4109838604927063
1019,2.2030229568481445,1.0010563135147095,0.5997483730316162,0.41062989830970764
1020,2.4346046447753906,0.9998099207878113,0.5990011096000671,0.4078735113143921
1021,2.286651611328125,0.9990713596343994,0.6060503721237183,0.40810030698776245
1022,2.2909533977508545,1.0008267164230347,0.59178227186203,0.40916216373443604
1023,2.424398183822632,1.0003180503845215,0.6105903387069702,0.40877076983451843
1024,2.191084623336792,1.0000910758972168,0.6574101448059082,0.4105614721775055
1025,2.333742618560791,0.9990148544311523,0.6145638823509216,0.41553425788879395
1026,2.450197458267212,0.9982313513755798,0.5944276452064514,0.41567206382751465
1027,2.358694076538086,0.9965229034423828,0.5752300024032593,0.4161843955516815
1028,2.3286726474761963,0.9949405193328857,0.5931206941604614,0.41634660959243774
1029,2.4381749629974365,0.9966865181922913,0.6169978380203247,0.41681113839149475
1030,2.251964807510376,0.9962894320487976,0.5983436703681946,0.4155794680118561
1031,2.2878944873809814,0.9964138269424438,0.6365183591842651,0.41722628474235535
1032,2.4017045497894287,0.9985363483428955,0.5936955809593201,0.4173736572265625
1033,2.4860918521881104,0.9945741295814514,0.6305731534957886,0.4149850010871887
1034,2.305928945541382,0.9951964020729065,0.596032440662384,0.4143223464488983
1035,2.2873730659484863,0.9951423406600952,0.625497043132782,0.4147251546382904
1036,2.17529296875,0.9960455894470215,0.6164841055870056,0.41482552886009216
1037,2.5052332878112793,0.9974048733711243,0.6171931624412537,0.4137340188026428
1038,2.2844152450561523,1.0007667541503906,0.5813329219818115,0.4113897681236267
1039,2.3321597576141357,0.9989577531814575,0.5900964736938477,0.4131034314632416
1040,2.3908278942108154,0.9970911145210266,0.6236303448677063,0.41527634859085083
1041,2.4693846702575684,0.9959394335746765,0.5927109718322754,0.41615724563598633
1042,2.0791430473327637,0.9967308640480042,0.6664432883262634,0.41630300879478455
1043,2.3410730361938477,0.9961311221122742,0.5974243879318237,0.41818997263908386
1044,2.292264461517334,0.9960387945175171,0.6156131625175476,0.41742491722106934
1045,2.417628049850464,0.99833083152771,0.6016972064971924,0.4174063205718994
1046,2.374797821044922,0.9958683252334595,0.5920050740242004,0.41705626249313354
1047,2.288156270980835,0.9955670833587646,0.614459753036499,0.41428884863853455
1048,2.4040088653564453,0.9960572123527527,0.6336756944656372,0.4174569547176361
1049,2.536561965942383,0.9951602816581726,0.6026804447174072,0.41495946049690247
1050,2.2994163036346436,0.9941100478172302,0.5982097387313843,0.4187415838241577
1051,2.3957479000091553,0.9944729208946228,0.6204429268836975,0.42196089029312134
1052,2.382793426513672,0.9942659735679626,0.5962927341461182,0.41810446977615356
1053,2.39265513420105,0.9943207502365112,0.5242424011230469,0.4187251627445221
1054,2.220194101333618,0.9938867092132568,0.6218966841697693,0.4172360301017761
1055,2.4298906326293945,0.9937617778778076,0.625163733959198,0.415685772895813
1056,2.2034389972686768,0.9957368969917297,0.6400824189186096,0.4148653447628021
1057,2.4097211360931396,0.9982872605323792,0.5768299102783203,0.4113304913043976
1058,2.349583864212036,1.0002446174621582,0.5785171389579773,0.41372165083885193
1059,2.3658297061920166,1.000052809715271,0.6136569976806641,0.41270899772644043
1060,2.2207250595092773,0.9984470009803772,0.6017278432846069,0.4129219651222229
1061,2.470604181289673,0.9979972839355469,0.5800729990005493,0.4102697968482971
1062,2.6864843368530273,0.998950183391571,0.5711104273796082,0.4118414521217346
1063,2.3054373264312744,1.0007683038711548,0.6107096672058105,0.4139954745769501
1064,2.357414484024048,0.9980644583702087,0.5732637643814087,0.413126140832901
1065,2.3845393657684326,1.0010079145431519,0.6265677213668823,0.4129190444946289
1066,2.2241053581237793,1.0014710426330566,0.6506618857383728,0.41259482502937317
1067,2.3982937335968018,1.002145767211914,0.5840837359428406,0.4121744930744171
1068,2.348504066467285,1.0008782148361206,0.5731321573257446,0.41521719098091125
1069,2.45346999168396,1.0021839141845703,0.6348248720169067,0.4205836057662964
1070,2.235802173614502,0.9976483583450317,0.61517333984375,0.4210279881954193
1071,2.393282413482666,0.9959715604782104,0.6260905265808105,0.42040327191352844
1072,2.4019153118133545,0.9948697090148926,0.6017200946807861,0.4146382808685303
1073,2.3679068088531494,0.9951951503753662,0.652048647403717,0.4123912751674652
1074,2.3717949390411377,0.9936745762825012,0.5946716666221619,0.4170578420162201
1075,2.2745635509490967,0.9931249022483826,0.5884373784065247,0.4162003993988037
1076,2.201530933380127,0.9946197867393494,0.6121501326560974,0.4165620505809784
1077,2.4023849964141846,0.9960697889328003,0.5958067774772644,0.41399621963500977
1078,2.4464306831359863,0.9968225955963135,0.5858100652694702,0.4105037748813629
1079,2.2444381713867188,0.9992866516113281,0.6173696517944336,0.41273900866508484
1080,2.4457106590270996,1.0008336305618286,0.5861358642578125,0.4128577709197998
1081,2.3660054206848145,1.0019526481628418,0.6085337400436401,0.41308069229125977
1082,2.521324872970581,1.0008466243743896,0.6314907670021057,0.41227856278419495
1083,2.333630323410034,1.0001449584960938,0.6026056408882141,0.4133957028388977
1084,2.4613430500030518,0.9995177984237671,0.6001511812210083,0.4129767417907715
1085,2.369915008544922,0.9995253086090088,0.6042975187301636,0.41406598687171936
1086,2.4419209957122803,0.9983256459236145,0.6020392179489136,0.41428083181381226
1087,2.3182575702667236,0.995440661907196,0.5954394340515137,0.4127601087093353
1088,2.176042318344116,0.9948449730873108,0.608421802520752,0.4142409563064575
1089,2.434264659881592,0.9966247081756592,0.5987114906311035,0.4147215783596039
1090,2.310878038406372,0.9970555901527405,0.6074095368385315,0.4168896973133087
1091,2.4871268272399902,0.9960785508155823,0.5818957090377808,0.41672706604003906
1092,2.380025863647461,0.993710994720459,0.5759021639823914,0.4165605306625366
1093,2.1358277797698975,0.9913778901100159,0.5946510434150696,0.4157765805721283
1094,2.3860576152801514,0.9916130304336548,0.5867139101028442,0.4148052930831909
1095,2.336716651916504,0.991706371307373,0.5723764300346375,0.4158673584461212
1096,2.420491933822632,0.9920361042022705,0.5788608193397522,0.41836532950401306
1097,2.283588171005249,0.9928162097930908,0.610702395439148,0.41613176465034485
1098,2.2934815883636475,0.9937362670898438,0.6252549290657043,0.4148557484149933
1099,2.2684669494628906,0.9992828965187073,0.6160416007041931,0.4141859710216522
1100,2.3620502948760986,0.9998623132705688,0.5882623195648193,0.413248747587204
1101,2.4020960330963135,1.0006903409957886,0.5943089723587036,0.41314780712127686
1102,2.4067280292510986,0.9992455244064331,0.5780757665634155,0.4145059287548065
1103,2.2865097522735596,0.9935299158096313,0.6021458506584167,0.41856998205184937
1104,2.2414467334747314,0.9943755269050598,0.6478147506713867,0.41846367716789246
1105,2.3475351333618164,0.9937639236450195,0.6094536185264587,0.4160619378089905
1106,2.441333770751953,0.9949557185173035,0.5995849967002869,0.41720059514045715
1107,2.449805736541748,0.9943663477897644,0.6417334079742432,0.4190535247325897
1108,2.2708182334899902,0.992668092250824,0.5807086229324341,0.4192495346069336
1109,2.399597644805908,0.9915645122528076,0.5564189553260803,0.41697973012924194
1110,2.384756565093994,0.9927403330802917,0.5819524526596069,0.4181308150291443
1111,2.583016872406006,0.9931375980377197,0.562617301940918,0.41860276460647583
1112,2.36234974861145,0.9952646493911743,0.5542369484901428,0.42090705037117004
1113,2.3622848987579346,0.9945830702781677,0.588905930519104,0.41933897137641907
1114,2.4067931175231934,0.9944048523902893,0.5948433876037598,0.4162282943725586
1115,2.296708583831787,0.9970816969871521,0.6174110770225525,0.41275325417518616
1116,2.3637492656707764,0.9985302090644836,0.5687472224235535,0.4104261100292206
1117,2.5400259494781494,0.9990642666816711,0.6032957434654236,0.41148650646209717
1118,2.263732671737671,1.0007250308990479,0.6314364671707153,0.4142797589302063
1119,2.143688201904297,1.0019006729125977,0.5925000905990601,0.41578617691993713
1120,2.4296653270721436,0.9997671842575073,0.596909761428833,0.4157043397426605
1121,2.2927286624908447,0.9976167678833008,0.5890825390815735,0.41486579179763794
1122,2.3206303119659424,0.9988377690315247,0.5949980020523071,0.41224604845046997
1123,2.199216365814209,0.9982939958572388,0.6044122576713562,0.4158059060573578
1124,2.5745227336883545,0.996600866317749,0.5591488480567932,0.4150334894657135
1125,2.156764030456543,0.9967565536499023,0.6364312171936035,0.41464710235595703
1126,2.5566012859344482,0.9976102709770203,0.5903626084327698,0.41501882672309875
1127,2.3163301944732666,0.9955964088439941,0.5756353735923767,0.41409367322921753
1128,2.2542176246643066,0.994110107421875,0.5906198620796204,0.4155275821685791
1129,2.3528151512145996,0.9946054220199585,0.5928393006324768,0.41521838307380676
1130,2.2087085247039795,0.9950230717658997,0.6205111145973206,0.4136461317539215
1131,2.2141835689544678,0.9963529706001282,0.644378662109375,0.4152469336986542
1132,2.3740153312683105,0.994586169719696,0.6117132306098938,0.4155765771865845
1133,2.476907253265381,0.9938678741455078,0.6037952303886414,0.41725367307662964
1134,2.166727304458618,0.9935674071311951,0.6275545954704285,0.41772544384002686
1135,2.1450767517089844,0.9938778281211853,0.6347338557243347,0.41878703236579895
1136,2.2668142318725586,0.9957785606384277,0.6041026711463928,0.4156099855899811
1137,2.2902672290802,0.9966154098510742,0.6303227543830872,0.41474130749702454
1138,2.291008472442627,0.9965604543685913,0.6590765714645386,0.4141073524951935
1139,2.370837450027466,0.9965022206306458,0.597702145576477,0.4145309627056122
1140,2.286135673522949,0.9961703419685364,0.5987750887870789,0.41482841968536377
1141,2.547793388366699,0.9937387108802795,0.5980449318885803,0.4145507216453552
1142,2.19777512550354,0.9927787184715271,0.6296271085739136,0.41482558846473694
1143,2.3509037494659424,0.9958364963531494,0.6382638812065125,0.4149436354637146
1144,2.356382369995117,0.9963434338569641,0.6130779981613159,0.41475656628608704
1145,2.294220447540283,0.9965477585792542,0.6223607063293457,0.4124598205089569
1146,2.4045088291168213,0.9958381056785583,0.5994893312454224,0.41511818766593933
1147,2.3944435119628906,0.9956156015396118,0.5789657235145569,0.4166317582130432
1148,2.3679401874542236,0.9966529011726379,0.6258518099784851,0.4162461757659912
1149,2.420281171798706,0.9971963763237,0.6348347067832947,0.4137834906578064
1150,2.18473219871521,0.9946228861808777,0.596892237663269,0.41534364223480225
1151,2.352501392364502,0.9932779669761658,0.620246171951294,0.41501736640930176
1152,2.5197267532348633,0.9928373694419861,0.5615959763526917,0.41843679547309875
1153,2.23665452003479,0.9919734597206116,0.6236630082130432,0.41805189847946167
1154,2.2177505493164062,0.9926166534423828,0.6257402896881104,0.41930243372917175
1155,2.408895492553711,0.992444634437561,0.5830369591712952,0.4185676574707031
1156,2.260305166244507,0.9930472373962402,0.6058062314987183,0.41892626881599426
1157,2.3685100078582764,0.9958714246749878,0.6073768734931946,0.41892409324645996
1158,2.2247588634490967,0.9958679676055908,0.6182233691215515,0.41936391592025757
1159,2.4430437088012695,0.9965298771858215,0.5999531149864197,0.41801127791404724
1160,2.348491907119751,0.9963666200637817,0.6017890572547913,0.4176848828792572
1161,2.2127132415771484,0.9943804144859314,0.5522886514663696,0.4165421426296234
1162,2.1657214164733887,0.9957525134086609,0.6235337853431702,0.41767802834510803
1163,2.333467483520508,0.9965857863426208,0.5925692319869995,0.4170968532562256
1164,2.330338954925537,0.9969274401664734,0.6213301420211792,0.41523832082748413
1165,2.3961281776428223,0.9964433908462524,0.5883213877677917,0.4135857820510864
1166,2.270862340927124,0.9971528053283691,0.6013517379760742,0.4139770269393921
1167,2.2981321811676025,0.9973721504211426,0.5739737749099731,0.4131333827972412
1168,2.4493248462677,0.9969819188117981,0.6080592274665833,0.4149401783943176
1169,2.41501784324646,0.9974304437637329,0.5516446828842163,0.4138678312301636
1170,2.30497145652771,0.9972479939460754,0.6144952178001404,0.4157659411430359
1171,2.188469409942627,0.9979918599128723,0.6325713992118835,0.415809690952301
1172,2.3412275314331055,0.9980173110961914,0.6316682696342468,0.41653957962989807
1173,2.246729850769043,0.9973254799842834,0.654534637928009,0.4175349771976471
1174,2.3343544006347656,0.9938620328903198,0.6011123061180115,0.418661892414093
1175,2.4269392490386963,0.9943742752075195,0.5463739037513733,0.4161769449710846
1176,2.5443644523620605,0.9925658106803894,0.582076907157898,0.4158377945423126
1177,2.173618793487549,0.991193413734436,0.627914309501648,0.4149194657802582
1178,2.222693681716919,0.9926936626434326,0.5829887986183167,0.4144696295261383
1179,2.18263840675354,0.9944647550582886,0.621976912021637,0.4146434962749481
1180,2.433021306991577,0.9933016896247864,0.6329410672187805,0.4157523810863495
1181,2.205960273742676,0.9935819506645203,0.5953632593154907,0.4149167537689209
1182,2.330054998397827,0.9951449036598206,0.5944530963897705,0.41276291012763977
1183,2.305203676223755,0.9958668351173401,0.6135735511779785,0.41147056221961975
1184,2.331970691680908,0.9969234466552734,0.6072024703025818,0.41164690256118774
1185,2.466125726699829,0.997033953666687,0.6060046553611755,0.4124147891998291
1186,2.343956232070923,0.9970818161964417,0.5995237827301025,0.41229331493377686
1187,2.296722173690796,0.9961972236633301,0.6149418354034424,0.41490697860717773
1188,2.2281527519226074,0.9992672801017761,0.6214884519577026,0.4140254855155945
1189,2.382300853729248,0.9991492629051208,0.6215035319328308,0.41467568278312683
1190,2.2999045848846436,1.0002470016479492,0.6112698316574097,0.41582030057907104
1191,2.231539011001587,0.9996843934059143,0.6157081723213196,0.41298389434814453
1192,2.599862813949585,0.9979535341262817,0.62759929895401,0.4166106581687927
1193,2.3739466667175293,0.9968704581260681,0.5754910707473755,0.4175599217414856
1194,2.47245454788208,0.9979088306427002,0.60172039270401,0.4176192879676819
1195,2.145779848098755,0.9971534013748169,0.580045759677887,0.4136456251144409
1196,2.3103630542755127,0.9983319640159607,0.5683714747428894,0.4115564823150635
1197,2.336998224258423,0.9984612464904785,0.5802325010299683,0.41214728355407715
1198,2.67128849029541,0.9971272945404053,0.5624342560768127,0.4126712381839752
1199,2.3118345737457275,0.9993513226509094,0.6331848502159119,0.41042667627334595
1200,2.3306899070739746,1.0007171630859375,0.6258966326713562,0.41305333375930786
1201,2.134148597717285,0.9995654821395874,0.6358460187911987,0.4150127172470093
1202,2.313488006591797,0.9988176822662354,0.6403147578239441,0.4168117940425873
1203,2.3263566493988037,0.9971889853477478,0.6206375956535339,0.41654786467552185
1204,2.5426127910614014,0.9970093965530396,0.5866215229034424,0.4141201376914978
1205,2.305948257446289,0.9946504831314087,0.554426372051239,0.4160799980163574
1206,2.45947527885437,0.9971618056297302,0.6319863200187683,0.4155355393886566
1207,2.2694613933563232,0.9984152913093567,0.5996881723403931,0.4133967459201813
1208,2.2370991706848145,1.0014065504074097,0.6204304695129395,0.4128810167312622
1209,2.2352185249328613,1.0040310621261597,0.597524106502533,0.4123706817626953
1210,2.2282779216766357,1.003772497177124,0.5796974301338196,0.4124518036842346
1211,2.4436681270599365,1.0045188665390015,0.5856283903121948,0.41139984130859375
1212,2.256117105484009,1.0037933588027954,0.594762921333313,0.4101819097995758
1213,2.3251490592956543,1.0054486989974976,0.6079301834106445,0.4102949798107147
1214,2.3152990341186523,1.0063207149505615,0.5947424173355103,0.412039577960968
1215,2.2589662075042725,1.003362774848938,0.6127365231513977,0.41312524676322937
1216,2.2878408432006836,1.0039628744125366,0.6075586080551147,0.4140930473804474
1217,2.5088276863098145,1.0017588138580322,0.5702065229415894,0.4152330458164215
1218,2.2981090545654297,1.0001683235168457,0.6217243671417236,0.41383567452430725
1219,2.2165958881378174,0.9997192621231079,0.6241979598999023,0.4134558141231537
1220,2.145087718963623,1.0011652708053589,0.6183816194534302,0.4157472252845764
1221,2.297656297683716,1.000869631767273,0.6251110434532166,0.41609466075897217
1222,2.288882255554199,1.000330924987793,0.6356238126754761,0.41179075837135315
1223,2.510829210281372,0.9992759823799133,0.598345935344696,0.40675467252731323
1224,2.2807276248931885,1.0020172595977783,0.6323520541191101,0.40487828850746155
1225,2.404585599899292,1.0014499425888062,0.5995761156082153,0.40674787759780884
1226,2.2310683727264404,0.9988453388214111,0.6170755624771118,0.40911203622817993
1227,2.317147970199585,1.0002861022949219,0.5957117080688477,0.41088512539863586
1228,2.248499631881714,1.0025509595870972,0.629307210445404,0.40809646248817444
1229,2.3186004161834717,1.003777027130127,0.614777147769928,0.40764543414115906
1230,2.2112324237823486,1.0026748180389404,0.5836269855499268,0.4064536392688751
1231,2.4895434379577637,1.0003440380096436,0.5803079009056091,0.4098024070262909
1232,2.258847951889038,0.9994193911552429,0.6302573084831238,0.41394609212875366
1233,2.391510248184204,0.9982854723930359,0.6058552861213684,0.4155363142490387
1234,2.400367259979248,0.9973812103271484,0.6078908443450928,0.4155651926994324
1235,2.377708911895752,0.9958831071853638,0.6001371145248413,0.414993017911911
1236,2.2503604888916016,0.9979267120361328,0.60999995470047,0.41494813561439514
1237,2.2556283473968506,0.9943819642066956,0.6109223961830139,0.4154685437679291
1238,2.2619385719299316,0.9928634762763977,0.6169782876968384,0.41825297474861145
1239,2.479022741317749,0.9937663078308105,0.6136196851730347,0.41822561621665955
1240,2.4027581214904785,0.9960432648658752,0.6015783548355103,0.41955578327178955
1241,2.3576674461364746,0.994505763053894,0.6079452633857727,0.41865074634552
1242,2.178637981414795,0.9952805042266846,0.625399649143219,0.4145026206970215
1243,2.1676785945892334,0.9953947067260742,0.6107631325721741,0.4139063358306885
1244,2.405154228210449,0.9956184029579163,0.6063621044158936,0.4153229594230652
1245,2.362525701522827,0.9949250817298889,0.5909414887428284,0.4140735864639282
1246,2.342841148376465,0.9951913356781006,0.63409024477005,0.41389235854148865
1247,2.185697317123413,0.9948840141296387,0.6484187245368958,0.4126940667629242
1248,2.316105842590332,0.9955616593360901,0.6049909591674805,0.4097455143928528
1249,2.176142692565918,0.9975082278251648,0.6321285963058472,0.40738439559936523
1250,2.2681679725646973,0.9980679750442505,0.6330306529998779,0.40921491384506226
1251,2.3348398208618164,0.9996505379676819,0.6135724782943726,0.41036471724510193
1252,2.3434202671051025,0.9980314373970032,0.5821558237075806,0.41026055812835693
1253,2.3475866317749023,0.9997789263725281,0.6425452828407288,0.41253209114074707
1254,2.490974187850952,1.0002104043960571,0.5777735114097595,0.4133268892765045
1255,2.301011085510254,1.0010303258895874,0.6353899836540222,0.41211679577827454
1256,2.248155355453491,1.0025871992111206,0.6117628812789917,0.40861475467681885
1257,2.4067046642303467,1.0037692785263062,0.6244314908981323,0.40489310026168823
1258,2.3034520149230957,1.0018858909606934,0.6324911117553711,0.4078068137168884
1259,2.28938627243042,1.0029668807983398,0.5970616340637207,0.40619444847106934
1260,2.191953182220459,1.0050005912780762,0.6205682158470154,0.40750110149383545
1261,2.2615089416503906,1.0053762197494507,0.6148181557655334,0.40937843918800354
1262,2.243898630142212,1.0034353733062744,0.6256670355796814,0.4135591387748718
1263,2.4745945930480957,1.0010231733322144,0.6099029183387756,0.41365399956703186
1264,2.34563946723938,0.9996088743209839,0.5793800950050354,0.41331934928894043
1265,2.158538579940796,0.9981817007064819,0.6142628788948059,0.411869078874588
1266,2.2370312213897705,0.9997206926345825,0.6019520163536072,0.4099484086036682
1267,2.316106081008911,1.000290870666504,0.6436865329742432,0.40996652841567993
1268,2.35361909866333,1.0041385889053345,0.613115131855011,0.4074283838272095
1269,2.4516167640686035,1.0030934810638428,0.6226779222488403,0.40943795442581177
1270,2.2607967853546143,1.0027248859405518,0.5970712900161743,0.4086017906665802
1271,2.3354623317718506,1.0016249418258667,0.5886282920837402,0.4104248583316803
1272,2.2940845489501953,1.0026758909225464,0.6046200394630432,0.41137415170669556
1273,2.468775987625122,1.0006853342056274,0.6204580068588257,0.413954496383667
1274,2.3239314556121826,0.9999862909317017,0.6261999011039734,0.41345274448394775
1275,2.1868934631347656,0.9965181350708008,0.6045933961868286,0.41397783160209656
1276,2.38614821434021,0.9946944117546082,0.5837240219116211,0.41262087225914
1277,2.4014551639556885,0.9945492744445801,0.6263203620910645,0.4127224385738373
