epoch,step,test_loss,test_pcc,train_loss_epoch,train_pcc_epoch,val_loss,val_pcc
0,38,,,,,0.7506429553031921,-0.017629532143473625
0,38,,,1.3044307231903076,-0.006712940987199545,,
1,77,,,,,0.7758891582489014,0.09706689417362213
1,77,,,1.292370319366455,0.04854054003953934,,
2,116,,,,,0.7774028182029724,0.16651955246925354
2,116,,,1.323161244392395,0.06671440601348877,,
3,155,,,,,0.7654539346694946,0.17710307240486145
3,155,,,1.3040419816970825,0.0035721324384212494,,
4,194,,,,,0.7451212406158447,0.20243506133556366
4,194,,,1.2822273969650269,0.026611894369125366,,
5,233,,,,,0.7457043528556824,0.21280863881111145
5,233,,,1.3239800930023193,0.019760945811867714,,
6,272,,,,,0.777720034122467,0.21809880435466766
6,272,,,1.312759518623352,0.06174805387854576,,
7,311,,,,,0.7706904411315918,0.22178718447685242
7,311,,,1.30392324924469,0.04443828761577606,,
8,350,,,,,0.7536141872406006,0.21981656551361084
8,350,,,1.2441190481185913,0.16213898360729218,,
9,389,,,,,0.7753731608390808,0.22283776104450226
9,389,,,1.3242826461791992,0.15137872099876404,,
10,428,,,,,0.7545911073684692,0.22521714866161346
10,428,,,1.2763944864273071,0.16527098417282104,,
11,467,,,,,0.7552847266197205,0.22566582262516022
11,467,,,1.2906599044799805,0.23311427235603333,,
12,506,,,,,0.7716859579086304,0.22929324209690094
12,506,,,1.2623581886291504,0.25625768303871155,,
13,545,,,,,0.7611011266708374,0.22921782732009888
13,545,,,1.2834810018539429,0.2622523605823517,,
14,584,,,,,0.7394333481788635,0.2275531142950058
14,584,,,1.2752560377120972,0.3151046633720398,,
15,623,,,,,0.7974392175674438,0.22975343465805054
15,623,,,1.2640385627746582,0.3397137224674225,,
16,662,,,,,0.7565752863883972,0.2304144948720932
16,662,,,1.2511277198791504,0.34175556898117065,,
17,701,,,,,0.7696489095687866,0.23338600993156433
17,701,,,1.2158308029174805,0.371876984834671,,
18,740,,,,,0.7507094740867615,0.23699921369552612
18,740,,,1.189797282218933,0.39118269085884094,,
19,779,,,,,0.8049785494804382,0.24506767094135284
19,779,,,1.2040640115737915,0.3938385546207428,,
20,818,,,,,0.7251635193824768,0.24936020374298096
20,818,,,1.2013647556304932,0.41172102093696594,,
21,857,,,,,0.7906482815742493,0.2530372440814972
21,857,,,1.2087316513061523,0.41277503967285156,,
22,896,,,,,0.7820507287979126,0.2560140788555145
22,896,,,1.1642937660217285,0.417095422744751,,
23,935,,,,,0.7624143958091736,0.26238763332366943
23,935,,,1.1095510721206665,0.4380948543548584,,
24,974,,,,,0.8069642186164856,0.26636600494384766
24,974,,,1.1905505657196045,0.46087774634361267,,
25,1013,,,,,0.8112809658050537,0.2712530493736267
25,1013,,,1.147093653678894,0.4606356918811798,,
26,1052,,,,,0.8217769265174866,0.27375346422195435
26,1052,,,1.1627146005630493,0.4345718324184418,,
27,1091,,,,,0.8434916734695435,0.2794002592563629
27,1091,,,1.1375097036361694,0.43422141671180725,,
28,1130,,,,,0.7858580946922302,0.2811604142189026
28,1130,,,1.1505510807037354,0.42030245065689087,,
29,1169,,,,,0.8008089661598206,0.2841164469718933
29,1169,,,1.1610541343688965,0.4326706528663635,,
30,1208,,,,,0.8301622867584229,0.2854447364807129
30,1208,,,1.1641548871994019,0.43365317583084106,,
31,1247,,,,,0.8402540683746338,0.28782588243484497
31,1247,,,1.1645182371139526,0.4496344029903412,,
32,1286,,,,,0.8459069132804871,0.2894230782985687
32,1286,,,1.1378192901611328,0.4666089713573456,,
33,1325,,,,,0.8403982520103455,0.2920198142528534
33,1325,,,1.1394600868225098,0.4302268326282501,,
34,1364,,,,,0.7959988713264465,0.295614093542099
34,1364,,,1.15933358669281,0.4502270519733429,,
35,1403,,,,,0.8965973854064941,0.2985079288482666
35,1403,,,1.1362966299057007,0.4739447832107544,,
36,1442,,,,,0.8330934047698975,0.3022693693637848
36,1442,,,1.1641874313354492,0.47121453285217285,,
37,1481,,,,,0.8242131471633911,0.3046496510505676
37,1481,,,1.1488126516342163,0.46237093210220337,,
38,1520,,,,,0.8107734322547913,0.30774807929992676
38,1520,,,1.146385669708252,0.4696730971336365,,
39,1559,,,,,0.8463865518569946,0.3089126944541931
39,1559,,,1.1360372304916382,0.44698044657707214,,
40,1598,,,,,0.8316691517829895,0.3121734857559204
40,1598,,,1.1346861124038696,0.47178640961647034,,
41,1637,,,,,0.8264977335929871,0.3143589496612549
41,1637,,,1.1509897708892822,0.45725563168525696,,
42,1676,,,,,0.8204010725021362,0.31601542234420776
42,1676,,,1.102655291557312,0.4587287902832031,,
43,1715,,,,,0.8525621294975281,0.3159765601158142
43,1715,,,1.1309372186660767,0.4626418948173523,,
44,1754,,,,,0.8499797582626343,0.319108247756958
44,1754,,,1.1262807846069336,0.4807261824607849,,
45,1793,,,,,0.8110284805297852,0.3197891116142273
45,1793,,,1.1346514225006104,0.4509084224700928,,
46,1832,,,,,0.7997271418571472,0.32075363397598267
46,1832,,,1.127535104751587,0.48652786016464233,,
47,1871,,,,,0.8082317113876343,0.3222543001174927
47,1871,,,1.1315484046936035,0.46033644676208496,,
48,1910,,,,,0.827569842338562,0.32370156049728394
48,1910,,,1.1395000219345093,0.47466760873794556,,
49,1949,,,,,0.8146035671234131,0.3241368234157562
49,1949,,,1.105729579925537,0.4886038303375244,,
50,1988,,,,,0.8506274223327637,0.325514018535614
50,1988,,,1.1312849521636963,0.4517081379890442,,
51,2027,,,,,0.8036995530128479,0.3274734318256378
51,2027,,,1.1303703784942627,0.4772537350654602,,
52,2066,,,,,0.8237834572792053,0.32955247163772583
52,2066,,,1.1427468061447144,0.4567868709564209,,
53,2105,,,,,0.8270481824874878,0.32947981357574463
53,2105,,,1.1317050457000732,0.490266889333725,,
54,2144,,,,,0.8527261018753052,0.32980290055274963
54,2144,,,1.1126787662506104,0.49208498001098633,,
55,2183,,,,,0.8217920660972595,0.3309941589832306
55,2183,,,1.1006489992141724,0.4872688353061676,,
56,2222,,,,,0.8247127532958984,0.3323756158351898
56,2222,,,1.1116348505020142,0.4793514311313629,,
57,2261,,,,,0.8305419087409973,0.33394119143486023
57,2261,,,1.0863003730773926,0.4890402853488922,,
58,2300,,,,,0.8275210857391357,0.3357541263103485
58,2300,,,1.1306252479553223,0.48235175013542175,,
59,2339,,,,,0.8217760324478149,0.3363555669784546
59,2339,,,1.1163321733474731,0.5095052719116211,,
60,2378,,,,,0.8076933026313782,0.33763402700424194
60,2378,,,1.097282886505127,0.4900447726249695,,
61,2417,,,,,0.8307080268859863,0.3380047082901001
61,2417,,,1.1123842000961304,0.4758242666721344,,
62,2456,,,,,0.7938961982727051,0.33893975615501404
62,2456,,,1.1112161874771118,0.4864822328090668,,
63,2495,,,,,0.8146675229072571,0.34102863073349
63,2495,,,1.0923775434494019,0.5198242664337158,,
64,2534,,,,,0.8117332458496094,0.34077030420303345
64,2534,,,1.0993999242782593,0.5026458501815796,,
65,2573,,,,,0.8229687213897705,0.34199652075767517
65,2573,,,1.1187214851379395,0.4907388389110565,,
66,2612,,,,,0.8234190344810486,0.3425154685974121
66,2612,,,1.1080777645111084,0.47856879234313965,,
67,2651,,,,,0.7887734770774841,0.3434232771396637
67,2651,,,1.1294995546340942,0.4482530951499939,,
68,2690,,,,,0.8296476602554321,0.34549233317375183
68,2690,,,1.0930522680282593,0.4849495589733124,,
69,2729,,,,,0.8321279883384705,0.346138596534729
69,2729,,,1.1350741386413574,0.46879538893699646,,
70,2768,,,,,0.8099048733711243,0.3462184965610504
70,2768,,,1.1385834217071533,0.457364022731781,,
71,2807,,,,,0.7893191576004028,0.34710198640823364
71,2807,,,1.0837113857269287,0.4853152632713318,,
72,2846,,,,,0.803424060344696,0.34837308526039124
72,2846,,,1.1277936697006226,0.47864648699760437,,
73,2885,,,,,0.7965821623802185,0.3486516773700714
73,2885,,,1.1031475067138672,0.48911142349243164,,
74,2924,,,,,0.828603208065033,0.34889838099479675
74,2924,,,1.0784995555877686,0.4929368793964386,,
75,2963,,,,,0.7786984443664551,0.34860339760780334
75,2963,,,1.0953031778335571,0.46616989374160767,,
76,3002,,,,,0.8270198106765747,0.3508749306201935
76,3002,,,1.1198233366012573,0.45406439900398254,,
77,3041,,,,,0.8144583106040955,0.3504182994365692
77,3041,,,1.0811553001403809,0.5086638927459717,,
78,3080,,,,,0.8369302749633789,0.35173487663269043
78,3080,,,1.110087513923645,0.4993923306465149,,
79,3119,,,,,0.8056432008743286,0.3512631356716156
79,3119,,,1.1081202030181885,0.4811970591545105,,
80,3158,,,,,0.7871160507202148,0.35121533274650574
80,3158,,,1.1135369539260864,0.49877333641052246,,
81,3197,,,,,0.820905864238739,0.3508511185646057
81,3197,,,1.0819562673568726,0.5095371603965759,,
82,3236,,,,,0.762956976890564,0.3508352041244507
82,3236,,,1.1007139682769775,0.482678085565567,,
83,3275,,,,,0.7933553457260132,0.3509294092655182
83,3275,,,1.1156774759292603,0.45973825454711914,,
84,3314,,,,,0.803244948387146,0.3509601056575775
84,3314,,,1.1179370880126953,0.503183901309967,,
85,3353,,,,,0.7732707858085632,0.3513018786907196
85,3353,,,1.1057530641555786,0.4918769299983978,,
86,3392,,,,,0.809094250202179,0.3539903461933136
86,3392,,,1.133547067642212,0.4819487929344177,,
87,3431,,,,,0.8011855483055115,0.3557533919811249
87,3431,,,1.0887413024902344,0.4878959655761719,,
88,3470,,,,,0.7736124992370605,0.3578878939151764
88,3470,,,1.1103978157043457,0.48989182710647583,,
89,3509,,,,,0.804515540599823,0.3595027029514313
89,3509,,,1.091977596282959,0.49388518929481506,,
90,3548,,,,,0.7984077334403992,0.3596034646034241
90,3548,,,1.0902281999588013,0.48473474383354187,,
91,3587,,,,,0.798749566078186,0.360525906085968
91,3587,,,1.063674807548523,0.5422123074531555,,
92,3626,,,,,0.8206694722175598,0.3628166615962982
92,3626,,,1.1038790941238403,0.5025072693824768,,
93,3665,,,,,0.8022265434265137,0.36413225531578064
93,3665,,,1.09434974193573,0.47932085394859314,,
94,3704,,,,,0.7940450310707092,0.3629985749721527
94,3704,,,1.1045892238616943,0.5166869163513184,,
95,3743,,,,,0.7829231023788452,0.36395689845085144
95,3743,,,1.115957260131836,0.503237247467041,,
96,3782,,,,,0.7842875123023987,0.36561712622642517
96,3782,,,1.1091845035552979,0.455782413482666,,
97,3821,,,,,0.7835401892662048,0.36623749136924744
97,3821,,,1.0800060033798218,0.5017433166503906,,
98,3860,,,,,0.7925319075584412,0.3654129207134247
98,3860,,,1.1089938879013062,0.5040425062179565,,
99,3899,,,,,0.7813988924026489,0.36562925577163696
99,3899,,,1.070088267326355,0.4916207790374756,,
100,3938,,,,,0.7928357720375061,0.36538419127464294
100,3938,,,1.0525435209274292,0.5156102180480957,,
101,3977,,,,,0.7908051609992981,0.3659192621707916
101,3977,,,1.0995017290115356,0.5061733722686768,,
102,4016,,,,,0.7902061939239502,0.36464110016822815
102,4016,,,1.1172147989273071,0.48242491483688354,,
103,4055,,,,,0.7760985493659973,0.36276790499687195
103,4055,,,1.122607946395874,0.4621773660182953,,
104,4094,,,,,0.7786766886711121,0.363519549369812
104,4094,,,1.0995832681655884,0.4917544424533844,,
105,4133,,,,,0.8170926570892334,0.3647022843360901
105,4133,,,1.0789912939071655,0.5001823902130127,,
106,4172,,,,,0.7955350279808044,0.36513951420783997
106,4172,,,1.0699751377105713,0.5107883810997009,,
107,4211,,,,,0.7607026696205139,0.36639806628227234
107,4211,,,1.09131920337677,0.4784126281738281,,
108,4250,,,,,0.7953344583511353,0.36823105812072754
108,4250,,,1.0849666595458984,0.4964406490325928,,
109,4289,,,,,0.802357017993927,0.3691045045852661
109,4289,,,1.095126748085022,0.4922889173030853,,
110,4328,,,,,0.7720184922218323,0.3694218099117279
110,4328,,,1.066884160041809,0.4832408130168915,,
111,4367,,,,,0.7823315262794495,0.37017518281936646
111,4367,,,1.095602035522461,0.46624085307121277,,
112,4406,,,,,0.7917824983596802,0.3710748553276062
112,4406,,,1.0981769561767578,0.4759718179702759,,
113,4445,,,,,0.785552442073822,0.3711659908294678
113,4445,,,1.0653085708618164,0.5133645534515381,,
114,4484,,,,,0.7941844463348389,0.37191155552864075
114,4484,,,1.1185648441314697,0.473389208316803,,
115,4523,,,,,0.7888981103897095,0.37262123823165894
115,4523,,,1.06279718875885,0.5097276568412781,,
116,4562,,,,,0.8163896799087524,0.37324395775794983
116,4562,,,1.0742157697677612,0.5017428398132324,,
117,4601,,,,,0.796524167060852,0.3735625445842743
117,4601,,,1.1128171682357788,0.49083906412124634,,
118,4640,,,,,0.7918351888656616,0.3754505217075348
118,4640,,,1.130859613418579,0.5003625154495239,,
119,4679,,,,,0.7914071083068848,0.37681978940963745
119,4679,,,1.1154295206069946,0.4971647560596466,,
120,4718,,,,,0.7778304815292358,0.3760239779949188
120,4718,,,1.1022852659225464,0.49795469641685486,,
121,4757,,,,,0.8041012287139893,0.37653636932373047
121,4757,,,1.1217294931411743,0.5138226747512817,,
122,4796,,,,,0.7990866303443909,0.37631604075431824
122,4796,,,1.0669187307357788,0.5416497588157654,,
123,4835,,,,,0.7894482612609863,0.37719255685806274
123,4835,,,1.07893967628479,0.49420732259750366,,
124,4874,,,,,0.8067086338996887,0.3797381520271301
124,4874,,,1.1105988025665283,0.49246734380722046,,
125,4913,,,,,0.7825047969818115,0.38022345304489136
125,4913,,,1.0935615301132202,0.47807836532592773,,
126,4952,,,,,0.7721430659294128,0.37873587012290955
126,4952,,,1.1045321226119995,0.4402962625026703,,
127,4991,,,,,0.7574817538261414,0.3788706362247467
127,4991,,,1.0632363557815552,0.48110610246658325,,
128,5030,,,,,0.7820311784744263,0.3782888948917389
128,5030,,,1.075429081916809,0.5106235146522522,,
129,5069,,,,,0.7979926466941833,0.3784675896167755
129,5069,,,1.1033191680908203,0.4887334406375885,,
130,5108,,,,,0.7940566539764404,0.37789103388786316
130,5108,,,1.0533910989761353,0.4893167316913605,,
131,5147,,,,,0.7708174586296082,0.3763987720012665
131,5147,,,1.0598294734954834,0.5099148750305176,,
132,5186,,,,,0.7863829731941223,0.37600991129875183
132,5186,,,1.122308611869812,0.4636455476284027,,
133,5225,,,,,0.7625019550323486,0.3751690685749054
133,5225,,,1.1251113414764404,0.5220595002174377,,
134,5264,,,,,0.7863936424255371,0.3764180541038513
134,5264,,,1.097428321838379,0.47146689891815186,,
135,5303,,,,,0.7825185656547546,0.3757480978965759
135,5303,,,1.081796407699585,0.5095000863075256,,
136,5342,,,,,0.7914428114891052,0.3759618401527405
136,5342,,,1.0792124271392822,0.5095570683479309,,
137,5381,,,,,0.7935450673103333,0.3779977858066559
137,5381,,,1.1082514524459839,0.505085825920105,,
138,5420,,,,,0.7488526105880737,0.3767945468425751
138,5420,,,1.1270116567611694,0.4724654257297516,,
139,5459,,,,,0.7845210433006287,0.37679925560951233
139,5459,,,1.1075894832611084,0.4736226797103882,,
140,5498,,,,,0.7864149212837219,0.37604713439941406
140,5498,,,1.102997899055481,0.46662741899490356,,
141,5537,,,,,0.7816913723945618,0.37574630975723267
141,5537,,,1.0771523714065552,0.4911727011203766,,
142,5576,,,,,0.8012446165084839,0.37612029910087585
142,5576,,,1.1135920286178589,0.5109133124351501,,
143,5615,,,,,0.801529049873352,0.37754955887794495
143,5615,,,1.0969184637069702,0.49928125739097595,,
144,5654,,,,,0.7783688306808472,0.3777363896369934
144,5654,,,1.0944653749465942,0.48343315720558167,,
145,5693,,,,,0.790010929107666,0.3791845440864563
145,5693,,,1.1298904418945312,0.5130584836006165,,
146,5732,,,,,0.7547053694725037,0.3784162402153015
146,5732,,,1.0545330047607422,0.5285854935646057,,
147,5771,,,,,0.8034892678260803,0.3789639174938202
147,5771,,,1.0785342454910278,0.50811368227005,,
148,5810,,,,,0.8473315238952637,0.37933149933815
148,5810,,,1.087829828262329,0.5075929164886475,,
149,5849,,,,,0.7846276164054871,0.3795255124568939
149,5849,,,1.135664939880371,0.4838559925556183,,
150,5888,,,,,0.7903027534484863,0.3807096481323242
150,5888,,,1.0883984565734863,0.507163405418396,,
151,5927,,,,,0.7666731476783752,0.3808961510658264
151,5927,,,1.1086984872817993,0.4795365035533905,,
152,5966,,,,,0.8285321593284607,0.3831186890602112
152,5966,,,1.0843056440353394,0.5048273801803589,,
153,6005,,,,,0.7796480059623718,0.38163939118385315
153,6005,,,1.0850098133087158,0.4980745017528534,,
154,6044,,,,,0.8240945935249329,0.3817077577114105
154,6044,,,1.0971988439559937,0.5321255922317505,,
155,6083,,,,,0.7918183207511902,0.3808056712150574
155,6083,,,1.0709130764007568,0.5142977833747864,,
156,6122,,,,,0.7919430136680603,0.3804459273815155
156,6122,,,1.0854555368423462,0.471769243478775,,
157,6161,,,,,0.804045557975769,0.3813696503639221
157,6161,,,1.1052652597427368,0.5111715197563171,,
158,6200,,,,,0.7964789867401123,0.3815895915031433
158,6200,,,1.0895928144454956,0.5063637495040894,,
159,6239,,,,,0.7732186317443848,0.38133424520492554
159,6239,,,1.0563302040100098,0.5029998421669006,,
160,6278,,,,,0.8193744421005249,0.3811020255088806
160,6278,,,1.1045061349868774,0.5127766728401184,,
161,6317,,,,,0.7952594757080078,0.3814685642719269
161,6317,,,1.0658204555511475,0.49765098094940186,,
162,6356,,,,,0.774045467376709,0.3809824287891388
162,6356,,,1.1158063411712646,0.5051698088645935,,
163,6395,,,,,0.7856714129447937,0.3812454640865326
163,6395,,,1.1094555854797363,0.4889976382255554,,
164,6434,,,,,0.7996333837509155,0.3801049590110779
164,6434,,,1.0453875064849854,0.5072540640830994,,
165,6473,,,,,0.7744100689888,0.3794221580028534
165,6473,,,1.0915321111679077,0.5183654427528381,,
166,6512,,,,,0.7917650938034058,0.3799205422401428
166,6512,,,1.0800811052322388,0.5146319270133972,,
167,6551,,,,,0.7813675403594971,0.37892934679985046
167,6551,,,1.0774869918823242,0.5226507782936096,,
168,6590,,,,,0.7989757657051086,0.38034966588020325
168,6590,,,1.0579324960708618,0.5261759161949158,,
169,6629,,,,,0.7972755432128906,0.38010451197624207
169,6629,,,1.0789296627044678,0.5069954991340637,,
170,6668,,,,,0.760859489440918,0.3804527521133423
170,6668,,,1.1036525964736938,0.473001092672348,,
171,6707,,,,,0.8039703965187073,0.38061970472335815
171,6707,,,1.0855274200439453,0.5047985911369324,,
172,6746,,,,,0.7768203020095825,0.3792126774787903
172,6746,,,1.0647220611572266,0.4990432560443878,,
173,6785,,,,,0.7846704125404358,0.3796798586845398
173,6785,,,1.0949026346206665,0.49252626299858093,,
174,6824,,,,,0.777445375919342,0.37868306040763855
174,6824,,,1.1042717695236206,0.5104832053184509,,
175,6863,,,,,0.795051634311676,0.3785462975502014
175,6863,,,1.0818525552749634,0.49020934104919434,,
176,6902,,,,,0.7669758796691895,0.37850672006607056
176,6902,,,1.0929983854293823,0.4973309338092804,,
177,6941,,,,,0.7959446907043457,0.37851765751838684
177,6941,,,1.0720545053482056,0.5339571833610535,,
178,6980,,,,,0.8019159436225891,0.3783366084098816
178,6980,,,1.0870431661605835,0.4998176395893097,,
179,7019,,,,,0.7914265394210815,0.37753552198410034
179,7019,,,1.0975600481033325,0.5067682266235352,,
180,7058,,,,,0.7815653681755066,0.37767791748046875
180,7058,,,1.04093599319458,0.5179308652877808,,
181,7097,,,,,0.8082535862922668,0.3783475160598755
181,7097,,,1.07428777217865,0.526732325553894,,
182,7136,,,,,0.7737674713134766,0.3788539171218872
182,7136,,,1.0774871110916138,0.4922119975090027,,
183,7175,,,,,0.8071290254592896,0.38024216890335083
183,7175,,,1.0903481245040894,0.5210844278335571,,
184,7214,,,,,0.7801665663719177,0.3801870346069336
184,7214,,,1.1083394289016724,0.5090126395225525,,
185,7253,,,,,0.7950177788734436,0.3809039294719696
185,7253,,,1.1195988655090332,0.5047752261161804,,
186,7292,,,,,0.8046292066574097,0.3826884925365448
186,7292,,,1.1167137622833252,0.5069810152053833,,
187,7331,,,,,0.7936390042304993,0.3831264078617096
187,7331,,,1.082379698753357,0.5085923671722412,,
188,7370,,,,,0.8127670288085938,0.38365015387535095
188,7370,,,1.1167185306549072,0.5206842422485352,,
189,7409,,,,,0.7981603741645813,0.3841090798377991
189,7409,,,1.110971450805664,0.4732479751110077,,
190,7448,,,,,0.8141074180603027,0.38399168848991394
190,7448,,,1.0793243646621704,0.5325020551681519,,
191,7487,,,,,0.7895845174789429,0.38320910930633545
191,7487,,,1.1125643253326416,0.49884238839149475,,
192,7526,,,,,0.7693070769309998,0.38410064578056335
192,7526,,,1.0791888236999512,0.48444604873657227,,
193,7565,,,,,0.7979692816734314,0.38371819257736206
193,7565,,,1.0582983493804932,0.5106390714645386,,
194,7604,,,,,0.7970524430274963,0.38334593176841736
194,7604,,,1.1025431156158447,0.5139172077178955,,
195,7643,,,,,0.8073493838310242,0.38416793942451477
195,7643,,,1.084639549255371,0.4920039176940918,,
196,7682,,,,,0.798323929309845,0.3833681643009186
196,7682,,,1.0553840398788452,0.5040905475616455,,
197,7721,,,,,0.7859954237937927,0.38243696093559265
197,7721,,,1.1072099208831787,0.4781215488910675,,
198,7760,,,,,0.7761555314064026,0.3822706341743469
198,7760,,,1.0714490413665771,0.5148577094078064,,
199,7799,,,,,0.7990947961807251,0.38413724303245544
199,7799,,,1.0859053134918213,0.500675618648529,,
200,7838,,,,,0.8139554262161255,0.3858320713043213
200,7838,,,1.091666579246521,0.5174176096916199,,
201,7877,,,,,0.790424108505249,0.3845680058002472
201,7877,,,1.0760473012924194,0.5040758848190308,,
202,7916,,,,,0.7718127369880676,0.3838823139667511
202,7916,,,1.093982458114624,0.4910975694656372,,
203,7955,,,,,0.7946882843971252,0.3846581280231476
203,7955,,,1.0863662958145142,0.508369505405426,,
204,7994,,,,,0.7677170038223267,0.38347139954566956
204,7994,,,1.0803786516189575,0.5090881586074829,,
205,8033,,,,,0.8018164038658142,0.383958637714386
205,8033,,,1.0732728242874146,0.5170331001281738,,
206,8072,,,,,0.7790884971618652,0.3842192590236664
206,8072,,,1.112870216369629,0.4817606210708618,,
207,8111,,,,,0.7708993554115295,0.38342925906181335
207,8111,,,1.0619992017745972,0.524581789970398,,
208,8150,,,,,0.7832651138305664,0.38437896966934204
208,8150,,,1.0542831420898438,0.5016531348228455,,
209,8189,,,,,0.7889339923858643,0.3833746910095215
209,8189,,,1.0754151344299316,0.5097641348838806,,
210,8228,,,,,0.8028799295425415,0.3837098181247711
210,8228,,,1.0933763980865479,0.4645848274230957,,
211,8267,,,,,0.7769448757171631,0.38396331667900085
211,8267,,,1.081872582435608,0.4822106957435608,,
212,8306,,,,,0.7969917058944702,0.3846077620983124
212,8306,,,1.0780583620071411,0.5372691750526428,,
213,8345,,,,,0.8071104288101196,0.38474375009536743
213,8345,,,1.0578588247299194,0.4989057183265686,,
214,8384,,,,,0.7888563275337219,0.3845732510089874
214,8384,,,1.0608755350112915,0.49792173504829407,,
215,8423,,,,,0.7782055139541626,0.3830168545246124
215,8423,,,1.0747690200805664,0.5149132013320923,,
216,8462,,,,,0.7674720883369446,0.38217294216156006
216,8462,,,1.0829671621322632,0.4954105317592621,,
217,8501,,,,,0.7849239706993103,0.3816535174846649
217,8501,,,1.0707112550735474,0.4994190037250519,,
218,8540,,,,,0.7851831912994385,0.3807479739189148
218,8540,,,1.0690877437591553,0.5186944007873535,,
219,8579,,,,,0.7894707918167114,0.3809656798839569
219,8579,,,1.0787378549575806,0.5006781220436096,,
220,8618,,,,,0.7745968103408813,0.3807945251464844
220,8618,,,1.0582785606384277,0.5135384798049927,,
221,8657,,,,,0.7972365617752075,0.380879282951355
221,8657,,,1.129709005355835,0.5092766284942627,,
222,8696,,,,,0.7725589871406555,0.3813203275203705
222,8696,,,1.0677756071090698,0.4889459013938904,,
223,8735,,,,,0.8006857633590698,0.3822844624519348
223,8735,,,1.0675973892211914,0.506514847278595,,
224,8774,,,,,0.7771395444869995,0.38288614153862
224,8774,,,1.0935862064361572,0.5043141841888428,,
225,8813,,,,,0.767158031463623,0.38173678517341614
225,8813,,,1.0706602334976196,0.5090828537940979,,
226,8852,,,,,0.7771605253219604,0.382641077041626
226,8852,,,1.0833745002746582,0.5034034252166748,,
227,8891,,,,,0.7789583206176758,0.38264045119285583
227,8891,,,1.0666568279266357,0.48886358737945557,,
228,8930,,,,,0.7721654176712036,0.38286054134368896
228,8930,,,1.0644735097885132,0.49596038460731506,,
229,8969,,,,,0.784238338470459,0.3823692798614502
229,8969,,,1.0908782482147217,0.49719154834747314,,
230,9008,,,,,0.764972448348999,0.38242945075035095
230,9008,,,1.037891149520874,0.5012006163597107,,
231,9047,,,,,0.8030388951301575,0.3831051290035248
231,9047,,,1.065058708190918,0.5178777575492859,,
232,9086,,,,,0.8149901628494263,0.38459956645965576
232,9086,,,1.083009123802185,0.5111502408981323,,
233,9125,,,,,0.7891376614570618,0.3842686712741852
233,9125,,,1.0753775835037231,0.5334840416908264,,
234,9164,,,,,0.7734060287475586,0.38243231177330017
234,9164,,,1.0776463747024536,0.49708127975463867,,
235,9203,,,,,0.8037736415863037,0.3835565447807312
235,9203,,,1.0486949682235718,0.5306261777877808,,
236,9242,,,,,0.7951689958572388,0.38311895728111267
236,9242,,,1.0936554670333862,0.4864596426486969,,
237,9281,,,,,0.796026349067688,0.3827701210975647
237,9281,,,1.0804909467697144,0.5242345333099365,,
238,9320,,,,,0.7994357347488403,0.3835562765598297
238,9320,,,1.055367350578308,0.5255069136619568,,
239,9359,,,,,0.7844235301017761,0.38434192538261414
239,9359,,,1.0890965461730957,0.49796807765960693,,
240,9398,,,,,0.8004651069641113,0.38446784019470215
240,9398,,,1.0843247175216675,0.5212817788124084,,
241,9437,,,,,0.7899459004402161,0.3839489221572876
241,9437,,,1.1155669689178467,0.48700812458992004,,
242,9476,,,,,0.77265864610672,0.38391661643981934
242,9476,,,1.0617109537124634,0.49656617641448975,,
243,9515,,,,,0.7971318960189819,0.3844146430492401
243,9515,,,1.089943289756775,0.49992018938064575,,
244,9554,,,,,0.8093770146369934,0.38440048694610596
244,9554,,,1.085174322128296,0.524398148059845,,
245,9593,,,,,0.8096599578857422,0.38371822237968445
245,9593,,,1.0540164709091187,0.5199300050735474,,
246,9632,,,,,0.7961674928665161,0.38364893198013306
246,9632,,,1.1322520971298218,0.4857341945171356,,
247,9671,,,,,0.7871835827827454,0.3830365836620331
247,9671,,,1.073274850845337,0.481853187084198,,
248,9710,,,,,0.804780125617981,0.38392964005470276
248,9710,,,1.0574408769607544,0.5374708771705627,,
249,9749,,,,,0.8091984391212463,0.38323938846588135
249,9749,,,1.0757601261138916,0.5035806894302368,,
250,9788,,,,,0.7953523397445679,0.382261723279953
250,9788,,,1.099456548690796,0.4922886788845062,,
251,9827,,,,,0.7889741659164429,0.38176441192626953
251,9827,,,1.0796111822128296,0.5060900449752808,,
252,9866,,,,,0.7950422763824463,0.38123634457588196
252,9866,,,1.0385243892669678,0.513127326965332,,
253,9905,,,,,0.7942678332328796,0.38102710247039795
253,9905,,,1.0649783611297607,0.5185753107070923,,
254,9944,,,,,0.7796820402145386,0.38013121485710144
254,9944,,,1.051348328590393,0.5028875470161438,,
255,9983,,,,,0.8176517486572266,0.38130587339401245
255,9983,,,1.075458288192749,0.50541752576828,,
256,10022,,,,,0.8279283046722412,0.38200652599334717
256,10022,,,1.0940735340118408,0.5282323956489563,,
257,10061,,,,,0.8091704249382019,0.3812836706638336
257,10061,,,1.1177277565002441,0.5078336000442505,,
258,10100,,,,,0.8177298307418823,0.381978303194046
258,10100,,,1.0531835556030273,0.5116869807243347,,
259,10139,,,,,0.8008248209953308,0.3826873004436493
259,10139,,,1.0974581241607666,0.5368066430091858,,
260,10178,,,,,0.7904790639877319,0.3823694884777069
260,10178,,,1.066874623298645,0.5096717476844788,,
261,10217,,,,,0.7924734354019165,0.3830942213535309
261,10217,,,1.0979366302490234,0.4868033826351166,,
262,10256,,,,,0.7856960892677307,0.38255634903907776
262,10256,,,1.077496886253357,0.5123851299285889,,
263,10295,,,,,0.7796011567115784,0.38201624155044556
263,10295,,,1.058349847793579,0.5386634469032288,,
264,10334,,,,,0.805162250995636,0.3816440999507904
264,10334,,,1.0809427499771118,0.5089800953865051,,
265,10373,,,,,0.7868959903717041,0.38162654638290405
265,10373,,,1.0753339529037476,0.5372459292411804,,
266,10412,,,,,0.7872246503829956,0.38155117630958557
266,10412,,,1.0756231546401978,0.506257176399231,,
267,10451,,,,,0.7794996500015259,0.38120612502098083
267,10451,,,1.0561286211013794,0.5323473811149597,,
268,10490,,,,,0.7797695994377136,0.3805494010448456
268,10490,,,1.0596070289611816,0.5021485090255737,,
269,10529,,,,,0.7935215830802917,0.3807031512260437
269,10529,,,1.0629440546035767,0.5256384015083313,,
270,10568,,,,,0.8045157194137573,0.3813832700252533
270,10568,,,1.0813156366348267,0.49557024240493774,,
271,10607,,,,,0.7935429215431213,0.3813225328922272
271,10607,,,1.0684611797332764,0.5061134099960327,,
272,10646,,,,,0.7952730655670166,0.38100889325141907
272,10646,,,1.0714380741119385,0.5229434967041016,,
273,10685,,,,,0.7923398017883301,0.3800455927848816
273,10685,,,1.062760353088379,0.4839228093624115,,
274,10724,,,,,0.7944115400314331,0.3800811767578125
274,10724,,,1.0917569398880005,0.5167134404182434,,
275,10763,,,,,0.8142840266227722,0.3796558082103729
275,10763,,,1.0647861957550049,0.5035524368286133,,
276,10802,,,,,0.8227669596672058,0.3801285922527313
276,10802,,,1.054967999458313,0.5319133400917053,,
277,10841,,,,,0.8182682394981384,0.38128897547721863
277,10841,,,1.0641388893127441,0.5190033912658691,,
278,10880,,,,,0.7873708605766296,0.3815799653530121
278,10880,,,1.0950148105621338,0.4995270371437073,,
279,10919,,,,,0.8128248453140259,0.3826183080673218
279,10919,,,1.067403793334961,0.5042515993118286,,
280,10958,,,,,0.7777388691902161,0.3814130127429962
280,10958,,,1.103703260421753,0.48499688506126404,,
281,10997,,,,,0.8120486736297607,0.3819543719291687
281,10997,,,1.055174469947815,0.5413413643836975,,
282,11036,,,,,0.793192982673645,0.3816664218902588
282,11036,,,1.0626627206802368,0.5098159909248352,,
283,11075,,,,,0.8034521341323853,0.38195741176605225
283,11075,,,1.0519318580627441,0.5049466490745544,,
284,11114,,,,,0.8119915127754211,0.3817048668861389
284,11114,,,1.0686193704605103,0.5362262725830078,,
285,11153,,,,,0.8131908178329468,0.38123464584350586
285,11153,,,1.0692774057388306,0.49128425121307373,,
286,11192,,,,,0.7946004867553711,0.3797664940357208
286,11192,,,1.0639761686325073,0.5395364165306091,,
287,11231,,,,,0.7949190735816956,0.3791631758213043
287,11231,,,1.1194689273834229,0.48961082100868225,,
288,11270,,,,,0.8094267249107361,0.3793003261089325
288,11270,,,1.089744210243225,0.5117221474647522,,
289,11309,,,,,0.8030596375465393,0.3779468834400177
289,11309,,,1.0564435720443726,0.4865991175174713,,
290,11348,,,,,0.8074999451637268,0.3784183859825134
290,11348,,,1.0727592706680298,0.5235381126403809,,
291,11387,,,,,0.7984105348587036,0.37914735078811646
291,11387,,,1.052103042602539,0.5162640810012817,,
292,11426,,,,,0.8021918535232544,0.3800068795681
292,11426,,,1.0944570302963257,0.48697465658187866,,
293,11465,,,,,0.8068251013755798,0.3804968297481537
293,11465,,,1.065795660018921,0.518553614616394,,
294,11504,,,,,0.7854979038238525,0.3798011839389801
294,11504,,,1.0440497398376465,0.4988305866718292,,
295,11543,,,,,0.7872938513755798,0.38012775778770447
295,11543,,,1.071710467338562,0.49753427505493164,,
296,11582,,,,,0.781426191329956,0.3798604905605316
296,11582,,,1.0650113821029663,0.544431746006012,,
297,11621,,,,,0.8034178018569946,0.3810422122478485
297,11621,,,1.0629853010177612,0.5442492961883545,,
298,11660,,,,,0.8517151474952698,0.38178902864456177
298,11660,,,1.075423002243042,0.5136839747428894,,
299,11699,,,,,0.7873827815055847,0.3804847002029419
299,11699,,,1.0928374528884888,0.5075634717941284,,
300,11738,,,,,0.8081554174423218,0.3820771276950836
300,11738,,,1.0723944902420044,0.5280165076255798,,
301,11777,,,,,0.7998256087303162,0.3815087080001831
301,11777,,,1.1009572744369507,0.49030250310897827,,
302,11816,,,,,0.7960637807846069,0.38166677951812744
302,11816,,,1.0784807205200195,0.5121787786483765,,
303,11855,,,,,0.8040260076522827,0.38043344020843506
303,11855,,,1.0670969486236572,0.534787118434906,,
304,11894,,,,,0.81778484582901,0.37964171171188354
304,11894,,,1.073824405670166,0.5169582366943359,,
305,11933,,,,,0.7974073886871338,0.37945497035980225
305,11933,,,1.0806554555892944,0.5344980955123901,,
306,11972,,,,,0.7877725958824158,0.3786636292934418
306,11972,,,1.061481237411499,0.5216363072395325,,
307,12011,,,,,0.806263267993927,0.3788323700428009
307,12011,,,1.0717880725860596,0.5383316278457642,,
308,12050,,,,,0.8034924268722534,0.378290593624115
308,12050,,,1.0699865818023682,0.5091984868049622,,
309,12089,,,,,0.8115090727806091,0.37922289967536926
309,12089,,,1.0712082386016846,0.5271708369255066,,
310,12128,,,,,0.8186904191970825,0.37916436791419983
310,12128,,,1.043745517730713,0.5476911664009094,,
311,12167,,,,,0.7962329387664795,0.37837114930152893
311,12167,,,1.0197110176086426,0.5139909386634827,,
312,12206,,,,,0.8021259903907776,0.3781813383102417
312,12206,,,1.0510414838790894,0.530401885509491,,
313,12245,,,,,0.7772743105888367,0.3771984577178955
313,12245,,,1.0644851922988892,0.5314809083938599,,
314,12284,,,,,0.8154951333999634,0.3782855272293091
314,12284,,,1.0998059511184692,0.5355796217918396,,
315,12323,,,,,0.7967185974121094,0.37749963998794556
315,12323,,,1.031081199645996,0.509339451789856,,
316,12362,,,,,0.8026368618011475,0.378766804933548
316,12362,,,1.080326795578003,0.5295005440711975,,
317,12401,,,,,0.8057616949081421,0.3788861334323883
317,12401,,,1.0459963083267212,0.5447217226028442,,
318,12440,,,,,0.8085812926292419,0.37974852323532104
318,12440,,,1.036612868309021,0.5291368365287781,,
319,12479,,,,,0.8072647452354431,0.3804762065410614
319,12479,,,1.0585137605667114,0.5063992142677307,,
320,12518,,,,,0.7942332625389099,0.37933284044265747
320,12518,,,1.0528082847595215,0.5329993367195129,,
321,12557,,,,,0.7920380234718323,0.3802696168422699
321,12557,,,1.0585763454437256,0.5388330221176147,,
322,12596,,,,,0.798690676689148,0.3803722858428955
322,12596,,,1.0572103261947632,0.5418586730957031,,
323,12635,,,,,0.7915719747543335,0.3793041408061981
323,12635,,,1.0463619232177734,0.5414411425590515,,
324,12674,,,,,0.7837771773338318,0.3795439600944519
324,12674,,,1.074945330619812,0.5353735685348511,,
325,12713,,,,,0.8027555346488953,0.38145092129707336
325,12713,,,1.0545705556869507,0.5299108028411865,,
326,12752,,,,,0.7742670178413391,0.3820483088493347
326,12752,,,1.0659282207489014,0.5221864581108093,,
327,12791,,,,,0.7789321541786194,0.3809930384159088
327,12791,,,1.0623902082443237,0.4905552864074707,,
328,12830,,,,,0.7745939493179321,0.3808288276195526
328,12830,,,1.0434207916259766,0.5329813361167908,,
329,12869,,,,,0.8116639256477356,0.3815903961658478
329,12869,,,1.0494191646575928,0.5404351353645325,,
330,12908,,,,,0.7822331190109253,0.3808166980743408
330,12908,,,1.0778685808181763,0.4978301227092743,,
331,12947,,,,,0.7892764806747437,0.38067305088043213
331,12947,,,1.017918348312378,0.549734890460968,,
332,12986,,,,,0.8008643388748169,0.38116684556007385
332,12986,,,1.0436400175094604,0.60335773229599,,
333,13025,,,,,0.7780579328536987,0.3804859220981598
333,13025,,,1.08995521068573,0.5563938617706299,,
334,13064,,,,,0.781427800655365,0.3812425434589386
334,13064,,,1.0616037845611572,0.5176025032997131,,
335,13103,,,,,0.7859229445457458,0.38261711597442627
335,13103,,,1.0395935773849487,0.5251505374908447,,
336,13142,,,,,0.7832012176513672,0.38219138979911804
336,13142,,,1.044132113456726,0.5235961675643921,,
337,13181,,,,,0.7841712236404419,0.38307374715805054
337,13181,,,1.0449597835540771,0.5165747404098511,,
338,13220,,,,,0.7958688139915466,0.38201385736465454
338,13220,,,1.0823396444320679,0.5220938920974731,,
339,13259,,,,,0.7726260423660278,0.3792489767074585
339,13259,,,1.034950852394104,0.5153616070747375,,
340,13298,,,,,0.7816290855407715,0.3793277442455292
340,13298,,,1.05434250831604,0.5247065424919128,,
341,13337,,,,,0.7832298874855042,0.3794350326061249
341,13337,,,1.083656668663025,0.5235111713409424,,
342,13376,,,,,0.786558985710144,0.3790909945964813
342,13376,,,1.0180405378341675,0.5365726947784424,,
343,13415,,,,,0.807948648929596,0.3792737126350403
343,13415,,,1.079043984413147,0.5266424417495728,,
344,13454,,,,,0.8008975982666016,0.37843751907348633
344,13454,,,1.030230164527893,0.5462813377380371,,
345,13493,,,,,0.8071823120117188,0.3784610331058502
345,13493,,,1.0497347116470337,0.5422174334526062,,
346,13532,,,,,0.800114095211029,0.37779700756073
346,13532,,,1.0375512838363647,0.5394704937934875,,
347,13571,,,,,0.7960246801376343,0.3789896070957184
347,13571,,,1.0642375946044922,0.5414428114891052,,
348,13610,,,,,0.7868677377700806,0.37885409593582153
348,13610,,,1.0826820135116577,0.5230619311332703,,
349,13649,,,,,0.7911311388015747,0.3785768747329712
349,13649,,,1.0415583848953247,0.5561742782592773,,
350,13688,,,,,0.7938461899757385,0.3793019950389862
350,13688,,,1.0524349212646484,0.5470976233482361,,
351,13727,,,,,0.7946632504463196,0.37832096219062805
351,13727,,,1.0621914863586426,0.5387994647026062,,
352,13766,,,,,0.8076061606407166,0.37817007303237915
352,13766,,,1.0651330947875977,0.5459641218185425,,
353,13805,,,,,0.8054912686347961,0.3787471055984497
353,13805,,,1.0562516450881958,0.5284326672554016,,
354,13844,,,,,0.8013131022453308,0.3789483904838562
354,13844,,,1.0387294292449951,0.5657705068588257,,
355,13883,,,,,0.7880694270133972,0.378815621137619
355,13883,,,1.0541253089904785,0.5405135750770569,,
356,13922,,,,,0.8108813166618347,0.38076961040496826
356,13922,,,1.0547561645507812,0.539563000202179,,
357,13961,,,,,0.7820357084274292,0.379733681678772
357,13961,,,1.0138884782791138,0.5474554896354675,,
358,14000,,,,,0.816192626953125,0.37960827350616455
358,14000,,,1.0396584272384644,0.5703243613243103,,
359,14039,,,,,0.7876533269882202,0.37763655185699463
359,14039,,,1.0557504892349243,0.5298131108283997,,
360,14078,,,,,0.802333414554596,0.37812304496765137
360,14078,,,1.0487819910049438,0.5718899369239807,,
361,14117,,,,,0.8054182529449463,0.3785029947757721
361,14117,,,1.015859842300415,0.549286961555481,,
362,14156,,,,,0.8141859173774719,0.37847650051116943
362,14156,,,1.0676910877227783,0.5077612996101379,,
363,14195,,,,,0.7830172777175903,0.37670034170150757
363,14195,,,1.02892005443573,0.5612118244171143,,
364,14234,,,,,0.7908768057823181,0.3771127164363861
364,14234,,,1.0365718603134155,0.532983124256134,,
365,14273,,,,,0.7835009098052979,0.376564085483551
365,14273,,,1.0531421899795532,0.5144773721694946,,
366,14312,,,,,0.7927510738372803,0.37665316462516785
366,14312,,,1.0391119718551636,0.5673530101776123,,
367,14351,,,,,0.8119379878044128,0.37669143080711365
367,14351,,,1.0437968969345093,0.5384005308151245,,
368,14390,,,,,0.787767231464386,0.3746737837791443
368,14390,,,1.0438991785049438,0.5266346335411072,,
369,14429,,,,,0.7796915173530579,0.37387725710868835
369,14429,,,1.0709246397018433,0.5302899479866028,,
370,14468,,,,,0.818256139755249,0.3762798607349396
370,14468,,,1.0411924123764038,0.542896568775177,,
371,14507,,,,,0.8152384161949158,0.3754520118236542
371,14507,,,1.06053626537323,0.5594832301139832,,
372,14546,,,,,0.8346191644668579,0.37602853775024414
372,14546,,,1.0341733694076538,0.5601985454559326,,
373,14585,,,,,0.807890772819519,0.37613168358802795
373,14585,,,1.029765248298645,0.5464203357696533,,
374,14624,,,,,0.7963204979896545,0.3741162121295929
374,14624,,,1.0627315044403076,0.5249752402305603,,
375,14663,,,,,0.825130045413971,0.3736225366592407
375,14663,,,1.0157805681228638,0.5584805011749268,,
376,14702,,,,,0.8084895014762878,0.3727674186229706
376,14702,,,1.035467505455017,0.5578132271766663,,
377,14741,,,,,0.7960337996482849,0.37267836928367615
377,14741,,,1.06806480884552,0.5253158211708069,,
378,14780,,,,,0.8187873363494873,0.37356045842170715
378,14780,,,1.0095452070236206,0.5639341473579407,,
379,14819,,,,,0.7942442893981934,0.37357109785079956
379,14819,,,1.045244812965393,0.522864580154419,,
380,14858,,,,,0.7712649703025818,0.37232857942581177
380,14858,,,1.028398871421814,0.5541142225265503,,
381,14897,,,,,0.7955794930458069,0.3729342818260193
381,14897,,,1.0333025455474854,0.5731869339942932,,
382,14936,,,,,0.8121554255485535,0.37335503101348877
382,14936,,,1.0449657440185547,0.5260146260261536,,
383,14975,,,,,0.8134807348251343,0.3735356628894806
383,14975,,,1.0372943878173828,0.5381477475166321,,
384,15014,,,,,0.8134311437606812,0.37292754650115967
384,15014,,,1.047746181488037,0.5488104820251465,,
385,15053,,,,,0.80281001329422,0.37234053015708923
385,15053,,,1.014270544052124,0.557371199131012,,
386,15092,,,,,0.8135632276535034,0.3735414445400238
386,15092,,,1.0673362016677856,0.5483736991882324,,
387,15131,,,,,0.7925806045532227,0.37291648983955383
387,15131,,,1.0254713296890259,0.554804801940918,,
388,15170,,,,,0.7972228527069092,0.3729217052459717
388,15170,,,1.0545481443405151,0.5300469994544983,,
389,15209,,,,,0.8169549107551575,0.37282130122184753
389,15209,,,1.0425031185150146,0.5603298544883728,,
390,15248,,,,,0.7903587222099304,0.37044137716293335
390,15248,,,1.024287223815918,0.5763049125671387,,
391,15287,,,,,0.8117887377738953,0.3708920478820801
391,15287,,,1.0187766551971436,0.5490975975990295,,
392,15326,,,,,0.8259265422821045,0.37078946828842163
392,15326,,,1.0202142000198364,0.556177020072937,,
393,15365,,,,,0.8056091070175171,0.3693739175796509
393,15365,,,1.0540239810943604,0.5640345811843872,,
394,15404,,,,,0.8019430041313171,0.36984288692474365
394,15404,,,1.014565348625183,0.5597388744354248,,
395,15443,,,,,0.7890646457672119,0.3680546283721924
395,15443,,,1.020869493484497,0.5622583627700806,,
396,15482,,,,,0.7877755761146545,0.36673736572265625
396,15482,,,1.0411310195922852,0.5490121245384216,,
397,15521,,,,,0.8082454800605774,0.367165744304657
397,15521,,,1.0564827919006348,0.5504982471466064,,
398,15560,,,,,0.7784693837165833,0.3654312789440155
398,15560,,,1.03413987159729,0.5266111493110657,,
399,15599,,,,,0.7933550477027893,0.3657000958919525
399,15599,,,1.0086907148361206,0.5810788869857788,,
400,15638,,,,,0.8124710321426392,0.3651946783065796
400,15638,,,1.0432285070419312,0.5440616011619568,,
401,15677,,,,,0.7996231317520142,0.36576205492019653
401,15677,,,1.0435826778411865,0.5528445839881897,,
402,15716,,,,,0.808779239654541,0.36547961831092834
402,15716,,,1.0626410245895386,0.5613594651222229,,
403,15755,,,,,0.7939432263374329,0.363702654838562
403,15755,,,1.0404328107833862,0.5524187088012695,,
404,15794,,,,,0.8031130433082581,0.36328384280204773
404,15794,,,1.0136748552322388,0.5702270269393921,,
405,15833,,,,,0.7776017785072327,0.3615274131298065
405,15833,,,0.9904873967170715,0.554381787776947,,
406,15872,,,,,0.7988791465759277,0.3617359399795532
406,15872,,,1.0473952293395996,0.5710300207138062,,
407,15911,,,,,0.8182983994483948,0.3623135983943939
407,15911,,,1.0229073762893677,0.6007038354873657,,
408,15950,,,,,0.7990334630012512,0.3599373996257782
408,15950,,,1.0384023189544678,0.5614641904830933,,
409,15989,,,,,0.7836307287216187,0.35849571228027344
409,15989,,,0.994972825050354,0.5275040864944458,,
410,16028,,,,,0.804241418838501,0.3576925992965698
410,16028,,,1.0259499549865723,0.5847664475440979,,
411,16067,,,,,0.7878267168998718,0.3560287058353424
411,16067,,,1.024605393409729,0.5520618557929993,,
412,16106,,,,,0.8062718510627747,0.35625404119491577
412,16106,,,1.0369515419006348,0.5944065451622009,,
413,16145,,,,,0.7890160083770752,0.3530102074146271
413,16145,,,1.0384979248046875,0.5526054501533508,,
414,16184,,,,,0.8171994090080261,0.35709744691848755
414,16184,,,0.9942723512649536,0.5858184695243835,,
415,16223,,,,,0.8027294278144836,0.3563691973686218
415,16223,,,1.0042082071304321,0.5490788221359253,,
416,16262,,,,,0.8063281178474426,0.3555010259151459
416,16262,,,0.9644402861595154,0.583139955997467,,
417,16301,,,,,0.8004635572433472,0.35553431510925293
417,16301,,,0.9962813258171082,0.5627073645591736,,
418,16340,,,,,0.7929056882858276,0.35430002212524414
418,16340,,,1.0292720794677734,0.5731642246246338,,
419,16379,,,,,0.8336312770843506,0.35702797770500183
419,16379,,,1.0254297256469727,0.5738706588745117,,
420,16418,,,,,0.7793564200401306,0.35218724608421326
420,16418,,,1.0353537797927856,0.5566390156745911,,
421,16457,,,,,0.7803199291229248,0.35226136445999146
421,16457,,,1.0184541940689087,0.5613617300987244,,
422,16496,,,,,0.7848179936408997,0.3531349301338196
422,16496,,,1.0170824527740479,0.5752829909324646,,
423,16535,,,,,0.8112586140632629,0.35348576307296753
423,16535,,,1.053952932357788,0.5499895811080933,,
424,16574,,,,,0.7915646433830261,0.35153064131736755
424,16574,,,1.0162433385849,0.5745030045509338,,
425,16613,,,,,0.8051873445510864,0.3522827625274658
425,16613,,,1.0056430101394653,0.5927211046218872,,
426,16652,,,,,0.8003439903259277,0.3518584668636322
426,16652,,,1.000292420387268,0.5782928466796875,,
427,16691,,,,,0.7927479147911072,0.3523525893688202
427,16691,,,1.0218874216079712,0.5648165345191956,,
428,16730,,,,,0.8034980893135071,0.3539445400238037
428,16730,,,0.988049328327179,0.5758917331695557,,
429,16769,,,,,0.8067835569381714,0.3553721010684967
429,16769,,,1.0028102397918701,0.5876582264900208,,
430,16808,,,,,0.7853531837463379,0.35301661491394043
430,16808,,,1.004946231842041,0.5344520807266235,,
431,16847,,,,,0.8175923824310303,0.35570862889289856
431,16847,,,1.0373860597610474,0.5577811002731323,,
432,16886,,,,,0.8123387694358826,0.3548610806465149
432,16886,,,1.0155829191207886,0.5501629710197449,,
433,16925,,,,,0.8419831991195679,0.3567751944065094
433,16925,,,1.0082952976226807,0.5838899612426758,,
434,16964,,,,,0.8031392693519592,0.3548222780227661
434,16964,,,0.9842251539230347,0.596952497959137,,
435,17003,,,,,0.8010997176170349,0.35480421781539917
435,17003,,,1.040926456451416,0.5598645806312561,,
436,17042,,,,,0.7825308442115784,0.3527098298072815
436,17042,,,0.9909617304801941,0.5686780214309692,,
437,17081,,,,,0.80241858959198,0.35411328077316284
437,17081,,,1.0036438703536987,0.5977816581726074,,
438,17120,,,,,0.7989752888679504,0.35167908668518066
438,17120,,,1.0325767993927002,0.5762730836868286,,
439,17159,,,,,0.7993758916854858,0.35261180996894836
439,17159,,,1.0074198246002197,0.55826336145401,,
440,17198,,,,,0.7985362410545349,0.3525594174861908
440,17198,,,1.0071165561676025,0.5707002878189087,,
441,17237,,,,,0.7902912497520447,0.3526749312877655
441,17237,,,0.9742519855499268,0.5898800492286682,,
442,17276,,,,,0.8029426336288452,0.35311073064804077
442,17276,,,1.015221357345581,0.5728145241737366,,
443,17315,,,,,0.7942827343940735,0.3537669777870178
443,17315,,,1.0427956581115723,0.5306044220924377,,
444,17354,,,,,0.7809258103370667,0.35019972920417786
444,17354,,,0.9937053322792053,0.5465165972709656,,
445,17393,,,,,0.8024813532829285,0.35344743728637695
445,17393,,,1.0162841081619263,0.5617167353630066,,
446,17432,,,,,0.7937150001525879,0.35144636034965515
446,17432,,,1.0079647302627563,0.6122322082519531,,
447,17471,,,,,0.7876599431037903,0.34981194138526917
447,17471,,,1.013548493385315,0.5814114809036255,,
448,17510,,,,,0.816173791885376,0.35349926352500916
448,17510,,,0.9857632517814636,0.5876239538192749,,
449,17549,,,,,0.8103039860725403,0.3542768359184265
449,17549,,,1.0477547645568848,0.5747575759887695,,
450,17588,,,,,0.8089165091514587,0.35454052686691284
450,17588,,,0.9997161626815796,0.5845396518707275,,
451,17627,,,,,0.7953845858573914,0.3538050651550293
451,17627,,,1.023983359336853,0.5910342335700989,,
452,17666,,,,,0.7788820862770081,0.3514173626899719
452,17666,,,1.0155808925628662,0.5460727214813232,,
453,17705,,,,,0.790228545665741,0.3505800664424896
453,17705,,,1.0211254358291626,0.5925021171569824,,
454,17744,,,,,0.806402862071991,0.3491383492946625
454,17744,,,0.9973856806755066,0.5789911150932312,,
455,17783,,,,,0.7964527010917664,0.34709951281547546
455,17783,,,0.9753758311271667,0.5907527804374695,,
456,17822,,,,,0.7884929180145264,0.348009318113327
456,17822,,,0.9909701347351074,0.6074939370155334,,
457,17861,,,,,0.8035051822662354,0.347636342048645
457,17861,,,0.9922868013381958,0.5811823010444641,,
458,17900,,,,,0.7979674339294434,0.347114235162735
458,17900,,,1.0153577327728271,0.5514485836029053,,
459,17939,,,,,0.7879964113235474,0.34659698605537415
459,17939,,,1.0445857048034668,0.569644033908844,,
460,17978,,,,,0.8079408407211304,0.34836095571517944
460,17978,,,0.9650265574455261,0.565966784954071,,
461,18017,,,,,0.8146042227745056,0.34994980692863464
461,18017,,,1.0101920366287231,0.6077905893325806,,
462,18056,,,,,0.7929520010948181,0.3499603867530823
462,18056,,,1.011117935180664,0.5603949427604675,,
463,18095,,,,,0.7886382341384888,0.34917038679122925
463,18095,,,0.977128267288208,0.6037686467170715,,
464,18134,,,,,0.7942249774932861,0.3499114215373993
464,18134,,,0.9766464233398438,0.5799485445022583,,
465,18173,,,,,0.7834064364433289,0.3484729528427124
465,18173,,,1.0034809112548828,0.5512120127677917,,
466,18212,,,,,0.7996309399604797,0.3502817749977112
466,18212,,,1.0176526308059692,0.5856536030769348,,
467,18251,,,,,0.7800747752189636,0.3491021990776062
467,18251,,,1.0068118572235107,0.6190668344497681,,
468,18290,,,,,0.7834098935127258,0.34760263562202454
468,18290,,,0.9742022752761841,0.6045494675636292,,
469,18329,,,,,0.7978386282920837,0.34938955307006836
469,18329,,,0.9533287286758423,0.5983933806419373,,
470,18368,,,,,0.7960624098777771,0.3474206030368805
470,18368,,,0.9850889444351196,0.56910640001297,,
471,18407,,,,,0.7956917881965637,0.34663283824920654
471,18407,,,1.011685848236084,0.5591572523117065,,
472,18446,,,,,0.792901337146759,0.347275048494339
472,18446,,,1.0445709228515625,0.5540478229522705,,
473,18485,,,,,0.7913473844528198,0.34914860129356384
473,18485,,,0.9918768405914307,0.5617889761924744,,
474,18524,,,,,0.7861884236335754,0.34547775983810425
474,18524,,,0.9657600522041321,0.5849656462669373,,
475,18563,,,,,0.7850502133369446,0.34566062688827515
475,18563,,,0.9967482089996338,0.5938635468482971,,
476,18602,,,,,0.793239414691925,0.3462159335613251
476,18602,,,1.0159708261489868,0.5938006043434143,,
477,18641,,,,,0.7841221690177917,0.34738272428512573
477,18641,,,0.9755533933639526,0.5942257642745972,,
478,18680,,,,,0.8129836320877075,0.34839895367622375
478,18680,,,0.978072464466095,0.6062076091766357,,
479,18719,,,,,0.7887279391288757,0.34594061970710754
479,18719,,,1.0140173435211182,0.5958008766174316,,
480,18758,,,,,0.7823899984359741,0.3435344099998474
480,18758,,,0.9644763469696045,0.5975704789161682,,
481,18797,,,,,0.7884669303894043,0.3452689051628113
481,18797,,,1.0429434776306152,0.5588810443878174,,
482,18836,,,,,0.7864784002304077,0.3447943925857544
482,18836,,,1.0330450534820557,0.5594226121902466,,
483,18875,,,,,0.782078206539154,0.3424051105976105
483,18875,,,0.9909173250198364,0.5819895267486572,,
484,18914,,,,,0.7847051024436951,0.34270724654197693
484,18914,,,0.9917547702789307,0.5874958038330078,,
485,18953,,,,,0.7795712947845459,0.3437151610851288
485,18953,,,1.0255682468414307,0.5750896334648132,,
486,18992,,,,,0.7996386289596558,0.34600698947906494
486,18992,,,0.960474967956543,0.6039796471595764,,
487,19031,,,,,0.7796090841293335,0.34353363513946533
487,19031,,,1.0198501348495483,0.5623888969421387,,
488,19070,,,,,0.7760733962059021,0.3427819609642029
488,19070,,,0.9586924910545349,0.6043511033058167,,
489,19109,,,,,0.7953864336013794,0.3447467088699341
489,19109,,,1.0094655752182007,0.5959562659263611,,
490,19148,,,,,0.7794463038444519,0.34138619899749756
490,19148,,,0.9804209470748901,0.553026556968689,,
491,19187,,,,,0.7694993615150452,0.34209585189819336
491,19187,,,0.9615892171859741,0.6034100651741028,,
492,19226,,,,,0.7781480550765991,0.3417064845561981
492,19226,,,0.9961613416671753,0.6052821278572083,,
493,19265,,,,,0.7770471572875977,0.3407953381538391
493,19265,,,1.0134226083755493,0.5544494390487671,,
494,19304,,,,,0.790631890296936,0.34434494376182556
494,19304,,,0.9834375381469727,0.5976814031600952,,
495,19343,,,,,0.8006657958030701,0.344965398311615
495,19343,,,1.001625895500183,0.5996060371398926,,
496,19382,,,,,0.7856579422950745,0.341439813375473
496,19382,,,0.9932636618614197,0.5827292203903198,,
497,19421,,,,,0.8088575601577759,0.3440137505531311
497,19421,,,0.9950845241546631,0.5775630474090576,,
498,19460,,,,,0.7987029552459717,0.3454650342464447
498,19460,,,0.9976908564567566,0.6138642430305481,,
499,19499,,,,,0.7691661715507507,0.3416891098022461
499,19499,,,0.9798718690872192,0.5502786636352539,,
500,19538,,,,,0.8012759685516357,0.3455148935317993
500,19538,,,1.0024954080581665,0.5922725200653076,,
501,19577,,,,,0.773503303527832,0.3430805206298828
501,19577,,,1.0042544603347778,0.5511608123779297,,
502,19616,,,,,0.7889509201049805,0.3459004759788513
502,19616,,,1.0082846879959106,0.627622663974762,,
503,19655,,,,,0.777447521686554,0.3444195091724396
503,19655,,,0.9738806486129761,0.6075519919395447,,
504,19694,,,,,0.7998930811882019,0.3479520380496979
504,19694,,,0.9914489388465881,0.5990303158760071,,
505,19733,,,,,0.7904072403907776,0.34798356890678406
505,19733,,,1.0046961307525635,0.5750656127929688,,
506,19772,,,,,0.7847307920455933,0.3479684591293335
506,19772,,,1.0123721361160278,0.5821771025657654,,
507,19811,,,,,0.7804813981056213,0.34880009293556213
507,19811,,,0.9697301983833313,0.5679614543914795,,
508,19850,,,,,0.7817152142524719,0.34902307391166687
508,19850,,,0.9591283798217773,0.6107146143913269,,
509,19889,,,,,0.795838475227356,0.3498845100402832
509,19889,,,1.0203702449798584,0.5640529990196228,,
510,19928,,,,,0.7769975066184998,0.34806028008461
510,19928,,,0.9868245124816895,0.5532929301261902,,
511,19967,,,,,0.7839123010635376,0.34714701771736145
511,19967,,,0.9993910193443298,0.5609909296035767,,
512,20006,,,,,0.7909189462661743,0.3479139506816864
512,20006,,,0.9468454122543335,0.6252791285514832,,
513,20045,,,,,0.7931616306304932,0.3481179177761078
513,20045,,,0.9910986423492432,0.6139529943466187,,
514,20084,,,,,0.8034027814865112,0.34995076060295105
514,20084,,,0.9889958500862122,0.5844324827194214,,
515,20123,,,,,0.778389036655426,0.34550002217292786
515,20123,,,0.9741252064704895,0.5952966213226318,,
516,20162,,,,,0.7650066018104553,0.34282025694847107
516,20162,,,0.973139226436615,0.5963240265846252,,
517,20201,,,,,0.7944759130477905,0.3461630940437317
517,20201,,,1.0044931173324585,0.5785467028617859,,
518,20240,,,,,0.7868055105209351,0.34544050693511963
518,20240,,,0.9485062956809998,0.6024031639099121,,
519,20279,,,,,0.7851844429969788,0.3466970920562744
519,20279,,,1.0300837755203247,0.5541862845420837,,
520,20318,,,,,0.7918291091918945,0.3469281494617462
520,20318,,,0.9988175630569458,0.5840679407119751,,
521,20357,,,,,0.7899024486541748,0.3458901345729828
521,20357,,,0.9701991677284241,0.6212083101272583,,
522,20396,,,,,0.7699949741363525,0.3459286093711853
522,20396,,,0.9921708703041077,0.5736629962921143,,
523,20435,,,,,0.7894396185874939,0.34719908237457275
523,20435,,,0.9752556085586548,0.6105359792709351,,
524,20474,,,,,0.7829326391220093,0.3462226688861847
524,20474,,,1.0042794942855835,0.607102632522583,,
525,20513,,,,,0.7766550183296204,0.3455473482608795
525,20513,,,0.9809028506278992,0.5938519239425659,,
526,20552,,,,,0.7857964634895325,0.3451552093029022
526,20552,,,0.9247912168502808,0.6447560787200928,,
527,20591,,,,,0.7834358215332031,0.34488630294799805
527,20591,,,0.9919516444206238,0.5948920845985413,,
528,20630,,,,,0.7825522422790527,0.3457229733467102
528,20630,,,0.9528128504753113,0.6102882623672485,,
529,20669,,,,,0.7783390283584595,0.3457070291042328
529,20669,,,0.982539713382721,0.6219630241394043,,
530,20708,,,,,0.7829045057296753,0.34506693482398987
530,20708,,,0.9469792246818542,0.6257312297821045,,
531,20747,,,,,0.7885277271270752,0.34589651226997375
531,20747,,,0.9960300922393799,0.5831981301307678,,
532,20786,,,,,0.7709382772445679,0.3430047035217285
532,20786,,,0.9811617732048035,0.6112484335899353,,
533,20825,,,,,0.7829456925392151,0.34454256296157837
533,20825,,,0.9569352269172668,0.606227695941925,,
534,20864,,,,,0.7811252474784851,0.34530848264694214
534,20864,,,0.9860315322875977,0.6304009556770325,,
535,20903,,,,,0.7860998511314392,0.343425989151001
535,20903,,,0.9602798223495483,0.5859389901161194,,
536,20942,,,,,0.8039584159851074,0.3445695638656616
536,20942,,,0.9355363845825195,0.6161647439002991,,
537,20981,,,,,0.7900483012199402,0.3415684700012207
537,20981,,,0.9772442579269409,0.5888603925704956,,
538,21020,,,,,0.7970389723777771,0.34053677320480347
538,21020,,,0.9461378455162048,0.628676176071167,,
539,21059,,,,,0.7926892638206482,0.3431430459022522
539,21059,,,1.0108535289764404,0.6189820766448975,,
540,21098,,,,,0.7833487391471863,0.3440873324871063
540,21098,,,0.9641598463058472,0.621444821357727,,
541,21137,,,,,0.7715341448783875,0.3428381383419037
541,21137,,,1.0107754468917847,0.5889320969581604,,
542,21176,,,,,0.7729313969612122,0.34299319982528687
542,21176,,,0.9671734571456909,0.6086267232894897,,
543,21215,,,,,0.7755334377288818,0.3426094353199005
543,21215,,,0.9797813296318054,0.61531662940979,,
544,21254,,,,,0.7903012633323669,0.34384435415267944
544,21254,,,0.9592414498329163,0.6093773245811462,,
545,21293,,,,,0.7670834064483643,0.3417993187904358
545,21293,,,0.9817516803741455,0.59421706199646,,
546,21332,,,,,0.781791627407074,0.3418259620666504
546,21332,,,0.9669119119644165,0.5937425494194031,,
547,21371,,,,,0.798050045967102,0.34281376004219055
547,21371,,,0.9693993926048279,0.6203181147575378,,
548,21410,,,,,0.7998403310775757,0.3449903726577759
548,21410,,,0.9703531265258789,0.6310878396034241,,
549,21449,,,,,0.7791160941123962,0.34243690967559814
549,21449,,,0.9911259412765503,0.6007487177848816,,
550,21488,,,,,0.7785782217979431,0.3398144841194153
550,21488,,,1.0108283758163452,0.6092585921287537,,
551,21527,,,,,0.7826871871948242,0.340186208486557
551,21527,,,0.9680532813072205,0.6119654178619385,,
552,21566,,,,,0.7882238030433655,0.3404254913330078
552,21566,,,0.9950577020645142,0.6147333979606628,,
553,21605,,,,,0.7957273721694946,0.34246179461479187
553,21605,,,1.0020900964736938,0.5924816131591797,,
554,21644,,,,,0.7927953004837036,0.34178245067596436
554,21644,,,0.9747104048728943,0.5909152626991272,,
555,21683,,,,,0.7749149799346924,0.34074896574020386
555,21683,,,0.9465870261192322,0.6034046411514282,,
556,21722,,,,,0.7803604602813721,0.3429703712463379
556,21722,,,0.9850552082061768,0.5982738137245178,,
557,21761,,,,,0.7539686560630798,0.33966124057769775
557,21761,,,1.013945460319519,0.5754929780960083,,
558,21800,,,,,0.7746504545211792,0.34079867601394653
558,21800,,,0.9726898074150085,0.6118218898773193,,
559,21839,,,,,0.7928488850593567,0.34290504455566406
559,21839,,,0.9741654992103577,0.6044372916221619,,
560,21878,,,,,0.7854570746421814,0.3413291275501251
560,21878,,,0.9300761222839355,0.6518889665603638,,
561,21917,,,,,0.7757388949394226,0.34111976623535156
561,21917,,,0.9393922686576843,0.6166127920150757,,
562,21956,,,,,0.7851343750953674,0.3423328697681427
562,21956,,,0.9648425579071045,0.6308012008666992,,
563,21995,,,,,0.7911215424537659,0.34011518955230713
563,21995,,,0.9688860774040222,0.5897570252418518,,
564,22034,,,,,0.7779384851455688,0.3376050293445587
564,22034,,,0.9528559446334839,0.6099236011505127,,
565,22073,,,,,0.7964801788330078,0.3437359631061554
565,22073,,,0.9881753921508789,0.6050989627838135,,
566,22112,,,,,0.7892952561378479,0.34337228536605835
566,22112,,,0.9694705009460449,0.6189445853233337,,
567,22151,,,,,0.7930017113685608,0.34478870034217834
567,22151,,,0.9615403413772583,0.6410679221153259,,
568,22190,,,,,0.8007111549377441,0.347150981426239
568,22190,,,0.9500831961631775,0.6397372484207153,,
569,22229,,,,,0.7763213515281677,0.3455468416213989
569,22229,,,0.9894251823425293,0.59991854429245,,
570,22268,,,,,0.7955113053321838,0.34724316000938416
570,22268,,,0.9499624371528625,0.6175952553749084,,
571,22307,,,,,0.7830672264099121,0.3482901453971863
571,22307,,,0.9701669216156006,0.6018530130386353,,
572,22346,,,,,0.7824687957763672,0.34826040267944336
572,22346,,,0.9815739393234253,0.6107457280158997,,
573,22385,,,,,0.7969975471496582,0.3503100275993347
573,22385,,,0.9349724054336548,0.6443021893501282,,
574,22424,,,,,0.7764238715171814,0.3476638197898865
574,22424,,,0.9853398203849792,0.5746461749076843,,
575,22463,,,,,0.7672998309135437,0.3458924889564514
575,22463,,,0.9660191535949707,0.592815637588501,,
576,22502,,,,,0.7872504591941833,0.34844696521759033
576,22502,,,0.9546082615852356,0.625298023223877,,
577,22541,,,,,0.7769157290458679,0.3471263349056244
577,22541,,,0.9754145741462708,0.6276831030845642,,
578,22580,,,,,0.7893291115760803,0.3447038531303406
578,22580,,,0.9762699604034424,0.6079724431037903,,
579,22619,,,,,0.7819923162460327,0.3447250723838806
579,22619,,,0.9252254962921143,0.6387856602668762,,
580,22658,,,,,0.7849072217941284,0.34444138407707214
580,22658,,,0.9434581398963928,0.6378993988037109,,
581,22697,,,,,0.7782168984413147,0.3434722423553467
581,22697,,,0.971184253692627,0.6223258376121521,,
582,22736,,,,,0.7618486285209656,0.3433772325515747
582,22736,,,0.9549123048782349,0.6344282627105713,,
583,22775,,,,,0.7776281237602234,0.3447476327419281
583,22775,,,0.9667798280715942,0.6279953718185425,,
584,22814,,,,,0.7707457542419434,0.3447982370853424
584,22814,,,0.977645993232727,0.6088919043540955,,
585,22853,,,,,0.7801782488822937,0.3454476296901703
585,22853,,,0.9562077522277832,0.6052268743515015,,
586,22892,,,,,0.7689688205718994,0.344419926404953
586,22892,,,0.9310505986213684,0.6067924499511719,,
587,22931,,,,,0.7963401675224304,0.3483726680278778
587,22931,,,0.9749685525894165,0.6142610311508179,,
588,22970,,,,,0.7837291359901428,0.3474547863006592
588,22970,,,0.9520667791366577,0.6211276054382324,,
589,23009,,,,,0.7709061503410339,0.3426831066608429
589,23009,,,0.9540360569953918,0.6158635020256042,,
590,23048,,,,,0.7639685869216919,0.34219062328338623
590,23048,,,0.9649800062179565,0.6175915598869324,,
591,23087,,,,,0.7700679898262024,0.3430475890636444
591,23087,,,0.9172621369361877,0.639447808265686,,
592,23126,,,,,0.7752470970153809,0.34353142976760864
592,23126,,,0.973071277141571,0.6028141975402832,,
593,23165,,,,,0.7728989124298096,0.34216052293777466
593,23165,,,0.9661299586296082,0.6073926091194153,,
594,23204,,,,,0.7833405137062073,0.34323474764823914
594,23204,,,0.928875744342804,0.6317665576934814,,
595,23243,,,,,0.770121157169342,0.34228581190109253
595,23243,,,0.9478815793991089,0.6262630820274353,,
596,23282,,,,,0.7759283781051636,0.3427080512046814
596,23282,,,0.9630516171455383,0.6272306442260742,,
597,23321,,,,,0.7785025238990784,0.3428995907306671
597,23321,,,0.9681143164634705,0.6249586939811707,,
598,23360,,,,,0.7738601565361023,0.3421041667461395
598,23360,,,0.9710646271705627,0.6001731157302856,,
599,23399,,,,,0.7765945792198181,0.3426627814769745
599,23399,,,0.9888529777526855,0.5977555513381958,,
600,23438,,,,,0.7752169370651245,0.3425427973270416
600,23438,,,0.9653187394142151,0.5971960425376892,,
601,23477,,,,,0.7709507942199707,0.3430050313472748
601,23477,,,0.9402891397476196,0.6003574728965759,,
602,23516,,,,,0.7919415831565857,0.3453540802001953
602,23516,,,0.94626384973526,0.6307839155197144,,
603,23555,,,,,0.7853803634643555,0.345927894115448
603,23555,,,0.9356364011764526,0.6424248814582825,,
604,23594,,,,,0.7684831619262695,0.3438393175601959
604,23594,,,0.9451929926872253,0.6232432126998901,,
605,23633,,,,,0.7705357670783997,0.3424641489982605
605,23633,,,0.9539379477500916,0.6089073419570923,,
606,23672,,,,,0.7772555947303772,0.34278982877731323
606,23672,,,0.912808358669281,0.6412361860275269,,
607,23711,,,,,0.7642434239387512,0.34179139137268066
607,23711,,,0.9320659041404724,0.6092482209205627,,
608,23750,,,,,0.7760417461395264,0.34421977400779724
608,23750,,,0.9599329829216003,0.6074967980384827,,
609,23789,,,,,0.7770293354988098,0.3443215787410736
609,23789,,,0.9515497088432312,0.6020845770835876,,
610,23828,,,,,0.7672744989395142,0.3436940610408783
610,23828,,,0.9693110585212708,0.602233350276947,,
611,23867,,,,,0.7602816820144653,0.3436009883880615
611,23867,,,0.991203784942627,0.6240081787109375,,
612,23906,,,,,0.7783735990524292,0.3464055061340332
612,23906,,,0.960482656955719,0.6329047083854675,,
613,23945,,,,,0.7803572416305542,0.34777337312698364
613,23945,,,0.9146865606307983,0.6716150045394897,,
614,23984,,,,,0.7709019780158997,0.3480600118637085
614,23984,,,0.9484044313430786,0.6108224391937256,,
615,24023,,,,,0.7816867232322693,0.3464813530445099
615,24023,,,0.9425135850906372,0.6427240371704102,,
616,24062,,,,,0.7951867580413818,0.3453485369682312
616,24062,,,0.9335026741027832,0.63602215051651,,
617,24101,,,,,0.780003547668457,0.3436717391014099
617,24101,,,0.9763718843460083,0.5957416892051697,,
618,24140,,,,,0.7759906649589539,0.34421616792678833
618,24140,,,0.9494360685348511,0.6297305822372437,,
619,24179,,,,,0.7798207998275757,0.3436884880065918
619,24179,,,0.9699287414550781,0.5943054556846619,,
620,24218,,,,,0.7828366756439209,0.34303978085517883
620,24218,,,0.9371981620788574,0.6077533960342407,,
621,24257,,,,,0.7836313247680664,0.34196242690086365
621,24257,,,0.9647375345230103,0.6061389446258545,,
622,24296,,,,,0.7869952917098999,0.34257784485816956
622,24296,,,0.9433850049972534,0.6231503486633301,,
623,24335,,,,,0.7799157500267029,0.34178122878074646
623,24335,,,0.9560754299163818,0.6267260909080505,,
624,24374,,,,,0.7702279686927795,0.3419089615345001
624,24374,,,0.955169677734375,0.627678632736206,,
625,24413,,,,,0.7774567008018494,0.3436638414859772
625,24413,,,0.9649071097373962,0.6453270316123962,,
626,24452,,,,,0.7660254836082458,0.34279924631118774
626,24452,,,0.9711479544639587,0.5981589555740356,,
627,24491,,,,,0.7783472537994385,0.34395521879196167
627,24491,,,0.9560995101928711,0.6349488496780396,,
628,24530,,,,,0.767162024974823,0.3411256670951843
628,24530,,,0.9734517335891724,0.613754153251648,,
629,24569,,,,,0.7629138827323914,0.3395317494869232
629,24569,,,0.9432191848754883,0.5962836146354675,,
630,24608,,,,,0.7670344114303589,0.3402223587036133
630,24608,,,0.9742293953895569,0.6285576224327087,,
631,24647,,,,,0.7661373615264893,0.3412740230560303
631,24647,,,0.9507984519004822,0.6387742757797241,,
632,24686,,,,,0.767902135848999,0.3425551652908325
632,24686,,,0.9607858061790466,0.610506534576416,,
633,24725,,,,,0.7624011635780334,0.34324923157691956
633,24725,,,0.9580567479133606,0.620985746383667,,
634,24764,,,,,0.7584628462791443,0.3408031761646271
634,24764,,,0.9538430571556091,0.6178988814353943,,
635,24803,,,,,0.761188805103302,0.3407961130142212
635,24803,,,0.9263514876365662,0.6176542639732361,,
636,24842,,,,,0.7602782249450684,0.33890464901924133
636,24842,,,0.9625561833381653,0.622032105922699,,
637,24881,,,,,0.7591699957847595,0.3396574854850769
637,24881,,,0.9669570922851562,0.600141704082489,,
638,24920,,,,,0.7692117094993591,0.34130528569221497
638,24920,,,0.9527932405471802,0.641387939453125,,
639,24959,,,,,0.7722570300102234,0.3418506979942322
639,24959,,,0.9890764951705933,0.620596170425415,,
640,24998,,,,,0.7618147730827332,0.3415300250053406
640,24998,,,0.9571331739425659,0.6229742169380188,,
641,25037,,,,,0.7551400661468506,0.3404136598110199
641,25037,,,0.9130579829216003,0.628546953201294,,
642,25076,,,,,0.7706859111785889,0.34180566668510437
642,25076,,,0.9412288069725037,0.6348224878311157,,
643,25115,,,,,0.7719628810882568,0.3404235541820526
643,25115,,,0.940234363079071,0.6198559403419495,,
644,25154,,,,,0.7783105373382568,0.3405487835407257
644,25154,,,0.957612156867981,0.5953633189201355,,
645,25193,,,,,0.7791070938110352,0.3409886956214905
645,25193,,,0.9501493573188782,0.6230608820915222,,
646,25232,,,,,0.7599920034408569,0.33998000621795654
646,25232,,,0.9655325412750244,0.6166693568229675,,
647,25271,,,,,0.766309916973114,0.34108230471611023
647,25271,,,0.9374644160270691,0.6355748176574707,,
648,25310,,,,,0.7773177027702332,0.34312108159065247
648,25310,,,0.9402409195899963,0.6165794134140015,,
649,25349,,,,,0.7585383653640747,0.34159570932388306
649,25349,,,0.9618148803710938,0.610968291759491,,
650,25388,,,,,0.7617993950843811,0.3406585454940796
650,25388,,,0.970776379108429,0.6079590916633606,,
651,25427,,,,,0.7504251003265381,0.34076419472694397
651,25427,,,0.9233227968215942,0.642968475818634,,
652,25466,,,,,0.7693993449211121,0.3425932228565216
652,25466,,,0.9505459666252136,0.6227834224700928,,
653,25505,,,,,0.7681192755699158,0.341353178024292
653,25505,,,0.9578773379325867,0.6408811211585999,,
654,25544,,,,,0.7652859091758728,0.3420029282569885
654,25544,,,0.9442501664161682,0.6336929798126221,,
655,25583,,,,,0.7598850131034851,0.34168127179145813
655,25583,,,0.9130035042762756,0.6335887312889099,,
656,25622,,,,,0.7689579129219055,0.340515673160553
656,25622,,,0.9552575945854187,0.6118543744087219,,
657,25661,,,,,0.7762997150421143,0.342253178358078
657,25661,,,0.950018048286438,0.6290614008903503,,
658,25700,,,,,0.7756906151771545,0.3431406319141388
658,25700,,,0.9201769828796387,0.6436260342597961,,
659,25739,,,,,0.7780337333679199,0.34560027718544006
659,25739,,,0.9946233034133911,0.6018836498260498,,
660,25778,,,,,0.7674011588096619,0.3433406352996826
660,25778,,,0.9677388072013855,0.6363111734390259,,
661,25817,,,,,0.7649874091148376,0.3414912819862366
661,25817,,,0.9405717849731445,0.6368898749351501,,
662,25856,,,,,0.7677592039108276,0.34276556968688965
662,25856,,,0.9512636065483093,0.6337866187095642,,
663,25895,,,,,0.7614635229110718,0.3396140933036804
663,25895,,,0.9692719578742981,0.6193416118621826,,
664,25934,,,,,0.7851539254188538,0.34200772643089294
664,25934,,,0.9215524196624756,0.6559619903564453,,
665,25973,,,,,0.7679387331008911,0.3408659100532532
665,25973,,,0.9654300212860107,0.6146045327186584,,
666,26012,,,,,0.7531303763389587,0.3373441994190216
666,26012,,,0.9517074823379517,0.6145365834236145,,
667,26051,,,,,0.760303258895874,0.3363840878009796
667,26051,,,0.8928868174552917,0.6526046395301819,,
668,26090,,,,,0.7591111660003662,0.334982305765152
668,26090,,,0.9094746112823486,0.6592007279396057,,
669,26129,,,,,0.751194953918457,0.33506500720977783
669,26129,,,0.9558919072151184,0.6158873438835144,,
670,26168,,,,,0.7659509181976318,0.3350711166858673
670,26168,,,0.9045660495758057,0.6344602704048157,,
671,26207,,,,,0.7681644558906555,0.3389408588409424
671,26207,,,0.959935188293457,0.6171669960021973,,
672,26246,,,,,0.7534017562866211,0.33523350954055786
672,26246,,,0.9515284895896912,0.6632217764854431,,
673,26285,,,,,0.7659361958503723,0.3342705965042114
673,26285,,,0.9578575491905212,0.6173251867294312,,
674,26324,,,,,0.769710123538971,0.3347240686416626
674,26324,,,0.9004682898521423,0.6428738236427307,,
675,26363,,,,,0.761264979839325,0.33611631393432617
675,26363,,,0.9235010147094727,0.6448496580123901,,
676,26402,,,,,0.7750104069709778,0.33940115571022034
676,26402,,,0.9297563433647156,0.6574984788894653,,
677,26441,,,,,0.7650533318519592,0.3391753137111664
677,26441,,,0.9678574800491333,0.6110519766807556,,
678,26480,,,,,0.7617526650428772,0.3392016887664795
678,26480,,,0.9520341157913208,0.630298376083374,,
679,26519,,,,,0.763948917388916,0.3406026363372803
679,26519,,,0.9599717855453491,0.6320687532424927,,
680,26558,,,,,0.7644875645637512,0.34096258878707886
680,26558,,,0.9451022148132324,0.6339917182922363,,
681,26597,,,,,0.7711225152015686,0.34397369623184204
681,26597,,,0.9335538148880005,0.6505920886993408,,
682,26636,,,,,0.759351372718811,0.34216827154159546
682,26636,,,0.9377883672714233,0.6056200861930847,,
683,26675,,,,,0.7652958631515503,0.342652827501297
683,26675,,,0.9401864409446716,0.6541279554367065,,
684,26714,,,,,0.7565052509307861,0.3429945409297943
684,26714,,,0.952845573425293,0.6064606308937073,,
685,26753,,,,,0.7646691799163818,0.34242191910743713
685,26753,,,0.9104414582252502,0.6616222262382507,,
686,26792,,,,,0.7607381343841553,0.34265685081481934
686,26792,,,0.9383369088172913,0.6433234810829163,,
687,26831,,,,,0.7572245001792908,0.34370851516723633
687,26831,,,0.9435139894485474,0.625787079334259,,
688,26870,,,,,0.7664057016372681,0.344372421503067
688,26870,,,0.9544177651405334,0.6083086729049683,,
689,26909,,,,,0.7537086009979248,0.3413738012313843
689,26909,,,0.9335339665412903,0.6324752569198608,,
690,26948,,,,,0.7722836136817932,0.34340381622314453
690,26948,,,0.9249123930931091,0.6399529576301575,,
691,26987,,,,,0.7791170477867126,0.343360960483551
691,26987,,,0.9225713014602661,0.6322372555732727,,
692,27026,,,,,0.7614065408706665,0.341673344373703
692,27026,,,0.9498991370201111,0.6189239621162415,,
693,27065,,,,,0.7655958533287048,0.34115272760391235
693,27065,,,0.9310990571975708,0.6411256790161133,,
694,27104,,,,,0.7658337354660034,0.342376708984375
694,27104,,,0.9149733185768127,0.6291235685348511,,
695,27143,,,,,0.7612366080284119,0.3403419256210327
695,27143,,,0.9661405682563782,0.6277698874473572,,
696,27182,,,,,0.7721889615058899,0.33938032388687134
696,27182,,,0.9898926019668579,0.6121969223022461,,
697,27221,,,,,0.7729594111442566,0.33810916543006897
697,27221,,,0.9565119743347168,0.5915566682815552,,
698,27260,,,,,0.7653341889381409,0.3392942547798157
698,27260,,,0.8975422382354736,0.6409685015678406,,
699,27299,,,,,0.7504547834396362,0.3363693952560425
699,27299,,,0.89437335729599,0.6761944890022278,,
700,27338,,,,,0.7530078887939453,0.3364872932434082
700,27338,,,0.9302160739898682,0.6343106031417847,,
701,27377,,,,,0.7654599547386169,0.337589830160141
701,27377,,,0.9384986758232117,0.6264780163764954,,
702,27416,,,,,0.7594692707061768,0.3354986608028412
702,27416,,,0.9308015704154968,0.6536866426467896,,
703,27455,,,,,0.7758183479309082,0.33977097272872925
703,27455,,,0.9160858392715454,0.6384233236312866,,
704,27494,,,,,0.7789763808250427,0.3391536772251129
704,27494,,,0.9282861351966858,0.642706036567688,,
705,27533,,,,,0.7706515789031982,0.3404558002948761
705,27533,,,0.9153810143470764,0.6556742787361145,,
706,27572,,,,,0.7721248865127563,0.34073328971862793
706,27572,,,0.9258151054382324,0.6428407430648804,,
707,27611,,,,,0.769731342792511,0.338401198387146
707,27611,,,0.9496120810508728,0.6300404667854309,,
708,27650,,,,,0.7574470043182373,0.33674636483192444
708,27650,,,0.9310495257377625,0.6279038190841675,,
709,27689,,,,,0.7588909268379211,0.338446706533432
709,27689,,,0.9350292682647705,0.622997522354126,,
710,27728,,,,,0.7608980536460876,0.339126855134964
710,27728,,,0.9687401056289673,0.6253167390823364,,
711,27767,,,,,0.7627117037773132,0.3388007879257202
711,27767,,,0.9076949954032898,0.642943799495697,,
712,27806,,,,,0.7567692995071411,0.3381575644016266
712,27806,,,0.9131168723106384,0.642424464225769,,
713,27845,,,,,0.7575989961624146,0.3384016156196594
713,27845,,,0.9427922368049622,0.6261283755302429,,
714,27884,,,,,0.7613082528114319,0.33578595519065857
714,27884,,,0.9309335350990295,0.6200942397117615,,
715,27923,,,,,0.7548584342002869,0.337298721075058
715,27923,,,0.9337741136550903,0.6461410522460938,,
716,27962,,,,,0.7512974739074707,0.33399444818496704
716,27962,,,0.9118374586105347,0.6534680128097534,,
717,28001,,,,,0.7626662850379944,0.33511948585510254
717,28001,,,0.941767156124115,0.6294538974761963,,
718,28040,,,,,0.7550167441368103,0.3367812931537628
718,28040,,,0.9525277614593506,0.6113260984420776,,
719,28079,,,,,0.7499564290046692,0.3360070288181305
719,28079,,,0.9460194110870361,0.620280921459198,,
720,28118,,,,,0.7614415287971497,0.33893442153930664
720,28118,,,0.9421191811561584,0.6387673020362854,,
721,28157,,,,,0.74031662940979,0.3369697034358978
721,28157,,,0.9351369142532349,0.6058792471885681,,
722,28196,,,,,0.7458692193031311,0.3356190621852875
722,28196,,,0.9290527701377869,0.6179075241088867,,
723,28235,,,,,0.7605817317962646,0.3368905484676361
723,28235,,,0.9133021831512451,0.6373854279518127,,
724,28274,,,,,0.76412034034729,0.3381876051425934
724,28274,,,0.9828197956085205,0.6308580636978149,,
725,28313,,,,,0.75765460729599,0.33956092596054077
725,28313,,,0.9239556789398193,0.6378362774848938,,
726,28352,,,,,0.7708113193511963,0.3415014147758484
726,28352,,,0.936441957950592,0.6498537659645081,,
727,28391,,,,,0.7732263207435608,0.339758962392807
727,28391,,,0.9755743145942688,0.6312350034713745,,
728,28430,,,,,0.7660043239593506,0.33793848752975464
728,28430,,,0.9144902229309082,0.6545500159263611,,
729,28469,,,,,0.750533938407898,0.33772480487823486
729,28469,,,0.915490448474884,0.6582165956497192,,
730,28508,,,,,0.7640581727027893,0.3390992283821106
730,28508,,,0.8881303668022156,0.6702938079833984,,
731,28547,,,,,0.7522746920585632,0.3368009030818939
731,28547,,,0.9314794540405273,0.6420955061912537,,
732,28586,,,,,0.7663807272911072,0.3370378613471985
732,28586,,,0.9445155262947083,0.6438348889350891,,
733,28625,,,,,0.7679553627967834,0.3370526134967804
733,28625,,,0.9013587832450867,0.6885841488838196,,
734,28664,,,,,0.7694618105888367,0.3385474979877472
734,28664,,,0.8784500360488892,0.6665920615196228,,
735,28703,,,,,0.752367377281189,0.336459219455719
735,28703,,,0.9740926027297974,0.6097582578659058,,
736,28742,,,,,0.7583411335945129,0.33700037002563477
736,28742,,,0.9396687746047974,0.6347383260726929,,
737,28781,,,,,0.7627726793289185,0.336473286151886
737,28781,,,0.8885555863380432,0.6503334641456604,,
738,28820,,,,,0.7685185074806213,0.338778555393219
738,28820,,,0.8963472247123718,0.6649550199508667,,
739,28859,,,,,0.7475244998931885,0.3378523588180542
739,28859,,,0.9520373344421387,0.6154133081436157,,
740,28898,,,,,0.7548381686210632,0.3389555811882019
740,28898,,,0.9212342500686646,0.6498845815658569,,
741,28937,,,,,0.7576116323471069,0.33916738629341125
741,28937,,,0.9216050505638123,0.6549168229103088,,
742,28976,,,,,0.7676718235015869,0.34149253368377686
742,28976,,,0.9315367341041565,0.6376343369483948,,
743,29015,,,,,0.7676395773887634,0.3446488380432129
743,29015,,,0.9466482996940613,0.6527875065803528,,
744,29054,,,,,0.7674870491027832,0.3447270095348358
744,29054,,,0.9587069749832153,0.6174386143684387,,
745,29093,,,,,0.753848135471344,0.3442072868347168
745,29093,,,0.9413214325904846,0.6286910176277161,,
746,29132,,,,,0.7555018663406372,0.34380629658699036
746,29132,,,0.9501429796218872,0.637234628200531,,
747,29171,,,,,0.7652266025543213,0.3468906581401825
747,29171,,,0.9467298984527588,0.6413160562515259,,
748,29210,,,,,0.7488806843757629,0.3436647057533264
748,29210,,,0.9452289938926697,0.6338146924972534,,
749,29249,,,,,0.7478588819503784,0.3431861996650696
749,29249,,,0.9197545051574707,0.6407279968261719,,
750,29288,,,,,0.7554759979248047,0.34622088074684143
750,29288,,,0.9129709005355835,0.6570485234260559,,
751,29327,,,,,0.7545755505561829,0.345265656709671
751,29327,,,0.9255517721176147,0.6416631937026978,,
752,29366,,,,,0.7598009705543518,0.3464342951774597
752,29366,,,0.9282631278038025,0.6559958457946777,,
753,29405,,,,,0.7563676834106445,0.3469342887401581
753,29405,,,0.9186204075813293,0.6672258377075195,,
754,29444,,,,,0.7523453235626221,0.34449532628059387
754,29444,,,0.8729169964790344,0.6672530174255371,,
755,29483,,,,,0.7633810043334961,0.3430682122707367
755,29483,,,0.9012841582298279,0.6860437393188477,,
756,29522,,,,,0.7605366706848145,0.34261295199394226
756,29522,,,0.9568162560462952,0.6375795602798462,,
757,29561,,,,,0.7525765895843506,0.3428938686847687
757,29561,,,0.9177895784378052,0.6470575332641602,,
758,29600,,,,,0.7483378648757935,0.3421131670475006
758,29600,,,0.9165430068969727,0.6279494166374207,,
759,29639,,,,,0.7442850470542908,0.3426242470741272
759,29639,,,0.9135605096817017,0.6511527299880981,,
760,29678,,,,,0.7481088042259216,0.34460553526878357
760,29678,,,0.9532400369644165,0.6109587550163269,,
761,29717,,,,,0.7514989376068115,0.3437257707118988
761,29717,,,0.9128088355064392,0.6289692521095276,,
762,29756,,,,,0.7333417534828186,0.3434794843196869
762,29756,,,0.9223377704620361,0.6712793111801147,,
763,29795,,,,,0.7445455193519592,0.3453918397426605
763,29795,,,0.9066537618637085,0.6428338289260864,,
764,29834,,,,,0.7607099413871765,0.3447631299495697
764,29834,,,0.9160395860671997,0.6645950078964233,,
765,29873,,,,,0.7386762499809265,0.3402893841266632
765,29873,,,0.9255241751670837,0.6299521327018738,,
766,29912,,,,,0.7543277740478516,0.3425832986831665
766,29912,,,0.9368342757225037,0.6382639408111572,,
767,29951,,,,,0.7480915784835815,0.34193292260169983
767,29951,,,0.893362283706665,0.6678160429000854,,
768,29990,,,,,0.7454458475112915,0.3412165343761444
768,29990,,,0.8953750729560852,0.6721458435058594,,
769,30029,,,,,0.7438713908195496,0.34143882989883423
769,30029,,,0.9610857963562012,0.636021077632904,,
770,30068,,,,,0.7411702275276184,0.34249141812324524
770,30068,,,0.9379543662071228,0.6076508164405823,,
771,30107,,,,,0.7346353530883789,0.3390401601791382
771,30107,,,0.9107547402381897,0.6114893555641174,,
772,30146,,,,,0.7517529726028442,0.34055307507514954
772,30146,,,0.9004693627357483,0.6599920988082886,,
773,30185,,,,,0.7276625037193298,0.33812883496284485
773,30185,,,0.9277070164680481,0.6282617449760437,,
774,30224,,,,,0.7453897595405579,0.34081581234931946
774,30224,,,0.9277714490890503,0.6665639877319336,,
775,30263,,,,,0.7357589602470398,0.3404912054538727
775,30263,,,0.9112932085990906,0.6459174752235413,,
776,30302,,,,,0.736280083656311,0.34084752202033997
776,30302,,,0.8849254250526428,0.634736180305481,,
777,30341,,,,,0.7293229699134827,0.34065964818000793
777,30341,,,0.9158915877342224,0.6438332796096802,,
778,30380,,,,,0.7447536587715149,0.3417325019836426
778,30380,,,0.9267269968986511,0.6351744532585144,,
779,30419,,,,,0.739617645740509,0.34189701080322266
779,30419,,,0.9229673743247986,0.6309955716133118,,
780,30458,,,,,0.7340446710586548,0.3397379517555237
780,30458,,,0.8901278972625732,0.6652230620384216,,
781,30497,,,,,0.7392346262931824,0.33932986855506897
781,30497,,,0.9076207280158997,0.6584953665733337,,
782,30536,,,,,0.7438921332359314,0.3383905589580536
782,30536,,,0.918152928352356,0.649963915348053,,
783,30575,,,,,0.731234073638916,0.33655592799186707
783,30575,,,0.9082594513893127,0.661874532699585,,
784,30614,,,,,0.7429357171058655,0.3371775150299072
784,30614,,,0.9127835035324097,0.634017288684845,,
785,30653,,,,,0.7472301721572876,0.3389548063278198
785,30653,,,0.924104630947113,0.6588277220726013,,
786,30692,,,,,0.7380452752113342,0.338625431060791
786,30692,,,0.9227271676063538,0.6435173153877258,,
787,30731,,,,,0.7444022297859192,0.339089572429657
787,30731,,,0.9477242827415466,0.6655923128128052,,
788,30770,,,,,0.742443323135376,0.34073901176452637
788,30770,,,0.893677830696106,0.6753985285758972,,
789,30809,,,,,0.7349575161933899,0.33987438678741455
789,30809,,,0.9129782319068909,0.6414870023727417,,
790,30848,,,,,0.7480595707893372,0.3399236798286438
790,30848,,,0.9242352247238159,0.6328433156013489,,
791,30887,,,,,0.7286432981491089,0.33753302693367004
791,30887,,,0.9462675452232361,0.6324937343597412,,
792,30926,,,,,0.7422850728034973,0.3414304852485657
792,30926,,,0.9425642490386963,0.6439404487609863,,
793,30965,,,,,0.7357231378555298,0.3423563838005066
793,30965,,,0.9229623079299927,0.6572157144546509,,
794,31004,,,,,0.731780469417572,0.33909356594085693
794,31004,,,0.9534632563591003,0.6393619775772095,,
795,31043,,,,,0.7378491759300232,0.33908993005752563
795,31043,,,0.9277244806289673,0.6365083456039429,,
796,31082,,,,,0.7420192956924438,0.33890992403030396
796,31082,,,0.9048269391059875,0.6176538467407227,,
797,31121,,,,,0.7458568811416626,0.3384723961353302
797,31121,,,0.922754168510437,0.6715211868286133,,
798,31160,,,,,0.7472733855247498,0.335972398519516
798,31160,,,0.926067054271698,0.6286882758140564,,
799,31199,,,,,0.7466710805892944,0.3367632031440735
799,31199,,,0.8991171717643738,0.665986180305481,,
800,31238,,,,,0.7474933862686157,0.33961135149002075
800,31238,,,0.9089406132698059,0.6788680553436279,,
801,31277,,,,,0.7457526326179504,0.3386610746383667
801,31277,,,0.920297384262085,0.6602721810340881,,
802,31316,,,,,0.7449632287025452,0.3389567732810974
802,31316,,,0.8984258770942688,0.668951690196991,,
803,31355,,,,,0.7374703288078308,0.33885401487350464
803,31355,,,0.9263486862182617,0.6582056879997253,,
804,31394,,,,,0.7494142055511475,0.33924391865730286
804,31394,,,0.8996260166168213,0.6581045389175415,,
805,31433,,,,,0.7397926449775696,0.33849895000457764
805,31433,,,0.948279082775116,0.6406172513961792,,
806,31472,,,,,0.7469873428344727,0.33851850032806396
806,31472,,,0.924303412437439,0.6452157497406006,,
807,31511,,,,,0.751080334186554,0.3405589163303375
807,31511,,,0.872493326663971,0.660638153553009,,
808,31550,,,,,0.7448999881744385,0.34021010994911194
808,31550,,,0.9195425510406494,0.6420161128044128,,
809,31589,,,,,0.7383299469947815,0.337513267993927
809,31589,,,0.8985043168067932,0.6440141201019287,,
810,31628,,,,,0.733577311038971,0.3361407220363617
810,31628,,,0.8840333223342896,0.6581929326057434,,
811,31667,,,,,0.7295337915420532,0.3347170650959015
811,31667,,,0.9024071097373962,0.6476811766624451,,
812,31706,,,,,0.728548526763916,0.3384252190589905
812,31706,,,0.8953506350517273,0.6639334559440613,,
813,31745,,,,,0.7503901124000549,0.33930206298828125
813,31745,,,0.9173699617385864,0.6651715040206909,,
814,31784,,,,,0.7323145270347595,0.3369632065296173
814,31784,,,0.8956947326660156,0.6587375998497009,,
815,31823,,,,,0.7398102283477783,0.3376825749874115
815,31823,,,0.9040175080299377,0.6424175500869751,,
816,31862,,,,,0.7402054667472839,0.3413749635219574
816,31862,,,0.9115533232688904,0.6596678495407104,,
817,31901,,,,,0.733788013458252,0.3399444818496704
817,31901,,,0.896174430847168,0.6707397103309631,,
818,31940,,,,,0.7349370121955872,0.3399880528450012
818,31940,,,0.9441602826118469,0.6498876214027405,,
819,31979,,,,,0.7309229373931885,0.3395591974258423
819,31979,,,0.8859986662864685,0.6706141829490662,,
820,32018,,,,,0.7254743576049805,0.33916667103767395
820,32018,,,0.9051613211631775,0.6704496145248413,,
821,32057,,,,,0.7308337688446045,0.3382878601551056
821,32057,,,0.932591438293457,0.6474143862724304,,
822,32096,,,,,0.7284166216850281,0.3391728401184082
822,32096,,,0.9051370620727539,0.6519862413406372,,
823,32135,,,,,0.7260758876800537,0.3390554189682007
823,32135,,,0.8816089034080505,0.6654582619667053,,
824,32174,,,,,0.7419127821922302,0.3418894410133362
824,32174,,,0.906955897808075,0.6772711277008057,,
825,32213,,,,,0.7361449599266052,0.3403743505477905
825,32213,,,0.9190435409545898,0.651494026184082,,
826,32252,,,,,0.7298119068145752,0.3380735516548157
826,32252,,,0.8988180160522461,0.6282734274864197,,
827,32291,,,,,0.7366206049919128,0.33937567472457886
827,32291,,,0.906114935874939,0.6334570050239563,,
828,32330,,,,,0.7349728345870972,0.3412204682826996
828,32330,,,0.9056001305580139,0.6816664338111877,,
829,32369,,,,,0.7317317724227905,0.34115070104599
829,32369,,,0.942119300365448,0.6660550236701965,,
830,32408,,,,,0.7510282397270203,0.3437248468399048
830,32408,,,0.9350221157073975,0.6433416604995728,,
831,32447,,,,,0.7373353242874146,0.3439798653125763
831,32447,,,0.9111348390579224,0.6359049677848816,,
832,32486,,,,,0.7302572131156921,0.34119167923927307
832,32486,,,0.9164454936981201,0.6370775103569031,,
833,32525,,,,,0.7369325160980225,0.3437054455280304
833,32525,,,0.9057664275169373,0.6373355388641357,,
834,32564,,,,,0.7339356541633606,0.3431661128997803
834,32564,,,0.9269983172416687,0.6285150647163391,,
835,32603,,,,,0.7318408489227295,0.3424713909626007
835,32603,,,0.906352698802948,0.6625484824180603,,
836,32642,,,,,0.7309650182723999,0.3404078185558319
836,32642,,,0.9403294324874878,0.626537024974823,,
837,32681,,,,,0.748848557472229,0.3440259099006653
837,32681,,,0.8542212247848511,0.6731364727020264,,
838,32720,,,,,0.7431706190109253,0.3443780541419983
838,32720,,,0.9428262710571289,0.6449928283691406,,
839,32759,,,,,0.7314578294754028,0.34525904059410095
839,32759,,,0.9342067241668701,0.6403188109397888,,
840,32798,,,,,0.731365978717804,0.34179654717445374
840,32798,,,0.8726489543914795,0.6934451460838318,,
841,32837,,,,,0.7361060976982117,0.3429309129714966
841,32837,,,0.8719103932380676,0.6765141487121582,,
842,32876,,,,,0.7360295057296753,0.34249383211135864
842,32876,,,0.8787521719932556,0.675826370716095,,
843,32915,,,,,0.739450216293335,0.34073400497436523
843,32915,,,0.8736714124679565,0.6632286310195923,,
844,32954,,,,,0.7394590973854065,0.34161829948425293
844,32954,,,0.8735963702201843,0.6876109838485718,,
845,32993,,,,,0.7443900108337402,0.34390681982040405
845,32993,,,0.9033247828483582,0.667332649230957,,
846,33032,,,,,0.7381731271743774,0.34099501371383667
846,33032,,,0.8908278346061707,0.6686643362045288,,
847,33071,,,,,0.7306445837020874,0.33996710181236267
847,33071,,,0.9082236886024475,0.6733879446983337,,
848,33110,,,,,0.740608274936676,0.34266945719718933
848,33110,,,0.9211142063140869,0.6348878741264343,,
849,33149,,,,,0.7446030378341675,0.3435448408126831
849,33149,,,0.9108555316925049,0.6620686054229736,,
850,33188,,,,,0.7330468893051147,0.34370157122612
850,33188,,,0.9073269367218018,0.6576830744743347,,
851,33227,,,,,0.7348350882530212,0.343919575214386
851,33227,,,0.8950332403182983,0.6779295802116394,,
852,33266,,,,,0.7280102968215942,0.34420379996299744
852,33266,,,0.9166821241378784,0.6252573132514954,,
853,33305,,,,,0.7390230894088745,0.3434722423553467
853,33305,,,0.8910084962844849,0.630308210849762,,
854,33344,,,,,0.7289515733718872,0.34247201681137085
854,33344,,,0.8366268873214722,0.7021751403808594,,
855,33383,,,,,0.7317429184913635,0.34113404154777527
855,33383,,,0.8812212944030762,0.6766451001167297,,
856,33422,,,,,0.7254518270492554,0.3402850031852722
856,33422,,,0.8588767647743225,0.6582699418067932,,
857,33461,,,,,0.7209622263908386,0.3417947590351105
857,33461,,,0.9148023724555969,0.6462298631668091,,
858,33500,,,,,0.7331660389900208,0.34329092502593994
858,33500,,,0.940587043762207,0.6133889555931091,,
859,33539,,,,,0.7302722334861755,0.3391142785549164
859,33539,,,0.90479975938797,0.6542324423789978,,
860,33578,,,,,0.738031804561615,0.341132253408432
860,33578,,,0.903474748134613,0.6451011896133423,,
861,33617,,,,,0.7328587174415588,0.3408113420009613
861,33617,,,0.9059468507766724,0.64937424659729,,
862,33656,,,,,0.7435047030448914,0.34169018268585205
862,33656,,,0.9184423685073853,0.6272822618484497,,
863,33695,,,,,0.7398351430892944,0.3409211337566376
863,33695,,,0.9052166938781738,0.6923342943191528,,
864,33734,,,,,0.7349182963371277,0.34255126118659973
864,33734,,,0.8855249285697937,0.6684271097183228,,
865,33773,,,,,0.7357253432273865,0.3441534638404846
865,33773,,,0.9113633632659912,0.6296961307525635,,
866,33812,,,,,0.7346596717834473,0.34553614258766174
866,33812,,,0.8666096925735474,0.6771064400672913,,
867,33851,,,,,0.7272775769233704,0.3442496657371521
867,33851,,,0.8728666305541992,0.6862941384315491,,
868,33890,,,,,0.7253170609474182,0.3418574929237366
868,33890,,,0.864720344543457,0.6627324223518372,,
869,33929,,,,,0.7258135676383972,0.3432098627090454
869,33929,,,0.9032423496246338,0.654150664806366,,
870,33968,,,,,0.7323510646820068,0.34344616532325745
870,33968,,,0.9141212701797485,0.65977543592453,,
871,34007,,,,,0.7390612959861755,0.34456154704093933
871,34007,,,0.8915467858314514,0.6652868986129761,,
872,34046,,,,,0.7430970668792725,0.34287047386169434
872,34046,,,0.8823705911636353,0.6694743037223816,,
873,34085,,,,,0.7332678437232971,0.34121790528297424
873,34085,,,0.880683422088623,0.6545904874801636,,
874,34124,,,,,0.7408832311630249,0.3421212136745453
874,34124,,,0.9113372564315796,0.6728907227516174,,
875,34163,,,,,0.7382418513298035,0.3438526391983032
875,34163,,,0.8840734958648682,0.6513075232505798,,
876,34202,,,,,0.7442419528961182,0.3428287208080292
876,34202,,,0.8876626491546631,0.6803184151649475,,
877,34241,,,,,0.7373759746551514,0.3425081670284271
877,34241,,,0.8896331787109375,0.6560416221618652,,
878,34280,,,,,0.7377520203590393,0.34386077523231506
878,34280,,,0.8929197788238525,0.6727743148803711,,
879,34319,,,,,0.7318993806838989,0.3403337299823761
879,34319,,,0.9169049263000488,0.6498336791992188,,
880,34358,,,,,0.7348373532295227,0.34180155396461487
880,34358,,,0.8735066652297974,0.6796329617500305,,
881,34397,,,,,0.7410253286361694,0.3432803452014923
881,34397,,,0.8667837977409363,0.6922399997711182,,
882,34436,,,,,0.7391497492790222,0.34275415539741516
882,34436,,,0.8986390233039856,0.6707130074501038,,
883,34475,,,,,0.7380412817001343,0.3419501483440399
883,34475,,,0.8887737989425659,0.6707872748374939,,
884,34514,,,,,0.7396506071090698,0.3407616913318634
884,34514,,,0.8807429671287537,0.6603068113327026,,
885,34553,,,,,0.7374463081359863,0.34147754311561584
885,34553,,,0.8814190626144409,0.6567503809928894,,
886,34592,,,,,0.7338964343070984,0.3394983410835266
886,34592,,,0.8696757555007935,0.6758638620376587,,
887,34631,,,,,0.7320474982261658,0.3386877775192261
887,34631,,,0.9277975559234619,0.6504475474357605,,
888,34670,,,,,0.7328091859817505,0.3387560248374939
888,34670,,,0.890268087387085,0.6629370450973511,,
889,34709,,,,,0.7322925329208374,0.34041643142700195
889,34709,,,0.8802782893180847,0.6807515621185303,,
890,34748,,,,,0.7342222929000854,0.34320560097694397
890,34748,,,0.8784805536270142,0.6683790683746338,,
891,34787,,,,,0.7335580587387085,0.3430163860321045
891,34787,,,0.85825115442276,0.6710594892501831,,
892,34826,,,,,0.7317206263542175,0.3433438539505005
892,34826,,,0.8836268186569214,0.6678081154823303,,
893,34865,,,,,0.7351949214935303,0.3463299572467804
893,34865,,,0.8740323185920715,0.6841331124305725,,
894,34904,,,,,0.7269740104675293,0.3456040918827057
894,34904,,,0.8843980431556702,0.6900205612182617,,
895,34943,,,,,0.7250247001647949,0.34339267015457153
895,34943,,,0.9112046360969543,0.6663678288459778,,
896,34982,,,,,0.7226043343544006,0.3413556218147278
896,34982,,,0.8897469639778137,0.668729305267334,,
897,35021,,,,,0.730925977230072,0.34392455220222473
897,35021,,,0.9033163189888,0.664335310459137,,
898,35060,,,,,0.7385794520378113,0.3447745144367218
898,35060,,,0.8595530390739441,0.6950935125350952,,
899,35099,,,,,0.7339199781417847,0.34377017617225647
899,35099,,,0.8798304796218872,0.6670029759407043,,
900,35138,,,,,0.7232092022895813,0.3417001962661743
900,35138,,,0.8959492444992065,0.6431111097335815,,
901,35177,,,,,0.7290369868278503,0.34411680698394775
901,35177,,,0.8981397747993469,0.6836303472518921,,
902,35216,,,,,0.7239409685134888,0.34283846616744995
902,35216,,,0.8760880827903748,0.672896683216095,,
903,35255,,,,,0.7404574155807495,0.3463578224182129
903,35255,,,0.8752183318138123,0.6742796897888184,,
904,35294,,,,,0.7285864353179932,0.34593847393989563
904,35294,,,0.8864099383354187,0.6605859994888306,,
905,35333,,,,,0.723308801651001,0.3453046679496765
905,35333,,,0.8830081224441528,0.6892610192298889,,
906,35372,,,,,0.7438876032829285,0.3464825451374054
906,35372,,,0.8783604502677917,0.6941208839416504,,
907,35411,,,,,0.7229130864143372,0.34508606791496277
907,35411,,,0.8857942223548889,0.6672807931900024,,
908,35450,,,,,0.7227964997291565,0.3467809557914734
908,35450,,,0.8872071504592896,0.6550871133804321,,
909,35489,,,,,0.7241243720054626,0.3461398780345917
909,35489,,,0.8755810856819153,0.6887660026550293,,
910,35528,,,,,0.7141308784484863,0.3426799774169922
910,35528,,,0.8753410577774048,0.6637253165245056,,
911,35567,,,,,0.7203134298324585,0.3435726463794708
911,35567,,,0.8782526850700378,0.6595548987388611,,
912,35606,,,,,0.7325636148452759,0.3429733216762543
912,35606,,,0.893746018409729,0.6579241752624512,,
913,35645,,,,,0.7306480407714844,0.34454116225242615
913,35645,,,0.9035577178001404,0.6775890588760376,,
914,35684,,,,,0.7218877077102661,0.343985378742218
914,35684,,,0.8934836983680725,0.6542140245437622,,
915,35723,,,,,0.7348574995994568,0.3463919758796692
915,35723,,,0.9070463180541992,0.6806188225746155,,
916,35762,,,,,0.7279288172721863,0.3465668559074402
916,35762,,,0.8796666264533997,0.6683186292648315,,
917,35801,,,,,0.7236117720603943,0.3457289934158325
917,35801,,,0.9103070497512817,0.6503394246101379,,
918,35840,,,,,0.7267885804176331,0.35053542256355286
918,35840,,,0.9051475524902344,0.6901314854621887,,
919,35879,,,,,0.7193368673324585,0.3478822410106659
919,35879,,,0.849229097366333,0.6675214171409607,,
920,35918,,,,,0.7262681722640991,0.34830576181411743
920,35918,,,0.8655447363853455,0.6796702742576599,,
921,35957,,,,,0.7349203824996948,0.35042616724967957
921,35957,,,0.895929753780365,0.6677877902984619,,
922,35996,,,,,0.7317781448364258,0.35082659125328064
922,35996,,,0.8904107809066772,0.6720746159553528,,
923,36035,,,,,0.7230298519134521,0.3496992588043213
923,36035,,,0.9046111702919006,0.6574796438217163,,
924,36074,,,,,0.725090503692627,0.3502253592014313
924,36074,,,0.8633823990821838,0.6896663904190063,,
925,36113,,,,,0.7231314778327942,0.35054031014442444
925,36113,,,0.8786044120788574,0.6605830788612366,,
926,36152,,,,,0.7228407263755798,0.3503178060054779
926,36152,,,0.9017196893692017,0.6645538210868835,,
927,36191,,,,,0.7262736558914185,0.352215051651001
927,36191,,,0.871181309223175,0.6851447820663452,,
928,36230,,,,,0.7152128219604492,0.3488645851612091
928,36230,,,0.8995867967605591,0.6480448246002197,,
929,36269,,,,,0.7244616150856018,0.3511410057544708
929,36269,,,0.8752620220184326,0.6806802749633789,,
930,36308,,,,,0.7280072569847107,0.35335859656333923
930,36308,,,0.8898556232452393,0.6792258024215698,,
931,36347,,,,,0.7126263976097107,0.3541885018348694
931,36347,,,0.8942959308624268,0.6796374917030334,,
932,36386,,,,,0.7238867282867432,0.3524928390979767
932,36386,,,0.8928929567337036,0.6797285079956055,,
933,36425,,,,,0.7278744578361511,0.35172417759895325
933,36425,,,0.8759873509407043,0.6742416024208069,,
934,36464,,,,,0.7270099520683289,0.35217273235321045
934,36464,,,0.8592323660850525,0.690519392490387,,
935,36503,,,,,0.732536792755127,0.3506184220314026
935,36503,,,0.8989076018333435,0.6682596802711487,,
936,36542,,,,,0.7311539649963379,0.34796443581581116
936,36542,,,0.8935434222221375,0.6659941077232361,,
937,36581,,,,,0.7239595651626587,0.3451749086380005
937,36581,,,0.8782342672348022,0.6877225041389465,,
938,36620,,,,,0.7206026911735535,0.3450113534927368
938,36620,,,0.8759640455245972,0.6567686796188354,,
939,36659,,,,,0.7123205065727234,0.3428329825401306
939,36659,,,0.8940672278404236,0.665653645992279,,
940,36698,,,,,0.7184172868728638,0.3453987240791321
940,36698,,,0.9073153734207153,0.6477978825569153,,
941,36737,,,,,0.7211264371871948,0.34765321016311646
941,36737,,,0.8636204600334167,0.6692807078361511,,
942,36776,,,,,0.7134495973587036,0.3461417555809021
942,36776,,,0.8705127239227295,0.6813613176345825,,
943,36815,,,,,0.7199030518531799,0.3462204337120056
943,36815,,,0.9039160013198853,0.6810629367828369,,
944,36854,,,,,0.7173475623130798,0.34513166546821594
944,36854,,,0.8454604744911194,0.6933960318565369,,
945,36893,,,,,0.7357349395751953,0.3470836579799652
945,36893,,,0.899340808391571,0.6770911812782288,,
946,36932,,,,,0.7188392281532288,0.3444250226020813
946,36932,,,0.8744352459907532,0.673923134803772,,
947,36971,,,,,0.7240424156188965,0.3467312753200531
947,36971,,,0.8993638753890991,0.668891429901123,,
948,37010,,,,,0.7341275811195374,0.3461538255214691
948,37010,,,0.8882369995117188,0.673602819442749,,
949,37049,,,,,0.7305478453636169,0.3467453420162201
949,37049,,,0.899318277835846,0.6580689549446106,,
950,37088,,,,,0.7249165773391724,0.34589919447898865
950,37088,,,0.8869946599006653,0.6666197180747986,,
951,37127,,,,,0.7197071313858032,0.3466608226299286
951,37127,,,0.8662195205688477,0.6941784024238586,,
952,37166,,,,,0.7197860479354858,0.3472175598144531
952,37166,,,0.8617780804634094,0.7171184420585632,,
953,37205,,,,,0.7279037237167358,0.347566694021225
953,37205,,,0.8712634444236755,0.6767573952674866,,
954,37244,,,,,0.7126134037971497,0.3470134735107422
954,37244,,,0.8487948179244995,0.688071072101593,,
955,37283,,,,,0.729503870010376,0.3494209349155426
955,37283,,,0.9053980708122253,0.6678487062454224,,
956,37322,,,,,0.7256664037704468,0.34954553842544556
956,37322,,,0.8812429904937744,0.6897886395454407,,
957,37361,,,,,0.7244657278060913,0.348742812871933
957,37361,,,0.8509068489074707,0.6913170218467712,,
958,37400,,,,,0.7284874320030212,0.34911832213401794
958,37400,,,0.8872877359390259,0.6875622272491455,,
959,37439,,,,,0.7272931933403015,0.34946587681770325
959,37439,,,0.843288004398346,0.6836655735969543,,
960,37478,,,,,0.7214377522468567,0.34864768385887146
960,37478,,,0.8606451749801636,0.6754043102264404,,
961,37517,,,,,0.7273169755935669,0.3483448624610901
961,37517,,,0.8547139167785645,0.7045300602912903,,
962,37556,,,,,0.7245780825614929,0.3485555052757263
962,37556,,,0.9013563990592957,0.6563114523887634,,
963,37595,,,,,0.7198318243026733,0.3495951294898987
963,37595,,,0.8405332565307617,0.6841152906417847,,
964,37634,,,,,0.711530864238739,0.351563036441803
964,37634,,,0.8805710077285767,0.6775675415992737,,
965,37673,,,,,0.7181800007820129,0.3531596064567566
965,37673,,,0.8978158235549927,0.6860536932945251,,
966,37712,,,,,0.7208185791969299,0.3520199954509735
966,37712,,,0.8859495520591736,0.6811836361885071,,
967,37751,,,,,0.7168183326721191,0.35290101170539856
967,37751,,,0.8862779140472412,0.6702899932861328,,
968,37790,,,,,0.7129656076431274,0.35363587737083435
968,37790,,,0.8808296322822571,0.6712652444839478,,
969,37829,,,,,0.7162535190582275,0.3533874750137329
969,37829,,,0.876561164855957,0.6788278818130493,,
970,37868,,,,,0.7210401296615601,0.3565172553062439
970,37868,,,0.8753101825714111,0.6962990164756775,,
971,37907,,,,,0.7156150937080383,0.3541838228702545
971,37907,,,0.8749882578849792,0.676442563533783,,
972,37946,,,,,0.7244160771369934,0.3546215891838074
972,37946,,,0.8892245292663574,0.6671459674835205,,
973,37985,,,,,0.7208274006843567,0.3531789183616638
973,37985,,,0.859124481678009,0.6768511533737183,,
974,38024,,,,,0.7167872786521912,0.3534018099308014
974,38024,,,0.8244738578796387,0.6955047249794006,,
975,38063,,,,,0.713343620300293,0.3571658730506897
975,38063,,,0.9187655448913574,0.6378698348999023,,
976,38102,,,,,0.7178562879562378,0.35581251978874207
976,38102,,,0.8570715188980103,0.6968201994895935,,
977,38141,,,,,0.7161887288093567,0.354653537273407
977,38141,,,0.8829182386398315,0.6722131371498108,,
978,38180,,,,,0.714063286781311,0.3519933521747589
978,38180,,,0.883641242980957,0.6622071862220764,,
979,38219,,,,,0.7185839414596558,0.35227707028388977
979,38219,,,0.8803061246871948,0.6891425251960754,,
980,38258,,,,,0.7176992893218994,0.35259366035461426
980,38258,,,0.8632380366325378,0.6737699508666992,,
981,38297,,,,,0.7149903774261475,0.35310065746307373
981,38297,,,0.8830341696739197,0.650597870349884,,
982,38336,,,,,0.7126244306564331,0.3535580337047577
982,38336,,,0.864689290523529,0.6829541921615601,,
983,38375,,,,,0.7185157537460327,0.3539428412914276
983,38375,,,0.84858638048172,0.6995394825935364,,
984,38414,,,,,0.7174551486968994,0.35366782546043396
984,38414,,,0.8665991425514221,0.6838998794555664,,
985,38453,,,,,0.7214314341545105,0.35219866037368774
985,38453,,,0.8810040354728699,0.6718353629112244,,
986,38492,,,,,0.7234990000724792,0.35132545232772827
986,38492,,,0.8624505400657654,0.6943526864051819,,
987,38531,,,,,0.7181978225708008,0.34924209117889404
987,38531,,,0.8473626971244812,0.6950708031654358,,
988,38570,,,,,0.7279810309410095,0.35252952575683594
988,38570,,,0.8555362224578857,0.6918653845787048,,
989,38609,,,,,0.7155478596687317,0.35261377692222595
989,38609,,,0.8836648464202881,0.6662639379501343,,
990,38648,,,,,0.7131140828132629,0.35344699025154114
990,38648,,,0.850352942943573,0.6576831936836243,,
991,38687,,,,,0.711354672908783,0.3536986708641052
991,38687,,,0.8850250244140625,0.6572577357292175,,
992,38726,,,,,0.7072874307632446,0.3566540777683258
992,38726,,,0.8682582378387451,0.6788783669471741,,
993,38765,,,,,0.7147721648216248,0.3559544086456299
993,38765,,,0.8681879043579102,0.6627506613731384,,
994,38804,,,,,0.7163522243499756,0.3581642508506775
994,38804,,,0.9269331097602844,0.6458515524864197,,
995,38843,,,,,0.7138291001319885,0.35888320207595825
995,38843,,,0.8359032869338989,0.7131601572036743,,
996,38882,,,,,0.7107370495796204,0.3605836033821106
996,38882,,,0.8899707198143005,0.6776321530342102,,
997,38921,,,,,0.7091553807258606,0.3588844835758209
997,38921,,,0.8589715957641602,0.6820789575576782,,
998,38960,,,,,0.7204210758209229,0.3592727482318878
998,38960,,,0.8555936813354492,0.6958797574043274,,
999,38999,,,,,0.7117586731910706,0.3582302927970886
999,38999,,,0.8816125392913818,0.6696509122848511,,
1000,39038,,,,,0.7017149329185486,0.3564906418323517
1000,39038,,,0.8698651194572449,0.6728306412696838,,
1001,39077,,,,,0.7140442132949829,0.3577969968318939
1001,39077,,,0.9003689885139465,0.6643094420433044,,
1002,39116,,,,,0.7209973335266113,0.35754573345184326
1002,39116,,,0.8854106068611145,0.6899659037590027,,
1003,39155,,,,,0.7036614418029785,0.35403987765312195
1003,39155,,,0.8677658438682556,0.688162088394165,,
1004,39194,,,,,0.7190348505973816,0.354547381401062
1004,39194,,,0.9019801616668701,0.6772556304931641,,
1005,39233,,,,,0.7175455689430237,0.355431467294693
1005,39233,,,0.886955738067627,0.6605697274208069,,
1006,39272,,,,,0.7122952342033386,0.35586032271385193
1006,39272,,,0.8767170310020447,0.6646112203598022,,
1007,39311,,,,,0.7130030989646912,0.35628753900527954
1007,39311,,,0.8743347525596619,0.7011575698852539,,
1008,39350,,,,,0.7103809714317322,0.3552490174770355
1008,39350,,,0.8863164186477661,0.6614660024642944,,
1009,39389,,,,,0.7072601914405823,0.35312819480895996
1009,39389,,,0.8720229864120483,0.7012438774108887,,
1010,39428,,,,,0.7132421731948853,0.3540666699409485
1010,39428,,,0.8687258958816528,0.6905742287635803,,
1011,39467,,,,,0.7112993001937866,0.3546421229839325
1011,39467,,,0.8753764629364014,0.6812931895256042,,
1012,39506,,,,,0.7040068507194519,0.3543548583984375
1012,39506,,,0.8570062518119812,0.6871112585067749,,
1013,39545,,,,,0.7128233313560486,0.3559395670890808
1013,39545,,,0.8828338384628296,0.6657876968383789,,
1014,39584,,,,,0.7134658694267273,0.3547162711620331
1014,39584,,,0.8785549998283386,0.699230968952179,,
1015,39623,,,,,0.7138310074806213,0.354730486869812
1015,39623,,,0.8563563227653503,0.6935901045799255,,
1016,39662,,,,,0.7098711133003235,0.35280686616897583
1016,39662,,,0.8317935466766357,0.7269291281700134,,
1017,39701,,,,,0.7183153629302979,0.35564762353897095
1017,39701,,,0.8690763711929321,0.6670603156089783,,
1018,39740,,,,,0.7144010066986084,0.3554314970970154
1018,39740,,,0.8463094830513,0.6783755421638489,,
1019,39779,,,,,0.7060278058052063,0.35432398319244385
1019,39779,,,0.8671124577522278,0.6542609333992004,,
1020,39818,,,,,0.7109048962593079,0.3562701940536499
1020,39818,,,0.8770570158958435,0.6979573369026184,,
1021,39857,,,,,0.7166234850883484,0.3591189682483673
1021,39857,,,0.8857648968696594,0.6928130388259888,,
1022,39896,,,,,0.7142122387886047,0.35727179050445557
1022,39896,,,0.8581361174583435,0.6819376349449158,,
1023,39935,,,,,0.7143891453742981,0.35595762729644775
1023,39935,,,0.8706648349761963,0.7114888429641724,,
1024,39974,,,,,0.7086906433105469,0.35553133487701416
1024,39974,,,0.86954665184021,0.6728709936141968,,
1025,40013,,,,,0.7058071494102478,0.3561353087425232
1025,40013,,,0.8766360878944397,0.6880244612693787,,
1026,40052,,,,,0.7154805064201355,0.35718852281570435
1026,40052,,,0.8821606636047363,0.6489318609237671,,
1027,40091,,,,,0.7162258625030518,0.3579385578632355
1027,40091,,,0.916485607624054,0.6800132393836975,,
1028,40130,,,,,0.7149571776390076,0.35788998007774353
1028,40130,,,0.8873846530914307,0.6764289140701294,,
1029,40169,,,,,0.710870623588562,0.35613158345222473
1029,40169,,,0.8487983345985413,0.6916111707687378,,
1030,40208,,,,,0.7221558690071106,0.35626253485679626
1030,40208,,,0.856634259223938,0.7132603526115417,,
1031,40247,,,,,0.7180231213569641,0.3534044325351715
1031,40247,,,0.8849707245826721,0.6761210560798645,,
1032,40286,,,,,0.7192690968513489,0.3561610281467438
1032,40286,,,0.8960146903991699,0.6615924835205078,,
1033,40325,,,,,0.7079582214355469,0.35440728068351746
1033,40325,,,0.8523513674736023,0.6949378252029419,,
1034,40364,,,,,0.718407154083252,0.35538074374198914
1034,40364,,,0.8716816306114197,0.7058699131011963,,
1035,40403,,,,,0.7088642716407776,0.3529254198074341
1035,40403,,,0.8708760142326355,0.6726091504096985,,
1036,40442,,,,,0.7154686450958252,0.35469406843185425
1036,40442,,,0.8305736184120178,0.698518693447113,,
1037,40481,,,,,0.7060192227363586,0.35399869084358215
1037,40481,,,0.8404973149299622,0.7149652242660522,,
1038,40520,,,,,0.7093907594680786,0.3550894260406494
1038,40520,,,0.8721726536750793,0.6944622993469238,,
1039,40559,,,,,0.710258424282074,0.35617396235466003
1039,40559,,,0.8687860369682312,0.6936567425727844,,
1040,40598,,,,,0.7065009474754333,0.35671520233154297
1040,40598,,,0.8481869101524353,0.7076870799064636,,
1041,40637,,,,,0.706325352191925,0.3568679988384247
1041,40637,,,0.8379469513893127,0.7112035751342773,,
1042,40676,,,,,0.711811900138855,0.35745882987976074
1042,40676,,,0.8769787549972534,0.688916802406311,,
1043,40715,,,,,0.7092067003250122,0.3566589653491974
1043,40715,,,0.8687188625335693,0.7051631212234497,,
1044,40754,,,,,0.7098620533943176,0.35777547955513
1044,40754,,,0.865184485912323,0.6987032890319824,,
1045,40793,,,,,0.7103544473648071,0.3596222698688507
1045,40793,,,0.8718096613883972,0.6782166361808777,,
1046,40832,,,,,0.7033702731132507,0.35729360580444336
1046,40832,,,0.8570066690444946,0.666897177696228,,
1047,40871,,,,,0.7197250127792358,0.36095550656318665
1047,40871,,,0.839394211769104,0.663497805595398,,
1048,40910,,,,,0.7035167813301086,0.35919153690338135
1048,40910,,,0.8331891298294067,0.7266566753387451,,
1049,40949,,,,,0.7036709785461426,0.35824331641197205
1049,40949,,,0.8675816655158997,0.6903451681137085,,
1050,40988,,,,,0.7082400918006897,0.3578062057495117
1050,40988,,,0.8592292666435242,0.7075967788696289,,
1051,41027,,,,,0.7236817479133606,0.3585450351238251
1051,41027,,,0.8482550382614136,0.7003235220909119,,
1052,41066,,,,,0.7154445052146912,0.3561527132987976
1052,41066,,,0.8825504779815674,0.6852554678916931,,
1053,41105,,,,,0.710465133190155,0.35301655530929565
1053,41105,,,0.8572393655776978,0.6884865164756775,,
1054,41144,,,,,0.7163856029510498,0.3558028042316437
1054,41144,,,0.8665951490402222,0.6949453353881836,,
1055,41183,,,,,0.7193466424942017,0.35962966084480286
1055,41183,,,0.845146656036377,0.7283337712287903,,
1056,41222,,,,,0.7061534523963928,0.35624960064888
1056,41222,,,0.8705942034721375,0.7047736048698425,,
1057,41261,,,,,0.718515932559967,0.3584582507610321
1057,41261,,,0.8450501561164856,0.688787579536438,,
1058,41300,,,,,0.7124549150466919,0.35714495182037354
1058,41300,,,0.8751502633094788,0.6597956418991089,,
1059,41339,,,,,0.7164635062217712,0.35748523473739624
1059,41339,,,0.8323391675949097,0.726043701171875,,
1060,41378,,,,,0.7177565097808838,0.3570901155471802
1060,41378,,,0.8987066745758057,0.6803010702133179,,
1061,41417,,,,,0.7155569791793823,0.3583057224750519
1061,41417,,,0.8678240776062012,0.6932538151741028,,
1062,41456,,,,,0.7088168859481812,0.3564983308315277
1062,41456,,,0.8246899843215942,0.7106851935386658,,
1063,41495,,,,,0.712831974029541,0.3552424907684326
1063,41495,,,0.8507387042045593,0.7012933492660522,,
1064,41534,,,,,0.7221016883850098,0.35662218928337097
1064,41534,,,0.8478301763534546,0.6974056959152222,,
1065,41573,,,,,0.7229989767074585,0.35678377747535706
1065,41573,,,0.858917236328125,0.6948946714401245,,
1066,41612,,,,,0.7126712203025818,0.3586250841617584
1066,41612,,,0.8506637811660767,0.6911460161209106,,
1067,41651,,,,,0.7177990674972534,0.361402690410614
1067,41651,,,0.8400413393974304,0.7120987772941589,,
1068,41690,,,,,0.7155854105949402,0.3623494505882263
1068,41690,,,0.8785330057144165,0.6913389563560486,,
1069,41729,,,,,0.7134934067726135,0.35851797461509705
1069,41729,,,0.8658615350723267,0.7084932327270508,,
1070,41768,,,,,0.7188381552696228,0.35746854543685913
1070,41768,,,0.8657127022743225,0.6872681379318237,,
1071,41807,,,,,0.716081440448761,0.356219083070755
1071,41807,,,0.8499425053596497,0.6856364607810974,,
1072,41846,,,,,0.719900369644165,0.3545800447463989
1072,41846,,,0.8376181125640869,0.7253822684288025,,
1073,41885,,,,,0.7131617069244385,0.3541967272758484
1073,41885,,,0.8382338285446167,0.6836756467819214,,
1074,41924,,,,,0.7159906625747681,0.35636579990386963
1074,41924,,,0.8401709198951721,0.7058913111686707,,
1075,41963,,,,,0.7092669010162354,0.3566639721393585
1075,41963,,,0.8412046432495117,0.702625572681427,,
1076,42002,,,,,0.7035625576972961,0.3549240231513977
1076,42002,,,0.8560104370117188,0.6800870895385742,,
1077,42041,,,,,0.7070964574813843,0.3528125286102295
1077,42041,,,0.8312602043151855,0.694696843624115,,
1078,42080,,,,,0.7115117907524109,0.3553485572338104
1078,42080,,,0.8258815407752991,0.7317367196083069,,
1079,42119,,,,,0.7025405168533325,0.35565894842147827
1079,42119,,,0.8873468041419983,0.6833999752998352,,
1080,42158,,,,,0.7056323885917664,0.3563128709793091
1080,42158,,,0.8316909670829773,0.709103524684906,,
1081,42197,,,,,0.7087598443031311,0.35766810178756714
1081,42197,,,0.8451119661331177,0.6999131441116333,,
1082,42236,,,,,0.7027554512023926,0.35794711112976074
1082,42236,,,0.845304548740387,0.7030773162841797,,
1083,42275,,,,,0.7081164121627808,0.3596717119216919
1083,42275,,,0.8509218096733093,0.693953275680542,,
1084,42314,,,,,0.7002348303794861,0.35678988695144653
1084,42314,,,0.8382528424263,0.6969279646873474,,
1085,42353,,,,,0.7102458477020264,0.35823681950569153
1085,42353,,,0.8181986212730408,0.7039471864700317,,
1086,42392,,,,,0.7155753374099731,0.3584994673728943
1086,42392,,,0.8397085666656494,0.6921898722648621,,
1087,42431,,,,,0.7110759019851685,0.355241596698761
1087,42431,,,0.8701562881469727,0.6741053462028503,,
1088,42470,,,,,0.7076528668403625,0.3559631109237671
1088,42470,,,0.878878653049469,0.7062057256698608,,
1089,42509,,,,,0.7150629162788391,0.3595277667045593
1089,42509,,,0.8595219254493713,0.6951998472213745,,
1090,42548,,,,,0.7089992761611938,0.35946792364120483
1090,42548,,,0.8400474786758423,0.6967638731002808,,
1091,42587,,,,,0.7150363326072693,0.3601686358451843
1091,42587,,,0.8645341396331787,0.6960416436195374,,
1092,42626,,,,,0.709904670715332,0.35865429043769836
1092,42626,,,0.8709162473678589,0.6908861994743347,,
1093,42665,,,,,0.7092669010162354,0.35727185010910034
1093,42665,,,0.8313290476799011,0.7269058227539062,,
1094,42704,,,,,0.7133386731147766,0.35723671317100525
1094,42704,,,0.8463967442512512,0.7054150700569153,,
1095,42743,,,,,0.713950514793396,0.356601357460022
1095,42743,,,0.8452536463737488,0.7152419090270996,,
1096,42782,,,,,0.7100106477737427,0.3544290065765381
1096,42782,,,0.8274044394493103,0.705500066280365,,
1097,42821,,,,,0.7046874165534973,0.35349521040916443
1097,42821,,,0.8682770133018494,0.6688302159309387,,
1098,42860,,,,,0.7122918367385864,0.3558613359928131
1098,42860,,,0.8552641272544861,0.7009845972061157,,
1099,42899,,,,,0.7048860788345337,0.35676655173301697
1099,42899,,,0.8522749543190002,0.6979696750640869,,
1100,42938,,,,,0.7065603733062744,0.3559356927871704
1100,42938,,,0.8403230309486389,0.7128965258598328,,
1101,42977,,,,,0.7154036164283752,0.35659167170524597
1101,42977,,,0.8756492733955383,0.7050594687461853,,
1102,43016,,,,,0.7077440619468689,0.3556460440158844
1102,43016,,,0.865102231502533,0.687917172908783,,
1103,43055,,,,,0.7105793356895447,0.35749638080596924
1103,43055,,,0.8714638948440552,0.683516263961792,,
1104,43094,,,,,0.7099986672401428,0.35893934965133667
1104,43094,,,0.8582391738891602,0.7031047344207764,,
1105,43133,,,,,0.710724413394928,0.3580472767353058
1105,43133,,,0.8414568901062012,0.7088202238082886,,
1106,43172,,,,,0.7095603942871094,0.35753151774406433
1106,43172,,,0.8543086647987366,0.7023333311080933,,
1107,43211,,,,,0.721121072769165,0.3567267060279846
1107,43211,,,0.8479427695274353,0.6749094724655151,,
1108,43250,,,,,0.7047062516212463,0.35698017477989197
1108,43250,,,0.8513896465301514,0.6959319710731506,,
1109,43289,,,,,0.712414026260376,0.35798850655555725
1109,43289,,,0.8517019748687744,0.7151339650154114,,
1110,43328,,,,,0.7034497857093811,0.3568533957004547
1110,43328,,,0.8531660437583923,0.6958736181259155,,
1111,43367,,,,,0.7095897197723389,0.35831278562545776
1111,43367,,,0.8306585550308228,0.6908537745475769,,
1112,43406,,,,,0.7043267488479614,0.35559436678886414
1112,43406,,,0.8894128203392029,0.6686134338378906,,
1113,43445,,,,,0.7061058878898621,0.3556210398674011
1113,43445,,,0.87262362241745,0.7070660591125488,,
1114,43484,,,,,0.7136857509613037,0.35583335161209106
1114,43484,,,0.8243052959442139,0.7403541207313538,,
1115,43523,,,,,0.7089229226112366,0.35667580366134644
1115,43523,,,0.844379723072052,0.6906600594520569,,
1116,43562,,,,,0.7066670060157776,0.35834601521492004
1116,43562,,,0.8528357148170471,0.6901596784591675,,
1117,43601,,,,,0.7014330625534058,0.3580033779144287
1117,43601,,,0.834833025932312,0.7066704034805298,,
1118,43640,,,,,0.7059573531150818,0.36021581292152405
1118,43640,,,0.8251475691795349,0.6864933967590332,,
1119,43679,,,,,0.7103667855262756,0.3615172803401947
1119,43679,,,0.8114179968833923,0.7281215190887451,,
1120,43718,,,,,0.7200326323509216,0.36082562804222107
1120,43718,,,0.8561016917228699,0.7166181802749634,,
1121,43757,,,,,0.701036274433136,0.36079874634742737
1121,43757,,,0.8552365303039551,0.6873528957366943,,
1122,43796,,,,,0.6995476484298706,0.3586260676383972
1122,43796,,,0.8409438729286194,0.704228401184082,,
1123,43835,,,,,0.7133175134658813,0.36068195104599
1123,43835,,,0.8389137387275696,0.7142882943153381,,
1124,43874,,,,,0.7089651226997375,0.36063337326049805
1124,43874,,,0.8625109791755676,0.6919330358505249,,
1125,43913,,,,,0.7118049263954163,0.3599700927734375
1125,43913,,,0.8592357039451599,0.7026628851890564,,
1126,43952,,,,,0.7154859900474548,0.359927773475647
1126,43952,,,0.8371791243553162,0.6894137263298035,,
1127,43991,,,,,0.7195180654525757,0.3607749342918396
1127,43991,,,0.8485277891159058,0.7076001763343811,,
1128,44030,,,,,0.7133033275604248,0.36141520738601685
1128,44030,,,0.8707500100135803,0.699323296546936,,
1129,44069,,,,,0.7112104296684265,0.361179918050766
1129,44069,,,0.8424760103225708,0.7096953392028809,,
1130,44108,,,,,0.7040784358978271,0.3625068962574005
1130,44108,,,0.8671454191207886,0.6860563158988953,,
1131,44147,,,,,0.7079141736030579,0.3601625859737396
1131,44147,,,0.8747685551643372,0.6633707880973816,,
1132,44186,,,,,0.7097740769386292,0.3601059317588806
1132,44186,,,0.8230788111686707,0.6892982721328735,,
1133,44225,,,,,0.7040678858757019,0.35788771510124207
1133,44225,,,0.8620527982711792,0.70408695936203,,
1134,44264,,,,,0.7009289860725403,0.3599289059638977
1134,44264,,,0.8071737289428711,0.7162893414497375,,
1135,44303,,,,,0.7151262164115906,0.3639715015888214
1135,44303,,,0.8272940516471863,0.6952111721038818,,
1136,44342,,,,,0.7106521725654602,0.36266547441482544
1136,44342,,,0.8291604518890381,0.7208405137062073,,
1137,44381,,,,,0.7064434289932251,0.3615708351135254
1137,44381,,,0.7952205538749695,0.712142825126648,,
1138,44420,,,,,0.6990315914154053,0.3601526916027069
1138,44420,,,0.8485069274902344,0.7117022275924683,,
1139,44459,,,,,0.6995012760162354,0.36096689105033875
1139,44459,,,0.8286548256874084,0.7029004693031311,,
1140,44498,,,,,0.7113957405090332,0.3638855218887329
1140,44498,,,0.8411041498184204,0.7003676891326904,,
1141,44537,,,,,0.6953436732292175,0.36000457406044006
1141,44537,,,0.8409155011177063,0.6632532477378845,,
1142,44576,,,,,0.7057185769081116,0.3584900498390198
1142,44576,,,0.8576754331588745,0.6914346218109131,,
1143,44615,,,,,0.7095116972923279,0.36162853240966797
1143,44615,,,0.8582978844642639,0.7038376927375793,,
1144,44654,,,,,0.7181231379508972,0.36159446835517883
1144,44654,,,0.8712418675422668,0.6666291356086731,,
1145,44693,,,,,0.7121549844741821,0.3599158525466919
1145,44693,,,0.8188266158103943,0.723560631275177,,
1146,44732,,,,,0.7033997774124146,0.35937973856925964
1146,44732,,,0.840760350227356,0.6861542463302612,,
1147,44771,,,,,0.7109301090240479,0.362756609916687
1147,44771,,,0.831580638885498,0.7320206761360168,,
1148,44810,,,,,0.7034125328063965,0.36317896842956543
1148,44810,,,0.8316999673843384,0.7280585765838623,,
1149,44849,,,,,0.7073155641555786,0.3655204176902771
1149,44849,,,0.818854033946991,0.7329899072647095,,
1150,44888,,,,,0.7107982635498047,0.36633723974227905
1150,44888,,,0.832121729850769,0.7111285924911499,,
1151,44927,,,,,0.6996534466743469,0.36712631583213806
1151,44927,,,0.8385272026062012,0.6920080780982971,,
1152,44966,,,,,0.7102757692337036,0.36654552817344666
1152,44966,,,0.8825001120567322,0.6869959235191345,,
1153,45005,,,,,0.7055129408836365,0.36665961146354675
1153,45005,,,0.8189339637756348,0.7205950021743774,,
1154,45044,,,,,0.7101542949676514,0.3678957521915436
1154,45044,,,0.8303329348564148,0.6802979707717896,,
1155,45083,,,,,0.7182241678237915,0.36748170852661133
1155,45083,,,0.8770830035209656,0.6778276562690735,,
1156,45122,,,,,0.711306631565094,0.36392903327941895
1156,45122,,,0.8512788414955139,0.7057774066925049,,
1157,45161,,,,,0.7041325569152832,0.36499717831611633
1157,45161,,,0.8632872104644775,0.672599196434021,,
1158,45200,,,,,0.710099995136261,0.3668460249900818
1158,45200,,,0.8771793842315674,0.670884370803833,,
1159,45239,,,,,0.7045575380325317,0.3675110936164856
1159,45239,,,0.8580964207649231,0.6860805153846741,,
1160,45278,,,,,0.7061770558357239,0.3676029443740845
1160,45278,,,0.8419485688209534,0.719452440738678,,
1161,45317,,,,,0.7028742432594299,0.3694179654121399
1161,45317,,,0.839623749256134,0.7059654593467712,,
1162,45356,,,,,0.7085878849029541,0.3678915798664093
1162,45356,,,0.8390161395072937,0.7042819857597351,,
1163,45395,,,,,0.7067767977714539,0.36654216051101685
1163,45395,,,0.8469058275222778,0.6994409561157227,,
1164,45434,,,,,0.712500810623169,0.3648277223110199
1164,45434,,,0.8533757328987122,0.6920986175537109,,
1165,45473,,,,,0.7107421159744263,0.36417505145072937
1165,45473,,,0.8161641955375671,0.7274836897850037,,
1166,45512,,,,,0.7157585620880127,0.3646221160888672
1166,45512,,,0.8359013795852661,0.7256541848182678,,
1167,45551,,,,,0.7083143591880798,0.3642044961452484
1167,45551,,,0.8106496334075928,0.7326241731643677,,
1168,45590,,,,,0.7087540030479431,0.3623840808868408
1168,45590,,,0.85386061668396,0.7009096741676331,,
1169,45629,,,,,0.7019146084785461,0.3619869649410248
1169,45629,,,0.8618962168693542,0.689254879951477,,
1170,45668,,,,,0.7095110416412354,0.36386218667030334
1170,45668,,,0.8353834748268127,0.7114085555076599,,
1171,45707,,,,,0.7123947739601135,0.36731812357902527
1171,45707,,,0.8436986207962036,0.7219772934913635,,
1172,45746,,,,,0.7003338932991028,0.36465445160865784
1172,45746,,,0.859035074710846,0.7101556062698364,,
1173,45785,,,,,0.709747314453125,0.36645442247390747
1173,45785,,,0.8364331126213074,0.6909930109977722,,
1174,45824,,,,,0.700727641582489,0.36618661880493164
1174,45824,,,0.8283329606056213,0.6937951445579529,,
1175,45863,,,,,0.7082365155220032,0.36655113101005554
1175,45863,,,0.8648285269737244,0.7002506852149963,,
1176,45902,,,,,0.7030141949653625,0.36758655309677124
1176,45902,,,0.8594394326210022,0.6874865293502808,,
1177,45941,,,,,0.7038747668266296,0.3693814277648926
1177,45941,,,0.8395004272460938,0.7128955721855164,,
1178,45980,,,,,0.7065123319625854,0.369218647480011
1178,45980,,,0.8569261431694031,0.6927341818809509,,
1179,46019,,,,,0.7155487537384033,0.36933740973472595
1179,46019,,,0.8208175897598267,0.7106944918632507,,
1180,46058,,,,,0.7050896883010864,0.3687960207462311
1180,46058,,,0.8412141799926758,0.725593090057373,,
1181,46097,,,,,0.6979243755340576,0.367615669965744
1181,46097,,,0.8194311261177063,0.7367469072341919,,
1182,46136,,,,,0.7029227614402771,0.3686481714248657
1182,46136,,,0.8095778822898865,0.70225989818573,,
1183,46175,,,,,0.7004038095474243,0.366566926240921
1183,46175,,,0.8183236718177795,0.7254438996315002,,
1184,46214,,,,,0.702110230922699,0.3677781820297241
1184,46214,,,0.8696015477180481,0.6754316687583923,,
1185,46253,,,,,0.7072722315788269,0.36596453189849854
1185,46253,,,0.8259060382843018,0.6945586800575256,,
1186,46292,,,,,0.7065202593803406,0.3645192086696625
1186,46292,,,0.8575466871261597,0.6957604289054871,,
1187,46331,,,,,0.7215110659599304,0.3643660843372345
1187,46331,,,0.8523544669151306,0.7087278366088867,,
1188,46370,,,,,0.705423891544342,0.3612174391746521
1188,46370,,,0.8330998420715332,0.7011616230010986,,
1189,46409,,,,,0.700465977191925,0.36221614480018616
1189,46409,,,0.8451486229896545,0.7038728594779968,,
1190,46448,,,,,0.7093065977096558,0.3624017536640167
1190,46448,,,0.8061683773994446,0.7125425338745117,,
1191,46487,,,,,0.713165283203125,0.36183032393455505
1191,46487,,,0.8280586004257202,0.7342683672904968,,
1192,46526,,,,,0.7138584852218628,0.3631436824798584
1192,46526,,,0.8612410426139832,0.6917544603347778,,
1193,46565,,,,,0.7026702165603638,0.363950252532959
1193,46565,,,0.8446747064590454,0.7075854539871216,,
1194,46604,,,,,0.7054780125617981,0.3641037940979004
1194,46604,,,0.8355793356895447,0.7064495086669922,,
1195,46643,,,,,0.7055260539054871,0.36319103837013245
1195,46643,,,0.8207716345787048,0.7080893516540527,,
1196,46682,,,,,0.7152215242385864,0.3633304834365845
1196,46682,,,0.8365217447280884,0.7123486399650574,,
1197,46721,,,,,0.716709554195404,0.36258232593536377
1197,46721,,,0.8042952418327332,0.7156977653503418,,
1198,46760,,,,,0.7101901769638062,0.3651292622089386
1198,46760,,,0.8541184663772583,0.7075594067573547,,
1199,46799,,,,,0.7190936803817749,0.36765363812446594
1199,46799,,,0.843224823474884,0.7097724080085754,,
1200,46838,,,,,0.7099591493606567,0.36913561820983887
1200,46838,,,0.8110302686691284,0.7259011268615723,,
1201,46877,,,,,0.7144665122032166,0.3711119294166565
1201,46877,,,0.8493021726608276,0.6980990171432495,,
1202,46916,,,,,0.70889812707901,0.37097328901290894
1202,46916,,,0.8392754793167114,0.7321350574493408,,
1203,46955,,,,,0.7110281586647034,0.37244585156440735
1203,46955,,,0.8400512337684631,0.7182515263557434,,
1204,46994,,,,,0.6952481269836426,0.36705484986305237
1204,46994,,,0.8430244326591492,0.7172325253486633,,
1205,47033,,,,,0.711918294429779,0.36694297194480896
1205,47033,,,0.8174777626991272,0.7195253372192383,,
1206,47072,,,,,0.7027420401573181,0.3674270212650299
1206,47072,,,0.8503115773200989,0.7184211611747742,,
1207,47111,,,,,0.7054156064987183,0.3673054575920105
1207,47111,,,0.8252264261245728,0.7185670137405396,,
1208,47150,,,,,0.7081648707389832,0.37031009793281555
1208,47150,,,0.8133574724197388,0.6980248689651489,,
1209,47189,,,,,0.6989490389823914,0.3681984841823578
1209,47189,,,0.8219336271286011,0.7325712442398071,,
1210,47228,,,,,0.6991548538208008,0.3696545958518982
1210,47228,,,0.8236990571022034,0.7137309312820435,,
1211,47267,,,,,0.7086440324783325,0.3690911829471588
1211,47267,,,0.831955075263977,0.7370827794075012,,
1212,47306,,,,,0.7064112424850464,0.3685199022293091
1212,47306,,,0.828559398651123,0.7100961804389954,,
1213,47345,,,,,0.7163872122764587,0.3700539171695709
1213,47345,,,0.8290165662765503,0.7080171704292297,,
1214,47384,,,,,0.7119567394256592,0.36858418583869934
1214,47384,,,0.843246340751648,0.7074282169342041,,
1215,47423,,,,,0.7154848575592041,0.3687964975833893
1215,47423,,,0.8670399188995361,0.7010703086853027,,
1216,47462,,,,,0.7109249234199524,0.36739277839660645
1216,47462,,,0.8512492179870605,0.7283740043640137,,
1217,47501,,,,,0.7130851149559021,0.36782267689704895
1217,47501,,,0.8218812942504883,0.7252730131149292,,
1218,47540,,,,,0.7064536213874817,0.3679538369178772
1218,47540,,,0.86908358335495,0.7086912989616394,,
1219,47579,,,,,0.7101489305496216,0.3688473105430603
1219,47579,,,0.8393509984016418,0.7020681500434875,,
1220,47618,,,,,0.7090743184089661,0.36785465478897095
1220,47618,,,0.826991856098175,0.7235981822013855,,
1221,47657,,,,,0.707594096660614,0.36768612265586853
1221,47657,,,0.8077934980392456,0.7210578322410583,,
1222,47696,,,,,0.7101495862007141,0.36701828241348267
1222,47696,,,0.8282934427261353,0.7077662944793701,,
1223,47735,,,,,0.7141020894050598,0.36708778142929077
1223,47735,,,0.8347237706184387,0.7193143963813782,,
1224,47774,,,,,0.7138451337814331,0.36871886253356934
1224,47774,,,0.8334512710571289,0.7204011678695679,,
1225,47813,,,,,0.7041494250297546,0.3680284321308136
1225,47813,,,0.7988607287406921,0.7372446656227112,,
1226,47852,,,,,0.7108480334281921,0.3696083724498749
1226,47852,,,0.8705857992172241,0.6949425935745239,,
1227,47891,,,,,0.7052580714225769,0.3689754903316498
1227,47891,,,0.8016012907028198,0.7332214117050171,,
1228,47930,,,,,0.7086936831474304,0.3702581822872162
1228,47930,,,0.8060716986656189,0.7180461883544922,,
1229,47969,,,,,0.7095507383346558,0.3700112998485565
1229,47969,,,0.8141600489616394,0.7221887707710266,,
1230,48008,,,,,0.7011215686798096,0.368163526058197
1230,48008,,,0.8289387226104736,0.711574912071228,,
1231,48047,,,,,0.7079328298568726,0.36969491839408875
1231,48047,,,0.8291602730751038,0.7188833951950073,,
1232,48086,,,,,0.7074054479598999,0.36891061067581177
1232,48086,,,0.8413460850715637,0.7179446816444397,,
1233,48125,,,,,0.6990274786949158,0.36859071254730225
1233,48125,,,0.8399720788002014,0.7132591605186462,,
1234,48164,,,,,0.6994735598564148,0.3680981695652008
1234,48164,,,0.8209933638572693,0.7210673689842224,,
1235,48203,,,,,0.7103997468948364,0.36706802248954773
1235,48203,,,0.8220237493515015,0.7123557329177856,,
1236,48242,,,,,0.7056892514228821,0.3662942945957184
1236,48242,,,0.8748249411582947,0.6816546320915222,,
1237,48281,,,,,0.6993352770805359,0.3656112551689148
1237,48281,,,0.8211658000946045,0.7206341028213501,,
1238,48320,,,,,0.7153297066688538,0.3684580326080322
1238,48320,,,0.8714549541473389,0.697982132434845,,
1239,48359,,,,,0.7130472660064697,0.36716094613075256
1239,48359,,,0.8294557332992554,0.7344538569450378,,
1240,48398,,,,,0.7073420882225037,0.36721980571746826
1240,48398,,,0.8513942360877991,0.7108515501022339,,
1241,48437,,,,,0.7008621096611023,0.3694683611392975
1241,48437,,,0.8323994874954224,0.727256715297699,,
1242,48438,1.5681958198547363,0.03928694501519203,,,,
