epoch,step,test_loss,test_pcc,train_loss_epoch,train_pcc_epoch,val_loss,val_pcc
0,40,,,,,0.9297927021980286,0.017726624384522438
0,40,,,1.5792137384414673,-0.01552486140280962,,
1,81,,,,,0.8896210789680481,0.06642806529998779
1,81,,,1.4565144777297974,-0.0002689092652872205,,
2,122,,,,,0.8833622336387634,0.1247086152434349
2,122,,,1.413555383682251,0.030737213790416718,,
3,163,,,,,0.8827171921730042,0.18631772696971893
3,163,,,1.3783835172653198,0.006481080316007137,,
4,204,,,,,0.8818497061729431,0.2344333678483963
4,204,,,1.394176721572876,0.04460480064153671,,
5,245,,,,,0.8833683133125305,0.2589009404182434
5,245,,,1.3801008462905884,0.045999448746442795,,
6,286,,,,,0.8809401392936707,0.268146812915802
6,286,,,1.3787667751312256,0.015555824153125286,,
7,327,,,,,0.8813216090202332,0.26802191138267517
7,327,,,1.346621036529541,0.0849677324295044,,
8,368,,,,,0.8812249898910522,0.2693384885787964
8,368,,,1.350480318069458,0.04183213785290718,,
9,409,,,,,0.8820480704307556,0.2707210183143616
9,409,,,1.3708730936050415,0.0790710374712944,,
10,450,,,,,0.8824700713157654,0.2680976688861847
10,450,,,1.368849515914917,0.02452126331627369,,
11,491,,,,,0.881521463394165,0.2637311518192291
11,491,,,1.3795814514160156,0.004060784354805946,,
12,532,,,,,0.8791751265525818,0.2585816979408264
12,532,,,1.352504849433899,0.11183241009712219,,
13,573,,,,,0.8783513307571411,0.252306193113327
13,573,,,1.347954273223877,0.07686185836791992,,
14,614,,,,,0.877609372138977,0.2486378252506256
14,614,,,1.3523739576339722,0.08437560498714447,,
15,655,,,,,0.8765885233879089,0.24555708467960358
15,655,,,1.3486642837524414,0.014331762678921223,,
16,696,,,,,0.8765484094619751,0.24490781128406525
16,696,,,1.3212532997131348,0.07099509984254837,,
17,737,,,,,0.8767582774162292,0.24212145805358887
17,737,,,1.3739116191864014,0.08651459962129593,,
18,778,,,,,0.8779023289680481,0.23985831439495087
18,778,,,1.3482844829559326,0.13137651979923248,,
19,819,,,,,0.8751837015151978,0.23867885768413544
19,819,,,1.296103596687317,0.050636064261198044,,
20,860,,,,,0.8749803304672241,0.23571380972862244
20,860,,,1.3458762168884277,0.12903434038162231,,
21,901,,,,,0.8740504384040833,0.23423945903778076
21,901,,,1.3091144561767578,0.11251035332679749,,
22,942,,,,,0.8745424151420593,0.23338016867637634
22,942,,,1.3583393096923828,0.092098668217659,,
23,983,,,,,0.8741598725318909,0.23281672596931458
23,983,,,1.3132694959640503,0.1510554552078247,,
24,1024,,,,,0.8750371336936951,0.23408803343772888
24,1024,,,1.3173242807388306,0.1434869021177292,,
25,1065,,,,,0.8740197420120239,0.2346956431865692
25,1065,,,1.2951433658599854,0.14140543341636658,,
26,1106,,,,,0.8735159039497375,0.23660673201084137
26,1106,,,1.3434323072433472,0.13261008262634277,,
27,1147,,,,,0.8701876997947693,0.2351590096950531
27,1147,,,1.3166569471359253,0.129395991563797,,
28,1188,,,,,0.8706315159797668,0.23611454665660858
28,1188,,,1.3050637245178223,0.20485998690128326,,
29,1229,,,,,0.8719836473464966,0.23520588874816895
29,1229,,,1.3283069133758545,0.17008835077285767,,
30,1270,,,,,0.8696119785308838,0.23494887351989746
30,1270,,,1.3329557180404663,0.13908621668815613,,
31,1311,,,,,0.8691000938415527,0.23323948681354523
31,1311,,,1.317182183265686,0.16587138175964355,,
32,1352,,,,,0.8682410717010498,0.23348674178123474
32,1352,,,1.3364417552947998,0.19469915330410004,,
33,1393,,,,,0.8693816661834717,0.2350105345249176
33,1393,,,1.3046048879623413,0.1661781519651413,,
34,1434,,,,,0.8693596124649048,0.236160546541214
34,1434,,,1.2883137464523315,0.21802884340286255,,
35,1475,,,,,0.8697110414505005,0.23668670654296875
35,1475,,,1.3194518089294434,0.17393745481967926,,
36,1516,,,,,0.8649168014526367,0.23721472918987274
36,1516,,,1.3010480403900146,0.1556120216846466,,
37,1557,,,,,0.8646711707115173,0.23783738911151886
37,1557,,,1.2791045904159546,0.2648041546344757,,
38,1598,,,,,0.8640811443328857,0.23874276876449585
38,1598,,,1.3002570867538452,0.23195640742778778,,
39,1639,,,,,0.8631076812744141,0.23841995000839233
39,1639,,,1.2845736742019653,0.2317417860031128,,
40,1680,,,,,0.8626466393470764,0.23825335502624512
40,1680,,,1.3049722909927368,0.23311856389045715,,
41,1721,,,,,0.8634791970252991,0.23889295756816864
41,1721,,,1.2824283838272095,0.23629005253314972,,
42,1762,,,,,0.8614909648895264,0.23978833854198456
42,1762,,,1.304079532623291,0.23640641570091248,,
43,1803,,,,,0.8620375394821167,0.240817129611969
43,1803,,,1.3087122440338135,0.2173038274049759,,
44,1844,,,,,0.8618254661560059,0.24175558984279633
44,1844,,,1.280753493309021,0.2554633617401123,,
45,1885,,,,,0.8594794869422913,0.24121370911598206
45,1885,,,1.3084869384765625,0.23940351605415344,,
46,1926,,,,,0.8594405055046082,0.24212318658828735
46,1926,,,1.282588243484497,0.24545449018478394,,
47,1967,,,,,0.8565067648887634,0.24191002547740936
47,1967,,,1.2734284400939941,0.1963924616575241,,
48,2008,,,,,0.8556351661682129,0.24203144013881683
48,2008,,,1.2838590145111084,0.2097480595111847,,
49,2049,,,,,0.8561489582061768,0.24315394461154938
49,2049,,,1.2578905820846558,0.2703050374984741,,
50,2090,,,,,0.8560866117477417,0.24431908130645752
50,2090,,,1.2925894260406494,0.22063927352428436,,
51,2131,,,,,0.8564167618751526,0.2447977215051651
51,2131,,,1.2485407590866089,0.2527989149093628,,
52,2172,,,,,0.8572384119033813,0.24574290215969086
52,2172,,,1.2747570276260376,0.2738623321056366,,
53,2213,,,,,0.8534647226333618,0.2464165985584259
53,2213,,,1.2529561519622803,0.26465708017349243,,
54,2254,,,,,0.8545323014259338,0.24765624105930328
54,2254,,,1.2932132482528687,0.2838444113731384,,
55,2295,,,,,0.8543233871459961,0.24945299327373505
55,2295,,,1.2603716850280762,0.27043384313583374,,
56,2336,,,,,0.8553177714347839,0.24951434135437012
56,2336,,,1.2741280794143677,0.23306097090244293,,
57,2377,,,,,0.8533427715301514,0.25041520595550537
57,2377,,,1.2596361637115479,0.24265770614147186,,
58,2418,,,,,0.855171263217926,0.24957354366779327
58,2418,,,1.2508083581924438,0.27271103858947754,,
59,2459,,,,,0.8500263690948486,0.2510169744491577
59,2459,,,1.2591707706451416,0.23148338496685028,,
60,2500,,,,,0.8506417870521545,0.2509525716304779
60,2500,,,1.2679808139801025,0.29497620463371277,,
61,2541,,,,,0.8524923920631409,0.2518164813518524
61,2541,,,1.2190747261047363,0.27648845314979553,,
62,2582,,,,,0.8521783947944641,0.25225165486335754
62,2582,,,1.2267026901245117,0.2990177571773529,,
63,2623,,,,,0.8509300947189331,0.25313547253608704
63,2623,,,1.2605406045913696,0.29976072907447815,,
64,2664,,,,,0.8488458395004272,0.2545362710952759
64,2664,,,1.2350164651870728,0.28807592391967773,,
65,2705,,,,,0.8506248593330383,0.2546314597129822
65,2705,,,1.2504878044128418,0.27051180601119995,,
66,2746,,,,,0.8474095463752747,0.2552906274795532
66,2746,,,1.2583810091018677,0.3059435188770294,,
67,2787,,,,,0.8477572202682495,0.256089448928833
67,2787,,,1.2624772787094116,0.29066142439842224,,
68,2828,,,,,0.8502019047737122,0.2561030387878418
68,2828,,,1.2563966512680054,0.26370805501937866,,
69,2869,,,,,0.8515437841415405,0.2573840916156769
69,2869,,,1.2187696695327759,0.3255794048309326,,
70,2910,,,,,0.8463051915168762,0.2582518756389618
70,2910,,,1.2630903720855713,0.25087645649909973,,
71,2951,,,,,0.8477708697319031,0.2587132155895233
71,2951,,,1.228859782218933,0.30664750933647156,,
72,2992,,,,,0.8480604887008667,0.2582891285419464
72,2992,,,1.2434197664260864,0.2921891510486603,,
73,3033,,,,,0.8498129844665527,0.25912004709243774
73,3033,,,1.2635436058044434,0.2915286421775818,,
74,3074,,,,,0.8538431525230408,0.2586469352245331
74,3074,,,1.2365748882293701,0.32632726430892944,,
75,3115,,,,,0.8511874079704285,0.25831449031829834
75,3115,,,1.260511040687561,0.26973089575767517,,
76,3156,,,,,0.8512117266654968,0.2590489983558655
76,3156,,,1.2388441562652588,0.3524407744407654,,
77,3197,,,,,0.8512338399887085,0.2596197724342346
77,3197,,,1.2162322998046875,0.26235225796699524,,
78,3238,,,,,0.8490921258926392,0.25970786809921265
78,3238,,,1.251050591468811,0.296102911233902,,
79,3279,,,,,0.8529018759727478,0.2595265209674835
79,3279,,,1.262709617614746,0.3158228099346161,,
80,3320,,,,,0.8520326614379883,0.2601943910121918
80,3320,,,1.2409881353378296,0.3523921072483063,,
81,3361,,,,,0.8504809141159058,0.26040875911712646
81,3361,,,1.244521141052246,0.30037936568260193,,
82,3402,,,,,0.8480381369590759,0.2603761553764343
82,3402,,,1.2401198148727417,0.28920868039131165,,
83,3443,,,,,0.8495136499404907,0.2613026797771454
83,3443,,,1.248056173324585,0.30157551169395447,,
84,3484,,,,,0.849829375743866,0.2618722915649414
84,3484,,,1.236826777458191,0.3016182780265808,,
85,3525,,,,,0.8505494594573975,0.2621685564517975
85,3525,,,1.2296303510665894,0.3712955117225647,,
86,3566,,,,,0.8512822985649109,0.2633989751338959
86,3566,,,1.221997618675232,0.31609517335891724,,
87,3607,,,,,0.8501567244529724,0.26402631402015686
87,3607,,,1.2630901336669922,0.33124375343322754,,
88,3648,,,,,0.8492197394371033,0.26441818475723267
88,3648,,,1.2176029682159424,0.32558396458625793,,
89,3689,,,,,0.8507230877876282,0.2640444338321686
89,3689,,,1.2560136318206787,0.2963845729827881,,
90,3730,,,,,0.8537578582763672,0.26454997062683105
90,3730,,,1.2224420309066772,0.3402296304702759,,
91,3771,,,,,0.8497206568717957,0.2649478614330292
91,3771,,,1.2140426635742188,0.35193324089050293,,
92,3812,,,,,0.851356565952301,0.2653055787086487
92,3812,,,1.2082812786102295,0.3575756847858429,,
93,3853,,,,,0.8535453677177429,0.26585260033607483
93,3853,,,1.2074228525161743,0.32118338346481323,,
94,3894,,,,,0.8523944616317749,0.2661176025867462
94,3894,,,1.2086904048919678,0.33183398842811584,,
95,3935,,,,,0.8539857864379883,0.267322838306427
95,3935,,,1.212548017501831,0.329522043466568,,
96,3976,,,,,0.8561744689941406,0.26741042733192444
96,3976,,,1.2333029508590698,0.36669138073921204,,
97,4017,,,,,0.8540652990341187,0.26766663789749146
97,4017,,,1.2130968570709229,0.33644071221351624,,
98,4058,,,,,0.8540419936180115,0.26753509044647217
98,4058,,,1.2295533418655396,0.3466765284538269,,
99,4099,,,,,0.8533709645271301,0.26811638474464417
99,4099,,,1.2303168773651123,0.33843788504600525,,
100,4140,,,,,0.8528701663017273,0.2683245539665222
100,4140,,,1.2140462398529053,0.34700706601142883,,
101,4181,,,,,0.8538568019866943,0.2693592607975006
101,4181,,,1.2121081352233887,0.36256468296051025,,
102,4222,,,,,0.8542507886886597,0.27008816599845886
102,4222,,,1.202127456665039,0.3832716643810272,,
103,4263,,,,,0.853943943977356,0.27003636956214905
103,4263,,,1.1927258968353271,0.35627928376197815,,
104,4304,,,,,0.8529265522956848,0.27117279171943665
104,4304,,,1.1798131465911865,0.3480096757411957,,
105,4345,,,,,0.8499247431755066,0.2721628248691559
105,4345,,,1.2380796670913696,0.31123924255371094,,
106,4386,,,,,0.8478975296020508,0.2735438644886017
106,4386,,,1.1805773973464966,0.3220258355140686,,
107,4427,,,,,0.8473706245422363,0.2743193805217743
107,4427,,,1.1852223873138428,0.3434661626815796,,
108,4468,,,,,0.8506731986999512,0.27456560730934143
108,4468,,,1.2210590839385986,0.3178623914718628,,
109,4509,,,,,0.8526636958122253,0.27484577894210815
109,4509,,,1.2178553342819214,0.4066118896007538,,
110,4550,,,,,0.8544002771377563,0.2747770845890045
110,4550,,,1.2059857845306396,0.353356271982193,,
111,4591,,,,,0.8529554605484009,0.2753145098686218
111,4591,,,1.2034550905227661,0.361610472202301,,
112,4632,,,,,0.8527771830558777,0.275430828332901
112,4632,,,1.216679334640503,0.3557627499103546,,
113,4673,,,,,0.8545805811882019,0.2750493288040161
113,4673,,,1.1802699565887451,0.3430604636669159,,
114,4714,,,,,0.8520969152450562,0.275926411151886
114,4714,,,1.1701167821884155,0.3405621647834778,,
115,4755,,,,,0.8536885380744934,0.2766555845737457
115,4755,,,1.184213399887085,0.37152099609375,,
116,4796,,,,,0.8536903262138367,0.2773004472255707
116,4796,,,1.215474009513855,0.3650745451450348,,
117,4837,,,,,0.8536435961723328,0.27795395255088806
117,4837,,,1.1895737648010254,0.3964902460575104,,
118,4878,,,,,0.8532092571258545,0.2782808244228363
118,4878,,,1.1959589719772339,0.3358725309371948,,
119,4919,,,,,0.852075457572937,0.2793448567390442
119,4919,,,1.1921718120574951,0.37336599826812744,,
120,4960,,,,,0.8531219959259033,0.2796996831893921
120,4960,,,1.1914348602294922,0.39536550641059875,,
121,5001,,,,,0.8524189591407776,0.27945777773857117
121,5001,,,1.1962076425552368,0.37129849195480347,,
122,5042,,,,,0.8527126312255859,0.2802322506904602
122,5042,,,1.1962571144104004,0.3311174213886261,,
123,5083,,,,,0.8527317643165588,0.28083279728889465
123,5083,,,1.2101476192474365,0.3745541572570801,,
124,5124,,,,,0.8521567583084106,0.2810519337654114
124,5124,,,1.1928318738937378,0.3601112365722656,,
125,5165,,,,,0.8511859178543091,0.2813709080219269
125,5165,,,1.1736218929290771,0.38467487692832947,,
126,5206,,,,,0.8520353436470032,0.28150659799575806
126,5206,,,1.2118381261825562,0.3365815579891205,,
127,5247,,,,,0.8507274985313416,0.2815045118331909
127,5247,,,1.1967289447784424,0.3586135506629944,,
128,5288,,,,,0.8508598208427429,0.28143253922462463
128,5288,,,1.2013177871704102,0.35686376690864563,,
129,5329,,,,,0.8517083525657654,0.2818334102630615
129,5329,,,1.2062499523162842,0.3809772729873657,,
130,5370,,,,,0.8515276312828064,0.28149449825286865
130,5370,,,1.1861474514007568,0.3605645000934601,,
131,5411,,,,,0.8487473130226135,0.28119027614593506
131,5411,,,1.2335902452468872,0.2989194393157959,,
132,5452,,,,,0.848991870880127,0.28104445338249207
132,5452,,,1.1800289154052734,0.37924620509147644,,
133,5493,,,,,0.8485267162322998,0.28127187490463257
133,5493,,,1.1887904405593872,0.3331511318683624,,
134,5534,,,,,0.8460276126861572,0.2817167341709137
134,5534,,,1.2002025842666626,0.34846967458724976,,
135,5575,,,,,0.8491316437721252,0.28215691447257996
135,5575,,,1.1990065574645996,0.37800371646881104,,
136,5616,,,,,0.8507651686668396,0.2823915183544159
136,5616,,,1.206836462020874,0.37937816977500916,,
137,5657,,,,,0.8501210808753967,0.2831518352031708
137,5657,,,1.172698736190796,0.3641842007637024,,
138,5698,,,,,0.8508338332176208,0.2836705446243286
138,5698,,,1.1656756401062012,0.3701392114162445,,
139,5739,,,,,0.8491318821907043,0.2842452824115753
139,5739,,,1.2022485733032227,0.35606813430786133,,
140,5780,,,,,0.8541635870933533,0.284318745136261
140,5780,,,1.1967462301254272,0.37592998147010803,,
141,5821,,,,,0.8528465032577515,0.28461289405822754
141,5821,,,1.184675693511963,0.39778056740760803,,
142,5862,,,,,0.8508800864219666,0.2847212553024292
142,5862,,,1.1934906244277954,0.3734630048274994,,
143,5903,,,,,0.8490461707115173,0.2842756509780884
143,5903,,,1.1931692361831665,0.373873770236969,,
144,5944,,,,,0.8515624403953552,0.28451696038246155
144,5944,,,1.182572364807129,0.37699273228645325,,
145,5985,,,,,0.8506262302398682,0.2844393253326416
145,5985,,,1.1781526803970337,0.38236546516418457,,
146,6026,,,,,0.8489313125610352,0.2852481007575989
146,6026,,,1.180010199546814,0.3745230436325073,,
147,6067,,,,,0.8474054932594299,0.2854320704936981
147,6067,,,1.2224944829940796,0.3373439311981201,,
148,6108,,,,,0.8472586274147034,0.28626886010169983
148,6108,,,1.2092097997665405,0.3991040587425232,,
149,6149,,,,,0.846403956413269,0.28649625182151794
149,6149,,,1.182797908782959,0.38095566630363464,,
150,6190,,,,,0.8475527763366699,0.286908894777298
150,6190,,,1.1751259565353394,0.37268438935279846,,
151,6231,,,,,0.8494023680686951,0.2867651879787445
151,6231,,,1.2049707174301147,0.3466004431247711,,
152,6272,,,,,0.8489296436309814,0.2865314781665802
152,6272,,,1.1939311027526855,0.37165796756744385,,
153,6313,,,,,0.8486790657043457,0.2867477238178253
153,6313,,,1.1626694202423096,0.42613500356674194,,
154,6354,,,,,0.8500603437423706,0.2872146964073181
154,6354,,,1.1978431940078735,0.3599326014518738,,
155,6395,,,,,0.848194420337677,0.2878492474555969
155,6395,,,1.1976951360702515,0.3493826985359192,,
156,6436,,,,,0.8484825491905212,0.28778088092803955
156,6436,,,1.1799869537353516,0.3704500198364258,,
157,6477,,,,,0.8490746021270752,0.28793489933013916
157,6477,,,1.1645519733428955,0.3614221513271332,,
158,6518,,,,,0.8497430086135864,0.2886319160461426
158,6518,,,1.1645712852478027,0.395408570766449,,
159,6559,,,,,0.8502289056777954,0.288858026266098
159,6559,,,1.2312500476837158,0.35571399331092834,,
160,6600,,,,,0.8477393984794617,0.28938743472099304
160,6600,,,1.187764286994934,0.36938220262527466,,
161,6641,,,,,0.8465398550033569,0.28943824768066406
161,6641,,,1.1835755109786987,0.35348790884017944,,
162,6682,,,,,0.8470741510391235,0.28975194692611694
162,6682,,,1.1930289268493652,0.3485919237136841,,
163,6723,,,,,0.8474642038345337,0.29042768478393555
163,6723,,,1.1837297677993774,0.3972940742969513,,
164,6764,,,,,0.8479017615318298,0.2910844087600708
164,6764,,,1.168626070022583,0.34909358620643616,,
165,6805,,,,,0.8460701704025269,0.2914348244667053
165,6805,,,1.1828280687332153,0.382828950881958,,
166,6846,,,,,0.846533477306366,0.2917426526546478
166,6846,,,1.1710666418075562,0.3552314341068268,,
167,6887,,,,,0.8478420972824097,0.29210424423217773
167,6887,,,1.1964987516403198,0.357051819562912,,
168,6928,,,,,0.8503248691558838,0.29218244552612305
168,6928,,,1.1623104810714722,0.39510461688041687,,
169,6969,,,,,0.8519374132156372,0.2926587164402008
169,6969,,,1.2047210931777954,0.379379540681839,,
170,7010,,,,,0.8512238264083862,0.292976975440979
170,7010,,,1.177780270576477,0.36513179540634155,,
171,7051,,,,,0.8494468331336975,0.293605238199234
171,7051,,,1.188097596168518,0.3413017988204956,,
172,7092,,,,,0.8502365946769714,0.29352444410324097
172,7092,,,1.1938260793685913,0.37626883387565613,,
173,7133,,,,,0.8493338823318481,0.29341769218444824
173,7133,,,1.164670467376709,0.3722951114177704,,
174,7174,,,,,0.846917986869812,0.29429641366004944
174,7174,,,1.2140679359436035,0.36583834886550903,,
175,7215,,,,,0.8457257747650146,0.29445531964302063
175,7215,,,1.166946291923523,0.4205603301525116,,
176,7256,,,,,0.8445989489555359,0.29463499784469604
176,7256,,,1.1602662801742554,0.3695948123931885,,
177,7297,,,,,0.8449521064758301,0.2950233519077301
177,7297,,,1.2066490650177002,0.3688056766986847,,
178,7338,,,,,0.8462482690811157,0.2948771119117737
178,7338,,,1.1780364513397217,0.3508216142654419,,
179,7379,,,,,0.8443384766578674,0.29551801085472107
179,7379,,,1.1784770488739014,0.4035085439682007,,
180,7420,,,,,0.8451027274131775,0.2959136366844177
180,7420,,,1.166490077972412,0.4000548720359802,,
181,7461,,,,,0.8453804850578308,0.2966529428958893
181,7461,,,1.1630332469940186,0.3996710777282715,,
182,7502,,,,,0.843073308467865,0.2968675494194031
182,7502,,,1.1815265417099,0.38670650124549866,,
183,7543,,,,,0.8446025848388672,0.29718995094299316
183,7543,,,1.188004493713379,0.3755030632019043,,
184,7584,,,,,0.844750702381134,0.2971835434436798
184,7584,,,1.1840519905090332,0.3733828067779541,,
185,7625,,,,,0.8464248776435852,0.29784002900123596
185,7625,,,1.1381689310073853,0.37179917097091675,,
186,7666,,,,,0.8450877666473389,0.29743602871894836
186,7666,,,1.1854310035705566,0.3579162359237671,,
187,7707,,,,,0.8464257121086121,0.29822221398353577
187,7707,,,1.180365800857544,0.4203636944293976,,
188,7748,,,,,0.8463990688323975,0.2984330952167511
188,7748,,,1.1924222707748413,0.37901055812835693,,
189,7789,,,,,0.8476349711418152,0.29882800579071045
189,7789,,,1.181617259979248,0.41794633865356445,,
190,7830,,,,,0.8478434681892395,0.2991549074649811
190,7830,,,1.1586750745773315,0.39513182640075684,,
191,7871,,,,,0.8470785021781921,0.2992281913757324
191,7871,,,1.1839053630828857,0.3728553354740143,,
192,7912,,,,,0.8451504111289978,0.2999630868434906
192,7912,,,1.1762226819992065,0.3502563238143921,,
193,7953,,,,,0.8442956805229187,0.29997238516807556
193,7953,,,1.1645411252975464,0.4121354818344116,,
194,7994,,,,,0.8444588780403137,0.30021145939826965
194,7994,,,1.1540770530700684,0.37557661533355713,,
195,8035,,,,,0.8463444709777832,0.30016380548477173
195,8035,,,1.174298882484436,0.40357306599617004,,
196,8076,,,,,0.8450205326080322,0.30035877227783203
196,8076,,,1.1638063192367554,0.3723560869693756,,
197,8117,,,,,0.8456291556358337,0.3009476363658905
197,8117,,,1.1745052337646484,0.3856499493122101,,
198,8158,,,,,0.8453112244606018,0.3011346459388733
198,8158,,,1.1507110595703125,0.3742205798625946,,
199,8199,,,,,0.8446172475814819,0.30145934224128723
199,8199,,,1.1729038953781128,0.3941662013530731,,
200,8240,,,,,0.8455923199653625,0.30215761065483093
200,8240,,,1.1615729331970215,0.4175274074077606,,
201,8281,,,,,0.8468286395072937,0.30239561200141907
201,8281,,,1.1573513746261597,0.3688659369945526,,
202,8322,,,,,0.8476486206054688,0.30271661281585693
202,8322,,,1.1856141090393066,0.4101909101009369,,
203,8363,,,,,0.8477306365966797,0.30316439270973206
203,8363,,,1.173795223236084,0.4019366502761841,,
204,8404,,,,,0.8458690643310547,0.3027750253677368
204,8404,,,1.158761978149414,0.40266677737236023,,
205,8445,,,,,0.8467848896980286,0.3028714656829834
205,8445,,,1.2009166479110718,0.40646758675575256,,
206,8486,,,,,0.8475775718688965,0.30300167202949524
206,8486,,,1.1527903079986572,0.4185318350791931,,
207,8527,,,,,0.8462280631065369,0.30304351449012756
207,8527,,,1.1664201021194458,0.40463870763778687,,
208,8568,,,,,0.8446326851844788,0.303433358669281
208,8568,,,1.18021559715271,0.3539654016494751,,
209,8609,,,,,0.8460788726806641,0.30340713262557983
209,8609,,,1.1635922193527222,0.4153735935688019,,
210,8650,,,,,0.8458223938941956,0.3036629259586334
210,8650,,,1.1636708974838257,0.42986810207366943,,
211,8691,,,,,0.8466780781745911,0.30369675159454346
211,8691,,,1.1653708219528198,0.38491809368133545,,
212,8732,,,,,0.8447784185409546,0.30406060814857483
212,8732,,,1.1787396669387817,0.3615202307701111,,
213,8773,,,,,0.8445077538490295,0.304231733083725
213,8773,,,1.1713610887527466,0.38497912883758545,,
214,8814,,,,,0.8452030420303345,0.3040158450603485
214,8814,,,1.211071252822876,0.3542528748512268,,
215,8855,,,,,0.8466522693634033,0.3041980564594269
215,8855,,,1.1913737058639526,0.3698253035545349,,
216,8896,,,,,0.8482219576835632,0.3044263422489166
216,8896,,,1.1640989780426025,0.4016088545322418,,
217,8937,,,,,0.846524715423584,0.3049394190311432
217,8937,,,1.1745550632476807,0.376055508852005,,
218,8978,,,,,0.847383975982666,0.30504828691482544
218,8978,,,1.1519263982772827,0.38625574111938477,,
219,9019,,,,,0.8451250195503235,0.30547043681144714
219,9019,,,1.1887624263763428,0.39907264709472656,,
220,9060,,,,,0.8459161520004272,0.3057759702205658
220,9060,,,1.1898928880691528,0.3723393678665161,,
221,9101,,,,,0.8466678261756897,0.30597159266471863
221,9101,,,1.1435248851776123,0.39914071559906006,,
222,9142,,,,,0.8481510877609253,0.30610835552215576
222,9142,,,1.1530643701553345,0.3975212275981903,,
223,9183,,,,,0.8450217843055725,0.30629345774650574
223,9183,,,1.18796706199646,0.33530882000923157,,
224,9224,,,,,0.843167245388031,0.3065662682056427
224,9224,,,1.1495064496994019,0.39089176058769226,,
225,9265,,,,,0.8461280465126038,0.30632296204566956
225,9265,,,1.1732975244522095,0.4136631190776825,,
226,9306,,,,,0.8457905650138855,0.30643510818481445
226,9306,,,1.1893174648284912,0.41184601187705994,,
227,9347,,,,,0.8441615104675293,0.3067881762981415
227,9347,,,1.1468007564544678,0.3822079300880432,,
228,9388,,,,,0.8437554240226746,0.3073435127735138
228,9388,,,1.1770544052124023,0.3934706151485443,,
229,9429,,,,,0.8441027402877808,0.3076338768005371
229,9429,,,1.179669976234436,0.3979875147342682,,
230,9470,,,,,0.8423389196395874,0.30776241421699524
230,9470,,,1.1581922769546509,0.4170990586280823,,
231,9511,,,,,0.8462357521057129,0.308034747838974
231,9511,,,1.1803066730499268,0.3964678943157196,,
232,9552,,,,,0.8446249961853027,0.30798834562301636
232,9552,,,1.2043025493621826,0.38660433888435364,,
233,9593,,,,,0.8444347381591797,0.30858179926872253
233,9593,,,1.1714216470718384,0.41637057065963745,,
234,9634,,,,,0.844424307346344,0.30895358324050903
234,9634,,,1.135603904724121,0.39464128017425537,,
235,9675,,,,,0.8413904905319214,0.309571236371994
235,9675,,,1.201985478401184,0.38137727975845337,,
236,9716,,,,,0.8426341414451599,0.3095160722732544
236,9716,,,1.1532247066497803,0.3952479362487793,,
237,9757,,,,,0.8460370302200317,0.30945253372192383
237,9757,,,1.1627535820007324,0.4133155047893524,,
238,9798,,,,,0.8449552059173584,0.309505432844162
238,9798,,,1.174795150756836,0.39165300130844116,,
239,9839,,,,,0.8429467678070068,0.3101954162120819
239,9839,,,1.1301140785217285,0.4035899341106415,,
240,9880,,,,,0.8425183296203613,0.31040117144584656
240,9880,,,1.1859047412872314,0.41319048404693604,,
241,9921,,,,,0.8426660299301147,0.310541033744812
241,9921,,,1.1663676500320435,0.39247211813926697,,
242,9962,,,,,0.8426544666290283,0.31142592430114746
242,9962,,,1.1440678834915161,0.4103452265262604,,
243,10003,,,,,0.8429813981056213,0.31131625175476074
243,10003,,,1.1763092279434204,0.41737687587738037,,
244,10044,,,,,0.8401497602462769,0.3117581903934479
244,10044,,,1.1627278327941895,0.4233444929122925,,
245,10085,,,,,0.840665340423584,0.3118538558483124
245,10085,,,1.1655763387680054,0.4224191904067993,,
246,10126,,,,,0.8426042795181274,0.31188082695007324
246,10126,,,1.1468669176101685,0.41966843605041504,,
247,10167,,,,,0.8424201607704163,0.3120141625404358
247,10167,,,1.171540379524231,0.4172708988189697,,
248,10208,,,,,0.8426398038864136,0.3121846914291382
248,10208,,,1.174237608909607,0.41992735862731934,,
249,10249,,,,,0.8434531092643738,0.3127017021179199
249,10249,,,1.16580331325531,0.4052335321903229,,
250,10290,,,,,0.8439739942550659,0.3126091957092285
250,10290,,,1.1400291919708252,0.41721194982528687,,
251,10331,,,,,0.8434194922447205,0.3126525282859802
251,10331,,,1.1708292961120605,0.391554057598114,,
252,10372,,,,,0.8435375690460205,0.3124528229236603
252,10372,,,1.1750328540802002,0.4004501700401306,,
253,10413,,,,,0.8446323871612549,0.31249308586120605
253,10413,,,1.1490364074707031,0.41958582401275635,,
254,10454,,,,,0.8440001606941223,0.312467485666275
254,10454,,,1.1603549718856812,0.38873258233070374,,
255,10495,,,,,0.8454275131225586,0.31241682171821594
255,10495,,,1.14398992061615,0.4359687268733978,,
256,10536,,,,,0.8450987339019775,0.3122269809246063
256,10536,,,1.1633635759353638,0.424985408782959,,
257,10577,,,,,0.8429229259490967,0.3123731017112732
257,10577,,,1.1872010231018066,0.4059286415576935,,
258,10618,,,,,0.8393130302429199,0.3127124607563019
258,10618,,,1.1706842184066772,0.377450555562973,,
259,10659,,,,,0.8392379879951477,0.3131486177444458
259,10659,,,1.1586250066757202,0.4505312442779541,,
260,10700,,,,,0.8407666087150574,0.3139123320579529
260,10700,,,1.1757930517196655,0.3920586407184601,,
261,10741,,,,,0.8419895768165588,0.3140536844730377
261,10741,,,1.143196702003479,0.4309341609477997,,
262,10782,,,,,0.8426516652107239,0.3141035735607147
262,10782,,,1.1612138748168945,0.3928253948688507,,
263,10823,,,,,0.843765377998352,0.31439682841300964
263,10823,,,1.1719061136245728,0.38935571908950806,,
264,10864,,,,,0.8445536494255066,0.3144936263561249
264,10864,,,1.143269658088684,0.40160802006721497,,
265,10905,,,,,0.843596339225769,0.3149448335170746
265,10905,,,1.177157998085022,0.3888954520225525,,
266,10946,,,,,0.8424853086471558,0.3155529797077179
266,10946,,,1.1381086111068726,0.40804603695869446,,
267,10987,,,,,0.842219889163971,0.3160499930381775
267,10987,,,1.1580177545547485,0.42192840576171875,,
268,11028,,,,,0.8432068824768066,0.3164704144001007
268,11028,,,1.1513577699661255,0.40405482053756714,,
269,11069,,,,,0.8423356413841248,0.31643205881118774
269,11069,,,1.1781376600265503,0.37571609020233154,,
270,11110,,,,,0.8407258987426758,0.3161401152610779
270,11110,,,1.1576277017593384,0.3549504578113556,,
271,11151,,,,,0.8408194780349731,0.3160727918148041
271,11151,,,1.158112645149231,0.41457581520080566,,
272,11192,,,,,0.8416339755058289,0.31620731949806213
272,11192,,,1.1742750406265259,0.3756725490093231,,
273,11233,,,,,0.841435432434082,0.31654950976371765
273,11233,,,1.1572694778442383,0.39752480387687683,,
274,11274,,,,,0.8424800634384155,0.31646254658699036
274,11274,,,1.1432942152023315,0.42195451259613037,,
275,11315,,,,,0.8445138931274414,0.31639930605888367
275,11315,,,1.1582111120224,0.4262922406196594,,
276,11356,,,,,0.8434439301490784,0.31657397747039795
276,11356,,,1.1848880052566528,0.3767579197883606,,
277,11397,,,,,0.8423603773117065,0.3169119954109192
277,11397,,,1.1501818895339966,0.4509926438331604,,
278,11438,,,,,0.8390665054321289,0.3171791136264801
278,11438,,,1.1513690948486328,0.35707512497901917,,
279,11479,,,,,0.8395719528198242,0.3171401619911194
279,11479,,,1.1697279214859009,0.4151621460914612,,
280,11520,,,,,0.8390749096870422,0.3169281780719757
280,11520,,,1.1713682413101196,0.35686275362968445,,
281,11561,,,,,0.8393217921257019,0.3171294927597046
281,11561,,,1.1459529399871826,0.4110158085823059,,
282,11602,,,,,0.8383188843727112,0.3176295757293701
282,11602,,,1.173294186592102,0.3768395781517029,,
283,11643,,,,,0.8366850018501282,0.31780195236206055
283,11643,,,1.1634790897369385,0.3994055986404419,,
284,11684,,,,,0.8397831916809082,0.318107545375824
284,11684,,,1.1695846319198608,0.4021933972835541,,
285,11725,,,,,0.8408517837524414,0.3186659812927246
285,11725,,,1.1499441862106323,0.3942355215549469,,
286,11766,,,,,0.8425149321556091,0.3185565769672394
286,11766,,,1.134353518486023,0.42166873812675476,,
287,11807,,,,,0.8425869941711426,0.3186534345149994
287,11807,,,1.1507534980773926,0.4503026306629181,,
288,11848,,,,,0.8402143716812134,0.3188968002796173
288,11848,,,1.152877688407898,0.37127986550331116,,
289,11889,,,,,0.8404255509376526,0.3188326358795166
289,11889,,,1.1541228294372559,0.42247873544692993,,
290,11930,,,,,0.8395896553993225,0.31890612840652466
290,11930,,,1.1539353132247925,0.42425671219825745,,
291,11971,,,,,0.8402724266052246,0.31920817494392395
291,11971,,,1.152260661125183,0.42354485392570496,,
292,12012,,,,,0.8424963355064392,0.3194228708744049
292,12012,,,1.155892014503479,0.4161736071109772,,
293,12053,,,,,0.8418624401092529,0.3203314542770386
293,12053,,,1.1645549535751343,0.4176618456840515,,
294,12094,,,,,0.8412867188453674,0.32072997093200684
294,12094,,,1.1378790140151978,0.43257781863212585,,
295,12135,,,,,0.8415750861167908,0.3206435739994049
295,12135,,,1.177262783050537,0.3807592988014221,,
296,12176,,,,,0.8398180603981018,0.3207530677318573
296,12176,,,1.1649326086044312,0.43777820467948914,,
297,12217,,,,,0.841048538684845,0.32080602645874023
297,12217,,,1.1473240852355957,0.4164591431617737,,
298,12258,,,,,0.8407943248748779,0.3210802376270294
298,12258,,,1.1665527820587158,0.4106161892414093,,
299,12299,,,,,0.8419591784477234,0.32145848870277405
299,12299,,,1.1743923425674438,0.4200429320335388,,
300,12340,,,,,0.8423867225646973,0.3212220370769501
300,12340,,,1.1587843894958496,0.4200522303581238,,
301,12381,,,,,0.8435222506523132,0.32127735018730164
301,12381,,,1.1532756090164185,0.45304813981056213,,
302,12422,,,,,0.8419193029403687,0.32170599699020386
302,12422,,,1.1594487428665161,0.3898201584815979,,
303,12463,,,,,0.8434661030769348,0.3215304911136627
303,12463,,,1.1549314260482788,0.441342294216156,,
304,12504,,,,,0.8420447111129761,0.32191866636276245
304,12504,,,1.1596102714538574,0.40838679671287537,,
305,12545,,,,,0.8426148891448975,0.32202014327049255
305,12545,,,1.1698050498962402,0.4099121689796448,,
306,12586,,,,,0.842659592628479,0.32235607504844666
306,12586,,,1.109802007675171,0.4453935921192169,,
307,12627,,,,,0.8443869948387146,0.32239651679992676
307,12627,,,1.1421781778335571,0.46718159317970276,,
308,12668,,,,,0.8446432948112488,0.32238584756851196
308,12668,,,1.154497742652893,0.42019569873809814,,
309,12709,,,,,0.8429070711135864,0.3223704695701599
309,12709,,,1.1571720838546753,0.42423588037490845,,
310,12750,,,,,0.8432278633117676,0.3227722644805908
310,12750,,,1.1557443141937256,0.40548449754714966,,
311,12791,,,,,0.839318037033081,0.322881281375885
311,12791,,,1.1400326490402222,0.3909410238265991,,
312,12832,,,,,0.8404821157455444,0.3227616548538208
312,12832,,,1.1321656703948975,0.41662997007369995,,
313,12873,,,,,0.839393138885498,0.3229719400405884
313,12873,,,1.1280314922332764,0.4087764322757721,,
314,12914,,,,,0.8394683599472046,0.32380831241607666
314,12914,,,1.1717325448989868,0.37772300839424133,,
315,12955,,,,,0.8396223187446594,0.3235786259174347
315,12955,,,1.1452562808990479,0.40442970395088196,,
316,12996,,,,,0.8403282165527344,0.3235924541950226
316,12996,,,1.1391633749008179,0.39191362261772156,,
317,13037,,,,,0.8419086933135986,0.32374700903892517
317,13037,,,1.1522833108901978,0.42262759804725647,,
318,13078,,,,,0.8414936661720276,0.3240661919116974
318,13078,,,1.1675289869308472,0.36137211322784424,,
319,13119,,,,,0.841975212097168,0.32420089840888977
319,13119,,,1.1312955617904663,0.40520328283309937,,
320,13160,,,,,0.840553879737854,0.3241221308708191
320,13160,,,1.1555901765823364,0.4408794045448303,,
321,13201,,,,,0.839872419834137,0.3239282965660095
321,13201,,,1.1561717987060547,0.45437055826187134,,
322,13242,,,,,0.8364450335502625,0.3248562216758728
322,13242,,,1.1805974245071411,0.362926721572876,,
323,13283,,,,,0.8372844457626343,0.32484281063079834
323,13283,,,1.1346378326416016,0.40705955028533936,,
324,13324,,,,,0.8361455202102661,0.32496070861816406
324,13324,,,1.1684997081756592,0.42525631189346313,,
325,13365,,,,,0.8387168049812317,0.32491540908813477
325,13365,,,1.1676985025405884,0.43843749165534973,,
326,13406,,,,,0.8420343399047852,0.32515063881874084
326,13406,,,1.131220817565918,0.4362199306488037,,
327,13447,,,,,0.8425770998001099,0.32539740204811096
327,13447,,,1.1350922584533691,0.4503079950809479,,
328,13488,,,,,0.842112123966217,0.32563281059265137
328,13488,,,1.142414927482605,0.4024769067764282,,
329,13529,,,,,0.841185986995697,0.325598806142807
329,13529,,,1.129247784614563,0.412864625453949,,
330,13570,,,,,0.8418424129486084,0.32605352997779846
330,13570,,,1.1545648574829102,0.41001951694488525,,
331,13611,,,,,0.8389352560043335,0.32646793127059937
331,13611,,,1.1271555423736572,0.4284680485725403,,
332,13652,,,,,0.8383659720420837,0.3268323540687561
332,13652,,,1.158798336982727,0.39497965574264526,,
333,13693,,,,,0.838748574256897,0.32704102993011475
333,13693,,,1.1500327587127686,0.42129361629486084,,
334,13734,,,,,0.8387696146965027,0.3270731568336487
334,13734,,,1.1356805562973022,0.4121360778808594,,
335,13775,,,,,0.840162992477417,0.3272283971309662
335,13775,,,1.1440620422363281,0.38123688101768494,,
336,13816,,,,,0.8404157757759094,0.327120304107666
336,13816,,,1.1530894041061401,0.42288199067115784,,
337,13857,,,,,0.8397914171218872,0.32729005813598633
337,13857,,,1.1745092868804932,0.404531329870224,,
338,13898,,,,,0.8417120575904846,0.3275728225708008
338,13898,,,1.1444323062896729,0.39742571115493774,,
339,13939,,,,,0.8408856391906738,0.32780367136001587
339,13939,,,1.1724152565002441,0.4049518406391144,,
340,13980,,,,,0.8386409878730774,0.32781824469566345
340,13980,,,1.1517747640609741,0.4212474822998047,,
341,14021,,,,,0.8364098072052002,0.3282616138458252
341,14021,,,1.1859074831008911,0.3898692727088928,,
342,14062,,,,,0.8376049995422363,0.32838940620422363
342,14062,,,1.165647029876709,0.4076048731803894,,
343,14103,,,,,0.8389189839363098,0.3284606635570526
343,14103,,,1.145233392715454,0.43068063259124756,,
344,14144,,,,,0.8360366821289062,0.3290236294269562
344,14144,,,1.123146653175354,0.4389633536338806,,
345,14185,,,,,0.8357670307159424,0.32871782779693604
345,14185,,,1.1641194820404053,0.3799950182437897,,
346,14226,,,,,0.8367443680763245,0.32849013805389404
346,14226,,,1.1326894760131836,0.4038659930229187,,
347,14267,,,,,0.8365551829338074,0.3285694420337677
347,14267,,,1.1640372276306152,0.4197183847427368,,
348,14308,,,,,0.8370663523674011,0.32879650592803955
348,14308,,,1.1569491624832153,0.38253992795944214,,
349,14349,,,,,0.8350229859352112,0.3292883336544037
349,14349,,,1.1631399393081665,0.4126419425010681,,
350,14390,,,,,0.834560215473175,0.32934796810150146
350,14390,,,1.140432357788086,0.3792262077331543,,
351,14431,,,,,0.8363006114959717,0.32933172583580017
351,14431,,,1.1576341390609741,0.381551593542099,,
352,14472,,,,,0.8346867561340332,0.32964324951171875
352,14472,,,1.1387611627578735,0.409402996301651,,
353,14513,,,,,0.8370103240013123,0.3296287953853607
353,14513,,,1.1142278909683228,0.4159602224826813,,
354,14554,,,,,0.8362184762954712,0.32986417412757874
354,14554,,,1.1656365394592285,0.353108674287796,,
355,14595,,,,,0.8360797762870789,0.33011889457702637
355,14595,,,1.1438549757003784,0.37912967801094055,,
356,14636,,,,,0.8367689847946167,0.3302689790725708
356,14636,,,1.1451265811920166,0.4070087969303131,,
357,14677,,,,,0.8370984792709351,0.3304779529571533
357,14677,,,1.1584486961364746,0.40593811869621277,,
358,14718,,,,,0.8382733464241028,0.33033254742622375
358,14718,,,1.1653720140457153,0.42336714267730713,,
359,14759,,,,,0.8396734595298767,0.3305175006389618
359,14759,,,1.1559487581253052,0.4195084869861603,,
360,14800,,,,,0.8389784693717957,0.3307962119579315
360,14800,,,1.1419494152069092,0.39543616771698,,
361,14841,,,,,0.8371511101722717,0.3310098648071289
361,14841,,,1.1660778522491455,0.3992716073989868,,
362,14882,,,,,0.8386394381523132,0.33101966977119446
362,14882,,,1.117160677909851,0.4275728464126587,,
363,14923,,,,,0.8384998440742493,0.3308948278427124
363,14923,,,1.168394684791565,0.43092212080955505,,
364,14964,,,,,0.8379175662994385,0.33121126890182495
364,14964,,,1.1670746803283691,0.4151054620742798,,
365,15005,,,,,0.8384029865264893,0.3312568664550781
365,15005,,,1.1723953485488892,0.3985362648963928,,
366,15046,,,,,0.8359016180038452,0.33174794912338257
366,15046,,,1.1608893871307373,0.3886255621910095,,
367,15087,,,,,0.8368842601776123,0.3319985866546631
367,15087,,,1.1391446590423584,0.4350624978542328,,
368,15128,,,,,0.8371803760528564,0.33207249641418457
368,15128,,,1.1582903861999512,0.4033488631248474,,
369,15169,,,,,0.8384832143783569,0.3318903148174286
369,15169,,,1.1623172760009766,0.42097342014312744,,
370,15210,,,,,0.8382793068885803,0.33176085352897644
370,15210,,,1.1425050497055054,0.43029311299324036,,
371,15251,,,,,0.838301956653595,0.3322046101093292
371,15251,,,1.1095757484436035,0.39833441376686096,,
372,15292,,,,,0.836520254611969,0.33241117000579834
372,15292,,,1.1645715236663818,0.3958122432231903,,
373,15333,,,,,0.8379331827163696,0.3328102231025696
373,15333,,,1.1477031707763672,0.41799843311309814,,
374,15374,,,,,0.8393322229385376,0.3325956165790558
374,15374,,,1.1235594749450684,0.4368261992931366,,
375,15415,,,,,0.8380892872810364,0.33275729417800903
375,15415,,,1.1437658071517944,0.42060941457748413,,
376,15456,,,,,0.837199330329895,0.33331719040870667
376,15456,,,1.1101229190826416,0.45036688446998596,,
377,15497,,,,,0.8361897468566895,0.3336540162563324
377,15497,,,1.1601808071136475,0.411422997713089,,
378,15538,,,,,0.8373991250991821,0.3336215019226074
378,15538,,,1.130908489227295,0.4298652112483978,,
379,15579,,,,,0.8355188965797424,0.33429473638534546
379,15579,,,1.1514447927474976,0.4125906825065613,,
380,15620,,,,,0.8351181149482727,0.3344220519065857
380,15620,,,1.167785406112671,0.3821468949317932,,
381,15661,,,,,0.8377882242202759,0.334596186876297
381,15661,,,1.1585416793823242,0.4164314270019531,,
382,15702,,,,,0.8366582989692688,0.3349039852619171
382,15702,,,1.1658415794372559,0.4451231062412262,,
383,15743,,,,,0.8363913297653198,0.33515313267707825
383,15743,,,1.1472516059875488,0.4171668291091919,,
384,15784,,,,,0.8351041078567505,0.3356989324092865
384,15784,,,1.1409151554107666,0.4231497645378113,,
385,15825,,,,,0.8366238474845886,0.33617544174194336
385,15825,,,1.1179978847503662,0.44121253490448,,
386,15866,,,,,0.8351476788520813,0.33645927906036377
386,15866,,,1.1748223304748535,0.42301517724990845,,
387,15907,,,,,0.8353515863418579,0.33681103587150574
387,15907,,,1.141282081604004,0.411115825176239,,
388,15948,,,,,0.8343636989593506,0.33707505464553833
388,15948,,,1.1180752515792847,0.43980672955513,,
389,15989,,,,,0.8349578380584717,0.3370208144187927
389,15989,,,1.1460883617401123,0.4222150146961212,,
390,16030,,,,,0.8350096940994263,0.3373889923095703
390,16030,,,1.163485050201416,0.46006885170936584,,
391,16071,,,,,0.8336114883422852,0.3375433087348938
391,16071,,,1.1948719024658203,0.3875834345817566,,
392,16112,,,,,0.8319680690765381,0.3376261591911316
392,16112,,,1.1394275426864624,0.4428049325942993,,
393,16153,,,,,0.8336008787155151,0.33745038509368896
393,16153,,,1.1606178283691406,0.458304762840271,,
394,16194,,,,,0.8374962210655212,0.33733829855918884
394,16194,,,1.1432075500488281,0.4054799973964691,,
395,16235,,,,,0.8365416526794434,0.3375205993652344
395,16235,,,1.126047134399414,0.46597740054130554,,
396,16276,,,,,0.8375602960586548,0.3375926613807678
396,16276,,,1.1186202764511108,0.44127246737480164,,
397,16317,,,,,0.8360044360160828,0.3378218412399292
397,16317,,,1.1372474431991577,0.4357728362083435,,
398,16358,,,,,0.8391726016998291,0.33776482939720154
398,16358,,,1.1141843795776367,0.4532071650028229,,
399,16399,,,,,0.8385332226753235,0.33791837096214294
399,16399,,,1.1347367763519287,0.4308580160140991,,
400,16440,,,,,0.8376556038856506,0.33803224563598633
400,16440,,,1.1667609214782715,0.40299272537231445,,
401,16481,,,,,0.8347518444061279,0.33804118633270264
401,16481,,,1.143284797668457,0.4343825578689575,,
402,16522,,,,,0.8335300087928772,0.3380916118621826
402,16522,,,1.1711351871490479,0.4216768741607666,,
403,16563,,,,,0.8345529437065125,0.338130921125412
403,16563,,,1.1010483503341675,0.4668342173099518,,
404,16604,,,,,0.8349826335906982,0.33837541937828064
404,16604,,,1.1651135683059692,0.42975980043411255,,
405,16645,,,,,0.8336486220359802,0.33872926235198975
405,16645,,,1.1364790201187134,0.41744548082351685,,
406,16686,,,,,0.8345505595207214,0.339128315448761
406,16686,,,1.1379992961883545,0.42336076498031616,,
407,16727,,,,,0.8356735706329346,0.339221715927124
407,16727,,,1.1655687093734741,0.43697986006736755,,
408,16768,,,,,0.8362178206443787,0.3392084836959839
408,16768,,,1.1718229055404663,0.4567740857601166,,
409,16809,,,,,0.8373537063598633,0.33907943964004517
409,16809,,,1.1613106727600098,0.4102783799171448,,
410,16850,,,,,0.8369002342224121,0.33910056948661804
410,16850,,,1.1539474725723267,0.43155622482299805,,
411,16891,,,,,0.8359071016311646,0.33969488739967346
411,16891,,,1.1710877418518066,0.4684010148048401,,
412,16932,,,,,0.8370135426521301,0.3401867151260376
412,16932,,,1.1211268901824951,0.43515273928642273,,
413,16973,,,,,0.8357915282249451,0.3404037058353424
413,16973,,,1.1288727521896362,0.42839422821998596,,
414,17014,,,,,0.8364103436470032,0.3407929837703705
414,17014,,,1.1247678995132446,0.4385114908218384,,
415,17055,,,,,0.8362286686897278,0.3407904803752899
415,17055,,,1.1389042139053345,0.4190252423286438,,
416,17096,,,,,0.8341765403747559,0.341126024723053
416,17096,,,1.1188585758209229,0.3932253122329712,,
417,17137,,,,,0.8368403315544128,0.34128624200820923
417,17137,,,1.1241276264190674,0.4579717516899109,,
418,17178,,,,,0.8355631232261658,0.34118959307670593
418,17178,,,1.165572166442871,0.38792720437049866,,
419,17219,,,,,0.8356983661651611,0.34110212326049805
419,17219,,,1.1526603698730469,0.40375077724456787,,
420,17260,,,,,0.8336259722709656,0.3417051434516907
420,17260,,,1.1557338237762451,0.42881062626838684,,
421,17301,,,,,0.8320205807685852,0.34198513627052307
421,17301,,,1.1131118535995483,0.4132731258869171,,
422,17342,,,,,0.8312559127807617,0.34205859899520874
422,17342,,,1.1651118993759155,0.39392825961112976,,
423,17383,,,,,0.8323807120323181,0.3418978750705719
423,17383,,,1.1484251022338867,0.44318869709968567,,
424,17424,,,,,0.8336198329925537,0.3421137034893036
424,17424,,,1.140396237373352,0.4570111930370331,,
425,17465,,,,,0.835213303565979,0.3420681059360504
425,17465,,,1.190504550933838,0.41097790002822876,,
426,17506,,,,,0.8343134522438049,0.3422214686870575
426,17506,,,1.1317863464355469,0.4312068223953247,,
427,17547,,,,,0.8356124758720398,0.34270212054252625
427,17547,,,1.150928020477295,0.4040417969226837,,
428,17588,,,,,0.8342822194099426,0.3427088260650635
428,17588,,,1.1388896703720093,0.44806647300720215,,
429,17629,,,,,0.8345517516136169,0.34282639622688293
429,17629,,,1.1457901000976562,0.44991153478622437,,
430,17670,,,,,0.8355897665023804,0.3426040709018707
430,17670,,,1.148147702217102,0.42442187666893005,,
431,17711,,,,,0.835847795009613,0.34288305044174194
431,17711,,,1.1530251502990723,0.40180763602256775,,
432,17752,,,,,0.8370606303215027,0.3427673280239105
432,17752,,,1.1511892080307007,0.4565419554710388,,
433,17793,,,,,0.8360210061073303,0.3431106507778168
433,17793,,,1.1405413150787354,0.440529465675354,,
434,17834,,,,,0.8337953686714172,0.34340953826904297
434,17834,,,1.13456392288208,0.4425061047077179,,
435,17875,,,,,0.8328182697296143,0.3436984121799469
435,17875,,,1.152286410331726,0.4328669011592865,,
436,17916,,,,,0.8333461880683899,0.34365132451057434
436,17916,,,1.131020188331604,0.44501033425331116,,
437,17957,,,,,0.8329426646232605,0.34372836351394653
437,17957,,,1.139927625656128,0.45542392134666443,,
438,17998,,,,,0.8359347581863403,0.34337079524993896
438,17998,,,1.160443663597107,0.43415775895118713,,
439,18039,,,,,0.8349909782409668,0.3434319496154785
439,18039,,,1.1202229261398315,0.41384175419807434,,
440,18080,,,,,0.8350481986999512,0.34339699149131775
440,18080,,,1.1549913883209229,0.3987327218055725,,
441,18121,,,,,0.8349258303642273,0.34336018562316895
441,18121,,,1.1563661098480225,0.4212435781955719,,
442,18162,,,,,0.8343525528907776,0.3431512415409088
442,18162,,,1.1763006448745728,0.385354608297348,,
443,18203,,,,,0.8320661187171936,0.34329208731651306
443,18203,,,1.160408616065979,0.41981375217437744,,
444,18244,,,,,0.8318827748298645,0.3430887460708618
444,18244,,,1.1463322639465332,0.43282467126846313,,
445,18285,,,,,0.8325968384742737,0.34318238496780396
445,18285,,,1.1578959226608276,0.43100184202194214,,
446,18326,,,,,0.8341453075408936,0.34318703413009644
446,18326,,,1.134458303451538,0.4529796242713928,,
447,18367,,,,,0.8351024389266968,0.34306174516677856
447,18367,,,1.138829231262207,0.4511956572532654,,
448,18408,,,,,0.834855854511261,0.34336191415786743
448,18408,,,1.1300644874572754,0.43914851546287537,,
449,18449,,,,,0.835354208946228,0.34369322657585144
449,18449,,,1.1488423347473145,0.43079352378845215,,
450,18490,,,,,0.8356810212135315,0.3436533212661743
450,18490,,,1.129102349281311,0.429476797580719,,
451,18531,,,,,0.8343738913536072,0.34379443526268005
451,18531,,,1.112501621246338,0.4215198755264282,,
452,18572,,,,,0.8349947333335876,0.34429123997688293
452,18572,,,1.1317811012268066,0.41693490743637085,,
453,18613,,,,,0.8342199921607971,0.34430578351020813
453,18613,,,1.1219452619552612,0.4561308026313782,,
454,18654,,,,,0.8336135149002075,0.34420886635780334
454,18654,,,1.136565089225769,0.428886353969574,,
455,18695,,,,,0.8343734741210938,0.3443097472190857
455,18695,,,1.1325410604476929,0.43260523676872253,,
456,18736,,,,,0.8335431218147278,0.3444358706474304
456,18736,,,1.1180006265640259,0.4446571171283722,,
457,18777,,,,,0.836509644985199,0.34441137313842773
457,18777,,,1.1408354043960571,0.4201778769493103,,
458,18818,,,,,0.8338406085968018,0.3447340726852417
458,18818,,,1.1447523832321167,0.4291718304157257,,
459,18859,,,,,0.8337543606758118,0.3452744781970978
459,18859,,,1.158284306526184,0.40558260679244995,,
460,18900,,,,,0.8320385813713074,0.34548723697662354
460,18900,,,1.1310672760009766,0.41697901487350464,,
461,18941,,,,,0.8322453498840332,0.345930278301239
461,18941,,,1.1513680219650269,0.4306429922580719,,
462,18982,,,,,0.8323044776916504,0.34586289525032043
462,18982,,,1.1855591535568237,0.38897085189819336,,
463,19023,,,,,0.8312796950340271,0.3459959924221039
463,19023,,,1.162463903427124,0.4022930860519409,,
464,19064,,,,,0.8334066271781921,0.3456973731517792
464,19064,,,1.1246179342269897,0.4718795418739319,,
465,19105,,,,,0.8315646052360535,0.3461412489414215
465,19105,,,1.1431498527526855,0.43102821707725525,,
466,19146,,,,,0.8306915163993835,0.3462558090686798
466,19146,,,1.1346691846847534,0.42609283328056335,,
467,19187,,,,,0.8307301998138428,0.34622809290885925
467,19187,,,1.1785117387771606,0.4145128130912781,,
468,19228,,,,,0.8309510350227356,0.34654611349105835
468,19228,,,1.1654061079025269,0.46602487564086914,,
469,19269,,,,,0.833493173122406,0.346544086933136
469,19269,,,1.1678125858306885,0.4053386151790619,,
470,19310,,,,,0.8341417908668518,0.3466795086860657
470,19310,,,1.143751859664917,0.4212704300880432,,
471,19351,,,,,0.8349643349647522,0.3467671573162079
471,19351,,,1.1273306608200073,0.46346986293792725,,
472,19392,,,,,0.8332193493843079,0.34677109122276306
472,19392,,,1.1710807085037231,0.40383702516555786,,
473,19433,,,,,0.8345715999603271,0.34681013226509094
473,19433,,,1.1386655569076538,0.43941614031791687,,
474,19474,,,,,0.8316392302513123,0.34727996587753296
474,19474,,,1.1167937517166138,0.4274446964263916,,
475,19515,,,,,0.8332134485244751,0.3470213711261749
475,19515,,,1.115971326828003,0.46144941449165344,,
476,19556,,,,,0.8355053663253784,0.3470006585121155
476,19556,,,1.130118727684021,0.4258875548839569,,
477,19597,,,,,0.833166241645813,0.3473100960254669
477,19597,,,1.1528400182724,0.4316897988319397,,
478,19638,,,,,0.8307303190231323,0.34754303097724915
478,19638,,,1.1515604257583618,0.4005851745605469,,
479,19679,,,,,0.8301149010658264,0.3477788269519806
479,19679,,,1.1367449760437012,0.4695073664188385,,
480,19720,,,,,0.831749439239502,0.34804344177246094
480,19720,,,1.1188360452651978,0.42394018173217773,,
481,19761,,,,,0.832315981388092,0.34779638051986694
481,19761,,,1.1731362342834473,0.4113136827945709,,
482,19802,,,,,0.8335895538330078,0.3475995361804962
482,19802,,,1.1486433744430542,0.44235825538635254,,
483,19843,,,,,0.8369722366333008,0.34756261110305786
483,19843,,,1.143209457397461,0.42318907380104065,,
484,19884,,,,,0.832847535610199,0.3482297360897064
484,19884,,,1.1776363849639893,0.40052977204322815,,
485,19925,,,,,0.8327469229698181,0.34840407967567444
485,19925,,,1.1389272212982178,0.4506472945213318,,
486,19966,,,,,0.8343794345855713,0.3485356867313385
486,19966,,,1.0941506624221802,0.4514719843864441,,
487,20007,,,,,0.8329640030860901,0.348598450422287
487,20007,,,1.1328669786453247,0.42400088906288147,,
488,20048,,,,,0.8328030109405518,0.3488205671310425
488,20048,,,1.1635875701904297,0.3847525715827942,,
489,20089,,,,,0.8317093253135681,0.34919852018356323
489,20089,,,1.1098861694335938,0.4321075975894928,,
490,20130,,,,,0.8329638838768005,0.34914299845695496
490,20130,,,1.1520416736602783,0.42968544363975525,,
491,20171,,,,,0.836468517780304,0.3487609922885895
491,20171,,,1.1369004249572754,0.44253647327423096,,
492,20212,,,,,0.8380091786384583,0.3488416373729706
492,20212,,,1.0923187732696533,0.4361381530761719,,
493,20253,,,,,0.8359440565109253,0.3492189049720764
493,20253,,,1.131972312927246,0.40771061182022095,,
494,20294,,,,,0.8348069190979004,0.3495098054409027
494,20294,,,1.1535985469818115,0.45181459188461304,,
495,20335,,,,,0.8331853151321411,0.34940701723098755
495,20335,,,1.1341841220855713,0.39451754093170166,,
496,20376,,,,,0.8315212726593018,0.3499963879585266
496,20376,,,1.099169135093689,0.41579878330230713,,
497,20417,,,,,0.8315795660018921,0.35040372610092163
497,20417,,,1.1304773092269897,0.43692076206207275,,
498,20458,,,,,0.8329489231109619,0.35081928968429565
498,20458,,,1.1818273067474365,0.42716458439826965,,
499,20499,,,,,0.8343585133552551,0.35080352425575256
499,20499,,,1.1497608423233032,0.44079190492630005,,
500,20540,,,,,0.8346442580223083,0.3509226143360138
500,20540,,,1.1497199535369873,0.4286780059337616,,
501,20581,,,,,0.8327690362930298,0.35153549909591675
501,20581,,,1.1474862098693848,0.4207231402397156,,
502,20622,,,,,0.8331061005592346,0.35185515880584717
502,20622,,,1.1305605173110962,0.44824376702308655,,
503,20663,,,,,0.8339610695838928,0.3522739112377167
503,20663,,,1.1360573768615723,0.44950225949287415,,
504,20704,,,,,0.8321847319602966,0.35294410586357117
504,20704,,,1.1409846544265747,0.4449540972709656,,
505,20745,,,,,0.8328304886817932,0.35299330949783325
505,20745,,,1.1178960800170898,0.43819525837898254,,
506,20786,,,,,0.8345081210136414,0.35309404134750366
506,20786,,,1.122481107711792,0.4765685498714447,,
507,20827,,,,,0.8340028524398804,0.3531869947910309
507,20827,,,1.1342278718948364,0.4252570569515228,,
508,20868,,,,,0.8311232924461365,0.35363417863845825
508,20868,,,1.1400172710418701,0.4760533273220062,,
509,20909,,,,,0.8306906819343567,0.35373780131340027
509,20909,,,1.1466478109359741,0.4503302574157715,,
510,20950,,,,,0.8323425650596619,0.353971004486084
510,20950,,,1.1738804578781128,0.45256292819976807,,
511,20991,,,,,0.8292682766914368,0.35418930649757385
511,20991,,,1.1328648328781128,0.4272094964981079,,
512,21032,,,,,0.8294713497161865,0.3541446030139923
512,21032,,,1.149264931678772,0.46291792392730713,,
513,21073,,,,,0.8283444046974182,0.3543744385242462
513,21073,,,1.13875150680542,0.4004209041595459,,
514,21114,,,,,0.8282737731933594,0.354680597782135
514,21114,,,1.1459732055664062,0.4726645350456238,,
515,21155,,,,,0.8276430368423462,0.35458412766456604
515,21155,,,1.1643035411834717,0.39446040987968445,,
516,21196,,,,,0.8294739723205566,0.35463961958885193
516,21196,,,1.1428288221359253,0.4473344683647156,,
517,21237,,,,,0.8309155702590942,0.3546595871448517
517,21237,,,1.1449815034866333,0.4169580042362213,,
518,21278,,,,,0.8304726481437683,0.35489556193351746
518,21278,,,1.1367698907852173,0.4255630075931549,,
519,21319,,,,,0.8316226601600647,0.35486942529678345
519,21319,,,1.1400377750396729,0.42901644110679626,,
520,21360,,,,,0.8301047682762146,0.3551022410392761
520,21360,,,1.1473209857940674,0.43668636679649353,,
521,21401,,,,,0.831229567527771,0.3552122414112091
521,21401,,,1.1506048440933228,0.43297678232192993,,
522,21442,,,,,0.829889178276062,0.35513564944267273
522,21442,,,1.1361905336380005,0.4392175078392029,,
523,21483,,,,,0.8308729529380798,0.3551405370235443
523,21483,,,1.1476191282272339,0.47164633870124817,,
524,21524,,,,,0.8306221961975098,0.3554995357990265
524,21524,,,1.1089911460876465,0.443352073431015,,
525,21565,,,,,0.8309888243675232,0.3561405837535858
525,21565,,,1.1561822891235352,0.4420563280582428,,
526,21606,,,,,0.8299014568328857,0.35603538155555725
526,21606,,,1.1318081617355347,0.44595634937286377,,
527,21647,,,,,0.8295813798904419,0.35619860887527466
527,21647,,,1.1383711099624634,0.427653431892395,,
528,21688,,,,,0.8296876549720764,0.3562595248222351
528,21688,,,1.1289615631103516,0.44504961371421814,,
529,21729,,,,,0.8307427167892456,0.35619860887527466
529,21729,,,1.1284838914871216,0.44070640206336975,,
530,21770,,,,,0.8303767442703247,0.356326699256897
530,21770,,,1.1251622438430786,0.43570905923843384,,
531,21811,,,,,0.829199492931366,0.35625141859054565
531,21811,,,1.1369247436523438,0.44540828466415405,,
532,21852,,,,,0.8310220241546631,0.35625118017196655
532,21852,,,1.1298372745513916,0.44990232586860657,,
533,21893,,,,,0.8286297917366028,0.3563171923160553
533,21893,,,1.1688581705093384,0.44543540477752686,,
534,21934,,,,,0.8296065926551819,0.35615023970603943
534,21934,,,1.1162351369857788,0.44746190309524536,,
535,21975,,,,,0.8292272090911865,0.35593512654304504
535,21975,,,1.1487383842468262,0.4076205790042877,,
536,22016,,,,,0.8298241496086121,0.35606876015663147
536,22016,,,1.1493583917617798,0.44173339009284973,,
537,22057,,,,,0.8298175930976868,0.3560374081134796
537,22057,,,1.1270241737365723,0.4054788649082184,,
538,22098,,,,,0.8318575024604797,0.35583725571632385
538,22098,,,1.1350579261779785,0.43420735001564026,,
539,22139,,,,,0.8316110968589783,0.35613900423049927
539,22139,,,1.121781826019287,0.45734164118766785,,
540,22180,,,,,0.8298929929733276,0.35662639141082764
540,22180,,,1.1165307760238647,0.4460229277610779,,
541,22221,,,,,0.831820011138916,0.35657182335853577
541,22221,,,1.156677007675171,0.45698705315589905,,
542,22262,,,,,0.8311070799827576,0.3571051061153412
542,22262,,,1.1615829467773438,0.4291921854019165,,
543,22303,,,,,0.8313063383102417,0.35715624690055847
543,22303,,,1.1644842624664307,0.41017740964889526,,
544,22344,,,,,0.8334505558013916,0.35700228810310364
544,22344,,,1.138006567955017,0.4484713077545166,,
545,22385,,,,,0.8322012424468994,0.35743921995162964
545,22385,,,1.1544851064682007,0.4355677664279938,,
546,22426,,,,,0.8313041925430298,0.35735854506492615
546,22426,,,1.1134753227233887,0.43327590823173523,,
547,22467,,,,,0.8305949568748474,0.3576204478740692
547,22467,,,1.1219488382339478,0.44332659244537354,,
548,22508,,,,,0.8313191533088684,0.3575074076652527
548,22508,,,1.1191264390945435,0.44697311520576477,,
549,22549,,,,,0.8316769599914551,0.3575974106788635
549,22549,,,1.157521367073059,0.4733101427555084,,
550,22590,,,,,0.8302720785140991,0.35777124762535095
550,22590,,,1.1439300775527954,0.44695720076560974,,
551,22631,,,,,0.8298224806785583,0.3577130436897278
551,22631,,,1.1425762176513672,0.4545130729675293,,
552,22672,,,,,0.8270025849342346,0.3577658534049988
552,22672,,,1.1212372779846191,0.41939404606819153,,
553,22713,,,,,0.827953577041626,0.35777533054351807
553,22713,,,1.1315478086471558,0.4414622485637665,,
554,22754,,,,,0.8302005529403687,0.35775303840637207
554,22754,,,1.1251729726791382,0.4582696259021759,,
555,22795,,,,,0.8288580179214478,0.3576153814792633
555,22795,,,1.124307632446289,0.4213213622570038,,
556,22836,,,,,0.8290045261383057,0.3575332462787628
556,22836,,,1.1735562086105347,0.44013047218322754,,
557,22877,,,,,0.8296393156051636,0.35772237181663513
557,22877,,,1.1188551187515259,0.45309877395629883,,
558,22918,,,,,0.8291353583335876,0.358357310295105
558,22918,,,1.1199945211410522,0.45093461871147156,,
559,22959,,,,,0.8296335339546204,0.35869497060775757
559,22959,,,1.1191022396087646,0.42948633432388306,,
560,23000,,,,,0.8288882970809937,0.3589184880256653
560,23000,,,1.1092324256896973,0.45880788564682007,,
561,23041,,,,,0.8300971984863281,0.35905003547668457
561,23041,,,1.145290493965149,0.43728896975517273,,
562,23082,,,,,0.8293130397796631,0.35937201976776123
562,23082,,,1.1456190347671509,0.44666603207588196,,
563,23123,,,,,0.8280970454216003,0.3596680462360382
563,23123,,,1.1405043601989746,0.4631248116493225,,
564,23164,,,,,0.8282286524772644,0.35982751846313477
564,23164,,,1.1044971942901611,0.43719035387039185,,
565,23205,,,,,0.827318012714386,0.3598365783691406
565,23205,,,1.1465418338775635,0.4174555838108063,,
566,23246,,,,,0.8257901668548584,0.3601088523864746
566,23246,,,1.1451311111450195,0.42504268884658813,,
567,23287,,,,,0.8262186646461487,0.36015647649765015
567,23287,,,1.145823359489441,0.45417287945747375,,
568,23328,,,,,0.8276301026344299,0.36017417907714844
568,23328,,,1.1428165435791016,0.41857585310935974,,
569,23369,,,,,0.8295050263404846,0.36023059487342834
569,23369,,,1.1490870714187622,0.41995471715927124,,
570,23410,,,,,0.8291426301002502,0.3599511682987213
570,23410,,,1.147171139717102,0.4495810568332672,,
571,23451,,,,,0.8289861083030701,0.3602965176105499
571,23451,,,1.1192560195922852,0.47920194268226624,,
572,23492,,,,,0.8298383951187134,0.360366553068161
572,23492,,,1.1295301914215088,0.44820737838745117,,
573,23533,,,,,0.8324583172798157,0.36014702916145325
573,23533,,,1.1148371696472168,0.47616326808929443,,
574,23574,,,,,0.8335633277893066,0.3597966134548187
574,23574,,,1.1556203365325928,0.4277302324771881,,
575,23615,,,,,0.8321488499641418,0.3598632514476776
575,23615,,,1.1490164995193481,0.45856085419654846,,
576,23656,,,,,0.8322851657867432,0.3601579964160919
576,23656,,,1.1434361934661865,0.43624886870384216,,
577,23697,,,,,0.8302420377731323,0.3600756525993347
577,23697,,,1.1043274402618408,0.4545994699001312,,
578,23738,,,,,0.8291938304901123,0.3597027361392975
578,23738,,,1.1122573614120483,0.46059152483940125,,
579,23779,,,,,0.8299636840820312,0.35975757241249084
579,23779,,,1.1244909763336182,0.4473135769367218,,
580,23820,,,,,0.829949676990509,0.3596934974193573
580,23820,,,1.1152033805847168,0.43885594606399536,,
581,23861,,,,,0.828241229057312,0.3599022924900055
581,23861,,,1.1064066886901855,0.42696481943130493,,
582,23902,,,,,0.8281470537185669,0.36028334498405457
582,23902,,,1.1175216436386108,0.4975889325141907,,
583,23943,,,,,0.8278460502624512,0.3606780171394348
583,23943,,,1.1461677551269531,0.41996508836746216,,
584,23984,,,,,0.8310888409614563,0.3607930839061737
584,23984,,,1.143475890159607,0.475845068693161,,
585,24025,,,,,0.8317473530769348,0.3607522249221802
585,24025,,,1.1082316637039185,0.48032212257385254,,
586,24066,,,,,0.8316037654876709,0.36084339022636414
586,24066,,,1.1170622110366821,0.4724026322364807,,
587,24107,,,,,0.8331357836723328,0.36068710684776306
587,24107,,,1.106489896774292,0.46801793575286865,,
588,24148,,,,,0.8316208124160767,0.3607080578804016
588,24148,,,1.1415064334869385,0.41587579250335693,,
589,24189,,,,,0.8308611512184143,0.3608438968658447
589,24189,,,1.1386332511901855,0.4448160231113434,,
590,24230,,,,,0.8314355611801147,0.36098143458366394
590,24230,,,1.1075793504714966,0.5030535459518433,,
591,24271,,,,,0.8317368626594543,0.36104097962379456
591,24271,,,1.1059051752090454,0.4643072187900543,,
592,24312,,,,,0.8296141028404236,0.3611952066421509
592,24312,,,1.1263840198516846,0.48532021045684814,,
593,24353,,,,,0.8283584117889404,0.3615543246269226
593,24353,,,1.129162073135376,0.41474705934524536,,
594,24394,,,,,0.8278833627700806,0.3615644872188568
594,24394,,,1.1345998048782349,0.4226745069026947,,
595,24435,,,,,0.8282943964004517,0.3615667521953583
595,24435,,,1.151688575744629,0.4304996728897095,,
596,24476,,,,,0.8304579257965088,0.36135903000831604
596,24476,,,1.1580851078033447,0.46676528453826904,,
597,24517,,,,,0.8316996693611145,0.3614116609096527
597,24517,,,1.1306487321853638,0.4756280481815338,,
598,24558,,,,,0.8304548859596252,0.3615802526473999
598,24558,,,1.1178675889968872,0.4396372139453888,,
599,24599,,,,,0.8294907808303833,0.3621866703033447
599,24599,,,1.1474043130874634,0.449715256690979,,
600,24640,,,,,0.8289572596549988,0.36231356859207153
600,24640,,,1.1299376487731934,0.43891245126724243,,
601,24681,,,,,0.828759491443634,0.36186957359313965
601,24681,,,1.101947546005249,0.4675036072731018,,
602,24722,,,,,0.8279291391372681,0.36246776580810547
602,24722,,,1.1397454738616943,0.45029956102371216,,
603,24763,,,,,0.826992392539978,0.3628634512424469
603,24763,,,1.1338950395584106,0.4663080871105194,,
604,24804,,,,,0.8276951909065247,0.36311665177345276
604,24804,,,1.1219967603683472,0.4793928265571594,,
605,24845,,,,,0.8291371464729309,0.3631863296031952
605,24845,,,1.1159895658493042,0.4738480746746063,,
606,24886,,,,,0.829982340335846,0.36309391260147095
606,24886,,,1.092960238456726,0.45527684688568115,,
607,24927,,,,,0.8286381363868713,0.3631417453289032
607,24927,,,1.1412591934204102,0.4147259294986725,,
608,24968,,,,,0.8288419246673584,0.3630877733230591
608,24968,,,1.1130107641220093,0.4690699577331543,,
609,25009,,,,,0.831004798412323,0.36322376132011414
609,25009,,,1.122131586074829,0.46705111861228943,,
610,25050,,,,,0.8331132531166077,0.3629534840583801
610,25050,,,1.168367862701416,0.4359199106693268,,
611,25091,,,,,0.83152174949646,0.3628457188606262
611,25091,,,1.151639461517334,0.43527883291244507,,
612,25132,,,,,0.8309841752052307,0.36297035217285156
612,25132,,,1.1215444803237915,0.4305923283100128,,
613,25173,,,,,0.8281165957450867,0.36335045099258423
613,25173,,,1.1268771886825562,0.45968422293663025,,
614,25214,,,,,0.8274755477905273,0.3643145263195038
614,25214,,,1.1408747434616089,0.49476051330566406,,
615,25255,,,,,0.8282232880592346,0.36484166979789734
615,25255,,,1.1390624046325684,0.47017189860343933,,
616,25296,,,,,0.828174889087677,0.3649556636810303
616,25296,,,1.1659231185913086,0.4438646733760834,,
617,25337,,,,,0.8298584222793579,0.3653930425643921
617,25337,,,1.1543036699295044,0.4595624506473541,,
618,25378,,,,,0.8289607167243958,0.36565595865249634
618,25378,,,1.108562707901001,0.4597429931163788,,
619,25419,,,,,0.8294194936752319,0.3654839098453522
619,25419,,,1.0973432064056396,0.45892202854156494,,
620,25460,,,,,0.82997727394104,0.3658066689968109
620,25460,,,1.137789249420166,0.46131160855293274,,
621,25501,,,,,0.8309820890426636,0.36636024713516235
621,25501,,,1.1236225366592407,0.46830010414123535,,
622,25542,,,,,0.8301590085029602,0.3664429485797882
622,25542,,,1.1344953775405884,0.4358857274055481,,
623,25583,,,,,0.8320055603981018,0.3667472302913666
623,25583,,,1.1354877948760986,0.47254106402397156,,
624,25624,,,,,0.8304731845855713,0.3667167127132416
624,25624,,,1.1541695594787598,0.44596490263938904,,
625,25665,,,,,0.830109179019928,0.3669031262397766
625,25665,,,1.1224327087402344,0.4887770712375641,,
626,25706,,,,,0.8292549252510071,0.36689066886901855
626,25706,,,1.1133649349212646,0.48199763894081116,,
627,25747,,,,,0.8289390802383423,0.3665884733200073
627,25747,,,1.1434299945831299,0.47257566452026367,,
628,25788,,,,,0.8280441164970398,0.3665825128555298
628,25788,,,1.131690263748169,0.48204895853996277,,
629,25829,,,,,0.8292229175567627,0.36671966314315796
629,25829,,,1.1307581663131714,0.4717206656932831,,
630,25870,,,,,0.8306987285614014,0.3666103482246399
630,25870,,,1.1190248727798462,0.46595439314842224,,
631,25911,,,,,0.8300634026527405,0.36696144938468933
631,25911,,,1.1397367715835571,0.4351695775985718,,
632,25952,,,,,0.8293566107749939,0.3667755424976349
632,25952,,,1.1227022409439087,0.4321798086166382,,
633,25993,,,,,0.8278483152389526,0.36705586314201355
633,25993,,,1.1205461025238037,0.45684367418289185,,
634,26034,,,,,0.829461932182312,0.3669223189353943
634,26034,,,1.142223596572876,0.4709436297416687,,
635,26075,,,,,0.8275811672210693,0.36754101514816284
635,26075,,,1.1055983304977417,0.47053563594818115,,
636,26116,,,,,0.8266997933387756,0.3673400282859802
636,26116,,,1.1583473682403564,0.43807724118232727,,
637,26157,,,,,0.8279917240142822,0.3669601082801819
637,26157,,,1.11080801486969,0.4736260771751404,,
638,26198,,,,,0.8276711106300354,0.367196261882782
638,26198,,,1.118253231048584,0.4456693232059479,,
639,26239,,,,,0.8276134729385376,0.36738890409469604
639,26239,,,1.118585228919983,0.4764387607574463,,
640,26280,,,,,0.8293164968490601,0.3674139082431793
640,26280,,,1.1324883699417114,0.46920621395111084,,
641,26321,,,,,0.8287780284881592,0.3675979673862457
641,26321,,,1.1639267206192017,0.4331306219100952,,
642,26362,,,,,0.8285524845123291,0.3680223822593689
642,26362,,,1.10823655128479,0.468112051486969,,
643,26403,,,,,0.8296058177947998,0.3679894506931305
643,26403,,,1.1454206705093384,0.4392937123775482,,
644,26444,,,,,0.8304762840270996,0.36754855513572693
644,26444,,,1.121384620666504,0.45333272218704224,,
645,26485,,,,,0.831342875957489,0.36759358644485474
645,26485,,,1.0998138189315796,0.4932848811149597,,
646,26526,,,,,0.8305796980857849,0.36719706654548645
646,26526,,,1.1486084461212158,0.4445157051086426,,
647,26567,,,,,0.8305129408836365,0.3669193983078003
647,26567,,,1.1257587671279907,0.4519338011741638,,
648,26608,,,,,0.830340564250946,0.3666265904903412
648,26608,,,1.095314860343933,0.48700881004333496,,
649,26649,,,,,0.830507218837738,0.36664071679115295
649,26649,,,1.1093945503234863,0.5156142711639404,,
650,26690,,,,,0.8282867074012756,0.3668025732040405
650,26690,,,1.107019066810608,0.4683963358402252,,
651,26731,,,,,0.8253318071365356,0.36706262826919556
651,26731,,,1.1091631650924683,0.42273229360580444,,
652,26772,,,,,0.8271089792251587,0.3672313988208771
652,26772,,,1.118945598602295,0.5226026177406311,,
653,26813,,,,,0.8267341256141663,0.3675273358821869
653,26813,,,1.1378484964370728,0.48321399092674255,,
654,26854,,,,,0.8264848589897156,0.3677098751068115
654,26854,,,1.1281318664550781,0.4703670144081116,,
655,26895,,,,,0.8256832957267761,0.36780548095703125
655,26895,,,1.143364667892456,0.4070029854774475,,
656,26936,,,,,0.8269897103309631,0.36817827820777893
656,26936,,,1.1427897214889526,0.44620421528816223,,
657,26977,,,,,0.8282695412635803,0.36815914511680603
657,26977,,,1.1280429363250732,0.45544368028640747,,
658,27018,,,,,0.8286621570587158,0.36862221360206604
658,27018,,,1.120928168296814,0.4278370141983032,,
659,27059,,,,,0.8291476368904114,0.3685753643512726
659,27059,,,1.1381986141204834,0.4820963740348816,,
660,27100,,,,,0.8271628022193909,0.3688064217567444
660,27100,,,1.1323055028915405,0.4389980733394623,,
661,27141,,,,,0.8263015151023865,0.3690813481807709
661,27141,,,1.1472787857055664,0.4456484615802765,,
662,27182,,,,,0.82585209608078,0.36876288056373596
662,27182,,,1.127012848854065,0.47667545080184937,,
663,27223,,,,,0.8266875743865967,0.3686571419239044
663,27223,,,1.1200624704360962,0.42634233832359314,,
664,27264,,,,,0.8265587091445923,0.36894017457962036
664,27264,,,1.1247280836105347,0.4312303960323334,,
665,27305,,,,,0.8271960616111755,0.3688599765300751
665,27305,,,1.1017990112304688,0.49109792709350586,,
666,27346,,,,,0.826749861240387,0.36881572008132935
666,27346,,,1.1186819076538086,0.45337727665901184,,
667,27387,,,,,0.8273507952690125,0.36909714341163635
667,27387,,,1.1376378536224365,0.479014128446579,,
668,27428,,,,,0.8271822333335876,0.36916667222976685
668,27428,,,1.138180136680603,0.4409785866737366,,
669,27469,,,,,0.8288123607635498,0.36923977732658386
669,27469,,,1.0983604192733765,0.49699893593788147,,
670,27510,,,,,0.8304205536842346,0.368939608335495
670,27510,,,1.117818832397461,0.4585167467594147,,
671,27551,,,,,0.8284412622451782,0.36891305446624756
671,27551,,,1.1149932146072388,0.45220035314559937,,
672,27592,,,,,0.8289107084274292,0.36871060729026794
672,27592,,,1.137516736984253,0.45726436376571655,,
673,27633,,,,,0.8304191827774048,0.36855483055114746
673,27633,,,1.1031206846237183,0.48122209310531616,,
674,27674,,,,,0.8294910192489624,0.36813125014305115
674,27674,,,1.150125503540039,0.41046252846717834,,
675,27715,,,,,0.828196108341217,0.36802998185157776
675,27715,,,1.1240395307540894,0.45313215255737305,,
676,27756,,,,,0.8263807892799377,0.3682161867618561
676,27756,,,1.1328378915786743,0.47744226455688477,,
677,27797,,,,,0.8274025321006775,0.36831003427505493
677,27797,,,1.1137354373931885,0.4621616005897522,,
678,27838,,,,,0.8260437250137329,0.36897748708724976
678,27838,,,1.1373581886291504,0.4632631540298462,,
679,27879,,,,,0.8263538479804993,0.36897459626197815
679,27879,,,1.1218714714050293,0.4563497304916382,,
680,27920,,,,,0.8285043835639954,0.36873525381088257
680,27920,,,1.0651285648345947,0.48725494742393494,,
681,27961,,,,,0.8281510472297668,0.36864542961120605
681,27961,,,1.109392762184143,0.4501502811908722,,
682,28002,,,,,0.8278783559799194,0.36848360300064087
682,28002,,,1.1146091222763062,0.4625040888786316,,
683,28043,,,,,0.8283148407936096,0.368457555770874
683,28043,,,1.1045732498168945,0.4616958200931549,,
684,28084,,,,,0.8284733295440674,0.3684689402580261
684,28084,,,1.1192078590393066,0.4623440206050873,,
685,28125,,,,,0.827717661857605,0.36860981583595276
685,28125,,,1.1139483451843262,0.4553546905517578,,
686,28166,,,,,0.8282216191291809,0.3684961497783661
686,28166,,,1.116272211074829,0.4555487632751465,,
687,28207,,,,,0.8281286954879761,0.3684682548046112
687,28207,,,1.1373274326324463,0.43771272897720337,,
688,28248,,,,,0.8269475102424622,0.3687596917152405
688,28248,,,1.1168489456176758,0.46443524956703186,,
689,28289,,,,,0.8271273970603943,0.36886370182037354
689,28289,,,1.120009422302246,0.47127217054367065,,
690,28330,,,,,0.8289216756820679,0.36867180466651917
690,28330,,,1.1147098541259766,0.46434974670410156,,
691,28371,,,,,0.827345609664917,0.36889392137527466
691,28371,,,1.1413698196411133,0.4585123360157013,,
692,28412,,,,,0.8276805877685547,0.36867716908454895
692,28412,,,1.1375826597213745,0.4393981397151947,,
693,28453,,,,,0.8283516764640808,0.36893483996391296
693,28453,,,1.1255097389221191,0.4771849811077118,,
694,28494,,,,,0.829189121723175,0.36939069628715515
694,28494,,,1.1332154273986816,0.4664565324783325,,
695,28535,,,,,0.8286499381065369,0.3694063723087311
695,28535,,,1.1544538736343384,0.429405152797699,,
696,28576,,,,,0.8287855982780457,0.3693658411502838
696,28576,,,1.107592225074768,0.45002755522727966,,
697,28617,,,,,0.8293755054473877,0.370076060295105
697,28617,,,1.1389096975326538,0.4520304501056671,,
698,28658,,,,,0.8287529945373535,0.3703867197036743
698,28658,,,1.1011621952056885,0.5061976909637451,,
699,28699,,,,,0.827717661857605,0.3697940707206726
699,28699,,,1.1315127611160278,0.46674472093582153,,
700,28740,,,,,0.8275879621505737,0.369917631149292
700,28740,,,1.1256893873214722,0.4621349573135376,,
701,28781,,,,,0.8279238343238831,0.3701319098472595
701,28781,,,1.132059931755066,0.4251766800880432,,
702,28822,,,,,0.8286891579627991,0.36996832489967346
702,28822,,,1.1228326559066772,0.4758743643760681,,
703,28863,,,,,0.8268186450004578,0.37008363008499146
703,28863,,,1.099266767501831,0.44225749373435974,,
704,28904,,,,,0.826352596282959,0.3705511689186096
704,28904,,,1.1364198923110962,0.4636476933956146,,
705,28945,,,,,0.825356662273407,0.37089869379997253
705,28945,,,1.1127599477767944,0.46400293707847595,,
706,28986,,,,,0.8247738480567932,0.3709282875061035
706,28986,,,1.1254643201828003,0.4362538158893585,,
707,29027,,,,,0.8250388503074646,0.3707289397716522
707,29027,,,1.1153414249420166,0.48810774087905884,,
708,29068,,,,,0.8268662095069885,0.3704187572002411
708,29068,,,1.123311996459961,0.4668045938014984,,
709,29109,,,,,0.8245946168899536,0.3700719475746155
709,29109,,,1.1441184282302856,0.43633851408958435,,
710,29150,,,,,0.8249679207801819,0.37039995193481445
710,29150,,,1.1396123170852661,0.445738822221756,,
711,29191,,,,,0.8254765868186951,0.37022385001182556
711,29191,,,1.0992177724838257,0.47257769107818604,,
712,29232,,,,,0.8252022862434387,0.3704463839530945
712,29232,,,1.0973056554794312,0.4600307047367096,,
713,29273,,,,,0.8247606754302979,0.3705040514469147
713,29273,,,1.1091798543930054,0.43869683146476746,,
714,29314,,,,,0.825207531452179,0.3706553876399994
714,29314,,,1.1229288578033447,0.4721514880657196,,
715,29355,,,,,0.8262243866920471,0.3707755208015442
715,29355,,,1.1333904266357422,0.4407428205013275,,
716,29396,,,,,0.8277249336242676,0.3713572323322296
716,29396,,,1.083176612854004,0.5193063020706177,,
717,29437,,,,,0.8267311453819275,0.37191545963287354
717,29437,,,1.1169193983078003,0.456281840801239,,
718,29478,,,,,0.8258950710296631,0.3721640706062317
718,29478,,,1.1349942684173584,0.4400634169578552,,
719,29519,,,,,0.8274362087249756,0.3720910847187042
719,29519,,,1.111013412475586,0.43677058815956116,,
720,29560,,,,,0.8253087997436523,0.3723129630088806
720,29560,,,1.1167724132537842,0.4766348898410797,,
721,29601,,,,,0.8260924220085144,0.37245383858680725
721,29601,,,1.1002384424209595,0.48389294743537903,,
722,29642,,,,,0.8255339860916138,0.37302377820014954
722,29642,,,1.0811527967453003,0.5170339941978455,,
723,29683,,,,,0.8261067271232605,0.37315210700035095
723,29683,,,1.0887888669967651,0.49477529525756836,,
724,29724,,,,,0.8262031674385071,0.3728070557117462
724,29724,,,1.1204187870025635,0.49618563055992126,,
725,29765,,,,,0.8259103894233704,0.37277817726135254
725,29765,,,1.096761703491211,0.4949624538421631,,
726,29806,,,,,0.8263834714889526,0.372565895318985
726,29806,,,1.141508936882019,0.47301897406578064,,
727,29847,,,,,0.8259021043777466,0.3727993965148926
727,29847,,,1.101072907447815,0.45064792037010193,,
728,29888,,,,,0.8256253004074097,0.37281206250190735
728,29888,,,1.1252260208129883,0.4566848576068878,,
729,29929,,,,,0.8259848356246948,0.37251710891723633
729,29929,,,1.1200932264328003,0.44386374950408936,,
730,29970,,,,,0.8252267241477966,0.3728383183479309
730,29970,,,1.1155810356140137,0.44058758020401,,
731,30011,,,,,0.8256174325942993,0.37282994389533997
731,30011,,,1.1425479650497437,0.4693812429904938,,
732,30052,,,,,0.8252464532852173,0.37264561653137207
732,30052,,,1.107286810874939,0.4537646174430847,,
733,30093,,,,,0.8273475170135498,0.37254127860069275
733,30093,,,1.1058462858200073,0.46825605630874634,,
734,30134,,,,,0.8255859017372131,0.3725131154060364
734,30134,,,1.1091763973236084,0.44837385416030884,,
735,30175,,,,,0.8253027200698853,0.3729700446128845
735,30175,,,1.107753872871399,0.4505572021007538,,
736,30216,,,,,0.8262739777565002,0.3734627068042755
736,30216,,,1.110655665397644,0.46115386486053467,,
737,30257,,,,,0.826995313167572,0.37346094846725464
737,30257,,,1.100215196609497,0.4419907033443451,,
738,30298,,,,,0.8261169195175171,0.3735446035861969
738,30298,,,1.138407588005066,0.4619750380516052,,
739,30339,,,,,0.8270130753517151,0.37376266717910767
739,30339,,,1.1191452741622925,0.46719110012054443,,
740,30380,,,,,0.8265305757522583,0.3737967014312744
740,30380,,,1.1219947338104248,0.4865235686302185,,
741,30421,,,,,0.8253466486930847,0.3743634521961212
741,30421,,,1.1165868043899536,0.4556117057800293,,
742,30462,,,,,0.8246954679489136,0.37432950735092163
742,30462,,,1.1419440507888794,0.44447270035743713,,
743,30503,,,,,0.8251461386680603,0.3739341199398041
743,30503,,,1.142385482788086,0.4462728798389435,,
744,30544,,,,,0.826078474521637,0.37422552704811096
744,30544,,,1.1124321222305298,0.4861362874507904,,
745,30585,,,,,0.8258718848228455,0.3735181391239166
745,30585,,,1.1088407039642334,0.5307247042655945,,
746,30626,,,,,0.82734614610672,0.3738902807235718
746,30626,,,1.1291879415512085,0.4851815402507782,,
747,30667,,,,,0.8283332586288452,0.3740242123603821
747,30667,,,1.1643632650375366,0.42177608609199524,,
748,30708,,,,,0.8258870244026184,0.3746134638786316
748,30708,,,1.130681037902832,0.4462587237358093,,
749,30749,,,,,0.825111448764801,0.37437036633491516
749,30749,,,1.1272495985031128,0.45968642830848694,,
750,30790,,,,,0.8256720304489136,0.37444549798965454
750,30790,,,1.1141281127929688,0.46803775429725647,,
751,30831,,,,,0.8270000219345093,0.374304860830307
751,30831,,,1.1089322566986084,0.46183130145072937,,
752,30872,,,,,0.8265590071678162,0.374088853597641
752,30872,,,1.1209075450897217,0.43533605337142944,,
753,30913,,,,,0.8260889053344727,0.37408047914505005
753,30913,,,1.0922030210494995,0.5010243654251099,,
754,30954,,,,,0.8258427381515503,0.3739629089832306
754,30954,,,1.1128312349319458,0.4654814600944519,,
755,30995,,,,,0.8247440457344055,0.3739526569843292
755,30995,,,1.115283727645874,0.4729461073875427,,
756,31036,,,,,0.8267490863800049,0.3738802969455719
756,31036,,,1.097777247428894,0.48261553049087524,,
757,31077,,,,,0.8258367776870728,0.3741052746772766
757,31077,,,1.13301682472229,0.4604034423828125,,
758,31118,,,,,0.82563716173172,0.374409943819046
758,31118,,,1.1027759313583374,0.45924079418182373,,
759,31159,,,,,0.8258472084999084,0.3745235502719879
759,31159,,,1.1144123077392578,0.48388296365737915,,
760,31200,,,,,0.827768862247467,0.3748352825641632
760,31200,,,1.1134203672409058,0.4660935401916504,,
761,31241,,,,,0.8258594274520874,0.37480971217155457
761,31241,,,1.1026268005371094,0.4557758569717407,,
762,31282,,,,,0.8258094787597656,0.3745473623275757
762,31282,,,1.102078914642334,0.47063493728637695,,
763,31323,,,,,0.8259598016738892,0.3742637038230896
763,31323,,,1.136139988899231,0.44458281993865967,,
764,31364,,,,,0.8242323398590088,0.3744550943374634
764,31364,,,1.1354931592941284,0.4567904472351074,,
765,31405,,,,,0.8252593874931335,0.3744511902332306
765,31405,,,1.1408950090408325,0.4758363664150238,,
766,31446,,,,,0.8272196650505066,0.3746727705001831
766,31446,,,1.1122798919677734,0.48270848393440247,,
767,31487,,,,,0.8279690742492676,0.3747536838054657
767,31487,,,1.1042516231536865,0.4924446642398834,,
768,31528,,,,,0.8294170498847961,0.37445852160453796
768,31528,,,1.089298963546753,0.464485228061676,,
769,31569,,,,,0.829544723033905,0.37425529956817627
769,31569,,,1.1068860292434692,0.47024065256118774,,
770,31610,,,,,0.8277853727340698,0.3739897310733795
770,31610,,,1.1249579191207886,0.44027960300445557,,
771,31651,,,,,0.828009307384491,0.3741331696510315
771,31651,,,1.112329125404358,0.49638208746910095,,
772,31692,,,,,0.8274686336517334,0.37416690587997437
772,31692,,,1.1022230386734009,0.4881211817264557,,
773,31733,,,,,0.8274374008178711,0.3738933205604553
773,31733,,,1.132185459136963,0.46654021739959717,,
774,31774,,,,,0.8267498016357422,0.37375640869140625
774,31774,,,1.1217315196990967,0.46909019351005554,,
775,31815,,,,,0.8258922696113586,0.3743145763874054
775,31815,,,1.085042119026184,0.5064234137535095,,
776,31856,,,,,0.824406087398529,0.37473270297050476
776,31856,,,1.1225640773773193,0.4837327301502228,,
777,31897,,,,,0.8241806626319885,0.3746650218963623
777,31897,,,1.1454538106918335,0.42721930146217346,,
778,31938,,,,,0.8248949646949768,0.3746873438358307
778,31938,,,1.1215258836746216,0.4758402705192566,,
779,31979,,,,,0.8248806595802307,0.37450799345970154
779,31979,,,1.1124264001846313,0.4934977889060974,,
780,32020,,,,,0.8253840208053589,0.3745233118534088
780,32020,,,1.160356879234314,0.4217400848865509,,
781,32061,,,,,0.825499951839447,0.3742721378803253
781,32061,,,1.0996623039245605,0.47153016924858093,,
782,32102,,,,,0.8264273405075073,0.3742784261703491
782,32102,,,1.133193850517273,0.48067912459373474,,
783,32143,,,,,0.8275406360626221,0.37412452697753906
783,32143,,,1.083789587020874,0.4907304346561432,,
784,32184,,,,,0.8270220756530762,0.3743734359741211
784,32184,,,1.1245168447494507,0.4740491211414337,,
785,32225,,,,,0.8278360962867737,0.37456679344177246
785,32225,,,1.1274352073669434,0.42954495549201965,,
786,32266,,,,,0.8276647329330444,0.37488240003585815
786,32266,,,1.0939851999282837,0.4804494082927704,,
787,32307,,,,,0.8271459341049194,0.3749537765979767
787,32307,,,1.1168512105941772,0.488260954618454,,
788,32348,,,,,0.8274157047271729,0.37517866492271423
788,32348,,,1.0954426527023315,0.4907747507095337,,
789,32389,,,,,0.826878011226654,0.3753255307674408
789,32389,,,1.1299452781677246,0.5002641081809998,,
790,32430,,,,,0.8270333409309387,0.3755323886871338
790,32430,,,1.100339412689209,0.5161398649215698,,
791,32471,,,,,0.8257412314414978,0.3759196996688843
791,32471,,,1.1254420280456543,0.43596914410591125,,
792,32512,,,,,0.8241870999336243,0.37573954463005066
792,32512,,,1.1122007369995117,0.47886621952056885,,
793,32553,,,,,0.8233049511909485,0.3760682940483093
793,32553,,,1.1289784908294678,0.4137133061885834,,
794,32594,,,,,0.8230856657028198,0.3764774203300476
794,32594,,,1.107290267944336,0.5081274509429932,,
795,32635,,,,,0.8250613808631897,0.3764345347881317
795,32635,,,1.1017903089523315,0.4826056659221649,,
796,32676,,,,,0.8247330188751221,0.3766423463821411
796,32676,,,1.1614627838134766,0.42575597763061523,,
797,32717,,,,,0.8251627683639526,0.37678608298301697
797,32717,,,1.0906550884246826,0.48022425174713135,,
798,32758,,,,,0.8234716653823853,0.3764341473579407
798,32758,,,1.1012661457061768,0.4585858881473541,,
799,32799,,,,,0.8240022659301758,0.37646621465682983
799,32799,,,1.1410022974014282,0.43256139755249023,,
800,32840,,,,,0.8256438374519348,0.3756038248538971
800,32840,,,1.095109224319458,0.4844408631324768,,
801,32881,,,,,0.8254086971282959,0.3759118318557739
801,32881,,,1.1198011636734009,0.450958251953125,,
802,32922,,,,,0.8255704045295715,0.3765401542186737
802,32922,,,1.1209425926208496,0.4401352107524872,,
803,32963,,,,,0.8271424174308777,0.37622207403182983
803,32963,,,1.0969024896621704,0.48606356978416443,,
804,33004,,,,,0.8265558481216431,0.3768691122531891
804,33004,,,1.0768444538116455,0.5051645636558533,,
805,33045,,,,,0.8257955312728882,0.37685340642929077
805,33045,,,1.1359411478042603,0.4445764422416687,,
806,33086,,,,,0.82568359375,0.3773648142814636
806,33086,,,1.124330997467041,0.44260475039482117,,
807,33127,,,,,0.82596755027771,0.3773009479045868
807,33127,,,1.1162021160125732,0.44866007566452026,,
808,33168,,,,,0.8265347480773926,0.37734001874923706
808,33168,,,1.1337605714797974,0.45032891631126404,,
809,33209,,,,,0.8250699043273926,0.3770672678947449
809,33209,,,1.1217763423919678,0.4974157214164734,,
810,33250,,,,,0.824000895023346,0.37701496481895447
810,33250,,,1.137274980545044,0.4660259485244751,,
811,33291,,,,,0.8233155012130737,0.3767396807670593
811,33291,,,1.113606572151184,0.4739365875720978,,
812,33332,,,,,0.8241901993751526,0.37697264552116394
812,33332,,,1.1267162561416626,0.4850120544433594,,
813,33373,,,,,0.8251102566719055,0.37696632742881775
813,33373,,,1.097700595855713,0.4610270857810974,,
814,33414,,,,,0.824467658996582,0.3771418035030365
814,33414,,,1.1357591152191162,0.4516551196575165,,
815,33455,,,,,0.8236718773841858,0.37713393568992615
815,33455,,,1.1021703481674194,0.4447953701019287,,
816,33496,,,,,0.8250993490219116,0.3774982988834381
816,33496,,,1.0681637525558472,0.47007057070732117,,
817,33537,,,,,0.824804961681366,0.3778696060180664
817,33537,,,1.1221981048583984,0.45592090487480164,,
818,33578,,,,,0.8251932263374329,0.3777240812778473
818,33578,,,1.1041010618209839,0.4637482762336731,,
819,33619,,,,,0.8261054158210754,0.37769174575805664
819,33619,,,1.0943758487701416,0.4979409873485565,,
820,33660,,,,,0.8263121247291565,0.37801846861839294
820,33660,,,1.0970793962478638,0.5111375451087952,,
821,33701,,,,,0.8255898356437683,0.37809768319129944
821,33701,,,1.1342146396636963,0.43401384353637695,,
822,33742,,,,,0.8219735622406006,0.3784153461456299
822,33742,,,1.1109906435012817,0.4578334391117096,,
823,33783,,,,,0.822838544845581,0.3782567083835602
823,33783,,,1.1253814697265625,0.5077683329582214,,
824,33824,,,,,0.8234673738479614,0.3782708942890167
824,33824,,,1.122971534729004,0.45983660221099854,,
825,33865,,,,,0.8232952356338501,0.3785001039505005
825,33865,,,1.10494065284729,0.4691081643104553,,
826,33906,,,,,0.823962926864624,0.3781219720840454
826,33906,,,1.0998456478118896,0.48109135031700134,,
827,33947,,,,,0.822584331035614,0.3780055046081543
827,33947,,,1.1217020750045776,0.48079997301101685,,
828,33988,,,,,0.8234611749649048,0.377980500459671
828,33988,,,1.1359726190567017,0.4582003653049469,,
829,34029,,,,,0.8232694864273071,0.3781730532646179
829,34029,,,1.117503046989441,0.48052147030830383,,
830,34070,,,,,0.8232529163360596,0.3781220316886902
830,34070,,,1.1026204824447632,0.49063840508461,,
831,34111,,,,,0.8236159086227417,0.37842291593551636
831,34111,,,1.1313669681549072,0.4512985050678253,,
832,34152,,,,,0.8240597248077393,0.37834975123405457
832,34152,,,1.1039836406707764,0.47179868817329407,,
833,34193,,,,,0.824828565120697,0.37874123454093933
833,34193,,,1.105404019355774,0.4758603274822235,,
834,34234,,,,,0.8244283199310303,0.3789535462856293
834,34234,,,1.087403416633606,0.47702115774154663,,
835,34275,,,,,0.8239812850952148,0.3788502812385559
835,34275,,,1.0816746950149536,0.48570773005485535,,
836,34316,,,,,0.8246345520019531,0.37992697954177856
836,34316,,,1.1330454349517822,0.45675864815711975,,
837,34357,,,,,0.8250254988670349,0.38039347529411316
837,34357,,,1.0981186628341675,0.47729235887527466,,
838,34398,,,,,0.8247156143188477,0.380449116230011
838,34398,,,1.1578471660614014,0.47652342915534973,,
839,34439,,,,,0.8225235939025879,0.3805754780769348
839,34439,,,1.1083537340164185,0.49200960993766785,,
840,34480,,,,,0.823764443397522,0.3809128403663635
840,34480,,,1.1010007858276367,0.47922688722610474,,
841,34521,,,,,0.8250767588615417,0.38073211908340454
841,34521,,,1.0951659679412842,0.4517393410205841,,
842,34562,,,,,0.8230174779891968,0.38087159395217896
842,34562,,,1.119978427886963,0.4586877226829529,,
843,34603,,,,,0.8225342035293579,0.3808682858943939
843,34603,,,1.103269100189209,0.4767623543739319,,
844,34644,,,,,0.8234187960624695,0.38095325231552124
844,34644,,,1.1199712753295898,0.4534921944141388,,
845,34685,,,,,0.8223970532417297,0.38115495443344116
845,34685,,,1.095033049583435,0.4875876307487488,,
846,34726,,,,,0.821270227432251,0.38148805499076843
846,34726,,,1.1301372051239014,0.4576588273048401,,
847,34767,,,,,0.8214234113693237,0.38158509135246277
847,34767,,,1.0887982845306396,0.47308090329170227,,
848,34808,,,,,0.8215169906616211,0.3814312815666199
848,34808,,,1.1064162254333496,0.4317277669906616,,
849,34849,,,,,0.8232936263084412,0.3817102015018463
849,34849,,,1.1166348457336426,0.5113728046417236,,
850,34890,,,,,0.8247026205062866,0.3817790150642395
850,34890,,,1.1229774951934814,0.4785960018634796,,
851,34931,,,,,0.8234720826148987,0.3817681074142456
851,34931,,,1.0710551738739014,0.47627466917037964,,
852,34972,,,,,0.8232253193855286,0.3813842236995697
852,34972,,,1.0943433046340942,0.481699675321579,,
853,35013,,,,,0.8234637379646301,0.38066667318344116
853,35013,,,1.0791690349578857,0.48335590958595276,,
854,35054,,,,,0.8244816660881042,0.3806488811969757
854,35054,,,1.0898017883300781,0.47151848673820496,,
855,35095,,,,,0.8240366578102112,0.38060688972473145
855,35095,,,1.1120924949645996,0.48269107937812805,,
856,35136,,,,,0.8228262066841125,0.3807607591152191
856,35136,,,1.1108478307724,0.47257301211357117,,
857,35177,,,,,0.8234996199607849,0.38086673617362976
857,35177,,,1.128771185874939,0.44207465648651123,,
858,35218,,,,,0.823591411113739,0.3811260759830475
858,35218,,,1.1499197483062744,0.4530295729637146,,
859,35259,,,,,0.8220698833465576,0.3810480833053589
859,35259,,,1.1381525993347168,0.46029189229011536,,
860,35300,,,,,0.8231313228607178,0.3811165392398834
860,35300,,,1.112459659576416,0.4860847294330597,,
861,35341,,,,,0.8228586912155151,0.38153406977653503
861,35341,,,1.1216996908187866,0.43219873309135437,,
862,35382,,,,,0.8221567869186401,0.38197556138038635
862,35382,,,1.1177971363067627,0.439768522977829,,
863,35423,,,,,0.8222057223320007,0.3816860020160675
863,35423,,,1.123287558555603,0.4950332045555115,,
864,35464,,,,,0.8230167627334595,0.3820319175720215
864,35464,,,1.1237057447433472,0.46701306104660034,,
865,35505,,,,,0.824053943157196,0.38195449113845825
865,35505,,,1.1289209127426147,0.472860187292099,,
866,35546,,,,,0.823983371257782,0.3820732533931732
866,35546,,,1.131797194480896,0.4260680079460144,,
867,35587,,,,,0.8244835138320923,0.38233211636543274
867,35587,,,1.1281896829605103,0.4986458718776703,,
868,35628,,,,,0.8238187432289124,0.38248369097709656
868,35628,,,1.0799552202224731,0.5254758596420288,,
869,35669,,,,,0.8255824446678162,0.3821425139904022
869,35669,,,1.0871284008026123,0.5026397705078125,,
870,35710,,,,,0.8255460858345032,0.381838321685791
870,35710,,,1.1217756271362305,0.4368296265602112,,
871,35751,,,,,0.8246145844459534,0.3818620443344116
871,35751,,,1.089112401008606,0.44858071208000183,,
872,35792,,,,,0.8244667053222656,0.3822988271713257
872,35792,,,1.1014409065246582,0.4342249929904938,,
873,35833,,,,,0.8239999413490295,0.3820796608924866
873,35833,,,1.1182523965835571,0.4805980324745178,,
874,35874,,,,,0.823683500289917,0.381958544254303
874,35874,,,1.120771050453186,0.46106842160224915,,
875,35915,,,,,0.8227969408035278,0.3816933035850525
875,35915,,,1.1315144300460815,0.4616694450378418,,
876,35956,,,,,0.8225511312484741,0.3812613785266876
876,35956,,,1.1460109949111938,0.43808820843696594,,
877,35997,,,,,0.8218162655830383,0.3811931610107422
877,35997,,,1.112048864364624,0.470184326171875,,
878,36038,,,,,0.823303759098053,0.38140419125556946
878,36038,,,1.0930097103118896,0.48223039507865906,,
879,36079,,,,,0.8238292336463928,0.38206878304481506
879,36079,,,1.0954452753067017,0.4725119471549988,,
880,36120,,,,,0.8245831727981567,0.3820916414260864
880,36120,,,1.1140892505645752,0.464388370513916,,
881,36161,,,,,0.8247719407081604,0.3818387985229492
881,36161,,,1.1126128435134888,0.5018754005432129,,
882,36202,,,,,0.8246625661849976,0.3817179203033447
882,36202,,,1.1112653017044067,0.48343154788017273,,
883,36243,,,,,0.8252411484718323,0.3819630742073059
883,36243,,,1.119184136390686,0.48650291562080383,,
884,36284,,,,,0.8257224559783936,0.38207268714904785
884,36284,,,1.0669715404510498,0.5292847156524658,,
885,36325,,,,,0.8251852989196777,0.3820931315422058
885,36325,,,1.1286847591400146,0.45487770438194275,,
886,36366,,,,,0.8259750008583069,0.3823254704475403
886,36366,,,1.108918309211731,0.49591222405433655,,
887,36407,,,,,0.8262389898300171,0.3820202052593231
887,36407,,,1.1336809396743774,0.47044187784194946,,
888,36448,,,,,0.8262020349502563,0.3818275034427643
888,36448,,,1.1049461364746094,0.4784173369407654,,
889,36489,,,,,0.8263577222824097,0.3817129135131836
889,36489,,,1.118988275527954,0.4760790467262268,,
890,36530,,,,,0.8250158429145813,0.38127073645591736
890,36530,,,1.1247395277023315,0.4577149748802185,,
891,36571,,,,,0.8241468667984009,0.38125312328338623
891,36571,,,1.1053777933120728,0.4805237352848053,,
892,36612,,,,,0.8248476982116699,0.38149577379226685
892,36612,,,1.1143659353256226,0.4889921247959137,,
893,36653,,,,,0.823610246181488,0.3812519311904907
893,36653,,,1.1333060264587402,0.47582775354385376,,
894,36694,,,,,0.8228023052215576,0.38140735030174255
894,36694,,,1.1230487823486328,0.48408597707748413,,
895,36735,,,,,0.8222944140434265,0.3812643885612488
895,36735,,,1.0827710628509521,0.4542540907859802,,
896,36776,,,,,0.8225008845329285,0.3811047077178955
896,36776,,,1.1235954761505127,0.47025835514068604,,
897,36817,,,,,0.8237866759300232,0.38062208890914917
897,36817,,,1.0821783542633057,0.4616563320159912,,
898,36858,,,,,0.8249420523643494,0.3802594840526581
898,36858,,,1.0899702310562134,0.4956313669681549,,
899,36899,,,,,0.8241724967956543,0.3799932301044464
899,36899,,,1.109067440032959,0.4635993540287018,,
900,36940,,,,,0.822399377822876,0.3800922632217407
900,36940,,,1.1194121837615967,0.434160977602005,,
901,36981,,,,,0.8225956559181213,0.38076871633529663
901,36981,,,1.1379636526107788,0.4417433738708496,,
902,37022,,,,,0.8241356611251831,0.38036492466926575
902,37022,,,1.0780643224716187,0.5515091419219971,,
903,37063,,,,,0.8227500915527344,0.3805096745491028
903,37063,,,1.0959537029266357,0.4763963222503662,,
904,37104,,,,,0.8223600387573242,0.3806234896183014
904,37104,,,1.134184718132019,0.49223411083221436,,
905,37145,,,,,0.8223620653152466,0.38032323122024536
905,37145,,,1.1184309720993042,0.47204580903053284,,
906,37186,,,,,0.8238582611083984,0.37968775629997253
906,37186,,,1.0840672254562378,0.5206071138381958,,
907,37227,,,,,0.823847770690918,0.379805326461792
907,37227,,,1.108060598373413,0.48111584782600403,,
908,37268,,,,,0.823465883731842,0.3800332546234131
908,37268,,,1.1014453172683716,0.5050109624862671,,
909,37309,,,,,0.8238441348075867,0.38011059165000916
909,37309,,,1.1206016540527344,0.45930588245391846,,
910,37350,,,,,0.8250626921653748,0.3800280690193176
910,37350,,,1.1129531860351562,0.47608914971351624,,
911,37391,,,,,0.8244048953056335,0.38026663661003113
911,37391,,,1.1250905990600586,0.47967860102653503,,
912,37432,,,,,0.8245582580566406,0.38033270835876465
912,37432,,,1.1138858795166016,0.46519845724105835,,
913,37473,,,,,0.8223802447319031,0.3803790509700775
913,37473,,,1.1192238330841064,0.4522813558578491,,
914,37514,,,,,0.8231405019760132,0.3801436424255371
914,37514,,,1.0998244285583496,0.5259534120559692,,
915,37555,,,,,0.8234822154045105,0.3803313970565796
915,37555,,,1.1258907318115234,0.4630199670791626,,
916,37596,,,,,0.8232607245445251,0.379811555147171
916,37596,,,1.1293586492538452,0.44924014806747437,,
917,37637,,,,,0.8244560360908508,0.3802907466888428
917,37637,,,1.1254490613937378,0.44212186336517334,,
918,37678,,,,,0.8235124945640564,0.38057923316955566
918,37678,,,1.098666787147522,0.5096555352210999,,
919,37719,,,,,0.8230802416801453,0.38090500235557556
919,37719,,,1.0863698720932007,0.47644057869911194,,
920,37760,,,,,0.8226224184036255,0.38123658299446106
920,37760,,,1.1363953351974487,0.44390439987182617,,
921,37801,,,,,0.8219113945960999,0.3805481195449829
921,37801,,,1.1208646297454834,0.4850614666938782,,
922,37842,,,,,0.8221070766448975,0.3802597224712372
922,37842,,,1.1347098350524902,0.48568952083587646,,
923,37883,,,,,0.8223810791969299,0.38063254952430725
923,37883,,,1.091111421585083,0.5054360032081604,,
924,37924,,,,,0.8241076469421387,0.3808724284172058
924,37924,,,1.1148958206176758,0.4856107831001282,,
925,37965,,,,,0.8228902220726013,0.38089779019355774
925,37965,,,1.1270579099655151,0.4420429468154907,,
926,38006,,,,,0.8226321935653687,0.3804883062839508
926,38006,,,1.0992769002914429,0.4808485805988312,,
927,38047,,,,,0.8229413032531738,0.38068047165870667
927,38047,,,1.096999168395996,0.4604758322238922,,
928,38088,,,,,0.8222150206565857,0.38095641136169434
928,38088,,,1.1378446817398071,0.4509408473968506,,
929,38129,,,,,0.8228956460952759,0.38074710965156555
929,38129,,,1.098928689956665,0.47849199175834656,,
930,38170,,,,,0.822886049747467,0.38102856278419495
930,38170,,,1.1328535079956055,0.46867528557777405,,
931,38211,,,,,0.8236899971961975,0.3810376524925232
931,38211,,,1.1194654703140259,0.4744766652584076,,
932,38252,,,,,0.8236639499664307,0.38134756684303284
932,38252,,,1.0976531505584717,0.4770767390727997,,
933,38293,,,,,0.8244124054908752,0.38212138414382935
933,38293,,,1.1096965074539185,0.4889996647834778,,
934,38334,,,,,0.8238410353660583,0.38249585032463074
934,38334,,,1.09578537940979,0.49370402097702026,,
935,38375,,,,,0.823170006275177,0.38280627131462097
935,38375,,,1.0946322679519653,0.4786716103553772,,
936,38416,,,,,0.8214143514633179,0.3829099237918854
936,38416,,,1.1258673667907715,0.466025710105896,,
937,38457,,,,,0.8214816451072693,0.3827386498451233
937,38457,,,1.1255435943603516,0.47554653882980347,,
938,38498,,,,,0.8216107487678528,0.3825569748878479
938,38498,,,1.1069029569625854,0.4728730320930481,,
939,38539,,,,,0.8226305842399597,0.382855087518692
939,38539,,,1.1229064464569092,0.48522743582725525,,
940,38580,,,,,0.8226488828659058,0.38280636072158813
940,38580,,,1.1068958044052124,0.47853612899780273,,
941,38621,,,,,0.8222916722297668,0.38280490040779114
941,38621,,,1.077234148979187,0.46967729926109314,,
942,38662,,,,,0.8222509026527405,0.38333946466445923
942,38662,,,1.1070436239242554,0.4803154766559601,,
943,38703,,,,,0.8234536051750183,0.3835471570491791
943,38703,,,1.1295228004455566,0.4677640497684479,,
944,38744,,,,,0.8233745098114014,0.38365843892097473
944,38744,,,1.1146388053894043,0.49073922634124756,,
945,38785,,,,,0.8222973346710205,0.3836018443107605
945,38785,,,1.0846360921859741,0.4767867624759674,,
946,38826,,,,,0.8226540088653564,0.38357770442962646
946,38826,,,1.0911451578140259,0.4887692630290985,,
947,38827,1.2896932363510132,0.43194305896759033,,,,
