epoch,step,test_loss,test_pcc,train_loss_epoch,train_pcc_epoch,val_loss,val_pcc
0,38,,,,,1.6396098136901855,0.16157853603363037
0,38,,,1.0536195039749146,-0.007736941799521446,,
1,77,,,,,1.638279676437378,0.19944873452186584
1,77,,,1.0289788246154785,0.015769880264997482,,
2,116,,,,,1.6406363248825073,0.235721156001091
2,116,,,1.0409225225448608,-0.011519604362547398,,
3,155,,,,,1.6402143239974976,0.21217592060565948
3,155,,,1.0338633060455322,-0.02418616972863674,,
4,194,,,,,1.643675684928894,0.21365061402320862
4,194,,,1.0133463144302368,-0.021223852410912514,,
5,233,,,,,1.6417732238769531,0.20017677545547485
5,233,,,1.0198023319244385,-0.012318885885179043,,
6,272,,,,,1.64313805103302,0.1912992149591446
6,272,,,0.9942686557769775,0.011703860014677048,,
7,311,,,,,1.6456378698349,0.16917051374912262
7,311,,,0.9741793870925903,-0.04630250483751297,,
8,350,,,,,1.6426750421524048,0.1662866473197937
8,350,,,0.9915786981582642,-0.025915231555700302,,
9,389,,,,,1.640730857849121,0.15494902431964874
9,389,,,1.0059913396835327,0.001633841311559081,,
10,428,,,,,1.6393520832061768,0.15277250111103058
10,428,,,1.0164363384246826,-0.00051879946840927,,
11,467,,,,,1.6435266733169556,0.1410306692123413
11,467,,,1.0039761066436768,-0.026824355125427246,,
12,506,,,,,1.6440746784210205,0.1376889944076538
12,506,,,0.9738374352455139,0.06569073349237442,,
13,545,,,,,1.6424139738082886,0.14721769094467163
13,545,,,1.0027261972427368,-0.03671739622950554,,
14,584,,,,,1.6423594951629639,0.15620659291744232
14,584,,,0.9967305064201355,-0.0038702075835317373,,
15,623,,,,,1.6411174535751343,0.16807764768600464
15,623,,,0.9997134804725647,0.004974735900759697,,
16,662,,,,,1.641960620880127,0.1726938933134079
16,662,,,0.9971206784248352,-0.000962579098995775,,
17,701,,,,,1.641917109489441,0.1762837916612625
17,701,,,0.979852557182312,-0.054244861006736755,,
18,740,,,,,1.6421985626220703,0.1740548014640808
18,740,,,0.9874082803726196,0.008556309156119823,,
19,779,,,,,1.6415748596191406,0.17997126281261444
19,779,,,0.9717041254043579,-0.014158360660076141,,
20,818,,,,,1.6431152820587158,0.19042108952999115
20,818,,,0.9505617022514343,-0.011589941568672657,,
21,857,,,,,1.6441502571105957,0.1934618055820465
21,857,,,0.9746910333633423,0.05094960331916809,,
22,896,,,,,1.6424167156219482,0.20166563987731934
22,896,,,0.9990423917770386,-0.0462263748049736,,
23,935,,,,,1.6401803493499756,0.21428191661834717
23,935,,,0.9820935130119324,0.029594799503684044,,
24,974,,,,,1.6394134759902954,0.2126009613275528
24,974,,,0.9852566719055176,-0.030186224728822708,,
25,1013,,,,,1.6402349472045898,0.21444906294345856
25,1013,,,1.0072036981582642,0.027885299175977707,,
26,1052,,,,,1.639932632446289,0.21916934847831726
26,1052,,,1.010189175605774,0.0398225262761116,,
27,1091,,,,,1.6392956972122192,0.21961070597171783
27,1091,,,0.9744911193847656,-0.036075688898563385,,
28,1130,,,,,1.641449213027954,0.22154513001441956
28,1130,,,1.0199989080429077,0.026570338755846024,,
29,1169,,,,,1.6404047012329102,0.22340594232082367
29,1169,,,0.9847742915153503,-0.0007374760461971164,,
30,1208,,,,,1.6399149894714355,0.2196904569864273
30,1208,,,0.984386146068573,0.03653976693749428,,
31,1247,,,,,1.6408175230026245,0.22550326585769653
31,1247,,,0.9676722288131714,0.026083091273903847,,
32,1286,,,,,1.6413995027542114,0.22761569917201996
32,1286,,,1.008843183517456,-0.0271174106746912,,
33,1325,,,,,1.6410918235778809,0.234155535697937
33,1325,,,0.9681879878044128,0.0008563466253690422,,
34,1364,,,,,1.6399807929992676,0.2361658364534378
34,1364,,,0.9798611402511597,0.03726118803024292,,
35,1403,,,,,1.6389111280441284,0.2340521216392517
35,1403,,,0.9753500819206238,0.04786369577050209,,
36,1442,,,,,1.6383942365646362,0.23950867354869843
36,1442,,,0.9984620809555054,0.046878471970558167,,
37,1481,,,,,1.641373634338379,0.24279773235321045
37,1481,,,0.9950731992721558,0.0154839176684618,,
38,1520,,,,,1.639888048171997,0.2439567744731903
38,1520,,,0.9457518458366394,0.0760904923081398,,
39,1559,,,,,1.639732003211975,0.24476809799671173
39,1559,,,0.967805027961731,0.03407151997089386,,
40,1598,,,,,1.6399773359298706,0.2410205602645874
40,1598,,,0.9822639226913452,0.03437560424208641,,
41,1637,,,,,1.6379927396774292,0.2420836091041565
41,1637,,,0.9861435294151306,0.045264776796102524,,
42,1676,,,,,1.640844702720642,0.2449205070734024
42,1676,,,0.9715275764465332,-0.0034280812833458185,,
43,1715,,,,,1.6405805349349976,0.24678294360637665
43,1715,,,0.9929759502410889,0.06837253272533417,,
44,1754,,,,,1.6387602090835571,0.248427614569664
44,1754,,,0.9726983904838562,0.046002380549907684,,
45,1793,,,,,1.6389551162719727,0.2501164376735687
45,1793,,,0.9891302585601807,0.033795759081840515,,
46,1832,,,,,1.639786958694458,0.24994052946567535
46,1832,,,0.97093266248703,0.05822428688406944,,
47,1871,,,,,1.637579083442688,0.25457534193992615
47,1871,,,0.9422549605369568,0.13891682028770447,,
48,1910,,,,,1.6367233991622925,0.25652340054512024
48,1910,,,0.9943220615386963,0.04241843894124031,,
49,1949,,,,,1.6376398801803589,0.25833043456077576
49,1949,,,1.0147936344146729,0.09228427708148956,,
50,1988,,,,,1.6352903842926025,0.2616158723831177
50,1988,,,0.9836124777793884,0.05670929700136185,,
51,2027,,,,,1.6380505561828613,0.26168304681777954
51,2027,,,0.9823682904243469,0.04080945625901222,,
52,2066,,,,,1.6378674507141113,0.2584948241710663
52,2066,,,1.00025475025177,0.036159392446279526,,
53,2105,,,,,1.6341164112091064,0.2563791573047638
53,2105,,,0.987550675868988,0.09295137971639633,,
54,2144,,,,,1.6362478733062744,0.2598384618759155
54,2144,,,0.9740474224090576,0.03267359361052513,,
55,2183,,,,,1.6349868774414062,0.2605929374694824
55,2183,,,1.0127549171447754,0.06066121906042099,,
56,2222,,,,,1.6353906393051147,0.26311108469963074
56,2222,,,0.9585113525390625,0.07734551280736923,,
57,2261,,,,,1.6326512098312378,0.2662920653820038
57,2261,,,1.0102968215942383,0.14391246438026428,,
58,2300,,,,,1.6307681798934937,0.2645016610622406
58,2300,,,0.9989767670631409,0.05607864633202553,,
59,2339,,,,,1.6322726011276245,0.26478591561317444
59,2339,,,0.9934832453727722,0.07968717813491821,,
60,2378,,,,,1.6312988996505737,0.26218006014823914
60,2378,,,0.9818863272666931,0.09864311665296555,,
61,2417,,,,,1.6329219341278076,0.26606884598731995
61,2417,,,0.9916563630104065,0.0499165840446949,,
62,2456,,,,,1.6317119598388672,0.26413190364837646
62,2456,,,0.9671765565872192,0.13543227314949036,,
63,2495,,,,,1.6294772624969482,0.26632699370384216
63,2495,,,0.9546570181846619,0.05144224315881729,,
64,2534,,,,,1.6267777681350708,0.26905709505081177
64,2534,,,0.977618396282196,0.16272641718387604,,
65,2573,,,,,1.6251775026321411,0.26949939131736755
65,2573,,,0.9723755121231079,0.12223606556653976,,
66,2612,,,,,1.6247419118881226,0.2695005536079407
66,2612,,,0.9831334352493286,0.1424802541732788,,
67,2651,,,,,1.6250693798065186,0.2704455554485321
67,2651,,,0.9758725166320801,0.14448684453964233,,
68,2690,,,,,1.621238350868225,0.2731921970844269
68,2690,,,0.9695690870285034,0.18266892433166504,,
69,2729,,,,,1.6210769414901733,0.27479422092437744
69,2729,,,0.9653567671775818,0.13392497599124908,,
70,2768,,,,,1.6206942796707153,0.2715584337711334
70,2768,,,0.9884340167045593,0.15022721886634827,,
71,2807,,,,,1.6196200847625732,0.27160561084747314
71,2807,,,0.9623700380325317,0.1757676601409912,,
72,2846,,,,,1.6200923919677734,0.27258968353271484
72,2846,,,0.95786452293396,0.14751435816287994,,
73,2885,,,,,1.6172245740890503,0.2713295817375183
73,2885,,,0.96462482213974,0.1354992687702179,,
74,2924,,,,,1.6136153936386108,0.27441176772117615
74,2924,,,0.9562675356864929,0.22360709309577942,,
75,2963,,,,,1.6116266250610352,0.27781346440315247
75,2963,,,0.9174742102622986,0.20859238505363464,,
76,3002,,,,,1.611758828163147,0.27720773220062256
76,3002,,,0.9629127383232117,0.16386112570762634,,
77,3041,,,,,1.6090826988220215,0.2792148292064667
77,3041,,,0.9619215726852417,0.22780410945415497,,
78,3080,,,,,1.6074168682098389,0.2791537940502167
78,3080,,,0.975974440574646,0.21252022683620453,,
79,3119,,,,,1.6073302030563354,0.28086838126182556
79,3119,,,0.9865089654922485,0.19360889494419098,,
80,3158,,,,,1.6049351692199707,0.2806737422943115
80,3158,,,0.9391940236091614,0.2620674967765808,,
81,3197,,,,,1.6045408248901367,0.28387245535850525
81,3197,,,0.9472410678863525,0.22012504935264587,,
82,3236,,,,,1.5985403060913086,0.2853274941444397
82,3236,,,0.9568565487861633,0.1749558448791504,,
83,3275,,,,,1.5995562076568604,0.28465256094932556
83,3275,,,0.934756338596344,0.20503349602222443,,
84,3314,,,,,1.5955930948257446,0.2866736948490143
84,3314,,,0.9669817686080933,0.2569621503353119,,
85,3353,,,,,1.5906991958618164,0.2912391424179077
85,3353,,,0.9232592582702637,0.2464449405670166,,
86,3392,,,,,1.587717890739441,0.290964812040329
86,3392,,,0.9477677941322327,0.3022875487804413,,
87,3431,,,,,1.5879993438720703,0.2915892004966736
87,3431,,,0.9393365383148193,0.2410346120595932,,
88,3470,,,,,1.5861594676971436,0.2901308238506317
88,3470,,,0.9347490072250366,0.26919859647750854,,
89,3509,,,,,1.588535189628601,0.29080554842948914
89,3509,,,0.9743801951408386,0.20373138785362244,,
90,3548,,,,,1.585443139076233,0.2921023368835449
90,3548,,,0.9466387629508972,0.20621901750564575,,
91,3587,,,,,1.5803964138031006,0.2923125922679901
91,3587,,,0.9489557147026062,0.2840307056903839,,
92,3626,,,,,1.5802454948425293,0.2919600307941437
92,3626,,,0.9332420229911804,0.22877883911132812,,
93,3665,,,,,1.5796868801116943,0.29358774423599243
93,3665,,,0.949528157711029,0.25624242424964905,,
94,3704,,,,,1.575994849205017,0.2952254116535187
94,3704,,,0.9494521021842957,0.26529714465141296,,
95,3743,,,,,1.5755311250686646,0.29762956500053406
95,3743,,,0.9439316987991333,0.2618449628353119,,
96,3782,,,,,1.5718605518341064,0.29697415232658386
96,3782,,,0.9315407872200012,0.2886926531791687,,
97,3821,,,,,1.5686978101730347,0.2976572811603546
97,3821,,,0.9521746635437012,0.295958936214447,,
98,3860,,,,,1.5724241733551025,0.3016197681427002
98,3860,,,0.9405550956726074,0.2249080389738083,,
99,3899,,,,,1.5679455995559692,0.30114078521728516
99,3899,,,0.9064062833786011,0.3072829246520996,,
100,3938,,,,,1.5681856870651245,0.3029029667377472
100,3938,,,0.9198004603385925,0.2789401412010193,,
101,3977,,,,,1.5691657066345215,0.3023683428764343
101,3977,,,0.952402651309967,0.27994871139526367,,
102,4016,,,,,1.5660630464553833,0.3026514947414398
102,4016,,,0.9401100277900696,0.28093570470809937,,
103,4055,,,,,1.5642019510269165,0.3020492494106293
103,4055,,,0.9589207172393799,0.33385562896728516,,
104,4094,,,,,1.5619676113128662,0.30262577533721924
104,4094,,,0.9166462421417236,0.2607317268848419,,
105,4133,,,,,1.560721755027771,0.3062742054462433
105,4133,,,0.9063307642936707,0.30417490005493164,,
106,4172,,,,,1.560868740081787,0.3081604838371277
106,4172,,,0.9042651653289795,0.310034841299057,,
107,4211,,,,,1.557907223701477,0.308213472366333
107,4211,,,0.9118963479995728,0.3108396828174591,,
108,4250,,,,,1.5555739402770996,0.3093787729740143
108,4250,,,0.9166937470436096,0.32438522577285767,,
109,4289,,,,,1.555882453918457,0.30990034341812134
109,4289,,,0.9054696559906006,0.3277566432952881,,
110,4328,,,,,1.552322268486023,0.3098321855068207
110,4328,,,0.90108323097229,0.34478649497032166,,
111,4367,,,,,1.5525074005126953,0.31094005703926086
111,4367,,,0.9086056351661682,0.30474087595939636,,
112,4406,,,,,1.5515813827514648,0.3121582567691803
112,4406,,,0.9263261556625366,0.3472747206687927,,
113,4445,,,,,1.5498982667922974,0.31446322798728943
113,4445,,,0.9166719317436218,0.35485634207725525,,
114,4484,,,,,1.5508334636688232,0.3163469731807709
114,4484,,,0.9107710123062134,0.3339490294456482,,
115,4523,,,,,1.5487772226333618,0.32008758187294006
115,4523,,,0.905523955821991,0.31711918115615845,,
116,4562,,,,,1.546401023864746,0.3214148283004761
116,4562,,,0.9159939885139465,0.37716254591941833,,
117,4601,,,,,1.5455085039138794,0.3234332799911499
117,4601,,,0.8899303078651428,0.3790774345397949,,
118,4640,,,,,1.543487310409546,0.32579442858695984
118,4640,,,0.9211300611495972,0.35255128145217896,,
119,4679,,,,,1.5438705682754517,0.32585811614990234
119,4679,,,0.935856819152832,0.2870359420776367,,
120,4718,,,,,1.5460083484649658,0.3268732726573944
120,4718,,,0.9341357350349426,0.2956395745277405,,
121,4757,,,,,1.5455363988876343,0.3301375210285187
121,4757,,,0.9043872356414795,0.3604832589626312,,
122,4796,,,,,1.544083833694458,0.33086100220680237
122,4796,,,0.9412888884544373,0.2995997965335846,,
123,4835,,,,,1.5427030324935913,0.33382391929626465
123,4835,,,0.9556989669799805,0.3424261212348938,,
124,4874,,,,,1.542231559753418,0.3350628912448883
124,4874,,,0.9217088222503662,0.34503692388534546,,
125,4913,,,,,1.5405893325805664,0.3349217176437378
125,4913,,,0.876435399055481,0.3855440318584442,,
126,4952,,,,,1.5401180982589722,0.3357119858264923
126,4952,,,0.8902475237846375,0.36413732171058655,,
127,4991,,,,,1.5384624004364014,0.33603405952453613
127,4991,,,0.901402473449707,0.3355879485607147,,
128,5030,,,,,1.5369925498962402,0.3373066484928131
128,5030,,,0.9167565703392029,0.36479124426841736,,
129,5069,,,,,1.5390316247940063,0.33900392055511475
129,5069,,,0.9093864560127258,0.33628275990486145,,
130,5108,,,,,1.5384963750839233,0.34072908759117126
130,5108,,,0.8783230781555176,0.37984004616737366,,
131,5147,,,,,1.5374748706817627,0.34135353565216064
131,5147,,,0.9180061221122742,0.3302033543586731,,
132,5186,,,,,1.5373867750167847,0.3428061306476593
132,5186,,,0.9330698847770691,0.3229055106639862,,
133,5225,,,,,1.538840651512146,0.3431395888328552
133,5225,,,0.9056971669197083,0.3386022746562958,,
134,5264,,,,,1.5399049520492554,0.34540218114852905
134,5264,,,0.9129478335380554,0.3301474153995514,,
135,5303,,,,,1.5402947664260864,0.34524399042129517
135,5303,,,0.9149959087371826,0.35070696473121643,,
136,5342,,,,,1.538407802581787,0.3456086814403534
136,5342,,,0.9133650660514832,0.348943293094635,,
137,5381,,,,,1.536362886428833,0.34531766176223755
137,5381,,,0.9187765717506409,0.34706491231918335,,
138,5420,,,,,1.5366766452789307,0.3459622263908386
138,5420,,,0.9100481867790222,0.3232305347919464,,
139,5459,,,,,1.540246605873108,0.34693822264671326
139,5459,,,0.9233708381652832,0.2858247458934784,,
140,5498,,,,,1.541453242301941,0.3472552001476288
140,5498,,,0.9051597714424133,0.2995634377002716,,
141,5537,,,,,1.536805510520935,0.347610205411911
141,5537,,,0.8904719948768616,0.4039188325405121,,
142,5576,,,,,1.5363305807113647,0.34755727648735046
142,5576,,,0.889901876449585,0.31657499074935913,,
143,5615,,,,,1.5344367027282715,0.3464721143245697
143,5615,,,0.8975135684013367,0.40087732672691345,,
144,5654,,,,,1.5353615283966064,0.3468674421310425
144,5654,,,0.8852615356445312,0.3592158257961273,,
145,5693,,,,,1.534396767616272,0.34733107686042786
145,5693,,,0.8980589509010315,0.3526305556297302,,
146,5732,,,,,1.5332826375961304,0.3491581976413727
146,5732,,,0.8818547129631042,0.3554731607437134,,
147,5771,,,,,1.5334813594818115,0.35016655921936035
147,5771,,,0.9264337420463562,0.3630244731903076,,
148,5810,,,,,1.5318663120269775,0.35082268714904785
148,5810,,,0.8840914964675903,0.3454488217830658,,
149,5849,,,,,1.5323646068572998,0.34847089648246765
149,5849,,,0.8884050250053406,0.3493187427520752,,
150,5888,,,,,1.5327354669570923,0.3477688729763031
150,5888,,,0.9411934018135071,0.3411078453063965,,
151,5927,,,,,1.5326358079910278,0.34840095043182373
151,5927,,,0.8830508589744568,0.32820767164230347,,
152,5966,,,,,1.5323736667633057,0.3500692844390869
152,5966,,,0.8903338313102722,0.3416440784931183,,
153,6005,,,,,1.5305451154708862,0.3498046100139618
153,6005,,,0.8807597160339355,0.3573968708515167,,
154,6044,,,,,1.533555507659912,0.35255351662635803
154,6044,,,0.9039435982704163,0.37486669421195984,,
155,6083,,,,,1.5299080610275269,0.3529333472251892
155,6083,,,0.8718404769897461,0.42298272252082825,,
156,6122,,,,,1.5309697389602661,0.3540571928024292
156,6122,,,0.8997735977172852,0.32254648208618164,,
157,6161,,,,,1.5288017988204956,0.3534507155418396
157,6161,,,0.8913953900337219,0.39025765657424927,,
158,6200,,,,,1.5263532400131226,0.3535328805446625
158,6200,,,0.886245608329773,0.377170205116272,,
159,6239,,,,,1.5278807878494263,0.35468748211860657
159,6239,,,0.9328067302703857,0.3599371910095215,,
160,6278,,,,,1.5278059244155884,0.35579538345336914
160,6278,,,0.9084421992301941,0.3466654419898987,,
161,6317,,,,,1.5273568630218506,0.35687410831451416
161,6317,,,0.8890659809112549,0.36071720719337463,,
162,6356,,,,,1.5263893604278564,0.3575335741043091
162,6356,,,0.907417893409729,0.3931432068347931,,
163,6395,,,,,1.5277717113494873,0.3562496602535248
163,6395,,,0.91170734167099,0.3623378574848175,,
164,6434,,,,,1.5248067378997803,0.35769495368003845
164,6434,,,0.8942410349845886,0.39006873965263367,,
165,6473,,,,,1.5264296531677246,0.3587895929813385
165,6473,,,0.9177868366241455,0.36584627628326416,,
166,6512,,,,,1.525557518005371,0.3589627742767334
166,6512,,,0.8964572548866272,0.3728765845298767,,
167,6551,,,,,1.526360034942627,0.3610788583755493
167,6551,,,0.8901506066322327,0.37327295541763306,,
168,6590,,,,,1.5256084203720093,0.36108943819999695
168,6590,,,0.8961217999458313,0.3641257882118225,,
169,6629,,,,,1.5258220434188843,0.36143845319747925
169,6629,,,0.9199411273002625,0.3896961212158203,,
170,6668,,,,,1.5280641317367554,0.3648378252983093
170,6668,,,0.9049850106239319,0.3535023033618927,,
171,6707,,,,,1.5289264917373657,0.36568713188171387
171,6707,,,0.9125111103057861,0.3454110324382782,,
172,6746,,,,,1.5263811349868774,0.3647306263446808
172,6746,,,0.8941901922225952,0.38750261068344116,,
173,6785,,,,,1.52519690990448,0.36436590552330017
173,6785,,,0.9107743501663208,0.3822871446609497,,
174,6824,,,,,1.5238293409347534,0.36503490805625916
174,6824,,,0.8899507522583008,0.37595224380493164,,
175,6863,,,,,1.5231127738952637,0.36639508605003357
175,6863,,,0.8948930501937866,0.38951772451400757,,
176,6902,,,,,1.524836778640747,0.3663427531719208
176,6902,,,0.935883641242981,0.3186515271663666,,
177,6941,,,,,1.5266441106796265,0.36844614148139954
177,6941,,,0.8703731894493103,0.34727802872657776,,
178,6980,,,,,1.524878740310669,0.3693263828754425
178,6980,,,0.9139479398727417,0.36344167590141296,,
179,7019,,,,,1.5236806869506836,0.3687540292739868
179,7019,,,0.8875088691711426,0.3706532418727875,,
180,7058,,,,,1.5221933126449585,0.3686316907405853
180,7058,,,0.8846423625946045,0.3675875663757324,,
181,7097,,,,,1.5232203006744385,0.369852215051651
181,7097,,,0.8962154984474182,0.35383671522140503,,
182,7136,,,,,1.5219553709030151,0.36999285221099854
182,7136,,,0.8910514712333679,0.4169664680957794,,
183,7175,,,,,1.5197421312332153,0.3699690103530884
183,7175,,,0.858157217502594,0.4198220670223236,,
184,7214,,,,,1.5188933610916138,0.3703698515892029
184,7214,,,0.8896206617355347,0.4132309854030609,,
185,7253,,,,,1.5196974277496338,0.3724609911441803
185,7253,,,0.8770855665206909,0.41506028175354004,,
186,7292,,,,,1.5200504064559937,0.3723164498806
186,7292,,,0.894191324710846,0.35705098509788513,,
187,7331,,,,,1.5184664726257324,0.37094560265541077
187,7331,,,0.8813038468360901,0.3636334538459778,,
188,7370,,,,,1.5201289653778076,0.37224844098091125
188,7370,,,0.9008117914199829,0.3715119957923889,,
189,7409,,,,,1.5208535194396973,0.37289318442344666
189,7409,,,0.8717999458312988,0.36900296807289124,,
190,7448,,,,,1.519201397895813,0.3726150691509247
190,7448,,,0.8990181088447571,0.38640645146369934,,
191,7487,,,,,1.5184921026229858,0.37233710289001465
191,7487,,,0.876212477684021,0.36885637044906616,,
192,7526,,,,,1.5171817541122437,0.37346184253692627
192,7526,,,0.8755241632461548,0.3798360526561737,,
193,7565,,,,,1.516439437866211,0.3736867904663086
193,7565,,,0.8627910017967224,0.4488948881626129,,
194,7604,,,,,1.5178587436676025,0.375387042760849
194,7604,,,0.8926120400428772,0.3611297011375427,,
195,7643,,,,,1.5202184915542603,0.37568238377571106
195,7643,,,0.8813393712043762,0.3690043091773987,,
196,7682,,,,,1.5204017162322998,0.37470194697380066
196,7682,,,0.8827530145645142,0.410531222820282,,
197,7721,,,,,1.5189093351364136,0.3747793436050415
197,7721,,,0.9108251929283142,0.3470979630947113,,
198,7760,,,,,1.519083023071289,0.3740597069263458
198,7760,,,0.8720376491546631,0.35593798756599426,,
199,7799,,,,,1.5206642150878906,0.3755757808685303
199,7799,,,0.9055852890014648,0.3710607886314392,,
200,7838,,,,,1.519354224205017,0.3766195774078369
200,7838,,,0.8765714764595032,0.34504419565200806,,
201,7877,,,,,1.5211409330368042,0.3772937059402466
201,7877,,,0.9039754867553711,0.3406622111797333,,
202,7916,,,,,1.519115686416626,0.37733176350593567
202,7916,,,0.868618905544281,0.3977300226688385,,
203,7955,,,,,1.5199811458587646,0.37733379006385803
203,7955,,,0.894187331199646,0.3977452218532562,,
204,7994,,,,,1.516489028930664,0.3763922452926636
204,7994,,,0.869172990322113,0.4307330548763275,,
205,8033,,,,,1.5169422626495361,0.3766845762729645
205,8033,,,0.8771438598632812,0.3854373097419739,,
206,8072,,,,,1.5153155326843262,0.37642985582351685
206,8072,,,0.8614128232002258,0.40569356083869934,,
207,8111,,,,,1.5161529779434204,0.3771032989025116
207,8111,,,0.8888660073280334,0.3792785108089447,,
208,8150,,,,,1.5140807628631592,0.37788328528404236
208,8150,,,0.8815316557884216,0.39599305391311646,,
209,8189,,,,,1.5143775939941406,0.3789390027523041
209,8189,,,0.8923460245132446,0.381674587726593,,
210,8228,,,,,1.5150529146194458,0.379342257976532
210,8228,,,0.8703762888908386,0.39730164408683777,,
211,8267,,,,,1.515068531036377,0.3804726302623749
211,8267,,,0.8681997656822205,0.4073750972747803,,
212,8306,,,,,1.5133285522460938,0.37943559885025024
212,8306,,,0.8969131708145142,0.3960520923137665,,
213,8345,,,,,1.51357102394104,0.37972337007522583
213,8345,,,0.8985960483551025,0.36310991644859314,,
214,8384,,,,,1.5159204006195068,0.3811958134174347
214,8384,,,0.9107141494750977,0.3620830774307251,,
215,8423,,,,,1.5161800384521484,0.38109666109085083
215,8423,,,0.9089198708534241,0.4163765013217926,,
216,8462,,,,,1.5158036947250366,0.3799395263195038
216,8462,,,0.8832757472991943,0.3766300678253174,,
217,8501,,,,,1.5143756866455078,0.3798067569732666
217,8501,,,0.8807349801063538,0.38541311025619507,,
218,8540,,,,,1.5144990682601929,0.37895575165748596
218,8540,,,0.8969589471817017,0.39927536249160767,,
219,8579,,,,,1.5144996643066406,0.38017794489860535
219,8579,,,0.9171977639198303,0.35697317123413086,,
220,8618,,,,,1.513365626335144,0.3815436363220215
220,8618,,,0.842399001121521,0.41461899876594543,,
221,8657,,,,,1.5137332677841187,0.3818552494049072
221,8657,,,0.9037710428237915,0.36429086327552795,,
222,8696,,,,,1.512974739074707,0.38161909580230713
222,8696,,,0.9059048891067505,0.41796448826789856,,
223,8735,,,,,1.5114935636520386,0.3814820647239685
223,8735,,,0.881092369556427,0.4431973099708557,,
224,8774,,,,,1.5122718811035156,0.38165801763534546
224,8774,,,0.8943852186203003,0.3931068778038025,,
225,8813,,,,,1.5138808488845825,0.381786048412323
225,8813,,,0.8958406448364258,0.3830859959125519,,
226,8852,,,,,1.513220191001892,0.3823813498020172
226,8852,,,0.8953317403793335,0.3932217061519623,,
227,8891,,,,,1.5133384466171265,0.38334494829177856
227,8891,,,0.9196165204048157,0.37830182909965515,,
228,8930,,,,,1.515324592590332,0.3834904730319977
228,8930,,,0.888140082359314,0.356463223695755,,
229,8969,,,,,1.5128360986709595,0.3834320902824402
229,8969,,,0.8612397909164429,0.4037463963031769,,
230,9008,,,,,1.5124224424362183,0.38404494524002075
230,9008,,,0.8808916807174683,0.3783087134361267,,
231,9047,,,,,1.5118638277053833,0.3843015432357788
231,9047,,,0.8609036207199097,0.3928369879722595,,
232,9086,,,,,1.511703372001648,0.3857477307319641
232,9086,,,0.8875819444656372,0.40081655979156494,,
233,9125,,,,,1.5122748613357544,0.38691315054893494
233,9125,,,0.9001442193984985,0.37343254685401917,,
234,9164,,,,,1.5119863748550415,0.3887903094291687
234,9164,,,0.871163010597229,0.3907652199268341,,
235,9203,,,,,1.5128577947616577,0.388418972492218
235,9203,,,0.8986407518386841,0.3553808629512787,,
236,9242,,,,,1.5127160549163818,0.3886350691318512
236,9242,,,0.9046223759651184,0.3965669274330139,,
237,9281,,,,,1.5129551887512207,0.388362854719162
237,9281,,,0.8750463724136353,0.3865428864955902,,
238,9320,,,,,1.5126254558563232,0.39042928814888
238,9320,,,0.8960666060447693,0.4093187153339386,,
239,9359,,,,,1.5107135772705078,0.3903171122074127
239,9359,,,0.8641611933708191,0.42466703057289124,,
240,9398,,,,,1.5095279216766357,0.3896723985671997
240,9398,,,0.9025205969810486,0.4050643742084503,,
241,9437,,,,,1.509373426437378,0.389356791973114
241,9437,,,0.8793951869010925,0.39846211671829224,,
242,9476,,,,,1.5084506273269653,0.3909122347831726
242,9476,,,0.8741306662559509,0.40771785378456116,,
243,9515,,,,,1.5120434761047363,0.39301106333732605
243,9515,,,0.8727894425392151,0.38632577657699585,,
244,9554,,,,,1.5111414194107056,0.39200857281684875
244,9554,,,0.8759805560112,0.39159446954727173,,
245,9593,,,,,1.5095553398132324,0.3916083872318268
245,9593,,,0.8641046285629272,0.3972908556461334,,
246,9632,,,,,1.5084171295166016,0.39231202006340027
246,9632,,,0.8751214742660522,0.42415571212768555,,
247,9671,,,,,1.5103631019592285,0.3932701647281647
247,9671,,,0.888373076915741,0.36561211943626404,,
248,9710,,,,,1.5077793598175049,0.3918342888355255
248,9710,,,0.8672471642494202,0.4485902488231659,,
249,9749,,,,,1.506948471069336,0.39127206802368164
249,9749,,,0.8880248665809631,0.3612131178379059,,
250,9788,,,,,1.507388710975647,0.3917391896247864
250,9788,,,0.8537653684616089,0.4138309359550476,,
251,9827,,,,,1.508554458618164,0.3924623727798462
251,9827,,,0.8905041217803955,0.3835681974887848,,
252,9866,,,,,1.506232738494873,0.3929864168167114
252,9866,,,0.8768475651741028,0.42479339241981506,,
253,9905,,,,,1.5039284229278564,0.39263206720352173
253,9905,,,0.8464536666870117,0.45771417021751404,,
254,9944,,,,,1.5041418075561523,0.3937544524669647
254,9944,,,0.8926524519920349,0.39686328172683716,,
255,9983,,,,,1.506231427192688,0.3946940302848816
255,9983,,,0.8750061392784119,0.40008917450904846,,
256,10022,,,,,1.5054563283920288,0.39373981952667236
256,10022,,,0.8762809634208679,0.39141035079956055,,
257,10061,,,,,1.505159616470337,0.3938848674297333
257,10061,,,0.8968260288238525,0.43425285816192627,,
258,10100,,,,,1.5054500102996826,0.3936758041381836
258,10100,,,0.8974420428276062,0.41789430379867554,,
259,10139,,,,,1.5058752298355103,0.394292950630188
259,10139,,,0.8662930727005005,0.3910027742385864,,
260,10178,,,,,1.50656259059906,0.39502042531967163
260,10178,,,0.8680737614631653,0.39254456758499146,,
261,10217,,,,,1.5065438747406006,0.3943541347980499
261,10217,,,0.8595037460327148,0.3875417411327362,,
262,10256,,,,,1.5074248313903809,0.3943043649196625
262,10256,,,0.8602001667022705,0.4103410243988037,,
263,10295,,,,,1.5056920051574707,0.3950999081134796
263,10295,,,0.865544319152832,0.3937046229839325,,
264,10334,,,,,1.5055557489395142,0.3955152928829193
264,10334,,,0.8931397795677185,0.4277210831642151,,
265,10373,,,,,1.5049879550933838,0.39634931087493896
265,10373,,,0.9007927179336548,0.3946457505226135,,
266,10412,,,,,1.5057079792022705,0.39667266607284546
266,10412,,,0.8660762310028076,0.41087692975997925,,
267,10451,,,,,1.5055667161941528,0.3960304856300354
267,10451,,,0.8465710282325745,0.37769758701324463,,
268,10490,,,,,1.5060322284698486,0.3952501118183136
268,10490,,,0.8778199553489685,0.4182797074317932,,
269,10529,,,,,1.5055145025253296,0.39559340476989746
269,10529,,,0.8897337317466736,0.4091394245624542,,
270,10568,,,,,1.5077370405197144,0.3958893120288849
270,10568,,,0.862417459487915,0.4167649745941162,,
271,10607,,,,,1.505302906036377,0.39392396807670593
271,10607,,,0.8585425019264221,0.423319935798645,,
272,10646,,,,,1.5054084062576294,0.3942486047744751
272,10646,,,0.8784431219100952,0.3940209746360779,,
273,10685,,,,,1.5071635246276855,0.39603191614151
273,10685,,,0.8918417692184448,0.3760949969291687,,
274,10724,,,,,1.506771445274353,0.3958979845046997
274,10724,,,0.8941465616226196,0.40522336959838867,,
275,10763,,,,,1.5063446760177612,0.39536240696907043
275,10763,,,0.9089659452438354,0.4392925202846527,,
276,10802,,,,,1.5045080184936523,0.3952427804470062
276,10802,,,0.8561782836914062,0.40631818771362305,,
277,10841,,,,,1.5048662424087524,0.3955667018890381
277,10841,,,0.8672921657562256,0.42773178219795227,,
278,10880,,,,,1.5033206939697266,0.3957473039627075
278,10880,,,0.8888713121414185,0.43542417883872986,,
279,10919,,,,,1.5039869546890259,0.397521436214447
279,10919,,,0.8569337129592896,0.4313778877258301,,
280,10958,,,,,1.5034452676773071,0.39809760451316833
280,10958,,,0.9067019820213318,0.40322309732437134,,
281,10997,,,,,1.5050445795059204,0.3989700376987457
281,10997,,,0.8589022755622864,0.4432651400566101,,
282,11036,,,,,1.5062388181686401,0.39882707595825195
282,11036,,,0.8867200016975403,0.38733845949172974,,
283,11075,,,,,1.5031009912490845,0.39739421010017395
283,11075,,,0.8730130195617676,0.45375603437423706,,
284,11114,,,,,1.503293514251709,0.39804723858833313
284,11114,,,0.8969601392745972,0.41559717059135437,,
285,11153,,,,,1.5021904706954956,0.3974555730819702
285,11153,,,0.8776636123657227,0.429597944021225,,
286,11192,,,,,1.5031242370605469,0.3974519968032837
286,11192,,,0.8614510893821716,0.4280203878879547,,
287,11231,,,,,1.5049551725387573,0.3980398178100586
287,11231,,,0.8527107238769531,0.41745901107788086,,
288,11270,,,,,1.504818081855774,0.39839643239974976
288,11270,,,0.8598707914352417,0.3863919675350189,,
289,11309,,,,,1.5053719282150269,0.39940518140792847
289,11309,,,0.8711974024772644,0.35438424348831177,,
290,11348,,,,,1.5053260326385498,0.39911970496177673
290,11348,,,0.8379698395729065,0.4560464322566986,,
291,11387,,,,,1.5024458169937134,0.3998563289642334
291,11387,,,0.8935407996177673,0.4216041564941406,,
292,11426,,,,,1.5021318197250366,0.3987146317958832
292,11426,,,0.8881251811981201,0.4047375023365021,,
293,11465,,,,,1.5030834674835205,0.39762911200523376
293,11465,,,0.8610920906066895,0.40710413455963135,,
294,11504,,,,,1.5028016567230225,0.3972935974597931
294,11504,,,0.8603277206420898,0.42049819231033325,,
295,11543,,,,,1.5012516975402832,0.3961399793624878
295,11543,,,0.8762925863265991,0.4657337963581085,,
296,11582,,,,,1.502045750617981,0.3968401253223419
296,11582,,,0.8813797235488892,0.39049553871154785,,
297,11621,,,,,1.502264380455017,0.3972788155078888
297,11621,,,0.8798269629478455,0.39489397406578064,,
298,11660,,,,,1.5033739805221558,0.3982979357242584
298,11660,,,0.8880247473716736,0.3989546298980713,,
299,11699,,,,,1.5010255575180054,0.39725354313850403
299,11699,,,0.8575122356414795,0.42523473501205444,,
300,11738,,,,,1.5006166696548462,0.39763256907463074
300,11738,,,0.8657979965209961,0.44666555523872375,,
301,11777,,,,,1.5022251605987549,0.39785346388816833
301,11777,,,0.8802540302276611,0.404743492603302,,
302,11816,,,,,1.5045868158340454,0.39810824394226074
302,11816,,,0.8826690316200256,0.41629430651664734,,
303,11855,,,,,1.5036135911941528,0.39852070808410645
303,11855,,,0.9079313278198242,0.3948093056678772,,
304,11894,,,,,1.500882625579834,0.39892345666885376
304,11894,,,0.8957087397575378,0.44691261649131775,,
305,11933,,,,,1.5011122226715088,0.39967626333236694
305,11933,,,0.8727231025695801,0.39690595865249634,,
306,11972,,,,,1.5028663873672485,0.4003622829914093
306,11972,,,0.8883114457130432,0.40817973017692566,,
307,12011,,,,,1.5022143125534058,0.40007057785987854
307,12011,,,0.8681802153587341,0.4145115613937378,,
308,12050,,,,,1.5006259679794312,0.39926090836524963
308,12050,,,0.8618609309196472,0.428081214427948,,
309,12089,,,,,1.500372290611267,0.3994654417037964
309,12089,,,0.8619009852409363,0.4047224521636963,,
310,12128,,,,,1.5006072521209717,0.4002493619918823
310,12128,,,0.8740025758743286,0.3645845949649811,,
311,12167,,,,,1.5025439262390137,0.40066835284233093
311,12167,,,0.8966984152793884,0.394150972366333,,
312,12206,,,,,1.5033096075057983,0.40093162655830383
312,12206,,,0.8997488617897034,0.40433475375175476,,
313,12245,,,,,1.5022982358932495,0.40169405937194824
313,12245,,,0.8501719236373901,0.44504594802856445,,
314,12284,,,,,1.500734806060791,0.40203729271888733
314,12284,,,0.8690314888954163,0.4423692524433136,,
315,12323,,,,,1.5015960931777954,0.40210655331611633
315,12323,,,0.8969054818153381,0.43067657947540283,,
316,12362,,,,,1.5015554428100586,0.401998370885849
316,12362,,,0.8726464509963989,0.40185022354125977,,
317,12401,,,,,1.5004173517227173,0.40160802006721497
317,12401,,,0.8743252158164978,0.434700071811676,,
318,12440,,,,,1.5012872219085693,0.40180277824401855
318,12440,,,0.8905555605888367,0.40034472942352295,,
319,12479,,,,,1.5035345554351807,0.4027298390865326
319,12479,,,0.9001344442367554,0.3934636116027832,,
320,12518,,,,,1.500345230102539,0.4016595482826233
320,12518,,,0.8759521245956421,0.40715092420578003,,
321,12557,,,,,1.5000897645950317,0.40064871311187744
321,12557,,,0.8834027051925659,0.4140015244483948,,
322,12596,,,,,1.4998598098754883,0.40061765909194946
322,12596,,,0.8696842789649963,0.4382595717906952,,
323,12635,,,,,1.4990547895431519,0.40133097767829895
323,12635,,,0.8657112121582031,0.4362022280693054,,
324,12674,,,,,1.49783194065094,0.4006807804107666
324,12674,,,0.858402669429779,0.4323560893535614,,
325,12713,,,,,1.4979280233383179,0.40200677514076233
325,12713,,,0.8574835062026978,0.45330825448036194,,
326,12752,,,,,1.4995760917663574,0.4033455550670624
326,12752,,,0.873080313205719,0.4063175618648529,,
327,12791,,,,,1.5004056692123413,0.40294408798217773
327,12791,,,0.8888706564903259,0.42874234914779663,,
328,12830,,,,,1.4989874362945557,0.40263262391090393
328,12830,,,0.8705937266349792,0.4002057909965515,,
329,12869,,,,,1.497304916381836,0.40222179889678955
329,12869,,,0.8640327453613281,0.45081284642219543,,
330,12908,,,,,1.495945930480957,0.4023551344871521
330,12908,,,0.8717436194419861,0.4134629964828491,,
331,12947,,,,,1.4973540306091309,0.40295010805130005
331,12947,,,0.8874171376228333,0.3801124393939972,,
332,12986,,,,,1.498658299446106,0.40298786759376526
332,12986,,,0.8892782926559448,0.39142969250679016,,
333,13025,,,,,1.5007778406143188,0.4029739499092102
333,13025,,,0.8588657975196838,0.39897340536117554,,
334,13064,,,,,1.5010954141616821,0.40387797355651855
334,13064,,,0.8778579831123352,0.44671449065208435,,
335,13103,,,,,1.50040602684021,0.403129518032074
335,13103,,,0.858190655708313,0.42246687412261963,,
336,13142,,,,,1.5002111196517944,0.40286964178085327
336,13142,,,0.8922128677368164,0.3917533755302429,,
337,13181,,,,,1.4989778995513916,0.40266260504722595
337,13181,,,0.8589648008346558,0.4542866349220276,,
338,13220,,,,,1.4994018077850342,0.40232738852500916
338,13220,,,0.8925052285194397,0.3845966160297394,,
339,13259,,,,,1.4984424114227295,0.4027029275894165
339,13259,,,0.8723292946815491,0.4722958207130432,,
340,13298,,,,,1.4954109191894531,0.40199533104896545
340,13298,,,0.8557244539260864,0.48979029059410095,,
341,13337,,,,,1.4969559907913208,0.40131402015686035
341,13337,,,0.8573199510574341,0.4302574098110199,,
342,13376,,,,,1.4951578378677368,0.4008224308490753
342,13376,,,0.8607693314552307,0.43381887674331665,,
343,13415,,,,,1.4955168962478638,0.40258219838142395
343,13415,,,0.8866774439811707,0.42742449045181274,,
344,13454,,,,,1.495676040649414,0.4031873643398285
344,13454,,,0.8750771880149841,0.40590956807136536,,
345,13493,,,,,1.4958140850067139,0.4038715064525604
345,13493,,,0.8840233087539673,0.4248493015766144,,
346,13532,,,,,1.4994996786117554,0.4048052132129669
346,13532,,,0.8701388835906982,0.4304526746273041,,
347,13571,,,,,1.4995299577713013,0.4045189917087555
347,13571,,,0.8828409910202026,0.3822134733200073,,
348,13610,,,,,1.4987208843231201,0.40475961565971375
348,13610,,,0.8672230243682861,0.382413387298584,,
349,13649,,,,,1.498769760131836,0.40449199080467224
349,13649,,,0.8726591467857361,0.40703245997428894,,
350,13688,,,,,1.4985874891281128,0.4036635160446167
350,13688,,,0.8833314180374146,0.40463101863861084,,
351,13727,,,,,1.5002449750900269,0.4042265713214874
351,13727,,,0.8579744100570679,0.39497119188308716,,
352,13766,,,,,1.49853515625,0.40449777245521545
352,13766,,,0.8582789301872253,0.4231134057044983,,
353,13805,,,,,1.49907386302948,0.40412741899490356
353,13805,,,0.8802794218063354,0.44323357939720154,,
354,13844,,,,,1.498305320739746,0.40400856733322144
354,13844,,,0.8902026414871216,0.41967475414276123,,
355,13883,,,,,1.4990653991699219,0.40419337153434753
355,13883,,,0.8705952763557434,0.42830872535705566,,
356,13922,,,,,1.4984222650527954,0.403642475605011
356,13922,,,0.8611667156219482,0.4240688383579254,,
357,13961,,,,,1.4974967241287231,0.40421101450920105
357,13961,,,0.8671408295631409,0.4203754961490631,,
358,14000,,,,,1.49960458278656,0.40432924032211304
358,14000,,,0.8762331008911133,0.41443532705307007,,
359,14039,,,,,1.4982342720031738,0.4041489362716675
359,14039,,,0.8721665740013123,0.44516006112098694,,
360,14078,,,,,1.4971133470535278,0.4053938686847687
360,14078,,,0.8729813694953918,0.4420950412750244,,
361,14117,,,,,1.4963710308074951,0.4049725830554962
361,14117,,,0.8760532736778259,0.44176992774009705,,
362,14156,,,,,1.4933785200119019,0.4041328430175781
362,14156,,,0.8697195053100586,0.45372694730758667,,
363,14195,,,,,1.4937585592269897,0.4043523967266083
363,14195,,,0.8931995034217834,0.40216049551963806,,
364,14234,,,,,1.4928702116012573,0.4040328860282898
364,14234,,,0.8555285930633545,0.43369707465171814,,
365,14273,,,,,1.493782639503479,0.40442100167274475
365,14273,,,0.8663223385810852,0.45035240054130554,,
366,14312,,,,,1.4967271089553833,0.40540003776550293
366,14312,,,0.8930177688598633,0.4135984778404236,,
367,14351,,,,,1.495869755744934,0.40505629777908325
367,14351,,,0.8606529235839844,0.4399935007095337,,
368,14390,,,,,1.4952659606933594,0.4054880142211914
368,14390,,,0.8610883951187134,0.4062296152114868,,
369,14429,,,,,1.4935293197631836,0.40496084094047546
369,14429,,,0.861310601234436,0.45118775963783264,,
370,14468,,,,,1.495259165763855,0.40581831336021423
370,14468,,,0.872499406337738,0.39863455295562744,,
371,14507,,,,,1.4957680702209473,0.4064105749130249
371,14507,,,0.850886881351471,0.38685595989227295,,
372,14546,,,,,1.493151307106018,0.40664684772491455
372,14546,,,0.8639523386955261,0.43426886200904846,,
373,14585,,,,,1.494268774986267,0.40732142329216003
373,14585,,,0.8745353817939758,0.39257681369781494,,
374,14624,,,,,1.4936646223068237,0.40767985582351685
374,14624,,,0.8950944542884827,0.3995803892612457,,
375,14663,,,,,1.4940547943115234,0.4087274372577667
375,14663,,,0.8827600479125977,0.3999798595905304,,
376,14702,,,,,1.4921678304672241,0.40846171975135803
376,14702,,,0.8590470552444458,0.4366457164287567,,
377,14741,,,,,1.492009162902832,0.40877944231033325
377,14741,,,0.8577759861946106,0.4469500184059143,,
378,14780,,,,,1.4936453104019165,0.4097774922847748
378,14780,,,0.8780151605606079,0.40812358260154724,,
379,14819,,,,,1.4975394010543823,0.41085177659988403
379,14819,,,0.8699970841407776,0.41876420378685,,
380,14858,,,,,1.4960731267929077,0.41088834404945374
380,14858,,,0.8843003511428833,0.449226975440979,,
381,14897,,,,,1.494460105895996,0.41103148460388184
381,14897,,,0.8722949028015137,0.46445754170417786,,
382,14936,,,,,1.492938756942749,0.4100220501422882
382,14936,,,0.8622037172317505,0.4441277086734772,,
383,14975,,,,,1.4919930696487427,0.4097701609134674
383,14975,,,0.8560113906860352,0.4472748637199402,,
384,15014,,,,,1.4916232824325562,0.40956130623817444
384,15014,,,0.856006920337677,0.4605729579925537,,
385,15053,,,,,1.491635799407959,0.4104386866092682
385,15053,,,0.8463888168334961,0.4664803147315979,,
386,15092,,,,,1.4915696382522583,0.4101087749004364
386,15092,,,0.8656094074249268,0.4337329864501953,,
387,15131,,,,,1.4905517101287842,0.4101957380771637
387,15131,,,0.8532192707061768,0.40920552611351013,,
388,15170,,,,,1.4925751686096191,0.41022005677223206
388,15170,,,0.8642749190330505,0.42058631777763367,,
389,15209,,,,,1.4922354221343994,0.4105740189552307
389,15209,,,0.856541633605957,0.43896377086639404,,
390,15248,,,,,1.4927349090576172,0.40978795289993286
390,15248,,,0.840126633644104,0.45127809047698975,,
391,15287,,,,,1.4921399354934692,0.40976083278656006
391,15287,,,0.846978485584259,0.4446467459201813,,
392,15326,,,,,1.4919246435165405,0.40920451283454895
392,15326,,,0.8826841711997986,0.4040428698062897,,
393,15365,,,,,1.4905370473861694,0.40909263491630554
393,15365,,,0.8534892201423645,0.4484788477420807,,
394,15404,,,,,1.4917590618133545,0.4093560576438904
394,15404,,,0.8808975219726562,0.4062806963920593,,
395,15443,,,,,1.4924750328063965,0.40913087129592896
395,15443,,,0.8758894801139832,0.43642812967300415,,
396,15482,,,,,1.4948985576629639,0.40903231501579285
396,15482,,,0.8972309827804565,0.36658620834350586,,
397,15521,,,,,1.4936268329620361,0.4088122248649597
397,15521,,,0.8649148941040039,0.4424067735671997,,
398,15560,,,,,1.494146466255188,0.4087487757205963
398,15560,,,0.8795347809791565,0.42177969217300415,,
399,15599,,,,,1.4939628839492798,0.4091060161590576
399,15599,,,0.8567309379577637,0.43650153279304504,,
400,15638,,,,,1.4932845830917358,0.4092560112476349
400,15638,,,0.8876667618751526,0.4429537355899811,,
401,15677,,,,,1.492803692817688,0.40851891040802
401,15677,,,0.8810229897499084,0.4285259246826172,,
402,15716,,,,,1.4937472343444824,0.40897610783576965
402,15716,,,0.8650831580162048,0.4074264168739319,,
403,15755,,,,,1.4947861433029175,0.4096771776676178
403,15755,,,0.8677192330360413,0.44120147824287415,,
404,15794,,,,,1.493237853050232,0.40870290994644165
404,15794,,,0.8685566782951355,0.46295881271362305,,
405,15833,,,,,1.493822693824768,0.4090368151664734
405,15833,,,0.8836058378219604,0.37877073884010315,,
406,15872,,,,,1.4957832098007202,0.4099683463573456
406,15872,,,0.8670994639396667,0.3774706721305847,,
407,15911,,,,,1.4940617084503174,0.408812552690506
407,15911,,,0.8604946732521057,0.4287674129009247,,
408,15950,,,,,1.495031476020813,0.40921276807785034
408,15950,,,0.8776103258132935,0.46651801466941833,,
409,15989,,,,,1.4930553436279297,0.40897059440612793
409,15989,,,0.8679400682449341,0.46153974533081055,,
410,16028,,,,,1.4947105646133423,0.40949705243110657
410,16028,,,0.8927304148674011,0.41413643956184387,,
411,16067,,,,,1.494713544845581,0.40889832377433777
411,16067,,,0.8354124426841736,0.45301252603530884,,
412,16106,,,,,1.496665358543396,0.40887418389320374
412,16106,,,0.8526974320411682,0.4101395308971405,,
413,16145,,,,,1.4985034465789795,0.4102839231491089
413,16145,,,0.8533264398574829,0.4296852946281433,,
414,16184,,,,,1.4949511289596558,0.40899381041526794
414,16184,,,0.8508948087692261,0.4573189616203308,,
415,16223,,,,,1.4947649240493774,0.408875048160553
415,16223,,,0.848677396774292,0.41443878412246704,,
416,16262,,,,,1.494043231010437,0.40839144587516785
416,16262,,,0.8492422103881836,0.4578835070133209,,
417,16301,,,,,1.494565486907959,0.40818607807159424
417,16301,,,0.8849861025810242,0.41624122858047485,,
418,16340,,,,,1.4934589862823486,0.4073490798473358
418,16340,,,0.8872512578964233,0.42427361011505127,,
419,16379,,,,,1.4926960468292236,0.40798068046569824
419,16379,,,0.8705254793167114,0.4462912678718567,,
420,16418,,,,,1.4939054250717163,0.4084447920322418
420,16418,,,0.8517277240753174,0.3963169455528259,,
421,16457,,,,,1.4965064525604248,0.40941500663757324
421,16457,,,0.8284164667129517,0.455119252204895,,
422,16496,,,,,1.496809959411621,0.4088871479034424
422,16496,,,0.8565781712532043,0.398622989654541,,
423,16535,,,,,1.4967304468154907,0.4095190465450287
423,16535,,,0.8914093375205994,0.43004941940307617,,
424,16574,,,,,1.4960263967514038,0.41006869077682495
424,16574,,,0.8911885023117065,0.42414405941963196,,
425,16613,,,,,1.4952372312545776,0.40959951281547546
425,16613,,,0.8420765995979309,0.44151902198791504,,
426,16652,,,,,1.4944027662277222,0.4101966619491577
426,16652,,,0.8891658186912537,0.42665061354637146,,
427,16691,,,,,1.4927642345428467,0.4097665846347809
427,16691,,,0.8607045412063599,0.4253186881542206,,
428,16730,,,,,1.4930375814437866,0.4108674228191376
428,16730,,,0.84648197889328,0.4482017457485199,,
429,16769,,,,,1.494320273399353,0.412041574716568
429,16769,,,0.8656437993049622,0.43060991168022156,,
430,16808,,,,,1.493682622909546,0.4120326340198517
430,16808,,,0.8603402972221375,0.4629092514514923,,
431,16847,,,,,1.4934571981430054,0.41179972887039185
431,16847,,,0.8756335377693176,0.4142957925796509,,
432,16886,,,,,1.4932535886764526,0.41217663884162903
432,16886,,,0.8651254177093506,0.4080680012702942,,
433,16925,,,,,1.4928464889526367,0.41177380084991455
433,16925,,,0.8424780368804932,0.43844619393348694,,
434,16964,,,,,1.4931888580322266,0.41295185685157776
434,16964,,,0.8484030365943909,0.42748916149139404,,
435,17003,,,,,1.4923804998397827,0.4136379361152649
435,17003,,,0.8541198372840881,0.44932976365089417,,
436,17042,,,,,1.4932283163070679,0.41370096802711487
436,17042,,,0.8609268069267273,0.44212019443511963,,
437,17081,,,,,1.4900413751602173,0.41293811798095703
437,17081,,,0.8784139752388,0.4432534873485565,,
438,17120,,,,,1.491132140159607,0.4126766622066498
438,17120,,,0.8702632188796997,0.416059285402298,,
439,17159,,,,,1.491915225982666,0.41185900568962097
439,17159,,,0.8840959072113037,0.4322583079338074,,
440,17198,,,,,1.492125391960144,0.41074854135513306
440,17198,,,0.8589357137680054,0.4589488208293915,,
441,17237,,,,,1.490987777709961,0.4103023409843445
441,17237,,,0.8331962823867798,0.4757183790206909,,
442,17276,,,,,1.4923450946807861,0.41034623980522156
442,17276,,,0.8573846220970154,0.45562654733657837,,
443,17315,,,,,1.4919757843017578,0.40946587920188904
443,17315,,,0.8633032441139221,0.44782754778862,,
444,17354,,,,,1.490681529045105,0.40960338711738586
444,17354,,,0.8993886113166809,0.4328066110610962,,
445,17393,,,,,1.4910366535186768,0.41024845838546753
445,17393,,,0.877256453037262,0.4132347106933594,,
446,17432,,,,,1.4901665449142456,0.410684734582901
446,17432,,,0.8594306707382202,0.4769848585128784,,
447,17471,,,,,1.4910833835601807,0.4110392928123474
447,17471,,,0.8937749862670898,0.4037243127822876,,
448,17510,,,,,1.4914660453796387,0.41178831458091736
448,17510,,,0.8744992017745972,0.4252374470233917,,
449,17549,,,,,1.4922152757644653,0.41220876574516296
449,17549,,,0.8581405878067017,0.4241149127483368,,
450,17588,,,,,1.490472674369812,0.4121875464916229
450,17588,,,0.8468504548072815,0.4556221067905426,,
451,17627,,,,,1.4895507097244263,0.41230663657188416
451,17627,,,0.8563772439956665,0.44644415378570557,,
452,17666,,,,,1.4890391826629639,0.4124235212802887
452,17666,,,0.8439273238182068,0.43555349111557007,,
453,17705,,,,,1.4909790754318237,0.41216060519218445
453,17705,,,0.8706690669059753,0.3824230432510376,,
454,17744,,,,,1.490103006362915,0.41102978587150574
454,17744,,,0.8779243230819702,0.44318023324012756,,
455,17783,,,,,1.490912675857544,0.41086962819099426
455,17783,,,0.8758462071418762,0.43151649832725525,,
456,17822,,,,,1.491169810295105,0.41128507256507874
456,17822,,,0.8789747953414917,0.42847779393196106,,
457,17861,,,,,1.4902005195617676,0.41099604964256287
457,17861,,,0.8685282468795776,0.4593054950237274,,
458,17900,,,,,1.4904950857162476,0.4111102521419525
458,17900,,,0.8806838989257812,0.448438435792923,,
459,17939,,,,,1.4914753437042236,0.41158512234687805
459,17939,,,0.8700703382492065,0.4193916916847229,,
460,17978,,,,,1.4919883012771606,0.4123757481575012
460,17978,,,0.8526960611343384,0.45602309703826904,,
461,18017,,,,,1.4901577234268188,0.4128597676753998
461,18017,,,0.8517399430274963,0.46344542503356934,,
462,18056,,,,,1.4903244972229004,0.4134942293167114
462,18056,,,0.8774658441543579,0.4034840166568756,,
463,18095,,,,,1.4914631843566895,0.413809210062027
463,18095,,,0.8442079424858093,0.44030487537384033,,
464,18134,,,,,1.4915547370910645,0.4141685664653778
464,18134,,,0.8795992732048035,0.4261464476585388,,
465,18173,,,,,1.4902814626693726,0.41431519389152527
465,18173,,,0.8431709408760071,0.45413413643836975,,
466,18212,,,,,1.4902640581130981,0.4151679277420044
466,18212,,,0.847976565361023,0.4450981020927429,,
467,18251,,,,,1.4890930652618408,0.41387826204299927
467,18251,,,0.8562436103820801,0.4322069585323334,,
468,18290,,,,,1.489767074584961,0.41472071409225464
468,18290,,,0.8646240234375,0.42384031414985657,,
469,18329,,,,,1.4908456802368164,0.41415759921073914
469,18329,,,0.8827584385871887,0.38205182552337646,,
470,18368,,,,,1.4922142028808594,0.4151884615421295
470,18368,,,0.8627458214759827,0.439371794462204,,
471,18407,,,,,1.4905623197555542,0.41386502981185913
471,18407,,,0.8831491470336914,0.43607017397880554,,
472,18446,,,,,1.490298867225647,0.41389015316963196
472,18446,,,0.842890739440918,0.4467623233795166,,
473,18485,,,,,1.4900678396224976,0.4140341579914093
473,18485,,,0.8441054224967957,0.44323423504829407,,
474,18524,,,,,1.4885281324386597,0.41390538215637207
474,18524,,,0.8665603399276733,0.4542366862297058,,
475,18563,,,,,1.4906808137893677,0.4156017005443573
475,18563,,,0.8586302399635315,0.3968515694141388,,
476,18602,,,,,1.490743637084961,0.4158523380756378
476,18602,,,0.8337836861610413,0.4373878538608551,,
477,18641,,,,,1.4897626638412476,0.41556695103645325
477,18641,,,0.861784815788269,0.4569902718067169,,
478,18680,,,,,1.4883525371551514,0.4146697521209717
478,18680,,,0.8495310544967651,0.4646866023540497,,
479,18719,,,,,1.488640546798706,0.4143984317779541
479,18719,,,0.8678436279296875,0.4227559566497803,,
480,18758,,,,,1.4871772527694702,0.4135820269584656
480,18758,,,0.8574116826057434,0.42845818400382996,,
481,18797,,,,,1.487900733947754,0.41420844197273254
481,18797,,,0.8680689930915833,0.4388226866722107,,
482,18836,,,,,1.487377405166626,0.4135788679122925
482,18836,,,0.8439680933952332,0.4491629898548126,,
483,18875,,,,,1.4884788990020752,0.4145694375038147
483,18875,,,0.8580257892608643,0.4409012794494629,,
484,18914,,,,,1.4877873659133911,0.41473469138145447
484,18914,,,0.8670374751091003,0.43182215094566345,,
485,18953,,,,,1.4886388778686523,0.41507190465927124
485,18953,,,0.8423054814338684,0.47035491466522217,,
486,18992,,,,,1.4882771968841553,0.4146612286567688
486,18992,,,0.8455736041069031,0.465118408203125,,
487,19031,,,,,1.4879462718963623,0.4150214195251465
487,19031,,,0.8518727421760559,0.4217866361141205,,
488,19070,,,,,1.4890490770339966,0.4148420989513397
488,19070,,,0.8284406661987305,0.4578443169593811,,
489,19109,,,,,1.4881081581115723,0.41557776927948
489,19109,,,0.8630824685096741,0.4162548780441284,,
490,19148,,,,,1.4870541095733643,0.415765643119812
490,19148,,,0.8333522081375122,0.4308219850063324,,
491,19187,,,,,1.4872190952301025,0.41616925597190857
491,19187,,,0.8306952118873596,0.4342997074127197,,
492,19226,,,,,1.4878686666488647,0.416665643453598
492,19226,,,0.837296724319458,0.4739673435688019,,
493,19265,,,,,1.4905933141708374,0.4166317880153656
493,19265,,,0.8816373944282532,0.41639772057533264,,
494,19304,,,,,1.490936279296875,0.4171185791492462
494,19304,,,0.8611833453178406,0.4130415916442871,,
495,19343,,,,,1.4911525249481201,0.41601622104644775
495,19343,,,0.8896017670631409,0.4248567223548889,,
496,19382,,,,,1.4904401302337646,0.41511252522468567
496,19382,,,0.8696490526199341,0.4245559573173523,,
497,19421,,,,,1.491476058959961,0.41533002257347107
497,19421,,,0.833790123462677,0.412570059299469,,
498,19460,,,,,1.4908134937286377,0.415602445602417
498,19460,,,0.8606815934181213,0.41164618730545044,,
499,19499,,,,,1.4903068542480469,0.4152100384235382
499,19499,,,0.8636593222618103,0.43328413367271423,,
500,19538,,,,,1.490466833114624,0.4155861735343933
500,19538,,,0.872248113155365,0.4389060139656067,,
501,19577,,,,,1.4900634288787842,0.4161583483219147
501,19577,,,0.8565343022346497,0.4203958809375763,,
502,19616,,,,,1.4900143146514893,0.4163267910480499
502,19616,,,0.8695225119590759,0.4319472312927246,,
503,19655,,,,,1.4886500835418701,0.4163520932197571
503,19655,,,0.8297293186187744,0.4451700747013092,,
504,19694,,,,,1.4865801334381104,0.41682255268096924
504,19694,,,0.8754260540008545,0.4521152377128601,,
505,19733,,,,,1.4853109121322632,0.4178820252418518
505,19733,,,0.8453128337860107,0.43731772899627686,,
506,19772,,,,,1.4845547676086426,0.4173303544521332
506,19772,,,0.8364974856376648,0.44608262181282043,,
507,19811,,,,,1.4855122566223145,0.41779235005378723
507,19811,,,0.8880322575569153,0.42762482166290283,,
508,19850,,,,,1.485863447189331,0.4171077609062195
508,19850,,,0.8500103950500488,0.4631465971469879,,
509,19889,,,,,1.4863020181655884,0.4182974100112915
509,19889,,,0.8792393207550049,0.43320268392562866,,
510,19928,,,,,1.484209656715393,0.4188244044780731
510,19928,,,0.838098406791687,0.4766232967376709,,
511,19967,,,,,1.4859288930892944,0.41931089758872986
511,19967,,,0.847021222114563,0.4350048899650574,,
512,20006,,,,,1.485618233680725,0.4200144112110138
512,20006,,,0.856722891330719,0.4266149699687958,,
513,20045,,,,,1.4847913980484009,0.4200100600719452
513,20045,,,0.836505115032196,0.4614705741405487,,
514,20084,,,,,1.4839117527008057,0.42007431387901306
514,20084,,,0.8347876071929932,0.46868348121643066,,
515,20123,,,,,1.484107255935669,0.42061296105384827
515,20123,,,0.8433893918991089,0.43611574172973633,,
516,20162,,,,,1.485446810722351,0.42095306515693665
516,20162,,,0.8614609837532043,0.4429893493652344,,
517,20201,,,,,1.485336422920227,0.4210725426673889
517,20201,,,0.8589199781417847,0.44687262177467346,,
518,20240,,,,,1.4870492219924927,0.42109715938568115
518,20240,,,0.8400852680206299,0.4454749524593353,,
519,20279,,,,,1.4859243631362915,0.42104411125183105
519,20279,,,0.829813539981842,0.43137726187705994,,
520,20318,,,,,1.4878212213516235,0.42107412219047546
520,20318,,,0.8661013841629028,0.41188475489616394,,
521,20357,,,,,1.4862881898880005,0.420828640460968
521,20357,,,0.870712399482727,0.39973998069763184,,
522,20396,,,,,1.485493779182434,0.42142337560653687
522,20396,,,0.8434178233146667,0.4507129490375519,,
523,20435,,,,,1.4863909482955933,0.422027051448822
523,20435,,,0.8479984998703003,0.45590493083000183,,
524,20474,,,,,1.4861479997634888,0.4219339191913605
524,20474,,,0.8699669241905212,0.4265945255756378,,
525,20513,,,,,1.4863100051879883,0.4220142960548401
525,20513,,,0.8713609576225281,0.4273318350315094,,
526,20552,,,,,1.4867908954620361,0.4216407537460327
526,20552,,,0.8631961345672607,0.4266717731952667,,
527,20591,,,,,1.4868450164794922,0.4211471974849701
527,20591,,,0.8508378267288208,0.42394110560417175,,
528,20630,,,,,1.486826777458191,0.4218437969684601
528,20630,,,0.8752416968345642,0.42987123131752014,,
529,20669,,,,,1.4847612380981445,0.4211692810058594
529,20669,,,0.8421400189399719,0.43539154529571533,,
530,20708,,,,,1.4845043420791626,0.42091161012649536
530,20708,,,0.8865631222724915,0.439422607421875,,
531,20747,,,,,1.4844485521316528,0.4209732711315155
531,20747,,,0.8754389882087708,0.4657319486141205,,
532,20786,,,,,1.4850513935089111,0.42131125926971436
532,20786,,,0.8563399910926819,0.46435821056365967,,
533,20825,,,,,1.4846101999282837,0.4216662049293518
533,20825,,,0.8768182396888733,0.45497751235961914,,
534,20864,,,,,1.485061526298523,0.4213546812534332
534,20864,,,0.8545975089073181,0.42144066095352173,,
535,20903,,,,,1.4850397109985352,0.4218848943710327
535,20903,,,0.8259761333465576,0.4663499593734741,,
536,20942,,,,,1.4835819005966187,0.42194071412086487
536,20942,,,0.8366711735725403,0.4848780035972595,,
537,20981,,,,,1.4846731424331665,0.42281535267829895
537,20981,,,0.8730006814002991,0.4049436151981354,,
538,21020,,,,,1.4845178127288818,0.422933965921402
538,21020,,,0.8606097102165222,0.4569815993309021,,
539,21059,,,,,1.484104037284851,0.4232720136642456
539,21059,,,0.8585156202316284,0.46347367763519287,,
540,21098,,,,,1.4827256202697754,0.4232119917869568
540,21098,,,0.8334500193595886,0.49787840247154236,,
541,21137,,,,,1.4821422100067139,0.4228527247905731
541,21137,,,0.8322578072547913,0.45406782627105713,,
542,21176,,,,,1.4821499586105347,0.42279112339019775
542,21176,,,0.8782087564468384,0.4140647053718567,,
543,21215,,,,,1.4836745262145996,0.4228975176811218
543,21215,,,0.8790107369422913,0.44115182757377625,,
544,21254,,,,,1.4848783016204834,0.4237475097179413
544,21254,,,0.8335424661636353,0.4832969009876251,,
545,21293,,,,,1.4849541187286377,0.42436301708221436
545,21293,,,0.8671959042549133,0.42274680733680725,,
546,21332,,,,,1.48432195186615,0.4243449866771698
546,21332,,,0.8782628178596497,0.4111066460609436,,
547,21371,,,,,1.4847265481948853,0.423533171415329
547,21371,,,0.850636899471283,0.45227256417274475,,
548,21410,,,,,1.4856635332107544,0.4239335060119629
548,21410,,,0.8433404564857483,0.43268585205078125,,
549,21449,,,,,1.484327793121338,0.4242713451385498
549,21449,,,0.8585267663002014,0.46176305413246155,,
550,21488,,,,,1.4839482307434082,0.42372551560401917
550,21488,,,0.8575547337532043,0.45798033475875854,,
551,21527,,,,,1.4825233221054077,0.4234386682510376
551,21527,,,0.842569887638092,0.45151758193969727,,
552,21566,,,,,1.4820704460144043,0.42284631729125977
552,21566,,,0.8330860733985901,0.47967126965522766,,
553,21605,,,,,1.4821879863739014,0.4231893718242645
553,21605,,,0.8658229112625122,0.4140927195549011,,
554,21644,,,,,1.481756329536438,0.42457592487335205
554,21644,,,0.8543866276741028,0.48895278573036194,,
555,21683,,,,,1.4828002452850342,0.4252784848213196
555,21683,,,0.8872442245483398,0.42861273884773254,,
556,21722,,,,,1.48357355594635,0.42501306533813477
556,21722,,,0.8430474996566772,0.41352608799934387,,
557,21761,,,,,1.4850298166275024,0.4251374304294586
557,21761,,,0.8784182667732239,0.4311276376247406,,
558,21800,,,,,1.4852036237716675,0.4259086847305298
558,21800,,,0.8463067412376404,0.4441176652908325,,
559,21839,,,,,1.4849029779434204,0.42632174491882324
559,21839,,,0.8701081871986389,0.4364093244075775,,
560,21878,,,,,1.4836902618408203,0.42578521370887756
560,21878,,,0.8535939455032349,0.45063742995262146,,
561,21917,,,,,1.4835703372955322,0.42589157819747925
561,21917,,,0.8775982856750488,0.45002615451812744,,
562,21956,,,,,1.4837474822998047,0.42544740438461304
562,21956,,,0.8651501536369324,0.43985503911972046,,
563,21995,,,,,1.4835647344589233,0.4247612953186035
563,21995,,,0.8559420704841614,0.4764523506164551,,
564,22034,,,,,1.4830279350280762,0.4250091314315796
564,22034,,,0.874643087387085,0.4595806896686554,,
565,22073,,,,,1.4825562238693237,0.4244060516357422
565,22073,,,0.8525452017784119,0.42813894152641296,,
566,22112,,,,,1.4827827215194702,0.42411914467811584
566,22112,,,0.8640685677528381,0.44930532574653625,,
567,22151,,,,,1.4826321601867676,0.4239659905433655
567,22151,,,0.8341583609580994,0.4332352578639984,,
568,22190,,,,,1.482877492904663,0.42405807971954346
568,22190,,,0.8530240058898926,0.4065033793449402,,
569,22229,,,,,1.4813040494918823,0.4239755868911743
569,22229,,,0.8739520311355591,0.4976511299610138,,
570,22268,,,,,1.4816603660583496,0.42395707964897156
570,22268,,,0.8663459420204163,0.46545758843421936,,
571,22307,,,,,1.4810616970062256,0.42430487275123596
571,22307,,,0.8921762108802795,0.39412590861320496,,
572,22346,,,,,1.4820256233215332,0.42571350932121277
572,22346,,,0.8740634322166443,0.45961713790893555,,
573,22385,,,,,1.4801075458526611,0.42561787366867065
573,22385,,,0.8439979553222656,0.4927371144294739,,
574,22424,,,,,1.4798566102981567,0.425713449716568
574,22424,,,0.8388895988464355,0.435293048620224,,
575,22463,,,,,1.4816664457321167,0.4253521263599396
575,22463,,,0.8883792161941528,0.4239204227924347,,
576,22502,,,,,1.4817886352539062,0.4252578020095825
576,22502,,,0.8724762201309204,0.4406159818172455,,
577,22541,,,,,1.4839420318603516,0.4256741404533386
577,22541,,,0.8790554404258728,0.4410753846168518,,
578,22580,,,,,1.4827930927276611,0.42503347992897034
578,22580,,,0.8808334469795227,0.45646750926971436,,
579,22619,,,,,1.4817761182785034,0.4258083999156952
579,22619,,,0.8560954332351685,0.479820191860199,,
580,22658,,,,,1.4818294048309326,0.4267074465751648
580,22658,,,0.8390293717384338,0.4724527597427368,,
581,22697,,,,,1.4811720848083496,0.4260382652282715
581,22697,,,0.8711622953414917,0.44382062554359436,,
582,22736,,,,,1.4812766313552856,0.42640891671180725
582,22736,,,0.8838716149330139,0.45782607793807983,,
583,22775,,,,,1.4834531545639038,0.42763781547546387
583,22775,,,0.8636517524719238,0.43556272983551025,,
584,22814,,,,,1.4842520952224731,0.4283987283706665
584,22814,,,0.8498484492301941,0.426929235458374,,
585,22853,,,,,1.4820688962936401,0.42730993032455444
585,22853,,,0.8707734942436218,0.4495159983634949,,
586,22892,,,,,1.4807018041610718,0.42768803238868713
586,22892,,,0.8660048246383667,0.5065816640853882,,
587,22931,,,,,1.4818096160888672,0.42732080817222595
587,22931,,,0.8576077222824097,0.43085718154907227,,
588,22970,,,,,1.4844602346420288,0.4268106520175934
588,22970,,,0.8653199672698975,0.3966210186481476,,
589,23009,,,,,1.4835326671600342,0.4254170060157776
589,23009,,,0.8641972541809082,0.4191690683364868,,
590,23048,,,,,1.482332706451416,0.4254985451698303
590,23048,,,0.8558143377304077,0.4559703767299652,,
591,23087,,,,,1.4822900295257568,0.42493149638175964
591,23087,,,0.8586353659629822,0.4398328959941864,,
592,23126,,,,,1.482747197151184,0.4265555143356323
592,23126,,,0.8366481065750122,0.4769143760204315,,
593,23165,,,,,1.4824177026748657,0.4267865717411041
593,23165,,,0.8413615226745605,0.47448593378067017,,
594,23204,,,,,1.4816412925720215,0.4264114201068878
594,23204,,,0.8463470339775085,0.4223472774028778,,
595,23243,,,,,1.4812915325164795,0.4259442985057831
595,23243,,,0.881915271282196,0.4662500023841858,,
596,23282,,,,,1.4803142547607422,0.4262459874153137
596,23282,,,0.8524375557899475,0.48892173171043396,,
597,23321,,,,,1.4798692464828491,0.4265182912349701
597,23321,,,0.8362960815429688,0.4631781578063965,,
598,23360,,,,,1.479860782623291,0.426555335521698
598,23360,,,0.8676867485046387,0.4570809304714203,,
599,23399,,,,,1.4792426824569702,0.4265906810760498
599,23399,,,0.8527632355690002,0.4574091136455536,,
600,23438,,,,,1.4791498184204102,0.4259393513202667
600,23438,,,0.8456785678863525,0.45542940497398376,,
601,23477,,,,,1.4786430597305298,0.426825612783432
601,23477,,,0.8975762724876404,0.42884743213653564,,
602,23516,,,,,1.478162169456482,0.4274359941482544
602,23516,,,0.8356800675392151,0.4664539396762848,,
603,23555,,,,,1.4772824048995972,0.4277355372905731
603,23555,,,0.8597801327705383,0.4972390830516815,,
604,23594,,,,,1.4765620231628418,0.42802926898002625
604,23594,,,0.8262246251106262,0.4878939688205719,,
605,23633,,,,,1.4766933917999268,0.4278869032859802
605,23633,,,0.8608556985855103,0.4577619731426239,,
606,23672,,,,,1.4766020774841309,0.42798474431037903
606,23672,,,0.8533015251159668,0.4648185074329376,,
607,23711,,,,,1.477084755897522,0.4277810752391815
607,23711,,,0.8336707949638367,0.4497501254081726,,
608,23750,,,,,1.477003812789917,0.42806461453437805
608,23750,,,0.8378251791000366,0.4836778938770294,,
609,23789,,,,,1.4778879880905151,0.4275708794593811
609,23789,,,0.8636662364006042,0.4336785674095154,,
610,23828,,,,,1.4781266450881958,0.4284283518791199
610,23828,,,0.8619953989982605,0.44414129853248596,,
611,23867,,,,,1.4772213697433472,0.4287552237510681
611,23867,,,0.850118100643158,0.4843309819698334,,
612,23906,,,,,1.4785957336425781,0.42872220277786255
612,23906,,,0.855454683303833,0.4326304495334625,,
613,23945,,,,,1.4780125617980957,0.4282337427139282
613,23945,,,0.8407809138298035,0.46085160970687866,,
614,23984,,,,,1.4789379835128784,0.42877039313316345
614,23984,,,0.8550363183021545,0.4198002517223358,,
615,24023,,,,,1.4792267084121704,0.4281385540962219
615,24023,,,0.8371900916099548,0.4345768690109253,,
616,24062,,,,,1.4805611371994019,0.4285919666290283
616,24062,,,0.8547244071960449,0.42783746123313904,,
617,24101,,,,,1.4795113801956177,0.4291495680809021
617,24101,,,0.841974139213562,0.44064703583717346,,
618,24140,,,,,1.4807196855545044,0.4288768470287323
618,24140,,,0.8667464852333069,0.43666982650756836,,
619,24179,,,,,1.47989821434021,0.42885568737983704
619,24179,,,0.8531045913696289,0.49940088391304016,,
620,24218,,,,,1.4794121980667114,0.42804571986198425
620,24218,,,0.8520677089691162,0.4480350613594055,,
621,24257,,,,,1.4795398712158203,0.4281156361103058
621,24257,,,0.8442933559417725,0.49896547198295593,,
622,24296,,,,,1.4791046380996704,0.42815813422203064
622,24296,,,0.8665698170661926,0.4390283226966858,,
623,24335,,,,,1.4787547588348389,0.4285297393798828
623,24335,,,0.854517936706543,0.4398466646671295,,
624,24374,,,,,1.4781478643417358,0.42880070209503174
624,24374,,,0.8521925806999207,0.4690091609954834,,
625,24413,,,,,1.479695439338684,0.4293874204158783
625,24413,,,0.88800048828125,0.42724350094795227,,
626,24452,,,,,1.4807666540145874,0.42932602763175964
626,24452,,,0.8329027891159058,0.4705606698989868,,
627,24491,,,,,1.4807227849960327,0.4298126697540283
627,24491,,,0.8379995822906494,0.44665220379829407,,
628,24530,,,,,1.47923743724823,0.43001216650009155
628,24530,,,0.8400936722755432,0.4577246308326721,,
629,24569,,,,,1.4805693626403809,0.4296618700027466
629,24569,,,0.8562481999397278,0.42563048005104065,,
630,24608,,,,,1.4808636903762817,0.4292978346347809
630,24608,,,0.8356178402900696,0.4374520778656006,,
631,24647,,,,,1.4808017015457153,0.4291748106479645
631,24647,,,0.8766614198684692,0.4590614140033722,,
632,24686,,,,,1.4793962240219116,0.42981812357902527
632,24686,,,0.8593409657478333,0.4945557415485382,,
633,24725,,,,,1.4794268608093262,0.42951735854148865
633,24725,,,0.8479016423225403,0.4525589644908905,,
634,24764,,,,,1.4784666299819946,0.4290466010570526
634,24764,,,0.8343640565872192,0.4585503935813904,,
635,24803,,,,,1.479349136352539,0.4292815625667572
635,24803,,,0.8532875180244446,0.46601250767707825,,
636,24842,,,,,1.4787341356277466,0.4285759925842285
636,24842,,,0.877527117729187,0.42271187901496887,,
637,24881,,,,,1.4785970449447632,0.4280928373336792
637,24881,,,0.8644928336143494,0.441862553358078,,
638,24920,,,,,1.4780428409576416,0.42833614349365234
638,24920,,,0.8590421676635742,0.46739354729652405,,
639,24959,,,,,1.47894287109375,0.42919468879699707
639,24959,,,0.8763652443885803,0.43524444103240967,,
640,24998,,,,,1.4781019687652588,0.42834198474884033
640,24998,,,0.8685182332992554,0.46212053298950195,,
641,25037,,,,,1.478305459022522,0.4290222227573395
641,25037,,,0.8392695188522339,0.41608741879463196,,
642,25076,,,,,1.4786874055862427,0.42873233556747437
642,25076,,,0.8477534055709839,0.45018866658210754,,
643,25115,,,,,1.4786453247070312,0.4293435513973236
643,25115,,,0.8645495176315308,0.4412820339202881,,
644,25154,,,,,1.4782898426055908,0.42929041385650635
644,25154,,,0.8560001850128174,0.4543311297893524,,
645,25193,,,,,1.4780648946762085,0.4299042224884033
645,25193,,,0.8741230964660645,0.43186479806900024,,
646,25232,,,,,1.478144884109497,0.43063268065452576
646,25232,,,0.8607202172279358,0.4523036777973175,,
647,25271,,,,,1.480523943901062,0.43153825402259827
647,25271,,,0.8336995244026184,0.4370879530906677,,
648,25310,,,,,1.4821659326553345,0.43167179822921753
648,25310,,,0.8965646028518677,0.4110569655895233,,
649,25349,,,,,1.480355978012085,0.4312497079372406
649,25349,,,0.852452278137207,0.43743574619293213,,
650,25388,,,,,1.4808130264282227,0.4305513799190521
650,25388,,,0.8777140974998474,0.4352043867111206,,
651,25427,,,,,1.4814400672912598,0.4310683608055115
651,25427,,,0.8558566570281982,0.4322534203529358,,
652,25466,,,,,1.4803481101989746,0.4299439787864685
652,25466,,,0.8429501056671143,0.46071282029151917,,
653,25505,,,,,1.4786717891693115,0.42993736267089844
653,25505,,,0.8420117497444153,0.45781219005584717,,
654,25544,,,,,1.4793660640716553,0.4310062527656555
654,25544,,,0.8532269597053528,0.4449857175350189,,
655,25583,,,,,1.4800869226455688,0.43081796169281006
655,25583,,,0.8492454886436462,0.45517900586128235,,
656,25622,,,,,1.4773716926574707,0.4310542345046997
656,25622,,,0.8540496826171875,0.48624685406684875,,
657,25661,,,,,1.476929783821106,0.43142640590667725
657,25661,,,0.8438775539398193,0.44507071375846863,,
658,25700,,,,,1.4773987531661987,0.43231627345085144
658,25700,,,0.8538046479225159,0.46198102831840515,,
659,25739,,,,,1.4773029088974,0.4320930540561676
659,25739,,,0.8845828175544739,0.4199375808238983,,
660,25778,,,,,1.4773492813110352,0.4320957362651825
660,25778,,,0.8699197769165039,0.45823556184768677,,
661,25817,,,,,1.4766104221343994,0.4320680499076843
661,25817,,,0.8263041973114014,0.455659955739975,,
662,25856,,,,,1.476181149482727,0.4319157004356384
662,25856,,,0.8693243861198425,0.45046567916870117,,
663,25895,,,,,1.4762758016586304,0.4319324791431427
663,25895,,,0.8679988384246826,0.4301552474498749,,
664,25934,,,,,1.4758715629577637,0.4324795603752136
664,25934,,,0.8463953733444214,0.4683734178543091,,
665,25973,,,,,1.475246548652649,0.43299728631973267
665,25973,,,0.8446224927902222,0.46105676889419556,,
666,26012,,,,,1.476046085357666,0.43356043100357056
666,26012,,,0.8451412916183472,0.5012064576148987,,
667,26051,,,,,1.4756346940994263,0.43292826414108276
667,26051,,,0.8564460873603821,0.44816482067108154,,
668,26090,,,,,1.4761793613433838,0.4327651262283325
668,26090,,,0.8271565437316895,0.49006563425064087,,
669,26129,,,,,1.4757550954818726,0.43218788504600525
669,26129,,,0.8511135578155518,0.45488694310188293,,
670,26168,,,,,1.476722240447998,0.43208047747612
670,26168,,,0.8213807940483093,0.4257725477218628,,
671,26207,,,,,1.4771780967712402,0.4318167567253113
671,26207,,,0.8910185694694519,0.4363759458065033,,
672,26246,,,,,1.4773861169815063,0.4314752221107483
672,26246,,,0.8889604210853577,0.4531511664390564,,
673,26285,,,,,1.476540207862854,0.43214476108551025
673,26285,,,0.8364335894584656,0.46190115809440613,,
674,26324,,,,,1.4765989780426025,0.4323068857192993
674,26324,,,0.8445782661437988,0.4699449837207794,,
675,26363,,,,,1.4774971008300781,0.43216994404792786
675,26363,,,0.8333848118782043,0.43004775047302246,,
676,26402,,,,,1.4770034551620483,0.43219149112701416
676,26402,,,0.8532078266143799,0.4803485870361328,,
677,26441,,,,,1.4785765409469604,0.43340277671813965
677,26441,,,0.8690807819366455,0.40588417649269104,,
678,26480,,,,,1.4785529375076294,0.4331507086753845
678,26480,,,0.8680154085159302,0.4193595349788666,,
679,26519,,,,,1.4777557849884033,0.4332161247730255
679,26519,,,0.843501627445221,0.4626776874065399,,
680,26558,,,,,1.476190209388733,0.43350258469581604
680,26558,,,0.8327240347862244,0.4899864196777344,,
681,26597,,,,,1.4760197401046753,0.4332696199417114
681,26597,,,0.8700097799301147,0.4336184859275818,,
682,26636,,,,,1.476842999458313,0.4328464865684509
682,26636,,,0.8542367815971375,0.4176313579082489,,
683,26675,,,,,1.4767746925354004,0.4321408271789551
683,26675,,,0.84865403175354,0.44445252418518066,,
684,26714,,,,,1.476553201675415,0.43195945024490356
684,26714,,,0.8633346557617188,0.47513923048973083,,
685,26753,,,,,1.4768980741500854,0.4319680333137512
685,26753,,,0.8430948257446289,0.4447772204875946,,
686,26792,,,,,1.4769718647003174,0.4311225116252899
686,26792,,,0.8427141904830933,0.4820507764816284,,
687,26831,,,,,1.4770351648330688,0.43196922540664673
687,26831,,,0.8689782619476318,0.4429153501987457,,
688,26870,,,,,1.4771208763122559,0.4321663975715637
688,26870,,,0.8511041402816772,0.4598391056060791,,
689,26909,,,,,1.4791213274002075,0.4317510724067688
689,26909,,,0.8649096488952637,0.4418499171733856,,
690,26948,,,,,1.4794161319732666,0.43158861994743347
690,26948,,,0.8339172601699829,0.48074403405189514,,
691,26987,,,,,1.4788306951522827,0.4304824471473694
691,26987,,,0.8560338020324707,0.4587267339229584,,
692,27026,,,,,1.4788936376571655,0.4305504858493805
692,27026,,,0.8577843904495239,0.4122177064418793,,
693,27065,,,,,1.4799714088439941,0.4299197196960449
693,27065,,,0.8935701251029968,0.3967858850955963,,
694,27104,,,,,1.4803944826126099,0.4295182526111603
694,27104,,,0.8709878325462341,0.4347708225250244,,
695,27143,,,,,1.4798723459243774,0.43011951446533203
695,27143,,,0.8389921188354492,0.4732297658920288,,
696,27182,,,,,1.4793812036514282,0.4299514591693878
696,27182,,,0.8430975675582886,0.4760303497314453,,
697,27221,,,,,1.4786659479141235,0.4293341040611267
697,27221,,,0.8456495404243469,0.4589383006095886,,
698,27260,,,,,1.4808213710784912,0.4295079708099365
698,27260,,,0.880549430847168,0.3981373608112335,,
699,27299,,,,,1.480798602104187,0.42961177229881287
699,27299,,,0.8675448894500732,0.4931124150753021,,
700,27338,,,,,1.4804004430770874,0.4289555251598358
700,27338,,,0.8344705104827881,0.4519599378108978,,
701,27377,,,,,1.4802767038345337,0.42828240990638733
701,27377,,,0.8583958745002747,0.4778820872306824,,
702,27416,,,,,1.4795584678649902,0.4282973110675812
702,27416,,,0.8326292634010315,0.4628886282444,,
703,27455,,,,,1.4791654348373413,0.4288192093372345
703,27455,,,0.8642510771751404,0.4462299942970276,,
704,27494,,,,,1.478783130645752,0.4295521676540375
704,27494,,,0.8623940944671631,0.45383912324905396,,
705,27533,,,,,1.479331374168396,0.42979100346565247
705,27533,,,0.8683314919471741,0.4328407347202301,,
706,27572,,,,,1.4796478748321533,0.4305471181869507
706,27572,,,0.8577984571456909,0.4395124614238739,,
707,27611,,,,,1.4797146320343018,0.43034452199935913
707,27611,,,0.8595306277275085,0.4635784924030304,,
708,27650,,,,,1.4798825979232788,0.43065840005874634
708,27650,,,0.8508291840553284,0.4302006661891937,,
709,27689,,,,,1.479573130607605,0.42946919798851013
709,27689,,,0.8603712320327759,0.4574430286884308,,
710,27728,,,,,1.4788588285446167,0.4297928512096405
710,27728,,,0.8381431698799133,0.46476975083351135,,
711,27767,,,,,1.478581428527832,0.430830180644989
711,27767,,,0.8298653960227966,0.4882361590862274,,
712,27806,,,,,1.4796932935714722,0.4302564263343811
712,27806,,,0.8520776033401489,0.467479944229126,,
713,27845,,,,,1.4820127487182617,0.43024492263793945
713,27845,,,0.83770751953125,0.4519946277141571,,
714,27884,,,,,1.4821290969848633,0.43065834045410156
714,27884,,,0.8614698648452759,0.44078391790390015,,
715,27923,,,,,1.4832953214645386,0.43006810545921326
715,27923,,,0.8698817491531372,0.4129538834095001,,
716,27962,,,,,1.481292724609375,0.42985519766807556
716,27962,,,0.8477359414100647,0.4659236967563629,,
717,28001,,,,,1.4809147119522095,0.42872318625450134
717,28001,,,0.8381761312484741,0.44039589166641235,,
718,28040,,,,,1.4819920063018799,0.42930981516838074
718,28040,,,0.8122598528862,0.46313509345054626,,
719,28079,,,,,1.478853464126587,0.42900264263153076
719,28079,,,0.8354896903038025,0.48505011200904846,,
720,28118,,,,,1.4784528017044067,0.42919546365737915
720,28118,,,0.8678527474403381,0.4449652135372162,,
721,28157,,,,,1.4788239002227783,0.42913681268692017
721,28157,,,0.8711956739425659,0.4587806165218353,,
722,28196,,,,,1.478103518486023,0.42850449681282043
722,28196,,,0.826046884059906,0.47277313470840454,,
723,28235,,,,,1.4784070253372192,0.42869630455970764
723,28235,,,0.873724639415741,0.42774903774261475,,
724,28274,,,,,1.4790549278259277,0.42869827151298523
724,28274,,,0.8786047697067261,0.4220513701438904,,
725,28313,,,,,1.478454351425171,0.4286734163761139
725,28313,,,0.8430207967758179,0.47028663754463196,,
726,28352,,,,,1.4784297943115234,0.42899930477142334
726,28352,,,0.8449586033821106,0.4079298973083496,,
727,28391,,,,,1.4781196117401123,0.42861559987068176
727,28391,,,0.8525689840316772,0.4660266935825348,,
728,28430,,,,,1.478024959564209,0.4290662109851837
728,28430,,,0.8574203848838806,0.4217470586299896,,
729,28469,,,,,1.4778834581375122,0.4290594458580017
729,28469,,,0.8453198075294495,0.4652358293533325,,
730,28508,,,,,1.4773828983306885,0.4298141598701477
730,28508,,,0.8704190254211426,0.44884932041168213,,
731,28547,,,,,1.4778096675872803,0.43062537908554077
731,28547,,,0.8251113891601562,0.4717109799385071,,
732,28586,,,,,1.477151870727539,0.43014922738075256
732,28586,,,0.8627952933311462,0.4497013986110687,,
733,28625,,,,,1.4771761894226074,0.43012702465057373
733,28625,,,0.8505581617355347,0.4746890962123871,,
734,28664,,,,,1.4774689674377441,0.43052783608436584
734,28664,,,0.8511755466461182,0.46485716104507446,,
735,28703,,,,,1.478116750717163,0.4309889078140259
735,28703,,,0.8570497035980225,0.4495336711406708,,
736,28742,,,,,1.4790916442871094,0.4312525689601898
736,28742,,,0.8877663016319275,0.4402209520339966,,
737,28781,,,,,1.4793047904968262,0.4316260516643524
737,28781,,,0.8635675311088562,0.4427916705608368,,
738,28820,,,,,1.4784696102142334,0.4316954016685486
738,28820,,,0.8467602133750916,0.4315137267112732,,
739,28859,,,,,1.4780387878417969,0.4312611222267151
739,28859,,,0.8576310276985168,0.45723390579223633,,
740,28898,,,,,1.4779516458511353,0.43118616938591003
740,28898,,,0.8475019931793213,0.46687933802604675,,
741,28937,,,,,1.4784467220306396,0.43130695819854736
741,28937,,,0.8593931198120117,0.42146316170692444,,
742,28976,,,,,1.477897047996521,0.43063831329345703
742,28976,,,0.8347277641296387,0.49548155069351196,,
743,29015,,,,,1.4775569438934326,0.4308868646621704
743,29015,,,0.8481770157814026,0.46970146894454956,,
744,29054,,,,,1.4770827293395996,0.43167051672935486
744,29054,,,0.876319408416748,0.4411652386188507,,
745,29093,,,,,1.4771345853805542,0.4323103129863739
745,29093,,,0.8233824372291565,0.461774617433548,,
746,29132,,,,,1.4761077165603638,0.43232324719429016
746,29132,,,0.8391157388687134,0.475271612405777,,
747,29171,,,,,1.476792335510254,0.43149322271347046
747,29171,,,0.8548081517219543,0.45386838912963867,,
748,29210,,,,,1.477635145187378,0.43160563707351685
748,29210,,,0.8591209053993225,0.4330039918422699,,
749,29249,,,,,1.4765598773956299,0.4318163990974426
749,29249,,,0.8373270034790039,0.456128865480423,,
750,29288,,,,,1.4765173196792603,0.43126508593559265
750,29288,,,0.8618683218955994,0.4660106599330902,,
751,29327,,,,,1.4768996238708496,0.4303075671195984
751,29327,,,0.8311864137649536,0.48854324221611023,,
752,29366,,,,,1.476288080215454,0.43113744258880615
752,29366,,,0.8459194898605347,0.47655120491981506,,
753,29405,,,,,1.4775763750076294,0.43140530586242676
753,29405,,,0.8763793706893921,0.4616193175315857,,
754,29444,,,,,1.4760987758636475,0.431567519903183
754,29444,,,0.8660536408424377,0.43898627161979675,,
755,29483,,,,,1.4765760898590088,0.43154290318489075
755,29483,,,0.8352041840553284,0.4587954878807068,,
756,29522,,,,,1.476884126663208,0.4311070144176483
756,29522,,,0.8287521600723267,0.48160475492477417,,
757,29561,,,,,1.4759761095046997,0.43132397532463074
757,29561,,,0.8576661944389343,0.4935120940208435,,
758,29600,,,,,1.4751876592636108,0.4313584268093109
758,29600,,,0.8281095623970032,0.472187340259552,,
759,29639,,,,,1.4754672050476074,0.4313126802444458
759,29639,,,0.8373575210571289,0.4934311807155609,,
760,29678,,,,,1.475368618965149,0.4312678277492523
760,29678,,,0.8935869932174683,0.45202210545539856,,
761,29717,,,,,1.4752682447433472,0.43108364939689636
761,29717,,,0.8251059055328369,0.47884324193000793,,
762,29756,,,,,1.47569739818573,0.43094250559806824
762,29756,,,0.8694218397140503,0.43418630957603455,,
763,29795,,,,,1.476032018661499,0.4310178756713867
763,29795,,,0.8391956686973572,0.47704017162323,,
764,29834,,,,,1.4754000902175903,0.4311843812465668
764,29834,,,0.8384026885032654,0.46871453523635864,,
765,29873,,,,,1.4750779867172241,0.4313374161720276
765,29873,,,0.8488142490386963,0.4919906556606293,,
766,29912,,,,,1.475601077079773,0.4312821328639984
766,29912,,,0.8753787279129028,0.4456166625022888,,
767,29951,,,,,1.4755223989486694,0.4313547611236572
767,29951,,,0.8427621722221375,0.44656264781951904,,
768,29990,,,,,1.4757102727890015,0.43192172050476074
768,29990,,,0.8412437438964844,0.43248695135116577,,
769,30029,,,,,1.4759759902954102,0.4319513738155365
769,30029,,,0.8505890965461731,0.4537535011768341,,
770,30068,,,,,1.475622296333313,0.43268296122550964
770,30068,,,0.8381587266921997,0.4825786054134369,,
771,30107,,,,,1.4754270315170288,0.43249931931495667
771,30107,,,0.8408395051956177,0.4810906946659088,,
772,30146,,,,,1.4751237630844116,0.4326704740524292
772,30146,,,0.8266140818595886,0.430551677942276,,
773,30185,,,,,1.4753787517547607,0.4332333505153656
773,30185,,,0.8495512008666992,0.4477822184562683,,
774,30224,,,,,1.4756637811660767,0.43266794085502625
774,30224,,,0.8674891591072083,0.4381771683692932,,
775,30263,,,,,1.4753285646438599,0.43290647864341736
775,30263,,,0.8100579977035522,0.48493391275405884,,
776,30302,,,,,1.47463858127594,0.43346983194351196
776,30302,,,0.8599473834037781,0.46292147040367126,,
777,30341,,,,,1.4746923446655273,0.4335697889328003
777,30341,,,0.8341140747070312,0.4676377773284912,,
778,30380,,,,,1.4742439985275269,0.4334803521633148
778,30380,,,0.8403146266937256,0.4971310496330261,,
779,30419,,,,,1.472785472869873,0.43453845381736755
779,30419,,,0.834628164768219,0.4990834891796112,,
780,30458,,,,,1.4727308750152588,0.43476635217666626
780,30458,,,0.8532028198242188,0.4459688663482666,,
781,30497,,,,,1.4722437858581543,0.4350319802761078
781,30497,,,0.8375155925750732,0.4915497601032257,,
782,30536,,,,,1.4712740182876587,0.4364364445209503
782,30536,,,0.8152446150779724,0.509882390499115,,
783,30575,,,,,1.4705828428268433,0.43724048137664795
783,30575,,,0.8147907257080078,0.47114166617393494,,
784,30614,,,,,1.470695972442627,0.4382184147834778
784,30614,,,0.8482171893119812,0.443744033575058,,
785,30653,,,,,1.4720816612243652,0.4383140802383423
785,30653,,,0.825236976146698,0.46729567646980286,,
786,30692,,,,,1.4735796451568604,0.43760260939598083
786,30692,,,0.8190047144889832,0.4459816515445709,,
787,30731,,,,,1.4725925922393799,0.43723756074905396
787,30731,,,0.8666328191757202,0.43881019949913025,,
788,30770,,,,,1.4721590280532837,0.4369271993637085
788,30770,,,0.8195986151695251,0.47441306710243225,,
789,30809,,,,,1.4728766679763794,0.43639907240867615
789,30809,,,0.862736701965332,0.4645586609840393,,
790,30848,,,,,1.4723353385925293,0.4373948276042938
790,30848,,,0.8470380902290344,0.45982179045677185,,
791,30887,,,,,1.4721689224243164,0.43722599744796753
791,30887,,,0.8307385444641113,0.4820801615715027,,
792,30926,,,,,1.472198247909546,0.4379644989967346
792,30926,,,0.8491542339324951,0.4530082046985626,,
793,30965,,,,,1.471632957458496,0.438204824924469
793,30965,,,0.8212161064147949,0.5002451539039612,,
794,31004,,,,,1.4711936712265015,0.4382351338863373
794,31004,,,0.8470996022224426,0.47092369198799133,,
795,31043,,,,,1.4725837707519531,0.43811333179473877
795,31043,,,0.8584727644920349,0.46861740946769714,,
796,31082,,,,,1.4730929136276245,0.43804338574409485
796,31082,,,0.8658311367034912,0.4399593472480774,,
797,31121,,,,,1.4725204706192017,0.43840906023979187
797,31121,,,0.8245506286621094,0.4978610873222351,,
798,31160,,,,,1.47283935546875,0.43875011801719666
798,31160,,,0.8212902545928955,0.4441748261451721,,
799,31199,,,,,1.4732306003570557,0.4384384751319885
799,31199,,,0.8500555157661438,0.5037578344345093,,
800,31238,,,,,1.4724125862121582,0.43824532628059387
800,31238,,,0.8271348476409912,0.4540097117424011,,
801,31277,,,,,1.4725497961044312,0.4376370906829834
801,31277,,,0.8557014465332031,0.4279744029045105,,
802,31316,,,,,1.4716347455978394,0.43765074014663696
802,31316,,,0.8595538139343262,0.4598124623298645,,
803,31355,,,,,1.4712724685668945,0.4375974237918854
803,31355,,,0.8659903407096863,0.47211310267448425,,
804,31394,,,,,1.473879337310791,0.4373227059841156
804,31394,,,0.8738309144973755,0.4366196393966675,,
805,31433,,,,,1.4749484062194824,0.43715792894363403
805,31433,,,0.8274659514427185,0.44957709312438965,,
806,31472,,,,,1.4740467071533203,0.43677863478660583
806,31472,,,0.8644089102745056,0.4093492925167084,,
807,31511,,,,,1.4750025272369385,0.4362652599811554
807,31511,,,0.8393466472625732,0.44834238290786743,,
808,31550,,,,,1.474733591079712,0.4366694986820221
808,31550,,,0.8509303331375122,0.5021998286247253,,
809,31589,,,,,1.474166989326477,0.4371880292892456
809,31589,,,0.8612881302833557,0.4444669187068939,,
810,31628,,,,,1.4736140966415405,0.4368710219860077
810,31628,,,0.8670121431350708,0.4732358753681183,,
811,31667,,,,,1.4740417003631592,0.43662533164024353
811,31667,,,0.8390679955482483,0.499024361371994,,
812,31706,,,,,1.4756858348846436,0.43712013959884644
812,31706,,,0.8742573261260986,0.41725197434425354,,
813,31745,,,,,1.4749654531478882,0.43668919801712036
813,31745,,,0.8373980522155762,0.4727059006690979,,
814,31784,,,,,1.4756009578704834,0.43633022904396057
814,31784,,,0.8577855229377747,0.4414135813713074,,
815,31823,,,,,1.4751079082489014,0.43599405884742737
815,31823,,,0.8364683389663696,0.46892377734184265,,
816,31862,,,,,1.4748796224594116,0.4358615577220917
816,31862,,,0.8497949242591858,0.4836053252220154,,
817,31901,,,,,1.474712610244751,0.4368113577365875
817,31901,,,0.8525892496109009,0.4459604024887085,,
818,31940,,,,,1.4740463495254517,0.4371453523635864
818,31940,,,0.8436054587364197,0.47912415862083435,,
819,31979,,,,,1.473261833190918,0.43760690093040466
819,31979,,,0.8362951874732971,0.4629844129085541,,
820,32018,,,,,1.4735374450683594,0.4372516870498657
820,32018,,,0.8307412266731262,0.4716045558452606,,
821,32057,,,,,1.4746659994125366,0.4381559491157532
821,32057,,,0.86077481508255,0.4278513193130493,,
822,32096,,,,,1.4735760688781738,0.4385538399219513
822,32096,,,0.8372086882591248,0.4611867666244507,,
823,32135,,,,,1.4722117185592651,0.43918946385383606
823,32135,,,0.8737303614616394,0.46988150477409363,,
824,32174,,,,,1.4729501008987427,0.43906906247138977
824,32174,,,0.8404698371887207,0.46272680163383484,,
825,32213,,,,,1.4727973937988281,0.43903979659080505
825,32213,,,0.8361996412277222,0.47804221510887146,,
826,32252,,,,,1.4731395244598389,0.43945980072021484
826,32252,,,0.8501474261283875,0.4441489577293396,,
827,32291,,,,,1.4732778072357178,0.43981871008872986
827,32291,,,0.850021243095398,0.4342294931411743,,
828,32330,,,,,1.4728882312774658,0.4403793215751648
828,32330,,,0.8600029349327087,0.4479663670063019,,
829,32369,,,,,1.4717533588409424,0.4405452311038971
829,32369,,,0.8707451224327087,0.4941982924938202,,
830,32408,,,,,1.4718272686004639,0.4406529664993286
830,32408,,,0.8498684763908386,0.452656090259552,,
831,32447,,,,,1.4711743593215942,0.44145628809928894
831,32447,,,0.8578690886497498,0.4741165339946747,,
832,32486,,,,,1.4715337753295898,0.4413438141345978
832,32486,,,0.8498887419700623,0.4547330439090729,,
833,32525,,,,,1.4705923795700073,0.4407356381416321
833,32525,,,0.8295565843582153,0.481035441160202,,
834,32564,,,,,1.4707618951797485,0.4403945803642273
834,32564,,,0.8695622086524963,0.4328193664550781,,
835,32603,,,,,1.4708994626998901,0.44014039635658264
835,32603,,,0.867122232913971,0.4699733555316925,,
836,32642,,,,,1.4711742401123047,0.43994516134262085
836,32642,,,0.8367776274681091,0.45889154076576233,,
837,32681,,,,,1.4706801176071167,0.4407556354999542
837,32681,,,0.85597163438797,0.4454847574234009,,
838,32720,,,,,1.47124445438385,0.44044172763824463
838,32720,,,0.835662841796875,0.4485833942890167,,
839,32759,,,,,1.4712272882461548,0.43997472524642944
839,32759,,,0.8192763924598694,0.49063757061958313,,
840,32798,,,,,1.4712942838668823,0.4398311674594879
840,32798,,,0.8288090825080872,0.44835716485977173,,
841,32837,,,,,1.4707964658737183,0.43928852677345276
841,32837,,,0.865348219871521,0.5219112038612366,,
842,32876,,,,,1.4710837602615356,0.44034403562545776
842,32876,,,0.8546931743621826,0.4636765122413635,,
843,32915,,,,,1.4711881875991821,0.4401527941226959
843,32915,,,0.8309783935546875,0.49134573340415955,,
844,32954,,,,,1.4729151725769043,0.4400276243686676
844,32954,,,0.8684037327766418,0.4368148744106293,,
845,32993,,,,,1.4744309186935425,0.4396432638168335
845,32993,,,0.835215151309967,0.4598340690135956,,
846,33032,,,,,1.4730781316757202,0.4402916431427002
846,33032,,,0.8340250849723816,0.49161359667778015,,
847,33071,,,,,1.4714977741241455,0.43959474563598633
847,33071,,,0.8577694296836853,0.4781535267829895,,
848,33110,,,,,1.4712483882904053,0.4394671320915222
848,33110,,,0.8397365212440491,0.4623751640319824,,
849,33149,,,,,1.4705026149749756,0.4405945837497711
849,33149,,,0.8255413770675659,0.47902822494506836,,
850,33188,,,,,1.4705244302749634,0.4408007562160492
850,33188,,,0.8360070586204529,0.5101948976516724,,
851,33227,,,,,1.470361351966858,0.44029706716537476
851,33227,,,0.8254823088645935,0.47826507687568665,,
852,33266,,,,,1.4707269668579102,0.440064400434494
852,33266,,,0.8474578857421875,0.4903230369091034,,
853,33305,,,,,1.4698845148086548,0.439698189496994
853,33305,,,0.8447831869125366,0.46562302112579346,,
854,33344,,,,,1.4704512357711792,0.44003602862358093
854,33344,,,0.8374916315078735,0.4728659987449646,,
855,33383,,,,,1.4717438220977783,0.4390556812286377
855,33383,,,0.8451163172721863,0.44310325384140015,,
856,33422,,,,,1.471506118774414,0.4392228424549103
856,33422,,,0.854406476020813,0.44263389706611633,,
857,33461,,,,,1.4716472625732422,0.4387269616127014
857,33461,,,0.8518339395523071,0.49305275082588196,,
858,33500,,,,,1.4704291820526123,0.4392886459827423
858,33500,,,0.8191314339637756,0.49814507365226746,,
859,33539,,,,,1.4689639806747437,0.44053760170936584
859,33539,,,0.8520480394363403,0.5022696852684021,,
860,33578,,,,,1.4692292213439941,0.44040191173553467
860,33578,,,0.8395349383354187,0.43698686361312866,,
861,33617,,,,,1.4694746732711792,0.4407539963722229
861,33617,,,0.8403928875923157,0.4761755168437958,,
862,33656,,,,,1.4700618982315063,0.4406650960445404
862,33656,,,0.8246458768844604,0.5204580426216125,,
863,33695,,,,,1.4696252346038818,0.44117945432662964
863,33695,,,0.8709701895713806,0.43588927388191223,,
864,33734,,,,,1.4689806699752808,0.44098156690597534
864,33734,,,0.851930558681488,0.48103851079940796,,
865,33773,,,,,1.4697329998016357,0.4405374825000763
865,33773,,,0.8602246046066284,0.4280794560909271,,
866,33812,,,,,1.4696829319000244,0.440004825592041
866,33812,,,0.8165708780288696,0.4943932890892029,,
867,33851,,,,,1.469275712966919,0.44011178612709045
867,33851,,,0.8221379518508911,0.48095381259918213,,
868,33890,,,,,1.4682852029800415,0.4414771497249603
868,33890,,,0.871029794216156,0.49885648488998413,,
869,33929,,,,,1.468381404876709,0.44076377153396606
869,33929,,,0.8458495736122131,0.45885565876960754,,
870,33968,,,,,1.4697738885879517,0.44076645374298096
870,33968,,,0.8630070090293884,0.4205494523048401,,
871,34007,,,,,1.4702081680297852,0.44121691584587097
871,34007,,,0.8330531120300293,0.4488203227519989,,
872,34046,,,,,1.4697790145874023,0.442096084356308
872,34046,,,0.8547654747962952,0.44135504961013794,,
873,34085,,,,,1.468983769416809,0.44218873977661133
873,34085,,,0.8584948778152466,0.4359873831272125,,
874,34124,,,,,1.4689072370529175,0.4427395164966583
874,34124,,,0.8568942546844482,0.46620115637779236,,
875,34163,,,,,1.4698246717453003,0.4426761567592621
875,34163,,,0.8324510455131531,0.4489585757255554,,
876,34202,,,,,1.469344139099121,0.4428083896636963
876,34202,,,0.861957848072052,0.45711374282836914,,
877,34241,,,,,1.4697753190994263,0.44235414266586304
877,34241,,,0.8496530055999756,0.4750281572341919,,
878,34280,,,,,1.4693070650100708,0.44237932562828064
878,34280,,,0.8386415243148804,0.48877525329589844,,
879,34319,,,,,1.4686219692230225,0.4424703121185303
879,34319,,,0.8164718747138977,0.4583449363708496,,
880,34358,,,,,1.4689875841140747,0.44262027740478516
880,34358,,,0.8531926274299622,0.4719998240470886,,
881,34397,,,,,1.4690251350402832,0.44307711720466614
881,34397,,,0.8468886017799377,0.48842093348503113,,
882,34436,,,,,1.469996690750122,0.4427409768104553
882,34436,,,0.8367282152175903,0.4801681637763977,,
883,34475,,,,,1.470022201538086,0.44240984320640564
883,34475,,,0.8359994292259216,0.49426063895225525,,
884,34514,,,,,1.4710614681243896,0.4428763687610626
884,34514,,,0.8467970490455627,0.471525102853775,,
885,34553,,,,,1.4692809581756592,0.4433649480342865
885,34553,,,0.8366708755493164,0.46890687942504883,,
886,34592,,,,,1.4693936109542847,0.443508505821228
886,34592,,,0.8841424584388733,0.44681617617607117,,
887,34631,,,,,1.4694414138793945,0.44365862011909485
887,34631,,,0.8544407486915588,0.4495243728160858,,
888,34670,,,,,1.4683653116226196,0.44411590695381165
888,34670,,,0.8522724509239197,0.4806824326515198,,
889,34709,,,,,1.4682586193084717,0.4446421265602112
889,34709,,,0.8441818356513977,0.44656556844711304,,
890,34748,,,,,1.469888687133789,0.4463278651237488
890,34748,,,0.8502565026283264,0.4757806956768036,,
891,34787,,,,,1.4688694477081299,0.44661960005760193
891,34787,,,0.8498178124427795,0.42822661995887756,,
892,34826,,,,,1.4681553840637207,0.44565117359161377
892,34826,,,0.8303468227386475,0.4728175401687622,,
893,34865,,,,,1.4667848348617554,0.4454798698425293
893,34865,,,0.8390591144561768,0.49067091941833496,,
894,34904,,,,,1.4669106006622314,0.4453083574771881
894,34904,,,0.8253018260002136,0.4727267622947693,,
895,34943,,,,,1.4665229320526123,0.4452776610851288
895,34943,,,0.8484893441200256,0.4669513702392578,,
896,34982,,,,,1.4671555757522583,0.44464749097824097
896,34982,,,0.8345794677734375,0.4526439607143402,,
897,35021,,,,,1.4669277667999268,0.4451739192008972
897,35021,,,0.853735089302063,0.4679529666900635,,
898,35060,,,,,1.4664937257766724,0.44542357325553894
898,35060,,,0.845671534538269,0.4508000910282135,,
899,35099,,,,,1.4665827751159668,0.4453202188014984
899,35099,,,0.8314306735992432,0.4710312783718109,,
900,35138,,,,,1.467369556427002,0.4457063674926758
900,35138,,,0.8604586720466614,0.45127058029174805,,
901,35177,,,,,1.4667809009552002,0.44582468271255493
901,35177,,,0.8326544165611267,0.47247129678726196,,
902,35216,,,,,1.4663530588150024,0.4462621808052063
902,35216,,,0.8340234756469727,0.4930758476257324,,
903,35255,,,,,1.4661571979522705,0.4459792375564575
903,35255,,,0.8441018462181091,0.4594704210758209,,
904,35294,,,,,1.467920184135437,0.4461766481399536
904,35294,,,0.840603768825531,0.4648776054382324,,
905,35333,,,,,1.4683579206466675,0.44570469856262207
905,35333,,,0.8550233840942383,0.4530179500579834,,
906,35372,,,,,1.467382788658142,0.4465859830379486
906,35372,,,0.8324233889579773,0.4715299904346466,,
907,35411,,,,,1.4670414924621582,0.4464470148086548
907,35411,,,0.8310232162475586,0.4598844051361084,,
908,35450,,,,,1.4663124084472656,0.44671592116355896
908,35450,,,0.8370774984359741,0.4338913857936859,,
909,35489,,,,,1.466219186782837,0.44657716155052185
909,35489,,,0.8456912040710449,0.4704732596874237,,
910,35528,,,,,1.4671438932418823,0.44581612944602966
910,35528,,,0.8171831369400024,0.4957922399044037,,
911,35567,,,,,1.4674837589263916,0.44518354535102844
911,35567,,,0.8491733074188232,0.45276573300361633,,
912,35606,,,,,1.4677385091781616,0.44507673382759094
912,35606,,,0.8632645010948181,0.422680526971817,,
913,35645,,,,,1.4678531885147095,0.4449216425418854
913,35645,,,0.8291235566139221,0.5024054050445557,,
914,35684,,,,,1.4680349826812744,0.44462862610816956
914,35684,,,0.8586033582687378,0.4593966603279114,,
915,35723,,,,,1.4683986902236938,0.44424110651016235
915,35723,,,0.8330607414245605,0.4708816409111023,,
916,35762,,,,,1.470914363861084,0.44367727637290955
916,35762,,,0.8245811462402344,0.45617425441741943,,
917,35801,,,,,1.4688701629638672,0.44392791390419006
917,35801,,,0.8565373420715332,0.44914206862449646,,
918,35840,,,,,1.468178391456604,0.44423890113830566
918,35840,,,0.8282160758972168,0.4892331659793854,,
919,35879,,,,,1.468355655670166,0.44453492760658264
919,35879,,,0.8275713920593262,0.44612228870391846,,
920,35918,,,,,1.4686344861984253,0.44530314207077026
920,35918,,,0.8260992765426636,0.4144151210784912,,
921,35957,,,,,1.4662061929702759,0.44589224457740784
921,35957,,,0.8222259283065796,0.5084733963012695,,
922,35996,,,,,1.4662364721298218,0.4462014138698578
922,35996,,,0.8490962386131287,0.47543707489967346,,
923,36035,,,,,1.46531081199646,0.4467470943927765
923,36035,,,0.8687228560447693,0.46841728687286377,,
924,36074,,,,,1.4660258293151855,0.44550999999046326
924,36074,,,0.8571539521217346,0.44703781604766846,,
925,36113,,,,,1.4652845859527588,0.4460882544517517
925,36113,,,0.8374501466751099,0.5059153437614441,,
926,36152,,,,,1.464171290397644,0.44773271679878235
926,36152,,,0.8359933495521545,0.5007510185241699,,
927,36191,,,,,1.4638636112213135,0.4478413760662079
927,36191,,,0.8565354943275452,0.47908109426498413,,
928,36230,,,,,1.4649033546447754,0.4472895860671997
928,36230,,,0.8461532592773438,0.45995408296585083,,
929,36269,,,,,1.4650260210037231,0.44675537943840027
929,36269,,,0.8595355153083801,0.49927079677581787,,
930,36308,,,,,1.4654695987701416,0.4462047219276428
930,36308,,,0.8513969779014587,0.47548362612724304,,
931,36347,,,,,1.4665366411209106,0.4457393288612366
931,36347,,,0.8290162682533264,0.5000735521316528,,
932,36386,,,,,1.4666993618011475,0.4452642500400543
932,36386,,,0.8333616256713867,0.5085516571998596,,
933,36425,,,,,1.4658563137054443,0.4454037845134735
933,36425,,,0.8511689901351929,0.4787696301937103,,
934,36464,,,,,1.4665210247039795,0.445060133934021
934,36464,,,0.8446283340454102,0.4362705945968628,,
935,36503,,,,,1.4686603546142578,0.4443119466304779
935,36503,,,0.8337054252624512,0.48353782296180725,,
936,36542,,,,,1.469693660736084,0.4432966113090515
936,36542,,,0.8674647212028503,0.41983476281166077,,
937,36581,,,,,1.46932852268219,0.4434814155101776
937,36581,,,0.8516859412193298,0.48877912759780884,,
938,36620,,,,,1.4690759181976318,0.44344615936279297
938,36620,,,0.851603090763092,0.48491185903549194,,
939,36659,,,,,1.4699195623397827,0.4432661533355713
939,36659,,,0.8624117970466614,0.48391854763031006,,
940,36698,,,,,1.4695321321487427,0.4433627128601074
940,36698,,,0.8126463294029236,0.49542275071144104,,
941,36737,,,,,1.4699491262435913,0.44375479221343994
941,36737,,,0.8518391251564026,0.48057419061660767,,
942,36776,,,,,1.4706830978393555,0.44321486353874207
942,36776,,,0.8626196384429932,0.4725968837738037,,
943,36815,,,,,1.469477891921997,0.44352540373802185
943,36815,,,0.8119775652885437,0.5079454183578491,,
944,36854,,,,,1.468315601348877,0.44392073154449463
944,36854,,,0.8401539921760559,0.4543485939502716,,
945,36893,,,,,1.4679913520812988,0.4441479742527008
945,36893,,,0.8284759521484375,0.4969848096370697,,
946,36932,,,,,1.4673583507537842,0.4443223476409912
946,36932,,,0.8189892172813416,0.5060164332389832,,
947,36971,,,,,1.4667892456054688,0.44397494196891785
947,36971,,,0.8543353080749512,0.4349159300327301,,
948,37010,,,,,1.467440128326416,0.4433943033218384
948,37010,,,0.8644987940788269,0.46248871088027954,,
949,37049,,,,,1.467124581336975,0.44379922747612
949,37049,,,0.8362321257591248,0.4750466048717499,,
950,37088,,,,,1.4681527614593506,0.4430857300758362
950,37088,,,0.8318796157836914,0.5098093748092651,,
951,37127,,,,,1.4684183597564697,0.443836510181427
951,37127,,,0.8584797382354736,0.4314727783203125,,
952,37166,,,,,1.4679783582687378,0.4442346394062042
952,37166,,,0.8357595801353455,0.45156335830688477,,
953,37205,,,,,1.4666756391525269,0.4447742998600006
953,37205,,,0.8396885395050049,0.5011506676673889,,
954,37244,,,,,1.4654349088668823,0.4458436667919159
954,37244,,,0.8423788547515869,0.4963977634906769,,
955,37283,,,,,1.4658123254776,0.445758581161499
955,37283,,,0.8674519658088684,0.4381917417049408,,
956,37322,,,,,1.4645531177520752,0.44675296545028687
956,37322,,,0.8387320041656494,0.48747390508651733,,
957,37361,,,,,1.4642003774642944,0.4464948773384094
957,37361,,,0.8260560631752014,0.5086813569068909,,
958,37400,,,,,1.4643043279647827,0.4464055895805359
958,37400,,,0.8386539816856384,0.5074564814567566,,
959,37439,,,,,1.4637725353240967,0.44679245352745056
959,37439,,,0.8369703888893127,0.49308374524116516,,
960,37478,,,,,1.4642503261566162,0.44638025760650635
960,37478,,,0.8642034530639648,0.41525453329086304,,
961,37517,,,,,1.4648418426513672,0.44604918360710144
961,37517,,,0.8476943969726562,0.4799180030822754,,
962,37556,,,,,1.464528203010559,0.4466313421726227
962,37556,,,0.8500939607620239,0.4782330393791199,,
963,37595,,,,,1.464099645614624,0.4469289779663086
963,37595,,,0.8052691221237183,0.5039412975311279,,
964,37634,,,,,1.4645105600357056,0.44691428542137146
964,37634,,,0.8657568693161011,0.4843609631061554,,
965,37673,,,,,1.4637835025787354,0.44733914732933044
965,37673,,,0.8545384407043457,0.45193031430244446,,
966,37712,,,,,1.4652087688446045,0.44722607731819153
966,37712,,,0.8183997273445129,0.451047420501709,,
967,37751,,,,,1.46542489528656,0.4473281800746918
967,37751,,,0.8286494016647339,0.5111021399497986,,
968,37790,,,,,1.4658300876617432,0.44745463132858276
968,37790,,,0.8572075963020325,0.4796658158302307,,
969,37829,,,,,1.465247631072998,0.4470483064651489
969,37829,,,0.8433207869529724,0.46850401163101196,,
970,37868,,,,,1.4656983613967896,0.4466511309146881
970,37868,,,0.8393693566322327,0.460024893283844,,
971,37907,,,,,1.4650863409042358,0.44709134101867676
971,37907,,,0.8481048345565796,0.47510918974876404,,
972,37946,,,,,1.4651988744735718,0.4471958577632904
972,37946,,,0.8575598001480103,0.4316992163658142,,
973,37985,,,,,1.4661691188812256,0.44712698459625244
973,37985,,,0.846544623374939,0.4887062609195709,,
974,38024,,,,,1.4649521112442017,0.44681891798973083
974,38024,,,0.8407914638519287,0.5098615288734436,,
975,38063,,,,,1.4635796546936035,0.4473862051963806
975,38063,,,0.8409693837165833,0.45686525106430054,,
976,38102,,,,,1.4640097618103027,0.4469139277935028
976,38102,,,0.8562636971473694,0.4501599967479706,,
977,38141,,,,,1.4645605087280273,0.44736194610595703
977,38141,,,0.8688976764678955,0.4310738444328308,,
978,38180,,,,,1.4652684926986694,0.44778597354888916
978,38180,,,0.8609390258789062,0.47300422191619873,,
979,38219,,,,,1.4644924402236938,0.44817838072776794
979,38219,,,0.8540619015693665,0.4656945765018463,,
980,38258,,,,,1.4651378393173218,0.4474995732307434
980,38258,,,0.8574079871177673,0.45287153124809265,,
981,38297,,,,,1.4655977487564087,0.4476602077484131
981,38297,,,0.8526776432991028,0.48634421825408936,,
982,38336,,,,,1.4665671586990356,0.44763147830963135
982,38336,,,0.8479378819465637,0.44886499643325806,,
983,38375,,,,,1.4664969444274902,0.4475894570350647
983,38375,,,0.8171120882034302,0.5367187857627869,,
984,38414,,,,,1.4646813869476318,0.4476282596588135
984,38414,,,0.8147900700569153,0.49129676818847656,,
985,38453,,,,,1.4649760723114014,0.447360098361969
985,38453,,,0.8427334427833557,0.48038703203201294,,
986,38492,,,,,1.4654000997543335,0.44676849246025085
986,38492,,,0.8720202445983887,0.40428775548934937,,
987,38531,,,,,1.465630054473877,0.44755274057388306
987,38531,,,0.8441721796989441,0.4712579548358917,,
988,38570,,,,,1.4649938344955444,0.4483240842819214
988,38570,,,0.828608512878418,0.4728121757507324,,
989,38609,,,,,1.4647282361984253,0.44892120361328125
989,38609,,,0.8331326246261597,0.5166112184524536,,
990,38648,,,,,1.4637418985366821,0.4500964879989624
990,38648,,,0.8099960088729858,0.5145883560180664,,
991,38687,,,,,1.4644904136657715,0.4503382444381714
991,38687,,,0.8482197523117065,0.45631057024002075,,
992,38726,,,,,1.464342713356018,0.4496444761753082
992,38726,,,0.856336236000061,0.48316359519958496,,
993,38765,,,,,1.4640109539031982,0.44971764087677
993,38765,,,0.8301623463630676,0.5067407488822937,,
994,38804,,,,,1.468336582183838,0.44815847277641296
994,38804,,,0.862648606300354,0.42701631784439087,,
995,38843,,,,,1.4674334526062012,0.44826552271842957
995,38843,,,0.8514926433563232,0.4700574576854706,,
996,38882,,,,,1.4665788412094116,0.4490169882774353
996,38882,,,0.8086085915565491,0.4969521164894104,,
997,38921,,,,,1.4647585153579712,0.44953984022140503
997,38921,,,0.8633310198783875,0.43302252888679504,,
998,38960,,,,,1.4636472463607788,0.4503729045391083
998,38960,,,0.8128729462623596,0.5095199942588806,,
999,38999,,,,,1.4629993438720703,0.4501844644546509
999,38999,,,0.8384557962417603,0.48239967226982117,,
1000,39038,,,,,1.4627506732940674,0.45001453161239624
1000,39038,,,0.8521084785461426,0.4769323766231537,,
1001,39077,,,,,1.462905764579773,0.4503224790096283
1001,39077,,,0.8604838252067566,0.4688214063644409,,
1002,39116,,,,,1.4621086120605469,0.4511217772960663
1002,39116,,,0.859101414680481,0.44336217641830444,,
1003,39155,,,,,1.461964726448059,0.45134425163269043
1003,39155,,,0.8413739204406738,0.4968854486942291,,
1004,39194,,,,,1.4618674516677856,0.45073747634887695
1004,39194,,,0.8708767294883728,0.47278863191604614,,
1005,39233,,,,,1.4627175331115723,0.450076699256897
1005,39233,,,0.8545831441879272,0.44692182540893555,,
1006,39272,,,,,1.4621636867523193,0.4503406286239624
1006,39272,,,0.8112932443618774,0.5143404006958008,,
1007,39311,,,,,1.4627290964126587,0.45037031173706055
1007,39311,,,0.8488495945930481,0.43201738595962524,,
1008,39350,,,,,1.462928056716919,0.4509388208389282
1008,39350,,,0.853137195110321,0.5111944675445557,,
1009,39389,,,,,1.462216854095459,0.4508727788925171
1009,39389,,,0.8598160147666931,0.46417978405952454,,
1010,39428,,,,,1.4622617959976196,0.4517058730125427
1010,39428,,,0.8158670663833618,0.4962817430496216,,
1011,39467,,,,,1.460892677307129,0.4522531032562256
1011,39467,,,0.8213354349136353,0.5320236086845398,,
1012,39506,,,,,1.46120285987854,0.4519529342651367
1012,39506,,,0.8320779800415039,0.4801960587501526,,
1013,39545,,,,,1.4618878364562988,0.4511101543903351
1013,39545,,,0.854224681854248,0.4575183689594269,,
1014,39584,,,,,1.462435245513916,0.4508383870124817
1014,39584,,,0.7989983558654785,0.5034344792366028,,
1015,39623,,,,,1.4631414413452148,0.45086002349853516
1015,39623,,,0.8531271815299988,0.4813922941684723,,
1016,39662,,,,,1.4644956588745117,0.4510425329208374
1016,39662,,,0.8526304960250854,0.46142852306365967,,
1017,39701,,,,,1.463924765586853,0.45073994994163513
1017,39701,,,0.8304392695426941,0.5096352100372314,,
1018,39740,,,,,1.4650044441223145,0.45026859641075134
1018,39740,,,0.8611950278282166,0.4512547254562378,,
1019,39779,,,,,1.4642764329910278,0.4506213366985321
1019,39779,,,0.8473497033119202,0.5022645592689514,,
1020,39818,,,,,1.4644339084625244,0.45067542791366577
1020,39818,,,0.8326531648635864,0.4788239300251007,,
1021,39857,,,,,1.464933156967163,0.45112428069114685
1021,39857,,,0.8289808630943298,0.4946964979171753,,
1022,39896,,,,,1.4634584188461304,0.450476735830307
1022,39896,,,0.8231373429298401,0.49378782510757446,,
1023,39935,,,,,1.4653565883636475,0.44985464215278625
1023,39935,,,0.8384184241294861,0.45832109451293945,,
1024,39974,,,,,1.4636950492858887,0.4496813714504242
1024,39974,,,0.8291712999343872,0.4969150424003601,,
1025,40013,,,,,1.4637435674667358,0.4493294358253479
1025,40013,,,0.8629798889160156,0.5010325312614441,,
1026,40052,,,,,1.4648655652999878,0.4498439133167267
1026,40052,,,0.8526816964149475,0.46997103095054626,,
1027,40091,,,,,1.4664771556854248,0.4496748745441437
1027,40091,,,0.8587064743041992,0.49713101983070374,,
1028,40130,,,,,1.4652446508407593,0.4490976333618164
1028,40130,,,0.8491116166114807,0.44969117641448975,,
1029,40169,,,,,1.464453935623169,0.4490621089935303
1029,40169,,,0.8233412504196167,0.4646344780921936,,
1030,40208,,,,,1.4647055864334106,0.44942691922187805
1030,40208,,,0.8088821768760681,0.4882228672504425,,
1031,40247,,,,,1.4645689725875854,0.4498431980609894
1031,40247,,,0.8517345786094666,0.4581260681152344,,
1032,40286,,,,,1.4645724296569824,0.4501284658908844
1032,40286,,,0.8415616154670715,0.4468477666378021,,
1033,40325,,,,,1.4635480642318726,0.4497165381908417
1033,40325,,,0.8280234932899475,0.493745356798172,,
1034,40364,,,,,1.4634209871292114,0.44896501302719116
1034,40364,,,0.8434841632843018,0.4654904901981354,,
1035,40403,,,,,1.4638770818710327,0.4489816129207611
1035,40403,,,0.835314929485321,0.4676957130432129,,
1036,40442,,,,,1.4634613990783691,0.44875648617744446
1036,40442,,,0.8470465540885925,0.4619111716747284,,
1037,40481,,,,,1.4635980129241943,0.44872772693634033
1037,40481,,,0.880754828453064,0.4705159068107605,,
1038,40520,,,,,1.4643917083740234,0.44879183173179626
1038,40520,,,0.8513919115066528,0.45997023582458496,,
1039,40559,,,,,1.4635350704193115,0.44930872321128845
1039,40559,,,0.8723898530006409,0.44362738728523254,,
1040,40598,,,,,1.466262936592102,0.44926488399505615
1040,40598,,,0.8194459080696106,0.5195185542106628,,
1041,40637,,,,,1.465682029724121,0.44901588559150696
1041,40637,,,0.8290783762931824,0.4984438121318817,,
1042,40676,,,,,1.4642702341079712,0.44943955540657043
1042,40676,,,0.8423454165458679,0.516265332698822,,
1043,40715,,,,,1.4632588624954224,0.44993290305137634
1043,40715,,,0.8359242677688599,0.4634127914905548,,
1044,40754,,,,,1.462285041809082,0.4504401385784149
1044,40754,,,0.8337112665176392,0.45714521408081055,,
1045,40793,,,,,1.4622564315795898,0.4504298269748688
1045,40793,,,0.8499293923377991,0.4947635531425476,,
1046,40832,,,,,1.462479829788208,0.45058849453926086
1046,40832,,,0.8442152142524719,0.4913756549358368,,
1047,40871,,,,,1.4624844789505005,0.45042842626571655
1047,40871,,,0.8488155007362366,0.43246152997016907,,
1048,40910,,,,,1.4615970849990845,0.45062893629074097
1048,40910,,,0.852950394153595,0.47454217076301575,,
1049,40949,,,,,1.4623382091522217,0.4508519768714905
1049,40949,,,0.8404509425163269,0.482221394777298,,
1050,40988,,,,,1.4625606536865234,0.45107680559158325
1050,40988,,,0.8358046412467957,0.4486173987388611,,
1051,41027,,,,,1.4614460468292236,0.4522736072540283
1051,41027,,,0.8358036875724792,0.5040121078491211,,
1052,41066,,,,,1.4609239101409912,0.45271578431129456
1052,41066,,,0.8265613913536072,0.47058770060539246,,
1053,41105,,,,,1.460500717163086,0.453230082988739
1053,41105,,,0.838354229927063,0.46207231283187866,,
1054,41144,,,,,1.4599684476852417,0.45385289192199707
1054,41144,,,0.8404425382614136,0.44935110211372375,,
1055,41183,,,,,1.4595825672149658,0.45393893122673035
1055,41183,,,0.7838017344474792,0.5235893130302429,,
1056,41222,,,,,1.4593756198883057,0.45368751883506775
1056,41222,,,0.8513177037239075,0.5243010520935059,,
1057,41261,,,,,1.4604754447937012,0.453726589679718
1057,41261,,,0.8255253434181213,0.47647225856781006,,
1058,41300,,,,,1.4634380340576172,0.4532828629016876
1058,41300,,,0.8742247223854065,0.4279610514640808,,
1059,41339,,,,,1.464211106300354,0.4532514214515686
1059,41339,,,0.8406735062599182,0.47526389360427856,,
1060,41378,,,,,1.4646731615066528,0.4534431993961334
1060,41378,,,0.8289929032325745,0.4579806327819824,,
1061,41417,,,,,1.4623804092407227,0.4527891278266907
1061,41417,,,0.8443878293037415,0.49185752868652344,,
1062,41456,,,,,1.4624077081680298,0.45205289125442505
1062,41456,,,0.8532031178474426,0.44976624846458435,,
1063,41495,,,,,1.461929440498352,0.45194122195243835
1063,41495,,,0.8079306483268738,0.4923619031906128,,
1064,41534,,,,,1.4614789485931396,0.4520290493965149
1064,41534,,,0.8329711556434631,0.4948219954967499,,
1065,41573,,,,,1.4616538286209106,0.4525575041770935
1065,41573,,,0.8293830752372742,0.4864407181739807,,
1066,41612,,,,,1.4617626667022705,0.4525187015533447
1066,41612,,,0.822655200958252,0.5174976587295532,,
1067,41651,,,,,1.462602138519287,0.4522015452384949
1067,41651,,,0.8586433529853821,0.4775557816028595,,
1068,41690,,,,,1.4645276069641113,0.4513202905654907
1068,41690,,,0.8467674255371094,0.45502495765686035,,
1069,41729,,,,,1.4634184837341309,0.4519021213054657
1069,41729,,,0.838798999786377,0.47532859444618225,,
1070,41768,,,,,1.462449312210083,0.45279619097709656
1070,41768,,,0.821912407875061,0.47387176752090454,,
1071,41807,,,,,1.4613311290740967,0.4525512456893921
1071,41807,,,0.8556526303291321,0.45083191990852356,,
1072,41846,,,,,1.461305856704712,0.45214444398880005
1072,41846,,,0.8155094385147095,0.5012587308883667,,
1073,41885,,,,,1.4617364406585693,0.45183077454566956
1073,41885,,,0.8456735610961914,0.49452370405197144,,
1074,41924,,,,,1.4612174034118652,0.45177480578422546
1074,41924,,,0.828801691532135,0.46909356117248535,,
1075,41963,,,,,1.4618916511535645,0.4512103796005249
1075,41963,,,0.8684132695198059,0.45142310857772827,,
1076,42002,,,,,1.4638015031814575,0.4508172869682312
1076,42002,,,0.8285447955131531,0.43695852160453796,,
1077,42041,,,,,1.4640333652496338,0.45047563314437866
1077,42041,,,0.8147709965705872,0.4816782474517822,,
1078,42080,,,,,1.4634212255477905,0.45013847947120667
1078,42080,,,0.872884213924408,0.45063355565071106,,
1079,42119,,,,,1.4625980854034424,0.45066219568252563
1079,42119,,,0.8292619585990906,0.48822638392448425,,
1080,42158,,,,,1.4617549180984497,0.45086175203323364
1080,42158,,,0.8687906265258789,0.47122207283973694,,
1081,42197,,,,,1.4609826803207397,0.4514429569244385
1081,42197,,,0.8323248624801636,0.45757821202278137,,
1082,42236,,,,,1.460114598274231,0.451507031917572
1082,42236,,,0.833581268787384,0.4968690276145935,,
1083,42275,,,,,1.4609854221343994,0.45147550106048584
1083,42275,,,0.8241995573043823,0.4771992564201355,,
1084,42314,,,,,1.4619147777557373,0.45122030377388
1084,42314,,,0.8151576519012451,0.5009003281593323,,
1085,42353,,,,,1.4629727602005005,0.4510783553123474
1085,42353,,,0.860184371471405,0.41947656869888306,,
1086,42392,,,,,1.4648221731185913,0.45116907358169556
1086,42392,,,0.826019287109375,0.44650909304618835,,
1087,42431,,,,,1.4675668478012085,0.45084431767463684
1087,42431,,,0.8392204642295837,0.492988646030426,,
1088,42470,,,,,1.466768741607666,0.45093271136283875
1088,42470,,,0.849174976348877,0.4562110900878906,,
1089,42509,,,,,1.464698314666748,0.45131194591522217
1089,42509,,,0.8463582992553711,0.4747336506843567,,
1090,42548,,,,,1.462836503982544,0.4520958662033081
1090,42548,,,0.8505198955535889,0.49348416924476624,,
1091,42587,,,,,1.4616732597351074,0.4528265595436096
1091,42587,,,0.8235360383987427,0.5038450360298157,,
1092,42626,,,,,1.460153579711914,0.4537525177001953
1092,42626,,,0.8743152022361755,0.433349072933197,,
1093,42665,,,,,1.4597901105880737,0.45463377237319946
1093,42665,,,0.8039718270301819,0.4816415309906006,,
1094,42704,,,,,1.4595615863800049,0.4546530246734619
1094,42704,,,0.8571653962135315,0.458645761013031,,
1095,42743,,,,,1.459270715713501,0.45489197969436646
1095,42743,,,0.8307316303253174,0.48287254571914673,,
1096,42782,,,,,1.4588581323623657,0.4554617702960968
1096,42782,,,0.8386238217353821,0.4757932126522064,,
1097,42821,,,,,1.4586294889450073,0.45561376214027405
1097,42821,,,0.8323362469673157,0.5056424736976624,,
1098,42860,,,,,1.4589890241622925,0.45540058612823486
1098,42860,,,0.8250778317451477,0.46400389075279236,,
1099,42899,,,,,1.4580440521240234,0.4558295011520386
1099,42899,,,0.8384217619895935,0.48283278942108154,,
1100,42938,,,,,1.4579222202301025,0.4560878872871399
1100,42938,,,0.8353455662727356,0.47768715023994446,,
1101,42977,,,,,1.4574494361877441,0.4561338424682617
1101,42977,,,0.8452378511428833,0.5086070895195007,,
1102,43016,,,,,1.4583137035369873,0.4558638036251068
1102,43016,,,0.8139286041259766,0.4789067804813385,,
1103,43055,,,,,1.4580752849578857,0.4562337398529053
1103,43055,,,0.851502537727356,0.4555973708629608,,
1104,43094,,,,,1.4589811563491821,0.4565112590789795
1104,43094,,,0.8532834053039551,0.46392935514450073,,
1105,43133,,,,,1.458932638168335,0.45634451508522034
1105,43133,,,0.8512626886367798,0.4731466770172119,,
1106,43172,,,,,1.4601523876190186,0.4552849233150482
1106,43172,,,0.8148735165596008,0.48894697427749634,,
1107,43211,,,,,1.4598572254180908,0.4554336667060852
1107,43211,,,0.8261597752571106,0.4822879731655121,,
1108,43250,,,,,1.4595043659210205,0.4559875726699829
1108,43250,,,0.8591035604476929,0.44097405672073364,,
1109,43289,,,,,1.459154725074768,0.4562540352344513
1109,43289,,,0.8345386981964111,0.4615321159362793,,
1110,43328,,,,,1.4578990936279297,0.45614227652549744
1110,43328,,,0.8265360593795776,0.5084540247917175,,
1111,43367,,,,,1.4577125310897827,0.4565553367137909
1111,43367,,,0.8294562101364136,0.509716272354126,,
1112,43406,,,,,1.4577897787094116,0.4569063186645508
1112,43406,,,0.820072591304779,0.4817506968975067,,
1113,43445,,,,,1.4575012922286987,0.4570266008377075
1113,43445,,,0.8605883717536926,0.447610467672348,,
1114,43484,,,,,1.4577852487564087,0.45763063430786133
1114,43484,,,0.8107805252075195,0.4832988679409027,,
1115,43523,,,,,1.45925772190094,0.45841795206069946
1115,43523,,,0.8510698080062866,0.47370195388793945,,
1116,43562,,,,,1.457818865776062,0.4586270749568939
1116,43562,,,0.827406644821167,0.4752892851829529,,
1117,43601,,,,,1.4569337368011475,0.4591485857963562
1117,43601,,,0.827207624912262,0.47764620184898376,,
1118,43640,,,,,1.455664038658142,0.4597761034965515
1118,43640,,,0.8121616244316101,0.5139453411102295,,
1119,43679,,,,,1.457033634185791,0.4593636989593506
1119,43679,,,0.810009241104126,0.4820655882358551,,
1120,43718,,,,,1.4572926759719849,0.45942285656929016
1120,43718,,,0.8250190615653992,0.4682886600494385,,
1121,43757,,,,,1.4573109149932861,0.459023118019104
1121,43757,,,0.8440119624137878,0.4468998908996582,,
1122,43796,,,,,1.4582074880599976,0.458673894405365
1122,43796,,,0.8250877261161804,0.49017608165740967,,
1123,43835,,,,,1.4588409662246704,0.45830950140953064
1123,43835,,,0.8282835483551025,0.45099058747291565,,
1124,43874,,,,,1.4594818353652954,0.45781809091567993
1124,43874,,,0.8256431818008423,0.48491668701171875,,
1125,43913,,,,,1.4586766958236694,0.458156019449234
1125,43913,,,0.8445002436637878,0.506210207939148,,
1126,43952,,,,,1.4586517810821533,0.4579541087150574
1126,43952,,,0.8448408842086792,0.47182050347328186,,
1127,43991,,,,,1.4587990045547485,0.45810478925704956
1127,43991,,,0.8564125299453735,0.4789777398109436,,
1128,44030,,,,,1.4581515789031982,0.4585586190223694
1128,44030,,,0.8491676449775696,0.4841424524784088,,
1129,44069,,,,,1.459346890449524,0.4582380950450897
1129,44069,,,0.8249949812889099,0.45698341727256775,,
1130,44108,,,,,1.4593420028686523,0.45785975456237793
1130,44108,,,0.8327022194862366,0.43409326672554016,,
1131,44147,,,,,1.461238145828247,0.45793548226356506
1131,44147,,,0.8369050621986389,0.45520302653312683,,
1132,44186,,,,,1.4609127044677734,0.45789507031440735
1132,44186,,,0.8331676125526428,0.4654690623283386,,
1133,44225,,,,,1.4614900350570679,0.4576040208339691
1133,44225,,,0.8442032933235168,0.46609726548194885,,
1134,44264,,,,,1.4632762670516968,0.4570577144622803
1134,44264,,,0.8493497967720032,0.4802054762840271,,
1135,44303,,,,,1.4623322486877441,0.457760214805603
1135,44303,,,0.8382958769798279,0.48029592633247375,,
1136,44342,,,,,1.4631174802780151,0.4568430781364441
1136,44342,,,0.8331387042999268,0.452584832906723,,
1137,44381,,,,,1.4624146223068237,0.45714855194091797
1137,44381,,,0.8694982528686523,0.4800836741924286,,
1138,44420,,,,,1.4617751836776733,0.4571278989315033
1138,44420,,,0.8656361699104309,0.4798952341079712,,
1139,44459,,,,,1.462131381034851,0.45713314414024353
1139,44459,,,0.8372153043746948,0.4913664162158966,,
1140,44498,,,,,1.4621400833129883,0.45771127939224243
1140,44498,,,0.8249401450157166,0.47241270542144775,,
1141,44537,,,,,1.4615916013717651,0.45822638273239136
1141,44537,,,0.8431332111358643,0.48757627606391907,,
1142,44576,,,,,1.4614158868789673,0.45774561166763306
1142,44576,,,0.8556370139122009,0.4455642104148865,,
1143,44615,,,,,1.4616962671279907,0.4571913182735443
1143,44615,,,0.8480669856071472,0.45168039202690125,,
1144,44654,,,,,1.4602071046829224,0.45770180225372314
1144,44654,,,0.7902116179466248,0.5286563038825989,,
1145,44693,,,,,1.4584336280822754,0.4588252902030945
1145,44693,,,0.8288305997848511,0.4798996150493622,,
1146,44732,,,,,1.4600838422775269,0.4581964910030365
1146,44732,,,0.8297231793403625,0.47349220514297485,,
1147,44771,,,,,1.460451364517212,0.45786842703819275
1147,44771,,,0.8250445127487183,0.5158360004425049,,
1148,44810,,,,,1.4615815877914429,0.4567413032054901
1148,44810,,,0.8447960019111633,0.44232088327407837,,
1149,44849,,,,,1.4613415002822876,0.45668506622314453
1149,44849,,,0.8179289698600769,0.501535952091217,,
1150,44888,,,,,1.4611570835113525,0.45697054266929626
1150,44888,,,0.85343998670578,0.4447385370731354,,
1151,44927,,,,,1.4604442119598389,0.45793846249580383
1151,44927,,,0.8366079926490784,0.4782443046569824,,
1152,44966,,,,,1.461551547050476,0.4575672149658203
1152,44966,,,0.8341177105903625,0.48185494542121887,,
1153,45005,,,,,1.4610402584075928,0.4578474760055542
1153,45005,,,0.8368969559669495,0.478212833404541,,
1154,45044,,,,,1.4618339538574219,0.45783454179763794
1154,45044,,,0.8274842500686646,0.4508310854434967,,
1155,45083,,,,,1.460750937461853,0.4578263461589813
1155,45083,,,0.8502930998802185,0.5008164644241333,,
1156,45122,,,,,1.4593291282653809,0.458229124546051
1156,45122,,,0.8345264792442322,0.4783857762813568,,
1157,45161,,,,,1.459152340888977,0.4585838317871094
1157,45161,,,0.8441852927207947,0.45777878165245056,,
1158,45200,,,,,1.4588490724563599,0.4588542580604553
1158,45200,,,0.8501806259155273,0.46635955572128296,,
1159,45239,,,,,1.4591503143310547,0.458568274974823
1159,45239,,,0.837956428527832,0.4730151295661926,,
1160,45278,,,,,1.4600147008895874,0.4582209289073944
1160,45278,,,0.835536777973175,0.45713409781455994,,
1161,45317,,,,,1.4597288370132446,0.4583595395088196
1161,45317,,,0.8257232308387756,0.5006753206253052,,
1162,45356,,,,,1.4587528705596924,0.4586193263530731
1162,45356,,,0.8544724583625793,0.4699411988258362,,
1163,45395,,,,,1.4579716920852661,0.4589766263961792
1163,45395,,,0.8628131151199341,0.47017815709114075,,
1164,45434,,,,,1.4573420286178589,0.4594670236110687
1164,45434,,,0.8304833769798279,0.4979294538497925,,
1165,45473,,,,,1.457218885421753,0.46063968539237976
1165,45473,,,0.8612843155860901,0.41748008131980896,,
1166,45512,,,,,1.457081913948059,0.4608772397041321
1166,45512,,,0.8583793640136719,0.46443772315979004,,
1167,45551,,,,,1.4571858644485474,0.4610006511211395
1167,45551,,,0.8112579584121704,0.5255839228630066,,
1168,45590,,,,,1.4583518505096436,0.4606240689754486
1168,45590,,,0.8372856378555298,0.46935760974884033,,
1169,45629,,,,,1.4579870700836182,0.46140289306640625
1169,45629,,,0.8436191082000732,0.4629161059856415,,
1170,45668,,,,,1.4581600427627563,0.46120592951774597
1170,45668,,,0.8583596348762512,0.4664981961250305,,
1171,45707,,,,,1.45849609375,0.4613056182861328
1171,45707,,,0.8527275323867798,0.4962596297264099,,
1172,45746,,,,,1.458916187286377,0.4604801535606384
1172,45746,,,0.8250321745872498,0.4840843975543976,,
1173,45785,,,,,1.4581000804901123,0.460257351398468
1173,45785,,,0.8288262486457825,0.5192599296569824,,
1174,45824,,,,,1.4586421251296997,0.4601221978664398
1174,45824,,,0.8393392562866211,0.45834028720855713,,
1175,45863,,,,,1.4579421281814575,0.4598115384578705
1175,45863,,,0.818541944026947,0.5140703916549683,,
1176,45902,,,,,1.457291603088379,0.46037107706069946
1176,45902,,,0.8346068263053894,0.4811171591281891,,
1177,45941,,,,,1.4568901062011719,0.46096816658973694
1177,45941,,,0.8308624625205994,0.4754725694656372,,
1178,45980,,,,,1.4564694166183472,0.4613755941390991
1178,45980,,,0.8354009985923767,0.4666581153869629,,
1179,46019,,,,,1.455973744392395,0.46210917830467224
1179,46019,,,0.8206393718719482,0.4614693224430084,,
1180,46058,,,,,1.4578604698181152,0.4617946147918701
1180,46058,,,0.8517443537712097,0.4707340896129608,,
1181,46097,,,,,1.4576976299285889,0.46160367131233215
1181,46097,,,0.8422666788101196,0.46321138739585876,,
1182,46136,,,,,1.4577962160110474,0.46144694089889526
1182,46136,,,0.8524187803268433,0.5096630454063416,,
1183,46175,,,,,1.4579561948776245,0.4613237977027893
1183,46175,,,0.8721331357955933,0.47543448209762573,,
1184,46214,,,,,1.4576541185379028,0.4612031877040863
1184,46214,,,0.8302158713340759,0.47104576230049133,,
1185,46253,,,,,1.4572049379348755,0.46110597252845764
1185,46253,,,0.8302304148674011,0.5130687952041626,,
1186,46292,,,,,1.4582600593566895,0.46072497963905334
1186,46292,,,0.861621081829071,0.45672857761383057,,
1187,46331,,,,,1.4589765071868896,0.4610070288181305
1187,46331,,,0.8319218158721924,0.495636522769928,,
1188,46370,,,,,1.4593507051467896,0.4606778919696808
1188,46370,,,0.8428585529327393,0.46571916341781616,,
1189,46409,,,,,1.4596227407455444,0.4608096778392792
1189,46409,,,0.8177201151847839,0.502299427986145,,
1190,46448,,,,,1.4593660831451416,0.4606493413448334
1190,46448,,,0.8344264030456543,0.4927082657814026,,
1191,46487,,,,,1.4593095779418945,0.45987004041671753
1191,46487,,,0.8431627154350281,0.4930664002895355,,
1192,46526,,,,,1.458079218864441,0.4605662226676941
1192,46526,,,0.812195897102356,0.47903403639793396,,
1193,46565,,,,,1.457223653793335,0.46046796441078186
1193,46565,,,0.8297978043556213,0.5084991455078125,,
1194,46604,,,,,1.4570726156234741,0.4607553482055664
1194,46604,,,0.8502284288406372,0.4805085062980652,,
1195,46643,,,,,1.457018494606018,0.46092358231544495
1195,46643,,,0.8189606070518494,0.4803023338317871,,
1196,46682,,,,,1.4582161903381348,0.46080681681632996
1196,46682,,,0.8307191133499146,0.49921926856040955,,
1197,46721,,,,,1.4591426849365234,0.4601331353187561
1197,46721,,,0.8327488899230957,0.5144314765930176,,
1198,46760,,,,,1.4610990285873413,0.4598105251789093
1198,46760,,,0.8535672426223755,0.44969362020492554,,
1199,46799,,,,,1.4619852304458618,0.4592418074607849
1199,46799,,,0.8332266211509705,0.4943239390850067,,
1200,46838,,,,,1.4628394842147827,0.45885199308395386
1200,46838,,,0.839094877243042,0.4595755636692047,,
1201,46877,,,,,1.4628865718841553,0.4588721990585327
1201,46877,,,0.8541672825813293,0.46746957302093506,,
1202,46916,,,,,1.462334394454956,0.458854615688324
1202,46916,,,0.8332588076591492,0.4959211051464081,,
1203,46955,,,,,1.461605191230774,0.4595952332019806
1203,46955,,,0.8587526082992554,0.456501841545105,,
1204,46994,,,,,1.4628630876541138,0.4594396650791168
1204,46994,,,0.8532261252403259,0.47695448994636536,,
1205,47033,,,,,1.4624552726745605,0.45887094736099243
1205,47033,,,0.8356093168258667,0.49370095133781433,,
1206,47072,,,,,1.4612040519714355,0.4588182866573334
1206,47072,,,0.8207736015319824,0.5159278512001038,,
1207,47111,,,,,1.460955262184143,0.4582158625125885
1207,47111,,,0.8516920208930969,0.4986700415611267,,
1208,47150,,,,,1.4602909088134766,0.4585694372653961
1208,47150,,,0.8683802485466003,0.4984528422355652,,
1209,47189,,,,,1.4593201875686646,0.4585573673248291
1209,47189,,,0.8104941248893738,0.49809548258781433,,
1210,47228,,,,,1.4591120481491089,0.45904022455215454
1210,47228,,,0.8530735373497009,0.4374808371067047,,
1211,47267,,,,,1.4593337774276733,0.4588732421398163
1211,47267,,,0.831204354763031,0.499559611082077,,
1212,47306,,,,,1.4600324630737305,0.45857396721839905
1212,47306,,,0.8313907980918884,0.46427419781684875,,
1213,47345,,,,,1.459992527961731,0.4580210745334625
1213,47345,,,0.8471372723579407,0.5080003142356873,,
1214,47384,,,,,1.4603244066238403,0.45789575576782227
1214,47384,,,0.8286288380622864,0.47511476278305054,,
1215,47423,,,,,1.460158348083496,0.45816174149513245
1215,47423,,,0.8281805515289307,0.4835268557071686,,
1216,47462,,,,,1.4594173431396484,0.458164781332016
1216,47462,,,0.8353630304336548,0.5183025598526001,,
1217,47501,,,,,1.460019588470459,0.457940936088562
1217,47501,,,0.8505730032920837,0.45117318630218506,,
1218,47540,,,,,1.4601737260818481,0.45783090591430664
1218,47540,,,0.8142204284667969,0.5059146285057068,,
1219,47541,1.5871129035949707,0.3525240123271942,,,,
