	ID1	ID2	Edge_PDB	Edge_UP	TM-score
0	1A22_A	1BP3_A		u	0.9418
1	1A22_A	3MZG_A			0.8479
2	1A22_A	3N06_A			0.8527
3	1A22_A	3N0P_A			0.8509
4	1A22_A	3NCB_A			0.8584
5	1A22_A	3NCC_A			0.8489
6	1A22_B	1AHW_C			0.6367
7	1A22_B	1AHW_F			0.6351
8	1A22_B	1BP3_B			0.8772
9	1A22_B	1IAR_B			0.7184
10	1A22_B	3MZG_B			0.8884
11	1A22_B	3N06_B			0.8865
12	1A22_B	3N0P_B			0.8893
13	1A22_B	3NCB_B			0.8828
14	1A22_B	3NCC_B			0.8888
15	1A22_B	3S9D_B			0.6897
16	1A22_B	3S9D_D			0.6778
17	1A22_B	3SE3_C			0.6553
18	1A22_B	3SE4_C			0.6431
19	1A22_B	4NKQ_B			0.7001
20	1A4Y_A	1A4Y_D	p	u	1.001
21	1A4Y_A	1Z7X_W		u	0.998
22	1A4Y_A	1Z7X_Y		u	0.9986
23	1A4Y_B	1A4Y_E	p	u	0.9854
24	1A4Y_B	1Z7X_X			0.8888
25	1A4Y_B	1Z7X_Z			0.8924
26	1A4Y_D	1Z7X_W		u	0.9982
30	1ACB_E	1DAN_H			0.9459
31	1ACB_E	1EAW_A			0.961
33	1ACB_E	1F5R_A			0.9606
34	1ACB_E	1FY8_E			0.9617
43	1ACB_E	3BN9_B			0.9594
54	1ACB_E	3NPS_A			0.9606
55	1ACB_E	3TGK_E			0.9493
56	1ACB_I	1CSE_I		u	0.9855
57	1ACB_I	1SBN_I		u	0.9928
58	1ACB_I	1SIB_I		u	0.9973
59	1ACB_I	1TM1_I			0.8581
60	1ACB_I	1TM3_I			0.8609
61	1ACB_I	1TM4_I			0.8597
62	1ACB_I	1TM5_I			0.8552
63	1ACB_I	1TM7_I			0.8564
64	1ACB_I	1TMG_I			0.8595
65	1ACB_I	1TO1_I			0.8549
66	1ACB_I	1Y1K_I			0.8555
67	1ACB_I	1Y33_I			0.8568
68	1ACB_I	1Y34_I			0.8568
69	1ACB_I	1Y3B_I			0.8592
70	1ACB_I	1Y3C_I			0.8535
71	1ACB_I	1Y3D_I			0.8532
72	1ACB_I	1Y48_I			0.8527
74	1AHW_A	1BD2_D			0.7109
77	1AHW_A	1CZ8_L			0.9795
79	1AHW_A	1DQJ_A		u	0.7254
80	1AHW_A	1DQJ_B			0.6765
82	1AHW_A	1JRH_L		u	0.7547
85	1AHW_A	1MHP_L			0.8724
86	1AHW_A	1MI5_D			0.6941
87	1AHW_A	1MLC_A		u	0.817
88	1AHW_A	1MLC_B			0.6429
91	1AHW_A	1N8Z_A			0.9752
93	1AHW_A	1OGA_D			0.7368
96	1AHW_A	1XGP_B			0.6678
98	1AHW_A	1XGQ_B			0.673
100	1AHW_A	1XGR_B			0.6658
102	1AHW_A	1XGT_B			0.6673
104	1AHW_A	1XGU_B			0.673
106	1AHW_A	1YY9_C			0.8872
107	1AHW_A	2AK4_D			0.7138
111	1AHW_A	2B2X_L			0.9098
113	1AHW_A	2BDN_H			0.6491
114	1AHW_A	2BDN_L			0.7898
122	1AHW_A	2NYY_C			0.9346
125	1AHW_A	2P5E_D			0.7479
141	1AHW_A	3HFM_L		u	0.9241
142	1AHW_A	3L5X_L			0.8158
144	1AHW_A	3N85_L			0.9769
147	1AHW_A	3NGB_H			0.762
151	1AHW_A	3QDG_D			0.7358
152	1AHW_A	3QDJ_D			0.73
154	1AHW_A	3QIB_C			0.7457
155	1AHW_A	3SE8_H			0.6531
156	1AHW_A	3SE8_L			0.7702
157	1AHW_A	3SE9_H			0.6692
158	1AHW_A	3SE9_L			0.7896
160	1AHW_A	4FTV_D			0.7365
165	1AHW_A	4I77_L			0.9674
173	1AHW_A	4L3E_D			0.7381
181	1AHW_A	4OZG_G			0.7167
191	1AHW_B	1AO7_E			0.8069
192	1AHW_B	1BD2_E			0.856
193	1AHW_B	1BJ1_H			0.9427
197	1AHW_B	1DQJ_A			0.6957
198	1AHW_B	1DQJ_B			0.6975
203	1AHW_B	1JRH_H			0.7464
206	1AHW_B	1MHP_H			0.8502
207	1AHW_B	1MI5_E			0.8705
208	1AHW_B	1MLC_A			0.6308
209	1AHW_B	1MLC_B		u	0.7438
211	1AHW_B	1N8Z_B			0.9645
212	1AHW_B	1NCA_H			0.9022
213	1AHW_B	1OGA_E			0.8547
218	1AHW_B	1XGP_B			0.7092
220	1AHW_B	1XGQ_B			0.7057
222	1AHW_B	1XGR_B			0.7137
224	1AHW_B	1XGT_B			0.7074
226	1AHW_B	1XGU_B			0.7016
229	1AHW_B	1YY9_D			0.8629
230	1AHW_B	2AK4_E			0.843
234	1AHW_B	2B2X_H		u	0.839
236	1AHW_B	2BDN_H			0.748
237	1AHW_B	2BDN_L			0.6586
245	1AHW_B	2NYY_D			0.8939
253	1AHW_B	2VLR_E			0.8415
255	1AHW_B	3BN9_D			0.8762
259	1AHW_B	3D3V_E			0.8527
260	1AHW_B	3G6D_H			0.895
262	1AHW_B	3HFM_H			0.9239
264	1AHW_B	3L5X_L			0.6442
266	1AHW_B	3N85_H			0.9529
270	1AHW_B	3NGB_L			0.7034
273	1AHW_B	3QDG_E			0.8547
274	1AHW_B	3QDJ_E			0.8547
276	1AHW_B	3QIB_D			0.863
277	1AHW_B	3SE8_H			0.7276
278	1AHW_B	3SE8_L			0.674
279	1AHW_B	3SE9_H			0.7398
280	1AHW_B	3SE9_L			0.6633
282	1AHW_B	4B0M_M			0.6396
283	1AHW_B	4FTV_E			0.847
288	1AHW_B	4I77_H			0.9524
296	1AHW_B	4L3E_E			0.8527
305	1AHW_B	4OZG_H			0.8544
314	1AHW_C	1AHW_F	p	u	1.003
315	1AHW_C	1BP3_B			0.6459
316	1AHW_C	1IAR_B			0.6661
317	1AHW_C	3MZG_B			0.6769
318	1AHW_C	3N06_B			0.6794
319	1AHW_C	3N0P_B			0.6756
320	1AHW_C	3NCB_B			0.6837
321	1AHW_C	3NCC_B			0.678
322	1AHW_C	3S9D_B			0.6922
323	1AHW_C	3S9D_D			0.6913
324	1AHW_C	3SE3_C			0.7179
325	1AHW_C	3SE4_C			0.7148
326	1AHW_D	1BD2_D			0.7084
329	1AHW_D	1CZ8_L			0.9776
331	1AHW_D	1DQJ_A		u	0.7224
332	1AHW_D	1DQJ_B			0.6753
334	1AHW_D	1JRH_L		u	0.7527
337	1AHW_D	1MHP_L			0.8679
338	1AHW_D	1MI5_D			0.6933
339	1AHW_D	1MLC_A		u	0.8132
340	1AHW_D	1MLC_B			0.6415
343	1AHW_D	1N8Z_A			0.9739
345	1AHW_D	1OGA_D			0.7367
348	1AHW_D	1XGP_B			0.6668
350	1AHW_D	1XGQ_B			0.6719
352	1AHW_D	1XGR_B			0.6646
354	1AHW_D	1XGT_B			0.6669
356	1AHW_D	1XGU_B			0.6717
358	1AHW_D	1YY9_C			0.8835
359	1AHW_D	2AK4_D			0.7122
363	1AHW_D	2B2X_L			0.9055
365	1AHW_D	2BDN_H			0.6481
366	1AHW_D	2BDN_L			0.7875
374	1AHW_D	2NYY_C			0.9309
377	1AHW_D	2P5E_D			0.7486
393	1AHW_D	3HFM_L		u	0.9195
394	1AHW_D	3L5X_L			0.8123
396	1AHW_D	3N85_L			0.9763
399	1AHW_D	3NGB_H			0.7625
403	1AHW_D	3QDG_D			0.7347
404	1AHW_D	3QDJ_D			0.7286
406	1AHW_D	3QIB_C			0.747
407	1AHW_D	3SE8_H			0.652
408	1AHW_D	3SE8_L			0.7672
409	1AHW_D	3SE9_H			0.666
410	1AHW_D	3SE9_L			0.7867
412	1AHW_D	4FTV_D			0.7356
417	1AHW_D	4I77_L			0.9653
425	1AHW_D	4L3E_D			0.7375
433	1AHW_D	4OZG_G			0.7164
442	1AHW_E	1AO7_E			0.8041
443	1AHW_E	1BD2_E			0.8524
444	1AHW_E	1BJ1_H			0.9394
448	1AHW_E	1DQJ_A			0.6955
449	1AHW_E	1DQJ_B			0.6931
454	1AHW_E	1JRH_H			0.7468
457	1AHW_E	1MHP_H			0.849
458	1AHW_E	1MI5_E			0.8666
459	1AHW_E	1MLC_A			0.629
460	1AHW_E	1MLC_B		u	0.7404
463	1AHW_E	1N8Z_B			0.9612
464	1AHW_E	1NCA_H			0.8998
465	1AHW_E	1OGA_E			0.8524
470	1AHW_E	1XGP_B			0.7126
472	1AHW_E	1XGQ_B			0.707
474	1AHW_E	1XGR_B			0.7133
476	1AHW_E	1XGT_B			0.7108
478	1AHW_E	1XGU_B			0.7026
481	1AHW_E	1YY9_D			0.8612
482	1AHW_E	2AK4_E			0.8417
486	1AHW_E	2B2X_H		u	0.8381
488	1AHW_E	2BDN_H			0.749
489	1AHW_E	2BDN_L			0.6578
497	1AHW_E	2NYY_D			0.8923
505	1AHW_E	2VLR_E			0.8406
507	1AHW_E	3BN9_D			0.8719
511	1AHW_E	3D3V_E			0.8492
512	1AHW_E	3G6D_H			0.888
514	1AHW_E	3HFM_H			0.921
516	1AHW_E	3L5X_L			0.6457
518	1AHW_E	3N85_H			0.9495
522	1AHW_E	3NGB_L			0.6994
525	1AHW_E	3QDG_E			0.8519
526	1AHW_E	3QDJ_E			0.8519
528	1AHW_E	3QIB_D			0.8582
529	1AHW_E	3SE8_H			0.7182
530	1AHW_E	3SE8_L			0.6739
531	1AHW_E	3SE9_H			0.7401
532	1AHW_E	3SE9_L			0.6616
534	1AHW_E	4B0M_M			0.6388
535	1AHW_E	4FTV_E			0.8433
540	1AHW_E	4I77_H			0.952
548	1AHW_E	4L3E_E			0.8514
557	1AHW_E	4OZG_H			0.8493
568	1AHW_F	3MZG_B			0.6714
572	1AHW_F	3NCC_B			0.6724
573	1AHW_F	3S9D_B			0.6876
576	1AHW_F	3SE4_C			0.7124
582	1AK4_C	1AK4_D	p	u	0.9703
584	1AK4_C	1M9E_D			0.9807
585	1AK4_D	1M9E_C			0.9732
586	1AK4_D	1M9E_D			0.9896
587	1AO7_A	1BD2_A		u	0.9862
588	1AO7_A	1LP9_A		u	0.9872
589	1AO7_A	1LP9_H		u	0.9845
590	1AO7_A	1MI5_A			0.968
591	1AO7_A	1OGA_A		u	0.977
592	1AO7_A	1QSE_A		u	0.9993
593	1AO7_A	2AK4_A			0.9575
594	1AO7_A	2AK4_F			0.9575
595	1AO7_A	2AK4_K			0.9644
596	1AO7_A	2AK4_Q			0.9639
597	1AO7_A	2BNQ_A		u	0.9899
598	1AO7_A	2BNR_A		u	0.9904
599	1AO7_A	2E7L_E			0.9719
600	1AO7_A	2E7L_F			0.9703
601	1AO7_A	2J8U_A		u	0.9884
602	1AO7_A	2J8U_H		u	0.9889
603	1AO7_A	2JCC_A		u	0.9895
604	1AO7_A	2JCC_H		u	0.9894
605	1AO7_A	2OI9_A			0.9656
606	1AO7_A	2P5E_A		u	0.9806
607	1AO7_A	2UWE_A		u	0.9886
608	1AO7_A	2UWE_H		u	0.9879
609	1AO7_A	2VLR_A		u	0.9844
610	1AO7_A	2VLR_F		u	0.9682
611	1AO7_A	3D3V_A		u	0.9938
612	1AO7_A	3H9S_A		u	0.9885
613	1AO7_A	3PWP_A		u	0.9955
614	1AO7_A	3QDG_A		u	0.989
615	1AO7_A	3QDJ_A		u	0.9897
616	1AO7_A	3QFJ_A		u	0.9943
617	1AO7_A	4FTV_A		u	0.9952
618	1AO7_A	4JFD_A		u	0.9698
619	1AO7_A	4JFE_A		u	0.9726
620	1AO7_A	4JFF_A		u	0.9721
621	1AO7_A	4K71_B			0.7876
622	1AO7_A	4K71_E			0.791
623	1AO7_A	4L3E_A		u	0.9913
624	1AO7_A	4MNQ_A		u	0.9919
625	1AO7_A	4N8V_A		u	0.9809
626	1AO7_A	4N8V_D		u	0.9803
627	1AO7_A	5E9D_A		u	0.9893
628	1AO7_A	5E9D_F		u	0.988
669	1AO7_C	1BD2_C			1.096
670	1AO7_C	1LP9_C			0.7717
671	1AO7_C	1LP9_J			0.815
672	1AO7_C	1OGA_C			0.7951
673	1AO7_C	1QSE_C			1.08
674	1AO7_C	2BNQ_C			0.9647
675	1AO7_C	2BNR_C			0.9796
676	1AO7_C	2J8U_C			0.8335
677	1AO7_C	2J8U_J			0.8212
678	1AO7_C	2JCC_C			0.7715
679	1AO7_C	2JCC_J			0.7679
680	1AO7_C	2OI9_Q			0.6911
681	1AO7_C	2P5E_C			0.9605
682	1AO7_C	2UWE_C			0.7883
683	1AO7_C	2UWE_J			0.7872
684	1AO7_C	2VLR_C			0.8069
685	1AO7_C	2VLR_H			0.7953
686	1AO7_C	3D3V_C			1.067
687	1AO7_C	3H9S_C			0.9543
688	1AO7_C	3PWP_C			1.044
689	1AO7_C	3QDG_C			0.839
690	1AO7_C	3QDJ_C			0.7796
691	1AO7_C	3QFJ_C			1.083
692	1AO7_C	4FTV_C			1.099
693	1AO7_C	4JFD_C			0.866
694	1AO7_C	4JFE_C			0.8472
695	1AO7_C	4JFF_C			0.8561
696	1AO7_C	4L3E_C			0.8569
697	1AO7_C	4MNQ_C			0.7551
698	1AO7_C	4N8V_C			0.8908
699	1AO7_C	4N8V_F			0.9072
700	1AO7_C	5E9D_C			0.8424
701	1AO7_C	5E9D_H			0.8231
702	1AO7_D	1DVF_A			0.8698
703	1AO7_D	1DVF_B			0.8737
704	1AO7_D	1DVF_C			0.8701
705	1AO7_D	1DVF_D			0.8851
706	1AO7_D	1KAC_B			0.7883
707	1AO7_D	1KIP_A			0.8743
708	1AO7_D	1KIP_B			0.8709
709	1AO7_D	1KIQ_A			0.8729
710	1AO7_D	1KIQ_B			0.8711
711	1AO7_D	1KIR_A			0.8734
712	1AO7_D	1KIR_B			0.8701
713	1AO7_D	1MHP_X			0.8667
714	1AO7_D	1MHP_Y			0.8673
715	1AO7_D	1NMB_H			0.8568
716	1AO7_D	1NMB_L			0.8612
717	1AO7_D	1P69_B			0.7883
718	1AO7_D	1P6A_B			0.7877
719	1AO7_D	1VFB_A			0.8736
720	1AO7_D	1VFB_B			0.8699
721	1AO7_D	2AW2_A			0.8156
722	1AO7_D	2AW2_X			0.8267
723	1AO7_D	2E7L_A			0.9182
724	1AO7_D	2E7L_B			0.9195
725	1AO7_D	2E7L_C			0.8819
726	1AO7_D	2E7L_D			0.878
727	1AO7_D	2I26_N			0.8404
728	1AO7_D	2I26_O			0.8387
729	1AO7_D	2I26_P			0.8425
730	1AO7_D	2J12_B			0.7862
731	1AO7_D	2J1K_A			0.7907
732	1AO7_D	2J1K_B			0.7463
733	1AO7_D	2J1K_G			0.7904
734	1AO7_D	2J1K_J			0.7966
735	1AO7_D	2J1K_K			0.7935
736	1AO7_D	2J1K_O			0.7909
737	1AO7_D	2J1K_P			0.8013
738	1AO7_D	2J1K_T			0.7941
739	1AO7_D	2J1K_V			0.7975
740	1AO7_D	2J1K_X			0.7946
741	1AO7_D	2J1K_Y			0.7936
742	1AO7_D	2J1K_Z			0.7892
743	1AO7_D	2OI9_B			0.9162
744	1AO7_D	2OI9_C			0.8836
745	1AO7_D	4GXU_O			0.8741
746	1AO7_D	4GXU_P			0.8332
747	1AO7_D	4GXU_S			0.8738
748	1AO7_D	4GXU_T			0.8328
749	1AO7_D	4GXU_U			0.8728
750	1AO7_D	4GXU_V			0.8358
751	1AO7_D	4GXU_W			0.8751
752	1AO7_D	4GXU_X			0.8328
753	1AO7_D	4KRL_B			0.8779
754	1AO7_D	4KRO_B			0.7508
755	1AO7_D	4KRP_B			0.7983
756	1AO7_D	5C6T_H			0.8205
757	1AO7_D	5C6T_L			0.8493
758	1AO7_D	5E9D_D		u	0.9823
759	1AO7_D	5E9D_E			0.8863
760	1AO7_D	5E9D_I		u	0.9826
761	1AO7_D	5E9D_J			0.8839
762	1AO7_E	1BD2_E			0.9878
763	1AO7_E	1BJ1_H			0.8173
764	1AO7_E	1BJ1_K			0.8299
765	1AO7_E	1CZ8_H			0.8114
766	1AO7_E	1CZ8_Y			0.8383
767	1AO7_E	1DQJ_A			0.7119
768	1AO7_E	1DQJ_B			0.6925
769	1AO7_E	1GC1_H			0.7772
770	1AO7_E	1GC1_L			0.6806
771	1AO7_E	1JCK_A			0.9297
772	1AO7_E	1JCK_C			0.9297
773	1AO7_E	1JRH_H			0.7263
774	1AO7_E	1JRH_L			0.7476
775	1AO7_E	1LP9_F			0.9596
776	1AO7_E	1LP9_M			0.9579
777	1AO7_E	1MHP_H			0.8091
778	1AO7_E	1MHP_L			0.6323
779	1AO7_E	1MI5_E		u	0.9459
780	1AO7_E	1MLC_A			0.6561
781	1AO7_E	1MLC_B			0.7402
782	1AO7_E	1MLC_C			0.6452
783	1AO7_E	1MLC_D			0.7437
784	1AO7_E	1N8Z_B			0.821
785	1AO7_E	1NCA_H			0.8279
786	1AO7_E	1OGA_E		u	0.9541
787	1AO7_E	1QSE_E			0.9954
788	1AO7_E	1SBB_A			0.9458
789	1AO7_E	1SBB_C			0.9165
790	1AO7_E	1XGP_A			0.713
791	1AO7_E	1XGP_B			0.7016
792	1AO7_E	1XGQ_A			0.7161
793	1AO7_E	1XGQ_B			0.6989
794	1AO7_E	1XGR_A			0.7126
795	1AO7_E	1XGR_B			0.7024
796	1AO7_E	1XGT_A			0.7117
797	1AO7_E	1XGT_B			0.7009
798	1AO7_E	1XGU_A			0.7156
799	1AO7_E	1XGU_B			0.6951
800	1AO7_E	1YQV_H			0.7818
801	1AO7_E	1YQV_L			0.6614
802	1AO7_E	1YY9_C			0.6215
803	1AO7_E	1YY9_D			0.8123
804	1AO7_E	2AK4_E		u	0.9464
805	1AO7_E	2AK4_J		u	0.9461
806	1AO7_E	2AK4_P		u	0.9357
807	1AO7_E	2AK4_U		u	0.9493
808	1AO7_E	2B2X_H			0.8096
809	1AO7_E	2B2X_I			0.8097
810	1AO7_E	2B2X_L			0.6153
811	1AO7_E	2B2X_M			0.6122
812	1AO7_E	2BDN_H			0.7256
813	1AO7_E	2BDN_L			0.6616
814	1AO7_E	2BNQ_E		u	0.9822
815	1AO7_E	2BNR_E		u	0.9816
816	1AO7_E	2J8U_F			0.9604
817	1AO7_E	2J8U_M			0.9581
818	1AO7_E	2JCC_F			0.9647
819	1AO7_E	2JCC_M			0.9643
820	1AO7_E	2JEL_H			0.8134
821	1AO7_E	2NYY_D			0.8297
822	1AO7_E	2NZ9_D			0.8159
823	1AO7_E	2NZ9_F			0.8271
824	1AO7_E	2P5E_E			0.9638
825	1AO7_E	2UWE_F			0.9604
826	1AO7_E	2UWE_M			0.9593
827	1AO7_E	2VIR_A			0.7812
828	1AO7_E	2VIR_B			0.6469
829	1AO7_E	2VIS_A			0.7818
830	1AO7_E	2VIS_B			0.6475
831	1AO7_E	2VLR_E		u	0.94
832	1AO7_E	2VLR_J		u	0.9486
833	1AO7_E	3BN9_D			0.8138
834	1AO7_E	3BN9_F			0.8472
835	1AO7_E	3C60_B			0.9616
836	1AO7_E	3C60_F			0.9552
837	1AO7_E	3D3V_E		u	0.9948
838	1AO7_E	3G6D_H			0.7877
839	1AO7_E	3H9S_E			0.9938
840	1AO7_E	3HFM_H			0.817
841	1AO7_E	3L5X_H			0.779
842	1AO7_E	3L5X_L			0.6622
843	1AO7_E	3LZF_H			0.8179
844	1AO7_E	3N85_H			0.8162
845	1AO7_E	3NGB_C			0.6656
846	1AO7_E	3NGB_F			0.6384
847	1AO7_E	3NGB_K			0.6479
848	1AO7_E	3NGB_L			0.6668
849	1AO7_E	3NPS_B			0.8003
850	1AO7_E	3NPS_C			0.6121
851	1AO7_E	3PWP_E			0.9952
852	1AO7_E	3QDG_E			0.9635
853	1AO7_E	3QDJ_E			0.9629
854	1AO7_E	3QFJ_E			0.9941
855	1AO7_E	3QIB_D			0.8866
856	1AO7_E	3SE8_H			0.7314
857	1AO7_E	3SE8_L			0.6799
858	1AO7_E	3SE9_H			0.7472
859	1AO7_E	3SE9_L			0.6647
860	1AO7_E	3W2D_H			0.8124
861	1AO7_E	4B0M_M			0.6341
862	1AO7_E	4FTV_E			0.9963
863	1AO7_E	4GXU_M			0.6807
864	1AO7_E	4GXU_N			0.7721
865	1AO7_E	4GXU_Q			0.7133
866	1AO7_E	4GXU_R			0.7387
867	1AO7_E	4I77_H			0.7994
868	1AO7_E	4JFD_E		u	0.9267
869	1AO7_E	4JFE_E		u	0.9374
870	1AO7_E	4JFF_E		u	0.9341
871	1AO7_E	4JPK_H			0.7164
872	1AO7_E	4JPK_L			0.6746
873	1AO7_E	4KRO_D			0.8041
874	1AO7_E	4KRP_D			0.8086
875	1AO7_E	4L3E_E			0.9568
876	1AO7_E	4MNQ_E		u	0.9478
877	1AO7_E	4NM8_H			0.7692
878	1AO7_E	4NM8_I			0.768
879	1AO7_E	4NM8_J			0.7664
880	1AO7_E	4NM8_L			0.6649
881	1AO7_E	4NM8_M			0.6621
882	1AO7_E	4NM8_N			0.6655
883	1AO7_E	4OZG_F		u	0.949
884	1AO7_E	4OZG_H		u	0.9395
885	1AO7_E	4P23_B			0.9681
886	1AO7_E	4P5T_B			0.9682
887	1AO7_E	4P5T_F			0.9439
888	1AO7_E	4U6H_A			0.8296
889	1AO7_E	4U6H_C			0.7329
890	1AO7_E	4U6H_D			0.6963
891	1AO7_E	4ZS6_C			0.8352
892	1AO7_E	4ZS6_H			0.8342
893	1B2S_A	1B2S_B	p	u	0.9931
894	1B2S_A	1B2S_C	p	u	0.9989
895	1B2S_A	1B2U_A		u	0.9969
896	1B2S_A	1B2U_B		u	0.9901
897	1B2S_A	1B2U_C		u	1.001
898	1B2S_A	1B3S_A		u	1.0
899	1B2S_A	1B3S_B		u	0.9931
900	1B2S_A	1B3S_C		u	1.005
901	1B2S_A	1BRS_A		u	1.008
902	1B2S_A	1BRS_B		u	0.9914
903	1B2S_A	1BRS_C		u	1.005
904	1B2S_A	1X1W_A		u	1.006
905	1B2S_A	1X1W_B		u	0.9929
906	1B2S_A	1X1W_C		u	1.003
907	1B2S_A	1X1X_A		u	0.9982
908	1B2S_A	1X1X_B		u	0.9915
909	1B2S_A	1X1X_C		u	1.002
911	1B2S_B	1B2U_A		u	0.9947
914	1B2S_B	1B3S_A		u	0.9973
917	1B2S_B	1BRS_A		u	1.005
926	1B2S_C	1B2U_A		u	0.9843
929	1B2S_C	1B3S_A		u	0.9891
932	1B2S_C	1BRS_A		u	1.0
941	1B2S_D	1B2S_E	p	u	0.9866
942	1B2S_D	1B2S_F	p	u	1.005
943	1B2S_D	1B2U_D		u	1.008
944	1B2S_D	1B2U_E		u	0.9912
945	1B2S_D	1B2U_F		u	1.005
946	1B2S_D	1B3S_D		u	1.007
947	1B2S_D	1B3S_E		u	0.9865
948	1B2S_D	1B3S_F		u	1.003
949	1B2S_D	1BRS_D		u	1.008
950	1B2S_D	1BRS_E		u	0.9976
951	1B2S_D	1BRS_F		u	1.004
952	1B2S_D	1X1W_D		u	1.003
953	1B2S_D	1X1W_E		u	0.9807
954	1B2S_D	1X1W_F		u	1.001
955	1B2S_D	1X1X_D		u	1.002
956	1B2S_D	1X1X_E		u	0.9809
957	1B2S_D	1X1X_F		u	1.002
959	1B2S_E	1B2U_D		u	0.9858
962	1B2S_E	1B3S_D		u	0.9846
965	1B2S_E	1BRS_D		u	0.9984
968	1B2S_E	1X1W_D		u	0.9881
971	1B2S_E	1X1X_D		u	0.9945
974	1B2S_F	1B2U_D		u	1.005
977	1B2S_F	1B3S_D		u	1.003
980	1B2S_F	1BRS_D		u	1.004
983	1B2S_F	1X1W_D		u	0.9992
986	1B2S_F	1X1X_D		u	0.9976
989	1B2U_A	1B2U_B	p	u	0.997
990	1B2U_A	1B2U_C	p	u	1.005
991	1B2U_A	1B3S_A		u	1.005
992	1B2U_A	1B3S_B		u	0.9959
993	1B2U_A	1B3S_C		u	1.003
994	1B2U_A	1BRS_A		u	1.005
995	1B2U_A	1BRS_B		u	0.9949
996	1B2U_A	1BRS_C		u	1.003
997	1B2U_A	1X1W_A		u	1.005
998	1B2U_A	1X1W_B		u	0.9959
999	1B2U_A	1X1W_C		u	1.002
1000	1B2U_A	1X1X_A		u	1.001
1001	1B2U_A	1X1X_B		u	0.9951
1002	1B2U_A	1X1X_C		u	1.004
1004	1B2U_B	1B3S_A		u	0.9943
1007	1B2U_B	1BRS_A		u	1.003
1016	1B2U_C	1B3S_A		u	1.001
1019	1B2U_C	1BRS_A		u	1.002
1028	1B2U_D	1B2U_E	p	u	0.991
1029	1B2U_D	1B2U_F	p	u	1.006
1030	1B2U_D	1B3S_D		u	1.008
1031	1B2U_D	1B3S_E		u	0.9844
1032	1B2U_D	1B3S_F		u	1.005
1033	1B2U_D	1BRS_D		u	1.007
1034	1B2U_D	1BRS_E		u	0.9978
1035	1B2U_D	1BRS_F		u	1.004
1036	1B2U_D	1X1W_D		u	1.005
1037	1B2U_D	1X1W_E		u	0.98
1038	1B2U_D	1X1W_F		u	1.002
1039	1B2U_D	1X1X_D		u	1.006
1040	1B2U_D	1X1X_E		u	0.9815
1041	1B2U_D	1X1X_F		u	1.003
1043	1B2U_E	1B3S_D		u	0.9917
1046	1B2U_E	1BRS_D		u	0.9936
1049	1B2U_E	1X1W_D		u	0.993
1052	1B2U_E	1X1X_D		u	0.9911
1055	1B2U_F	1B3S_D		u	1.004
1058	1B2U_F	1BRS_D		u	1.007
1061	1B2U_F	1X1W_D		u	1.003
1064	1B2U_F	1X1X_D		u	1.003
1067	1B3S_A	1B3S_B	p	u	0.998
1068	1B3S_A	1B3S_C	p	u	1.005
1069	1B3S_A	1BRS_A		u	1.008
1070	1B3S_A	1BRS_B		u	0.9963
1071	1B3S_A	1BRS_C		u	1.005
1072	1B3S_A	1X1W_A		u	1.007
1073	1B3S_A	1X1W_B		u	0.9978
1074	1B3S_A	1X1W_C		u	1.006
1075	1B3S_A	1X1X_A		u	1.004
1076	1B3S_A	1X1X_B		u	0.9966
1077	1B3S_A	1X1X_C		u	1.005
1079	1B3S_B	1BRS_A		u	1.005
1088	1B3S_C	1BRS_A		u	1.005
1097	1B3S_D	1B3S_E	p	u	0.989
1098	1B3S_D	1B3S_F	p	u	1.005
1099	1B3S_D	1BRS_D		u	1.006
1100	1B3S_D	1BRS_E		u	0.9975
1101	1B3S_D	1BRS_F		u	1.004
1102	1B3S_D	1X1W_D		u	1.005
1103	1B3S_D	1X1W_E		u	0.9842
1104	1B3S_D	1X1W_F		u	1.001
1105	1B3S_D	1X1X_D		u	1.006
1106	1B3S_D	1X1X_E		u	0.9844
1107	1B3S_D	1X1X_F		u	1.002
1109	1B3S_E	1BRS_D		u	0.9904
1112	1B3S_E	1X1W_D		u	0.99
1115	1B3S_E	1X1X_D		u	0.9877
1118	1B3S_F	1BRS_D		u	1.006
1121	1B3S_F	1X1W_D		u	1.003
1124	1B3S_F	1X1X_D		u	1.002
1128	1B41_A	1MAH_A			0.9928
1129	1B41_B	1FSS_B		u	0.9873
1130	1B41_B	1MAH_F		u	0.9909
1131	1BD2_A	1LP9_A		u	0.9778
1132	1BD2_A	1LP9_H		u	0.9705
1133	1BD2_A	1MI5_A			0.9746
1134	1BD2_A	1OGA_A		u	0.9811
1135	1BD2_A	1QSE_A		u	0.9892
1136	1BD2_A	2AK4_A			0.9744
1137	1BD2_A	2AK4_F			0.9745
1138	1BD2_A	2AK4_K			0.9788
1139	1BD2_A	2AK4_Q			0.9792
1140	1BD2_A	2BNQ_A		u	0.9908
1141	1BD2_A	2BNR_A		u	0.9917
1142	1BD2_A	2E7L_E			0.9782
1143	1BD2_A	2E7L_F			0.9766
1144	1BD2_A	2J8U_A		u	0.98
1145	1BD2_A	2J8U_H		u	0.9739
1146	1BD2_A	2JCC_A		u	0.9814
1147	1BD2_A	2JCC_H		u	0.9789
1148	1BD2_A	2OI9_A			0.9706
1149	1BD2_A	2P5E_A		u	0.9779
1150	1BD2_A	2UWE_A		u	0.98
1151	1BD2_A	2UWE_H		u	0.9738
1152	1BD2_A	2VLR_A		u	0.9666
1153	1BD2_A	2VLR_F		u	0.96
1154	1BD2_A	3D3V_A		u	0.9889
1155	1BD2_A	3H9S_A		u	0.9842
1156	1BD2_A	3PWP_A		u	0.9887
1157	1BD2_A	3QDG_A		u	0.9817
1158	1BD2_A	3QDJ_A		u	0.9811
1159	1BD2_A	3QFJ_A		u	0.9869
1160	1BD2_A	4FTV_A		u	0.9919
1161	1BD2_A	4JFD_A		u	0.9567
1162	1BD2_A	4JFE_A		u	0.9648
1163	1BD2_A	4JFF_A		u	0.9722
1164	1BD2_A	4K71_B			0.8019
1165	1BD2_A	4K71_E			0.805
1166	1BD2_A	4L3E_A		u	0.9804
1167	1BD2_A	4MNQ_A		u	0.9856
1168	1BD2_A	4N8V_A		u	0.9825
1169	1BD2_A	4N8V_D		u	0.9903
1170	1BD2_A	5E9D_A		u	0.9783
1171	1BD2_A	5E9D_F		u	0.9751
1211	1BD2_C	1LP9_C			0.7658
1212	1BD2_C	1LP9_J			0.8052
1213	1BD2_C	1OGA_C			0.7987
1214	1BD2_C	1QSE_C			1.053
1215	1BD2_C	2BNQ_C			0.9766
1216	1BD2_C	2BNR_C			0.9969
1217	1BD2_C	2J8U_C			0.8219
1218	1BD2_C	2J8U_J			0.8104
1219	1BD2_C	2JCC_C			0.768
1220	1BD2_C	2JCC_J			0.7562
1221	1BD2_C	2OI9_Q			0.7319
1222	1BD2_C	2P5E_C			0.9793
1223	1BD2_C	2UWE_C			0.7793
1224	1BD2_C	2UWE_J			0.7812
1225	1BD2_C	2VLR_C			0.7781
1226	1BD2_C	2VLR_H			0.7708
1227	1BD2_C	3D3V_C			1.081
1228	1BD2_C	3H9S_C			0.9485
1229	1BD2_C	3PWP_C			1.059
1230	1BD2_C	3QDG_C			0.821
1231	1BD2_C	3QDJ_C			0.7872
1232	1BD2_C	3QFJ_C			1.08
1233	1BD2_C	4FTV_C		u	1.091
1234	1BD2_C	4JFD_C			0.8448
1235	1BD2_C	4JFE_C			0.8094
1236	1BD2_C	4JFF_C			0.8406
1237	1BD2_C	4L3E_C			0.84
1238	1BD2_C	4MNQ_C			0.7362
1239	1BD2_C	4N8V_C			0.8817
1240	1BD2_C	4N8V_F			0.8852
1241	1BD2_C	5E9D_C			0.81
1242	1BD2_C	5E9D_H			0.8041
1243	1BD2_D	1BJ1_J			0.7387
1244	1BD2_D	1BJ1_L			0.7322
1245	1BD2_D	1CZ8_L			0.731
1246	1BD2_D	1CZ8_X			0.7505
1247	1BD2_D	1DQJ_A			0.7074
1248	1BD2_D	1DQJ_B			0.7275
1249	1BD2_D	1GC1_H			0.7276
1250	1BD2_D	1GC1_L			0.7349
1251	1BD2_D	1JRH_H			0.6869
1252	1BD2_D	1JRH_L			0.7593
1253	1BD2_D	1LP9_E			0.9448
1254	1BD2_D	1LP9_L			0.9424
1255	1BD2_D	1MHP_H			0.7016
1256	1BD2_D	1MHP_L			0.7424
1257	1BD2_D	1MI5_D		u	0.9139
1258	1BD2_D	1MLC_A			0.7418
1259	1BD2_D	1MLC_B			0.7412
1260	1BD2_D	1MLC_C			0.7472
1261	1BD2_D	1MLC_D			0.7288
1262	1BD2_D	1N8Z_A			0.7384
1263	1BD2_D	1NCA_L			0.7594
1264	1BD2_D	1OGA_D		u	0.8813
1265	1BD2_D	1QSE_D			0.9184
1266	1BD2_D	1XGP_A			0.7062
1267	1BD2_D	1XGP_B			0.7244
1268	1BD2_D	1XGQ_A			0.7028
1269	1BD2_D	1XGQ_B			0.7284
1270	1BD2_D	1XGR_A			0.707
1271	1BD2_D	1XGR_B			0.7247
1272	1BD2_D	1XGT_A			0.7065
1273	1BD2_D	1XGT_B			0.7256
1274	1BD2_D	1XGU_A			0.7048
1275	1BD2_D	1XGU_B			0.728
1276	1BD2_D	1YQV_H			0.6957
1277	1BD2_D	1YQV_L			0.7324
1278	1BD2_D	1YY9_C			0.7566
1279	1BD2_D	2AK4_D		u	0.9504
1280	1BD2_D	2AK4_I		u	0.9506
1281	1BD2_D	2AK4_N		u	0.9097
1282	1BD2_D	2AK4_T		u	0.902
1283	1BD2_D	2B2X_H			0.6869
1284	1BD2_D	2B2X_I			0.6875
1285	1BD2_D	2B2X_L			0.7405
1286	1BD2_D	2B2X_M			0.7417
1287	1BD2_D	2BDN_H			0.7213
1288	1BD2_D	2BDN_L			0.7193
1289	1BD2_D	2BNQ_D		u	0.8634
1290	1BD2_D	2BNR_D		u	0.8681
1291	1BD2_D	2J8U_E			0.9384
1292	1BD2_D	2J8U_L			0.935
1293	1BD2_D	2JCC_E			0.94
1294	1BD2_D	2JCC_L			0.9371
1295	1BD2_D	2JEL_H			0.6878
1296	1BD2_D	2JEL_L			0.75
1297	1BD2_D	2NYY_C			0.7569
1298	1BD2_D	2NZ9_C			0.7534
1299	1BD2_D	2NZ9_D			0.6847
1300	1BD2_D	2NZ9_E			0.76
1301	1BD2_D	2P5E_D		u	0.8273
1302	1BD2_D	2UWE_E			0.9408
1303	1BD2_D	2UWE_L			0.9385
1304	1BD2_D	2VIR_A			0.6834
1305	1BD2_D	2VIR_B			0.7686
1306	1BD2_D	2VIS_A			0.6799
1307	1BD2_D	2VIS_B			0.769
1308	1BD2_D	2VLR_D		u	0.8581
1309	1BD2_D	2VLR_I		u	0.8584
1310	1BD2_D	3BN9_C			0.7505
1311	1BD2_D	3BN9_E			0.7516
1312	1BD2_D	3C60_A			0.9397
1313	1BD2_D	3C60_E			0.9252
1314	1BD2_D	3D3V_D			0.9197
1315	1BD2_D	3H9S_D			0.9241
1316	1BD2_D	3HFM_L			0.7392
1317	1BD2_D	3L5X_H			0.7115
1318	1BD2_D	3L5X_L			0.7278
1319	1BD2_D	3N85_L			0.7243
1320	1BD2_D	3NPS_C			0.7448
1321	1BD2_D	3PWP_D		u	0.9282
1322	1BD2_D	3QDG_D		u	0.9463
1323	1BD2_D	3QDJ_D		u	0.9502
1324	1BD2_D	3QFJ_D			0.9356
1325	1BD2_D	3QIB_C		u	0.7959
1326	1BD2_D	3SE8_H			0.7399
1327	1BD2_D	3SE8_L			0.7144
1328	1BD2_D	3SE9_H			0.7515
1329	1BD2_D	3SE9_L			0.7149
1330	1BD2_D	3W2D_L			0.7494
1331	1BD2_D	4FTV_D			0.9194
1332	1BD2_D	4GXU_M			0.7588
1333	1BD2_D	4GXU_N			0.7022
1334	1BD2_D	4GXU_Q			0.7598
1335	1BD2_D	4GXU_R			0.7122
1336	1BD2_D	4I77_L			0.7405
1337	1BD2_D	4JFD_D		u	0.8947
1338	1BD2_D	4JFE_D		u	0.9106
1339	1BD2_D	4JFF_D		u	0.9037
1340	1BD2_D	4JPK_H			0.7629
1341	1BD2_D	4JPK_L			0.7188
1342	1BD2_D	4KRO_C			0.7213
1343	1BD2_D	4KRP_C			0.7256
1344	1BD2_D	4L3E_D			0.9305
1345	1BD2_D	4MNQ_D			0.8396
1346	1BD2_D	4NM8_H			0.7211
1347	1BD2_D	4NM8_I			0.7185
1348	1BD2_D	4NM8_J			0.729
1349	1BD2_D	4NM8_L			0.7464
1350	1BD2_D	4NM8_M			0.7473
1351	1BD2_D	4NM8_N			0.7469
1352	1BD2_D	4OZG_E			0.8485
1353	1BD2_D	4OZG_G			0.8414
1354	1BD2_D	4P23_A			0.9723
1355	1BD2_D	4P5T_A			0.9504
1356	1BD2_D	4P5T_E			0.8819
1357	1BD2_D	4U6H_B			0.7497
1358	1BD2_D	4U6H_C			0.7564
1359	1BD2_D	4U6H_D			0.7264
1360	1BD2_D	4ZS6_D			0.7511
1361	1BD2_D	4ZS6_L			0.7391
1362	1BD2_E	1BJ1_H			0.8464
1363	1BD2_E	1BJ1_K			0.8574
1364	1BD2_E	1CZ8_H			0.8414
1365	1BD2_E	1CZ8_Y			0.8687
1366	1BD2_E	1DQJ_A			0.7775
1367	1BD2_E	1DQJ_B			0.748
1368	1BD2_E	1GC1_H			0.7863
1369	1BD2_E	1GC1_L			0.7341
1370	1BD2_E	1JCK_A			0.9123
1371	1BD2_E	1JCK_C			0.9123
1372	1BD2_E	1LP9_F			0.9814
1373	1BD2_E	1LP9_M			0.9805
1374	1BD2_E	1MHP_H			0.8609
1375	1BD2_E	1MHP_L			0.6878
1376	1BD2_E	1MI5_E			0.97
1377	1BD2_E	1MLC_A			0.7135
1378	1BD2_E	1MLC_B			0.7843
1379	1BD2_E	1MLC_C			0.7013
1380	1BD2_E	1MLC_D			0.7828
1381	1BD2_E	1N8Z_B			0.8659
1382	1BD2_E	1NCA_H			0.8704
1383	1BD2_E	1OGA_E			0.978
1384	1BD2_E	1QSE_E			0.9908
1385	1BD2_E	1SBB_A			0.9274
1386	1BD2_E	1SBB_C			0.9028
1387	1BD2_E	1XGP_A			0.7785
1388	1BD2_E	1XGP_B			0.7552
1389	1BD2_E	1XGQ_A			0.781
1390	1BD2_E	1XGQ_B			0.7545
1391	1BD2_E	1XGR_A			0.7779
1392	1BD2_E	1XGR_B			0.7569
1393	1BD2_E	1XGT_A			0.7774
1394	1BD2_E	1XGT_B			0.7556
1395	1BD2_E	1XGU_A			0.7806
1396	1BD2_E	1XGU_B			0.7497
1397	1BD2_E	1YQV_H			0.8332
1398	1BD2_E	1YQV_L			0.7216
1399	1BD2_E	1YY9_D			0.8541
1400	1BD2_E	2AK4_E			0.9673
1401	1BD2_E	2AK4_J			0.9669
1402	1BD2_E	2AK4_P			0.9598
1403	1BD2_E	2AK4_U			0.9828
1404	1BD2_E	2B2X_H			0.8562
1405	1BD2_E	2B2X_I			0.8569
1406	1BD2_E	2BDN_H			0.7619
1407	1BD2_E	2BDN_L			0.7175
1408	1BD2_E	2BNQ_E		u	0.9895
1409	1BD2_E	2BNR_E		u	0.9903
1410	1BD2_E	2J8U_F			0.9798
1411	1BD2_E	2J8U_M			0.9786
1412	1BD2_E	2JCC_F			0.9844
1413	1BD2_E	2JCC_M			0.9839
1414	1BD2_E	2JEL_H			0.8613
1415	1BD2_E	2NYY_D			0.8825
1416	1BD2_E	2NZ9_D			0.8658
1417	1BD2_E	2NZ9_F			0.8787
1418	1BD2_E	2P5E_E			0.9816
1419	1BD2_E	2UWE_F			0.9811
1420	1BD2_E	2UWE_M			0.9807
1421	1BD2_E	2VIR_A			0.8594
1422	1BD2_E	2VIR_B			0.6691
1423	1BD2_E	2VIS_A			0.8604
1424	1BD2_E	2VIS_B			0.6708
1425	1BD2_E	2VLR_E			0.9644
1426	1BD2_E	2VLR_J			0.9712
1427	1BD2_E	3BN9_D			0.8461
1428	1BD2_E	3BN9_F			0.854
1429	1BD2_E	3C60_B			0.9796
1430	1BD2_E	3C60_F			0.9774
1431	1BD2_E	3D3V_E			0.9925
1432	1BD2_E	3G6D_H			0.8164
1433	1BD2_E	3H9S_E			0.991
1434	1BD2_E	3HFM_H			0.8821
1435	1BD2_E	3L5X_H			0.8073
1436	1BD2_E	3L5X_L			0.7213
1437	1BD2_E	3LZF_H			0.8291
1438	1BD2_E	3N85_H			0.8718
1439	1BD2_E	3NGB_C			0.7293
1440	1BD2_E	3NGB_F			0.7057
1441	1BD2_E	3NGB_K			0.7179
1442	1BD2_E	3NGB_L			0.7346
1443	1BD2_E	3NPS_B			0.829
1444	1BD2_E	3PWP_E			0.9927
1445	1BD2_E	3QDG_E			0.9846
1446	1BD2_E	3QDJ_E			0.9824
1447	1BD2_E	3QFJ_E			0.992
1448	1BD2_E	3QIB_D			0.9078
1449	1BD2_E	3SE8_H			0.7436
1450	1BD2_E	3SE8_L			0.7491
1451	1BD2_E	3SE9_H			0.7673
1452	1BD2_E	3SE9_L			0.7291
1453	1BD2_E	3W2D_H			0.854
1454	1BD2_E	4FTV_E			0.9941
1455	1BD2_E	4GXU_M			0.6913
1456	1BD2_E	4GXU_N			0.8366
1457	1BD2_E	4GXU_Q			0.728
1458	1BD2_E	4GXU_R			0.7983
1459	1BD2_E	4I77_H			0.8472
1460	1BD2_E	4JFD_E			0.9297
1461	1BD2_E	4JFE_E			0.941
1462	1BD2_E	4JFF_E			0.9372
1463	1BD2_E	4JPK_H			0.7578
1464	1BD2_E	4JPK_L			0.7409
1465	1BD2_E	4KRO_D			0.847
1466	1BD2_E	4KRP_D			0.8519
1467	1BD2_E	4L3E_E			0.9798
1468	1BD2_E	4MNQ_E			0.981
1469	1BD2_E	4NM8_H			0.8082
1470	1BD2_E	4NM8_I			0.8046
1471	1BD2_E	4NM8_J			0.8036
1472	1BD2_E	4NM8_L			0.71
1473	1BD2_E	4NM8_M			0.7051
1474	1BD2_E	4NM8_N			0.7105
1475	1BD2_E	4OZG_F			0.9634
1476	1BD2_E	4OZG_H			0.9561
1477	1BD2_E	4P23_B			0.9863
1478	1BD2_E	4P5T_B			0.9867
1479	1BD2_E	4P5T_F			0.9684
1480	1BD2_E	4U6H_A			0.8752
1481	1BD2_E	4U6H_C			0.7734
1482	1BD2_E	4U6H_D			0.7446
1483	1BD2_E	4ZS6_C			0.8705
1484	1BD2_E	4ZS6_H			0.8701
1485	1BJ1_H	1BJ1_K	p		0.9997
1486	1BJ1_H	1CZ8_H			1.002
1487	1BJ1_H	1CZ8_Y			0.9736
1488	1BJ1_H	1DQJ_A			0.6945
1489	1BJ1_H	1DQJ_B			0.6989
1490	1BJ1_H	1GC1_H			0.7843
1491	1BJ1_H	1GC1_L			0.6516
1492	1BJ1_H	1JCK_A			0.8329
1493	1BJ1_H	1JCK_C			0.8329
1494	1BJ1_H	1JRH_H			0.7696
1495	1BJ1_H	1LP9_F			0.8565
1496	1BJ1_H	1LP9_M			0.8534
1497	1BJ1_H	1MHP_H			0.8651
1498	1BJ1_H	1MI5_E			0.8628
1499	1BJ1_H	1MLC_B			0.7473
1500	1BJ1_H	1MLC_D			0.7551
1501	1BJ1_H	1N8Z_B			0.9743
1502	1BJ1_H	1NCA_H			0.904
1503	1BJ1_H	1OGA_E			0.8394
1504	1BJ1_H	1QSE_E			0.8401
1505	1BJ1_H	1SBB_A			0.8414
1506	1BJ1_H	1SBB_C			0.8331
1507	1BJ1_H	1XGP_A			0.6913
1508	1BJ1_H	1XGP_B			0.7113
1509	1BJ1_H	1XGQ_A			0.6978
1510	1BJ1_H	1XGQ_B			0.7057
1511	1BJ1_H	1XGR_A			0.6928
1512	1BJ1_H	1XGR_B			0.7129
1513	1BJ1_H	1XGT_A			0.6936
1514	1BJ1_H	1XGT_B			0.707
1515	1BJ1_H	1XGU_A			0.6975
1516	1BJ1_H	1XGU_B			0.7021
1517	1BJ1_H	1YQV_H			0.803
1518	1BJ1_H	1YQV_L			0.63
1519	1BJ1_H	1YY9_D			0.8832
1520	1BJ1_H	2AK4_E			0.8261
1521	1BJ1_H	2AK4_J			0.8259
1522	1BJ1_H	2AK4_P			0.8334
1523	1BJ1_H	2AK4_U			0.839
1524	1BJ1_H	2B2X_H			0.8739
1525	1BJ1_H	2B2X_I			0.875
1526	1BJ1_H	2BDN_H			0.7447
1527	1BJ1_H	2BDN_L			0.6352
1528	1BJ1_H	2BNQ_E			0.8414
1529	1BJ1_H	2BNR_E			0.8438
1530	1BJ1_H	2J8U_F			0.8544
1531	1BJ1_H	2J8U_M			0.8566
1532	1BJ1_H	2JCC_F			0.8533
1533	1BJ1_H	2JCC_M			0.8485
1534	1BJ1_H	2JEL_H			0.8589
1535	1BJ1_H	2NYY_D			0.9032
1536	1BJ1_H	2NZ9_D			0.8592
1537	1BJ1_H	2NZ9_F			0.8888
1538	1BJ1_H	2P5E_E			0.8642
1539	1BJ1_H	2UWE_F			0.8536
1540	1BJ1_H	2UWE_M			0.8531
1541	1BJ1_H	2VIR_A			0.7744
1542	1BJ1_H	2VIR_B			0.6415
1543	1BJ1_H	2VIS_A			0.7754
1544	1BJ1_H	2VIS_B			0.6416
1545	1BJ1_H	2VLR_E			0.832
1546	1BJ1_H	2VLR_J			0.837
1547	1BJ1_H	3BN9_D			0.932
1548	1BJ1_H	3BN9_F			0.9473
1549	1BJ1_H	3C60_B			0.8553
1550	1BJ1_H	3C60_F			0.8684
1551	1BJ1_H	3D3V_E			0.8441
1552	1BJ1_H	3G6D_H			0.9115
1553	1BJ1_H	3H9S_E			0.838
1554	1BJ1_H	3HFM_H			0.9195
1555	1BJ1_H	3L5X_H			0.8071
1556	1BJ1_H	3L5X_L			0.636
1557	1BJ1_H	3LZF_H			0.9514
1558	1BJ1_H	3N85_H			0.9762
1559	1BJ1_H	3NGB_C			0.6889
1560	1BJ1_H	3NGB_F			0.6837
1561	1BJ1_H	3NGB_K			0.6974
1562	1BJ1_H	3NGB_L			0.6988
1563	1BJ1_H	3NPS_B			0.8806
1564	1BJ1_H	3PWP_E			0.8363
1565	1BJ1_H	3QDG_E			0.8404
1566	1BJ1_H	3QDJ_E			0.8402
1567	1BJ1_H	3QFJ_E			0.8366
1568	1BJ1_H	3QIB_D			0.864
1569	1BJ1_H	3SE8_H			0.7529
1570	1BJ1_H	3SE8_L			0.6731
1571	1BJ1_H	3SE9_H			0.7566
1572	1BJ1_H	3SE9_L			0.6495
1573	1BJ1_H	3W2D_H			0.9049
1574	1BJ1_H	4B0M_M			0.6419
1575	1BJ1_H	4FTV_E			0.8412
1576	1BJ1_H	4GXU_N			0.7405
1577	1BJ1_H	4GXU_Q			0.6728
1578	1BJ1_H	4GXU_R			0.6987
1579	1BJ1_H	4I77_H			0.9435
1580	1BJ1_H	4JFD_E			0.8475
1581	1BJ1_H	4JFE_E			0.8475
1582	1BJ1_H	4JFF_E			0.8463
1583	1BJ1_H	4JPK_H			0.719
1584	1BJ1_H	4JPK_L			0.6627
1585	1BJ1_H	4KRO_D			0.9688
1586	1BJ1_H	4KRP_D			0.9714
1587	1BJ1_H	4L3E_E			0.8393
1588	1BJ1_H	4MNQ_E			0.8646
1589	1BJ1_H	4NM8_H			0.7944
1590	1BJ1_H	4NM8_I			0.7982
1591	1BJ1_H	4NM8_J			0.7919
1592	1BJ1_H	4NM8_L			0.6198
1593	1BJ1_H	4NM8_M			0.6175
1594	1BJ1_H	4NM8_N			0.6218
1595	1BJ1_H	4OZG_F			0.833
1596	1BJ1_H	4OZG_H			0.8466
1597	1BJ1_H	4P23_B			0.8431
1598	1BJ1_H	4P5T_B			0.8452
1599	1BJ1_H	4P5T_F			0.8653
1600	1BJ1_H	4U6H_A			0.9356
1601	1BJ1_H	4U6H_C			0.7257
1602	1BJ1_H	4U6H_D			0.6762
1603	1BJ1_H	4ZS6_C			0.9341
1604	1BJ1_H	4ZS6_H			0.9591
1606	1BJ1_J	1CZ8_L			0.9977
1608	1BJ1_J	1DQJ_A			0.7661
1609	1BJ1_J	1DQJ_B			0.7092
1612	1BJ1_J	1JRH_L			0.7978
1615	1BJ1_J	1MHP_H			0.6292
1616	1BJ1_J	1MHP_L			0.9241
1617	1BJ1_J	1MI5_D			0.7082
1618	1BJ1_J	1MLC_A			0.8653
1619	1BJ1_J	1MLC_B			0.682
1622	1BJ1_J	1N8Z_A			0.9917
1624	1BJ1_J	1OGA_D			0.7343
1627	1BJ1_J	1XGP_B			0.7021
1629	1BJ1_J	1XGQ_B			0.7068
1631	1BJ1_J	1XGR_B			0.7007
1633	1BJ1_J	1XGT_B			0.7027
1635	1BJ1_J	1XGU_B			0.7065
1638	1BJ1_J	1YY9_C			0.9305
1639	1BJ1_J	2AK4_D			0.7242
1643	1BJ1_J	2B2X_L			0.9442
1645	1BJ1_J	2BDN_H			0.6794
1646	1BJ1_J	2BDN_L			0.8281
1654	1BJ1_J	2NYY_C			0.9751
1658	1BJ1_J	2P5E_D			0.73
1674	1BJ1_J	3HFM_L			0.9669
1676	1BJ1_J	3L5X_L			0.8651
1678	1BJ1_J	3N85_L			0.9836
1681	1BJ1_J	3NGB_H			0.7404
1685	1BJ1_J	3QDG_D			0.7542
1686	1BJ1_J	3QDJ_D			0.7511
1688	1BJ1_J	3QIB_C			0.7329
1689	1BJ1_J	3SE8_H			0.6867
1690	1BJ1_J	3SE8_L			0.8136
1691	1BJ1_J	3SE9_H			0.6993
1692	1BJ1_J	3SE9_L			0.8286
1694	1BJ1_J	4FTV_D			0.742
1699	1BJ1_J	4I77_L			0.9953
1707	1BJ1_J	4L3E_D			0.754
1716	1BJ1_J	4OZG_G			0.7213
1727	1BJ1_K	1DQJ_A			0.7051
1728	1BJ1_K	1DQJ_B			0.7006
1733	1BJ1_K	1JRH_H			0.7823
1736	1BJ1_K	1MHP_H			0.8771
1737	1BJ1_K	1MI5_E			0.8729
1738	1BJ1_K	1MLC_A			0.6308
1739	1BJ1_K	1MLC_B			0.7479
1741	1BJ1_K	1N8Z_B			0.9707
1742	1BJ1_K	1NCA_H			0.9132
1743	1BJ1_K	1OGA_E			0.853
1748	1BJ1_K	1XGP_B			0.7159
1750	1BJ1_K	1XGQ_B			0.7097
1752	1BJ1_K	1XGR_B			0.7174
1754	1BJ1_K	1XGT_B			0.7147
1756	1BJ1_K	1XGU_B			0.7062
1759	1BJ1_K	1YY9_D			0.8916
1760	1BJ1_K	2AK4_E			0.836
1764	1BJ1_K	2B2X_H			0.8867
1766	1BJ1_K	2BDN_H			0.7475
1767	1BJ1_K	2BDN_L			0.6439
1775	1BJ1_K	2NYY_D			0.9137
1785	1BJ1_K	2VLR_E			0.8412
1787	1BJ1_K	3BN9_D			0.9409
1791	1BJ1_K	3D3V_E			0.8562
1792	1BJ1_K	3G6D_H			0.91
1794	1BJ1_K	3HFM_H			0.9262
1796	1BJ1_K	3L5X_L			0.6454
1798	1BJ1_K	3N85_H			0.9748
1802	1BJ1_K	3NGB_L			0.703
1805	1BJ1_K	3QDG_E			0.8534
1806	1BJ1_K	3QDJ_E			0.8525
1808	1BJ1_K	3QIB_D			0.872
1809	1BJ1_K	3SE8_H			0.7579
1810	1BJ1_K	3SE8_L			0.681
1811	1BJ1_K	3SE9_H			0.7684
1812	1BJ1_K	3SE9_L			0.6624
1814	1BJ1_K	4B0M_M			0.6389
1815	1BJ1_K	4FTV_E			0.8536
1820	1BJ1_K	4I77_H			0.939
1828	1BJ1_K	4L3E_E			0.8496
1837	1BJ1_K	4OZG_H			0.857
1846	1BJ1_L	1CZ8_L			1.002
1848	1BJ1_L	1DQJ_A			0.755
1849	1BJ1_L	1DQJ_B			0.6999
1852	1BJ1_L	1JRH_L			0.7914
1855	1BJ1_L	1MHP_L			0.9116
1856	1BJ1_L	1MI5_D			0.705
1857	1BJ1_L	1MLC_A			0.8559
1858	1BJ1_L	1MLC_B			0.6742
1861	1BJ1_L	1N8Z_A			0.9937
1863	1BJ1_L	1OGA_D			0.7346
1866	1BJ1_L	1XGP_B			0.6945
1868	1BJ1_L	1XGQ_B			0.696
1870	1BJ1_L	1XGR_B			0.6941
1872	1BJ1_L	1XGT_B			0.6956
1874	1BJ1_L	1XGU_B			0.6969
1877	1BJ1_L	1YY9_C			0.9213
1878	1BJ1_L	2AK4_D			0.72
1882	1BJ1_L	2B2X_L			0.9357
1884	1BJ1_L	2BDN_H			0.6729
1885	1BJ1_L	2BDN_L			0.8211
1893	1BJ1_L	2NYY_C			0.9666
1896	1BJ1_L	2P5E_D			0.7334
1912	1BJ1_L	3HFM_L			0.9582
1914	1BJ1_L	3L5X_L			0.8521
1916	1BJ1_L	3N85_L			0.9913
1919	1BJ1_L	3NGB_H			0.7507
1923	1BJ1_L	3QDG_D			0.7495
1924	1BJ1_L	3QDJ_D			0.7464
1926	1BJ1_L	3QIB_C			0.7368
1927	1BJ1_L	3SE8_H			0.6827
1928	1BJ1_L	3SE8_L			0.8011
1929	1BJ1_L	3SE9_H			0.6919
1930	1BJ1_L	3SE9_L			0.8181
1932	1BJ1_L	4FTV_D			0.7402
1937	1BJ1_L	4I77_L			0.9936
1945	1BJ1_L	4L3E_D			0.7508
1954	1BJ1_L	4OZG_G			0.7215
1968	1BP3_A	3MZG_A			0.8424
1969	1BP3_A	3N06_A			0.8404
1970	1BP3_A	3N0P_A			0.8453
1971	1BP3_A	3NCB_A			0.8429
1972	1BP3_A	3NCC_A			0.8418
1974	1BP3_B	3MZG_B		u	0.9252
1978	1BP3_B	3NCC_B		u	0.9307
1979	1BP3_B	3S9D_B			0.7186
1982	1BP3_B	3SE4_C			0.671
1983	1BP3_B	4NKQ_B			0.732
1984	1BRS_A	1BRS_B	p	u	1.005
1985	1BRS_A	1BRS_C	p	u	1.006
1986	1BRS_A	1X1W_A		u	1.008
1987	1BRS_A	1X1W_B		u	1.006
1988	1BRS_A	1X1W_C		u	1.007
1989	1BRS_A	1X1X_A		u	1.008
1990	1BRS_A	1X1X_B		u	1.005
1991	1BRS_A	1X1X_C		u	1.006
2005	1BRS_D	1BRS_E	p	u	1.003
2006	1BRS_D	1BRS_F	p	u	1.008
2007	1BRS_D	1X1W_D		u	1.009
2008	1BRS_D	1X1W_E		u	0.9911
2009	1BRS_D	1X1W_F		u	1.008
2010	1BRS_D	1X1X_D		u	1.005
2011	1BRS_D	1X1X_E		u	0.9867
2012	1BRS_D	1X1X_F		u	1.007
2014	1BRS_E	1X1W_D		u	1.003
2017	1BRS_E	1X1X_D		u	0.9995
2020	1BRS_F	1X1W_D		u	1.005
2023	1BRS_F	1X1X_D		u	1.002
2026	1C1Y_A	1E96_A			0.9397
2027	1C1Y_A	1GRN_A			0.9247
2028	1C1Y_A	1GUA_A		u	0.9972
2029	1C1Y_A	1HE8_B			0.9867
2030	1C1Y_A	1K8R_A			0.986
2031	1C1Y_A	1LFD_B			0.986
2032	1C1Y_A	1LFD_D			0.9848
2033	1C1Y_A	2A9K_A			0.971
2034	1C1Y_A	2REX_B			0.8884
2035	1C1Y_A	2REX_D			0.903
2036	1C1Y_A	3EG5_A			0.924
2037	1C1Y_A	3EG5_C			0.924
2038	1C1Y_A	3KUD_A			0.9776
2039	1C1Y_A	3Q3J_B			0.9005
2040	1C1Y_A	4G0N_A			0.9903
2041	1C1Y_A	5TAR_A			0.937
2042	1C1Y_A	5UFE_A			0.9645
2043	1C1Y_A	5UFQ_A			0.9655
2044	1C1Y_A	5UFQ_B			0.9674
2045	1C1Y_A	5XCO_A			0.9497
2046	1C1Y_B	1GUA_B		u	1.005
2047	1C1Y_B	1K8R_B			0.7501
2048	1C1Y_B	1LFD_A			0.759
2049	1C1Y_B	1LFD_C			0.7537
2050	1C1Y_B	1S1Q_B			0.7544
2051	1C1Y_B	1S1Q_D			0.755
2052	1C1Y_B	1XD3_B			0.7564
2053	1C1Y_B	1XD3_D			0.765
2054	1C1Y_B	2OOB_B			0.7582
2055	1C1Y_B	3KUD_B		u	0.9706
2056	1C1Y_B	3M62_B			0.7447
2057	1C1Y_B	3M63_B			0.7264
2058	1C1Y_B	4G0N_B		u	0.9844
2059	1C4Z_A	1C4Z_B	p	u	0.997
2060	1C4Z_A	1C4Z_C	p	u	0.9934
2062	1C4Z_D	1S1Q_A			0.7269
2063	1C4Z_D	1S1Q_C			0.7248
2073	1CBW_D	1CBW_I	p	u	1.011
2078	1CBW_D	2FTL_I		u	0.9932
2079	1CBW_D	3BTD_I		u	1.01
2080	1CBW_D	3BTE_I		u	1.01
2081	1CBW_D	3BTF_I		u	1.01
2082	1CBW_D	3BTG_I		u	1.01
2083	1CBW_D	3BTH_I		u	1.011
2084	1CBW_D	3BTM_I		u	1.01
2085	1CBW_D	3BTQ_I		u	1.009
2086	1CBW_D	3BTT_I		u	1.01
2087	1CBW_D	3BTW_I		u	1.011
2095	1CBW_I	1EAW_B		u	0.9967
2096	1CBW_I	1EAW_D		u	0.9876
2097	1CBW_I	1F5R_I		u	0.9987
2098	1CBW_I	1FY8_I		u	1.008
2099	1CBW_I	2FTL_I		u	0.9937
2100	1CBW_I	3BTD_I		u	1.011
2101	1CBW_I	3BTE_I		u	1.011
2102	1CBW_I	3BTF_I		u	1.011
2103	1CBW_I	3BTG_I		u	1.011
2104	1CBW_I	3BTH_I		u	1.012
2105	1CBW_I	3BTM_I		u	1.011
2106	1CBW_I	3BTQ_I		u	1.011
2107	1CBW_I	3BTT_I		u	1.011
2108	1CBW_I	3BTW_I		u	1.011
2109	1CBW_I	3TGK_I		u	1.009
2113	1CHO_I	1CSO_I		u	0.9715
2114	1CHO_I	1CT0_I		u	0.9655
2115	1CHO_I	1CT2_I		u	0.9679
2116	1CHO_I	1CT4_I		u	0.9661
2117	1CHO_I	1PPF_I		u	0.9762
2118	1CHO_I	1R0R_I		u	0.991
2119	1CHO_I	1SGD_I		u	0.9689
2120	1CHO_I	1SGE_I		u	0.9706
2121	1CHO_I	1SGN_I		u	0.9687
2122	1CHO_I	1SGP_I		u	0.9664
2123	1CHO_I	1SGQ_I		u	0.9664
2124	1CHO_I	1SGY_I		u	0.9672
2125	1CHO_I	2NU0_I			0.9624
2126	1CHO_I	2NU1_I			0.9643
2127	1CHO_I	2NU2_I		u	0.9585
2128	1CHO_I	2NU4_I		u	0.9661
2129	1CHO_I	2SGP_I		u	0.9652
2130	1CHO_I	2SGQ_I		u	0.9699
2131	1CHO_I	3SGB_I		u	0.9778
2152	1CSE_I	1SBN_I		u	0.9923
2153	1CSE_I	1SIB_I		u	0.9922
2154	1CSE_I	1TM1_I			0.8679
2155	1CSE_I	1TM3_I			0.8706
2156	1CSE_I	1TM4_I			0.8687
2157	1CSE_I	1TM5_I			0.8655
2158	1CSE_I	1TM7_I			0.8664
2159	1CSE_I	1TMG_I			0.8686
2160	1CSE_I	1TO1_I			0.8648
2161	1CSE_I	1Y1K_I			0.8666
2162	1CSE_I	1Y33_I			0.8668
2163	1CSE_I	1Y34_I			0.8662
2164	1CSE_I	1Y3B_I			0.8689
2165	1CSE_I	1Y3C_I			0.8642
2166	1CSE_I	1Y3D_I			0.864
2167	1CSE_I	1Y48_I			0.8619
2171	1CSO_E	1F5R_A			0.7488
2172	1CSO_E	1FY8_E			0.7484
2198	1CSO_E	3TGK_E			0.7471
2199	1CSO_I	1CT0_I		u	1.017
2200	1CSO_I	1CT2_I		u	1.017
2201	1CSO_I	1CT4_I		u	1.017
2202	1CSO_I	1PPF_I		u	1.006
2203	1CSO_I	1R0R_I		u	0.9746
2204	1CSO_I	1SGD_I		u	1.017
2205	1CSO_I	1SGE_I		u	1.018
2206	1CSO_I	1SGN_I		u	1.017
2207	1CSO_I	1SGP_I		u	1.017
2208	1CSO_I	1SGQ_I		u	1.017
2209	1CSO_I	1SGY_I		u	1.018
2210	1CSO_I	2NU0_I			1.018
2211	1CSO_I	2NU1_I			1.018
2212	1CSO_I	2NU2_I		u	1.015
2213	1CSO_I	2NU4_I		u	1.017
2214	1CSO_I	2SGP_I		u	1.015
2215	1CSO_I	2SGQ_I		u	1.018
2216	1CSO_I	3SGB_I		u	1.015
2219	1CT0_E	1F5R_A			0.7495
2220	1CT0_E	1FY8_E			0.7488
2246	1CT0_E	3TGK_E			0.7476
2247	1CT0_I	1CT2_I		u	1.019
2248	1CT0_I	1CT4_I		u	1.019
2249	1CT0_I	1PPF_I		u	1.003
2250	1CT0_I	1R0R_I		u	0.9725
2251	1CT0_I	1SGD_I		u	1.018
2252	1CT0_I	1SGE_I		u	1.018
2253	1CT0_I	1SGN_I		u	1.018
2254	1CT0_I	1SGP_I		u	1.018
2255	1CT0_I	1SGQ_I		u	1.018
2256	1CT0_I	1SGY_I		u	1.017
2257	1CT0_I	2NU0_I			1.018
2258	1CT0_I	2NU1_I			1.018
2259	1CT0_I	2NU2_I		u	1.018
2260	1CT0_I	2NU4_I		u	1.019
2261	1CT0_I	2SGP_I		u	1.015
2262	1CT0_I	2SGQ_I		u	1.018
2263	1CT0_I	3SGB_I		u	1.012
2265	1CT2_E	1F5R_A			0.7497
2266	1CT2_E	1FY8_E			0.7491
2292	1CT2_E	3TGK_E			0.7478
2293	1CT2_I	1CT4_I		u	1.02
2294	1CT2_I	1PPF_I		u	1.005
2295	1CT2_I	1R0R_I		u	0.975
2296	1CT2_I	1SGD_I		u	1.019
2297	1CT2_I	1SGE_I		u	1.019
2298	1CT2_I	1SGN_I		u	1.019
2299	1CT2_I	1SGP_I		u	1.018
2300	1CT2_I	1SGQ_I		u	1.019
2301	1CT2_I	1SGY_I		u	1.018
2302	1CT2_I	2NU0_I			1.018
2303	1CT2_I	2NU1_I			1.019
2304	1CT2_I	2NU2_I		u	1.018
2305	1CT2_I	2NU4_I		u	1.019
2306	1CT2_I	2SGP_I		u	1.015
2307	1CT2_I	2SGQ_I		u	1.018
2308	1CT2_I	3SGB_I		u	1.014
2309	1CT4_E	1F5R_A			0.7493
2310	1CT4_E	1FY8_E			0.7487
2336	1CT4_E	3TGK_E			0.7476
2337	1CT4_I	1PPF_I		u	1.003
2338	1CT4_I	1R0R_I		u	0.9729
2339	1CT4_I	1SGD_I		u	1.018
2340	1CT4_I	1SGE_I		u	1.019
2341	1CT4_I	1SGN_I		u	1.018
2342	1CT4_I	1SGP_I		u	1.018
2343	1CT4_I	1SGQ_I		u	1.018
2344	1CT4_I	1SGY_I		u	1.018
2345	1CT4_I	2NU0_I			1.018
2346	1CT4_I	2NU1_I			1.019
2347	1CT4_I	2NU2_I		u	1.018
2348	1CT4_I	2NU4_I		u	1.019
2349	1CT4_I	2SGP_I		u	1.016
2350	1CT4_I	2SGQ_I		u	1.018
2351	1CT4_I	3SGB_I		u	1.014
2353	1CZ8_H	1DQJ_A			0.684
2354	1CZ8_H	1DQJ_B			0.6887
2359	1CZ8_H	1JRH_H			0.7653
2362	1CZ8_H	1MHP_H			0.8529
2363	1CZ8_H	1MI5_E			0.8548
2364	1CZ8_H	1MLC_B			0.737
2366	1CZ8_H	1N8Z_B			0.9748
2367	1CZ8_H	1NCA_H			0.8905
2368	1CZ8_H	1OGA_E			0.8327
2373	1CZ8_H	1XGP_B			0.7025
2375	1CZ8_H	1XGQ_B			0.6966
2377	1CZ8_H	1XGR_B			0.703
2379	1CZ8_H	1XGT_B			0.7012
2381	1CZ8_H	1XGU_B			0.6907
2383	1CZ8_H	1YY9_D			0.8706
2384	1CZ8_H	2AK4_E			0.8198
2388	1CZ8_H	2B2X_H			0.8607
2390	1CZ8_H	2BDN_H			0.7351
2391	1CZ8_H	2BDN_L			0.6321
2399	1CZ8_H	2NYY_D			0.8911
2409	1CZ8_H	2VLR_E			0.8216
2411	1CZ8_H	3BN9_D			0.9243
2415	1CZ8_H	3D3V_E			0.8388
2416	1CZ8_H	3G6D_H			0.9185
2418	1CZ8_H	3HFM_H			0.9103
2420	1CZ8_H	3L5X_L			0.6249
2422	1CZ8_H	3N85_H			0.9726
2426	1CZ8_H	3NGB_L			0.698
2429	1CZ8_H	3QDG_E			0.8344
2430	1CZ8_H	3QDJ_E			0.8345
2432	1CZ8_H	3QIB_D			0.8628
2433	1CZ8_H	3SE8_H			0.7446
2434	1CZ8_H	3SE8_L			0.6696
2435	1CZ8_H	3SE9_H			0.7455
2436	1CZ8_H	3SE9_L			0.6475
2438	1CZ8_H	4B0M_M			0.6427
2439	1CZ8_H	4FTV_E			0.8355
2443	1CZ8_H	4I77_H			0.9409
2451	1CZ8_H	4L3E_E			0.8326
2460	1CZ8_H	4OZG_H			0.8421
2469	1CZ8_L	1CZ8_X	p		0.9885
2470	1CZ8_L	1DQJ_A			0.7489
2471	1CZ8_L	1DQJ_B			0.697
2472	1CZ8_L	1GC1_H			0.6684
2473	1CZ8_L	1GC1_L			0.8226
2474	1CZ8_L	1JRH_L			0.7874
2475	1CZ8_L	1LP9_E			0.7126
2476	1CZ8_L	1LP9_L			0.71
2477	1CZ8_L	1MHP_L			0.9043
2478	1CZ8_L	1MI5_D			0.7056
2479	1CZ8_L	1MLC_A			0.8481
2480	1CZ8_L	1MLC_B			0.6695
2481	1CZ8_L	1MLC_C			0.8776
2482	1CZ8_L	1MLC_D			0.6554
2483	1CZ8_L	1N8Z_A			0.9958
2484	1CZ8_L	1NCA_L			0.949
2485	1CZ8_L	1OGA_D			0.7348
2486	1CZ8_L	1QSE_D			0.7469
2487	1CZ8_L	1XGP_A			0.7516
2488	1CZ8_L	1XGP_B			0.6888
2489	1CZ8_L	1XGQ_A			0.7466
2490	1CZ8_L	1XGQ_B			0.6937
2491	1CZ8_L	1XGR_A			0.7532
2492	1CZ8_L	1XGR_B			0.6873
2493	1CZ8_L	1XGT_A			0.7522
2494	1CZ8_L	1XGT_B			0.6896
2495	1CZ8_L	1XGU_A			0.7455
2496	1CZ8_L	1XGU_B			0.6941
2497	1CZ8_L	1YQV_H			0.6303
2498	1CZ8_L	1YQV_L			0.8495
2499	1CZ8_L	1YY9_C			0.9178
2500	1CZ8_L	2AK4_D			0.7207
2501	1CZ8_L	2AK4_I			0.721
2502	1CZ8_L	2AK4_N			0.7342
2503	1CZ8_L	2AK4_T			0.7329
2504	1CZ8_L	2B2X_L			0.9334
2505	1CZ8_L	2B2X_M			0.935
2506	1CZ8_L	2BDN_H			0.6604
2507	1CZ8_L	2BDN_L			0.8157
2508	1CZ8_L	2BNQ_D			0.729
2509	1CZ8_L	2BNR_D			0.7309
2510	1CZ8_L	2J8U_E			0.712
2511	1CZ8_L	2J8U_L			0.7084
2512	1CZ8_L	2JCC_E			0.7085
2513	1CZ8_L	2JCC_L			0.7004
2514	1CZ8_L	2JEL_L			0.925
2515	1CZ8_L	2NYY_C			0.9632
2516	1CZ8_L	2NZ9_C			0.9405
2517	1CZ8_L	2NZ9_E			0.9488
2518	1CZ8_L	2P5E_D			0.7359
2519	1CZ8_L	2UWE_E			0.7099
2520	1CZ8_L	2UWE_L			0.7035
2521	1CZ8_L	2VIR_A			0.6519
2522	1CZ8_L	2VIR_B			0.7787
2523	1CZ8_L	2VIS_A			0.6512
2524	1CZ8_L	2VIS_B			0.7792
2525	1CZ8_L	2VLR_D			0.7247
2526	1CZ8_L	2VLR_I			0.7261
2527	1CZ8_L	3BN9_C			0.9806
2528	1CZ8_L	3BN9_E			0.9754
2529	1CZ8_L	3C60_A			0.7299
2530	1CZ8_L	3C60_E			0.7369
2531	1CZ8_L	3D3V_D			0.7447
2532	1CZ8_L	3G6D_L			0.9064
2533	1CZ8_L	3H9S_D			0.7336
2534	1CZ8_L	3HFM_L			0.9529
2535	1CZ8_L	3L5X_H			0.6346
2536	1CZ8_L	3L5X_L			0.8482
2537	1CZ8_L	3LZF_L			0.8886
2538	1CZ8_L	3N85_L			0.9932
2539	1CZ8_L	3NGB_B			0.76
2540	1CZ8_L	3NGB_E			0.7439
2541	1CZ8_L	3NGB_H			0.7501
2542	1CZ8_L	3NGB_J			0.7635
2543	1CZ8_L	3NPS_C			0.9183
2544	1CZ8_L	3PWP_D			0.7342
2545	1CZ8_L	3QDG_D			0.7491
2546	1CZ8_L	3QDJ_D			0.7456
2547	1CZ8_L	3QFJ_D			0.7381
2548	1CZ8_L	3QIB_C			0.7368
2549	1CZ8_L	3SE8_H			0.6778
2550	1CZ8_L	3SE8_L			0.7955
2551	1CZ8_L	3SE9_H			0.6899
2552	1CZ8_L	3SE9_L			0.812
2553	1CZ8_L	3W2D_L			0.9358
2554	1CZ8_L	4FTV_D			0.7408
2555	1CZ8_L	4GXU_M			0.7569
2556	1CZ8_L	4GXU_N			0.679
2557	1CZ8_L	4GXU_Q			0.7292
2558	1CZ8_L	4GXU_R			0.7201
2559	1CZ8_L	4I77_L			0.9951
2560	1CZ8_L	4JFD_D			0.7545
2561	1CZ8_L	4JFE_D			0.7502
2562	1CZ8_L	4JFF_D			0.7534
2563	1CZ8_L	4JPK_H			0.7055
2564	1CZ8_L	4JPK_L			0.7931
2565	1CZ8_L	4KRO_C			0.9965
2566	1CZ8_L	4KRP_C			0.9985
2567	1CZ8_L	4L3E_D			0.7496
2568	1CZ8_L	4MNQ_D			0.7451
2569	1CZ8_L	4NM8_H			0.6448
2570	1CZ8_L	4NM8_I			0.6306
2571	1CZ8_L	4NM8_J			0.642
2572	1CZ8_L	4NM8_L			0.8453
2573	1CZ8_L	4NM8_M			0.8475
2574	1CZ8_L	4NM8_N			0.8426
2575	1CZ8_L	4OZG_E			0.7099
2576	1CZ8_L	4OZG_G			0.7217
2577	1CZ8_L	4P23_A			0.7072
2578	1CZ8_L	4P5T_A			0.7242
2579	1CZ8_L	4P5T_E			0.7534
2580	1CZ8_L	4U6H_B			0.953
2581	1CZ8_L	4U6H_C			0.693
2582	1CZ8_L	4U6H_D			0.7634
2583	1CZ8_L	4ZS6_D			0.9584
2584	1CZ8_L	4ZS6_L			0.9847
2586	1CZ8_X	1DQJ_A			0.8005
2587	1CZ8_X	1DQJ_B			0.733
2590	1CZ8_X	1JRH_L			0.8425
2593	1CZ8_X	1MHP_H			0.6445
2594	1CZ8_X	1MHP_L			0.9544
2595	1CZ8_X	1MI5_D			0.7151
2596	1CZ8_X	1MLC_A			0.9025
2597	1CZ8_X	1MLC_B			0.7107
2600	1CZ8_X	1N8Z_A			0.9809
2602	1CZ8_X	1OGA_D			0.7301
2605	1CZ8_X	1XGP_B			0.7251
2607	1CZ8_X	1XGQ_B			0.73
2609	1CZ8_X	1XGR_B			0.7241
2611	1CZ8_X	1XGT_B			0.7262
2613	1CZ8_X	1XGU_B			0.7292
2616	1CZ8_X	1YY9_C			0.9617
2617	1CZ8_X	2AK4_D			0.7278
2621	1CZ8_X	2B2X_H			0.6304
2623	1CZ8_X	2B2X_L			0.9691
2625	1CZ8_X	2BDN_H			0.6981
2626	1CZ8_X	2BDN_L			0.8654
2635	1CZ8_X	2NYY_C			0.9894
2640	1CZ8_X	2P5E_D			0.7211
2656	1CZ8_X	3HFM_L			0.9785
2658	1CZ8_X	3L5X_L			0.901
2660	1CZ8_X	3N85_L			0.969
2663	1CZ8_X	3NGB_H			0.7338
2667	1CZ8_X	3QDG_D			0.7589
2668	1CZ8_X	3QDJ_D			0.7575
2670	1CZ8_X	3QIB_C			0.7221
2671	1CZ8_X	3SE8_H			0.7139
2672	1CZ8_X	3SE8_L			0.8497
2673	1CZ8_X	3SE9_H			0.7185
2674	1CZ8_X	3SE9_L			0.8661
2676	1CZ8_X	4FTV_D			0.7422
2681	1CZ8_X	4I77_L			0.9941
2689	1CZ8_X	4L3E_D			0.7558
2698	1CZ8_X	4OZG_G			0.7232
2707	1CZ8_Y	1DQJ_A			0.7402
2708	1CZ8_Y	1DQJ_B			0.7502
2713	1CZ8_Y	1JRH_H			0.8237
2714	1CZ8_Y	1JRH_L			0.7611
2717	1CZ8_Y	1MHP_H			0.9295
2718	1CZ8_Y	1MHP_L			0.6452
2719	1CZ8_Y	1MI5_E			0.8722
2720	1CZ8_Y	1MLC_A			0.6675
2721	1CZ8_Y	1MLC_B			0.8064
2724	1CZ8_Y	1N8Z_B			0.9492
2725	1CZ8_Y	1NCA_H			0.9438
2726	1CZ8_Y	1OGA_E			0.8677
2731	1CZ8_Y	1XGP_B			0.7654
2733	1CZ8_Y	1XGQ_B			0.7593
2735	1CZ8_Y	1XGR_B			0.7659
2737	1CZ8_Y	1XGT_B			0.7639
2739	1CZ8_Y	1XGU_B			0.7543
2742	1CZ8_Y	1YY9_C			0.6227
2743	1CZ8_Y	1YY9_D			0.9322
2744	1CZ8_Y	2AK4_E			0.856
2748	1CZ8_Y	2B2X_H			0.9428
2750	1CZ8_Y	2BDN_H			0.7996
2751	1CZ8_Y	2BDN_L			0.6848
2759	1CZ8_Y	2NYY_D			0.9544
2769	1CZ8_Y	2VLR_E			0.8616
2771	1CZ8_Y	3BN9_D			0.9474
2775	1CZ8_Y	3D3V_E			0.8617
2776	1CZ8_Y	3G6D_H			0.8636
2778	1CZ8_Y	3HFM_H			0.9428
2780	1CZ8_Y	3L5X_L			0.6843
2782	1CZ8_Y	3N85_H			0.9646
2786	1CZ8_Y	3NGB_L			0.6937
2789	1CZ8_Y	3QDG_E			0.8627
2790	1CZ8_Y	3QDJ_E			0.8631
2792	1CZ8_Y	3QIB_D			0.842
2793	1CZ8_Y	3SE8_H			0.8137
2794	1CZ8_Y	3SE8_L			0.7167
2795	1CZ8_Y	3SE9_H			0.8277
2796	1CZ8_Y	3SE9_L			0.7003
2798	1CZ8_Y	4B0M_M			0.6469
2799	1CZ8_Y	4FTV_E			0.8601
2804	1CZ8_Y	4I77_H			0.9354
2812	1CZ8_Y	4L3E_E			0.8662
2821	1CZ8_Y	4OZG_H			0.8529
2830	1DAN_H	1EAW_A			0.929
2831	1DAN_H	1EAW_C			0.9284
2832	1DAN_H	1F5R_A			0.961
2833	1DAN_H	1FY8_E			0.9627
2834	1DAN_H	1GL0_E			0.9436
2835	1DAN_H	1GL1_A			0.9452
2836	1DAN_H	1GL1_B			0.9434
2837	1DAN_H	1GL1_C			0.9449
2838	1DAN_H	1PPF_E			0.9431
2839	1DAN_H	1SMF_E			0.9624
2840	1DAN_H	2FTL_E			0.9599
2841	1DAN_H	3BN9_A			0.9294
2842	1DAN_H	3BN9_B			0.9289
2843	1DAN_H	3BTD_E			0.9608
2844	1DAN_H	3BTE_E			0.9606
2845	1DAN_H	3BTF_E			0.9604
2846	1DAN_H	3BTG_E			0.9605
2847	1DAN_H	3BTH_E			0.9604
2848	1DAN_H	3BTM_E			0.9604
2849	1DAN_H	3BTQ_E			0.9602
2850	1DAN_H	3BTT_E			0.9605
2851	1DAN_H	3BTW_E			0.9599
2852	1DAN_H	3F1S_B			0.8962
2853	1DAN_H	3NPS_A			0.928
2854	1DAN_H	3TGK_E			0.95
2855	1DAN_T	1JRH_I			0.91
2856	1DAN_U	1JRH_I			0.7655
2857	1DQJ_A	1DQJ_B	p		0.8118
2858	1DQJ_A	1GC1_H			0.8069
2859	1DQJ_A	1GC1_L			0.9664
2860	1DQJ_A	1JCK_A			0.7557
2861	1DQJ_A	1JCK_C			0.7557
2862	1DQJ_A	1JRH_H			0.7611
2863	1DQJ_A	1JRH_L		u	0.9688
2864	1DQJ_A	1LP9_E			0.6923
2865	1DQJ_A	1LP9_F			0.7818
2866	1DQJ_A	1LP9_L			0.6859
2867	1DQJ_A	1LP9_M			0.7858
2868	1DQJ_A	1MHP_H			0.7824
2869	1DQJ_A	1MHP_L			0.8924
2870	1DQJ_A	1MI5_D			0.6797
2871	1DQJ_A	1MI5_E			0.762
2872	1DQJ_A	1MLC_A		u	0.9386
2873	1DQJ_A	1MLC_B			0.8227
2874	1DQJ_A	1MLC_C		u	0.9192
2875	1DQJ_A	1MLC_D			0.8173
2876	1DQJ_A	1N8Z_A			0.7462
2877	1DQJ_A	1N8Z_B			0.7115
2878	1DQJ_A	1NCA_H			0.7743
2879	1DQJ_A	1NCA_L			0.8206
2880	1DQJ_A	1OGA_D			0.6623
2881	1DQJ_A	1OGA_E			0.7868
2882	1DQJ_A	1QSE_D			0.6754
2883	1DQJ_A	1QSE_E			0.7718
2884	1DQJ_A	1SBB_A			0.7389
2885	1DQJ_A	1SBB_C			0.7445
2886	1DQJ_A	1XGP_A		u	1.004
2887	1DQJ_A	1XGP_B			0.8157
2888	1DQJ_A	1XGQ_A		u	1.004
2889	1DQJ_A	1XGQ_B			0.8172
2890	1DQJ_A	1XGR_A			1.003
2891	1DQJ_A	1XGR_B			0.8147
2892	1DQJ_A	1XGT_A			1.004
2893	1DQJ_A	1XGT_B			0.8155
2894	1DQJ_A	1XGU_A		u	1.004
2895	1DQJ_A	1XGU_B			0.8144
2896	1DQJ_A	1YQV_H			0.8209
2897	1DQJ_A	1YQV_L			0.9491
2898	1DQJ_A	1YY9_C			0.8793
2899	1DQJ_A	1YY9_D			0.7628
2900	1DQJ_A	2AK4_D			0.6701
2901	1DQJ_A	2AK4_E			0.7904
2902	1DQJ_A	2AK4_I			0.6726
2903	1DQJ_A	2AK4_J			0.7901
2904	1DQJ_A	2AK4_N			0.6601
2905	1DQJ_A	2AK4_P			0.7822
2906	1DQJ_A	2AK4_T			0.6493
2907	1DQJ_A	2AK4_U			0.7777
2908	1DQJ_A	2B2X_H			0.7767
2909	1DQJ_A	2B2X_I			0.7762
2910	1DQJ_A	2B2X_L			0.871
2911	1DQJ_A	2B2X_M			0.8678
2912	1DQJ_A	2BDN_H			0.8051
2913	1DQJ_A	2BDN_L			0.9558
2914	1DQJ_A	2BNQ_D			0.6458
2915	1DQJ_A	2BNQ_E			0.7563
2916	1DQJ_A	2BNR_D			0.6467
2917	1DQJ_A	2BNR_E			0.7577
2918	1DQJ_A	2J8U_E			0.6941
2919	1DQJ_A	2J8U_F			0.7807
2920	1DQJ_A	2J8U_L			0.6889
2921	1DQJ_A	2J8U_M			0.7797
2922	1DQJ_A	2JCC_E			0.6908
2923	1DQJ_A	2JCC_F			0.7758
2924	1DQJ_A	2JCC_L			0.6781
2925	1DQJ_A	2JCC_M			0.7839
2926	1DQJ_A	2JEL_H			0.7862
2927	1DQJ_A	2JEL_L			0.8665
2928	1DQJ_A	2NYY_C			0.8233
2929	1DQJ_A	2NYY_D			0.7722
2930	1DQJ_A	2NZ9_C			0.8504
2931	1DQJ_A	2NZ9_D			0.7884
2932	1DQJ_A	2NZ9_E			0.8362
2933	1DQJ_A	2NZ9_F			0.7773
2934	1DQJ_A	2P5E_E			0.7471
2935	1DQJ_A	2UWE_E			0.6937
2936	1DQJ_A	2UWE_F			0.783
2937	1DQJ_A	2UWE_L			0.6845
2938	1DQJ_A	2UWE_M			0.7854
2939	1DQJ_A	2VIR_A			0.8633
2940	1DQJ_A	2VIR_B			0.7799
2941	1DQJ_A	2VIS_A			0.8629
2942	1DQJ_A	2VIS_B			0.782
2943	1DQJ_A	2VLR_D			0.6529
2944	1DQJ_A	2VLR_E			0.7978
2945	1DQJ_A	2VLR_I			0.6461
2946	1DQJ_A	2VLR_J			0.7914
2947	1DQJ_A	3BN9_C			0.8032
2948	1DQJ_A	3BN9_D			0.6887
2949	1DQJ_A	3BN9_E			0.8104
2950	1DQJ_A	3BN9_F			0.7338
2951	1DQJ_A	3C60_A			0.6796
2952	1DQJ_A	3C60_B			0.7502
2953	1DQJ_A	3C60_E			0.6775
2954	1DQJ_A	3C60_F			0.7527
2955	1DQJ_A	3D3V_D			0.6752
2956	1DQJ_A	3D3V_E			0.7641
2957	1DQJ_A	3G6D_H			0.6656
2958	1DQJ_A	3G6D_L			0.6832
2959	1DQJ_A	3H9S_D			0.6729
2960	1DQJ_A	3H9S_E			0.7778
2961	1DQJ_A	3HFM_H			0.751
2962	1DQJ_A	3HFM_L		u	0.8302
2963	1DQJ_A	3L5X_H			0.7948
2964	1DQJ_A	3L5X_L			0.9464
2965	1DQJ_A	3LZF_H			0.669
2966	1DQJ_A	3LZF_L			0.6718
2967	1DQJ_A	3N85_H			0.7052
2968	1DQJ_A	3N85_L			0.7294
2969	1DQJ_A	3NGB_B			0.6348
2970	1DQJ_A	3NGB_C			0.6757
2971	1DQJ_A	3NGB_F			0.631
2972	1DQJ_A	3NGB_H			0.6286
2973	1DQJ_A	3NGB_J			0.6305
2974	1DQJ_A	3NGB_K			0.6374
2975	1DQJ_A	3NGB_L			0.6959
2976	1DQJ_A	3NPS_B			0.7828
2977	1DQJ_A	3NPS_C			0.8562
2978	1DQJ_A	3PWP_D			0.6764
2979	1DQJ_A	3PWP_E			0.7774
2980	1DQJ_A	3QDG_D			0.691
2981	1DQJ_A	3QDG_E			0.7662
2982	1DQJ_A	3QDJ_D			0.6931
2983	1DQJ_A	3QDJ_E			0.7656
2984	1DQJ_A	3QFJ_D			0.6774
2985	1DQJ_A	3QFJ_E			0.7785
2986	1DQJ_A	3QIB_D			0.679
2987	1DQJ_A	3SE8_H			0.816
2988	1DQJ_A	3SE8_L			0.9756
2989	1DQJ_A	3SE9_H			0.8319
2990	1DQJ_A	3SE9_L			0.9546
2991	1DQJ_A	3W2D_H			0.7723
2992	1DQJ_A	3W2D_L			0.8444
2993	1DQJ_A	4FTV_D			0.6742
2994	1DQJ_A	4FTV_E			0.7667
2995	1DQJ_A	4GXU_M			0.8065
2996	1DQJ_A	4GXU_N			0.8844
2997	1DQJ_A	4GXU_Q			0.8289
2998	1DQJ_A	4GXU_R			0.9042
2999	1DQJ_A	4I77_H			0.7215
3000	1DQJ_A	4I77_L			0.7744
3001	1DQJ_A	4JFD_D			0.6716
3002	1DQJ_A	4JFD_E			0.7191
3003	1DQJ_A	4JFE_D			0.6738
3004	1DQJ_A	4JFE_E			0.7336
3005	1DQJ_A	4JFF_D			0.6752
3006	1DQJ_A	4JFF_E			0.7308
3007	1DQJ_A	4JPK_H			0.8186
3008	1DQJ_A	4JPK_L			0.9737
3009	1DQJ_A	4KRO_C			0.7394
3010	1DQJ_A	4KRO_D			0.668
3011	1DQJ_A	4KRP_C			0.7452
3012	1DQJ_A	4KRP_D			0.6754
3013	1DQJ_A	4L3E_D			0.6855
3014	1DQJ_A	4L3E_E			0.7765
3015	1DQJ_A	4MNQ_D			0.6632
3016	1DQJ_A	4MNQ_E			0.7492
3017	1DQJ_A	4NM8_H			0.7946
3018	1DQJ_A	4NM8_I			0.7792
3019	1DQJ_A	4NM8_J			0.7883
3020	1DQJ_A	4NM8_L			0.9524
3021	1DQJ_A	4NM8_M			0.9513
3022	1DQJ_A	4NM8_N			0.9566
3023	1DQJ_A	4OZG_E			0.6815
3024	1DQJ_A	4OZG_F			0.7796
3025	1DQJ_A	4OZG_G			0.6722
3026	1DQJ_A	4OZG_H			0.7361
3027	1DQJ_A	4P23_A			0.6854
3028	1DQJ_A	4P23_B			0.7678
3029	1DQJ_A	4P5T_A			0.6734
3030	1DQJ_A	4P5T_B			0.7644
3031	1DQJ_A	4P5T_F			0.7225
3032	1DQJ_A	4U6H_A			0.7441
3033	1DQJ_A	4U6H_B			0.8317
3034	1DQJ_A	4U6H_C			0.8221
3035	1DQJ_A	4U6H_D			0.9804
3036	1DQJ_A	4ZS6_C			0.7623
3037	1DQJ_A	4ZS6_D			0.8355
3038	1DQJ_A	4ZS6_H			0.7355
3039	1DQJ_A	4ZS6_L			0.7967
3040	1DQJ_B	1GC1_H			0.914
3041	1DQJ_B	1GC1_L			0.8024
3042	1DQJ_B	1JCK_A			0.752
3043	1DQJ_B	1JCK_C			0.752
3044	1DQJ_B	1JRH_H			0.923
3045	1DQJ_B	1JRH_L			0.844
3046	1DQJ_B	1LP9_E			0.702
3047	1DQJ_B	1LP9_F			0.754
3048	1DQJ_B	1LP9_L			0.704
3049	1DQJ_B	1LP9_M			0.7577
3050	1DQJ_B	1MHP_H			0.835
3051	1DQJ_B	1MHP_L			0.7737
3052	1DQJ_B	1MI5_D			0.6981
3053	1DQJ_B	1MI5_E			0.7351
3054	1DQJ_B	1MLC_A			0.8134
3055	1DQJ_B	1MLC_B			0.9473
3056	1DQJ_B	1MLC_C			0.7992
3057	1DQJ_B	1MLC_D			0.9433
3058	1DQJ_B	1N8Z_A			0.6974
3059	1DQJ_B	1N8Z_B			0.7185
3060	1DQJ_B	1NCA_H		u	0.7789
3061	1DQJ_B	1NCA_L			0.7615
3062	1DQJ_B	1OGA_D			0.6691
3063	1DQJ_B	1OGA_E			0.7631
3064	1DQJ_B	1QSE_D			0.6866
3065	1DQJ_B	1QSE_E			0.7452
3066	1DQJ_B	1SBB_A			0.7242
3067	1DQJ_B	1SBB_C			0.754
3068	1DQJ_B	1XGP_A			0.8103
3069	1DQJ_B	1XGP_B			0.9996
3070	1DQJ_B	1XGQ_A			0.8101
3071	1DQJ_B	1XGQ_B			1.002
3072	1DQJ_B	1XGR_A			0.8077
3073	1DQJ_B	1XGR_B			0.9995
3074	1DQJ_B	1XGT_A			0.8091
3075	1DQJ_B	1XGT_B			1.0
3076	1DQJ_B	1XGU_A			0.8124
3077	1DQJ_B	1XGU_B			1.003
3078	1DQJ_B	1YQV_H			0.9007
3079	1DQJ_B	1YQV_L			0.8089
3080	1DQJ_B	1YY9_C			0.7793
3081	1DQJ_B	1YY9_D			0.8082
3082	1DQJ_B	2AK4_D			0.6871
3083	1DQJ_B	2AK4_E			0.769
3084	1DQJ_B	2AK4_I			0.6888
3085	1DQJ_B	2AK4_J			0.7695
3086	1DQJ_B	2AK4_N			0.6751
3087	1DQJ_B	2AK4_P			0.768
3088	1DQJ_B	2AK4_T			0.6616
3089	1DQJ_B	2AK4_U			0.7605
3090	1DQJ_B	2B2X_H			0.8328
3091	1DQJ_B	2B2X_I			0.8319
3092	1DQJ_B	2B2X_L			0.7701
3093	1DQJ_B	2B2X_M			0.7658
3094	1DQJ_B	2BDN_H			0.9529
3095	1DQJ_B	2BDN_L			0.8272
3096	1DQJ_B	2BNQ_D			0.6576
3097	1DQJ_B	2BNQ_E			0.7291
3098	1DQJ_B	2BNR_D			0.6585
3099	1DQJ_B	2BNR_E			0.7303
3100	1DQJ_B	2J8U_E			0.7009
3101	1DQJ_B	2J8U_F			0.7537
3102	1DQJ_B	2J8U_L			0.7012
3103	1DQJ_B	2J8U_M			0.7551
3104	1DQJ_B	2JCC_E			0.6968
3105	1DQJ_B	2JCC_F			0.7495
3106	1DQJ_B	2JCC_L			0.6944
3107	1DQJ_B	2JCC_M			0.7554
3108	1DQJ_B	2JEL_H			0.8409
3109	1DQJ_B	2JEL_L			0.7789
3110	1DQJ_B	2NYY_C			0.7385
3111	1DQJ_B	2NYY_D			0.8036
3112	1DQJ_B	2NZ9_C			0.7531
3113	1DQJ_B	2NZ9_D			0.8422
3114	1DQJ_B	2NZ9_E			0.7418
3115	1DQJ_B	2NZ9_F			0.8163
3116	1DQJ_B	2P5E_D			0.6594
3117	1DQJ_B	2P5E_E			0.7272
3118	1DQJ_B	2UWE_E			0.7006
3119	1DQJ_B	2UWE_F			0.7555
3120	1DQJ_B	2UWE_L			0.6948
3121	1DQJ_B	2UWE_M			0.7588
3122	1DQJ_B	2VIR_A			0.7624
3123	1DQJ_B	2VIR_B			0.9259
3124	1DQJ_B	2VIS_A			0.7616
3125	1DQJ_B	2VIS_B			0.9275
3126	1DQJ_B	2VLR_D			0.6732
3127	1DQJ_B	2VLR_E			0.7782
3128	1DQJ_B	2VLR_I			0.6663
3129	1DQJ_B	2VLR_J			0.7631
3130	1DQJ_B	3BN9_C			0.7272
3131	1DQJ_B	3BN9_D			0.7125
3132	1DQJ_B	3BN9_E			0.7304
3133	1DQJ_B	3BN9_F			0.7407
3134	1DQJ_B	3C60_A			0.6811
3135	1DQJ_B	3C60_B			0.7345
3136	1DQJ_B	3C60_E			0.6841
3137	1DQJ_B	3C60_F			0.7376
3138	1DQJ_B	3D3V_D			0.6837
3139	1DQJ_B	3D3V_E			0.7363
3140	1DQJ_B	3G6D_L			0.6543
3141	1DQJ_B	3H9S_D			0.6899
3142	1DQJ_B	3H9S_E			0.7473
3143	1DQJ_B	3HFM_H			0.7848
3144	1DQJ_B	3HFM_L			0.7463
3145	1DQJ_B	3L5X_H			0.892
3146	1DQJ_B	3L5X_L			0.7898
3147	1DQJ_B	3LZF_H			0.6581
3148	1DQJ_B	3LZF_L			0.6396
3149	1DQJ_B	3N85_H			0.714
3150	1DQJ_B	3N85_L			0.6889
3151	1DQJ_B	3NGB_B			0.6878
3152	1DQJ_B	3NGB_E			0.6393
3153	1DQJ_B	3NGB_H			0.6939
3154	1DQJ_B	3NGB_J			0.6642
3155	1DQJ_B	3NPS_B			0.821
3156	1DQJ_B	3NPS_C			0.7681
3157	1DQJ_B	3PWP_D			0.6876
3158	1DQJ_B	3PWP_E			0.746
3159	1DQJ_B	3QDG_D			0.7016
3160	1DQJ_B	3QDG_E			0.7479
3161	1DQJ_B	3QDJ_D			0.7044
3162	1DQJ_B	3QDJ_E			0.7482
3163	1DQJ_B	3QFJ_D			0.6953
3164	1DQJ_B	3QFJ_E			0.7481
3165	1DQJ_B	3SE8_H			0.9399
3166	1DQJ_B	3SE8_L			0.832
3167	1DQJ_B	3SE9_H			0.9305
3168	1DQJ_B	3SE9_L			0.8412
3169	1DQJ_B	3W2D_H			0.809
3170	1DQJ_B	3W2D_L			0.7582
3171	1DQJ_B	4FTV_D			0.6866
3172	1DQJ_B	4FTV_E			0.7375
3173	1DQJ_B	4GXU_M			0.9361
3174	1DQJ_B	4GXU_N			0.7813
3175	1DQJ_B	4GXU_Q			0.9553
3176	1DQJ_B	4GXU_R			0.8055
3177	1DQJ_B	4I77_H			0.7466
3178	1DQJ_B	4I77_L			0.7104
3179	1DQJ_B	4JFD_D			0.6845
3180	1DQJ_B	4JFD_E			0.6881
3181	1DQJ_B	4JFE_D			0.6815
3182	1DQJ_B	4JFE_E			0.703
3183	1DQJ_B	4JFF_D			0.6802
3184	1DQJ_B	4JFF_E			0.6982
3185	1DQJ_B	4JPK_H			0.9574
3186	1DQJ_B	4JPK_L			0.8447
3187	1DQJ_B	4KRO_C			0.6891
3188	1DQJ_B	4KRO_D			0.6765
3189	1DQJ_B	4KRP_C			0.693
3190	1DQJ_B	4KRP_D			0.6873
3191	1DQJ_B	4L3E_D			0.6997
3192	1DQJ_B	4L3E_E			0.759
3193	1DQJ_B	4MNQ_D			0.6672
3194	1DQJ_B	4MNQ_E			0.7323
3195	1DQJ_B	4NM8_H			0.8943
3196	1DQJ_B	4NM8_I			0.8792
3197	1DQJ_B	4NM8_J			0.8908
3198	1DQJ_B	4NM8_L			0.8035
3199	1DQJ_B	4NM8_M			0.8043
3200	1DQJ_B	4NM8_N			0.8051
3201	1DQJ_B	4OZG_E			0.7123
3202	1DQJ_B	4OZG_F			0.7398
3203	1DQJ_B	4OZG_G			0.6988
3204	1DQJ_B	4OZG_H			0.7083
3205	1DQJ_B	4P23_A			0.6931
3206	1DQJ_B	4P23_B			0.7457
3207	1DQJ_B	4P5T_A			0.6944
3208	1DQJ_B	4P5T_B			0.7377
3209	1DQJ_B	4P5T_E			0.6713
3210	1DQJ_B	4P5T_F			0.7017
3211	1DQJ_B	4U6H_A			0.7456
3212	1DQJ_B	4U6H_B			0.7628
3213	1DQJ_B	4U6H_C			0.9602
3214	1DQJ_B	4U6H_D			0.8204
3215	1DQJ_B	4ZS6_C			0.7785
3216	1DQJ_B	4ZS6_D			0.7422
3217	1DQJ_B	4ZS6_H			0.7478
3218	1DQJ_B	4ZS6_L			0.7246
3219	1DQJ_C	1KIP_C		u	0.982
3220	1DQJ_C	1KIQ_C		u	0.9821
3221	1DQJ_C	1KIR_C		u	0.9811
3222	1DQJ_C	1MLC_E		u	0.9918
3223	1DQJ_C	1MLC_F		u	0.9941
3224	1DQJ_C	1UUZ_C		u	0.9899
3225	1DQJ_C	1UUZ_D		u	0.9885
3226	1DQJ_C	1VFB_C		u	0.9813
3227	1DQJ_C	1XGP_C		u	1.007
3228	1DQJ_C	1XGQ_C		u	1.006
3229	1DQJ_C	1XGR_C		u	1.006
3230	1DQJ_C	1XGT_C		u	1.006
3231	1DQJ_C	1XGU_C		u	1.007
3232	1DQJ_C	1YQV_Y		u	0.9944
3233	1DQJ_C	2I26_L		u	0.9981
3234	1DQJ_C	2I26_M		u	0.9969
3235	1DQJ_C	2I26_Q		u	0.9973
3236	1DQJ_C	3HFM_Y		u	0.9928
3237	1DVF_A	1DVF_B	p		0.8857
3238	1DVF_A	1DVF_C	p		0.9924
3239	1DVF_A	1DVF_D	p		0.8977
3240	1DVF_A	1JRH_I			0.6959
3241	1DVF_A	1JRH_L			0.9892
3242	1DVF_A	1KAC_B			0.8454
3243	1DVF_A	1KIP_A		u	1.004
3244	1DVF_A	1KIP_B			0.8783
3245	1DVF_A	1KIQ_A		u	1.004
3246	1DVF_A	1KIQ_B			0.8785
3247	1DVF_A	1KIR_A			1.004
3248	1DVF_A	1KIR_B			0.8785
3249	1DVF_A	1MHP_X			0.8686
3250	1DVF_A	1MHP_Y			0.9871
3251	1DVF_A	1NMB_H			0.8758
3252	1DVF_A	1NMB_L			0.9845
3253	1DVF_A	1P69_B			0.8454
3254	1DVF_A	1P6A_B			0.8442
3255	1DVF_A	1VFB_A		u	1.004
3256	1DVF_A	1VFB_B			0.8776
3257	1DVF_A	2AW2_A			0.8157
3258	1DVF_A	2AW2_X			0.82
3259	1DVF_A	2E7L_A			0.8692
3260	1DVF_A	2E7L_B			0.8716
3261	1DVF_A	2E7L_C			0.8843
3262	1DVF_A	2E7L_D			0.8895
3263	1DVF_A	2I26_N			0.8394
3264	1DVF_A	2I26_O			0.8381
3265	1DVF_A	2I26_P			0.8415
3266	1DVF_A	2J12_B			0.8405
3267	1DVF_A	2J1K_A			0.8505
3268	1DVF_A	2J1K_B			0.7943
3269	1DVF_A	2J1K_G			0.8475
3270	1DVF_A	2J1K_J			0.851
3271	1DVF_A	2J1K_K			0.85
3272	1DVF_A	2J1K_O			0.8417
3273	1DVF_A	2J1K_P			0.8499
3274	1DVF_A	2J1K_T			0.851
3275	1DVF_A	2J1K_V			0.8527
3276	1DVF_A	2J1K_X			0.8505
3277	1DVF_A	2J1K_Y			0.8517
3278	1DVF_A	2J1K_Z			0.8496
3279	1DVF_A	2OI9_B			0.8693
3280	1DVF_A	2OI9_C			0.8872
3281	1DVF_A	4GXU_O			0.8657
3282	1DVF_A	4GXU_P			0.9162
3283	1DVF_A	4GXU_S			0.8691
3284	1DVF_A	4GXU_T			0.9143
3285	1DVF_A	4GXU_U			0.8726
3286	1DVF_A	4GXU_V			0.9126
3287	1DVF_A	4GXU_W			0.8669
3288	1DVF_A	4GXU_X			0.9245
3289	1DVF_A	4KRL_B			0.8743
3290	1DVF_A	4KRO_B			0.7512
3291	1DVF_A	4KRP_B			0.7956
3292	1DVF_A	5C6T_H			0.8256
3293	1DVF_A	5C6T_L			0.9262
3294	1DVF_A	5E9D_D			0.8546
3295	1DVF_A	5E9D_E			0.8926
3296	1DVF_A	5E9D_I			0.8608
3297	1DVF_A	5E9D_J			0.8939
3298	1DVF_B	1DVF_C	p		0.8921
3299	1DVF_B	1DVF_D	p		0.9681
3300	1DVF_B	1E50_A			0.6614
3301	1DVF_B	1E50_Q			0.6538
3302	1DVF_B	1JRH_H			0.9874
3303	1DVF_B	1KAC_B			0.7898
3304	1DVF_B	1KIP_A			0.8888
3305	1DVF_B	1KIP_B			0.9969
3306	1DVF_B	1KIQ_A			0.8868
3307	1DVF_B	1KIQ_B			0.9968
3308	1DVF_B	1KIR_A			0.8868
3309	1DVF_B	1KIR_B		u	0.9974
3310	1DVF_B	1MHP_X			0.9597
3311	1DVF_B	1MHP_Y			0.8839
3312	1DVF_B	1NMB_H			0.9407
3313	1DVF_B	1NMB_L			0.8747
3314	1DVF_B	1P69_B			0.7898
3315	1DVF_B	1P6A_B			0.7912
3316	1DVF_B	1VFB_A			0.8866
3317	1DVF_B	1VFB_B		u	0.9965
3318	1DVF_B	2AW2_A			0.8017
3319	1DVF_B	2AW2_X			0.8071
3320	1DVF_B	2E7L_A			0.8718
3321	1DVF_B	2E7L_B			0.8712
3322	1DVF_B	2E7L_C			0.8696
3323	1DVF_B	2E7L_D			0.873
3324	1DVF_B	2I26_N			0.7786
3325	1DVF_B	2I26_O			0.7807
3326	1DVF_B	2I26_P			0.7828
3327	1DVF_B	2J12_B			0.7956
3328	1DVF_B	2J1K_A			0.7916
3329	1DVF_B	2J1K_B			0.7699
3330	1DVF_B	2J1K_G			0.7973
3331	1DVF_B	2J1K_J			0.8013
3332	1DVF_B	2J1K_K			0.7993
3333	1DVF_B	2J1K_O			0.7981
3334	1DVF_B	2J1K_P			0.7999
3335	1DVF_B	2J1K_T			0.7971
3336	1DVF_B	2J1K_V			0.7972
3337	1DVF_B	2J1K_X			0.7988
3338	1DVF_B	2J1K_Y			0.7949
3339	1DVF_B	2J1K_Z			0.791
3340	1DVF_B	2OI9_B			0.8753
3341	1DVF_B	2OI9_C			0.8737
3342	1DVF_B	4GXU_O			0.9517
3343	1DVF_B	4GXU_P			0.8517
3344	1DVF_B	4GXU_S			0.9564
3345	1DVF_B	4GXU_T			0.8451
3346	1DVF_B	4GXU_U			0.9585
3347	1DVF_B	4GXU_V			0.8503
3348	1DVF_B	4GXU_W			0.9524
3349	1DVF_B	4GXU_X			0.8584
3350	1DVF_B	4KRL_B			0.9377
3351	1DVF_B	4KRO_B			0.8166
3352	1DVF_B	4KRP_B			0.8755
3353	1DVF_B	5C6T_H			0.9034
3354	1DVF_B	5C6T_L			0.8633
3355	1DVF_B	5E9D_D			0.8709
3356	1DVF_B	5E9D_E			0.8449
3357	1DVF_B	5E9D_I			0.8696
3358	1DVF_B	5E9D_J			0.8471
3359	1DVF_C	1DVF_D	p		0.9055
3360	1DVF_C	1E50_Q			0.6296
3361	1DVF_C	1E50_R			0.6284
3362	1DVF_C	1JRH_I			0.6983
3363	1DVF_C	1JRH_L			0.9778
3364	1DVF_C	1KAC_B			0.847
3365	1DVF_C	1KIP_A			0.9928
3366	1DVF_C	1KIP_B			0.8855
3367	1DVF_C	1KIQ_A			0.9934
3368	1DVF_C	1KIQ_B			0.8854
3369	1DVF_C	1KIR_A			0.9924
3370	1DVF_C	1KIR_B			0.8848
3371	1DVF_C	1MHP_X			0.8775
3372	1DVF_C	1MHP_Y			0.9797
3373	1DVF_C	1NMB_H			0.8891
3374	1DVF_C	1NMB_L			0.9892
3375	1DVF_C	1P69_B			0.847
3376	1DVF_C	1P6A_B			0.8457
3377	1DVF_C	1VFB_A			0.9927
3378	1DVF_C	1VFB_B			0.8843
3379	1DVF_C	2AW2_A			0.8067
3380	1DVF_C	2AW2_X			0.8095
3381	1DVF_C	2E7L_A			0.868
3382	1DVF_C	2E7L_B			0.8701
3383	1DVF_C	2E7L_C			0.8852
3384	1DVF_C	2E7L_D			0.8895
3385	1DVF_C	2I26_N			0.8493
3386	1DVF_C	2I26_O			0.8482
3387	1DVF_C	2I26_P			0.8496
3388	1DVF_C	2J12_B			0.8418
3389	1DVF_C	2J1K_A			0.8483
3390	1DVF_C	2J1K_B			0.7935
3391	1DVF_C	2J1K_G			0.8481
3392	1DVF_C	2J1K_J			0.8523
3393	1DVF_C	2J1K_K			0.8513
3394	1DVF_C	2J1K_O			0.8439
3395	1DVF_C	2J1K_P			0.8509
3396	1DVF_C	2J1K_T			0.8503
3397	1DVF_C	2J1K_V			0.8515
3398	1DVF_C	2J1K_X			0.8513
3399	1DVF_C	2J1K_Y			0.8513
3400	1DVF_C	2J1K_Z			0.8482
3401	1DVF_C	2OI9_B			0.8674
3402	1DVF_C	2OI9_C			0.8865
3403	1DVF_C	4GXU_O			0.8719
3404	1DVF_C	4GXU_P			0.9126
3405	1DVF_C	4GXU_S			0.8768
3406	1DVF_C	4GXU_T			0.9082
3407	1DVF_C	4GXU_U			0.8794
3408	1DVF_C	4GXU_V			0.9096
3409	1DVF_C	4GXU_W			0.8736
3410	1DVF_C	4GXU_X			0.9249
3411	1DVF_C	4KRL_B			0.88
3412	1DVF_C	4KRO_B			0.7524
3413	1DVF_C	4KRP_B			0.7969
3414	1DVF_C	5C6T_H			0.8283
3415	1DVF_C	5C6T_L			0.9253
3416	1DVF_C	5E9D_D			0.858
3417	1DVF_C	5E9D_E			0.8926
3418	1DVF_C	5E9D_I			0.8636
3419	1DVF_C	5E9D_J			0.8936
3420	1DVF_D	1JRH_H			0.9425
3421	1DVF_D	1KAC_B			0.7659
3422	1DVF_D	1KIP_A			0.9005
3423	1DVF_D	1KIP_B			0.9622
3424	1DVF_D	1KIQ_A			0.8998
3425	1DVF_D	1KIQ_B			0.9612
3426	1DVF_D	1KIR_A			0.8999
3427	1DVF_D	1KIR_B			0.9615
3428	1DVF_D	1MHP_X			0.9329
3429	1DVF_D	1MHP_Y			0.8957
3430	1DVF_D	1NMB_H			0.9261
3431	1DVF_D	1NMB_L			0.8929
3432	1DVF_D	1P69_B			0.7659
3433	1DVF_D	1P6A_B			0.7648
3434	1DVF_D	1VFB_A			0.8999
3435	1DVF_D	1VFB_B			0.9612
3436	1DVF_D	2AW2_A			0.8202
3437	1DVF_D	2AW2_X			0.8242
3438	1DVF_D	2E7L_A			0.8869
3439	1DVF_D	2E7L_B			0.8859
3440	1DVF_D	2E7L_C			0.876
3441	1DVF_D	2E7L_D			0.8782
3442	1DVF_D	2I26_N			0.7931
3443	1DVF_D	2I26_O			0.7935
3444	1DVF_D	2I26_P			0.797
3445	1DVF_D	2J12_B			0.7732
3446	1DVF_D	2J1K_A			0.7667
3447	1DVF_D	2J1K_B			0.7736
3448	1DVF_D	2J1K_G			0.7713
3449	1DVF_D	2J1K_J			0.7775
3450	1DVF_D	2J1K_K			0.7758
3451	1DVF_D	2J1K_O			0.7908
3452	1DVF_D	2J1K_P			0.7743
3453	1DVF_D	2J1K_T			0.7725
3454	1DVF_D	2J1K_V			0.7733
3455	1DVF_D	2J1K_X			0.7731
3456	1DVF_D	2J1K_Y			0.7714
3457	1DVF_D	2J1K_Z			0.766
3458	1DVF_D	2OI9_B			0.8864
3459	1DVF_D	2OI9_C			0.8776
3460	1DVF_D	4GXU_O			0.9054
3461	1DVF_D	4GXU_P			0.8705
3462	1DVF_D	4GXU_S			0.9104
3463	1DVF_D	4GXU_T			0.8636
3464	1DVF_D	4GXU_U			0.9148
3465	1DVF_D	4GXU_V			0.8678
3466	1DVF_D	4GXU_W			0.9066
3467	1DVF_D	4GXU_X			0.8771
3468	1DVF_D	4KRL_B			0.8859
3469	1DVF_D	4KRO_B			0.8085
3470	1DVF_D	4KRP_B			0.852
3471	1DVF_D	5C6T_H			0.9164
3472	1DVF_D	5C6T_L			0.8932
3473	1DVF_D	5E9D_D			0.8793
3474	1DVF_D	5E9D_E			0.8583
3475	1DVF_D	5E9D_I			0.8825
3476	1DVF_D	5E9D_J			0.8604
3477	1E50_A	1E50_C	p	u	0.9991
3478	1E50_A	1E50_E	p	u	0.9985
3479	1E50_A	1E50_G	p	u	1.003
3480	1E50_A	1E50_Q	p	u	0.9952
3481	1E50_A	1E50_R	p	u	0.9944
3482	1E50_A	1H9D_A		u	1.003
3483	1E50_A	1H9D_C		u	1.002
3484	1E50_A	1KIP_B			0.6646
3485	1E50_A	1KIQ_B			0.6649
3486	1E50_A	1KIR_B			0.6582
3487	1E50_A	1MHP_X			0.6647
3488	1E50_A	1VFB_B			0.6588
3489	1E50_A	2I26_P			0.6547
3490	1E50_B	1E50_D	p	u	1.003
3491	1E50_B	1E50_F	p	u	1.003
3492	1E50_B	1E50_H	p	u	1.007
3493	1E50_B	1H9D_B		u	0.9989
3494	1E50_B	1H9D_D		u	0.9896
3503	1E50_D	1H9D_B		u	0.9973
3512	1E50_F	1H9D_B		u	0.9969
3519	1E50_H	1H9D_B		u	0.999
3524	1E50_Q	1KIP_B			0.6626
3525	1E50_Q	1KIQ_B			0.6629
3527	1E50_Q	1VFB_B			0.665
3532	1E50_Q	5E9D_D			0.6372
3535	1E50_R	1KIP_B			0.6538
3536	1E50_R	1KIQ_B			0.6608
3539	1E50_R	1VFB_B			0.6616
3544	1E50_R	5E9D_D			0.6355
3545	1E96_A	1GRN_A			0.9776
3546	1E96_A	1GUA_A			0.9346
3547	1E96_A	1HE8_B			0.9514
3548	1E96_A	1K8R_A			0.9511
3549	1E96_A	1LFD_B			0.9494
3550	1E96_A	1LFD_D			0.9485
3551	1E96_A	2A9K_A			0.9212
3552	1E96_A	2REX_B			0.9684
3553	1E96_A	2REX_D			0.9658
3554	1E96_A	3EG5_A			0.9836
3555	1E96_A	3EG5_C			0.9836
3556	1E96_A	3KUD_A			0.9482
3557	1E96_A	3Q3J_B			0.972
3558	1E96_A	4G0N_A			0.9538
3559	1E96_A	5TAR_A			0.8897
3560	1E96_A	5UFE_A			0.9172
3561	1E96_A	5UFQ_A			0.9232
3562	1E96_A	5UFQ_B			0.9242
3563	1E96_A	5XCO_A			0.9224
3564	1EAW_A	1EAW_C	p	u	0.9957
3565	1EAW_A	1F5R_A			0.9787
3566	1EAW_A	1FY8_E			0.9805
3567	1EAW_A	1GL0_E			0.9586
3568	1EAW_A	1GL1_A			0.9607
3569	1EAW_A	1GL1_B			0.9598
3570	1EAW_A	1GL1_C			0.9607
3571	1EAW_A	1PPF_E			0.9583
3572	1EAW_A	1SMF_E			0.9776
3573	1EAW_A	2FTL_E			0.9776
3574	1EAW_A	3BN9_A		u	0.9927
3575	1EAW_A	3BN9_B		u	0.9929
3576	1EAW_A	3BTD_E			0.9773
3577	1EAW_A	3BTE_E			0.9773
3578	1EAW_A	3BTF_E			0.9767
3579	1EAW_A	3BTG_E			0.9774
3580	1EAW_A	3BTH_E			0.977
3581	1EAW_A	3BTM_E			0.9772
3582	1EAW_A	3BTQ_E			0.9772
3583	1EAW_A	3BTT_E			0.9772
3584	1EAW_A	3BTW_E			0.9763
3585	1EAW_A	3F1S_B			0.8853
3586	1EAW_A	3NPS_A		u	0.9945
3587	1EAW_A	3TGK_E			0.9678
3591	1EAW_B	2FTL_I		u	0.9838
3592	1EAW_B	3BTD_I		u	0.9992
3593	1EAW_B	3BTE_I		u	0.9997
3594	1EAW_B	3BTF_I		u	0.9998
3595	1EAW_B	3BTG_I		u	0.9998
3596	1EAW_B	3BTH_I		u	1.0
3597	1EAW_B	3BTM_I		u	0.9979
3598	1EAW_B	3BTQ_I		u	1.0
3599	1EAW_B	3BTT_I		u	1.0
3600	1EAW_B	3BTW_I		u	1.0
3602	1EAW_C	1F5R_A			0.9793
3603	1EAW_C	1FY8_E			0.9812
3612	1EAW_C	3BN9_B		u	0.9912
3623	1EAW_C	3NPS_A		u	0.9947
3624	1EAW_C	3TGK_E			0.9681
3627	1EAW_D	2FTL_I		u	0.9696
3628	1EAW_D	3BTD_I		u	0.9874
3629	1EAW_D	3BTE_I		u	0.9865
3630	1EAW_D	3BTF_I		u	0.9867
3631	1EAW_D	3BTG_I		u	0.9868
3632	1EAW_D	3BTH_I		u	0.9873
3633	1EAW_D	3BTM_I		u	0.9856
3634	1EAW_D	3BTQ_I		u	0.986
3635	1EAW_D	3BTT_I		u	0.9872
3636	1EAW_D	3BTW_I		u	0.988
3638	1EFN_A	1EFN_C	p	u	0.9904
3639	1EFN_A	1GCQ_A			0.9394
3640	1EFN_A	1GCQ_B			0.9345
3641	1EFN_A	1GCQ_C			0.9063
3645	1EFN_C	1GCQ_C			0.8915
3646	1EMV_A	1FR2_A		u	1.005
3647	1EMV_A	2GYK_A		u	1.008
3648	1EMV_A	2GYK_E		u	1.007
3649	1EMV_A	2VLN_A		u	1.008
3650	1EMV_A	2VLO_A		u	1.006
3651	1EMV_A	2VLP_A		u	1.007
3652	1EMV_A	2VLQ_A		u	0.9905
3653	1EMV_A	2WPT_A			0.9863
3654	1EMV_B	1FR2_B		u	0.9953
3655	1EMV_B	2GYK_B		u	0.9982
3656	1EMV_B	2GYK_F		u	1.001
3657	1EMV_B	2VLN_B		u	0.9943
3658	1EMV_B	2VLO_B		u	0.9994
3659	1EMV_B	2VLP_B		u	0.9921
3660	1EMV_B	2VLQ_B		u	0.9924
3661	1EMV_B	2WPT_B		u	0.9983
3662	1F5R_A	1FY8_E		u	1.004
3663	1F5R_A	1GL0_E			0.963
3664	1F5R_A	1GL1_A			0.9613
3665	1F5R_A	1GL1_B			0.9602
3666	1F5R_A	1GL1_C			0.9603
3667	1F5R_A	1PPF_E			0.9205
3668	1F5R_A	1SGD_E			0.7488
3669	1F5R_A	1SGE_E			0.7491
3670	1F5R_A	1SGN_E			0.749
3671	1F5R_A	1SGP_E			0.7495
3672	1F5R_A	1SGQ_E			0.7492
3673	1F5R_A	1SGY_E			0.7498
3674	1F5R_A	1SMF_E			0.9953
3675	1F5R_A	2FTL_E			0.9903
3676	1F5R_A	2NU0_E			0.7491
3677	1F5R_A	2NU1_E			0.7497
3678	1F5R_A	2NU2_E			0.7496
3679	1F5R_A	2NU4_E			0.7493
3680	1F5R_A	2SGP_E			0.7489
3681	1F5R_A	2SGQ_E			0.7497
3682	1F5R_A	3BN9_A			0.9793
3683	1F5R_A	3BN9_B			0.979
3684	1F5R_A	3BTD_E			0.9907
3685	1F5R_A	3BTE_E			0.9859
3686	1F5R_A	3BTF_E			0.9953
3687	1F5R_A	3BTG_E			0.9907
3688	1F5R_A	3BTH_E			0.986
3689	1F5R_A	3BTM_E			0.9906
3690	1F5R_A	3BTQ_E			0.9905
3691	1F5R_A	3BTT_E			0.9908
3692	1F5R_A	3BTW_E			0.9854
3693	1F5R_A	3F1S_B			0.8578
3694	1F5R_A	3NPS_A			0.9787
3695	1F5R_A	3SGB_E			0.7485
3696	1F5R_A	3TGK_E		u	0.9963
3698	1F5R_I	2FTL_I		u	0.9886
3699	1F5R_I	3BTD_I		u	1.003
3700	1F5R_I	3BTE_I		u	1.002
3701	1F5R_I	3BTF_I		u	1.004
3702	1F5R_I	3BTG_I		u	1.001
3703	1F5R_I	3BTH_I		u	1.003
3704	1F5R_I	3BTM_I		u	1.003
3705	1F5R_I	3BTQ_I		u	1.003
3706	1F5R_I	3BTT_I		u	1.003
3707	1F5R_I	3BTW_I		u	1.004
3709	1FC2_C	3MZW_B		u	0.9087
3725	1FCC_C	1FCC_D	p	u	1.018
3726	1FFW_A	1FFW_C	p	u	1.003
3727	1FFW_B	1FFW_D	p	u	0.998
3728	1FR2_A	2GYK_A		u	1.005
3729	1FR2_A	2GYK_E		u	1.008
3730	1FR2_A	2VLN_A		u	1.007
3731	1FR2_A	2VLO_A		u	1.006
3732	1FR2_A	2VLP_A		u	1.006
3733	1FR2_A	2VLQ_A		u	0.9932
3734	1FR2_A	2WPT_A			0.983
3737	1FR2_B	2VLN_B		u	0.9924
3738	1FR2_B	2VLO_B		u	0.9941
3739	1FR2_B	2VLP_B		u	0.9911
3740	1FR2_B	2VLQ_B		u	0.9914
3741	1FR2_B	2WPT_B		u	0.9958
3742	1FSS_A	1MAH_A			0.9855
3743	1FSS_B	1MAH_F		u	0.9874
3744	1FY8_E	1GL0_E			0.9637
3745	1FY8_E	1GL1_A			0.962
3746	1FY8_E	1GL1_B			0.9611
3747	1FY8_E	1GL1_C			0.961
3748	1FY8_E	1PPF_E			0.9217
3749	1FY8_E	1SGD_E			0.7481
3750	1FY8_E	1SGE_E			0.7485
3751	1FY8_E	1SGN_E			0.7483
3752	1FY8_E	1SGP_E			0.7488
3753	1FY8_E	1SGQ_E			0.7486
3754	1FY8_E	1SGY_E			0.7491
3755	1FY8_E	1SMF_E			0.9969
3756	1FY8_E	2FTL_E			0.9921
3757	1FY8_E	2NU0_E			0.7485
3758	1FY8_E	2NU1_E			0.748
3759	1FY8_E	2NU2_E			0.7489
3760	1FY8_E	2NU4_E			0.7485
3761	1FY8_E	2SGP_E			0.7483
3762	1FY8_E	2SGQ_E			0.7491
3763	1FY8_E	3BN9_A			0.9813
3764	1FY8_E	3BN9_B			0.9809
3765	1FY8_E	3BTD_E			0.9924
3766	1FY8_E	3BTE_E			0.9875
3767	1FY8_E	3BTF_E			0.9969
3768	1FY8_E	3BTG_E			0.9923
3769	1FY8_E	3BTH_E			0.9876
3770	1FY8_E	3BTM_E			0.9922
3771	1FY8_E	3BTQ_E			0.9922
3772	1FY8_E	3BTT_E			0.9925
3773	1FY8_E	3BTW_E			0.9871
3774	1FY8_E	3F1S_B			0.8621
3775	1FY8_E	3NPS_A			0.9811
3776	1FY8_E	3SGB_E			0.7479
3777	1FY8_E	3TGK_E		u	0.9996
3778	1FY8_I	2FTL_I		u	0.9969
3779	1FY8_I	3BTD_I		u	1.012
3780	1FY8_I	3BTE_I		u	1.012
3781	1FY8_I	3BTF_I		u	1.013
3782	1FY8_I	3BTG_I		u	1.011
3783	1FY8_I	3BTH_I		u	1.013
3784	1FY8_I	3BTM_I		u	1.013
3785	1FY8_I	3BTQ_I		u	1.012
3786	1FY8_I	3BTT_I		u	1.012
3787	1FY8_I	3BTW_I		u	1.013
3798	1GC1_H	1JRH_H			0.906
3799	1GC1_H	1JRH_L			0.8275
3804	1GC1_H	1MHP_H			0.9351
3805	1GC1_H	1MHP_L			0.7586
3806	1GC1_H	1MI5_D			0.7056
3807	1GC1_H	1MI5_E			0.7724
3808	1GC1_H	1MLC_A			0.7789
3809	1GC1_H	1MLC_B			0.9308
3812	1GC1_H	1N8Z_A			0.6723
3813	1GC1_H	1N8Z_B			0.7923
3814	1GC1_H	1NCA_H			0.8812
3816	1GC1_H	1OGA_E			0.8015
3822	1GC1_H	1XGP_B			0.9218
3824	1GC1_H	1XGQ_B			0.918
3826	1GC1_H	1XGR_B			0.9222
3828	1GC1_H	1XGT_B			0.9216
3830	1GC1_H	1XGU_B			0.9154
3833	1GC1_H	1YY9_C			0.7457
3834	1GC1_H	1YY9_D			0.8984
3835	1GC1_H	2AK4_D			0.6853
3836	1GC1_H	2AK4_E			0.7949
3843	1GC1_H	2B2X_H			0.9478
3845	1GC1_H	2B2X_L			0.7375
3847	1GC1_H	2BDN_H			0.9386
3848	1GC1_H	2BDN_L			0.8016
3862	1GC1_H	2NYY_C			0.7005
3863	1GC1_H	2NYY_D			0.9069
3877	1GC1_H	2VLR_E			0.8126
3880	1GC1_H	3BN9_D			0.8409
3888	1GC1_H	3D3V_E			0.7723
3889	1GC1_H	3G6D_H			0.7129
3892	1GC1_H	3HFM_H			0.8762
3893	1GC1_H	3HFM_L			0.7217
3895	1GC1_H	3L5X_L			0.7835
3897	1GC1_H	3N85_H			0.811
3898	1GC1_H	3N85_L			0.6543
3900	1GC1_H	3NGB_H			0.6337
3905	1GC1_H	3QDG_D			0.7001
3906	1GC1_H	3QDG_E			0.7813
3907	1GC1_H	3QDJ_D			0.703
3908	1GC1_H	3QDJ_E			0.7822
3911	1GC1_H	3QIB_D			0.7081
3912	1GC1_H	3SE8_H			0.9071
3913	1GC1_H	3SE8_L			0.8129
3914	1GC1_H	3SE9_H			0.9378
3915	1GC1_H	3SE9_L			0.8124
3918	1GC1_H	4FTV_D			0.686
3919	1GC1_H	4FTV_E			0.7784
3924	1GC1_H	4I77_H			0.8239
3925	1GC1_H	4I77_L			0.6715
3937	1GC1_H	4L3E_D			0.6989
3938	1GC1_H	4L3E_E			0.7941
3949	1GC1_H	4OZG_H			0.7487
3965	1GC1_L	1JRH_H			0.7646
3966	1GC1_L	1JRH_L			0.9739
3971	1GC1_L	1MHP_H			0.7503
3972	1GC1_L	1MHP_L			0.956
3973	1GC1_L	1MI5_D			0.6988
3974	1GC1_L	1MI5_E			0.7106
3975	1GC1_L	1MLC_A			0.9688
3976	1GC1_L	1MLC_B			0.7999
3979	1GC1_L	1N8Z_A			0.822
3980	1GC1_L	1N8Z_B			0.6705
3981	1GC1_L	1NCA_H			0.7271
3983	1GC1_L	1OGA_D			0.6878
3984	1GC1_L	1OGA_E			0.7418
3990	1GC1_L	1XGP_B			0.8044
3992	1GC1_L	1XGQ_B			0.8066
3994	1GC1_L	1XGR_B			0.8034
3996	1GC1_L	1XGT_B			0.8035
3998	1GC1_L	1XGU_B			0.8047
4001	1GC1_L	1YY9_C			0.9455
4002	1GC1_L	1YY9_D			0.7203
4003	1GC1_L	2AK4_D			0.6987
4004	1GC1_L	2AK4_E			0.7416
4011	1GC1_L	2B2X_H			0.7417
4013	1GC1_L	2B2X_L			0.929
4015	1GC1_L	2BDN_H			0.7935
4016	1GC1_L	2BDN_L			0.9757
4031	1GC1_L	2NYY_C			0.8935
4032	1GC1_L	2NYY_D			0.7333
4037	1GC1_L	2P5E_D			0.6686
4048	1GC1_L	2VLR_E			0.7514
4052	1GC1_L	3BN9_D			0.6566
4060	1GC1_L	3D3V_E			0.7233
4064	1GC1_L	3HFM_H			0.7094
4065	1GC1_L	3HFM_L			0.8931
4067	1GC1_L	3L5X_L			0.9911
4070	1GC1_L	3N85_H			0.6579
4071	1GC1_L	3N85_L			0.8038
4075	1GC1_L	3NGB_H			0.6518
4077	1GC1_L	3NGB_L			0.6514
4082	1GC1_L	3QDG_D			0.7204
4083	1GC1_L	3QDG_E			0.7178
4084	1GC1_L	3QDJ_D			0.7241
4085	1GC1_L	3QDJ_E			0.7173
4088	1GC1_L	3QIB_C			0.6619
4089	1GC1_L	3SE8_H			0.8077
4090	1GC1_L	3SE8_L			0.9885
4091	1GC1_L	3SE9_H			0.8149
4092	1GC1_L	3SE9_L			0.9764
4095	1GC1_L	4FTV_D			0.6975
4096	1GC1_L	4FTV_E			0.7263
4101	1GC1_L	4I77_H			0.68
4102	1GC1_L	4I77_L			0.8436
4114	1GC1_L	4L3E_D			0.717
4115	1GC1_L	4L3E_E			0.729
4126	1GC1_L	4OZG_G			0.6914
4127	1GC1_L	4OZG_H			0.6811
4143	1GCQ_A	1GCQ_C	p		0.9105
4144	1GCQ_B	1GCQ_C	p		0.8981
4152	1GL0_E	3BN9_B			0.9563
4163	1GL0_E	3NPS_A			0.9583
4164	1GL0_E	3TGK_E			0.951
4165	1GL0_I	1GL1_I		u	0.7181
4166	1GL0_I	1GL1_J		u	0.737
4167	1GL0_I	1GL1_K		u	0.709
4174	1GL1_A	3BN9_B			0.9586
4185	1GL1_A	3NPS_A			0.9624
4186	1GL1_A	3TGK_E			0.9499
4192	1GL1_B	3BN9_B			0.9578
4203	1GL1_B	3NPS_A			0.9614
4204	1GL1_B	3TGK_E			0.9494
4209	1GL1_C	3BN9_B			0.9591
4220	1GL1_C	3NPS_A			0.962
4221	1GL1_C	3TGK_E			0.9491
4222	1GL1_I	1GL1_J	p	u	1.012
4223	1GL1_I	1GL1_K	p	u	0.9821
4225	1GRN_A	1GUA_A			0.9192
4226	1GRN_A	1HE8_B			0.9377
4227	1GRN_A	1K8R_A			0.935
4228	1GRN_A	1LFD_B			0.9302
4229	1GRN_A	1LFD_D			0.9335
4230	1GRN_A	2A9K_A			0.9041
4231	1GRN_A	2REX_B			0.9569
4232	1GRN_A	2REX_D			0.9428
4233	1GRN_A	3EG5_A			0.9776
4234	1GRN_A	3EG5_C			0.9776
4235	1GRN_A	3KUD_A			0.932
4236	1GRN_A	3Q3J_B			0.9551
4237	1GRN_A	4G0N_A			0.9373
4238	1GRN_A	5TAR_A			0.8599
4239	1GRN_A	5UFE_A			0.9051
4240	1GRN_A	5UFQ_A			0.9101
4241	1GRN_A	5UFQ_B			0.9099
4242	1GRN_A	5XCO_A			0.9
4243	1GUA_A	1HE8_B			0.9847
4244	1GUA_A	1K8R_A			0.9846
4245	1GUA_A	1LFD_B			0.9836
4246	1GUA_A	1LFD_D			0.9818
4247	1GUA_A	2A9K_A			0.9718
4248	1GUA_A	2REX_B			0.8803
4249	1GUA_A	2REX_D			0.8928
4250	1GUA_A	3EG5_A			0.9169
4251	1GUA_A	3EG5_C			0.9169
4252	1GUA_A	3KUD_A			0.9798
4253	1GUA_A	3Q3J_B			0.8936
4254	1GUA_A	4G0N_A			0.9872
4255	1GUA_A	5TAR_A			0.9354
4256	1GUA_A	5UFE_A			0.96
4257	1GUA_A	5UFQ_A			0.9599
4258	1GUA_A	5UFQ_B			0.9627
4259	1GUA_A	5XCO_A			0.9486
4260	1GUA_B	1K8R_B			0.7515
4261	1GUA_B	1LFD_A			0.7653
4262	1GUA_B	1LFD_C			0.7596
4263	1GUA_B	1S1Q_B			0.7566
4264	1GUA_B	1S1Q_D			0.7568
4265	1GUA_B	1XD3_B			0.76
4266	1GUA_B	1XD3_D			0.7673
4267	1GUA_B	2OOB_B			0.7605
4268	1GUA_B	3KUD_B		u	0.9751
4269	1GUA_B	3M62_B			0.7475
4270	1GUA_B	3M63_B			0.7299
4271	1GUA_B	4G0N_B		u	0.982
4273	1H9D_B	1H9D_D	p	u	1.007
4274	1HE8_B	1K8R_A		u	0.998
4275	1HE8_B	1LFD_B		u	1.0
4278	1HE8_B	2REX_B			0.8959
4280	1HE8_B	3EG5_A			0.9362
4282	1HE8_B	3KUD_A		u	0.9905
4283	1HE8_B	3Q3J_B			0.9089
4284	1HE8_B	4G0N_A		u	0.9991
4286	1HE8_B	5UFE_A			0.966
4287	1HE8_B	5UFQ_A			0.9664
4289	1HE8_B	5XCO_A			0.9555
4290	1IAR_A	3G6D_A			0.7702
4291	1IAR_A	3L5X_A			0.8061
4292	1IAR_A	3LB6_A			0.7899
4293	1IAR_A	3LB6_B			0.7879
4294	1IAR_A	4I77_Z			0.7884
4295	1IAR_B	3MZG_B			0.7701
4299	1IAR_B	3NCC_B			0.7709
4300	1IAR_B	3S9D_B			0.7073
4303	1IAR_B	3SE4_C			0.6866
4304	1IAR_B	4NKQ_B			0.7019
4308	1JCK_A	1MHP_H			0.8473
4309	1JCK_A	1MHP_L			0.6723
4310	1JCK_A	1MI5_E			0.9049
4311	1JCK_A	1MLC_A			0.6881
4312	1JCK_A	1MLC_B			0.7733
4315	1JCK_A	1N8Z_B			0.8342
4316	1JCK_A	1NCA_H			0.8449
4317	1JCK_A	1OGA_E			0.9145
4322	1JCK_A	1XGP_B			0.7602
4324	1JCK_A	1XGQ_B			0.7574
4326	1JCK_A	1XGR_B			0.7615
4328	1JCK_A	1XGT_B			0.7598
4330	1JCK_A	1XGU_B			0.7536
4333	1JCK_A	1YY9_D			0.8283
4334	1JCK_A	2AK4_E			0.9138
4338	1JCK_A	2B2X_H			0.862
4340	1JCK_A	2BDN_H			0.7725
4341	1JCK_A	2BDN_L			0.7097
4349	1JCK_A	2NYY_D			0.8567
4359	1JCK_A	2VLR_E			0.9047
4361	1JCK_A	3BN9_D			0.8337
4365	1JCK_A	3D3V_E			0.8985
4366	1JCK_A	3G6D_H			0.778
4368	1JCK_A	3HFM_H			0.8673
4370	1JCK_A	3L5X_L			0.7047
4372	1JCK_A	3N85_H			0.853
4376	1JCK_A	3NGB_L			0.6953
4379	1JCK_A	3QDG_E			0.9147
4380	1JCK_A	3QDJ_E			0.9132
4382	1JCK_A	3QIB_D			0.8365
4383	1JCK_A	3SE8_H			0.7401
4384	1JCK_A	3SE8_L			0.7357
4385	1JCK_A	3SE9_H			0.7696
4386	1JCK_A	3SE9_L			0.7203
4388	1JCK_A	4FTV_E			0.8974
4393	1JCK_A	4I77_H			0.8339
4401	1JCK_A	4L3E_E			0.9202
4410	1JCK_A	4OZG_H			0.8749
4419	1JCK_B	1JCK_D	p	u	1.004
4420	1JCK_B	1SBB_B			0.9426
4421	1JCK_B	1SBB_D			0.9582
4422	1JCK_B	3W2D_A			0.9639
4425	1JCK_C	1MHP_H			0.8473
4426	1JCK_C	1MHP_L			0.6723
4427	1JCK_C	1MI5_E			0.9049
4428	1JCK_C	1MLC_A			0.6881
4429	1JCK_C	1MLC_B			0.7733
4432	1JCK_C	1N8Z_B			0.8342
4433	1JCK_C	1NCA_H			0.8449
4434	1JCK_C	1OGA_E			0.9145
4439	1JCK_C	1XGP_B			0.7602
4441	1JCK_C	1XGQ_B			0.7574
4443	1JCK_C	1XGR_B			0.7615
4445	1JCK_C	1XGT_B			0.7598
4447	1JCK_C	1XGU_B			0.7536
4450	1JCK_C	1YY9_D			0.8283
4451	1JCK_C	2AK4_E			0.9137
4455	1JCK_C	2B2X_H			0.862
4457	1JCK_C	2BDN_H			0.7725
4458	1JCK_C	2BDN_L			0.7097
4466	1JCK_C	2NYY_D			0.8567
4476	1JCK_C	2VLR_E			0.9047
4478	1JCK_C	3BN9_D			0.8337
4482	1JCK_C	3D3V_E			0.8985
4483	1JCK_C	3G6D_H			0.778
4485	1JCK_C	3HFM_H			0.8673
4487	1JCK_C	3L5X_L			0.7047
4489	1JCK_C	3N85_H			0.853
4493	1JCK_C	3NGB_L			0.6953
4496	1JCK_C	3QDG_E			0.9147
4497	1JCK_C	3QDJ_E			0.9132
4499	1JCK_C	3QIB_D			0.8365
4500	1JCK_C	3SE8_H			0.7401
4501	1JCK_C	3SE8_L			0.7357
4502	1JCK_C	3SE9_H			0.7696
4503	1JCK_C	3SE9_L			0.7203
4505	1JCK_C	4FTV_E			0.8974
4510	1JCK_C	4I77_H			0.8339
4518	1JCK_C	4L3E_E			0.9202
4527	1JCK_C	4OZG_H			0.8749
4536	1JCK_D	1SBB_B			0.9426
4538	1JCK_D	3W2D_A			0.9639
4539	1JRH_H	1JRH_L	p		0.7752
4540	1JRH_H	1KIP_B			0.9823
4541	1JRH_H	1KIQ_B			0.982
4542	1JRH_H	1KIR_B			0.9818
4543	1JRH_H	1LP9_E			0.681
4544	1JRH_H	1LP9_L			0.6761
4545	1JRH_H	1LP9_M			0.771
4546	1JRH_H	1MHP_H			0.8466
4547	1JRH_H	1MHP_L			0.7295
4548	1JRH_H	1MHP_X			0.9404
4549	1JRH_H	1MI5_D			0.7082
4550	1JRH_H	1MLC_A			0.7556
4551	1JRH_H	1MLC_B			0.9076
4552	1JRH_H	1MLC_C			0.7469
4553	1JRH_H	1MLC_D			0.9057
4554	1JRH_H	1N8Z_B			0.7767
4555	1JRH_H	1NCA_H			0.8083
4556	1JRH_H	1NCA_L			0.7077
4557	1JRH_H	1NMB_H			0.9117
4558	1JRH_H	1OGA_D			0.6618
4559	1JRH_H	1QSE_D			0.6863
4560	1JRH_H	1VFB_B			0.9826
4561	1JRH_H	1XGP_A			0.7617
4562	1JRH_H	1XGP_B			0.9206
4563	1JRH_H	1XGQ_A			0.7612
4564	1JRH_H	1XGQ_B			0.9214
4565	1JRH_H	1XGR_A			0.7586
4566	1JRH_H	1XGR_B			0.9207
4567	1JRH_H	1XGT_A			0.7603
4568	1JRH_H	1XGT_B			0.9215
4569	1JRH_H	1XGU_A			0.7612
4570	1JRH_H	1XGU_B			0.9215
4571	1JRH_H	1YQV_H			0.8699
4572	1JRH_H	1YQV_L			0.7461
4573	1JRH_H	1YY9_C			0.7317
4574	1JRH_H	1YY9_D			0.8387
4575	1JRH_H	2AK4_D			0.6959
4576	1JRH_H	2AK4_I			0.7029
4577	1JRH_H	2AK4_N			0.6943
4578	1JRH_H	2AK4_T			0.6828
4579	1JRH_H	2B2X_H			0.861
4580	1JRH_H	2B2X_I			0.8597
4581	1JRH_H	2B2X_L			0.7189
4582	1JRH_H	2B2X_M			0.7157
4583	1JRH_H	2BDN_H			0.9118
4584	1JRH_H	2BDN_L			0.7818
4585	1JRH_H	2BNQ_D			0.6849
4586	1JRH_H	2BNR_D			0.6855
4587	1JRH_H	2J8U_E			0.6713
4588	1JRH_H	2J8U_L			0.6768
4589	1JRH_H	2JCC_E			0.6701
4590	1JRH_H	2JCC_L			0.6687
4591	1JRH_H	2JEL_H			0.8513
4592	1JRH_H	2JEL_L			0.7428
4593	1JRH_H	2NYY_C			0.7168
4594	1JRH_H	2NYY_D			0.8301
4595	1JRH_H	2NZ9_C			0.7267
4596	1JRH_H	2NZ9_D			0.8607
4597	1JRH_H	2NZ9_E			0.7209
4598	1JRH_H	2NZ9_F			0.8373
4599	1JRH_H	2P5E_D			0.6526
4600	1JRH_H	2UWE_E			0.678
4601	1JRH_H	2UWE_L			0.6708
4602	1JRH_H	2UWE_M			0.7706
4603	1JRH_H	2VIR_A			0.7438
4604	1JRH_H	2VIR_B			0.9116
4605	1JRH_H	2VIS_A			0.7433
4606	1JRH_H	2VIS_B			0.9118
4607	1JRH_H	2VLR_D			0.6589
4608	1JRH_H	3BN9_D			0.8024
4609	1JRH_H	3BN9_F			0.8053
4610	1JRH_H	3C60_A			0.6701
4611	1JRH_H	3C60_E			0.6738
4612	1JRH_H	3D3V_D			0.6938
4613	1JRH_H	3H9S_D			0.6893
4614	1JRH_H	3HFM_H			0.7996
4615	1JRH_H	3HFM_L			0.7091
4616	1JRH_H	3L5X_H			0.905
4617	1JRH_H	3L5X_L			0.7471
4618	1JRH_H	3LZF_H			0.7422
4619	1JRH_H	3N85_H			0.7658
4620	1JRH_H	3NPS_B			0.8502
4621	1JRH_H	3NPS_C			0.7311
4622	1JRH_H	3PWP_D			0.6916
4623	1JRH_H	3QDG_D			0.6981
4624	1JRH_H	3QDJ_D			0.6981
4625	1JRH_H	3QFJ_D			0.6922
4626	1JRH_H	3SE8_H			0.9268
4627	1JRH_H	3SE8_L			0.7492
4628	1JRH_H	3SE9_H			0.9175
4629	1JRH_H	3SE9_L			0.7557
4630	1JRH_H	3W2D_H			0.853
4631	1JRH_H	3W2D_L			0.7151
4632	1JRH_H	4FTV_D			0.6942
4633	1JRH_H	4GXU_M			0.9037
4634	1JRH_H	4GXU_N			0.753
4635	1JRH_H	4GXU_O			0.9142
4636	1JRH_H	4GXU_Q			0.9147
4637	1JRH_H	4GXU_R			0.7599
4638	1JRH_H	4GXU_S			0.9182
4639	1JRH_H	4GXU_U			0.9214
4640	1JRH_H	4GXU_W			0.9134
4641	1JRH_H	4I77_H			0.7965
4642	1JRH_H	4JFE_D			0.6757
4643	1JRH_H	4JFF_D			0.6693
4644	1JRH_H	4JPK_H			0.9439
4645	1JRH_H	4JPK_L			0.7695
4646	1JRH_H	4KRL_B			0.8891
4647	1JRH_H	4KRO_D			0.7422
4648	1JRH_H	4KRP_D			0.7513
4649	1JRH_H	4L3E_D			0.6959
4650	1JRH_H	4MNQ_D			0.6766
4651	1JRH_H	4NM8_H			0.9013
4652	1JRH_H	4NM8_I			0.9022
4653	1JRH_H	4NM8_J			0.905
4654	1JRH_H	4NM8_L			0.7689
4655	1JRH_H	4NM8_M			0.7698
4656	1JRH_H	4NM8_N			0.77
4657	1JRH_H	4OZG_E			0.7006
4658	1JRH_H	4OZG_G			0.6957
4659	1JRH_H	4P23_A			0.674
4660	1JRH_H	4P5T_A			0.6867
4661	1JRH_H	4P5T_E			0.6513
4662	1JRH_H	4U6H_A			0.7875
4663	1JRH_H	4U6H_B			0.7324
4664	1JRH_H	4U6H_C			0.9216
4665	1JRH_H	4U6H_D			0.7698
4666	1JRH_H	4ZS6_C			0.8307
4667	1JRH_H	4ZS6_D			0.7016
4668	1JRH_H	4ZS6_H			0.8056
4669	1JRH_I	1KIP_A			0.6985
4670	1JRH_I	1KIQ_A			0.6982
4671	1JRH_I	1KIR_A			0.6993
4672	1JRH_I	1MHP_Y			0.6739
4673	1JRH_I	1NMB_L			0.7029
4674	1JRH_I	1VFB_A			0.6992
4675	1JRH_I	5E9D_I			0.6954
4676	1JRH_L	1KIP_A			0.9854
4677	1JRH_L	1KIQ_A			0.9853
4678	1JRH_L	1KIR_A			0.9857
4679	1JRH_L	1LP9_E			0.7505
4680	1JRH_L	1LP9_L			0.7623
4681	1JRH_L	1MHP_H			0.8058
4682	1JRH_L	1MHP_L			0.917
4683	1JRH_L	1MHP_Y			0.963
4684	1JRH_L	1MI5_D			0.7487
4685	1JRH_L	1MLC_A		u	0.9774
4686	1JRH_L	1MLC_B			0.8516
4687	1JRH_L	1MLC_C		u	0.9613
4688	1JRH_L	1MLC_D			0.8486
4689	1JRH_L	1N8Z_A			0.7785
4690	1JRH_L	1NCA_H			0.7825
4691	1JRH_L	1NCA_L			0.8778
4692	1JRH_L	1NMB_L			0.987
4693	1JRH_L	1OGA_D			0.7157
4694	1JRH_L	1QSE_D			0.7265
4695	1JRH_L	1VFB_A			0.984
4696	1JRH_L	1XGP_A		u	0.9684
4697	1JRH_L	1XGP_B			0.8469
4698	1JRH_L	1XGQ_A		u	0.9641
4699	1JRH_L	1XGQ_B			0.8475
4700	1JRH_L	1XGR_A			0.9689
4701	1JRH_L	1XGR_B			0.8469
4702	1JRH_L	1XGT_A			0.9686
4703	1JRH_L	1XGT_B			0.8457
4704	1JRH_L	1XGU_A		u	0.9653
4705	1JRH_L	1XGU_B			0.8457
4706	1JRH_L	1YQV_H			0.8264
4707	1JRH_L	1YQV_L			0.9639
4708	1JRH_L	1YY9_C			0.9275
4709	1JRH_L	1YY9_D			0.7809
4710	1JRH_L	2AK4_D			0.7383
4711	1JRH_L	2AK4_I			0.74
4712	1JRH_L	2AK4_N			0.7235
4713	1JRH_L	2B2X_H			0.8017
4714	1JRH_L	2B2X_I			0.8017
4715	1JRH_L	2B2X_L			0.8965
4716	1JRH_L	2B2X_M			0.8922
4717	1JRH_L	2BDN_H			0.8478
4718	1JRH_L	2BDN_L			0.9871
4719	1JRH_L	2J8U_E			0.7481
4720	1JRH_L	2J8U_L			0.7615
4721	1JRH_L	2JCC_E			0.7577
4722	1JRH_L	2JCC_L			0.7474
4723	1JRH_L	2JEL_H			0.8061
4724	1JRH_L	2JEL_L			0.9272
4725	1JRH_L	2NYY_C			0.865
4726	1JRH_L	2NYY_D			0.7795
4727	1JRH_L	2NZ9_C			0.9006
4728	1JRH_L	2NZ9_D			0.7933
4729	1JRH_L	2NZ9_E			0.8743
4730	1JRH_L	2NZ9_F			0.7828
4731	1JRH_L	2UWE_E			0.7418
4732	1JRH_L	2UWE_L			0.7356
4733	1JRH_L	2VIR_A			0.8313
4734	1JRH_L	2VIR_B			0.8527
4735	1JRH_L	2VIS_A			0.8324
4736	1JRH_L	2VIS_B			0.8535
4737	1JRH_L	2VLR_D			0.7172
4738	1JRH_L	2VLR_I			0.7031
4739	1JRH_L	3BN9_C			0.8257
4740	1JRH_L	3BN9_D			0.7537
4741	1JRH_L	3BN9_E			0.8336
4742	1JRH_L	3C60_A			0.723
4743	1JRH_L	3C60_E			0.7217
4744	1JRH_L	3D3V_D			0.729
4745	1JRH_L	3H9S_D			0.7389
4746	1JRH_L	3HFM_H			0.7672
4747	1JRH_L	3HFM_L		u	0.8681
4748	1JRH_L	3L5X_H			0.8087
4749	1JRH_L	3L5X_L			0.9691
4750	1JRH_L	3N85_L			0.7629
4751	1JRH_L	3NPS_C			0.8916
4752	1JRH_L	3PWP_D			0.7296
4753	1JRH_L	3QDG_D			0.7539
4754	1JRH_L	3QDJ_D			0.7563
4755	1JRH_L	3QFJ_D			0.7354
4756	1JRH_L	3QIB_C			0.6962
4757	1JRH_L	3SE8_H			0.8512
4758	1JRH_L	3SE8_L			0.9505
4759	1JRH_L	3SE9_H			0.8442
4760	1JRH_L	3SE9_L			0.9363
4761	1JRH_L	3W2D_H			0.7813
4762	1JRH_L	3W2D_L			0.9076
4763	1JRH_L	4FTV_D			0.728
4764	1JRH_L	4GXU_M			0.86
4765	1JRH_L	4GXU_N			0.8574
4766	1JRH_L	4GXU_Q			0.8528
4767	1JRH_L	4GXU_R			0.8802
4768	1JRH_L	4I77_L			0.8139
4769	1JRH_L	4JFD_D			0.7017
4770	1JRH_L	4JFE_D			0.7116
4771	1JRH_L	4JFF_D			0.7041
4772	1JRH_L	4JPK_H			0.8468
4773	1JRH_L	4JPK_L			0.9579
4774	1JRH_L	4KRO_C			0.7721
4775	1JRH_L	4KRP_C			0.7802
4776	1JRH_L	4L3E_D			0.7481
4777	1JRH_L	4MNQ_D			0.7132
4778	1JRH_L	4NM8_H			0.8256
4779	1JRH_L	4NM8_I			0.8227
4780	1JRH_L	4NM8_J			0.833
4781	1JRH_L	4NM8_L			0.9624
4782	1JRH_L	4NM8_M			0.965
4783	1JRH_L	4NM8_N			0.9672
4784	1JRH_L	4OZG_E			0.7356
4785	1JRH_L	4OZG_G			0.7296
4786	1JRH_L	4P23_A			0.7405
4787	1JRH_L	4P5T_A			0.7366
4788	1JRH_L	4P5T_E			0.704
4789	1JRH_L	4U6H_A			0.7614
4790	1JRH_L	4U6H_B			0.8841
4791	1JRH_L	4U6H_C			0.8528
4792	1JRH_L	4U6H_D			0.974
4793	1JRH_L	4ZS6_C			0.7775
4794	1JRH_L	4ZS6_D			0.868
4795	1JRH_L	4ZS6_L			0.8259
4796	1JTD_A	1JTG_A		u	1.001
4797	1JTD_A	1JTG_C		u	1.001
4798	1JTD_A	1S0W_A		u	1.0
4799	1JTD_A	1S0W_B		u	1.001
4800	1JTD_A	2G2U_A			0.9961
4801	1JTD_A	2G2W_A			0.9969
4802	1JTD_A	3N4I_A			0.9958
4803	1JTD_A	3QHY_A			0.9415
4804	1JTD_B	3QHY_B		u	1.002
4805	1JTG_A	1JTG_C	p	u	1.003
4806	1JTG_A	1S0W_A		u	1.002
4807	1JTG_A	1S0W_B		u	1.001
4808	1JTG_A	2G2U_A			0.9947
4809	1JTG_A	2G2W_A			0.9948
4810	1JTG_A	3N4I_A			0.9946
4811	1JTG_A	3QHY_A			0.9375
4812	1JTG_B	1JTG_D	p	u	1.006
4813	1JTG_B	1S0W_C		u	1.004
4814	1JTG_B	1S0W_D		u	1.002
4815	1JTG_B	2G2U_B		u	0.9992
4816	1JTG_B	2G2W_B		u	0.9667
4817	1JTG_B	3N4I_B		u	1.001
4820	1JTG_C	2G2U_A			0.9945
4821	1JTG_C	2G2W_A			0.9947
4822	1JTG_C	3N4I_A			0.9945
4824	1JTG_D	1S0W_C		u	1.004
4826	1JTG_D	2G2U_B		u	0.9995
4829	1K8R_A	1LFD_B		u	0.998
4830	1K8R_A	1LFD_D		u	0.9969
4831	1K8R_A	2A9K_A			0.9667
4832	1K8R_A	2REX_B			0.8952
4833	1K8R_A	2REX_D			0.9092
4834	1K8R_A	3EG5_A			0.9348
4835	1K8R_A	3EG5_C			0.9347
4836	1K8R_A	3KUD_A		u	0.9895
4837	1K8R_A	3Q3J_B			0.9091
4838	1K8R_A	4G0N_A		u	0.9981
4839	1K8R_A	5TAR_A			0.9422
4840	1K8R_A	5UFE_A			0.9681
4841	1K8R_A	5UFQ_A			0.9652
4842	1K8R_A	5UFQ_B			0.9658
4843	1K8R_A	5XCO_A			0.9574
4844	1K8R_B	1LFD_A			0.8124
4845	1K8R_B	1LFD_C			0.8238
4846	1K8R_B	1XD3_B			0.7151
4847	1K8R_B	1XD3_D			0.7196
4848	1K8R_B	3KUD_B			0.7553
4849	1K8R_B	4G0N_B			0.7468
4850	1KAC_A	1P69_A		u	1.005
4851	1KAC_A	1P6A_A		u	1.004
4852	1KAC_A	2J12_A			0.9154
4853	1KAC_A	2J1K_C			0.8622
4854	1KAC_A	2J1K_D			0.8623
4855	1KAC_A	2J1K_E			0.863
4856	1KAC_A	2J1K_F			0.8639
4857	1KAC_A	2J1K_H			0.8629
4858	1KAC_A	2J1K_I			0.8618
4859	1KAC_A	2J1K_L			0.862
4860	1KAC_A	2J1K_M			0.8641
4861	1KAC_A	2J1K_N			0.8617
4862	1KAC_A	2J1K_Q			0.8625
4863	1KAC_A	2J1K_R			0.8647
4864	1KAC_A	2J1K_S			0.8623
4866	1KAC_B	1KIP_B			0.7824
4868	1KAC_B	1KIQ_B			0.7814
4869	1KAC_B	1KIR_A			0.8508
4873	1KAC_B	1NMB_H			0.7689
4874	1KAC_B	1NMB_L			0.8344
4877	1KAC_B	1VFB_A			0.849
4878	1KAC_B	1VFB_B			0.7808
4885	1KAC_B	2I26_N			0.7517
4911	1KAC_B	4KRL_B			0.7682
4912	1KAC_B	4KRO_B			0.6815
4913	1KAC_B	4KRP_B			0.7099
4914	1KAC_B	5C6T_H			0.7317
4915	1KAC_B	5C6T_L			0.8369
4916	1KAC_B	5E9D_D			0.7909
4917	1KAC_B	5E9D_E			0.809
4920	1KIP_A	1KIP_B	p		0.8805
4922	1KIP_A	1KIQ_B			0.8807
4923	1KIP_A	1KIR_A			1.008
4927	1KIP_A	1NMB_H			0.8782
4928	1KIP_A	1NMB_L			0.9833
4931	1KIP_A	1VFB_A		u	1.008
4932	1KIP_A	1VFB_B			0.8794
4939	1KIP_A	2I26_N			0.8434
4965	1KIP_A	4KRL_B			0.8797
4966	1KIP_A	4KRO_B			0.7551
4967	1KIP_A	4KRP_B			0.8007
4968	1KIP_A	5C6T_H			0.8266
4969	1KIP_A	5C6T_L			0.9273
4970	1KIP_A	5E9D_D			0.8593
4971	1KIP_A	5E9D_E			0.8931
4974	1KIP_B	1KIQ_A			0.8788
4975	1KIP_B	1KIQ_B			1.007
4976	1KIP_B	1KIR_A			0.8789
4977	1KIP_B	1KIR_B			1.007
4978	1KIP_B	1MHP_X			0.9614
4979	1KIP_B	1MHP_Y			0.8751
4980	1KIP_B	1NMB_H			0.9349
4981	1KIP_B	1NMB_L			0.8667
4982	1KIP_B	1P69_B			0.7824
4983	1KIP_B	1P6A_B			0.7829
4984	1KIP_B	1VFB_A			0.8783
4985	1KIP_B	1VFB_B			1.007
4986	1KIP_B	2AW2_A			0.7999
4987	1KIP_B	2AW2_X			0.8015
4988	1KIP_B	2E7L_A			0.863
4989	1KIP_B	2E7L_B			0.8626
4990	1KIP_B	2E7L_C			0.8688
4991	1KIP_B	2E7L_D			0.8703
4992	1KIP_B	2I26_N			0.775
4993	1KIP_B	2I26_O			0.7755
4994	1KIP_B	2I26_P			0.7787
4995	1KIP_B	2J12_B			0.7882
4996	1KIP_B	2J1K_A			0.7829
4997	1KIP_B	2J1K_B			0.7634
4998	1KIP_B	2J1K_G			0.787
4999	1KIP_B	2J1K_J			0.793
5000	1KIP_B	2J1K_K			0.7901
5001	1KIP_B	2J1K_O			0.7899
5002	1KIP_B	2J1K_P			0.7913
5003	1KIP_B	2J1K_T			0.7866
5004	1KIP_B	2J1K_V			0.7879
5005	1KIP_B	2J1K_X			0.7889
5006	1KIP_B	2J1K_Y			0.7855
5007	1KIP_B	2J1K_Z			0.7812
5008	1KIP_B	2OI9_B			0.8664
5009	1KIP_B	2OI9_C			0.8714
5010	1KIP_B	4GXU_O			0.9527
5011	1KIP_B	4GXU_P			0.8472
5012	1KIP_B	4GXU_S			0.9579
5013	1KIP_B	4GXU_T			0.8427
5014	1KIP_B	4GXU_U			0.9573
5015	1KIP_B	4GXU_V			0.8493
5016	1KIP_B	4GXU_W			0.9536
5017	1KIP_B	4GXU_X			0.8542
5018	1KIP_B	4KRL_B			0.9345
5019	1KIP_B	4KRO_B			0.815
5020	1KIP_B	4KRP_B			0.8736
5021	1KIP_B	5C6T_H			0.9013
5022	1KIP_B	5C6T_L			0.8639
5023	1KIP_B	5E9D_D			0.8725
5024	1KIP_B	5E9D_E			0.8405
5025	1KIP_B	5E9D_I			0.8668
5026	1KIP_B	5E9D_J			0.8406
5033	1KIP_C	1VFB_C		u	1.006
5039	1KIP_C	1YQV_Y		u	0.9812
5043	1KIP_C	3HFM_Y		u	0.9821
5044	1KIQ_A	1KIQ_B	p		0.8793
5045	1KIQ_A	1KIR_A			1.008
5049	1KIQ_A	1NMB_H			0.8777
5050	1KIQ_A	1NMB_L			0.9835
5053	1KIQ_A	1VFB_A		u	1.008
5054	1KIQ_A	1VFB_B			0.8779
5061	1KIQ_A	2I26_N			0.844
5087	1KIQ_A	4KRL_B			0.8788
5088	1KIQ_A	4KRO_B			0.755
5089	1KIQ_A	4KRP_B			0.8007
5090	1KIQ_A	5C6T_H			0.8274
5091	1KIQ_A	5C6T_L			0.9284
5092	1KIQ_A	5E9D_D			0.8574
5093	1KIQ_A	5E9D_E			0.8935
5096	1KIQ_B	1KIR_A			0.8792
5097	1KIQ_B	1KIR_B			1.007
5098	1KIQ_B	1MHP_X			0.9606
5099	1KIQ_B	1MHP_Y			0.8757
5100	1KIQ_B	1NMB_H			0.9328
5101	1KIQ_B	1NMB_L			0.8662
5102	1KIQ_B	1P69_B			0.7814
5103	1KIQ_B	1P6A_B			0.7814
5104	1KIQ_B	1VFB_A			0.8788
5105	1KIQ_B	1VFB_B			1.008
5106	1KIQ_B	2AW2_A			0.7989
5107	1KIQ_B	2AW2_X			0.8021
5108	1KIQ_B	2E7L_A			0.8619
5109	1KIQ_B	2E7L_B			0.8617
5110	1KIQ_B	2E7L_C			0.8683
5111	1KIQ_B	2E7L_D			0.8696
5112	1KIQ_B	2I26_N			0.7748
5113	1KIQ_B	2I26_O			0.7756
5114	1KIQ_B	2I26_P			0.7789
5115	1KIQ_B	2J12_B			0.7868
5116	1KIQ_B	2J1K_A			0.7821
5117	1KIQ_B	2J1K_B			0.7628
5118	1KIQ_B	2J1K_G			0.786
5119	1KIQ_B	2J1K_J			0.7918
5120	1KIQ_B	2J1K_K			0.7887
5121	1KIQ_B	2J1K_O			0.7887
5122	1KIQ_B	2J1K_P			0.7902
5123	1KIQ_B	2J1K_T			0.7857
5124	1KIQ_B	2J1K_V			0.787
5125	1KIQ_B	2J1K_X			0.7879
5126	1KIQ_B	2J1K_Y			0.7846
5127	1KIQ_B	2J1K_Z			0.7801
5128	1KIQ_B	2OI9_B			0.865
5129	1KIQ_B	2OI9_C			0.8709
5130	1KIQ_B	4GXU_O			0.9525
5131	1KIQ_B	4GXU_P			0.8481
5132	1KIQ_B	4GXU_S			0.9579
5133	1KIQ_B	4GXU_T			0.8443
5134	1KIQ_B	4GXU_U			0.9565
5135	1KIQ_B	4GXU_V			0.8509
5136	1KIQ_B	4GXU_W			0.9537
5137	1KIQ_B	4GXU_X			0.8547
5138	1KIQ_B	4KRL_B			0.9336
5139	1KIQ_B	4KRO_B			0.8151
5140	1KIQ_B	4KRP_B			0.8731
5141	1KIQ_B	5C6T_H			0.9014
5142	1KIQ_B	5C6T_L			0.8652
5143	1KIQ_B	5E9D_D			0.8726
5144	1KIQ_B	5E9D_E			0.8394
5145	1KIQ_B	5E9D_I			0.8674
5146	1KIQ_B	5E9D_J			0.8394
5152	1KIQ_C	1VFB_C		u	1.006
5158	1KIQ_C	1YQV_Y		u	0.9806
5162	1KIQ_C	3HFM_Y		u	0.9821
5163	1KIR_A	1KIR_B	p		0.8789
5164	1KIR_A	1MHP_X			0.8739
5165	1KIR_A	1MHP_Y			0.9841
5166	1KIR_A	1NMB_H			0.8777
5167	1KIR_A	1NMB_L			0.983
5168	1KIR_A	1P69_B			0.8508
5169	1KIR_A	1P6A_B			0.8494
5170	1KIR_A	1VFB_A			1.008
5171	1KIR_A	1VFB_B			0.8781
5172	1KIR_A	2AW2_A			0.8159
5173	1KIR_A	2AW2_X			0.8202
5174	1KIR_A	2E7L_A			0.8702
5175	1KIR_A	2E7L_B			0.8733
5176	1KIR_A	2E7L_C			0.8829
5177	1KIR_A	2E7L_D			0.8877
5178	1KIR_A	2I26_N			0.8442
5179	1KIR_A	2I26_O			0.8422
5180	1KIR_A	2I26_P			0.846
5181	1KIR_A	2J12_B			0.8438
5182	1KIR_A	2J1K_A			0.8548
5183	1KIR_A	2J1K_B			0.8007
5184	1KIR_A	2J1K_G			0.8521
5185	1KIR_A	2J1K_J			0.8565
5186	1KIR_A	2J1K_K			0.855
5187	1KIR_A	2J1K_O			0.8454
5188	1KIR_A	2J1K_P			0.8554
5189	1KIR_A	2J1K_T			0.8549
5190	1KIR_A	2J1K_V			0.8567
5191	1KIR_A	2J1K_X			0.8551
5192	1KIR_A	2J1K_Y			0.8566
5193	1KIR_A	2J1K_Z			0.8538
5194	1KIR_A	2OI9_B			0.8672
5195	1KIR_A	2OI9_C			0.885
5196	1KIR_A	4GXU_O			0.8673
5197	1KIR_A	4GXU_P			0.9167
5198	1KIR_A	4GXU_S			0.8713
5199	1KIR_A	4GXU_T			0.9136
5200	1KIR_A	4GXU_U			0.876
5201	1KIR_A	4GXU_V			0.913
5202	1KIR_A	4GXU_W			0.8703
5203	1KIR_A	4GXU_X			0.9185
5204	1KIR_A	4KRL_B			0.878
5205	1KIR_A	4KRO_B			0.7535
5206	1KIR_A	4KRP_B			0.7998
5207	1KIR_A	5C6T_H			0.826
5208	1KIR_A	5C6T_L			0.9278
5209	1KIR_A	5E9D_D			0.8578
5210	1KIR_A	5E9D_E			0.8936
5211	1KIR_A	5E9D_I			0.865
5212	1KIR_A	5E9D_J			0.8945
5215	1KIR_B	1NMB_H			0.9326
5216	1KIR_B	1NMB_L			0.8669
5219	1KIR_B	1VFB_A			0.8781
5220	1KIR_B	1VFB_B		u	1.007
5227	1KIR_B	2I26_N			0.7751
5253	1KIR_B	4KRL_B			0.9334
5254	1KIR_B	4KRO_B			0.8139
5255	1KIR_B	4KRP_B			0.872
5256	1KIR_B	5C6T_H			0.9
5257	1KIR_B	5C6T_L			0.8635
5258	1KIR_B	5E9D_D			0.8725
5259	1KIR_B	5E9D_E			0.8395
5266	1KIR_C	1VFB_C		u	1.006
5272	1KIR_C	1YQV_Y		u	0.9812
5276	1KIR_C	3HFM_Y		u	0.9804
5277	1KTZ_A	1REW_A			0.8337
5278	1KTZ_A	1REW_B			0.8328
5279	1KTZ_A	2B0U_A			0.8708
5280	1KTZ_A	2B0U_B			0.8489
5281	1KTZ_A	3B4V_A			0.8757
5282	1KTZ_A	3B4V_B			0.891
5283	1KTZ_A	3B4V_E			0.8759
5284	1KTZ_A	3B4V_F			0.8929
5285	1KTZ_A	3BK3_A			0.8311
5286	1KTZ_A	3BK3_B			0.8402
5287	1KTZ_A	3HH2_A			0.859
5288	1KTZ_A	3HH2_B			0.8548
5289	1KTZ_A	3SEK_B			0.8305
5290	1LFD_A	1LFD_C	p	u	0.9948
5291	1LFD_A	1S1Q_B			0.8108
5292	1LFD_A	1S1Q_D			0.8098
5293	1LFD_A	1XD3_B			0.8013
5294	1LFD_A	1XD3_D			0.809
5295	1LFD_A	2OOB_B			0.8013
5296	1LFD_A	2REX_A			0.8
5297	1LFD_A	2REX_C			0.8004
5298	1LFD_A	3KUD_B			0.7768
5299	1LFD_A	3M62_B			0.8078
5300	1LFD_A	3M63_B			0.7738
5301	1LFD_A	3Q3J_A			0.8212
5302	1LFD_A	4G0N_B			0.7614
5303	1LFD_A	4JGH_B			0.7292
5304	1LFD_B	1LFD_D	p	u	1.002
5305	1LFD_B	2A9K_A			0.9699
5306	1LFD_B	2REX_B			0.8944
5307	1LFD_B	2REX_D			0.9099
5308	1LFD_B	3EG5_A			0.9338
5309	1LFD_B	3EG5_C			0.9338
5310	1LFD_B	3KUD_A		u	0.9892
5311	1LFD_B	3Q3J_B			0.907
5312	1LFD_B	4G0N_A		u	0.9972
5313	1LFD_B	5TAR_A			0.9425
5314	1LFD_B	5UFE_A			0.9685
5315	1LFD_B	5UFQ_A			0.9674
5316	1LFD_B	5UFQ_B			0.9686
5317	1LFD_B	5XCO_A			0.9564
5320	1LFD_C	1XD3_B			0.8136
5323	1LFD_C	2REX_A			0.8091
5325	1LFD_C	3KUD_B			0.7683
5326	1LFD_C	3M62_B			0.8145
5329	1LFD_C	4G0N_B			0.7567
5332	1LFD_D	2REX_B			0.8915
5334	1LFD_D	3EG5_A			0.9323
5336	1LFD_D	3KUD_A		u	0.9846
5337	1LFD_D	3Q3J_B			0.9043
5338	1LFD_D	4G0N_A		u	0.9967
5340	1LFD_D	5UFE_A			0.9669
5341	1LFD_D	5UFQ_A			0.9685
5343	1LFD_D	5XCO_A			0.9558
5344	1LP9_A	1LP9_H	p	u	0.9995
5345	1LP9_A	1MI5_A			0.954
5346	1LP9_A	1OGA_A		u	0.9619
5347	1LP9_A	1QSE_A		u	0.9878
5348	1LP9_A	2AK4_A			0.9404
5349	1LP9_A	2AK4_F			0.9405
5350	1LP9_A	2AK4_K			0.9475
5351	1LP9_A	2AK4_Q			0.9488
5352	1LP9_A	2BNQ_A		u	0.9856
5353	1LP9_A	2BNR_A		u	0.986
5354	1LP9_A	2E7L_E			0.9748
5355	1LP9_A	2E7L_F			0.9733
5356	1LP9_A	2J8U_A		u	1.002
5357	1LP9_A	2J8U_H		u	0.9982
5358	1LP9_A	2JCC_A		u	1.002
5359	1LP9_A	2JCC_H		u	0.9993
5360	1LP9_A	2OI9_A			0.9692
5361	1LP9_A	2P5E_A		u	0.9723
5362	1LP9_A	2UWE_A		u	1.002
5363	1LP9_A	2UWE_H		u	0.9985
5364	1LP9_A	2VLR_A		u	0.9821
5365	1LP9_A	2VLR_F		u	0.9489
5366	1LP9_A	3D3V_A		u	0.9911
5367	1LP9_A	3H9S_A		u	0.9898
5368	1LP9_A	3PWP_A		u	0.991
5369	1LP9_A	3QDG_A		u	0.9818
5370	1LP9_A	3QDJ_A		u	0.9852
5371	1LP9_A	3QFJ_A		u	0.9947
5372	1LP9_A	4FTV_A		u	0.9883
5373	1LP9_A	4JFD_A		u	0.963
5374	1LP9_A	4JFE_A		u	0.959
5375	1LP9_A	4JFF_A		u	0.9552
5376	1LP9_A	4K71_B			0.787
5377	1LP9_A	4K71_E			0.7916
5378	1LP9_A	4L3E_A		u	0.9902
5379	1LP9_A	4MNQ_A		u	0.9929
5380	1LP9_A	4N8V_A		u	0.9627
5381	1LP9_A	4N8V_D		u	0.9636
5382	1LP9_A	5E9D_A		u	0.9756
5383	1LP9_A	5E9D_F		u	0.9769
5424	1LP9_C	1QSE_C			0.8465
5425	1LP9_C	2BNQ_C			0.9248
5426	1LP9_C	2BNR_C			0.8817
5436	1LP9_C	3D3V_C			0.8426
5438	1LP9_C	3PWP_C			0.8635
5439	1LP9_C	3QFJ_C			0.8661
5441	1LP9_C	4MNQ_C			0.7828
5445	1LP9_E	1MHP_H			0.6752
5446	1LP9_E	1MHP_L			0.7162
5447	1LP9_E	1MI5_D			0.9101
5448	1LP9_E	1MLC_A			0.7344
5449	1LP9_E	1MLC_B			0.7137
5452	1LP9_E	1N8Z_A			0.7244
5454	1LP9_E	1OGA_D			0.8935
5457	1LP9_E	1XGP_B			0.6977
5459	1LP9_E	1XGQ_B			0.7023
5461	1LP9_E	1XGR_B			0.6973
5463	1LP9_E	1XGT_B			0.699
5465	1LP9_E	1XGU_B			0.7007
5468	1LP9_E	1YY9_C			0.7348
5469	1LP9_E	2AK4_D			0.9272
5473	1LP9_E	2B2X_H			0.6576
5475	1LP9_E	2B2X_L			0.7156
5477	1LP9_E	2BDN_H			0.6928
5478	1LP9_E	2BDN_L			0.7093
5486	1LP9_E	2NYY_C			0.7302
5489	1LP9_E	2P5E_D			0.8499
5504	1LP9_E	3HFM_L			0.7127
5505	1LP9_E	3L5X_L			0.7089
5506	1LP9_E	3N85_L			0.7107
5509	1LP9_E	3QDG_D			0.9224
5510	1LP9_E	3QDJ_D			0.9304
5512	1LP9_E	3QIB_C			0.8522
5513	1LP9_E	3SE8_H			0.7143
5514	1LP9_E	3SE8_L			0.693
5515	1LP9_E	3SE9_H			0.7196
5516	1LP9_E	3SE9_L			0.7002
5518	1LP9_E	4FTV_D			0.9126
5523	1LP9_E	4I77_L			0.718
5531	1LP9_E	4L3E_D			0.9284
5540	1LP9_E	4OZG_G			0.8663
5550	1LP9_F	1MHP_H			0.8726
5551	1LP9_F	1MHP_L			0.6791
5552	1LP9_F	1MI5_E			0.9701
5553	1LP9_F	1MLC_A			0.7015
5554	1LP9_F	1MLC_B			0.7987
5557	1LP9_F	1N8Z_B			0.8713
5558	1LP9_F	1NCA_H			0.8795
5559	1LP9_F	1OGA_E			0.9736
5564	1LP9_F	1XGP_B			0.762
5566	1LP9_F	1XGQ_B			0.7602
5568	1LP9_F	1XGR_B			0.7633
5570	1LP9_F	1XGT_B			0.7624
5572	1LP9_F	1XGU_B			0.7564
5575	1LP9_F	1YY9_C			0.6627
5576	1LP9_F	1YY9_D			0.8608
5577	1LP9_F	2AK4_E			0.9614
5581	1LP9_F	2B2X_H			0.8717
5583	1LP9_F	2BDN_H			0.7775
5584	1LP9_F	2BDN_L			0.7112
5592	1LP9_F	2NYY_D			0.8976
5602	1LP9_F	2VLR_E			0.9639
5604	1LP9_F	3BN9_D			0.8523
5608	1LP9_F	3D3V_E			0.9684
5609	1LP9_F	3G6D_H			0.8162
5611	1LP9_F	3HFM_H			0.8902
5613	1LP9_F	3L5X_L			0.7146
5615	1LP9_F	3N85_H			0.8806
5619	1LP9_F	3NGB_L			0.7237
5622	1LP9_F	3QDG_E			0.9722
5623	1LP9_F	3QDJ_E			0.9704
5625	1LP9_F	3QIB_D			0.9165
5626	1LP9_F	3SE8_H			0.7484
5627	1LP9_F	3SE8_L			0.7476
5628	1LP9_F	3SE9_H			0.7846
5629	1LP9_F	3SE9_L			0.7293
5631	1LP9_F	4FTV_E			0.9684
5636	1LP9_F	4I77_H			0.8593
5644	1LP9_F	4L3E_E			0.9731
5653	1LP9_F	4OZG_H			0.9542
5663	1LP9_H	1OGA_A		u	0.9653
5665	1LP9_H	2AK4_A			0.9383
5670	1LP9_H	2BNR_A		u	0.9851
5673	1LP9_H	2J8U_A		u	0.9977
5675	1LP9_H	2JCC_A		u	0.998
5679	1LP9_H	2UWE_A		u	0.9995
5684	1LP9_H	3H9S_A		u	0.9878
5689	1LP9_H	4FTV_A		u	0.9874
5693	1LP9_H	4K71_B			0.7904
5695	1LP9_H	4L3E_A		u	0.9929
5739	1LP9_J	1QSE_C			0.8851
5740	1LP9_J	2BNQ_C			0.9462
5741	1LP9_J	2BNR_C			0.9069
5751	1LP9_J	3D3V_C			0.8748
5753	1LP9_J	3PWP_C			0.8933
5754	1LP9_J	3QFJ_C			0.8985
5756	1LP9_J	4MNQ_C			0.8223
5760	1LP9_L	1MHP_H			0.6736
5761	1LP9_L	1MHP_L			0.713
5762	1LP9_L	1MI5_D			0.9142
5763	1LP9_L	1MLC_A			0.7316
5764	1LP9_L	1MLC_B			0.7138
5767	1LP9_L	1N8Z_A			0.7207
5769	1LP9_L	1OGA_D			0.8962
5772	1LP9_L	1XGP_B			0.701
5774	1LP9_L	1XGQ_B			0.7045
5776	1LP9_L	1XGR_B			0.7008
5778	1LP9_L	1XGT_B			0.7004
5780	1LP9_L	1XGU_B			0.7031
5783	1LP9_L	1YY9_C			0.7323
5784	1LP9_L	2AK4_D			0.929
5788	1LP9_L	2B2X_H			0.6528
5790	1LP9_L	2B2X_L			0.7131
5792	1LP9_L	2BDN_H			0.6955
5793	1LP9_L	2BDN_L			0.7085
5801	1LP9_L	2NYY_C			0.7256
5804	1LP9_L	2P5E_D			0.8533
5819	1LP9_L	3HFM_L			0.7087
5820	1LP9_L	3L5X_L			0.7049
5821	1LP9_L	3N85_L			0.7082
5824	1LP9_L	3QDG_D			0.9249
5825	1LP9_L	3QDJ_D			0.9322
5827	1LP9_L	3QIB_C			0.8545
5828	1LP9_L	3SE8_H			0.7141
5829	1LP9_L	3SE8_L			0.6899
5830	1LP9_L	3SE9_H			0.7164
5831	1LP9_L	3SE9_L			0.6974
5833	1LP9_L	4FTV_D			0.915
5838	1LP9_L	4I77_L			0.7142
5846	1LP9_L	4L3E_D			0.9306
5855	1LP9_L	4OZG_G			0.8745
5864	1LP9_M	1MHP_H			0.8734
5865	1LP9_M	1MHP_L			0.6842
5866	1LP9_M	1MI5_E			0.9672
5867	1LP9_M	1MLC_A			0.7059
5868	1LP9_M	1MLC_B			0.8005
5871	1LP9_M	1N8Z_B			0.8694
5872	1LP9_M	1NCA_H			0.8777
5873	1LP9_M	1OGA_E			0.9734
5878	1LP9_M	1XGP_B			0.7661
5880	1LP9_M	1XGQ_B			0.7646
5882	1LP9_M	1XGR_B			0.7661
5884	1LP9_M	1XGT_B			0.7656
5886	1LP9_M	1XGU_B			0.759
5889	1LP9_M	1YY9_C			0.6685
5890	1LP9_M	1YY9_D			0.861
5891	1LP9_M	2AK4_E			0.9627
5895	1LP9_M	2B2X_H			0.8719
5897	1LP9_M	2BDN_H			0.7805
5898	1LP9_M	2BDN_L			0.7167
5907	1LP9_M	2NYY_D			0.8979
5917	1LP9_M	2VLR_E			0.9637
5919	1LP9_M	3BN9_D			0.8493
5923	1LP9_M	3D3V_E			0.9653
5924	1LP9_M	3G6D_H			0.8121
5926	1LP9_M	3HFM_H			0.8902
5928	1LP9_M	3L5X_L			0.7197
5930	1LP9_M	3N85_H			0.878
5934	1LP9_M	3NGB_L			0.7222
5937	1LP9_M	3QDG_E			0.9708
5938	1LP9_M	3QDJ_E			0.9692
5940	1LP9_M	3QIB_D			0.9152
5941	1LP9_M	3SE8_H			0.752
5942	1LP9_M	3SE8_L			0.7492
5943	1LP9_M	3SE9_H			0.7883
5944	1LP9_M	3SE9_L			0.7308
5946	1LP9_M	4FTV_E			0.9651
5951	1LP9_M	4I77_H			0.8587
5959	1LP9_M	4L3E_E			0.9729
5968	1LP9_M	4OZG_H			0.9502
5978	1M9E_C	1M9E_D	p	u	0.9825
5984	1MHP_H	1MHP_L	p		0.711
5985	1MHP_H	1MI5_D			0.6664
5986	1MHP_H	1MI5_E			0.8587
5987	1MHP_H	1MLC_A			0.7291
5988	1MHP_H	1MLC_B			0.8782
5989	1MHP_H	1MLC_C			0.7204
5990	1MHP_H	1MLC_D			0.8799
5991	1MHP_H	1N8Z_B			0.8928
5992	1MHP_H	1NCA_H			0.9407
5993	1MHP_H	1NCA_L			0.6713
5994	1MHP_H	1OGA_E			0.8746
5995	1MHP_H	1QSE_D			0.6497
5996	1MHP_H	1QSE_E			0.8545
5997	1MHP_H	1SBB_A			0.8364
5998	1MHP_H	1SBB_C			0.8448
5999	1MHP_H	1XGP_A			0.7782
6000	1MHP_H	1XGP_B			0.8471
6001	1MHP_H	1XGQ_A			0.7845
6002	1MHP_H	1XGQ_B			0.843
6003	1MHP_H	1XGR_A			0.7898
6004	1MHP_H	1XGR_B			0.8474
6005	1MHP_H	1XGT_A			0.7905
6006	1MHP_H	1XGT_B			0.8457
6007	1MHP_H	1XGU_A			0.7843
6008	1MHP_H	1XGU_B			0.8379
6009	1MHP_H	1YQV_H			0.9234
6010	1MHP_H	1YQV_L			0.7466
6011	1MHP_H	1YY9_C			0.6898
6012	1MHP_H	1YY9_D			0.9442
6013	1MHP_H	2AK4_D			0.6544
6014	1MHP_H	2AK4_E			0.866
6015	1MHP_H	2AK4_I			0.6581
6016	1MHP_H	2AK4_J			0.8666
6017	1MHP_H	2AK4_N			0.6393
6018	1MHP_H	2AK4_P			0.8621
6019	1MHP_H	2AK4_U			0.8602
6020	1MHP_H	2B2X_H			0.9918
6021	1MHP_H	2B2X_I			0.9925
6022	1MHP_H	2B2X_L			0.6854
6023	1MHP_H	2B2X_M			0.6841
6024	1MHP_H	2BDN_H			0.8659
6025	1MHP_H	2BDN_L			0.7481
6026	1MHP_H	2BNQ_E			0.8421
6027	1MHP_H	2BNR_E			0.8428
6028	1MHP_H	2J8U_E			0.6734
6029	1MHP_H	2J8U_F			0.8726
6030	1MHP_H	2J8U_M			0.8714
6031	1MHP_H	2JCC_F			0.8663
6032	1MHP_H	2JCC_M			0.8696
6033	1MHP_H	2JEL_H			0.9383
6034	1MHP_H	2JEL_L			0.6734
6035	1MHP_H	2NYY_C			0.6557
6036	1MHP_H	2NYY_D			0.9644
6037	1MHP_H	2NZ9_C			0.6687
6038	1MHP_H	2NZ9_D			0.9686
6039	1MHP_H	2NZ9_E			0.6631
6040	1MHP_H	2NZ9_F			0.967
6041	1MHP_H	2P5E_E			0.8432
6042	1MHP_H	2UWE_E			0.6728
6043	1MHP_H	2UWE_F			0.8734
6044	1MHP_H	2UWE_M			0.8742
6045	1MHP_H	2VIR_A			0.8443
6046	1MHP_H	2VIR_B			0.7449
6047	1MHP_H	2VIS_A			0.8442
6048	1MHP_H	2VIS_B			0.7459
6049	1MHP_H	2VLR_E			0.8754
6050	1MHP_H	2VLR_J			0.8697
6051	1MHP_H	3BN9_C			0.6502
6052	1MHP_H	3BN9_D			0.9051
6053	1MHP_H	3BN9_E			0.6599
6054	1MHP_H	3BN9_F			0.9296
6055	1MHP_H	3C60_A			0.6637
6056	1MHP_H	3C60_B			0.86
6057	1MHP_H	3C60_E			0.6623
6058	1MHP_H	3C60_F			0.8616
6059	1MHP_H	3D3V_D			0.6476
6060	1MHP_H	3D3V_E			0.851
6061	1MHP_H	3G6D_H			0.8074
6062	1MHP_H	3H9S_E			0.8609
6063	1MHP_H	3HFM_H			0.9461
6064	1MHP_H	3HFM_L			0.6683
6065	1MHP_H	3L5X_H			0.9439
6066	1MHP_H	3L5X_L			0.7421
6067	1MHP_H	3LZF_H			0.8198
6068	1MHP_H	3N85_H			0.9077
6069	1MHP_H	3NGB_C			0.6695
6070	1MHP_H	3NGB_F			0.6465
6071	1MHP_H	3NGB_K			0.6549
6072	1MHP_H	3NGB_L			0.6859
6073	1MHP_H	3NPS_B			0.9386
6074	1MHP_H	3NPS_C			0.6885
6075	1MHP_H	3PWP_D			0.6514
6076	1MHP_H	3PWP_E			0.8591
6077	1MHP_H	3QDG_D			0.6682
6078	1MHP_H	3QDG_E			0.8564
6079	1MHP_H	3QDJ_D			0.6733
6080	1MHP_H	3QDJ_E			0.8582
6081	1MHP_H	3QFJ_D			0.6567
6082	1MHP_H	3QFJ_E			0.8619
6083	1MHP_H	3QIB_D			0.8019
6084	1MHP_H	3SE8_H			0.8628
6085	1MHP_H	3SE8_L			0.7771
6086	1MHP_H	3SE9_H			0.8917
6087	1MHP_H	3SE9_L			0.7611
6088	1MHP_H	3W2D_H			0.9381
6089	1MHP_H	3W2D_L			0.6762
6090	1MHP_H	4B0M_M			0.6448
6091	1MHP_H	4FTV_E			0.8509
6092	1MHP_H	4GXU_M			0.7925
6093	1MHP_H	4GXU_N			0.8315
6094	1MHP_H	4GXU_Q			0.841
6095	1MHP_H	4GXU_R			0.7986
6096	1MHP_H	4I77_H			0.8833
6097	1MHP_H	4I77_L			0.6248
6098	1MHP_H	4JFD_E			0.8218
6099	1MHP_H	4JFE_E			0.8337
6100	1MHP_H	4JFF_E			0.8293
6101	1MHP_H	4JPK_H			0.8726
6102	1MHP_H	4JPK_L			0.7743
6103	1MHP_H	4KRO_D			0.8597
6104	1MHP_H	4KRP_D			0.8716
6105	1MHP_H	4L3E_D			0.6649
6106	1MHP_H	4L3E_E			0.8627
6107	1MHP_H	4MNQ_E			0.8435
6108	1MHP_H	4NM8_H			0.9367
6109	1MHP_H	4NM8_I			0.935
6110	1MHP_H	4NM8_J			0.9322
6111	1MHP_H	4NM8_L			0.7312
6112	1MHP_H	4NM8_M			0.7283
6113	1MHP_H	4NM8_N			0.7332
6114	1MHP_H	4OZG_F			0.8543
6115	1MHP_H	4OZG_H			0.8328
6116	1MHP_H	4P23_A			0.6771
6117	1MHP_H	4P23_B			0.8583
6118	1MHP_H	4P5T_A			0.6693
6119	1MHP_H	4P5T_B			0.8548
6120	1MHP_H	4P5T_F			0.8258
6121	1MHP_H	4U6H_A			0.9146
6122	1MHP_H	4U6H_B			0.6539
6123	1MHP_H	4U6H_C			0.8598
6124	1MHP_H	4U6H_D			0.7725
6125	1MHP_H	4ZS6_C			0.9535
6126	1MHP_H	4ZS6_D			0.6753
6127	1MHP_H	4ZS6_H			0.926
6128	1MHP_H	4ZS6_L			0.6462
6129	1MHP_L	1MI5_D			0.7014
6130	1MHP_L	1MLC_A			0.9579
6131	1MHP_L	1MLC_B			0.7627
6132	1MHP_L	1MLC_C			0.9765
6133	1MHP_L	1MLC_D			0.7521
6134	1MHP_L	1N8Z_A			0.9028
6135	1MHP_L	1NCA_H			0.6794
6136	1MHP_L	1NCA_L			0.939
6137	1MHP_L	1OGA_D			0.6997
6138	1MHP_L	1OGA_E			0.6924
6139	1MHP_L	1QSE_D			0.7133
6140	1MHP_L	1QSE_E			0.6805
6141	1MHP_L	1XGP_A			0.8939
6142	1MHP_L	1XGP_B			0.774
6143	1MHP_L	1XGQ_A			0.8889
6144	1MHP_L	1XGQ_B			0.7754
6145	1MHP_L	1XGR_A			0.8962
6146	1MHP_L	1XGR_B			0.7736
6147	1MHP_L	1XGT_A			0.8948
6148	1MHP_L	1XGT_B			0.7719
6149	1MHP_L	1XGU_A			0.8891
6150	1MHP_L	1XGU_B			0.7735
6151	1MHP_L	1YQV_H			0.7443
6152	1MHP_L	1YQV_L			0.9765
6153	1MHP_L	1YY9_C			0.9751
6154	1MHP_L	1YY9_D			0.667
6155	1MHP_L	2AK4_D			0.7051
6156	1MHP_L	2AK4_E			0.6937
6157	1MHP_L	2AK4_I			0.7088
6158	1MHP_L	2AK4_J			0.6916
6159	1MHP_L	2AK4_N			0.7019
6160	1MHP_L	2AK4_P			0.6871
6161	1MHP_L	2AK4_T			0.6975
6162	1MHP_L	2AK4_U			0.6764
6163	1MHP_L	2B2X_H			0.6939
6164	1MHP_L	2B2X_I			0.6936
6165	1MHP_L	2B2X_L			0.9904
6166	1MHP_L	2B2X_M			0.9891
6167	1MHP_L	2BDN_H			0.7467
6168	1MHP_L	2BDN_L			0.9357
6169	1MHP_L	2BNQ_D			0.6905
6170	1MHP_L	2BNR_D			0.6919
6171	1MHP_L	2J8U_E			0.7166
6172	1MHP_L	2J8U_F			0.675
6173	1MHP_L	2J8U_L			0.7124
6174	1MHP_L	2J8U_M			0.6772
6175	1MHP_L	2JCC_E			0.7109
6176	1MHP_L	2JCC_F			0.6761
6177	1MHP_L	2JCC_L			0.7029
6178	1MHP_L	2JCC_M			0.6791
6179	1MHP_L	2JEL_H			0.7018
6180	1MHP_L	2JEL_L			0.9697
6181	1MHP_L	2NYY_C			0.9681
6182	1MHP_L	2NYY_D			0.6855
6183	1MHP_L	2NZ9_C			0.9759
6184	1MHP_L	2NZ9_D			0.712
6185	1MHP_L	2NZ9_E			0.9778
6186	1MHP_L	2NZ9_F			0.6948
6187	1MHP_L	2P5E_D			0.6825
6188	1MHP_L	2UWE_E			0.7116
6189	1MHP_L	2UWE_F			0.6802
6190	1MHP_L	2UWE_L			0.7052
6191	1MHP_L	2UWE_M			0.6825
6192	1MHP_L	2VIR_A			0.7725
6193	1MHP_L	2VIR_B			0.8053
6194	1MHP_L	2VIS_A			0.7718
6195	1MHP_L	2VIS_B			0.8071
6196	1MHP_L	2VLR_D			0.6938
6197	1MHP_L	2VLR_E			0.6962
6198	1MHP_L	2VLR_I			0.6883
6199	1MHP_L	2VLR_J			0.6881
6200	1MHP_L	3BN9_C			0.9542
6201	1MHP_L	3BN9_E			0.9603
6202	1MHP_L	3C60_A			0.7155
6203	1MHP_L	3C60_E			0.7155
6204	1MHP_L	3D3V_D			0.715
6205	1MHP_L	3G6D_L			0.8045
6206	1MHP_L	3H9S_D			0.7104
6207	1MHP_L	3H9S_E			0.6865
6208	1MHP_L	3HFM_H			0.6585
6209	1MHP_L	3HFM_L			0.9617
6210	1MHP_L	3L5X_H			0.7207
6211	1MHP_L	3L5X_L			0.9766
6212	1MHP_L	3LZF_L			0.7898
6213	1MHP_L	3N85_L			0.8823
6214	1MHP_L	3NGB_B			0.7023
6215	1MHP_L	3NGB_E			0.678
6216	1MHP_L	3NGB_H			0.694
6217	1MHP_L	3NGB_J			0.7025
6218	1MHP_L	3NGB_L			0.6128
6219	1MHP_L	3NPS_B			0.6927
6220	1MHP_L	3NPS_C			0.9685
6221	1MHP_L	3PWP_D			0.7101
6222	1MHP_L	3PWP_E			0.69
6223	1MHP_L	3QDG_D			0.7339
6224	1MHP_L	3QDG_E			0.6768
6225	1MHP_L	3QDJ_D			0.7317
6226	1MHP_L	3QDJ_E			0.6793
6227	1MHP_L	3QFJ_D			0.7162
6228	1MHP_L	3QFJ_E			0.6864
6229	1MHP_L	3QIB_C			0.6851
6230	1MHP_L	3SE8_H			0.7616
6231	1MHP_L	3SE8_L			0.9352
6232	1MHP_L	3SE9_H			0.7762
6233	1MHP_L	3SE9_L			0.9412
6234	1MHP_L	3W2D_H			0.668
6235	1MHP_L	3W2D_L			0.9671
6236	1MHP_L	4FTV_D			0.7123
6237	1MHP_L	4GXU_M			0.8069
6238	1MHP_L	4GXU_N			0.8018
6239	1MHP_L	4GXU_Q			0.8034
6240	1MHP_L	4GXU_R			0.8461
6241	1MHP_L	4I77_L			0.9359
6242	1MHP_L	4JFD_D			0.7181
6243	1MHP_L	4JFE_D			0.7223
6244	1MHP_L	4JFF_D			0.7217
6245	1MHP_L	4JPK_H			0.7871
6246	1MHP_L	4JPK_L			0.9233
6247	1MHP_L	4KRO_C			0.8861
6248	1MHP_L	4KRP_C			0.8931
6249	1MHP_L	4L3E_D			0.7258
6250	1MHP_L	4L3E_E			0.6849
6251	1MHP_L	4MNQ_D			0.7065
6252	1MHP_L	4NM8_H			0.735
6253	1MHP_L	4NM8_I			0.7202
6254	1MHP_L	4NM8_J			0.7314
6255	1MHP_L	4NM8_L			0.9692
6256	1MHP_L	4NM8_M			0.971
6257	1MHP_L	4NM8_N			0.9684
6258	1MHP_L	4OZG_E			0.7006
6259	1MHP_L	4OZG_F			0.6794
6260	1MHP_L	4OZG_G			0.6995
6261	1MHP_L	4P23_A			0.7104
6262	1MHP_L	4P5T_A			0.7106
6263	1MHP_L	4P5T_E			0.7081
6264	1MHP_L	4U6H_A			0.6391
6265	1MHP_L	4U6H_B			0.9594
6266	1MHP_L	4U6H_C			0.7751
6267	1MHP_L	4U6H_D			0.9009
6268	1MHP_L	4ZS6_C			0.6713
6269	1MHP_L	4ZS6_D			0.9685
6270	1MHP_L	4ZS6_H			0.6424
6271	1MHP_L	4ZS6_L			0.9453
6273	1MHP_X	1NMB_H			0.9179
6274	1MHP_X	1NMB_L			0.8616
6277	1MHP_X	1VFB_A			0.8743
6278	1MHP_X	1VFB_B			0.9613
6285	1MHP_X	2I26_N			0.7783
6311	1MHP_X	4KRL_B			0.951
6312	1MHP_X	4KRO_B			0.8293
6313	1MHP_X	4KRP_B			0.8805
6314	1MHP_X	5C6T_H			0.8828
6315	1MHP_X	5C6T_L			0.862
6316	1MHP_X	5E9D_D			0.8645
6317	1MHP_X	5E9D_E			0.8335
6320	1MHP_Y	1NMB_H			0.8716
6321	1MHP_Y	1NMB_L			0.9631
6324	1MHP_Y	1VFB_A			0.9826
6325	1MHP_Y	1VFB_B			0.8743
6332	1MHP_Y	2I26_N			0.8402
6358	1MHP_Y	4KRL_B			0.875
6359	1MHP_Y	4KRO_B			0.7499
6360	1MHP_Y	4KRP_B			0.7941
6361	1MHP_Y	5C6T_H			0.8201
6362	1MHP_Y	5C6T_L			0.9344
6363	1MHP_Y	5E9D_D			0.8556
6364	1MHP_Y	5E9D_E			0.8927
6367	1MI5_A	1OGA_A			0.9794
6369	1MI5_A	2AK4_A		u	0.9728
6374	1MI5_A	2BNR_A			0.982
6377	1MI5_A	2J8U_A			0.9569
6379	1MI5_A	2JCC_A			0.9591
6383	1MI5_A	2UWE_A			0.957
6388	1MI5_A	3H9S_A			0.9619
6393	1MI5_A	4FTV_A			0.9735
6397	1MI5_A	4K71_B			0.8229
6399	1MI5_A	4L3E_A			0.9689
6441	1MI5_C	2BNR_C			0.6926
6443	1MI5_D	1MLC_A			0.7136
6444	1MI5_D	1MLC_B			0.7012
6445	1MI5_D	1MLC_C			0.7152
6446	1MI5_D	1MLC_D			0.6909
6447	1MI5_D	1N8Z_A			0.7156
6448	1MI5_D	1NCA_L			0.7307
6449	1MI5_D	1OGA_D		u	0.9244
6450	1MI5_D	1QSE_D			0.9276
6451	1MI5_D	1XGP_A			0.6787
6452	1MI5_D	1XGP_B			0.696
6453	1MI5_D	1XGQ_A			0.6763
6454	1MI5_D	1XGQ_B			0.6979
6455	1MI5_D	1XGR_A			0.6781
6456	1MI5_D	1XGR_B			0.6953
6457	1MI5_D	1XGT_A			0.6785
6458	1MI5_D	1XGT_B			0.6962
6459	1MI5_D	1XGU_A			0.6775
6460	1MI5_D	1XGU_B			0.6978
6461	1MI5_D	1YQV_H			0.6605
6462	1MI5_D	1YQV_L			0.694
6463	1MI5_D	1YY9_C			0.7204
6464	1MI5_D	2AK4_D		u	0.926
6465	1MI5_D	2AK4_I		u	0.9229
6466	1MI5_D	2AK4_N		u	0.9161
6467	1MI5_D	2AK4_T		u	0.9037
6468	1MI5_D	2B2X_H			0.6501
6469	1MI5_D	2B2X_I			0.6478
6470	1MI5_D	2B2X_L			0.7073
6471	1MI5_D	2B2X_M			0.7085
6472	1MI5_D	2BDN_H			0.6951
6473	1MI5_D	2BDN_L			0.7017
6474	1MI5_D	2BNQ_D		u	0.9068
6475	1MI5_D	2BNR_D		u	0.9088
6476	1MI5_D	2J8U_E			0.9092
6477	1MI5_D	2J8U_L			0.9129
6478	1MI5_D	2JCC_E			0.9114
6479	1MI5_D	2JCC_L			0.9139
6480	1MI5_D	2JEL_H			0.6527
6481	1MI5_D	2JEL_L			0.7217
6482	1MI5_D	2NYY_C			0.72
6483	1MI5_D	2NZ9_C			0.7176
6484	1MI5_D	2NZ9_D			0.6525
6485	1MI5_D	2NZ9_E			0.7211
6486	1MI5_D	2P5E_D		u	0.8797
6487	1MI5_D	2UWE_E			0.9058
6488	1MI5_D	2UWE_L			0.9101
6489	1MI5_D	2VIR_A			0.6323
6490	1MI5_D	2VIR_B			0.7591
6491	1MI5_D	2VIS_A			0.6302
6492	1MI5_D	2VIS_B			0.7589
6493	1MI5_D	2VLR_D		u	0.9124
6494	1MI5_D	2VLR_I		u	0.9061
6495	1MI5_D	3BN9_C			0.7101
6496	1MI5_D	3BN9_E			0.7096
6497	1MI5_D	3C60_A			0.9232
6498	1MI5_D	3C60_E			0.9258
6499	1MI5_D	3D3V_D			0.93
6500	1MI5_D	3G6D_L			0.6407
6501	1MI5_D	3H9S_D			0.9342
6502	1MI5_D	3HFM_L			0.7021
6503	1MI5_D	3L5X_H			0.6809
6504	1MI5_D	3L5X_L			0.6921
6505	1MI5_D	3LZF_L			0.6448
6506	1MI5_D	3N85_L			0.708
6507	1MI5_D	3NPS_B			0.6645
6508	1MI5_D	3NPS_C			0.7108
6509	1MI5_D	3PWP_D		u	0.9375
6510	1MI5_D	3QDG_D		u	0.9321
6511	1MI5_D	3QDJ_D		u	0.9295
6512	1MI5_D	3QFJ_D			0.9388
6513	1MI5_D	3QIB_C		u	0.8812
6514	1MI5_D	3SE8_H			0.7132
6515	1MI5_D	3SE8_L			0.6759
6516	1MI5_D	3SE9_H			0.7189
6517	1MI5_D	3SE9_L			0.6915
6518	1MI5_D	3W2D_L			0.7168
6519	1MI5_D	4FTV_D			0.928
6520	1MI5_D	4GXU_M			0.7436
6521	1MI5_D	4GXU_N			0.6431
6522	1MI5_D	4GXU_Q			0.7331
6523	1MI5_D	4GXU_R			0.6594
6524	1MI5_D	4I77_L			0.7129
6525	1MI5_D	4JFD_D		u	0.9175
6526	1MI5_D	4JFE_D		u	0.9315
6527	1MI5_D	4JFF_D		u	0.9283
6528	1MI5_D	4JPK_H			0.7319
6529	1MI5_D	4JPK_L			0.6883
6530	1MI5_D	4KRO_C			0.7054
6531	1MI5_D	4KRP_C			0.7078
6532	1MI5_D	4L3E_D			0.9341
6533	1MI5_D	4MNQ_D			0.8929
6534	1MI5_D	4NM8_H			0.6939
6535	1MI5_D	4NM8_I			0.6904
6536	1MI5_D	4NM8_J			0.6961
6537	1MI5_D	4NM8_L			0.7136
6538	1MI5_D	4NM8_M			0.7153
6539	1MI5_D	4NM8_N			0.7139
6540	1MI5_D	4OZG_E			0.9665
6541	1MI5_D	4OZG_G			0.9591
6542	1MI5_D	4P23_A			0.9271
6543	1MI5_D	4P5T_A			0.9193
6544	1MI5_D	4P5T_E			0.9066
6545	1MI5_D	4U6H_B			0.7241
6546	1MI5_D	4U6H_C			0.7146
6547	1MI5_D	4U6H_D			0.6995
6548	1MI5_D	4ZS6_D			0.7041
6549	1MI5_D	4ZS6_L			0.6983
6550	1MI5_E	1MLC_A			0.6886
6551	1MI5_E	1MLC_B			0.7761
6552	1MI5_E	1MLC_C			0.6755
6553	1MI5_E	1MLC_D			0.7784
6554	1MI5_E	1N8Z_B			0.8754
6555	1MI5_E	1NCA_H			0.8695
6556	1MI5_E	1OGA_E		u	0.9667
6557	1MI5_E	1QSE_E			0.961
6558	1MI5_E	1SBB_A			0.9185
6559	1MI5_E	1SBB_C			0.8962
6560	1MI5_E	1XGP_A			0.7624
6561	1MI5_E	1XGP_B			0.7425
6562	1MI5_E	1XGQ_A			0.7655
6563	1MI5_E	1XGQ_B			0.741
6564	1MI5_E	1XGR_A			0.762
6565	1MI5_E	1XGR_B			0.745
6566	1MI5_E	1XGT_A			0.7618
6567	1MI5_E	1XGT_B			0.7428
6568	1MI5_E	1XGU_A			0.7649
6569	1MI5_E	1XGU_B			0.7372
6570	1MI5_E	1YQV_H			0.8177
6571	1MI5_E	1YQV_L			0.7011
6572	1MI5_E	1YY9_D			0.8466
6573	1MI5_E	2AK4_E		u	0.9417
6574	1MI5_E	2AK4_J		u	0.9414
6575	1MI5_E	2AK4_P		u	0.938
6576	1MI5_E	2AK4_U		u	0.9625
6577	1MI5_E	2B2X_H			0.855
6578	1MI5_E	2B2X_I			0.8557
6579	1MI5_E	2BDN_H			0.749
6580	1MI5_E	2BDN_L			0.6966
6581	1MI5_E	2BNQ_E		u	0.966
6582	1MI5_E	2BNR_E		u	0.9673
6583	1MI5_E	2J8U_F			0.9678
6584	1MI5_E	2J8U_M			0.967
6585	1MI5_E	2JCC_F			0.9674
6586	1MI5_E	2JCC_M			0.9633
6587	1MI5_E	2JEL_H			0.8501
6588	1MI5_E	2NYY_D			0.8855
6589	1MI5_E	2NZ9_D			0.8621
6590	1MI5_E	2NZ9_F			0.8801
6591	1MI5_E	2P5E_E			0.9696
6592	1MI5_E	2UWE_F			0.9681
6593	1MI5_E	2UWE_M			0.9667
6594	1MI5_E	2VIR_A			0.8506
6595	1MI5_E	2VIS_A			0.8513
6596	1MI5_E	2VIS_B			0.6505
6597	1MI5_E	2VLR_E		u	0.9517
6598	1MI5_E	2VLR_J		u	0.9582
6599	1MI5_E	3BN9_D			0.8506
6600	1MI5_E	3BN9_F			0.8566
6601	1MI5_E	3C60_B			0.9701
6602	1MI5_E	3C60_F			0.9703
6603	1MI5_E	3D3V_E		u	0.9633
6604	1MI5_E	3G6D_H			0.8345
6605	1MI5_E	3H9S_E			0.9598
6606	1MI5_E	3HFM_H			0.8886
6607	1MI5_E	3L5X_H			0.7988
6608	1MI5_E	3L5X_L			0.699
6609	1MI5_E	3LZF_H			0.8428
6610	1MI5_E	3N85_H			0.8875
6611	1MI5_E	3NGB_C			0.731
6612	1MI5_E	3NGB_F			0.7143
6613	1MI5_E	3NGB_K			0.7276
6614	1MI5_E	3NGB_L			0.7358
6615	1MI5_E	3NPS_B			0.8199
6616	1MI5_E	3PWP_E			0.962
6617	1MI5_E	3QDG_E			0.9727
6618	1MI5_E	3QDJ_E			0.9708
6619	1MI5_E	3QFJ_E			0.9603
6620	1MI5_E	3QIB_D			0.9379
6621	1MI5_E	3SE8_H			0.7279
6622	1MI5_E	3SE8_L			0.7327
6623	1MI5_E	3SE9_H			0.7506
6624	1MI5_E	3SE9_L			0.7116
6625	1MI5_E	3W2D_H			0.8532
6626	1MI5_E	4FTV_E			0.9633
6627	1MI5_E	4GXU_M			0.6768
6628	1MI5_E	4GXU_N			0.8219
6629	1MI5_E	4GXU_Q			0.7131
6630	1MI5_E	4GXU_R			0.7799
6631	1MI5_E	4I77_H			0.8603
6632	1MI5_E	4JFD_E		u	0.9442
6633	1MI5_E	4JFE_E		u	0.953
6634	1MI5_E	4JFF_E		u	0.9495
6635	1MI5_E	4JPK_H			0.7422
6636	1MI5_E	4JPK_L			0.7244
6637	1MI5_E	4KRO_D			0.8609
6638	1MI5_E	4KRP_D			0.8688
6639	1MI5_E	4L3E_E			0.9694
6640	1MI5_E	4MNQ_E		u	0.9783
6641	1MI5_E	4NM8_H			0.7982
6642	1MI5_E	4NM8_I			0.794
6643	1MI5_E	4NM8_J			0.7926
6644	1MI5_E	4NM8_L			0.6886
6645	1MI5_E	4NM8_M			0.6843
6646	1MI5_E	4NM8_N			0.6892
6647	1MI5_E	4OZG_F		u	0.9802
6648	1MI5_E	4OZG_H		u	0.9819
6649	1MI5_E	4P23_B			0.9681
6650	1MI5_E	4P5T_B			0.9694
6651	1MI5_E	4P5T_F			0.9628
6652	1MI5_E	4U6H_A			0.8778
6653	1MI5_E	4U6H_C			0.7538
6654	1MI5_E	4U6H_D			0.7334
6655	1MI5_E	4ZS6_C			0.8741
6656	1MI5_E	4ZS6_H			0.8792
6657	1MLC_A	1MLC_B	p		0.8078
6658	1MLC_A	1MLC_C	p	u	0.9915
6659	1MLC_A	1MLC_D	p		0.7994
6660	1MLC_A	1N8Z_A			0.8407
6661	1MLC_A	1N8Z_B			0.6342
6662	1MLC_A	1NCA_H			0.7057
6663	1MLC_A	1NCA_L			0.9249
6664	1MLC_A	1OGA_D			0.7061
6665	1MLC_A	1OGA_E			0.7103
6666	1MLC_A	1QSE_D			0.718
6667	1MLC_A	1QSE_E			0.707
6668	1MLC_A	1SBB_A			0.6712
6669	1MLC_A	1SBB_C			0.6824
6670	1MLC_A	1XGP_A		u	0.939
6671	1MLC_A	1XGP_B			0.8105
6672	1MLC_A	1XGQ_A		u	0.9345
6673	1MLC_A	1XGQ_B			0.8143
6674	1MLC_A	1XGR_A			0.9401
6675	1MLC_A	1XGR_B			0.811
6676	1MLC_A	1XGT_A			0.9406
6677	1MLC_A	1XGT_B			0.8119
6678	1MLC_A	1XGU_A		u	0.9359
6679	1MLC_A	1XGU_B			0.8129
6680	1MLC_A	1YQV_H			0.7746
6681	1MLC_A	1YQV_L			0.9828
6682	1MLC_A	1YY9_C			0.9667
6683	1MLC_A	1YY9_D			0.6932
6684	1MLC_A	2AK4_D			0.7093
6685	1MLC_A	2AK4_E			0.7185
6686	1MLC_A	2AK4_I			0.7094
6687	1MLC_A	2AK4_J			0.7188
6688	1MLC_A	2AK4_N			0.7018
6689	1MLC_A	2AK4_P			0.7113
6690	1MLC_A	2AK4_T			0.6948
6691	1MLC_A	2AK4_U			0.7043
6692	1MLC_A	2B2X_H			0.7114
6693	1MLC_A	2B2X_I			0.7107
6694	1MLC_A	2B2X_L			0.9553
6695	1MLC_A	2B2X_M			0.9541
6696	1MLC_A	2BDN_H			0.7835
6697	1MLC_A	2BDN_L			0.9785
6698	1MLC_A	2BNQ_D			0.6938
6699	1MLC_A	2BNQ_E			0.697
6700	1MLC_A	2BNR_D			0.6951
6701	1MLC_A	2BNR_E			0.6967
6702	1MLC_A	2J8U_E			0.7346
6703	1MLC_A	2J8U_F			0.7008
6704	1MLC_A	2J8U_L			0.7336
6705	1MLC_A	2J8U_M			0.701
6706	1MLC_A	2JCC_E			0.73
6707	1MLC_A	2JCC_F			0.6956
6708	1MLC_A	2JCC_L			0.7205
6709	1MLC_A	2JCC_M			0.7047
6710	1MLC_A	2JEL_H			0.7317
6711	1MLC_A	2JEL_L			0.9629
6712	1MLC_A	2NYY_C			0.9164
6713	1MLC_A	2NYY_D			0.7082
6714	1MLC_A	2NZ9_C			0.9383
6715	1MLC_A	2NZ9_D			0.7294
6716	1MLC_A	2NZ9_E			0.9227
6717	1MLC_A	2NZ9_F			0.7169
6718	1MLC_A	2P5E_D			0.6913
6719	1MLC_A	2P5E_E			0.6814
6720	1MLC_A	2UWE_E			0.7311
6721	1MLC_A	2UWE_F			0.7027
6722	1MLC_A	2UWE_L			0.7227
6723	1MLC_A	2UWE_M			0.706
6724	1MLC_A	2VIR_A			0.7838
6725	1MLC_A	2VIR_B			0.8431
6726	1MLC_A	2VIS_A			0.7827
6727	1MLC_A	2VIS_B			0.8447
6728	1MLC_A	2VLR_D			0.7051
6729	1MLC_A	2VLR_E			0.7219
6730	1MLC_A	2VLR_I			0.697
6731	1MLC_A	2VLR_J			0.7135
6732	1MLC_A	3BN9_C			0.9014
6733	1MLC_A	3BN9_D			0.6232
6734	1MLC_A	3BN9_E			0.9078
6735	1MLC_A	3BN9_F			0.6635
6736	1MLC_A	3C60_A			0.7145
6737	1MLC_A	3C60_B			0.683
6738	1MLC_A	3C60_E			0.7167
6739	1MLC_A	3C60_F			0.6852
6740	1MLC_A	3D3V_D			0.7167
6741	1MLC_A	3D3V_E			0.7046
6742	1MLC_A	3G6D_L			0.7656
6743	1MLC_A	3H9S_D			0.7171
6744	1MLC_A	3H9S_E			0.7119
6745	1MLC_A	3HFM_H			0.6838
6746	1MLC_A	3HFM_L		u	0.9245
6747	1MLC_A	3L5X_H			0.7504
6748	1MLC_A	3L5X_L			0.9677
6749	1MLC_A	3LZF_L			0.7576
6750	1MLC_A	3N85_H			0.6292
6751	1MLC_A	3N85_L			0.8253
6752	1MLC_A	3NGB_B			0.6997
6753	1MLC_A	3NGB_E			0.6707
6754	1MLC_A	3NGB_H			0.6948
6755	1MLC_A	3NGB_J			0.6954
6756	1MLC_A	3NGB_L			0.6206
6757	1MLC_A	3NPS_B			0.7191
6758	1MLC_A	3NPS_C			0.9311
6759	1MLC_A	3PWP_D			0.7173
6760	1MLC_A	3PWP_E			0.7125
6761	1MLC_A	3QDG_D			0.737
6762	1MLC_A	3QDG_E			0.7048
6763	1MLC_A	3QDJ_D			0.7361
6764	1MLC_A	3QDJ_E			0.7038
6765	1MLC_A	3QFJ_D			0.719
6766	1MLC_A	3QFJ_E			0.7157
6767	1MLC_A	3QIB_C			0.683
6768	1MLC_A	3SE8_H			0.8094
6769	1MLC_A	3SE8_L			0.9615
6770	1MLC_A	3SE9_H			0.8052
6771	1MLC_A	3SE9_L			0.9699
6772	1MLC_A	3W2D_H			0.7011
6773	1MLC_A	3W2D_L			0.9425
6774	1MLC_A	4FTV_D			0.7132
6775	1MLC_A	4FTV_E			0.7077
6776	1MLC_A	4GXU_M			0.8439
6777	1MLC_A	4GXU_N			0.822
6778	1MLC_A	4GXU_Q			0.8378
6779	1MLC_A	4GXU_R			0.8731
6780	1MLC_A	4I77_H			0.6494
6781	1MLC_A	4I77_L			0.8718
6782	1MLC_A	4JFD_D			0.7137
6783	1MLC_A	4JFE_D			0.7187
6784	1MLC_A	4JFF_D			0.7171
6785	1MLC_A	4JPK_H			0.824
6786	1MLC_A	4JPK_L			0.9644
6787	1MLC_A	4KRO_C			0.835
6788	1MLC_A	4KRP_C			0.8426
6789	1MLC_A	4L3E_D			0.7279
6790	1MLC_A	4L3E_E			0.7111
6791	1MLC_A	4MNQ_D			0.7093
6792	1MLC_A	4MNQ_E			0.6785
6793	1MLC_A	4NM8_H			0.7559
6794	1MLC_A	4NM8_I			0.741
6795	1MLC_A	4NM8_J			0.7525
6796	1MLC_A	4NM8_L			0.9711
6797	1MLC_A	4NM8_M			0.9737
6798	1MLC_A	4NM8_N			0.974
6799	1MLC_A	4OZG_E			0.7158
6800	1MLC_A	4OZG_F			0.7043
6801	1MLC_A	4OZG_G			0.7135
6802	1MLC_A	4P23_A			0.7195
6803	1MLC_A	4P23_B			0.6954
6804	1MLC_A	4P5T_A			0.718
6805	1MLC_A	4P5T_B			0.6915
6806	1MLC_A	4P5T_E			0.7085
6807	1MLC_A	4P5T_F			0.6572
6808	1MLC_A	4U6H_A			0.6706
6809	1MLC_A	4U6H_B			0.9381
6810	1MLC_A	4U6H_C			0.8134
6811	1MLC_A	4U6H_D			0.9535
6812	1MLC_A	4ZS6_C			0.6941
6813	1MLC_A	4ZS6_D			0.9239
6814	1MLC_A	4ZS6_H			0.6657
6815	1MLC_A	4ZS6_L			0.8916
6816	1MLC_B	1MLC_C	p		0.7921
6817	1MLC_B	1MLC_D	p	u	0.9897
6818	1MLC_B	1N8Z_A			0.6715
6819	1MLC_B	1N8Z_B			0.762
6820	1MLC_B	1NCA_H			0.85
6821	1MLC_B	1NCA_L			0.7411
6822	1MLC_B	1OGA_D			0.6672
6823	1MLC_B	1OGA_E			0.803
6824	1MLC_B	1QSE_D			0.6798
6825	1MLC_B	1QSE_E			0.7837
6826	1MLC_B	1SBB_A			0.7532
6827	1MLC_B	1SBB_C			0.7704
6828	1MLC_B	1XGP_A			0.82
6829	1MLC_B	1XGP_B			0.9531
6830	1MLC_B	1XGQ_A			0.8203
6831	1MLC_B	1XGQ_B			0.9528
6832	1MLC_B	1XGR_A			0.8182
6833	1MLC_B	1XGR_B			0.9546
6834	1MLC_B	1XGT_A			0.8195
6835	1MLC_B	1XGT_B			0.954
6836	1MLC_B	1XGU_A			0.8237
6837	1MLC_B	1XGU_B			0.9492
6838	1MLC_B	1YQV_H			0.9506
6839	1MLC_B	1YQV_L			0.8016
6840	1MLC_B	1YY9_C			0.7666
6841	1MLC_B	1YY9_D			0.8565
6842	1MLC_B	2AK4_D			0.6806
6843	1MLC_B	2AK4_E			0.8037
6844	1MLC_B	2AK4_I			0.6852
6845	1MLC_B	2AK4_J			0.8045
6846	1MLC_B	2AK4_N			0.6654
6847	1MLC_B	2AK4_P			0.799
6848	1MLC_B	2AK4_T			0.6521
6849	1MLC_B	2AK4_U			0.7921
6850	1MLC_B	2B2X_H		u	0.8863
6851	1MLC_B	2B2X_I		u	0.8856
6852	1MLC_B	2B2X_L			0.7485
6853	1MLC_B	2B2X_M			0.7465
6854	1MLC_B	2BDN_H			0.9683
6855	1MLC_B	2BDN_L			0.8135
6856	1MLC_B	2BNQ_D			0.6515
6857	1MLC_B	2BNQ_E			0.7723
6858	1MLC_B	2BNR_D			0.6531
6859	1MLC_B	2BNR_E			0.773
6860	1MLC_B	2J8U_E			0.7108
6861	1MLC_B	2J8U_F			0.8
6862	1MLC_B	2J8U_L			0.7094
6863	1MLC_B	2J8U_M			0.7969
6864	1MLC_B	2JCC_E			0.7092
6865	1MLC_B	2JCC_F			0.7971
6866	1MLC_B	2JCC_L			0.7055
6867	1MLC_B	2JCC_M			0.8033
6868	1MLC_B	2JEL_H			0.9088
6869	1MLC_B	2JEL_L			0.7521
6870	1MLC_B	2NYY_C			0.7195
6871	1MLC_B	2NYY_D			0.8467
6872	1MLC_B	2NZ9_C			0.7393
6873	1MLC_B	2NZ9_D			0.8783
6874	1MLC_B	2NZ9_E			0.7239
6875	1MLC_B	2NZ9_F			0.8513
6876	1MLC_B	2P5E_E			0.7669
6877	1MLC_B	2UWE_E			0.7126
6878	1MLC_B	2UWE_F			0.8007
6879	1MLC_B	2UWE_L			0.7076
6880	1MLC_B	2UWE_M			0.8018
6881	1MLC_B	2VIR_A			0.8021
6882	1MLC_B	2VIR_B			0.8493
6883	1MLC_B	2VIS_A			0.8014
6884	1MLC_B	2VIS_B			0.8509
6885	1MLC_B	2VLR_D			0.669
6886	1MLC_B	2VLR_E			0.8229
6887	1MLC_B	2VLR_I			0.6622
6888	1MLC_B	2VLR_J			0.8131
6889	1MLC_B	3BN9_C			0.7114
6890	1MLC_B	3BN9_D			0.761
6891	1MLC_B	3BN9_E			0.7151
6892	1MLC_B	3BN9_F			0.7918
6893	1MLC_B	3C60_A			0.6872
6894	1MLC_B	3C60_B			0.7812
6895	1MLC_B	3C60_E			0.6864
6896	1MLC_B	3C60_F			0.7874
6897	1MLC_B	3D3V_D			0.6754
6898	1MLC_B	3D3V_E			0.7768
6899	1MLC_B	3G6D_H			0.6915
6900	1MLC_B	3G6D_L			0.6197
6901	1MLC_B	3H9S_D			0.6814
6902	1MLC_B	3H9S_E			0.7921
6903	1MLC_B	3HFM_H			0.8157
6904	1MLC_B	3HFM_L			0.7345
6905	1MLC_B	3L5X_H			0.9167
6906	1MLC_B	3L5X_L			0.7876
6907	1MLC_B	3LZF_H			0.7055
6908	1MLC_B	3N85_H			0.7657
6909	1MLC_B	3N85_L			0.6565
6910	1MLC_B	3NGB_B			0.6478
6911	1MLC_B	3NGB_H			0.6434
6912	1MLC_B	3NGB_J			0.6203
6913	1MLC_B	3NGB_L			0.6315
6914	1MLC_B	3NPS_B			0.8627
6915	1MLC_B	3NPS_C			0.7508
6916	1MLC_B	3PWP_D			0.6812
6917	1MLC_B	3PWP_E			0.7913
6918	1MLC_B	3QDG_D			0.7039
6919	1MLC_B	3QDG_E			0.7834
6920	1MLC_B	3QDJ_D			0.7095
6921	1MLC_B	3QDJ_E			0.7844
6922	1MLC_B	3QFJ_D			0.6877
6923	1MLC_B	3QFJ_E			0.7922
6924	1MLC_B	3QIB_D			0.7199
6925	1MLC_B	3SE8_H			0.9575
6926	1MLC_B	3SE8_L			0.8297
6927	1MLC_B	3SE9_H			0.9402
6928	1MLC_B	3SE9_L			0.8347
6929	1MLC_B	3W2D_H			0.8603
6930	1MLC_B	3W2D_L			0.7465
6931	1MLC_B	4FTV_D			0.6815
6932	1MLC_B	4FTV_E			0.7783
6933	1MLC_B	4GXU_M			0.8856
6934	1MLC_B	4GXU_N			0.819
6935	1MLC_B	4GXU_Q			0.9296
6936	1MLC_B	4GXU_R			0.8287
6937	1MLC_B	4I77_H			0.7762
6938	1MLC_B	4I77_L			0.6767
6939	1MLC_B	4JFD_D			0.6722
6940	1MLC_B	4JFD_E			0.7411
6941	1MLC_B	4JFE_D			0.677
6942	1MLC_B	4JFE_E			0.7534
6943	1MLC_B	4JFF_D			0.6729
6944	1MLC_B	4JFF_E			0.7499
6945	1MLC_B	4JPK_H			0.9644
6946	1MLC_B	4JPK_L			0.8388
6947	1MLC_B	4KRO_C			0.6582
6948	1MLC_B	4KRO_D			0.7258
6949	1MLC_B	4KRP_C			0.6638
6950	1MLC_B	4KRP_D			0.7358
6951	1MLC_B	4L3E_D			0.7022
6952	1MLC_B	4L3E_E			0.7999
6953	1MLC_B	4MNQ_D			0.66
6954	1MLC_B	4MNQ_E			0.7684
6955	1MLC_B	4NM8_H			0.9204
6956	1MLC_B	4NM8_I			0.9232
6957	1MLC_B	4NM8_J			0.9269
6958	1MLC_B	4NM8_L			0.7897
6959	1MLC_B	4NM8_M			0.7895
6960	1MLC_B	4NM8_N			0.792
6961	1MLC_B	4OZG_E			0.7078
6962	1MLC_B	4OZG_F			0.7897
6963	1MLC_B	4OZG_G			0.6936
6964	1MLC_B	4OZG_H			0.757
6965	1MLC_B	4P23_A			0.7028
6966	1MLC_B	4P23_B			0.7922
6967	1MLC_B	4P5T_A			0.7002
6968	1MLC_B	4P5T_B			0.786
6969	1MLC_B	4P5T_F			0.7538
6970	1MLC_B	4U6H_A			0.8127
6971	1MLC_B	4U6H_B			0.7275
6972	1MLC_B	4U6H_C			0.9747
6973	1MLC_B	4U6H_D			0.8233
6974	1MLC_B	4ZS6_C			0.8205
6975	1MLC_B	4ZS6_D			0.7307
6976	1MLC_B	4ZS6_H			0.7899
6977	1MLC_B	4ZS6_L			0.7045
6979	1MLC_C	1N8Z_A			0.8689
6980	1MLC_C	1N8Z_B			0.6336
6981	1MLC_C	1NCA_H			0.6942
6983	1MLC_C	1OGA_D			0.71
6984	1MLC_C	1OGA_E			0.7034
6989	1MLC_C	1XGP_B			0.7951
6991	1MLC_C	1XGQ_B			0.7996
6993	1MLC_C	1XGR_B			0.7991
6995	1MLC_C	1XGT_B			0.7968
6997	1MLC_C	1XGU_B			0.7984
7000	1MLC_C	1YY9_C			0.981
7001	1MLC_C	1YY9_D			0.6876
7002	1MLC_C	2AK4_D			0.7138
7003	1MLC_C	2AK4_E			0.7061
7010	1MLC_C	2B2X_H			0.7015
7012	1MLC_C	2B2X_L			0.9749
7014	1MLC_C	2BDN_H			0.7692
7015	1MLC_C	2BDN_L			0.9669
7030	1MLC_C	2NYY_C			0.9516
7031	1MLC_C	2NYY_D			0.6977
7036	1MLC_C	2P5E_D			0.6947
7046	1MLC_C	2VLR_E			0.7128
7050	1MLC_C	3BN9_D			0.6137
7058	1MLC_C	3D3V_E			0.6925
7062	1MLC_C	3HFM_H			0.6726
7063	1MLC_C	3HFM_L		u	0.9464
7065	1MLC_C	3L5X_L			0.9745
7067	1MLC_C	3N85_H			0.6153
7068	1MLC_C	3N85_L			0.8529
7071	1MLC_C	3NGB_H			0.6955
7077	1MLC_C	3QDG_D			0.739
7078	1MLC_C	3QDG_E			0.6932
7079	1MLC_C	3QDJ_D			0.742
7080	1MLC_C	3QDJ_E			0.6929
7083	1MLC_C	3QIB_C			0.6905
7084	1MLC_C	3SE8_H			0.7839
7085	1MLC_C	3SE8_L			0.9528
7086	1MLC_C	3SE9_H			0.7952
7087	1MLC_C	3SE9_L			0.9611
7090	1MLC_C	4FTV_D			0.7209
7091	1MLC_C	4FTV_E			0.6953
7096	1MLC_C	4I77_H			0.6368
7097	1MLC_C	4I77_L			0.9034
7105	1MLC_C	4L3E_D			0.7365
7106	1MLC_C	4L3E_E			0.7003
7116	1MLC_C	4OZG_G			0.7148
7130	1MLC_D	1N8Z_A			0.6591
7131	1MLC_D	1N8Z_B			0.7711
7132	1MLC_D	1NCA_H			0.8564
7134	1MLC_D	1OGA_D			0.6554
7135	1MLC_D	1OGA_E			0.8057
7141	1MLC_D	1XGP_B			0.9496
7143	1MLC_D	1XGQ_B			0.9482
7145	1MLC_D	1XGR_B			0.9514
7147	1MLC_D	1XGT_B			0.9508
7149	1MLC_D	1XGU_B			0.945
7152	1MLC_D	1YY9_C			0.7574
7153	1MLC_D	1YY9_D			0.8708
7154	1MLC_D	2AK4_D			0.6715
7155	1MLC_D	2AK4_E			0.81
7162	1MLC_D	2B2X_H		u	0.8938
7164	1MLC_D	2B2X_L			0.7381
7166	1MLC_D	2BDN_H			0.9661
7167	1MLC_D	2BDN_L			0.8066
7182	1MLC_D	2NYY_C			0.7064
7183	1MLC_D	2NYY_D			0.8546
7198	1MLC_D	2VLR_E			0.8258
7202	1MLC_D	3BN9_D			0.774
7210	1MLC_D	3D3V_E			0.7787
7211	1MLC_D	3G6D_H			0.6935
7214	1MLC_D	3HFM_H			0.826
7215	1MLC_D	3HFM_L			0.7235
7217	1MLC_D	3L5X_L			0.7797
7219	1MLC_D	3N85_H			0.7743
7220	1MLC_D	3N85_L			0.6433
7222	1MLC_D	3NGB_H			0.647
7223	1MLC_D	3NGB_L			0.6239
7228	1MLC_D	3QDG_D			0.69
7229	1MLC_D	3QDG_E			0.78
7230	1MLC_D	3QDJ_D			0.6971
7231	1MLC_D	3QDJ_E			0.782
7234	1MLC_D	3QIB_D			0.7236
7235	1MLC_D	3SE8_H			0.9582
7236	1MLC_D	3SE8_L			0.8216
7237	1MLC_D	3SE9_H			0.9416
7238	1MLC_D	3SE9_L			0.8253
7241	1MLC_D	4FTV_D			0.6654
7242	1MLC_D	4FTV_E			0.7836
7247	1MLC_D	4I77_H			0.7833
7248	1MLC_D	4I77_L			0.6654
7261	1MLC_D	4L3E_D			0.6908
7262	1MLC_D	4L3E_E			0.8022
7273	1MLC_D	4OZG_G			0.6858
7274	1MLC_D	4OZG_H			0.7586
7291	1MLC_E	1VFB_C		u	0.9792
7297	1MLC_E	1YQV_Y		u	0.9961
7301	1MLC_E	3HFM_Y		u	0.9886
7304	1MLC_F	1VFB_C		u	0.9844
7310	1MLC_F	1YQV_Y		u	1.0
7314	1MLC_F	3HFM_Y		u	0.9921
7315	1N8Z_A	1NCA_L			0.9432
7316	1N8Z_A	1OGA_D			0.744
7317	1N8Z_A	1QSE_D			0.7579
7318	1N8Z_A	1XGP_A			0.7487
7319	1N8Z_A	1XGP_B			0.6948
7320	1N8Z_A	1XGQ_A			0.7437
7321	1N8Z_A	1XGQ_B			0.6968
7322	1N8Z_A	1XGR_A			0.7501
7323	1N8Z_A	1XGR_B			0.6898
7324	1N8Z_A	1XGT_A			0.7492
7325	1N8Z_A	1XGT_B			0.6916
7326	1N8Z_A	1XGU_A			0.7429
7327	1N8Z_A	1XGU_B			0.6967
7328	1N8Z_A	1YQV_H			0.6352
7329	1N8Z_A	1YQV_L			0.8478
7330	1N8Z_A	1YY9_C			0.9129
7331	1N8Z_A	2AK4_D			0.7313
7332	1N8Z_A	2AK4_I			0.7311
7333	1N8Z_A	2AK4_N			0.7459
7334	1N8Z_A	2AK4_T			0.7449
7335	1N8Z_A	2B2X_L			0.9271
7336	1N8Z_A	2B2X_M			0.9292
7337	1N8Z_A	2BDN_H			0.6713
7338	1N8Z_A	2BDN_L			0.8117
7339	1N8Z_A	2BNQ_D			0.74
7340	1N8Z_A	2BNR_D			0.7415
7341	1N8Z_A	2J8U_E			0.7237
7342	1N8Z_A	2J8U_L			0.7198
7343	1N8Z_A	2JCC_E			0.721
7344	1N8Z_A	2JCC_L			0.7115
7345	1N8Z_A	2JEL_L			0.9157
7346	1N8Z_A	2NYY_C			0.9568
7347	1N8Z_A	2NZ9_C			0.9344
7348	1N8Z_A	2NZ9_E			0.9446
7349	1N8Z_A	2P5E_D			0.749
7350	1N8Z_A	2UWE_E			0.7221
7351	1N8Z_A	2UWE_L			0.7155
7352	1N8Z_A	2VIR_A			0.6553
7353	1N8Z_A	2VIR_B			0.7788
7354	1N8Z_A	2VIS_A			0.6548
7355	1N8Z_A	2VIS_B			0.7793
7356	1N8Z_A	2VLR_D			0.7336
7357	1N8Z_A	2VLR_I			0.7359
7358	1N8Z_A	3BN9_C			0.9756
7359	1N8Z_A	3BN9_E			0.9704
7360	1N8Z_A	3C60_A			0.7421
7361	1N8Z_A	3C60_E			0.7504
7362	1N8Z_A	3D3V_D			0.7561
7363	1N8Z_A	3G6D_L			0.8989
7364	1N8Z_A	3H9S_D			0.7453
7365	1N8Z_A	3HFM_L			0.9428
7366	1N8Z_A	3L5X_H			0.638
7367	1N8Z_A	3L5X_L			0.8434
7368	1N8Z_A	3LZF_L			0.8819
7369	1N8Z_A	3N85_L			0.9931
7370	1N8Z_A	3NGB_B			0.7665
7371	1N8Z_A	3NGB_E			0.7484
7372	1N8Z_A	3NGB_H			0.7576
7373	1N8Z_A	3NGB_J			0.7683
7374	1N8Z_A	3NPS_C			0.9205
7375	1N8Z_A	3PWP_D			0.747
7376	1N8Z_A	3QDG_D			0.756
7377	1N8Z_A	3QDJ_D			0.7516
7378	1N8Z_A	3QFJ_D			0.7492
7379	1N8Z_A	3QIB_C			0.7468
7380	1N8Z_A	3SE8_H			0.6789
7381	1N8Z_A	3SE8_L			0.7969
7382	1N8Z_A	3SE9_H			0.6898
7383	1N8Z_A	3SE9_L			0.8165
7384	1N8Z_A	3W2D_L			0.9269
7385	1N8Z_A	4FTV_D			0.7525
7386	1N8Z_A	4GXU_M			0.7585
7387	1N8Z_A	4GXU_N			0.679
7388	1N8Z_A	4GXU_Q			0.7316
7389	1N8Z_A	4GXU_R			0.7182
7390	1N8Z_A	4I77_L			0.9873
7391	1N8Z_A	4JFD_D			0.7659
7392	1N8Z_A	4JFE_D			0.7607
7393	1N8Z_A	4JFF_D			0.7649
7394	1N8Z_A	4JPK_H			0.7084
7395	1N8Z_A	4JPK_L			0.7947
7396	1N8Z_A	4KRO_C			0.9921
7397	1N8Z_A	4KRP_C			0.9931
7398	1N8Z_A	4L3E_D			0.7581
7399	1N8Z_A	4MNQ_D			0.7523
7400	1N8Z_A	4NM8_H			0.6482
7401	1N8Z_A	4NM8_I			0.6364
7402	1N8Z_A	4NM8_J			0.6438
7403	1N8Z_A	4NM8_L			0.8451
7404	1N8Z_A	4NM8_M			0.8472
7405	1N8Z_A	4NM8_N			0.8416
7406	1N8Z_A	4OZG_E			0.7198
7407	1N8Z_A	4OZG_G			0.7328
7408	1N8Z_A	4P23_A			0.7169
7409	1N8Z_A	4P5T_A			0.7348
7410	1N8Z_A	4P5T_E			0.7652
7411	1N8Z_A	4U6H_B			0.9472
7412	1N8Z_A	4U6H_C			0.6987
7413	1N8Z_A	4U6H_D			0.7642
7414	1N8Z_A	4ZS6_D			0.9515
7415	1N8Z_A	4ZS6_L			0.9783
7416	1N8Z_B	1NCA_H			0.9126
7417	1N8Z_B	1OGA_E			0.8564
7418	1N8Z_B	1QSE_E			0.8571
7419	1N8Z_B	1SBB_A			0.8445
7420	1N8Z_B	1SBB_C			0.836
7421	1N8Z_B	1XGP_A			0.7105
7422	1N8Z_B	1XGP_B			0.7228
7423	1N8Z_B	1XGQ_A			0.7121
7424	1N8Z_B	1XGQ_B			0.7242
7425	1N8Z_B	1XGR_A			0.7094
7426	1N8Z_B	1XGR_B			0.727
7427	1N8Z_B	1XGT_A			0.7072
7428	1N8Z_B	1XGT_B			0.7275
7429	1N8Z_B	1XGU_A			0.7117
7430	1N8Z_B	1XGU_B			0.719
7431	1N8Z_B	1YQV_H			0.8149
7432	1N8Z_B	1YQV_L			0.6515
7433	1N8Z_B	1YY9_D			0.8853
7434	1N8Z_B	2AK4_E			0.8403
7435	1N8Z_B	2AK4_J			0.8403
7436	1N8Z_B	2AK4_P			0.8467
7437	1N8Z_B	2AK4_U			0.8528
7438	1N8Z_B	2B2X_H			0.8765
7439	1N8Z_B	2B2X_I			0.8774
7440	1N8Z_B	2BDN_H			0.757
7441	1N8Z_B	2BDN_L			0.6618
7442	1N8Z_B	2BNQ_E			0.8573
7443	1N8Z_B	2BNR_E			0.8598
7444	1N8Z_B	2J8U_F			0.8673
7445	1N8Z_B	2J8U_M			0.8712
7446	1N8Z_B	2JCC_F			0.8667
7447	1N8Z_B	2JCC_M			0.8631
7448	1N8Z_B	2JEL_H			0.8668
7449	1N8Z_B	2NYY_D			0.9249
7450	1N8Z_B	2NZ9_D			0.8796
7451	1N8Z_B	2NZ9_F			0.9101
7452	1N8Z_B	2P5E_E			0.8814
7453	1N8Z_B	2UWE_F			0.8678
7454	1N8Z_B	2UWE_M			0.8681
7455	1N8Z_B	2VIR_A			0.7997
7456	1N8Z_B	2VIS_A			0.8008
7457	1N8Z_B	2VIS_B			0.6409
7458	1N8Z_B	2VLR_E			0.8422
7459	1N8Z_B	2VLR_J			0.8479
7460	1N8Z_B	3BN9_D			0.9272
7461	1N8Z_B	3BN9_F			0.9314
7462	1N8Z_B	3C60_B			0.8664
7463	1N8Z_B	3C60_F			0.878
7464	1N8Z_B	3D3V_E			0.8618
7465	1N8Z_B	3G6D_H			0.9223
7466	1N8Z_B	3H9S_E			0.8536
7467	1N8Z_B	3HFM_H			0.9436
7468	1N8Z_B	3L5X_H			0.8107
7469	1N8Z_B	3L5X_L			0.6543
7470	1N8Z_B	3LZF_H			0.927
7471	1N8Z_B	3N85_H			0.9876
7472	1N8Z_B	3NGB_C			0.705
7473	1N8Z_B	3NGB_F			0.6979
7474	1N8Z_B	3NGB_K			0.7102
7475	1N8Z_B	3NGB_L			0.7204
7476	1N8Z_B	3NPS_B			0.8818
7477	1N8Z_B	3PWP_E			0.8512
7478	1N8Z_B	3QDG_E			0.8559
7479	1N8Z_B	3QDJ_E			0.8562
7480	1N8Z_B	3QFJ_E			0.8528
7481	1N8Z_B	3QIB_D			0.8731
7482	1N8Z_B	3SE8_H			0.7368
7483	1N8Z_B	3SE8_L			0.691
7484	1N8Z_B	3SE9_H			0.7576
7485	1N8Z_B	3SE9_L			0.6646
7486	1N8Z_B	3W2D_H			0.9002
7487	1N8Z_B	4B0M_M			0.6452
7488	1N8Z_B	4FTV_E			0.8574
7489	1N8Z_B	4GXU_M			0.6259
7490	1N8Z_B	4GXU_N			0.762
7491	1N8Z_B	4GXU_Q			0.6919
7492	1N8Z_B	4GXU_R			0.7225
7493	1N8Z_B	4I77_H			0.9549
7494	1N8Z_B	4JFD_E			0.8603
7495	1N8Z_B	4JFE_E			0.858
7496	1N8Z_B	4JFF_E			0.8586
7497	1N8Z_B	4JPK_H			0.7296
7498	1N8Z_B	4JPK_L			0.6777
7499	1N8Z_B	4KRO_D			0.9686
7500	1N8Z_B	4KRP_D			0.9716
7501	1N8Z_B	4L3E_E			0.8517
7502	1N8Z_B	4MNQ_E			0.8848
7503	1N8Z_B	4NM8_H			0.8059
7504	1N8Z_B	4NM8_I			0.8076
7505	1N8Z_B	4NM8_J			0.8012
7506	1N8Z_B	4NM8_L			0.6394
7507	1N8Z_B	4NM8_M			0.6392
7508	1N8Z_B	4NM8_N			0.6436
7509	1N8Z_B	4OZG_F			0.8468
7510	1N8Z_B	4OZG_H			0.8605
7511	1N8Z_B	4P23_B			0.8587
7512	1N8Z_B	4P5T_B			0.8602
7513	1N8Z_B	4P5T_F			0.8787
7514	1N8Z_B	4U6H_A			0.9411
7515	1N8Z_B	4U6H_C			0.7432
7516	1N8Z_B	4U6H_D			0.6925
7517	1N8Z_B	4ZS6_C			0.9433
7518	1N8Z_B	4ZS6_H			0.9687
7519	1N8Z_C	3MZW_A		u	0.962
7520	1N8Z_C	3N85_A		u	0.9508
7521	1NCA_H	1NCA_L	p		0.6339
7522	1NCA_H	1OGA_E			0.8727
7523	1NCA_H	1QSE_E			0.8658
7524	1NCA_H	1SBB_A			0.8465
7525	1NCA_H	1SBB_C			0.8377
7526	1NCA_H	1XGP_A			0.7718
7527	1NCA_H	1XGP_B			0.7943
7528	1NCA_H	1XGQ_A			0.7777
7529	1NCA_H	1XGQ_B			0.7886
7530	1NCA_H	1XGR_A			0.7732
7531	1NCA_H	1XGR_B			0.7957
7532	1NCA_H	1XGT_A			0.7735
7533	1NCA_H	1XGT_B			0.7931
7534	1NCA_H	1XGU_A			0.7768
7535	1NCA_H	1XGU_B			0.7833
7536	1NCA_H	1YQV_H			0.908
7537	1NCA_H	1YQV_L			0.7156
7538	1NCA_H	1YY9_C			0.6621
7539	1NCA_H	1YY9_D			0.9342
7540	1NCA_H	2AK4_E			0.8537
7541	1NCA_H	2AK4_J			0.8536
7542	1NCA_H	2AK4_P			0.8546
7543	1NCA_H	2AK4_U			0.8576
7544	1NCA_H	2B2X_H			0.9556
7545	1NCA_H	2B2X_I			0.9556
7546	1NCA_H	2B2X_L			0.6555
7547	1NCA_H	2B2X_M			0.6533
7548	1NCA_H	2BDN_H			0.8397
7549	1NCA_H	2BDN_L			0.7212
7550	1NCA_H	2BNQ_E			0.8577
7551	1NCA_H	2BNR_E			0.8582
7552	1NCA_H	2J8U_F			0.8792
7553	1NCA_H	2J8U_M			0.8774
7554	1NCA_H	2JCC_F			0.8787
7555	1NCA_H	2JCC_M			0.8793
7556	1NCA_H	2JEL_H			0.9517
7557	1NCA_H	2JEL_L			0.6478
7558	1NCA_H	2NYY_C			0.6235
7559	1NCA_H	2NYY_D			0.9424
7560	1NCA_H	2NZ9_C			0.6422
7561	1NCA_H	2NZ9_D			0.9255
7562	1NCA_H	2NZ9_E			0.632
7563	1NCA_H	2NZ9_F			0.9359
7564	1NCA_H	2P5E_E			0.8532
7565	1NCA_H	2UWE_F			0.8782
7566	1NCA_H	2UWE_M			0.8771
7567	1NCA_H	2VIR_A			0.8478
7568	1NCA_H	2VIR_B			0.6921
7569	1NCA_H	2VIS_A			0.8486
7570	1NCA_H	2VIS_B			0.6931
7571	1NCA_H	2VLR_E			0.8712
7572	1NCA_H	2VLR_J			0.8737
7573	1NCA_H	3BN9_D			0.9071
7574	1NCA_H	3BN9_F			0.9276
7575	1NCA_H	3C60_B			0.8757
7576	1NCA_H	3C60_F			0.881
7577	1NCA_H	3D3V_E			0.8628
7578	1NCA_H	3G6D_H			0.8493
7579	1NCA_H	3H9S_E			0.8676
7580	1NCA_H	3HFM_H			0.9529
7581	1NCA_H	3HFM_L			0.6376
7582	1NCA_H	3L5X_H			0.8892
7583	1NCA_H	3L5X_L			0.7199
7584	1NCA_H	3LZF_H			0.8488
7585	1NCA_H	3N85_H			0.9299
7586	1NCA_H	3NGB_C			0.7175
7587	1NCA_H	3NGB_F			0.6941
7588	1NCA_H	3NGB_K			0.7031
7589	1NCA_H	3NGB_L			0.7331
7590	1NCA_H	3NPS_B			0.9313
7591	1NCA_H	3NPS_C			0.6522
7592	1NCA_H	3PWP_E			0.866
7593	1NCA_H	3QDG_E			0.8626
7594	1NCA_H	3QDJ_E			0.8627
7595	1NCA_H	3QFJ_E			0.8661
7596	1NCA_H	3QIB_D			0.8433
7597	1NCA_H	3SE8_H			0.8203
7598	1NCA_H	3SE8_L			0.7539
7599	1NCA_H	3SE9_H			0.8466
7600	1NCA_H	3SE9_L			0.7381
7601	1NCA_H	3W2D_H			0.9491
7602	1NCA_H	3W2D_L			0.6422
7603	1NCA_H	4FTV_E			0.8617
7604	1NCA_H	4GXU_M			0.7304
7605	1NCA_H	4GXU_N			0.822
7606	1NCA_H	4GXU_Q			0.7768
7607	1NCA_H	4GXU_R			0.7889
7608	1NCA_H	4I77_H			0.9005
7609	1NCA_H	4JFD_E			0.8453
7610	1NCA_H	4JFE_E			0.8524
7611	1NCA_H	4JFF_E			0.85
7612	1NCA_H	4JPK_H			0.8141
7613	1NCA_H	4JPK_L			0.7493
7614	1NCA_H	4KRO_D			0.9044
7615	1NCA_H	4KRP_D			0.9118
7616	1NCA_H	4L3E_E			0.8644
7617	1NCA_H	4MNQ_E			0.8599
7618	1NCA_H	4NM8_H			0.8922
7619	1NCA_H	4NM8_I			0.8932
7620	1NCA_H	4NM8_J			0.8896
7621	1NCA_H	4NM8_L			0.7059
7622	1NCA_H	4NM8_M			0.7034
7623	1NCA_H	4NM8_N			0.7081
7624	1NCA_H	4OZG_F			0.8595
7625	1NCA_H	4OZG_H			0.8533
7626	1NCA_H	4P23_B			0.8682
7627	1NCA_H	4P5T_B			0.8696
7628	1NCA_H	4P5T_F			0.8539
7629	1NCA_H	4U6H_A			0.9715
7630	1NCA_H	4U6H_B			0.6189
7631	1NCA_H	4U6H_C			0.8276
7632	1NCA_H	4U6H_D			0.7564
7633	1NCA_H	4ZS6_C			0.9415
7634	1NCA_H	4ZS6_D			0.6421
7635	1NCA_H	4ZS6_H			0.9299
7636	1NCA_L	1OGA_D			0.7324
7639	1NCA_L	1XGP_B			0.7537
7641	1NCA_L	1XGQ_B			0.7584
7643	1NCA_L	1XGR_B			0.753
7645	1NCA_L	1XGT_B			0.7546
7647	1NCA_L	1XGU_B			0.7582
7650	1NCA_L	1YY9_C			0.9673
7651	1NCA_L	1YY9_D			0.6294
7652	1NCA_L	2AK4_D			0.7356
7656	1NCA_L	2B2X_H			0.6534
7658	1NCA_L	2B2X_L			0.9666
7660	1NCA_L	2BDN_H			0.7316
7661	1NCA_L	2BDN_L			0.8885
7670	1NCA_L	2NYY_C			0.9615
7671	1NCA_L	2NYY_D			0.6331
7676	1NCA_L	2P5E_D			0.7196
7692	1NCA_L	3HFM_H			0.6186
7693	1NCA_L	3HFM_L			0.961
7695	1NCA_L	3L5X_L			0.8991
7697	1NCA_L	3N85_L			0.9354
7700	1NCA_L	3NGB_H			0.7349
7705	1NCA_L	3QDG_D			0.7601
7706	1NCA_L	3QDJ_D			0.7599
7708	1NCA_L	3QIB_C			0.721
7709	1NCA_L	3SE8_H			0.741
7710	1NCA_L	3SE8_L			0.8663
7711	1NCA_L	3SE9_H			0.7459
7712	1NCA_L	3SE9_L			0.8872
7714	1NCA_L	4FTV_D			0.7492
7719	1NCA_L	4I77_L			0.9617
7727	1NCA_L	4L3E_D			0.7625
7736	1NCA_L	4OZG_G			0.7409
7746	1NMB_H	1NMB_L	p		0.8839
7747	1NMB_H	1P69_B			0.7689
7748	1NMB_H	1P6A_B			0.7685
7749	1NMB_H	1VFB_A			0.8772
7750	1NMB_H	1VFB_B			0.933
7751	1NMB_H	2AW2_A			0.7956
7752	1NMB_H	2AW2_X			0.8274
7753	1NMB_H	2E7L_A			0.8758
7754	1NMB_H	2E7L_B			0.875
7755	1NMB_H	2E7L_C			0.863
7756	1NMB_H	2E7L_D			0.8666
7757	1NMB_H	2I26_N			0.7512
7758	1NMB_H	2I26_O			0.7517
7759	1NMB_H	2I26_P			0.7769
7760	1NMB_H	2J12_B			0.7842
7761	1NMB_H	2J1K_A			0.775
7762	1NMB_H	2J1K_B			0.7727
7763	1NMB_H	2J1K_G			0.7774
7764	1NMB_H	2J1K_J			0.7826
7765	1NMB_H	2J1K_K			0.7846
7766	1NMB_H	2J1K_O			0.794
7767	1NMB_H	2J1K_P			0.7804
7768	1NMB_H	2J1K_T			0.7814
7769	1NMB_H	2J1K_V			0.7789
7770	1NMB_H	2J1K_X			0.7802
7771	1NMB_H	2J1K_Y			0.7794
7772	1NMB_H	2J1K_Z			0.7751
7773	1NMB_H	2OI9_B			0.8803
7774	1NMB_H	2OI9_C			0.8703
7775	1NMB_H	4GXU_O			0.8988
7776	1NMB_H	4GXU_P			0.865
7777	1NMB_H	4GXU_S			0.905
7778	1NMB_H	4GXU_T			0.8586
7779	1NMB_H	4GXU_U			0.9091
7780	1NMB_H	4GXU_V			0.8608
7781	1NMB_H	4GXU_W			0.8923
7782	1NMB_H	4GXU_X			0.8688
7783	1NMB_H	4KRL_B			0.8781
7784	1NMB_H	4KRO_B			0.8154
7785	1NMB_H	4KRP_B			0.8492
7786	1NMB_H	5C6T_H			0.8808
7787	1NMB_H	5C6T_L			0.8843
7788	1NMB_H	5E9D_D			0.8695
7789	1NMB_H	5E9D_E			0.8579
7790	1NMB_H	5E9D_I			0.8717
7791	1NMB_H	5E9D_J			0.8629
7792	1NMB_L	1P69_B			0.8344
7793	1NMB_L	1P6A_B			0.8323
7794	1NMB_L	1VFB_A			0.9826
7795	1NMB_L	1VFB_B			0.865
7796	1NMB_L	2AW2_A			0.7704
7797	1NMB_L	2AW2_X			0.8107
7798	1NMB_L	2E7L_A			0.8643
7799	1NMB_L	2E7L_B			0.8648
7800	1NMB_L	2E7L_C			0.8678
7801	1NMB_L	2E7L_D			0.8667
7802	1NMB_L	2I26_N			0.8184
7803	1NMB_L	2I26_O			0.8163
7804	1NMB_L	2I26_P			0.8182
7805	1NMB_L	2J12_B			0.8355
7806	1NMB_L	2J1K_A			0.8432
7807	1NMB_L	2J1K_B			0.7814
7808	1NMB_L	2J1K_G			0.8327
7809	1NMB_L	2J1K_J			0.837
7810	1NMB_L	2J1K_K			0.8403
7811	1NMB_L	2J1K_O			0.8322
7812	1NMB_L	2J1K_P			0.8364
7813	1NMB_L	2J1K_T			0.8429
7814	1NMB_L	2J1K_V			0.8445
7815	1NMB_L	2J1K_X			0.8366
7816	1NMB_L	2J1K_Y			0.8425
7817	1NMB_L	2J1K_Z			0.8425
7818	1NMB_L	2OI9_B			0.8683
7819	1NMB_L	2OI9_C			0.8688
7820	1NMB_L	4GXU_O			0.8586
7821	1NMB_L	4GXU_P			0.9111
7822	1NMB_L	4GXU_S			0.8613
7823	1NMB_L	4GXU_T			0.9097
7824	1NMB_L	4GXU_U			0.868
7825	1NMB_L	4GXU_V			0.9123
7826	1NMB_L	4GXU_W			0.8612
7827	1NMB_L	4GXU_X			0.9116
7828	1NMB_L	4KRL_B			0.8687
7829	1NMB_L	4KRO_B			0.7432
7830	1NMB_L	4KRP_B			0.7815
7831	1NMB_L	5C6T_H			0.8184
7832	1NMB_L	5C6T_L			0.926
7833	1NMB_L	5E9D_D			0.8572
7834	1NMB_L	5E9D_E			0.8688
7835	1NMB_L	5E9D_I			0.8671
7836	1NMB_L	5E9D_J			0.876
7837	1OGA_A	1QSE_A		u	0.9754
7838	1OGA_A	2AK4_A			0.9814
7839	1OGA_A	2AK4_F			0.9814
7840	1OGA_A	2AK4_K			0.9864
7841	1OGA_A	2AK4_Q			0.9861
7842	1OGA_A	2BNQ_A		u	0.9917
7843	1OGA_A	2BNR_A		u	0.99
7844	1OGA_A	2E7L_E			0.9837
7845	1OGA_A	2E7L_F			0.9822
7846	1OGA_A	2J8U_A		u	0.9643
7847	1OGA_A	2J8U_H		u	0.9693
7848	1OGA_A	2JCC_A		u	0.9666
7849	1OGA_A	2JCC_H		u	0.9719
7850	1OGA_A	2OI9_A			0.9766
7851	1OGA_A	2P5E_A		u	0.9958
7852	1OGA_A	2UWE_A		u	0.9674
7853	1OGA_A	2UWE_H		u	0.9705
7854	1OGA_A	2VLR_A		u	0.9665
7855	1OGA_A	2VLR_F		u	0.9796
7856	1OGA_A	3D3V_A		u	0.9745
7857	1OGA_A	3H9S_A		u	0.971
7858	1OGA_A	3PWP_A		u	0.9804
7859	1OGA_A	3QDG_A		u	0.9862
7860	1OGA_A	3QDJ_A		u	0.9813
7861	1OGA_A	3QFJ_A		u	0.9719
7862	1OGA_A	4FTV_A		u	0.983
7863	1OGA_A	4JFD_A		u	0.9664
7864	1OGA_A	4JFE_A		u	0.9824
7865	1OGA_A	4JFF_A		u	0.9881
7866	1OGA_A	4K71_B			0.8232
7867	1OGA_A	4K71_E			0.8256
7868	1OGA_A	4L3E_A		u	0.9785
7869	1OGA_A	4MNQ_A		u	0.975
7870	1OGA_A	4N8V_A		u	0.9964
7871	1OGA_A	4N8V_D		u	0.994
7872	1OGA_A	5E9D_A		u	0.9943
7873	1OGA_A	5E9D_F		u	0.99
7909	1OGA_C	1QSE_C			0.8515
7910	1OGA_C	2BNQ_C			0.8945
7911	1OGA_C	2BNR_C			0.871
7921	1OGA_C	3D3V_C			0.9218
7923	1OGA_C	3PWP_C			0.9135
7924	1OGA_C	3QFJ_C			0.8964
7926	1OGA_C	4MNQ_C			0.7108
7929	1OGA_D	1QSE_D			0.9434
7930	1OGA_D	1XGP_A			0.6594
7931	1OGA_D	1XGP_B			0.666
7932	1OGA_D	1XGQ_A			0.657
7933	1OGA_D	1XGQ_B			0.6695
7934	1OGA_D	1XGR_A			0.6605
7935	1OGA_D	1XGR_B			0.6638
7936	1OGA_D	1XGT_A			0.659
7937	1OGA_D	1XGT_B			0.6652
7938	1OGA_D	1XGU_A			0.6555
7939	1OGA_D	1XGU_B			0.6677
7940	1OGA_D	1YQV_L			0.683
7941	1OGA_D	1YY9_C			0.7145
7942	1OGA_D	2AK4_D		u	0.9292
7943	1OGA_D	2AK4_I		u	0.9262
7944	1OGA_D	2AK4_N		u	0.9426
7945	1OGA_D	2AK4_T		u	0.9384
7946	1OGA_D	2B2X_L			0.7088
7947	1OGA_D	2B2X_M			0.7115
7948	1OGA_D	2BDN_H			0.6663
7949	1OGA_D	2BDN_L			0.69
7950	1OGA_D	2BNQ_D		u	0.965
7951	1OGA_D	2BNR_D		u	0.9667
7952	1OGA_D	2J8U_E			0.8925
7953	1OGA_D	2J8U_L			0.8985
7954	1OGA_D	2JCC_E			0.8941
7955	1OGA_D	2JCC_L			0.8951
7956	1OGA_D	2JEL_L			0.7157
7957	1OGA_D	2NYY_C			0.7252
7958	1OGA_D	2NZ9_C			0.7134
7959	1OGA_D	2NZ9_E			0.723
7960	1OGA_D	2P5E_D		u	0.9492
7961	1OGA_D	2UWE_E			0.8903
7962	1OGA_D	2UWE_L			0.8924
7963	1OGA_D	2VIR_B			0.7283
7964	1OGA_D	2VIS_B			0.728
7965	1OGA_D	2VLR_D		u	0.992
7966	1OGA_D	2VLR_I		u	0.9904
7967	1OGA_D	3BN9_C			0.7259
7968	1OGA_D	3BN9_E			0.7218
7969	1OGA_D	3C60_A			0.9266
7970	1OGA_D	3C60_E			0.9407
7971	1OGA_D	3D3V_D			0.9407
7972	1OGA_D	3G6D_L			0.6721
7973	1OGA_D	3H9S_D			0.939
7974	1OGA_D	3HFM_L			0.7109
7975	1OGA_D	3L5X_L			0.6805
7976	1OGA_D	3LZF_L			0.6776
7977	1OGA_D	3N85_L			0.746
7978	1OGA_D	3NGB_B			0.6808
7979	1OGA_D	3NGB_E			0.6718
7980	1OGA_D	3NGB_H			0.6887
7981	1OGA_D	3NGB_J			0.6788
7982	1OGA_D	3NPS_C			0.7024
7983	1OGA_D	3PWP_D		u	0.9441
7984	1OGA_D	3QDG_D		u	0.9362
7985	1OGA_D	3QDJ_D		u	0.9296
7986	1OGA_D	3QFJ_D			0.9381
7987	1OGA_D	3QIB_C		u	0.9425
7988	1OGA_D	3SE8_H			0.6819
7989	1OGA_D	3SE8_L			0.6533
7990	1OGA_D	3SE9_H			0.6816
7991	1OGA_D	3SE9_L			0.6672
7992	1OGA_D	3W2D_L			0.7143
7993	1OGA_D	4FTV_D			0.9338
7994	1OGA_D	4GXU_M			0.7124
7995	1OGA_D	4GXU_Q			0.6962
7996	1OGA_D	4GXU_R			0.6427
7997	1OGA_D	4I77_L			0.7285
7998	1OGA_D	4JFD_D		u	0.9392
7999	1OGA_D	4JFE_D		u	0.9425
8000	1OGA_D	4JFF_D		u	0.9452
8001	1OGA_D	4JPK_H			0.6902
8002	1OGA_D	4JPK_L			0.6646
8003	1OGA_D	4KRO_C			0.7398
8004	1OGA_D	4KRP_C			0.7388
8005	1OGA_D	4L3E_D			0.9436
8006	1OGA_D	4MNQ_D			0.9366
8007	1OGA_D	4NM8_H			0.6564
8008	1OGA_D	4NM8_I			0.6486
8009	1OGA_D	4NM8_J			0.6574
8010	1OGA_D	4NM8_L			0.6898
8011	1OGA_D	4NM8_M			0.6915
8012	1OGA_D	4NM8_N			0.6898
8013	1OGA_D	4OZG_E			0.9149
8014	1OGA_D	4OZG_G			0.9302
8015	1OGA_D	4P23_A			0.9127
8016	1OGA_D	4P5T_A			0.9039
8017	1OGA_D	4P5T_E			0.9209
8018	1OGA_D	4U6H_B			0.7206
8019	1OGA_D	4U6H_C			0.6783
8020	1OGA_D	4U6H_D			0.6732
8021	1OGA_D	4ZS6_D			0.7092
8022	1OGA_D	4ZS6_L			0.7164
8023	1OGA_E	1QSE_E			0.972
8024	1OGA_E	1SBB_A			0.9163
8025	1OGA_E	1SBB_C			0.9061
8026	1OGA_E	1XGP_A			0.7868
8027	1OGA_E	1XGP_B			0.7679
8028	1OGA_E	1XGQ_A			0.7893
8029	1OGA_E	1XGQ_B			0.7688
8030	1OGA_E	1XGR_A			0.786
8031	1OGA_E	1XGR_B			0.7688
8032	1OGA_E	1XGT_A			0.7856
8033	1OGA_E	1XGT_B			0.7675
8034	1OGA_E	1XGU_A			0.7895
8035	1OGA_E	1XGU_B			0.7619
8036	1OGA_E	1YQV_H			0.8401
8037	1OGA_E	1YQV_L			0.7254
8038	1OGA_E	1YY9_C			0.6803
8039	1OGA_E	1YY9_D			0.8561
8040	1OGA_E	2AK4_E		u	0.9615
8041	1OGA_E	2AK4_J		u	0.9608
8042	1OGA_E	2AK4_P		u	0.9561
8043	1OGA_E	2AK4_U		u	0.9709
8044	1OGA_E	2B2X_H			0.8739
8045	1OGA_E	2B2X_I			0.8746
8046	1OGA_E	2BDN_H			0.7827
8047	1OGA_E	2BDN_L			0.7278
8048	1OGA_E	2BNQ_E		u	0.9688
8049	1OGA_E	2BNR_E		u	0.9705
8050	1OGA_E	2J8U_F			0.9737
8051	1OGA_E	2J8U_M			0.972
8052	1OGA_E	2JCC_F			0.9693
8053	1OGA_E	2JCC_M			0.9699
8054	1OGA_E	2JEL_H			0.8594
8055	1OGA_E	2JEL_L			0.6594
8056	1OGA_E	2NYY_D			0.8902
8057	1OGA_E	2NZ9_D			0.8781
8058	1OGA_E	2NZ9_F			0.8872
8059	1OGA_E	2P5E_E			0.9685
8060	1OGA_E	2UWE_F			0.9732
8061	1OGA_E	2UWE_M			0.9735
8062	1OGA_E	2VIR_A			0.8592
8063	1OGA_E	2VIR_B			0.6826
8064	1OGA_E	2VIS_A			0.8598
8065	1OGA_E	2VIS_B			0.6842
8066	1OGA_E	2VLR_E		u	0.9909
8067	1OGA_E	2VLR_J		u	0.9937
8068	1OGA_E	3BN9_D			0.8416
8069	1OGA_E	3BN9_F			0.8488
8070	1OGA_E	3C60_B			0.9669
8071	1OGA_E	3C60_F			0.9653
8072	1OGA_E	3D3V_E		u	0.9743
8073	1OGA_E	3G6D_H			0.8006
8074	1OGA_E	3H9S_E			0.975
8075	1OGA_E	3HFM_H			0.8916
8076	1OGA_E	3L5X_H			0.823
8077	1OGA_E	3L5X_L			0.7271
8078	1OGA_E	3LZF_H			0.8114
8079	1OGA_E	3N85_H			0.8695
8080	1OGA_E	3NGB_C			0.7143
8081	1OGA_E	3NGB_F			0.6911
8082	1OGA_E	3NGB_K			0.7041
8083	1OGA_E	3NGB_L			0.7222
8084	1OGA_E	3NPS_B			0.8371
8085	1OGA_E	3PWP_E			0.9753
8086	1OGA_E	3QDG_E			0.9787
8087	1OGA_E	3QDJ_E			0.9768
8088	1OGA_E	3QFJ_E			0.9759
8089	1OGA_E	3QIB_D			0.8895
8090	1OGA_E	3SE8_H			0.7465
8091	1OGA_E	3SE8_L			0.761
8092	1OGA_E	3SE9_H			0.7825
8093	1OGA_E	3SE9_L			0.7398
8094	1OGA_E	3W2D_H			0.8631
8095	1OGA_E	4FTV_E			0.9729
8096	1OGA_E	4GXU_M			0.7066
8097	1OGA_E	4GXU_N			0.83
8098	1OGA_E	4GXU_Q			0.7327
8099	1OGA_E	4GXU_R			0.7941
8100	1OGA_E	4I77_H			0.8513
8101	1OGA_E	4JFD_E		u	0.9166
8102	1OGA_E	4JFE_E		u	0.9294
8103	1OGA_E	4JFF_E		u	0.9256
8104	1OGA_E	4JPK_H			0.7668
8105	1OGA_E	4JPK_L			0.7561
8106	1OGA_E	4KRO_D			0.8398
8107	1OGA_E	4KRP_D			0.846
8108	1OGA_E	4L3E_E			0.9786
8109	1OGA_E	4MNQ_E		u	0.9726
8110	1OGA_E	4NM8_H			0.8276
8111	1OGA_E	4NM8_I			0.8238
8112	1OGA_E	4NM8_J			0.8233
8113	1OGA_E	4NM8_L			0.7206
8114	1OGA_E	4NM8_M			0.7168
8115	1OGA_E	4NM8_N			0.7216
8116	1OGA_E	4OZG_F		u	0.9634
8117	1OGA_E	4OZG_H		u	0.9478
8118	1OGA_E	4P23_B			0.9747
8119	1OGA_E	4P5T_B			0.9692
8120	1OGA_E	4P5T_F			0.9421
8121	1OGA_E	4U6H_A			0.8758
8122	1OGA_E	4U6H_C			0.7782
8123	1OGA_E	4U6H_D			0.7497
8124	1OGA_E	4ZS6_C			0.8733
8125	1OGA_E	4ZS6_H			0.8701
8126	1P69_A	1P6A_A		u	1.004
8127	1P69_A	2J12_A			0.9154
8128	1P69_A	2J1K_C			0.8622
8129	1P69_A	2J1K_D			0.8624
8130	1P69_A	2J1K_E			0.8631
8131	1P69_A	2J1K_F			0.8639
8132	1P69_A	2J1K_H			0.8629
8133	1P69_A	2J1K_I			0.8618
8134	1P69_A	2J1K_L			0.862
8135	1P69_A	2J1K_M			0.8641
8136	1P69_A	2J1K_N			0.8618
8137	1P69_A	2J1K_Q			0.8625
8138	1P69_A	2J1K_R			0.8647
8139	1P69_A	2J1K_S			0.8623
8141	1P69_B	1VFB_A			0.849
8142	1P69_B	1VFB_B			0.7808
8149	1P69_B	2I26_N			0.7517
8175	1P69_B	4KRL_B			0.7682
8176	1P69_B	4KRO_B			0.6815
8177	1P69_B	4KRP_B			0.7099
8178	1P69_B	5C6T_H			0.7317
8179	1P69_B	5C6T_L			0.8369
8180	1P69_B	5E9D_D			0.7909
8181	1P69_B	5E9D_E			0.809
8184	1P6A_A	2J12_A			0.9144
8185	1P6A_A	2J1K_C			0.8622
8186	1P6A_A	2J1K_D			0.8624
8187	1P6A_A	2J1K_E			0.8631
8188	1P6A_A	2J1K_F			0.8638
8189	1P6A_A	2J1K_H			0.8628
8190	1P6A_A	2J1K_I			0.8614
8191	1P6A_A	2J1K_L			0.8621
8192	1P6A_A	2J1K_M			0.8642
8193	1P6A_A	2J1K_N			0.8618
8194	1P6A_A	2J1K_Q			0.8628
8195	1P6A_A	2J1K_R			0.8649
8196	1P6A_A	2J1K_S			0.8622
8197	1P6A_B	1VFB_A			0.8475
8198	1P6A_B	1VFB_B			0.7811
8205	1P6A_B	2I26_N			0.7515
8231	1P6A_B	4KRL_B			0.7659
8232	1P6A_B	4KRO_B			0.6792
8233	1P6A_B	4KRP_B			0.7085
8234	1P6A_B	5C6T_H			0.7311
8235	1P6A_B	5C6T_L			0.8343
8236	1P6A_B	5E9D_D			0.7897
8237	1P6A_B	5E9D_E			0.8095
8255	1PPF_E	3BN9_B			0.9619
8266	1PPF_E	3NPS_A			0.9632
8268	1PPF_E	3TGK_E			0.9093
8269	1PPF_I	1R0R_I		u	0.9862
8270	1PPF_I	1SGD_I		u	1.005
8271	1PPF_I	1SGE_I		u	1.006
8272	1PPF_I	1SGN_I		u	1.005
8273	1PPF_I	1SGP_I		u	1.004
8274	1PPF_I	1SGQ_I		u	1.004
8275	1PPF_I	1SGY_I		u	1.005
8276	1PPF_I	2NU0_I			1.002
8277	1PPF_I	2NU1_I			1.003
8278	1PPF_I	2NU2_I		u	0.9991
8279	1PPF_I	2NU4_I		u	1.003
8280	1PPF_I	2SGP_I		u	1.002
8281	1PPF_I	2SGQ_I		u	1.004
8282	1PPF_I	3SGB_I		u	1.005
8283	1QSE_A	2AK4_A			0.9577
8288	1QSE_A	2BNR_A		u	0.9918
8291	1QSE_A	2J8U_A		u	0.9887
8293	1QSE_A	2JCC_A		u	0.9895
8297	1QSE_A	2UWE_A		u	0.9882
8302	1QSE_A	3H9S_A		u	0.9904
8307	1QSE_A	4FTV_A		u	0.9953
8311	1QSE_A	4K71_B			0.7935
8313	1QSE_A	4L3E_A		u	0.9903
8353	1QSE_C	2BNQ_C			1.006
8354	1QSE_C	2BNR_C			0.9971
8355	1QSE_C	2J8U_C			0.9208
8356	1QSE_C	2J8U_J			0.9025
8357	1QSE_C	2JCC_C			0.8454
8358	1QSE_C	2JCC_J			0.842
8359	1QSE_C	2P5E_C			0.9743
8360	1QSE_C	2UWE_C			0.8675
8361	1QSE_C	2UWE_J			0.8611
8362	1QSE_C	2VLR_C			0.8153
8363	1QSE_C	2VLR_H			0.8089
8364	1QSE_C	3D3V_C			1.09
8365	1QSE_C	3H9S_C			0.9469
8366	1QSE_C	3PWP_C			1.053
8367	1QSE_C	3QDG_C			0.8496
8368	1QSE_C	3QDJ_C			0.7229
8369	1QSE_C	3QFJ_C			1.091
8370	1QSE_C	4FTV_C			1.095
8371	1QSE_C	4JFD_C			0.862
8372	1QSE_C	4JFE_C			0.8367
8373	1QSE_C	4JFF_C			0.8495
8374	1QSE_C	4L3E_C			0.8551
8375	1QSE_C	4MNQ_C			0.7968
8376	1QSE_C	4N8V_C			0.8142
8377	1QSE_C	4N8V_F			0.834
8378	1QSE_C	5E9D_C			0.8418
8379	1QSE_C	5E9D_H			0.8345
8381	1QSE_D	1XGP_B			0.6806
8383	1QSE_D	1XGQ_B			0.6842
8385	1QSE_D	1XGR_B			0.6808
8387	1QSE_D	1XGT_B			0.6811
8389	1QSE_D	1XGU_B			0.6847
8392	1QSE_D	1YY9_C			0.73
8393	1QSE_D	2AK4_D			0.9638
8397	1QSE_D	2B2X_H			0.6304
8399	1QSE_D	2B2X_L			0.724
8401	1QSE_D	2BDN_H			0.6754
8402	1QSE_D	2BDN_L			0.7004
8410	1QSE_D	2NYY_C			0.7445
8413	1QSE_D	2P5E_D			0.9172
8427	1QSE_D	3HFM_L			0.726
8428	1QSE_D	3L5X_L			0.7004
8430	1QSE_D	3N85_L			0.7558
8433	1QSE_D	3NGB_H			0.6837
8437	1QSE_D	3QDG_D			0.9528
8438	1QSE_D	3QDJ_D			0.95
8440	1QSE_D	3QIB_C			0.9082
8441	1QSE_D	3SE8_H			0.6875
8442	1QSE_D	3SE8_L			0.6759
8443	1QSE_D	3SE9_H			0.6937
8444	1QSE_D	3SE9_L			0.6835
8446	1QSE_D	4FTV_D			0.9825
8451	1QSE_D	4I77_L			0.7465
8459	1QSE_D	4L3E_D			0.9621
8468	1QSE_D	4OZG_G			0.9294
8480	1QSE_E	1XGP_B			0.7528
8482	1QSE_E	1XGQ_B			0.7516
8484	1QSE_E	1XGR_B			0.7539
8486	1QSE_E	1XGT_B			0.7531
8488	1QSE_E	1XGU_B			0.747
8491	1QSE_E	1YY9_D			0.8492
8492	1QSE_E	2AK4_E			0.9627
8496	1QSE_E	2B2X_H			0.8497
8498	1QSE_E	2BDN_H			0.7579
8499	1QSE_E	2BDN_L			0.7101
8507	1QSE_E	2NYY_D			0.8771
8517	1QSE_E	2VLR_E			0.9589
8519	1QSE_E	3BN9_D			0.8419
8523	1QSE_E	3D3V_E			0.9989
8524	1QSE_E	3G6D_H			0.8142
8526	1QSE_E	3HFM_H			0.8767
8528	1QSE_E	3L5X_L			0.71
8530	1QSE_E	3N85_H			0.8611
8534	1QSE_E	3NGB_L			0.7296
8537	1QSE_E	3QDG_E			0.977
8538	1QSE_E	3QDJ_E			0.9753
8540	1QSE_E	3QIB_D			0.9036
8541	1QSE_E	3SE8_H			0.7398
8542	1QSE_E	3SE8_L			0.7404
8543	1QSE_E	3SE9_H			0.7596
8544	1QSE_E	3SE9_L			0.7236
8546	1QSE_E	4FTV_E			0.9959
8551	1QSE_E	4I77_H			0.8365
8559	1QSE_E	4L3E_E			0.9726
8568	1QSE_E	4OZG_H			0.9536
8596	1R0R_I	1SGD_I		u	0.9761
8597	1R0R_I	1SGE_I		u	0.9757
8598	1R0R_I	1SGN_I		u	0.9748
8599	1R0R_I	1SGP_I		u	0.9724
8600	1R0R_I	1SGQ_I		u	0.9738
8601	1R0R_I	1SGY_I		u	0.972
8602	1R0R_I	2NU0_I			0.9691
8603	1R0R_I	2NU1_I			0.9708
8604	1R0R_I	2NU2_I		u	0.9655
8605	1R0R_I	2NU4_I		u	0.9717
8606	1R0R_I	2SGP_I		u	0.9712
8607	1R0R_I	2SGQ_I		u	0.9742
8608	1R0R_I	3SGB_I		u	0.9891
8632	1REW_C	1REW_D	p	u	1.0
8634	1S0W_A	2G2U_A			0.9935
8635	1S0W_A	2G2W_A			0.9945
8636	1S0W_A	3N4I_A			0.9932
8638	1S0W_B	2G2U_A			0.9927
8639	1S0W_B	2G2W_A			0.994
8640	1S0W_B	3N4I_A			0.9925
8642	1S0W_C	1S0W_D	p	u	1.003
8643	1S0W_C	2G2U_B		u	0.9966
8644	1S0W_C	2G2W_B		u	0.9671
8645	1S0W_C	3N4I_B		u	0.9985
8646	1S0W_D	2G2U_B		u	0.9955
8649	1S1Q_A	1S1Q_C	p	u	1.005
8651	1S1Q_B	1XD3_B		u	0.9892
8654	1S1Q_B	3KUD_B			0.7538
8655	1S1Q_B	3M62_B			0.9594
8658	1S1Q_B	4G0N_B			0.763
8660	1S1Q_D	1XD3_B		u	0.9714
8663	1S1Q_D	3KUD_B			0.7535
8664	1S1Q_D	3M62_B			0.9537
8667	1S1Q_D	4G0N_B			0.7632
8671	1SBB_A	1XGP_B			0.7343
8673	1SBB_A	1XGQ_B			0.731
8675	1SBB_A	1XGR_B			0.7354
8677	1SBB_A	1XGT_B			0.7338
8679	1SBB_A	1XGU_B			0.7268
8682	1SBB_A	1YY9_D			0.8216
8683	1SBB_A	2AK4_E			0.9087
8687	1SBB_A	2B2X_H			0.8447
8689	1SBB_A	2BDN_H			0.7479
8690	1SBB_A	2BDN_L			0.6904
8698	1SBB_A	2NYY_D			0.8499
8708	1SBB_A	2VLR_E			0.8994
8710	1SBB_A	3BN9_D			0.8381
8714	1SBB_A	3D3V_E			0.9174
8715	1SBB_A	3G6D_H			0.8109
8717	1SBB_A	3HFM_H			0.8651
8719	1SBB_A	3L5X_L			0.6876
8721	1SBB_A	3N85_H			0.8605
8725	1SBB_A	3NGB_L			0.7089
8728	1SBB_A	3QDG_E			0.9249
8729	1SBB_A	3QDJ_E			0.9226
8731	1SBB_A	3QIB_D			0.868
8732	1SBB_A	3SE8_H			0.7215
8733	1SBB_A	3SE8_L			0.7199
8734	1SBB_A	3SE9_H			0.7453
8735	1SBB_A	3SE9_L			0.7039
8737	1SBB_A	4FTV_E			0.9164
8742	1SBB_A	4I77_H			0.8347
8750	1SBB_A	4L3E_E			0.9204
8759	1SBB_A	4OZG_H			0.9004
8768	1SBB_B	1SBB_D	p	u	1.003
8769	1SBB_B	3W2D_A		u	0.9826
8771	1SBB_C	1XGP_B			0.7621
8773	1SBB_C	1XGQ_B			0.7573
8775	1SBB_C	1XGR_B			0.7636
8777	1SBB_C	1XGT_B			0.7608
8779	1SBB_C	1XGU_B			0.7539
8782	1SBB_C	1YY9_D			0.827
8783	1SBB_C	2AK4_E			0.9117
8787	1SBB_C	2B2X_H			0.8585
8789	1SBB_C	2BDN_H			0.7767
8790	1SBB_C	2BDN_L			0.7124
8798	1SBB_C	2NYY_D			0.8588
8808	1SBB_C	2VLR_E			0.9007
8810	1SBB_C	3BN9_D			0.8266
8814	1SBB_C	3D3V_E			0.8871
8815	1SBB_C	3G6D_H			0.7776
8817	1SBB_C	3HFM_H			0.8653
8819	1SBB_C	3L5X_L			0.6948
8821	1SBB_C	3N85_H			0.853
8822	1SBB_C	3NGB_L			0.6724
8825	1SBB_C	3QDG_E			0.9101
8826	1SBB_C	3QDJ_E			0.9096
8828	1SBB_C	3QIB_D			0.8315
8829	1SBB_C	3SE8_H			0.7395
8830	1SBB_C	3SE8_L			0.7247
8831	1SBB_C	3SE9_H			0.7663
8832	1SBB_C	3SE9_L			0.7127
8834	1SBB_C	4FTV_E			0.8859
8839	1SBB_C	4I77_H			0.8433
8847	1SBB_C	4L3E_E			0.9191
8856	1SBB_C	4OZG_H			0.8665
8865	1SBB_D	3W2D_A		u	0.9821
8884	1SBN_I	1SIB_I		u	1.01
8885	1SBN_I	1TM1_I			0.8819
8886	1SBN_I	1TM3_I			0.8839
8887	1SBN_I	1TM4_I			0.8839
8888	1SBN_I	1TM5_I			0.8792
8889	1SBN_I	1TM7_I			0.8805
8890	1SBN_I	1TMG_I			0.8835
8891	1SBN_I	1TO1_I			0.879
8892	1SBN_I	1Y1K_I			0.8806
8893	1SBN_I	1Y33_I			0.8805
8894	1SBN_I	1Y34_I			0.88
8895	1SBN_I	1Y3B_I			0.8824
8896	1SBN_I	1Y3C_I			0.8778
8897	1SBN_I	1Y3D_I			0.8786
8898	1SBN_I	1Y48_I			0.876
8922	1SGD_E	3TGK_E			0.747
8923	1SGD_I	1SGE_I		u	1.018
8924	1SGD_I	1SGN_I		u	1.018
8925	1SGD_I	1SGP_I		u	1.018
8926	1SGD_I	1SGQ_I		u	1.018
8927	1SGD_I	1SGY_I		u	1.018
8928	1SGD_I	2NU0_I			1.018
8929	1SGD_I	2NU1_I			1.018
8930	1SGD_I	2NU2_I		u	1.016
8931	1SGD_I	2NU4_I		u	1.017
8932	1SGD_I	2SGP_I		u	1.015
8933	1SGD_I	2SGQ_I		u	1.017
8934	1SGD_I	3SGB_I		u	1.015
8957	1SGE_E	3TGK_E			0.7472
8958	1SGE_I	1SGN_I		u	1.019
8959	1SGE_I	1SGP_I		u	1.019
8960	1SGE_I	1SGQ_I		u	1.019
8961	1SGE_I	1SGY_I		u	1.018
8962	1SGE_I	2NU0_I			1.018
8963	1SGE_I	2NU1_I			1.018
8964	1SGE_I	2NU2_I		u	1.016
8965	1SGE_I	2NU4_I		u	1.018
8966	1SGE_I	2SGP_I		u	1.015
8967	1SGE_I	2SGQ_I		u	1.019
8968	1SGE_I	3SGB_I		u	1.015
8990	1SGN_E	3TGK_E			0.7471
8991	1SGN_I	1SGP_I		u	1.018
8992	1SGN_I	1SGQ_I		u	1.019
8993	1SGN_I	1SGY_I		u	1.018
8994	1SGN_I	2NU0_I			1.018
8995	1SGN_I	2NU1_I			1.018
8996	1SGN_I	2NU2_I		u	1.017
8997	1SGN_I	2NU4_I		u	1.018
8998	1SGN_I	2SGP_I		u	1.016
8999	1SGN_I	2SGQ_I		u	1.018
9000	1SGN_I	3SGB_I		u	1.015
9021	1SGP_E	3TGK_E			0.7474
9022	1SGP_I	1SGQ_I		u	1.019
9023	1SGP_I	1SGY_I		u	1.018
9024	1SGP_I	2NU0_I			1.018
9025	1SGP_I	2NU1_I			1.019
9026	1SGP_I	2NU2_I		u	1.017
9027	1SGP_I	2NU4_I		u	1.018
9028	1SGP_I	2SGP_I		u	1.016
9029	1SGP_I	2SGQ_I		u	1.018
9030	1SGP_I	3SGB_I		u	1.014
9050	1SGQ_E	3TGK_E			0.7472
9051	1SGQ_I	1SGY_I		u	1.018
9052	1SGQ_I	2NU0_I			1.018
9053	1SGQ_I	2NU1_I			1.018
9054	1SGQ_I	2NU2_I		u	1.017
9055	1SGQ_I	2NU4_I		u	1.018
9056	1SGQ_I	2SGP_I		u	1.015
9057	1SGQ_I	2SGQ_I		u	1.018
9058	1SGQ_I	3SGB_I		u	1.013
9077	1SGY_E	3TGK_E			0.7485
9078	1SGY_I	2NU0_I			1.018
9079	1SGY_I	2NU1_I			1.019
9080	1SGY_I	2NU2_I		u	1.016
9081	1SGY_I	2NU4_I		u	1.017
9082	1SGY_I	2SGP_I		u	1.016
9083	1SGY_I	2SGQ_I		u	1.018
9084	1SGY_I	3SGB_I		u	1.015
9102	1SIB_I	1TM1_I			0.8816
9103	1SIB_I	1TM3_I			0.8834
9104	1SIB_I	1TM4_I			0.8835
9105	1SIB_I	1TM5_I			0.8787
9106	1SIB_I	1TM7_I			0.88
9107	1SIB_I	1TMG_I			0.8829
9108	1SIB_I	1TO1_I			0.8788
9109	1SIB_I	1Y1K_I			0.8799
9110	1SIB_I	1Y33_I			0.8802
9111	1SIB_I	1Y34_I			0.8797
9112	1SIB_I	1Y3B_I			0.8821
9113	1SIB_I	1Y3C_I			0.8772
9114	1SIB_I	1Y3D_I			0.8778
9115	1SIB_I	1Y48_I			0.8749
9124	1SMF_E	3BN9_B			0.9775
9135	1SMF_E	3NPS_A			0.9789
9137	1SMF_E	3TGK_E			0.9845
9154	1TM1_I	1TM3_I		u	1.015
9155	1TM1_I	1TM4_I		u	1.016
9156	1TM1_I	1TM5_I		u	1.016
9157	1TM1_I	1TM7_I		u	1.015
9158	1TM1_I	1TMG_I		u	1.014
9159	1TM1_I	1TO1_I		u	1.015
9160	1TM1_I	1Y1K_I		u	1.015
9161	1TM1_I	1Y33_I		u	1.015
9162	1TM1_I	1Y34_I		u	1.015
9163	1TM1_I	1Y3B_I		u	1.016
9164	1TM1_I	1Y3C_I		u	1.015
9165	1TM1_I	1Y3D_I		u	1.014
9166	1TM1_I	1Y48_I		u	1.014
9182	1TM3_I	1TM4_I		u	1.015
9183	1TM3_I	1TM5_I		u	1.015
9184	1TM3_I	1TM7_I		u	1.015
9185	1TM3_I	1TMG_I		u	1.014
9186	1TM3_I	1TO1_I		u	1.015
9187	1TM3_I	1Y1K_I		u	1.015
9188	1TM3_I	1Y33_I		u	1.014
9189	1TM3_I	1Y34_I		u	1.014
9190	1TM3_I	1Y3B_I		u	1.015
9191	1TM3_I	1Y3C_I		u	1.014
9192	1TM3_I	1Y3D_I		u	1.012
9193	1TM3_I	1Y48_I		u	1.013
9208	1TM4_I	1TM5_I		u	1.016
9209	1TM4_I	1TM7_I		u	1.016
9210	1TM4_I	1TMG_I		u	1.015
9211	1TM4_I	1TO1_I		u	1.016
9212	1TM4_I	1Y1K_I		u	1.015
9213	1TM4_I	1Y33_I		u	1.015
9214	1TM4_I	1Y34_I		u	1.015
9215	1TM4_I	1Y3B_I		u	1.015
9216	1TM4_I	1Y3C_I		u	1.015
9217	1TM4_I	1Y3D_I		u	1.014
9218	1TM4_I	1Y48_I		u	1.014
9232	1TM5_I	1TM7_I		u	1.016
9233	1TM5_I	1TMG_I		u	1.015
9234	1TM5_I	1TO1_I		u	1.016
9235	1TM5_I	1Y1K_I		u	1.015
9236	1TM5_I	1Y33_I		u	1.015
9237	1TM5_I	1Y34_I		u	1.015
9238	1TM5_I	1Y3B_I		u	1.015
9239	1TM5_I	1Y3C_I		u	1.016
9240	1TM5_I	1Y3D_I		u	1.014
9241	1TM5_I	1Y48_I		u	1.015
9254	1TM7_I	1TMG_I		u	1.014
9255	1TM7_I	1TO1_I		u	1.016
9256	1TM7_I	1Y1K_I		u	1.015
9257	1TM7_I	1Y33_I		u	1.014
9258	1TM7_I	1Y34_I		u	1.015
9259	1TM7_I	1Y3B_I		u	1.016
9260	1TM7_I	1Y3C_I		u	1.015
9261	1TM7_I	1Y3D_I		u	1.014
9262	1TM7_I	1Y48_I		u	1.014
9274	1TMG_I	1TO1_I		u	1.015
9275	1TMG_I	1Y1K_I		u	1.012
9276	1TMG_I	1Y33_I		u	1.012
9277	1TMG_I	1Y34_I		u	1.014
9278	1TMG_I	1Y3B_I		u	1.015
9279	1TMG_I	1Y3C_I		u	1.014
9280	1TMG_I	1Y3D_I		u	1.014
9281	1TMG_I	1Y48_I		u	1.014
9292	1TO1_I	1Y1K_I		u	1.015
9293	1TO1_I	1Y33_I		u	1.015
9294	1TO1_I	1Y34_I		u	1.015
9295	1TO1_I	1Y3B_I		u	1.015
9296	1TO1_I	1Y3C_I		u	1.015
9297	1TO1_I	1Y3D_I		u	1.014
9298	1TO1_I	1Y48_I		u	1.014
9299	1U7F_A	1U7F_B	p		0.947
9301	1U7F_B	1U7F_C	p		0.9477
9302	1UUZ_A	1UUZ_B	p	u	0.9804
9304	1UUZ_C	1VFB_C		u	0.9772
9310	1UUZ_C	1YQV_Y		u	0.9848
9314	1UUZ_C	3HFM_Y		u	0.9863
9315	1UUZ_D	1VFB_C		u	0.9761
9321	1UUZ_D	1YQV_Y		u	0.9913
9325	1UUZ_D	3HFM_Y		u	0.9831
9326	1VFB_A	1VFB_B	p		0.8774
9327	1VFB_A	2AW2_A			0.8138
9328	1VFB_A	2AW2_X			0.8187
9329	1VFB_A	2E7L_A			0.8699
9330	1VFB_A	2E7L_B			0.8729
9331	1VFB_A	2E7L_C			0.8827
9332	1VFB_A	2E7L_D			0.8873
9333	1VFB_A	2I26_N			0.8444
9334	1VFB_A	2I26_O			0.8425
9335	1VFB_A	2I26_P			0.8462
9336	1VFB_A	2J12_B			0.8422
9337	1VFB_A	2J1K_A			0.8533
9338	1VFB_A	2J1K_B			0.7992
9339	1VFB_A	2J1K_G			0.8505
9340	1VFB_A	2J1K_J			0.8548
9341	1VFB_A	2J1K_K			0.853
9342	1VFB_A	2J1K_O			0.8436
9343	1VFB_A	2J1K_P			0.8536
9344	1VFB_A	2J1K_T			0.8529
9345	1VFB_A	2J1K_V			0.8548
9346	1VFB_A	2J1K_X			0.8535
9347	1VFB_A	2J1K_Y			0.8546
9348	1VFB_A	2J1K_Z			0.8524
9349	1VFB_A	2OI9_B			0.8667
9350	1VFB_A	2OI9_C			0.885
9351	1VFB_A	4GXU_O			0.8695
9352	1VFB_A	4GXU_P			0.9157
9353	1VFB_A	4GXU_S			0.8724
9354	1VFB_A	4GXU_T			0.9125
9355	1VFB_A	4GXU_U			0.8765
9356	1VFB_A	4GXU_V			0.9124
9357	1VFB_A	4GXU_W			0.8707
9358	1VFB_A	4GXU_X			0.9253
9359	1VFB_A	4KRL_B			0.8783
9360	1VFB_A	4KRO_B			0.7546
9361	1VFB_A	4KRP_B			0.8
9362	1VFB_A	5C6T_H			0.8267
9363	1VFB_A	5C6T_L			0.9272
9364	1VFB_A	5E9D_D			0.8579
9365	1VFB_A	5E9D_E			0.8941
9366	1VFB_A	5E9D_I			0.8648
9367	1VFB_A	5E9D_J			0.895
9368	1VFB_B	2AW2_A			0.7982
9369	1VFB_B	2AW2_X			0.8009
9370	1VFB_B	2E7L_A			0.8618
9371	1VFB_B	2E7L_B			0.8615
9372	1VFB_B	2E7L_C			0.8684
9373	1VFB_B	2E7L_D			0.8693
9374	1VFB_B	2I26_N			0.7746
9375	1VFB_B	2I26_O			0.7746
9376	1VFB_B	2I26_P			0.7792
9377	1VFB_B	2J12_B			0.7868
9378	1VFB_B	2J1K_A			0.7821
9379	1VFB_B	2J1K_B			0.762
9380	1VFB_B	2J1K_G			0.7861
9381	1VFB_B	2J1K_J			0.7919
9382	1VFB_B	2J1K_K			0.7891
9383	1VFB_B	2J1K_O			0.789
9384	1VFB_B	2J1K_P			0.7904
9385	1VFB_B	2J1K_T			0.7859
9386	1VFB_B	2J1K_V			0.7869
9387	1VFB_B	2J1K_X			0.7878
9388	1VFB_B	2J1K_Y			0.7847
9389	1VFB_B	2J1K_Z			0.7804
9390	1VFB_B	2OI9_B			0.8653
9391	1VFB_B	2OI9_C			0.8706
9392	1VFB_B	4GXU_O			0.9533
9393	1VFB_B	4GXU_P			0.8474
9394	1VFB_B	4GXU_S			0.9584
9395	1VFB_B	4GXU_T			0.8426
9396	1VFB_B	4GXU_U			0.9571
9397	1VFB_B	4GXU_V			0.8496
9398	1VFB_B	4GXU_W			0.9545
9399	1VFB_B	4GXU_X			0.8541
9400	1VFB_B	4KRL_B			0.934
9401	1VFB_B	4KRO_B			0.8162
9402	1VFB_B	4KRP_B			0.8742
9403	1VFB_B	5C6T_H			0.9024
9404	1VFB_B	5C6T_L			0.8647
9405	1VFB_B	5E9D_D			0.8723
9406	1VFB_B	5E9D_E			0.8388
9407	1VFB_B	5E9D_I			0.867
9408	1VFB_B	5E9D_J			0.839
9409	1VFB_C	1XGP_C		u	0.9801
9410	1VFB_C	1XGQ_C		u	0.978
9411	1VFB_C	1XGR_C		u	0.9792
9412	1VFB_C	1XGT_C		u	0.9799
9413	1VFB_C	1XGU_C		u	0.9814
9414	1VFB_C	1YQV_Y		u	0.9821
9415	1VFB_C	2I26_L		u	0.9836
9416	1VFB_C	2I26_M		u	0.9839
9417	1VFB_C	2I26_Q		u	0.9835
9418	1VFB_C	3HFM_Y		u	0.9809
9421	1WQJ_I	2DSQ_C		u	0.9769
9422	1WQJ_I	2DSQ_I		u	0.9874
9435	1X1W_D	1X1W_E	p	u	0.989
9436	1X1W_D	1X1W_F	p	u	1.007
9437	1X1W_D	1X1X_D		u	1.009
9438	1X1W_D	1X1X_E		u	0.9878
9439	1X1W_D	1X1X_F		u	1.007
9441	1X1W_E	1X1X_D		u	0.9909
9444	1X1W_F	1X1X_D		u	1.002
9450	1X1X_D	1X1X_E	p	u	0.9891
9451	1X1X_D	1X1X_F	p	u	1.004
9454	1XD3_B	1XD3_D	p	u	1.006
9455	1XD3_B	2OOB_B			0.9994
9456	1XD3_B	3KUD_B			0.7573
9457	1XD3_B	3M62_B			0.9596
9458	1XD3_B	3M63_B			0.9382
9459	1XD3_B	3Q3J_A			0.864
9460	1XD3_B	4G0N_B			0.7663
9461	1XD3_B	4JGH_B			0.9325
9463	1XD3_D	3KUD_B			0.762
9464	1XD3_D	3M62_B			0.9603
9467	1XD3_D	4G0N_B			0.7744
9469	1XGP_A	1XGP_B	p		0.813
9471	1XGP_A	1XGQ_B			0.8146
9473	1XGP_A	1XGR_B			0.8121
9475	1XGP_A	1XGT_B			0.8129
9477	1XGP_A	1XGU_B			0.8118
9480	1XGP_A	1YY9_C			0.882
9481	1XGP_A	1YY9_D			0.7595
9482	1XGP_A	2AK4_D			0.6708
9483	1XGP_A	2AK4_E			0.7903
9490	1XGP_A	2B2X_H			0.7772
9492	1XGP_A	2B2X_L			0.8741
9494	1XGP_A	2BDN_H			0.8018
9495	1XGP_A	2BDN_L			0.9562
9510	1XGP_A	2NYY_C			0.8235
9511	1XGP_A	2NYY_D			0.7718
9526	1XGP_A	2VLR_E			0.7975
9530	1XGP_A	3BN9_D			0.686
9538	1XGP_A	3D3V_E			0.7619
9539	1XGP_A	3G6D_H			0.6662
9543	1XGP_A	3HFM_H			0.747
9544	1XGP_A	3HFM_L		u	0.8348
9546	1XGP_A	3L5X_L			0.9472
9549	1XGP_A	3N85_H			0.7026
9550	1XGP_A	3N85_L			0.7318
9554	1XGP_A	3NGB_H			0.6314
9557	1XGP_A	3NGB_L			0.6939
9562	1XGP_A	3QDG_D			0.6901
9563	1XGP_A	3QDG_E			0.7642
9564	1XGP_A	3QDJ_D			0.6943
9565	1XGP_A	3QDJ_E			0.7635
9568	1XGP_A	3QIB_D			0.6853
9569	1XGP_A	3SE8_H			0.8138
9570	1XGP_A	3SE8_L			0.9754
9571	1XGP_A	3SE9_H			0.8314
9572	1XGP_A	3SE9_L			0.9541
9575	1XGP_A	4FTV_D			0.677
9576	1XGP_A	4FTV_E			0.7676
9581	1XGP_A	4I77_H			0.7178
9582	1XGP_A	4I77_L			0.7738
9595	1XGP_A	4L3E_D			0.6851
9596	1XGP_A	4L3E_E			0.7741
9607	1XGP_A	4OZG_G			0.6726
9608	1XGP_A	4OZG_H			0.7365
9622	1XGP_B	1XGQ_A			0.8132
9623	1XGP_B	1XGQ_B			1.003
9624	1XGP_B	1XGR_A			0.8103
9625	1XGP_B	1XGR_B			1.004
9626	1XGP_B	1XGT_A			0.8119
9627	1XGP_B	1XGT_B			1.004
9628	1XGP_B	1XGU_A			0.8149
9629	1XGP_B	1XGU_B			1.001
9630	1XGP_B	1YQV_H			0.9123
9631	1XGP_B	1YQV_L			0.8085
9632	1XGP_B	1YY9_C			0.7746
9633	1XGP_B	1YY9_D			0.8259
9634	1XGP_B	2AK4_D			0.6824
9635	1XGP_B	2AK4_E			0.7769
9636	1XGP_B	2AK4_I			0.6839
9637	1XGP_B	2AK4_J			0.7773
9638	1XGP_B	2AK4_N			0.6682
9639	1XGP_B	2AK4_P			0.7774
9640	1XGP_B	2AK4_T			0.6545
9641	1XGP_B	2AK4_U			0.7648
9642	1XGP_B	2B2X_H			0.8443
9643	1XGP_B	2B2X_I			0.8435
9644	1XGP_B	2B2X_L			0.7631
9645	1XGP_B	2B2X_M			0.7613
9646	1XGP_B	2BDN_H			0.9621
9647	1XGP_B	2BDN_L			0.8259
9648	1XGP_B	2BNQ_D			0.6512
9649	1XGP_B	2BNQ_E			0.7364
9650	1XGP_B	2BNR_D			0.652
9651	1XGP_B	2BNR_E			0.7375
9652	1XGP_B	2J8U_E			0.6965
9653	1XGP_B	2J8U_F			0.7613
9654	1XGP_B	2J8U_L			0.6966
9655	1XGP_B	2J8U_M			0.7609
9656	1XGP_B	2JCC_E			0.6935
9657	1XGP_B	2JCC_F			0.7576
9658	1XGP_B	2JCC_L			0.6919
9659	1XGP_B	2JCC_M			0.7637
9660	1XGP_B	2JEL_H			0.8544
9661	1XGP_B	2JEL_L			0.7722
9662	1XGP_B	2NYY_C			0.7302
9663	1XGP_B	2NYY_D			0.8112
9664	1XGP_B	2NZ9_C			0.748
9665	1XGP_B	2NZ9_D			0.851
9666	1XGP_B	2NZ9_E			0.736
9667	1XGP_B	2NZ9_F			0.8225
9668	1XGP_B	2P5E_D			0.6549
9669	1XGP_B	2P5E_E			0.7336
9670	1XGP_B	2UWE_E			0.6971
9671	1XGP_B	2UWE_F			0.7631
9672	1XGP_B	2UWE_L			0.6914
9673	1XGP_B	2UWE_M			0.7663
9674	1XGP_B	2VIR_A			0.7694
9675	1XGP_B	2VIR_B			0.9108
9676	1XGP_B	2VIS_A			0.7687
9677	1XGP_B	2VIS_B			0.9126
9678	1XGP_B	2VLR_D			0.6699
9679	1XGP_B	2VLR_E			0.7876
9680	1XGP_B	2VLR_I			0.6634
9681	1XGP_B	2VLR_J			0.7716
9682	1XGP_B	3BN9_C			0.7228
9683	1XGP_B	3BN9_D			0.7247
9684	1XGP_B	3BN9_E			0.726
9685	1XGP_B	3BN9_F			0.7532
9686	1XGP_B	3C60_A			0.6787
9687	1XGP_B	3C60_B			0.7444
9688	1XGP_B	3C60_E			0.6783
9689	1XGP_B	3C60_F			0.746
9690	1XGP_B	3D3V_D			0.6793
9691	1XGP_B	3D3V_E			0.7442
9692	1XGP_B	3G6D_H			0.6479
9693	1XGP_B	3G6D_L			0.6423
9694	1XGP_B	3H9S_D			0.6866
9695	1XGP_B	3H9S_E			0.7552
9696	1XGP_B	3HFM_H			0.7979
9697	1XGP_B	3HFM_L			0.7409
9698	1XGP_B	3L5X_H			0.9024
9699	1XGP_B	3L5X_L			0.7903
9700	1XGP_B	3LZF_H			0.6739
9701	1XGP_B	3LZF_L			0.6278
9702	1XGP_B	3N85_H			0.7275
9703	1XGP_B	3N85_L			0.6817
9704	1XGP_B	3NGB_B			0.6766
9705	1XGP_B	3NGB_H			0.6816
9706	1XGP_B	3NGB_J			0.6521
9707	1XGP_B	3NPS_B			0.835
9708	1XGP_B	3NPS_C			0.7665
9709	1XGP_B	3PWP_D			0.6814
9710	1XGP_B	3PWP_E			0.7541
9711	1XGP_B	3QDG_D			0.6955
9712	1XGP_B	3QDG_E			0.7509
9713	1XGP_B	3QDJ_D			0.7017
9714	1XGP_B	3QDJ_E			0.7547
9715	1XGP_B	3QFJ_D			0.6903
9716	1XGP_B	3QFJ_E			0.7556
9717	1XGP_B	3SE8_H			0.9441
9718	1XGP_B	3SE8_L			0.8338
9719	1XGP_B	3SE9_H			0.9363
9720	1XGP_B	3SE9_L			0.8435
9721	1XGP_B	3W2D_H			0.8249
9722	1XGP_B	3W2D_L			0.7526
9723	1XGP_B	4FTV_D			0.683
9724	1XGP_B	4FTV_E			0.7456
9725	1XGP_B	4GXU_M			0.9247
9726	1XGP_B	4GXU_N			0.7825
9727	1XGP_B	4GXU_Q			0.9503
9728	1XGP_B	4GXU_R			0.8069
9729	1XGP_B	4I77_H			0.7544
9730	1XGP_B	4I77_L			0.7007
9731	1XGP_B	4JFD_D			0.6793
9732	1XGP_B	4JFD_E			0.6962
9733	1XGP_B	4JFE_D			0.6769
9734	1XGP_B	4JFE_E			0.7124
9735	1XGP_B	4JFF_D			0.6771
9736	1XGP_B	4JFF_E			0.7066
9737	1XGP_B	4JPK_H			0.9564
9738	1XGP_B	4JPK_L			0.8481
9739	1XGP_B	4KRO_C			0.6803
9740	1XGP_B	4KRO_D			0.6939
9741	1XGP_B	4KRP_C			0.6857
9742	1XGP_B	4KRP_D			0.7036
9743	1XGP_B	4L3E_D			0.696
9744	1XGP_B	4L3E_E			0.7659
9745	1XGP_B	4MNQ_D			0.6623
9746	1XGP_B	4MNQ_E			0.7383
9747	1XGP_B	4NM8_H			0.9031
9748	1XGP_B	4NM8_I			0.8879
9749	1XGP_B	4NM8_J			0.8991
9750	1XGP_B	4NM8_L			0.8036
9751	1XGP_B	4NM8_M			0.8042
9752	1XGP_B	4NM8_N			0.8056
9753	1XGP_B	4OZG_E			0.7097
9754	1XGP_B	4OZG_F			0.7467
9755	1XGP_B	4OZG_G			0.6958
9756	1XGP_B	4OZG_H			0.7171
9757	1XGP_B	4P23_A			0.6873
9758	1XGP_B	4P23_B			0.754
9759	1XGP_B	4P5T_A			0.6886
9760	1XGP_B	4P5T_B			0.7454
9761	1XGP_B	4P5T_E			0.664
9762	1XGP_B	4P5T_F			0.7107
9763	1XGP_B	4U6H_A			0.7588
9764	1XGP_B	4U6H_B			0.7536
9765	1XGP_B	4U6H_C			0.9619
9766	1XGP_B	4U6H_D			0.8245
9767	1XGP_B	4ZS6_C			0.7895
9768	1XGP_B	4ZS6_D			0.7385
9769	1XGP_B	4ZS6_H			0.76
9770	1XGP_B	4ZS6_L			0.7205
9775	1XGP_C	1YQV_Y		u	0.9941
9779	1XGP_C	3HFM_Y		u	0.9913
9780	1XGQ_A	1XGQ_B	p		0.8146
9782	1XGQ_A	1XGR_B			0.8133
9784	1XGQ_A	1XGT_B			0.813
9786	1XGQ_A	1XGU_B			0.8116
9789	1XGQ_A	1YY9_C			0.878
9790	1XGQ_A	1YY9_D			0.7661
9791	1XGQ_A	2AK4_D			0.6672
9792	1XGQ_A	2AK4_E			0.7931
9799	1XGQ_A	2B2X_H			0.7793
9801	1XGQ_A	2B2X_L			0.8689
9803	1XGQ_A	2BDN_H			0.803
9804	1XGQ_A	2BDN_L			0.9527
9819	1XGQ_A	2NYY_C			0.8176
9820	1XGQ_A	2NYY_D			0.7748
9835	1XGQ_A	2VLR_E			0.8
9839	1XGQ_A	3BN9_D			0.6921
9847	1XGQ_A	3D3V_E			0.7677
9848	1XGQ_A	3G6D_H			0.6692
9852	1XGQ_A	3HFM_H			0.7544
9853	1XGQ_A	3HFM_L		u	0.8285
9855	1XGQ_A	3L5X_L			0.9424
9858	1XGQ_A	3N85_H			0.7094
9859	1XGQ_A	3N85_L			0.7266
9863	1XGQ_A	3NGB_H			0.6303
9866	1XGQ_A	3NGB_L			0.6953
9871	1XGQ_A	3QDG_D			0.687
9872	1XGQ_A	3QDG_E			0.7663
9873	1XGQ_A	3QDJ_D			0.6911
9874	1XGQ_A	3QDJ_E			0.7655
9877	1XGQ_A	3QIB_D			0.6833
9878	1XGQ_A	3SE8_H			0.8138
9879	1XGQ_A	3SE8_L			0.9728
9880	1XGQ_A	3SE9_H			0.8319
9881	1XGQ_A	3SE9_L			0.9517
9884	1XGQ_A	4FTV_D			0.6749
9885	1XGQ_A	4FTV_E			0.7702
9890	1XGQ_A	4I77_H			0.7242
9891	1XGQ_A	4I77_L			0.7691
9904	1XGQ_A	4L3E_D			0.6811
9905	1XGQ_A	4L3E_E			0.7762
9916	1XGQ_A	4OZG_G			0.6691
9917	1XGQ_A	4OZG_H			0.7394
9931	1XGQ_B	1XGR_A			0.8119
9932	1XGQ_B	1XGR_B			1.003
9933	1XGQ_B	1XGT_A			0.8135
9934	1XGQ_B	1XGT_B			1.003
9935	1XGQ_B	1XGU_A			0.8178
9936	1XGQ_B	1XGU_B			1.003
9937	1XGQ_B	1YQV_H			0.9094
9938	1XGQ_B	1YQV_L			0.8115
9939	1XGQ_B	1YY9_C			0.7792
9940	1XGQ_B	1YY9_D			0.8182
9941	1XGQ_B	2AK4_D			0.6868
9942	1XGQ_B	2AK4_E			0.7752
9943	1XGQ_B	2AK4_I			0.689
9944	1XGQ_B	2AK4_J			0.7756
9945	1XGQ_B	2AK4_N			0.6726
9946	1XGQ_B	2AK4_P			0.7741
9947	1XGQ_B	2AK4_T			0.6594
9948	1XGQ_B	2AK4_U			0.7658
9949	1XGQ_B	2B2X_H			0.8402
9950	1XGQ_B	2B2X_I			0.8394
9951	1XGQ_B	2B2X_L			0.7684
9952	1XGQ_B	2B2X_M			0.7667
9953	1XGQ_B	2BDN_H			0.9588
9954	1XGQ_B	2BDN_L			0.829
9955	1XGQ_B	2BNQ_D			0.6549
9956	1XGQ_B	2BNQ_E			0.7354
9957	1XGQ_B	2BNR_D			0.6555
9958	1XGQ_B	2BNR_E			0.7355
9959	1XGQ_B	2J8U_E			0.7
9960	1XGQ_B	2J8U_F			0.7598
9961	1XGQ_B	2J8U_L			0.7017
9962	1XGQ_B	2J8U_M			0.7607
9963	1XGQ_B	2JCC_E			0.6974
9964	1XGQ_B	2JCC_F			0.7558
9965	1XGQ_B	2JCC_L			0.6953
9966	1XGQ_B	2JCC_M			0.7618
9967	1XGQ_B	2JEL_H			0.8493
9968	1XGQ_B	2JEL_L			0.777
9969	1XGQ_B	2NYY_C			0.7371
9970	1XGQ_B	2NYY_D			0.8142
9971	1XGQ_B	2NZ9_C			0.7523
9972	1XGQ_B	2NZ9_D			0.8472
9973	1XGQ_B	2NZ9_E			0.7415
9974	1XGQ_B	2NZ9_F			0.8219
9975	1XGQ_B	2P5E_D			0.6575
9976	1XGQ_B	2P5E_E			0.7331
9977	1XGQ_B	2UWE_E			0.7009
9978	1XGQ_B	2UWE_F			0.7615
9979	1XGQ_B	2UWE_L			0.6959
9980	1XGQ_B	2UWE_M			0.7647
9981	1XGQ_B	2VIR_A			0.7684
9982	1XGQ_B	2VIR_B			0.9177
9983	1XGQ_B	2VIS_A			0.7677
9984	1XGQ_B	2VIS_B			0.9194
9985	1XGQ_B	2VLR_D			0.6732
9986	1XGQ_B	2VLR_E			0.7845
9987	1XGQ_B	2VLR_I			0.6662
9988	1XGQ_B	2VLR_J			0.7693
9989	1XGQ_B	3BN9_C			0.7222
9990	1XGQ_B	3BN9_D			0.7212
9991	1XGQ_B	3BN9_E			0.7313
9992	1XGQ_B	3BN9_F			0.7473
9993	1XGQ_B	3C60_A			0.6805
9994	1XGQ_B	3C60_B			0.7411
9995	1XGQ_B	3C60_E			0.6829
9996	1XGQ_B	3C60_F			0.7436
9997	1XGQ_B	3D3V_D			0.6829
9998	1XGQ_B	3D3V_E			0.7427
9999	1XGQ_B	3G6D_H			0.6429
10000	1XGQ_B	3G6D_L			0.6483
10001	1XGQ_B	3H9S_D			0.6903
10002	1XGQ_B	3H9S_E			0.7536
10003	1XGQ_B	3HFM_H			0.7926
10004	1XGQ_B	3HFM_L			0.747
10005	1XGQ_B	3L5X_H			0.898
10006	1XGQ_B	3L5X_L			0.7923
10007	1XGQ_B	3LZF_H			0.6665
10008	1XGQ_B	3LZF_L			0.6331
10009	1XGQ_B	3N85_H			0.7219
10010	1XGQ_B	3N85_L			0.6868
10011	1XGQ_B	3NGB_B			0.6792
10012	1XGQ_B	3NGB_H			0.6847
10013	1XGQ_B	3NGB_J			0.6582
10014	1XGQ_B	3NPS_B			0.8288
10015	1XGQ_B	3NPS_C			0.7672
10016	1XGQ_B	3PWP_D			0.6859
10017	1XGQ_B	3PWP_E			0.7526
10018	1XGQ_B	3QDG_D			0.6998
10019	1XGQ_B	3QDG_E			0.7532
10020	1XGQ_B	3QDJ_D			0.7024
10021	1XGQ_B	3QDJ_E			0.7534
10022	1XGQ_B	3QFJ_D			0.6936
10023	1XGQ_B	3QFJ_E			0.7543
10024	1XGQ_B	3SE8_H			0.9434
10025	1XGQ_B	3SE8_L			0.8351
10026	1XGQ_B	3SE9_H			0.9344
10027	1XGQ_B	3SE9_L			0.8444
10028	1XGQ_B	3W2D_H			0.8182
10029	1XGQ_B	3W2D_L			0.7584
10030	1XGQ_B	4FTV_D			0.6866
10031	1XGQ_B	4FTV_E			0.7442
10032	1XGQ_B	4GXU_M			0.9301
10033	1XGQ_B	4GXU_N			0.7857
10034	1XGQ_B	4GXU_Q			0.9534
10035	1XGQ_B	4GXU_R			0.8081
10036	1XGQ_B	4I77_H			0.7535
10037	1XGQ_B	4I77_L			0.708
10038	1XGQ_B	4JFD_D			0.6823
10039	1XGQ_B	4JFD_E			0.6926
10040	1XGQ_B	4JFE_D			0.6804
10041	1XGQ_B	4JFE_E			0.7101
10042	1XGQ_B	4JFF_D			0.6793
10043	1XGQ_B	4JFF_E			0.7032
10044	1XGQ_B	4JPK_H			0.958
10045	1XGQ_B	4JPK_L			0.8492
10046	1XGQ_B	4KRO_C			0.6864
10047	1XGQ_B	4KRO_D			0.6867
10048	1XGQ_B	4KRP_C			0.6905
10049	1XGQ_B	4KRP_D			0.6965
10050	1XGQ_B	4L3E_D			0.6991
10051	1XGQ_B	4L3E_E			0.7636
10052	1XGQ_B	4MNQ_D			0.6668
10053	1XGQ_B	4MNQ_E			0.7387
10054	1XGQ_B	4NM8_H			0.9
10055	1XGQ_B	4NM8_I			0.8848
10056	1XGQ_B	4NM8_J			0.8961
10057	1XGQ_B	4NM8_L			0.8067
10058	1XGQ_B	4NM8_M			0.8073
10059	1XGQ_B	4NM8_N			0.8085
10060	1XGQ_B	4OZG_E			0.7123
10061	1XGQ_B	4OZG_F			0.7451
10062	1XGQ_B	4OZG_G			0.6997
10063	1XGQ_B	4OZG_H			0.7154
10064	1XGQ_B	4P23_A			0.691
10065	1XGQ_B	4P23_B			0.753
10066	1XGQ_B	4P5T_A			0.6921
10067	1XGQ_B	4P5T_B			0.7437
10068	1XGQ_B	4P5T_E			0.6672
10069	1XGQ_B	4P5T_F			0.7083
10070	1XGQ_B	4U6H_A			0.7532
10071	1XGQ_B	4U6H_B			0.7596
10072	1XGQ_B	4U6H_C			0.9635
10073	1XGQ_B	4U6H_D			0.8247
10074	1XGQ_B	4ZS6_C			0.7842
10075	1XGQ_B	4ZS6_D			0.7442
10076	1XGQ_B	4ZS6_H			0.7543
10077	1XGQ_B	4ZS6_L			0.7214
10081	1XGQ_C	1YQV_Y		u	0.9884
10085	1XGQ_C	3HFM_Y		u	0.9894
10086	1XGR_A	1XGR_B	p		0.8105
10088	1XGR_A	1XGT_B			0.8102
10090	1XGR_A	1XGU_B			0.8092
10093	1XGR_A	1YY9_C			0.8835
10094	1XGR_A	1YY9_D			0.767
10095	1XGR_A	2AK4_D			0.6698
10096	1XGR_A	2AK4_E			0.7902
10103	1XGR_A	2B2X_H			0.7753
10105	1XGR_A	2B2X_L			0.8757
10107	1XGR_A	2BDN_H			0.799
10108	1XGR_A	2BDN_L			0.9568
10123	1XGR_A	2NYY_C			0.8257
10124	1XGR_A	2NYY_D			0.7709
10139	1XGR_A	2VLR_E			0.7965
10143	1XGR_A	3BN9_D			0.6881
10151	1XGR_A	3D3V_E			0.7643
10152	1XGR_A	3G6D_H			0.6655
10156	1XGR_A	3HFM_H			0.7527
10157	1XGR_A	3HFM_L			0.8375
10159	1XGR_A	3L5X_L			0.95
10162	1XGR_A	3N85_H			0.7046
10163	1XGR_A	3N85_L			0.7339
10167	1XGR_A	3NGB_H			0.6336
10170	1XGR_A	3NGB_L			0.6942
10175	1XGR_A	3QDG_D			0.6905
10176	1XGR_A	3QDG_E			0.7633
10177	1XGR_A	3QDJ_D			0.6939
10178	1XGR_A	3QDJ_E			0.7626
10181	1XGR_A	3QIB_D			0.6805
10182	1XGR_A	3SE8_H			0.8112
10183	1XGR_A	3SE8_L			0.9759
10184	1XGR_A	3SE9_H			0.8296
10185	1XGR_A	3SE9_L			0.9549
10188	1XGR_A	4FTV_D			0.6766
10189	1XGR_A	4FTV_E			0.7672
10194	1XGR_A	4I77_H			0.7185
10195	1XGR_A	4I77_L			0.7754
10208	1XGR_A	4L3E_D			0.685
10209	1XGR_A	4L3E_E			0.773
10220	1XGR_A	4OZG_G			0.671
10221	1XGR_A	4OZG_H			0.7361
10235	1XGR_B	1XGT_A			0.812
10236	1XGR_B	1XGT_B			1.004
10237	1XGR_B	1XGU_A			0.8154
10238	1XGR_B	1XGU_B			1.001
10239	1XGR_B	1YQV_H			0.9141
10240	1XGR_B	1YQV_L			0.8076
10241	1XGR_B	1YY9_C			0.7737
10242	1XGR_B	1YY9_D			0.8269
10243	1XGR_B	2AK4_D			0.6817
10244	1XGR_B	2AK4_E			0.7784
10245	1XGR_B	2AK4_I			0.6843
10246	1XGR_B	2AK4_J			0.7789
10247	1XGR_B	2AK4_N			0.6675
10248	1XGR_B	2AK4_P			0.7785
10249	1XGR_B	2AK4_T			0.6547
10250	1XGR_B	2AK4_U			0.7686
10251	1XGR_B	2B2X_H			0.8454
10252	1XGR_B	2B2X_I			0.8446
10253	1XGR_B	2B2X_L			0.763
10254	1XGR_B	2B2X_M			0.7612
10255	1XGR_B	2BDN_H			0.9619
10256	1XGR_B	2BDN_L			0.8257
10257	1XGR_B	2BNQ_D			0.6509
10258	1XGR_B	2BNQ_E			0.7376
10259	1XGR_B	2BNR_D			0.6512
10260	1XGR_B	2BNR_E			0.7386
10261	1XGR_B	2J8U_E			0.6958
10262	1XGR_B	2J8U_F			0.7626
10263	1XGR_B	2J8U_L			0.6971
10264	1XGR_B	2J8U_M			0.7638
10265	1XGR_B	2JCC_E			0.6933
10266	1XGR_B	2JCC_F			0.7589
10267	1XGR_B	2JCC_L			0.6897
10268	1XGR_B	2JCC_M			0.7655
10269	1XGR_B	2JEL_H			0.8558
10270	1XGR_B	2JEL_L			0.7725
10271	1XGR_B	2NYY_C			0.731
10272	1XGR_B	2NYY_D			0.8124
10273	1XGR_B	2NZ9_C			0.7481
10274	1XGR_B	2NZ9_D			0.8523
10275	1XGR_B	2NZ9_E			0.7352
10276	1XGR_B	2NZ9_F			0.8274
10277	1XGR_B	2P5E_D			0.6521
10278	1XGR_B	2P5E_E			0.7367
10279	1XGR_B	2UWE_E			0.6974
10280	1XGR_B	2UWE_F			0.7643
10281	1XGR_B	2UWE_L			0.6924
10282	1XGR_B	2UWE_M			0.7676
10283	1XGR_B	2VIR_A			0.7706
10284	1XGR_B	2VIR_B			0.9111
10285	1XGR_B	2VIS_A			0.7698
10286	1XGR_B	2VIS_B			0.9128
10287	1XGR_B	2VLR_D			0.6695
10288	1XGR_B	2VLR_E			0.7892
10289	1XGR_B	2VLR_I			0.6633
10290	1XGR_B	2VLR_J			0.7727
10291	1XGR_B	3BN9_C			0.7205
10292	1XGR_B	3BN9_D			0.7249
10293	1XGR_B	3BN9_E			0.7251
10294	1XGR_B	3BN9_F			0.7541
10295	1XGR_B	3C60_A			0.6763
10296	1XGR_B	3C60_B			0.7432
10297	1XGR_B	3C60_E			0.6785
10298	1XGR_B	3C60_F			0.7474
10299	1XGR_B	3D3V_D			0.6784
10300	1XGR_B	3D3V_E			0.7456
10301	1XGR_B	3G6D_H			0.6487
10302	1XGR_B	3G6D_L			0.6427
10303	1XGR_B	3H9S_D			0.6859
10304	1XGR_B	3H9S_E			0.756
10305	1XGR_B	3HFM_H			0.7991
10306	1XGR_B	3HFM_L			0.7419
10307	1XGR_B	3L5X_H			0.9032
10308	1XGR_B	3L5X_L			0.7899
10309	1XGR_B	3LZF_H			0.677
10310	1XGR_B	3LZF_L			0.6272
10311	1XGR_B	3N85_H			0.7283
10312	1XGR_B	3N85_L			0.6797
10313	1XGR_B	3NGB_B			0.678
10314	1XGR_B	3NGB_H			0.6816
10315	1XGR_B	3NGB_J			0.6528
10316	1XGR_B	3NPS_B			0.8351
10317	1XGR_B	3NPS_C			0.7614
10318	1XGR_B	3PWP_D			0.6817
10319	1XGR_B	3PWP_E			0.7548
10320	1XGR_B	3QDG_D			0.6954
10321	1XGR_B	3QDG_E			0.7558
10322	1XGR_B	3QDJ_D			0.7015
10323	1XGR_B	3QDJ_E			0.7561
10324	1XGR_B	3QFJ_D			0.6894
10325	1XGR_B	3QFJ_E			0.7565
10326	1XGR_B	3QIB_D			0.6789
10327	1XGR_B	3SE8_H			0.946
10328	1XGR_B	3SE8_L			0.8321
10329	1XGR_B	3SE9_H			0.9375
10330	1XGR_B	3SE9_L			0.8418
10331	1XGR_B	3W2D_H			0.8258
10332	1XGR_B	3W2D_L			0.7523
10333	1XGR_B	4FTV_D			0.6826
10334	1XGR_B	4FTV_E			0.7472
10335	1XGR_B	4GXU_M			0.9266
10336	1XGR_B	4GXU_N			0.7845
10337	1XGR_B	4GXU_Q			0.9526
10338	1XGR_B	4GXU_R			0.8078
10339	1XGR_B	4I77_H			0.7599
10340	1XGR_B	4I77_L			0.701
10341	1XGR_B	4JFD_D			0.6758
10342	1XGR_B	4JFD_E			0.6993
10343	1XGR_B	4JFE_D			0.676
10344	1XGR_B	4JFE_E			0.7144
10345	1XGR_B	4JFF_D			0.6753
10346	1XGR_B	4JFF_E			0.7084
10347	1XGR_B	4JPK_H			0.9589
10348	1XGR_B	4JPK_L			0.8466
10349	1XGR_B	4KRO_C			0.6794
10350	1XGR_B	4KRO_D			0.6942
10351	1XGR_B	4KRP_C			0.6841
10352	1XGR_B	4KRP_D			0.7047
10353	1XGR_B	4L3E_D			0.6956
10354	1XGR_B	4L3E_E			0.7672
10355	1XGR_B	4MNQ_D			0.6628
10356	1XGR_B	4MNQ_E			0.7425
10357	1XGR_B	4NM8_H			0.9041
10358	1XGR_B	4NM8_I			0.8886
10359	1XGR_B	4NM8_J			0.9002
10360	1XGR_B	4NM8_L			0.8035
10361	1XGR_B	4NM8_M			0.8039
10362	1XGR_B	4NM8_N			0.8054
10363	1XGR_B	4OZG_E			0.7099
10364	1XGR_B	4OZG_F			0.7489
10365	1XGR_B	4OZG_G			0.6962
10366	1XGR_B	4OZG_H			0.7214
10367	1XGR_B	4P23_A			0.6868
10368	1XGR_B	4P23_B			0.7561
10369	1XGR_B	4P5T_A			0.6888
10370	1XGR_B	4P5T_B			0.7488
10371	1XGR_B	4P5T_E			0.6619
10372	1XGR_B	4P5T_F			0.7125
10373	1XGR_B	4U6H_A			0.76
10374	1XGR_B	4U6H_B			0.7534
10375	1XGR_B	4U6H_C			0.9638
10376	1XGR_B	4U6H_D			0.8239
10377	1XGR_B	4ZS6_C			0.7902
10378	1XGR_B	4ZS6_D			0.7382
10379	1XGR_B	4ZS6_H			0.7611
10380	1XGR_B	4ZS6_L			0.7189
10383	1XGR_C	1YQV_Y		u	0.993
10387	1XGR_C	3HFM_Y		u	0.9903
10388	1XGT_A	1XGT_B	p		0.8118
10390	1XGT_A	1XGU_B			0.8106
10393	1XGT_A	1YY9_C			0.8828
10394	1XGT_A	1YY9_D			0.7618
10395	1XGT_A	2AK4_D			0.6698
10396	1XGT_A	2AK4_E			0.7896
10403	1XGT_A	2B2X_H			0.7761
10405	1XGT_A	2B2X_L			0.8744
10407	1XGT_A	2BDN_H			0.8003
10408	1XGT_A	2BDN_L			0.9565
10423	1XGT_A	2NYY_C			0.8242
10424	1XGT_A	2NYY_D			0.7715
10439	1XGT_A	2VLR_E			0.7963
10443	1XGT_A	3BN9_D			0.6885
10451	1XGT_A	3D3V_E			0.761
10452	1XGT_A	3G6D_H			0.6655
10456	1XGT_A	3HFM_H			0.7501
10457	1XGT_A	3HFM_L			0.8356
10459	1XGT_A	3L5X_L			0.9486
10462	1XGT_A	3N85_H			0.7048
10463	1XGT_A	3N85_L			0.7327
10467	1XGT_A	3NGB_H			0.6336
10470	1XGT_A	3NGB_L			0.6936
10475	1XGT_A	3QDG_D			0.6905
10476	1XGT_A	3QDG_E			0.7628
10477	1XGT_A	3QDJ_D			0.6938
10478	1XGT_A	3QDJ_E			0.7621
10481	1XGT_A	3QIB_D			0.6777
10482	1XGT_A	3SE8_H			0.8123
10483	1XGT_A	3SE8_L			0.9761
10484	1XGT_A	3SE9_H			0.8303
10485	1XGT_A	3SE9_L			0.9549
10488	1XGT_A	4FTV_D			0.6761
10489	1XGT_A	4FTV_E			0.767
10494	1XGT_A	4I77_H			0.7188
10495	1XGT_A	4I77_L			0.7746
10508	1XGT_A	4L3E_D			0.685
10509	1XGT_A	4L3E_E			0.7726
10520	1XGT_A	4OZG_G			0.6708
10521	1XGT_A	4OZG_H			0.7362
10535	1XGT_B	1XGU_A			0.8162
10536	1XGT_B	1XGU_B			1.002
10537	1XGT_B	1YQV_H			0.9121
10538	1XGT_B	1YQV_L			0.8075
10539	1XGT_B	1YY9_C			0.775
10540	1XGT_B	1YY9_D			0.8247
10541	1XGT_B	2AK4_D			0.6831
10542	1XGT_B	2AK4_E			0.7777
10543	1XGT_B	2AK4_I			0.6847
10544	1XGT_B	2AK4_J			0.7778
10545	1XGT_B	2AK4_N			0.669
10546	1XGT_B	2AK4_P			0.7775
10547	1XGT_B	2AK4_T			0.6558
10548	1XGT_B	2AK4_U			0.7673
10549	1XGT_B	2B2X_H			0.8434
10550	1XGT_B	2B2X_I			0.8425
10551	1XGT_B	2B2X_L			0.7643
10552	1XGT_B	2B2X_M			0.7617
10553	1XGT_B	2BDN_H			0.9609
10554	1XGT_B	2BDN_L			0.8262
10555	1XGT_B	2BNQ_D			0.6511
10556	1XGT_B	2BNQ_E			0.7365
10557	1XGT_B	2BNR_D			0.6513
10558	1XGT_B	2BNR_E			0.7376
10559	1XGT_B	2J8U_E			0.6973
10560	1XGT_B	2J8U_F			0.7619
10561	1XGT_B	2J8U_L			0.6976
10562	1XGT_B	2J8U_M			0.7628
10563	1XGT_B	2JCC_E			0.694
10564	1XGT_B	2JCC_F			0.7581
10565	1XGT_B	2JCC_L			0.6906
10566	1XGT_B	2JCC_M			0.7639
10567	1XGT_B	2JEL_H			0.8543
10568	1XGT_B	2JEL_L			0.7738
10569	1XGT_B	2NYY_C			0.7327
10570	1XGT_B	2NYY_D			0.814
10571	1XGT_B	2NZ9_C			0.7484
10572	1XGT_B	2NZ9_D			0.851
10573	1XGT_B	2NZ9_E			0.7369
10574	1XGT_B	2NZ9_F			0.8256
10575	1XGT_B	2P5E_D			0.6529
10576	1XGT_B	2P5E_E			0.7351
10577	1XGT_B	2UWE_E			0.698
10578	1XGT_B	2UWE_F			0.7636
10579	1XGT_B	2UWE_L			0.6927
10580	1XGT_B	2UWE_M			0.7666
10581	1XGT_B	2VIR_A			0.7695
10582	1XGT_B	2VIR_B			0.9136
10583	1XGT_B	2VIS_A			0.7688
10584	1XGT_B	2VIS_B			0.9152
10585	1XGT_B	2VLR_D			0.6698
10586	1XGT_B	2VLR_E			0.7875
10587	1XGT_B	2VLR_I			0.6639
10588	1XGT_B	2VLR_J			0.7714
10589	1XGT_B	3BN9_C			0.7224
10590	1XGT_B	3BN9_D			0.7228
10591	1XGT_B	3BN9_E			0.7269
10592	1XGT_B	3BN9_F			0.7517
10593	1XGT_B	3C60_A			0.6777
10594	1XGT_B	3C60_B			0.7426
10595	1XGT_B	3C60_E			0.6796
10596	1XGT_B	3C60_F			0.7461
10597	1XGT_B	3D3V_D			0.6799
10598	1XGT_B	3D3V_E			0.7442
10599	1XGT_B	3G6D_H			0.6461
10600	1XGT_B	3G6D_L			0.6448
10601	1XGT_B	3H9S_D			0.6861
10602	1XGT_B	3H9S_E			0.7552
10603	1XGT_B	3HFM_H			0.7964
10604	1XGT_B	3HFM_L			0.7426
10605	1XGT_B	3L5X_H			0.902
10606	1XGT_B	3L5X_L			0.7904
10607	1XGT_B	3LZF_H			0.6699
10608	1XGT_B	3LZF_L			0.6292
10609	1XGT_B	3N85_H			0.7257
10610	1XGT_B	3N85_L			0.6817
10611	1XGT_B	3NGB_B			0.6772
10612	1XGT_B	3NGB_H			0.684
10613	1XGT_B	3NGB_J			0.6545
10614	1XGT_B	3NPS_B			0.8332
10615	1XGT_B	3NPS_C			0.7619
10616	1XGT_B	3PWP_D			0.681
10617	1XGT_B	3PWP_E			0.7541
10618	1XGT_B	3QDG_D			0.6967
10619	1XGT_B	3QDG_E			0.7549
10620	1XGT_B	3QDJ_D			0.702
10621	1XGT_B	3QDJ_E			0.755
10622	1XGT_B	3QFJ_D			0.6895
10623	1XGT_B	3QFJ_E			0.7551
10624	1XGT_B	3SE8_H			0.9455
10625	1XGT_B	3SE8_L			0.8322
10626	1XGT_B	3SE9_H			0.9371
10627	1XGT_B	3SE9_L			0.8421
10628	1XGT_B	3W2D_H			0.8228
10629	1XGT_B	3W2D_L			0.7534
10630	1XGT_B	4FTV_D			0.6832
10631	1XGT_B	4FTV_E			0.7475
10632	1XGT_B	4GXU_M			0.9283
10633	1XGT_B	4GXU_N			0.7867
10634	1XGT_B	4GXU_Q			0.9532
10635	1XGT_B	4GXU_R			0.8068
10636	1XGT_B	4I77_H			0.7578
10637	1XGT_B	4I77_L			0.7024
10638	1XGT_B	4JFD_D			0.6764
10639	1XGT_B	4JFD_E			0.6967
10640	1XGT_B	4JFE_D			0.6774
10641	1XGT_B	4JFE_E			0.7129
10642	1XGT_B	4JFF_D			0.6767
10643	1XGT_B	4JFF_E			0.7069
10644	1XGT_B	4JPK_H			0.9591
10645	1XGT_B	4JPK_L			0.8467
10646	1XGT_B	4KRO_C			0.6819
10647	1XGT_B	4KRO_D			0.6917
10648	1XGT_B	4KRP_C			0.6855
10649	1XGT_B	4KRP_D			0.7014
10650	1XGT_B	4L3E_D			0.697
10651	1XGT_B	4L3E_E			0.7661
10652	1XGT_B	4MNQ_D			0.6625
10653	1XGT_B	4MNQ_E			0.7405
10654	1XGT_B	4NM8_H			0.9033
10655	1XGT_B	4NM8_I			0.8879
10656	1XGT_B	4NM8_J			0.8994
10657	1XGT_B	4NM8_L			0.8039
10658	1XGT_B	4NM8_M			0.8044
10659	1XGT_B	4NM8_N			0.8058
10660	1XGT_B	4OZG_E			0.7104
10661	1XGT_B	4OZG_F			0.7471
10662	1XGT_B	4OZG_G			0.698
10663	1XGT_B	4OZG_H			0.7177
10664	1XGT_B	4P23_A			0.6882
10665	1XGT_B	4P23_B			0.7552
10666	1XGT_B	4P5T_A			0.6883
10667	1XGT_B	4P5T_B			0.7461
10668	1XGT_B	4P5T_E			0.6635
10669	1XGT_B	4P5T_F			0.7109
10670	1XGT_B	4U6H_A			0.7582
10671	1XGT_B	4U6H_B			0.7539
10672	1XGT_B	4U6H_C			0.9642
10673	1XGT_B	4U6H_D			0.8231
10674	1XGT_B	4ZS6_C			0.7897
10675	1XGT_B	4ZS6_D			0.736
10676	1XGT_B	4ZS6_H			0.7592
10677	1XGT_B	4ZS6_L			0.7208
10679	1XGT_C	1YQV_Y		u	0.9935
10683	1XGT_C	3HFM_Y		u	0.9909
10684	1XGU_A	1XGU_B	p		0.8149
10687	1XGU_A	1YY9_C			0.8762
10688	1XGU_A	1YY9_D			0.7658
10689	1XGU_A	2AK4_D			0.6684
10690	1XGU_A	2AK4_E			0.7931
10697	1XGU_A	2B2X_H			0.779
10699	1XGU_A	2B2X_L			0.8671
10701	1XGU_A	2BDN_H			0.8062
10702	1XGU_A	2BDN_L			0.9532
10717	1XGU_A	2NYY_C			0.8194
10718	1XGU_A	2NYY_D			0.7745
10733	1XGU_A	2VLR_E			0.8001
10737	1XGU_A	3BN9_D			0.6914
10745	1XGU_A	3D3V_E			0.7673
10746	1XGU_A	3G6D_H			0.6673
10750	1XGU_A	3HFM_H			0.7544
10751	1XGU_A	3HFM_L		u	0.8228
10753	1XGU_A	3L5X_L			0.943
10756	1XGU_A	3N85_H			0.7083
10757	1XGU_A	3N85_L			0.7264
10761	1XGU_A	3NGB_H			0.6277
10764	1XGU_A	3NGB_L			0.6956
10769	1XGU_A	3QDG_D			0.6885
10770	1XGU_A	3QDG_E			0.7693
10771	1XGU_A	3QDJ_D			0.6924
10772	1XGU_A	3QDJ_E			0.7684
10775	1XGU_A	3QIB_D			0.6826
10776	1XGU_A	3SE8_H			0.8171
10777	1XGU_A	3SE8_L			0.9732
10778	1XGU_A	3SE9_H			0.8323
10779	1XGU_A	3SE9_L			0.9522
10782	1XGU_A	4FTV_D			0.6724
10783	1XGU_A	4FTV_E			0.7699
10788	1XGU_A	4I77_H			0.7241
10789	1XGU_A	4I77_L			0.7713
10802	1XGU_A	4L3E_D			0.6827
10803	1XGU_A	4L3E_E			0.7792
10814	1XGU_A	4OZG_G			0.6699
10815	1XGU_A	4OZG_H			0.7388
10829	1XGU_B	1YQV_H			0.9029
10830	1XGU_B	1YQV_L			0.8103
10831	1XGU_B	1YY9_C			0.7784
10832	1XGU_B	1YY9_D			0.8143
10833	1XGU_B	2AK4_D			0.6862
10834	1XGU_B	2AK4_E			0.7703
10835	1XGU_B	2AK4_I			0.6864
10836	1XGU_B	2AK4_J			0.7709
10837	1XGU_B	2AK4_N			0.6735
10838	1XGU_B	2AK4_P			0.7706
10839	1XGU_B	2AK4_T			0.6619
10840	1XGU_B	2AK4_U			0.7598
10841	1XGU_B	2B2X_H			0.8354
10842	1XGU_B	2B2X_I			0.8345
10843	1XGU_B	2B2X_L			0.7673
10844	1XGU_B	2B2X_M			0.7658
10845	1XGU_B	2BDN_H			0.9552
10846	1XGU_B	2BDN_L			0.8267
10847	1XGU_B	2BNQ_D			0.6556
10848	1XGU_B	2BNQ_E			0.7306
10849	1XGU_B	2BNR_D			0.6546
10850	1XGU_B	2BNR_E			0.7323
10851	1XGU_B	2J8U_E			0.6996
10852	1XGU_B	2J8U_F			0.7558
10853	1XGU_B	2J8U_L			0.7001
10854	1XGU_B	2J8U_M			0.7568
10855	1XGU_B	2JCC_E			0.6957
10856	1XGU_B	2JCC_F			0.7522
10857	1XGU_B	2JCC_L			0.6937
10858	1XGU_B	2JCC_M			0.758
10859	1XGU_B	2JEL_H			0.8451
10860	1XGU_B	2JEL_L			0.7756
10861	1XGU_B	2NYY_C			0.7362
10862	1XGU_B	2NYY_D			0.8072
10863	1XGU_B	2NZ9_C			0.7507
10864	1XGU_B	2NZ9_D			0.8441
10865	1XGU_B	2NZ9_E			0.7397
10866	1XGU_B	2NZ9_F			0.8194
10867	1XGU_B	2P5E_D			0.6572
10868	1XGU_B	2P5E_E			0.7291
10869	1XGU_B	2UWE_E			0.6994
10870	1XGU_B	2UWE_F			0.7576
10871	1XGU_B	2UWE_L			0.6939
10872	1XGU_B	2UWE_M			0.7606
10873	1XGU_B	2VIR_A			0.766
10874	1XGU_B	2VIR_B			0.9199
10875	1XGU_B	2VIS_A			0.7653
10876	1XGU_B	2VIS_B			0.9216
10877	1XGU_B	2VLR_D			0.6722
10878	1XGU_B	2VLR_E			0.7797
10879	1XGU_B	2VLR_I			0.6656
10880	1XGU_B	2VLR_J			0.7649
10881	1XGU_B	3BN9_C			0.7239
10882	1XGU_B	3BN9_D			0.7165
10883	1XGU_B	3BN9_E			0.7277
10884	1XGU_B	3BN9_F			0.745
10885	1XGU_B	3C60_A			0.6803
10886	1XGU_B	3C60_B			0.7386
10887	1XGU_B	3C60_E			0.6827
10888	1XGU_B	3C60_F			0.7398
10889	1XGU_B	3D3V_D			0.6822
10890	1XGU_B	3D3V_E			0.7382
10891	1XGU_B	3G6D_L			0.6505
10892	1XGU_B	3H9S_D			0.6896
10893	1XGU_B	3H9S_E			0.7495
10894	1XGU_B	3HFM_H			0.7886
10895	1XGU_B	3HFM_L			0.7459
10896	1XGU_B	3L5X_H			0.8949
10897	1XGU_B	3L5X_L			0.7899
10898	1XGU_B	3LZF_H			0.6626
10899	1XGU_B	3LZF_L			0.6354
10900	1XGU_B	3N85_H			0.7182
10901	1XGU_B	3N85_L			0.687
10902	1XGU_B	3NGB_B			0.6832
10903	1XGU_B	3NGB_E			0.634
10904	1XGU_B	3NGB_H			0.6904
10905	1XGU_B	3NGB_J			0.6598
10906	1XGU_B	3NPS_B			0.8245
10907	1XGU_B	3NPS_C			0.7659
10908	1XGU_B	3PWP_D			0.6849
10909	1XGU_B	3PWP_E			0.7485
10910	1XGU_B	3QDG_D			0.7007
10911	1XGU_B	3QDG_E			0.7489
10912	1XGU_B	3QDJ_D			0.7035
10913	1XGU_B	3QDJ_E			0.7493
10914	1XGU_B	3QFJ_D			0.6932
10915	1XGU_B	3QFJ_E			0.7501
10916	1XGU_B	3SE8_H			0.9406
10917	1XGU_B	3SE8_L			0.8329
10918	1XGU_B	3SE9_H			0.9314
10919	1XGU_B	3SE9_L			0.8426
10920	1XGU_B	3W2D_H			0.8134
10921	1XGU_B	3W2D_L			0.7573
10922	1XGU_B	4FTV_D			0.6858
10923	1XGU_B	4FTV_E			0.7399
10924	1XGU_B	4GXU_M			0.9318
10925	1XGU_B	4GXU_N			0.7836
10926	1XGU_B	4GXU_Q			0.9527
10927	1XGU_B	4GXU_R			0.807
10928	1XGU_B	4I77_H			0.7509
10929	1XGU_B	4I77_L			0.7066
10930	1XGU_B	4JFD_D			0.6824
10931	1XGU_B	4JFD_E			0.6905
10932	1XGU_B	4JFE_D			0.6802
10933	1XGU_B	4JFE_E			0.7056
10934	1XGU_B	4JFF_D			0.6784
10935	1XGU_B	4JFF_E			0.6996
10936	1XGU_B	4JPK_H			0.9562
10937	1XGU_B	4JPK_L			0.8473
10938	1XGU_B	4KRO_C			0.6867
10939	1XGU_B	4KRO_D			0.6803
10940	1XGU_B	4KRP_C			0.6893
10941	1XGU_B	4KRP_D			0.6925
10942	1XGU_B	4L3E_D			0.6986
10943	1XGU_B	4L3E_E			0.7607
10944	1XGU_B	4MNQ_D			0.6674
10945	1XGU_B	4MNQ_E			0.734
10946	1XGU_B	4NM8_H			0.896
10947	1XGU_B	4NM8_I			0.8815
10948	1XGU_B	4NM8_J			0.8925
10949	1XGU_B	4NM8_L			0.8045
10950	1XGU_B	4NM8_M			0.8048
10951	1XGU_B	4NM8_N			0.8063
10952	1XGU_B	4OZG_E			0.7121
10953	1XGU_B	4OZG_F			0.7425
10954	1XGU_B	4OZG_G			0.7007
10955	1XGU_B	4OZG_H			0.7119
10956	1XGU_B	4P23_A			0.6909
10957	1XGU_B	4P23_B			0.7491
10958	1XGU_B	4P5T_A			0.6926
10959	1XGU_B	4P5T_B			0.74
10960	1XGU_B	4P5T_E			0.6698
10961	1XGU_B	4P5T_F			0.7042
10962	1XGU_B	4U6H_A			0.7498
10963	1XGU_B	4U6H_B			0.759
10964	1XGU_B	4U6H_C			0.9604
10965	1XGU_B	4U6H_D			0.8214
10966	1XGU_B	4ZS6_C			0.7829
10967	1XGU_B	4ZS6_D			0.7399
10968	1XGU_B	4ZS6_H			0.7517
10969	1XGU_B	4ZS6_L			0.7207
10970	1XGU_C	1YQV_Y		u	0.9947
10974	1XGU_C	3HFM_Y		u	0.9927
10984	1Y1K_I	1Y33_I		u	1.015
10985	1Y1K_I	1Y34_I		u	1.014
10986	1Y1K_I	1Y3B_I		u	1.015
10987	1Y1K_I	1Y3C_I		u	1.014
10988	1Y1K_I	1Y3D_I		u	1.013
10989	1Y1K_I	1Y48_I		u	1.013
10998	1Y33_I	1Y34_I		u	1.015
10999	1Y33_I	1Y3B_I		u	1.015
11000	1Y33_I	1Y3C_I		u	1.014
11001	1Y33_I	1Y3D_I		u	1.013
11002	1Y33_I	1Y48_I		u	1.014
11010	1Y34_I	1Y3B_I		u	1.016
11011	1Y34_I	1Y3C_I		u	1.015
11012	1Y34_I	1Y3D_I		u	1.014
11013	1Y34_I	1Y48_I		u	1.015
11020	1Y3B_I	1Y3C_I		u	1.015
11021	1Y3B_I	1Y3D_I		u	1.014
11022	1Y3B_I	1Y48_I		u	1.014
11028	1Y3C_I	1Y3D_I		u	1.015
11029	1Y3C_I	1Y48_I		u	1.015
11034	1Y3D_I	1Y48_I		u	1.014
11039	1YQV_H	1YY9_C			0.7324
11040	1YQV_H	1YY9_D			0.9152
11041	1YQV_H	2AK4_D			0.646
11042	1YQV_H	2AK4_E			0.8559
11048	1YQV_H	2B2X_H			0.938
11050	1YQV_H	2B2X_L			0.7194
11052	1YQV_H	2BDN_H			0.9428
11053	1YQV_H	2BDN_L			0.7928
11066	1YQV_H	2NYY_C			0.6848
11067	1YQV_H	2NYY_D			0.9079
11081	1YQV_H	2VLR_E			0.8542
11084	1YQV_H	3BN9_D			0.8201
11092	1YQV_H	3D3V_E			0.8228
11093	1YQV_H	3G6D_H			0.7246
11096	1YQV_H	3HFM_H			0.8837
11097	1YQV_H	3HFM_L			0.7025
11099	1YQV_H	3L5X_L			0.7783
11101	1YQV_H	3N85_H			0.8274
11102	1YQV_H	3N85_L			0.6169
11104	1YQV_H	3NGB_L			0.6486
11109	1YQV_H	3QDG_D			0.671
11110	1YQV_H	3QDG_E			0.8257
11111	1YQV_H	3QDJ_D			0.6756
11112	1YQV_H	3QDJ_E			0.8278
11115	1YQV_H	3QIB_D			0.7514
11116	1YQV_H	3SE8_H			0.9255
11117	1YQV_H	3SE8_L			0.8113
11118	1YQV_H	3SE9_H			0.9229
11119	1YQV_H	3SE9_L			0.8052
11122	1YQV_H	4B0M_M			0.649
11123	1YQV_H	4FTV_D			0.6499
11124	1YQV_H	4FTV_E			0.8235
11129	1YQV_H	4I77_H			0.8389
11130	1YQV_H	4I77_L			0.6458
11140	1YQV_H	4L3E_D			0.6662
11141	1YQV_H	4L3E_E			0.8395
11151	1YQV_H	4OZG_G			0.6557
11152	1YQV_H	4OZG_H			0.798
11166	1YQV_L	1YY9_C			0.9528
11167	1YQV_L	1YY9_D			0.7111
11168	1YQV_L	2AK4_D			0.6945
11169	1YQV_L	2AK4_E			0.736
11176	1YQV_L	2B2X_H			0.7326
11178	1YQV_L	2B2X_L			0.9595
11180	1YQV_L	2BDN_H			0.7908
11181	1YQV_L	2BDN_L			0.9748
11196	1YQV_L	2NYY_C			0.9218
11197	1YQV_L	2NYY_D			0.722
11202	1YQV_L	2P5E_D			0.6637
11213	1YQV_L	2VLR_E			0.7341
11217	1YQV_L	3BN9_D			0.6399
11225	1YQV_L	3D3V_E			0.706
11229	1YQV_L	3HFM_H			0.6975
11230	1YQV_L	3HFM_L			0.9256
11232	1YQV_L	3L5X_L			0.9864
11234	1YQV_L	3N85_H			0.6456
11235	1YQV_L	3N85_L			0.8278
11239	1YQV_L	3NGB_H			0.6756
11241	1YQV_L	3NGB_L			0.6364
11246	1YQV_L	3QDG_D			0.7157
11247	1YQV_L	3QDG_E			0.7109
11248	1YQV_L	3QDJ_D			0.7209
11249	1YQV_L	3QDJ_E			0.7112
11252	1YQV_L	3QIB_C			0.6602
11253	1YQV_L	3SE8_H			0.8015
11254	1YQV_L	3SE8_L			0.9724
11255	1YQV_L	3SE9_H			0.813
11256	1YQV_L	3SE9_L			0.9682
11259	1YQV_L	4FTV_D			0.6999
11260	1YQV_L	4FTV_E			0.7099
11265	1YQV_L	4I77_H			0.66
11266	1YQV_L	4I77_L			0.8787
11274	1YQV_L	4L3E_D			0.7119
11275	1YQV_L	4L3E_E			0.7195
11286	1YQV_L	4OZG_G			0.6888
11301	1YQV_Y	2I26_L		u	0.9998
11302	1YQV_Y	2I26_M		u	0.9996
11303	1YQV_Y	2I26_Q		u	0.9986
11304	1YQV_Y	3HFM_Y		u	0.9913
11307	1YY9_C	1YY9_D	p		0.6581
11308	1YY9_C	2AK4_D			0.7231
11309	1YY9_C	2AK4_I			0.7246
11310	1YY9_C	2AK4_N			0.7177
11311	1YY9_C	2AK4_T			0.7081
11312	1YY9_C	2B2X_H			0.6761
11313	1YY9_C	2B2X_I			0.6752
11314	1YY9_C	2B2X_L			0.98
11315	1YY9_C	2B2X_M			0.9785
11316	1YY9_C	2BDN_H			0.7543
11317	1YY9_C	2BDN_L			0.939
11318	1YY9_C	2BNQ_D			0.6994
11319	1YY9_C	2BNR_D			0.7016
11320	1YY9_C	2J8U_E			0.7346
11321	1YY9_C	2J8U_F			0.6614
11322	1YY9_C	2J8U_L			0.7329
11323	1YY9_C	2JCC_E			0.7297
11324	1YY9_C	2JCC_L			0.7233
11325	1YY9_C	2JEL_H			0.693
11326	1YY9_C	2JEL_L			0.9801
11327	1YY9_C	2NYY_C			0.9722
11328	1YY9_C	2NYY_D			0.6694
11329	1YY9_C	2NZ9_C			0.9793
11330	1YY9_C	2NZ9_D			0.6972
11331	1YY9_C	2NZ9_E			0.975
11332	1YY9_C	2NZ9_F			0.6787
11333	1YY9_C	2P5E_D			0.6945
11334	1YY9_C	2UWE_E			0.7305
11335	1YY9_C	2UWE_F			0.6641
11336	1YY9_C	2UWE_L			0.7238
11337	1YY9_C	2UWE_M			0.6675
11338	1YY9_C	2VIR_A			0.7487
11339	1YY9_C	2VIR_B			0.8249
11340	1YY9_C	2VIS_A			0.7474
11341	1YY9_C	2VIS_B			0.8265
11342	1YY9_C	2VLR_D			0.7047
11343	1YY9_C	2VLR_E			0.6856
11344	1YY9_C	2VLR_I			0.7002
11345	1YY9_C	2VLR_J			0.6767
11346	1YY9_C	3BN9_C			0.9583
11347	1YY9_C	3BN9_E			0.961
11348	1YY9_C	3C60_A			0.7237
11349	1YY9_C	3C60_E			0.7245
11350	1YY9_C	3D3V_D			0.7331
11351	1YY9_C	3G6D_L			0.8148
11352	1YY9_C	3H9S_D			0.729
11353	1YY9_C	3HFM_H			0.6478
11354	1YY9_C	3HFM_L			0.9634
11355	1YY9_C	3L5X_H			0.7203
11356	1YY9_C	3L5X_L			0.963
11357	1YY9_C	3LZF_L			0.7993
11358	1YY9_C	3N85_L			0.8961
11359	1YY9_C	3NGB_B			0.7032
11360	1YY9_C	3NGB_E			0.685
11361	1YY9_C	3NGB_H			0.7004
11362	1YY9_C	3NGB_J			0.7067
11363	1YY9_C	3NPS_B			0.6819
11364	1YY9_C	3NPS_C			0.9727
11365	1YY9_C	3PWP_D			0.7277
11366	1YY9_C	3QDG_D			0.7507
11367	1YY9_C	3QDJ_D			0.752
11368	1YY9_C	3QFJ_D			0.7315
11369	1YY9_C	3QIB_C			0.6948
11370	1YY9_C	3SE8_H			0.7657
11371	1YY9_C	3SE8_L			0.9195
11372	1YY9_C	3SE9_H			0.7681
11373	1YY9_C	3SE9_L			0.9307
11374	1YY9_C	3W2D_H			0.6622
11375	1YY9_C	3W2D_L			0.9722
11376	1YY9_C	4FTV_D			0.7299
11377	1YY9_C	4GXU_M			0.8128
11378	1YY9_C	4GXU_N			0.7803
11379	1YY9_C	4GXU_Q			0.8031
11380	1YY9_C	4GXU_R			0.827
11381	1YY9_C	4I77_L			0.9434
11382	1YY9_C	4JFD_D			0.7232
11383	1YY9_C	4JFE_D			0.7282
11384	1YY9_C	4JFF_D			0.7317
11385	1YY9_C	4JPK_H			0.7876
11386	1YY9_C	4JPK_L			0.9176
11387	1YY9_C	4KRO_C			0.9059
11388	1YY9_C	4KRP_C			0.913
11389	1YY9_C	4L3E_D			0.7486
11390	1YY9_C	4MNQ_D			0.7208
11391	1YY9_C	4NM8_H			0.7265
11392	1YY9_C	4NM8_I			0.7121
11393	1YY9_C	4NM8_J			0.7227
11394	1YY9_C	4NM8_L			0.9592
11395	1YY9_C	4NM8_M			0.9622
11396	1YY9_C	4NM8_N			0.9583
11397	1YY9_C	4OZG_E			0.7227
11398	1YY9_C	4OZG_G			0.7213
11399	1YY9_C	4P23_A			0.7238
11400	1YY9_C	4P5T_A			0.725
11401	1YY9_C	4P5T_E			0.7179
11402	1YY9_C	4U6H_A			0.6262
11403	1YY9_C	4U6H_B			0.9724
11404	1YY9_C	4U6H_C			0.7816
11405	1YY9_C	4U6H_D			0.8941
11406	1YY9_C	4ZS6_C			0.653
11407	1YY9_C	4ZS6_D			0.9695
11408	1YY9_C	4ZS6_L			0.9487
11409	1YY9_D	2AK4_E			0.8491
11410	1YY9_D	2AK4_J			0.8499
11411	1YY9_D	2AK4_P			0.8481
11412	1YY9_D	2AK4_U			0.8499
11413	1YY9_D	2B2X_H			0.9534
11414	1YY9_D	2B2X_I			0.9543
11415	1YY9_D	2B2X_L			0.6435
11416	1YY9_D	2B2X_M			0.6426
11417	1YY9_D	2BDN_H			0.8523
11418	1YY9_D	2BDN_L			0.7201
11419	1YY9_D	2BNQ_E			0.8399
11420	1YY9_D	2BNR_E			0.8414
11421	1YY9_D	2J8U_F			0.8612
11422	1YY9_D	2J8U_M			0.8602
11423	1YY9_D	2JCC_F			0.8642
11424	1YY9_D	2JCC_M			0.8664
11425	1YY9_D	2JEL_H			0.9424
11426	1YY9_D	2JEL_L			0.6384
11427	1YY9_D	2NYY_C			0.618
11428	1YY9_D	2NYY_D			0.9474
11429	1YY9_D	2NZ9_C			0.633
11430	1YY9_D	2NZ9_D			0.9433
11431	1YY9_D	2NZ9_E			0.6212
11432	1YY9_D	2NZ9_F			0.9466
11433	1YY9_D	2P5E_E			0.8369
11434	1YY9_D	2UWE_F			0.8606
11435	1YY9_D	2UWE_M			0.8614
11436	1YY9_D	2VIR_A			0.8211
11437	1YY9_D	2VIR_B			0.7083
11438	1YY9_D	2VIS_A			0.8217
11439	1YY9_D	2VIS_B			0.7094
11440	1YY9_D	2VLR_E			0.863
11441	1YY9_D	2VLR_J			0.8632
11442	1YY9_D	3BN9_D			0.9033
11443	1YY9_D	3BN9_F			0.9196
11444	1YY9_D	3C60_B			0.8542
11445	1YY9_D	3C60_F			0.8591
11446	1YY9_D	3D3V_E			0.8459
11447	1YY9_D	3G6D_H			0.8139
11448	1YY9_D	3H9S_E			0.8533
11449	1YY9_D	3HFM_H			0.9314
11450	1YY9_D	3HFM_L			0.6251
11451	1YY9_D	3L5X_H			0.9315
11452	1YY9_D	3L5X_L			0.7073
11453	1YY9_D	3LZF_H			0.8349
11454	1YY9_D	3N85_H			0.9116
11455	1YY9_D	3NGB_C			0.6782
11456	1YY9_D	3NGB_F			0.6517
11457	1YY9_D	3NGB_K			0.6628
11458	1YY9_D	3NGB_L			0.6941
11459	1YY9_D	3NPS_B			0.9412
11460	1YY9_D	3NPS_C			0.6453
11461	1YY9_D	3PWP_E			0.8501
11462	1YY9_D	3QDG_E			0.8465
11463	1YY9_D	3QDJ_E			0.8474
11464	1YY9_D	3QFJ_E			0.8535
11465	1YY9_D	3QIB_D			0.8191
11466	1YY9_D	3SE8_H			0.8524
11467	1YY9_D	3SE8_L			0.7464
11468	1YY9_D	3SE9_H			0.8616
11469	1YY9_D	3SE9_L			0.736
11470	1YY9_D	3W2D_H			0.9476
11471	1YY9_D	3W2D_L			0.6346
11472	1YY9_D	4B0M_M			0.6406
11473	1YY9_D	4FTV_E			0.8452
11474	1YY9_D	4GXU_M			0.7428
11475	1YY9_D	4GXU_N			0.8012
11476	1YY9_D	4GXU_Q			0.7891
11477	1YY9_D	4GXU_R			0.7728
11478	1YY9_D	4I77_H			0.9106
11479	1YY9_D	4JFD_E			0.8258
11480	1YY9_D	4JFE_E			0.8321
11481	1YY9_D	4JFF_E			0.8299
11482	1YY9_D	4JPK_H			0.8359
11483	1YY9_D	4JPK_L			0.7458
11484	1YY9_D	4KRO_D			0.9049
11485	1YY9_D	4KRP_D			0.9172
11486	1YY9_D	4L3E_E			0.8563
11487	1YY9_D	4MNQ_E			0.842
11488	1YY9_D	4NM8_H			0.9094
11489	1YY9_D	4NM8_I			0.911
11490	1YY9_D	4NM8_J			0.9075
11491	1YY9_D	4NM8_L			0.6978
11492	1YY9_D	4NM8_M			0.6949
11493	1YY9_D	4NM8_N			0.7004
11494	1YY9_D	4OZG_F			0.8447
11495	1YY9_D	4OZG_H			0.8358
11496	1YY9_D	4P23_B			0.8547
11497	1YY9_D	4P5T_B			0.852
11498	1YY9_D	4P5T_F			0.8295
11499	1YY9_D	4U6H_A			0.9325
11500	1YY9_D	4U6H_B			0.6147
11501	1YY9_D	4U6H_C			0.8408
11502	1YY9_D	4U6H_D			0.751
11503	1YY9_D	4ZS6_C			0.9482
11504	1YY9_D	4ZS6_D			0.6292
11505	1YY9_D	4ZS6_H			0.9295
11506	1Z7X_W	1Z7X_Y	p	u	1.0
11508	2A9K_A	2REX_B			0.869
11510	2A9K_A	3EG5_A			0.9127
11512	2A9K_A	3KUD_A			0.9656
11513	2A9K_A	3Q3J_B			0.8803
11514	2A9K_A	4G0N_A			0.9753
11516	2A9K_A	5UFE_A			0.9715
11517	2A9K_A	5UFQ_A			0.9659
11519	2A9K_A	5XCO_A			0.9471
11520	2AJF_A	2AJF_B	p	u	0.9617
11521	2AJF_A	3KBH_A		u	0.9735
11522	2AJF_A	3KBH_B		u	0.9731
11523	2AJF_A	3KBH_C		u	0.9731
11524	2AJF_A	3KBH_D		u	0.9735
11525	2AJF_B	3KBH_A		u	0.9922
11529	2AJF_E	2AJF_F	p	u	1.002
11530	2AJF_E	4ZS6_A			0.7312
11531	2AJF_E	4ZS6_B			0.7289
11532	2AJF_F	4ZS6_A			0.7327
11534	2AK4_A	2AK4_F	p	u	1.003
11535	2AK4_A	2AK4_K	p	u	0.998
11536	2AK4_A	2AK4_Q	p	u	0.9977
11537	2AK4_A	2BNQ_A			0.9753
11538	2AK4_A	2BNR_A			0.9747
11539	2AK4_A	2E7L_E			0.9737
11540	2AK4_A	2E7L_F			0.9716
11541	2AK4_A	2J8U_A			0.9433
11542	2AK4_A	2J8U_H			0.9418
11543	2AK4_A	2JCC_A			0.9459
11544	2AK4_A	2JCC_H			0.9477
11545	2AK4_A	2OI9_A			0.9703
11546	2AK4_A	2P5E_A			0.9714
11547	2AK4_A	2UWE_A			0.9454
11548	2AK4_A	2UWE_H			0.943
11549	2AK4_A	2VLR_A			0.9375
11550	2AK4_A	2VLR_F			0.9583
11551	2AK4_A	3D3V_A			0.9564
11552	2AK4_A	3H9S_A			0.9513
11553	2AK4_A	3PWP_A			0.9592
11554	2AK4_A	3QDG_A			0.9625
11555	2AK4_A	3QDJ_A			0.9578
11556	2AK4_A	3QFJ_A			0.952
11557	2AK4_A	4FTV_A			0.9647
11558	2AK4_A	4JFD_A			0.9406
11559	2AK4_A	4JFE_A			0.9574
11560	2AK4_A	4JFF_A			0.9695
11561	2AK4_A	4K71_B			0.8272
11562	2AK4_A	4K71_E			0.8295
11563	2AK4_A	4L3E_A			0.954
11564	2AK4_A	4MNQ_A			0.9532
11565	2AK4_A	4N8V_A			0.9823
11566	2AK4_A	4N8V_D			0.987
11567	2AK4_A	5E9D_A			0.9677
11568	2AK4_A	5E9D_F			0.9642
11602	2AK4_C	2AK4_H	p	u	1.083
11603	2AK4_C	2AK4_M	p	u	1.083
11604	2AK4_C	2AK4_S	p	u	1.083
11605	2AK4_D	2AK4_I	p	u	1.003
11606	2AK4_D	2AK4_N	p	u	0.9862
11607	2AK4_D	2AK4_T	p	u	0.9753
11608	2AK4_D	2B2X_H			0.6377
11609	2AK4_D	2B2X_I			0.6369
11610	2AK4_D	2B2X_L			0.711
11611	2AK4_D	2B2X_M			0.7123
11612	2AK4_D	2BDN_H			0.6675
11613	2AK4_D	2BDN_L			0.6923
11614	2AK4_D	2BNQ_D		u	0.9169
11615	2AK4_D	2BNR_D		u	0.9203
11616	2AK4_D	2J8U_E			0.9234
11617	2AK4_D	2J8U_L			0.9234
11618	2AK4_D	2JCC_E			0.9288
11619	2AK4_D	2JCC_L			0.9304
11620	2AK4_D	2JEL_L			0.7239
11621	2AK4_D	2NYY_C			0.7332
11622	2AK4_D	2NZ9_C			0.7261
11623	2AK4_D	2NZ9_E			0.7354
11624	2AK4_D	2P5E_D		u	0.8814
11625	2AK4_D	2UWE_E			0.9246
11626	2AK4_D	2UWE_L			0.9277
11627	2AK4_D	2VIR_A			0.6341
11628	2AK4_D	2VIR_B			0.7425
11629	2AK4_D	2VIS_A			0.6336
11630	2AK4_D	2VIS_B			0.7426
11631	2AK4_D	2VLR_D		u	0.9106
11632	2AK4_D	2VLR_I		u	0.909
11633	2AK4_D	3BN9_C			0.7248
11634	2AK4_D	3BN9_E			0.7243
11635	2AK4_D	3C60_A			0.953
11636	2AK4_D	3C60_E			0.9503
11637	2AK4_D	3D3V_D			0.9614
11638	2AK4_D	3G6D_L			0.6485
11639	2AK4_D	3H9S_D			0.9624
11640	2AK4_D	3HFM_L			0.7136
11641	2AK4_D	3L5X_H			0.66
11642	2AK4_D	3L5X_L			0.6955
11643	2AK4_D	3LZF_L			0.6569
11644	2AK4_D	3N85_L			0.7247
11645	2AK4_D	3NGB_B			0.6526
11646	2AK4_D	3NGB_H			0.657
11647	2AK4_D	3NPS_C			0.7199
11648	2AK4_D	3PWP_D		u	0.9668
11649	2AK4_D	3QDG_D		u	0.9532
11650	2AK4_D	3QDJ_D		u	0.9517
11651	2AK4_D	3QFJ_D			0.9709
11652	2AK4_D	3QIB_C		u	0.8811
11653	2AK4_D	3SE8_H			0.6914
11654	2AK4_D	3SE8_L			0.6753
11655	2AK4_D	3SE9_H			0.7036
11656	2AK4_D	3SE9_L			0.6814
11657	2AK4_D	3W2D_L			0.7168
11658	2AK4_D	4FTV_D			0.957
11659	2AK4_D	4GXU_M			0.7251
11660	2AK4_D	4GXU_N			0.6466
11661	2AK4_D	4GXU_Q			0.7176
11662	2AK4_D	4GXU_R			0.6601
11663	2AK4_D	4I77_L			0.73
11664	2AK4_D	4JFD_D		u	0.9421
11665	2AK4_D	4JFE_D		u	0.945
11666	2AK4_D	4JFF_D		u	0.9499
11667	2AK4_D	4JPK_H			0.7163
11668	2AK4_D	4JPK_L			0.6784
11669	2AK4_D	4KRO_C			0.72
11670	2AK4_D	4KRP_C			0.7222
11671	2AK4_D	4L3E_D			0.9512
11672	2AK4_D	4MNQ_D			0.8993
11673	2AK4_D	4NM8_H			0.6757
11674	2AK4_D	4NM8_I			0.6715
11675	2AK4_D	4NM8_J			0.6746
11676	2AK4_D	4NM8_L			0.7172
11677	2AK4_D	4NM8_M			0.7185
11678	2AK4_D	4NM8_N			0.7166
11679	2AK4_D	4OZG_E			0.9114
11680	2AK4_D	4OZG_G			0.9111
11681	2AK4_D	4P23_A			0.9494
11682	2AK4_D	4P5T_A			0.9412
11683	2AK4_D	4P5T_E			0.9302
11684	2AK4_D	4U6H_B			0.7287
11685	2AK4_D	4U6H_C			0.7005
11686	2AK4_D	4U6H_D			0.6938
11687	2AK4_D	4ZS6_D			0.7192
11688	2AK4_D	4ZS6_L			0.7177
11689	2AK4_E	2AK4_J	p	u	1.004
11690	2AK4_E	2AK4_P	p	u	0.9998
11691	2AK4_E	2AK4_U	p	u	0.9998
11692	2AK4_E	2B2X_H			0.8652
11693	2AK4_E	2B2X_I			0.8655
11694	2AK4_E	2BDN_H			0.7842
11695	2AK4_E	2BDN_L			0.7357
11696	2AK4_E	2BNQ_E		u	0.9547
11697	2AK4_E	2BNR_E		u	0.9567
11698	2AK4_E	2J8U_F			0.9594
11699	2AK4_E	2J8U_M			0.9606
11700	2AK4_E	2JCC_F			0.9642
11701	2AK4_E	2JCC_M			0.9672
11702	2AK4_E	2JEL_H			0.8613
11703	2AK4_E	2NYY_D			0.8778
11704	2AK4_E	2NZ9_D			0.8718
11705	2AK4_E	2NZ9_F			0.8772
11706	2AK4_E	2P5E_E			0.9528
11707	2AK4_E	2UWE_F			0.9629
11708	2AK4_E	2UWE_M			0.9643
11709	2AK4_E	2VIR_A			0.8419
11710	2AK4_E	2VIR_B			0.6847
11711	2AK4_E	2VIS_A			0.8421
11712	2AK4_E	2VIS_B			0.686
11713	2AK4_E	2VLR_E		u	0.9565
11714	2AK4_E	2VLR_J		u	0.9558
11715	2AK4_E	3BN9_D			0.825
11716	2AK4_E	3BN9_F			0.8339
11717	2AK4_E	3C60_B			0.9494
11718	2AK4_E	3C60_F			0.949
11719	2AK4_E	3D3V_E		u	0.9611
11720	2AK4_E	3G6D_H			0.7773
11721	2AK4_E	3H9S_E			0.9686
11722	2AK4_E	3HFM_H			0.8837
11723	2AK4_E	3L5X_H			0.8165
11724	2AK4_E	3L5X_L			0.7326
11725	2AK4_E	3LZF_H			0.7982
11726	2AK4_E	3N85_H			0.856
11727	2AK4_E	3NGB_C			0.6943
11728	2AK4_E	3NGB_K			0.6819
11729	2AK4_E	3NGB_L			0.7018
11730	2AK4_E	3NPS_B			0.8284
11731	2AK4_E	3PWP_E			0.9675
11732	2AK4_E	3QDG_E			0.9624
11733	2AK4_E	3QDJ_E			0.9619
11734	2AK4_E	3QFJ_E			0.9692
11735	2AK4_E	3QIB_D			0.8668
11736	2AK4_E	3SE8_H			0.7508
11737	2AK4_E	3SE8_L			0.7687
11738	2AK4_E	3SE9_H			0.7782
11739	2AK4_E	3SE9_L			0.7495
11740	2AK4_E	3W2D_H			0.8493
11741	2AK4_E	4FTV_E			0.9607
11742	2AK4_E	4GXU_M			0.7078
11743	2AK4_E	4GXU_N			0.8315
11744	2AK4_E	4GXU_Q			0.737
11745	2AK4_E	4GXU_R			0.7967
11746	2AK4_E	4I77_H			0.8371
11747	2AK4_E	4JFD_E		u	0.8957
11748	2AK4_E	4JFE_E		u	0.9118
11749	2AK4_E	4JFF_E		u	0.9051
11750	2AK4_E	4JPK_H			0.7678
11751	2AK4_E	4JPK_L			0.7677
11752	2AK4_E	4KRO_D			0.8244
11753	2AK4_E	4KRP_D			0.8312
11754	2AK4_E	4L3E_E			0.9683
11755	2AK4_E	4MNQ_E		u	0.9571
11756	2AK4_E	4NM8_H			0.8217
11757	2AK4_E	4NM8_I			0.8173
11758	2AK4_E	4NM8_J			0.8181
11759	2AK4_E	4NM8_L			0.7247
11760	2AK4_E	4NM8_M			0.7207
11761	2AK4_E	4NM8_N			0.7255
11762	2AK4_E	4OZG_F		u	0.9345
11763	2AK4_E	4OZG_H		u	0.9175
11764	2AK4_E	4P23_B			0.9671
11765	2AK4_E	4P5T_B			0.9632
11766	2AK4_E	4P5T_F			0.9267
11767	2AK4_E	4U6H_A			0.8533
11768	2AK4_E	4U6H_C			0.7769
11769	2AK4_E	4U6H_D			0.7553
11770	2AK4_E	4ZS6_C			0.8593
11771	2AK4_E	4ZS6_H			0.848
11775	2AK4_F	2BNR_A			0.9749
11778	2AK4_F	2J8U_A			0.9434
11780	2AK4_F	2JCC_A			0.9459
11784	2AK4_F	2UWE_A			0.9455
11789	2AK4_F	3H9S_A			0.9513
11794	2AK4_F	4FTV_A			0.9648
11798	2AK4_F	4K71_B			0.8275
11800	2AK4_F	4L3E_A			0.954
11842	2AK4_I	2B2X_H			0.6369
11844	2AK4_I	2B2X_L			0.7118
11846	2AK4_I	2BDN_H			0.6681
11847	2AK4_I	2BDN_L			0.6921
11856	2AK4_I	2NYY_C			0.7349
11860	2AK4_I	2P5E_D		u	0.8781
11876	2AK4_I	3HFM_L			0.7151
11878	2AK4_I	3L5X_L			0.6972
11880	2AK4_I	3N85_L			0.7236
11882	2AK4_I	3NGB_H			0.654
11885	2AK4_I	3QDG_D		u	0.9521
11886	2AK4_I	3QDJ_D		u	0.9512
11888	2AK4_I	3QIB_C		u	0.8772
11889	2AK4_I	3SE8_H			0.6925
11890	2AK4_I	3SE8_L			0.6765
11891	2AK4_I	3SE9_H			0.7016
11892	2AK4_I	3SE9_L			0.6824
11894	2AK4_I	4FTV_D			0.9554
11899	2AK4_I	4I77_L			0.7312
11907	2AK4_I	4L3E_D			0.9507
11916	2AK4_I	4OZG_G			0.9092
11927	2AK4_J	2B2X_H			0.8658
11929	2AK4_J	2BDN_H			0.7847
11930	2AK4_J	2BDN_L			0.7357
11938	2AK4_J	2NYY_D			0.878
11948	2AK4_J	2VLR_E		u	0.9559
11950	2AK4_J	3BN9_D			0.8253
11954	2AK4_J	3D3V_E		u	0.9596
11955	2AK4_J	3G6D_H			0.7772
11957	2AK4_J	3HFM_H			0.8836
11959	2AK4_J	3L5X_L			0.7327
11961	2AK4_J	3N85_H			0.8564
11964	2AK4_J	3NGB_L			0.7007
11967	2AK4_J	3QDG_E			0.9619
11968	2AK4_J	3QDJ_E			0.9615
11970	2AK4_J	3QIB_D			0.867
11971	2AK4_J	3SE8_H			0.7513
11972	2AK4_J	3SE8_L			0.7689
11973	2AK4_J	3SE9_H			0.7787
11974	2AK4_J	3SE9_L			0.749
11976	2AK4_J	4FTV_E			0.9603
11981	2AK4_J	4I77_H			0.8374
11989	2AK4_J	4L3E_E			0.9681
11998	2AK4_J	4OZG_H		u	0.917
12009	2AK4_K	2BNR_A			0.98
12012	2AK4_K	2J8U_A			0.9502
12014	2AK4_K	2JCC_A			0.9526
12018	2AK4_K	2UWE_A			0.9526
12023	2AK4_K	3H9S_A			0.9573
12028	2AK4_K	4FTV_A			0.9707
12032	2AK4_K	4K71_B			0.8208
12034	2AK4_K	4L3E_A			0.9611
12073	2AK4_N	2B2X_H			0.6185
12075	2AK4_N	2B2X_L			0.7128
12077	2AK4_N	2BDN_H			0.6562
12078	2AK4_N	2BDN_L			0.6862
12086	2AK4_N	2NYY_C			0.7367
12089	2AK4_N	2P5E_D		u	0.9103
12103	2AK4_N	3HFM_L			0.714
12104	2AK4_N	3L5X_L			0.6831
12106	2AK4_N	3N85_L			0.7424
12109	2AK4_N	3NGB_H			0.6827
12113	2AK4_N	3QDG_D		u	0.939
12114	2AK4_N	3QDJ_D		u	0.9347
12116	2AK4_N	3QIB_C		u	0.9116
12117	2AK4_N	3SE8_H			0.6739
12118	2AK4_N	3SE8_L			0.657
12119	2AK4_N	3SE9_H			0.6833
12120	2AK4_N	3SE9_L			0.673
12122	2AK4_N	4FTV_D			0.9549
12126	2AK4_N	4I77_L			0.7394
12134	2AK4_N	4L3E_D			0.945
12143	2AK4_N	4OZG_G			0.9273
12153	2AK4_P	2B2X_H			0.8612
12155	2AK4_P	2BDN_H			0.7853
12156	2AK4_P	2BDN_L			0.7307
12164	2AK4_P	2NYY_D			0.879
12174	2AK4_P	2VLR_E		u	0.9535
12176	2AK4_P	3BN9_D			0.825
12180	2AK4_P	3D3V_E		u	0.9511
12181	2AK4_P	3G6D_H			0.7782
12183	2AK4_P	3HFM_H			0.885
12185	2AK4_P	3L5X_L			0.7231
12187	2AK4_P	3N85_H			0.8601
12190	2AK4_P	3NGB_L			0.6942
12193	2AK4_P	3QDG_E			0.9581
12194	2AK4_P	3QDJ_E			0.9579
12196	2AK4_P	3QIB_D			0.8696
12197	2AK4_P	3SE8_H			0.747
12198	2AK4_P	3SE8_L			0.7599
12199	2AK4_P	3SE9_H			0.7744
12200	2AK4_P	3SE9_L			0.743
12202	2AK4_P	4FTV_E			0.9493
12207	2AK4_P	4I77_H			0.8478
12215	2AK4_P	4L3E_E			0.9674
12224	2AK4_P	4OZG_H		u	0.9132
12234	2AK4_Q	2BNR_A			0.9809
12237	2AK4_Q	2J8U_A			0.9517
12239	2AK4_Q	2JCC_A			0.9538
12243	2AK4_Q	2UWE_A			0.9537
12248	2AK4_Q	3H9S_A			0.9583
12253	2AK4_Q	4FTV_A			0.9717
12257	2AK4_Q	4K71_B			0.8221
12259	2AK4_Q	4L3E_A			0.962
12295	2AK4_T	2B2X_L			0.7065
12297	2AK4_T	2BDN_H			0.6474
12298	2AK4_T	2BDN_L			0.675
12306	2AK4_T	2NYY_C			0.7315
12309	2AK4_T	2P5E_D		u	0.9046
12323	2AK4_T	3HFM_L			0.7111
12324	2AK4_T	3L5X_L			0.6766
12326	2AK4_T	3N85_L			0.7433
12329	2AK4_T	3NGB_H			0.6953
12333	2AK4_T	3QDG_D		u	0.9348
12334	2AK4_T	3QDJ_D		u	0.9306
12336	2AK4_T	3QIB_C		u	0.9148
12337	2AK4_T	3SE8_H			0.666
12338	2AK4_T	3SE8_L			0.6496
12339	2AK4_T	3SE9_H			0.6782
12340	2AK4_T	3SE9_L			0.6638
12342	2AK4_T	4FTV_D			0.9461
12346	2AK4_T	4I77_L			0.7351
12354	2AK4_T	4L3E_D			0.9403
12363	2AK4_T	4OZG_G			0.9099
12372	2AK4_U	2B2X_H			0.8562
12374	2AK4_U	2BDN_H			0.7712
12375	2AK4_U	2BDN_L			0.7201
12383	2AK4_U	2NYY_D			0.8787
12393	2AK4_U	2VLR_E		u	0.9634
12395	2AK4_U	3BN9_D			0.8323
12399	2AK4_U	3D3V_E		u	0.9766
12400	2AK4_U	3G6D_H			0.794
12402	2AK4_U	3HFM_H			0.8856
12404	2AK4_U	3L5X_L			0.7154
12406	2AK4_U	3N85_H			0.8667
12410	2AK4_U	3NGB_L			0.7114
12413	2AK4_U	3QDG_E			0.9748
12414	2AK4_U	3QDJ_E			0.9743
12416	2AK4_U	3QIB_D			0.899
12417	2AK4_U	3SE8_H			0.7431
12418	2AK4_U	3SE8_L			0.7507
12419	2AK4_U	3SE9_H			0.7664
12420	2AK4_U	3SE9_L			0.7347
12422	2AK4_U	4FTV_E			0.9753
12427	2AK4_U	4I77_H			0.8473
12435	2AK4_U	4L3E_E			0.9782
12444	2AK4_U	4OZG_H		u	0.943
12460	2AW2_A	2I26_N			0.7834
12495	2AW2_A	4KRL_B			0.7881
12496	2AW2_A	4KRO_B			0.6984
12497	2AW2_A	4KRP_B			0.7074
12500	2AW2_A	5C6T_H			0.7524
12501	2AW2_A	5C6T_L			0.824
12503	2AW2_A	5E9D_D			0.8375
12504	2AW2_A	5E9D_E			0.7993
12508	2AW2_B	2AW2_Y	p	u	1.008
12515	2AW2_X	2I26_N			0.7997
12562	2AW2_X	4KRL_B			0.7922
12563	2AW2_X	4KRP_B			0.7214
12568	2AW2_X	5C6T_H			0.7552
12569	2AW2_X	5C6T_L			0.8236
12571	2AW2_X	5E9D_D			0.8402
12572	2AW2_X	5E9D_E			0.8044
12595	2B0U_C	2B0U_D	p	u	0.9859
12596	2B0U_C	3B4V_C			0.9171
12597	2B0U_C	3B4V_D			0.9268
12598	2B0U_C	3B4V_G			0.9181
12599	2B0U_C	3B4V_H			0.926
12600	2B0U_C	3HH2_C		u	0.9443
12601	2B0U_C	3HH2_D		u	0.9719
12602	2B0U_C	3SEK_C			0.908
12603	2B0U_D	3B4V_C			0.8985
12607	2B0U_D	3HH2_C		u	0.9216
12609	2B0U_D	3SEK_C			0.8956
12615	2B0Z_A	2PCB_A		u	0.9976
12617	2B0Z_A	2PCC_A		u	1.001
12619	2B0Z_B	2B10_B		u	0.9949
12620	2B0Z_B	2B10_D		u	1.007
12621	2B0Z_B	2B11_B		u	1.006
12622	2B0Z_B	2B11_D		u	1.005
12623	2B0Z_B	2B12_B		u	1.004
12624	2B0Z_B	2PCB_B			0.9874
12625	2B0Z_B	2PCC_B		u	1.006
12626	2B0Z_B	2PCC_D		u	0.9966
12631	2B10_A	2PCB_A		u	0.9984
12633	2B10_A	2PCC_A		u	1.002
12635	2B10_B	2B10_D	p	u	0.9959
12636	2B10_B	2B11_B		u	0.9949
12637	2B10_B	2B11_D		u	0.995
12638	2B10_B	2B12_B		u	0.9894
12639	2B10_B	2PCB_B			0.9812
12640	2B10_B	2PCC_B		u	0.9931
12641	2B10_B	2PCC_D		u	0.982
12645	2B10_C	2PCB_A		u	0.9979
12647	2B10_C	2PCC_A		u	1.002
12649	2B10_D	2B11_B		u	1.008
12651	2B10_D	2B12_B		u	1.003
12653	2B10_D	2PCC_B		u	1.006
12657	2B11_A	2PCB_A		u	0.9978
12659	2B11_A	2PCC_A		u	1.002
12661	2B11_B	2B11_D	p	u	1.007
12662	2B11_B	2B12_B		u	1.002
12663	2B11_B	2PCB_B			0.9876
12664	2B11_B	2PCC_B		u	1.005
12665	2B11_B	2PCC_D		u	0.9966
12667	2B11_C	2PCB_A		u	0.9981
12669	2B11_C	2PCC_A		u	1.002
12671	2B11_D	2B12_B		u	1.002
12673	2B11_D	2PCC_B		u	1.005
12675	2B12_A	2PCB_A		u	0.9967
12677	2B12_A	2PCC_A		u	0.9993
12679	2B12_B	2PCB_B			0.9883
12680	2B12_B	2PCC_B		u	1.0
12681	2B12_B	2PCC_D		u	0.9927
12683	2B2X_H	2B2X_I	p	u	1.004
12684	2B2X_H	2B2X_L	p		0.6719
12685	2B2X_H	2B2X_M	p		0.6701
12686	2B2X_H	2BDN_H			0.8822
12687	2B2X_H	2BDN_L			0.7311
12688	2B2X_H	2BNQ_E			0.8392
12689	2B2X_H	2BNR_E			0.8408
12690	2B2X_H	2J8U_E			0.6534
12691	2B2X_H	2J8U_F			0.8732
12692	2B2X_H	2J8U_L			0.6514
12693	2B2X_H	2J8U_M			0.8704
12694	2B2X_H	2JCC_E			0.648
12695	2B2X_H	2JCC_F			0.8652
12696	2B2X_H	2JCC_M			0.8691
12697	2B2X_H	2JEL_H			0.9617
12698	2B2X_H	2JEL_L			0.6742
12699	2B2X_H	2NYY_C			0.6498
12700	2B2X_H	2NYY_D			0.969
12701	2B2X_H	2NZ9_C			0.6627
12702	2B2X_H	2NZ9_D			0.9776
12703	2B2X_H	2NZ9_E			0.6581
12704	2B2X_H	2NZ9_F			0.9731
12705	2B2X_H	2P5E_E			0.8427
12706	2B2X_H	2UWE_E			0.6537
12707	2B2X_H	2UWE_F			0.8732
12708	2B2X_H	2UWE_L			0.646
12709	2B2X_H	2UWE_M			0.8733
12710	2B2X_H	2VIR_A			0.8199
12711	2B2X_H	2VIR_B			0.7517
12712	2B2X_H	2VIS_A			0.8199
12713	2B2X_H	2VIS_B			0.7534
12714	2B2X_H	2VLR_E			0.8808
12715	2B2X_H	2VLR_J			0.8746
12716	2B2X_H	3BN9_C			0.6375
12717	2B2X_H	3BN9_D			0.8863
12718	2B2X_H	3BN9_E			0.64
12719	2B2X_H	3BN9_F			0.9438
12720	2B2X_H	3C60_A			0.6394
12721	2B2X_H	3C60_B			0.855
12722	2B2X_H	3C60_E			0.6362
12723	2B2X_H	3C60_F			0.8555
12724	2B2X_H	3D3V_D			0.6336
12725	2B2X_H	3D3V_E			0.8465
12726	2B2X_H	3G6D_H			0.7999
12727	2B2X_H	3H9S_D			0.635
12728	2B2X_H	3H9S_E			0.8589
12729	2B2X_H	3HFM_H			0.9297
12730	2B2X_H	3HFM_L			0.6541
12731	2B2X_H	3L5X_H			0.9601
12732	2B2X_H	3L5X_L			0.729
12733	2B2X_H	3LZF_H			0.8298
12734	2B2X_H	3N85_H			0.8919
12735	2B2X_H	3NGB_C			0.6476
12736	2B2X_H	3NGB_F			0.6201
12737	2B2X_H	3NGB_K			0.6304
12738	2B2X_H	3NGB_L			0.6591
12739	2B2X_H	3NPS_B			0.9478
12740	2B2X_H	3NPS_C			0.6696
12741	2B2X_H	3PWP_D			0.6353
12742	2B2X_H	3PWP_E			0.8567
12743	2B2X_H	3QDG_D			0.6477
12744	2B2X_H	3QDG_E			0.8573
12745	2B2X_H	3QDJ_D			0.6552
12746	2B2X_H	3QDJ_E			0.8589
12747	2B2X_H	3QFJ_D			0.6383
12748	2B2X_H	3QFJ_E			0.8591
12749	2B2X_H	3QIB_D			0.7938
12750	2B2X_H	3SE8_H			0.8878
12751	2B2X_H	3SE8_L			0.7613
12752	2B2X_H	3SE9_H			0.9103
12753	2B2X_H	3SE9_L			0.7471
12754	2B2X_H	3W2D_H			0.9561
12755	2B2X_H	3W2D_L			0.6612
12756	2B2X_H	4B0M_M			0.6394
12757	2B2X_H	4FTV_D			0.63
12758	2B2X_H	4FTV_E			0.8463
12759	2B2X_H	4GXU_M			0.8034
12760	2B2X_H	4GXU_N			0.8177
12761	2B2X_H	4GXU_Q			0.8571
12762	2B2X_H	4GXU_R			0.7964
12763	2B2X_H	4I77_H			0.8853
12764	2B2X_H	4JFD_E			0.8241
12765	2B2X_H	4JFE_E			0.8366
12766	2B2X_H	4JFF_E			0.8311
12767	2B2X_H	4JPK_H			0.8856
12768	2B2X_H	4JPK_L			0.7602
12769	2B2X_H	4KRO_D			0.8493
12770	2B2X_H	4KRP_D			0.8604
12771	2B2X_H	4L3E_D			0.6454
12772	2B2X_H	4L3E_E			0.8667
12773	2B2X_H	4MNQ_E			0.8413
12774	2B2X_H	4NM8_H			0.9526
12775	2B2X_H	4NM8_I			0.9386
12776	2B2X_H	4NM8_J			0.9454
12777	2B2X_H	4NM8_L			0.7317
12778	2B2X_H	4NM8_M			0.7295
12779	2B2X_H	4NM8_N			0.7337
12780	2B2X_H	4OZG_E			0.6535
12781	2B2X_H	4OZG_F			0.856
12782	2B2X_H	4OZG_H			0.832
12783	2B2X_H	4P23_A			0.6524
12784	2B2X_H	4P23_B			0.8599
12785	2B2X_H	4P5T_A			0.6538
12786	2B2X_H	4P5T_B			0.855
12787	2B2X_H	4P5T_F			0.824
12788	2B2X_H	4U6H_A			0.9234
12789	2B2X_H	4U6H_B			0.6532
12790	2B2X_H	4U6H_C			0.8829
12791	2B2X_H	4U6H_D			0.7711
12792	2B2X_H	4ZS6_C			0.9581
12793	2B2X_H	4ZS6_D			0.6576
12794	2B2X_H	4ZS6_H			0.9265
12795	2B2X_H	4ZS6_L			0.6308
12796	2B2X_I	2B2X_L	p		0.6713
12798	2B2X_I	2BDN_H			0.8812
12799	2B2X_I	2BDN_L			0.7301
12811	2B2X_I	2NYY_C			0.6463
12812	2B2X_I	2NYY_D			0.9697
12825	2B2X_I	2VLR_E			0.8814
12828	2B2X_I	3BN9_D			0.8874
12836	2B2X_I	3D3V_E			0.8471
12837	2B2X_I	3G6D_H			0.8008
12840	2B2X_I	3HFM_H			0.93
12841	2B2X_I	3HFM_L			0.6535
12843	2B2X_I	3L5X_L			0.7284
12845	2B2X_I	3N85_H			0.8931
12849	2B2X_I	3NGB_L			0.6609
12854	2B2X_I	3QDG_D			0.6478
12855	2B2X_I	3QDG_E			0.8572
12856	2B2X_I	3QDJ_D			0.6543
12857	2B2X_I	3QDJ_E			0.8586
12860	2B2X_I	3QIB_D			0.7941
12861	2B2X_I	3SE8_H			0.8873
12862	2B2X_I	3SE8_L			0.7609
12863	2B2X_I	3SE9_H			0.91
12864	2B2X_I	3SE9_L			0.7461
12867	2B2X_I	4B0M_M			0.6394
12868	2B2X_I	4FTV_D			0.6291
12869	2B2X_I	4FTV_E			0.847
12874	2B2X_I	4I77_H			0.8859
12882	2B2X_I	4L3E_D			0.645
12883	2B2X_I	4L3E_E			0.8665
12893	2B2X_I	4OZG_H			0.832
12907	2B2X_L	2B2X_M	p		1.003
12908	2B2X_L	2BDN_H			0.7342
12909	2B2X_L	2BDN_L			0.9267
12910	2B2X_L	2BNQ_D			0.7015
12911	2B2X_L	2BNR_D			0.7032
12912	2B2X_L	2J8U_E			0.7164
12913	2B2X_L	2J8U_L			0.7123
12914	2B2X_L	2JCC_E			0.7114
12915	2B2X_L	2JCC_L			0.704
12916	2B2X_L	2JEL_H			0.6802
12917	2B2X_L	2JEL_L			0.9836
12918	2B2X_L	2NYY_C			0.9769
12919	2B2X_L	2NYY_D			0.6595
12920	2B2X_L	2NZ9_C			0.9784
12921	2B2X_L	2NZ9_D			0.6893
12922	2B2X_L	2NZ9_E			0.9772
12923	2B2X_L	2NZ9_F			0.6697
12924	2B2X_L	2P5E_D			0.6976
12925	2B2X_L	2UWE_E			0.7134
12926	2B2X_L	2UWE_L			0.7041
12927	2B2X_L	2VIR_A			0.7423
12928	2B2X_L	2VIR_B			0.8143
12929	2B2X_L	2VIS_A			0.741
12930	2B2X_L	2VIS_B			0.8158
12931	2B2X_L	2VLR_D			0.7034
12932	2B2X_L	2VLR_E			0.6763
12933	2B2X_L	2VLR_I			0.6986
12934	2B2X_L	3BN9_C			0.9662
12935	2B2X_L	3BN9_E			0.9696
12936	2B2X_L	3C60_A			0.7156
12937	2B2X_L	3C60_E			0.7175
12938	2B2X_L	3D3V_D			0.7239
12939	2B2X_L	3G6D_L			0.838
12940	2B2X_L	3H9S_D			0.7193
12941	2B2X_L	3HFM_H			0.6391
12942	2B2X_L	3HFM_L			0.9789
12943	2B2X_L	3L5X_H			0.7077
12944	2B2X_L	3L5X_L			0.9526
12945	2B2X_L	3LZF_L			0.8255
12946	2B2X_L	3N85_L			0.9113
12947	2B2X_L	3NGB_B			0.7139
12948	2B2X_L	3NGB_E			0.6935
12949	2B2X_L	3NGB_H			0.7078
12950	2B2X_L	3NGB_J			0.7167
12951	2B2X_L	3NPS_B			0.6717
12952	2B2X_L	3NPS_C			0.9709
12953	2B2X_L	3PWP_D			0.7196
12954	2B2X_L	3QDG_D			0.7393
12955	2B2X_L	3QDJ_D			0.7396
12956	2B2X_L	3QFJ_D			0.7229
12957	2B2X_L	3QIB_C			0.6964
12958	2B2X_L	3SE8_H			0.7491
12959	2B2X_L	3SE8_L			0.903
12960	2B2X_L	3SE9_H			0.7641
12961	2B2X_L	3SE9_L			0.9157
12962	2B2X_L	3W2D_H			0.6483
12963	2B2X_L	3W2D_L			0.9831
12964	2B2X_L	4FTV_D			0.7217
12965	2B2X_L	4GXU_M			0.8084
12966	2B2X_L	4GXU_N			0.7811
12967	2B2X_L	4GXU_Q			0.7973
12968	2B2X_L	4GXU_R			0.8256
12969	2B2X_L	4I77_L			0.9572
12970	2B2X_L	4JFD_D			0.7258
12971	2B2X_L	4JFE_D			0.7284
12972	2B2X_L	4JFF_D			0.7254
12973	2B2X_L	4JPK_H			0.7767
12974	2B2X_L	4JPK_L			0.8968
12975	2B2X_L	4KRO_C			0.919
12976	2B2X_L	4KRP_C			0.9254
12977	2B2X_L	4L3E_D			0.7339
12978	2B2X_L	4MNQ_D			0.7193
12979	2B2X_L	4NM8_H			0.7164
12980	2B2X_L	4NM8_I			0.7016
12981	2B2X_L	4NM8_J			0.713
12982	2B2X_L	4NM8_L			0.9446
12983	2B2X_L	4NM8_M			0.9473
12984	2B2X_L	4NM8_N			0.9435
12985	2B2X_L	4OZG_E			0.7084
12986	2B2X_L	4OZG_G			0.7101
12987	2B2X_L	4P23_A			0.7093
12988	2B2X_L	4P5T_A			0.7079
12989	2B2X_L	4P5T_E			0.7148
12990	2B2X_L	4U6H_B			0.9842
12991	2B2X_L	4U6H_C			0.7662
12992	2B2X_L	4U6H_D			0.8788
12993	2B2X_L	4ZS6_C			0.6459
12994	2B2X_L	4ZS6_D			0.9724
12995	2B2X_L	4ZS6_L			0.9594
12996	2B2X_M	2BDN_H			0.7357
12997	2B2X_M	2BDN_L			0.9242
13006	2B2X_M	2NYY_C			0.9772
13007	2B2X_M	2NYY_D			0.6591
13012	2B2X_M	2P5E_D			0.697
13028	2B2X_M	3HFM_H			0.6375
13029	2B2X_M	3HFM_L			0.9796
13031	2B2X_M	3L5X_L			0.9493
13033	2B2X_M	3N85_L			0.9124
13036	2B2X_M	3NGB_H			0.7113
13041	2B2X_M	3QDG_D			0.7408
13042	2B2X_M	3QDJ_D			0.7406
13044	2B2X_M	3QIB_C			0.6989
13045	2B2X_M	3SE8_H			0.7474
13046	2B2X_M	3SE8_L			0.8987
13047	2B2X_M	3SE9_H			0.7615
13048	2B2X_M	3SE9_L			0.9123
13051	2B2X_M	4FTV_D			0.7235
13056	2B2X_M	4I77_L			0.9583
13064	2B2X_M	4L3E_D			0.7351
13073	2B2X_M	4OZG_G			0.7121
13083	2BDN_H	2BDN_L	p		0.8056
13084	2BDN_H	2BNQ_D			0.648
13085	2BDN_H	2BNQ_E			0.7449
13086	2BDN_H	2BNR_D			0.6462
13087	2BDN_H	2BNR_E			0.7465
13088	2BDN_H	2J8U_E			0.69
13089	2BDN_H	2J8U_F			0.7783
13090	2BDN_H	2J8U_L			0.6944
13091	2BDN_H	2J8U_M			0.7764
13092	2BDN_H	2JCC_E			0.6903
13093	2BDN_H	2JCC_F			0.7767
13094	2BDN_H	2JCC_L			0.6881
13095	2BDN_H	2JCC_M			0.7842
13096	2BDN_H	2JEL_H			0.8963
13097	2BDN_H	2JEL_L			0.7375
13098	2BDN_H	2NYY_C			0.7007
13099	2BDN_H	2NYY_D			0.8401
13100	2BDN_H	2NZ9_C			0.7177
13101	2BDN_H	2NZ9_D			0.871
13102	2BDN_H	2NZ9_E			0.7059
13103	2BDN_H	2NZ9_F			0.8481
13104	2BDN_H	2P5E_E			0.7465
13105	2BDN_H	2UWE_E			0.6921
13106	2BDN_H	2UWE_F			0.779
13107	2BDN_H	2UWE_L			0.6897
13108	2BDN_H	2UWE_M			0.7815
13109	2BDN_H	2VIR_A			0.7754
13110	2BDN_H	2VIR_B			0.8453
13111	2BDN_H	2VIS_A			0.775
13112	2BDN_H	2VIS_B			0.8469
13113	2BDN_H	2VLR_D			0.6723
13114	2BDN_H	2VLR_E			0.8056
13115	2BDN_H	2VLR_I			0.6615
13116	2BDN_H	2VLR_J			0.791
13117	2BDN_H	3BN9_C			0.7019
13118	2BDN_H	3BN9_D			0.7711
13119	2BDN_H	3BN9_E			0.7039
13120	2BDN_H	3BN9_F			0.7858
13121	2BDN_H	3C60_A			0.6788
13122	2BDN_H	3C60_B			0.7609
13123	2BDN_H	3C60_E			0.6785
13124	2BDN_H	3C60_F			0.769
13125	2BDN_H	3D3V_D			0.6714
13126	2BDN_H	3D3V_E			0.7524
13127	2BDN_H	3G6D_H			0.6769
13128	2BDN_H	3H9S_D			0.6751
13129	2BDN_H	3H9S_E			0.7686
13130	2BDN_H	3HFM_H			0.8129
13131	2BDN_H	3HFM_L			0.7209
13132	2BDN_H	3L5X_H			0.9218
13133	2BDN_H	3L5X_L			0.7734
13134	2BDN_H	3LZF_H			0.6957
13135	2BDN_H	3N85_H			0.7652
13136	2BDN_H	3N85_L			0.6565
13137	2BDN_H	3NGB_B			0.6471
13138	2BDN_H	3NGB_H			0.6529
13139	2BDN_H	3NGB_J			0.6215
13140	2BDN_H	3NPS_B			0.8718
13141	2BDN_H	3NPS_C			0.7411
13142	2BDN_H	3PWP_D			0.6772
13143	2BDN_H	3PWP_E			0.7642
13144	2BDN_H	3QDG_D			0.6883
13145	2BDN_H	3QDG_E			0.7614
13146	2BDN_H	3QDJ_D			0.6922
13147	2BDN_H	3QDJ_E			0.7634
13148	2BDN_H	3QFJ_D			0.6819
13149	2BDN_H	3QFJ_E			0.7697
13150	2BDN_H	3QIB_D			0.6981
13151	2BDN_H	3SE8_H			0.9448
13152	2BDN_H	3SE8_L			0.8119
13153	2BDN_H	3SE9_H			0.9373
13154	2BDN_H	3SE9_L			0.8179
13155	2BDN_H	3W2D_H			0.8494
13156	2BDN_H	3W2D_L			0.7298
13157	2BDN_H	4FTV_D			0.6735
13158	2BDN_H	4FTV_E			0.7523
13159	2BDN_H	4GXU_M			0.8782
13160	2BDN_H	4GXU_N			0.7841
13161	2BDN_H	4GXU_Q			0.915
13162	2BDN_H	4GXU_R			0.7934
13163	2BDN_H	4I77_H			0.7748
13164	2BDN_H	4I77_L			0.6668
13165	2BDN_H	4JFD_D			0.671
13166	2BDN_H	4JFD_E			0.713
13167	2BDN_H	4JFE_D			0.6762
13168	2BDN_H	4JFE_E			0.7299
13169	2BDN_H	4JFF_D			0.6716
13170	2BDN_H	4JFF_E			0.7265
13171	2BDN_H	4JPK_H			0.9504
13172	2BDN_H	4JPK_L			0.8276
13173	2BDN_H	4KRO_C			0.6588
13174	2BDN_H	4KRO_D			0.7274
13175	2BDN_H	4KRP_C			0.6606
13176	2BDN_H	4KRP_D			0.74
13177	2BDN_H	4L3E_D			0.6836
13178	2BDN_H	4L3E_E			0.7782
13179	2BDN_H	4MNQ_D			0.6568
13180	2BDN_H	4MNQ_E			0.7524
13181	2BDN_H	4NM8_H			0.9317
13182	2BDN_H	4NM8_I			0.9342
13183	2BDN_H	4NM8_J			0.9346
13184	2BDN_H	4NM8_L			0.7756
13185	2BDN_H	4NM8_M			0.776
13186	2BDN_H	4NM8_N			0.7775
13187	2BDN_H	4OZG_E			0.7037
13188	2BDN_H	4OZG_F			0.7602
13189	2BDN_H	4OZG_G			0.6965
13190	2BDN_H	4OZG_H			0.7276
13191	2BDN_H	4P23_A			0.6889
13192	2BDN_H	4P23_B			0.771
13193	2BDN_H	4P5T_A			0.6852
13194	2BDN_H	4P5T_B			0.7628
13195	2BDN_H	4P5T_F			0.7309
13196	2BDN_H	4U6H_A			0.809
13197	2BDN_H	4U6H_B			0.7163
13198	2BDN_H	4U6H_C			0.963
13199	2BDN_H	4U6H_D			0.8075
13200	2BDN_H	4ZS6_C			0.8159
13201	2BDN_H	4ZS6_D			0.7134
13202	2BDN_H	4ZS6_H			0.7832
13203	2BDN_H	4ZS6_L			0.6888
13204	2BDN_L	2BNQ_D			0.6748
13205	2BDN_L	2BNQ_E			0.699
13206	2BDN_L	2BNR_D			0.6752
13207	2BDN_L	2BNR_E			0.6989
13208	2BDN_L	2J8U_E			0.7088
13209	2BDN_L	2J8U_F			0.7105
13210	2BDN_L	2J8U_L			0.709
13211	2BDN_L	2J8U_M			0.7107
13212	2BDN_L	2JCC_E			0.6996
13213	2BDN_L	2JCC_F			0.705
13214	2BDN_L	2JCC_L			0.6971
13215	2BDN_L	2JCC_M			0.714
13216	2BDN_L	2JEL_H			0.7388
13217	2BDN_L	2JEL_L			0.9344
13218	2BDN_L	2NYY_C			0.8803
13219	2BDN_L	2NYY_D			0.7227
13220	2BDN_L	2NZ9_C			0.9041
13221	2BDN_L	2NZ9_D			0.7474
13222	2BDN_L	2NZ9_E			0.888
13223	2BDN_L	2NZ9_F			0.7303
13224	2BDN_L	2P5E_D			0.6739
13225	2BDN_L	2P5E_E			0.6882
13226	2BDN_L	2UWE_E			0.7052
13227	2BDN_L	2UWE_F			0.7136
13228	2BDN_L	2UWE_L			0.6982
13229	2BDN_L	2UWE_M			0.7164
13230	2BDN_L	2VIR_A			0.7884
13231	2BDN_L	2VIR_B			0.8337
13232	2BDN_L	2VIS_A			0.7874
13233	2BDN_L	2VIS_B			0.8349
13234	2BDN_L	2VLR_D			0.6874
13235	2BDN_L	2VLR_E			0.7391
13236	2BDN_L	2VLR_I			0.6833
13237	2BDN_L	2VLR_J			0.7259
13238	2BDN_L	3BN9_C			0.8595
13239	2BDN_L	3BN9_D			0.646
13240	2BDN_L	3BN9_E			0.8658
13241	2BDN_L	3BN9_F			0.6761
13242	2BDN_L	3C60_A			0.6883
13243	2BDN_L	3C60_B			0.6839
13244	2BDN_L	3C60_E			0.691
13245	2BDN_L	3C60_F			0.689
13246	2BDN_L	3D3V_D			0.6994
13247	2BDN_L	3D3V_E			0.7068
13248	2BDN_L	3G6D_L			0.7438
13249	2BDN_L	3H9S_D			0.7
13250	2BDN_L	3H9S_E			0.7167
13251	2BDN_L	3HFM_H			0.695
13252	2BDN_L	3HFM_L			0.8812
13253	2BDN_L	3L5X_H			0.7673
13254	2BDN_L	3L5X_L			0.9641
13255	2BDN_L	3LZF_L			0.7269
13256	2BDN_L	3N85_H			0.6471
13257	2BDN_L	3N85_L			0.7982
13258	2BDN_L	3NGB_B			0.6732
13259	2BDN_L	3NGB_E			0.6507
13260	2BDN_L	3NGB_H			0.6715
13261	2BDN_L	3NGB_J			0.6749
13262	2BDN_L	3NGB_L			0.6352
13263	2BDN_L	3NPS_B			0.7471
13264	2BDN_L	3NPS_C			0.9078
13265	2BDN_L	3PWP_D			0.6998
13266	2BDN_L	3PWP_E			0.7176
13267	2BDN_L	3QDG_D			0.7158
13268	2BDN_L	3QDG_E			0.7078
13269	2BDN_L	3QDJ_D			0.7181
13270	2BDN_L	3QDJ_E			0.708
13271	2BDN_L	3QFJ_D			0.7043
13272	2BDN_L	3QFJ_E			0.7162
13273	2BDN_L	3QIB_C			0.6723
13274	2BDN_L	3SE8_H			0.8105
13275	2BDN_L	3SE8_L			0.9713
13276	2BDN_L	3SE9_H			0.8193
13277	2BDN_L	3SE9_L			0.9769
13278	2BDN_L	3W2D_H			0.7211
13279	2BDN_L	3W2D_L			0.906
13280	2BDN_L	4FTV_D			0.6994
13281	2BDN_L	4FTV_E			0.71
13282	2BDN_L	4GXU_M			0.8442
13283	2BDN_L	4GXU_N			0.8225
13284	2BDN_L	4GXU_Q			0.8437
13285	2BDN_L	4GXU_R			0.8674
13286	2BDN_L	4I77_H			0.6716
13287	2BDN_L	4I77_L			0.8415
13288	2BDN_L	4JFD_D			0.6907
13289	2BDN_L	4JFE_D			0.695
13290	2BDN_L	4JFF_D			0.6918
13291	2BDN_L	4JPK_H			0.8351
13292	2BDN_L	4JPK_L			0.9812
13293	2BDN_L	4KRO_C			0.807
13294	2BDN_L	4KRP_C			0.8141
13295	2BDN_L	4KRP_D			0.6217
13296	2BDN_L	4L3E_D			0.714
13297	2BDN_L	4L3E_E			0.7194
13298	2BDN_L	4MNQ_D			0.6946
13299	2BDN_L	4MNQ_E			0.692
13300	2BDN_L	4NM8_H			0.7775
13301	2BDN_L	4NM8_I			0.762
13302	2BDN_L	4NM8_J			0.7729
13303	2BDN_L	4NM8_L			0.9691
13304	2BDN_L	4NM8_M			0.9723
13305	2BDN_L	4NM8_N			0.9721
13306	2BDN_L	4OZG_E			0.7075
13307	2BDN_L	4OZG_F			0.7115
13308	2BDN_L	4OZG_G			0.7033
13309	2BDN_L	4P23_A			0.6893
13310	2BDN_L	4P23_B			0.6992
13311	2BDN_L	4P5T_A			0.6891
13312	2BDN_L	4P5T_B			0.6937
13313	2BDN_L	4P5T_E			0.6789
13314	2BDN_L	4P5T_F			0.6595
13315	2BDN_L	4U6H_A			0.6876
13316	2BDN_L	4U6H_B			0.898
13317	2BDN_L	4U6H_C			0.8216
13318	2BDN_L	4U6H_D			0.9653
13319	2BDN_L	4ZS6_C			0.7083
13320	2BDN_L	4ZS6_D			0.8836
13321	2BDN_L	4ZS6_H			0.6785
13322	2BDN_L	4ZS6_L			0.851
13323	2BNQ_A	2BNR_A		u	1.003
13326	2BNQ_A	2J8U_A		u	0.987
13328	2BNQ_A	2JCC_A		u	0.9887
13332	2BNQ_A	2UWE_A		u	0.9878
13337	2BNQ_A	3H9S_A		u	0.9877
13342	2BNQ_A	4FTV_A		u	0.9942
13346	2BNQ_A	4K71_B			0.8133
13348	2BNQ_A	4L3E_A		u	0.9931
13382	2BNQ_C	2BNR_C		u	1.103
13383	2BNQ_C	2J8U_C			0.9526
13384	2BNQ_C	2J8U_J			0.9437
13385	2BNQ_C	2JCC_C			0.9222
13386	2BNQ_C	2JCC_J			0.9059
13387	2BNQ_C	2P5E_C		u	1.077
13388	2BNQ_C	2UWE_C			0.9241
13389	2BNQ_C	2UWE_J			0.9253
13390	2BNQ_C	2VLR_C			0.8329
13391	2BNQ_C	2VLR_H			0.8346
13392	2BNQ_C	3D3V_C			1.056
13393	2BNQ_C	3H9S_C			1.019
13394	2BNQ_C	3PWP_C			1.018
13395	2BNQ_C	3QDG_C			0.8126
13396	2BNQ_C	3QDJ_C			0.6777
13397	2BNQ_C	3QFJ_C			1.031
13398	2BNQ_C	4FTV_C			1.017
13399	2BNQ_C	4JFD_C			0.8117
13400	2BNQ_C	4JFE_C			0.767
13401	2BNQ_C	4JFF_C			0.7998
13402	2BNQ_C	4L3E_C			0.8215
13403	2BNQ_C	4MNQ_C			0.7785
13404	2BNQ_C	4N8V_C			0.8303
13405	2BNQ_C	4N8V_F			0.8352
13406	2BNQ_C	5E9D_C			0.7657
13407	2BNQ_C	5E9D_H			0.7786
13414	2BNQ_D	2NYY_C			0.7193
13417	2BNQ_D	2P5E_D		u	0.9815
13431	2BNQ_D	3HFM_L			0.7026
13432	2BNQ_D	3L5X_L			0.6692
13434	2BNQ_D	3N85_L			0.7432
13437	2BNQ_D	3NGB_H			0.7102
13441	2BNQ_D	3QDG_D		u	0.9214
13442	2BNQ_D	3QDJ_D		u	0.9106
13444	2BNQ_D	3QIB_C		u	0.9557
13445	2BNQ_D	3SE8_H			0.6616
13446	2BNQ_D	3SE8_L			0.6453
13447	2BNQ_D	3SE9_H			0.6682
13448	2BNQ_D	3SE9_L			0.656
13450	2BNQ_D	4FTV_D			0.9345
13454	2BNQ_D	4I77_L			0.7239
13462	2BNQ_D	4L3E_D			0.9278
13471	2BNQ_D	4OZG_G			0.927
13486	2BNQ_E	2NYY_D			0.8723
13494	2BNQ_E	2VLR_E		u	0.9536
13496	2BNQ_E	3BN9_D			0.8376
13500	2BNQ_E	3D3V_E		u	0.9914
13501	2BNQ_E	3G6D_H			0.8169
13503	2BNQ_E	3HFM_H			0.8689
13505	2BNQ_E	3L5X_L			0.6986
13507	2BNQ_E	3N85_H			0.8665
13511	2BNQ_E	3NGB_L			0.723
13514	2BNQ_E	3QDG_E			0.9828
13515	2BNQ_E	3QDJ_E			0.9814
13517	2BNQ_E	3QIB_D			0.9191
13518	2BNQ_E	3SE8_H			0.7296
13519	2BNQ_E	3SE8_L			0.7276
13520	2BNQ_E	3SE9_H			0.7455
13521	2BNQ_E	3SE9_L			0.7102
13523	2BNQ_E	4FTV_E			0.9928
13528	2BNQ_E	4I77_H			0.838
13536	2BNQ_E	4L3E_E			0.9734
13545	2BNQ_E	4OZG_H		u	0.9667
13554	2BNR_A	2E7L_E			0.984
13555	2BNR_A	2E7L_F			0.9821
13556	2BNR_A	2J8U_A		u	0.9872
13557	2BNR_A	2J8U_H		u	0.9889
13558	2BNR_A	2JCC_A		u	0.9892
13559	2BNR_A	2JCC_H		u	0.9907
13560	2BNR_A	2OI9_A			0.9795
13561	2BNR_A	2P5E_A		u	0.9893
13562	2BNR_A	2UWE_A		u	0.988
13563	2BNR_A	2UWE_H		u	0.9883
13564	2BNR_A	2VLR_A		u	0.9793
13565	2BNR_A	2VLR_F		u	0.9711
13566	2BNR_A	3D3V_A		u	0.9909
13567	2BNR_A	3H9S_A		u	0.9881
13568	2BNR_A	3PWP_A		u	0.9938
13569	2BNR_A	3QDG_A		u	0.9932
13570	2BNR_A	3QDJ_A		u	0.9919
13571	2BNR_A	3QFJ_A		u	0.9906
13572	2BNR_A	4FTV_A		u	0.995
13573	2BNR_A	4JFD_A		u	0.9687
13574	2BNR_A	4JFE_A		u	0.9774
13575	2BNR_A	4JFF_A		u	0.9799
13576	2BNR_A	4K71_B			0.8168
13577	2BNR_A	4K71_E			0.8198
13578	2BNR_A	4L3E_A		u	0.9934
13579	2BNR_A	4MNQ_A		u	0.9898
13580	2BNR_A	4N8V_A		u	0.9892
13581	2BNR_A	4N8V_D		u	0.9908
13582	2BNR_A	5E9D_A		u	0.9934
13583	2BNR_A	5E9D_F		u	0.9911
13611	2BNR_C	2J8U_C			0.9147
13612	2BNR_C	2J8U_J			0.9083
13613	2BNR_C	2JCC_C			0.8792
13614	2BNR_C	2JCC_J			0.8559
13615	2BNR_C	2P5E_C		u	1.095
13616	2BNR_C	2UWE_C			0.8812
13617	2BNR_C	2UWE_J			0.8817
13618	2BNR_C	2VLR_C			0.8226
13619	2BNR_C	2VLR_H			0.8197
13620	2BNR_C	3D3V_C			1.044
13621	2BNR_C	3H9S_C			1.034
13622	2BNR_C	3PWP_C			1.013
13623	2BNR_C	3QDG_C			0.7833
13624	2BNR_C	3QFJ_C			1.021
13625	2BNR_C	4FTV_C			1.024
13626	2BNR_C	4JFD_C			0.7857
13627	2BNR_C	4JFF_C			0.7728
13628	2BNR_C	4L3E_C			0.8008
13629	2BNR_C	4MNQ_C			0.7723
13630	2BNR_C	4N8V_C			0.86
13631	2BNR_C	4N8V_F			0.8673
13637	2BNR_D	2NYY_C			0.721
13640	2BNR_D	2P5E_D		u	0.9822
13654	2BNR_D	3HFM_L			0.7045
13655	2BNR_D	3L5X_L			0.6704
13657	2BNR_D	3N85_L			0.7447
13660	2BNR_D	3NGB_H			0.7073
13664	2BNR_D	3QDG_D		u	0.9247
13665	2BNR_D	3QDJ_D		u	0.9146
13667	2BNR_D	3QIB_C		u	0.9564
13668	2BNR_D	3SE8_H			0.6606
13669	2BNR_D	3SE8_L			0.6469
13670	2BNR_D	3SE9_H			0.6661
13671	2BNR_D	3SE9_L			0.657
13673	2BNR_D	4FTV_D			0.937
13677	2BNR_D	4I77_L			0.726
13685	2BNR_D	4L3E_D			0.9311
13694	2BNR_D	4OZG_G			0.9284
13708	2BNR_E	2NYY_D			0.8738
13716	2BNR_E	2VLR_E		u	0.9559
13718	2BNR_E	3BN9_D			0.8388
13722	2BNR_E	3D3V_E		u	0.9916
13723	2BNR_E	3G6D_H			0.8174
13725	2BNR_E	3HFM_H			0.8708
13727	2BNR_E	3L5X_L			0.699
13729	2BNR_E	3N85_H			0.8686
13733	2BNR_E	3NGB_L			0.7212
13736	2BNR_E	3QDG_E			0.9847
13737	2BNR_E	3QDJ_E			0.9834
13739	2BNR_E	3QIB_D			0.9202
13740	2BNR_E	3SE8_H			0.7308
13741	2BNR_E	3SE8_L			0.7266
13742	2BNR_E	3SE9_H			0.7463
13743	2BNR_E	3SE9_L			0.7099
13745	2BNR_E	4FTV_E			0.9923
13750	2BNR_E	4I77_H			0.8415
13758	2BNR_E	4L3E_E			0.9759
13767	2BNR_E	4OZG_H		u	0.9674
13776	2C0L_A	3R9A_B		u	0.9811
13777	2C0L_A	3R9A_D		u	0.964
13783	2C5D_C	2C5D_D	p	u	1.005
13784	2C5D_C	4RA0_C		u	0.9907
13785	2C5D_C	4RA0_D		u	0.9596
13786	2C5D_D	4RA0_C		u	0.9908
13789	2DSQ_C	2DSQ_I	p	u	1.003
13794	2E7L_A	2I26_N			0.7922
13820	2E7L_A	4KRL_B			0.867
13821	2E7L_A	4KRO_B			0.7472
13822	2E7L_A	4KRP_B			0.7902
13823	2E7L_A	5C6T_H			0.811
13824	2E7L_A	5C6T_L			0.8586
13825	2E7L_A	5E9D_D			0.9094
13826	2E7L_A	5E9D_E			0.887
13831	2E7L_B	2I26_N			0.798
13857	2E7L_B	4KRL_B			0.8681
13858	2E7L_B	4KRO_B			0.749
13859	2E7L_B	4KRP_B			0.7928
13860	2E7L_B	5C6T_H			0.8102
13861	2E7L_B	5C6T_L			0.8567
13862	2E7L_B	5E9D_D			0.9054
13863	2E7L_B	5E9D_E			0.8897
13867	2E7L_C	2I26_N			0.7887
13893	2E7L_C	4KRL_B			0.8623
13894	2E7L_C	4KRO_B			0.7549
13895	2E7L_C	4KRP_B			0.804
13896	2E7L_C	5C6T_H			0.8094
13897	2E7L_C	5C6T_L			0.8565
13898	2E7L_C	5E9D_D			0.8689
13899	2E7L_C	5E9D_E			0.9775
13902	2E7L_D	2I26_N			0.7907
13928	2E7L_D	4KRL_B			0.8627
13929	2E7L_D	4KRO_B			0.7539
13930	2E7L_D	4KRP_B			0.8046
13931	2E7L_D	5C6T_H			0.8089
13932	2E7L_D	5C6T_L			0.8569
13933	2E7L_D	5E9D_D			0.8631
13934	2E7L_D	5E9D_E			0.9773
13938	2E7L_E	2J8U_A			0.9774
13940	2E7L_E	2JCC_A			0.9758
13944	2E7L_E	2UWE_A			0.9741
13949	2E7L_E	3H9S_A			0.9743
13954	2E7L_E	4FTV_A			0.9727
13958	2E7L_E	4L3E_A			0.9728
13964	2E7L_F	2J8U_A			0.9759
13966	2E7L_F	2JCC_A			0.9742
13970	2E7L_F	2UWE_A			0.9725
13975	2E7L_F	3H9S_A			0.9728
13980	2E7L_F	4FTV_A			0.9712
13984	2E7L_F	4L3E_A			0.9714
13990	2E7L_P	2E7L_Q	p		1.104
13991	2E7L_P	2OI9_Q			1.011
13992	2E7L_Q	2OI9_Q			1.025
14000	2FTL_E	3BN9_B			0.9769
14011	2FTL_E	3NPS_A			0.9795
14013	2FTL_E	3TGK_E			0.9797
14014	2FTL_I	3BTD_I		u	1.015
14015	2FTL_I	3BTE_I		u	1.015
14016	2FTL_I	3BTF_I		u	1.016
14017	2FTL_I	3BTG_I		u	1.015
14018	2FTL_I	3BTH_I		u	1.016
14019	2FTL_I	3BTM_I		u	1.015
14020	2FTL_I	3BTQ_I		u	1.015
14021	2FTL_I	3BTT_I		u	1.015
14022	2FTL_I	3BTW_I		u	1.015
14023	2FTL_I	3TGK_I		u	0.9969
14024	2G2U_A	2G2W_A		u	1.001
14025	2G2U_A	3N4I_A		u	1.003
14026	2G2U_A	3QHY_A			0.9462
14027	2G2U_B	2G2W_B		u	0.9668
14028	2G2U_B	3N4I_B		u	1.005
14029	2G2W_A	3N4I_A		u	1.001
14030	2G2W_A	3QHY_A			0.9439
14037	2GOX_B	2GOX_D	p	u	1.007
14038	2GOX_B	3D5R_C			1.011
14039	2GOX_B	3D5R_D			1.011
14040	2GOX_B	3D5S_C			1.014
14041	2GOX_B	3D5S_D			1.014
14046	2GOX_D	3D5R_C			1.004
14048	2GOX_D	3D5S_C			1.007
14050	2GYK_A	2GYK_E	p	u	1.006
14051	2GYK_A	2VLN_A		u	1.006
14052	2GYK_A	2VLO_A		u	1.005
14053	2GYK_A	2VLP_A		u	1.006
14054	2GYK_A	2VLQ_A		u	0.9902
14055	2GYK_A	2WPT_A			0.9843
14057	2GYK_B	2VLN_B		u	0.9949
14058	2GYK_B	2VLO_B		u	0.9933
14059	2GYK_B	2VLP_B		u	0.9926
14060	2GYK_B	2VLQ_B		u	0.9936
14061	2GYK_B	2WPT_B		u	0.9959
14066	2GYK_E	2WPT_A			0.9836
14067	2GYK_F	2VLN_B		u	0.9945
14068	2GYK_F	2VLO_B		u	0.9963
14069	2GYK_F	2VLP_B		u	0.9926
14070	2GYK_F	2VLQ_B		u	0.9934
14071	2GYK_F	2WPT_B		u	0.998
14072	2HLE_A	4L0P_A			0.924
14076	2I26_L	3HFM_Y		u	0.9929
14078	2I26_M	3HFM_Y		u	0.9934
14079	2I26_N	2I26_O	p	u	0.9979
14080	2I26_N	2I26_P	p	u	0.998
14081	2I26_N	2J12_B			0.7638
14082	2I26_N	2J1K_A			0.7677
14083	2I26_N	2J1K_B			0.7248
14084	2I26_N	2J1K_G			0.7717
14085	2I26_N	2J1K_J			0.7745
14086	2I26_N	2J1K_K			0.7725
14087	2I26_N	2J1K_O			0.7651
14088	2I26_N	2J1K_P			0.7766
14089	2I26_N	2J1K_T			0.772
14090	2I26_N	2J1K_V			0.7744
14091	2I26_N	2J1K_X			0.7758
14092	2I26_N	2J1K_Y			0.7732
14093	2I26_N	2J1K_Z			0.7668
14094	2I26_N	2OI9_B			0.7987
14095	2I26_N	2OI9_C			0.7932
14096	2I26_N	4GXU_O			0.7914
14097	2I26_N	4GXU_P			0.8013
14098	2I26_N	4GXU_S			0.792
14099	2I26_N	4GXU_T			0.7915
14100	2I26_N	4GXU_U			0.7906
14101	2I26_N	4GXU_V			0.7985
14102	2I26_N	4GXU_W			0.7933
14103	2I26_N	4GXU_X			0.8003
14104	2I26_N	4KRL_B			0.7985
14105	2I26_N	4KRO_B			0.6691
14106	2I26_N	4KRP_B			0.7197
14107	2I26_N	5C6T_H			0.7166
14108	2I26_N	5C6T_L			0.8128
14109	2I26_N	5E9D_D			0.8284
14110	2I26_N	5E9D_E			0.7982
14111	2I26_N	5E9D_I			0.8359
14112	2I26_N	5E9D_J			0.7938
14137	2I26_O	4KRL_B			0.801
14138	2I26_O	4KRO_B			0.6692
14139	2I26_O	4KRP_B			0.7221
14140	2I26_O	5C6T_H			0.7184
14141	2I26_O	5C6T_L			0.8107
14142	2I26_O	5E9D_D			0.827
14143	2I26_O	5E9D_E			0.7976
14169	2I26_P	4KRL_B			0.8059
14170	2I26_P	4KRO_B			0.6758
14171	2I26_P	4KRP_B			0.7241
14172	2I26_P	5C6T_H			0.7237
14173	2I26_P	5C6T_L			0.8174
14174	2I26_P	5E9D_D			0.8335
14175	2I26_P	5E9D_E			0.7987
14178	2I26_Q	3HFM_Y		u	0.9923
14182	2J0T_D	2J0T_E	p	u	0.9804
14183	2J0T_D	2J0T_F	p	u	0.9954
14185	2J12_A	2J1K_C			0.875
14186	2J12_A	2J1K_D			0.875
14187	2J12_A	2J1K_E			0.8752
14188	2J12_A	2J1K_F			0.8751
14189	2J12_A	2J1K_H			0.875
14190	2J12_A	2J1K_I			0.8743
14191	2J12_A	2J1K_L			0.8752
14192	2J12_A	2J1K_M			0.8755
14193	2J12_A	2J1K_N			0.8743
14194	2J12_A	2J1K_Q			0.8742
14195	2J12_A	2J1K_R			0.8765
14196	2J12_A	2J1K_S			0.8745
14219	2J12_B	4KRL_B			0.7656
14220	2J12_B	4KRO_B			0.6943
14221	2J12_B	4KRP_B			0.7193
14222	2J12_B	5C6T_H			0.7376
14223	2J12_B	5C6T_L			0.8389
14224	2J12_B	5E9D_D			0.7864
14225	2J12_B	5E9D_E			0.8003
14249	2J1K_A	4KRL_B			0.7667
14250	2J1K_A	4KRO_B			0.6875
14251	2J1K_A	4KRP_B			0.718
14252	2J1K_A	5C6T_H			0.7369
14253	2J1K_A	5C6T_L			0.8357
14254	2J1K_A	5E9D_D			0.7844
14255	2J1K_A	5E9D_E			0.8025
14278	2J1K_B	4KRL_B			0.7775
14279	2J1K_B	4KRO_B			0.6709
14280	2J1K_B	4KRP_B			0.7084
14281	2J1K_B	5C6T_H			0.7573
14282	2J1K_B	5C6T_L			0.7743
14283	2J1K_B	5E9D_D			0.7366
14284	2J1K_B	5E9D_E			0.7782
14287	2J1K_C	2J1K_D	p	u	1.005
14288	2J1K_C	2J1K_E	p	u	1.005
14289	2J1K_C	2J1K_F	p	u	1.005
14290	2J1K_C	2J1K_H	p	u	1.005
14291	2J1K_C	2J1K_I	p	u	1.005
14292	2J1K_C	2J1K_L	p	u	1.005
14293	2J1K_C	2J1K_M	p	u	1.005
14294	2J1K_C	2J1K_N	p	u	1.005
14295	2J1K_C	2J1K_Q	p	u	1.005
14296	2J1K_C	2J1K_R	p	u	1.005
14297	2J1K_C	2J1K_S	p	u	1.005
14344	2J1K_G	4KRL_B			0.7676
14345	2J1K_G	4KRO_B			0.6879
14346	2J1K_G	4KRP_B			0.717
14347	2J1K_G	5C6T_H			0.736
14348	2J1K_G	5C6T_L			0.8368
14349	2J1K_G	5E9D_D			0.7881
14350	2J1K_G	5E9D_E			0.806
14384	2J1K_J	4KRL_B			0.7734
14385	2J1K_J	4KRO_B			0.6927
14386	2J1K_J	4KRP_B			0.7212
14387	2J1K_J	5C6T_H			0.7423
14388	2J1K_J	5C6T_L			0.839
14389	2J1K_J	5E9D_D			0.7924
14390	2J1K_J	5E9D_E			0.8099
14410	2J1K_K	4KRL_B			0.7728
14411	2J1K_K	4KRO_B			0.6921
14412	2J1K_K	4KRP_B			0.721
14413	2J1K_K	5C6T_H			0.7411
14414	2J1K_K	5C6T_L			0.838
14415	2J1K_K	5E9D_D			0.7918
14416	2J1K_K	5E9D_E			0.8098
14447	2J1K_O	4KRL_B			0.7844
14448	2J1K_O	4KRO_B			0.6859
14449	2J1K_O	4KRP_B			0.7196
14450	2J1K_O	5C6T_H			0.7372
14451	2J1K_O	5C6T_L			0.8372
14452	2J1K_O	5E9D_D			0.7893
14453	2J1K_O	5E9D_E			0.7946
14471	2J1K_P	4KRL_B			0.772
14472	2J1K_P	4KRO_B			0.6917
14473	2J1K_P	4KRP_B			0.72
14474	2J1K_P	5C6T_H			0.7422
14475	2J1K_P	5C6T_L			0.8411
14476	2J1K_P	5E9D_D			0.7956
14477	2J1K_P	5E9D_E			0.8092
14497	2J1K_T	4KRL_B			0.7721
14498	2J1K_T	4KRO_B			0.6922
14499	2J1K_T	4KRP_B			0.7203
14500	2J1K_T	5C6T_H			0.743
14501	2J1K_T	5C6T_L			0.8387
14502	2J1K_T	5E9D_D			0.7886
14503	2J1K_T	5E9D_E			0.8066
14519	2J1K_V	4KRL_B			0.7728
14520	2J1K_V	4KRO_B			0.6916
14521	2J1K_V	4KRP_B			0.7206
14522	2J1K_V	5C6T_H			0.7429
14523	2J1K_V	5C6T_L			0.8414
14524	2J1K_V	5E9D_D			0.7904
14525	2J1K_V	5E9D_E			0.8075
14540	2J1K_X	4KRL_B			0.7698
14541	2J1K_X	4KRO_B			0.6905
14542	2J1K_X	4KRP_B			0.718
14543	2J1K_X	5C6T_H			0.7385
14544	2J1K_X	5C6T_L			0.8387
14545	2J1K_X	5E9D_D			0.7911
14546	2J1K_X	5E9D_E			0.8088
14560	2J1K_Y	4KRL_B			0.7712
14561	2J1K_Y	4KRO_B			0.6906
14562	2J1K_Y	4KRP_B			0.7192
14563	2J1K_Y	5C6T_H			0.7406
14564	2J1K_Y	5C6T_L			0.8398
14565	2J1K_Y	5E9D_D			0.787
14566	2J1K_Y	5E9D_E			0.8066
14579	2J1K_Z	4KRL_B			0.7674
14580	2J1K_Z	4KRO_B			0.6876
14581	2J1K_Z	4KRP_B			0.7162
14582	2J1K_Z	5C6T_H			0.7366
14583	2J1K_Z	5C6T_L			0.834
14584	2J1K_Z	5E9D_D			0.7827
14585	2J1K_Z	5E9D_E			0.8026
14588	2J8U_A	2J8U_H	p	u	0.9991
14589	2J8U_A	2JCC_A		u	1.002
14590	2J8U_A	2JCC_H		u	0.9991
14591	2J8U_A	2OI9_A			0.9716
14592	2J8U_A	2P5E_A		u	0.9733
14593	2J8U_A	2UWE_A		u	1.002
14594	2J8U_A	2UWE_H		u	0.9979
14595	2J8U_A	2VLR_A		u	0.985
14596	2J8U_A	2VLR_F		u	0.9525
14597	2J8U_A	3D3V_A		u	0.9927
14598	2J8U_A	3H9S_A		u	0.9916
14599	2J8U_A	3PWP_A		u	0.9933
14600	2J8U_A	3QDG_A		u	0.9837
14601	2J8U_A	3QDJ_A		u	0.9866
14602	2J8U_A	3QFJ_A		u	0.9957
14603	2J8U_A	4FTV_A		u	0.9904
14604	2J8U_A	4JFD_A		u	0.9643
14605	2J8U_A	4JFE_A		u	0.9605
14606	2J8U_A	4JFF_A		u	0.9576
14607	2J8U_A	4K71_B			0.7859
14608	2J8U_A	4K71_E			0.7904
14609	2J8U_A	4L3E_A		u	0.9913
14610	2J8U_A	4MNQ_A		u	0.9946
14611	2J8U_A	4N8V_A		u	0.965
14612	2J8U_A	4N8V_D		u	0.9659
14613	2J8U_A	5E9D_A		u	0.977
14614	2J8U_A	5E9D_F		u	0.9778
14649	2J8U_C	3D3V_C			0.9127
14651	2J8U_C	3PWP_C			0.9186
14653	2J8U_C	3QFJ_C			0.924
14655	2J8U_C	4MNQ_C			0.7987
14662	2J8U_E	2NYY_C			0.7299
14665	2J8U_E	2P5E_D			0.8509
14680	2J8U_E	3HFM_L			0.7138
14681	2J8U_E	3L5X_L			0.7071
14682	2J8U_E	3N85_L			0.7107
14685	2J8U_E	3QDG_D			0.9246
14686	2J8U_E	3QDJ_D			0.9267
14688	2J8U_E	3QIB_C			0.8543
14689	2J8U_E	3SE8_H			0.713
14690	2J8U_E	3SE8_L			0.6918
14691	2J8U_E	3SE9_H			0.7128
14692	2J8U_E	3SE9_L			0.6997
14694	2J8U_E	4FTV_D			0.9118
14699	2J8U_E	4I77_L			0.7176
14707	2J8U_E	4L3E_D			0.9265
14716	2J8U_E	4OZG_G			0.866
14729	2J8U_F	2NYY_D			0.899
14739	2J8U_F	2VLR_E			0.9658
14741	2J8U_F	3BN9_D			0.8517
14745	2J8U_F	3D3V_E			0.9689
14746	2J8U_F	3G6D_H			0.8137
14748	2J8U_F	3HFM_H			0.8893
14750	2J8U_F	3L5X_L			0.713
14752	2J8U_F	3N85_H			0.8785
14756	2J8U_F	3NGB_L			0.7218
14759	2J8U_F	3QDG_E			0.9723
14760	2J8U_F	3QDJ_E			0.9704
14762	2J8U_F	3QIB_D			0.9132
14763	2J8U_F	3SE8_H			0.748
14764	2J8U_F	3SE8_L			0.7476
14765	2J8U_F	3SE9_H			0.7859
14766	2J8U_F	3SE9_L			0.7261
14768	2J8U_F	4FTV_E			0.9697
14773	2J8U_F	4I77_H			0.8554
14781	2J8U_F	4L3E_E			0.9726
14790	2J8U_F	4OZG_H			0.954
14799	2J8U_H	2JCC_A		u	0.9987
14803	2J8U_H	2UWE_A		u	0.9989
14808	2J8U_H	3H9S_A		u	0.9902
14813	2J8U_H	4FTV_A		u	0.9904
14817	2J8U_H	4K71_B			0.7918
14819	2J8U_H	4L3E_A		u	0.9957
14857	2J8U_J	3D3V_C			0.8935
14859	2J8U_J	3PWP_C			0.9088
14861	2J8U_J	3QFJ_C			0.9139
14863	2J8U_J	4MNQ_C			0.8021
14869	2J8U_L	2NYY_C			0.7251
14872	2J8U_L	2P5E_D			0.8532
14887	2J8U_L	3HFM_L			0.7102
14888	2J8U_L	3L5X_L			0.7047
14889	2J8U_L	3N85_L			0.707
14892	2J8U_L	3QDG_D			0.9263
14893	2J8U_L	3QDJ_D			0.928
14895	2J8U_L	3QIB_C			0.8589
14896	2J8U_L	3SE8_H			0.7155
14897	2J8U_L	3SE8_L			0.6897
14898	2J8U_L	3SE9_H			0.7153
14899	2J8U_L	3SE9_L			0.6984
14901	2J8U_L	4FTV_D			0.9125
14906	2J8U_L	4I77_L			0.7132
14914	2J8U_L	4L3E_D			0.9289
14923	2J8U_L	4OZG_G			0.8761
14935	2J8U_M	2NYY_D			0.8986
14945	2J8U_M	2VLR_E			0.9637
14947	2J8U_M	3BN9_D			0.8514
14951	2J8U_M	3D3V_E			0.9661
14952	2J8U_M	3G6D_H			0.8146
14954	2J8U_M	3HFM_H			0.8908
14956	2J8U_M	3L5X_L			0.7121
14958	2J8U_M	3N85_H			0.881
14962	2J8U_M	3NGB_L			0.7223
14965	2J8U_M	3QDG_E			0.9715
14966	2J8U_M	3QDJ_E			0.9695
14968	2J8U_M	3QIB_D			0.9174
14969	2J8U_M	3SE8_H			0.7492
14970	2J8U_M	3SE8_L			0.7469
14971	2J8U_M	3SE9_H			0.7831
14972	2J8U_M	3SE9_L			0.7255
14974	2J8U_M	4FTV_E			0.9662
14979	2J8U_M	4I77_H			0.859
14987	2J8U_M	4L3E_E			0.9716
14996	2J8U_M	4OZG_H			0.9529
15005	2JCC_A	2JCC_H	p	u	1.001
15006	2JCC_A	2OI9_A			0.9703
15007	2JCC_A	2P5E_A		u	0.9747
15008	2JCC_A	2UWE_A		u	1.002
15009	2JCC_A	2UWE_H		u	0.9984
15010	2JCC_A	2VLR_A		u	0.9855
15011	2JCC_A	2VLR_F		u	0.9543
15012	2JCC_A	3D3V_A		u	0.9925
15013	2JCC_A	3H9S_A		u	0.9908
15014	2JCC_A	3PWP_A		u	0.9931
15015	2JCC_A	3QDG_A		u	0.9849
15016	2JCC_A	3QDJ_A		u	0.9874
15017	2JCC_A	3QFJ_A		u	0.9954
15018	2JCC_A	4FTV_A		u	0.9909
15019	2JCC_A	4JFD_A		u	0.9638
15020	2JCC_A	4JFE_A		u	0.962
15021	2JCC_A	4JFF_A		u	0.9597
15022	2JCC_A	4K71_B			0.7892
15023	2JCC_A	4K71_E			0.7939
15024	2JCC_A	4L3E_A		u	0.9919
15025	2JCC_A	4MNQ_A		u	0.9943
15026	2JCC_A	4N8V_A		u	0.9673
15027	2JCC_A	4N8V_D		u	0.9682
15028	2JCC_A	5E9D_A		u	0.9793
15029	2JCC_A	5E9D_F		u	0.98
15060	2JCC_C	3D3V_C			0.8398
15062	2JCC_C	3PWP_C			0.8656
15063	2JCC_C	3QFJ_C			0.8633
15065	2JCC_C	4MNQ_C			0.7738
15070	2JCC_E	2NYY_C			0.725
15073	2JCC_E	2P5E_D			0.848
15088	2JCC_E	3HFM_L			0.7076
15089	2JCC_E	3L5X_L			0.704
15090	2JCC_E	3N85_L			0.708
15093	2JCC_E	3QDG_D			0.9218
15094	2JCC_E	3QDJ_D			0.9292
15096	2JCC_E	3QIB_C			0.8523
15097	2JCC_E	3SE8_H			0.7086
15098	2JCC_E	3SE8_L			0.6845
15099	2JCC_E	3SE9_H			0.7148
15100	2JCC_E	3SE9_L			0.6945
15102	2JCC_E	4FTV_D			0.914
15107	2JCC_E	4I77_L			0.7136
15115	2JCC_E	4L3E_D			0.9277
15124	2JCC_E	4OZG_G			0.8679
15135	2JCC_F	2NYY_D			0.8929
15145	2JCC_F	2VLR_E			0.9621
15147	2JCC_F	3BN9_D			0.8484
15151	2JCC_F	3D3V_E			0.9724
15152	2JCC_F	3G6D_H			0.8135
15154	2JCC_F	3HFM_H			0.8868
15156	2JCC_F	3L5X_L			0.7079
15158	2JCC_F	3N85_H			0.8785
15162	2JCC_F	3NGB_L			0.7225
15165	2JCC_F	3QDG_E			0.9743
15166	2JCC_F	3QDJ_E			0.9737
15168	2JCC_F	3QIB_D			0.9159
15169	2JCC_F	3SE8_H			0.7457
15170	2JCC_F	3SE8_L			0.7412
15171	2JCC_F	3SE9_H			0.773
15172	2JCC_F	3SE9_L			0.721
15174	2JCC_F	4FTV_E			0.9732
15179	2JCC_F	4I77_H			0.8549
15187	2JCC_F	4L3E_E			0.9745
15196	2JCC_F	4OZG_H			0.9565
15207	2JCC_H	2UWE_A		u	1.0
15212	2JCC_H	3H9S_A		u	0.9915
15217	2JCC_H	4FTV_A		u	0.9926
15221	2JCC_H	4K71_B			0.7936
15223	2JCC_H	4L3E_A		u	0.9953
15257	2JCC_J	3D3V_C			0.8253
15259	2JCC_J	3PWP_C			0.8489
15260	2JCC_J	3QFJ_C			0.8588
15262	2JCC_J	4MNQ_C			0.7783
15266	2JCC_L	2NYY_C			0.716
15269	2JCC_L	2P5E_D			0.8465
15282	2JCC_L	3HFM_L			0.6996
15283	2JCC_L	3L5X_L			0.693
15284	2JCC_L	3N85_L			0.6997
15287	2JCC_L	3QDG_D			0.9241
15288	2JCC_L	3QDJ_D			0.931
15290	2JCC_L	3QIB_C			0.8518
15291	2JCC_L	3SE8_H			0.705
15292	2JCC_L	3SE8_L			0.6774
15293	2JCC_L	3SE9_H			0.7078
15294	2JCC_L	3SE9_L			0.6893
15296	2JCC_L	4FTV_D			0.9122
15301	2JCC_L	4I77_L			0.7048
15309	2JCC_L	4L3E_D			0.9295
15318	2JCC_L	4OZG_G			0.8679
15328	2JCC_M	2NYY_D			0.8946
15338	2JCC_M	2VLR_E			0.9646
15340	2JCC_M	3BN9_D			0.845
15344	2JCC_M	3D3V_E			0.97
15345	2JCC_M	3G6D_H			0.8069
15347	2JCC_M	3HFM_H			0.8878
15349	2JCC_M	3L5X_L			0.7173
15351	2JCC_M	3N85_H			0.875
15355	2JCC_M	3NGB_L			0.7201
15358	2JCC_M	3QDG_E			0.9737
15359	2JCC_M	3QDJ_E			0.9728
15361	2JCC_M	3QIB_D			0.908
15362	2JCC_M	3SE8_H			0.7525
15363	2JCC_M	3SE8_L			0.75
15364	2JCC_M	3SE9_H			0.7806
15365	2JCC_M	3SE9_L			0.7299
15367	2JCC_M	4FTV_E			0.9704
15372	2JCC_M	4I77_H			0.8533
15380	2JCC_M	4L3E_E			0.9757
15389	2JCC_M	4OZG_H			0.9504
15399	2JEL_H	2NYY_C			0.6505
15400	2JEL_H	2NYY_D			0.9512
15412	2JEL_H	2VLR_E			0.8721
15415	2JEL_H	3BN9_D			0.8674
15420	2JEL_H	3D3V_E			0.8528
15421	2JEL_H	3G6D_H			0.7731
15423	2JEL_H	3HFM_H			0.9276
15424	2JEL_H	3HFM_L			0.6665
15426	2JEL_H	3L5X_L			0.7356
15428	2JEL_H	3N85_H			0.889
15432	2JEL_H	3NGB_L			0.6738
15436	2JEL_H	3QDG_D			0.6518
15437	2JEL_H	3QDG_E			0.8569
15438	2JEL_H	3QDJ_D			0.6618
15439	2JEL_H	3QDJ_E			0.8585
15441	2JEL_H	3QIB_D			0.8049
15442	2JEL_H	3SE8_H			0.88
15443	2JEL_H	3SE8_L			0.7742
15444	2JEL_H	3SE9_H			0.8981
15445	2JEL_H	3SE9_L			0.7617
15448	2JEL_H	4B0M_M			0.6467
15449	2JEL_H	4FTV_E			0.8518
15454	2JEL_H	4I77_H			0.8877
15462	2JEL_H	4L3E_D			0.6531
15463	2JEL_H	4L3E_E			0.8645
15472	2JEL_H	4OZG_H			0.8391
15485	2JEL_L	2NYY_C			0.9677
15486	2JEL_L	2NYY_D			0.6532
15491	2JEL_L	2P5E_D			0.7033
15500	2JEL_L	2VLR_E			0.6659
15509	2JEL_L	3HFM_H			0.6352
15510	2JEL_L	3HFM_L			0.9726
15512	2JEL_L	3L5X_L			0.9458
15514	2JEL_L	3N85_L			0.9021
15517	2JEL_L	3NGB_H			0.7114
15522	2JEL_L	3QDG_D			0.7486
15523	2JEL_L	3QDJ_D			0.7498
15525	2JEL_L	3QIB_C			0.7051
15526	2JEL_L	3SE8_H			0.7524
15527	2JEL_L	3SE8_L			0.9135
15528	2JEL_L	3SE9_H			0.7555
15529	2JEL_L	3SE9_L			0.9287
15532	2JEL_L	4FTV_D			0.7315
15537	2JEL_L	4I77_L			0.9431
15545	2JEL_L	4L3E_D			0.7434
15554	2JEL_L	4OZG_G			0.7262
15565	2KSO_A	2KSO_B	p		0.86
15581	2NU0_E	3TGK_E			0.7479
15582	2NU0_I	2NU1_I		u	1.019
15583	2NU0_I	2NU2_I			1.018
15584	2NU0_I	2NU4_I			1.018
15585	2NU0_I	2SGP_I			1.016
15586	2NU0_I	2SGQ_I			1.018
15587	2NU0_I	3SGB_I			1.012
15602	2NU1_E	3TGK_E			0.7478
15603	2NU1_I	2NU2_I			1.017
15604	2NU1_I	2NU4_I			1.018
15605	2NU1_I	2SGP_I			1.016
15606	2NU1_I	2SGQ_I			1.018
15607	2NU1_I	3SGB_I			1.015
15621	2NU2_E	3TGK_E			0.7477
15622	2NU2_I	2NU4_I		u	1.019
15623	2NU2_I	2SGP_I		u	1.014
15624	2NU2_I	2SGQ_I		u	1.016
15625	2NU2_I	3SGB_I		u	1.01
15638	2NU4_E	3TGK_E			0.7471
15639	2NU4_I	2SGP_I		u	1.015
15640	2NU4_I	2SGQ_I		u	1.017
15641	2NU4_I	3SGB_I		u	1.013
15642	2NYY_A	2NZ9_A		u	0.9957
15643	2NYY_A	2NZ9_B		u	0.9949
15644	2NYY_C	2NYY_D	p		0.6336
15645	2NYY_C	2NZ9_C			0.9968
15646	2NYY_C	2NZ9_D			0.6586
15647	2NYY_C	2NZ9_E			1.001
15648	2NYY_C	2NZ9_F			0.6424
15649	2NYY_C	2P5E_D			0.7204
15650	2NYY_C	2UWE_E			0.7277
15651	2NYY_C	2UWE_L			0.7205
15652	2NYY_C	2VIR_A			0.7163
15653	2NYY_C	2VIR_B			0.7903
15654	2NYY_C	2VIS_A			0.7153
15655	2NYY_C	2VIS_B			0.7915
15656	2NYY_C	2VLR_D			0.7145
15657	2NYY_C	2VLR_I			0.7136
15658	2NYY_C	3BN9_C			0.9921
15659	2NYY_C	3BN9_E			0.9941
15660	2NYY_C	3C60_A			0.7373
15661	2NYY_C	3C60_E			0.7402
15662	2NYY_C	3D3V_D			0.7441
15663	2NYY_C	3G6D_L			0.851
15664	2NYY_C	3H9S_D			0.7362
15665	2NYY_C	3HFM_H			0.6087
15666	2NYY_C	3HFM_L			0.983
15667	2NYY_C	3L5X_H			0.6786
15668	2NYY_C	3L5X_L			0.9252
15669	2NYY_C	3LZF_L			0.8333
15670	2NYY_C	3N85_L			0.944
15671	2NYY_C	3NGB_B			0.7244
15672	2NYY_C	3NGB_E			0.7059
15673	2NYY_C	3NGB_H			0.716
15674	2NYY_C	3NGB_J			0.7275
15675	2NYY_C	3NPS_B			0.6426
15676	2NYY_C	3NPS_C			0.9579
15677	2NYY_C	3PWP_D			0.7365
15678	2NYY_C	3QDG_D			0.76
15679	2NYY_C	3QDJ_D			0.7601
15680	2NYY_C	3QFJ_D			0.7416
15681	2NYY_C	3QIB_C			0.7157
15682	2NYY_C	3SE8_H			0.7178
15683	2NYY_C	3SE8_L			0.8748
15684	2NYY_C	3SE9_H			0.7207
15685	2NYY_C	3SE9_L			0.887
15686	2NYY_C	3W2D_H			0.6196
15687	2NYY_C	3W2D_L			0.9672
15688	2NYY_C	4FTV_D			0.7414
15689	2NYY_C	4GXU_M			0.7727
15690	2NYY_C	4GXU_N			0.7365
15691	2NYY_C	4GXU_Q			0.7583
15692	2NYY_C	4GXU_R			0.7801
15693	2NYY_C	4I77_L			0.9796
15694	2NYY_C	4JFD_D			0.7458
15695	2NYY_C	4JFE_D			0.7469
15696	2NYY_C	4JFF_D			0.7474
15697	2NYY_C	4JPK_H			0.7452
15698	2NYY_C	4JPK_L			0.8675
15699	2NYY_C	4KRO_C			0.947
15700	2NYY_C	4KRP_C			0.9526
15701	2NYY_C	4L3E_D			0.7558
15702	2NYY_C	4MNQ_D			0.7367
15703	2NYY_C	4NM8_H			0.6853
15704	2NYY_C	4NM8_I			0.6753
15705	2NYY_C	4NM8_J			0.681
15706	2NYY_C	4NM8_L			0.9234
15707	2NYY_C	4NM8_M			0.9258
15708	2NYY_C	4NM8_N			0.9215
15709	2NYY_C	4OZG_E			0.7204
15710	2NYY_C	4OZG_G			0.7269
15711	2NYY_C	4P23_A			0.7223
15712	2NYY_C	4P5T_A			0.7344
15713	2NYY_C	4P5T_E			0.7444
15714	2NYY_C	4U6H_B			0.9768
15715	2NYY_C	4U6H_C			0.7366
15716	2NYY_C	4U6H_D			0.8349
15717	2NYY_C	4ZS6_D			0.994
15718	2NYY_C	4ZS6_L			0.9881
15719	2NYY_D	2NZ9_C			0.6456
15720	2NYY_D	2NZ9_D			0.9908
15721	2NYY_D	2NZ9_E			0.6405
15722	2NYY_D	2NZ9_F			1.001
15723	2NYY_D	2P5E_E			0.8779
15724	2NYY_D	2UWE_F			0.8987
15725	2NYY_D	2UWE_M			0.8992
15726	2NYY_D	2VIR_A			0.8361
15727	2NYY_D	2VIR_B			0.7096
15728	2NYY_D	2VIS_A			0.8364
15729	2NYY_D	2VIS_B			0.7121
15730	2NYY_D	2VLR_E			0.8896
15731	2NYY_D	2VLR_J			0.8869
15732	2NYY_D	3BN9_C			0.6248
15733	2NYY_D	3BN9_D			0.9238
15734	2NYY_D	3BN9_E			0.632
15735	2NYY_D	3BN9_F			0.9489
15736	2NYY_D	3C60_B			0.8857
15737	2NYY_D	3C60_F			0.8897
15738	2NYY_D	3D3V_E			0.8766
15739	2NYY_D	3G6D_H			0.8315
15740	2NYY_D	3H9S_E			0.8832
15741	2NYY_D	3HFM_H			0.9615
15742	2NYY_D	3HFM_L			0.648
15743	2NYY_D	3L5X_H			0.9205
15744	2NYY_D	3L5X_L			0.7222
15745	2NYY_D	3LZF_H			0.8582
15746	2NYY_D	3N85_H			0.9405
15747	2NYY_D	3NGB_C			0.6635
15748	2NYY_D	3NGB_F			0.6404
15749	2NYY_D	3NGB_K			0.6524
15750	2NYY_D	3NGB_L			0.6746
15751	2NYY_D	3NPS_B			0.9492
15752	2NYY_D	3NPS_C			0.6554
15753	2NYY_D	3PWP_E			0.8811
15754	2NYY_D	3QDG_E			0.8835
15755	2NYY_D	3QDJ_E			0.8853
15756	2NYY_D	3QFJ_E			0.8836
15757	2NYY_D	3QIB_D			0.8394
15758	2NYY_D	3SE8_H			0.831
15759	2NYY_D	3SE8_L			0.756
15760	2NYY_D	3SE9_H			0.8646
15761	2NYY_D	3SE9_L			0.7356
15762	2NYY_D	3W2D_H			0.9555
15763	2NYY_D	3W2D_L			0.6471
15764	2NYY_D	4B0M_M			0.6396
15765	2NYY_D	4FTV_E			0.877
15766	2NYY_D	4GXU_M			0.7435
15767	2NYY_D	4GXU_N			0.8181
15768	2NYY_D	4GXU_Q			0.7948
15769	2NYY_D	4GXU_R			0.7887
15770	2NYY_D	4I77_H			0.9291
15771	2NYY_D	4JFD_E			0.8527
15772	2NYY_D	4JFE_E			0.8607
15773	2NYY_D	4JFF_E			0.8568
15774	2NYY_D	4JPK_H			0.8301
15775	2NYY_D	4JPK_L			0.7426
15776	2NYY_D	4KRO_D			0.8963
15777	2NYY_D	4KRP_D			0.9066
15778	2NYY_D	4L3E_E			0.8926
15779	2NYY_D	4MNQ_E			0.8798
15780	2NYY_D	4NM8_H			0.9063
15781	2NYY_D	4NM8_I			0.9047
15782	2NYY_D	4NM8_J			0.9012
15783	2NYY_D	4NM8_L			0.7072
15784	2NYY_D	4NM8_M			0.7047
15785	2NYY_D	4NM8_N			0.709
15786	2NYY_D	4OZG_F			0.8736
15787	2NYY_D	4OZG_H			0.8635
15788	2NYY_D	4P23_B			0.8903
15789	2NYY_D	4P5T_B			0.8881
15790	2NYY_D	4P5T_F			0.8608
15791	2NYY_D	4U6H_A			0.9398
15792	2NYY_D	4U6H_B			0.6304
15793	2NYY_D	4U6H_C			0.8313
15794	2NYY_D	4U6H_D			0.7472
15795	2NYY_D	4ZS6_C			0.9775
15796	2NYY_D	4ZS6_D			0.6506
15797	2NYY_D	4ZS6_H			0.9597
15798	2NZ9_A	2NZ9_B	p	u	0.9997
15802	2NZ9_C	2P5E_D			0.7023
15818	2NZ9_C	3HFM_H			0.6236
15819	2NZ9_C	3HFM_L			0.9799
15821	2NZ9_C	3L5X_L			0.9463
15823	2NZ9_C	3N85_L			0.92
15826	2NZ9_C	3NGB_H			0.7028
15831	2NZ9_C	3QDG_D			0.7499
15832	2NZ9_C	3QDJ_D			0.7543
15834	2NZ9_C	3QIB_C			0.7056
15835	2NZ9_C	3SE8_H			0.7369
15836	2NZ9_C	3SE8_L			0.8996
15837	2NZ9_C	3SE9_H			0.7371
15838	2NZ9_C	3SE9_L			0.9102
15841	2NZ9_C	4FTV_D			0.7329
15846	2NZ9_C	4I77_L			0.9605
15854	2NZ9_C	4L3E_D			0.7478
15863	2NZ9_C	4OZG_G			0.7198
15882	2NZ9_D	2VLR_E			0.888
15885	2NZ9_D	3BN9_D			0.8929
15891	2NZ9_D	3D3V_E			0.8583
15892	2NZ9_D	3G6D_H			0.7876
15894	2NZ9_D	3HFM_H			0.9391
15895	2NZ9_D	3HFM_L			0.674
15897	2NZ9_D	3L5X_L			0.7433
15899	2NZ9_D	3N85_H			0.8975
15902	2NZ9_D	3NGB_L			0.6535
15906	2NZ9_D	3QDG_D			0.6563
15907	2NZ9_D	3QDG_E			0.8704
15908	2NZ9_D	3QDJ_D			0.6614
15909	2NZ9_D	3QDJ_E			0.8721
15911	2NZ9_D	3QIB_D			0.8081
15912	2NZ9_D	3SE8_H			0.8675
15913	2NZ9_D	3SE8_L			0.7749
15914	2NZ9_D	3SE9_H			0.9008
15915	2NZ9_D	3SE9_L			0.7613
15918	2NZ9_D	4B0M_M			0.6379
15919	2NZ9_D	4FTV_E			0.8602
15924	2NZ9_D	4I77_H			0.8932
15925	2NZ9_D	4I77_L			0.6212
15933	2NZ9_D	4L3E_D			0.6517
15934	2NZ9_D	4L3E_E			0.8834
15943	2NZ9_D	4OZG_H			0.8421
15958	2NZ9_E	2P5E_D			0.713
15974	2NZ9_E	3HFM_H			0.6168
15975	2NZ9_E	3HFM_L			0.9736
15977	2NZ9_E	3L5X_L			0.9366
15979	2NZ9_E	3N85_L			0.9291
15982	2NZ9_E	3NGB_H			0.7092
15987	2NZ9_E	3QDG_D			0.7604
15988	2NZ9_E	3QDJ_D			0.7605
15990	2NZ9_E	3QIB_C			0.7131
15991	2NZ9_E	3SE8_H			0.7229
15992	2NZ9_E	3SE8_L			0.8866
15993	2NZ9_E	3SE9_H			0.7266
15994	2NZ9_E	3SE9_L			0.9012
15997	2NZ9_E	4FTV_D			0.7411
16002	2NZ9_E	4I77_L			0.9697
16010	2NZ9_E	4L3E_D			0.7542
16019	2NZ9_E	4OZG_G			0.7261
16036	2NZ9_F	2VLR_E			0.8906
16039	2NZ9_F	3BN9_D			0.9145
16044	2NZ9_F	3D3V_E			0.872
16045	2NZ9_F	3G6D_H			0.8174
16047	2NZ9_F	3HFM_H			0.9498
16048	2NZ9_F	3HFM_L			0.6544
16050	2NZ9_F	3L5X_L			0.7266
16052	2NZ9_F	3N85_H			0.9267
16056	2NZ9_F	3NGB_L			0.6642
16060	2NZ9_F	3QDG_E			0.8811
16061	2NZ9_F	3QDJ_D			0.6517
16062	2NZ9_F	3QDJ_E			0.8826
16064	2NZ9_F	3QIB_D			0.8295
16065	2NZ9_F	3SE8_H			0.8412
16066	2NZ9_F	3SE8_L			0.759
16067	2NZ9_F	3SE9_H			0.8748
16068	2NZ9_F	3SE9_L			0.7425
16071	2NZ9_F	4B0M_M			0.6427
16072	2NZ9_F	4FTV_E			0.873
16077	2NZ9_F	4I77_H			0.9186
16085	2NZ9_F	4L3E_E			0.8912
16094	2NZ9_F	4OZG_H			0.8575
16107	2OI9_A	2UWE_A			0.9685
16112	2OI9_A	3H9S_A			0.9689
16117	2OI9_A	4FTV_A			0.9672
16121	2OI9_A	4L3E_A			0.9674
16136	2OI9_B	4KRL_B			0.8712
16137	2OI9_B	4KRO_B			0.749
16138	2OI9_B	4KRP_B			0.7958
16139	2OI9_B	5C6T_H			0.8139
16140	2OI9_B	5C6T_L			0.8505
16141	2OI9_B	5E9D_D			0.9022
16142	2OI9_B	5E9D_E			0.8787
16153	2OI9_C	4KRL_B			0.8677
16154	2OI9_C	4KRO_B			0.7541
16155	2OI9_C	4KRP_B			0.8028
16156	2OI9_C	5C6T_H			0.8108
16157	2OI9_C	5C6T_L			0.8584
16158	2OI9_C	5E9D_D			0.8722
16159	2OI9_C	5E9D_E			0.9741
16162	2OI9_Q	4FTV_C			0.6895
16163	2OI9_Q	4N8V_C			0.6932
16164	2OI9_Q	4N8V_F			0.6928
16165	2OOB_B	3KUD_B			0.7541
16166	2OOB_B	3M62_B			0.9614
16169	2OOB_B	4G0N_B			0.7684
16171	2P5E_A	2UWE_A		u	0.9769
16176	2P5E_A	3H9S_A		u	0.975
16181	2P5E_A	4FTV_A		u	0.9867
16185	2P5E_A	4K71_B			0.8125
16187	2P5E_A	4L3E_A		u	0.9843
16219	2P5E_C	3D3V_C			1.014
16221	2P5E_C	3PWP_C			0.9743
16223	2P5E_C	3QDJ_C			0.6861
16224	2P5E_C	3QFJ_C			0.9987
16226	2P5E_C	4JFD_C			0.8128
16227	2P5E_C	4JFE_C			0.7643
16228	2P5E_C	4JFF_C			0.7972
16230	2P5E_C	4MNQ_C			0.7682
16235	2P5E_D	2UWE_E			0.8464
16236	2P5E_D	2UWE_L			0.8448
16237	2P5E_D	2VIR_B			0.7235
16238	2P5E_D	2VIS_B			0.7231
16239	2P5E_D	2VLR_D		u	0.9389
16240	2P5E_D	2VLR_I		u	0.9334
16241	2P5E_D	3BN9_C			0.7187
16242	2P5E_D	3BN9_E			0.7141
16243	2P5E_D	3C60_A			0.8786
16244	2P5E_D	3C60_E			0.8974
16245	2P5E_D	3D3V_D			0.9131
16246	2P5E_D	3G6D_L			0.6822
16247	2P5E_D	3H9S_D			0.9042
16248	2P5E_D	3HFM_L			0.6994
16249	2P5E_D	3L5X_L			0.6626
16250	2P5E_D	3LZF_L			0.6948
16251	2P5E_D	3N85_L			0.7546
16252	2P5E_D	3NGB_B			0.71
16253	2P5E_D	3NGB_E			0.7042
16254	2P5E_D	3NGB_H			0.7192
16255	2P5E_D	3NGB_J			0.7113
16256	2P5E_D	3NPS_C			0.6928
16257	2P5E_D	3PWP_D		u	0.911
16258	2P5E_D	3QDG_D		u	0.8898
16259	2P5E_D	3QDJ_D		u	0.8774
16260	2P5E_D	3QFJ_D			0.9016
16261	2P5E_D	3QIB_C		u	0.9443
16262	2P5E_D	3SE9_L			0.6504
16263	2P5E_D	3W2D_L			0.6946
16264	2P5E_D	4FTV_D			0.9056
16265	2P5E_D	4GXU_M			0.7068
16266	2P5E_D	4I77_L			0.7274
16267	2P5E_D	4JFD_D		u	0.9137
16268	2P5E_D	4JFE_D		u	0.9158
16269	2P5E_D	4JFF_D		u	0.9151
16270	2P5E_D	4JPK_H			0.6831
16271	2P5E_D	4JPK_L			0.6489
16272	2P5E_D	4KRO_C			0.7443
16273	2P5E_D	4KRP_C			0.7418
16274	2P5E_D	4L3E_D			0.8965
16275	2P5E_D	4MNQ_D			0.9488
16276	2P5E_D	4NM8_L			0.6767
16277	2P5E_D	4NM8_M			0.6787
16278	2P5E_D	4NM8_N			0.6764
16279	2P5E_D	4OZG_E			0.8948
16280	2P5E_D	4OZG_G			0.9173
16281	2P5E_D	4P23_A			0.8472
16282	2P5E_D	4P5T_A			0.8487
16283	2P5E_D	4P5T_E			0.885
16284	2P5E_D	4U6H_B			0.7145
16285	2P5E_D	4ZS6_D			0.6939
16286	2P5E_D	4ZS6_L			0.7107
16291	2P5E_E	2VLR_E			0.9495
16293	2P5E_E	3BN9_D			0.8476
16297	2P5E_E	3D3V_E			0.9825
16298	2P5E_E	3G6D_H			0.828
16300	2P5E_E	3HFM_H			0.8752
16302	2P5E_E	3L5X_L			0.6899
16304	2P5E_E	3N85_H			0.8813
16308	2P5E_E	3NGB_L			0.7135
16311	2P5E_E	3QDG_E			0.9822
16312	2P5E_E	3QDJ_E			0.9805
16314	2P5E_E	3QIB_D			0.9289
16315	2P5E_E	3SE8_H			0.7273
16316	2P5E_E	3SE8_L			0.7164
16317	2P5E_E	3SE9_H			0.7445
16318	2P5E_E	3SE9_L			0.6982
16320	2P5E_E	4FTV_E			0.9786
16325	2P5E_E	4I77_H			0.8624
16333	2P5E_E	4L3E_E			0.9759
16342	2P5E_E	4OZG_H			0.9644
16351	2PCB_A	2PCB_C	p	u	0.9992
16352	2PCB_A	2PCC_A		u	0.9983
16353	2PCB_A	2PCC_C		u	0.9985
16354	2PCB_B	2PCC_B			0.9881
16356	2PCB_C	2PCC_A		u	0.9983
16358	2PCC_A	2PCC_C	p	u	1.001
16359	2PCC_B	2PCC_D	p	u	0.9975
16360	2REX_A	2REX_C	p	u	1.008
16361	2REX_A	3Q3J_A			0.9128
16362	2REX_B	2REX_D	p	u	1.004
16363	2REX_B	3EG5_A			0.9695
16364	2REX_B	3EG5_C			0.9695
16365	2REX_B	3KUD_A			0.8954
16366	2REX_B	3Q3J_B		u	0.9999
16367	2REX_B	4G0N_A			0.8999
16368	2REX_B	5TAR_A			0.8385
16369	2REX_B	5UFE_A			0.8669
16370	2REX_B	5UFQ_A			0.876
16371	2REX_B	5UFQ_B			0.8778
16372	2REX_B	5XCO_A			0.8706
16374	2REX_D	3EG5_A			0.9597
16376	2REX_D	3KUD_A			0.9079
16377	2REX_D	3Q3J_B		u	0.9881
16378	2REX_D	4G0N_A			0.9152
16380	2REX_D	5UFE_A			0.8822
16381	2REX_D	5UFQ_A			0.8927
16383	2REX_D	5XCO_A			0.8845
16395	2SGP_E	3TGK_E			0.7475
16396	2SGP_I	2SGQ_I		u	1.016
16397	2SGP_I	3SGB_I		u	1.012
16408	2SGQ_E	3TGK_E			0.7484
16409	2SGQ_I	3SGB_I		u	1.015
16412	2UWE_A	2UWE_H	p	u	1.0
16413	2UWE_A	2VLR_A		u	0.9856
16414	2UWE_A	2VLR_F		u	0.9548
16415	2UWE_A	3D3V_A		u	0.9925
16416	2UWE_A	3H9S_A		u	0.9913
16417	2UWE_A	3PWP_A		u	0.9933
16418	2UWE_A	3QDG_A		u	0.9851
16419	2UWE_A	3QDJ_A		u	0.9879
16420	2UWE_A	3QFJ_A		u	0.9958
16421	2UWE_A	4FTV_A		u	0.9913
16422	2UWE_A	4JFD_A		u	0.9644
16423	2UWE_A	4JFE_A		u	0.9624
16424	2UWE_A	4JFF_A		u	0.9582
16425	2UWE_A	4K71_B			0.7902
16426	2UWE_A	4K71_E			0.794
16427	2UWE_A	4L3E_A		u	0.992
16428	2UWE_A	4MNQ_A		u	0.9948
16429	2UWE_A	4N8V_A		u	0.9678
16430	2UWE_A	4N8V_D		u	0.9679
16431	2UWE_A	5E9D_A		u	0.9793
16432	2UWE_A	5E9D_F		u	0.9806
16457	2UWE_C	3D3V_C			0.859
16459	2UWE_C	3PWP_C			0.8819
16460	2UWE_C	3QFJ_C			0.8854
16462	2UWE_C	4MNQ_C			0.7887
16478	2UWE_E	3HFM_L			0.7112
16479	2UWE_E	3L5X_L			0.705
16480	2UWE_E	3N85_L			0.7078
16483	2UWE_E	3QDG_D			0.9301
16484	2UWE_E	3QDJ_D			0.9273
16486	2UWE_E	3QIB_C			0.8469
16487	2UWE_E	3SE8_H			0.7115
16488	2UWE_E	3SE8_L			0.6898
16489	2UWE_E	3SE9_H			0.7143
16490	2UWE_E	3SE9_L			0.6938
16492	2UWE_E	4FTV_D			0.9099
16497	2UWE_E	4I77_L			0.7151
16505	2UWE_E	4L3E_D			0.9267
16514	2UWE_E	4OZG_G			0.8679
16528	2UWE_F	2VLR_E			0.9652
16530	2UWE_F	3BN9_D			0.851
16534	2UWE_F	3D3V_E			0.9685
16535	2UWE_F	3G6D_H			0.8122
16537	2UWE_F	3HFM_H			0.8887
16539	2UWE_F	3L5X_L			0.7168
16541	2UWE_F	3N85_H			0.8778
16545	2UWE_F	3NGB_L			0.72
16548	2UWE_F	3QDG_E			0.9726
16549	2UWE_F	3QDJ_E			0.9709
16551	2UWE_F	3QIB_D			0.9134
16552	2UWE_F	3SE8_H			0.7502
16553	2UWE_F	3SE8_L			0.7499
16554	2UWE_F	3SE9_H			0.7809
16555	2UWE_F	3SE9_L			0.7286
16557	2UWE_F	4FTV_E			0.9692
16562	2UWE_F	4I77_H			0.8558
16570	2UWE_F	4L3E_E			0.9738
16579	2UWE_F	4OZG_H			0.9531
16591	2UWE_H	3H9S_A		u	0.9896
16596	2UWE_H	4FTV_A		u	0.9905
16600	2UWE_H	4K71_B			0.79
16602	2UWE_H	4L3E_A		u	0.9948
16630	2UWE_J	3D3V_C			0.8531
16632	2UWE_J	3PWP_C			0.8812
16633	2UWE_J	3QFJ_C			0.8795
16635	2UWE_J	4MNQ_C			0.7975
16649	2UWE_L	3HFM_L			0.7041
16650	2UWE_L	3L5X_L			0.699
16651	2UWE_L	3N85_L			0.7013
16654	2UWE_L	3QDG_D			0.9334
16655	2UWE_L	3QDJ_D			0.9312
16657	2UWE_L	3QIB_C			0.8489
16658	2UWE_L	3SE8_H			0.7074
16659	2UWE_L	3SE8_L			0.6834
16660	2UWE_L	3SE9_H			0.7082
16661	2UWE_L	3SE9_L			0.6854
16663	2UWE_L	4FTV_D			0.9097
16668	2UWE_L	4I77_L			0.708
16676	2UWE_L	4L3E_D			0.9294
16685	2UWE_L	4OZG_G			0.8678
16698	2UWE_M	2VLR_E			0.9655
16700	2UWE_M	3BN9_D			0.8496
16704	2UWE_M	3D3V_E			0.9668
16705	2UWE_M	3G6D_H			0.8102
16707	2UWE_M	3HFM_H			0.8897
16709	2UWE_M	3L5X_L			0.7202
16711	2UWE_M	3N85_H			0.8778
16715	2UWE_M	3NGB_L			0.7187
16718	2UWE_M	3QDG_E			0.9726
16719	2UWE_M	3QDJ_E			0.971
16721	2UWE_M	3QIB_D			0.91
16722	2UWE_M	3SE8_H			0.7525
16723	2UWE_M	3SE8_L			0.7518
16724	2UWE_M	3SE9_H			0.7891
16725	2UWE_M	3SE9_L			0.7312
16727	2UWE_M	4FTV_E			0.967
16732	2UWE_M	4I77_H			0.8574
16740	2UWE_M	4L3E_E			0.9747
16749	2UWE_M	4OZG_H			0.9506
16761	2VIR_A	2VLR_E			0.8519
16764	2VIR_A	3BN9_D			0.7524
16772	2VIR_A	3D3V_E			0.8503
16773	2VIR_A	3G6D_H			0.738
16776	2VIR_A	3HFM_H			0.8236
16777	2VIR_A	3HFM_L			0.726
16779	2VIR_A	3L5X_L			0.8105
16782	2VIR_A	3N85_H			0.788
16783	2VIR_A	3N85_L			0.6395
16787	2VIR_A	3NGB_L			0.7353
16792	2VIR_A	3QDG_D			0.6516
16793	2VIR_A	3QDG_E			0.8444
16794	2VIR_A	3QDJ_D			0.6564
16795	2VIR_A	3QDJ_E			0.841
16798	2VIR_A	3QIB_D			0.7849
16799	2VIR_A	3SE8_H			0.7934
16800	2VIR_A	3SE8_L			0.833
16801	2VIR_A	3SE9_H			0.8094
16802	2VIR_A	3SE9_L			0.8094
16805	2VIR_A	4B0M_M			0.6274
16806	2VIR_A	4FTV_D			0.6305
16807	2VIR_A	4FTV_E			0.8517
16812	2VIR_A	4I77_H			0.79
16813	2VIR_A	4I77_L			0.6713
16823	2VIR_A	4L3E_D			0.6404
16824	2VIR_A	4L3E_E			0.8407
16833	2VIR_A	4OZG_H			0.8352
16850	2VIR_B	2VLR_E			0.6996
16854	2VIR_B	3BN9_D			0.6625
16865	2VIR_B	3HFM_H			0.691
16866	2VIR_B	3HFM_L			0.7992
16868	2VIR_B	3L5X_L			0.7944
16870	2VIR_B	3N85_L			0.7745
16873	2VIR_B	3NGB_H			0.7726
16879	2VIR_B	3QDG_D			0.7563
16880	2VIR_B	3QDG_E			0.6679
16881	2VIR_B	3QDJ_D			0.755
16882	2VIR_B	3QDJ_E			0.6682
16885	2VIR_B	3QIB_C			0.7105
16886	2VIR_B	3SE8_H			0.8477
16887	2VIR_B	3SE8_L			0.8142
16888	2VIR_B	3SE9_H			0.8455
16889	2VIR_B	3SE9_L			0.8321
16892	2VIR_B	4FTV_D			0.7458
16893	2VIR_B	4FTV_E			0.6598
16898	2VIR_B	4I77_H			0.6544
16899	2VIR_B	4I77_L			0.7773
16907	2VIR_B	4L3E_D			0.757
16908	2VIR_B	4L3E_E			0.6811
16918	2VIR_B	4OZG_G			0.759
16932	2VIR_C	2VIS_C		u	1.004
16933	2VIR_C	3LZF_A			0.9298
16934	2VIR_C	4GXU_A			0.9282
16935	2VIR_C	4GXU_C			0.9136
16936	2VIR_C	4GXU_E			0.9267
16937	2VIR_C	4GXU_G			0.9347
16938	2VIR_C	4GXU_I			0.9297
16939	2VIR_C	4GXU_K			0.9237
16940	2VIR_C	4NM8_A			0.9962
16941	2VIR_C	4NM8_C			0.9959
16942	2VIR_C	4NM8_E			0.9952
16944	2VIS_A	2VLR_E			0.8525
16947	2VIS_A	3BN9_D			0.7532
16955	2VIS_A	3D3V_E			0.8508
16956	2VIS_A	3G6D_H			0.7394
16959	2VIS_A	3HFM_H			0.8241
16960	2VIS_A	3HFM_L			0.7245
16962	2VIS_A	3L5X_L			0.8095
16965	2VIS_A	3N85_H			0.7888
16966	2VIS_A	3N85_L			0.6383
16970	2VIS_A	3NGB_L			0.7369
16975	2VIS_A	3QDG_D			0.6506
16976	2VIS_A	3QDG_E			0.8448
16977	2VIS_A	3QDJ_D			0.6588
16978	2VIS_A	3QDJ_E			0.8414
16981	2VIS_A	3QIB_D			0.7861
16982	2VIS_A	3SE8_H			0.7927
16983	2VIS_A	3SE8_L			0.8321
16984	2VIS_A	3SE9_H			0.8089
16985	2VIS_A	3SE9_L			0.8083
16988	2VIS_A	4B0M_M			0.6279
16989	2VIS_A	4FTV_D			0.6306
16990	2VIS_A	4FTV_E			0.8519
16995	2VIS_A	4I77_H			0.7909
16996	2VIS_A	4I77_L			0.6701
17006	2VIS_A	4L3E_D			0.64
17007	2VIS_A	4L3E_E			0.841
17016	2VIS_A	4OZG_H			0.836
17030	2VIS_B	2VLR_E			0.7008
17034	2VIS_B	3BN9_D			0.6516
17042	2VIS_B	3D3V_E			0.6545
17046	2VIS_B	3HFM_H			0.6924
17047	2VIS_B	3HFM_L			0.8008
17049	2VIS_B	3L5X_L			0.7964
17051	2VIS_B	3N85_L			0.7748
17054	2VIS_B	3NGB_H			0.7721
17060	2VIS_B	3QDG_D			0.7562
17061	2VIS_B	3QDG_E			0.6692
17062	2VIS_B	3QDJ_D			0.7549
17063	2VIS_B	3QDJ_E			0.6693
17066	2VIS_B	3QIB_C			0.7101
17067	2VIS_B	3SE8_H			0.8489
17068	2VIS_B	3SE8_L			0.8165
17069	2VIS_B	3SE9_H			0.8472
17070	2VIS_B	3SE9_L			0.8342
17073	2VIS_B	4FTV_D			0.7457
17074	2VIS_B	4FTV_E			0.661
17079	2VIS_B	4I77_H			0.6542
17080	2VIS_B	4I77_L			0.7805
17088	2VIS_B	4L3E_D			0.7562
17089	2VIS_B	4L3E_E			0.6822
17099	2VIS_B	4OZG_G			0.7583
17113	2VIS_C	3LZF_A			0.9291
17114	2VIS_C	4GXU_A			0.9277
17115	2VIS_C	4GXU_C			0.913
17116	2VIS_C	4GXU_E			0.9263
17117	2VIS_C	4GXU_G			0.9341
17118	2VIS_C	4GXU_I			0.9292
17119	2VIS_C	4GXU_K			0.9231
17120	2VIS_C	4NM8_A			0.9963
17121	2VIS_C	4NM8_C			0.9961
17122	2VIS_C	4NM8_E			0.9954
17126	2VLN_A	2WPT_A			0.9881
17127	2VLN_B	2VLO_B		u	1.005
17128	2VLN_B	2VLP_B		u	1.005
17129	2VLN_B	2VLQ_B		u	1.005
17130	2VLN_B	2WPT_B		u	1.002
17133	2VLO_A	2WPT_A			0.983
17134	2VLO_B	2VLP_B		u	1.005
17135	2VLO_B	2VLQ_B		u	1.005
17136	2VLO_B	2WPT_B		u	1.002
17138	2VLP_A	2WPT_A			0.9826
17139	2VLP_B	2VLQ_B		u	1.007
17140	2VLP_B	2WPT_B		u	1.003
17141	2VLQ_A	2WPT_A			0.9804
17142	2VLQ_B	2WPT_B		u	1.003
17145	2VLR_A	3H9S_A		u	0.981
17150	2VLR_A	4FTV_A		u	0.9838
17154	2VLR_A	4K71_B			0.7772
17156	2VLR_A	4L3E_A		u	0.9883
17182	2VLR_C	3D3V_C			0.8524
17184	2VLR_C	3PWP_C			0.8578
17185	2VLR_C	3QFJ_C			0.8629
17187	2VLR_C	4MNQ_C			0.7079
17198	2VLR_D	3HFM_L			0.7025
17199	2VLR_D	3L5X_L			0.6756
17201	2VLR_D	3N85_L			0.7359
17204	2VLR_D	3NGB_H			0.6843
17208	2VLR_D	3QDG_D		u	0.9216
17209	2VLR_D	3QDJ_D		u	0.914
17211	2VLR_D	3QIB_C		u	0.9348
17212	2VLR_D	3SE8_H			0.6889
17213	2VLR_D	3SE8_L			0.6531
17214	2VLR_D	3SE9_H			0.681
17215	2VLR_D	3SE9_L			0.6653
17217	2VLR_D	4FTV_D			0.9225
17220	2VLR_D	4I77_L			0.7179
17228	2VLR_D	4L3E_D			0.9307
17237	2VLR_D	4OZG_G			0.9313
17246	2VLR_E	2VLR_J	p	u	0.9988
17247	2VLR_E	3BN9_D			0.8336
17248	2VLR_E	3BN9_F			0.8417
17249	2VLR_E	3C60_B			0.9533
17250	2VLR_E	3C60_F			0.9547
17251	2VLR_E	3D3V_E		u	0.9585
17252	2VLR_E	3G6D_H			0.7799
17253	2VLR_E	3H9S_E			0.9641
17254	2VLR_E	3HFM_H			0.8837
17255	2VLR_E	3L5X_H			0.8345
17256	2VLR_E	3L5X_L			0.7341
17257	2VLR_E	3LZF_H			0.8014
17258	2VLR_E	3N85_H			0.8569
17259	2VLR_E	3NGB_C			0.6999
17260	2VLR_E	3NGB_F			0.6759
17261	2VLR_E	3NGB_K			0.6921
17262	2VLR_E	3NGB_L			0.7108
17263	2VLR_E	3NPS_B			0.8446
17264	2VLR_E	3NPS_C			0.6731
17265	2VLR_E	3PWP_E			0.9647
17266	2VLR_E	3QDG_E			0.969
17267	2VLR_E	3QDJ_E			0.9669
17268	2VLR_E	3QFJ_E			0.965
17269	2VLR_E	3QIB_D			0.8769
17270	2VLR_E	3SE8_H			0.7688
17271	2VLR_E	3SE8_L			0.7713
17272	2VLR_E	3SE9_H			0.8002
17273	2VLR_E	3SE9_L			0.752
17274	2VLR_E	3W2D_H			0.8642
17275	2VLR_E	4FTV_E			0.9594
17276	2VLR_E	4GXU_M			0.7214
17277	2VLR_E	4GXU_N			0.8319
17278	2VLR_E	4GXU_Q			0.7439
17279	2VLR_E	4GXU_R			0.7988
17280	2VLR_E	4I77_H			0.8442
17281	2VLR_E	4JFD_E		u	0.9029
17282	2VLR_E	4JFE_E		u	0.9197
17283	2VLR_E	4JFF_E		u	0.9133
17284	2VLR_E	4JPK_H			0.7884
17285	2VLR_E	4JPK_L			0.7688
17286	2VLR_E	4KRO_D			0.8313
17287	2VLR_E	4KRP_D			0.8388
17288	2VLR_E	4L3E_E			0.9765
17289	2VLR_E	4MNQ_E		u	0.9599
17290	2VLR_E	4NM8_H			0.8405
17291	2VLR_E	4NM8_I			0.8371
17292	2VLR_E	4NM8_J			0.836
17293	2VLR_E	4NM8_L			0.7247
17294	2VLR_E	4NM8_M			0.7221
17295	2VLR_E	4NM8_N			0.7268
17296	2VLR_E	4OZG_F		u	0.9552
17297	2VLR_E	4OZG_H		u	0.9339
17298	2VLR_E	4P23_B			0.9657
17299	2VLR_E	4P5T_B			0.959
17300	2VLR_E	4P5T_F			0.923
17301	2VLR_E	4U6H_A			0.8703
17302	2VLR_E	4U6H_C			0.7974
17303	2VLR_E	4U6H_D			0.7656
17304	2VLR_E	4ZS6_C			0.8654
17305	2VLR_E	4ZS6_H			0.8578
17307	2VLR_F	3H9S_A		u	0.9581
17312	2VLR_F	4FTV_A		u	0.9676
17316	2VLR_F	4K71_B			0.7849
17318	2VLR_F	4L3E_A		u	0.9667
17342	2VLR_H	3D3V_C			0.854
17344	2VLR_H	3PWP_C			0.8595
17345	2VLR_H	3QFJ_C			0.8598
17347	2VLR_H	4MNQ_C			0.7021
17357	2VLR_I	3HFM_L			0.704
17358	2VLR_I	3L5X_L			0.6686
17360	2VLR_I	3N85_L			0.7392
17363	2VLR_I	3NGB_H			0.7007
17367	2VLR_I	3QDG_D		u	0.9173
17368	2VLR_I	3QDJ_D		u	0.9114
17370	2VLR_I	3QIB_C		u	0.9378
17371	2VLR_I	3SE8_H			0.6834
17372	2VLR_I	3SE8_L			0.6488
17373	2VLR_I	3SE9_H			0.6784
17374	2VLR_I	3SE9_L			0.6566
17376	2VLR_I	4FTV_D			0.9212
17379	2VLR_I	4I77_L			0.7167
17387	2VLR_I	4L3E_D			0.9288
17396	2VLR_I	4OZG_G			0.9163
17405	2VLR_J	3BN9_D			0.8369
17409	2VLR_J	3D3V_E		u	0.9665
17410	2VLR_J	3G6D_H			0.7915
17412	2VLR_J	3HFM_H			0.8824
17414	2VLR_J	3L5X_L			0.7274
17416	2VLR_J	3N85_H			0.8603
17420	2VLR_J	3NGB_L			0.7217
17423	2VLR_J	3QDG_E			0.9745
17424	2VLR_J	3QDJ_E			0.9724
17426	2VLR_J	3QIB_D			0.8864
17427	2VLR_J	3SE8_H			0.7561
17428	2VLR_J	3SE8_L			0.7637
17429	2VLR_J	3SE9_H			0.7888
17430	2VLR_J	3SE9_L			0.7411
17432	2VLR_J	4FTV_E			0.9669
17437	2VLR_J	4I77_H			0.8441
17445	2VLR_J	4L3E_E			0.9759
17454	2VLR_J	4OZG_H		u	0.9445
17463	3AAA_A	3AAA_B	p		0.7274
17464	3AAA_C	4HRN_A			0.9209
17465	3AAA_C	4HRN_B			0.9065
17481	3B4V_C	3B4V_D	p	u	0.9995
17482	3B4V_C	3B4V_G	p	u	1.004
17483	3B4V_C	3B4V_H	p	u	0.9989
17484	3B4V_C	3HH2_C			0.8619
17485	3B4V_C	3HH2_D			0.8861
17486	3B4V_C	3SEK_C		u	0.9542
17489	3B4V_D	3HH2_C			0.8812
17491	3B4V_D	3SEK_C		u	0.9565
17504	3B4V_G	3HH2_C			0.8638
17506	3B4V_G	3SEK_C		u	0.953
17507	3B4V_H	3HH2_C			0.8724
17509	3B4V_H	3SEK_C		u	0.9587
17517	3BK3_C	3BK3_D	p	u	0.9876
17518	3BN9_A	3BN9_B	p	u	1.004
17529	3BN9_A	3NPS_A		u	0.9969
17530	3BN9_A	3TGK_E			0.9685
17531	3BN9_B	3BTD_E			0.9778
17532	3BN9_B	3BTE_E			0.9776
17533	3BN9_B	3BTF_E			0.9768
17534	3BN9_B	3BTG_E			0.9777
17535	3BN9_B	3BTH_E			0.9777
17536	3BN9_B	3BTM_E			0.9773
17537	3BN9_B	3BTQ_E			0.9774
17538	3BN9_B	3BTT_E			0.9776
17539	3BN9_B	3BTW_E			0.977
17540	3BN9_B	3F1S_B			0.8862
17541	3BN9_B	3NPS_A		u	0.9972
17542	3BN9_B	3TGK_E			0.9682
17549	3BN9_C	3HFM_L			0.9839
17551	3BN9_C	3L5X_L			0.9015
17553	3BN9_C	3N85_L			0.9606
17556	3BN9_C	3NGB_H			0.7275
17560	3BN9_C	3QDG_D			0.7566
17561	3BN9_C	3QDJ_D			0.7551
17563	3BN9_C	3QIB_C			0.7164
17564	3BN9_C	3SE8_H			0.7096
17565	3BN9_C	3SE8_L			0.8513
17566	3BN9_C	3SE9_H			0.7185
17567	3BN9_C	3SE9_L			0.866
17569	3BN9_C	4FTV_D			0.7382
17574	3BN9_C	4I77_L			0.9903
17582	3BN9_C	4L3E_D			0.7524
17591	3BN9_C	4OZG_G			0.7172
17600	3BN9_D	3BN9_F	p	u	0.9993
17601	3BN9_D	3C60_B			0.8483
17602	3BN9_D	3C60_F			0.8516
17603	3BN9_D	3D3V_E			0.8426
17604	3BN9_D	3G6D_H			0.8826
17605	3BN9_D	3H9S_E			0.8412
17606	3BN9_D	3HFM_H			0.8953
17607	3BN9_D	3L5X_H			0.8471
17608	3BN9_D	3L5X_L			0.6378
17609	3BN9_D	3LZF_H			0.9024
17610	3BN9_D	3N85_H			0.9253
17611	3BN9_D	3NGB_C			0.6615
17612	3BN9_D	3NGB_F			0.6426
17613	3BN9_D	3NGB_K			0.6515
17614	3BN9_D	3NGB_L			0.6652
17615	3BN9_D	3NPS_B			0.8878
17616	3BN9_D	3PWP_E			0.8399
17617	3BN9_D	3QDG_E			0.8362
17618	3BN9_D	3QDJ_E			0.8364
17619	3BN9_D	3QFJ_E			0.8406
17620	3BN9_D	3QIB_D			0.8272
17621	3BN9_D	3SE8_H			0.7858
17622	3BN9_D	3SE8_L			0.674
17623	3BN9_D	3SE9_H			0.7993
17624	3BN9_D	3SE9_L			0.6574
17625	3BN9_D	3W2D_H			0.8998
17626	3BN9_D	4B0M_M			0.6361
17627	3BN9_D	4FTV_E			0.8402
17628	3BN9_D	4GXU_M			0.7066
17629	3BN9_D	4GXU_N			0.7361
17630	3BN9_D	4GXU_Q			0.7513
17631	3BN9_D	4GXU_R			0.7014
17632	3BN9_D	4I77_H			0.8993
17633	3BN9_D	4JFD_E			0.8311
17634	3BN9_D	4JFE_E			0.8348
17635	3BN9_D	4JFF_E			0.8329
17636	3BN9_D	4JPK_H			0.7677
17637	3BN9_D	4JPK_L			0.6644
17638	3BN9_D	4KRO_D			0.9065
17639	3BN9_D	4KRP_D			0.9131
17640	3BN9_D	4L3E_E			0.8341
17641	3BN9_D	4MNQ_E			0.8425
17642	3BN9_D	4NM8_H			0.8407
17643	3BN9_D	4NM8_I			0.8366
17644	3BN9_D	4NM8_J			0.8349
17645	3BN9_D	4NM8_L			0.635
17646	3BN9_D	4NM8_M			0.6346
17647	3BN9_D	4NM8_N			0.6386
17648	3BN9_D	4OZG_F			0.8355
17649	3BN9_D	4OZG_H			0.8364
17650	3BN9_D	4P23_B			0.8391
17651	3BN9_D	4P5T_B			0.839
17652	3BN9_D	4P5T_F			0.8396
17653	3BN9_D	4U6H_A			0.9099
17654	3BN9_D	4U6H_C			0.756
17655	3BN9_D	4U6H_D			0.68
17656	3BN9_D	4ZS6_C			0.9414
17657	3BN9_D	4ZS6_H			0.945
17663	3BN9_E	3HFM_L			0.9852
17665	3BN9_E	3L5X_L			0.9104
17667	3BN9_E	3N85_L			0.9539
17670	3BN9_E	3NGB_H			0.7239
17675	3BN9_E	3QDG_D			0.7555
17676	3BN9_E	3QDJ_D			0.7542
17678	3BN9_E	3QIB_C			0.7109
17679	3BN9_E	3SE8_H			0.7118
17680	3BN9_E	3SE8_L			0.8559
17681	3BN9_E	3SE9_H			0.7214
17682	3BN9_E	3SE9_L			0.8694
17684	3BN9_E	4FTV_D			0.7369
17689	3BN9_E	4I77_L			0.9875
17697	3BN9_E	4L3E_D			0.7504
17706	3BN9_E	4OZG_G			0.7158
17717	3BN9_F	3D3V_E			0.8505
17718	3BN9_F	3G6D_H			0.8712
17720	3BN9_F	3HFM_H			0.9376
17722	3BN9_F	3L5X_L			0.6803
17724	3BN9_F	3N85_H			0.9629
17728	3BN9_F	3NGB_L			0.6975
17731	3BN9_F	3QDG_E			0.8449
17732	3BN9_F	3QDJ_E			0.8453
17734	3BN9_F	3QIB_D			0.8271
17735	3BN9_F	3SE8_H			0.7795
17736	3BN9_F	3SE8_L			0.7113
17737	3BN9_F	3SE9_H			0.7997
17738	3BN9_F	3SE9_L			0.6953
17740	3BN9_F	4FTV_E			0.8486
17745	3BN9_F	4I77_H			0.9156
17753	3BN9_F	4L3E_E			0.8437
17762	3BN9_F	4OZG_H			0.8434
17771	3BP8_A	3BP8_B	p	u	0.8803
17772	3BP8_C	3BP8_D	p	u	0.9935
17782	3BTD_E	3NPS_A			0.98
17784	3BTD_E	3TGK_E			0.9802
17785	3BTD_I	3BTE_I		u	1.017
17786	3BTD_I	3BTF_I		u	1.018
17787	3BTD_I	3BTG_I		u	1.018
17788	3BTD_I	3BTH_I		u	1.018
17789	3BTD_I	3BTM_I		u	1.018
17790	3BTD_I	3BTQ_I		u	1.017
17791	3BTD_I	3BTT_I		u	1.018
17792	3BTD_I	3BTW_I		u	1.017
17793	3BTD_I	3TGK_I		u	1.013
17802	3BTE_E	3NPS_A			0.9802
17804	3BTE_E	3TGK_E			0.9753
17805	3BTE_I	3BTF_I		u	1.017
17806	3BTE_I	3BTG_I		u	1.017
17807	3BTE_I	3BTH_I		u	1.018
17808	3BTE_I	3BTM_I		u	1.017
17809	3BTE_I	3BTQ_I		u	1.017
17810	3BTE_I	3BTT_I		u	1.017
17811	3BTE_I	3BTW_I		u	1.017
17812	3BTE_I	3TGK_I		u	1.013
17820	3BTF_E	3NPS_A			0.9794
17822	3BTF_E	3TGK_E			0.9846
17823	3BTF_I	3BTG_I		u	1.018
17824	3BTF_I	3BTH_I		u	1.018
17825	3BTF_I	3BTM_I		u	1.018
17826	3BTF_I	3BTQ_I		u	1.017
17827	3BTF_I	3BTT_I		u	1.018
17828	3BTF_I	3BTW_I		u	1.018
17829	3BTF_I	3TGK_I		u	1.014
17836	3BTG_E	3NPS_A			0.9799
17838	3BTG_E	3TGK_E			0.98
17839	3BTG_I	3BTH_I		u	1.018
17840	3BTG_I	3BTM_I		u	1.017
17841	3BTG_I	3BTQ_I		u	1.018
17842	3BTG_I	3BTT_I		u	1.018
17843	3BTG_I	3BTW_I		u	1.017
17844	3BTG_I	3TGK_I		u	1.012
17850	3BTH_E	3NPS_A			0.9802
17852	3BTH_E	3TGK_E			0.9754
17853	3BTH_I	3BTM_I		u	1.018
17854	3BTH_I	3BTQ_I		u	1.017
17855	3BTH_I	3BTT_I		u	1.018
17856	3BTH_I	3BTW_I		u	1.017
17857	3BTH_I	3TGK_I		u	1.014
17862	3BTM_E	3NPS_A			0.9799
17864	3BTM_E	3TGK_E			0.9799
17865	3BTM_I	3BTQ_I		u	1.017
17866	3BTM_I	3BTT_I		u	1.018
17867	3BTM_I	3BTW_I		u	1.017
17868	3BTM_I	3TGK_I		u	1.013
17872	3BTQ_E	3NPS_A			0.9798
17874	3BTQ_E	3TGK_E			0.9798
17875	3BTQ_I	3BTT_I		u	1.018
17876	3BTQ_I	3BTW_I		u	1.017
17877	3BTQ_I	3TGK_I		u	1.013
17880	3BTT_E	3NPS_A			0.9799
17882	3BTT_E	3TGK_E			0.9802
17883	3BTT_I	3BTW_I		u	1.017
17884	3BTT_I	3TGK_I		u	1.013
17886	3BTW_E	3NPS_A			0.9794
17888	3BTW_E	3TGK_E			0.9749
17889	3BTW_I	3TGK_I		u	1.014
17891	3BX1_C	3BX1_D	p	u	0.9769
17896	3C60_A	3HFM_L			0.7207
17898	3C60_A	3L5X_L			0.6958
17900	3C60_A	3N85_L			0.7336
17903	3C60_A	3QDG_D			0.9476
17904	3C60_A	3QDJ_D			0.9478
17906	3C60_A	3QIB_C			0.8795
17907	3C60_A	3SE8_H			0.6889
17908	3C60_A	3SE8_L			0.6722
17909	3C60_A	3SE9_H			0.6988
17910	3C60_A	3SE9_L			0.6828
17912	3C60_A	4FTV_D			0.9317
17917	3C60_A	4I77_L			0.7313
17925	3C60_A	4L3E_D			0.9456
17934	3C60_A	4OZG_G			0.8837
17944	3C60_B	3D3V_E			0.9772
17945	3C60_B	3G6D_H			0.8249
17947	3C60_B	3HFM_H			0.8861
17949	3C60_B	3L5X_L			0.6928
17951	3C60_B	3N85_H			0.8811
17955	3C60_B	3NGB_L			0.715
17958	3C60_B	3QDG_E			0.9823
17959	3C60_B	3QDJ_E			0.9826
17961	3C60_B	3QIB_D			0.9333
17962	3C60_B	3SE8_H			0.7328
17963	3C60_B	3SE8_L			0.7261
17964	3C60_B	3SE9_H			0.7569
17965	3C60_B	3SE9_L			0.7056
17967	3C60_B	4FTV_E			0.9769
17972	3C60_B	4I77_H			0.8539
17980	3C60_B	4L3E_E			0.9761
17989	3C60_B	4OZG_H			0.9705
17998	3C60_C	3C60_G	p	u	1.005
17999	3C60_C	3QIB_A			0.985
18000	3C60_C	4OZG_A			0.9873
18001	3C60_C	4OZG_C			0.9796
18002	3C60_C	4P23_C		u	0.9976
18003	3C60_C	4P5T_C		u	1.001
18004	3C60_C	4P5T_G		u	1.001
18005	3C60_D	3C60_H	p	u	1.005
18006	3C60_D	3QIB_B			0.936
18007	3C60_D	4OZG_B			0.9698
18008	3C60_D	4OZG_D			0.967
18009	3C60_D	4P23_D		u	0.9975
18010	3C60_D	4P5T_D		u	0.9923
18011	3C60_D	4P5T_H		u	0.9948
18015	3C60_E	3HFM_L			0.7227
18017	3C60_E	3L5X_L			0.6929
18019	3C60_E	3N85_L			0.7426
18021	3C60_E	3NGB_H			0.6711
18025	3C60_E	3QDG_D			0.9485
18026	3C60_E	3QDJ_D			0.947
18028	3C60_E	3QIB_C			0.9
18029	3C60_E	3SE8_H			0.6855
18030	3C60_E	3SE8_L			0.6719
18031	3C60_E	3SE9_H			0.6973
18032	3C60_E	3SE9_L			0.6831
18034	3C60_E	4FTV_D			0.9367
18039	3C60_E	4I77_L			0.7367
18047	3C60_E	4L3E_D			0.9509
18056	3C60_E	4OZG_G			0.901
18065	3C60_F	3D3V_E			0.9729
18066	3C60_F	3G6D_H			0.8357
18068	3C60_F	3HFM_H			0.8917
18070	3C60_F	3L5X_L			0.687
18072	3C60_F	3N85_H			0.8893
18076	3C60_F	3NGB_L			0.7176
18079	3C60_F	3QDG_E			0.9779
18080	3C60_F	3QDJ_E			0.9783
18082	3C60_F	3QIB_D			0.9372
18083	3C60_F	3SE8_H			0.7353
18084	3C60_F	3SE8_L			0.7236
18085	3C60_F	3SE9_H			0.7585
18086	3C60_F	3SE9_L			0.7093
18088	3C60_F	4FTV_E			0.9719
18093	3C60_F	4I77_H			0.8635
18101	3C60_F	4L3E_E			0.9763
18110	3C60_F	4OZG_H			0.9667
18119	3C60_G	3QIB_A			0.9851
18122	3C60_G	4P23_C		u	0.9979
18123	3C60_G	4P5T_C		u	1.002
18125	3C60_H	3QIB_B			0.9325
18128	3C60_H	4P23_D		u	0.9976
18129	3C60_H	4P5T_D		u	0.9939
18131	3D3V_A	3H9S_A		u	0.9948
18136	3D3V_A	4FTV_A		u	0.9983
18140	3D3V_A	4K71_B			0.7914
18142	3D3V_A	4L3E_A		u	0.9928
18165	3D3V_C	3H9S_C			0.956
18166	3D3V_C	3PWP_C			1.097
18167	3D3V_C	3QDG_C			0.9374
18168	3D3V_C	3QDJ_C			0.8373
18169	3D3V_C	3QFJ_C			1.117
18170	3D3V_C	4FTV_C			1.114
18171	3D3V_C	4JFD_C			0.9581
18172	3D3V_C	4JFE_C			0.9263
18173	3D3V_C	4JFF_C			0.9586
18174	3D3V_C	4L3E_C			0.9489
18175	3D3V_C	4MNQ_C			0.7765
18176	3D3V_C	4N8V_C			0.8412
18177	3D3V_C	4N8V_F			0.8438
18178	3D3V_C	5E9D_C			0.9457
18179	3D3V_C	5E9D_H			0.9575
18182	3D3V_D	3HFM_L			0.7249
18184	3D3V_D	3L5X_L			0.7005
18186	3D3V_D	3N85_L			0.7538
18188	3D3V_D	3NGB_H			0.6783
18192	3D3V_D	3QDG_D			0.9612
18193	3D3V_D	3QDJ_D			0.9579
18195	3D3V_D	3QIB_C			0.9067
18196	3D3V_D	3SE8_H			0.6854
18197	3D3V_D	3SE8_L			0.6777
18198	3D3V_D	3SE9_H			0.693
18199	3D3V_D	3SE9_L			0.6852
18201	3D3V_D	4FTV_D			0.9954
18206	3D3V_D	4I77_L			0.7459
18214	3D3V_D	4L3E_D			0.9684
18223	3D3V_D	4OZG_G			0.9251
18232	3D3V_E	3G6D_H			0.8178
18233	3D3V_E	3H9S_E			0.9982
18234	3D3V_E	3HFM_H			0.8771
18235	3D3V_E	3L5X_H			0.7966
18236	3D3V_E	3L5X_L			0.7073
18237	3D3V_E	3LZF_H			0.8298
18238	3D3V_E	3N85_H			0.8668
18239	3D3V_E	3NGB_C			0.7251
18240	3D3V_E	3NGB_F			0.7018
18241	3D3V_E	3NGB_K			0.7118
18242	3D3V_E	3NGB_L			0.729
18243	3D3V_E	3NPS_B			0.8197
18244	3D3V_E	3PWP_E			0.9987
18245	3D3V_E	3QDG_E			0.9791
18246	3D3V_E	3QDJ_E			0.9774
18247	3D3V_E	3QFJ_E			0.998
18248	3D3V_E	3QIB_D			0.9077
18249	3D3V_E	3SE8_H			0.7329
18250	3D3V_E	3SE8_L			0.7326
18251	3D3V_E	3SE9_H			0.7529
18252	3D3V_E	3SE9_L			0.7201
18253	3D3V_E	3W2D_H			0.8441
18254	3D3V_E	4FTV_E			0.9966
18255	3D3V_E	4GXU_M			0.6814
18256	3D3V_E	4GXU_N			0.8343
18257	3D3V_E	4GXU_Q			0.7177
18258	3D3V_E	4GXU_R			0.7941
18259	3D3V_E	4I77_H			0.8411
18260	3D3V_E	4JFD_E		u	0.9336
18261	3D3V_E	4JFE_E		u	0.9424
18262	3D3V_E	4JFF_E		u	0.9408
18263	3D3V_E	4JPK_H			0.7438
18264	3D3V_E	4JPK_L			0.7257
18265	3D3V_E	4KRO_D			0.8488
18266	3D3V_E	4KRP_D			0.8529
18267	3D3V_E	4L3E_E			0.9712
18268	3D3V_E	4MNQ_E		u	0.9767
18269	3D3V_E	4NM8_H			0.7971
18270	3D3V_E	4NM8_I			0.7936
18271	3D3V_E	4NM8_J			0.7925
18272	3D3V_E	4NM8_L			0.6976
18273	3D3V_E	4NM8_M			0.6937
18274	3D3V_E	4NM8_N			0.6989
18275	3D3V_E	4OZG_F		u	0.9638
18276	3D3V_E	4OZG_H		u	0.9578
18277	3D3V_E	4P23_B			0.9867
18278	3D3V_E	4P5T_B			0.9856
18279	3D3V_E	4P5T_F			0.9694
18280	3D3V_E	4U6H_A			0.8737
18281	3D3V_E	4U6H_C			0.7632
18282	3D3V_E	4U6H_D			0.7326
18283	3D3V_E	4ZS6_C			0.8656
18284	3D3V_E	4ZS6_H			0.8664
18290	3D5R_C	3D5R_D	p	u	1.015
18291	3D5R_C	3D5S_C		u	1.013
18292	3D5R_C	3D5S_D		u	1.013
18293	3D5R_D	3D5S_C		u	1.014
18296	3D5S_C	3D5S_D	p	u	1.016
18297	3EG5_A	3EG5_C	p	u	1.006
18298	3EG5_A	3KUD_A			0.9314
18299	3EG5_A	3Q3J_B			0.9702
18300	3EG5_A	4G0N_A			0.937
18301	3EG5_A	5TAR_A			0.881
18302	3EG5_A	5UFE_A			0.9122
18303	3EG5_A	5UFQ_A			0.9119
18304	3EG5_A	5UFQ_B			0.9125
18305	3EG5_A	5XCO_A			0.9075
18307	3EG5_C	3KUD_A			0.9314
18308	3EG5_C	3Q3J_B			0.9702
18309	3EG5_C	4G0N_A			0.937
18311	3EG5_C	5UFE_A			0.9122
18312	3EG5_C	5UFQ_A			0.9119
18314	3EG5_C	5XCO_A			0.9074
18325	3EQS_B	3EQY_C			0.9835
18326	3EQS_B	3EQY_D			0.981
18327	3EQS_B	3LNZ_B			0.9444
18328	3EQS_B	3LNZ_D			1.033
18329	3EQS_B	3LNZ_F			0.9744
18330	3EQS_B	3LNZ_H			0.8877
18331	3EQS_B	3LNZ_J			1.016
18332	3EQS_B	3LNZ_L			0.8808
18333	3EQS_B	3LNZ_N			0.9553
18334	3EQS_B	3LNZ_P			1.049
18352	3EQY_C	3EQY_D	p		1.091
18353	3EQY_C	3LNZ_B			0.9507
18354	3EQY_C	3LNZ_D			0.9781
18355	3EQY_C	3LNZ_F			0.9782
18356	3EQY_C	3LNZ_H			0.8314
18357	3EQY_C	3LNZ_J			0.9992
18358	3EQY_C	3LNZ_L			0.819
18359	3EQY_C	3LNZ_N			0.9496
18360	3EQY_C	3LNZ_P			0.9557
18361	3EQY_D	3LNZ_B			0.9471
18369	3F1S_B	3NPS_A			0.8862
18370	3F1S_B	3TGK_E			0.853
18372	3G6D_A	3LB6_A		u	0.9079
18375	3G6D_A	4NKQ_C			0.6613
18376	3G6D_H	3H9S_E			0.8068
18377	3G6D_H	3HFM_H			0.8566
18378	3G6D_H	3L5X_H			0.7381
18379	3G6D_H	3LZF_H			0.9063
18380	3G6D_H	3N85_H			0.9182
18381	3G6D_H	3NGB_C			0.7372
18382	3G6D_H	3NGB_F			0.7336
18383	3G6D_H	3NGB_K			0.7465
18384	3G6D_H	3NGB_L			0.7385
18385	3G6D_H	3NPS_B			0.7788
18386	3G6D_H	3PWP_E			0.8048
18387	3G6D_H	3QDG_E			0.8083
18388	3G6D_H	3QDJ_E			0.8082
18389	3G6D_H	3QFJ_E			0.8041
18390	3G6D_H	3QIB_D			0.8664
18391	3G6D_H	3SE8_H			0.6733
18392	3G6D_H	3SE9_H			0.6868
18393	3G6D_H	3W2D_H			0.8085
18394	3G6D_H	4FTV_E			0.815
18395	3G6D_H	4GXU_N			0.7105
18396	3G6D_H	4GXU_Q			0.6413
18397	3G6D_H	4GXU_R			0.6692
18398	3G6D_H	4I77_H			0.8557
18399	3G6D_H	4JFD_E			0.8313
18400	3G6D_H	4JFE_E			0.825
18401	3G6D_H	4JFF_E			0.8274
18402	3G6D_H	4JPK_H			0.6749
18403	3G6D_H	4KRO_D			0.9245
18404	3G6D_H	4KRP_D			0.9204
18405	3G6D_H	4L3E_E			0.7977
18406	3G6D_H	4MNQ_E			0.8327
18407	3G6D_H	4NM8_H			0.7389
18408	3G6D_H	4NM8_I			0.7455
18409	3G6D_H	4NM8_J			0.7395
18410	3G6D_H	4OZG_F			0.8075
18411	3G6D_H	4OZG_H			0.8335
18412	3G6D_H	4P23_B			0.8104
18413	3G6D_H	4P5T_B			0.8145
18414	3G6D_H	4P5T_F			0.8479
18415	3G6D_H	4U6H_A			0.8651
18416	3G6D_H	4U6H_C			0.6701
18417	3G6D_H	4U6H_D			0.6446
18418	3G6D_H	4ZS6_C			0.8605
18419	3G6D_H	4ZS6_H			0.8926
18421	3G6D_L	3HFM_L			0.8581
18422	3G6D_L	3L5X_L			0.7552
18424	3G6D_L	3N85_L			0.9103
18427	3G6D_L	3NGB_H			0.7739
18431	3G6D_L	3QDG_D			0.6745
18432	3G6D_L	3QDJ_D			0.669
18434	3G6D_L	3QIB_C			0.6892
18435	3G6D_L	3SE8_L			0.7048
18436	3G6D_L	3SE9_L			0.7172
18438	3G6D_L	4FTV_D			0.6696
18443	3G6D_L	4I77_L			0.8927
18451	3G6D_L	4L3E_D			0.6759
18457	3G6D_L	4OZG_G			0.6606
18465	3H9S_A	3PWP_A		u	0.9956
18466	3H9S_A	3QDG_A		u	0.9861
18467	3H9S_A	3QDJ_A		u	0.9876
18468	3H9S_A	3QFJ_A		u	0.9957
18469	3H9S_A	4FTV_A		u	0.9932
18470	3H9S_A	4JFD_A		u	0.9646
18471	3H9S_A	4JFE_A		u	0.9632
18472	3H9S_A	4JFF_A		u	0.9619
18473	3H9S_A	4K71_B			0.7863
18474	3H9S_A	4K71_E			0.7908
18475	3H9S_A	4L3E_A		u	0.9896
18476	3H9S_A	4MNQ_A		u	0.9953
18477	3H9S_A	4N8V_A		u	0.9713
18478	3H9S_A	4N8V_D		u	0.973
18479	3H9S_A	5E9D_A		u	0.9782
18480	3H9S_A	5E9D_F		u	0.9783
18497	3H9S_C	3PWP_C			0.9463
18499	3H9S_C	3QDJ_C			0.7171
18500	3H9S_C	3QFJ_C			0.986
18502	3H9S_C	4JFD_C			0.8327
18503	3H9S_C	4JFE_C			0.8052
18504	3H9S_C	4JFF_C			0.8165
18506	3H9S_C	4MNQ_C			0.8163
18511	3H9S_D	3HFM_L			0.7187
18512	3H9S_D	3L5X_L			0.6986
18514	3H9S_D	3N85_L			0.7414
18515	3H9S_D	3NGB_H			0.6645
18518	3H9S_D	3QDG_D			0.9613
18519	3H9S_D	3QDJ_D			0.9584
18521	3H9S_D	3QIB_C			0.898
18522	3H9S_D	3SE8_H			0.686
18523	3H9S_D	3SE8_L			0.6757
18524	3H9S_D	3SE9_H			0.6931
18525	3H9S_D	3SE9_L			0.685
18527	3H9S_D	4FTV_D			0.994
18532	3H9S_D	4I77_L			0.7363
18540	3H9S_D	4L3E_D			0.9686
18549	3H9S_D	4OZG_G			0.9269
18558	3H9S_E	3HFM_H			0.8794
18560	3H9S_E	3L5X_L			0.7157
18562	3H9S_E	3N85_H			0.8637
18566	3H9S_E	3NGB_L			0.7185
18569	3H9S_E	3QDG_E			0.9789
18570	3H9S_E	3QDJ_E			0.9779
18572	3H9S_E	3QIB_D			0.8966
18573	3H9S_E	3SE8_H			0.7427
18574	3H9S_E	3SE8_L			0.7446
18575	3H9S_E	3SE9_H			0.7687
18576	3H9S_E	3SE9_L			0.732
18578	3H9S_E	4FTV_E			0.994
18583	3H9S_E	4I77_H			0.8372
18591	3H9S_E	4L3E_E			0.9762
18600	3H9S_E	4OZG_H			0.9524
18609	3HFM_H	3HFM_L	p		0.6177
18610	3HFM_H	3L5X_H			0.892
18611	3HFM_H	3L5X_L			0.6973
18612	3HFM_H	3LZF_H			0.8833
18613	3HFM_H	3N85_H			0.9418
18614	3HFM_H	3NGB_C			0.6843
18615	3HFM_H	3NGB_F			0.6654
18616	3HFM_H	3NGB_K			0.677
18617	3HFM_H	3NGB_L			0.6981
18618	3HFM_H	3NPS_B			0.932
18619	3HFM_H	3NPS_C			0.6343
18620	3HFM_H	3PWP_E			0.8773
18621	3HFM_H	3QDG_E			0.8747
18622	3HFM_H	3QDJ_E			0.8759
18623	3HFM_H	3QFJ_E			0.8795
18624	3HFM_H	3QIB_D			0.8395
18625	3HFM_H	3SE8_H			0.795
18626	3HFM_H	3SE8_L			0.74
18627	3HFM_H	3SE9_H			0.8286
18628	3HFM_H	3SE9_L			0.7221
18629	3HFM_H	3W2D_H			0.9624
18630	3HFM_H	3W2D_L			0.6255
18631	3HFM_H	4B0M_M			0.6299
18632	3HFM_H	4FTV_E			0.8743
18633	3HFM_H	4GXU_M			0.7281
18634	3HFM_H	4GXU_N			0.7925
18635	3HFM_H	4GXU_Q			0.7686
18636	3HFM_H	4GXU_R			0.762
18637	3HFM_H	4I77_H			0.9457
18638	3HFM_H	4JFD_E			0.8513
18639	3HFM_H	4JFE_E			0.8617
18640	3HFM_H	4JFF_E			0.8573
18641	3HFM_H	4JPK_H			0.796
18642	3HFM_H	4JPK_L			0.7345
18643	3HFM_H	4KRO_D			0.9081
18644	3HFM_H	4KRP_D			0.9167
18645	3HFM_H	4L3E_E			0.8796
18646	3HFM_H	4MNQ_E			0.8921
18647	3HFM_H	4NM8_H			0.8582
18648	3HFM_H	4NM8_I			0.8512
18649	3HFM_H	4NM8_J			0.8474
18650	3HFM_H	4NM8_L			0.6941
18651	3HFM_H	4NM8_M			0.6918
18652	3HFM_H	4NM8_N			0.6964
18653	3HFM_H	4OZG_F			0.8721
18654	3HFM_H	4OZG_H			0.8673
18655	3HFM_H	4P23_B			0.8795
18656	3HFM_H	4P5T_B			0.8818
18657	3HFM_H	4P5T_F			0.867
18658	3HFM_H	4U6H_A			0.9464
18659	3HFM_H	4U6H_B			0.6111
18660	3HFM_H	4U6H_C			0.7916
18661	3HFM_H	4U6H_D			0.7371
18662	3HFM_H	4ZS6_C			0.9614
18663	3HFM_H	4ZS6_D			0.6276
18664	3HFM_H	4ZS6_H			0.9564
18665	3HFM_L	3L5X_H			0.6943
18666	3HFM_L	3L5X_L			0.9203
18667	3HFM_L	3LZF_L			0.8425
18668	3HFM_L	3N85_L			0.9274
18669	3HFM_L	3NGB_B			0.7239
18670	3HFM_L	3NGB_E			0.7052
18671	3HFM_L	3NGB_H			0.7141
18672	3HFM_L	3NGB_J			0.726
18673	3HFM_L	3NPS_B			0.6509
18674	3HFM_L	3NPS_C			0.9437
18675	3HFM_L	3PWP_D			0.7184
18676	3HFM_L	3QDG_D			0.7427
18677	3HFM_L	3QDJ_D			0.7426
18678	3HFM_L	3QFJ_D			0.7232
18679	3HFM_L	3QIB_C			0.708
18680	3HFM_L	3SE8_H			0.7369
18681	3HFM_L	3SE8_L			0.871
18682	3HFM_L	3SE9_H			0.743
18683	3HFM_L	3SE9_L			0.8794
18684	3HFM_L	3W2D_H			0.6329
18685	3HFM_L	3W2D_L			0.9748
18686	3HFM_L	4FTV_D			0.7226
18687	3HFM_L	4GXU_M			0.7875
18688	3HFM_L	4GXU_N			0.7616
18689	3HFM_L	4GXU_Q			0.7778
18690	3HFM_L	4GXU_R			0.8064
18691	3HFM_L	4I77_L			0.9657
18692	3HFM_L	4JFD_D			0.7278
18693	3HFM_L	4JFE_D			0.7302
18694	3HFM_L	4JFF_D			0.7306
18695	3HFM_L	4JPK_H			0.7606
18696	3HFM_L	4JPK_L			0.8642
18697	3HFM_L	4KRO_C			0.9394
18698	3HFM_L	4KRP_C			0.9444
18699	3HFM_L	4L3E_D			0.7389
18700	3HFM_L	4MNQ_D			0.7258
18701	3HFM_L	4NM8_H			0.7014
18702	3HFM_L	4NM8_I			0.6825
18703	3HFM_L	4NM8_J			0.6951
18704	3HFM_L	4NM8_L			0.9117
18705	3HFM_L	4NM8_M			0.9139
18706	3HFM_L	4NM8_N			0.9107
18707	3HFM_L	4OZG_E			0.7002
18708	3HFM_L	4OZG_G			0.7076
18709	3HFM_L	4P23_A			0.7109
18710	3HFM_L	4P5T_A			0.7177
18711	3HFM_L	4P5T_E			0.7235
18712	3HFM_L	4U6H_B			0.9818
18713	3HFM_L	4U6H_C			0.7509
18714	3HFM_L	4U6H_D			0.8434
18715	3HFM_L	4ZS6_D			0.9886
18716	3HFM_L	4ZS6_L			0.9857
18720	3HH2_C	3HH2_D	p	u	0.9754
18721	3HH2_C	3SEK_C			0.876
18722	3HH2_D	3SEK_C			0.8972
18723	3KBH_A	3KBH_B	p	u	1.002
18724	3KBH_A	3KBH_C	p	u	1.002
18725	3KBH_A	3KBH_D	p	u	1.002
18729	3KBH_E	3KBH_F	p	u	1.009
18730	3KBH_E	3KBH_G	p	u	1.009
18731	3KBH_E	3KBH_H	p	u	1.009
18735	3KUD_A	3Q3J_B			0.9086
18736	3KUD_A	4G0N_A		u	0.9956
18737	3KUD_A	5TAR_A			0.9363
18738	3KUD_A	5UFE_A			0.9579
18739	3KUD_A	5UFQ_A			0.958
18740	3KUD_A	5UFQ_B			0.9608
18741	3KUD_A	5XCO_A			0.9582
18742	3KUD_B	3M62_B			0.7545
18743	3KUD_B	3M63_B			0.7251
18744	3KUD_B	4G0N_B		u	0.9603
18745	3L5X_A	3LB6_A		u	0.9794
18748	3L5X_A	4NKQ_C			0.6825
18749	3L5X_A	4RS1_A			0.6743
18750	3L5X_H	3L5X_L	p		0.7519
18752	3L5X_H	3N85_H			0.842
18754	3L5X_H	3NGB_H			0.6292
18755	3L5X_H	3NGB_L			0.6357
18760	3L5X_H	3QDG_D			0.6705
18761	3L5X_H	3QDG_E			0.8044
18762	3L5X_H	3QDJ_D			0.6747
18763	3L5X_H	3QDJ_E			0.8035
18766	3L5X_H	3QIB_D			0.743
18767	3L5X_H	3SE8_H			0.9095
18768	3L5X_H	3SE8_L			0.7912
18769	3L5X_H	3SE9_H			0.9154
18770	3L5X_H	3SE9_L			0.7861
18773	3L5X_H	4B0M_M			0.6513
18774	3L5X_H	4FTV_E			0.7971
18779	3L5X_H	4I77_H			0.8538
18780	3L5X_H	4I77_L			0.6428
18789	3L5X_H	4L3E_D			0.6691
18790	3L5X_H	4L3E_E			0.8151
18800	3L5X_H	4OZG_H			0.779
18814	3L5X_L	3LZF_L			0.7371
18815	3L5X_L	3N85_H			0.6471
18816	3L5X_L	3N85_L			0.8223
18817	3L5X_L	3NGB_B			0.6671
18818	3L5X_L	3NGB_C			0.6319
18819	3L5X_L	3NGB_E			0.6424
18820	3L5X_L	3NGB_H			0.661
18821	3L5X_L	3NGB_J			0.6661
18822	3L5X_L	3NGB_L			0.6486
18823	3L5X_L	3NPS_B			0.7295
18824	3L5X_L	3NPS_C			0.9429
18825	3L5X_L	3PWP_D			0.6994
18826	3L5X_L	3PWP_E			0.7165
18827	3L5X_L	3QDG_D			0.7163
18828	3L5X_L	3QDG_E			0.7085
18829	3L5X_L	3QDJ_D			0.7186
18830	3L5X_L	3QDJ_E			0.7073
18831	3L5X_L	3QFJ_D			0.7027
18832	3L5X_L	3QFJ_E			0.7179
18833	3L5X_L	3QIB_C			0.6612
18834	3L5X_L	3SE8_H			0.7802
18835	3L5X_L	3SE8_L			0.9795
18836	3L5X_L	3SE9_H			0.796
18837	3L5X_L	3SE9_L			0.967
18838	3L5X_L	3W2D_H			0.7129
18839	3L5X_L	3W2D_L			0.9312
18840	3L5X_L	4FTV_D			0.6983
18841	3L5X_L	4FTV_E			0.7154
18842	3L5X_L	4GXU_M			0.8031
18843	3L5X_L	4GXU_N			0.8359
18844	3L5X_L	4GXU_Q			0.8084
18845	3L5X_L	4GXU_R			0.8686
18846	3L5X_L	4I77_H			0.669
18847	3L5X_L	4I77_L			0.8772
18848	3L5X_L	4JFD_D			0.6924
18849	3L5X_L	4JFE_D			0.6988
18850	3L5X_L	4JFF_D			0.6965
18851	3L5X_L	4JPK_H			0.8003
18852	3L5X_L	4JPK_L			0.9695
18853	3L5X_L	4KRO_C			0.8308
18854	3L5X_L	4KRP_C			0.8374
18855	3L5X_L	4KRP_D			0.6181
18856	3L5X_L	4L3E_D			0.7113
18857	3L5X_L	4L3E_E			0.7166
18858	3L5X_L	4MNQ_D			0.6855
18859	3L5X_L	4MNQ_E			0.6868
18860	3L5X_L	4NM8_H			0.7607
18861	3L5X_L	4NM8_I			0.7454
18862	3L5X_L	4NM8_J			0.7558
18863	3L5X_L	4NM8_L			0.9943
18864	3L5X_L	4NM8_M			0.9947
18865	3L5X_L	4NM8_N			0.995
18866	3L5X_L	4OZG_E			0.6895
18867	3L5X_L	4OZG_F			0.7189
18868	3L5X_L	4OZG_G			0.6857
18869	3L5X_L	4OZG_H			0.6719
18870	3L5X_L	4P23_A			0.699
18871	3L5X_L	4P23_B			0.7086
18872	3L5X_L	4P5T_A			0.6968
18873	3L5X_L	4P5T_B			0.7035
18874	3L5X_L	4P5T_E			0.6867
18875	3L5X_L	4P5T_F			0.6645
18876	3L5X_L	4U6H_A			0.6796
18877	3L5X_L	4U6H_B			0.918
18878	3L5X_L	4U6H_C			0.7918
18879	3L5X_L	4U6H_D			0.9475
18880	3L5X_L	4ZS6_C			0.7081
18881	3L5X_L	4ZS6_D			0.9324
18882	3L5X_L	4ZS6_H			0.6823
18883	3L5X_L	4ZS6_L			0.8943
18884	3LB6_A	3LB6_B	p	u	1.007
18885	3LB6_A	4I77_Z		u	0.9688
18886	3LB6_A	4NKQ_C			0.6841
18887	3LB6_A	4RS1_A			0.673
18889	3LB6_B	4NKQ_C			0.6712
18890	3LB6_B	4RS1_A			0.6602
18892	3LB6_C	4RS1_B			0.7721
18893	3LB6_D	4RS1_B			0.8103
18901	3LNZ_B	3LNZ_D	p		1.034
18902	3LNZ_B	3LNZ_F	p		1.023
18903	3LNZ_B	3LNZ_H	p		0.953
18904	3LNZ_B	3LNZ_J	p		0.9798
18905	3LNZ_B	3LNZ_L	p		0.9364
18906	3LNZ_B	3LNZ_N	p		1.05
18907	3LNZ_B	3LNZ_P	p		0.974
18950	3LZF_A	4GXU_A		u	0.9945
18951	3LZF_A	4GXU_C		u	0.982
18952	3LZF_A	4GXU_E		u	0.9891
18953	3LZF_A	4GXU_G		u	0.9968
18954	3LZF_A	4GXU_I		u	0.9971
18955	3LZF_A	4GXU_K		u	0.9982
18956	3LZF_A	4NM8_A			0.9212
18957	3LZF_A	4NM8_C			0.9264
18958	3LZF_A	4NM8_E			0.925
18965	3LZF_B	4NM8_B			0.9262
18968	3LZF_H	3N85_H			0.933
18972	3LZF_H	3NGB_L			0.7078
18975	3LZF_H	3QDG_E			0.8165
18976	3LZF_H	3QDJ_E			0.8151
18978	3LZF_H	3QIB_D			0.8612
18979	3LZF_H	3SE8_H			0.7033
18980	3LZF_H	3SE8_L			0.6448
18981	3LZF_H	3SE9_H			0.7147
18983	3LZF_H	4FTV_E			0.8287
18987	3LZF_H	4I77_H			0.9036
18995	3LZF_H	4L3E_E			0.8134
19001	3LZF_H	4OZG_H			0.8368
19010	3LZF_L	3N85_L			0.8984
19013	3LZF_L	3NGB_H			0.7743
19017	3LZF_L	3QDG_D			0.6873
19018	3LZF_L	3QDJ_D			0.6798
19020	3LZF_L	3QIB_C			0.7061
19021	3LZF_L	3SE8_L			0.6989
19022	3LZF_L	3SE9_H			0.6347
19023	3LZF_L	3SE9_L			0.7156
19025	3LZF_L	4FTV_D			0.6775
19030	3LZF_L	4I77_L			0.8715
19038	3LZF_L	4L3E_D			0.6898
19043	3LZF_L	4OZG_G			0.6642
19051	3M62_A	3M63_A		u	0.9999
19052	3M62_B	3M63_B			0.9495
19053	3M62_B	3Q3J_A			0.8479
19054	3M62_B	4G0N_B			0.7609
19055	3M62_B	4JGH_B			0.942
19057	3M63_B	4G0N_B			0.738
19059	3MZG_A	3N06_A		u	1.004
19060	3MZG_A	3N0P_A		u	1.004
19061	3MZG_A	3NCB_A		u	1.003
19062	3MZG_A	3NCC_A		u	1.004
19063	3MZG_B	3N06_B		u	1.004
19064	3MZG_B	3N0P_B		u	1.004
19065	3MZG_B	3NCB_B		u	1.003
19066	3MZG_B	3NCC_B		u	1.003
19067	3MZG_B	3S9D_B			0.7662
19068	3MZG_B	3S9D_D			0.7572
19069	3MZG_B	3SE3_C			0.7492
19070	3MZG_B	3SE4_C			0.736
19071	3MZG_B	4NKQ_B			0.7191
19073	3N06_A	3N0P_A		u	1.003
19074	3N06_A	3NCB_A		u	1.003
19075	3N06_A	3NCC_A		u	1.003
19076	3N06_A	3SE4_B			0.7737
19079	3N06_B	3NCC_B		u	1.003
19080	3N06_B	3S9D_B			0.765
19083	3N06_B	3SE4_C			0.7368
19084	3N06_B	4NKQ_B			0.724
19085	3N0P_A	3NCB_A		u	1.003
19086	3N0P_A	3NCC_A		u	1.003
19087	3N0P_A	3SE4_B			0.7725
19089	3N0P_B	3NCC_B		u	1.003
19090	3N0P_B	3S9D_B			0.7644
19093	3N0P_B	3SE4_C			0.7345
19094	3N0P_B	4NKQ_B			0.7243
19095	3N4I_A	3QHY_A			0.9467
19096	3N85_H	3NGB_C			0.6951
19097	3N85_H	3NGB_F			0.687
19098	3N85_H	3NGB_K			0.6975
19099	3N85_H	3NGB_L			0.7053
19100	3N85_H	3NPS_B			0.9004
19101	3N85_H	3PWP_E			0.8613
19102	3N85_H	3QDG_E			0.8664
19103	3N85_H	3QDJ_E			0.8671
19104	3N85_H	3QFJ_E			0.862
19105	3N85_H	3QIB_D			0.8735
19106	3N85_H	3SE8_H			0.7568
19107	3N85_H	3SE8_L			0.6912
19108	3N85_H	3SE9_H			0.7742
19109	3N85_H	3SE9_L			0.6734
19110	3N85_H	3W2D_H			0.9274
19111	3N85_H	4B0M_M			0.6291
19112	3N85_H	4FTV_E			0.8622
19113	3N85_H	4GXU_M			0.675
19114	3N85_H	4GXU_N			0.7507
19115	3N85_H	4GXU_Q			0.7015
19116	3N85_H	4GXU_R			0.7101
19117	3N85_H	4I77_H			0.9591
19118	3N85_H	4JFD_E			0.8632
19119	3N85_H	4JFE_E			0.8641
19120	3N85_H	4JFF_E			0.8628
19121	3N85_H	4JPK_H			0.735
19122	3N85_H	4JPK_L			0.6762
19123	3N85_H	4KRO_D			0.9621
19124	3N85_H	4KRP_D			0.9664
19125	3N85_H	4L3E_E			0.8657
19126	3N85_H	4MNQ_E			0.889
19127	3N85_H	4NM8_H			0.814
19128	3N85_H	4NM8_I			0.8107
19129	3N85_H	4NM8_J			0.8049
19130	3N85_H	4NM8_L			0.6397
19131	3N85_H	4NM8_M			0.6367
19132	3N85_H	4NM8_N			0.6418
19133	3N85_H	4OZG_F			0.8566
19134	3N85_H	4OZG_H			0.8695
19135	3N85_H	4P23_B			0.8708
19136	3N85_H	4P5T_B			0.873
19137	3N85_H	4P5T_F			0.8825
19138	3N85_H	4U6H_A			0.9513
19139	3N85_H	4U6H_C			0.7363
19140	3N85_H	4U6H_D			0.6859
19141	3N85_H	4ZS6_C			0.9652
19142	3N85_H	4ZS6_H			0.9832
19143	3N85_L	3NGB_B			0.774
19144	3N85_L	3NGB_E			0.7621
19145	3N85_L	3NGB_H			0.7658
19146	3N85_L	3NGB_J			0.7783
19147	3N85_L	3NPS_C			0.9018
19148	3N85_L	3PWP_D			0.7423
19149	3N85_L	3QDG_D			0.7488
19150	3N85_L	3QDJ_D			0.7456
19151	3N85_L	3QFJ_D			0.7436
19152	3N85_L	3QIB_C			0.7529
19153	3N85_L	3SE8_H			0.669
19154	3N85_L	3SE8_L			0.7777
19155	3N85_L	3SE9_H			0.6768
19156	3N85_L	3SE9_L			0.7998
19157	3N85_L	3W2D_L			0.9113
19158	3N85_L	4FTV_D			0.7497
19159	3N85_L	4GXU_M			0.7488
19160	3N85_L	4GXU_N			0.6624
19161	3N85_L	4GXU_Q			0.7188
19162	3N85_L	4GXU_R			0.703
19163	3N85_L	4I77_L			0.9797
19164	3N85_L	4JFD_D			0.7657
19165	3N85_L	4JFE_D			0.7602
19166	3N85_L	4JFF_D			0.7635
19167	3N85_L	4JPK_H			0.6961
19168	3N85_L	4JPK_L			0.7756
19169	3N85_L	4KRO_C			0.9944
19170	3N85_L	4KRP_C			0.9947
19171	3N85_L	4L3E_D			0.7537
19172	3N85_L	4MNQ_D			0.7564
19173	3N85_L	4NM8_H			0.6365
19174	3N85_L	4NM8_I			0.6205
19175	3N85_L	4NM8_J			0.6339
19176	3N85_L	4NM8_L			0.8241
19177	3N85_L	4NM8_M			0.8273
19178	3N85_L	4NM8_N			0.8217
19179	3N85_L	4OZG_E			0.715
19180	3N85_L	4OZG_G			0.7305
19181	3N85_L	4P23_A			0.7065
19182	3N85_L	4P5T_A			0.7256
19183	3N85_L	4P5T_E			0.7632
19184	3N85_L	4U6H_B			0.9287
19185	3N85_L	4U6H_C			0.6838
19186	3N85_L	4U6H_D			0.7473
19187	3N85_L	4ZS6_D			0.9332
19188	3N85_L	4ZS6_L			0.9645
19189	3NCB_A	3NCC_A		u	1.002
19190	3NCB_A	3SE4_B			0.7692
19191	3NCB_B	3NCC_B		u	1.003
19192	3NCB_B	3S9D_B			0.7672
19195	3NCB_B	3SE4_C			0.7405
19196	3NCB_B	4NKQ_B			0.7311
19197	3NCC_B	3S9D_B			0.7642
19198	3NCC_B	3S9D_D			0.7551
19199	3NCC_B	3SE3_C			0.7473
19200	3NCC_B	3SE4_C			0.7349
19201	3NCC_B	4NKQ_B			0.7222
19208	3NGB_B	3NGB_H	p		0.9855
19213	3NGB_B	3QIB_C			0.7037
19214	3NGB_B	3SE8_H			0.6537
19215	3NGB_B	3SE8_L			0.658
19216	3NGB_B	3SE9_H			0.6655
19217	3NGB_B	3SE9_L			0.6804
19219	3NGB_B	4FTV_D			0.6711
19223	3NGB_B	4I77_L			0.7369
19243	3NGB_C	3NGB_L	p		0.9958
19246	3NGB_C	3QDG_E			0.6979
19247	3NGB_C	3QDJ_E			0.6955
19249	3NGB_C	3QIB_D			0.7589
19250	3NGB_C	3SE8_L			0.6589
19251	3NGB_C	3SE9_L			0.6367
19253	3NGB_C	4FTV_E			0.7239
19256	3NGB_C	4I77_H			0.6705
19263	3NGB_C	4L3E_E			0.6828
19272	3NGB_C	4OZG_H			0.7321
19284	3NGB_E	3NGB_H	p		0.961
19287	3NGB_E	3QIB_C			0.6982
19288	3NGB_E	3SE9_L			0.6508
19292	3NGB_E	4I77_L			0.7201
19309	3NGB_F	3NGB_L	p		0.9607
19312	3NGB_F	3QIB_D			0.7482
19313	3NGB_F	3SE8_L			0.6164
19315	3NGB_F	4FTV_E			0.7005
19317	3NGB_F	4I77_H			0.6597
19325	3NGB_F	4OZG_H			0.7145
19335	3NGB_H	3NGB_J	p		0.9703
19336	3NGB_H	3NPS_C			0.692
19337	3NGB_H	3PWP_D			0.6739
19338	3NGB_H	3QFJ_D			0.666
19339	3NGB_H	3QIB_C			0.7108
19340	3NGB_H	3SE8_H			0.6531
19341	3NGB_H	3SE8_L			0.6528
19342	3NGB_H	3SE9_H			0.6658
19343	3NGB_H	3SE9_L			0.6763
19344	3NGB_H	3W2D_L			0.7082
19345	3NGB_H	4FTV_D			0.6769
19346	3NGB_H	4GXU_M			0.7745
19347	3NGB_H	4GXU_Q			0.724
19348	3NGB_H	4GXU_R			0.6478
19349	3NGB_H	4I77_L			0.7294
19350	3NGB_H	4JFD_D			0.7002
19351	3NGB_H	4JFE_D			0.6918
19352	3NGB_H	4JFF_D			0.696
19353	3NGB_H	4JPK_H			0.6752
19354	3NGB_H	4JPK_L			0.6603
19355	3NGB_H	4KRO_C			0.7535
19356	3NGB_H	4KRP_C			0.7523
19357	3NGB_H	4L3E_D			0.6651
19358	3NGB_H	4MNQ_D			0.6968
19359	3NGB_H	4NM8_L			0.6663
19360	3NGB_H	4NM8_M			0.6675
19361	3NGB_H	4NM8_N			0.6661
19362	3NGB_H	4OZG_G			0.6809
19363	3NGB_H	4P5T_E			0.7115
19364	3NGB_H	4U6H_B			0.7237
19365	3NGB_H	4U6H_C			0.6692
19366	3NGB_H	4U6H_D			0.6496
19367	3NGB_H	4ZS6_D			0.7052
19368	3NGB_H	4ZS6_L			0.7258
19372	3NGB_J	3QIB_C			0.7124
19373	3NGB_J	3SE8_H			0.6209
19374	3NGB_J	3SE8_L			0.6521
19375	3NGB_J	3SE9_H			0.6323
19376	3NGB_J	3SE9_L			0.6771
19378	3NGB_J	4FTV_D			0.6642
19382	3NGB_J	4I77_L			0.7399
19400	3NGB_K	3NGB_L	p		0.9636
19403	3NGB_K	3QDG_E			0.6882
19404	3NGB_K	3QDJ_E			0.6841
19406	3NGB_K	3QIB_D			0.7596
19407	3NGB_K	3SE8_L			0.6197
19409	3NGB_K	4FTV_E			0.7087
19411	3NGB_K	4I77_H			0.6737
19420	3NGB_K	4OZG_H			0.7267
19427	3NGB_L	3NPS_B			0.6691
19428	3NGB_L	3PWP_E			0.7216
19429	3NGB_L	3QDG_E			0.7034
19430	3NGB_L	3QDJ_E			0.6998
19431	3NGB_L	3QFJ_E			0.7179
19432	3NGB_L	3QIB_D			0.7639
19433	3NGB_L	3SE8_L			0.6775
19434	3NGB_L	3SE9_H			0.6418
19435	3NGB_L	3SE9_L			0.6518
19436	3NGB_L	3W2D_H			0.6884
19437	3NGB_L	4FTV_E			0.7282
19438	3NGB_L	4GXU_N			0.701
19439	3NGB_L	4GXU_R			0.6624
19440	3NGB_L	4I77_H			0.6795
19441	3NGB_L	4JFD_E			0.7187
19442	3NGB_L	4JFE_E			0.7192
19443	3NGB_L	4JFF_E			0.7203
19444	3NGB_L	4JPK_L			0.6663
19445	3NGB_L	4KRO_D			0.7188
19446	3NGB_L	4KRP_D			0.7179
19447	3NGB_L	4L3E_E			0.6918
19448	3NGB_L	4MNQ_E			0.7236
19449	3NGB_L	4NM8_H			0.632
19450	3NGB_L	4NM8_I			0.6235
19451	3NGB_L	4NM8_J			0.6251
19452	3NGB_L	4NM8_L			0.6422
19453	3NGB_L	4NM8_M			0.6484
19454	3NGB_L	4NM8_N			0.6473
19455	3NGB_L	4OZG_F			0.7341
19456	3NGB_L	4OZG_H			0.7341
19457	3NGB_L	4P23_B			0.7067
19458	3NGB_L	4P5T_B			0.7095
19459	3NGB_L	4P5T_F			0.7328
19460	3NGB_L	4U6H_A			0.7204
19461	3NGB_L	4U6H_D			0.6751
19462	3NGB_L	4ZS6_C			0.6901
19463	3NGB_L	4ZS6_H			0.7034
19464	3NPS_A	3TGK_E			0.9681
19467	3NPS_B	3QDG_E			0.8242
19468	3NPS_B	3QDJ_E			0.8257
19470	3NPS_B	3QIB_D			0.7728
19471	3NPS_B	3SE8_H			0.844
19472	3NPS_B	3SE8_L			0.7666
19473	3NPS_B	3SE9_H			0.8779
19474	3NPS_B	3SE9_L			0.7574
19477	3NPS_B	4FTV_E			0.8187
19482	3NPS_B	4I77_H			0.9169
19490	3NPS_B	4L3E_E			0.8361
19499	3NPS_B	4OZG_H			0.7973
19511	3NPS_C	3QDG_D			0.743
19512	3NPS_C	3QDJ_D			0.7421
19514	3NPS_C	3QIB_C			0.6893
19515	3NPS_C	3SE8_H			0.7562
19516	3NPS_C	3SE8_L			0.9071
19517	3NPS_C	3SE9_H			0.7613
19518	3NPS_C	3SE9_L			0.9236
19521	3NPS_C	4FTV_D			0.7216
19526	3NPS_C	4I77_L			0.9407
19534	3NPS_C	4L3E_D			0.7379
19543	3NPS_C	4OZG_G			0.7096
19554	3NVN_A	3NVN_B	p		0.7515
19555	3NVN_A	3NVQ_A			0.9201
19556	3NVN_A	3NVQ_B			0.7524
19557	3NVN_A	3NVQ_E			0.9202
19558	3NVN_A	3NVQ_F			0.7527
19559	3NVN_A	5CYK_B			0.6828
19560	3NVN_B	3NVQ_B		u	0.9968
19561	3NVN_B	3NVQ_F		u	0.9961
19562	3NVQ_A	3NVQ_E	p	u	1.001
19567	3PWP_A	4FTV_A		u	0.9992
19571	3PWP_A	4K71_B			0.7922
19573	3PWP_A	4L3E_A		u	0.9952
19594	3PWP_C	3QDG_C			0.8064
19595	3PWP_C	3QDJ_C			0.726
19596	3PWP_C	3QFJ_C			1.096
19597	3PWP_C	4FTV_C			1.087
19598	3PWP_C	4JFD_C			0.8114
19599	3PWP_C	4JFE_C			0.7771
19600	3PWP_C	4JFF_C			0.8157
19601	3PWP_C	4L3E_C			0.8018
19602	3PWP_C	4MNQ_C			0.7726
19603	3PWP_C	4N8V_C			0.8422
19604	3PWP_C	4N8V_F			0.8472
19605	3PWP_C	5E9D_C			0.7944
19606	3PWP_C	5E9D_H			0.8005
19607	3PWP_D	3QDG_D		u	0.9624
19608	3PWP_D	3QDJ_D		u	0.958
19610	3PWP_D	3QIB_C		u	0.9018
19611	3PWP_D	3SE8_H			0.6856
19612	3PWP_D	3SE8_L			0.6772
19613	3PWP_D	3SE9_H			0.697
19614	3PWP_D	3SE9_L			0.6881
19616	3PWP_D	4FTV_D			0.9908
19621	3PWP_D	4I77_L			0.7367
19629	3PWP_D	4L3E_D			0.9677
19638	3PWP_D	4OZG_G			0.9287
19647	3PWP_E	3QDG_E			0.9797
19648	3PWP_E	3QDJ_E			0.9784
19650	3PWP_E	3QIB_D			0.8982
19651	3PWP_E	3SE8_H			0.7403
19652	3PWP_E	3SE8_L			0.7463
19653	3PWP_E	3SE9_H			0.7679
19654	3PWP_E	3SE9_L			0.7317
19656	3PWP_E	4FTV_E			0.9957
19661	3PWP_E	4I77_H			0.8346
19669	3PWP_E	4L3E_E			0.9757
19678	3PWP_E	4OZG_H			0.9536
19688	3Q3J_B	4G0N_A			0.9126
19689	3Q3J_B	5TAR_A			0.8516
19690	3Q3J_B	5UFE_A			0.8803
19691	3Q3J_B	5UFQ_A			0.8887
19692	3Q3J_B	5UFQ_B			0.8902
19693	3Q3J_B	5XCO_A			0.8834
19694	3Q8D_A	3Q8D_B	p	u	0.9856
19697	3QDG_A	4FTV_A		u	0.9947
19701	3QDG_A	4K71_B			0.803
19703	3QDG_A	4L3E_A		u	0.9972
19723	3QDG_C	3QDJ_C			0.9045
19724	3QDG_C	3QFJ_C			0.8553
19726	3QDG_C	4JFD_C			1.06
19727	3QDG_C	4JFE_C			1.053
19728	3QDG_C	4JFF_C			1.063
19730	3QDG_C	4MNQ_C			0.7671
19733	3QDG_D	3QDJ_D		u	0.9978
19734	3QDG_D	3QFJ_D			0.962
19735	3QDG_D	3QIB_C		u	0.8918
19736	3QDG_D	3SE8_H			0.7073
19737	3QDG_D	3SE8_L			0.6932
19738	3QDG_D	3SE9_H			0.7085
19739	3QDG_D	3SE9_L			0.6996
19740	3QDG_D	3W2D_L			0.746
19741	3QDG_D	4FTV_D			0.9583
19742	3QDG_D	4GXU_M			0.7413
19743	3QDG_D	4GXU_N			0.6709
19744	3QDG_D	4GXU_Q			0.7332
19745	3QDG_D	4GXU_R			0.6837
19746	3QDG_D	4I77_L			0.7519
19747	3QDG_D	4JFD_D		u	0.9397
19748	3QDG_D	4JFE_D		u	0.9608
19749	3QDG_D	4JFF_D		u	0.9562
19750	3QDG_D	4JPK_H			0.7336
19751	3QDG_D	4JPK_L			0.7021
19752	3QDG_D	4KRO_C			0.7449
19753	3QDG_D	4KRP_C			0.7468
19754	3QDG_D	4L3E_D			0.9926
19755	3QDG_D	4MNQ_D			0.9043
19756	3QDG_D	4NM8_H			0.6876
19757	3QDG_D	4NM8_I			0.6803
19758	3QDG_D	4NM8_J			0.6918
19759	3QDG_D	4NM8_L			0.7299
19760	3QDG_D	4NM8_M			0.7316
19761	3QDG_D	4NM8_N			0.7318
19762	3QDG_D	4OZG_E			0.8946
19763	3QDG_D	4OZG_G			0.8987
19764	3QDG_D	4P23_A			0.9573
19765	3QDG_D	4P5T_A			0.9502
19766	3QDG_D	4P5T_E			0.9402
19767	3QDG_D	4U6H_B			0.7553
19768	3QDG_D	4U6H_C			0.7177
19769	3QDG_D	4U6H_D			0.7049
19770	3QDG_D	4ZS6_D			0.7473
19771	3QDG_D	4ZS6_L			0.7469
19772	3QDG_E	3QDJ_E			1.002
19773	3QDG_E	3QFJ_E			0.9794
19774	3QDG_E	3QIB_D			0.9107
19775	3QDG_E	3SE8_H			0.7359
19776	3QDG_E	3SE8_L			0.7375
19777	3QDG_E	3SE9_H			0.7608
19778	3QDG_E	3SE9_L			0.7238
19779	3QDG_E	3W2D_H			0.8467
19780	3QDG_E	4FTV_E			0.9755
19781	3QDG_E	4GXU_M			0.6917
19782	3QDG_E	4GXU_N			0.8213
19783	3QDG_E	4GXU_Q			0.7279
19784	3QDG_E	4GXU_R			0.7816
19785	3QDG_E	4I77_H			0.8484
19786	3QDG_E	4JFD_E			0.9419
19787	3QDG_E	4JFE_E			0.9523
19788	3QDG_E	4JFF_E			0.9476
19789	3QDG_E	4JPK_H			0.7555
19790	3QDG_E	4JPK_L			0.7319
19791	3QDG_E	4KRO_D			0.8412
19792	3QDG_E	4KRP_D			0.8473
19793	3QDG_E	4L3E_E			0.9958
19794	3QDG_E	4MNQ_E			0.9791
19795	3QDG_E	4NM8_H			0.8085
19796	3QDG_E	4NM8_I			0.8044
19797	3QDG_E	4NM8_J			0.8035
19798	3QDG_E	4NM8_L			0.6969
19799	3QDG_E	4NM8_M			0.6936
19800	3QDG_E	4NM8_N			0.6987
19801	3QDG_E	4OZG_F			0.9714
19802	3QDG_E	4OZG_H			0.964
19803	3QDG_E	4P23_B			0.9866
19804	3QDG_E	4P5T_B			0.9849
19805	3QDG_E	4P5T_F			0.9642
19806	3QDG_E	4U6H_A			0.8669
19807	3QDG_E	4U6H_C			0.7719
19808	3QDG_E	4U6H_D			0.7272
19809	3QDG_E	4ZS6_C			0.8692
19810	3QDG_E	4ZS6_H			0.8683
19812	3QDJ_A	4FTV_A		u	0.9948
19816	3QDJ_A	4K71_B			0.7995
19818	3QDJ_A	4L3E_A		u	0.9977
19837	3QDJ_C	3QFJ_C			0.7276
19838	3QDJ_C	4FTV_C			0.7254
19839	3QDJ_C	4JFD_C			0.913
19840	3QDJ_C	4JFE_C			0.8794
19841	3QDJ_C	4JFF_C			0.9045
19842	3QDJ_C	4L3E_C			0.9019
19843	3QDJ_C	4N8V_C			0.7286
19844	3QDJ_C	4N8V_F			0.7267
19845	3QDJ_C	5E9D_C			0.877
19846	3QDJ_C	5E9D_H			0.8718
19847	3QDJ_D	3QFJ_D			0.9593
19848	3QDJ_D	3QIB_C		u	0.8839
19849	3QDJ_D	3SE8_H			0.7139
19850	3QDJ_D	3SE8_L			0.6973
19851	3QDJ_D	3SE9_H			0.7148
19852	3QDJ_D	3SE9_L			0.7014
19853	3QDJ_D	3W2D_L			0.7478
19854	3QDJ_D	4FTV_D			0.9558
19855	3QDJ_D	4GXU_M			0.739
19856	3QDJ_D	4GXU_N			0.679
19857	3QDJ_D	4GXU_Q			0.7345
19858	3QDJ_D	4GXU_R			0.6868
19859	3QDJ_D	4I77_L			0.7507
19860	3QDJ_D	4JFD_D		u	0.9358
19861	3QDJ_D	4JFE_D		u	0.9557
19862	3QDJ_D	4JFF_D		u	0.9463
19863	3QDJ_D	4JPK_H			0.7404
19864	3QDJ_D	4JPK_L			0.7033
19865	3QDJ_D	4KRO_C			0.7415
19866	3QDJ_D	4KRP_C			0.7435
19867	3QDJ_D	4L3E_D			0.9904
19868	3QDJ_D	4MNQ_D			0.8972
19869	3QDJ_D	4NM8_H			0.6891
19870	3QDJ_D	4NM8_I			0.6819
19871	3QDJ_D	4NM8_J			0.6899
19872	3QDJ_D	4NM8_L			0.7329
19873	3QDJ_D	4NM8_M			0.7345
19874	3QDJ_D	4NM8_N			0.7329
19875	3QDJ_D	4OZG_E			0.889
19876	3QDJ_D	4OZG_G			0.8911
19877	3QDJ_D	4P23_A			0.961
19878	3QDJ_D	4P5T_A			0.9529
19879	3QDJ_D	4P5T_E			0.9392
19880	3QDJ_D	4U6H_B			0.7538
19881	3QDJ_D	4U6H_C			0.7223
19882	3QDJ_D	4U6H_D			0.7083
19883	3QDJ_D	4ZS6_D			0.7509
19884	3QDJ_D	4ZS6_L			0.7462
19885	3QDJ_E	3QFJ_E			0.9786
19886	3QDJ_E	3QIB_D			0.9094
19887	3QDJ_E	3SE8_H			0.7359
19888	3QDJ_E	3SE8_L			0.739
19889	3QDJ_E	3SE9_H			0.7617
19890	3QDJ_E	3SE9_L			0.7236
19891	3QDJ_E	3W2D_H			0.8485
19892	3QDJ_E	4FTV_E			0.9738
19893	3QDJ_E	4GXU_M			0.6924
19894	3QDJ_E	4GXU_N			0.8202
19895	3QDJ_E	4GXU_Q			0.7282
19896	3QDJ_E	4GXU_R			0.7808
19897	3QDJ_E	4I77_H			0.8495
19898	3QDJ_E	4JFD_E			0.9404
19899	3QDJ_E	4JFE_E			0.9512
19900	3QDJ_E	4JFF_E			0.9462
19901	3QDJ_E	4JPK_H			0.7549
19902	3QDJ_E	4JPK_L			0.7312
19903	3QDJ_E	4KRO_D			0.8418
19904	3QDJ_E	4KRP_D			0.8483
19905	3QDJ_E	4L3E_E			0.9952
19906	3QDJ_E	4MNQ_E			0.9772
19907	3QDJ_E	4NM8_H			0.8094
19908	3QDJ_E	4NM8_I			0.8053
19909	3QDJ_E	4NM8_J			0.8044
19910	3QDJ_E	4NM8_L			0.6967
19911	3QDJ_E	4NM8_M			0.6931
19912	3QDJ_E	4NM8_N			0.6983
19913	3QDJ_E	4OZG_F			0.9696
19914	3QDJ_E	4OZG_H			0.9629
19915	3QDJ_E	4P23_B			0.9863
19916	3QDJ_E	4P5T_B			0.9846
19917	3QDJ_E	4P5T_F			0.9634
19918	3QDJ_E	4U6H_A			0.8673
19919	3QDJ_E	4U6H_C			0.7723
19920	3QDJ_E	4U6H_D			0.7267
19921	3QDJ_E	4ZS6_C			0.87
19922	3QDJ_E	4ZS6_H			0.8687
19923	3QFJ_A	4FTV_A		u	0.9979
19927	3QFJ_A	4K71_B			0.7892
19929	3QFJ_A	4L3E_A		u	0.9943
19947	3QFJ_C	4FTV_C			1.112
19948	3QFJ_C	4JFD_C			0.8713
19949	3QFJ_C	4JFE_C			0.8442
19950	3QFJ_C	4JFF_C			0.8688
19951	3QFJ_C	4L3E_C			0.864
19952	3QFJ_C	4MNQ_C			0.7711
19953	3QFJ_C	4N8V_C			0.866
19954	3QFJ_C	4N8V_F			0.8762
19955	3QFJ_C	5E9D_C			0.8453
19956	3QFJ_C	5E9D_H			0.8492
19957	3QFJ_D	3QIB_C			0.8927
19958	3QFJ_D	3SE8_H			0.6938
19959	3QFJ_D	3SE8_L			0.6809
19960	3QFJ_D	3SE9_H			0.7035
19961	3QFJ_D	3SE9_L			0.687
19963	3QFJ_D	4FTV_D			0.9878
19968	3QFJ_D	4I77_L			0.7406
19976	3QFJ_D	4L3E_D			0.9671
19985	3QFJ_D	4OZG_G			0.9294
19994	3QFJ_E	3QIB_D			0.8958
19995	3QFJ_E	3SE8_H			0.7425
19996	3QFJ_E	3SE8_L			0.7472
19997	3QFJ_E	3SE9_H			0.7708
19998	3QFJ_E	3SE9_L			0.7332
20000	3QFJ_E	4FTV_E			0.9946
20005	3QFJ_E	4I77_H			0.8374
20013	3QFJ_E	4L3E_E			0.9769
20022	3QFJ_E	4OZG_H			0.9525
20031	3QIB_A	4OZG_A			0.9732
20032	3QIB_A	4OZG_C			0.965
20033	3QIB_A	4P23_C			0.9762
20034	3QIB_A	4P5T_C			0.9813
20035	3QIB_A	4P5T_G			0.9811
20036	3QIB_B	4OZG_B			0.9708
20037	3QIB_B	4OZG_D			0.9744
20038	3QIB_B	4P23_D			0.93
20039	3QIB_B	4P5T_D			0.9017
20040	3QIB_B	4P5T_H			0.9105
20041	3QIB_C	3SE9_L			0.6432
20042	3QIB_C	3W2D_L			0.7024
20043	3QIB_C	4FTV_D			0.8993
20044	3QIB_C	4GXU_M			0.6882
20045	3QIB_C	4I77_L			0.7229
20046	3QIB_C	4JFD_D		u	0.9025
20047	3QIB_C	4JFE_D		u	0.9014
20048	3QIB_C	4JFF_D		u	0.9028
20049	3QIB_C	4JPK_L			0.6461
20050	3QIB_C	4KRO_C			0.7443
20051	3QIB_C	4KRP_C			0.7412
20052	3QIB_C	4L3E_D			0.9016
20053	3QIB_C	4MNQ_D			0.9416
20054	3QIB_C	4NM8_L			0.6698
20055	3QIB_C	4NM8_M			0.6688
20056	3QIB_C	4NM8_N			0.6677
20057	3QIB_C	4OZG_E			0.852
20058	3QIB_C	4OZG_G			0.8799
20059	3QIB_C	4P23_A			0.8571
20060	3QIB_C	4P5T_A			0.866
20061	3QIB_C	4P5T_E			0.8956
20062	3QIB_C	4U6H_B			0.7139
20063	3QIB_C	4ZS6_D			0.7015
20064	3QIB_C	4ZS6_L			0.7118
20065	3QIB_D	3SE8_H			0.6758
20066	3QIB_D	3SE9_H			0.7019
20067	3QIB_D	3W2D_H			0.8129
20068	3QIB_D	4FTV_E			0.9061
20069	3QIB_D	4GXU_N			0.7493
20070	3QIB_D	4GXU_Q			0.6547
20071	3QIB_D	4GXU_R			0.7042
20072	3QIB_D	4I77_H			0.8357
20073	3QIB_D	4JFD_E			0.9418
20074	3QIB_D	4JFE_E			0.9382
20075	3QIB_D	4JFF_E			0.9379
20076	3QIB_D	4JPK_H			0.6845
20077	3QIB_D	4KRO_D			0.8855
20078	3QIB_D	4KRP_D			0.8839
20079	3QIB_D	4L3E_E			0.8986
20080	3QIB_D	4MNQ_E			0.9364
20081	3QIB_D	4NM8_H			0.7274
20082	3QIB_D	4NM8_I			0.7294
20083	3QIB_D	4NM8_J			0.7223
20084	3QIB_D	4OZG_F			0.9155
20085	3QIB_D	4OZG_H			0.9532
20086	3QIB_D	4P23_B			0.918
20087	3QIB_D	4P5T_B			0.9271
20088	3QIB_D	4P5T_F			0.953
20089	3QIB_D	4U6H_A			0.8607
20090	3QIB_D	4U6H_C			0.6978
20091	3QIB_D	4U6H_D			0.668
20092	3QIB_D	4ZS6_C			0.8412
20093	3QIB_D	4ZS6_H			0.8621
20094	3R9A_A	3R9A_C	p	u	1.001
20097	3RF3_C	3RF3_D	p	u	1.042
20098	3S9D_A	3S9D_C	p	u	1.003
20099	3S9D_A	3SE3_B		u	0.9968
20100	3S9D_A	3SE4_B			0.9808
20101	3S9D_B	3S9D_D	p	u	0.9793
20102	3S9D_B	3SE3_C		u	0.9312
20103	3S9D_B	3SE4_C		u	0.9317
20105	3S9D_C	3SE4_B			0.9878
20107	3S9D_D	3SE4_C		u	0.9473
20108	3SE3_A	3SE4_A		u	0.9927
20109	3SE3_B	3SE4_B			0.981
20110	3SE3_C	3SE4_C		u	0.9936
20112	3SE8_H	3SE8_L	p		0.8214
20113	3SE8_H	3SE9_H			0.9363
20114	3SE8_H	3SE9_L			0.8222
20115	3SE8_H	3W2D_H			0.8289
20116	3SE8_H	3W2D_L			0.744
20117	3SE8_H	4FTV_D			0.6917
20118	3SE8_H	4FTV_E			0.7361
20119	3SE8_H	4GXU_M			0.8673
20120	3SE8_H	4GXU_N			0.8149
20121	3SE8_H	4GXU_Q			0.9053
20122	3SE8_H	4GXU_R			0.829
20123	3SE8_H	4I77_H			0.7592
20124	3SE8_H	4I77_L			0.685
20125	3SE8_H	4JFD_D			0.6815
20126	3SE8_H	4JFD_E			0.7015
20127	3SE8_H	4JFE_D			0.6833
20128	3SE8_H	4JFE_E			0.7145
20129	3SE8_H	4JFF_D			0.6845
20130	3SE8_H	4JFF_E			0.7107
20131	3SE8_H	4JPK_H			0.9619
20132	3SE8_H	4JPK_L			0.834
20133	3SE8_H	4KRO_C			0.6677
20134	3SE8_H	4KRO_D			0.7219
20135	3SE8_H	4KRP_C			0.6731
20136	3SE8_H	4KRP_D			0.7352
20137	3SE8_H	4L3E_D			0.7076
20138	3SE8_H	4L3E_E			0.7445
20139	3SE8_H	4MNQ_D			0.6768
20140	3SE8_H	4MNQ_E			0.7246
20141	3SE8_H	4NM8_H			0.9391
20142	3SE8_H	4NM8_I			0.9408
20143	3SE8_H	4NM8_J			0.9458
20144	3SE8_H	4NM8_L			0.7833
20145	3SE8_H	4NM8_M			0.7835
20146	3SE8_H	4NM8_N			0.7857
20147	3SE8_H	4OZG_E			0.7193
20148	3SE8_H	4OZG_F			0.74
20149	3SE8_H	4OZG_G			0.7043
20150	3SE8_H	4OZG_H			0.7083
20151	3SE8_H	4P23_A			0.7027
20152	3SE8_H	4P23_B			0.7407
20153	3SE8_H	4P5T_A			0.7151
20154	3SE8_H	4P5T_B			0.7379
20155	3SE8_H	4P5T_F			0.7082
20156	3SE8_H	4U6H_A			0.7942
20157	3SE8_H	4U6H_B			0.7311
20158	3SE8_H	4U6H_C			0.9581
20159	3SE8_H	4U6H_D			0.8154
20160	3SE8_H	4ZS6_C			0.8044
20161	3SE8_H	4ZS6_D			0.7293
20162	3SE8_H	4ZS6_H			0.7685
20163	3SE8_H	4ZS6_L			0.705
20164	3SE8_L	3SE9_H			0.8305
20165	3SE8_L	3SE9_L			0.984
20166	3SE8_L	3W2D_H			0.7533
20167	3SE8_L	3W2D_L			0.891
20168	3SE8_L	4FTV_D			0.6742
20169	3SE8_L	4FTV_E			0.7372
20170	3SE8_L	4GXU_M			0.832
20171	3SE8_L	4GXU_N			0.8698
20172	3SE8_L	4GXU_Q			0.8448
20173	3SE8_L	4GXU_R			0.8979
20174	3SE8_L	4I77_H			0.702
20175	3SE8_L	4I77_L			0.8255
20176	3SE8_L	4JFD_D			0.6696
20177	3SE8_L	4JFE_D			0.6752
20178	3SE8_L	4JFE_E			0.6989
20179	3SE8_L	4JFF_D			0.6732
20180	3SE8_L	4JFF_E			0.6936
20181	3SE8_L	4JPK_H			0.8364
20182	3SE8_L	4JPK_L			0.9918
20183	3SE8_L	4KRO_C			0.7802
20184	3SE8_L	4KRO_D			0.6528
20185	3SE8_L	4KRP_C			0.7867
20186	3SE8_L	4KRP_D			0.6603
20187	3SE8_L	4L3E_D			0.6907
20188	3SE8_L	4L3E_E			0.7486
20189	3SE8_L	4MNQ_D			0.66
20190	3SE8_L	4MNQ_E			0.7211
20191	3SE8_L	4NM8_H			0.7909
20192	3SE8_L	4NM8_I			0.7749
20193	3SE8_L	4NM8_J			0.7855
20194	3SE8_L	4NM8_L			0.9798
20195	3SE8_L	4NM8_M			0.9798
20196	3SE8_L	4NM8_N			0.9825
20197	3SE8_L	4OZG_E			0.6753
20198	3SE8_L	4OZG_F			0.7474
20199	3SE8_L	4OZG_G			0.6675
20200	3SE8_L	4OZG_H			0.7033
20201	3SE8_L	4P23_A			0.6809
20202	3SE8_L	4P23_B			0.7369
20203	3SE8_L	4P5T_A			0.6803
20204	3SE8_L	4P5T_B			0.7314
20205	3SE8_L	4P5T_E			0.6624
20206	3SE8_L	4P5T_F			0.692
20207	3SE8_L	4U6H_A			0.7186
20208	3SE8_L	4U6H_B			0.8794
20209	3SE8_L	4U6H_C			0.834
20210	3SE8_L	4U6H_D			0.9748
20211	3SE8_L	4ZS6_C			0.7441
20212	3SE8_L	4ZS6_D			0.8756
20213	3SE8_L	4ZS6_H			0.7172
20214	3SE8_L	4ZS6_L			0.8374
20215	3SE9_H	3SE9_L	p		0.8335
20216	3SE9_H	3W2D_H			0.8542
20217	3SE9_H	3W2D_L			0.7506
20218	3SE9_H	4FTV_D			0.6961
20219	3SE9_H	4FTV_E			0.7591
20220	3SE9_H	4GXU_M			0.8766
20221	3SE9_H	4GXU_N			0.8275
20222	3SE9_H	4GXU_Q			0.9223
20223	3SE9_H	4GXU_R			0.8337
20224	3SE9_H	4I77_H			0.7758
20225	3SE9_H	4I77_L			0.6883
20226	3SE9_H	4JFD_D			0.6874
20227	3SE9_H	4JFD_E			0.7218
20228	3SE9_H	4JFE_D			0.6915
20229	3SE9_H	4JFE_E			0.7342
20230	3SE9_H	4JFF_D			0.6912
20231	3SE9_H	4JFF_E			0.7295
20232	3SE9_H	4JPK_H			0.9525
20233	3SE9_H	4JPK_L			0.8415
20234	3SE9_H	4KRO_C			0.675
20235	3SE9_H	4KRO_D			0.7378
20236	3SE9_H	4KRP_C			0.68
20237	3SE9_H	4KRP_D			0.749
20238	3SE9_H	4L3E_D			0.7036
20239	3SE9_H	4L3E_E			0.7761
20240	3SE9_H	4MNQ_D			0.679
20241	3SE9_H	4MNQ_E			0.7426
20242	3SE9_H	4NM8_H			0.9518
20243	3SE9_H	4NM8_I			0.9515
20244	3SE9_H	4NM8_J			0.9546
20245	3SE9_H	4NM8_L			0.7887
20246	3SE9_H	4NM8_M			0.7888
20247	3SE9_H	4NM8_N			0.7911
20248	3SE9_H	4OZG_E			0.7167
20249	3SE9_H	4OZG_F			0.7691
20250	3SE9_H	4OZG_G			0.7013
20251	3SE9_H	4OZG_H			0.7301
20252	3SE9_H	4P23_A			0.713
20253	3SE9_H	4P23_B			0.7705
20254	3SE9_H	4P5T_A			0.7029
20255	3SE9_H	4P5T_B			0.7627
20256	3SE9_H	4P5T_F			0.7299
20257	3SE9_H	4U6H_A			0.8134
20258	3SE9_H	4U6H_B			0.7365
20259	3SE9_H	4U6H_C			0.948
20260	3SE9_H	4U6H_D			0.8221
20261	3SE9_H	4ZS6_C			0.83
20262	3SE9_H	4ZS6_D			0.7384
20263	3SE9_H	4ZS6_H			0.79
20264	3SE9_H	4ZS6_L			0.717
20265	3SE9_L	3W2D_H			0.7387
20266	3SE9_L	3W2D_L			0.9021
20267	3SE9_L	4FTV_D			0.682
20268	3SE9_L	4FTV_E			0.7222
20269	3SE9_L	4GXU_M			0.8498
20270	3SE9_L	4GXU_N			0.8481
20271	3SE9_L	4GXU_Q			0.8534
20272	3SE9_L	4GXU_R			0.8857
20273	3SE9_L	4I77_H			0.6842
20274	3SE9_L	4I77_L			0.8432
20275	3SE9_L	4JFD_D			0.6764
20276	3SE9_L	4JFE_D			0.6832
20277	3SE9_L	4JFF_D			0.6805
20278	3SE9_L	4JPK_H			0.8473
20279	3SE9_L	4JPK_L			0.9886
20280	3SE9_L	4KRO_C			0.7996
20281	3SE9_L	4KRO_D			0.6323
20282	3SE9_L	4KRP_C			0.8059
20283	3SE9_L	4KRP_D			0.6422
20284	3SE9_L	4L3E_D			0.6983
20285	3SE9_L	4L3E_E			0.7325
20286	3SE9_L	4MNQ_D			0.6708
20287	3SE9_L	4MNQ_E			0.7074
20288	3SE9_L	4NM8_H			0.7877
20289	3SE9_L	4NM8_I			0.7752
20290	3SE9_L	4NM8_J			0.7859
20291	3SE9_L	4NM8_L			0.9727
20292	3SE9_L	4NM8_M			0.9744
20293	3SE9_L	4NM8_N			0.9754
20294	3SE9_L	4OZG_E			0.6922
20295	3SE9_L	4OZG_F			0.7222
20296	3SE9_L	4OZG_G			0.6848
20297	3SE9_L	4P23_A			0.6872
20298	3SE9_L	4P23_B			0.7157
20299	3SE9_L	4P5T_A			0.6869
20300	3SE9_L	4P5T_B			0.7099
20301	3SE9_L	4P5T_E			0.6727
20302	3SE9_L	4P5T_F			0.6752
20303	3SE9_L	4U6H_A			0.6989
20304	3SE9_L	4U6H_B			0.9001
20305	3SE9_L	4U6H_C			0.8358
20306	3SE9_L	4U6H_D			0.961
20307	3SE9_L	4ZS6_C			0.723
20308	3SE9_L	4ZS6_D			0.8832
20309	3SE9_L	4ZS6_H			0.6956
20310	3SE9_L	4ZS6_L			0.8481
20311	3SF4_A	3SF4_B	p	u	0.9864
20312	3SF4_A	3SF4_C	p	u	0.9899
20313	3SF4_A	4G2V_A			0.957
20314	3SF4_A	4WND_A		u	0.9206
20316	3SF4_B	4G2V_A			0.9604
20317	3SF4_B	4WND_A		u	0.9219
20318	3SF4_C	4G2V_A			0.9562
20319	3SF4_C	4WND_A		u	0.9238
20320	3SF4_D	3SF4_E	p	u	0.9739
20321	3SF4_D	3SF4_F	p	u	0.9276
20323	3SGB_E	3TGK_E			0.7475
20329	3SZK_C	3SZK_F	p	u	1.006
20333	3U82_B	4MYW_B		u	0.9213
20334	3U82_B	4MYW_D		u	0.9347
20335	3UIG_A	3UIG_B	p	u	0.967
20336	3UIG_A	3UII_A		u	1.004
20337	3UIG_A	3UII_B		u	0.9748
20338	3UIG_B	3UII_A		u	0.9657
20340	3UII_A	3UII_B	p	u	0.9729
20357	3W2D_H	4FTV_E			0.8419
20362	3W2D_H	4I77_H			0.9364
20370	3W2D_H	4L3E_E			0.8554
20379	3W2D_H	4OZG_H			0.8318
20390	3W2D_L	4FTV_D			0.7233
20395	3W2D_L	4I77_L			0.9507
20403	3W2D_L	4L3E_D			0.7413
20412	3W2D_L	4OZG_G			0.7178
20422	4B0M_M	4I77_H			0.6468
20423	4B0M_M	4KRP_D			0.6297
20424	4B0M_M	4NM8_H			0.6552
20425	4B0M_M	4NM8_I			0.6499
20426	4B0M_M	4NM8_J			0.6529
20427	4B0M_M	4U6H_A			0.6383
20428	4BFI_A	4BFI_B	p		0.8331
20429	4BFI_A	4OFY_A			0.7626
20432	4BFI_B	4OFY_A			0.7338
20433	4BFI_B	4OFY_B			0.7349
20434	4BFI_B	4OFY_C			0.7436
20436	4CPA_I	4CPA_J	p	u	1.028
20437	4CVW_A	4CVW_B	p	u	0.9999
20438	4CVW_C	4CVW_D	p	u	1.007
20454	4E6K_G	4E6K_I	p	u	1.013
20455	4EKD_A	4GNK_A		u	0.9942
20456	4EKD_A	4GNK_C		u	0.9944
20457	4FTV_A	4JFD_A		u	0.9707
20458	4FTV_A	4JFE_A		u	0.973
20459	4FTV_A	4JFF_A		u	0.9738
20460	4FTV_A	4K71_B			0.7982
20461	4FTV_A	4K71_E			0.8014
20462	4FTV_A	4L3E_A		u	0.9947
20463	4FTV_A	4MNQ_A		u	0.995
20464	4FTV_A	4N8V_A		u	0.9867
20465	4FTV_A	4N8V_D		u	0.9876
20466	4FTV_A	5E9D_A		u	0.9883
20467	4FTV_A	5E9D_F		u	0.9878
20479	4FTV_C	4JFD_C			0.8499
20480	4FTV_C	4JFE_C			0.8263
20481	4FTV_C	4JFF_C			0.8466
20483	4FTV_C	4MNQ_C			0.7581
20488	4FTV_D	4GXU_M			0.7293
20489	4FTV_D	4GXU_N			0.6416
20490	4FTV_D	4GXU_Q			0.7167
20491	4FTV_D	4GXU_R			0.6565
20492	4FTV_D	4I77_L			0.742
20493	4FTV_D	4JFD_D			0.9628
20494	4FTV_D	4JFE_D			0.9643
20495	4FTV_D	4JFF_D			0.9694
20496	4FTV_D	4JPK_H			0.721
20497	4FTV_D	4JPK_L			0.6872
20498	4FTV_D	4KRO_C			0.743
20499	4FTV_D	4KRP_C			0.7432
20500	4FTV_D	4L3E_D			0.965
20501	4FTV_D	4MNQ_D			0.9071
20502	4FTV_D	4NM8_H			0.678
20503	4FTV_D	4NM8_I			0.6747
20504	4FTV_D	4NM8_J			0.6788
20505	4FTV_D	4NM8_L			0.7112
20506	4FTV_D	4NM8_M			0.7122
20507	4FTV_D	4NM8_N			0.7111
20508	4FTV_D	4OZG_E			0.9201
20509	4FTV_D	4OZG_G			0.9212
20510	4FTV_D	4P23_A			0.9288
20511	4FTV_D	4P5T_A			0.9324
20512	4FTV_D	4P5T_E			0.9357
20513	4FTV_D	4U6H_B			0.7376
20514	4FTV_D	4U6H_C			0.6954
20515	4FTV_D	4U6H_D			0.6874
20516	4FTV_D	4ZS6_D			0.7273
20517	4FTV_D	4ZS6_L			0.7309
20518	4FTV_E	4GXU_M			0.6835
20519	4FTV_E	4GXU_N			0.8361
20520	4FTV_E	4GXU_Q			0.72
20521	4FTV_E	4GXU_R			0.796
20522	4FTV_E	4I77_H			0.8369
20523	4FTV_E	4JFD_E			0.931
20524	4FTV_E	4JFE_E			0.941
20525	4FTV_E	4JFF_E			0.9387
20526	4FTV_E	4JPK_H			0.7463
20527	4FTV_E	4JPK_L			0.7303
20528	4FTV_E	4KRO_D			0.8441
20529	4FTV_E	4KRP_D			0.848
20530	4FTV_E	4L3E_E			0.968
20531	4FTV_E	4MNQ_E			0.973
20532	4FTV_E	4NM8_H			0.796
20533	4FTV_E	4NM8_I			0.7924
20534	4FTV_E	4NM8_J			0.7916
20535	4FTV_E	4NM8_L			0.7037
20536	4FTV_E	4NM8_M			0.6959
20537	4FTV_E	4NM8_N			0.7045
20538	4FTV_E	4OZG_F			0.9646
20539	4FTV_E	4OZG_H			0.958
20540	4FTV_E	4P23_B			0.9857
20541	4FTV_E	4P5T_B			0.9858
20542	4FTV_E	4P5T_F			0.9661
20543	4FTV_E	4U6H_A			0.8711
20544	4FTV_E	4U6H_C			0.7641
20545	4FTV_E	4U6H_D			0.7357
20546	4FTV_E	4ZS6_C			0.8647
20547	4FTV_E	4ZS6_H			0.8641
20548	4FZA_A	4NZW_A		u	0.9887
20549	4FZA_A	4O27_A		u	0.9807
20550	4FZA_B	4NZW_B			0.9737
20551	4FZA_B	4O27_B			0.939
20552	4G0N_A	5TAR_A			0.9496
20553	4G0N_A	5UFE_A			0.973
20554	4G0N_A	5UFQ_A			0.9764
20555	4G0N_A	5UFQ_B			0.9785
20556	4G0N_A	5XCO_A			0.969
20557	4G2V_A	4WND_A			0.9715
20558	4GNK_A	4GNK_C	p	u	1.003
20559	4GNK_B	4GNK_D	p	u	0.9943
20560	4GXU_A	4GXU_C	p	u	0.9946
20561	4GXU_A	4GXU_E	p	u	0.999
20562	4GXU_A	4GXU_G	p	u	0.9972
20563	4GXU_A	4GXU_I	p	u	0.9996
20564	4GXU_A	4GXU_K	p	u	0.9948
20565	4GXU_A	4NM8_A			0.9152
20566	4GXU_A	4NM8_C			0.9206
20567	4GXU_A	4NM8_E			0.9202
20573	4GXU_B	4NM8_B			0.9371
20587	4GXU_D	4NM8_B			0.9324
20599	4GXU_F	4NM8_B			0.9339
20609	4GXU_H	4NM8_B			0.9336
20617	4GXU_J	4NM8_B			0.9356
20623	4GXU_L	4NM8_B			0.9437
20629	4GXU_M	4I77_H			0.6808
20630	4GXU_M	4I77_L			0.7521
20640	4GXU_M	4L3E_D			0.7434
20641	4GXU_M	4L3E_E			0.7054
20652	4GXU_M	4OZG_G			0.737
20653	4GXU_M	4OZG_H			0.6565
20670	4GXU_N	4I77_H			0.7513
20671	4GXU_N	4I77_L			0.6913
20682	4GXU_N	4L3E_D			0.6607
20683	4GXU_N	4L3E_E			0.8213
20692	4GXU_N	4OZG_H			0.8029
20713	4GXU_O	4KRL_B			0.9255
20714	4GXU_O	4KRO_B			0.8462
20715	4GXU_O	4KRP_B			0.8992
20716	4GXU_O	5C6T_H			0.8865
20717	4GXU_O	5C6T_L			0.8654
20718	4GXU_O	5E9D_D			0.8741
20719	4GXU_O	5E9D_E			0.8444
20728	4GXU_P	4KRL_B			0.8302
20729	4GXU_P	4KRO_B			0.7261
20730	4GXU_P	4KRP_B			0.7569
20731	4GXU_P	5C6T_H			0.787
20732	4GXU_P	5C6T_L			0.9903
20733	4GXU_P	5E9D_D			0.8372
20734	4GXU_P	5E9D_E			0.8272
20738	4GXU_Q	4I77_H			0.7055
20739	4GXU_Q	4I77_L			0.7301
20752	4GXU_Q	4L3E_D			0.7279
20753	4GXU_Q	4L3E_E			0.7376
20764	4GXU_Q	4OZG_G			0.7197
20765	4GXU_Q	4OZG_H			0.6935
20780	4GXU_R	4I77_H			0.7177
20781	4GXU_R	4I77_L			0.7315
20794	4GXU_R	4L3E_D			0.6752
20795	4GXU_R	4L3E_E			0.7851
20806	4GXU_R	4OZG_H			0.7586
20825	4GXU_S	4KRL_B			0.9231
20826	4GXU_S	4KRO_B			0.8458
20827	4GXU_S	4KRP_B			0.8979
20828	4GXU_S	5C6T_H			0.8893
20829	4GXU_S	5C6T_L			0.8695
20830	4GXU_S	5E9D_D			0.8741
20831	4GXU_S	5E9D_E			0.8446
20838	4GXU_T	4KRL_B			0.8266
20839	4GXU_T	4KRO_B			0.7234
20840	4GXU_T	4KRP_B			0.7513
20841	4GXU_T	5C6T_H			0.783
20842	4GXU_T	5C6T_L			0.9889
20843	4GXU_T	5E9D_D			0.837
20844	4GXU_T	5E9D_E			0.8213
20850	4GXU_U	4KRL_B			0.9251
20851	4GXU_U	4KRO_B			0.8452
20852	4GXU_U	4KRP_B			0.8957
20853	4GXU_U	5C6T_H			0.8895
20854	4GXU_U	5C6T_L			0.8682
20855	4GXU_U	5E9D_D			0.8737
20856	4GXU_U	5E9D_E			0.8501
20861	4GXU_V	4KRL_B			0.8287
20862	4GXU_V	4KRO_B			0.7203
20863	4GXU_V	4KRP_B			0.7492
20864	4GXU_V	5C6T_H			0.7858
20865	4GXU_V	5C6T_L			0.9854
20866	4GXU_V	5E9D_D			0.8424
20867	4GXU_V	5E9D_E			0.8176
20871	4GXU_W	4KRL_B			0.9202
20872	4GXU_W	4KRO_B			0.844
20873	4GXU_W	4KRP_B			0.8941
20874	4GXU_W	5C6T_H			0.8866
20875	4GXU_W	5C6T_L			0.8662
20876	4GXU_W	5E9D_D			0.8766
20877	4GXU_W	5E9D_E			0.844
20880	4GXU_X	4KRL_B			0.8369
20881	4GXU_X	4KRO_B			0.7267
20882	4GXU_X	4KRP_B			0.7617
20883	4GXU_X	5C6T_H			0.7904
20884	4GXU_X	5C6T_L			0.9842
20885	4GXU_X	5E9D_D			0.8361
20886	4GXU_X	5E9D_E			0.8327
20890	4HFK_B	4HFK_D	p	u	1.008
20892	4HRN_C	4HRN_D	p	u	1.01
20893	4HSA_A	4HSA_B	p	u	0.863
20894	4HSA_A	4HSA_D	p	u	0.984
20895	4HSA_A	4HSA_E	p	u	0.8572
20900	4I77_H	4JFD_E			0.8334
20901	4I77_H	4JFE_E			0.836
20902	4I77_H	4JFF_E			0.8331
20903	4I77_H	4JPK_H			0.7446
20904	4I77_H	4JPK_L			0.6959
20905	4I77_H	4KRO_D			0.9452
20906	4I77_H	4KRP_D			0.9523
20907	4I77_H	4L3E_E			0.853
20908	4I77_H	4MNQ_E			0.8703
20909	4I77_H	4NM8_H			0.825
20910	4I77_H	4NM8_I			0.8228
20911	4I77_H	4NM8_J			0.8169
20912	4I77_H	4NM8_L			0.6533
20913	4I77_H	4NM8_M			0.6511
20914	4I77_H	4NM8_N			0.6548
20915	4I77_H	4OZG_F			0.8299
20916	4I77_H	4OZG_H			0.8385
20917	4I77_H	4P23_B			0.8466
20918	4I77_H	4P5T_B			0.8457
20919	4I77_H	4P5T_F			0.8529
20920	4I77_H	4U6H_A			0.9348
20921	4I77_H	4U6H_C			0.7475
20922	4I77_H	4U6H_D			0.6988
20923	4I77_H	4ZS6_C			0.9425
20924	4I77_H	4ZS6_H			0.9569
20925	4I77_L	4JFD_D			0.748
20926	4I77_L	4JFE_D			0.7462
20927	4I77_L	4JFF_D			0.7494
20928	4I77_L	4JPK_H			0.7129
20929	4I77_L	4JPK_L			0.8205
20930	4I77_L	4KRO_C			0.9853
20931	4I77_L	4KRP_C			0.9891
20932	4I77_L	4L3E_D			0.7511
20933	4I77_L	4MNQ_D			0.742
20934	4I77_L	4NM8_H			0.6522
20935	4I77_L	4NM8_I			0.6472
20936	4I77_L	4NM8_J			0.6506
20937	4I77_L	4NM8_L			0.8759
20938	4I77_L	4NM8_M			0.8789
20939	4I77_L	4NM8_N			0.8726
20940	4I77_L	4OZG_E			0.7169
20941	4I77_L	4OZG_G			0.7254
20942	4I77_L	4P23_A			0.7098
20943	4I77_L	4P5T_A			0.7255
20944	4I77_L	4P5T_E			0.7454
20945	4I77_L	4U6H_B			0.9697
20946	4I77_L	4U6H_C			0.6963
20947	4I77_L	4U6H_D			0.7789
20948	4I77_L	4ZS6_D			0.9759
20949	4I77_L	4ZS6_L			0.9924
20950	4I77_Z	4NKQ_C			0.6791
20951	4J2L_A	4J2L_B	p	u	0.9602
20954	4JFD_A	4K71_B			0.7901
20956	4JFD_A	4L3E_A		u	0.9733
20972	4JFD_C	4JFE_C			1.084
20973	4JFD_C	4JFF_C			1.097
20974	4JFD_C	4L3E_C			1.08
20975	4JFD_C	4N8V_C			0.7561
20976	4JFD_C	5E9D_C			1.064
20977	4JFD_C	5E9D_H			1.062
20984	4JFD_D	4L3E_D			0.9536
20993	4JFD_D	4OZG_G			0.8967
21007	4JFD_E	4L3E_E			0.9266
21013	4JFD_E	4OZG_H		u	0.9639
21023	4JFE_A	4K71_B			0.8101
21025	4JFE_A	4L3E_A		u	0.9762
21040	4JFE_C	4JFF_C			1.083
21041	4JFE_C	4L3E_C			1.077
21042	4JFE_C	5E9D_C			1.077
21043	4JFE_C	5E9D_H			1.064
21049	4JFE_D	4L3E_D			0.9643
21058	4JFE_D	4OZG_G			0.8963
21072	4JFE_E	4L3E_E			0.9404
21078	4JFE_E	4OZG_H		u	0.9679
21087	4JFF_A	4K71_B			0.8171
21089	4JFF_A	4L3E_A		u	0.9728
21103	4JFF_C	4L3E_C		u	1.078
21104	4JFF_C	5E9D_C		u	1.063
21105	4JFF_C	5E9D_H		u	1.065
21110	4JFF_D	4L3E_D			0.9631
21119	4JFF_D	4OZG_G			0.9
21131	4JFF_E	4L3E_E			0.9337
21137	4JFF_E	4OZG_H		u	0.9671
21151	4JPK_H	4L3E_D			0.7287
21152	4JPK_H	4L3E_E			0.7639
21163	4JPK_H	4OZG_G			0.7252
21164	4JPK_H	4OZG_H			0.719
21183	4JPK_L	4L3E_D			0.6986
21184	4JPK_L	4L3E_E			0.7455
21195	4JPK_L	4OZG_G			0.6826
21196	4JPK_L	4OZG_H			0.6966
21211	4K71_A	4K71_D	p	u	0.9956
21212	4K71_B	4K71_E	p	u	1.003
21213	4K71_B	4L3E_A			0.8017
21214	4K71_B	4MNQ_A			0.7866
21215	4K71_B	4N8V_A			0.8173
21216	4K71_B	4N8V_D			0.8207
21217	4K71_B	5E9D_A			0.7925
21218	4K71_B	5E9D_F			0.8022
21226	4K71_E	4L3E_A			0.8055
21238	4KRL_B	4KRO_B			0.8698
21239	4KRL_B	4KRP_B			0.895
21240	4KRL_B	5C6T_H			0.8783
21241	4KRL_B	5C6T_L			0.8501
21242	4KRL_B	5E9D_D			0.8726
21243	4KRL_B	5E9D_E			0.8454
21244	4KRL_B	5E9D_I			0.8688
21245	4KRL_B	5E9D_J			0.8456
21247	4KRO_B	4KRP_B			0.9135
21248	4KRO_B	5C6T_H			0.7687
21249	4KRO_B	5C6T_L			0.746
21250	4KRO_B	5E9D_D			0.7377
21251	4KRO_B	5E9D_E			0.7472
21252	4KRO_B	5E9D_I			0.7405
21253	4KRO_B	5E9D_J			0.7479
21255	4KRO_C	4L3E_D			0.749
21264	4KRO_C	4OZG_G			0.7274
21274	4KRO_D	4L3E_E			0.8385
21280	4KRO_D	4OZG_H			0.8618
21289	4KRP_B	5C6T_H			0.811
21290	4KRP_B	5C6T_L			0.777
21291	4KRP_B	5E9D_D			0.7858
21292	4KRP_B	5E9D_E			0.8015
21293	4KRP_B	5E9D_I			0.7884
21294	4KRP_B	5E9D_J			0.8019
21295	4KRP_C	4L3E_D			0.7505
21304	4KRP_C	4OZG_G			0.7277
21313	4KRP_D	4L3E_E			0.8458
21320	4KRP_D	4OZG_H			0.8632
21329	4L3E_A	4MNQ_A		u	0.9925
21330	4L3E_A	4N8V_A		u	0.9802
21331	4L3E_A	4N8V_D		u	0.9775
21332	4L3E_A	5E9D_A		u	0.9913
21333	4L3E_A	5E9D_F		u	0.9917
21343	4L3E_D	4MNQ_D			0.9079
21344	4L3E_D	4NM8_H			0.6902
21345	4L3E_D	4NM8_I			0.6759
21346	4L3E_D	4NM8_J			0.6847
21347	4L3E_D	4NM8_L			0.7222
21348	4L3E_D	4NM8_M			0.7275
21349	4L3E_D	4NM8_N			0.7253
21350	4L3E_D	4OZG_E			0.9068
21351	4L3E_D	4OZG_G			0.9118
21352	4L3E_D	4P23_A			0.9521
21353	4L3E_D	4P5T_A			0.9461
21354	4L3E_D	4P5T_E			0.9417
21355	4L3E_D	4U6H_B			0.7505
21356	4L3E_D	4U6H_C			0.7173
21357	4L3E_D	4U6H_D			0.7
21358	4L3E_D	4ZS6_D			0.7417
21359	4L3E_D	4ZS6_L			0.7424
21360	4L3E_E	4MNQ_E			0.9766
21361	4L3E_E	4NM8_H			0.8209
21362	4L3E_E	4NM8_I			0.8169
21363	4L3E_E	4NM8_J			0.8164
21364	4L3E_E	4NM8_L			0.7052
21365	4L3E_E	4NM8_M			0.7022
21366	4L3E_E	4NM8_N			0.7066
21367	4L3E_E	4OZG_F			0.9635
21368	4L3E_E	4OZG_H			0.953
21369	4L3E_E	4P23_B			0.9862
21370	4L3E_E	4P5T_B			0.9836
21371	4L3E_E	4P5T_F			0.9528
21372	4L3E_E	4U6H_A			0.8662
21373	4L3E_E	4U6H_C			0.781
21374	4L3E_E	4U6H_D			0.7403
21375	4L3E_E	4ZS6_C			0.8728
21376	4L3E_E	4ZS6_H			0.8676
21377	4LRX_A	4LRX_B	p	u	1.002
21387	4MNQ_C	4N8V_C			0.7131
21388	4MNQ_C	4N8V_F			0.7234
21396	4MNQ_D	4OZG_G			0.9003
21412	4MNQ_E	4OZG_H		u	0.9685
21422	4MYW_B	4MYW_D	p	u	0.9639
21434	4N8V_G	4N8V_I	p	u	0.9952
21435	4NKQ_B	4RS1_B		u	0.9096
21436	4NKQ_C	4RS1_A		u	0.9471
21439	4NM8_B	4NM8_D	p	u	1.005
21440	4NM8_B	4NM8_F	p	u	1.005
21450	4NM8_H	4OZG_G			0.6892
21451	4NM8_H	4OZG_H			0.772
21472	4NM8_I	4OZG_G			0.6854
21473	4NM8_I	4OZG_H			0.7697
21493	4NM8_J	4OZG_G			0.6916
21494	4NM8_J	4OZG_H			0.7681
21513	4NM8_L	4OZG_G			0.7055
21514	4NM8_L	4OZG_H			0.6597
21532	4NM8_M	4OZG_G			0.707
21549	4NM8_N	4OZG_G			0.7054
21550	4NM8_N	4OZG_H			0.6617
21565	4NZW_A	4O27_A		u	0.9916
21566	4NZW_B	4O27_B			0.9738
21567	4OFY_A	4OFY_B	p	u	1.004
21568	4OFY_A	4OFY_C	p	u	1.003
21570	4OFY_D	4OFY_E	p	u	1.0
21571	4OFY_D	4OFY_F	p	u	1.0
21574	4OZG_A	4P23_C			0.9815
21575	4OZG_A	4P5T_C			0.9872
21578	4OZG_B	4P23_D			0.9709
21579	4OZG_B	4P5T_D			0.9436
21581	4OZG_C	4P23_C			0.9723
21582	4OZG_C	4P5T_C			0.9783
21584	4OZG_D	4P23_D			0.9699
21585	4OZG_D	4P5T_D			0.9407
21587	4OZG_E	4OZG_G	p	u	0.9909
21596	4OZG_F	4OZG_H	p	u	0.9838
21605	4OZG_G	4P23_A			0.8705
21606	4OZG_G	4P5T_A			0.8594
21607	4OZG_G	4P5T_E			0.8606
21608	4OZG_G	4U6H_B			0.7322
21609	4OZG_G	4U6H_C			0.7107
21610	4OZG_G	4U6H_D			0.6906
21611	4OZG_G	4ZS6_D			0.7088
21612	4OZG_G	4ZS6_L			0.7076
21613	4OZG_H	4P23_B			0.9645
21614	4OZG_H	4P5T_B			0.9659
21615	4OZG_H	4P5T_F			0.9699
21616	4OZG_H	4U6H_A			0.8682
21617	4OZG_H	4U6H_C			0.7361
21618	4OZG_H	4U6H_D			0.7055
21619	4OZG_H	4ZS6_C			0.858
21620	4OZG_H	4ZS6_H			0.8619
21636	4P23_C	4P5T_C		u	0.9988
21637	4P23_C	4P5T_G		u	0.9993
21638	4P23_D	4P5T_D		u	0.9939
21639	4P23_D	4P5T_H		u	0.9962
21652	4P5T_C	4P5T_G	p	u	1.005
21653	4P5T_D	4P5T_H	p	u	1.004
21663	4PWX_A	4PWX_B	p	u	1.002
21664	4PWX_C	4PWX_E	p	u	1.003
21667	4RA0_C	4RA0_D	p	u	0.9799
21685	4U6H_E	4U6H_J	p	u	0.9969
21692	4X4M_E	4X4M_F	p	u	0.9828
21693	4Y61_B	4YEB_B			0.8177
21694	4YFD_A	4YH7_A		u	0.748
21695	4YFD_B	4YH7_B			0.8594
21696	4ZS6_A	4ZS6_B	p	u	1.004
21700	5C6T_H	5C6T_L	p		0.8017
21701	5C6T_H	5E9D_D			0.8198
21702	5C6T_H	5E9D_E			0.7871
21703	5C6T_H	5E9D_I			0.8156
21704	5C6T_H	5E9D_J			0.7885
21705	5C6T_L	5E9D_D			0.8519
21706	5C6T_L	5E9D_E			0.853
21707	5C6T_L	5E9D_I			0.8578
21708	5C6T_L	5E9D_J			0.856
21709	5CXB_A	5CXB_B	p		0.786
21711	5CXB_A	5CYK_B			0.7877
21712	5CXB_B	5CYK_A			0.7815
21713	5CXB_B	5CYK_B		u	0.9951
21714	5CYK_A	5CYK_B	p		0.7824
21718	5E9D_D	5E9D_E	p		0.8701
21719	5E9D_D	5E9D_I	p	u	1.004
21720	5E9D_D	5E9D_J	p		0.8685
21721	5E9D_E	5E9D_I	p		0.8749
21722	5E9D_E	5E9D_J	p	u	1.008
21724	5K39_A	5M2O_A			0.7796
21725	5TAR_A	5UFE_A		u	0.9533
21726	5TAR_A	5UFQ_A		u	0.9547
21728	5TAR_A	5XCO_A		u	0.9297
21729	5UFE_A	5UFQ_A		u	0.9777
21730	5UFE_A	5UFQ_B		u	0.9774
21731	5UFE_A	5XCO_A		u	0.9485
21732	5UFE_B	5UFQ_C			0.9659
21733	5UFE_B	5UFQ_D			0.9545
21734	5UFQ_A	5UFQ_B	p	u	1.005
21735	5UFQ_A	5XCO_A		u	0.9566
21736	5UFQ_B	5XCO_A		u	0.9575
21739	4NM8_B	4NM8_C	p	u	
21743	4NM8_B	4NM8_E	p	u	
21745	4NM8_A	4NM8_B	p	u	
21752	4GXU_A	4GXU_J	p	u	
21762	4GXU_A	4GXU_L	p	u	
21767	4GXU_A	4GXU_B	p	u	
21774	4GXU_A	4GXU_H	p	u	
21781	4GXU_A	4GXU_D	p	u	
21782	4GXU_A	4GXU_F	p	u	
21783	4O27_B	4O27_C	p	u	
21788	4J2L_C	4J2L_D	p	u	
21789	1DAN_T	1DAN_U	p	u	
21790	1DAN_H	1DAN_L	p	u	
21791	3LZF_A	3LZF_B	p	u	
21798	4E6K_G	4E6K_H	p	u	
21800	4GNK_B	4GNK_E	p	u	
21805	1XGR_B	1XGR_C	p		
21807	3NGB_H	3NGB_L	p		
21808	3NGB_C	3NGB_H	p		
21809	3NGB_G	3NGB_H	p		
21810	3NGB_H	3NGB_I	p		
21811	3NGB_H	3NGB_K	p		
21812	3NGB_A	3NGB_H	p		
21813	3NGB_D	3NGB_H	p		
21814	3NGB_F	3NGB_H	p		
21815	3NGB_G	3NGB_L	p		
21816	3NGB_B	3NGB_L	p		
21817	3NGB_I	3NGB_L	p		
21818	3NGB_A	3NGB_L	p		
21819	3NGB_J	3NGB_L	p		
21820	3NGB_D	3NGB_L	p		
21821	3NGB_E	3NGB_L	p		
21856	3VR6_A	3VR6_G	p		
21858	3VR6_D	3VR6_G	p		
21860	3VR6_C	3VR6_G	p		
21862	3VR6_F	3VR6_G	p		
21864	3VR6_G	3VR6_H	p		
21866	3VR6_B	3VR6_G	p		
21867	3VR6_E	3VR6_G	p		
21868	1P69_A	1P69_B	p		
21869	1NMB_L	1NMB_N	p		
21870	1NMB_H	1NMB_N	p		
21873	2J0T_C	2J0T_D	p		
21877	2J0T_B	2J0T_D	p		
21879	2J0T_A	2J0T_D	p		
21880	3HFM_L	3HFM_Y	p		
21881	3HFM_H	3HFM_Y	p		
21882	1A22_A	1A22_B	p		
21883	3M62_A	3M62_B	p		
21884	3NPS_A	3NPS_C	p		
21885	3NPS_A	3NPS_B	p		
21886	3BTM_E	3BTM_I	p		
21887	2VLP_A	2VLP_B	p		
21888	1TM3_E	1TM3_I	p		
21889	1XGP_B	1XGP_C	p		
21891	4YEB_A	4YEB_B	p		
21892	3D5R_A	3D5R_C	p		
21893	3D5R_B	3D5R_C	p		
21896	2O3B_A	2O3B_B	p		
21897	1GL0_E	1GL0_I	p		
21898	2AW2_B	2AW2_X	p		
21900	2AW2_A	2AW2_B	p		
21902	1SGP_E	1SGP_I	p		
21903	2B12_A	2B12_B	p		
21904	4Y61_A	4Y61_B	p		
21905	1CT4_E	1CT4_I	p		
21907	1XGU_B	1XGU_C	p		
21908	3N4I_A	3N4I_B	p		
21909	1SMF_E	1SMF_I	p		
21910	3BTG_E	3BTG_I	p		
21911	1BP3_A	1BP3_B	p		
21920	4NM8_B	4NM8_H	p		
21929	4NM8_B	4NM8_N	p		
21933	4NM8_B	4NM8_L	p		
21937	4NM8_B	4NM8_M	p		
21941	4NM8_B	4NM8_J	p		
21945	4NM8_B	4NM8_I	p		
21948	2BTF_A	2BTF_P	p		
21949	3D3V_C	3D3V_E	p		
21950	3D3V_D	3D3V_E	p		
21951	3D3V_B	3D3V_E	p		
21952	3D3V_A	3D3V_E	p		
21953	3D3V_C	3D3V_D	p		
21954	3D3V_B	3D3V_C	p		
21955	3D3V_A	3D3V_C	p		
21960	3PWP_B	3PWP_C	p		
21963	3PWP_A	3PWP_C	p		
21966	3PWP_C	3PWP_D	p		
21967	3PWP_C	3PWP_E	p		
21969	1E96_A	1E96_B	p		
21970	1SGD_E	1SGD_I	p		
21971	4WND_A	4WND_B	p		
21972	3R9A_A	3R9A_D	p		
21974	3R9A_A	3R9A_B	p		
21976	1A4Y_A	1A4Y_E	p		
21978	1A4Y_A	1A4Y_B	p		
21979	1A4Y_B	1A4Y_D	p		
21980	1H9D_A	1H9D_B	p		
21981	1H9D_B	1H9D_C	p		
21984	4KRO_B	4KRO_D	p		
21985	4KRO_A	4KRO_B	p		
21986	4KRO_B	4KRO_C	p		
21990	2GOX_B	2GOX_C	p		
21992	2GOX_A	2GOX_B	p		
21994	1WQJ_B	1WQJ_I	p		
21995	1CT2_E	1CT2_I	p		
21996	4JEU_A	4JEU_B	p		
21997	1TM4_E	1TM4_I	p		
21998	4B0M_A	4B0M_B	p		
21999	4B0M_A	4B0M_M	p		
22000	4B0M_B	4B0M_M	p		
22001	5F4E_A	5F4E_B	p		
22004	1EFN_A	1EFN_D	p		
22005	1EFN_A	1EFN_B	p		
22056	4GXU_A	4GXU_N	p		
22077	4GXU_A	4GXU_O	p		
22097	4GXU_A	4GXU_T	p		
22115	4GXU_A	4GXU_W	p		
22131	4GXU_A	4GXU_V	p		
22139	4GXU_A	4GXU_S	p		
22158	4GXU_A	4GXU_M	p		
22162	4GXU_A	4GXU_U	p		
22170	4GXU_A	4GXU_X	p		
22174	4GXU_A	4GXU_P	p		
22175	4GXU_A	4GXU_R	p		
22176	4GXU_A	4GXU_Q	p		
22182	1R0R_E	1R0R_I	p		
22183	3NCC_A	3NCC_B	p		
22184	5K39_A	5K39_B	p		
22185	2VLO_A	2VLO_B	p		
22186	3W2D_A	3W2D_L	p		
22187	3W2D_A	3W2D_H	p		
22188	4HRN_B	4HRN_D	p		
22189	4HRN_A	4HRN_D	p		
22193	1KIQ_B	1KIQ_C	p		
22194	1YQV_L	1YQV_Y	p		
22195	1YQV_H	1YQV_Y	p		
22196	1BD2_A	1BD2_B	p		
22197	1BD2_A	1BD2_E	p		
22198	1BD2_A	1BD2_D	p		
22199	1BD2_A	1BD2_C	p		
22200	1BD2_B	1BD2_E	p		
22201	1BD2_B	1BD2_D	p		
22202	1BD2_B	1BD2_C	p		
22203	1BD2_D	1BD2_E	p		
22204	1BD2_C	1BD2_E	p		
22205	1BD2_C	1BD2_D	p		
22206	1P6A_A	1P6A_B	p		
22207	4L3E_D	4L3E_E	p		
22208	4L3E_C	4L3E_E	p		
22209	4L3E_B	4L3E_E	p		
22210	4L3E_A	4L3E_E	p		
22211	4L3E_C	4L3E_D	p		
22212	4L3E_B	4L3E_D	p		
22213	4L3E_A	4L3E_D	p		
22215	4L3E_A	4L3E_C	p		
22216	4L3E_A	4L3E_B	p		
22217	3EQY_A	3EQY_C	p		
22219	3EQY_B	3EQY_C	p		
22221	3U82_A	3U82_B	p		
22222	3QDG_A	3QDG_D	p		
22223	3QDG_C	3QDG_D	p		
22224	3QDG_D	3QDG_E	p		
22225	3QDG_B	3QDG_D	p		
22227	3QDG_A	3QDG_E	p		
22229	3QDG_C	3QDG_E	p		
22231	3QDG_B	3QDG_E	p		
22232	1Y1K_E	1Y1K_I	p		
22233	1MAH_A	1MAH_F	p		
22234	1Y3D_E	1Y3D_I	p		
22235	3N06_A	3N06_B	p		
22240	2E7L_F	2E7L_Q	p		
22243	2E7L_B	2E7L_Q	p		
22249	2E7L_D	2E7L_Q	p		
22251	2E7L_C	2E7L_Q	p		
22253	2E7L_A	2E7L_Q	p		
22254	2E7L_E	2E7L_Q	p		
22256	2OOB_A	2OOB_B	p		
22257	3MZG_A	3MZG_B	p		
22258	3D5S_A	3D5S_C	p		
22260	3D5S_B	3D5S_C	p		
22264	3KBH_A	3KBH_H	p		
22268	3KBH_A	3KBH_F	p		
22270	3KBH_B	3KBH_E	p		
22271	3KBH_D	3KBH_E	p		
22272	3KBH_A	3KBH_E	p		
22273	3KBH_C	3KBH_E	p		
22276	3KBH_A	3KBH_G	p		
22278	1FY8_E	1FY8_I	p		
22280	3C60_D	3C60_F	p		
22282	3C60_C	3C60_F	p		
22286	3C60_B	3C60_D	p		
22288	3C60_B	3C60_C	p		
22292	3C60_C	3C60_H	p		
22295	3C60_A	3C60_D	p		
22296	3C60_C	3C60_D	p		
22297	3C60_D	3C60_G	p		
22298	3C60_D	3C60_E	p		
22299	3C60_A	3C60_C	p		
22301	3C60_C	3C60_E	p		
22303	3QDJ_A	3QDJ_D	p		
22304	3QDJ_D	3QDJ_E	p		
22305	3QDJ_C	3QDJ_D	p		
22306	3QDJ_B	3QDJ_D	p		
22307	3QDJ_A	3QDJ_E	p		
22308	3QDJ_A	3QDJ_C	p		
22310	3QDJ_C	3QDJ_E	p		
22311	3QDJ_B	3QDJ_E	p		
22312	3QDJ_B	3QDJ_C	p		
22313	4P5T_C	4P5T_D	p		
22314	4P5T_D	4P5T_F	p		
22315	4P5T_D	4P5T_E	p		
22316	4P5T_D	4P5T_G	p		
22317	4P5T_A	4P5T_D	p		
22318	4P5T_B	4P5T_D	p		
22319	4P5T_C	4P5T_F	p		
22320	4P5T_C	4P5T_E	p		
22321	4P5T_A	4P5T_C	p		
22322	4P5T_B	4P5T_C	p		
22323	4P5T_C	4P5T_H	p		
22337	4O27_A	4O27_B	p		
22338	4O27_A	4O27_C	p		
22339	4JFE_C	4JFE_D	p		
22343	4JFE_C	4JFE_E	p		
22344	4JFE_A	4JFE_C	p		
22345	4JFE_B	4JFE_C	p		
22352	4HSA_A	4HSA_F	p		
22355	4HSA_A	4HSA_C	p		
22357	2B0Z_A	2B0Z_B	p		
22358	2AK4_E	2AK4_T	p		
22364	2AK4_A	2AK4_T	p		
22369	2AK4_C	2AK4_T	p		
22374	2AK4_E	2AK4_K	p		
22375	2AK4_E	2AK4_I	p		
22376	2AK4_D	2AK4_E	p		
22377	2AK4_E	2AK4_L	p		
22378	2AK4_A	2AK4_E	p		
22379	2AK4_E	2AK4_R	p		
22380	2AK4_E	2AK4_N	p		
22381	2AK4_E	2AK4_G	p		
22382	2AK4_E	2AK4_H	p		
22383	2AK4_E	2AK4_S	p		
22384	2AK4_C	2AK4_E	p		
22385	2AK4_E	2AK4_Q	p		
22386	2AK4_E	2AK4_M	p		
22387	2AK4_E	2AK4_F	p		
22388	2AK4_B	2AK4_E	p		
22393	2AK4_D	2AK4_K	p		
22400	2AK4_C	2AK4_K	p		
22407	2AK4_A	2AK4_I	p		
22412	2AK4_C	2AK4_I	p		
22417	2AK4_D	2AK4_P	p		
22419	2AK4_A	2AK4_P	p		
22425	2AK4_C	2AK4_P	p		
22430	2AK4_D	2AK4_J	p		
22432	2AK4_A	2AK4_J	p		
22438	2AK4_C	2AK4_J	p		
22443	2AK4_D	2AK4_U	p		
22445	2AK4_A	2AK4_U	p		
22451	2AK4_C	2AK4_U	p		
22456	2AK4_D	2AK4_L	p		
22457	2AK4_A	2AK4_D	p		
22458	2AK4_D	2AK4_R	p		
22459	2AK4_D	2AK4_G	p		
22460	2AK4_D	2AK4_H	p		
22461	2AK4_D	2AK4_S	p		
22462	2AK4_C	2AK4_D	p		
22463	2AK4_D	2AK4_Q	p		
22464	2AK4_D	2AK4_M	p		
22465	2AK4_D	2AK4_F	p		
22466	2AK4_B	2AK4_D	p		
22467	2AK4_A	2AK4_L	p		
22471	2AK4_C	2AK4_L	p		
22475	2AK4_A	2AK4_R	p		
22476	2AK4_A	2AK4_N	p		
22477	2AK4_A	2AK4_G	p		
22478	2AK4_A	2AK4_H	p		
22479	2AK4_A	2AK4_S	p		
22480	2AK4_A	2AK4_C	p		
22481	2AK4_A	2AK4_M	p		
22482	2AK4_A	2AK4_B	p		
22486	2AK4_C	2AK4_R	p		
22493	2AK4_C	2AK4_N	p		
22500	2AK4_C	2AK4_G	p		
22510	2AK4_C	2AK4_Q	p		
22511	2AK4_C	2AK4_F	p		
22512	2AK4_B	2AK4_C	p		
22518	1X1W_A	1X1W_D	p		
22519	1X1W_C	1X1W_D	p		
22520	1X1W_B	1X1W_D	p		
22527	2G2W_A	2G2W_B	p		
22530	3RF3_A	3RF3_C	p		
22531	3RF3_B	3RF3_C	p		
22532	4P23_A	4P23_D	p		
22533	4P23_B	4P23_D	p		
22534	4P23_C	4P23_D	p		
22536	4P23_A	4P23_C	p		
22537	4P23_B	4P23_C	p		
22540	3BX1_A	3BX1_C	p		
22541	3BX1_B	3BX1_C	p		
22542	2BDN_A	2BDN_H	p		
22543	2BDN_A	2BDN_L	p		
22545	1FFW_B	1FFW_C	p		
22546	1FFW_A	1FFW_D	p		
22547	1FFW_A	1FFW_B	p		
22548	4KRL_A	4KRL_B	p		
22549	3KUD_A	3KUD_B	p		
22554	2NZ9_A	2NZ9_C	p		
22555	2NZ9_A	2NZ9_F	p		
22556	2NZ9_A	2NZ9_E	p		
22557	2NZ9_A	2NZ9_D	p		
22558	3SGB_E	3SGB_I	p		
22559	1CSE_E	1CSE_I	p		
22560	1K8R_A	1K8R_B	p		
22561	2PCC_A	2PCC_D	p		
22562	2PCC_A	2PCC_B	p		
22564	2PCC_B	2PCC_C	p		
22565	3Q3J_A	3Q3J_B	p		
22568	3UIG_A	3UIG_P	p		
22569	3UIG_A	3UIG_Q	p		
22570	1ACB_E	1ACB_I	p		
22573	1FCC_A	1FCC_C	p		
22574	1FCC_B	1FCC_C	p		
22575	1TO1_E	1TO1_I	p		
22576	2C5D_B	2C5D_C	p		
22578	2C5D_A	2C5D_C	p		
22581	3SE3_A	3SE3_B	p		
22582	3SE3_A	3SE3_C	p		
22583	1N8O_B	1N8O_E	p		
22584	1N8O_A	1N8O_E	p		
22585	1N8O_C	1N8O_E	p		
22586	4NKQ_A	4NKQ_C	p		
22587	4NKQ_B	4NKQ_C	p		
22588	4NKQ_A	4NKQ_B	p		
22589	2JCC_A	2JCC_I	p		
22597	2JCC_A	2JCC_B	p		
22605	2JCC_A	2JCC_L	p		
22606	2JCC_A	2JCC_C	p		
22607	2JCC_A	2JCC_E	p		
22608	2JCC_A	2JCC_F	p		
22609	2JCC_A	2JCC_J	p		
22610	2JCC_A	2JCC_M	p		
22629	4RS1_A	4RS1_B	p		
22631	1Z7X_W	1Z7X_X	p		
22633	1Z7X_W	1Z7X_Z	p		
22634	1MLC_A	1MLC_E	p		
22635	1MLC_A	1MLC_F	p		
22636	1MLC_B	1MLC_E	p		
22637	1MLC_B	1MLC_F	p		
22643	1XD3_A	1XD3_B	p		
22645	1XD3_B	1XD3_C	p		
22646	1TMG_E	1TMG_I	p		
22647	3M63_A	3M63_B	p		
22648	4MYW_B	4MYW_C	p		
22649	4MYW_A	4MYW_B	p		
22652	1Y48_E	1Y48_I	p		
22653	2C0L_A	2C0L_B	p		
22654	2VIS_B	2VIS_C	p		
22655	2VIS_A	2VIS_C	p		
22656	2VLQ_A	2VLQ_B	p		
22657	1M9E_B	1M9E_D	p		
22659	1M9E_A	1M9E_D	p		
22661	4EKD_A	4EKD_B	p		
22662	1YCS_A	1YCS_B	p		
22663	1Y3B_E	1Y3B_I	p		
22664	2BNR_C	2BNR_D	p		
22666	2BNR_A	2BNR_D	p		
22668	2BNR_B	2BNR_C	p		
22669	2BNR_A	2BNR_C	p		
22670	2BNR_C	2BNR_E	p		
22671	2BNR_A	2BNR_B	p		
22673	2BNR_A	2BNR_E	p		
22675	1XGQ_B	1XGQ_C	p		
22678	2J1K_A	2J1K_C	p		
22690	2J1K_C	2J1K_J	p		
22702	2J1K_B	2J1K_C	p		
22730	2J1K_C	2J1K_G	p		
22740	2J1K_C	2J1K_T	p		
22741	2J1K_C	2J1K_P	p		
22742	2J1K_C	2J1K_V	p		
22743	2J1K_C	2J1K_Y	p		
22744	2J1K_C	2J1K_O	p		
22745	2J1K_C	2J1K_X	p		
22746	2J1K_C	2J1K_Z	p		
22747	2J1K_C	2J1K_K	p		
22820	1B2U_B	1B2U_D	p		
22821	1B2U_A	1B2U_D	p		
22822	1B2U_C	1B2U_D	p		
22824	1B2U_A	1B2U_E	p		
22827	1B2U_A	1B2U_F	p		
22829	2DVW_A	2DVW_B	p		
22830	3AAA_B	3AAA_C	p		
22831	3AAA_A	3AAA_C	p		
22832	1C4Z_B	1C4Z_D	p		
22833	1C4Z_A	1C4Z_D	p		
22834	1C4Z_C	1C4Z_D	p		
22842	2UWE_A	2UWE_E	p		
22849	2UWE_A	2UWE_M	p		
22855	2UWE_A	2UWE_J	p		
22861	2UWE_A	2UWE_F	p		
22865	2UWE_A	2UWE_B	p		
22869	2UWE_A	2UWE_L	p		
22872	2UWE_A	2UWE_C	p		
22874	2UWE_A	2UWE_I	p		
22876	2I26_N	2I26_Q	p		
22880	2I26_M	2I26_N	p		
22881	2I26_L	2I26_N	p		
22884	2NYY_A	2NYY_C	p		
22885	2NYY_A	2NYY_D	p		
22887	4PWX_B	4PWX_D	p		
22888	4PWX_A	4PWX_D	p		
22889	4PWX_C	4PWX_D	p		
22890	4PWX_B	4PWX_E	p		
22891	4PWX_A	4PWX_E	p		
22893	4PWX_B	4PWX_F	p		
22894	4PWX_B	4PWX_C	p		
22895	4PWX_A	4PWX_F	p		
22896	4PWX_A	4PWX_C	p		
22897	4PWX_C	4PWX_F	p		
22898	2HLE_A	2HLE_B	p		
22899	4K71_A	4K71_B	p		
22900	4K71_B	4K71_D	p		
22901	4K71_B	4K71_F	p		
22902	4K71_B	4K71_C	p		
22903	4K71_A	4K71_E	p		
22904	4K71_A	4K71_F	p		
22905	4K71_A	4K71_C	p		
22911	1JTD_A	1JTD_B	p		
22912	2PCB_A	2PCB_B	p		
22920	1LP9_A	1LP9_I	p		
22927	1LP9_A	1LP9_J	p		
22934	1LP9_A	1LP9_C	p		
22943	1LP9_A	1LP9_F	p		
22947	1LP9_A	1LP9_M	p		
22950	1LP9_A	1LP9_B	p		
22952	1LP9_A	1LP9_L	p		
22953	1LP9_A	1LP9_E	p		
22954	4G2V_A	4G2V_B	p		
22956	2AJF_B	2AJF_E	p		
22957	2AJF_A	2AJF_F	p		
22958	2AJF_A	2AJF_E	p		
22959	4J2L_A	4J2L_D	p		
22960	4J2L_A	4J2L_C	p		
22962	4J2L_B	4J2L_C	p		
22963	1DAN_L	1DAN_T	p		
22964	1DAN_H	1DAN_T	p		
22965	1DAN_L	1DAN_U	p		
22966	1DAN_H	1DAN_U	p		
22967	1S0W_B	1S0W_C	p		
22968	1S0W_A	1S0W_C	p		
22971	1LFD_A	1LFD_D	p		
22972	1LFD_A	1LFD_B	p		
22974	1LFD_B	1LFD_C	p		
22975	1N8Z_B	1N8Z_C	p		
22976	1N8Z_A	1N8Z_B	p		
22977	1N8Z_A	1N8Z_C	p		
22978	4HFK_A	4HFK_B	p		
22979	4HFK_B	4HFK_C	p		
22980	4HFK_A	4HFK_D	p		
22981	4HFK_C	4HFK_D	p		
22982	4X4M_A	4X4M_E	p		
22983	4X4M_D	4X4M_E	p		
22984	4X4M_B	4X4M_E	p		
22985	4X4M_C	4X4M_E	p		
22990	2NU4_E	2NU4_I	p		
22991	3QIB_A	3QIB_B	p		
22992	3QIB_A	3QIB_D	p		
22993	3QIB_A	3QIB_P	p		
22994	3QIB_A	3QIB_C	p		
22995	3QIB_B	3QIB_D	p		
22996	3QIB_B	3QIB_P	p		
22997	3QIB_B	3QIB_C	p		
22998	3QIB_D	3QIB_P	p		
22999	3QIB_C	3QIB_D	p		
23000	3QIB_C	3QIB_P	p		
23001	3LZF_A	3LZF_H	p		
23002	3LZF_A	3LZF_L	p		
23012	2VLR_D	2VLR_E	p		
23020	2VLR_E	2VLR_I	p		
23026	2VLR_A	2VLR_E	p		
23035	2VLR_B	2VLR_E	p		
23039	2VLR_E	2VLR_G	p		
23042	2VLR_E	2VLR_F	p		
23044	2VLR_C	2VLR_E	p		
23045	2VLR_E	2VLR_H	p		
23046	3BP8_A	3BP8_D	p		
23047	3BP8_A	3BP8_C	p		
23049	3BP8_B	3BP8_C	p		
23050	3LB6_A	3LB6_D	p		
23051	3LB6_A	3LB6_C	p		
23060	2J8U_A	2J8U_J	p		
23067	2J8U_A	2J8U_I	p		
23074	2J8U_A	2J8U_M	p		
23083	2J8U_A	2J8U_B	p		
23086	2J8U_A	2J8U_E	p		
23089	2J8U_A	2J8U_L	p		
23091	2J8U_A	2J8U_C	p		
23093	2J8U_A	2J8U_F	p		
23094	2NU2_E	2NU2_I	p		
23096	3SF4_A	3SF4_F	p		
23099	3SF4_C	3SF4_D	p		
23100	3SF4_A	3SF4_E	p		
23102	3SF4_A	3SF4_D	p		
23103	3SF4_B	3SF4_D	p		
23105	1JTG_A	1JTG_D	p		
23106	1JTG_B	1JTG_C	p		
23107	1JTG_A	1JTG_B	p		
23109	3QFJ_C	3QFJ_D	p		
23112	3QFJ_B	3QFJ_C	p		
23115	3QFJ_C	3QFJ_E	p		
23116	3QFJ_A	3QFJ_C	p		
23118	4RA0_A	4RA0_C	p		
23120	4RA0_B	4RA0_C	p		
23122	1SGY_E	1SGY_I	p		
23123	3BK3_A	3BK3_C	p		
23125	3BK3_B	3BK3_C	p		
23127	2P5E_A	2P5E_D	p		
23128	2P5E_B	2P5E_D	p		
23129	2P5E_C	2P5E_D	p		
23130	2P5E_D	2P5E_E	p		
23139	4LRX_A	4LRX_D	p		
23140	4LRX_A	4LRX_C	p		
23143	1GC1_C	1GC1_G	p		
23144	1GC1_C	1GC1_L	p		
23145	1GC1_C	1GC1_H	p		
23148	3H9S_A	3H9S_E	p		
23151	3H9S_A	3H9S_B	p		
23153	3H9S_A	3H9S_C	p		
23155	3H9S_A	3H9S_D	p		
23157	2B11_B	2B11_C	p		
23159	2B11_A	2B11_B	p		
23161	2OI9_B	2OI9_Q	p		
23162	2OI9_A	2OI9_Q	p		
23164	2OI9_C	2OI9_Q	p		
23165	1GL1_C	1GL1_I	p		
23166	1GL1_A	1GL1_I	p		
23167	1GL1_B	1GL1_I	p		
23174	1FR2_A	1FR2_B	p		
23175	3SEK_B	3SEK_C	p		
23176	1C1Y_A	1C1Y_B	p		
23177	4JPK_A	4JPK_L	p		
23178	4JPK_A	4JPK_H	p		
23179	1MI5_C	1MI5_E	p		
23180	1MI5_D	1MI5_E	p		
23181	1MI5_A	1MI5_E	p		
23182	1MI5_B	1MI5_E	p		
23183	1MI5_C	1MI5_D	p		
23186	1MI5_A	1MI5_D	p		
23187	1MI5_B	1MI5_D	p		
23189	3UII_A	3UII_P	p		
23191	3UII_A	3UII_Q	p		
23193	3BTQ_E	3BTQ_I	p		
23194	1OGA_A	1OGA_C	p		
23195	1OGA_A	1OGA_B	p		
23196	1OGA_A	1OGA_D	p		
23197	1OGA_A	1OGA_E	p		
23199	1OGA_C	1OGA_D	p		
23200	1OGA_C	1OGA_E	p		
23201	1OGA_B	1OGA_D	p		
23202	1OGA_B	1OGA_E	p		
23203	1OGA_D	1OGA_E	p		
23204	1KIP_B	1KIP_C	p		
23206	3BTH_E	3BTH_I	p		
23207	2FTL_E	2FTL_I	p		
23208	4G0N_A	4G0N_B	p		
23209	1CBW_A	1CBW_I	p		
23215	1CBW_F	1CBW_I	p		
23216	1CBW_H	1CBW_I	p		
23217	1CBW_G	1CBW_I	p		
23218	1CBW_C	1CBW_I	p		
23219	1CBW_B	1CBW_I	p		
23230	1KIR_A	1KIR_C	p		
23231	1CSO_E	1CSO_I	p		
23232	3NCB_A	3NCB_B	p		
23233	4YFD_A	4YFD_B	p		
23234	2SIC_E	2SIC_I	p		
23235	1REW_B	1REW_C	p		
23237	1REW_A	1REW_C	p		
23239	3G6D_H	3G6D_L	p		
23241	3G6D_A	3G6D_H	p		
23242	2G2U_A	2G2U_B	p		
23243	2B10_B	2B10_C	p		
23244	2B10_A	2B10_B	p		
23247	1SGE_E	1SGE_I	p		
23248	2B42_A	2B42_B	p		
23249	1Y34_E	1Y34_I	p		
23250	5C6T_A	5C6T_L	p		
23251	5C6T_A	5C6T_H	p		
23252	1CT0_E	1CT0_I	p		
23254	3HH2_B	3HH2_C	p		
23256	3HH2_A	3HH2_C	p		
23258	1BJ1_H	1BJ1_W	p		
23262	1BJ1_H	1BJ1_J	p		
23264	1BJ1_H	1BJ1_V	p		
23267	1BJ1_H	1BJ1_L	p		
23269	1B3S_A	1B3S_F	p		
23272	1B3S_A	1B3S_E	p		
23273	1B3S_A	1B3S_D	p		
23276	1B3S_C	1B3S_D	p		
23277	1B3S_B	1B3S_D	p		
23282	3LNZ_B	3LNZ_I	p		
23290	3LNZ_B	3LNZ_O	p		
23298	3LNZ_B	3LNZ_C	p		
23322	3LNZ_B	3LNZ_K	p		
23326	3LNZ_B	3LNZ_M	p		
23330	3LNZ_A	3LNZ_B	p		
23334	3LNZ_B	3LNZ_G	p		
23335	3LNZ_B	3LNZ_E	p		
23342	1VFB_A	1VFB_C	p		
23343	1VFB_B	1VFB_C	p		
23344	2BNQ_A	2BNQ_C	p		
23348	2BNQ_C	2BNQ_D	p		
23349	2BNQ_C	2BNQ_E	p		
23350	2BNQ_B	2BNQ_C	p		
23355	1EAW_A	1EAW_B	p		
23357	1EAW_A	1EAW_D	p		
23358	1GRN_A	1GRN_B	p		
23359	5M2O_A	5M2O_B	p		
23362	5UFQ_A	5UFQ_C	p		
23363	5UFQ_A	5UFQ_D	p		
23364	4NZW_A	4NZW_B	p		
23365	4MNQ_C	4MNQ_E	p		
23366	4MNQ_B	4MNQ_C	p		
23367	4MNQ_A	4MNQ_C	p		
23368	4MNQ_C	4MNQ_D	p		
23375	1IAR_A	1IAR_B	p		
23376	1KTZ_A	1KTZ_B	p		
23379	1QSE_C	1QSE_D	p		
23382	1QSE_B	1QSE_C	p		
23384	1QSE_A	1QSE_C	p		
23386	1QSE_C	1QSE_E	p		
23387	3BTW_E	3BTW_I	p		
23388	3N0P_A	3N0P_B	p		
23389	3F1S_A	3F1S_B	p		
23390	1KBH_A	1KBH_B	p		
23391	1JRH_I	1JRH_L	p		
23392	1JRH_H	1JRH_I	p		
23393	3QHY_A	3QHY_B	p		
23394	4FTV_B	4FTV_D	p		
23395	4FTV_C	4FTV_D	p		
23396	4FTV_A	4FTV_D	p		
23397	4FTV_D	4FTV_E	p		
23399	4FTV_A	4FTV_B	p		
23400	4FTV_B	4FTV_E	p		
23401	4FTV_A	4FTV_C	p		
23402	4FTV_C	4FTV_E	p		
23403	4FTV_A	4FTV_E	p		
23404	5E6P_A	5E6P_B	p		
23405	5UFE_A	5UFE_B	p		
23406	1NCA_H	1NCA_N	p		
23408	1AO7_B	1AO7_E	p		
23409	1AO7_A	1AO7_B	p		
23410	1AO7_B	1AO7_C	p		
23411	1AO7_B	1AO7_D	p		
23412	1AO7_A	1AO7_E	p		
23413	1AO7_C	1AO7_E	p		
23414	1AO7_D	1AO7_E	p		
23415	1AO7_A	1AO7_C	p		
23416	1AO7_A	1AO7_D	p		
23417	1AO7_C	1AO7_D	p		
23418	1TM7_E	1TM7_I	p		
23419	1Y3C_E	1Y3C_I	p		
23421	4E6K_A	4E6K_G	p		
23428	4E6K_F	4E6K_G	p		
23429	4E6K_C	4E6K_G	p		
23430	4E6K_E	4E6K_G	p		
23431	4E6K_B	4E6K_G	p		
23432	4E6K_D	4E6K_G	p		
23438	1KNE_A	1KNE_P	p		
23439	4OFY_A	4OFY_F	p		
23442	4OFY_A	4OFY_D	p		
23443	4OFY_A	4OFY_E	p		
23444	4OFY_C	4OFY_D	p		
23445	4OFY_B	4OFY_D	p		
23450	3EG5_A	3EG5_B	p		
23451	3EG5_A	3EG5_D	p		
23452	1PPF_E	1PPF_I	p		
23453	3BN9_B	3BN9_F	p		
23454	3BN9_B	3BN9_D	p		
23455	3BN9_B	3BN9_E	p		
23456	3BN9_B	3BN9_C	p		
23460	3BN9_D	3BN9_E	p		
23461	3BN9_C	3BN9_D	p		
23462	3BN9_A	3BN9_D	p		
23467	4CPA_A	4CPA_I	p		
23468	4CPA_B	4CPA_I	p		
23469	2DSQ_H	2DSQ_I	p		
23470	2DSQ_B	2DSQ_I	p		
23471	2DSQ_G	2DSQ_I	p		
23472	2DSQ_A	2DSQ_I	p		
23481	2NU1_E	2NU1_I	p		
23482	1YY9_A	1YY9_D	p		
23483	1YY9_A	1YY9_C	p		
23484	1F5R_A	1F5R_I	p		
23485	3EQS_A	3EQS_B	p		
23488	1E50_B	1E50_G	p		
23490	1E50_A	1E50_H	p		
23495	1E50_A	1E50_F	p		
23500	1E50_A	1E50_B	p		
23501	1E50_A	1E50_D	p		
23502	1E50_B	1E50_C	p		
23503	1E50_B	1E50_E	p		
23504	1E50_B	1E50_Q	p		
23505	1E50_B	1E50_R	p		
23510	3BTD_E	3BTD_I	p		
23511	3WWN_A	3WWN_B	p		
23512	3SE8_G	3SE8_L	p		
23513	3SE8_G	3SE8_H	p		
23515	4GNK_A	4GNK_D	p		
23516	4GNK_B	4GNK_C	p		
23518	4GNK_A	4GNK_B	p		
23519	4GNK_A	4GNK_E	p		
23520	4ZS6_A	4ZS6_D	p		
23521	4ZS6_A	4ZS6_C	p		
23522	4ZS6_A	4ZS6_L	p		
23523	4ZS6_A	4ZS6_H	p		
23531	1FC2_C	1FC2_D	p		
23532	2VIR_B	2VIR_C	p		
23533	2VIR_A	2VIR_C	p		
23534	2J12_A	2J12_B	p		
23535	1GUA_A	1GUA_B	p		
23537	1BRS_A	1BRS_F	p		
23540	1BRS_A	1BRS_E	p		
23542	1BRS_B	1BRS_D	p		
23543	1BRS_A	1BRS_D	p		
23544	1BRS_C	1BRS_D	p		
23547	4JGH_B	4JGH_D	p		
23549	4JGH_A	4JGH_D	p		
23550	4JGH_C	4JGH_D	p		
23555	3SZK_C	3SZK_D	p		
23556	3SZK_B	3SZK_C	p		
23557	3SZK_C	3SZK_E	p		
23558	3SZK_A	3SZK_C	p		
23559	2GYK_A	2GYK_F	p		
23560	2GYK_A	2GYK_B	p		
23563	1SIB_E	1SIB_I	p		
23564	1X1X_A	1X1X_D	p		
23565	1X1X_B	1X1X_D	p		
23566	1X1X_C	1X1X_D	p		
23573	3BTE_E	3BTE_I	p		
23575	3L5X_A	3L5X_L	p		
23576	4L0P_A	4L0P_B	p		
23580	4OZG_B	4OZG_H	p		
23581	4OZG_B	4OZG_G	p		
23587	4OZG_F	4OZG_G	p		
23593	4OZG_H	4OZG_I	p		
23594	4OZG_G	4OZG_I	p		
23598	4OZG_C	4OZG_H	p		
23599	4OZG_C	4OZG_G	p		
23603	4OZG_G	4OZG_H	p		
23604	4OZG_E	4OZG_H	p		
23605	4OZG_D	4OZG_H	p		
23606	4OZG_H	4OZG_J	p		
23607	4OZG_A	4OZG_H	p		
23608	4OZG_D	4OZG_G	p		
23609	4OZG_G	4OZG_J	p		
23610	4OZG_A	4OZG_G	p		
23618	2REX_A	2REX_D	p		
23619	2REX_B	2REX_C	p		
23620	2REX_A	2REX_B	p		
23621	2HRK_A	2HRK_B	p		
23622	1B41_A	1B41_B	p		
23623	2JEL_L	2JEL_P	p		
23624	2JEL_H	2JEL_P	p		
23625	1CHO_F	1CHO_I	p		
23626	1CHO_E	1CHO_I	p		
23627	1CHO_G	1CHO_I	p		
23628	3TGK_E	3TGK_I	p		
23629	1AK4_A	1AK4_D	p		
23630	1AK4_B	1AK4_D	p		
23633	3N85_A	3N85_L	p		
23634	3N85_H	3N85_L	p		
23635	3N85_A	3N85_H	p		
23636	4YH7_A	4YH7_B	p		
23637	2NU0_E	2NU0_I	p		
23638	1EMV_A	1EMV_B	p		
23639	2VLN_A	2VLN_B	p		
23640	1FSS_A	1FSS_B	p		
23642	4JFD_C	4JFD_E	p		
23645	4JFD_C	4JFD_D	p		
23648	4JFD_A	4JFD_C	p		
23649	4JFD_B	4JFD_C	p		
23651	1SBB_A	1SBB_B	p		
23653	1SBB_B	1SBB_C	p		
23655	1TM1_E	1TM1_I	p		
23660	1AHW_C	1AHW_D	p		
23663	1AHW_B	1AHW_C	p		
23664	1AHW_C	1AHW_E	p		
23665	1AHW_A	1AHW_C	p		
23668	3BTF_E	3BTF_I	p		
23669	3BTT_E	3BTT_I	p		
23670	1SGN_E	1SGN_I	p		
23671	4JFF_C	4JFF_E	p		
23672	4JFF_C	4JFF_D	p		
23673	4JFF_A	4JFF_C	p		
23674	4JFF_B	4JFF_C	p		
23681	3S9D_A	3S9D_B	p		
23682	3S9D_A	3S9D_D	p		
23683	3S9D_B	3S9D_C	p		
23687	3NVQ_A	3NVQ_F	p		
23688	3NVQ_A	3NVQ_B	p		
23689	2WPT_A	2WPT_B	p		
23690	4FZA_A	4FZA_B	p		
23691	5TAR_A	5TAR_B	p		
23695	1CZ8_L	1CZ8_Y	p		
23699	1CZ8_H	1CZ8_L	p		
23701	1CZ8_L	1CZ8_V	p		
23703	1CZ8_L	1CZ8_W	p		
23704	1TM5_E	1TM5_I	p		
23705	3SE4_A	3SE4_B	p		
23706	3SE4_A	3SE4_C	p		
23707	3SE4_B	3SE4_C	p		
23708	1DQJ_A	1DQJ_C	p		
23709	1DQJ_B	1DQJ_C	p		
23710	4CVW_B	4CVW_C	p		
23711	4CVW_A	4CVW_C	p		
23713	4CVW_A	4CVW_D	p		
23714	5XCO_A	5XCO_B	p		
23716	3B4V_A	3B4V_C	p		
23720	3B4V_C	3B4V_E	p		
23725	3B4V_C	3B4V_F	p		
23728	3B4V_B	3B4V_C	p		
23731	1HE8_A	1HE8_B	p		
23732	1Y33_E	1Y33_I	p		
23733	2B0U_A	2B0U_C	p		
23734	2B0U_B	2B0U_C	p		
23737	2A9K_A	2A9K_B	p		
23738	4I77_H	4I77_Z	p		
23739	4I77_L	4I77_Z	p		
23740	4I77_H	4I77_L	p		
23741	2SGQ_E	2SGQ_I	p		
23744	2B2X_B	2B2X_H	p		
23745	2B2X_B	2B2X_L	p		
23747	2B2X_A	2B2X_H	p		
23748	2B2X_A	2B2X_L	p		
23750	1SBN_E	1SBN_I	p		
23752	1S1Q_A	1S1Q_B	p		
23754	1S1Q_A	1S1Q_D	p		
23755	1SGQ_E	1SGQ_I	p		
23756	3MZW_A	3MZW_B	p		
23757	1F47_A	1F47_B	p		
23760	1B2S_B	1B2S_D	p		
23761	1B2S_A	1B2S_E	p		
23762	1B2S_A	1B2S_F	p		
23763	1B2S_A	1B2S_D	p		
23766	1B2S_C	1B2S_D	p		
23767	1UUZ_A	1UUZ_C	p		
23769	1UUZ_A	1UUZ_D	p		
23771	5E9D_E	5E9D_G	p		
23772	5E9D_E	5E9D_H	p		
23773	5E9D_A	5E9D_E	p		
23774	5E9D_C	5E9D_E	p		
23775	5E9D_B	5E9D_E	p		
23776	5E9D_E	5E9D_F	p		
23783	5E9D_D	5E9D_G	p		
23789	5E9D_D	5E9D_H	p		
23790	5E9D_A	5E9D_D	p		
23791	5E9D_C	5E9D_D	p		
23792	5E9D_B	5E9D_D	p		
23793	5E9D_D	5E9D_F	p		
23807	3Q8D_A	3Q8D_F	p		
23809	3Q8D_A	3Q8D_E	p		
23813	1JCK_A	1JCK_B	p		
23814	1JCK_B	1JCK_C	p		
23815	4KRP_B	4KRP_D	p		
23818	4KRP_B	4KRP_C	p		
23819	4KRP_A	4KRP_B	p		
23821	1KAC_A	1KAC_B	p		
23822	3SE9_G	3SE9_L	p		
23823	3SE9_G	3SE9_H	p		
23828	4N8V_A	4N8V_G	p		
23833	4N8V_C	4N8V_G	p		
23836	4N8V_B	4N8V_G	p		
23840	4N8V_E	4N8V_G	p		
23845	4N8V_D	4N8V_G	p		
23846	4N8V_F	4N8V_G	p		
23848	1MHP_H	1MHP_X	p		
23850	1MHP_L	1MHP_X	p		
23852	1MHP_A	1MHP_H	p		
23853	1MHP_H	1MHP_Y	p		
23854	1MHP_B	1MHP_H	p		
23856	1MHP_A	1MHP_L	p		
23857	1MHP_L	1MHP_Y	p		
23859	1MHP_B	1MHP_L	p		
23861	4U6H_C	4U6H_E	p		
23863	4U6H_A	4U6H_E	p		
23867	4U6H_D	4U6H_E	p		
23868	4U6H_B	4U6H_E	p		
23870	1XGT_B	1XGT_C	p		
23871	2SGP_E	2SGP_I	p		
23872	3BT1_B	3BT1_U	p		
23874	3BT1_A	3BT1_U	p		
23947	1AO7_D	2AK4_T		u	
23948	1AO7_D	1OGA_D		u	
23949	1AO7_D	1MI5_D		u	
23950	1AO7_D	3PWP_D		u	
23951	1AO7_D	2VLR_D		u	
23952	1AO7_D	2VLR_I		u	
23953	1AO7_D	2BNR_D		u	
23954	1AO7_D	2AK4_I		u	
23955	1AO7_D	2AK4_D		u	
23956	1AO7_D	3QDG_D		u	
23957	1AO7_D	2BNQ_D		u	
23958	1AO7_D	1BD2_D		u	
23959	1AO7_D	2AK4_N		u	
23960	1AO7_D	2P5E_D		u	
23961	1AO7_D	3QDJ_D		u	
23962	1AO7_D	4JFD_D		u	
23963	1AO7_D	4JFE_D		u	
23964	1AO7_D	4JFF_D		u	
23965	1AO7_D	3QIB_C		u	
23969	3N85_A	4HRN_D		u	
23971	3MZW_A	4HRN_D		u	
23973	1N8Z_C	4HRN_D		u	
23974	1N8Z_C	4HRN_C		u	
23979	1GC1_G	4JPK_A		u	
23980	4Y61_A	4YFD_A		u	
23981	4Y61_A	4YH7_A		u	
23989	3BN9_D	4X4M_A		u	
23990	3BN9_D	4X4M_D		u	
23991	1FC2_D	3BN9_D		u	
23992	1FCC_B	3BN9_D		u	
23993	1FCC_A	3BN9_D		u	
23994	3BN9_D	4X4M_B		u	
23995	3BN9_D	4X4M_C		u	
23996	1BD2_E	5E9D_E		u	
23997	2BNR_E	5E9D_E		u	
23998	2BNQ_E	5E9D_E		u	
23999	1BD2_E	5E9D_J		u	
24002	3LZF_A	4GXU_L		u	
24003	3LZF_A	4GXU_J		u	
24006	3LZF_B	4GXU_A		u	
24007	3LZF_A	4GXU_H		u	
24008	3LZF_A	4GXU_B		u	
24009	3LZF_A	4GXU_F		u	
24010	3LZF_A	4GXU_D		u	
24014	1AHW_C	1DAN_T		u	
24015	1AHW_F	1DAN_T		u	
24016	1AHW_C	1DAN_U		u	
24017	1AHW_F	1DAN_U		u	
