epoch,step,test_loss,test_pcc,train_loss_epoch,train_pcc_epoch,val_loss,val_pcc
0,38,,,,,1.6360360383987427,0.2974381446838379
0,38,,,1.0921603441238403,-0.005336083471775055,,
1,77,,,,,1.6369609832763672,0.3039320707321167
1,77,,,1.0528110265731812,0.008875831961631775,,
2,116,,,,,1.6406350135803223,0.31146615743637085
2,116,,,1.0451593399047852,-0.01987117901444435,,
3,155,,,,,1.640112280845642,0.2792344093322754
3,155,,,1.0222535133361816,-0.03516455739736557,,
4,194,,,,,1.642181634902954,0.30070456862449646
4,194,,,1.0134841203689575,-0.032024260610342026,,
5,233,,,,,1.6404861211776733,0.29969802498817444
5,233,,,0.9954894781112671,0.03767688199877739,,
6,272,,,,,1.643259882926941,0.28527578711509705
6,272,,,0.9829171895980835,0.021679207682609558,,
7,311,,,,,1.6388105154037476,0.27327510714530945
7,311,,,1.0004558563232422,0.033587027341127396,,
8,350,,,,,1.6417193412780762,0.2774062156677246
8,350,,,0.9903930425643921,-0.01469582598656416,,
9,389,,,,,1.6397216320037842,0.2613220512866974
9,389,,,0.9844300746917725,0.06315843760967255,,
10,428,,,,,1.642927885055542,0.25674137473106384
10,428,,,0.9659785628318787,-0.03649226203560829,,
11,467,,,,,1.6429400444030762,0.25450241565704346
11,467,,,1.0041216611862183,0.025523770600557327,,
12,506,,,,,1.6391907930374146,0.25311923027038574
12,506,,,1.0112278461456299,0.04599752649664879,,
13,545,,,,,1.6387066841125488,0.2483067810535431
13,545,,,0.9752593636512756,0.06099162995815277,,
14,584,,,,,1.639061450958252,0.25141453742980957
14,584,,,1.0017049312591553,0.036978889256715775,,
15,623,,,,,1.6413377523422241,0.24310016632080078
15,623,,,1.0120710134506226,0.03494095057249069,,
16,662,,,,,1.643125057220459,0.24748466908931732
16,662,,,0.9906721711158752,-0.018450813367962837,,
17,701,,,,,1.6395933628082275,0.2509954869747162
17,701,,,0.9835513234138489,0.052502602338790894,,
18,740,,,,,1.6391726732254028,0.24869228899478912
18,740,,,0.9957467317581177,0.09040017426013947,,
19,779,,,,,1.637527346611023,0.2482847273349762
19,779,,,1.003127932548523,0.04204621911048889,,
20,818,,,,,1.6360176801681519,0.24827246367931366
20,818,,,1.0116568803787231,0.034610290080308914,,
21,857,,,,,1.6373473405838013,0.2507416009902954
21,857,,,0.9621264934539795,0.0423283651471138,,
22,896,,,,,1.6385482549667358,0.2505396902561188
22,896,,,0.978207528591156,0.06072302907705307,,
23,935,,,,,1.6394981145858765,0.24898682534694672
23,935,,,0.9852817058563232,0.029335932806134224,,
24,974,,,,,1.637719750404358,0.2580833435058594
24,974,,,0.9495475888252258,0.05394493043422699,,
25,1013,,,,,1.6354984045028687,0.2644496560096741
25,1013,,,0.9712122678756714,0.053042832762002945,,
26,1052,,,,,1.6345560550689697,0.27098891139030457
26,1052,,,0.9851966500282288,-0.0024924997705966234,,
27,1091,,,,,1.6316026449203491,0.2711470127105713
27,1091,,,0.999423086643219,0.08292210102081299,,
28,1130,,,,,1.635376214981079,0.27440330386161804
28,1130,,,0.9713860750198364,0.11206533014774323,,
29,1169,,,,,1.634724736213684,0.27879151701927185
29,1169,,,0.9677790999412537,0.09025837481021881,,
30,1208,,,,,1.6325838565826416,0.27788814902305603
30,1208,,,0.9566643834114075,0.08359586447477341,,
31,1247,,,,,1.6301084756851196,0.27877530455589294
31,1247,,,0.9465082883834839,0.09319981187582016,,
32,1286,,,,,1.6283354759216309,0.2755509912967682
32,1286,,,0.9727646112442017,0.15217889845371246,,
33,1325,,,,,1.6272244453430176,0.2768685221672058
33,1325,,,0.9687820672988892,0.11853698641061783,,
34,1364,,,,,1.6242181062698364,0.27776575088500977
34,1364,,,0.9920518398284912,0.13511477410793304,,
35,1403,,,,,1.6203640699386597,0.27959710359573364
35,1403,,,0.9783151149749756,0.15620440244674683,,
36,1442,,,,,1.6253278255462646,0.28095540404319763
36,1442,,,0.9427533149719238,0.148187056183815,,
37,1481,,,,,1.617361068725586,0.2799762785434723
37,1481,,,1.0048848390579224,0.14328059554100037,,
38,1520,,,,,1.6170709133148193,0.2741783559322357
38,1520,,,0.9669288992881775,0.1759462058544159,,
39,1559,,,,,1.6177078485488892,0.2757251560688019
39,1559,,,0.9760581851005554,0.11113850027322769,,
40,1598,,,,,1.6125917434692383,0.2713848054409027
40,1598,,,0.9421574473381042,0.20467163622379303,,
41,1637,,,,,1.6092332601547241,0.27295494079589844
41,1637,,,0.939765453338623,0.13832657039165497,,
42,1676,,,,,1.6067512035369873,0.27994289994239807
42,1676,,,0.9395289421081543,0.19481860101222992,,
43,1715,,,,,1.6028258800506592,0.28318265080451965
43,1715,,,0.9530864357948303,0.2000381201505661,,
44,1754,,,,,1.5997194051742554,0.2839707136154175
44,1754,,,0.9525332450866699,0.2346164733171463,,
45,1793,,,,,1.6016722917556763,0.2830260396003723
45,1793,,,0.9467333555221558,0.2406693994998932,,
46,1832,,,,,1.5914506912231445,0.28824758529663086
46,1832,,,0.9454514980316162,0.23346999287605286,,
47,1871,,,,,1.5907597541809082,0.28857797384262085
47,1871,,,0.9422616362571716,0.2199188619852066,,
48,1910,,,,,1.5855662822723389,0.28847402334213257
48,1910,,,0.9231875538825989,0.23787342011928558,,
49,1949,,,,,1.5872818231582642,0.29301196336746216
49,1949,,,0.9298606514930725,0.29935118556022644,,
50,1988,,,,,1.580359697341919,0.2937551438808441
50,1988,,,0.9518864154815674,0.22808964550495148,,
51,2027,,,,,1.579349160194397,0.29550376534461975
51,2027,,,0.9489488005638123,0.2682580351829529,,
52,2066,,,,,1.5807337760925293,0.29198703169822693
52,2066,,,0.9540403485298157,0.24540020525455475,,
53,2105,,,,,1.5778956413269043,0.29335981607437134
53,2105,,,0.9406274557113647,0.2537352740764618,,
54,2144,,,,,1.5745420455932617,0.29457011818885803
54,2144,,,0.9143151640892029,0.2818284034729004,,
55,2183,,,,,1.5699315071105957,0.2934739291667938
55,2183,,,0.9666498899459839,0.27013179659843445,,
56,2222,,,,,1.5635100603103638,0.2946566343307495
56,2222,,,0.9257233738899231,0.30958887934684753,,
57,2261,,,,,1.5613456964492798,0.29746201634407043
57,2261,,,0.9156177043914795,0.296578049659729,,
58,2300,,,,,1.562059998512268,0.29902392625808716
58,2300,,,0.9411231875419617,0.2866172194480896,,
59,2339,,,,,1.5590858459472656,0.29999038577079773
59,2339,,,0.9235691428184509,0.3534586429595947,,
60,2378,,,,,1.5550333261489868,0.3002351224422455
60,2378,,,0.9082104563713074,0.33024317026138306,,
61,2417,,,,,1.5549556016921997,0.30104130506515503
61,2417,,,0.9129460453987122,0.34675735235214233,,
62,2456,,,,,1.551989197731018,0.29937681555747986
62,2456,,,0.9134647846221924,0.34434375166893005,,
63,2495,,,,,1.5489097833633423,0.3025003671646118
63,2495,,,0.8865965604782104,0.3503365218639374,,
64,2534,,,,,1.5483300685882568,0.30461999773979187
64,2534,,,0.9561249017715454,0.30807971954345703,,
65,2573,,,,,1.550309181213379,0.30457523465156555
65,2573,,,0.898024320602417,0.3204304575920105,,
66,2612,,,,,1.5492022037506104,0.308556467294693
66,2612,,,0.9291737079620361,0.30105167627334595,,
67,2651,,,,,1.5470163822174072,0.30769556760787964
67,2651,,,0.9323704838752747,0.3206944465637207,,
68,2690,,,,,1.5465269088745117,0.3099196255207062
68,2690,,,0.9228776097297668,0.33944171667099,,
69,2729,,,,,1.5487552881240845,0.31278106570243835
69,2729,,,0.9061842560768127,0.32009297609329224,,
70,2768,,,,,1.5442496538162231,0.31342172622680664
70,2768,,,0.914912223815918,0.34917038679122925,,
71,2807,,,,,1.542493224143982,0.31548428535461426
71,2807,,,0.8949941992759705,0.36681824922561646,,
72,2846,,,,,1.5413063764572144,0.3174607455730438
72,2846,,,0.9214209318161011,0.3529769480228424,,
73,2885,,,,,1.5424727201461792,0.3190768361091614
73,2885,,,0.8970162868499756,0.34907102584838867,,
74,2924,,,,,1.5385855436325073,0.32284799218177795
74,2924,,,0.8942378163337708,0.3704901933670044,,
75,2963,,,,,1.5368455648422241,0.32337889075279236
75,2963,,,0.9057016372680664,0.3987387716770172,,
76,3002,,,,,1.5405774116516113,0.3241901099681854
76,3002,,,0.924872875213623,0.3088672459125519,,
77,3041,,,,,1.538771390914917,0.3216366171836853
77,3041,,,0.9192747473716736,0.3392733931541443,,
78,3080,,,,,1.5375492572784424,0.32242351770401
78,3080,,,0.880319356918335,0.34532827138900757,,
79,3119,,,,,1.5379376411437988,0.3240434527397156
79,3119,,,0.8876292705535889,0.37838539481163025,,
80,3158,,,,,1.5371804237365723,0.32450518012046814
80,3158,,,0.8797143697738647,0.3667583465576172,,
81,3197,,,,,1.5334652662277222,0.32495105266571045
81,3197,,,0.9057528376579285,0.36177581548690796,,
82,3236,,,,,1.533142328262329,0.3269476294517517
82,3236,,,0.8706992864608765,0.3859015703201294,,
83,3275,,,,,1.5338985919952393,0.32867950201034546
83,3275,,,0.8898550868034363,0.3483172357082367,,
84,3314,,,,,1.5318412780761719,0.3283589482307434
84,3314,,,0.8764672875404358,0.40252968668937683,,
85,3353,,,,,1.5309933423995972,0.3268063962459564
85,3353,,,0.8886299133300781,0.3731709420681,,
86,3392,,,,,1.5289303064346313,0.32980287075042725
86,3392,,,0.8823168873786926,0.37060314416885376,,
87,3431,,,,,1.5303996801376343,0.3338606357574463
87,3431,,,0.892016589641571,0.34933561086654663,,
88,3470,,,,,1.528420090675354,0.33606386184692383
88,3470,,,0.8805012702941895,0.39248308539390564,,
89,3509,,,,,1.5284711122512817,0.33588796854019165
89,3509,,,0.892610490322113,0.3939785063266754,,
90,3548,,,,,1.5241005420684814,0.33937886357307434
90,3548,,,0.9007992744445801,0.4174618422985077,,
91,3587,,,,,1.5262538194656372,0.3420654535293579
91,3587,,,0.9117149114608765,0.3248676657676697,,
92,3626,,,,,1.523817777633667,0.344349205493927
92,3626,,,0.901381254196167,0.37711721658706665,,
93,3665,,,,,1.5246658325195312,0.34853824973106384
93,3665,,,0.891890823841095,0.38831663131713867,,
94,3704,,,,,1.5273150205612183,0.35067281126976013
94,3704,,,0.8818821907043457,0.40329331159591675,,
95,3743,,,,,1.522698163986206,0.34717750549316406
95,3743,,,0.8807188868522644,0.39452552795410156,,
96,3782,,,,,1.524848222732544,0.3481418788433075
96,3782,,,0.8784236311912537,0.42890167236328125,,
97,3821,,,,,1.5221288204193115,0.34981364011764526
97,3821,,,0.8968541026115417,0.4213111996650696,,
98,3860,,,,,1.5223969221115112,0.35120275616645813
98,3860,,,0.9077999591827393,0.3837318420410156,,
99,3899,,,,,1.522879958152771,0.3538057208061218
99,3899,,,0.8783624172210693,0.3599681854248047,,
100,3938,,,,,1.5192456245422363,0.35382285714149475
100,3938,,,0.8736274838447571,0.4173746705055237,,
101,3977,,,,,1.5211257934570312,0.3581281304359436
101,3977,,,0.8799552917480469,0.3980746567249298,,
102,4016,,,,,1.5149991512298584,0.359209269285202
102,4016,,,0.8690718412399292,0.41475149989128113,,
103,4055,,,,,1.512906789779663,0.3627638816833496
103,4055,,,0.8657569885253906,0.44111326336860657,,
104,4094,,,,,1.514147400856018,0.3646222949028015
104,4094,,,0.8717971444129944,0.41324347257614136,,
105,4133,,,,,1.514562964439392,0.3660944104194641
105,4133,,,0.9157797694206238,0.37356331944465637,,
106,4172,,,,,1.516425371170044,0.36916059255599976
106,4172,,,0.8710460066795349,0.42406120896339417,,
107,4211,,,,,1.5152482986450195,0.3694303631782532
107,4211,,,0.884842038154602,0.38692641258239746,,
108,4250,,,,,1.5145641565322876,0.3706071674823761
108,4250,,,0.8619878888130188,0.3873879313468933,,
109,4289,,,,,1.5165597200393677,0.36996036767959595
109,4289,,,0.8606953024864197,0.374070942401886,,
110,4328,,,,,1.5175197124481201,0.3703170120716095
110,4328,,,0.8876803517341614,0.3930273652076721,,
111,4367,,,,,1.516443133354187,0.3701767027378082
111,4367,,,0.8828361630439758,0.40164265036582947,,
112,4406,,,,,1.511306643486023,0.3689125180244446
112,4406,,,0.8654287457466125,0.39855676889419556,,
113,4445,,,,,1.5144155025482178,0.37375587224960327
113,4445,,,0.9009335041046143,0.3847466707229614,,
114,4484,,,,,1.514621376991272,0.37500688433647156
114,4484,,,0.8957696557044983,0.3735273778438568,,
115,4523,,,,,1.5128074884414673,0.37500056624412537
115,4523,,,0.8749020099639893,0.3865084648132324,,
116,4562,,,,,1.5130064487457275,0.3746850788593292
116,4562,,,0.8663651943206787,0.42129066586494446,,
117,4601,,,,,1.5090312957763672,0.3733138144016266
117,4601,,,0.8698609471321106,0.4573153555393219,,
118,4640,,,,,1.5086504220962524,0.37630122900009155
118,4640,,,0.8670692443847656,0.4005069136619568,,
119,4679,,,,,1.5109953880310059,0.3798205852508545
119,4679,,,0.8719355463981628,0.4254080057144165,,
120,4718,,,,,1.5084632635116577,0.3791985511779785
120,4718,,,0.8291124105453491,0.4318495988845825,,
121,4757,,,,,1.510925531387329,0.3827657699584961
121,4757,,,0.8942990303039551,0.3912413418292999,,
122,4796,,,,,1.5091428756713867,0.3837771713733673
122,4796,,,0.8687252402305603,0.3915402293205261,,
123,4835,,,,,1.5076793432235718,0.38354018330574036
123,4835,,,0.8833460807800293,0.37552449107170105,,
124,4874,,,,,1.5078201293945312,0.38175755739212036
124,4874,,,0.8770796656608582,0.4311753213405609,,
125,4913,,,,,1.5082765817642212,0.3830612897872925
125,4913,,,0.8575119376182556,0.4301724433898926,,
126,4952,,,,,1.5088798999786377,0.38483497500419617
126,4952,,,0.8868542313575745,0.4019046127796173,,
127,4991,,,,,1.5087804794311523,0.3853190839290619
127,4991,,,0.8786369562149048,0.3908669948577881,,
128,5030,,,,,1.507699966430664,0.38451021909713745
128,5030,,,0.9071937203407288,0.4080454111099243,,
129,5069,,,,,1.5067063570022583,0.3845863342285156
129,5069,,,0.8735348582267761,0.39542892575263977,,
130,5108,,,,,1.5082203149795532,0.3821311295032501
130,5108,,,0.8726345896720886,0.3917418122291565,,
131,5147,,,,,1.5064504146575928,0.3823567032814026
131,5147,,,0.8658610582351685,0.41548264026641846,,
132,5186,,,,,1.506891131401062,0.38561883568763733
132,5186,,,0.8669514060020447,0.4100390374660492,,
133,5225,,,,,1.5063163042068481,0.3852597177028656
133,5225,,,0.8587838411331177,0.39840272068977356,,
134,5264,,,,,1.5022493600845337,0.38467079401016235
134,5264,,,0.8591691255569458,0.43978241086006165,,
135,5303,,,,,1.500050663948059,0.38596972823143005
135,5303,,,0.8834483027458191,0.43408989906311035,,
136,5342,,,,,1.4997819662094116,0.38738003373146057
136,5342,,,0.8647613525390625,0.4239616394042969,,
137,5381,,,,,1.5014357566833496,0.3913995027542114
137,5381,,,0.8781123757362366,0.40228697657585144,,
138,5420,,,,,1.4998446702957153,0.39154136180877686
138,5420,,,0.854321300983429,0.4367291331291199,,
139,5459,,,,,1.5011855363845825,0.3935995101928711
139,5459,,,0.8565075397491455,0.4307533800601959,,
140,5498,,,,,1.4984092712402344,0.3936960995197296
140,5498,,,0.8562905788421631,0.45063042640686035,,
141,5537,,,,,1.5001928806304932,0.39605602622032166
141,5537,,,0.8863781690597534,0.4263228476047516,,
142,5576,,,,,1.497768521308899,0.3944784700870514
142,5576,,,0.8767359852790833,0.43671494722366333,,
143,5615,,,,,1.4985311031341553,0.39644670486450195
143,5615,,,0.8758373856544495,0.4148804545402527,,
144,5654,,,,,1.5022313594818115,0.4006003141403198
144,5654,,,0.8796447515487671,0.39787524938583374,,
145,5693,,,,,1.500397801399231,0.399647980928421
145,5693,,,0.8614738583564758,0.44110307097435,,
146,5732,,,,,1.5024123191833496,0.40095964074134827
146,5732,,,0.8792126178741455,0.38667890429496765,,
147,5771,,,,,1.498361587524414,0.40092766284942627
147,5771,,,0.8572308421134949,0.43198922276496887,,
148,5810,,,,,1.4982728958129883,0.40250781178474426
148,5810,,,0.863615870475769,0.44508597254753113,,
149,5849,,,,,1.4965766668319702,0.40383100509643555
149,5849,,,0.8829373121261597,0.4346006214618683,,
150,5888,,,,,1.4984554052352905,0.40668073296546936
150,5888,,,0.8528599143028259,0.42289796471595764,,
151,5927,,,,,1.4990378618240356,0.40961524844169617
151,5927,,,0.8702338933944702,0.4004557430744171,,
152,5966,,,,,1.4961144924163818,0.4090249538421631
152,5966,,,0.8848916888237,0.44161078333854675,,
153,6005,,,,,1.4983940124511719,0.41079509258270264
153,6005,,,0.8483679294586182,0.41813284158706665,,
154,6044,,,,,1.4988629817962646,0.40854862332344055
154,6044,,,0.8865631222724915,0.4000093936920166,,
155,6083,,,,,1.4979872703552246,0.4098721444606781
155,6083,,,0.8696633577346802,0.4422183036804199,,
156,6122,,,,,1.4957239627838135,0.4094967842102051
156,6122,,,0.881482720375061,0.3869225084781647,,
157,6161,,,,,1.4935723543167114,0.4093831479549408
157,6161,,,0.8800913691520691,0.43259450793266296,,
158,6200,,,,,1.495444655418396,0.4121057689189911
158,6200,,,0.874497652053833,0.4034266471862793,,
159,6239,,,,,1.4955397844314575,0.4105879068374634
159,6239,,,0.8521023988723755,0.4413059949874878,,
160,6278,,,,,1.495005488395691,0.4117905795574188
160,6278,,,0.8503788709640503,0.4387282431125641,,
161,6317,,,,,1.4951276779174805,0.41028517484664917
161,6317,,,0.8472160696983337,0.39577144384384155,,
162,6356,,,,,1.4927005767822266,0.40842580795288086
162,6356,,,0.8228947520256042,0.45587167143821716,,
163,6395,,,,,1.493287205696106,0.40890777111053467
163,6395,,,0.8448553085327148,0.42130547761917114,,
164,6434,,,,,1.4937536716461182,0.4099089205265045
164,6434,,,0.8484939336776733,0.44265204668045044,,
165,6473,,,,,1.4915897846221924,0.4089299738407135
165,6473,,,0.8658921718597412,0.4354431927204132,,
166,6512,,,,,1.4897301197052002,0.40697675943374634
166,6512,,,0.8595401048660278,0.4369247257709503,,
167,6551,,,,,1.4915261268615723,0.4097534120082855
167,6551,,,0.8469305634498596,0.4467836916446686,,
168,6590,,,,,1.4958711862564087,0.4106893837451935
168,6590,,,0.8546261787414551,0.43504613637924194,,
169,6629,,,,,1.4966167211532593,0.4112953543663025
169,6629,,,0.8768084645271301,0.4153907001018524,,
170,6668,,,,,1.4961360692977905,0.4124472737312317
170,6668,,,0.8680815100669861,0.42448553442955017,,
171,6707,,,,,1.4968904256820679,0.41332587599754333
171,6707,,,0.8413749933242798,0.4233928620815277,,
172,6746,,,,,1.491898536682129,0.41240131855010986
172,6746,,,0.8973509669303894,0.4267582595348358,,
173,6785,,,,,1.4926879405975342,0.4144821763038635
173,6785,,,0.9050332903862,0.4046558141708374,,
174,6824,,,,,1.4902842044830322,0.4136481285095215
174,6824,,,0.8536669611930847,0.4502578675746918,,
175,6863,,,,,1.489389181137085,0.4130500555038452
175,6863,,,0.8331359624862671,0.4477865695953369,,
176,6902,,,,,1.4878835678100586,0.41348475217819214
176,6902,,,0.8652269244194031,0.4311002194881439,,
177,6941,,,,,1.4876121282577515,0.4125450551509857
177,6941,,,0.8853804469108582,0.42051267623901367,,
178,6980,,,,,1.4922311305999756,0.41463905572891235
178,6980,,,0.8519600033760071,0.4541647136211395,,
179,7019,,,,,1.4907127618789673,0.4152299463748932
179,7019,,,0.8412997126579285,0.41315513849258423,,
180,7058,,,,,1.488704800605774,0.41594237089157104
180,7058,,,0.8730906248092651,0.40131527185440063,,
181,7097,,,,,1.4887179136276245,0.4153820872306824
181,7097,,,0.8758311867713928,0.4074494242668152,,
182,7136,,,,,1.4924404621124268,0.4184364378452301
182,7136,,,0.8567428588867188,0.43833351135253906,,
183,7175,,,,,1.489588975906372,0.4193304777145386
183,7175,,,0.8390529155731201,0.4466906189918518,,
184,7214,,,,,1.486125111579895,0.41866183280944824
184,7214,,,0.8342618942260742,0.4208815097808838,,
185,7253,,,,,1.4866529703140259,0.4203869104385376
185,7253,,,0.8707600831985474,0.4639374315738678,,
186,7292,,,,,1.4849387407302856,0.4200882613658905
186,7292,,,0.8614596128463745,0.42768508195877075,,
187,7331,,,,,1.4849601984024048,0.4204784035682678
187,7331,,,0.8623195290565491,0.45726385712623596,,
188,7370,,,,,1.486931324005127,0.41989466547966003
188,7370,,,0.8823099136352539,0.42405396699905396,,
189,7409,,,,,1.4887081384658813,0.41874486207962036
189,7409,,,0.8638394474983215,0.44637933373451233,,
190,7448,,,,,1.4890261888504028,0.4176280200481415
190,7448,,,0.8729621767997742,0.41965094208717346,,
191,7487,,,,,1.4897607564926147,0.41789913177490234
191,7487,,,0.8632156252861023,0.4052804112434387,,
192,7526,,,,,1.487481951713562,0.4157158136367798
192,7526,,,0.8550021648406982,0.45975372195243835,,
193,7565,,,,,1.4872729778289795,0.4162835478782654
193,7565,,,0.8638432621955872,0.45619308948516846,,
194,7604,,,,,1.4873982667922974,0.4159380793571472
194,7604,,,0.8469146490097046,0.4582364857196808,,
195,7643,,,,,1.4878740310668945,0.41614627838134766
195,7643,,,0.8722787499427795,0.4102360010147095,,
196,7682,,,,,1.4875692129135132,0.41627413034439087
196,7682,,,0.874580979347229,0.44006842374801636,,
197,7721,,,,,1.4863290786743164,0.41740909218788147
197,7721,,,0.8569146990776062,0.4368283748626709,,
198,7760,,,,,1.4871857166290283,0.41928961873054504
198,7760,,,0.8572919964790344,0.41911977529525757,,
199,7799,,,,,1.4869571924209595,0.4177744686603546
199,7799,,,0.8334248661994934,0.46556806564331055,,
200,7838,,,,,1.4848805665969849,0.41718992590904236
200,7838,,,0.8602148294448853,0.45468613505363464,,
201,7877,,,,,1.484684944152832,0.41828325390815735
201,7877,,,0.8392396569252014,0.45020437240600586,,
202,7916,,,,,1.4841002225875854,0.41852864623069763
202,7916,,,0.8755154609680176,0.4917208254337311,,
203,7955,,,,,1.4838571548461914,0.4191162884235382
203,7955,,,0.8682681322097778,0.4150889813899994,,
204,7994,,,,,1.4852635860443115,0.4216628968715668
204,7994,,,0.8681927919387817,0.4598078727722168,,
205,8033,,,,,1.4863362312316895,0.42263227701187134
205,8033,,,0.8871343731880188,0.4282841682434082,,
206,8072,,,,,1.4907768964767456,0.4254743456840515
206,8072,,,0.8634046912193298,0.42618921399116516,,
207,8111,,,,,1.4862488508224487,0.4239572584629059
207,8111,,,0.879916250705719,0.4276096522808075,,
208,8150,,,,,1.4841558933258057,0.42442700266838074
208,8150,,,0.8739654421806335,0.46308428049087524,,
209,8189,,,,,1.4842007160186768,0.4240170121192932
209,8189,,,0.8518656492233276,0.45654335618019104,,
210,8228,,,,,1.4837733507156372,0.4248782694339752
210,8228,,,0.8393883109092712,0.4661363363265991,,
211,8267,,,,,1.4799543619155884,0.4236139953136444
211,8267,,,0.8561739921569824,0.49397391080856323,,
212,8306,,,,,1.4806110858917236,0.4249703884124756
212,8306,,,0.8430604934692383,0.4428968131542206,,
213,8345,,,,,1.480742335319519,0.4232575297355652
213,8345,,,0.8069683313369751,0.5010789632797241,,
214,8384,,,,,1.4817675352096558,0.4248029887676239
214,8384,,,0.8474161028862,0.44466066360473633,,
215,8423,,,,,1.4807690382003784,0.42315661907196045
215,8423,,,0.8419261574745178,0.46326446533203125,,
216,8462,,,,,1.4810656309127808,0.421645849943161
216,8462,,,0.8539606928825378,0.45443588495254517,,
217,8501,,,,,1.4811965227127075,0.42219212651252747
217,8501,,,0.8442715406417847,0.4347149729728699,,
218,8540,,,,,1.4822499752044678,0.42389196157455444
218,8540,,,0.8554710745811462,0.46140870451927185,,
219,8579,,,,,1.485046148300171,0.42550206184387207
219,8579,,,0.8754565715789795,0.43062570691108704,,
220,8618,,,,,1.4835017919540405,0.42413410544395447
220,8618,,,0.848297119140625,0.4736604392528534,,
221,8657,,,,,1.4813119173049927,0.42282047867774963
221,8657,,,0.8653625845909119,0.46419471502304077,,
222,8696,,,,,1.4803107976913452,0.42305535078048706
222,8696,,,0.8392367959022522,0.45506027340888977,,
223,8735,,,,,1.4833697080612183,0.42315059900283813
223,8735,,,0.8790355324745178,0.4200136363506317,,
224,8774,,,,,1.4813481569290161,0.4219880998134613
224,8774,,,0.8677453398704529,0.42126014828681946,,
225,8813,,,,,1.4807336330413818,0.4209372401237488
225,8813,,,0.8288789391517639,0.4968295395374298,,
226,8852,,,,,1.4849547147750854,0.4246903359889984
226,8852,,,0.8468774557113647,0.43006715178489685,,
227,8891,,,,,1.4817739725112915,0.42330920696258545
227,8891,,,0.8641058206558228,0.44779273867607117,,
228,8930,,,,,1.4806697368621826,0.4212765693664551
228,8930,,,0.858038604259491,0.48113328218460083,,
229,8969,,,,,1.4803907871246338,0.4215509593486786
229,8969,,,0.8669398427009583,0.41965383291244507,,
230,9008,,,,,1.482405424118042,0.4219565987586975
230,9008,,,0.8674995303153992,0.46007972955703735,,
231,9047,,,,,1.4817696809768677,0.42106005549430847
231,9047,,,0.8550301790237427,0.4796399474143982,,
232,9086,,,,,1.4818859100341797,0.4217359721660614
232,9086,,,0.8507384061813354,0.4437762498855591,,
233,9125,,,,,1.4841406345367432,0.42262858152389526
233,9125,,,0.8895496726036072,0.43922170996665955,,
234,9164,,,,,1.4824440479278564,0.42183300852775574
234,9164,,,0.8790572881698608,0.4367620050907135,,
235,9203,,,,,1.4834985733032227,0.4220511317253113
235,9203,,,0.8514631986618042,0.42644715309143066,,
236,9242,,,,,1.482785701751709,0.42026200890541077
236,9242,,,0.8373623490333557,0.4804103672504425,,
237,9281,,,,,1.4857218265533447,0.421726256608963
237,9281,,,0.8484664559364319,0.4277685582637787,,
238,9320,,,,,1.4842876195907593,0.4194907546043396
238,9320,,,0.8675015568733215,0.436627596616745,,
239,9359,,,,,1.4843648672103882,0.41946423053741455
239,9359,,,0.8435997366905212,0.43882203102111816,,
240,9398,,,,,1.4895659685134888,0.4203857481479645
240,9398,,,0.850633978843689,0.4408992826938629,,
241,9437,,,,,1.4860968589782715,0.41855886578559875
241,9437,,,0.8497108817100525,0.46723631024360657,,
242,9476,,,,,1.4854751825332642,0.4172517657279968
242,9476,,,0.8531213402748108,0.45302826166152954,,
243,9515,,,,,1.4840610027313232,0.4175902307033539
243,9515,,,0.8638990521430969,0.4365144371986389,,
244,9554,,,,,1.4857800006866455,0.4182299077510834
244,9554,,,0.877226710319519,0.44453340768814087,,
245,9593,,,,,1.4860509634017944,0.42064186930656433
245,9593,,,0.890958845615387,0.4376772940158844,,
246,9632,,,,,1.4858205318450928,0.41896989941596985
246,9632,,,0.8385046720504761,0.44958314299583435,,
247,9671,,,,,1.4862251281738281,0.4186665415763855
247,9671,,,0.8832664489746094,0.428293913602829,,
248,9710,,,,,1.4836777448654175,0.4193851351737976
248,9710,,,0.8657655715942383,0.44886115193367004,,
249,9749,,,,,1.4852228164672852,0.4179481565952301
249,9749,,,0.8280999660491943,0.46606695652008057,,
250,9788,,,,,1.4832279682159424,0.41707733273506165
250,9788,,,0.8681568503379822,0.4610123336315155,,
251,9827,,,,,1.4817630052566528,0.4172911047935486
251,9827,,,0.8591909408569336,0.4727421700954437,,
252,9866,,,,,1.4827865362167358,0.41969528794288635
252,9866,,,0.8513761758804321,0.45986059308052063,,
253,9905,,,,,1.4816175699234009,0.4184269607067108
253,9905,,,0.8722121119499207,0.43407705426216125,,
254,9944,,,,,1.4825271368026733,0.4200201630592346
254,9944,,,0.832529604434967,0.4712885320186615,,
255,9983,,,,,1.4799940586090088,0.4174908399581909
255,9983,,,0.8577285408973694,0.4389243423938751,,
256,10022,,,,,1.4820501804351807,0.4183492064476013
256,10022,,,0.8952460885047913,0.43605223298072815,,
257,10061,,,,,1.4842380285263062,0.41754230856895447
257,10061,,,0.8675944209098816,0.4142760634422302,,
258,10100,,,,,1.4853286743164062,0.4180136024951935
258,10100,,,0.8650007247924805,0.45307913422584534,,
259,10139,,,,,1.4877492189407349,0.4176799952983856
259,10139,,,0.8398985266685486,0.46576982736587524,,
260,10178,,,,,1.4838430881500244,0.41627442836761475
260,10178,,,0.8566992282867432,0.4510807693004608,,
261,10217,,,,,1.4818623065948486,0.415040522813797
261,10217,,,0.8411598205566406,0.4616903066635132,,
262,10256,,,,,1.4828814268112183,0.4151701033115387
262,10256,,,0.826624870300293,0.4848504066467285,,
263,10295,,,,,1.4818179607391357,0.4170180559158325
263,10295,,,0.8566917777061462,0.48555105924606323,,
264,10334,,,,,1.4824477434158325,0.4188176095485687
264,10334,,,0.8582549691200256,0.4476429522037506,,
265,10373,,,,,1.479288101196289,0.4183681309223175
265,10373,,,0.8578027486801147,0.44579505920410156,,
266,10412,,,,,1.4787228107452393,0.41867750883102417
266,10412,,,0.8635103106498718,0.44777604937553406,,
267,10451,,,,,1.4816381931304932,0.42117300629615784
267,10451,,,0.8700290322303772,0.4163181483745575,,
268,10490,,,,,1.4814438819885254,0.4222782850265503
268,10490,,,0.8525630235671997,0.4520617127418518,,
269,10529,,,,,1.4820293188095093,0.4244316518306732
269,10529,,,0.8546727299690247,0.44895216822624207,,
270,10568,,,,,1.4805361032485962,0.4217420518398285
270,10568,,,0.867629885673523,0.45395347476005554,,
271,10607,,,,,1.4819575548171997,0.4215891659259796
271,10607,,,0.8380415439605713,0.44410911202430725,,
272,10646,,,,,1.4824978113174438,0.42259708046913147
272,10646,,,0.8290797472000122,0.42512330412864685,,
273,10685,,,,,1.4835247993469238,0.42370787262916565
273,10685,,,0.8398842215538025,0.4840400516986847,,
274,10724,,,,,1.4794899225234985,0.42287367582321167
274,10724,,,0.8396824598312378,0.4691130816936493,,
275,10763,,,,,1.4777922630310059,0.4227834939956665
275,10763,,,0.8475265502929688,0.4645344316959381,,
276,10802,,,,,1.4757038354873657,0.4235617220401764
276,10802,,,0.8596611022949219,0.4578659236431122,,
277,10841,,,,,1.4787006378173828,0.4258445203304291
277,10841,,,0.8445938229560852,0.4391080439090729,,
278,10880,,,,,1.4768630266189575,0.4254014492034912
278,10880,,,0.8519233465194702,0.46112504601478577,,
279,10919,,,,,1.474562406539917,0.42496395111083984
279,10919,,,0.8448536992073059,0.4687088131904602,,
280,10958,,,,,1.4748886823654175,0.42539340257644653
280,10958,,,0.8568879961967468,0.44718948006629944,,
281,10997,,,,,1.475213646888733,0.4262138307094574
281,10997,,,0.841826319694519,0.488160103559494,,
282,11036,,,,,1.4764087200164795,0.42768895626068115
282,11036,,,0.8479705452919006,0.4543408155441284,,
283,11075,,,,,1.4753535985946655,0.42690157890319824
283,11075,,,0.8593432307243347,0.45846250653266907,,
284,11114,,,,,1.4765437841415405,0.429022878408432
284,11114,,,0.8387568593025208,0.4629135727882385,,
285,11153,,,,,1.476191520690918,0.42544612288475037
285,11153,,,0.8516865372657776,0.46252670884132385,,
286,11192,,,,,1.4752197265625,0.4262335002422333
286,11192,,,0.8476768732070923,0.48150351643562317,,
287,11231,,,,,1.4745339155197144,0.4259704649448395
287,11231,,,0.8835511803627014,0.44645994901657104,,
288,11270,,,,,1.4753782749176025,0.4274807870388031
288,11270,,,0.8553394675254822,0.4853295683860779,,
289,11309,,,,,1.4738880395889282,0.42751696705818176
289,11309,,,0.8150548934936523,0.4764697253704071,,
290,11348,,,,,1.4738742113113403,0.4273949861526489
290,11348,,,0.8277148008346558,0.44680434465408325,,
291,11387,,,,,1.4741196632385254,0.42902180552482605
291,11387,,,0.865003228187561,0.4899596571922302,,
292,11426,,,,,1.4737335443496704,0.42814815044403076
292,11426,,,0.8385320901870728,0.46155035495758057,,
293,11465,,,,,1.4738792181015015,0.42803484201431274
293,11465,,,0.8404896855354309,0.5024080276489258,,
294,11504,,,,,1.475229263305664,0.42804470658302307
294,11504,,,0.8490176796913147,0.4519343674182892,,
295,11543,,,,,1.4759782552719116,0.43159687519073486
295,11543,,,0.8686651587486267,0.46148794889450073,,
296,11582,,,,,1.474799394607544,0.43170061707496643
296,11582,,,0.8436920046806335,0.5063215494155884,,
297,11621,,,,,1.4731979370117188,0.43161895871162415
297,11621,,,0.8643960356712341,0.44651511311531067,,
298,11660,,,,,1.4740135669708252,0.4333134591579437
298,11660,,,0.86739581823349,0.46035757660865784,,
299,11699,,,,,1.4722957611083984,0.4309201240539551
299,11699,,,0.8228821158409119,0.45955681800842285,,
300,11738,,,,,1.4731180667877197,0.431193083524704
300,11738,,,0.8783231973648071,0.4647737145423889,,
301,11777,,,,,1.4717581272125244,0.43186116218566895
301,11777,,,0.8584861755371094,0.45896387100219727,,
302,11816,,,,,1.4722700119018555,0.43186575174331665
302,11816,,,0.8537699580192566,0.46831831336021423,,
303,11855,,,,,1.4712923765182495,0.4332398772239685
303,11855,,,0.8327617049217224,0.46055230498313904,,
304,11894,,,,,1.4734742641448975,0.43321794271469116
304,11894,,,0.8478149175643921,0.4687574803829193,,
305,11933,,,,,1.4755572080612183,0.43420353531837463
305,11933,,,0.8207412958145142,0.45394769310951233,,
306,11972,,,,,1.4748440980911255,0.4346698820590973
306,11972,,,0.8790653944015503,0.4340771436691284,,
307,12011,,,,,1.475183367729187,0.43546876311302185
307,12011,,,0.8440070748329163,0.4473136067390442,,
308,12050,,,,,1.4777122735977173,0.43812552094459534
308,12050,,,0.8735578656196594,0.444231241941452,,
309,12089,,,,,1.4742603302001953,0.4360750615596771
309,12089,,,0.8636671304702759,0.4404451549053192,,
310,12128,,,,,1.471648097038269,0.43439310789108276
310,12128,,,0.868514895439148,0.44276994466781616,,
311,12167,,,,,1.4734137058258057,0.436772882938385
311,12167,,,0.8377565145492554,0.44966208934783936,,
312,12206,,,,,1.4719408750534058,0.43686720728874207
312,12206,,,0.868028998374939,0.44482719898223877,,
313,12245,,,,,1.4724863767623901,0.4384167194366455
313,12245,,,0.8571299910545349,0.4602587819099426,,
314,12284,,,,,1.471778154373169,0.43824905157089233
314,12284,,,0.8686826825141907,0.45355474948883057,,
315,12323,,,,,1.4724379777908325,0.43767908215522766
315,12323,,,0.8619004487991333,0.47842827439308167,,
316,12362,,,,,1.4752649068832397,0.438644677400589
316,12362,,,0.8271766304969788,0.48841696977615356,,
317,12401,,,,,1.4735389947891235,0.437112033367157
317,12401,,,0.8641383051872253,0.4566100537776947,,
318,12440,,,,,1.4730349779129028,0.43714702129364014
318,12440,,,0.8413600325584412,0.45421692728996277,,
319,12479,,,,,1.4745171070098877,0.4396193027496338
319,12479,,,0.8222752809524536,0.47248727083206177,,
320,12518,,,,,1.478240966796875,0.44191837310791016
320,12518,,,0.8394632339477539,0.4481349289417267,,
321,12557,,,,,1.473679542541504,0.43983227014541626
321,12557,,,0.8629711866378784,0.46355077624320984,,
322,12596,,,,,1.4723366498947144,0.44032973051071167
322,12596,,,0.8857934474945068,0.4756990671157837,,
323,12635,,,,,1.472543716430664,0.4393998086452484
323,12635,,,0.8577186465263367,0.46598127484321594,,
324,12674,,,,,1.4713317155838013,0.44010332226753235
324,12674,,,0.821354866027832,0.4593522548675537,,
325,12713,,,,,1.4703576564788818,0.43839338421821594
325,12713,,,0.8379539847373962,0.5075594782829285,,
326,12752,,,,,1.4701133966445923,0.4383503496646881
326,12752,,,0.852311372756958,0.4895128607749939,,
327,12791,,,,,1.472224473953247,0.4397244155406952
327,12791,,,0.8510563969612122,0.46795934438705444,,
328,12830,,,,,1.4707001447677612,0.4372785985469818
328,12830,,,0.8507707118988037,0.46485406160354614,,
329,12869,,,,,1.4712384939193726,0.43911880254745483
329,12869,,,0.8492757081985474,0.4678500294685364,,
330,12908,,,,,1.4724147319793701,0.4396067261695862
330,12908,,,0.8514288067817688,0.4675229787826538,,
331,12947,,,,,1.4711209535598755,0.4374573230743408
331,12947,,,0.8292049765586853,0.494356244802475,,
332,12986,,,,,1.4714422225952148,0.43898600339889526
332,12986,,,0.8525776267051697,0.44167953729629517,,
333,13025,,,,,1.470359444618225,0.437008261680603
333,13025,,,0.8361428380012512,0.4686918556690216,,
334,13064,,,,,1.471848487854004,0.43866124749183655
334,13064,,,0.8638612031936646,0.44240525364875793,,
335,13103,,,,,1.4695161581039429,0.4374259114265442
335,13103,,,0.8613777160644531,0.4802778661251068,,
336,13142,,,,,1.470340609550476,0.4371415078639984
336,13142,,,0.8515357971191406,0.4799940586090088,,
337,13181,,,,,1.4689615964889526,0.43826085329055786
337,13181,,,0.8326739072799683,0.4630436897277832,,
338,13220,,,,,1.4702297449111938,0.4384661614894867
338,13220,,,0.8378055095672607,0.46854957938194275,,
339,13259,,,,,1.4722075462341309,0.4398333430290222
339,13259,,,0.8519694209098816,0.4449709355831146,,
340,13298,,,,,1.4699567556381226,0.43886950612068176
340,13298,,,0.837760329246521,0.48328790068626404,,
341,13337,,,,,1.4710160493850708,0.437926322221756
341,13337,,,0.8220526576042175,0.4753793478012085,,
342,13376,,,,,1.4706521034240723,0.43877026438713074
342,13376,,,0.8402013778686523,0.5036014318466187,,
343,13415,,,,,1.4703094959259033,0.43778079748153687
343,13415,,,0.8612480163574219,0.4391837418079376,,
344,13454,,,,,1.469367265701294,0.43536391854286194
344,13454,,,0.8250773549079895,0.4879513382911682,,
345,13493,,,,,1.468908667564392,0.43723663687705994
345,13493,,,0.8730757236480713,0.4776119291782379,,
346,13532,,,,,1.4696100950241089,0.4382367730140686
346,13532,,,0.8459635972976685,0.4648140072822571,,
347,13571,,,,,1.4698959589004517,0.4380797743797302
347,13571,,,0.8653518557548523,0.4364003837108612,,
348,13610,,,,,1.4693530797958374,0.4383423328399658
348,13610,,,0.8613853454589844,0.45620325207710266,,
349,13649,,,,,1.4697750806808472,0.4383574426174164
349,13649,,,0.8287316560745239,0.4408913254737854,,
350,13688,,,,,1.4691532850265503,0.4393252730369568
350,13688,,,0.8259657025337219,0.500367283821106,,
351,13727,,,,,1.4688502550125122,0.4397352933883667
351,13727,,,0.8679829239845276,0.4419305622577667,,
352,13766,,,,,1.4713900089263916,0.44268420338630676
352,13766,,,0.8351497054100037,0.44803276658058167,,
353,13805,,,,,1.4718025922775269,0.44394800066947937
353,13805,,,0.8648874163627625,0.44219130277633667,,
354,13844,,,,,1.4695254564285278,0.44382739067077637
354,13844,,,0.8333370685577393,0.4941027760505676,,
355,13883,,,,,1.4690377712249756,0.4433901607990265
355,13883,,,0.8271699547767639,0.4827037751674652,,
356,13922,,,,,1.471293330192566,0.4448317289352417
356,13922,,,0.8323222398757935,0.4526045024394989,,
357,13961,,,,,1.4701189994812012,0.4441790282726288
357,13961,,,0.8572160005569458,0.4502871632575989,,
358,14000,,,,,1.4699218273162842,0.44398772716522217
358,14000,,,0.8827772736549377,0.4500161111354828,,
359,14039,,,,,1.4693715572357178,0.4461405575275421
359,14039,,,0.8358618021011353,0.4796028137207031,,
360,14078,,,,,1.4695674180984497,0.44543522596359253
360,14078,,,0.8672778010368347,0.4434542953968048,,
361,14117,,,,,1.4697819948196411,0.4432356655597687
361,14117,,,0.85028475522995,0.4845583438873291,,
362,14156,,,,,1.4703810214996338,0.44465312361717224
362,14156,,,0.835493803024292,0.4364981949329376,,
363,14195,,,,,1.4692596197128296,0.44528576731681824
363,14195,,,0.8409494161605835,0.4872457683086395,,
364,14234,,,,,1.468892216682434,0.44340333342552185
364,14234,,,0.8208805918693542,0.5114660263061523,,
365,14273,,,,,1.4690124988555908,0.4435153901576996
365,14273,,,0.8428605794906616,0.479500949382782,,
366,14312,,,,,1.4704203605651855,0.44683602452278137
366,14312,,,0.8392362594604492,0.4388354420661926,,
367,14351,,,,,1.469883680343628,0.44744834303855896
367,14351,,,0.8185882568359375,0.48660391569137573,,
368,14390,,,,,1.4670745134353638,0.444097101688385
368,14390,,,0.8342024683952332,0.4956721365451813,,
369,14429,,,,,1.4680697917938232,0.4440566599369049
369,14429,,,0.8299473524093628,0.49857664108276367,,
370,14468,,,,,1.469101071357727,0.44536447525024414
370,14468,,,0.8427879214286804,0.45319807529449463,,
371,14507,,,,,1.4690837860107422,0.4448601305484772
371,14507,,,0.8336583375930786,0.4809735119342804,,
372,14546,,,,,1.4679135084152222,0.4436105489730835
372,14546,,,0.8389983773231506,0.46233534812927246,,
373,14585,,,,,1.4696224927902222,0.44397294521331787
373,14585,,,0.8581114411354065,0.42912665009498596,,
374,14624,,,,,1.4690160751342773,0.44331836700439453
374,14624,,,0.8358172178268433,0.4605560302734375,,
375,14663,,,,,1.4695806503295898,0.44349899888038635
375,14663,,,0.8551439046859741,0.4589826762676239,,
376,14702,,,,,1.4714932441711426,0.44333651661872864
376,14702,,,0.8258652091026306,0.4603492021560669,,
377,14741,,,,,1.4709641933441162,0.44350478053092957
377,14741,,,0.8307362794876099,0.4816854000091553,,
378,14780,,,,,1.4699115753173828,0.4418520927429199
378,14780,,,0.8531979322433472,0.466238409280777,,
379,14819,,,,,1.4687645435333252,0.44220349192619324
379,14819,,,0.8381944298744202,0.4784211814403534,,
380,14858,,,,,1.4697996377944946,0.4430825412273407
380,14858,,,0.8523704409599304,0.4603356122970581,,
381,14897,,,,,1.4702107906341553,0.4432552456855774
381,14897,,,0.8603764176368713,0.4646030366420746,,
382,14936,,,,,1.4695647954940796,0.4426310360431671
382,14936,,,0.8687707185745239,0.42830246686935425,,
383,14975,,,,,1.4680696725845337,0.442596971988678
383,14975,,,0.8212184309959412,0.4981653690338135,,
384,15014,,,,,1.4667502641677856,0.4423748552799225
384,15014,,,0.8346229195594788,0.4830998182296753,,
385,15053,,,,,1.4665535688400269,0.4438413977622986
385,15053,,,0.8542729616165161,0.45339280366897583,,
386,15092,,,,,1.468138575553894,0.4450171887874603
386,15092,,,0.8415766954421997,0.43735969066619873,,
387,15131,,,,,1.468672513961792,0.44465893507003784
387,15131,,,0.8496822714805603,0.4701605439186096,,
388,15170,,,,,1.4673703908920288,0.4415524899959564
388,15170,,,0.8325030207633972,0.4976886808872223,,
389,15209,,,,,1.467829704284668,0.44143667817115784
389,15209,,,0.8261128067970276,0.4959278106689453,,
390,15248,,,,,1.4701321125030518,0.44258323311805725
390,15248,,,0.8767815828323364,0.44765791296958923,,
391,15287,,,,,1.4672850370407104,0.4411735236644745
391,15287,,,0.8379847407341003,0.4825187027454376,,
392,15326,,,,,1.4669151306152344,0.442502498626709
392,15326,,,0.863509476184845,0.46709856390953064,,
393,15365,,,,,1.4676460027694702,0.4435689151287079
393,15365,,,0.8404789566993713,0.4557705819606781,,
394,15404,,,,,1.4695547819137573,0.44523686170578003
394,15404,,,0.8672210574150085,0.4533868432044983,,
395,15443,,,,,1.4728610515594482,0.4463421404361725
395,15443,,,0.8415417671203613,0.45505714416503906,,
396,15482,,,,,1.4683079719543457,0.4442627429962158
396,15482,,,0.8377401828765869,0.5074257850646973,,
397,15521,,,,,1.4693806171417236,0.4460156261920929
397,15521,,,0.8597578406333923,0.4692499339580536,,
398,15560,,,,,1.4682440757751465,0.44568392634391785
398,15560,,,0.8356890678405762,0.4782653748989105,,
399,15599,,,,,1.4699605703353882,0.446651816368103
399,15599,,,0.8310973048210144,0.45782700181007385,,
400,15638,,,,,1.4697414636611938,0.4473392963409424
400,15638,,,0.8601274490356445,0.4680424630641937,,
401,15677,,,,,1.4680055379867554,0.4429232180118561
401,15677,,,0.8702195286750793,0.47808000445365906,,
402,15716,,,,,1.46882164478302,0.4434712827205658
402,15716,,,0.842289924621582,0.5185216665267944,,
403,15755,,,,,1.4677857160568237,0.44323262572288513
403,15755,,,0.8565332293510437,0.447163850069046,,
404,15794,,,,,1.468879222869873,0.4464154541492462
404,15794,,,0.8686448335647583,0.43123796582221985,,
405,15833,,,,,1.469597339630127,0.445832222700119
405,15833,,,0.8553451299667358,0.49224036931991577,,
406,15872,,,,,1.4706122875213623,0.44436749815940857
406,15872,,,0.8576727509498596,0.44916313886642456,,
407,15911,,,,,1.4686667919158936,0.4438880681991577
407,15911,,,0.8563015460968018,0.42623186111450195,,
408,15950,,,,,1.46834397315979,0.44621264934539795
408,15950,,,0.8599710464477539,0.47445258498191833,,
409,15989,,,,,1.4688087701797485,0.44617122411727905
409,15989,,,0.8346868753433228,0.47781386971473694,,
410,16028,,,,,1.4696438312530518,0.4469638168811798
410,16028,,,0.8202475309371948,0.46522489190101624,,
411,16067,,,,,1.4684096574783325,0.44669193029403687
411,16067,,,0.8436283469200134,0.4758303165435791,,
412,16106,,,,,1.4686534404754639,0.44718313217163086
412,16106,,,0.8234533667564392,0.4406808614730835,,
413,16145,,,,,1.4682942628860474,0.44733524322509766
413,16145,,,0.8709936141967773,0.4332122802734375,,
414,16184,,,,,1.467472791671753,0.4467567205429077
414,16184,,,0.8594362139701843,0.45659738779067993,,
415,16223,,,,,1.4688160419464111,0.4465388357639313
415,16223,,,0.8562808632850647,0.46802544593811035,,
416,16262,,,,,1.4697788953781128,0.4466703534126282
416,16262,,,0.8404693603515625,0.48879125714302063,,
417,16301,,,,,1.4697529077529907,0.4458548128604889
417,16301,,,0.854101300239563,0.460774302482605,,
418,16340,,,,,1.4695559740066528,0.44556376338005066
418,16340,,,0.8637930154800415,0.4175480604171753,,
419,16379,,,,,1.4699329137802124,0.4468596279621124
419,16379,,,0.858780026435852,0.4505699872970581,,
420,16418,,,,,1.4713809490203857,0.44680777192115784
420,16418,,,0.8831894993782043,0.42546552419662476,,
421,16457,,,,,1.4707469940185547,0.4462212026119232
421,16457,,,0.8420863151550293,0.44105064868927,,
422,16496,,,,,1.4699546098709106,0.4442766010761261
422,16496,,,0.8379258513450623,0.48619264364242554,,
423,16535,,,,,1.4688791036605835,0.44434550404548645
423,16535,,,0.836449146270752,0.47142493724823,,
424,16574,,,,,1.47023606300354,0.44608274102211
424,16574,,,0.8573541045188904,0.4591674208641052,,
425,16613,,,,,1.4721840620040894,0.4482928216457367
425,16613,,,0.8598465323448181,0.46381112933158875,,
426,16652,,,,,1.4719021320343018,0.4486292898654938
426,16652,,,0.8626010417938232,0.4621299207210541,,
427,16691,,,,,1.4692806005477905,0.4480966031551361
427,16691,,,0.8403059840202332,0.48556312918663025,,
428,16730,,,,,1.4691612720489502,0.4458317458629608
428,16730,,,0.8369981646537781,0.4841594099998474,,
429,16769,,,,,1.4668999910354614,0.44754767417907715
429,16769,,,0.843847393989563,0.4804009795188904,,
430,16808,,,,,1.4670422077178955,0.44872695207595825
430,16808,,,0.8455807566642761,0.4771706461906433,,
431,16847,,,,,1.466679573059082,0.44912365078926086
431,16847,,,0.8284868001937866,0.4809964597225189,,
432,16886,,,,,1.466383934020996,0.44995370507240295
432,16886,,,0.8631277084350586,0.45651549100875854,,
433,16925,,,,,1.4664196968078613,0.4485746920108795
433,16925,,,0.8295034766197205,0.49382996559143066,,
434,16964,,,,,1.465625524520874,0.4501964747905731
434,16964,,,0.8397267460823059,0.42815062403678894,,
435,17003,,,,,1.4661877155303955,0.44992512464523315
435,17003,,,0.8477759957313538,0.48493194580078125,,
436,17042,,,,,1.4669746160507202,0.4485046863555908
436,17042,,,0.8240942358970642,0.485893577337265,,
437,17081,,,,,1.465747594833374,0.4510591924190521
437,17081,,,0.831730842590332,0.47259894013404846,,
438,17120,,,,,1.4664186239242554,0.44981658458709717
438,17120,,,0.8457890748977661,0.47988295555114746,,
439,17159,,,,,1.466316819190979,0.44992339611053467
439,17159,,,0.8648342490196228,0.455711305141449,,
440,17198,,,,,1.4665226936340332,0.4493989944458008
440,17198,,,0.8506909608840942,0.4496256113052368,,
441,17237,,,,,1.4666733741760254,0.451896071434021
441,17237,,,0.8459123373031616,0.47859397530555725,,
442,17276,,,,,1.4675943851470947,0.45098769664764404
442,17276,,,0.8315091133117676,0.49092012643814087,,
443,17315,,,,,1.4663105010986328,0.4499202072620392
443,17315,,,0.8405105471611023,0.47419875860214233,,
444,17354,,,,,1.465822458267212,0.45031610131263733
444,17354,,,0.8424662351608276,0.4728313982486725,,
445,17393,,,,,1.465306282043457,0.45003741979599
445,17393,,,0.827649712562561,0.4912121593952179,,
446,17432,,,,,1.4670711755752563,0.4523117244243622
446,17432,,,0.8431459069252014,0.4791147708892822,,
447,17471,,,,,1.4669396877288818,0.4516134262084961
447,17471,,,0.8512332439422607,0.456967830657959,,
448,17510,,,,,1.4684722423553467,0.4488247334957123
448,17510,,,0.8447912931442261,0.46466124057769775,,
449,17549,,,,,1.4667832851409912,0.4469948709011078
449,17549,,,0.8379774689674377,0.4625690281391144,,
450,17588,,,,,1.4672576189041138,0.44669607281684875
450,17588,,,0.8573480248451233,0.47843804955482483,,
451,17627,,,,,1.4660497903823853,0.4477056860923767
451,17627,,,0.8406255841255188,0.4588656425476074,,
452,17666,,,,,1.4656797647476196,0.44923368096351624
452,17666,,,0.8366712927818298,0.4524931311607361,,
453,17705,,,,,1.4659126996994019,0.4496231973171234
453,17705,,,0.8332319855690002,0.4870449900627136,,
454,17744,,,,,1.466684341430664,0.4483918845653534
454,17744,,,0.8274379372596741,0.46870774030685425,,
455,17783,,,,,1.4660601615905762,0.44841861724853516
455,17783,,,0.8387612700462341,0.49779120087623596,,
456,17822,,,,,1.4651801586151123,0.45006558299064636
456,17822,,,0.8463392853736877,0.4587637186050415,,
457,17861,,,,,1.465878963470459,0.44818300008773804
457,17861,,,0.8583833575248718,0.48997560143470764,,
458,17900,,,,,1.4654922485351562,0.45016226172447205
458,17900,,,0.8644086122512817,0.46493324637413025,,
459,17939,,,,,1.465860366821289,0.4509787857532501
459,17939,,,0.8630020022392273,0.5000278949737549,,
460,17978,,,,,1.4660098552703857,0.45158588886260986
460,17978,,,0.822941780090332,0.47033601999282837,,
461,18017,,,,,1.466568112373352,0.4531317353248596
461,18017,,,0.8406981229782104,0.47187623381614685,,
462,18056,,,,,1.4687061309814453,0.45357856154441833
462,18056,,,0.8442969918251038,0.4703610837459564,,
463,18095,,,,,1.468076229095459,0.45375508069992065
463,18095,,,0.8466523289680481,0.4865354895591736,,
464,18134,,,,,1.4662834405899048,0.4508107900619507
464,18134,,,0.8548697233200073,0.4837847054004669,,
465,18173,,,,,1.4652981758117676,0.4516485929489136
465,18173,,,0.8297998309135437,0.502863883972168,,
466,18212,,,,,1.4666117429733276,0.45121312141418457
466,18212,,,0.840606689453125,0.4734680950641632,,
467,18251,,,,,1.4675462245941162,0.4508034586906433
467,18251,,,0.8570147752761841,0.44600996375083923,,
468,18290,,,,,1.465806484222412,0.4504760205745697
468,18290,,,0.8402068018913269,0.4999070167541504,,
469,18329,,,,,1.4651941061019897,0.45364314317703247
469,18329,,,0.8408817648887634,0.4610964357852936,,
470,18368,,,,,1.465367078781128,0.45437106490135193
470,18368,,,0.8107374310493469,0.48759666085243225,,
471,18407,,,,,1.4652677774429321,0.4530016779899597
471,18407,,,0.8339234590530396,0.4701745808124542,,
472,18446,,,,,1.464393973350525,0.4513794779777527
472,18446,,,0.8268441557884216,0.5131586790084839,,
473,18485,,,,,1.4640614986419678,0.45400285720825195
473,18485,,,0.834055483341217,0.4509170353412628,,
474,18524,,,,,1.4645867347717285,0.45522138476371765
474,18524,,,0.8323009014129639,0.5210158228874207,,
475,18563,,,,,1.4639111757278442,0.45467832684516907
475,18563,,,0.8330525159835815,0.4628559947013855,,
476,18602,,,,,1.4642548561096191,0.45486509799957275
476,18602,,,0.8523814082145691,0.49462181329727173,,
477,18641,,,,,1.4652384519577026,0.45357561111450195
477,18641,,,0.847129225730896,0.4851284623146057,,
478,18680,,,,,1.4657448530197144,0.4532090723514557
478,18680,,,0.8625324964523315,0.47990682721138,,
479,18719,,,,,1.4645700454711914,0.45405226945877075
479,18719,,,0.8273953199386597,0.4495125710964203,,
480,18758,,,,,1.4653568267822266,0.45432257652282715
480,18758,,,0.8381509780883789,0.4483385384082794,,
481,18797,,,,,1.4652901887893677,0.4539106488227844
481,18797,,,0.8665415644645691,0.4535108804702759,,
482,18836,,,,,1.4653799533843994,0.45164060592651367
482,18836,,,0.8554216027259827,0.4654994010925293,,
483,18875,,,,,1.464837908744812,0.45162856578826904
483,18875,,,0.8384759426116943,0.5092307329177856,,
484,18914,,,,,1.4661988019943237,0.44951844215393066
484,18914,,,0.8507245182991028,0.45194098353385925,,
485,18953,,,,,1.464944839477539,0.4520287811756134
485,18953,,,0.824249267578125,0.4851207733154297,,
486,18992,,,,,1.4660087823867798,0.45384642481803894
486,18992,,,0.8776355385780334,0.4316332936286926,,
487,19031,,,,,1.4670900106430054,0.45447778701782227
487,19031,,,0.8416956663131714,0.47582998871803284,,
488,19070,,,,,1.465585708618164,0.4533650279045105
488,19070,,,0.8416638374328613,0.481904000043869,,
489,19109,,,,,1.4656436443328857,0.4535273313522339
489,19109,,,0.8619625568389893,0.46786728501319885,,
490,19148,,,,,1.464849591255188,0.4565145671367645
490,19148,,,0.8172892332077026,0.4911440908908844,,
491,19187,,,,,1.465133786201477,0.45662325620651245
491,19187,,,0.8457762002944946,0.4903916120529175,,
492,19226,,,,,1.4636998176574707,0.45685628056526184
492,19226,,,0.8293929696083069,0.4808659553527832,,
493,19265,,,,,1.4632267951965332,0.4570518732070923
493,19265,,,0.8209881782531738,0.4836989641189575,,
494,19304,,,,,1.4647530317306519,0.4563590884208679
494,19304,,,0.8667428493499756,0.44692543148994446,,
495,19343,,,,,1.464958667755127,0.4569054841995239
495,19343,,,0.8291233777999878,0.4936518669128418,,
496,19382,,,,,1.4653953313827515,0.45729514956474304
496,19382,,,0.8204976320266724,0.48198747634887695,,
497,19421,,,,,1.4653620719909668,0.4584125578403473
497,19421,,,0.8482725620269775,0.4324871897697449,,
498,19460,,,,,1.4647927284240723,0.4569386839866638
498,19460,,,0.8169766664505005,0.49906763434410095,,
499,19499,,,,,1.4631242752075195,0.45810121297836304
499,19499,,,0.8561642169952393,0.46349745988845825,,
500,19538,,,,,1.465744137763977,0.45988404750823975
500,19538,,,0.8324650526046753,0.4662735164165497,,
501,19577,,,,,1.4654579162597656,0.4575604796409607
501,19577,,,0.8399374485015869,0.4469892680644989,,
502,19616,,,,,1.4638596773147583,0.4562707543373108
502,19616,,,0.8702949285507202,0.45638442039489746,,
503,19655,,,,,1.4642314910888672,0.45824044942855835
503,19655,,,0.8105178475379944,0.5165436267852783,,
504,19694,,,,,1.4638621807098389,0.45745617151260376
504,19694,,,0.85506272315979,0.4563249349594116,,
505,19733,,,,,1.4639172554016113,0.4556245505809784
505,19733,,,0.8460354208946228,0.46216192841529846,,
506,19772,,,,,1.463753342628479,0.45712247490882874
506,19772,,,0.8442552089691162,0.47699692845344543,,
507,19811,,,,,1.4655497074127197,0.4536118805408478
507,19811,,,0.8446914553642273,0.4901070296764374,,
508,19850,,,,,1.4641423225402832,0.45334798097610474
508,19850,,,0.8255055546760559,0.488883376121521,,
509,19889,,,,,1.4654101133346558,0.4516487717628479
509,19889,,,0.8551996946334839,0.4918944537639618,,
510,19928,,,,,1.4649479389190674,0.45308834314346313
510,19928,,,0.8261129856109619,0.506435215473175,,
511,19967,,,,,1.4654269218444824,0.4515433609485626
511,19967,,,0.8363040089607239,0.5034371614456177,,
512,20006,,,,,1.4647033214569092,0.4540306031703949
512,20006,,,0.8571104407310486,0.44495469331741333,,
513,20045,,,,,1.4647338390350342,0.45490044355392456
513,20045,,,0.829829216003418,0.47835931181907654,,
514,20084,,,,,1.4641950130462646,0.4551466703414917
514,20084,,,0.8317373991012573,0.4966740310192108,,
515,20123,,,,,1.4659725427627563,0.4556085467338562
515,20123,,,0.8537126183509827,0.476890504360199,,
516,20162,,,,,1.4658945798873901,0.45469802618026733
516,20162,,,0.8380556106567383,0.48382171988487244,,
517,20201,,,,,1.466188669204712,0.45426198840141296
517,20201,,,0.8515005111694336,0.46786949038505554,,
518,20240,,,,,1.465489149093628,0.45542463660240173
518,20240,,,0.848382830619812,0.5190900564193726,,
519,20279,,,,,1.4659610986709595,0.45627307891845703
519,20279,,,0.8593948483467102,0.445834219455719,,
520,20318,,,,,1.4645107984542847,0.45589199662208557
520,20318,,,0.832581639289856,0.4936230480670929,,
521,20357,,,,,1.4636335372924805,0.45376208424568176
521,20357,,,0.8376041054725647,0.48771584033966064,,
522,20396,,,,,1.463633418083191,0.4566941261291504
522,20396,,,0.81740802526474,0.46109068393707275,,
523,20435,,,,,1.4644598960876465,0.45586705207824707
523,20435,,,0.8333758115768433,0.47916367650032043,,
524,20474,,,,,1.4644818305969238,0.45591971278190613
524,20474,,,0.8490784764289856,0.4859273433685303,,
525,20513,,,,,1.4643932580947876,0.45574817061424255
525,20513,,,0.8260102868080139,0.4865681529045105,,
526,20552,,,,,1.4637848138809204,0.45621204376220703
526,20552,,,0.8411645889282227,0.5126248002052307,,
527,20591,,,,,1.464452862739563,0.45771750807762146
527,20591,,,0.834473729133606,0.48582395911216736,,
528,20630,,,,,1.4648739099502563,0.45920586585998535
528,20630,,,0.8333286643028259,0.44797712564468384,,
529,20669,,,,,1.4636138677597046,0.4583827257156372
529,20669,,,0.8545817732810974,0.4535405933856964,,
530,20708,,,,,1.4645999670028687,0.4578956961631775
530,20708,,,0.8109369277954102,0.5131924152374268,,
531,20747,,,,,1.463824987411499,0.45776990056037903
531,20747,,,0.8469018340110779,0.4813401997089386,,
532,20786,,,,,1.4637478590011597,0.4574154019355774
532,20786,,,0.8261070251464844,0.46558427810668945,,
533,20825,,,,,1.4631187915802002,0.45741960406303406
533,20825,,,0.8401635885238647,0.48931869864463806,,
534,20864,,,,,1.4658057689666748,0.4586465358734131
534,20864,,,0.8354482650756836,0.4639078378677368,,
535,20903,,,,,1.465296745300293,0.45812973380088806
535,20903,,,0.8407289385795593,0.5108867287635803,,
536,20942,,,,,1.4646525382995605,0.4570675194263458
536,20942,,,0.8468338251113892,0.4676637053489685,,
537,20981,,,,,1.4646925926208496,0.4563562572002411
537,20981,,,0.8746188282966614,0.45852065086364746,,
538,21020,,,,,1.463975191116333,0.4561581015586853
538,21020,,,0.8285349607467651,0.5052737593650818,,
539,21059,,,,,1.4634515047073364,0.4571599066257477
539,21059,,,0.8400539755821228,0.4854421317577362,,
540,21098,,,,,1.462033748626709,0.457938551902771
540,21098,,,0.8313684463500977,0.467343807220459,,
541,21137,,,,,1.4632383584976196,0.4582326114177704
541,21137,,,0.8290733098983765,0.46005523204803467,,
542,21176,,,,,1.463365077972412,0.4574902653694153
542,21176,,,0.8639512658119202,0.483207106590271,,
543,21215,,,,,1.4648747444152832,0.45852428674697876
543,21215,,,0.8147609233856201,0.506811261177063,,
544,21254,,,,,1.4643372297286987,0.45802468061447144
544,21254,,,0.8309870958328247,0.45282769203186035,,
545,21293,,,,,1.4636363983154297,0.45629194378852844
545,21293,,,0.822314441204071,0.5120645761489868,,
546,21332,,,,,1.4624783992767334,0.4561659097671509
546,21332,,,0.8347734212875366,0.4633685350418091,,
547,21371,,,,,1.4627145528793335,0.4567245543003082
547,21371,,,0.8683459162712097,0.48731401562690735,,
548,21410,,,,,1.461998462677002,0.4563416540622711
548,21410,,,0.8001067638397217,0.5108100175857544,,
549,21449,,,,,1.4622973203659058,0.4566885232925415
549,21449,,,0.8426029682159424,0.45915213227272034,,
550,21488,,,,,1.4619572162628174,0.45558446645736694
550,21488,,,0.8038101196289062,0.5136446952819824,,
551,21527,,,,,1.4609181880950928,0.45705506205558777
551,21527,,,0.827174723148346,0.510415256023407,,
552,21566,,,,,1.46158766746521,0.4554491639137268
552,21566,,,0.8288313150405884,0.4807663857936859,,
553,21605,,,,,1.4610774517059326,0.45624658465385437
553,21605,,,0.8263798952102661,0.4648595452308655,,
554,21644,,,,,1.461346983909607,0.45517608523368835
554,21644,,,0.8511596918106079,0.4779696762561798,,
555,21683,,,,,1.4616531133651733,0.45463240146636963
555,21683,,,0.8396912813186646,0.4694346785545349,,
556,21722,,,,,1.4612051248550415,0.455882728099823
556,21722,,,0.816688060760498,0.4972333312034607,,
557,21761,,,,,1.4605482816696167,0.457407146692276
557,21761,,,0.8292738795280457,0.5061063766479492,,
558,21800,,,,,1.460250973701477,0.4566957652568817
558,21800,,,0.8746437430381775,0.4520009756088257,,
559,21839,,,,,1.4604747295379639,0.45609819889068604
559,21839,,,0.8376640677452087,0.4875342547893524,,
560,21878,,,,,1.4595290422439575,0.4561206102371216
560,21878,,,0.8147330284118652,0.4793521761894226,,
561,21917,,,,,1.4604274034500122,0.4557185471057892
561,21917,,,0.8488079905509949,0.47511979937553406,,
562,21956,,,,,1.4606746435165405,0.4556690752506256
562,21956,,,0.8177443146705627,0.5321685075759888,,
563,21995,,,,,1.4624954462051392,0.45393580198287964
563,21995,,,0.8630728125572205,0.4580916464328766,,
564,22034,,,,,1.4624485969543457,0.4537383019924164
564,22034,,,0.8215388059616089,0.4869808256626129,,
565,22073,,,,,1.461196780204773,0.45664292573928833
565,22073,,,0.8351577520370483,0.4669467806816101,,
566,22112,,,,,1.4602314233779907,0.45718929171562195
566,22112,,,0.8177862167358398,0.45190879702568054,,
567,22151,,,,,1.4605307579040527,0.45852136611938477
567,22151,,,0.8656505942344666,0.4608354866504669,,
568,22190,,,,,1.4606945514678955,0.45808926224708557
568,22190,,,0.843969464302063,0.517063319683075,,
569,22229,,,,,1.4594805240631104,0.45939764380455017
569,22229,,,0.8413347005844116,0.4867832362651825,,
570,22268,,,,,1.4608708620071411,0.45808348059654236
570,22268,,,0.8473036289215088,0.49319982528686523,,
571,22307,,,,,1.4595158100128174,0.45806804299354553
571,22307,,,0.8158265948295593,0.5073716640472412,,
572,22346,,,,,1.4602668285369873,0.45840784907341003
572,22346,,,0.8342681527137756,0.4741191864013672,,
573,22385,,,,,1.4594305753707886,0.4588892459869385
573,22385,,,0.8180724382400513,0.47725945711135864,,
574,22424,,,,,1.4599459171295166,0.45975807309150696
574,22424,,,0.7934104204177856,0.5185016989707947,,
575,22463,,,,,1.4601632356643677,0.4584501087665558
575,22463,,,0.8321495056152344,0.482949823141098,,
576,22502,,,,,1.459375262260437,0.458619624376297
576,22502,,,0.8468217849731445,0.4776748716831207,,
577,22541,,,,,1.4609451293945312,0.45985618233680725
577,22541,,,0.858465313911438,0.47162941098213196,,
578,22580,,,,,1.461548924446106,0.4597248136997223
578,22580,,,0.829230785369873,0.4904429018497467,,
579,22619,,,,,1.4605501890182495,0.4584362804889679
579,22619,,,0.850742757320404,0.4806714653968811,,
580,22658,,,,,1.4608798027038574,0.4580234885215759
580,22658,,,0.8410479426383972,0.5137104392051697,,
581,22697,,,,,1.4606540203094482,0.45772024989128113
581,22697,,,0.851448655128479,0.4865664541721344,,
582,22736,,,,,1.4598714113235474,0.457892507314682
582,22736,,,0.8701614737510681,0.4627336263656616,,
583,22775,,,,,1.4614075422286987,0.45570170879364014
583,22775,,,0.844253420829773,0.507676362991333,,
584,22814,,,,,1.4594582319259644,0.4566294252872467
584,22814,,,0.8270217776298523,0.5007672309875488,,
585,22853,,,,,1.458573341369629,0.4569520652294159
585,22853,,,0.8475490212440491,0.4673708379268646,,
586,22892,,,,,1.4611070156097412,0.4582654535770416
586,22892,,,0.8568519353866577,0.43251290917396545,,
587,22931,,,,,1.460700511932373,0.4586998522281647
587,22931,,,0.8379359841346741,0.506457507610321,,
588,22970,,,,,1.460392713546753,0.4598197340965271
588,22970,,,0.8397604823112488,0.4063638150691986,,
589,23009,,,,,1.4594523906707764,0.4590538442134857
589,23009,,,0.8200135231018066,0.4848770797252655,,
590,23048,,,,,1.460556983947754,0.45813894271850586
590,23048,,,0.8284339904785156,0.48838570713996887,,
591,23087,,,,,1.4609743356704712,0.4577862620353699
591,23087,,,0.8378550410270691,0.4473609924316406,,
592,23126,,,,,1.4620214700698853,0.456834077835083
592,23126,,,0.8326918482780457,0.4970029294490814,,
593,23165,,,,,1.4596940279006958,0.45715269446372986
593,23165,,,0.8192495107650757,0.49955788254737854,,
594,23204,,,,,1.4593195915222168,0.4568966031074524
594,23204,,,0.8265908360481262,0.507926344871521,,
595,23243,,,,,1.4587782621383667,0.4567280113697052
595,23243,,,0.8521766662597656,0.4629007875919342,,
596,23282,,,,,1.4604063034057617,0.4580394923686981
596,23282,,,0.8247472047805786,0.4716196358203888,,
597,23321,,,,,1.4599303007125854,0.4589415490627289
597,23321,,,0.8514552116394043,0.47103574872016907,,
598,23360,,,,,1.4606056213378906,0.45905524492263794
598,23360,,,0.8233299255371094,0.4993952214717865,,
599,23399,,,,,1.4617588520050049,0.45934221148490906
599,23399,,,0.8382054567337036,0.5202670693397522,,
600,23438,,,,,1.4614490270614624,0.46073752641677856
600,23438,,,0.8220846652984619,0.4827442765235901,,
601,23477,,,,,1.460202693939209,0.46108853816986084
601,23477,,,0.8494389653205872,0.49696657061576843,,
602,23516,,,,,1.4588251113891602,0.4613918364048004
602,23516,,,0.796177327632904,0.5077261328697205,,
603,23555,,,,,1.4594509601593018,0.460600346326828
603,23555,,,0.8045146465301514,0.5054461359977722,,
604,23594,,,,,1.4583957195281982,0.46204954385757446
604,23594,,,0.8270562291145325,0.5112068057060242,,
605,23633,,,,,1.4586007595062256,0.4612136483192444
605,23633,,,0.8071179986000061,0.5104913711547852,,
606,23672,,,,,1.4602218866348267,0.46014168858528137
606,23672,,,0.8476420640945435,0.5197889804840088,,
607,23711,,,,,1.4590286016464233,0.46069854497909546
607,23711,,,0.8446789383888245,0.4882194697856903,,
608,23750,,,,,1.4586858749389648,0.46071311831474304
608,23750,,,0.8461539149284363,0.4623063802719116,,
609,23789,,,,,1.4580957889556885,0.4611045718193054
609,23789,,,0.8556285500526428,0.4630028307437897,,
610,23828,,,,,1.4583460092544556,0.46194881200790405
610,23828,,,0.8344857692718506,0.47846582531929016,,
611,23867,,,,,1.4589282274246216,0.46167004108428955
611,23867,,,0.8113346695899963,0.4734169542789459,,
612,23906,,,,,1.4599398374557495,0.46226051449775696
612,23906,,,0.8435153365135193,0.488395631313324,,
613,23945,,,,,1.461148977279663,0.46201610565185547
613,23945,,,0.8424983024597168,0.46587347984313965,,
614,23984,,,,,1.4581893682479858,0.46245113015174866
614,23984,,,0.8486796617507935,0.47240859270095825,,
615,24023,,,,,1.457924246788025,0.4620209336280823
615,24023,,,0.8430637717247009,0.5229424238204956,,
616,24062,,,,,1.4583830833435059,0.46313971281051636
616,24062,,,0.8293786644935608,0.5029926896095276,,
617,24101,,,,,1.458200216293335,0.46307143568992615
617,24101,,,0.838016927242279,0.45680779218673706,,
618,24140,,,,,1.4583661556243896,0.46288636326789856
618,24140,,,0.8473894000053406,0.4859694838523865,,
619,24179,,,,,1.458514928817749,0.46280747652053833
619,24179,,,0.8519735932350159,0.5129920244216919,,
620,24218,,,,,1.4573379755020142,0.4643985629081726
620,24218,,,0.8326864242553711,0.49471184611320496,,
621,24257,,,,,1.4564566612243652,0.46523740887641907
621,24257,,,0.8431771993637085,0.4773824214935303,,
622,24296,,,,,1.457693338394165,0.465469092130661
622,24296,,,0.835524320602417,0.4611261785030365,,
623,24335,,,,,1.4567584991455078,0.46438291668891907
623,24335,,,0.8377683758735657,0.5198959708213806,,
624,24374,,,,,1.457715392112732,0.4642994701862335
624,24374,,,0.8442057967185974,0.45588746666908264,,
625,24413,,,,,1.4568127393722534,0.46368253231048584
625,24413,,,0.8395065069198608,0.46842172741889954,,
626,24452,,,,,1.457747459411621,0.46433332562446594
626,24452,,,0.8573927283287048,0.4517320394515991,,
627,24491,,,,,1.4581698179244995,0.4647656977176666
627,24491,,,0.8088126182556152,0.4714561998844147,,
628,24530,,,,,1.4582751989364624,0.4635355770587921
628,24530,,,0.8446999788284302,0.5232394933700562,,
629,24569,,,,,1.4580788612365723,0.4629269540309906
629,24569,,,0.8451923727989197,0.45476800203323364,,
630,24608,,,,,1.458817481994629,0.46221062541007996
630,24608,,,0.8164578676223755,0.5057240724563599,,
631,24647,,,,,1.4581722021102905,0.46214908361434937
631,24647,,,0.8260414004325867,0.4788810610771179,,
632,24686,,,,,1.4571428298950195,0.46236568689346313
632,24686,,,0.8163020610809326,0.5001853108406067,,
633,24725,,,,,1.4561429023742676,0.46372586488723755
633,24725,,,0.8402784466743469,0.4744661748409271,,
634,24764,,,,,1.45740807056427,0.4646754264831543
634,24764,,,0.8249779939651489,0.5062811374664307,,
635,24803,,,,,1.4568309783935547,0.46470344066619873
635,24803,,,0.8596508502960205,0.45800161361694336,,
636,24842,,,,,1.4556026458740234,0.4649162292480469
636,24842,,,0.8365695476531982,0.478055477142334,,
637,24881,,,,,1.4552743434906006,0.4651024341583252
637,24881,,,0.8331623673439026,0.480476975440979,,
638,24920,,,,,1.4549983739852905,0.4652278423309326
638,24920,,,0.8185710906982422,0.494615763425827,,
639,24959,,,,,1.4559880495071411,0.4646238088607788
639,24959,,,0.8224352598190308,0.498420774936676,,
640,24998,,,,,1.4553837776184082,0.46450287103652954
640,24998,,,0.825032651424408,0.4645099639892578,,
641,25037,,,,,1.4565128087997437,0.4640728533267975
641,25037,,,0.8195801973342896,0.49942389130592346,,
642,25076,,,,,1.4554510116577148,0.464019238948822
642,25076,,,0.8200465440750122,0.5150848627090454,,
643,25115,,,,,1.4546881914138794,0.4643394947052002
643,25115,,,0.8234273195266724,0.5246291160583496,,
644,25154,,,,,1.4562095403671265,0.4648174047470093
644,25154,,,0.8408461213111877,0.4861834645271301,,
645,25193,,,,,1.4572135210037231,0.464563250541687
645,25193,,,0.8321641683578491,0.4643392264842987,,
646,25232,,,,,1.4587833881378174,0.46261870861053467
646,25232,,,0.8153761625289917,0.5068156719207764,,
647,25271,,,,,1.4565917253494263,0.46258342266082764
647,25271,,,0.8250898718833923,0.5213103294372559,,
648,25310,,,,,1.456171989440918,0.4635428190231323
648,25310,,,0.8519315719604492,0.47571808099746704,,
649,25349,,,,,1.4561620950698853,0.46336132287979126
649,25349,,,0.8222630023956299,0.5062461495399475,,
650,25388,,,,,1.4559961557388306,0.463031530380249
650,25388,,,0.8284493684768677,0.49176880717277527,,
651,25427,,,,,1.455001950263977,0.4624585807323456
651,25427,,,0.8335986137390137,0.4812522232532501,,
652,25466,,,,,1.456271767616272,0.46364137530326843
652,25466,,,0.8542051315307617,0.45903685688972473,,
653,25505,,,,,1.4572641849517822,0.46332746744155884
653,25505,,,0.8675483465194702,0.5052469968795776,,
654,25544,,,,,1.4594547748565674,0.4622442126274109
654,25544,,,0.8833465576171875,0.47541314363479614,,
655,25583,,,,,1.4563356637954712,0.46233484148979187
655,25583,,,0.8196439146995544,0.48208311200141907,,
656,25622,,,,,1.4585648775100708,0.460929274559021
656,25622,,,0.837856113910675,0.5099977850914001,,
657,25661,,,,,1.4570274353027344,0.4619787931442261
657,25661,,,0.8343650698661804,0.5022227168083191,,
658,25700,,,,,1.4587095975875854,0.46149754524230957
658,25700,,,0.8451913595199585,0.5040284991264343,,
659,25739,,,,,1.457808494567871,0.46187934279441833
659,25739,,,0.8276554942131042,0.4696385860443115,,
660,25778,,,,,1.4574967622756958,0.4623119533061981
660,25778,,,0.8198075294494629,0.49852752685546875,,
661,25817,,,,,1.456712007522583,0.46384021639823914
661,25817,,,0.8637319803237915,0.49261435866355896,,
662,25856,,,,,1.4570062160491943,0.46289968490600586
662,25856,,,0.8387103080749512,0.49794691801071167,,
663,25895,,,,,1.456388235092163,0.4632056951522827
663,25895,,,0.8157461285591125,0.5016339421272278,,
664,25934,,,,,1.4539016485214233,0.46401357650756836
664,25934,,,0.8320870995521545,0.47136253118515015,,
665,25973,,,,,1.456303596496582,0.46295166015625
665,25973,,,0.8387559652328491,0.500268816947937,,
666,26012,,,,,1.4548712968826294,0.4637848138809204
666,26012,,,0.8369491696357727,0.4682789742946625,,
667,26051,,,,,1.4542485475540161,0.46399378776550293
667,26051,,,0.8088377714157104,0.5269231200218201,,
668,26090,,,,,1.4549819231033325,0.46479421854019165
668,26090,,,0.8219346404075623,0.5095191597938538,,
669,26129,,,,,1.4537564516067505,0.464054137468338
669,26129,,,0.8374893069267273,0.46250060200691223,,
670,26168,,,,,1.452749252319336,0.4647483229637146
670,26168,,,0.8312197923660278,0.5055497288703918,,
671,26207,,,,,1.4536917209625244,0.46584025025367737
671,26207,,,0.8156607151031494,0.48737815022468567,,
672,26246,,,,,1.4559460878372192,0.4663027822971344
672,26246,,,0.8269537091255188,0.5251027941703796,,
673,26285,,,,,1.453698754310608,0.466497540473938
673,26285,,,0.8196850419044495,0.46345725655555725,,
674,26324,,,,,1.4532495737075806,0.4663037955760956
674,26324,,,0.8110483288764954,0.4915831685066223,,
675,26363,,,,,1.4533294439315796,0.46698445081710815
675,26363,,,0.8227505087852478,0.4756057560443878,,
676,26402,,,,,1.4541065692901611,0.4672623574733734
676,26402,,,0.8329277038574219,0.5178828835487366,,
677,26441,,,,,1.454717993736267,0.4677560031414032
677,26441,,,0.8267279267311096,0.5157228112220764,,
678,26480,,,,,1.4548031091690063,0.46799933910369873
678,26480,,,0.8027992248535156,0.4753821790218353,,
679,26519,,,,,1.4533308744430542,0.4674578607082367
679,26519,,,0.7973952293395996,0.5173361897468567,,
680,26558,,,,,1.4550319910049438,0.46767303347587585
680,26558,,,0.8372357487678528,0.47137221693992615,,
681,26597,,,,,1.4545091390609741,0.4669981300830841
681,26597,,,0.8351063132286072,0.5349233150482178,,
682,26636,,,,,1.4550052881240845,0.4659675657749176
682,26636,,,0.826106607913971,0.5087004899978638,,
683,26675,,,,,1.4551911354064941,0.4656547009944916
683,26675,,,0.8345602750778198,0.4872550368309021,,
684,26714,,,,,1.4549459218978882,0.4667978584766388
684,26714,,,0.8068179488182068,0.5218408703804016,,
685,26753,,,,,1.4544854164123535,0.4659006893634796
685,26753,,,0.8403661847114563,0.4995079040527344,,
686,26792,,,,,1.4551036357879639,0.4656824469566345
686,26792,,,0.8349559307098389,0.46758636832237244,,
687,26831,,,,,1.4544861316680908,0.46661925315856934
687,26831,,,0.8694469928741455,0.49281784892082214,,
688,26870,,,,,1.4566454887390137,0.4661582410335541
688,26870,,,0.8495802283287048,0.4735391139984131,,
689,26909,,,,,1.4563905000686646,0.4649941623210907
689,26909,,,0.8070701956748962,0.5272747278213501,,
690,26948,,,,,1.4540756940841675,0.46612995862960815
690,26948,,,0.8293496370315552,0.4885617792606354,,
691,26987,,,,,1.4539117813110352,0.4662608206272125
691,26987,,,0.8161587119102478,0.520594596862793,,
692,27026,,,,,1.4540669918060303,0.4670999050140381
692,27026,,,0.8252914547920227,0.48434242606163025,,
693,27065,,,,,1.4551407098770142,0.4673687517642975
693,27065,,,0.8106220364570618,0.5096099972724915,,
694,27104,,,,,1.4546146392822266,0.46738988161087036
694,27104,,,0.8301853537559509,0.511401891708374,,
695,27143,,,,,1.4541124105453491,0.46624207496643066
695,27143,,,0.8318607807159424,0.485068142414093,,
696,27182,,,,,1.4547492265701294,0.46572980284690857
696,27182,,,0.8038119077682495,0.5158270001411438,,
697,27221,,,,,1.4530400037765503,0.46787863969802856
697,27221,,,0.8428078889846802,0.4962014853954315,,
698,27260,,,,,1.4538706541061401,0.46795690059661865
698,27260,,,0.8161637783050537,0.5380589365959167,,
699,27299,,,,,1.4544895887374878,0.46825331449508667
699,27299,,,0.8357025384902954,0.4861218333244324,,
700,27338,,,,,1.4541248083114624,0.4682284891605377
700,27338,,,0.8205907940864563,0.5118062496185303,,
701,27377,,,,,1.4551618099212646,0.46849581599235535
701,27377,,,0.821418285369873,0.4840751588344574,,
702,27416,,,,,1.4530433416366577,0.46870937943458557
702,27416,,,0.8242175579071045,0.4951852560043335,,
703,27455,,,,,1.453424334526062,0.46810227632522583
703,27455,,,0.8239704966545105,0.5443653464317322,,
704,27494,,,,,1.4528748989105225,0.4675215184688568
704,27494,,,0.8459991812705994,0.4972918927669525,,
705,27533,,,,,1.4531641006469727,0.468099981546402
705,27533,,,0.8317282199859619,0.49018698930740356,,
706,27572,,,,,1.4531166553497314,0.46870583295822144
706,27572,,,0.8446363806724548,0.5008214116096497,,
707,27611,,,,,1.453792929649353,0.46869245171546936
707,27611,,,0.8197900056838989,0.5163982510566711,,
708,27650,,,,,1.4536744356155396,0.469413697719574
708,27650,,,0.8436768651008606,0.4901037812232971,,
709,27689,,,,,1.4537036418914795,0.4698566198348999
709,27689,,,0.8259040713310242,0.5088086128234863,,
710,27728,,,,,1.455193281173706,0.4703066945075989
710,27728,,,0.8071142435073853,0.4991132915019989,,
711,27767,,,,,1.4534342288970947,0.4696347415447235
711,27767,,,0.7923204302787781,0.5439925789833069,,
712,27806,,,,,1.451656699180603,0.46981027722358704
712,27806,,,0.8079748749732971,0.5114346742630005,,
713,27845,,,,,1.4509377479553223,0.46928486227989197
713,27845,,,0.8102512955665588,0.47244977951049805,,
714,27884,,,,,1.45128333568573,0.46913576126098633
714,27884,,,0.8288861513137817,0.509882390499115,,
715,27923,,,,,1.4512025117874146,0.47069647908210754
715,27923,,,0.8141845464706421,0.5000393986701965,,
716,27962,,,,,1.4501564502716064,0.4701148271560669
716,27962,,,0.8259031772613525,0.47597336769104004,,
717,28001,,,,,1.4498605728149414,0.4706990122795105
717,28001,,,0.8213807344436646,0.48121222853660583,,
718,28040,,,,,1.4506088495254517,0.4715252220630646
718,28040,,,0.8392618894577026,0.5115599036216736,,
719,28079,,,,,1.4506292343139648,0.47247156500816345
719,28079,,,0.8110243082046509,0.5051290988922119,,
720,28118,,,,,1.4506285190582275,0.47255373001098633
720,28118,,,0.8180897831916809,0.4876667857170105,,
721,28157,,,,,1.4506266117095947,0.471871554851532
721,28157,,,0.8227705359458923,0.5296103358268738,,
722,28196,,,,,1.4489610195159912,0.47254395484924316
722,28196,,,0.8102878928184509,0.5062462091445923,,
723,28235,,,,,1.4490256309509277,0.47304436564445496
723,28235,,,0.8070769906044006,0.5089340806007385,,
724,28274,,,,,1.4503319263458252,0.47193440794944763
724,28274,,,0.8288598656654358,0.5191500186920166,,
725,28313,,,,,1.4493098258972168,0.4726810157299042
725,28313,,,0.8019379377365112,0.4959370493888855,,
726,28352,,,,,1.448594570159912,0.4727827310562134
726,28352,,,0.8146315813064575,0.4739290773868561,,
727,28391,,,,,1.4485836029052734,0.47387874126434326
727,28391,,,0.8274812698364258,0.5162394642829895,,
728,28430,,,,,1.4488416910171509,0.47342634201049805
728,28430,,,0.8021368384361267,0.5215983986854553,,
729,28469,,,,,1.449092984199524,0.47437071800231934
729,28469,,,0.8396230936050415,0.5113376975059509,,
730,28508,,,,,1.4497559070587158,0.474211722612381
730,28508,,,0.8194544315338135,0.5057757496833801,,
731,28547,,,,,1.450968623161316,0.4750058948993683
731,28547,,,0.7887560725212097,0.542916476726532,,
732,28586,,,,,1.4499926567077637,0.4747665524482727
732,28586,,,0.7928759455680847,0.5400088429450989,,
733,28625,,,,,1.4512966871261597,0.47333142161369324
733,28625,,,0.839157223701477,0.47885602712631226,,
734,28664,,,,,1.4515315294265747,0.4732968211174011
734,28664,,,0.8305784463882446,0.4833940863609314,,
735,28703,,,,,1.4517648220062256,0.47345009446144104
735,28703,,,0.8224249482154846,0.4875124394893646,,
736,28742,,,,,1.452481746673584,0.4738317131996155
736,28742,,,0.8146464824676514,0.4916287362575531,,
737,28781,,,,,1.4508601427078247,0.47295835614204407
737,28781,,,0.8310185074806213,0.5044708251953125,,
738,28820,,,,,1.4509395360946655,0.47316697239875793
738,28820,,,0.8257678151130676,0.4961157441139221,,
739,28859,,,,,1.4499365091323853,0.4732506275177002
739,28859,,,0.811050534248352,0.5152849555015564,,
740,28898,,,,,1.4485809803009033,0.4732789099216461
740,28898,,,0.8051127195358276,0.5188313722610474,,
741,28937,,,,,1.4503772258758545,0.47325265407562256
741,28937,,,0.8101617097854614,0.5256449580192566,,
742,28976,,,,,1.4502593278884888,0.4729215204715729
742,28976,,,0.8412913084030151,0.4761374592781067,,
743,29015,,,,,1.449977159500122,0.473257839679718
743,29015,,,0.8098486661911011,0.5295700430870056,,
744,29054,,,,,1.4502947330474854,0.4725889563560486
744,29054,,,0.8192214369773865,0.5375584363937378,,
745,29093,,,,,1.4496978521347046,0.47265222668647766
745,29093,,,0.8344308137893677,0.5175811052322388,,
746,29132,,,,,1.4501948356628418,0.47236812114715576
746,29132,,,0.827452540397644,0.4893884062767029,,
747,29171,,,,,1.450809121131897,0.47188800573349
747,29171,,,0.804261326789856,0.4886360764503479,,
748,29210,,,,,1.451383113861084,0.4711863696575165
748,29210,,,0.847325325012207,0.47515472769737244,,
749,29249,,,,,1.4515360593795776,0.4702949821949005
749,29249,,,0.8395106196403503,0.5188624858856201,,
750,29288,,,,,1.4513115882873535,0.47057801485061646
750,29288,,,0.8321058750152588,0.49765998125076294,,
751,29327,,,,,1.4527534246444702,0.4705314636230469
751,29327,,,0.8284214735031128,0.49749574065208435,,
752,29366,,,,,1.4532698392868042,0.4702146649360657
752,29366,,,0.8133854866027832,0.5229580998420715,,
753,29405,,,,,1.4528398513793945,0.4700562655925751
753,29405,,,0.8140166401863098,0.5229731202125549,,
754,29444,,,,,1.4513049125671387,0.47092747688293457
754,29444,,,0.8120272755622864,0.5409985184669495,,
755,29483,,,,,1.4514600038528442,0.47126123309135437
755,29483,,,0.8064332604408264,0.4967367649078369,,
756,29522,,,,,1.4502042531967163,0.47250375151634216
756,29522,,,0.84361332654953,0.48319005966186523,,
757,29561,,,,,1.4504109621047974,0.4718227684497833
757,29561,,,0.8349902629852295,0.4597702622413635,,
758,29600,,,,,1.4497590065002441,0.4718051552772522
758,29600,,,0.8163012266159058,0.49473151564598083,,
759,29639,,,,,1.449688196182251,0.4717509150505066
759,29639,,,0.8177413940429688,0.5191839337348938,,
760,29678,,,,,1.450688362121582,0.47211796045303345
760,29678,,,0.8176473379135132,0.537826418876648,,
761,29717,,,,,1.4493381977081299,0.47258782386779785
761,29717,,,0.8328355550765991,0.509320855140686,,
762,29756,,,,,1.449825406074524,0.4733615219593048
762,29756,,,0.7991756796836853,0.5174994468688965,,
763,29795,,,,,1.4506771564483643,0.47323304414749146
763,29795,,,0.8299351930618286,0.49100461602211,,
764,29834,,,,,1.4502074718475342,0.47322002053260803
764,29834,,,0.8303779363632202,0.49965253472328186,,
765,29873,,,,,1.4502395391464233,0.4735235273838043
765,29873,,,0.8386584520339966,0.498992919921875,,
766,29912,,,,,1.4502928256988525,0.4735991358757019
766,29912,,,0.843249499797821,0.480206161737442,,
767,29951,,,,,1.4490013122558594,0.4741920828819275
767,29951,,,0.8099834322929382,0.5073210597038269,,
768,29990,,,,,1.4478940963745117,0.4739236831665039
768,29990,,,0.8112239241600037,0.5084030628204346,,
769,30029,,,,,1.4490009546279907,0.47423067688941956
769,30029,,,0.7963985204696655,0.5504666566848755,,
770,30068,,,,,1.4496992826461792,0.4737398624420166
770,30068,,,0.8119235038757324,0.5166147947311401,,
771,30107,,,,,1.448514461517334,0.47352778911590576
771,30107,,,0.809514582157135,0.5236783027648926,,
772,30146,,,,,1.447614073753357,0.47361311316490173
772,30146,,,0.8268881440162659,0.5041995644569397,,
773,30185,,,,,1.4485862255096436,0.4731706380844116
773,30185,,,0.8236097693443298,0.5093919038772583,,
774,30224,,,,,1.4488131999969482,0.4745282232761383
774,30224,,,0.7968891859054565,0.5297462940216064,,
775,30263,,,,,1.4471322298049927,0.47466713190078735
775,30263,,,0.8409630060195923,0.4949036240577698,,
776,30302,,,,,1.4475462436676025,0.47507449984550476
776,30302,,,0.8188990354537964,0.5011723637580872,,
777,30341,,,,,1.4491466283798218,0.47539758682250977
777,30341,,,0.8146231174468994,0.5572616457939148,,
778,30380,,,,,1.4481899738311768,0.4756894111633301
778,30380,,,0.8145325183868408,0.5400702357292175,,
779,30419,,,,,1.448918104171753,0.4744681417942047
779,30419,,,0.8011740446090698,0.522993803024292,,
780,30458,,,,,1.4474735260009766,0.4744928181171417
780,30458,,,0.8212645053863525,0.4892257750034332,,
781,30497,,,,,1.4468926191329956,0.47501927614212036
781,30497,,,0.8000587224960327,0.5263211131095886,,
782,30536,,,,,1.4469555616378784,0.4758387506008148
782,30536,,,0.8387748599052429,0.5004717707633972,,
783,30575,,,,,1.4465794563293457,0.4755590558052063
783,30575,,,0.8411506414413452,0.5191174149513245,,
784,30614,,,,,1.4462476968765259,0.47615858912467957
784,30614,,,0.8061849474906921,0.521663248538971,,
785,30653,,,,,1.4467896223068237,0.4758051335811615
785,30653,,,0.8195399045944214,0.5092641115188599,,
786,30692,,,,,1.4478081464767456,0.4755493998527527
786,30692,,,0.8137957453727722,0.5389629006385803,,
787,30731,,,,,1.4484186172485352,0.4761359691619873
787,30731,,,0.814444363117218,0.49823540449142456,,
788,30770,,,,,1.4479278326034546,0.4772860109806061
788,30770,,,0.8131071329116821,0.46607375144958496,,
789,30809,,,,,1.4490084648132324,0.47632867097854614
789,30809,,,0.8138120770454407,0.5244913101196289,,
790,30848,,,,,1.4468867778778076,0.4778500199317932
790,30848,,,0.7977006435394287,0.5197529792785645,,
791,30887,,,,,1.4467324018478394,0.47751277685165405
791,30887,,,0.8364576697349548,0.48642340302467346,,
792,30926,,,,,1.4465285539627075,0.477097749710083
792,30926,,,0.839634120464325,0.48623186349868774,,
793,30965,,,,,1.4460649490356445,0.4775037169456482
793,30965,,,0.8245531916618347,0.479683518409729,,
794,31004,,,,,1.4468722343444824,0.4770054817199707
794,31004,,,0.8263145089149475,0.5131528377532959,,
795,31043,,,,,1.447982907295227,0.4768736660480499
795,31043,,,0.8261756896972656,0.5017714500427246,,
796,31082,,,,,1.4479045867919922,0.4760605990886688
796,31082,,,0.8665133714675903,0.47265517711639404,,
797,31121,,,,,1.4469499588012695,0.47621050477027893
797,31121,,,0.8420727849006653,0.5253925919532776,,
798,31160,,,,,1.4472836256027222,0.4763530492782593
798,31160,,,0.8205187916755676,0.5206098556518555,,
799,31199,,,,,1.4457497596740723,0.47610029578208923
799,31199,,,0.8093810677528381,0.518544614315033,,
800,31238,,,,,1.4473894834518433,0.47610577940940857
800,31238,,,0.8411470055580139,0.5303574800491333,,
801,31277,,,,,1.447150707244873,0.47638970613479614
801,31277,,,0.8438436985015869,0.516398549079895,,
802,31316,,,,,1.446349859237671,0.4762386679649353
802,31316,,,0.7929424047470093,0.5504264831542969,,
803,31355,,,,,1.4454470872879028,0.47669312357902527
803,31355,,,0.8461546301841736,0.4934268295764923,,
804,31394,,,,,1.4479998350143433,0.47803473472595215
804,31394,,,0.829132080078125,0.47877591848373413,,
805,31433,,,,,1.446592092514038,0.4779837429523468
805,31433,,,0.8189349174499512,0.5093472599983215,,
806,31472,,,,,1.4448230266571045,0.47842419147491455
806,31472,,,0.8499002456665039,0.4525296986103058,,
807,31511,,,,,1.4468159675598145,0.47761040925979614
807,31511,,,0.8239730596542358,0.5084896683692932,,
808,31550,,,,,1.4464941024780273,0.476974755525589
808,31550,,,0.7920979261398315,0.5417758822441101,,
809,31589,,,,,1.4457365274429321,0.47705480456352234
809,31589,,,0.8436369299888611,0.5156541466712952,,
810,31628,,,,,1.445499300956726,0.47689369320869446
810,31628,,,0.8369908332824707,0.5033833980560303,,
811,31667,,,,,1.445744276046753,0.4767577052116394
811,31667,,,0.8425779938697815,0.49290624260902405,,
812,31706,,,,,1.4470347166061401,0.4757448732852936
812,31706,,,0.8120196461677551,0.5249390602111816,,
813,31745,,,,,1.4461568593978882,0.4764042794704437
813,31745,,,0.8048624992370605,0.4971986413002014,,
814,31784,,,,,1.4455944299697876,0.47651368379592896
814,31784,,,0.8443952798843384,0.46932241320610046,,
815,31823,,,,,1.444868803024292,0.4763108491897583
815,31823,,,0.8125680088996887,0.5130583643913269,,
816,31862,,,,,1.4453980922698975,0.4771633744239807
816,31862,,,0.8307498097419739,0.5044302940368652,,
817,31901,,,,,1.4444342851638794,0.4781251847743988
817,31901,,,0.8270525932312012,0.5111409425735474,,
818,31940,,,,,1.4442511796951294,0.47792142629623413
818,31940,,,0.8024317622184753,0.539330780506134,,
819,31979,,,,,1.4459842443466187,0.4773138165473938
819,31979,,,0.8322426080703735,0.48324957489967346,,
820,32018,,,,,1.446165680885315,0.47664451599121094
820,32018,,,0.8327924013137817,0.5253666639328003,,
821,32057,,,,,1.445046067237854,0.4768882095813751
821,32057,,,0.8077445030212402,0.5116572976112366,,
822,32096,,,,,1.445223331451416,0.47743988037109375
822,32096,,,0.8255297541618347,0.521481454372406,,
823,32135,,,,,1.4451947212219238,0.47672852873802185
823,32135,,,0.8303025364875793,0.5180680751800537,,
824,32174,,,,,1.4466421604156494,0.47636038064956665
824,32174,,,0.8532184958457947,0.46689215302467346,,
825,32213,,,,,1.4460283517837524,0.4764430820941925
825,32213,,,0.8061882257461548,0.46555158495903015,,
826,32252,,,,,1.4480172395706177,0.47598233819007874
826,32252,,,0.8302600383758545,0.500922441482544,,
827,32291,,,,,1.4486931562423706,0.4753085672855377
827,32291,,,0.8292450308799744,0.5025500059127808,,
828,32330,,,,,1.449002981185913,0.4749028980731964
828,32330,,,0.7766249179840088,0.5325502753257751,,
829,32369,,,,,1.449946641921997,0.474356472492218
829,32369,,,0.8127430081367493,0.5049526691436768,,
830,32408,,,,,1.4499855041503906,0.4741075038909912
830,32408,,,0.8124189376831055,0.5245252847671509,,
831,32447,,,,,1.449224829673767,0.47443798184394836
831,32447,,,0.8081544041633606,0.5278558731079102,,
832,32486,,,,,1.4494432210922241,0.4747737646102905
832,32486,,,0.846782386302948,0.48662927746772766,,
833,32525,,,,,1.4495415687561035,0.4750010073184967
833,32525,,,0.8334342837333679,0.4869335889816284,,
834,32564,,,,,1.450385570526123,0.4743713140487671
834,32564,,,0.7946878671646118,0.5288631319999695,,
835,32603,,,,,1.4502943754196167,0.4740566611289978
835,32603,,,0.8153191804885864,0.5389417409896851,,
836,32642,,,,,1.449639081954956,0.4746040403842926
836,32642,,,0.8059355020523071,0.5226267576217651,,
837,32681,,,,,1.447520136833191,0.47491776943206787
837,32681,,,0.8118612170219421,0.5186610817909241,,
838,32720,,,,,1.449821949005127,0.4750358462333679
838,32720,,,0.8108652234077454,0.5162362456321716,,
839,32759,,,,,1.448569655418396,0.4749520421028137
839,32759,,,0.832516610622406,0.5110684633255005,,
840,32798,,,,,1.4477707147598267,0.4748169183731079
840,32798,,,0.7919706106185913,0.5043858289718628,,
841,32837,,,,,1.4468224048614502,0.4751381576061249
841,32837,,,0.8131380677223206,0.5090147852897644,,
842,32876,,,,,1.4488798379898071,0.4748899042606354
842,32876,,,0.8145988583564758,0.5229055881500244,,
843,32915,,,,,1.4479302167892456,0.47392934560775757
843,32915,,,0.8203603029251099,0.5179751515388489,,
844,32954,,,,,1.4479271173477173,0.47408944368362427
844,32954,,,0.8072720766067505,0.510776698589325,,
845,32993,,,,,1.448318600654602,0.4741884171962738
845,32993,,,0.8198821544647217,0.495706707239151,,
846,33032,,,,,1.44867742061615,0.474365770816803
846,33032,,,0.8227638602256775,0.5117115378379822,,
847,33071,,,,,1.4487347602844238,0.47350144386291504
847,33071,,,0.836567223072052,0.4936232566833496,,
848,33110,,,,,1.4490598440170288,0.4729141592979431
848,33110,,,0.8007525205612183,0.5321904420852661,,
849,33149,,,,,1.4487930536270142,0.4720996618270874
849,33149,,,0.8226040601730347,0.513362467288971,,
850,33188,,,,,1.4484142065048218,0.47326305508613586
850,33188,,,0.8116555213928223,0.5311037302017212,,
851,33227,,,,,1.4482841491699219,0.4735048711299896
851,33227,,,0.8159710168838501,0.49510133266448975,,
852,33266,,,,,1.4495952129364014,0.47311556339263916
852,33266,,,0.8058892488479614,0.5062478184700012,,
853,33305,,,,,1.4473596811294556,0.47402384877204895
853,33305,,,0.8132666349411011,0.5143522620201111,,
854,33344,,,,,1.448198914527893,0.47341054677963257
854,33344,,,0.7978343963623047,0.5369734168052673,,
855,33383,,,,,1.447430968284607,0.4744672179222107
855,33383,,,0.8117468357086182,0.5271294116973877,,
856,33422,,,,,1.450126051902771,0.4748213291168213
856,33422,,,0.8140993118286133,0.4752649664878845,,
857,33461,,,,,1.4457488059997559,0.4757467806339264
857,33461,,,0.8107015490531921,0.5143502950668335,,
858,33500,,,,,1.446597933769226,0.476287841796875
858,33500,,,0.8211351037025452,0.5024808049201965,,
859,33539,,,,,1.4467240571975708,0.4767705798149109
859,33539,,,0.8121681213378906,0.5130044221878052,,
860,33578,,,,,1.4457453489303589,0.4773610830307007
860,33578,,,0.819687008857727,0.5208061337471008,,
861,33617,,,,,1.4454761743545532,0.47747471928596497
861,33617,,,0.8256112933158875,0.4845290184020996,,
862,33656,,,,,1.4434242248535156,0.47755885124206543
862,33656,,,0.7896398901939392,0.5355081558227539,,
863,33695,,,,,1.4442030191421509,0.4783121943473816
863,33695,,,0.8155489563941956,0.5132824182510376,,
864,33734,,,,,1.4436920881271362,0.4789656102657318
864,33734,,,0.8035109639167786,0.5456703901290894,,
865,33773,,,,,1.4429761171340942,0.47885993123054504
865,33773,,,0.8190550208091736,0.4949735999107361,,
866,33812,,,,,1.4451088905334473,0.47845983505249023
866,33812,,,0.8396485447883606,0.5027524828910828,,
867,33851,,,,,1.443542242050171,0.47936055064201355
867,33851,,,0.7836196422576904,0.5149998068809509,,
868,33890,,,,,1.4426486492156982,0.4790726900100708
868,33890,,,0.8247706294059753,0.5060946345329285,,
869,33929,,,,,1.4437607526779175,0.4782952070236206
869,33929,,,0.8103725910186768,0.5246029496192932,,
870,33968,,,,,1.4450074434280396,0.4774574339389801
870,33968,,,0.8300887942314148,0.5337982177734375,,
871,34007,,,,,1.4428495168685913,0.4786069393157959
871,34007,,,0.822447657585144,0.5219407677650452,,
872,34046,,,,,1.4438587427139282,0.4790758788585663
872,34046,,,0.7805511951446533,0.5124549269676208,,
873,34085,,,,,1.4446476697921753,0.47841593623161316
873,34085,,,0.813004732131958,0.5412785410881042,,
874,34124,,,,,1.442349910736084,0.4793815016746521
874,34124,,,0.8022075295448303,0.5227026343345642,,
875,34163,,,,,1.4425586462020874,0.47876378893852234
875,34163,,,0.8381486535072327,0.5084365010261536,,
876,34202,,,,,1.4449771642684937,0.4781472980976105
876,34202,,,0.7825778126716614,0.5577989220619202,,
877,34241,,,,,1.4455467462539673,0.47870445251464844
877,34241,,,0.7900213003158569,0.535457193851471,,
878,34280,,,,,1.4450573921203613,0.4791876971721649
878,34280,,,0.8048329949378967,0.5205000638961792,,
879,34319,,,,,1.444291114807129,0.4793664515018463
879,34319,,,0.8612516522407532,0.49333351850509644,,
880,34358,,,,,1.4444571733474731,0.4795193374156952
880,34358,,,0.8028326034545898,0.529210090637207,,
881,34397,,,,,1.4453057050704956,0.47971999645233154
881,34397,,,0.7950422763824463,0.52528315782547,,
882,34436,,,,,1.444454550743103,0.47936204075813293
882,34436,,,0.8013672232627869,0.513849139213562,,
883,34475,,,,,1.4437859058380127,0.47908052802085876
883,34475,,,0.7910664677619934,0.5131000876426697,,
884,34514,,,,,1.444229006767273,0.47985193133354187
884,34514,,,0.8185033202171326,0.5275635123252869,,
885,34553,,,,,1.4418690204620361,0.48038172721862793
885,34553,,,0.7944688200950623,0.5179598331451416,,
886,34592,,,,,1.442561149597168,0.48085394501686096
886,34592,,,0.8311155438423157,0.5314686894416809,,
887,34631,,,,,1.4423530101776123,0.48091545701026917
887,34631,,,0.80195152759552,0.5412130951881409,,
888,34670,,,,,1.4421600103378296,0.481353223323822
888,34670,,,0.8022612929344177,0.5227948427200317,,
889,34709,,,,,1.4435116052627563,0.48132580518722534
889,34709,,,0.836962103843689,0.5186572074890137,,
890,34748,,,,,1.4432733058929443,0.48130401968955994
890,34748,,,0.8304208517074585,0.49422910809516907,,
891,34787,,,,,1.4423836469650269,0.48126518726348877
891,34787,,,0.8303805589675903,0.49323755502700806,,
892,34826,,,,,1.441595196723938,0.4818870425224304
892,34826,,,0.8166992664337158,0.5225194692611694,,
893,34865,,,,,1.4410954713821411,0.482146292924881
893,34865,,,0.7975105047225952,0.5384539365768433,,
894,34904,,,,,1.44045889377594,0.4812849462032318
894,34904,,,0.8089430928230286,0.5205923914909363,,
895,34943,,,,,1.4417768716812134,0.4811907112598419
895,34943,,,0.794256329536438,0.5133694410324097,,
896,34982,,,,,1.4442050457000732,0.48130282759666443
896,34982,,,0.80875164270401,0.5158556699752808,,
897,35021,,,,,1.4416067600250244,0.4823988676071167
897,35021,,,0.7894681096076965,0.5565675497055054,,
898,35060,,,,,1.4409098625183105,0.4832567274570465
898,35060,,,0.8211435079574585,0.5446725487709045,,
899,35099,,,,,1.4406923055648804,0.48399168252944946
899,35099,,,0.7903480529785156,0.5365511178970337,,
900,35138,,,,,1.4394625425338745,0.4842943251132965
900,35138,,,0.8152734637260437,0.5299203395843506,,
901,35177,,,,,1.440659523010254,0.48398786783218384
901,35177,,,0.8037712574005127,0.5291314721107483,,
902,35216,,,,,1.4397616386413574,0.4848206639289856
902,35216,,,0.8001985549926758,0.5087419152259827,,
903,35255,,,,,1.4400032758712769,0.4850330948829651
903,35255,,,0.8226551413536072,0.5011386275291443,,
904,35294,,,,,1.4406838417053223,0.4848844110965729
904,35294,,,0.8265740871429443,0.5091834664344788,,
905,35333,,,,,1.4405611753463745,0.4840138256549835
905,35333,,,0.7846329808235168,0.5271403193473816,,
906,35372,,,,,1.439880132675171,0.4845263957977295
906,35372,,,0.807228684425354,0.48353269696235657,,
907,35411,,,,,1.440911889076233,0.4845263659954071
907,35411,,,0.7999266386032104,0.5342249870300293,,
908,35450,,,,,1.4421842098236084,0.4842548966407776
908,35450,,,0.8024265170097351,0.5392553210258484,,
909,35489,,,,,1.4408894777297974,0.4841935336589813
909,35489,,,0.7884044051170349,0.5370025038719177,,
910,35528,,,,,1.4405938386917114,0.4838951528072357
910,35528,,,0.8095917105674744,0.5357720255851746,,
911,35567,,,,,1.4410765171051025,0.4837489724159241
911,35567,,,0.8082473874092102,0.5464314222335815,,
912,35606,,,,,1.439864993095398,0.48406273126602173
912,35606,,,0.8218597769737244,0.5322247743606567,,
913,35645,,,,,1.4404127597808838,0.4846212863922119
913,35645,,,0.8246486186981201,0.5285887718200684,,
914,35684,,,,,1.4384535551071167,0.48467427492141724
914,35684,,,0.7868242859840393,0.5686128735542297,,
915,35723,,,,,1.4388850927352905,0.4843626916408539
915,35723,,,0.8248077630996704,0.5348288416862488,,
916,35762,,,,,1.4383512735366821,0.48415544629096985
916,35762,,,0.8331588506698608,0.5227305889129639,,
917,35801,,,,,1.4402066469192505,0.48411083221435547
917,35801,,,0.8130114078521729,0.5145797729492188,,
918,35840,,,,,1.4407005310058594,0.4841288924217224
918,35840,,,0.8122199177742004,0.49051880836486816,,
919,35879,,,,,1.4409303665161133,0.48482927680015564
919,35879,,,0.8193773031234741,0.5245182514190674,,
920,35918,,,,,1.4405347108840942,0.4848920404911041
920,35918,,,0.8258643746376038,0.5070669651031494,,
921,35957,,,,,1.4396543502807617,0.4856538474559784
921,35957,,,0.8110791444778442,0.5403386950492859,,
922,35996,,,,,1.4382277727127075,0.487013578414917
922,35996,,,0.8124039769172668,0.49124395847320557,,
923,36035,,,,,1.4383456707000732,0.4877359867095947
923,36035,,,0.8105298280715942,0.518521249294281,,
924,36074,,,,,1.4398070573806763,0.48710185289382935
924,36074,,,0.8207128643989563,0.5171630382537842,,
925,36113,,,,,1.4378904104232788,0.4874075651168823
925,36113,,,0.8000842332839966,0.5169326663017273,,
926,36152,,,,,1.436594009399414,0.4873175621032715
926,36152,,,0.7991917729377747,0.5283558368682861,,
927,36191,,,,,1.437586784362793,0.4872743785381317
927,36191,,,0.8149155974388123,0.5328027606010437,,
928,36230,,,,,1.4387297630310059,0.48712557554244995
928,36230,,,0.8096756935119629,0.49703553318977356,,
929,36269,,,,,1.438935399055481,0.48597410321235657
929,36269,,,0.8209320306777954,0.5131120681762695,,
930,36308,,,,,1.4392520189285278,0.48558077216148376
930,36308,,,0.8124619722366333,0.5043990015983582,,
931,36347,,,,,1.4386049509048462,0.4856182932853699
931,36347,,,0.8168046474456787,0.5059819221496582,,
932,36386,,,,,1.4379267692565918,0.48582208156585693
932,36386,,,0.8324885368347168,0.5339570045471191,,
933,36425,,,,,1.4371463060379028,0.48680415749549866
933,36425,,,0.8050756454467773,0.517095685005188,,
934,36464,,,,,1.43614661693573,0.48721224069595337
934,36464,,,0.8195717930793762,0.5165205001831055,,
935,36503,,,,,1.43765389919281,0.4868277311325073
935,36503,,,0.7931240797042847,0.5363677144050598,,
936,36542,,,,,1.4372822046279907,0.48565641045570374
936,36542,,,0.7989767789840698,0.559627115726471,,
937,36581,,,,,1.4363455772399902,0.48642849922180176
937,36581,,,0.8165296316146851,0.5367944836616516,,
938,36620,,,,,1.4368571043014526,0.48660826683044434
938,36620,,,0.7943007349967957,0.5380898714065552,,
939,36659,,,,,1.4360822439193726,0.4877457916736603
939,36659,,,0.792402446269989,0.5353417992591858,,
940,36698,,,,,1.437388300895691,0.4883335530757904
940,36698,,,0.8053309917449951,0.5411834716796875,,
941,36737,,,,,1.4381492137908936,0.4886145293712616
941,36737,,,0.8210787773132324,0.4875522553920746,,
942,36776,,,,,1.4380226135253906,0.48835885524749756
942,36776,,,0.8211573958396912,0.4975649416446686,,
943,36815,,,,,1.4376697540283203,0.4876037538051605
943,36815,,,0.8044851422309875,0.5370405316352844,,
944,36854,,,,,1.4370309114456177,0.4872478246688843
944,36854,,,0.8376954197883606,0.48316049575805664,,
945,36893,,,,,1.4368946552276611,0.4861536920070648
945,36893,,,0.8072190880775452,0.541488766670227,,
946,36932,,,,,1.435877799987793,0.48675528168678284
946,36932,,,0.8007639646530151,0.5435208082199097,,
947,36971,,,,,1.4373282194137573,0.4865027070045471
947,36971,,,0.8240149021148682,0.49514633417129517,,
948,37010,,,,,1.4384095668792725,0.48684120178222656
948,37010,,,0.8006573915481567,0.5128204822540283,,
949,37049,,,,,1.4378913640975952,0.48622214794158936
949,37049,,,0.7968959212303162,0.5457298755645752,,
950,37088,,,,,1.437573790550232,0.4863358736038208
950,37088,,,0.8352223634719849,0.5150684118270874,,
951,37127,,,,,1.43734872341156,0.48524361848831177
951,37127,,,0.7941080927848816,0.5324108600616455,,
952,37166,,,,,1.4375135898590088,0.4848898947238922
952,37166,,,0.8244688510894775,0.5253534317016602,,
953,37205,,,,,1.4383562803268433,0.48514121770858765
953,37205,,,0.810467004776001,0.5178412199020386,,
954,37244,,,,,1.4380879402160645,0.485145628452301
954,37244,,,0.8165749311447144,0.526724100112915,,
955,37283,,,,,1.4384510517120361,0.4846985638141632
955,37283,,,0.8257490992546082,0.5345309376716614,,
956,37322,,,,,1.4376578330993652,0.4846017062664032
956,37322,,,0.8070856928825378,0.5425208806991577,,
957,37361,,,,,1.437469244003296,0.48405835032463074
957,37361,,,0.8034217357635498,0.5421605706214905,,
958,37400,,,,,1.4379514455795288,0.48405811190605164
958,37400,,,0.8329466581344604,0.5315554141998291,,
959,37439,,,,,1.4381115436553955,0.48493853211402893
959,37439,,,0.7981308102607727,0.5209664106369019,,
960,37478,,,,,1.4375498294830322,0.484456330537796
960,37478,,,0.8026643991470337,0.5333372950553894,,
961,37517,,,,,1.4364410638809204,0.4855208396911621
961,37517,,,0.7955278158187866,0.538382887840271,,
962,37556,,,,,1.4366183280944824,0.4849957227706909
962,37556,,,0.8174334764480591,0.5171918869018555,,
963,37595,,,,,1.4361891746520996,0.48484864830970764
963,37595,,,0.798538863658905,0.5498981475830078,,
964,37634,,,,,1.4364875555038452,0.4849829375743866
964,37634,,,0.8210554122924805,0.49566978216171265,,
965,37673,,,,,1.438440203666687,0.4847625494003296
965,37673,,,0.8084051609039307,0.5424087047576904,,
966,37712,,,,,1.4373801946640015,0.48430898785591125
966,37712,,,0.7915173768997192,0.5242094397544861,,
967,37751,,,,,1.437178373336792,0.4852643311023712
967,37751,,,0.7917454242706299,0.5405411124229431,,
968,37790,,,,,1.4384385347366333,0.48418283462524414
968,37790,,,0.803371012210846,0.5092371702194214,,
969,37829,,,,,1.4380497932434082,0.4846912622451782
969,37829,,,0.7981653213500977,0.49515289068222046,,
970,37868,,,,,1.4380494356155396,0.4847942590713501
970,37868,,,0.8481967449188232,0.4530211091041565,,
971,37907,,,,,1.436698317527771,0.4845768213272095
971,37907,,,0.7968392968177795,0.5375609993934631,,
972,37946,,,,,1.4356106519699097,0.48511242866516113
972,37946,,,0.828792154788971,0.524087131023407,,
973,37985,,,,,1.4372129440307617,0.48515552282333374
973,37985,,,0.7880069017410278,0.5194779634475708,,
974,38024,,,,,1.4385426044464111,0.4837758243083954
974,38024,,,0.7900787591934204,0.5336491465568542,,
975,38063,,,,,1.4392257928848267,0.4836605489253998
975,38063,,,0.8092432022094727,0.5212551355361938,,
976,38102,,,,,1.4370763301849365,0.4840736985206604
976,38102,,,0.8149034976959229,0.5284438729286194,,
977,38141,,,,,1.437507152557373,0.4837738573551178
977,38141,,,0.8214788436889648,0.5339705944061279,,
978,38180,,,,,1.4385524988174438,0.4829840660095215
978,38180,,,0.8137491941452026,0.5185927152633667,,
979,38219,,,,,1.4365851879119873,0.4832059442996979
979,38219,,,0.8038408160209656,0.5437103509902954,,
980,38258,,,,,1.4383729696273804,0.4826834201812744
980,38258,,,0.8067448139190674,0.5153290033340454,,
981,38297,,,,,1.4376864433288574,0.4827282726764679
981,38297,,,0.8028126955032349,0.5200402736663818,,
982,38336,,,,,1.437166452407837,0.4823499321937561
982,38336,,,0.7895904183387756,0.5498236417770386,,
983,38375,,,,,1.4375499486923218,0.48318302631378174
983,38375,,,0.8005481958389282,0.5284790396690369,,
984,38414,,,,,1.4358930587768555,0.4822174310684204
984,38414,,,0.8009849190711975,0.5321901440620422,,
985,38453,,,,,1.4378513097763062,0.4813041687011719
985,38453,,,0.813498854637146,0.5198084115982056,,
986,38492,,,,,1.4386881589889526,0.48191264271736145
986,38492,,,0.8349869847297668,0.5138070583343506,,
987,38531,,,,,1.437002420425415,0.4826928973197937
987,38531,,,0.7799650430679321,0.5658284425735474,,
988,38570,,,,,1.4359281063079834,0.48293593525886536
988,38570,,,0.7865183353424072,0.5479089617729187,,
989,38609,,,,,1.4364018440246582,0.4830566942691803
989,38609,,,0.8545631766319275,0.4907223582267761,,
990,38648,,,,,1.4370667934417725,0.48353493213653564
990,38648,,,0.8474346995353699,0.49192672967910767,,
991,38687,,,,,1.4361263513565063,0.48333248496055603
991,38687,,,0.818966805934906,0.5049315094947815,,
992,38726,,,,,1.436303973197937,0.483614444732666
992,38726,,,0.812932550907135,0.5023447871208191,,
993,38765,,,,,1.4367146492004395,0.48317500948905945
993,38765,,,0.8017688393592834,0.5396208167076111,,
994,38804,,,,,1.436485767364502,0.4839406907558441
994,38804,,,0.7938511967658997,0.5396844148635864,,
995,38843,,,,,1.4354914426803589,0.4844731390476227
995,38843,,,0.7879735231399536,0.5475850701332092,,
996,38882,,,,,1.4339332580566406,0.4855930507183075
996,38882,,,0.8335323929786682,0.531158447265625,,
997,38921,,,,,1.4351452589035034,0.4853910505771637
997,38921,,,0.8108468651771545,0.5584315657615662,,
998,38960,,,,,1.435291051864624,0.48590755462646484
998,38960,,,0.7874131798744202,0.5028958916664124,,
999,38999,,,,,1.4345017671585083,0.48609891533851624
999,38999,,,0.8143033981323242,0.5415847897529602,,
1000,39038,,,,,1.435097098350525,0.4857386350631714
1000,39038,,,0.8141131401062012,0.5464690923690796,,
1001,39077,,,,,1.4339027404785156,0.48545917868614197
1001,39077,,,0.8002023696899414,0.5256706476211548,,
1002,39116,,,,,1.433531403541565,0.48564210534095764
1002,39116,,,0.8090192079544067,0.5158233642578125,,
1003,39155,,,,,1.4352413415908813,0.48579496145248413
1003,39155,,,0.8105598092079163,0.48017701506614685,,
1004,39194,,,,,1.436766266822815,0.48541516065597534
1004,39194,,,0.7932422161102295,0.5219000577926636,,
1005,39233,,,,,1.4370239973068237,0.484680712223053
1005,39233,,,0.8011820316314697,0.5510536432266235,,
1006,39272,,,,,1.4369534254074097,0.4844406545162201
1006,39272,,,0.8162345886230469,0.5194305777549744,,
1007,39311,,,,,1.4344658851623535,0.4852059483528137
1007,39311,,,0.7951793074607849,0.5496792197227478,,
1008,39350,,,,,1.4353519678115845,0.48475903272628784
1008,39350,,,0.7856586575508118,0.5090265870094299,,
1009,39389,,,,,1.4346928596496582,0.48504340648651123
1009,39389,,,0.8061912655830383,0.4994336664676666,,
1010,39428,,,,,1.4338005781173706,0.4849717915058136
1010,39428,,,0.8001306056976318,0.5674831867218018,,
1011,39467,,,,,1.4355096817016602,0.48454606533050537
1011,39467,,,0.8161293268203735,0.5287079811096191,,
1012,39506,,,,,1.4345208406448364,0.4844963550567627
1012,39506,,,0.8379142880439758,0.5286818146705627,,
1013,39545,,,,,1.436171293258667,0.4843803346157074
1013,39545,,,0.7808473110198975,0.5312994718551636,,
1014,39584,,,,,1.434739589691162,0.48501381278038025
1014,39584,,,0.8176224827766418,0.5151310563087463,,
1015,39623,,,,,1.4337527751922607,0.4857710003852844
1015,39623,,,0.7918927073478699,0.5562929511070251,,
1016,39662,,,,,1.435054063796997,0.4849604368209839
1016,39662,,,0.8245427012443542,0.46953099966049194,,
1017,39701,,,,,1.4342838525772095,0.4853650629520416
1017,39701,,,0.8098031282424927,0.5576192140579224,,
1018,39740,,,,,1.4340612888336182,0.48573851585388184
1018,39740,,,0.8223922848701477,0.5090205669403076,,
1019,39779,,,,,1.4353736639022827,0.4848870038986206
1019,39779,,,0.8042909502983093,0.5431745648384094,,
1020,39818,,,,,1.435117244720459,0.48445868492126465
1020,39818,,,0.8010165691375732,0.5099093317985535,,
1021,39857,,,,,1.433931589126587,0.4852525591850281
1021,39857,,,0.8356379866600037,0.521008312702179,,
1022,39896,,,,,1.4349888563156128,0.48550713062286377
1022,39896,,,0.8017686009407043,0.5098416209220886,,
1023,39935,,,,,1.4342265129089355,0.4858050048351288
1023,39935,,,0.8015514016151428,0.5426921248435974,,
1024,39974,,,,,1.4344626665115356,0.48498719930648804
1024,39974,,,0.7875686883926392,0.5588514804840088,,
1025,40013,,,,,1.4338096380233765,0.484936386346817
1025,40013,,,0.7919071912765503,0.5605972409248352,,
1026,40052,,,,,1.4347821474075317,0.4856248199939728
1026,40052,,,0.8105557560920715,0.5316701531410217,,
1027,40091,,,,,1.436038613319397,0.4854782223701477
1027,40091,,,0.7991271018981934,0.513664722442627,,
1028,40130,,,,,1.4358881711959839,0.4846632480621338
1028,40130,,,0.82277512550354,0.5336675047874451,,
1029,40169,,,,,1.4357819557189941,0.48440322279930115
1029,40169,,,0.8266531825065613,0.5166155695915222,,
1030,40208,,,,,1.4348634481430054,0.4845188856124878
1030,40208,,,0.8049959540367126,0.5344104170799255,,
1031,40247,,,,,1.4354443550109863,0.4838288426399231
1031,40247,,,0.821692168712616,0.5111740827560425,,
1032,40286,,,,,1.435556173324585,0.48412850499153137
1032,40286,,,0.7856784462928772,0.5119161009788513,,
1033,40325,,,,,1.4364662170410156,0.4846944510936737
1033,40325,,,0.807332456111908,0.5105294585227966,,
1034,40364,,,,,1.436119794845581,0.4851111173629761
1034,40364,,,0.8110917210578918,0.5180805921554565,,
1035,40403,,,,,1.4346550703048706,0.48428013920783997
1035,40403,,,0.7950336933135986,0.5449431538581848,,
1036,40442,,,,,1.4354292154312134,0.48372727632522583
1036,40442,,,0.8083997368812561,0.5313600301742554,,
1037,40481,,,,,1.4359853267669678,0.48309630155563354
1037,40481,,,0.8036143183708191,0.5175809860229492,,
1038,40520,,,,,1.437341332435608,0.4824160635471344
1038,40520,,,0.8027862906455994,0.5279310941696167,,
1039,40559,,,,,1.4381589889526367,0.48189789056777954
1039,40559,,,0.8065327405929565,0.536644458770752,,
1040,40598,,,,,1.437941074371338,0.48148003220558167
1040,40598,,,0.8109515905380249,0.5603839755058289,,
1041,40637,,,,,1.4360377788543701,0.4819410741329193
1041,40637,,,0.7945855259895325,0.5396435856819153,,
1042,40676,,,,,1.4360772371292114,0.4819020628929138
1042,40676,,,0.7976274490356445,0.5672434568405151,,
1043,40715,,,,,1.4371113777160645,0.48223188519477844
1043,40715,,,0.7922227382659912,0.5354397892951965,,
1044,40754,,,,,1.436599612236023,0.48254460096359253
1044,40754,,,0.8050395250320435,0.5327467322349548,,
1045,40793,,,,,1.4373753070831299,0.4824301600456238
1045,40793,,,0.8180679678916931,0.49033990502357483,,
1046,40832,,,,,1.4377827644348145,0.4827256500720978
1046,40832,,,0.8271722793579102,0.529473602771759,,
1047,40871,,,,,1.4371620416641235,0.4829627275466919
1047,40871,,,0.8150450587272644,0.5004690289497375,,
1048,40910,,,,,1.4361194372177124,0.48338058590888977
1048,40910,,,0.8006963133811951,0.5254210829734802,,
1049,40949,,,,,1.436979055404663,0.48305365443229675
1049,40949,,,0.8054602742195129,0.5170555114746094,,
1050,40988,,,,,1.434290885925293,0.4841615557670593
1050,40988,,,0.8119436502456665,0.5252488255500793,,
1051,41027,,,,,1.4359809160232544,0.4842918813228607
1051,41027,,,0.8183602690696716,0.5333436131477356,,
1052,41066,,,,,1.4355823993682861,0.48471447825431824
1052,41066,,,0.8262121677398682,0.5845866203308105,,
1053,41105,,,,,1.435364007949829,0.48456844687461853
1053,41105,,,0.8028834462165833,0.514478325843811,,
1054,41144,,,,,1.4347050189971924,0.48483043909072876
1054,41144,,,0.8061330914497375,0.5209136605262756,,
1055,41183,,,,,1.4358128309249878,0.4848644435405731
1055,41183,,,0.8342550992965698,0.5363510847091675,,
1056,41222,,,,,1.4358041286468506,0.4840131103992462
1056,41222,,,0.8326834440231323,0.5160816311836243,,
1057,41261,,,,,1.4372422695159912,0.48294535279273987
1057,41261,,,0.7937237620353699,0.5263351798057556,,
1058,41300,,,,,1.4349712133407593,0.48423632979393005
1058,41300,,,0.7935186624526978,0.5483868718147278,,
1059,41339,,,,,1.4356132745742798,0.4838150143623352
1059,41339,,,0.7950423955917358,0.5091014504432678,,
1060,41378,,,,,1.4373066425323486,0.48339876532554626
1060,41378,,,0.7975800633430481,0.527061402797699,,
1061,41417,,,,,1.4361441135406494,0.4829960763454437
1061,41417,,,0.7975382804870605,0.572458803653717,,
1062,41456,,,,,1.4345853328704834,0.48358145356178284
1062,41456,,,0.7929317951202393,0.5153161287307739,,
1063,41495,,,,,1.4346415996551514,0.48332828283309937
1063,41495,,,0.7823145389556885,0.5294819474220276,,
1064,41534,,,,,1.4352749586105347,0.4830531179904938
1064,41534,,,0.8159028887748718,0.5371657013893127,,
1065,41573,,,,,1.4336296319961548,0.48383229970932007
1065,41573,,,0.7944679260253906,0.5185431838035583,,
1066,41612,,,,,1.4340221881866455,0.48389163613319397
1066,41612,,,0.8309962749481201,0.4912262558937073,,
1067,41651,,,,,1.4346317052841187,0.4841654598712921
1067,41651,,,0.81638103723526,0.5163478255271912,,
1068,41690,,,,,1.4348869323730469,0.48408252000808716
1068,41690,,,0.7822414040565491,0.5469083786010742,,
1069,41729,,,,,1.4343101978302002,0.4837736189365387
1069,41729,,,0.8104647994041443,0.5086567401885986,,
1070,41768,,,,,1.434768795967102,0.4837491512298584
1070,41768,,,0.7920348048210144,0.5265730023384094,,
1071,41807,,,,,1.4360337257385254,0.483099102973938
1071,41807,,,0.8291427493095398,0.4627092182636261,,
1072,41846,,,,,1.43511962890625,0.4829784631729126
1072,41846,,,0.791691780090332,0.5374358892440796,,
1073,41885,,,,,1.4357494115829468,0.4829162657260895
1073,41885,,,0.8092756867408752,0.5428705215454102,,
1074,41924,,,,,1.4348019361495972,0.4835934638977051
1074,41924,,,0.8087642788887024,0.5386220216751099,,
1075,41963,,,,,1.4345026016235352,0.48267826437950134
1075,41963,,,0.789862334728241,0.5607456564903259,,
1076,42002,,,,,1.4348211288452148,0.48278576135635376
1076,42002,,,0.825811505317688,0.5235199928283691,,
1077,42041,,,,,1.4353755712509155,0.4826941192150116
1077,42041,,,0.8051020503044128,0.5161177515983582,,
1078,42080,,,,,1.4344780445098877,0.4826411306858063
1078,42080,,,0.8089094161987305,0.5398256778717041,,
1079,42119,,,,,1.4339189529418945,0.4828096628189087
1079,42119,,,0.7972968220710754,0.5588178634643555,,
1080,42158,,,,,1.4332196712493896,0.4828818440437317
1080,42158,,,0.801534116268158,0.5403258204460144,,
1081,42197,,,,,1.4320801496505737,0.48286330699920654
1081,42197,,,0.7598943114280701,0.561103343963623,,
1082,42236,,,,,1.4333864450454712,0.48237985372543335
1082,42236,,,0.8219155669212341,0.5584903359413147,,
1083,42275,,,,,1.4328378438949585,0.48270583152770996
1083,42275,,,0.7926969528198242,0.5522952675819397,,
1084,42314,,,,,1.4322726726531982,0.48293086886405945
1084,42314,,,0.8195869326591492,0.519530713558197,,
1085,42353,,,,,1.433328628540039,0.48263150453567505
1085,42353,,,0.7864266633987427,0.5277467370033264,,
1086,42392,,,,,1.432984471321106,0.48308923840522766
1086,42392,,,0.8166422843933105,0.5524128079414368,,
1087,42431,,,,,1.4338974952697754,0.4829944968223572
1087,42431,,,0.7809855341911316,0.522723913192749,,
1088,42470,,,,,1.4339466094970703,0.4833940863609314
1088,42470,,,0.7822973728179932,0.5618690848350525,,
1089,42509,,,,,1.4330605268478394,0.48342961072921753
1089,42509,,,0.8141133189201355,0.5057312250137329,,
1090,42548,,,,,1.4339823722839355,0.48281532526016235
1090,42548,,,0.7940378189086914,0.5136354565620422,,
1091,42587,,,,,1.4329900741577148,0.48334479331970215
1091,42587,,,0.8071286082267761,0.5219495892524719,,
1092,42626,,,,,1.4335254430770874,0.4835771322250366
1092,42626,,,0.7998881936073303,0.5706039071083069,,
1093,42665,,,,,1.4339892864227295,0.4825815260410309
1093,42665,,,0.7915304899215698,0.5348200798034668,,
1094,42704,,,,,1.4340661764144897,0.4831460416316986
1094,42704,,,0.7993765473365784,0.5304597020149231,,
1095,42743,,,,,1.4364838600158691,0.4823914170265198
1095,42743,,,0.8191400766372681,0.4844619035720825,,
1096,42782,,,,,1.4353305101394653,0.4829428493976593
1096,42782,,,0.7859596014022827,0.5639400482177734,,
1097,42821,,,,,1.4355288743972778,0.4824623167514801
1097,42821,,,0.7911311984062195,0.5513783693313599,,
1098,42860,,,,,1.4359526634216309,0.48255422711372375
1098,42860,,,0.8210967779159546,0.5062605738639832,,
1099,42899,,,,,1.436536192893982,0.48229727149009705
1099,42899,,,0.7811967730522156,0.5650777816772461,,
1100,42938,,,,,1.4363356828689575,0.4815744459629059
1100,42938,,,0.807857096195221,0.543097198009491,,
1101,42977,,,,,1.4366947412490845,0.48098596930503845
1101,42977,,,0.8015963435173035,0.49265334010124207,,
1102,43016,,,,,1.4357097148895264,0.48124247789382935
1102,43016,,,0.7840540409088135,0.5383314490318298,,
1103,43055,,,,,1.4356082677841187,0.4815824627876282
1103,43055,,,0.7831906080245972,0.5819351077079773,,
1104,43094,,,,,1.4354346990585327,0.4816218912601471
1104,43094,,,0.8383193612098694,0.5428977608680725,,
1105,43133,,,,,1.4370452165603638,0.4808467626571655
1105,43133,,,0.7903503775596619,0.5503486394882202,,
1106,43172,,,,,1.435010313987732,0.4813076853752136
1106,43172,,,0.7927018404006958,0.541793167591095,,
1107,43211,,,,,1.4346071481704712,0.48149552941322327
1107,43211,,,0.802056610584259,0.5359814763069153,,
1108,43250,,,,,1.435613751411438,0.4810304045677185
1108,43250,,,0.8108288645744324,0.5130181312561035,,
1109,43289,,,,,1.4340214729309082,0.480929434299469
1109,43289,,,0.7872231602668762,0.5320836901664734,,
1110,43328,,,,,1.434993863105774,0.48108625411987305
1110,43328,,,0.806666374206543,0.5485271215438843,,
1111,43367,,,,,1.4335596561431885,0.4818696975708008
1111,43367,,,0.8098480701446533,0.5309355854988098,,
1112,43406,,,,,1.434116005897522,0.4824008643627167
1112,43406,,,0.8064991235733032,0.5416862368583679,,
1113,43445,,,,,1.4346879720687866,0.4815167486667633
1113,43445,,,0.8038833141326904,0.5445088744163513,,
1114,43484,,,,,1.4356188774108887,0.48056477308273315
1114,43484,,,0.8201001882553101,0.5367855429649353,,
1115,43523,,,,,1.4350372552871704,0.480052649974823
1115,43523,,,0.7857489585876465,0.5514999032020569,,
1116,43562,,,,,1.4352954626083374,0.4801522195339203
1116,43562,,,0.8017145991325378,0.5170250535011292,,
1117,43601,,,,,1.4350889921188354,0.4796983301639557
1117,43601,,,0.7858185172080994,0.5617902278900146,,
1118,43640,,,,,1.4327750205993652,0.4801807999610901
1118,43640,,,0.8061106204986572,0.5426004528999329,,
1119,43679,,,,,1.4337087869644165,0.4804447591304779
1119,43679,,,0.8119755983352661,0.5401210188865662,,
1120,43718,,,,,1.4325761795043945,0.4807778298854828
1120,43718,,,0.7785288095474243,0.5518071055412292,,
1121,43757,,,,,1.4320491552352905,0.4813058078289032
1121,43757,,,0.8016988039016724,0.5234562754631042,,
1122,43796,,,,,1.4320271015167236,0.48182380199432373
1122,43796,,,0.8012680411338806,0.5144777297973633,,
1123,43835,,,,,1.4332101345062256,0.48292821645736694
1123,43835,,,0.8149626851081848,0.4720797538757324,,
1124,43874,,,,,1.432766318321228,0.4831782877445221
1124,43874,,,0.816116213798523,0.5493998527526855,,
1125,43913,,,,,1.4320238828659058,0.4839683473110199
1125,43913,,,0.7718448042869568,0.5344452261924744,,
1126,43952,,,,,1.43130362033844,0.48412078619003296
1126,43952,,,0.7562767863273621,0.5587449669837952,,
1127,43991,,,,,1.4326070547103882,0.48387306928634644
1127,43991,,,0.7992619276046753,0.5340959429740906,,
1128,44030,,,,,1.4318630695343018,0.48346301913261414
1128,44030,,,0.8270399570465088,0.49207696318626404,,
1129,44069,,,,,1.4316002130508423,0.4834873378276825
1129,44069,,,0.8100937008857727,0.553095281124115,,
1130,44108,,,,,1.4345402717590332,0.48229852318763733
1130,44108,,,0.8144884705543518,0.5405164957046509,,
1131,44147,,,,,1.4325271844863892,0.4826886057853699
1131,44147,,,0.7994800209999084,0.5195169448852539,,
1132,44186,,,,,1.4333370923995972,0.483213871717453
1132,44186,,,0.7930915355682373,0.5203847885131836,,
1133,44225,,,,,1.4328763484954834,0.4830966591835022
1133,44225,,,0.7931958436965942,0.5591238141059875,,
1134,44264,,,,,1.4337882995605469,0.4823365807533264
1134,44264,,,0.8047186732292175,0.5396819710731506,,
1135,44303,,,,,1.4320530891418457,0.48261260986328125
1135,44303,,,0.7970800399780273,0.5401288270950317,,
1136,44342,,,,,1.4307721853256226,0.4828035831451416
1136,44342,,,0.8154898285865784,0.5645914673805237,,
1137,44381,,,,,1.4316192865371704,0.48242345452308655
1137,44381,,,0.7964481711387634,0.5228484272956848,,
1138,44420,,,,,1.4326694011688232,0.48154401779174805
1138,44420,,,0.7871993184089661,0.5553573369979858,,
1139,44459,,,,,1.4326140880584717,0.4812578856945038
1139,44459,,,0.8114821314811707,0.5249185562133789,,
1140,44498,,,,,1.433002233505249,0.4812641739845276
1140,44498,,,0.8023576140403748,0.5179346799850464,,
1141,44537,,,,,1.431331992149353,0.4814600646495819
1141,44537,,,0.787908136844635,0.5403899550437927,,
1142,44576,,,,,1.4313715696334839,0.48106834292411804
1142,44576,,,0.781078577041626,0.5510197281837463,,
1143,44615,,,,,1.4313697814941406,0.48111653327941895
1143,44615,,,0.8096097111701965,0.5252833962440491,,
1144,44654,,,,,1.4322420358657837,0.48130002617836
1144,44654,,,0.8007810115814209,0.5100491642951965,,
1145,44693,,,,,1.430908203125,0.48139429092407227
1145,44693,,,0.8099750876426697,0.5448051691055298,,
1146,44732,,,,,1.4323890209197998,0.4811825156211853
1146,44732,,,0.8186213374137878,0.5456307530403137,,
1147,44771,,,,,1.4331793785095215,0.48110145330429077
1147,44771,,,0.8103288412094116,0.5390118360519409,,
1148,44810,,,,,1.4338897466659546,0.4799806773662567
1148,44810,,,0.7788266539573669,0.5229220986366272,,
1149,44849,,,,,1.4324795007705688,0.48012080788612366
1149,44849,,,0.7973959445953369,0.5583330988883972,,
1150,44888,,,,,1.432739019393921,0.4805026948451996
1150,44888,,,0.795559287071228,0.5335281491279602,,
1151,44927,,,,,1.4324556589126587,0.4805843234062195
1151,44927,,,0.8092446327209473,0.5293510556221008,,
1152,44966,,,,,1.4322230815887451,0.4802696704864502
1152,44966,,,0.8059543967247009,0.5427225232124329,,
1153,45005,,,,,1.4328614473342896,0.4801243841648102
1153,45005,,,0.784194827079773,0.5506113767623901,,
1154,45044,,,,,1.4318931102752686,0.4807201623916626
1154,45044,,,0.799636960029602,0.5577512383460999,,
1155,45083,,,,,1.431321144104004,0.4812457263469696
1155,45083,,,0.8084980845451355,0.5439416766166687,,
1156,45122,,,,,1.4323198795318604,0.48180240392684937
1156,45122,,,0.8116402626037598,0.5223854780197144,,
1157,45161,,,,,1.4335473775863647,0.4810003638267517
1157,45161,,,0.784417450428009,0.5386354923248291,,
1158,45200,,,,,1.4341868162155151,0.4808128774166107
1158,45200,,,0.8208068609237671,0.5263691544532776,,
1159,45239,,,,,1.4337772130966187,0.48126065731048584
1159,45239,,,0.7969622611999512,0.5388432741165161,,
1160,45278,,,,,1.4337767362594604,0.48103195428848267
1160,45278,,,0.8172311186790466,0.5479844212532043,,
1161,45317,,,,,1.4338288307189941,0.48155081272125244
1161,45317,,,0.8081791400909424,0.5383057594299316,,
1162,45356,,,,,1.433354139328003,0.48166924715042114
1162,45356,,,0.7953602075576782,0.5349064469337463,,
1163,45395,,,,,1.4328974485397339,0.4816949963569641
1163,45395,,,0.7825841903686523,0.5571206212043762,,
1164,45434,,,,,1.4341038465499878,0.4814588129520416
1164,45434,,,0.8104751706123352,0.4949604570865631,,
1165,45473,,,,,1.432769536972046,0.48111528158187866
1165,45473,,,0.7734398245811462,0.541054904460907,,
1166,45512,,,,,1.4344769716262817,0.4811217188835144
1166,45512,,,0.8000838160514832,0.53343266248703,,
1167,45551,,,,,1.434145212173462,0.48138993978500366
1167,45551,,,0.8186953663825989,0.523346483707428,,
1168,45590,,,,,1.4349950551986694,0.4812309443950653
1168,45590,,,0.809230625629425,0.5398744344711304,,
1169,45629,,,,,1.4336997270584106,0.48157063126564026
1169,45629,,,0.7968636751174927,0.5809341073036194,,
1170,45668,,,,,1.4330974817276,0.4812268018722534
1170,45668,,,0.8058001399040222,0.5340427756309509,,
1171,45707,,,,,1.432799220085144,0.48145756125450134
1171,45707,,,0.7887649536132812,0.561941921710968,,
1172,45746,,,,,1.4332144260406494,0.4809851050376892
1172,45746,,,0.8339312672615051,0.5307793617248535,,
1173,45785,,,,,1.4318432807922363,0.4810415506362915
1173,45785,,,0.7903953790664673,0.5090643167495728,,
1174,45824,,,,,1.4338743686676025,0.48133403062820435
1174,45824,,,0.8011544942855835,0.49264633655548096,,
1175,45863,,,,,1.4333057403564453,0.4817425012588501
1175,45863,,,0.7689390182495117,0.5643225908279419,,
1176,45902,,,,,1.4339241981506348,0.48112916946411133
1176,45902,,,0.8031352162361145,0.5344724059104919,,
1177,45941,,,,,1.4326974153518677,0.48148128390312195
1177,45941,,,0.7705380916595459,0.5554884672164917,,
1178,45980,,,,,1.432796597480774,0.48107799887657166
1178,45980,,,0.7765664458274841,0.560038149356842,,
1179,46019,,,,,1.4324121475219727,0.48096024990081787
1179,46019,,,0.8036006093025208,0.5449152588844299,,
1180,46058,,,,,1.4337507486343384,0.4804394245147705
1180,46058,,,0.7657819986343384,0.5345600843429565,,
1181,46097,,,,,1.4339216947555542,0.47987866401672363
1181,46097,,,0.7980073094367981,0.5314903259277344,,
1182,46136,,,,,1.4346790313720703,0.4791814982891083
1182,46136,,,0.8101578950881958,0.5364575982093811,,
1183,46175,,,,,1.4366554021835327,0.4779755175113678
1183,46175,,,0.7937195897102356,0.5371026992797852,,
1184,46214,,,,,1.4365904331207275,0.4777003824710846
1184,46214,,,0.7933525443077087,0.49976593255996704,,
1185,46253,,,,,1.4371895790100098,0.4776900112628937
1185,46253,,,0.7925048470497131,0.5275641083717346,,
1186,46292,,,,,1.4346402883529663,0.47802478075027466
1186,46292,,,0.7822964191436768,0.5537179112434387,,
1187,46331,,,,,1.4348766803741455,0.4780535101890564
1187,46331,,,0.7904183268547058,0.5293436646461487,,
1188,46370,,,,,1.4340980052947998,0.4784991145133972
1188,46370,,,0.7889472246170044,0.5535511374473572,,
1189,46409,,,,,1.435121774673462,0.4781033992767334
1189,46409,,,0.798464834690094,0.5204498767852783,,
1190,46448,,,,,1.4364436864852905,0.4782241880893707
1190,46448,,,0.8174927234649658,0.5275753736495972,,
1191,46487,,,,,1.4345393180847168,0.47891345620155334
1191,46487,,,0.8022201657295227,0.5310094952583313,,
1192,46526,,,,,1.4342743158340454,0.4793630838394165
1192,46526,,,0.7892533540725708,0.5408609509468079,,
1193,46565,,,,,1.4336681365966797,0.47971925139427185
1193,46565,,,0.8204761147499084,0.5082163214683533,,
1194,46604,,,,,1.4335695505142212,0.4806586802005768
1194,46604,,,0.7947065830230713,0.5381997227668762,,
1195,46643,,,,,1.4342868328094482,0.48020368814468384
1195,46643,,,0.8083279728889465,0.5356523394584656,,
1196,46682,,,,,1.435402274131775,0.48033538460731506
1196,46682,,,0.8078848719596863,0.5141183137893677,,
1197,46721,,,,,1.4363698959350586,0.47996628284454346
1197,46721,,,0.795740008354187,0.5117405652999878,,
1198,46760,,,,,1.4346325397491455,0.4802757799625397
1198,46760,,,0.8133376836776733,0.4853314161300659,,
1199,46799,,,,,1.4342197179794312,0.47936686873435974
1199,46799,,,0.7852633595466614,0.5420519709587097,,
1200,46838,,,,,1.433729648590088,0.47947490215301514
1200,46838,,,0.7854606509208679,0.570532500743866,,
1201,46877,,,,,1.4337828159332275,0.47950035333633423
1201,46877,,,0.7846207022666931,0.5915772914886475,,
1202,46916,,,,,1.4324020147323608,0.4802148938179016
1202,46916,,,0.7519260048866272,0.5889297723770142,,
1203,46955,,,,,1.4316397905349731,0.48048681020736694
1203,46955,,,0.7856304049491882,0.5569491982460022,,
1204,46994,,,,,1.4331179857254028,0.47945162653923035
1204,46994,,,0.8114644289016724,0.5521191954612732,,
1205,47033,,,,,1.4340015649795532,0.4793943762779236
1205,47033,,,0.8032122254371643,0.5358787178993225,,
1206,47072,,,,,1.4330251216888428,0.47985225915908813
1206,47072,,,0.7913132309913635,0.5667180418968201,,
1207,47111,,,,,1.4350239038467407,0.4785008728504181
1207,47111,,,0.7917957901954651,0.5722823739051819,,
1208,47150,,,,,1.4350769519805908,0.47914063930511475
1208,47150,,,0.7954896092414856,0.5348275303840637,,
1209,47189,,,,,1.4325368404388428,0.4796927571296692
1209,47189,,,0.8203047513961792,0.5664488673210144,,
1210,47228,,,,,1.431902527809143,0.4799867570400238
1210,47228,,,0.7899717092514038,0.5478533506393433,,
1211,47267,,,,,1.4318486452102661,0.48073047399520874
1211,47267,,,0.7916773557662964,0.5725249648094177,,
1212,47306,,,,,1.4321339130401611,0.480897456407547
1212,47306,,,0.7823156714439392,0.5683391690254211,,
1213,47345,,,,,1.4317108392715454,0.4806821942329407
1213,47345,,,0.8077710866928101,0.5311679840087891,,
1214,47384,,,,,1.431769847869873,0.48126164078712463
1214,47384,,,0.8083223700523376,0.5415934324264526,,
1215,47423,,,,,1.4328299760818481,0.4807158410549164
1215,47423,,,0.8218027949333191,0.5564170479774475,,
1216,47462,,,,,1.4342304468154907,0.4806692600250244
1216,47462,,,0.8004468083381653,0.5512733459472656,,
1217,47501,,,,,1.4321368932724,0.4809456765651703
1217,47501,,,0.7817467451095581,0.5577020049095154,,
1218,47540,,,,,1.4319806098937988,0.4805746078491211
1218,47540,,,0.7689998745918274,0.5884324908256531,,
1219,47579,,,,,1.4308527708053589,0.4814908504486084
1219,47579,,,0.7973282933235168,0.5472902655601501,,
1220,47618,,,,,1.4313924312591553,0.4813495874404907
1220,47618,,,0.7918194532394409,0.5357537269592285,,
1221,47657,,,,,1.4308297634124756,0.48095935583114624
1221,47657,,,0.7945563197135925,0.5486295223236084,,
1222,47696,,,,,1.4317680597305298,0.4804362952709198
1222,47696,,,0.8155404329299927,0.5378280282020569,,
1223,47735,,,,,1.4317262172698975,0.48011714220046997
1223,47735,,,0.7656141519546509,0.5585615634918213,,
1224,47774,,,,,1.431438684463501,0.48050737380981445
1224,47774,,,0.8015111684799194,0.5274863839149475,,
1225,47813,,,,,1.4313263893127441,0.4808886647224426
1225,47813,,,0.7962140440940857,0.5299106240272522,,
1226,47852,,,,,1.4319895505905151,0.4805630147457123
1226,47852,,,0.8212324380874634,0.5507264733314514,,
1227,47891,,,,,1.4316326379776,0.4807112216949463
1227,47891,,,0.7926037311553955,0.5642167329788208,,
1228,47930,,,,,1.4324661493301392,0.4803445339202881
1228,47930,,,0.8148414492607117,0.5594422817230225,,
1229,47969,,,,,1.4323288202285767,0.48061901330947876
1229,47969,,,0.7789437770843506,0.5425514578819275,,
1230,48008,,,,,1.4333088397979736,0.4798635244369507
1230,48008,,,0.8117807507514954,0.5355151295661926,,
1231,48047,,,,,1.4336134195327759,0.47913697361946106
1231,48047,,,0.8002254962921143,0.5601290464401245,,
1232,48086,,,,,1.4342759847640991,0.47881489992141724
1232,48086,,,0.801391065120697,0.5196977257728577,,
1233,48125,,,,,1.4347785711288452,0.47910580039024353
1233,48125,,,0.7962036728858948,0.5369037985801697,,
1234,48164,,,,,1.4355037212371826,0.47879621386528015
1234,48164,,,0.8055585026741028,0.5291341543197632,,
1235,48203,,,,,1.4362307786941528,0.47868791222572327
1235,48203,,,0.7948919534683228,0.5061843395233154,,
1236,48242,,,,,1.4345431327819824,0.4790664315223694
1236,48242,,,0.7847545146942139,0.5334373712539673,,
1237,48243,1.5743070840835571,0.3566693663597107,,,,
