epoch,step,test_loss,test_pcc,train_loss_epoch,train_pcc_epoch,val_loss,val_pcc
0,38,,,,,1.3349847793579102,0.13318872451782227
0,38,,,3.46517014503479,-0.00838990043848753,,
1,77,,,,,1.4052807092666626,0.22381511330604553
1,77,,,3.5146644115448,0.0013617896474897861,,
2,116,,,,,1.3188791275024414,0.2515049874782562
2,116,,,3.4952759742736816,-0.0005818666541017592,,
3,155,,,,,1.3861390352249146,0.2727566659450531
3,155,,,3.1700916290283203,0.033047836273908615,,
4,194,,,,,1.3550571203231812,0.2825736105442047
4,194,,,3.4505701065063477,-0.04684007912874222,,
5,233,,,,,1.2911241054534912,0.28912708163261414
5,233,,,3.394064426422119,-0.008060830645263195,,
6,272,,,,,1.365430235862732,0.28880175948143005
6,272,,,3.2167234420776367,0.020756658166646957,,
7,311,,,,,1.3780608177185059,0.29018840193748474
7,311,,,3.268122673034668,0.060596104711294174,,
8,350,,,,,1.3229848146438599,0.2900730073451996
8,350,,,3.202648162841797,0.0807771161198616,,
9,389,,,,,1.3059457540512085,0.2916945815086365
9,389,,,3.326345205307007,0.11119280010461807,,
10,428,,,,,1.3770530223846436,0.2932518422603607
10,428,,,3.327498197555542,0.11642392724752426,,
11,467,,,,,1.2322343587875366,0.2941843569278717
11,467,,,3.167922019958496,0.12049656361341476,,
12,506,,,,,1.3531852960586548,0.295871376991272
12,506,,,3.2450056076049805,0.14978641271591187,,
13,545,,,,,1.3317846059799194,0.2982358932495117
13,545,,,3.3461973667144775,0.18327687680721283,,
14,584,,,,,1.2340909242630005,0.29997584223747253
14,584,,,3.2625539302825928,0.1750478297472,,
15,623,,,,,1.3387991189956665,0.30468904972076416
15,623,,,3.357069253921509,0.23841296136379242,,
16,662,,,,,1.275101661682129,0.3070862889289856
16,662,,,3.130840301513672,0.28449174761772156,,
17,701,,,,,1.22953462600708,0.309299111366272
17,701,,,3.0477113723754883,0.27933046221733093,,
18,740,,,,,1.2387785911560059,0.3123399615287781
18,740,,,2.9681320190429688,0.32695314288139343,,
19,779,,,,,1.3585866689682007,0.315615713596344
19,779,,,3.0408406257629395,0.3238558769226074,,
20,818,,,,,1.3129498958587646,0.3179967999458313
20,818,,,3.1397674083709717,0.3081638216972351,,
21,857,,,,,1.2653563022613525,0.32118675112724304
21,857,,,2.9473066329956055,0.35445111989974976,,
22,896,,,,,1.242096185684204,0.3221825361251831
22,896,,,2.9083268642425537,0.35848739743232727,,
23,935,,,,,1.3066688776016235,0.3236183226108551
23,935,,,2.780183792114258,0.3840099275112152,,
24,974,,,,,1.2387508153915405,0.32543274760246277
24,974,,,2.660313606262207,0.38684046268463135,,
25,1013,,,,,1.2095311880111694,0.3245074152946472
25,1013,,,2.791771650314331,0.35729292035102844,,
26,1052,,,,,1.309314250946045,0.3261009752750397
26,1052,,,2.8334591388702393,0.39225220680236816,,
27,1091,,,,,1.2921483516693115,0.32868215441703796
27,1091,,,2.9563145637512207,0.4108177125453949,,
28,1130,,,,,1.3015573024749756,0.331100732088089
28,1130,,,2.6847574710845947,0.4394371211528778,,
29,1169,,,,,1.2287427186965942,0.3336714208126068
29,1169,,,2.76871395111084,0.42292267084121704,,
30,1208,,,,,1.2397558689117432,0.3357388377189636
30,1208,,,2.75677752494812,0.4008970856666565,,
31,1247,,,,,1.1835979223251343,0.33689063787460327
31,1247,,,2.80501389503479,0.404996395111084,,
32,1286,,,,,1.207963228225708,0.33792436122894287
32,1286,,,2.583256721496582,0.4451950192451477,,
33,1325,,,,,1.3597407341003418,0.33856359124183655
33,1325,,,2.7519898414611816,0.416789174079895,,
34,1364,,,,,1.293238878250122,0.34068432450294495
34,1364,,,2.670475721359253,0.4436921775341034,,
35,1403,,,,,1.3656266927719116,0.343683660030365
35,1403,,,2.582396984100342,0.4392266869544983,,
36,1442,,,,,1.3813810348510742,0.34434568881988525
36,1442,,,2.4628570079803467,0.487865686416626,,
37,1481,,,,,1.169103741645813,0.3470906913280487
37,1481,,,2.5932371616363525,0.45338958501815796,,
38,1520,,,,,1.2743712663650513,0.3479425609111786
38,1520,,,2.8238813877105713,0.42335981130599976,,
39,1559,,,,,1.2542071342468262,0.3497147262096405
39,1559,,,2.587336778640747,0.46523773670196533,,
40,1598,,,,,1.2232270240783691,0.35217711329460144
40,1598,,,2.679305076599121,0.44229814410209656,,
41,1637,,,,,1.2183496952056885,0.3535090386867523
41,1637,,,2.6385040283203125,0.45264649391174316,,
42,1676,,,,,1.1472820043563843,0.3549067974090576
42,1676,,,2.590359687805176,0.38119444251060486,,
43,1715,,,,,1.2215629816055298,0.35606083273887634
43,1715,,,2.533252716064453,0.4531410038471222,,
44,1754,,,,,1.297169804573059,0.35589343309402466
44,1754,,,2.7360098361968994,0.4232231080532074,,
45,1793,,,,,1.2540781497955322,0.3584279716014862
45,1793,,,2.856171131134033,0.42257773876190186,,
46,1832,,,,,1.2164225578308105,0.35976919531822205
46,1832,,,2.763317584991455,0.46918341517448425,,
47,1871,,,,,1.2087880373001099,0.3610118627548218
47,1871,,,2.6800577640533447,0.443239688873291,,
48,1910,,,,,1.2478046417236328,0.36300352215766907
48,1910,,,2.534572124481201,0.46712785959243774,,
49,1949,,,,,1.1661380529403687,0.3648495078086853
49,1949,,,2.6349401473999023,0.45384469628334045,,
50,1988,,,,,1.2430840730667114,0.36630380153656006
50,1988,,,2.7403430938720703,0.4676940143108368,,
51,2027,,,,,1.3058903217315674,0.36703765392303467
51,2027,,,2.502105951309204,0.48622751235961914,,
52,2066,,,,,1.2234363555908203,0.36881497502326965
52,2066,,,2.6698107719421387,0.46574151515960693,,
53,2105,,,,,1.2464829683303833,0.3683663010597229
53,2105,,,2.660301685333252,0.4552507698535919,,
54,2144,,,,,1.2212077379226685,0.3700026869773865
54,2144,,,2.6612868309020996,0.47693443298339844,,
55,2183,,,,,1.1980791091918945,0.37259262800216675
55,2183,,,2.6490204334259033,0.45057275891304016,,
56,2222,,,,,1.2228000164031982,0.3748551905155182
56,2222,,,2.4906697273254395,0.4699247181415558,,
57,2261,,,,,1.2152776718139648,0.3756956458091736
57,2261,,,2.4688055515289307,0.4862177073955536,,
58,2300,,,,,1.1720304489135742,0.37732863426208496
58,2300,,,2.7193140983581543,0.43249550461769104,,
59,2339,,,,,1.3336553573608398,0.3777032196521759
59,2339,,,2.657927989959717,0.481855183839798,,
60,2378,,,,,1.228594422340393,0.3805422782897949
60,2378,,,2.4829416275024414,0.45354315638542175,,
61,2417,,,,,1.239734411239624,0.38094016909599304
61,2417,,,2.56954288482666,0.492227166891098,,
62,2456,,,,,1.195393681526184,0.38141366839408875
62,2456,,,2.4919207096099854,0.446879118680954,,
63,2495,,,,,1.2194130420684814,0.38299837708473206
63,2495,,,2.45163893699646,0.4846280515193939,,
64,2534,,,,,1.1813077926635742,0.38444387912750244
64,2534,,,2.500282049179077,0.4940485954284668,,
65,2573,,,,,1.221117377281189,0.3841515779495239
65,2573,,,2.511528730392456,0.5149938464164734,,
66,2612,,,,,1.1247963905334473,0.38435569405555725
66,2612,,,2.5078108310699463,0.46650946140289307,,
67,2651,,,,,1.2567574977874756,0.3853317201137543
67,2651,,,2.5966062545776367,0.5158261656761169,,
68,2690,,,,,1.1736632585525513,0.38568833470344543
68,2690,,,2.7570621967315674,0.43910178542137146,,
69,2729,,,,,1.1842790842056274,0.38671910762786865
69,2729,,,2.663687229156494,0.47366654872894287,,
70,2768,,,,,1.2031761407852173,0.38777995109558105
70,2768,,,2.52649188041687,0.5011863708496094,,
71,2807,,,,,1.2239168882369995,0.38874658942222595
71,2807,,,2.5538763999938965,0.46288591623306274,,
72,2846,,,,,1.2335736751556396,0.39042699337005615
72,2846,,,2.510356903076172,0.46973779797554016,,
73,2885,,,,,1.2129606008529663,0.3915635347366333
73,2885,,,2.59194278717041,0.4926910400390625,,
74,2924,,,,,1.257057547569275,0.39215147495269775
74,2924,,,2.3821628093719482,0.49820151925086975,,
75,2963,,,,,1.192523717880249,0.3934538960456848
75,2963,,,2.527534246444702,0.45882126688957214,,
76,3002,,,,,1.1283090114593506,0.39387911558151245
76,3002,,,2.618101119995117,0.4514421224594116,,
77,3041,,,,,1.1797819137573242,0.3940754234790802
77,3041,,,2.3790416717529297,0.5060316324234009,,
78,3080,,,,,1.2068357467651367,0.3953600525856018
78,3080,,,2.585094451904297,0.4852507710456848,,
79,3119,,,,,1.119459867477417,0.39695921540260315
79,3119,,,2.308590888977051,0.50780189037323,,
80,3158,,,,,1.169600248336792,0.39673006534576416
80,3158,,,2.635399341583252,0.46570831537246704,,
81,3197,,,,,1.2707079648971558,0.39726823568344116
81,3197,,,2.4685566425323486,0.5050987005233765,,
82,3236,,,,,1.1556243896484375,0.3982292115688324
82,3236,,,2.4434165954589844,0.4900508224964142,,
83,3275,,,,,1.1731733083724976,0.39921778440475464
83,3275,,,2.6677279472351074,0.4550861418247223,,
84,3314,,,,,1.2060061693191528,0.39936795830726624
84,3314,,,2.370025396347046,0.5102526545524597,,
85,3353,,,,,1.1748908758163452,0.4000794589519501
85,3353,,,2.4312312602996826,0.4816385805606842,,
86,3392,,,,,1.1437501907348633,0.4014088213443756
86,3392,,,2.607175827026367,0.43679627776145935,,
87,3431,,,,,1.0939629077911377,0.40164270997047424
87,3431,,,2.5044686794281006,0.45387178659439087,,
88,3470,,,,,1.2184394598007202,0.4013422131538391
88,3470,,,2.527177572250366,0.4972860515117645,,
89,3509,,,,,1.1669282913208008,0.3997023403644562
89,3509,,,2.559814691543579,0.4887939393520355,,
90,3548,,,,,1.2406187057495117,0.4000260829925537
90,3548,,,2.4978890419006348,0.5119202733039856,,
91,3587,,,,,1.1680445671081543,0.4019908905029297
91,3587,,,2.492387533187866,0.46748086810112,,
92,3626,,,,,1.1327903270721436,0.402055025100708
92,3626,,,2.4715371131896973,0.4891130030155182,,
93,3665,,,,,1.2259575128555298,0.40381476283073425
93,3665,,,2.5765037536621094,0.4881143271923065,,
94,3704,,,,,1.164950966835022,0.4058164656162262
94,3704,,,2.443972110748291,0.5157924294471741,,
95,3743,,,,,1.2697027921676636,0.4064919352531433
95,3743,,,2.464355230331421,0.4966737926006317,,
96,3782,,,,,1.1419309377670288,0.4064106345176697
96,3782,,,2.4563825130462646,0.46092668175697327,,
97,3821,,,,,1.1299371719360352,0.40455758571624756
97,3821,,,2.6085221767425537,0.46915122866630554,,
98,3860,,,,,1.1701890230178833,0.40575066208839417
98,3860,,,2.3962292671203613,0.505612850189209,,
99,3899,,,,,1.220358967781067,0.40787115693092346
99,3899,,,2.422654867172241,0.5204824209213257,,
100,3938,,,,,1.10999596118927,0.40864741802215576
100,3938,,,2.245605707168579,0.5323681235313416,,
101,3977,,,,,1.170672059059143,0.4108947217464447
101,3977,,,2.280806541442871,0.5092493295669556,,
102,4016,,,,,1.1911532878875732,0.4132814109325409
102,4016,,,2.397272825241089,0.4787949323654175,,
103,4055,,,,,1.13242506980896,0.4135001003742218
103,4055,,,2.585228443145752,0.4825384318828583,,
104,4094,,,,,1.151044249534607,0.41417890787124634
104,4094,,,2.3624372482299805,0.5126708745956421,,
105,4133,,,,,1.2077704668045044,0.41446322202682495
105,4133,,,2.320209503173828,0.4964912235736847,,
106,4172,,,,,1.1474812030792236,0.41035690903663635
106,4172,,,2.5666556358337402,0.49761101603507996,,
107,4211,,,,,1.145007848739624,0.4124181270599365
107,4211,,,2.379371404647827,0.48202455043792725,,
108,4250,,,,,1.1491703987121582,0.4110761284828186
108,4250,,,2.4816575050354004,0.5038010478019714,,
109,4289,,,,,1.1294718980789185,0.41218626499176025
109,4289,,,2.487531900405884,0.47282248735427856,,
110,4328,,,,,1.1133822202682495,0.4134378135204315
110,4328,,,2.364183187484741,0.49524450302124023,,
111,4367,,,,,1.2146509885787964,0.4158627390861511
111,4367,,,2.4231579303741455,0.5244870781898499,,
112,4406,,,,,1.1435272693634033,0.4143187701702118
112,4406,,,2.35170578956604,0.5364031195640564,,
113,4445,,,,,1.15671968460083,0.4154142141342163
113,4445,,,2.3411881923675537,0.4923611581325531,,
114,4484,,,,,1.1881517171859741,0.41518035531044006
114,4484,,,2.537313222885132,0.5112837553024292,,
115,4523,,,,,1.1253676414489746,0.41211551427841187
115,4523,,,2.4566657543182373,0.5180668234825134,,
116,4562,,,,,1.1194064617156982,0.4113847613334656
116,4562,,,2.4757189750671387,0.45768484473228455,,
117,4601,,,,,1.111933708190918,0.4099649488925934
117,4601,,,2.6130149364471436,0.4602699279785156,,
118,4640,,,,,1.1782339811325073,0.4111623764038086
118,4640,,,2.3563942909240723,0.5187848806381226,,
119,4679,,,,,1.1488209962844849,0.41148942708969116
119,4679,,,2.3439905643463135,0.5007662177085876,,
120,4718,,,,,1.1493017673492432,0.4138855040073395
120,4718,,,2.391845464706421,0.5158921480178833,,
121,4757,,,,,1.1736103296279907,0.41368287801742554
121,4757,,,2.3185982704162598,0.5187014937400818,,
122,4796,,,,,1.131234884262085,0.4142248034477234
122,4796,,,2.4192628860473633,0.5057955980300903,,
123,4835,,,,,1.1690329313278198,0.4136285185813904
123,4835,,,2.4493584632873535,0.48418569564819336,,
124,4874,,,,,1.1323387622833252,0.4138811230659485
124,4874,,,2.4529855251312256,0.4986310601234436,,
125,4913,,,,,1.1287684440612793,0.4103172719478607
125,4913,,,2.357778787612915,0.5334041118621826,,
126,4952,,,,,1.176277756690979,0.41615691781044006
126,4952,,,2.5113048553466797,0.5063899159431458,,
127,4991,,,,,1.1368579864501953,0.41306447982788086
127,4991,,,2.426816463470459,0.49620574712753296,,
128,5030,,,,,1.1573102474212646,0.414346307516098
128,5030,,,2.53836727142334,0.5081486105918884,,
129,5069,,,,,1.1378883123397827,0.4144766926765442
129,5069,,,2.404771327972412,0.5185697674751282,,
130,5108,,,,,1.1820659637451172,0.41585052013397217
130,5108,,,2.6090049743652344,0.48298248648643494,,
131,5147,,,,,1.1371445655822754,0.4128536581993103
131,5147,,,2.3562376499176025,0.5157486796379089,,
132,5186,,,,,1.16594660282135,0.41358160972595215
132,5186,,,2.3922979831695557,0.5204949975013733,,
133,5225,,,,,1.1442862749099731,0.41200122237205505
133,5225,,,2.335728168487549,0.534339189529419,,
134,5264,,,,,1.2197691202163696,0.41440755128860474
134,5264,,,2.4502711296081543,0.5391563773155212,,
135,5303,,,,,1.122449278831482,0.4121502935886383
135,5303,,,2.3492770195007324,0.5106379389762878,,
136,5342,,,,,1.1587620973587036,0.41396409273147583
136,5342,,,2.4450392723083496,0.4988017976284027,,
137,5381,,,,,1.195920467376709,0.41511765122413635
137,5381,,,2.387251377105713,0.5146521329879761,,
138,5420,,,,,1.1650094985961914,0.4141275882720947
138,5420,,,2.3432974815368652,0.5202987790107727,,
139,5459,,,,,1.1671092510223389,0.4148639142513275
139,5459,,,2.3408939838409424,0.5276103019714355,,
140,5498,,,,,1.137175440788269,0.4094091057777405
140,5498,,,2.366020679473877,0.5079167485237122,,
141,5537,,,,,1.1323564052581787,0.4113953709602356
141,5537,,,2.2763490676879883,0.5224397778511047,,
142,5576,,,,,1.1325114965438843,0.41061893105506897
142,5576,,,2.3495445251464844,0.5035170912742615,,
143,5615,,,,,1.1670160293579102,0.4141562879085541
143,5615,,,2.242130994796753,0.529780387878418,,
144,5654,,,,,1.1592589616775513,0.4131220877170563
144,5654,,,2.3449156284332275,0.4792407155036926,,
145,5693,,,,,1.1344051361083984,0.41099727153778076
145,5693,,,2.4927501678466797,0.5078558921813965,,
146,5732,,,,,1.1326279640197754,0.4111643135547638
146,5732,,,2.4572126865386963,0.4931873381137848,,
147,5771,,,,,1.126869797706604,0.4107741415500641
147,5771,,,2.2377946376800537,0.5038211941719055,,
148,5810,,,,,1.1537926197052002,0.40881767868995667
148,5810,,,2.4524526596069336,0.5112837553024292,,
149,5849,,,,,1.1663508415222168,0.40950316190719604
149,5849,,,2.459270715713501,0.4954800307750702,,
150,5888,,,,,1.1623984575271606,0.4072364270687103
150,5888,,,2.141246795654297,0.5233948826789856,,
151,5927,,,,,1.210044503211975,0.4128400385379791
151,5927,,,2.462770938873291,0.5255623459815979,,
152,5966,,,,,1.168291449546814,0.41076648235321045
152,5966,,,2.301818370819092,0.5248940587043762,,
153,6005,,,,,1.169854998588562,0.40917709469795227
153,6005,,,2.4653332233428955,0.5226868987083435,,
154,6044,,,,,1.157300353050232,0.4033638536930084
154,6044,,,2.3953373432159424,0.521824300289154,,
155,6083,,,,,1.1747413873672485,0.4077049791812897
155,6083,,,2.4626338481903076,0.5073183178901672,,
156,6122,,,,,1.1694225072860718,0.4066165089607239
156,6122,,,2.419240713119507,0.5315290093421936,,
157,6161,,,,,1.2181103229522705,0.41354286670684814
157,6161,,,2.3213422298431396,0.5291431546211243,,
158,6200,,,,,1.1420553922653198,0.4012480676174164
158,6200,,,2.431455135345459,0.4957168698310852,,
159,6239,,,,,1.1672359704971313,0.4037429392337799
159,6239,,,2.340610980987549,0.5053701400756836,,
160,6278,,,,,1.165954351425171,0.3998478353023529
160,6278,,,2.4546048641204834,0.49772894382476807,,
161,6317,,,,,1.1973955631256104,0.4057326316833496
161,6317,,,2.3652546405792236,0.5274568200111389,,
162,6356,,,,,1.1736805438995361,0.39861974120140076
162,6356,,,2.275596857070923,0.5419145226478577,,
163,6395,,,,,1.1395049095153809,0.39553210139274597
163,6395,,,2.141962766647339,0.5254311561584473,,
164,6434,,,,,1.1904915571212769,0.40487879514694214
164,6434,,,2.516083240509033,0.5118793845176697,,
165,6473,,,,,1.2008250951766968,0.40693381428718567
165,6473,,,2.3573601245880127,0.5051351189613342,,
166,6512,,,,,1.1528797149658203,0.3984396457672119
166,6512,,,2.4034018516540527,0.5210069417953491,,
167,6551,,,,,1.193767786026001,0.40822017192840576
167,6551,,,2.1994547843933105,0.528083086013794,,
168,6590,,,,,1.1878485679626465,0.4052877426147461
168,6590,,,2.2360594272613525,0.5401119589805603,,
169,6629,,,,,1.1910407543182373,0.3982968032360077
169,6629,,,2.2548999786376953,0.539006233215332,,
170,6668,,,,,1.1948976516723633,0.3967362344264984
170,6668,,,2.5120255947113037,0.5244301557540894,,
171,6707,,,,,1.2036603689193726,0.4015006124973297
171,6707,,,2.3696961402893066,0.5353139042854309,,
172,6746,,,,,1.1852622032165527,0.40214982628822327
172,6746,,,2.5210719108581543,0.5075501799583435,,
173,6785,,,,,1.1971491575241089,0.4070887267589569
173,6785,,,2.4148857593536377,0.5161097049713135,,
174,6824,,,,,1.1629655361175537,0.40051791071891785
174,6824,,,2.3857007026672363,0.5245632529258728,,
175,6863,,,,,1.1643060445785522,0.402016818523407
175,6863,,,2.2012267112731934,0.5199464559555054,,
176,6902,,,,,1.1739094257354736,0.4067642390727997
176,6902,,,2.415693998336792,0.5147574543952942,,
177,6941,,,,,1.1713097095489502,0.4055807590484619
177,6941,,,2.397386312484741,0.5309029817581177,,
178,6980,,,,,1.185652732849121,0.4047626554965973
178,6980,,,2.20489764213562,0.5479081273078918,,
179,7019,,,,,1.1709322929382324,0.4008674621582031
179,7019,,,2.4876821041107178,0.48954451084136963,,
180,7058,,,,,1.1630282402038574,0.39224374294281006
180,7058,,,2.4555835723876953,0.5247030854225159,,
181,7097,,,,,1.1575607061386108,0.38912928104400635
181,7097,,,2.438811779022217,0.5166369080543518,,
182,7136,,,,,1.1973814964294434,0.40369412302970886
182,7136,,,2.3842058181762695,0.5232931971549988,,
183,7175,,,,,1.182413101196289,0.3983778655529022
183,7175,,,2.1675407886505127,0.5225244164466858,,
184,7214,,,,,1.1763007640838623,0.3954296410083771
184,7214,,,2.2658212184906006,0.49779218435287476,,
185,7253,,,,,1.201326608657837,0.3984103500843048
185,7253,,,2.3704020977020264,0.5384314060211182,,
186,7292,,,,,1.178915023803711,0.3904476463794708
186,7292,,,2.3240723609924316,0.5270137190818787,,
187,7331,,,,,1.188291311264038,0.39774569869041443
187,7331,,,2.33005690574646,0.5390093922615051,,
188,7370,,,,,1.1966536045074463,0.39821651577949524
188,7370,,,2.2098381519317627,0.5245621800422668,,
189,7409,,,,,1.2159343957901,0.4028742015361786
189,7409,,,2.283247709274292,0.5320308804512024,,
190,7448,,,,,1.1813198328018188,0.39733657240867615
190,7448,,,2.252394914627075,0.5386692881584167,,
191,7487,,,,,1.194907546043396,0.39463403820991516
191,7487,,,2.428354024887085,0.4946715533733368,,
192,7526,,,,,1.1767017841339111,0.39216330647468567
192,7526,,,2.287275552749634,0.5569968819618225,,
193,7565,,,,,1.1912180185317993,0.39430102705955505
193,7565,,,2.270732879638672,0.5346809029579163,,
194,7604,,,,,1.221793532371521,0.40334561467170715
194,7604,,,2.362050771713257,0.5383382439613342,,
195,7643,,,,,1.2130296230316162,0.4001234471797943
195,7643,,,2.434257745742798,0.5263122320175171,,
196,7682,,,,,1.1991804838180542,0.3986755609512329
196,7682,,,2.3501193523406982,0.5244253277778625,,
197,7721,,,,,1.2310072183609009,0.40506333112716675
197,7721,,,2.3758301734924316,0.5229446291923523,,
198,7760,,,,,1.1848580837249756,0.4004201292991638
198,7760,,,2.2720284461975098,0.5426980257034302,,
199,7799,,,,,1.1681135892868042,0.39440271258354187
199,7799,,,2.3510963916778564,0.49900373816490173,,
200,7838,,,,,1.195944905281067,0.39993801712989807
200,7838,,,2.382960081100464,0.5215767025947571,,
201,7877,,,,,1.1586451530456543,0.39495784044265747
201,7877,,,2.3076584339141846,0.5170076489448547,,
202,7916,,,,,1.1709524393081665,0.40050357580184937
202,7916,,,2.4673521518707275,0.500365674495697,,
203,7955,,,,,1.179234266281128,0.39709821343421936
203,7955,,,2.2328855991363525,0.5646746158599854,,
204,7994,,,,,1.165693998336792,0.3850867450237274
204,7994,,,2.323535442352295,0.5320726037025452,,
205,8033,,,,,1.198543906211853,0.40058550238609314
205,8033,,,2.304692506790161,0.5104876160621643,,
206,8072,,,,,1.174759030342102,0.396007776260376
206,8072,,,2.2683303356170654,0.5426048636436462,,
207,8111,,,,,1.1816370487213135,0.39522191882133484
207,8111,,,2.376039743423462,0.5433220267295837,,
208,8150,,,,,1.1953997611999512,0.4019095003604889
208,8150,,,2.267756223678589,0.5142018795013428,,
209,8189,,,,,1.192872405052185,0.3994506001472473
209,8189,,,2.223956823348999,0.5742998123168945,,
210,8228,,,,,1.1981751918792725,0.39901238679885864
210,8228,,,2.2442638874053955,0.503882646560669,,
211,8267,,,,,1.1926478147506714,0.3988009989261627
211,8267,,,2.2325475215911865,0.5288508534431458,,
212,8306,,,,,1.1947252750396729,0.39947885274887085
212,8306,,,2.2634596824645996,0.5293776392936707,,
213,8345,,,,,1.1881835460662842,0.3960433900356293
213,8345,,,2.300572395324707,0.5167450904846191,,
214,8384,,,,,1.1926398277282715,0.39868786931037903
214,8384,,,2.437732696533203,0.5154153108596802,,
215,8423,,,,,1.1940898895263672,0.39535456895828247
215,8423,,,2.391962766647339,0.5402150750160217,,
216,8462,,,,,1.2145363092422485,0.39813926815986633
216,8462,,,2.270205497741699,0.5504654049873352,,
217,8501,,,,,1.2118593454360962,0.3964317739009857
217,8501,,,2.3680436611175537,0.5576624870300293,,
218,8540,,,,,1.2189276218414307,0.39986011385917664
218,8540,,,2.398714303970337,0.5244528651237488,,
219,8579,,,,,1.2006995677947998,0.4027918875217438
219,8579,,,2.239006519317627,0.5283833742141724,,
220,8618,,,,,1.2169221639633179,0.4016024172306061
220,8618,,,2.307138442993164,0.5668423771858215,,
221,8657,,,,,1.1993153095245361,0.3934400975704193
221,8657,,,2.419142961502075,0.5115179419517517,,
222,8696,,,,,1.21178138256073,0.4002929925918579
222,8696,,,2.3271641731262207,0.5328923463821411,,
223,8735,,,,,1.2126741409301758,0.40089845657348633
223,8735,,,2.316920518875122,0.5329782366752625,,
224,8774,,,,,1.2092279195785522,0.4011804461479187
224,8774,,,2.2528703212738037,0.5517827272415161,,
225,8813,,,,,1.2038999795913696,0.3985595107078552
225,8813,,,2.2221007347106934,0.5466294884681702,,
226,8852,,,,,1.1730786561965942,0.38861283659935
226,8852,,,2.27142333984375,0.5316054821014404,,
227,8891,,,,,1.2084165811538696,0.3979951739311218
227,8891,,,2.2065446376800537,0.5605298280715942,,
228,8930,,,,,1.1977742910385132,0.39144662022590637
228,8930,,,2.325176239013672,0.497749924659729,,
229,8969,,,,,1.2317771911621094,0.3990611732006073
229,8969,,,2.306622266769409,0.5255303382873535,,
230,9008,,,,,1.204943299293518,0.38707083463668823
230,9008,,,2.3388185501098633,0.5326536893844604,,
231,9047,,,,,1.2204651832580566,0.39246678352355957
231,9047,,,2.3506031036376953,0.5331757664680481,,
232,9086,,,,,1.2160879373550415,0.3913026750087738
232,9086,,,2.259308099746704,0.5548492074012756,,
233,9125,,,,,1.239648461341858,0.3976401686668396
233,9125,,,2.2564644813537598,0.5531351566314697,,
234,9164,,,,,1.235014796257019,0.3932456374168396
234,9164,,,2.377619743347168,0.5206623673439026,,
235,9203,,,,,1.2286443710327148,0.3915911018848419
235,9203,,,2.2704930305480957,0.530505359172821,,
236,9242,,,,,1.204424500465393,0.3898923099040985
236,9242,,,2.4670252799987793,0.5280114412307739,,
237,9281,,,,,1.1946582794189453,0.3931094706058502
237,9281,,,2.2522239685058594,0.5211536288261414,,
238,9320,,,,,1.1903654336929321,0.3906016945838928
238,9320,,,2.1912858486175537,0.5123257040977478,,
239,9359,,,,,1.194517970085144,0.3907760977745056
239,9359,,,2.2375025749206543,0.534745454788208,,
240,9398,,,,,1.2121402025222778,0.39927735924720764
240,9398,,,2.3483030796051025,0.5371095538139343,,
241,9437,,,,,1.2109496593475342,0.3959459960460663
241,9437,,,2.2557177543640137,0.548998236656189,,
242,9476,,,,,1.2276235818862915,0.3979027569293976
242,9476,,,2.2749290466308594,0.5520594120025635,,
243,9515,,,,,1.195488452911377,0.39178019762039185
243,9515,,,2.116173505783081,0.537216067314148,,
244,9554,,,,,1.2013189792633057,0.3959157168865204
244,9554,,,2.2832295894622803,0.5693618655204773,,
245,9593,,,,,1.2031817436218262,0.39269906282424927
245,9593,,,2.311556577682495,0.5495682954788208,,
246,9632,,,,,1.2172198295593262,0.39435067772865295
246,9632,,,2.301921844482422,0.5758696794509888,,
247,9671,,,,,1.229269027709961,0.3989441394805908
247,9671,,,2.2838191986083984,0.5245909094810486,,
248,9710,,,,,1.187717318534851,0.3896126449108124
248,9710,,,2.1328001022338867,0.5484375953674316,,
249,9749,,,,,1.1703077554702759,0.3818182647228241
249,9749,,,2.308422565460205,0.5507121682167053,,
250,9788,,,,,1.1792644262313843,0.38734620809555054
250,9788,,,2.336505174636841,0.5467649102210999,,
251,9827,,,,,1.2067949771881104,0.3906623125076294
251,9827,,,2.2947001457214355,0.5273460149765015,,
252,9866,,,,,1.1893393993377686,0.385342538356781
252,9866,,,2.336527109146118,0.5023863911628723,,
253,9905,,,,,1.2049658298492432,0.3865690529346466
253,9905,,,2.100897789001465,0.5321031808853149,,
254,9944,,,,,1.183208703994751,0.3840894401073456
254,9944,,,2.3602681159973145,0.5117412209510803,,
255,9983,,,,,1.1925530433654785,0.38298842310905457
255,9983,,,2.14371919631958,0.5505478382110596,,
256,10022,,,,,1.1852991580963135,0.3832607567310333
256,10022,,,2.3452024459838867,0.5227863192558289,,
257,10061,,,,,1.1948784589767456,0.3891688883304596
257,10061,,,2.2840898036956787,0.5477563738822937,,
258,10100,,,,,1.2072031497955322,0.391260027885437
258,10100,,,2.299264669418335,0.5597423315048218,,
259,10139,,,,,1.197172999382019,0.38885533809661865
259,10139,,,2.016728401184082,0.547641396522522,,
260,10178,,,,,1.2083780765533447,0.39327120780944824
260,10178,,,2.2663300037384033,0.5346733927726746,,
261,10217,,,,,1.2056443691253662,0.3946230411529541
261,10217,,,2.3121299743652344,0.5599238276481628,,
262,10256,,,,,1.2016088962554932,0.3904370963573456
262,10256,,,2.3967854976654053,0.5223667025566101,,
263,10295,,,,,1.176993489265442,0.3785344660282135
263,10295,,,2.2172064781188965,0.5604434609413147,,
264,10334,,,,,1.1914845705032349,0.39331379532814026
264,10334,,,2.346073627471924,0.5724507570266724,,
265,10373,,,,,1.1988468170166016,0.3930840790271759
265,10373,,,2.2487969398498535,0.5469898581504822,,
266,10412,,,,,1.1817420721054077,0.38959211111068726
266,10412,,,2.3424859046936035,0.5447748303413391,,
267,10451,,,,,1.1872140169143677,0.38554680347442627
267,10451,,,2.2380905151367188,0.5485508441925049,,
268,10490,,,,,1.2207536697387695,0.401645690202713
268,10490,,,2.304274082183838,0.5425635576248169,,
269,10529,,,,,1.1745331287384033,0.3850683569908142
269,10529,,,2.275484561920166,0.5095385313034058,,
270,10568,,,,,1.2057430744171143,0.39883166551589966
270,10568,,,2.301100492477417,0.5450714826583862,,
271,10607,,,,,1.21457839012146,0.39877650141716003
271,10607,,,2.3170154094696045,0.5491628050804138,,
272,10646,,,,,1.1931452751159668,0.39156264066696167
272,10646,,,2.1656670570373535,0.5683708786964417,,
273,10685,,,,,1.1961969137191772,0.39330554008483887
273,10685,,,2.0579874515533447,0.5569267272949219,,
274,10724,,,,,1.1907154321670532,0.39233893156051636
274,10724,,,2.1455698013305664,0.559848964214325,,
275,10763,,,,,1.197694182395935,0.3958362340927124
275,10763,,,2.451378583908081,0.5309507846832275,,
276,10802,,,,,1.1699784994125366,0.38631725311279297
276,10802,,,2.31954026222229,0.5447311401367188,,
277,10841,,,,,1.1873117685317993,0.38832616806030273
277,10841,,,2.4365320205688477,0.5602143406867981,,
278,10880,,,,,1.1926730871200562,0.3901928663253784
278,10880,,,2.0945868492126465,0.5507380962371826,,
279,10919,,,,,1.191880464553833,0.3918609321117401
279,10919,,,2.158050298690796,0.5677704215049744,,
280,10958,,,,,1.1860030889511108,0.38796380162239075
280,10958,,,2.3361895084381104,0.5530216097831726,,
281,10997,,,,,1.2141408920288086,0.38956722617149353
281,10997,,,2.2862532138824463,0.5525375008583069,,
282,11036,,,,,1.2176575660705566,0.39022448658943176
282,11036,,,2.2314224243164062,0.5204212069511414,,
283,11075,,,,,1.2404996156692505,0.4005137085914612
283,11075,,,2.2886576652526855,0.5289238095283508,,
284,11114,,,,,1.2326067686080933,0.40049880743026733
284,11114,,,2.3684303760528564,0.5417094230651855,,
285,11153,,,,,1.227459192276001,0.4000493884086609
285,11153,,,2.2641031742095947,0.5591199994087219,,
286,11192,,,,,1.206742525100708,0.39460092782974243
286,11192,,,2.209548234939575,0.5395781397819519,,
287,11231,,,,,1.184905767440796,0.38085755705833435
287,11231,,,2.2855546474456787,0.5434593558311462,,
288,11270,,,,,1.2028536796569824,0.3905244767665863
288,11270,,,2.248809576034546,0.5447174310684204,,
289,11309,,,,,1.209032654762268,0.384747713804245
289,11309,,,2.35037899017334,0.5298458337783813,,
290,11348,,,,,1.2081997394561768,0.3898297846317291
290,11348,,,2.264136791229248,0.5311465859413147,,
291,11387,,,,,1.2055857181549072,0.38925760984420776
291,11387,,,2.3057026863098145,0.5302376747131348,,
292,11426,,,,,1.1723785400390625,0.3795084059238434
292,11426,,,2.1510636806488037,0.5486647486686707,,
293,11465,,,,,1.2186192274093628,0.3924330472946167
293,11465,,,2.2074673175811768,0.5476874113082886,,
294,11504,,,,,1.2191722393035889,0.3899233639240265
294,11504,,,2.1506919860839844,0.534490704536438,,
295,11543,,,,,1.2362827062606812,0.4001849591732025
295,11543,,,2.3110454082489014,0.554622232913971,,
296,11582,,,,,1.2075437307357788,0.38809049129486084
296,11582,,,2.3076400756835938,0.5496786832809448,,
297,11621,,,,,1.1998387575149536,0.38848617672920227
297,11621,,,2.368612289428711,0.5243723392486572,,
298,11660,,,,,1.2188907861709595,0.3928834795951843
298,11660,,,2.1140670776367188,0.5598891377449036,,
299,11699,,,,,1.2225099802017212,0.39764493703842163
299,11699,,,2.261993885040283,0.509726345539093,,
300,11738,,,,,1.2173658609390259,0.39869919419288635
300,11738,,,2.1548261642456055,0.5620623826980591,,
301,11777,,,,,1.2124431133270264,0.4005429446697235
301,11777,,,2.2814414501190186,0.5645867586135864,,
302,11816,,,,,1.225134253501892,0.3977412283420563
302,11816,,,2.3312456607818604,0.565049946308136,,
303,11855,,,,,1.2252850532531738,0.3992142975330353
303,11855,,,2.1741909980773926,0.5501455664634705,,
304,11894,,,,,1.2060821056365967,0.3938978314399719
304,11894,,,2.1906371116638184,0.5540987253189087,,
305,11933,,,,,1.1867759227752686,0.3838059902191162
305,11933,,,2.186992645263672,0.5512985587120056,,
306,11972,,,,,1.2192058563232422,0.396343469619751
306,11972,,,2.324564218521118,0.5322718024253845,,
307,12011,,,,,1.2135740518569946,0.39257651567459106
307,12011,,,2.3149616718292236,0.5464159846305847,,
308,12050,,,,,1.1968655586242676,0.3985028564929962
308,12050,,,2.156341314315796,0.5776084661483765,,
309,12089,,,,,1.1816844940185547,0.38513073325157166
309,12089,,,2.3180360794067383,0.5618689656257629,,
310,12128,,,,,1.2162822484970093,0.3959844708442688
310,12128,,,2.197321653366089,0.5823502540588379,,
311,12167,,,,,1.189329981803894,0.39229753613471985
311,12167,,,2.3003861904144287,0.5612660646438599,,
312,12206,,,,,1.2018543481826782,0.39372897148132324
312,12206,,,2.3728559017181396,0.5417264103889465,,
313,12245,,,,,1.2206203937530518,0.39893224835395813
313,12245,,,2.1847493648529053,0.5597472786903381,,
314,12284,,,,,1.1923174858093262,0.3899288475513458
314,12284,,,2.152879238128662,0.566179633140564,,
315,12323,,,,,1.208632469177246,0.39282721281051636
315,12323,,,2.229919910430908,0.5846221446990967,,
316,12362,,,,,1.196050763130188,0.39220336079597473
316,12362,,,2.3966972827911377,0.5361588001251221,,
317,12401,,,,,1.193147897720337,0.39570990204811096
317,12401,,,2.2172443866729736,0.5754963159561157,,
318,12440,,,,,1.1977932453155518,0.39764225482940674
318,12440,,,2.1444642543792725,0.5611118078231812,,
319,12479,,,,,1.196403980255127,0.39464300870895386
319,12479,,,2.142779588699341,0.5480417013168335,,
320,12518,,,,,1.1807056665420532,0.3904006779193878
320,12518,,,2.1523101329803467,0.5564700365066528,,
321,12557,,,,,1.2327903509140015,0.39879244565963745
321,12557,,,2.117239236831665,0.5909921526908875,,
322,12596,,,,,1.209654450416565,0.395438551902771
322,12596,,,2.2291781902313232,0.5177847146987915,,
323,12635,,,,,1.218820571899414,0.3956032991409302
323,12635,,,2.429567575454712,0.5454105734825134,,
324,12674,,,,,1.2149004936218262,0.39966461062431335
324,12674,,,2.178023338317871,0.564654529094696,,
325,12713,,,,,1.2225583791732788,0.3984353840351105
325,12713,,,2.2652242183685303,0.5548685789108276,,
326,12752,,,,,1.2207306623458862,0.39996883273124695
326,12752,,,2.3187477588653564,0.5656805634498596,,
327,12791,,,,,1.2422982454299927,0.3998354375362396
327,12791,,,2.2571229934692383,0.5665979385375977,,
328,12830,,,,,1.220680594444275,0.40083184838294983
328,12830,,,2.2007334232330322,0.5665407180786133,,
329,12869,,,,,1.2006845474243164,0.39152663946151733
329,12869,,,2.3791935443878174,0.5209850072860718,,
330,12908,,,,,1.2226002216339111,0.400887131690979
330,12908,,,2.144817352294922,0.5401047468185425,,
331,12947,,,,,1.1908714771270752,0.3985235095024109
331,12947,,,2.2413008213043213,0.5590829253196716,,
332,12986,,,,,1.2074739933013916,0.39997947216033936
332,12986,,,2.289919376373291,0.5586814284324646,,
333,13025,,,,,1.2061829566955566,0.39977338910102844
333,13025,,,2.2040858268737793,0.593664288520813,,
334,13064,,,,,1.209801435470581,0.40174269676208496
334,13064,,,2.1893913745880127,0.554551362991333,,
335,13103,,,,,1.2186075448989868,0.4040229916572571
335,13103,,,2.269350051879883,0.5691283941268921,,
336,13142,,,,,1.2356548309326172,0.40590977668762207
336,13142,,,2.177629232406616,0.5732653737068176,,
337,13181,,,,,1.193854808807373,0.39534202218055725
337,13181,,,2.2113728523254395,0.556705892086029,,
338,13220,,,,,1.196410894393921,0.40058666467666626
338,13220,,,2.245551109313965,0.5685462951660156,,
339,13259,,,,,1.1973577737808228,0.3991541266441345
339,13259,,,2.2393555641174316,0.5638078451156616,,
340,13298,,,,,1.2214970588684082,0.40268704295158386
340,13298,,,2.3216941356658936,0.5587243437767029,,
341,13337,,,,,1.2162127494812012,0.40145376324653625
341,13337,,,2.2367467880249023,0.5644794702529907,,
342,13376,,,,,1.2174253463745117,0.4000130891799927
342,13376,,,2.1856119632720947,0.563960611820221,,
343,13415,,,,,1.1984742879867554,0.388075590133667
343,13415,,,2.1946144104003906,0.5637995600700378,,
344,13454,,,,,1.2055208683013916,0.392524391412735
344,13454,,,2.2251036167144775,0.5695222020149231,,
345,13493,,,,,1.2147722244262695,0.39760297536849976
345,13493,,,2.213230848312378,0.5522232055664062,,
346,13532,,,,,1.166372537612915,0.3842177093029022
346,13532,,,2.18198561668396,0.530483067035675,,
347,13571,,,,,1.1950035095214844,0.38878482580184937
347,13571,,,2.198704719543457,0.5447307229042053,,
348,13610,,,,,1.2068299055099487,0.3886871337890625
348,13610,,,2.1832680702209473,0.5309528708457947,,
349,13649,,,,,1.2158149480819702,0.38835734128952026
349,13649,,,2.1654915809631348,0.5642527937889099,,
350,13688,,,,,1.2363336086273193,0.391069233417511
350,13688,,,2.212780475616455,0.5619639158248901,,
351,13727,,,,,1.2525577545166016,0.3972433805465698
351,13727,,,2.1168925762176514,0.5713288187980652,,
352,13766,,,,,1.2169407606124878,0.39607420563697815
352,13766,,,2.161241054534912,0.5406014919281006,,
353,13805,,,,,1.1910613775253296,0.39272448420524597
353,13805,,,2.327681064605713,0.5281111598014832,,
354,13844,,,,,1.2004152536392212,0.3989461064338684
354,13844,,,2.1100449562072754,0.5571393966674805,,
355,13883,,,,,1.2295536994934082,0.39435485005378723
355,13883,,,2.274372100830078,0.5582366585731506,,
356,13922,,,,,1.235852837562561,0.3955688178539276
356,13922,,,2.1150503158569336,0.5553707480430603,,
357,13961,,,,,1.2319904565811157,0.39978015422821045
357,13961,,,2.290825128555298,0.5252787470817566,,
358,14000,,,,,1.2080754041671753,0.3986440896987915
358,14000,,,2.1488442420959473,0.5539756417274475,,
359,14039,,,,,1.200379729270935,0.3976975977420807
359,14039,,,2.2292299270629883,0.5258005261421204,,
360,14078,,,,,1.214322805404663,0.3985206186771393
360,14078,,,2.3489396572113037,0.5892691016197205,,
361,14117,,,,,1.198364496231079,0.39743196964263916
361,14117,,,2.246083974838257,0.5672159194946289,,
362,14156,,,,,1.1743040084838867,0.38977932929992676
362,14156,,,2.282215118408203,0.5546464920043945,,
363,14195,,,,,1.1906803846359253,0.39411094784736633
363,14195,,,2.2717394828796387,0.5466066002845764,,
364,14234,,,,,1.2183974981307983,0.395738810300827
364,14234,,,2.341299057006836,0.5914514064788818,,
365,14273,,,,,1.2213608026504517,0.39943769574165344
365,14273,,,2.352548360824585,0.5637018084526062,,
366,14312,,,,,1.2181062698364258,0.39620912075042725
366,14312,,,2.1073663234710693,0.5742736458778381,,
367,14351,,,,,1.2088654041290283,0.39934590458869934
367,14351,,,2.1819324493408203,0.5768067836761475,,
368,14390,,,,,1.1813650131225586,0.3987097144126892
368,14390,,,2.282243251800537,0.5589884519577026,,
369,14429,,,,,1.1981760263442993,0.3990819752216339
369,14429,,,2.135064125061035,0.534452497959137,,
370,14468,,,,,1.2191932201385498,0.40177881717681885
370,14468,,,2.220733404159546,0.5702795386314392,,
371,14507,,,,,1.226148009300232,0.40518417954444885
371,14507,,,2.4814882278442383,0.5417113304138184,,
372,14546,,,,,1.220976710319519,0.4063761532306671
372,14546,,,2.3054862022399902,0.5480077266693115,,
373,14585,,,,,1.1836684942245483,0.3954921364784241
373,14585,,,2.1449389457702637,0.5531080961227417,,
374,14624,,,,,1.1906070709228516,0.39866936206817627
374,14624,,,2.242640256881714,0.5706337094306946,,
375,14663,,,,,1.222044587135315,0.3994974195957184
375,14663,,,2.31276535987854,0.5501813888549805,,
376,14702,,,,,1.262338638305664,0.4080776870250702
376,14702,,,2.209575653076172,0.5598198771476746,,
377,14741,,,,,1.204196810722351,0.39585307240486145
377,14741,,,2.305345296859741,0.562278687953949,,
378,14780,,,,,1.1880296468734741,0.4040784537792206
378,14780,,,2.13470721244812,0.5570159554481506,,
379,14819,,,,,1.169377088546753,0.3956557512283325
379,14819,,,2.071998119354248,0.5657057762145996,,
380,14858,,,,,1.1804299354553223,0.4058644771575928
380,14858,,,2.093412160873413,0.5822390913963318,,
381,14897,,,,,1.1847504377365112,0.40426039695739746
381,14897,,,2.022840738296509,0.5511581897735596,,
382,14936,,,,,1.2012461423873901,0.40552791953086853
382,14936,,,2.2152018547058105,0.5641854405403137,,
383,14975,,,,,1.2250587940216064,0.4091089963912964
383,14975,,,2.151458501815796,0.5777692794799805,,
384,15014,,,,,1.1841530799865723,0.403116375207901
384,15014,,,2.1615142822265625,0.5415356755256653,,
385,15053,,,,,1.180877447128296,0.4064336121082306
385,15053,,,2.0879874229431152,0.5411953926086426,,
386,15092,,,,,1.1933120489120483,0.41142702102661133
386,15092,,,2.1155283451080322,0.5757098197937012,,
387,15131,,,,,1.1850192546844482,0.4079381227493286
387,15131,,,2.119537115097046,0.5586294531822205,,
388,15170,,,,,1.1912363767623901,0.41094690561294556
388,15170,,,2.109727382659912,0.5620730519294739,,
389,15209,,,,,1.2066596746444702,0.4151208996772766
389,15209,,,2.260946273803711,0.5843362212181091,,
390,15248,,,,,1.1764757633209229,0.40688183903694153
390,15248,,,2.115320920944214,0.5771182179450989,,
391,15287,,,,,1.1926603317260742,0.4114399552345276
391,15287,,,2.2500789165496826,0.5514574646949768,,
392,15326,,,,,1.208053469657898,0.41261863708496094
392,15326,,,2.3365910053253174,0.5509276986122131,,
393,15365,,,,,1.1882126331329346,0.4058116376399994
393,15365,,,2.284905433654785,0.5785402655601501,,
394,15404,,,,,1.1967296600341797,0.41155529022216797
394,15404,,,2.3223676681518555,0.5521600842475891,,
395,15443,,,,,1.177270770072937,0.41249212622642517
395,15443,,,2.127131223678589,0.5314494967460632,,
396,15482,,,,,1.1779991388320923,0.40497326850891113
396,15482,,,2.144822359085083,0.5683063864707947,,
397,15521,,,,,1.205893635749817,0.40504297614097595
397,15521,,,2.3308067321777344,0.5487694144248962,,
398,15560,,,,,1.2053203582763672,0.40694090723991394
398,15560,,,2.227229595184326,0.558917224407196,,
399,15599,,,,,1.1970367431640625,0.4078667461872101
399,15599,,,2.231233596801758,0.5649256706237793,,
400,15638,,,,,1.1679884195327759,0.4028615355491638
400,15638,,,2.2929813861846924,0.5647014379501343,,
401,15677,,,,,1.1619133949279785,0.40562012791633606
401,15677,,,2.15578031539917,0.5971007943153381,,
402,15716,,,,,1.2201591730117798,0.4105571508407593
402,15716,,,2.258816957473755,0.5558944344520569,,
403,15755,,,,,1.202283501625061,0.40537676215171814
403,15755,,,2.26461124420166,0.5756840705871582,,
404,15794,,,,,1.2194403409957886,0.4093518555164337
404,15794,,,2.187688112258911,0.5847643613815308,,
405,15833,,,,,1.2045263051986694,0.40490153431892395
405,15833,,,2.2248027324676514,0.5964833498001099,,
406,15872,,,,,1.2231967449188232,0.4080006778240204
406,15872,,,2.1324212551116943,0.5708187818527222,,
407,15911,,,,,1.191009759902954,0.40644219517707825
407,15911,,,2.2569267749786377,0.5676518678665161,,
408,15950,,,,,1.1963520050048828,0.41061800718307495
408,15950,,,2.124652862548828,0.5949885845184326,,
409,15989,,,,,1.1948857307434082,0.4054928421974182
409,15989,,,2.0338616371154785,0.6019371151924133,,
410,16028,,,,,1.1904892921447754,0.4070718288421631
410,16028,,,2.158737897872925,0.5623065233230591,,
411,16067,,,,,1.1889578104019165,0.40828344225883484
411,16067,,,2.172482967376709,0.5888000130653381,,
412,16106,,,,,1.2026311159133911,0.41034117341041565
412,16106,,,2.248914957046509,0.5547993779182434,,
413,16145,,,,,1.1787538528442383,0.4100682735443115
413,16145,,,2.122157096862793,0.6023321747779846,,
414,16184,,,,,1.193235158920288,0.4101344347000122
414,16184,,,2.1129181385040283,0.5720866322517395,,
415,16223,,,,,1.2051804065704346,0.4131251275539398
415,16223,,,2.0751571655273438,0.6039860844612122,,
416,16262,,,,,1.1926590204238892,0.4081275761127472
416,16262,,,2.115666627883911,0.5656338930130005,,
417,16301,,,,,1.1960269212722778,0.41307395696640015
417,16301,,,2.2056915760040283,0.5660107731819153,,
418,16340,,,,,1.1738438606262207,0.4085434675216675
418,16340,,,2.292363405227661,0.5724536180496216,,
419,16379,,,,,1.1720551252365112,0.4066344201564789
419,16379,,,2.2341387271881104,0.5802223682403564,,
420,16418,,,,,1.1486270427703857,0.4038127064704895
420,16418,,,2.2169604301452637,0.5574354529380798,,
421,16457,,,,,1.165282130241394,0.403196781873703
421,16457,,,2.2322587966918945,0.5457556843757629,,
422,16496,,,,,1.1669106483459473,0.40639886260032654
422,16496,,,2.1584041118621826,0.5599851608276367,,
423,16535,,,,,1.1637049913406372,0.4086207151412964
423,16535,,,2.1656877994537354,0.5741409659385681,,
424,16574,,,,,1.163736343383789,0.4099027216434479
424,16574,,,2.242835521697998,0.5588385462760925,,
425,16613,,,,,1.1711201667785645,0.40938350558280945
425,16613,,,2.105994701385498,0.5622472167015076,,
426,16652,,,,,1.2077800035476685,0.4178283214569092
426,16652,,,1.9004013538360596,0.6124841570854187,,
427,16691,,,,,1.2005417346954346,0.4115903973579407
427,16691,,,2.0501437187194824,0.6077341437339783,,
428,16730,,,,,1.1952426433563232,0.4077342748641968
428,16730,,,2.2237260341644287,0.5776440501213074,,
429,16769,,,,,1.2061467170715332,0.40366196632385254
429,16769,,,2.0511035919189453,0.5961718559265137,,
430,16808,,,,,1.206328272819519,0.4013591706752777
430,16808,,,2.243173837661743,0.5795556902885437,,
431,16847,,,,,1.1996240615844727,0.404837042093277
431,16847,,,2.2510743141174316,0.5555487871170044,,
432,16886,,,,,1.203535795211792,0.41061142086982727
432,16886,,,2.056779623031616,0.5815487504005432,,
433,16925,,,,,1.1636927127838135,0.40266865491867065
433,16925,,,2.0653302669525146,0.5627743005752563,,
434,16964,,,,,1.198777198791504,0.41164612770080566
434,16964,,,2.303067445755005,0.5674048662185669,,
435,17003,,,,,1.169622778892517,0.3946894705295563
435,17003,,,2.2754645347595215,0.5444952249526978,,
436,17042,,,,,1.203737735748291,0.408047080039978
436,17042,,,2.192486047744751,0.5768251419067383,,
437,17081,,,,,1.1736806631088257,0.4032995402812958
437,17081,,,2.171140670776367,0.5711826086044312,,
438,17120,,,,,1.1997648477554321,0.4101845920085907
438,17120,,,2.1267356872558594,0.584844172000885,,
439,17159,,,,,1.1850645542144775,0.4054213762283325
439,17159,,,2.1843390464782715,0.5906182527542114,,
440,17198,,,,,1.1944159269332886,0.4032096266746521
440,17198,,,2.140099287033081,0.578964352607727,,
441,17237,,,,,1.2116740942001343,0.4029597043991089
441,17237,,,2.2099037170410156,0.5663610100746155,,
442,17276,,,,,1.2091293334960938,0.4026336073875427
442,17276,,,2.238844633102417,0.5850188136100769,,
443,17315,,,,,1.2181998491287231,0.39989012479782104
443,17315,,,2.0808448791503906,0.6022046208381653,,
444,17354,,,,,1.2279988527297974,0.4068586230278015
444,17354,,,2.2944984436035156,0.5586798787117004,,
445,17393,,,,,1.2184479236602783,0.40871602296829224
445,17393,,,2.1728830337524414,0.580398440361023,,
446,17432,,,,,1.1841448545455933,0.399225115776062
446,17432,,,2.0974299907684326,0.5876484513282776,,
447,17471,,,,,1.2175992727279663,0.4065110981464386
447,17471,,,2.263451099395752,0.5766522288322449,,
448,17510,,,,,1.1961557865142822,0.39888256788253784
448,17510,,,2.185411214828491,0.5706216096878052,,
449,17549,,,,,1.2062009572982788,0.4088957905769348
449,17549,,,2.1537046432495117,0.5812523365020752,,
450,17588,,,,,1.1922606229782104,0.40641680359840393
450,17588,,,2.037454843521118,0.5928827524185181,,
451,17627,,,,,1.1871883869171143,0.4030928611755371
451,17627,,,2.035266876220703,0.5981350541114807,,
452,17666,,,,,1.2032582759857178,0.4066590964794159
452,17666,,,2.260645627975464,0.562981367111206,,
453,17705,,,,,1.1701091527938843,0.39708247780799866
453,17705,,,2.1037437915802,0.5992286205291748,,
454,17744,,,,,1.2039763927459717,0.40477755665779114
454,17744,,,2.2202372550964355,0.5735142827033997,,
455,17783,,,,,1.1820099353790283,0.3982083201408386
455,17783,,,2.1823930740356445,0.5835863947868347,,
456,17822,,,,,1.1802538633346558,0.4050348997116089
456,17822,,,2.2579896450042725,0.5954104065895081,,
457,17861,,,,,1.1840598583221436,0.40442320704460144
457,17861,,,1.9864656925201416,0.6003767251968384,,
458,17900,,,,,1.167831301689148,0.40006783604621887
458,17900,,,2.2029309272766113,0.581842303276062,,
459,17939,,,,,1.189832091331482,0.4072275757789612
459,17939,,,2.1132946014404297,0.5744057893753052,,
460,17978,,,,,1.1835870742797852,0.40314149856567383
460,17978,,,2.221595525741577,0.5786734223365784,,
461,18017,,,,,1.1941560506820679,0.408889502286911
461,18017,,,2.046060562133789,0.5930887460708618,,
462,18056,,,,,1.1786227226257324,0.40750744938850403
462,18056,,,2.163905382156372,0.5763998627662659,,
463,18095,,,,,1.1707611083984375,0.40590399503707886
463,18095,,,1.944330096244812,0.6191747784614563,,
464,18134,,,,,1.1942791938781738,0.4070228934288025
464,18134,,,2.259190559387207,0.5938162803649902,,
465,18173,,,,,1.1793807744979858,0.40084919333457947
465,18173,,,1.994779348373413,0.6096737384796143,,
466,18212,,,,,1.1775791645050049,0.4019259512424469
466,18212,,,2.070101261138916,0.600455641746521,,
467,18251,,,,,1.1562410593032837,0.40118011832237244
467,18251,,,2.1071760654449463,0.577303946018219,,
468,18290,,,,,1.1707472801208496,0.4057173728942871
468,18290,,,2.066225528717041,0.5868496298789978,,
469,18329,,,,,1.1635186672210693,0.4067669212818146
469,18329,,,2.082486391067505,0.5745106935501099,,
470,18368,,,,,1.15524423122406,0.396298885345459
470,18368,,,2.076758623123169,0.5870360136032104,,
471,18407,,,,,1.1737104654312134,0.3981028199195862
471,18407,,,2.2627363204956055,0.5700564384460449,,
472,18446,,,,,1.1952491998672485,0.40099844336509705
472,18446,,,2.14166522026062,0.5858902931213379,,
473,18485,,,,,1.1741138696670532,0.3926934003829956
473,18485,,,2.1069066524505615,0.5853816270828247,,
474,18524,,,,,1.1867444515228271,0.39314836263656616
474,18524,,,2.105067491531372,0.601591944694519,,
475,18563,,,,,1.1882305145263672,0.3898073434829712
475,18563,,,2.170525550842285,0.5608282089233398,,
476,18602,,,,,1.2071613073349,0.4016726016998291
476,18602,,,2.095937490463257,0.5834120512008667,,
477,18641,,,,,1.1970163583755493,0.40019306540489197
477,18641,,,2.1292362213134766,0.6066803336143494,,
478,18680,,,,,1.177262306213379,0.4011091887950897
478,18680,,,2.214409351348877,0.5479389429092407,,
479,18719,,,,,1.1944814920425415,0.40643250942230225
479,18719,,,2.111354351043701,0.5970662236213684,,
480,18758,,,,,1.1841477155685425,0.4028814136981964
480,18758,,,2.0938451290130615,0.592190146446228,,
481,18797,,,,,1.1805812120437622,0.39735689759254456
481,18797,,,2.239295482635498,0.5672470927238464,,
482,18836,,,,,1.1635468006134033,0.40127459168434143
482,18836,,,2.091038227081299,0.5835427641868591,,
483,18875,,,,,1.2020868062973022,0.40609776973724365
483,18875,,,2.2500085830688477,0.6103719472885132,,
484,18914,,,,,1.1959660053253174,0.40388086438179016
484,18914,,,2.0066416263580322,0.6035037636756897,,
485,18953,,,,,1.2159723043441772,0.4045836925506592
485,18953,,,2.169515371322632,0.6195988655090332,,
486,18992,,,,,1.1843328475952148,0.40022072196006775
486,18992,,,2.1419389247894287,0.5788336396217346,,
487,19031,,,,,1.183405876159668,0.3982639014720917
487,19031,,,1.9820427894592285,0.6087738275527954,,
488,19070,,,,,1.184361219406128,0.40201473236083984
488,19070,,,2.1372947692871094,0.5961446762084961,,
489,19109,,,,,1.1773508787155151,0.39505645632743835
489,19109,,,2.3130269050598145,0.540806770324707,,
490,19148,,,,,1.1895167827606201,0.3940308094024658
490,19148,,,2.0083889961242676,0.57859867811203,,
491,19187,,,,,1.2053109407424927,0.4032377302646637
491,19187,,,2.0860188007354736,0.5847583413124084,,
492,19226,,,,,1.1745892763137817,0.4006471633911133
492,19226,,,2.1064915657043457,0.6152020692825317,,
493,19265,,,,,1.1965481042861938,0.4009443521499634
493,19265,,,2.310584306716919,0.5614263415336609,,
494,19304,,,,,1.183727741241455,0.3955497145652771
494,19304,,,2.0615391731262207,0.5965758562088013,,
495,19343,,,,,1.1789793968200684,0.3932255804538727
495,19343,,,1.940096139907837,0.6048277616500854,,
496,19382,,,,,1.1900302171707153,0.40039733052253723
496,19382,,,2.0444343090057373,0.5933080911636353,,
497,19421,,,,,1.1857081651687622,0.4041019082069397
497,19421,,,2.0535809993743896,0.5952942967414856,,
498,19460,,,,,1.2037562131881714,0.41461777687072754
498,19460,,,2.164323329925537,0.5982926487922668,,
499,19499,,,,,1.1993846893310547,0.4114939570426941
499,19499,,,2.051576852798462,0.6062816977500916,,
500,19538,,,,,1.1675188541412354,0.40683645009994507
500,19538,,,1.84820556640625,0.6103125214576721,,
501,19577,,,,,1.1565591096878052,0.4067929685115814
501,19577,,,2.0797579288482666,0.5853098630905151,,
502,19616,,,,,1.1616911888122559,0.4047470688819885
502,19616,,,1.9853954315185547,0.5935462713241577,,
503,19655,,,,,1.1833031177520752,0.40110069513320923
503,19655,,,2.0381181240081787,0.5715574622154236,,
504,19694,,,,,1.188913106918335,0.39827507734298706
504,19694,,,2.0033273696899414,0.5981983542442322,,
505,19733,,,,,1.190737247467041,0.40145599842071533
505,19733,,,2.2362124919891357,0.5823529362678528,,
506,19772,,,,,1.2038328647613525,0.40528926253318787
506,19772,,,2.1167118549346924,0.5889172554016113,,
507,19811,,,,,1.1771185398101807,0.41040530800819397
507,19811,,,2.2308287620544434,0.5910071134567261,,
508,19850,,,,,1.1587547063827515,0.4079897105693817
508,19850,,,1.9850444793701172,0.6111050844192505,,
509,19889,,,,,1.1747130155563354,0.4068930447101593
509,19889,,,2.234208345413208,0.5998244285583496,,
510,19928,,,,,1.1773838996887207,0.4057154655456543
510,19928,,,2.109968423843384,0.5770403742790222,,
511,19967,,,,,1.1769341230392456,0.4102242887020111
511,19967,,,2.011409282684326,0.5893422365188599,,
512,20006,,,,,1.15249764919281,0.4077894389629364
512,20006,,,2.091040849685669,0.5720486044883728,,
513,20045,,,,,1.1790688037872314,0.410277396440506
513,20045,,,2.028209924697876,0.6019731163978577,,
514,20084,,,,,1.1681983470916748,0.4109249711036682
514,20084,,,2.0324666500091553,0.5987064838409424,,
515,20123,,,,,1.1830624341964722,0.4124745726585388
515,20123,,,2.1678433418273926,0.5929185748100281,,
516,20162,,,,,1.1732269525527954,0.41197869181632996
516,20162,,,2.1491949558258057,0.624648928642273,,
517,20201,,,,,1.1722979545593262,0.40946999192237854
517,20201,,,1.95509672164917,0.6160913109779358,,
518,20240,,,,,1.1720783710479736,0.40951666235923767
518,20240,,,2.0283877849578857,0.6239810585975647,,
519,20279,,,,,1.154515266418457,0.41182371973991394
519,20279,,,2.065166473388672,0.6006329655647278,,
520,20318,,,,,1.1904921531677246,0.4148029088973999
520,20318,,,2.224090099334717,0.6059892773628235,,
521,20357,,,,,1.2293305397033691,0.4196603000164032
521,20357,,,2.1656248569488525,0.6007805466651917,,
522,20396,,,,,1.1548041105270386,0.41195523738861084
522,20396,,,2.296541929244995,0.59183269739151,,
523,20435,,,,,1.168143630027771,0.4094538390636444
523,20435,,,2.020092010498047,0.629640519618988,,
524,20474,,,,,1.1751781702041626,0.41082528233528137
524,20474,,,2.1648783683776855,0.603268563747406,,
525,20513,,,,,1.1768194437026978,0.41100963950157166
525,20513,,,1.9205584526062012,0.603800356388092,,
526,20552,,,,,1.1524748802185059,0.403845876455307
526,20552,,,2.0837972164154053,0.5991984009742737,,
527,20591,,,,,1.1626440286636353,0.4026750326156616
527,20591,,,2.036738395690918,0.5961747765541077,,
528,20630,,,,,1.1944799423217773,0.41085538268089294
528,20630,,,2.1022660732269287,0.6145995259284973,,
529,20669,,,,,1.1433651447296143,0.39861270785331726
529,20669,,,2.1739120483398438,0.5955258011817932,,
530,20708,,,,,1.1399635076522827,0.3999062180519104
530,20708,,,1.9347623586654663,0.6514775156974792,,
531,20747,,,,,1.1720582246780396,0.40391963720321655
531,20747,,,2.0591742992401123,0.5623873472213745,,
532,20786,,,,,1.1785118579864502,0.4057748317718506
532,20786,,,2.097250461578369,0.612487256526947,,
533,20825,,,,,1.206429362297058,0.41053128242492676
533,20825,,,1.9837270975112915,0.6355888843536377,,
534,20864,,,,,1.194002389907837,0.40740007162094116
534,20864,,,2.1598451137542725,0.6011527180671692,,
535,20903,,,,,1.1551365852355957,0.40120065212249756
535,20903,,,2.081476926803589,0.5797320008277893,,
536,20942,,,,,1.1862603425979614,0.4095230996608734
536,20942,,,2.1827852725982666,0.5952566266059875,,
537,20981,,,,,1.1754601001739502,0.40808966755867004
537,20981,,,2.037229061126709,0.6057242155075073,,
538,21020,,,,,1.16684889793396,0.40852275490760803
538,21020,,,2.159924030303955,0.5565654039382935,,
539,21059,,,,,1.1728949546813965,0.4121873676776886
539,21059,,,2.0149600505828857,0.6071203947067261,,
540,21098,,,,,1.1518467664718628,0.4047723114490509
540,21098,,,2.2324059009552,0.5658615231513977,,
541,21137,,,,,1.1372613906860352,0.40335965156555176
541,21137,,,2.0475783348083496,0.5984991788864136,,
542,21176,,,,,1.148377537727356,0.40221482515335083
542,21176,,,2.2086868286132812,0.5788466334342957,,
543,21215,,,,,1.178906798362732,0.40332645177841187
543,21215,,,2.026359796524048,0.6081451177597046,,
544,21254,,,,,1.182755708694458,0.40863901376724243
544,21254,,,2.185332775115967,0.5782967209815979,,
545,21293,,,,,1.1637228727340698,0.3983411192893982
545,21293,,,1.9684473276138306,0.614931583404541,,
546,21332,,,,,1.177079439163208,0.40325310826301575
546,21332,,,2.1556947231292725,0.5893872380256653,,
547,21371,,,,,1.1339476108551025,0.3997599482536316
547,21371,,,1.9512795209884644,0.5976120233535767,,
548,21410,,,,,1.1491321325302124,0.39778414368629456
548,21410,,,2.0008904933929443,0.6142443418502808,,
549,21449,,,,,1.1689547300338745,0.4004247486591339
549,21449,,,2.151705503463745,0.588413655757904,,
550,21488,,,,,1.2069026231765747,0.402377724647522
550,21488,,,2.031195878982544,0.6028007864952087,,
551,21527,,,,,1.1683375835418701,0.40264540910720825
551,21527,,,1.8033645153045654,0.5907381176948547,,
552,21566,,,,,1.1518751382827759,0.4022134244441986
552,21566,,,2.037205219268799,0.6000666618347168,,
553,21605,,,,,1.1710442304611206,0.4050755798816681
553,21605,,,1.8696680068969727,0.6163583993911743,,
554,21644,,,,,1.1569085121154785,0.4043596386909485
554,21644,,,1.8979601860046387,0.6246482729911804,,
555,21683,,,,,1.1700085401535034,0.406050443649292
555,21683,,,1.935935378074646,0.6557713150978088,,
556,21722,,,,,1.1653211116790771,0.40705606341362
556,21722,,,2.2063987255096436,0.5811442136764526,,
557,21761,,,,,1.135711669921875,0.4016799330711365
557,21761,,,1.9996236562728882,0.5921567678451538,,
558,21800,,,,,1.1422388553619385,0.4034106433391571
558,21800,,,2.0926618576049805,0.5941146612167358,,
559,21839,,,,,1.151853322982788,0.40858110785484314
559,21839,,,2.0509438514709473,0.6006367802619934,,
560,21878,,,,,1.1382943391799927,0.4033183753490448
560,21878,,,2.1616923809051514,0.5982414484024048,,
561,21917,,,,,1.1735012531280518,0.4025708734989166
561,21917,,,2.0809898376464844,0.575189471244812,,
562,21956,,,,,1.1757904291152954,0.3993494510650635
562,21956,,,2.0830345153808594,0.6130127906799316,,
563,21995,,,,,1.1860573291778564,0.4067407250404358
563,21995,,,2.0994813442230225,0.6147422194480896,,
564,22034,,,,,1.169411540031433,0.4033873379230499
564,22034,,,2.0905215740203857,0.6131500601768494,,
565,22073,,,,,1.1770825386047363,0.4075365662574768
565,22073,,,2.025581121444702,0.6145879030227661,,
566,22112,,,,,1.1413837671279907,0.4013352692127228
566,22112,,,2.134631395339966,0.5880063772201538,,
567,22151,,,,,1.1262617111206055,0.3999120593070984
567,22151,,,2.1413257122039795,0.6018562912940979,,
568,22190,,,,,1.1194838285446167,0.4047695994377136
568,22190,,,1.9128942489624023,0.6074830293655396,,
569,22229,,,,,1.1178605556488037,0.40444666147232056
569,22229,,,2.1136605739593506,0.5943537950515747,,
570,22268,,,,,1.1297787427902222,0.41053852438926697
570,22268,,,1.9939959049224854,0.6079046130180359,,
571,22307,,,,,1.1284708976745605,0.4116278290748596
571,22307,,,2.2132158279418945,0.5787903666496277,,
572,22346,,,,,1.1112639904022217,0.4105173349380493
572,22346,,,2.190190553665161,0.5884743928909302,,
573,22385,,,,,1.1215863227844238,0.4105774164199829
573,22385,,,2.0037741661071777,0.6021878123283386,,
574,22424,,,,,1.1438913345336914,0.4064156711101532
574,22424,,,2.0271525382995605,0.6167725324630737,,
575,22463,,,,,1.1374989748001099,0.3994460701942444
575,22463,,,2.082197427749634,0.597483217716217,,
576,22502,,,,,1.1391359567642212,0.3997664749622345
576,22502,,,1.9965593814849854,0.6172159314155579,,
577,22541,,,,,1.1650669574737549,0.40429866313934326
577,22541,,,2.0007266998291016,0.6105117797851562,,
578,22580,,,,,1.1348906755447388,0.39756157994270325
578,22580,,,1.9648693799972534,0.6114288568496704,,
579,22619,,,,,1.1525886058807373,0.40402114391326904
579,22619,,,2.1553289890289307,0.6153799891471863,,
580,22658,,,,,1.1776132583618164,0.4057200849056244
580,22658,,,2.044455051422119,0.5986092686653137,,
581,22697,,,,,1.1900080442428589,0.4042123258113861
581,22697,,,2.1483800411224365,0.6046143174171448,,
582,22736,,,,,1.177235722541809,0.4026902914047241
582,22736,,,2.0141215324401855,0.6094326972961426,,
583,22775,,,,,1.1780014038085938,0.4039827585220337
583,22775,,,1.9717682600021362,0.6023145318031311,,
584,22814,,,,,1.1699329614639282,0.4053252041339874
584,22814,,,1.9087706804275513,0.6280791163444519,,
585,22853,,,,,1.1475367546081543,0.40355244278907776
585,22853,,,2.047619104385376,0.5845839381217957,,
586,22892,,,,,1.1514358520507812,0.403269499540329
586,22892,,,1.9881222248077393,0.6369643807411194,,
587,22931,,,,,1.1571518182754517,0.39934051036834717
587,22931,,,2.1373329162597656,0.6180057525634766,,
588,22970,,,,,1.1898695230484009,0.4058034420013428
588,22970,,,2.147664785385132,0.6039639115333557,,
589,23009,,,,,1.1651196479797363,0.40373536944389343
589,23009,,,2.012146472930908,0.6042395234107971,,
590,23048,,,,,1.177272915840149,0.4054975211620331
590,23048,,,1.9874240159988403,0.6045845150947571,,
591,23087,,,,,1.1464289426803589,0.4045364558696747
591,23087,,,1.9758410453796387,0.6086742281913757,,
592,23126,,,,,1.1474111080169678,0.40659424662590027
592,23126,,,2.067704916000366,0.622348964214325,,
593,23165,,,,,1.1590794324874878,0.40790894627571106
593,23165,,,2.0637826919555664,0.6235781908035278,,
594,23204,,,,,1.1475894451141357,0.4058230221271515
594,23204,,,2.037325620651245,0.614089846611023,,
595,23243,,,,,1.1630942821502686,0.40918785333633423
595,23243,,,1.8280187845230103,0.6075339913368225,,
596,23282,,,,,1.1259831190109253,0.40326857566833496
596,23282,,,2.0729339122772217,0.594925045967102,,
597,23321,,,,,1.1434977054595947,0.40592724084854126
597,23321,,,2.049025058746338,0.610051691532135,,
598,23360,,,,,1.1463088989257812,0.4072587490081787
598,23360,,,1.8838928937911987,0.6208165884017944,,
599,23399,,,,,1.151050090789795,0.40930822491645813
599,23399,,,1.9946844577789307,0.6173534989356995,,
600,23438,,,,,1.1388827562332153,0.4105903208255768
600,23438,,,1.9778555631637573,0.6175587773323059,,
601,23477,,,,,1.1243019104003906,0.4087827205657959
601,23477,,,2.0059590339660645,0.6378574371337891,,
602,23516,,,,,1.148490309715271,0.41066640615463257
602,23516,,,2.053907871246338,0.583541989326477,,
603,23555,,,,,1.14292573928833,0.40307173132896423
603,23555,,,1.8812469244003296,0.6208601593971252,,
604,23594,,,,,1.1513571739196777,0.4097985625267029
604,23594,,,1.9599599838256836,0.6123086810112,,
605,23633,,,,,1.1169719696044922,0.41059476137161255
605,23633,,,1.9573705196380615,0.6097456216812134,,
606,23672,,,,,1.146045207977295,0.4120408892631531
606,23672,,,2.0754621028900146,0.6135429739952087,,
607,23711,,,,,1.1664924621582031,0.4086148738861084
607,23711,,,2.0292716026306152,0.6002088189125061,,
608,23750,,,,,1.1723545789718628,0.4094546139240265
608,23750,,,1.976583480834961,0.6192167401313782,,
609,23789,,,,,1.1403127908706665,0.4095737636089325
609,23789,,,2.0189826488494873,0.6286791563034058,,
610,23828,,,,,1.1820937395095825,0.4123843312263489
610,23828,,,2.1078832149505615,0.6306315660476685,,
611,23867,,,,,1.1419261693954468,0.40461456775665283
611,23867,,,1.9203978776931763,0.6291908025741577,,
612,23906,,,,,1.1399717330932617,0.403995156288147
612,23906,,,1.8855481147766113,0.6202700734138489,,
613,23945,,,,,1.1652424335479736,0.4099888205528259
613,23945,,,1.9828299283981323,0.6290016174316406,,
614,23984,,,,,1.1710373163223267,0.41139963269233704
614,23984,,,1.93071711063385,0.6249853372573853,,
615,24023,,,,,1.1457041501998901,0.41013896465301514
615,24023,,,2.166651725769043,0.5911915898323059,,
616,24062,,,,,1.1541297435760498,0.4131093919277191
616,24062,,,2.08882737159729,0.6157308220863342,,
617,24101,,,,,1.1464388370513916,0.41462188959121704
617,24101,,,2.0275139808654785,0.6247251629829407,,
618,24140,,,,,1.1276251077651978,0.41289904713630676
618,24140,,,1.9515410661697388,0.6206343770027161,,
619,24179,,,,,1.0993146896362305,0.41173648834228516
619,24179,,,2.0602340698242188,0.6130542159080505,,
620,24218,,,,,1.150641918182373,0.41901305317878723
620,24218,,,2.117619752883911,0.6314452886581421,,
621,24257,,,,,1.1395847797393799,0.41406235098838806
621,24257,,,2.032674789428711,0.6221289038658142,,
622,24296,,,,,1.1209564208984375,0.4131259322166443
622,24296,,,2.046527862548828,0.5989466905593872,,
623,24335,,,,,1.1455060243606567,0.41673770546913147
623,24335,,,1.9275555610656738,0.6251660585403442,,
624,24374,,,,,1.1497565507888794,0.4175637662410736
624,24374,,,2.090608596801758,0.6330271363258362,,
625,24413,,,,,1.1297258138656616,0.41103529930114746
625,24413,,,2.0792062282562256,0.6084392666816711,,
626,24452,,,,,1.121553659439087,0.4095229506492615
626,24452,,,1.9763919115066528,0.6284194588661194,,
627,24491,,,,,1.129918098449707,0.4141685962677002
627,24491,,,1.9882824420928955,0.6146522164344788,,
628,24530,,,,,1.1150051355361938,0.4156336784362793
628,24530,,,1.966141700744629,0.6211977005004883,,
629,24569,,,,,1.1104189157485962,0.41717734932899475
629,24569,,,1.9278405904769897,0.6239942908287048,,
630,24608,,,,,1.1087754964828491,0.4111917316913605
630,24608,,,1.914955973625183,0.6206787824630737,,
631,24647,,,,,1.1448248624801636,0.41271233558654785
631,24647,,,1.9275084733963013,0.635052502155304,,
632,24686,,,,,1.1488893032073975,0.41525158286094666
632,24686,,,1.8558642864227295,0.6210201978683472,,
633,24725,,,,,1.1320061683654785,0.4125452935695648
633,24725,,,2.063361644744873,0.5945996642112732,,
634,24764,,,,,1.128868818283081,0.40742504596710205
634,24764,,,1.8628716468811035,0.6452274322509766,,
635,24803,,,,,1.154962420463562,0.41467687487602234
635,24803,,,1.987007737159729,0.6264144778251648,,
636,24842,,,,,1.1537529230117798,0.4140147864818573
636,24842,,,1.9336414337158203,0.6435636281967163,,
637,24881,,,,,1.120712161064148,0.4117821455001831
637,24881,,,1.8286136388778687,0.6241263747215271,,
638,24920,,,,,1.1362671852111816,0.41402938961982727
638,24920,,,1.9300951957702637,0.5905833840370178,,
639,24959,,,,,1.13834810256958,0.41408059000968933
639,24959,,,2.0592453479766846,0.6264533400535583,,
640,24998,,,,,1.1302845478057861,0.41392478346824646
640,24998,,,2.03263258934021,0.6253430247306824,,
641,25037,,,,,1.1216163635253906,0.4125121831893921
641,25037,,,1.9215244054794312,0.6402808427810669,,
642,25076,,,,,1.1054611206054688,0.41465505957603455
642,25076,,,1.750957727432251,0.6502581834793091,,
643,25115,,,,,1.1423603296279907,0.4142560362815857
643,25115,,,1.8955895900726318,0.6500738859176636,,
644,25154,,,,,1.1393882036209106,0.41268330812454224
644,25154,,,1.9343762397766113,0.6244781613349915,,
645,25193,,,,,1.1228431463241577,0.4106960594654083
645,25193,,,2.136680841445923,0.5970097780227661,,
646,25232,,,,,1.0990277528762817,0.40953534841537476
646,25232,,,1.9902645349502563,0.6173976063728333,,
647,25271,,,,,1.1378798484802246,0.41490596532821655
647,25271,,,1.9866406917572021,0.6336295008659363,,
648,25310,,,,,1.1179664134979248,0.41448304057121277
648,25310,,,1.9461743831634521,0.6170921921730042,,
649,25349,,,,,1.097701072692871,0.411164790391922
649,25349,,,1.8797848224639893,0.6268062591552734,,
650,25388,,,,,1.113743782043457,0.410041868686676
650,25388,,,2.007035970687866,0.6248652338981628,,
651,25427,,,,,1.1209807395935059,0.4130741059780121
651,25427,,,1.9372165203094482,0.6229606866836548,,
652,25466,,,,,1.109984278678894,0.41382870078086853
652,25466,,,1.833709716796875,0.6365225911140442,,
653,25505,,,,,1.125107765197754,0.409946471452713
653,25505,,,1.9339441061019897,0.6327216029167175,,
654,25544,,,,,1.1320959329605103,0.4121808409690857
654,25544,,,1.9752060174942017,0.636370062828064,,
655,25583,,,,,1.1217817068099976,0.4158273935317993
655,25583,,,2.0215346813201904,0.6495363116264343,,
656,25622,,,,,1.107751727104187,0.4120224714279175
656,25622,,,2.121513843536377,0.6147001385688782,,
657,25661,,,,,1.1085865497589111,0.4105808138847351
657,25661,,,1.81709623336792,0.6636204123497009,,
658,25700,,,,,1.1250485181808472,0.41078466176986694
658,25700,,,1.8886574506759644,0.6365315914154053,,
659,25739,,,,,1.1171115636825562,0.40392252802848816
659,25739,,,1.945780634880066,0.6323671340942383,,
660,25778,,,,,1.1122353076934814,0.40591153502464294
660,25778,,,2.0264532566070557,0.6186289191246033,,
661,25817,,,,,1.1052191257476807,0.40989547967910767
661,25817,,,1.93147611618042,0.6083515286445618,,
662,25856,,,,,1.1108481884002686,0.4115959703922272
662,25856,,,1.9951614141464233,0.6385527849197388,,
663,25895,,,,,1.1008927822113037,0.4112924039363861
663,25895,,,1.979009985923767,0.6254230737686157,,
664,25934,,,,,1.1146605014801025,0.4089513123035431
664,25934,,,2.045767307281494,0.619637131690979,,
665,25973,,,,,1.1277810335159302,0.41225600242614746
665,25973,,,1.9669736623764038,0.6372727155685425,,
666,26012,,,,,1.120261788368225,0.4130423069000244
666,26012,,,1.9759533405303955,0.6373512744903564,,
667,26051,,,,,1.1184186935424805,0.4168776273727417
667,26051,,,2.065418243408203,0.6152631044387817,,
668,26090,,,,,1.0978679656982422,0.41376206278800964
668,26090,,,1.875948429107666,0.6352551579475403,,
669,26129,,,,,1.119551658630371,0.41249626874923706
669,26129,,,1.9672914743423462,0.6270535588264465,,
670,26168,,,,,1.1114401817321777,0.4065614938735962
670,26168,,,1.9766470193862915,0.6319693922996521,,
671,26207,,,,,1.1133986711502075,0.41387587785720825
671,26207,,,1.9226468801498413,0.6532627940177917,,
672,26246,,,,,1.0989747047424316,0.4167960286140442
672,26246,,,1.9872305393218994,0.6508462429046631,,
673,26285,,,,,1.1404834985733032,0.4150180518627167
673,26285,,,2.1857383251190186,0.6438926458358765,,
674,26324,,,,,1.1304103136062622,0.40884432196617126
674,26324,,,1.9853277206420898,0.6325371861457825,,
675,26363,,,,,1.1199277639389038,0.39947766065597534
675,26363,,,1.9243441820144653,0.6086957454681396,,
676,26402,,,,,1.0925030708312988,0.40366894006729126
676,26402,,,1.9469541311264038,0.629652202129364,,
677,26441,,,,,1.1386598348617554,0.40823203325271606
677,26441,,,2.1449360847473145,0.5968124270439148,,
678,26480,,,,,1.1216927766799927,0.4111888110637665
678,26480,,,1.9561221599578857,0.6289282441139221,,
679,26519,,,,,1.109359622001648,0.4088405668735504
679,26519,,,1.8610925674438477,0.6173121333122253,,
680,26558,,,,,1.098633050918579,0.4071316123008728
680,26558,,,1.8997228145599365,0.5926661491394043,,
681,26597,,,,,1.0961138010025024,0.41084983944892883
681,26597,,,1.8981106281280518,0.6402456164360046,,
682,26636,,,,,1.1226438283920288,0.41887712478637695
682,26636,,,1.960526704788208,0.6184400320053101,,
683,26675,,,,,1.1081576347351074,0.4134826064109802
683,26675,,,1.9869250059127808,0.6369794011116028,,
684,26714,,,,,1.12578284740448,0.4143112003803253
684,26714,,,1.9869449138641357,0.6248012781143188,,
685,26753,,,,,1.1098533868789673,0.4120868444442749
685,26753,,,1.9717706441879272,0.6183242797851562,,
686,26792,,,,,1.1039128303527832,0.4059504270553589
686,26792,,,1.879507064819336,0.6426292657852173,,
687,26831,,,,,1.1111735105514526,0.40855762362480164
687,26831,,,1.7375622987747192,0.6419804692268372,,
688,26870,,,,,1.1035245656967163,0.4078378677368164
688,26870,,,1.904016137123108,0.6266807913780212,,
689,26909,,,,,1.1186022758483887,0.41222643852233887
689,26909,,,1.9194235801696777,0.6367189288139343,,
690,26948,,,,,1.1101030111312866,0.4130301773548126
690,26948,,,1.9638309478759766,0.6410931348800659,,
691,26987,,,,,1.0783547163009644,0.4113413095474243
691,26987,,,1.8930413722991943,0.650547444820404,,
692,27026,,,,,1.1108978986740112,0.41278618574142456
692,27026,,,2.017159938812256,0.6291846036911011,,
693,27065,,,,,1.090129017829895,0.41310572624206543
693,27065,,,1.793333649635315,0.6481443047523499,,
694,27104,,,,,1.086464285850525,0.412667840719223
694,27104,,,1.8589696884155273,0.6136568784713745,,
695,27143,,,,,1.07942533493042,0.41197630763053894
695,27143,,,1.8287302255630493,0.6220566630363464,,
696,27182,,,,,1.1007335186004639,0.41040700674057007
696,27182,,,1.9067761898040771,0.6384297013282776,,
697,27221,,,,,1.1207078695297241,0.4127040505409241
697,27221,,,2.0080161094665527,0.6134151816368103,,
698,27260,,,,,1.12460196018219,0.4134378135204315
698,27260,,,1.8653839826583862,0.6355971097946167,,
699,27299,,,,,1.1171176433563232,0.4128516912460327
699,27299,,,1.9398764371871948,0.6296555995941162,,
700,27338,,,,,1.104743480682373,0.4118770360946655
700,27338,,,1.8162728548049927,0.6584062576293945,,
701,27377,,,,,1.1199501752853394,0.4092940390110016
701,27377,,,1.974177598953247,0.6263393759727478,,
702,27416,,,,,1.1312564611434937,0.4096805453300476
702,27416,,,1.9128130674362183,0.6250313520431519,,
703,27455,,,,,1.0883548259735107,0.40889063477516174
703,27455,,,2.085529327392578,0.5995382070541382,,
704,27494,,,,,1.1039276123046875,0.4140213429927826
704,27494,,,2.0380866527557373,0.6313583850860596,,
705,27533,,,,,1.0920873880386353,0.4094875454902649
705,27533,,,1.8597748279571533,0.638148307800293,,
706,27572,,,,,1.1121249198913574,0.4119306206703186
706,27572,,,1.9144643545150757,0.6275394558906555,,
707,27611,,,,,1.1207027435302734,0.4106360077857971
707,27611,,,1.9979205131530762,0.6141077876091003,,
708,27650,,,,,1.1182948350906372,0.4145343005657196
708,27650,,,1.9093471765518188,0.6356657147407532,,
709,27689,,,,,1.1234863996505737,0.41360247135162354
709,27689,,,1.8845598697662354,0.6429600119590759,,
710,27728,,,,,1.1262595653533936,0.41396602988243103
710,27728,,,2.0104918479919434,0.641718327999115,,
711,27767,,,,,1.1099319458007812,0.41178756952285767
711,27767,,,2.0326004028320312,0.6325072050094604,,
712,27806,,,,,1.1420880556106567,0.41813793778419495
712,27806,,,1.8990987539291382,0.6385632753372192,,
713,27845,,,,,1.131677508354187,0.415105402469635
713,27845,,,1.8529431819915771,0.6333911418914795,,
714,27884,,,,,1.1045445203781128,0.4045296609401703
714,27884,,,1.9052398204803467,0.6298127770423889,,
715,27923,,,,,1.1409608125686646,0.40831679105758667
715,27923,,,1.9910352230072021,0.6375170946121216,,
716,27962,,,,,1.1372400522232056,0.41105955839157104
716,27962,,,1.929368257522583,0.6232506632804871,,
717,28001,,,,,1.1373732089996338,0.4117968678474426
717,28001,,,1.8385355472564697,0.6544339656829834,,
718,28040,,,,,1.12698233127594,0.40895506739616394
718,28040,,,1.954315185546875,0.6167755126953125,,
719,28079,,,,,1.1008892059326172,0.4038635790348053
719,28079,,,1.85647451877594,0.6357497572898865,,
720,28118,,,,,1.1106234788894653,0.40310701727867126
720,28118,,,2.067540168762207,0.5764668583869934,,
721,28157,,,,,1.0964350700378418,0.4101778566837311
721,28157,,,1.976859211921692,0.640564501285553,,
722,28196,,,,,1.1264451742172241,0.4155654013156891
722,28196,,,1.8839937448501587,0.6285905838012695,,
723,28235,,,,,1.1150269508361816,0.41322606801986694
723,28235,,,2.111835479736328,0.5975878238677979,,
724,28274,,,,,1.1133593320846558,0.4096699655056
724,28274,,,1.919490933418274,0.6284894347190857,,
725,28313,,,,,1.1085354089736938,0.41191115975379944
725,28313,,,1.8947933912277222,0.6394194960594177,,
726,28352,,,,,1.1122435331344604,0.412862092256546
726,28352,,,1.881323218345642,0.6516099572181702,,
727,28391,,,,,1.1215347051620483,0.41501110792160034
727,28391,,,1.8771599531173706,0.660396158695221,,
728,28430,,,,,1.1205956935882568,0.41469213366508484
728,28430,,,1.8549185991287231,0.6642893552780151,,
729,28469,,,,,1.0870022773742676,0.4147079288959503
729,28469,,,1.8684293031692505,0.6567362546920776,,
730,28508,,,,,1.0912840366363525,0.41013583540916443
730,28508,,,1.9008266925811768,0.6459655165672302,,
731,28547,,,,,1.1274157762527466,0.4118689298629761
731,28547,,,1.9870092868804932,0.6382457613945007,,
732,28586,,,,,1.1117820739746094,0.41194576025009155
732,28586,,,1.7299914360046387,0.6707121133804321,,
733,28625,,,,,1.1303430795669556,0.41439706087112427
733,28625,,,1.9250928163528442,0.6379828453063965,,
734,28664,,,,,1.108696699142456,0.4154943823814392
734,28664,,,2.079355239868164,0.6011701822280884,,
735,28703,,,,,1.106921911239624,0.4200095534324646
735,28703,,,1.8864682912826538,0.6688490509986877,,
736,28742,,,,,1.100230097770691,0.4187258780002594
736,28742,,,1.8344290256500244,0.6643243432044983,,
737,28781,,,,,1.1145399808883667,0.41955727338790894
737,28781,,,2.115027904510498,0.6230871677398682,,
738,28820,,,,,1.1006224155426025,0.4172067642211914
738,28820,,,1.8474870920181274,0.6170702576637268,,
739,28859,,,,,1.0842220783233643,0.41892749071121216
739,28859,,,1.9502184391021729,0.6430046558380127,,
740,28898,,,,,1.106202244758606,0.4210678040981293
740,28898,,,1.984682321548462,0.6544329524040222,,
741,28937,,,,,1.1157758235931396,0.41599854826927185
741,28937,,,1.8227384090423584,0.669590413570404,,
742,28976,,,,,1.1125802993774414,0.41525307297706604
742,28976,,,1.8531380891799927,0.6434654593467712,,
743,29015,,,,,1.1039345264434814,0.41073140501976013
743,29015,,,1.7883248329162598,0.6347319483757019,,
744,29054,,,,,1.1123346090316772,0.4191916286945343
744,29054,,,1.9023064374923706,0.6244500279426575,,
745,29093,,,,,1.0995789766311646,0.4218975007534027
745,29093,,,1.971321940422058,0.628454864025116,,
746,29132,,,,,1.0909348726272583,0.4169653654098511
746,29132,,,1.9237970113754272,0.6109364032745361,,
747,29171,,,,,1.091673493385315,0.41475483775138855
747,29171,,,1.9770292043685913,0.6474759578704834,,
748,29210,,,,,1.0848313570022583,0.4132680892944336
748,29210,,,1.9680837392807007,0.637914776802063,,
749,29249,,,,,1.1017056703567505,0.42008253931999207
749,29249,,,1.9957396984100342,0.6315972208976746,,
750,29288,,,,,1.1061029434204102,0.4238647520542145
750,29288,,,1.884901762008667,0.6683764457702637,,
751,29327,,,,,1.0782427787780762,0.4183463752269745
751,29327,,,1.9532527923583984,0.6252423524856567,,
752,29366,,,,,1.082553505897522,0.422411173582077
752,29366,,,1.9531269073486328,0.6157493591308594,,
753,29405,,,,,1.1026819944381714,0.41870948672294617
753,29405,,,1.94205904006958,0.6395940780639648,,
754,29444,,,,,1.0981271266937256,0.4149012863636017
754,29444,,,2.0109548568725586,0.6348457336425781,,
755,29483,,,,,1.11012601852417,0.4104911684989929
755,29483,,,1.8050650358200073,0.6397383809089661,,
756,29522,,,,,1.104169249534607,0.41626468300819397
756,29522,,,1.8961611986160278,0.6385211944580078,,
757,29561,,,,,1.1279327869415283,0.41527190804481506
757,29561,,,1.9019558429718018,0.6338357329368591,,
758,29600,,,,,1.1219786405563354,0.4135100841522217
758,29600,,,1.868919014930725,0.6469039916992188,,
759,29639,,,,,1.1273008584976196,0.4141950011253357
759,29639,,,1.992168664932251,0.6393793821334839,,
760,29678,,,,,1.1042128801345825,0.41008976101875305
760,29678,,,2.1980323791503906,0.5867148637771606,,
761,29717,,,,,1.1056965589523315,0.40730735659599304
761,29717,,,1.9114290475845337,0.6597711443901062,,
762,29756,,,,,1.10990309715271,0.40612781047821045
762,29756,,,1.9053407907485962,0.6318897008895874,,
763,29795,,,,,1.095477819442749,0.403751403093338
763,29795,,,1.8537427186965942,0.6247358918190002,,
764,29834,,,,,1.092117428779602,0.40388160943984985
764,29834,,,1.799163818359375,0.6558018922805786,,
765,29873,,,,,1.0910813808441162,0.4153434932231903
765,29873,,,1.8875457048416138,0.619744062423706,,
766,29912,,,,,1.0778175592422485,0.41661393642425537
766,29912,,,2.0153894424438477,0.6155582070350647,,
767,29951,,,,,1.0935089588165283,0.41754019260406494
767,29951,,,1.9172815084457397,0.6334088444709778,,
768,29990,,,,,1.0879336595535278,0.4180104732513428
768,29990,,,1.893985629081726,0.673509418964386,,
769,30029,,,,,1.0914015769958496,0.41419747471809387
769,30029,,,1.8270626068115234,0.6528573632240295,,
770,30068,,,,,1.1087393760681152,0.4115521013736725
770,30068,,,1.7637078762054443,0.6520425081253052,,
771,30107,,,,,1.1133579015731812,0.41725143790245056
771,30107,,,1.9460482597351074,0.6554036736488342,,
772,30146,,,,,1.0754278898239136,0.4139852225780487
772,30146,,,1.9448964595794678,0.6542089581489563,,
773,30185,,,,,1.0774328708648682,0.41469866037368774
773,30185,,,1.7961353063583374,0.6669934988021851,,
774,30224,,,,,1.0912485122680664,0.4181644022464752
774,30224,,,1.9024051427841187,0.6331189870834351,,
775,30263,,,,,1.0652188062667847,0.41430985927581787
775,30263,,,1.9170788526535034,0.6246426701545715,,
776,30302,,,,,1.0875917673110962,0.41568872332572937
776,30302,,,2.0096516609191895,0.639959454536438,,
777,30341,,,,,1.0617892742156982,0.4148748815059662
777,30341,,,1.8401464223861694,0.6397479772567749,,
778,30380,,,,,1.084859848022461,0.4171363115310669
778,30380,,,2.00443696975708,0.6424897909164429,,
779,30419,,,,,1.1146148443222046,0.41907238960266113
779,30419,,,1.9299523830413818,0.6378082633018494,,
780,30458,,,,,1.0867016315460205,0.41985753178596497
780,30458,,,1.9626495838165283,0.6460860371589661,,
781,30497,,,,,1.0914316177368164,0.4245973825454712
781,30497,,,1.9764306545257568,0.6253317594528198,,
782,30536,,,,,1.0689468383789062,0.41990265250205994
782,30536,,,1.812752366065979,0.6511882543563843,,
783,30575,,,,,1.0715596675872803,0.4173199236392975
783,30575,,,1.9312607049942017,0.6542152762413025,,
784,30614,,,,,1.0937979221343994,0.4158857762813568
784,30614,,,1.874743103981018,0.6516131162643433,,
785,30653,,,,,1.1143020391464233,0.4196248948574066
785,30653,,,1.7600815296173096,0.6565387845039368,,
786,30692,,,,,1.117759346961975,0.41916242241859436
786,30692,,,1.7845724821090698,0.6589152216911316,,
787,30731,,,,,1.0960702896118164,0.4195909798145294
787,30731,,,1.7610399723052979,0.6701903343200684,,
788,30770,,,,,1.0940462350845337,0.41722720861434937
788,30770,,,1.8601688146591187,0.646571934223175,,
789,30809,,,,,1.06709885597229,0.4176245331764221
789,30809,,,1.9072132110595703,0.6267158389091492,,
790,30848,,,,,1.0592890977859497,0.41715678572654724
790,30848,,,1.8043073415756226,0.652247428894043,,
791,30887,,,,,1.079248070716858,0.4207111597061157
791,30887,,,1.9097625017166138,0.651436984539032,,
792,30926,,,,,1.0952799320220947,0.41819000244140625
792,30926,,,1.9003021717071533,0.636898398399353,,
793,30965,,,,,1.078495979309082,0.41544583439826965
793,30965,,,1.902764916419983,0.6373828053474426,,
794,31004,,,,,1.0872368812561035,0.4184286594390869
794,31004,,,1.83775794506073,0.6610721945762634,,
795,31043,,,,,1.0961943864822388,0.4186886250972748
795,31043,,,1.9393503665924072,0.6586944460868835,,
796,31082,,,,,1.0835638046264648,0.4180474877357483
796,31082,,,1.724489688873291,0.6776418685913086,,
797,31121,,,,,1.0864841938018799,0.41710802912712097
797,31121,,,1.9167107343673706,0.6344191431999207,,
798,31160,,,,,1.0979392528533936,0.4195381700992584
798,31160,,,1.8229988813400269,0.6572045683860779,,
799,31199,,,,,1.0900943279266357,0.4194208085536957
799,31199,,,1.8550082445144653,0.670810341835022,,
800,31238,,,,,1.0774431228637695,0.4175206422805786
800,31238,,,1.8229479789733887,0.6488418579101562,,
801,31277,,,,,1.0693631172180176,0.4179930090904236
801,31277,,,1.7236531972885132,0.6954965591430664,,
802,31316,,,,,1.0736773014068604,0.41910868883132935
802,31316,,,2.011331081390381,0.63241046667099,,
803,31355,,,,,1.0606746673583984,0.4154354929924011
803,31355,,,1.8508013486862183,0.6565526127815247,,
804,31394,,,,,1.0758445262908936,0.4175856411457062
804,31394,,,2.013986349105835,0.6457428336143494,,
805,31433,,,,,1.091281533241272,0.4192167818546295
805,31433,,,1.8046869039535522,0.682396411895752,,
806,31472,,,,,1.079125165939331,0.4186018109321594
806,31472,,,1.8047597408294678,0.6298376321792603,,
807,31511,,,,,1.0605251789093018,0.4198312759399414
807,31511,,,1.9452588558197021,0.6283296346664429,,
808,31550,,,,,1.0680947303771973,0.4163840413093567
808,31550,,,1.8801007270812988,0.6343725323677063,,
809,31589,,,,,1.0690810680389404,0.40784019231796265
809,31589,,,1.9121249914169312,0.62381911277771,,
810,31628,,,,,1.088917851448059,0.41795772314071655
810,31628,,,1.98843252658844,0.6244685053825378,,
811,31667,,,,,1.1115082502365112,0.4174219071865082
811,31667,,,1.8913040161132812,0.6635128259658813,,
812,31706,,,,,1.093504548072815,0.4117104113101959
812,31706,,,1.773158311843872,0.6412566900253296,,
813,31745,,,,,1.0773038864135742,0.408447265625
813,31745,,,1.9409774541854858,0.6595250368118286,,
814,31784,,,,,1.0774959325790405,0.4103846251964569
814,31784,,,1.8585048913955688,0.6514548063278198,,
815,31823,,,,,1.0651918649673462,0.4127780497074127
815,31823,,,1.9435839653015137,0.6450495719909668,,
816,31862,,,,,1.0592247247695923,0.41080936789512634
816,31862,,,1.9077489376068115,0.6179513931274414,,
817,31901,,,,,1.0703734159469604,0.4091716408729553
817,31901,,,1.870070219039917,0.6411384344100952,,
818,31940,,,,,1.0881468057632446,0.412349671125412
818,31940,,,1.7262979745864868,0.6858516931533813,,
819,31979,,,,,1.0844311714172363,0.4114222526550293
819,31979,,,1.819101333618164,0.6398931741714478,,
820,32018,,,,,1.0801619291305542,0.41031697392463684
820,32018,,,1.7889007329940796,0.641251802444458,,
821,32057,,,,,1.0840396881103516,0.4173678755760193
821,32057,,,1.6924968957901,0.679621696472168,,
822,32096,,,,,1.0733816623687744,0.41802701354026794
822,32096,,,1.726808786392212,0.6565441489219666,,
823,32135,,,,,1.0670421123504639,0.4146055579185486
823,32135,,,1.7799590826034546,0.6424697637557983,,
824,32174,,,,,1.058936595916748,0.41555994749069214
824,32174,,,1.823955774307251,0.6502470970153809,,
825,32213,,,,,1.088948369026184,0.41761061549186707
825,32213,,,1.815460205078125,0.663288950920105,,
826,32252,,,,,1.0818244218826294,0.4112398028373718
826,32252,,,1.867227554321289,0.6540583968162537,,
827,32291,,,,,1.0585157871246338,0.4072701036930084
827,32291,,,1.9094486236572266,0.6526685357093811,,
828,32330,,,,,1.0729608535766602,0.40708523988723755
828,32330,,,1.9083107709884644,0.6272459626197815,,
829,32369,,,,,1.0781331062316895,0.4051055908203125
829,32369,,,1.819313406944275,0.6569925546646118,,
830,32408,,,,,1.0823653936386108,0.4112812578678131
830,32408,,,1.9576760530471802,0.6422392129898071,,
831,32447,,,,,1.0646848678588867,0.4095335602760315
831,32447,,,1.8572393655776978,0.650261402130127,,
832,32486,,,,,1.0668903589248657,0.40487468242645264
832,32486,,,1.8354394435882568,0.6400020718574524,,
833,32525,,,,,1.0705580711364746,0.40951570868492126
833,32525,,,2.0656051635742188,0.6391382217407227,,
834,32564,,,,,1.0655581951141357,0.4121685028076172
834,32564,,,1.9705541133880615,0.6335899829864502,,
835,32603,,,,,1.0587563514709473,0.41181620955467224
835,32603,,,1.9019145965576172,0.6643452048301697,,
836,32642,,,,,1.0577174425125122,0.4102616310119629
836,32642,,,1.7504714727401733,0.6747758388519287,,
837,32681,,,,,1.0785919427871704,0.4111904799938202
837,32681,,,2.00303053855896,0.64875727891922,,
838,32720,,,,,1.063797116279602,0.41389670968055725
838,32720,,,1.8293054103851318,0.6571783423423767,,
839,32759,,,,,1.053651213645935,0.41419148445129395
839,32759,,,1.7936944961547852,0.6787354946136475,,
840,32798,,,,,1.0612677335739136,0.4131552577018738
840,32798,,,1.9728620052337646,0.6657422184944153,,
841,32837,,,,,1.0686360597610474,0.40901926159858704
841,32837,,,1.7490085363388062,0.6323246955871582,,
842,32876,,,,,1.0777240991592407,0.4103645384311676
842,32876,,,1.6569963693618774,0.6982351541519165,,
843,32915,,,,,1.0691611766815186,0.4098782241344452
843,32915,,,1.8563052415847778,0.6518136858940125,,
844,32954,,,,,1.085294485092163,0.4185325801372528
844,32954,,,1.8964804410934448,0.6687419414520264,,
845,32993,,,,,1.061506986618042,0.415393203496933
845,32993,,,1.9505547285079956,0.6399961113929749,,
846,33032,,,,,1.066739797592163,0.41714856028556824
846,33032,,,1.7526166439056396,0.6610949039459229,,
847,33071,,,,,1.0782697200775146,0.41523677110671997
847,33071,,,1.842111587524414,0.6612558364868164,,
848,33110,,,,,1.0706619024276733,0.41581007838249207
848,33110,,,2.022752523422241,0.6515218019485474,,
849,33149,,,,,1.0827196836471558,0.42132794857025146
849,33149,,,1.7934558391571045,0.677344560623169,,
850,33188,,,,,1.0844818353652954,0.4184112548828125
850,33188,,,1.8538004159927368,0.6656163930892944,,
851,33227,,,,,1.089754581451416,0.42067357897758484
851,33227,,,1.7953399419784546,0.6577118635177612,,
852,33266,,,,,1.0547947883605957,0.4192367494106293
852,33266,,,1.7549326419830322,0.6519196033477783,,
853,33305,,,,,1.0622349977493286,0.4224555194377899
853,33305,,,1.7665319442749023,0.6586547493934631,,
854,33344,,,,,1.0689624547958374,0.42322975397109985
854,33344,,,1.8818689584732056,0.6531656980514526,,
855,33383,,,,,1.040749192237854,0.4183785319328308
855,33383,,,1.901470422744751,0.6450545191764832,,
856,33422,,,,,1.038980484008789,0.4180944561958313
856,33422,,,1.7140408754348755,0.689151406288147,,
857,33461,,,,,1.04779851436615,0.4202815890312195
857,33461,,,1.775704026222229,0.6579065322875977,,
858,33500,,,,,1.0617567300796509,0.4257141053676605
858,33500,,,1.8783092498779297,0.6731706261634827,,
859,33539,,,,,1.0500819683074951,0.4245120584964752
859,33539,,,1.830343246459961,0.6479573845863342,,
860,33578,,,,,1.0639420747756958,0.4235633909702301
860,33578,,,1.8495944738388062,0.6705050468444824,,
861,33617,,,,,1.077876091003418,0.4297627806663513
861,33617,,,1.8690859079360962,0.6592286825180054,,
862,33656,,,,,1.0824412107467651,0.427434504032135
862,33656,,,2.055704355239868,0.6312817931175232,,
863,33695,,,,,1.067957878112793,0.42091113328933716
863,33695,,,1.698986291885376,0.6771794557571411,,
864,33734,,,,,1.0674340724945068,0.4193859100341797
864,33734,,,1.7988104820251465,0.6562823057174683,,
865,33773,,,,,1.0574533939361572,0.42345911264419556
865,33773,,,1.7225884199142456,0.6701827049255371,,
866,33812,,,,,1.0545164346694946,0.42740631103515625
866,33812,,,1.668521761894226,0.6575323939323425,,
867,33851,,,,,1.0513485670089722,0.41948696970939636
867,33851,,,1.7984145879745483,0.6515937447547913,,
868,33890,,,,,1.0469684600830078,0.4227220416069031
868,33890,,,1.8994085788726807,0.6395763754844666,,
869,33929,,,,,1.057188630104065,0.4231489896774292
869,33929,,,1.7827917337417603,0.6669474244117737,,
870,33968,,,,,1.0681517124176025,0.41918301582336426
870,33968,,,1.9198639392852783,0.6710058450698853,,
871,34007,,,,,1.0663747787475586,0.4245094656944275
871,34007,,,1.904480218887329,0.6909646987915039,,
872,34046,,,,,1.0566534996032715,0.42477893829345703
872,34046,,,1.6390161514282227,0.6741904616355896,,
873,34085,,,,,1.0419973134994507,0.423048734664917
873,34085,,,1.7281750440597534,0.6399914622306824,,
874,34124,,,,,1.0455127954483032,0.4252046048641205
874,34124,,,1.7815804481506348,0.6748859286308289,,
875,34163,,,,,1.0388445854187012,0.42838016152381897
875,34163,,,1.8539633750915527,0.6508335471153259,,
876,34202,,,,,1.044223427772522,0.42738842964172363
876,34202,,,1.6010974645614624,0.6998467445373535,,
877,34241,,,,,1.0523639917373657,0.427350789308548
877,34241,,,1.7025814056396484,0.6539987921714783,,
878,34280,,,,,1.057316541671753,0.42406558990478516
878,34280,,,1.8780505657196045,0.6659980416297913,,
879,34319,,,,,1.0531615018844604,0.42239823937416077
879,34319,,,1.7502801418304443,0.6478021144866943,,
880,34358,,,,,1.0528075695037842,0.42041653394699097
880,34358,,,1.8168506622314453,0.6626318097114563,,
881,34397,,,,,1.047089695930481,0.4234384000301361
881,34397,,,1.663172960281372,0.6873011589050293,,
882,34436,,,,,1.046908974647522,0.4227546155452728
882,34436,,,1.7021286487579346,0.6755655407905579,,
883,34475,,,,,1.0535346269607544,0.4259567856788635
883,34475,,,1.6889541149139404,0.6669002175331116,,
884,34514,,,,,1.0593976974487305,0.4271220564842224
884,34514,,,1.822768211364746,0.6340720057487488,,
885,34553,,,,,1.0656697750091553,0.4233303368091583
885,34553,,,2.0046722888946533,0.6346243619918823,,
886,34592,,,,,1.0576083660125732,0.42688024044036865
886,34592,,,1.7550503015518188,0.6568433046340942,,
887,34631,,,,,1.045753002166748,0.42724964022636414
887,34631,,,1.8356250524520874,0.644001305103302,,
888,34670,,,,,1.0215508937835693,0.42766064405441284
888,34670,,,1.6642462015151978,0.6601191759109497,,
889,34709,,,,,1.0356608629226685,0.42585399746894836
889,34709,,,1.6959936618804932,0.6792445778846741,,
890,34748,,,,,1.056981086730957,0.42604103684425354
890,34748,,,1.8566837310791016,0.6485803723335266,,
891,34787,,,,,1.0609925985336304,0.42636242508888245
891,34787,,,1.78074312210083,0.6648936867713928,,
892,34826,,,,,1.0672409534454346,0.42704856395721436
892,34826,,,1.666290044784546,0.6893454194068909,,
893,34865,,,,,1.0648096799850464,0.4223446547985077
893,34865,,,1.8992544412612915,0.6597699522972107,,
894,34904,,,,,1.0431898832321167,0.4253292679786682
894,34904,,,1.8219027519226074,0.6635098457336426,,
895,34943,,,,,1.0507068634033203,0.43048787117004395
895,34943,,,1.9084644317626953,0.6283978223800659,,
896,34982,,,,,1.039310336112976,0.42279455065727234
896,34982,,,1.7440847158432007,0.6632575988769531,,
897,35021,,,,,1.0329326391220093,0.42766332626342773
897,35021,,,1.8531752824783325,0.6397696137428284,,
898,35060,,,,,1.0272812843322754,0.4246077239513397
898,35060,,,1.8239269256591797,0.6535165309906006,,
899,35099,,,,,1.0517641305923462,0.4256591796875
899,35099,,,1.7027233839035034,0.6894950270652771,,
900,35138,,,,,1.060889720916748,0.42973488569259644
900,35138,,,1.8061699867248535,0.6650282740592957,,
901,35177,,,,,1.0406019687652588,0.42977195978164673
901,35177,,,1.8201687335968018,0.653449535369873,,
902,35216,,,,,1.0358526706695557,0.4286820590496063
902,35216,,,1.8942464590072632,0.6359986066818237,,
903,35255,,,,,1.0359246730804443,0.4300837516784668
903,35255,,,1.8639901876449585,0.6685692071914673,,
904,35294,,,,,1.049574851989746,0.4302740693092346
904,35294,,,1.7972326278686523,0.6724063158035278,,
905,35333,,,,,1.0348751544952393,0.4237842261791229
905,35333,,,1.731026530265808,0.6567780375480652,,
906,35372,,,,,1.0492538213729858,0.42558419704437256
906,35372,,,1.8522002696990967,0.680057942867279,,
907,35411,,,,,1.0701764822006226,0.42629921436309814
907,35411,,,1.7675647735595703,0.6979194283485413,,
908,35450,,,,,1.0631437301635742,0.42819562554359436
908,35450,,,1.891371726989746,0.6660810708999634,,
909,35489,,,,,1.0578246116638184,0.42887210845947266
909,35489,,,1.9305177927017212,0.6639361381530762,,
910,35528,,,,,1.0557540655136108,0.426495224237442
910,35528,,,1.8790481090545654,0.6406154036521912,,
911,35567,,,,,1.0484181642532349,0.41640451550483704
911,35567,,,1.763048768043518,0.6634343266487122,,
912,35606,,,,,1.0464071035385132,0.4211871922016144
912,35606,,,1.745591163635254,0.6616707444190979,,
913,35645,,,,,1.0481401681900024,0.4263284206390381
913,35645,,,1.690083622932434,0.6913654208183289,,
914,35684,,,,,1.0527276992797852,0.4264909327030182
914,35684,,,1.818699598312378,0.6509373188018799,,
915,35723,,,,,1.0481423139572144,0.42515552043914795
915,35723,,,1.8898993730545044,0.6529590487480164,,
916,35762,,,,,1.05846107006073,0.4258938431739807
916,35762,,,1.912883996963501,0.6519846320152283,,
917,35801,,,,,1.0546401739120483,0.4220260977745056
917,35801,,,1.8191790580749512,0.6431833505630493,,
918,35840,,,,,1.0567597150802612,0.4207299053668976
918,35840,,,1.5419570207595825,0.6888233423233032,,
919,35879,,,,,1.0571441650390625,0.4218622148036957
919,35879,,,1.829312801361084,0.6766607165336609,,
920,35918,,,,,1.06119704246521,0.4243965446949005
920,35918,,,1.8354860544204712,0.645146906375885,,
921,35957,,,,,1.0634359121322632,0.4224351942539215
921,35957,,,1.7291339635849,0.6982783079147339,,
922,35996,,,,,1.0390784740447998,0.4201088547706604
922,35996,,,1.779908537864685,0.6799380779266357,,
923,36035,,,,,1.0573259592056274,0.4226481020450592
923,36035,,,1.7823494672775269,0.6760464906692505,,
924,36074,,,,,1.058957815170288,0.42290911078453064
924,36074,,,1.7133337259292603,0.6787149906158447,,
925,36113,,,,,1.0701653957366943,0.4227282702922821
925,36113,,,1.7348755598068237,0.6782169938087463,,
926,36152,,,,,1.0533803701400757,0.4232565462589264
926,36152,,,1.6961026191711426,0.71054607629776,,
927,36191,,,,,1.0390751361846924,0.4199288487434387
927,36191,,,1.7373111248016357,0.659812331199646,,
928,36230,,,,,1.060336947441101,0.4240219295024872
928,36230,,,1.816634178161621,0.6678099036216736,,
929,36269,,,,,1.056079626083374,0.42106935381889343
929,36269,,,1.7537600994110107,0.6836065649986267,,
930,36308,,,,,1.0533523559570312,0.41760462522506714
930,36308,,,1.801711082458496,0.6736161708831787,,
931,36347,,,,,1.0550212860107422,0.4196026921272278
931,36347,,,1.7564994096755981,0.6889601349830627,,
932,36386,,,,,1.0491273403167725,0.41921037435531616
932,36386,,,1.854156494140625,0.6690192818641663,,
933,36425,,,,,1.0669867992401123,0.4179498553276062
933,36425,,,1.7360528707504272,0.6950003504753113,,
934,36464,,,,,1.070120930671692,0.41606271266937256
934,36464,,,1.7353265285491943,0.6775428652763367,,
935,36503,,,,,1.0711209774017334,0.41139692068099976
935,36503,,,1.803780436515808,0.6687580943107605,,
936,36542,,,,,1.0703582763671875,0.414252370595932
936,36542,,,1.8464529514312744,0.6475139260292053,,
937,36581,,,,,1.0518242120742798,0.4185231328010559
937,36581,,,1.7086224555969238,0.6568236947059631,,
938,36620,,,,,1.040797233581543,0.4184502065181732
938,36620,,,1.7890082597732544,0.6582787036895752,,
939,36659,,,,,1.0521843433380127,0.4206772744655609
939,36659,,,1.810863971710205,0.6684956550598145,,
940,36698,,,,,1.0459092855453491,0.42140576243400574
940,36698,,,1.8291637897491455,0.6866430640220642,,
941,36737,,,,,1.0527100563049316,0.42103418707847595
941,36737,,,1.5942442417144775,0.6796903610229492,,
942,36776,,,,,1.0494098663330078,0.41899845004081726
942,36776,,,1.7095409631729126,0.6741491556167603,,
943,36815,,,,,1.0447216033935547,0.4176121652126312
943,36815,,,1.6508268117904663,0.6480937600135803,,
944,36854,,,,,1.0508986711502075,0.41931524872779846
944,36854,,,1.6605385541915894,0.6663961410522461,,
945,36893,,,,,1.0489853620529175,0.4184201955795288
945,36893,,,1.705809235572815,0.6882611513137817,,
946,36932,,,,,1.0442713499069214,0.4231441020965576
946,36932,,,1.6767544746398926,0.6799767017364502,,
947,36971,,,,,1.0300363302230835,0.41729286313056946
947,36971,,,1.6929006576538086,0.6998761296272278,,
948,37010,,,,,1.03416109085083,0.41830751299858093
948,37010,,,1.7096798419952393,0.6879890561103821,,
949,37049,,,,,1.0478729009628296,0.42241063714027405
949,37049,,,1.6838109493255615,0.6856412291526794,,
950,37088,,,,,1.045794129371643,0.4256860613822937
950,37088,,,1.819427251815796,0.6835952997207642,,
951,37127,,,,,1.029910683631897,0.42343783378601074
951,37127,,,1.798429012298584,0.6567918062210083,,
952,37166,,,,,1.0453948974609375,0.42686593532562256
952,37166,,,1.877730131149292,0.6678096652030945,,
953,37205,,,,,1.0313177108764648,0.42150264978408813
953,37205,,,1.782184362411499,0.6915218234062195,,
954,37244,,,,,1.0469905138015747,0.420349657535553
954,37244,,,1.7329000234603882,0.7011481523513794,,
955,37283,,,,,1.0419903993606567,0.4140150249004364
955,37283,,,1.638116478919983,0.6820888519287109,,
956,37322,,,,,1.0384961366653442,0.4168394207954407
956,37322,,,1.7578917741775513,0.6666139364242554,,
957,37361,,,,,1.0616159439086914,0.4233221113681793
957,37361,,,1.7194781303405762,0.6917147636413574,,
958,37400,,,,,1.0423052310943604,0.4238775074481964
958,37400,,,1.842302918434143,0.6846596002578735,,
959,37439,,,,,1.0582269430160522,0.4242177903652191
959,37439,,,1.8777425289154053,0.6723753809928894,,
960,37478,,,,,1.0553386211395264,0.4214768707752228
960,37478,,,1.7632946968078613,0.6905163526535034,,
961,37517,,,,,1.0459939241409302,0.41940292716026306
961,37517,,,1.7747783660888672,0.6751260757446289,,
962,37556,,,,,1.0506823062896729,0.41759946942329407
962,37556,,,1.8066654205322266,0.6523743271827698,,
963,37595,,,,,1.0218496322631836,0.41897162795066833
963,37595,,,1.802575707435608,0.6563447117805481,,
964,37634,,,,,1.032662034034729,0.42295408248901367
964,37634,,,1.8430582284927368,0.6974562406539917,,
965,37673,,,,,1.0276058912277222,0.42265188694000244
965,37673,,,1.9187160730361938,0.6792029142379761,,
966,37712,,,,,1.0219228267669678,0.4242699444293976
966,37712,,,1.788084626197815,0.6784941554069519,,
967,37751,,,,,1.0243138074874878,0.4239935278892517
967,37751,,,1.697509765625,0.6630802154541016,,
968,37790,,,,,1.0398738384246826,0.4276774823665619
968,37790,,,1.8522167205810547,0.6925389170646667,,
969,37829,,,,,1.0261399745941162,0.4217662513256073
969,37829,,,1.7411608695983887,0.6610708236694336,,
970,37868,,,,,1.0241445302963257,0.4209805727005005
970,37868,,,1.7252635955810547,0.6665018200874329,,
971,37907,,,,,1.0300393104553223,0.42437297105789185
971,37907,,,1.7486950159072876,0.6628427505493164,,
972,37946,,,,,1.0283880233764648,0.42686203122138977
972,37946,,,1.640305519104004,0.6740832328796387,,
973,37985,,,,,1.034161925315857,0.42753395438194275
973,37985,,,1.703147530555725,0.6673378348350525,,
974,38024,,,,,1.0481826066970825,0.4315309226512909
974,38024,,,1.7157641649246216,0.6926663517951965,,
975,38063,,,,,1.0503239631652832,0.4337937831878662
975,38063,,,1.8109122514724731,0.661401093006134,,
976,38102,,,,,1.045287013053894,0.42927202582359314
976,38102,,,1.747937560081482,0.6864118576049805,,
977,38141,,,,,1.0525034666061401,0.4310342073440552
977,38141,,,1.791335105895996,0.6618727445602417,,
978,38180,,,,,1.034369945526123,0.42871055006980896
978,38180,,,1.5529074668884277,0.6995167136192322,,
979,38219,,,,,1.0274758338928223,0.43033766746520996
979,38219,,,1.8295096158981323,0.6725454330444336,,
980,38258,,,,,1.0365171432495117,0.4334426820278168
980,38258,,,1.7584487199783325,0.6741418242454529,,
981,38297,,,,,1.0194857120513916,0.4350978136062622
981,38297,,,1.7360368967056274,0.6964598894119263,,
982,38336,,,,,1.022626519203186,0.43141883611679077
982,38336,,,1.6627798080444336,0.6826684474945068,,
983,38375,,,,,1.016904592514038,0.42962267994880676
983,38375,,,1.688978910446167,0.6677766442298889,,
984,38414,,,,,1.011659860610962,0.43217629194259644
984,38414,,,1.7852370738983154,0.6808928847312927,,
985,38453,,,,,1.0268707275390625,0.4316996932029724
985,38453,,,1.8867441415786743,0.6318047642707825,,
986,38492,,,,,1.031933069229126,0.43270862102508545
986,38492,,,1.8202213048934937,0.6738386154174805,,
987,38531,,,,,1.03529953956604,0.43190890550613403
987,38531,,,1.688560128211975,0.6946941614151001,,
988,38570,,,,,1.0223355293273926,0.4296993315219879
988,38570,,,1.7537250518798828,0.6572226285934448,,
989,38609,,,,,1.0262192487716675,0.42956674098968506
989,38609,,,1.709529995918274,0.6902133226394653,,
990,38648,,,,,1.0224852561950684,0.42720717191696167
990,38648,,,1.8095192909240723,0.6661745309829712,,
991,38687,,,,,1.0220755338668823,0.4310629963874817
991,38687,,,1.6701215505599976,0.6956613063812256,,
992,38726,,,,,1.0357036590576172,0.43317535519599915
992,38726,,,1.7385005950927734,0.6896198391914368,,
993,38765,,,,,1.0269646644592285,0.42853012681007385
993,38765,,,1.7557858228683472,0.6741800308227539,,
994,38804,,,,,1.0231107473373413,0.4347604513168335
994,38804,,,1.6606115102767944,0.6924972534179688,,
995,38843,,,,,1.0124096870422363,0.4351680874824524
995,38843,,,1.6376063823699951,0.6769137978553772,,
996,38882,,,,,1.0010161399841309,0.43021485209465027
996,38882,,,1.6304492950439453,0.6718753576278687,,
997,38921,,,,,1.0139137506484985,0.42901915311813354
997,38921,,,1.8668091297149658,0.6740779280662537,,
998,38960,,,,,1.006980061531067,0.4300491213798523
998,38960,,,1.742189645767212,0.6681222915649414,,
999,38999,,,,,1.0201588869094849,0.43207550048828125
999,38999,,,1.7893630266189575,0.6654634475708008,,
1000,39038,,,,,1.031643271446228,0.4349752962589264
1000,39038,,,1.6531457901000977,0.6969649195671082,,
1001,39077,,,,,1.0227322578430176,0.433261513710022
1001,39077,,,1.6163114309310913,0.6883069276809692,,
1002,39116,,,,,1.0306262969970703,0.43359336256980896
1002,39116,,,1.6624432802200317,0.6869351863861084,,
1003,39155,,,,,1.0250437259674072,0.431520015001297
1003,39155,,,1.5911742448806763,0.7101099491119385,,
1004,39194,,,,,1.0199652910232544,0.4299130439758301
1004,39194,,,1.757485032081604,0.6845301389694214,,
1005,39233,,,,,1.016566276550293,0.43437325954437256
1005,39233,,,1.6426892280578613,0.7032732963562012,,
1006,39272,,,,,1.0183486938476562,0.4302627444267273
1006,39272,,,1.8127810955047607,0.677294135093689,,
1007,39311,,,,,1.0259056091308594,0.4346015155315399
1007,39311,,,1.682401180267334,0.680945634841919,,
1008,39350,,,,,1.0251206159591675,0.4326549768447876
1008,39350,,,1.6844525337219238,0.6927080154418945,,
1009,39389,,,,,1.0152479410171509,0.43142637610435486
1009,39389,,,1.8018730878829956,0.6629628539085388,,
1010,39428,,,,,1.0079501867294312,0.4269264042377472
1010,39428,,,1.6278842687606812,0.6897104978561401,,
1011,39467,,,,,1.005692720413208,0.43034034967422485
1011,39467,,,1.9012296199798584,0.6390684247016907,,
1012,39506,,,,,1.0095657110214233,0.425143301486969
1012,39506,,,1.6856499910354614,0.6577688455581665,,
1013,39545,,,,,1.0264846086502075,0.4314887225627899
1013,39545,,,1.7728307247161865,0.687300443649292,,
1014,39584,,,,,1.0242091417312622,0.4316917955875397
1014,39584,,,1.8461172580718994,0.6661989688873291,,
1015,39623,,,,,1.0276374816894531,0.4364430904388428
1015,39623,,,1.719034194946289,0.6993698477745056,,
1016,39662,,,,,1.0146138668060303,0.43085673451423645
1016,39662,,,1.6004637479782104,0.719791829586029,,
1017,39701,,,,,1.0270044803619385,0.4276670813560486
1017,39701,,,1.6589444875717163,0.6954423785209656,,
1018,39740,,,,,1.0363092422485352,0.42723312973976135
1018,39740,,,1.6414661407470703,0.7153612971305847,,
1019,39779,,,,,1.026557207107544,0.4320894181728363
1019,39779,,,1.691778540611267,0.6904392838478088,,
1020,39818,,,,,1.0186851024627686,0.43308573961257935
1020,39818,,,1.7151578664779663,0.6995103359222412,,
1021,39857,,,,,1.0182223320007324,0.43465766310691833
1021,39857,,,1.7071362733840942,0.6939001679420471,,
1022,39896,,,,,1.0308903455734253,0.43570953607559204
1022,39896,,,1.7804278135299683,0.6832517981529236,,
1023,39935,,,,,1.024308681488037,0.43319350481033325
1023,39935,,,1.5947057008743286,0.6970565915107727,,
1024,39974,,,,,1.0275871753692627,0.43093249201774597
1024,39974,,,1.7834981679916382,0.6815008521080017,,
1025,40013,,,,,1.0221937894821167,0.42916107177734375
1025,40013,,,1.6252182722091675,0.6718706488609314,,
1026,40052,,,,,1.0318800210952759,0.42965590953826904
1026,40052,,,1.7022548913955688,0.697697103023529,,
1027,40091,,,,,1.0312573909759521,0.4333633482456207
1027,40091,,,1.7191470861434937,0.6777973771095276,,
1028,40130,,,,,1.0451242923736572,0.433594286441803
1028,40130,,,1.7100393772125244,0.6999908089637756,,
1029,40169,,,,,1.0457454919815063,0.4345207214355469
1029,40169,,,1.8147692680358887,0.6905642747879028,,
1030,40208,,,,,1.0252262353897095,0.43206554651260376
1030,40208,,,1.6287970542907715,0.7092068195343018,,
1031,40247,,,,,1.0229628086090088,0.4299677014350891
1031,40247,,,1.8342901468276978,0.6550107002258301,,
1032,40286,,,,,1.0209321975708008,0.42877280712127686
1032,40286,,,1.8075134754180908,0.6714922189712524,,
1033,40325,,,,,1.0366864204406738,0.43117988109588623
1033,40325,,,1.659497618675232,0.7104294896125793,,
1034,40364,,,,,1.0368425846099854,0.43101170659065247
1034,40364,,,1.6352307796478271,0.7099785208702087,,
1035,40403,,,,,1.036787509918213,0.4318360388278961
1035,40403,,,1.7478042840957642,0.6868685483932495,,
1036,40442,,,,,1.0277336835861206,0.42991170287132263
1036,40442,,,1.6287593841552734,0.6965897679328918,,
1037,40481,,,,,1.0284048318862915,0.43237701058387756
1037,40481,,,1.6643255949020386,0.7018245458602905,,
1038,40520,,,,,1.0291697978973389,0.43367689847946167
1038,40520,,,1.8951016664505005,0.6838794350624084,,
1039,40559,,,,,1.0337620973587036,0.42882129549980164
1039,40559,,,1.701038122177124,0.6741553544998169,,
1040,40598,,,,,1.0142675638198853,0.4322819113731384
1040,40598,,,1.798183560371399,0.6622241735458374,,
1041,40637,,,,,1.0235060453414917,0.4331505000591278
1041,40637,,,1.712788701057434,0.6922309398651123,,
1042,40676,,,,,1.0275542736053467,0.4327530264854431
1042,40676,,,1.6824980974197388,0.6684287786483765,,
1043,40715,,,,,1.0199170112609863,0.4300123453140259
1043,40715,,,1.7286300659179688,0.6794048547744751,,
1044,40754,,,,,1.0103659629821777,0.4274413585662842
1044,40754,,,1.7979931831359863,0.6779348850250244,,
1045,40793,,,,,1.0174059867858887,0.42894262075424194
1045,40793,,,1.7279095649719238,0.687175989151001,,
1046,40832,,,,,1.0195027589797974,0.4339866042137146
1046,40832,,,1.7906900644302368,0.677976667881012,,
1047,40871,,,,,1.0086591243743896,0.43484535813331604
1047,40871,,,1.7265732288360596,0.6746232509613037,,
1048,40910,,,,,1.0056966543197632,0.434312641620636
1048,40910,,,1.6632074117660522,0.6935176849365234,,
1049,40949,,,,,1.0095252990722656,0.43357282876968384
1049,40949,,,1.8325741291046143,0.662222146987915,,
1050,40988,,,,,1.0171113014221191,0.44032514095306396
1050,40988,,,1.7999422550201416,0.6906071901321411,,
1051,41027,,,,,1.0076515674591064,0.44163116812705994
1051,41027,,,1.7838066816329956,0.6750271916389465,,
1052,41066,,,,,1.011163592338562,0.44034162163734436
1052,41066,,,1.7554116249084473,0.6715220212936401,,
1053,41105,,,,,1.0157817602157593,0.43515071272850037
1053,41105,,,1.5713192224502563,0.7183653712272644,,
1054,41144,,,,,1.0097557306289673,0.4380134046077728
1054,41144,,,1.639577865600586,0.6773990988731384,,
1055,41183,,,,,1.002328634262085,0.4336143732070923
1055,41183,,,1.7294620275497437,0.68768310546875,,
1056,41222,,,,,1.0159238576889038,0.4311673939228058
1056,41222,,,1.6055158376693726,0.7060737013816833,,
1057,41261,,,,,1.019631266593933,0.43417444825172424
1057,41261,,,1.6361147165298462,0.6887237429618835,,
1058,41300,,,,,1.0066522359848022,0.44119545817375183
1058,41300,,,1.7957210540771484,0.67960524559021,,
1059,41339,,,,,0.9989965558052063,0.4351218342781067
1059,41339,,,1.6192865371704102,0.6641324162483215,,
1060,41378,,,,,1.0061805248260498,0.440148264169693
1060,41378,,,1.615109920501709,0.7088090777397156,,
1061,41417,,,,,0.9965845346450806,0.4401313066482544
1061,41417,,,1.7918447256088257,0.6649899482727051,,
1062,41456,,,,,1.0077345371246338,0.4405379891395569
1062,41456,,,1.781627893447876,0.6768780946731567,,
1063,41495,,,,,1.0135217905044556,0.4417198896408081
1063,41495,,,1.546264886856079,0.6938166618347168,,
1064,41534,,,,,0.9971771836280823,0.4365188777446747
1064,41534,,,1.7270846366882324,0.6633157730102539,,
1065,41573,,,,,1.0095734596252441,0.4383554458618164
1065,41573,,,1.623626947402954,0.7035195827484131,,
1066,41612,,,,,1.0029970407485962,0.43431556224823
1066,41612,,,1.757257103919983,0.6611939072608948,,
1067,41651,,,,,1.0070501565933228,0.43465811014175415
1067,41651,,,1.5849467515945435,0.7035104632377625,,
1068,41690,,,,,1.0063728094100952,0.433270126581192
1068,41690,,,1.6823714971542358,0.7060126066207886,,
1069,41729,,,,,1.0186444520950317,0.440817654132843
1069,41729,,,1.792083501815796,0.6925290822982788,,
1070,41768,,,,,1.0173588991165161,0.43970996141433716
1070,41768,,,1.7574118375778198,0.6559485793113708,,
1071,41807,,,,,0.994086503982544,0.4340248107910156
1071,41807,,,1.5742048025131226,0.7118558883666992,,
1072,41846,,,,,1.0126965045928955,0.4363483488559723
1072,41846,,,1.722375750541687,0.7005270719528198,,
1073,41885,,,,,1.0254285335540771,0.4479798972606659
1073,41885,,,1.7400109767913818,0.7075093984603882,,
1074,41924,,,,,0.9967799186706543,0.44347307085990906
1074,41924,,,1.648861050605774,0.6838385462760925,,
1075,41963,,,,,1.0059995651245117,0.44521063566207886
1075,41963,,,1.6699786186218262,0.6914248466491699,,
1076,42002,,,,,1.0081634521484375,0.4438905715942383
1076,42002,,,1.5291743278503418,0.7074432373046875,,
1077,42041,,,,,0.9873532652854919,0.442155659198761
1077,42041,,,1.6545284986495972,0.702266275882721,,
1078,42080,,,,,0.9947093725204468,0.44180911779403687
1078,42080,,,1.6686242818832397,0.6847399473190308,,
1079,42119,,,,,1.0071632862091064,0.4435279965400696
1079,42119,,,1.7576830387115479,0.6949546933174133,,
1080,42158,,,,,1.0075262784957886,0.44134047627449036
1080,42158,,,1.590077519416809,0.7016296982765198,,
1081,42197,,,,,1.0183076858520508,0.4386213719844818
1081,42197,,,1.9034267663955688,0.6697816848754883,,
1082,42236,,,,,1.0183041095733643,0.43434232473373413
1082,42236,,,1.7115527391433716,0.6854982376098633,,
1083,42275,,,,,1.0224138498306274,0.4358069896697998
1083,42275,,,1.6552224159240723,0.6851243376731873,,
1084,42314,,,,,1.0181816816329956,0.43496665358543396
1084,42314,,,1.6051796674728394,0.7062289118766785,,
1085,42353,,,,,1.0203980207443237,0.4311405122280121
1085,42353,,,1.766318440437317,0.6658776998519897,,
1086,42392,,,,,1.0184831619262695,0.4333776533603668
1086,42392,,,1.7386116981506348,0.6904294490814209,,
1087,42431,,,,,1.0044687986373901,0.437314510345459
1087,42431,,,1.779447078704834,0.6478673219680786,,
1088,42470,,,,,1.0032548904418945,0.4402150809764862
1088,42470,,,1.697546124458313,0.7116644382476807,,
1089,42509,,,,,0.9992327094078064,0.43644168972969055
1089,42509,,,1.7016916275024414,0.6777328252792358,,
1090,42548,,,,,1.0007274150848389,0.42879214882850647
1090,42548,,,1.7497586011886597,0.6836957931518555,,
1091,42587,,,,,1.0006234645843506,0.43368011713027954
1091,42587,,,1.6506292819976807,0.7017055749893188,,
1092,42626,,,,,1.0105078220367432,0.43381643295288086
1092,42626,,,1.5614349842071533,0.6945565342903137,,
1093,42665,,,,,1.0142091512680054,0.4354522228240967
1093,42665,,,1.5939416885375977,0.7138088941574097,,
1094,42704,,,,,1.0090442895889282,0.4317942261695862
1094,42704,,,1.726876139640808,0.6887979507446289,,
1095,42743,,,,,0.9995808601379395,0.4368040859699249
1095,42743,,,1.6777734756469727,0.7090473771095276,,
1096,42782,,,,,1.0075136423110962,0.43769967555999756
1096,42782,,,1.6598453521728516,0.7038240432739258,,
1097,42821,,,,,0.9999649524688721,0.43723344802856445
1097,42821,,,1.5360604524612427,0.685535192489624,,
1098,42860,,,,,1.003685712814331,0.4341714382171631
1098,42860,,,1.6511551141738892,0.6952891945838928,,
1099,42899,,,,,0.9886279106140137,0.43403273820877075
1099,42899,,,1.7602202892303467,0.6907608509063721,,
1100,42938,,,,,0.9959086179733276,0.43623554706573486
1100,42938,,,1.7520464658737183,0.6793904304504395,,
1101,42977,,,,,1.0080409049987793,0.4428223967552185
1101,42977,,,1.740455985069275,0.6819984912872314,,
1102,43016,,,,,0.9956415295600891,0.4447772204875946
1102,43016,,,1.6545138359069824,0.7066262364387512,,
1103,43055,,,,,0.9981505274772644,0.44566643238067627
1103,43055,,,1.5401999950408936,0.7104359865188599,,
1104,43094,,,,,0.995581865310669,0.4409606158733368
1104,43094,,,1.5350786447525024,0.7156628966331482,,
1105,43133,,,,,1.0005476474761963,0.4384750723838806
1105,43133,,,1.7214807271957397,0.6967484354972839,,
1106,43172,,,,,0.9930279850959778,0.4370085597038269
1106,43172,,,1.600480079650879,0.681006133556366,,
1107,43211,,,,,0.9940159916877747,0.4413131773471832
1107,43211,,,1.6455727815628052,0.6830668449401855,,
1108,43250,,,,,1.003952980041504,0.43933627009391785
1108,43250,,,1.7259957790374756,0.6860564947128296,,
1109,43289,,,,,0.9946519732475281,0.4407183527946472
1109,43289,,,1.6608459949493408,0.7213851809501648,,
1110,43328,,,,,0.9986923933029175,0.438770592212677
1110,43328,,,1.625231385231018,0.7046739459037781,,
1111,43367,,,,,1.0023276805877686,0.4435778260231018
1111,43367,,,1.6735763549804688,0.6969736814498901,,
1112,43406,,,,,1.007127046585083,0.4408968985080719
1112,43406,,,1.7194124460220337,0.6919035315513611,,
1113,43445,,,,,1.0011439323425293,0.43783825635910034
1113,43445,,,1.7366485595703125,0.6896822452545166,,
1114,43484,,,,,0.9998021125793457,0.43661922216415405
1114,43484,,,1.7180026769638062,0.6803454160690308,,
1115,43523,,,,,1.0024094581604004,0.4343522787094116
1115,43523,,,1.5584436655044556,0.7156689763069153,,
1116,43562,,,,,1.0046817064285278,0.4326293468475342
1116,43562,,,1.7087512016296387,0.683249831199646,,
1117,43601,,,,,1.0043922662734985,0.43100711703300476
1117,43601,,,1.7324838638305664,0.6727906465530396,,
1118,43640,,,,,1.0067802667617798,0.4301883578300476
1118,43640,,,1.7776775360107422,0.6818819642066956,,
1119,43679,,,,,1.0130482912063599,0.43417906761169434
1119,43679,,,1.6603912115097046,0.6943797469139099,,
1120,43718,,,,,1.000841736793518,0.4360846281051636
1120,43718,,,1.5429333448410034,0.7272161245346069,,
1121,43757,,,,,1.0007835626602173,0.4362756013870239
1121,43757,,,1.5781526565551758,0.7127441763877869,,
1122,43796,,,,,1.0035076141357422,0.4377385079860687
1122,43796,,,1.7055116891860962,0.6773916482925415,,
1123,43835,,,,,1.0033937692642212,0.43853169679641724
1123,43835,,,1.750122308731079,0.7036107182502747,,
1124,43874,,,,,1.00404953956604,0.4396963119506836
1124,43874,,,1.7101993560791016,0.6889522075653076,,
1125,43913,,,,,0.9957550764083862,0.440274178981781
1125,43913,,,1.622672200202942,0.6815942525863647,,
1126,43952,,,,,1.0063527822494507,0.44042789936065674
1126,43952,,,1.6797103881835938,0.7030739188194275,,
1127,43991,,,,,1.0015573501586914,0.44182562828063965
1127,43991,,,1.6192651987075806,0.6930602788925171,,
1128,44030,,,,,1.0046472549438477,0.4372761845588684
1128,44030,,,1.5499703884124756,0.7044453024864197,,
1129,44069,,,,,1.0114333629608154,0.4370664358139038
1129,44069,,,1.5469398498535156,0.726224958896637,,
1130,44108,,,,,1.015012502670288,0.43970367312431335
1130,44108,,,1.688118815422058,0.6919015645980835,,
1131,44147,,,,,1.0163021087646484,0.4394897222518921
1131,44147,,,1.792014241218567,0.6872235536575317,,
1132,44186,,,,,0.998517632484436,0.44577521085739136
1132,44186,,,1.708579182624817,0.6998221278190613,,
1133,44225,,,,,0.9975483417510986,0.4459204077720642
1133,44225,,,1.691554307937622,0.6894069910049438,,
1134,44264,,,,,0.9972334504127502,0.44502344727516174
1134,44264,,,1.588087558746338,0.7035137414932251,,
1135,44303,,,,,0.9931548237800598,0.4459134638309479
1135,44303,,,1.6407315731048584,0.6692004203796387,,
1136,44342,,,,,1.0019145011901855,0.4467707872390747
1136,44342,,,1.7265204191207886,0.7081300020217896,,
1137,44381,,,,,0.9949526786804199,0.43937498331069946
1137,44381,,,1.696307897567749,0.7052061557769775,,
1138,44420,,,,,1.0056147575378418,0.43971654772758484
1138,44420,,,1.599435806274414,0.7186101078987122,,
1139,44459,,,,,1.0077557563781738,0.4384478032588959
1139,44459,,,1.5535355806350708,0.6956573724746704,,
1140,44498,,,,,1.0137684345245361,0.4432108700275421
1140,44498,,,1.630062222480774,0.6966099143028259,,
1141,44537,,,,,1.0040504932403564,0.4438678026199341
1141,44537,,,1.638496994972229,0.7088177800178528,,
1142,44576,,,,,0.9963095188140869,0.4416092038154602
1142,44576,,,1.619241714477539,0.6902295351028442,,
1143,44615,,,,,0.9975666999816895,0.4405692219734192
1143,44615,,,1.8343502283096313,0.6695964932441711,,
1144,44654,,,,,0.9997420907020569,0.4397195279598236
1144,44654,,,1.774688482284546,0.6660110354423523,,
1145,44693,,,,,0.9884769916534424,0.4383658468723297
1145,44693,,,1.6810050010681152,0.6754501461982727,,
1146,44732,,,,,0.9884390234947205,0.44060444831848145
1146,44732,,,1.7141244411468506,0.6898969411849976,,
1147,44771,,,,,1.0038197040557861,0.44082358479499817
1147,44771,,,1.6622653007507324,0.6872895956039429,,
1148,44810,,,,,1.0098953247070312,0.44197672605514526
1148,44810,,,1.7276605367660522,0.6986883878707886,,
1149,44849,,,,,1.0014814138412476,0.44325223565101624
1149,44849,,,1.6670829057693481,0.6885946989059448,,
1150,44888,,,,,0.994105339050293,0.44352760910987854
1150,44888,,,1.7190499305725098,0.6820971369743347,,
1151,44927,,,,,0.9908916354179382,0.4427344501018524
1151,44927,,,1.4963332414627075,0.7211568355560303,,
1152,44966,,,,,0.9962059259414673,0.44320639967918396
1152,44966,,,1.5895813703536987,0.7064123153686523,,
1153,45005,,,,,0.9943706393241882,0.441154807806015
1153,45005,,,1.7613974809646606,0.6922392845153809,,
1154,45044,,,,,1.004712462425232,0.44560176134109497
1154,45044,,,1.6717227697372437,0.692213773727417,,
1155,45083,,,,,1.0046995878219604,0.4419572055339813
1155,45083,,,1.5927016735076904,0.7235873937606812,,
1156,45122,,,,,0.9946273565292358,0.44379115104675293
1156,45122,,,1.6483267545700073,0.6862984895706177,,
1157,45161,,,,,0.9945255517959595,0.44382527470588684
1157,45161,,,1.6437814235687256,0.6975988149642944,,
1158,45200,,,,,0.9944701790809631,0.44497746229171753
1158,45200,,,1.6955486536026,0.7001436948776245,,
1159,45239,,,,,0.9846321940422058,0.44761374592781067
1159,45239,,,1.4915515184402466,0.7342233061790466,,
1160,45278,,,,,0.9794420599937439,0.4426075518131256
1160,45278,,,1.4813638925552368,0.7010858058929443,,
1161,45317,,,,,0.9790446758270264,0.44304367899894714
1161,45317,,,1.67524254322052,0.7082669734954834,,
1162,45356,,,,,0.9840036630630493,0.44495099782943726
1162,45356,,,1.5719051361083984,0.7210264205932617,,
1163,45395,,,,,0.9909492135047913,0.4461166560649872
1163,45395,,,1.4815187454223633,0.7306124567985535,,
1164,45434,,,,,0.9844290614128113,0.4464845061302185
1164,45434,,,1.589295744895935,0.6960484385490417,,
1165,45473,,,,,0.9943670034408569,0.4501456618309021
1165,45473,,,1.6347534656524658,0.7161173820495605,,
1166,45512,,,,,0.9928464293479919,0.44365978240966797
1166,45512,,,1.671950340270996,0.7060967087745667,,
1167,45551,,,,,1.0044666528701782,0.4468262791633606
1167,45551,,,1.5347353219985962,0.748956024646759,,
1168,45590,,,,,1.0039217472076416,0.4459306299686432
1168,45590,,,1.562867522239685,0.720491886138916,,
1169,45629,,,,,1.0058701038360596,0.44668468832969666
1169,45629,,,1.6417371034622192,0.6922896504402161,,
1170,45668,,,,,0.9944924712181091,0.44838523864746094
1170,45668,,,1.5932515859603882,0.7215542197227478,,
1171,45707,,,,,0.9919114708900452,0.4497223496437073
1171,45707,,,1.5765352249145508,0.698828399181366,,
1172,45746,,,,,0.9872967004776001,0.4427316188812256
1172,45746,,,1.723746657371521,0.6892319321632385,,
1173,45785,,,,,0.990325927734375,0.4449850618839264
1173,45785,,,1.6337459087371826,0.7110611200332642,,
1174,45824,,,,,0.9958524107933044,0.4447838366031647
1174,45824,,,1.531719446182251,0.7129282355308533,,
1175,45863,,,,,0.9983935356140137,0.4513340890407562
1175,45863,,,1.6666381359100342,0.7045032382011414,,
1176,45902,,,,,0.9954462647438049,0.4482777714729309
1176,45902,,,1.728995442390442,0.6988034248352051,,
1177,45941,,,,,0.9883071780204773,0.44174134731292725
1177,45941,,,1.7202682495117188,0.7055686712265015,,
1178,45980,,,,,0.9970928430557251,0.4442448019981384
1178,45980,,,1.638977289199829,0.7032272815704346,,
1179,46019,,,,,0.9947208762168884,0.44262439012527466
1179,46019,,,1.5693641901016235,0.6999403238296509,,
1180,46058,,,,,1.0019516944885254,0.44496777653694153
1180,46058,,,1.58221435546875,0.7008695602416992,,
1181,46097,,,,,1.0024480819702148,0.44512906670570374
1181,46097,,,1.7934157848358154,0.6869450807571411,,
1182,46136,,,,,1.0104042291641235,0.4445135295391083
1182,46136,,,1.8462467193603516,0.6572535037994385,,
1183,46175,,,,,1.0176857709884644,0.44202256202697754
1183,46175,,,1.6532772779464722,0.700169026851654,,
1184,46214,,,,,1.0127395391464233,0.44216400384902954
1184,46214,,,1.5669589042663574,0.712422251701355,,
1185,46253,,,,,0.9978238344192505,0.4417291283607483
1185,46253,,,1.6773247718811035,0.6930660605430603,,
1186,46292,,,,,0.99198317527771,0.4426068663597107
1186,46292,,,1.5909481048583984,0.6965559720993042,,
1187,46331,,,,,0.9931201934814453,0.44309401512145996
1187,46331,,,1.5886337757110596,0.6974262595176697,,
1188,46370,,,,,0.9871930480003357,0.4440217614173889
1188,46370,,,1.7191416025161743,0.6813749074935913,,
1189,46409,,,,,0.9929967522621155,0.44610175490379333
1189,46409,,,1.6498624086380005,0.6985933184623718,,
1190,46448,,,,,1.0014148950576782,0.44691935181617737
1190,46448,,,1.5383347272872925,0.7347275614738464,,
1191,46487,,,,,0.9989345669746399,0.4439230263233185
1191,46487,,,1.619818925857544,0.6958618760108948,,
1192,46526,,,,,1.0012400150299072,0.44174686074256897
1192,46526,,,1.6904152631759644,0.7103821635246277,,
1193,46565,,,,,1.00503671169281,0.4379138648509979
1193,46565,,,1.610028624534607,0.6794019341468811,,
1194,46604,,,,,1.0192201137542725,0.43222352862358093
1194,46604,,,1.5791221857070923,0.7128197550773621,,
1195,46643,,,,,1.0113539695739746,0.43460357189178467
1195,46643,,,1.581919550895691,0.7176581025123596,,
1196,46682,,,,,0.996124267578125,0.4336804449558258
1196,46682,,,1.6262073516845703,0.7154442667961121,,
1197,46721,,,,,0.9988310933113098,0.4372464418411255
1197,46721,,,1.62945556640625,0.6804985404014587,,
1198,46760,,,,,0.9957545399665833,0.43754902482032776
1198,46760,,,1.7890335321426392,0.6599488854408264,,
1199,46799,,,,,0.9964781999588013,0.4398044943809509
1199,46799,,,1.527917742729187,0.7191532850265503,,
1200,46838,,,,,0.9941504001617432,0.44180768728256226
1200,46838,,,1.7946677207946777,0.6947615146636963,,
1201,46877,,,,,0.9875766038894653,0.4427274167537689
1201,46877,,,1.5465853214263916,0.7086648941040039,,
1202,46916,,,,,0.9957263469696045,0.4410988986492157
1202,46916,,,1.7928372621536255,0.7131340503692627,,
1203,46955,,,,,0.9863001108169556,0.4384109675884247
1203,46955,,,1.7489632368087769,0.6777772307395935,,
1204,46994,,,,,0.990924596786499,0.4431796073913574
1204,46994,,,1.733833909034729,0.687958300113678,,
1205,47033,,,,,0.9897786974906921,0.4474664032459259
1205,47033,,,1.749611735343933,0.6827186346054077,,
1206,47072,,,,,0.9813252687454224,0.44512856006622314
1206,47072,,,1.5933332443237305,0.702892541885376,,
1207,47111,,,,,0.9882757067680359,0.44572412967681885
1207,47111,,,1.5867698192596436,0.7009165287017822,,
1208,47150,,,,,0.9874885082244873,0.44401177763938904
1208,47150,,,1.6516211032867432,0.7089186310768127,,
1209,47189,,,,,0.9881952404975891,0.4467393159866333
1209,47189,,,1.7873895168304443,0.6652008891105652,,
1210,47228,,,,,0.9915429949760437,0.44801610708236694
1210,47228,,,1.5870344638824463,0.7247781753540039,,
1211,47267,,,,,0.9889305830001831,0.4430123269557953
1211,47267,,,1.7087398767471313,0.6618905663490295,,
1212,47306,,,,,0.9835587739944458,0.4403054416179657
1212,47306,,,1.6831610202789307,0.6910435557365417,,
1213,47345,,,,,0.9801514744758606,0.4407120943069458
1213,47345,,,1.5943235158920288,0.6897933483123779,,
1214,47384,,,,,0.9909018278121948,0.44252046942710876
1214,47384,,,1.6649150848388672,0.7074899077415466,,
1215,47423,,,,,0.9919707179069519,0.44084134697914124
1215,47423,,,1.574316143989563,0.6914016008377075,,
1216,47462,,,,,0.9868362545967102,0.44014889001846313
1216,47462,,,1.7140260934829712,0.6969504952430725,,
1217,47501,,,,,0.9902916550636292,0.44111013412475586
1217,47501,,,1.6741080284118652,0.7162301540374756,,
1218,47540,,,,,0.9852874279022217,0.4447735846042633
1218,47540,,,1.5277594327926636,0.7159581184387207,,
1219,47579,,,,,0.9761671423912048,0.44207999110221863
1219,47579,,,1.6434524059295654,0.7025094628334045,,
1220,47618,,,,,0.9933279156684875,0.4428185522556305
1220,47618,,,1.6723718643188477,0.7129810452461243,,
1221,47657,,,,,0.9939924478530884,0.4404638707637787
1221,47657,,,1.5451159477233887,0.7373228669166565,,
1222,47696,,,,,0.9811959862709045,0.44454389810562134
1222,47696,,,1.6368916034698486,0.6918262243270874,,
1223,47735,,,,,0.9849886298179626,0.44516852498054504
1223,47735,,,1.7287793159484863,0.7072648406028748,,
1224,47774,,,,,0.9951159954071045,0.4396129548549652
1224,47774,,,1.7324596643447876,0.6811680793762207,,
1225,47813,,,,,0.9990879893302917,0.4419572651386261
1225,47813,,,1.5503288507461548,0.7018008828163147,,
1226,47852,,,,,0.9829235672950745,0.4384970963001251
1226,47852,,,1.634418249130249,0.698713481426239,,
1227,47891,,,,,0.9779472351074219,0.44129079580307007
1227,47891,,,1.7303314208984375,0.697635293006897,,
1228,47930,,,,,0.9866539835929871,0.43912434577941895
1228,47930,,,1.6804064512252808,0.7262543439865112,,
1229,47969,,,,,0.9931210279464722,0.44205886125564575
1229,47969,,,1.6590001583099365,0.7064073085784912,,
1230,48008,,,,,0.9952982664108276,0.440348744392395
1230,48008,,,1.5356796979904175,0.7078648805618286,,
1231,48047,,,,,0.9991183876991272,0.43960025906562805
1231,48047,,,1.558432698249817,0.6865548491477966,,
1232,48086,,,,,0.9988416433334351,0.4403446316719055
1232,48086,,,1.578851580619812,0.7003358006477356,,
1233,48125,,,,,1.0091290473937988,0.43939000368118286
1233,48125,,,1.606783151626587,0.7179874777793884,,
1234,48164,,,,,0.9990333318710327,0.4339763820171356
1234,48164,,,1.5036362409591675,0.7413858771324158,,
1235,48203,,,,,1.0008333921432495,0.4317508339881897
1235,48203,,,1.5728967189788818,0.7223354578018188,,
1236,48242,,,,,1.0034880638122559,0.4364238977432251
1236,48242,,,1.6421056985855103,0.7056527733802795,,
1237,48281,,,,,0.9920366406440735,0.434870183467865
1237,48281,,,1.5202115774154663,0.7078231573104858,,
1238,48320,,,,,0.9924982190132141,0.43437695503234863
1238,48320,,,1.6931601762771606,0.6874778866767883,,
1239,48359,,,,,0.9856275320053101,0.43824905157089233
1239,48359,,,1.5485494136810303,0.729435920715332,,
1240,48398,,,,,0.9875657558441162,0.4400177299976349
1240,48398,,,1.6780071258544922,0.6950678825378418,,
1241,48437,,,,,0.9887275099754333,0.4395686089992523
1241,48437,,,1.52684485912323,0.7071728110313416,,
1242,48476,,,,,0.9874404668807983,0.4438168406486511
1242,48476,,,1.555227279663086,0.7010210752487183,,
1243,48515,,,,,0.9938896894454956,0.4450318515300751
1243,48515,,,1.6730331182479858,0.710547149181366,,
1244,48554,,,,,0.9912140965461731,0.4435650706291199
1244,48554,,,1.8531365394592285,0.6816409826278687,,
1245,48593,,,,,0.9851906895637512,0.4331321120262146
1245,48593,,,1.7275844812393188,0.6669573783874512,,
1246,48632,,,,,0.990412175655365,0.4333955943584442
1246,48632,,,1.7218655347824097,0.6720694899559021,,
1247,48671,,,,,0.9884729385375977,0.43841099739074707
1247,48671,,,1.4735382795333862,0.7362293601036072,,
1248,48710,,,,,1.0027899742126465,0.4449966251850128
1248,48710,,,1.7329140901565552,0.6730949282646179,,
1249,48749,,,,,0.9904305934906006,0.4435328245162964
1249,48749,,,1.5123720169067383,0.7285894155502319,,
1250,48788,,,,,0.985651969909668,0.44324007630348206
1250,48788,,,1.5776985883712769,0.700814425945282,,
1251,48827,,,,,0.9760128855705261,0.44550621509552
1251,48827,,,1.740801453590393,0.7080783843994141,,
1252,48866,,,,,0.9782724380493164,0.4421183466911316
1252,48866,,,1.656294584274292,0.7117133140563965,,
1253,48905,,,,,0.9904385209083557,0.4437848925590515
1253,48905,,,1.6755520105361938,0.695750892162323,,
1254,48944,,,,,0.989435613155365,0.44381582736968994
1254,48944,,,1.6883331537246704,0.7063931226730347,,
1255,48983,,,,,0.9909007549285889,0.44483494758605957
1255,48983,,,1.7072259187698364,0.7083775401115417,,
1256,49022,,,,,0.9887209534645081,0.4441704750061035
1256,49022,,,1.5344884395599365,0.7117376923561096,,
1257,49061,,,,,0.9868611097335815,0.44591090083122253
1257,49061,,,1.7012667655944824,0.6689565777778625,,
1258,49100,,,,,0.9932886362075806,0.449925035238266
1258,49100,,,1.5345287322998047,0.7278634905815125,,
1259,49139,,,,,0.9858940839767456,0.44597506523132324
1259,49139,,,1.5394867658615112,0.7096533179283142,,
1260,49178,,,,,0.9779017567634583,0.44280555844306946
1260,49178,,,1.6280771493911743,0.6685468554496765,,
1261,49217,,,,,0.9961870312690735,0.4504024088382721
1261,49217,,,1.739027738571167,0.6909119486808777,,
1262,49256,,,,,0.9928082823753357,0.4530767500400543
1262,49256,,,1.5492371320724487,0.7170264720916748,,
1263,49295,,,,,0.9993688464164734,0.4484627842903137
1263,49295,,,1.6488274335861206,0.6990765333175659,,
1264,49334,,,,,0.9924166798591614,0.4462865889072418
1264,49334,,,1.6091041564941406,0.7243024110794067,,
1265,49373,,,,,0.9879833459854126,0.4449141025543213
1265,49373,,,1.4997774362564087,0.7352292537689209,,
1266,49412,,,,,0.9932922720909119,0.4472924768924713
1266,49412,,,1.713213562965393,0.715349555015564,,
1267,49451,,,,,0.988453209400177,0.44698527455329895
1267,49451,,,1.6020864248275757,0.7048298120498657,,
1268,49490,,,,,0.9917357563972473,0.4431458115577698
1268,49490,,,1.5978199243545532,0.7112022638320923,,
1269,49529,,,,,0.9890300035476685,0.444889634847641
1269,49529,,,1.5457285642623901,0.702339768409729,,
1270,49568,,,,,0.9838607311248779,0.4402736723423004
1270,49568,,,1.6043602228164673,0.701004683971405,,
1271,49607,,,,,0.9849579334259033,0.4371676445007324
1271,49607,,,1.5704395771026611,0.7023255228996277,,
1272,49646,,,,,1.0031436681747437,0.4398907423019409
1272,49646,,,1.6504164934158325,0.695175290107727,,
1273,49685,,,,,1.0016181468963623,0.4382260739803314
1273,49685,,,1.5891038179397583,0.7317944169044495,,
1274,49724,,,,,1.0009092092514038,0.4396163523197174
1274,49724,,,1.60781729221344,0.6952557563781738,,
1275,49763,,,,,0.9940965175628662,0.43825563788414
1275,49763,,,1.742722749710083,0.6692735552787781,,
1276,49802,,,,,0.9970390796661377,0.4379309415817261
1276,49802,,,1.5579004287719727,0.7212753891944885,,
1277,49841,,,,,0.9921013116836548,0.44211331009864807
1277,49841,,,1.613814115524292,0.7181450724601746,,
1278,49880,,,,,0.9906327724456787,0.4419343173503876
1278,49880,,,1.6186836957931519,0.7058205008506775,,
1279,49919,,,,,0.9939343333244324,0.4442369341850281
1279,49919,,,1.5647786855697632,0.7141741514205933,,
1280,49958,,,,,0.9938748478889465,0.448318213224411
1280,49958,,,1.6219624280929565,0.7380146980285645,,
1281,49997,,,,,0.9811885356903076,0.4416278004646301
1281,49997,,,1.572243571281433,0.6964581608772278,,
1282,50036,,,,,0.990888774394989,0.4419572949409485
1282,50036,,,1.567428469657898,0.6910868287086487,,
1283,50075,,,,,0.996218204498291,0.44145697355270386
1283,50075,,,1.4813803434371948,0.7485753297805786,,
1284,50114,,,,,0.9959551692008972,0.4427240490913391
1284,50114,,,1.4947632551193237,0.7253051996231079,,
1285,50153,,,,,0.9934380054473877,0.4388895332813263
1285,50153,,,1.511918067932129,0.7112095355987549,,
1286,50192,,,,,0.9871060848236084,0.4381572902202606
1286,50192,,,1.6873699426651,0.702631950378418,,
1287,50231,,,,,0.9798152446746826,0.440608948469162
1287,50231,,,1.6998987197875977,0.6958312392234802,,
1288,50270,,,,,0.9832921028137207,0.44295334815979004
1288,50270,,,1.5810517072677612,0.688109815120697,,
1289,50309,,,,,0.9869930148124695,0.4423651695251465
1289,50309,,,1.6002967357635498,0.7127904295921326,,
1290,50348,,,,,0.9883893132209778,0.44423404335975647
1290,50348,,,1.7441964149475098,0.6964783072471619,,
1291,50387,,,,,0.9884952306747437,0.44055917859077454
1291,50387,,,1.6078494787216187,0.6911911368370056,,
1292,50426,,,,,0.9877685308456421,0.4448857009410858
1292,50426,,,1.5397002696990967,0.7238699793815613,,
1293,50465,,,,,0.9933664202690125,0.4448276162147522
1293,50465,,,1.6169102191925049,0.7205512523651123,,
1294,50504,,,,,0.9848586916923523,0.4426591992378235
1294,50504,,,1.5281976461410522,0.720024049282074,,
1295,50543,,,,,0.9822530150413513,0.4407796263694763
1295,50543,,,1.6425386667251587,0.692011296749115,,
1296,50582,,,,,0.9878388047218323,0.4352380931377411
1296,50582,,,1.6178697347640991,0.7020729780197144,,
1297,50621,,,,,0.9928703308105469,0.44492194056510925
1297,50621,,,1.673850178718567,0.7101269960403442,,
1298,50660,,,,,0.9880329370498657,0.4456932544708252
1298,50660,,,1.6574642658233643,0.6987254023551941,,
1299,50699,,,,,0.9931337833404541,0.44170278310775757
1299,50699,,,1.5129119157791138,0.7333986163139343,,
1300,50738,,,,,0.9915826916694641,0.4434981942176819
1300,50738,,,1.579101800918579,0.6914143562316895,,
1301,50777,,,,,0.9922392964363098,0.43806666135787964
1301,50777,,,1.5162992477416992,0.7093172669410706,,
1302,50816,,,,,0.9970495700836182,0.43837299942970276
1302,50816,,,1.5664652585983276,0.7239490151405334,,
1303,50855,,,,,0.9916003942489624,0.43941670656204224
1303,50855,,,1.6259503364562988,0.7102558612823486,,
1304,50894,,,,,0.9874304533004761,0.4395172595977783
1304,50894,,,1.4344332218170166,0.7408902645111084,,
1305,50933,,,,,0.9806674122810364,0.4374718964099884
1305,50933,,,1.6278862953186035,0.7046559453010559,,
1306,50972,,,,,0.9912117719650269,0.43906956911087036
1306,50972,,,1.6472841501235962,0.6984566450119019,,
1307,51011,,,,,0.9899149537086487,0.4405632019042969
1307,51011,,,1.6640067100524902,0.7048841118812561,,
1308,51050,,,,,0.9958722591400146,0.4387318789958954
1308,51050,,,1.6780176162719727,0.7042911648750305,,
1309,51089,,,,,0.9927315711975098,0.43980151414871216
1309,51089,,,1.7480478286743164,0.6845929622650146,,
1310,51128,,,,,0.9844762086868286,0.43804746866226196
1310,51128,,,1.6807351112365723,0.6866830587387085,,
1311,51167,,,,,0.986302375793457,0.4452783763408661
1311,51167,,,1.5614871978759766,0.7249626517295837,,
1312,51206,,,,,0.9874567985534668,0.44689881801605225
1312,51206,,,1.5316601991653442,0.7353950142860413,,
1313,51245,,,,,0.9848381876945496,0.44710037112236023
1313,51245,,,1.6053199768066406,0.7064343690872192,,
1314,51284,,,,,0.9933647513389587,0.4489923119544983
1314,51284,,,1.5208861827850342,0.711611270904541,,
1315,51323,,,,,0.9943870902061462,0.4487625062465668
1315,51323,,,1.5836799144744873,0.7057676315307617,,
1316,51362,,,,,0.9907351732254028,0.44400736689567566
1316,51362,,,1.5190788507461548,0.7054861783981323,,
1317,51401,,,,,0.990321695804596,0.4449157416820526
1317,51401,,,1.4288387298583984,0.7431501746177673,,
1318,51440,,,,,0.9919304847717285,0.447126567363739
1318,51440,,,1.644484519958496,0.7165073752403259,,
1319,51479,,,,,0.9844135642051697,0.44762536883354187
1319,51479,,,1.5666335821151733,0.7071347832679749,,
1320,51518,,,,,0.9912005066871643,0.448388010263443
1320,51518,,,1.5196881294250488,0.7318807244300842,,
1321,51557,,,,,0.9829086065292358,0.4487735629081726
1321,51557,,,1.615939736366272,0.7004467248916626,,
1322,51596,,,,,0.9804999232292175,0.4480091333389282
1322,51596,,,1.6330045461654663,0.7162793874740601,,
1323,51635,,,,,0.9769749641418457,0.4504029154777527
1323,51635,,,1.6183561086654663,0.69989013671875,,
1324,51674,,,,,0.9698113203048706,0.452202707529068
1324,51674,,,1.6895711421966553,0.7233397364616394,,
1325,51713,,,,,0.9739544987678528,0.45244672894477844
1325,51713,,,1.6406161785125732,0.7040791511535645,,
1326,51752,,,,,0.9752490520477295,0.4532780051231384
1326,51752,,,1.62423574924469,0.6967805624008179,,
1327,51791,,,,,0.9753420352935791,0.44781044125556946
1327,51791,,,1.7108126878738403,0.6929747462272644,,
1328,51830,,,,,0.9834117889404297,0.44642218947410583
1328,51830,,,1.5467000007629395,0.7156285047531128,,
1329,51869,,,,,0.9959247708320618,0.44710880517959595
1329,51869,,,1.622150182723999,0.6937026977539062,,
1330,51908,,,,,0.9931327104568481,0.4480850100517273
1330,51908,,,1.5474735498428345,0.72818523645401,,
1331,51947,,,,,0.9924485683441162,0.44550904631614685
1331,51947,,,1.5528315305709839,0.7141014933586121,,
1332,51986,,,,,0.9953572750091553,0.4452802538871765
1332,51986,,,1.5302964448928833,0.7083108425140381,,
1333,52025,,,,,0.9868154525756836,0.4467642903327942
1333,52025,,,1.5123530626296997,0.7410263419151306,,
1334,52064,,,,,0.981069028377533,0.44257810711860657
1334,52064,,,1.510432481765747,0.731666088104248,,
1335,52103,,,,,0.9874879121780396,0.44133636355400085
1335,52103,,,1.6438546180725098,0.717712938785553,,
1336,52142,,,,,0.9891592860221863,0.44185519218444824
1336,52142,,,1.7299883365631104,0.7091763615608215,,
1337,52181,,,,,0.9850358963012695,0.44374147057533264
1337,52181,,,1.4343780279159546,0.739062488079071,,
1338,52220,,,,,0.9875243306159973,0.4439917802810669
1338,52220,,,1.7428549528121948,0.6912056803703308,,
1339,52259,,,,,0.9812747836112976,0.4410814940929413
1339,52259,,,1.491725206375122,0.7327762842178345,,
1340,52298,,,,,0.9832220077514648,0.4420912265777588
1340,52298,,,1.6434768438339233,0.6982823610305786,,
1341,52337,,,,,0.9820449352264404,0.4393713176250458
1341,52337,,,1.531445860862732,0.7093443870544434,,
1342,52376,,,,,0.9848904609680176,0.43889182806015015
1342,52376,,,1.6346936225891113,0.7202511429786682,,
1343,52415,,,,,0.9844226241111755,0.4391380250453949
1343,52415,,,1.5605123043060303,0.7107201218605042,,
1344,52454,,,,,0.9803189039230347,0.4374638795852661
1344,52454,,,1.5081554651260376,0.6937472820281982,,
1345,52493,,,,,0.9764167070388794,0.44850265979766846
1345,52493,,,1.6303786039352417,0.7243669033050537,,
1346,52532,,,,,0.9729313850402832,0.4494067132472992
1346,52532,,,1.6229592561721802,0.7119364738464355,,
1347,52571,,,,,0.9786921143531799,0.4451774060726166
1347,52571,,,1.6164357662200928,0.6854746341705322,,
1348,52610,,,,,0.9776492118835449,0.44262009859085083
1348,52610,,,1.5994465351104736,0.7120508551597595,,
1349,52649,,,,,0.9779151678085327,0.44359612464904785
1349,52649,,,1.4217337369918823,0.730819582939148,,
1350,52688,,,,,0.9843502640724182,0.4447196424007416
1350,52688,,,1.4594837427139282,0.741157591342926,,
1351,52727,,,,,0.9860547780990601,0.4421592652797699
1351,52727,,,1.5032775402069092,0.705916702747345,,
1352,52766,,,,,0.985110342502594,0.44248679280281067
1352,52766,,,1.6689308881759644,0.698821485042572,,
1353,52805,,,,,0.9837697744369507,0.4389617145061493
1353,52805,,,1.532796025276184,0.7039915323257446,,
1354,52844,,,,,0.9935570955276489,0.442918598651886
1354,52844,,,1.5033587217330933,0.7535969614982605,,
1355,52883,,,,,0.9995213150978088,0.44002535939216614
1355,52883,,,1.5186094045639038,0.7279121279716492,,
1356,52922,,,,,0.993074893951416,0.4398375153541565
1356,52922,,,1.5015541315078735,0.7314336895942688,,
1357,52961,,,,,0.9892878532409668,0.4412483274936676
1357,52961,,,1.5688830614089966,0.7208119630813599,,
1358,53000,,,,,0.9903293251991272,0.44226473569869995
1358,53000,,,1.7021276950836182,0.6996461153030396,,
1359,53039,,,,,0.9914228320121765,0.44381704926490784
1359,53039,,,1.592646837234497,0.7367954850196838,,
1360,53078,,,,,0.9907101392745972,0.44612210988998413
1360,53078,,,1.5071109533309937,0.7079344391822815,,
1361,53117,,,,,0.9856868982315063,0.44209498167037964
1361,53117,,,1.6011399030685425,0.7242242693901062,,
1362,53156,,,,,0.9859232902526855,0.44256559014320374
1362,53156,,,1.6107428073883057,0.7220701575279236,,
1363,53195,,,,,0.9819784760475159,0.44157618284225464
1363,53195,,,1.635144591331482,0.711828887462616,,
1364,53234,,,,,0.9844772815704346,0.4442046582698822
1364,53234,,,1.5840522050857544,0.7180210947990417,,
1365,53273,,,,,0.9762619137763977,0.4411228597164154
1365,53273,,,1.5056288242340088,0.6989710330963135,,
1366,53312,,,,,0.980280876159668,0.44184714555740356
1366,53312,,,1.6794217824935913,0.7053186297416687,,
1367,53351,,,,,0.9854391813278198,0.4416227340698242
1367,53351,,,1.7372921705245972,0.7017433643341064,,
1368,53390,,,,,0.9770088791847229,0.4438178539276123
1368,53390,,,1.4926831722259521,0.7010735273361206,,
1369,53429,,,,,0.9841461777687073,0.4469028413295746
1369,53429,,,1.4352138042449951,0.7568021416664124,,
1370,53468,,,,,0.9865877032279968,0.448218435049057
1370,53468,,,1.4804540872573853,0.7424814701080322,,
1371,53507,,,,,0.9899581074714661,0.4512731432914734
1371,53507,,,1.635133981704712,0.719433069229126,,
1372,53546,,,,,0.9848802089691162,0.4505361020565033
1372,53546,,,1.5916757583618164,0.6992079615592957,,
1373,53585,,,,,0.9851318597793579,0.4475586414337158
1373,53585,,,1.4682339429855347,0.7276471853256226,,
1374,53624,,,,,0.9805841445922852,0.4475105106830597
1374,53624,,,1.617775559425354,0.7277839779853821,,
1375,53663,,,,,0.9839745759963989,0.44671085476875305
1375,53663,,,1.6414291858673096,0.7332639694213867,,
1376,53702,,,,,0.9796105623245239,0.4457078278064728
1376,53702,,,1.7023028135299683,0.6997742056846619,,
1377,53741,,,,,0.9837149977684021,0.4514262080192566
1377,53741,,,1.5564906597137451,0.716673731803894,,
1378,53780,,,,,0.9788125157356262,0.45084601640701294
1378,53780,,,1.5642107725143433,0.7404676079750061,,
1379,53819,,,,,0.9731499552726746,0.4513712227344513
1379,53819,,,1.515018343925476,0.7206706404685974,,
1380,53858,,,,,0.983666181564331,0.44775259494781494
1380,53858,,,1.6403042078018188,0.7016863822937012,,
1381,53897,,,,,0.9753633737564087,0.4479125142097473
1381,53897,,,1.6820099353790283,0.6838456392288208,,
1382,53936,,,,,0.9783052802085876,0.45024460554122925
1382,53936,,,1.6777163743972778,0.7205758690834045,,
1383,53975,,,,,0.9771310687065125,0.45400044322013855
1383,53975,,,1.5365841388702393,0.7131751179695129,,
1384,54014,,,,,0.9808706641197205,0.454912394285202
1384,54014,,,1.5362178087234497,0.7098270058631897,,
1385,54053,,,,,0.9759155511856079,0.4572884142398834
1385,54053,,,1.6310970783233643,0.7112351655960083,,
1386,54092,,,,,0.9749158620834351,0.45785099267959595
1386,54092,,,1.65052330493927,0.7009773254394531,,
1387,54131,,,,,0.9686752557754517,0.4560997188091278
1387,54131,,,1.492220163345337,0.7180062532424927,,
1388,54170,,,,,0.9747105240821838,0.45686420798301697
1388,54170,,,1.5547852516174316,0.7128543257713318,,
1389,54209,,,,,0.9715861678123474,0.45730331540107727
1389,54209,,,1.5199834108352661,0.732038140296936,,
1390,54248,,,,,0.9737618565559387,0.4496440291404724
1390,54248,,,1.5306633710861206,0.7063809037208557,,
1391,54287,,,,,0.9782009720802307,0.45283979177474976
1391,54287,,,1.6794406175613403,0.726984977722168,,
1392,54326,,,,,0.9756253957748413,0.45328637957572937
1392,54326,,,1.642207384109497,0.7089033126831055,,
1393,54365,,,,,0.9765575528144836,0.45264580845832825
1393,54365,,,1.6450115442276,0.705826997756958,,
1394,54404,,,,,0.9730265140533447,0.45055916905403137
1394,54404,,,1.538552165031433,0.7155450582504272,,
1395,54443,,,,,0.9798064231872559,0.4454829692840576
1395,54443,,,1.6310187578201294,0.7153480052947998,,
1396,54482,,,,,0.9857416749000549,0.44705843925476074
1396,54482,,,1.5858603715896606,0.7172825932502747,,
1397,54521,,,,,0.9830033779144287,0.4468936026096344
1397,54521,,,1.611014485359192,0.7221934199333191,,
1398,54560,,,,,0.9784735441207886,0.45136892795562744
1398,54560,,,1.6481049060821533,0.7116878032684326,,
1399,54599,,,,,0.9733516573905945,0.44617366790771484
1399,54599,,,1.5263108015060425,0.7172178626060486,,
1400,54638,,,,,0.9757490158081055,0.44972315430641174
1400,54638,,,1.4591436386108398,0.7374303340911865,,
1401,54677,,,,,0.9829387664794922,0.44262179732322693
1401,54677,,,1.5260363817214966,0.7117953300476074,,
1402,54716,,,,,0.9881254434585571,0.44390419125556946
1402,54716,,,1.6388962268829346,0.7004626393318176,,
1403,54755,,,,,0.9730603098869324,0.4422939121723175
1403,54755,,,1.509840726852417,0.7121387124061584,,
1404,54794,,,,,0.9724719524383545,0.4462375044822693
1404,54794,,,1.4704128503799438,0.7224318981170654,,
1405,54833,,,,,0.9845185279846191,0.44922465085983276
1405,54833,,,1.5635347366333008,0.7214629054069519,,
1406,54872,,,,,0.9736273884773254,0.4527073800563812
1406,54872,,,1.577427625656128,0.73909592628479,,
1407,54911,,,,,0.9754106998443604,0.45182323455810547
1407,54911,,,1.6530301570892334,0.7122172713279724,,
1408,54950,,,,,0.9640547037124634,0.4546199142932892
1408,54950,,,1.6100951433181763,0.734135627746582,,
1409,54989,,,,,0.9793432950973511,0.4599187672138214
1409,54989,,,1.4441896677017212,0.7131671905517578,,
1410,55028,,,,,0.9689802527427673,0.45177531242370605
1410,55028,,,1.471426248550415,0.7354812622070312,,
1411,55067,,,,,0.9716991186141968,0.45486998558044434
1411,55067,,,1.5796068906784058,0.7032673954963684,,
1412,55106,,,,,0.9714628458023071,0.45561322569847107
1412,55106,,,1.6187057495117188,0.7050194144248962,,
1413,55145,,,,,0.9732882380485535,0.45294255018234253
1413,55145,,,1.6101605892181396,0.714209258556366,,
1414,55184,,,,,0.9793334603309631,0.45496559143066406
1414,55184,,,1.5726101398468018,0.7181565165519714,,
1415,55223,,,,,0.963878333568573,0.45437681674957275
1415,55223,,,1.5364991426467896,0.7311087250709534,,
1416,55262,,,,,0.9631655216217041,0.4535659849643707
1416,55262,,,1.566595435142517,0.7114858627319336,,
1417,55301,,,,,0.9634168744087219,0.45075076818466187
1417,55301,,,1.6089038848876953,0.716529130935669,,
1418,55340,,,,,0.9714779853820801,0.4539017081260681
1418,55340,,,1.5318067073822021,0.7539190649986267,,
1419,55379,,,,,0.9797319769859314,0.451864093542099
1419,55379,,,1.594939947128296,0.7207344174385071,,
1420,55418,,,,,0.9842716455459595,0.44617795944213867
1420,55418,,,1.4919158220291138,0.7335484027862549,,
1421,55457,,,,,0.9813424944877625,0.4517228603363037
1421,55457,,,1.485899806022644,0.7215294241905212,,
1422,55496,,,,,0.9682656526565552,0.4475373327732086
1422,55496,,,1.642492651939392,0.709051787853241,,
1423,55535,,,,,0.9739384055137634,0.45103275775909424
1423,55535,,,1.4908134937286377,0.7512408494949341,,
1424,55574,,,,,0.9737441539764404,0.44855958223342896
1424,55574,,,1.4296774864196777,0.7151621580123901,,
1425,55613,,,,,0.964819073677063,0.4474138915538788
1425,55613,,,1.4921537637710571,0.7226105332374573,,
1426,55652,,,,,0.9801803231239319,0.447873055934906
1426,55652,,,1.5228478908538818,0.7358704209327698,,
1427,55691,,,,,0.9787853956222534,0.4442397952079773
1427,55691,,,1.5543363094329834,0.722278892993927,,
1428,55730,,,,,0.9803410172462463,0.44663485884666443
1428,55730,,,1.6862448453903198,0.6876587271690369,,
1429,55769,,,,,0.9761943817138672,0.4533386528491974
1429,55769,,,1.5161283016204834,0.746993362903595,,
1430,55808,,,,,0.9730995297431946,0.45036181807518005
1430,55808,,,1.5268030166625977,0.6969054937362671,,
1431,55847,,,,,0.9772844314575195,0.45043042302131653
1431,55847,,,1.5398694276809692,0.737045407295227,,
1432,55886,,,,,0.967399537563324,0.4492909610271454
1432,55886,,,1.5746195316314697,0.7115484476089478,,
1433,55925,,,,,0.9745145440101624,0.4499634802341461
1433,55925,,,1.4267685413360596,0.7148867845535278,,
1434,55964,,,,,0.9787288904190063,0.45156872272491455
1434,55964,,,1.4754494428634644,0.7247381210327148,,
1435,56003,,,,,0.9693808555603027,0.4528161287307739
1435,56003,,,1.4737945795059204,0.7506158351898193,,
1436,56042,,,,,0.9687584042549133,0.451149046421051
1436,56042,,,1.4437320232391357,0.7462095022201538,,
1437,56081,,,,,0.968889594078064,0.4508037567138672
1437,56081,,,1.4404135942459106,0.7549861669540405,,
1438,56120,,,,,0.9694410562515259,0.45018354058265686
1438,56120,,,1.3874343633651733,0.7249760031700134,,
1439,56159,,,,,0.9611222743988037,0.4477069079875946
1439,56159,,,1.7360668182373047,0.6775170564651489,,
1440,56198,,,,,0.9635025858879089,0.4521631598472595
1440,56198,,,1.6293703317642212,0.7059822678565979,,
1441,56237,,,,,0.9650577902793884,0.45606955885887146
1441,56237,,,1.495286464691162,0.7371223568916321,,
1442,56276,,,,,0.9702277183532715,0.4502463936805725
1442,56276,,,1.3549083471298218,0.7267616391181946,,
1443,56315,,,,,0.9650465250015259,0.45133543014526367
1443,56315,,,1.6410481929779053,0.70157390832901,,
1444,56354,,,,,0.9650692939758301,0.4530850946903229
1444,56354,,,1.5368021726608276,0.7409104704856873,,
1445,56393,,,,,0.960800051689148,0.44952601194381714
1445,56393,,,1.588716983795166,0.7142292857170105,,
1446,56432,,,,,0.9666970372200012,0.44826939702033997
1446,56432,,,1.5644848346710205,0.6980774998664856,,
1447,56471,,,,,0.9759212732315063,0.4515781104564667
1447,56471,,,1.5422385931015015,0.7389441132545471,,
1448,56510,,,,,0.9747837781906128,0.4539144039154053
1448,56510,,,1.527849555015564,0.7232674956321716,,
1449,56549,,,,,0.9728800058364868,0.452898234128952
1449,56549,,,1.479945421218872,0.7468859553337097,,
1450,56588,,,,,0.9657787084579468,0.45025208592414856
1450,56588,,,1.4256378412246704,0.7348721623420715,,
1451,56627,,,,,0.962736964225769,0.4495416581630707
1451,56627,,,1.5314148664474487,0.7418095469474792,,
1452,56666,,,,,0.9745678901672363,0.4533194899559021
1452,56666,,,1.5432506799697876,0.7351378202438354,,
1453,56705,,,,,0.9680930972099304,0.45095372200012207
1453,56705,,,1.588599681854248,0.7082859873771667,,
1454,56744,,,,,0.966619610786438,0.4546676278114319
1454,56744,,,1.7062957286834717,0.7067448496818542,,
1455,56783,,,,,0.9690921902656555,0.450438916683197
1455,56783,,,1.5922229290008545,0.6974920034408569,,
1456,56822,,,,,0.9701197147369385,0.4559313952922821
1456,56822,,,1.6037495136260986,0.701282799243927,,
1457,56861,,,,,0.9668771028518677,0.4547169804573059
1457,56861,,,1.4823415279388428,0.7204560041427612,,
1458,56900,,,,,0.9657266736030579,0.4561483860015869
1458,56900,,,1.4887608289718628,0.722815215587616,,
1459,56939,,,,,0.9610819220542908,0.4566979706287384
1459,56939,,,1.6873008012771606,0.7130687236785889,,
1460,56978,,,,,0.9605764746665955,0.45478859543800354
1460,56978,,,1.5974202156066895,0.6908571720123291,,
1461,57017,,,,,0.9592863321304321,0.450174480676651
1461,57017,,,1.6031993627548218,0.7172155976295471,,
1462,57056,,,,,0.9689176678657532,0.44835203886032104
1462,57056,,,1.4789098501205444,0.72074955701828,,
1463,57095,,,,,0.9752458333969116,0.44659262895584106
1463,57095,,,1.5453897714614868,0.7175161838531494,,
1464,57134,,,,,0.977548360824585,0.4422678053379059
1464,57134,,,1.6284747123718262,0.717081606388092,,
1465,57173,,,,,0.9803150296211243,0.4427981972694397
1465,57173,,,1.5103278160095215,0.7414407134056091,,
1466,57212,,,,,0.9835449457168579,0.44578415155410767
1466,57212,,,1.4721496105194092,0.7408949136734009,,
1467,57251,,,,,0.9790707230567932,0.44862937927246094
1467,57251,,,1.591097116470337,0.7199345827102661,,
1468,57290,,,,,0.9769900441169739,0.4512854516506195
1468,57290,,,1.6739156246185303,0.6959771513938904,,
1469,57329,,,,,0.9734626412391663,0.4539138078689575
1469,57329,,,1.4698333740234375,0.7369558215141296,,
1470,57368,,,,,0.967132031917572,0.45187243819236755
1470,57368,,,1.462085247039795,0.7267846465110779,,
1471,57407,,,,,0.9634203314781189,0.45125049352645874
1471,57407,,,1.6074399948120117,0.7216400504112244,,
1472,57446,,,,,0.9725146889686584,0.45133960247039795
1472,57446,,,1.550500512123108,0.7130236625671387,,
1473,57485,,,,,0.9678874611854553,0.45116519927978516
1473,57485,,,1.5692647695541382,0.7237977981567383,,
1474,57524,,,,,0.9778512716293335,0.4474625289440155
1474,57524,,,1.4598957300186157,0.736811637878418,,
1475,57563,,,,,0.9771205186843872,0.44253602623939514
1475,57563,,,1.4734219312667847,0.7396461367607117,,
1476,57602,,,,,0.9751700162887573,0.44401440024375916
1476,57602,,,1.574195146560669,0.7114341259002686,,
1477,57641,,,,,0.9710354208946228,0.44834548234939575
1477,57641,,,1.5079270601272583,0.7129103541374207,,
1478,57680,,,,,0.967809796333313,0.44713425636291504
1478,57680,,,1.607042670249939,0.7251858115196228,,
1479,57719,,,,,0.9722683429718018,0.4516651928424835
1479,57719,,,1.4375934600830078,0.7169145345687866,,
1480,57758,,,,,0.9680671095848083,0.4504860043525696
1480,57758,,,1.5092129707336426,0.7088744640350342,,
1481,57797,,,,,0.9759628772735596,0.45057162642478943
1481,57797,,,1.6737505197525024,0.7165610194206238,,
1482,57836,,,,,0.9723672270774841,0.44691452383995056
1482,57836,,,1.4455420970916748,0.7382735013961792,,
1483,57875,,,,,0.9775203466415405,0.44672513008117676
1483,57875,,,1.4206870794296265,0.7425928115844727,,
1484,57914,,,,,0.9819608926773071,0.4492187201976776
1484,57914,,,1.419069528579712,0.7516294717788696,,
1485,57953,,,,,0.9864887595176697,0.45276597142219543
1485,57953,,,1.53941810131073,0.730751097202301,,
1486,57992,,,,,0.9788658022880554,0.45014479756355286
1486,57992,,,1.4766243696212769,0.7185027599334717,,
1487,58031,,,,,0.9807478785514832,0.4440213143825531
1487,58031,,,1.57313072681427,0.7191300988197327,,
1488,58070,,,,,0.9789866805076599,0.4459756314754486
1488,58070,,,1.5704140663146973,0.7150250673294067,,
1489,58109,,,,,0.9725087881088257,0.4451981782913208
1489,58109,,,1.3719605207443237,0.7185885310173035,,
1490,58148,,,,,0.9748053550720215,0.4458470940589905
1490,58148,,,1.6213083267211914,0.7022619247436523,,
1491,58187,,,,,0.9763940572738647,0.44910767674446106
1491,58187,,,1.534132480621338,0.7289416790008545,,
1492,58226,,,,,0.9786790609359741,0.45088812708854675
1492,58226,,,1.5335956811904907,0.7206556797027588,,
1493,58265,,,,,0.9716817140579224,0.4484216272830963
1493,58265,,,1.4905116558074951,0.7244772911071777,,
1494,58304,,,,,0.9712315797805786,0.44510504603385925
1494,58304,,,1.4447294473648071,0.7353523373603821,,
1495,58343,,,,,0.981115996837616,0.445796400308609
1495,58343,,,1.63453209400177,0.7092103958129883,,
1496,58382,,,,,0.9746525287628174,0.4473525881767273
1496,58382,,,1.4947774410247803,0.73280268907547,,
1497,58421,,,,,0.9862706661224365,0.44806215167045593
1497,58421,,,1.5443997383117676,0.7103509902954102,,
1498,58460,,,,,0.9802190661430359,0.44814205169677734
1498,58460,,,1.5631016492843628,0.7102605104446411,,
1499,58499,,,,,0.9853198528289795,0.44858670234680176
1499,58499,,,1.4858498573303223,0.7469254732131958,,
1500,58538,,,,,0.9759772419929504,0.4490284025669098
1500,58538,,,1.5180495977401733,0.7192465662956238,,
1501,58577,,,,,0.9720198512077332,0.4495466649532318
1501,58577,,,1.4896177053451538,0.7301616072654724,,
1502,58616,,,,,0.9666052460670471,0.44670015573501587
1502,58616,,,1.465871810913086,0.7160205245018005,,
1503,58655,,,,,0.9717162847518921,0.4493812322616577
1503,58655,,,1.4608179330825806,0.7283430099487305,,
1504,58694,,,,,0.9703092575073242,0.4485616683959961
1504,58694,,,1.5174230337142944,0.6842889785766602,,
1505,58733,,,,,0.9706847071647644,0.4498012363910675
1505,58733,,,1.5433462858200073,0.7493249177932739,,
1506,58772,,,,,0.9729399085044861,0.4537070095539093
1506,58772,,,1.573036789894104,0.7332882285118103,,
1507,58811,,,,,0.974216878414154,0.4517805278301239
1507,58811,,,1.6553865671157837,0.7036156058311462,,
1508,58850,,,,,0.968855082988739,0.4528287351131439
1508,58850,,,1.5442509651184082,0.7375333905220032,,
1509,58889,,,,,0.9692081212997437,0.4515100419521332
1509,58889,,,1.5859404802322388,0.7113388180732727,,
1510,58928,,,,,0.9673190712928772,0.4491462707519531
1510,58928,,,1.5986156463623047,0.7176320552825928,,
1511,58967,,,,,0.9752031564712524,0.4498615562915802
1511,58967,,,1.607817530632019,0.7265915870666504,,
1512,59006,,,,,0.9773222804069519,0.4451628029346466
1512,59006,,,1.6034306287765503,0.7231403589248657,,
1513,59045,,,,,0.9824565649032593,0.43966883420944214
1513,59045,,,1.445844054222107,0.7388299107551575,,
1514,59084,,,,,0.98418128490448,0.44160860776901245
1514,59084,,,1.3858264684677124,0.7410342693328857,,
1515,59123,,,,,0.9863049387931824,0.4447309076786041
1515,59123,,,1.5744080543518066,0.725499153137207,,
1516,59162,,,,,0.9845172762870789,0.4423648416996002
1516,59162,,,1.6510655879974365,0.7081925272941589,,
1517,59201,,,,,0.9871318936347961,0.4459490478038788
1517,59201,,,1.5012257099151611,0.7319781184196472,,
1518,59240,,,,,0.9814948439598083,0.44968006014823914
1518,59240,,,1.601539969444275,0.7191043496131897,,
1519,59279,,,,,0.9804307818412781,0.4513087570667267
1519,59279,,,1.5129539966583252,0.7372827529907227,,
1520,59318,,,,,0.9719254374504089,0.44882825016975403
1520,59318,,,1.4949231147766113,0.7238713502883911,,
1521,59357,,,,,0.9752081632614136,0.4554629921913147
1521,59357,,,1.5557383298873901,0.7352781295776367,,
1522,59396,,,,,0.9700285196304321,0.4551118314266205
1522,59396,,,1.4728459119796753,0.737371563911438,,
1523,59435,,,,,0.9654130935668945,0.4529532790184021
1523,59435,,,1.441186547279358,0.7272285223007202,,
1524,59474,,,,,0.9797960519790649,0.4557982385158539
1524,59474,,,1.5606871843338013,0.7221841812133789,,
1525,59513,,,,,0.9704149961471558,0.4547671675682068
1525,59513,,,1.4838757514953613,0.7265702486038208,,
1526,59552,,,,,0.9665870070457458,0.45243868231773376
1526,59552,,,1.700140118598938,0.7227411866188049,,
1527,59591,,,,,0.9675834774971008,0.4505918025970459
1527,59591,,,1.534349799156189,0.7277734875679016,,
1528,59630,,,,,0.9691227674484253,0.45290863513946533
1528,59630,,,1.4609355926513672,0.7505438923835754,,
1529,59669,,,,,0.970207929611206,0.452551007270813
1529,59669,,,1.5678226947784424,0.72334223985672,,
1530,59708,,,,,0.9677495360374451,0.4494970142841339
1530,59708,,,1.5334465503692627,0.7357513904571533,,
1531,59747,,,,,0.9739848375320435,0.44797012209892273
1531,59747,,,1.4542349576950073,0.7468176484107971,,
1532,59786,,,,,0.9730688333511353,0.44476741552352905
1532,59786,,,1.6104825735092163,0.7044348120689392,,
1533,59825,,,,,0.973939061164856,0.4465424120426178
1533,59825,,,1.5494099855422974,0.7284789085388184,,
1534,59864,,,,,0.9698441028594971,0.4449809789657593
1534,59864,,,1.5417982339859009,0.7141885161399841,,
1535,59903,,,,,0.9774045348167419,0.44847944378852844
1535,59903,,,1.3283741474151611,0.7565855383872986,,
1536,59942,,,,,0.9826859831809998,0.4474855363368988
1536,59942,,,1.5263577699661255,0.7269980311393738,,
1537,59981,,,,,0.9840326905250549,0.4463624358177185
1537,59981,,,1.5958858728408813,0.7249762415885925,,
1538,60020,,,,,0.9869297742843628,0.450924277305603
1538,60020,,,1.514541506767273,0.7461704611778259,,
1539,60059,,,,,0.9859955906867981,0.452831894159317
1539,60059,,,1.4659618139266968,0.7269947528839111,,
1540,60098,,,,,0.9801933169364929,0.45115768909454346
1540,60098,,,1.546383023262024,0.7334131598472595,,
1541,60137,,,,,0.9754279255867004,0.44422683119773865
1541,60137,,,1.5336565971374512,0.7418687343597412,,
1542,60176,,,,,0.9764342308044434,0.4430975317955017
1542,60176,,,1.5778223276138306,0.710736870765686,,
1543,60215,,,,,0.9807438850402832,0.4399123191833496
1543,60215,,,1.5507129430770874,0.7176101207733154,,
1544,60254,,,,,0.9814723134040833,0.439525306224823
1544,60254,,,1.6383819580078125,0.713695228099823,,
1545,60293,,,,,0.981665849685669,0.4422184228897095
1545,60293,,,1.5145281553268433,0.7205529808998108,,
1546,60332,,,,,0.9746537208557129,0.43915855884552
1546,60332,,,1.531567096710205,0.713327944278717,,
1547,60371,,,,,0.9750561118125916,0.44191768765449524
1547,60371,,,1.463253378868103,0.726560115814209,,
1548,60410,,,,,0.9749382734298706,0.44344913959503174
1548,60410,,,1.4063252210617065,0.70953369140625,,
1549,60449,,,,,0.9760307669639587,0.44378775358200073
1549,60449,,,1.4756758213043213,0.7462561726570129,,
1550,60488,,,,,0.9751037955284119,0.4439597725868225
1550,60488,,,1.4122257232666016,0.7375040650367737,,
1551,60527,,,,,0.9703251719474792,0.4395507574081421
1551,60527,,,1.566663146018982,0.7050722241401672,,
1552,60566,,,,,0.9767754673957825,0.44196900725364685
1552,60566,,,1.4373087882995605,0.7292689085006714,,
1553,60605,,,,,0.9769612550735474,0.43822208046913147
1553,60605,,,1.5651053190231323,0.7119545340538025,,
1554,60644,,,,,0.9799019694328308,0.43845805525779724
1554,60644,,,1.3997387886047363,0.7318962812423706,,
1555,60683,,,,,0.9826595783233643,0.43707677721977234
1555,60683,,,1.4829754829406738,0.739889919757843,,
1556,60722,,,,,0.9841956496238708,0.44060301780700684
1556,60722,,,1.4886854887008667,0.735413134098053,,
1557,60761,,,,,0.9782823324203491,0.4413452744483948
1557,60761,,,1.4451297521591187,0.7259004712104797,,
1558,60800,,,,,0.9734787344932556,0.4454463720321655
1558,60800,,,1.4464577436447144,0.7429683804512024,,
1559,60839,,,,,0.9778774380683899,0.4431955814361572
1559,60839,,,1.4609893560409546,0.7361530661582947,,
1560,60878,,,,,0.9881781935691833,0.4401017129421234
1560,60878,,,1.4750423431396484,0.7484143376350403,,
1561,60917,,,,,0.99550461769104,0.4407143294811249
1561,60917,,,1.5055384635925293,0.754817545413971,,
1562,60918,7.349205493927002,0.14195048809051514,,,,
