epoch,step,test_loss,test_pcc,train_loss_epoch,train_pcc_epoch,val_loss,val_pcc
0,40,,,,,4.8609938621521,0.22685012221336365
0,40,,,3.6455986499786377,-0.051439303904771805,,
1,81,,,,,4.8285040855407715,0.14408622682094574
1,81,,,3.585740327835083,-0.005532374605536461,,
2,122,,,,,4.9864630699157715,0.13921411335468292
2,122,,,3.4830071926116943,-0.020527390763163567,,
3,163,,,,,4.841425895690918,0.1274356245994568
3,163,,,3.515873908996582,-0.005707569420337677,,
4,204,,,,,4.92083215713501,0.11641965061426163
4,204,,,3.5296716690063477,-0.03209584206342697,,
5,245,,,,,4.848104953765869,0.1142357885837555
5,245,,,3.503851890563965,0.011144382879137993,,
6,286,,,,,4.9548563957214355,0.11210024356842041
6,286,,,3.345871686935425,0.06130213290452957,,
7,327,,,,,4.796389102935791,0.11727754771709442
7,327,,,3.3090646266937256,0.05921396240592003,,
8,368,,,,,4.886986255645752,0.12138596922159195
8,368,,,3.4626212120056152,0.1156194731593132,,
9,409,,,,,4.994285583496094,0.11605537682771683
9,409,,,3.2910003662109375,0.08504707366228104,,
10,450,,,,,4.930905818939209,0.12125439941883087
10,450,,,3.4708569049835205,0.23309698700904846,,
11,491,,,,,4.793006896972656,0.14201360940933228
11,491,,,3.4110910892486572,0.3120349943637848,,
12,532,,,,,4.928253173828125,0.16061244904994965
12,532,,,2.7857003211975098,0.36781665682792664,,
13,573,,,,,4.746040344238281,0.15458935499191284
13,573,,,3.1231637001037598,0.37239789962768555,,
14,614,,,,,4.990875720977783,0.15332011878490448
14,614,,,2.957864999771118,0.38993728160858154,,
15,655,,,,,5.1546831130981445,0.14607056975364685
15,655,,,2.9180567264556885,0.41720306873321533,,
16,696,,,,,4.919233322143555,0.13884113729000092
16,696,,,2.8775994777679443,0.40635740756988525,,
17,737,,,,,5.104153156280518,0.12824134528636932
17,737,,,2.814011812210083,0.4031374752521515,,
18,778,,,,,5.300909519195557,0.12395831942558289
18,778,,,2.853292226791382,0.4398424029350281,,
19,819,,,,,5.2322096824646,0.12727227807044983
19,819,,,2.7967076301574707,0.4283857047557831,,
20,860,,,,,5.086320400238037,0.1275874227285385
20,860,,,2.9570858478546143,0.43605440855026245,,
21,901,,,,,5.150907516479492,0.12238208949565887
21,901,,,2.7300615310668945,0.42817696928977966,,
22,942,,,,,5.198906421661377,0.11885393410921097
22,942,,,2.6150825023651123,0.4441666007041931,,
23,983,,,,,5.204465866088867,0.11748462915420532
23,983,,,2.671982526779175,0.43780848383903503,,
24,1024,,,,,5.103694915771484,0.12202875316143036
24,1024,,,2.663874626159668,0.4328804910182953,,
25,1065,,,,,5.099184989929199,0.12347331643104553
25,1065,,,2.6516687870025635,0.4250081181526184,,
26,1106,,,,,5.174560546875,0.12342998385429382
26,1106,,,2.8574535846710205,0.4568910300731659,,
27,1147,,,,,5.245757102966309,0.11897624284029007
27,1147,,,2.7306480407714844,0.4328232705593109,,
28,1188,,,,,5.040751934051514,0.12779435515403748
28,1188,,,2.707345724105835,0.46255019307136536,,
29,1229,,,,,5.147369384765625,0.1242750957608223
29,1229,,,2.8449411392211914,0.47694581747055054,,
30,1270,,,,,5.2261223793029785,0.12581214308738708
30,1270,,,2.751964807510376,0.44230279326438904,,
31,1311,,,,,5.014612674713135,0.13383543491363525
31,1311,,,2.6771371364593506,0.426613450050354,,
32,1352,,,,,4.933512210845947,0.13983410596847534
32,1352,,,2.7264814376831055,0.46015480160713196,,
33,1393,,,,,5.100346088409424,0.13757966458797455
33,1393,,,2.7720448970794678,0.46693986654281616,,
34,1434,,,,,5.338108062744141,0.13118316233158112
34,1434,,,2.7585856914520264,0.4635697305202484,,
35,1475,,,,,5.182461261749268,0.1315387785434723
35,1475,,,2.648646116256714,0.4941014051437378,,
36,1516,,,,,4.896728992462158,0.1485685110092163
36,1516,,,2.655658006668091,0.4846038818359375,,
37,1557,,,,,5.055208683013916,0.14583797752857208
37,1557,,,2.7003533840179443,0.4920912981033325,,
38,1598,,,,,5.018701553344727,0.1517186164855957
38,1598,,,2.8213069438934326,0.44454991817474365,,
39,1639,,,,,5.102853775024414,0.1528022587299347
39,1639,,,2.8248913288116455,0.445667028427124,,
40,1680,,,,,5.0522847175598145,0.16229751706123352
40,1680,,,2.7902700901031494,0.43790459632873535,,
41,1721,,,,,5.144704341888428,0.1604689210653305
41,1721,,,2.5546481609344482,0.5083110928535461,,
42,1762,,,,,4.815088748931885,0.17064526677131653
42,1762,,,2.6662511825561523,0.48304879665374756,,
43,1803,,,,,4.860937118530273,0.17530445754528046
43,1803,,,2.487609624862671,0.4949421286582947,,
44,1844,,,,,4.9221720695495605,0.17317387461662292
44,1844,,,2.783742666244507,0.49068930745124817,,
45,1885,,,,,4.9390363693237305,0.1786346137523651
45,1885,,,2.7063045501708984,0.48509681224823,,
46,1926,,,,,4.8509979248046875,0.18398648500442505
46,1926,,,2.607179880142212,0.4661601781845093,,
47,1967,,,,,4.798564434051514,0.1892966628074646
47,1967,,,2.5839481353759766,0.49580463767051697,,
48,2008,,,,,4.919038772583008,0.18497751653194427
48,2008,,,2.599660634994507,0.47233861684799194,,
49,2049,,,,,5.1161956787109375,0.17416885495185852
49,2049,,,2.523264169692993,0.4971100389957428,,
50,2090,,,,,5.068233966827393,0.1744295358657837
50,2090,,,2.5796892642974854,0.47665464878082275,,
51,2131,,,,,5.0247063636779785,0.17454582452774048
51,2131,,,2.4750118255615234,0.5018501281738281,,
52,2172,,,,,4.9823503494262695,0.18286730349063873
52,2172,,,2.6375184059143066,0.5003994703292847,,
53,2213,,,,,5.021300315856934,0.18517889082431793
53,2213,,,2.564563751220703,0.48760196566581726,,
54,2254,,,,,4.897372722625732,0.19034862518310547
54,2254,,,2.5004701614379883,0.4929741322994232,,
55,2295,,,,,4.935578346252441,0.19128543138504028
55,2295,,,2.7198903560638428,0.5051246881484985,,
56,2336,,,,,4.8776164054870605,0.19759847223758698
56,2336,,,2.6161766052246094,0.5135260820388794,,
57,2377,,,,,4.793462753295898,0.2022140473127365
57,2377,,,2.688891649246216,0.4780927002429962,,
58,2418,,,,,4.913713455200195,0.20418846607208252
58,2418,,,2.351630449295044,0.5118529796600342,,
59,2459,,,,,4.811660289764404,0.20891402661800385
59,2459,,,2.478945255279541,0.48581647872924805,,
60,2500,,,,,4.839715480804443,0.20419880747795105
60,2500,,,2.6204888820648193,0.48968279361724854,,
61,2541,,,,,4.82239294052124,0.20840834081172943
61,2541,,,2.5909318923950195,0.4928000867366791,,
62,2582,,,,,5.041031837463379,0.2141677886247635
62,2582,,,2.586601734161377,0.5024362802505493,,
63,2623,,,,,4.8956618309021,0.21511952579021454
63,2623,,,2.6833415031433105,0.4763091802597046,,
64,2664,,,,,4.926114559173584,0.2152722328901291
64,2664,,,2.600710868835449,0.5137267112731934,,
65,2705,,,,,4.93992280960083,0.21558810770511627
65,2705,,,2.574312210083008,0.45796337723731995,,
66,2746,,,,,4.71675443649292,0.2171616554260254
66,2746,,,2.5417230129241943,0.5238207578659058,,
67,2787,,,,,4.8607330322265625,0.21648971736431122
67,2787,,,2.6010656356811523,0.49197107553482056,,
68,2828,,,,,4.799469947814941,0.21866315603256226
68,2828,,,2.5396249294281006,0.49048927426338196,,
69,2869,,,,,4.788973808288574,0.22243420779705048
69,2869,,,2.6219112873077393,0.45706287026405334,,
70,2910,,,,,4.811229228973389,0.2259572446346283
70,2910,,,2.4909169673919678,0.49550196528434753,,
71,2951,,,,,4.77297830581665,0.22865967452526093
71,2951,,,2.5690114498138428,0.4992804527282715,,
72,2992,,,,,4.836429119110107,0.22513127326965332
72,2992,,,2.6129610538482666,0.4870312809944153,,
73,3033,,,,,4.820794105529785,0.2234123945236206
73,3033,,,2.458430290222168,0.4229610860347748,,
74,3074,,,,,4.7685723304748535,0.22511397302150726
74,3074,,,2.453673839569092,0.5118573307991028,,
75,3115,,,,,4.694616317749023,0.22120118141174316
75,3115,,,2.676337480545044,0.4615496098995209,,
76,3156,,,,,4.828280448913574,0.22430238127708435
76,3156,,,2.5401968955993652,0.515345573425293,,
77,3197,,,,,4.794046878814697,0.2256665974855423
77,3197,,,2.5789220333099365,0.4768221378326416,,
78,3238,,,,,4.786556243896484,0.2276414930820465
78,3238,,,2.4758341312408447,0.5180372595787048,,
79,3279,,,,,4.813640594482422,0.22894936800003052
79,3279,,,2.5541751384735107,0.47251296043395996,,
80,3320,,,,,4.743668556213379,0.23268868029117584
80,3320,,,2.476417064666748,0.4948683977127075,,
81,3361,,,,,4.760534286499023,0.23390509188175201
81,3361,,,2.481156587600708,0.4817102551460266,,
82,3402,,,,,4.761563777923584,0.23715300858020782
82,3402,,,2.4811458587646484,0.5217944979667664,,
83,3443,,,,,4.737800598144531,0.2368674874305725
83,3443,,,2.4829394817352295,0.48035943508148193,,
84,3484,,,,,4.767252445220947,0.23465318977832794
84,3484,,,2.548804521560669,0.45324087142944336,,
85,3525,,,,,4.823159217834473,0.23389922082424164
85,3525,,,2.501657485961914,0.5285155773162842,,
86,3566,,,,,4.82281494140625,0.23306185007095337
86,3566,,,2.530125617980957,0.4985264241695404,,
87,3607,,,,,4.878005504608154,0.23570773005485535
87,3607,,,2.4525485038757324,0.5149374008178711,,
88,3648,,,,,4.794292449951172,0.232509046792984
88,3648,,,2.43544864654541,0.5196962952613831,,
89,3689,,,,,4.911087512969971,0.23352542519569397
89,3689,,,2.4200351238250732,0.504227876663208,,
90,3730,,,,,4.9797539710998535,0.23306550085544586
90,3730,,,2.3391482830047607,0.5204009413719177,,
91,3771,,,,,4.737721920013428,0.22801651060581207
91,3771,,,2.4100968837738037,0.5167250037193298,,
92,3812,,,,,4.771631240844727,0.22802583873271942
92,3812,,,2.495326042175293,0.5103691220283508,,
93,3853,,,,,4.798893928527832,0.22791792452335358
93,3853,,,2.5560004711151123,0.5098786950111389,,
94,3894,,,,,4.729163646697998,0.22853948175907135
94,3894,,,2.381772518157959,0.4705870449542999,,
95,3935,,,,,4.74429178237915,0.23335731029510498
95,3935,,,2.4170644283294678,0.5480794310569763,,
96,3976,,,,,4.853196144104004,0.2396448701620102
96,3976,,,2.419492483139038,0.4819808006286621,,
97,4017,,,,,4.699980735778809,0.24299894273281097
97,4017,,,2.4130520820617676,0.4688311219215393,,
98,4058,,,,,4.7548346519470215,0.23850117623806
98,4058,,,2.5151736736297607,0.4783923327922821,,
99,4099,,,,,4.800324440002441,0.2379807084798813
99,4099,,,2.394855499267578,0.5133103132247925,,
100,4140,,,,,4.767075061798096,0.23866994678974152
100,4140,,,2.6181375980377197,0.4451151192188263,,
101,4181,,,,,4.720998764038086,0.23706349730491638
101,4181,,,2.3162879943847656,0.5387464761734009,,
102,4222,,,,,4.76947021484375,0.2352895587682724
102,4222,,,2.453930377960205,0.5325076580047607,,
103,4263,,,,,4.859582901000977,0.23154722154140472
103,4263,,,2.5431764125823975,0.5137811899185181,,
104,4304,,,,,4.821498394012451,0.23233333230018616
104,4304,,,2.3515238761901855,0.5015987157821655,,
105,4345,,,,,4.929361820220947,0.23215167224407196
105,4345,,,2.4682631492614746,0.5041995644569397,,
106,4386,,,,,4.7688093185424805,0.23304496705532074
106,4386,,,2.4386823177337646,0.47843483090400696,,
107,4427,,,,,4.786287784576416,0.23911426961421967
107,4427,,,2.4213154315948486,0.5052473545074463,,
108,4468,,,,,4.915797233581543,0.2370901256799698
108,4468,,,2.305349111557007,0.5014230012893677,,
109,4509,,,,,4.764909267425537,0.2405529022216797
109,4509,,,2.411656141281128,0.46985942125320435,,
110,4550,,,,,4.957840919494629,0.23776258528232574
110,4550,,,2.4277563095092773,0.5120519995689392,,
111,4591,,,,,4.879838943481445,0.23855681717395782
111,4591,,,2.4379146099090576,0.5006203055381775,,
112,4632,,,,,4.760953903198242,0.23780570924282074
112,4632,,,2.313638210296631,0.5262330770492554,,
113,4673,,,,,4.906038284301758,0.23732741177082062
113,4673,,,2.420133590698242,0.48972252011299133,,
114,4714,,,,,4.956484794616699,0.2367829978466034
114,4714,,,2.2533106803894043,0.5116689205169678,,
115,4755,,,,,4.935501575469971,0.2393987476825714
115,4755,,,2.454930305480957,0.49103662371635437,,
116,4796,,,,,5.003506183624268,0.23470233380794525
116,4796,,,2.43385648727417,0.4895043671131134,,
117,4837,,,,,4.835864067077637,0.2345658242702484
117,4837,,,2.4985339641571045,0.5183549523353577,,
118,4878,,,,,4.985267162322998,0.23713375627994537
118,4878,,,2.3371949195861816,0.5398535132408142,,
119,4919,,,,,4.809756278991699,0.23429450392723083
119,4919,,,2.2696216106414795,0.5516579747200012,,
120,4960,,,,,4.963375091552734,0.23257602751255035
120,4960,,,2.295762538909912,0.4983466565608978,,
121,5001,,,,,4.931774616241455,0.23259775340557098
121,5001,,,2.340949535369873,0.48661595582962036,,
122,5042,,,,,5.032171249389648,0.23337316513061523
122,5042,,,2.267805576324463,0.49448060989379883,,
123,5083,,,,,4.960203647613525,0.2301221489906311
123,5083,,,2.3177428245544434,0.49757814407348633,,
124,5124,,,,,5.0194478034973145,0.23116374015808105
124,5124,,,2.3302395343780518,0.5144233107566833,,
125,5165,,,,,4.964604377746582,0.23676396906375885
125,5165,,,2.3782525062561035,0.511159360408783,,
126,5206,,,,,4.870973587036133,0.23345576226711273
126,5206,,,2.3353946208953857,0.5432955026626587,,
127,5247,,,,,4.938532829284668,0.2360544502735138
127,5247,,,2.295975923538208,0.5421072244644165,,
128,5288,,,,,5.110126495361328,0.23198328912258148
128,5288,,,2.384984254837036,0.5595125555992126,,
129,5329,,,,,5.041430473327637,0.23231399059295654
129,5329,,,2.3901710510253906,0.5225721597671509,,
130,5370,,,,,5.0598907470703125,0.234664648771286
130,5370,,,2.370938539505005,0.5317962169647217,,
131,5411,,,,,5.173766136169434,0.22952473163604736
131,5411,,,2.391508102416992,0.5309985876083374,,
132,5452,,,,,4.987760543823242,0.23126906156539917
132,5452,,,2.303999662399292,0.5301833748817444,,
133,5493,,,,,5.041385650634766,0.23176147043704987
133,5493,,,2.4233357906341553,0.5241953730583191,,
134,5534,,,,,5.017258644104004,0.23101717233657837
134,5534,,,2.1448326110839844,0.5291105508804321,,
135,5575,,,,,5.073802471160889,0.22654171288013458
135,5575,,,2.2962899208068848,0.5372122526168823,,
136,5616,,,,,5.127218246459961,0.23047825694084167
136,5616,,,2.4009573459625244,0.5030652284622192,,
137,5657,,,,,4.985665321350098,0.23245857656002045
137,5657,,,2.3230247497558594,0.5349516272544861,,
138,5698,,,,,5.0831828117370605,0.23095466196537018
138,5698,,,2.2912161350250244,0.5127766132354736,,
139,5739,,,,,5.132739543914795,0.2261025309562683
139,5739,,,2.3235833644866943,0.5390581488609314,,
140,5780,,,,,5.083683013916016,0.2258850336074829
140,5780,,,2.2690179347991943,0.5146368145942688,,
141,5821,,,,,5.027076721191406,0.23216213285923004
141,5821,,,2.347018241882324,0.525950014591217,,
142,5862,,,,,5.217554569244385,0.23196285963058472
142,5862,,,2.273326873779297,0.5388140678405762,,
143,5903,,,,,5.1069159507751465,0.23075158894062042
143,5903,,,2.2936832904815674,0.500870943069458,,
144,5944,,,,,5.0708513259887695,0.2331690490245819
144,5944,,,2.314084053039551,0.5116784572601318,,
145,5985,,,,,5.264271259307861,0.22921784222126007
145,5985,,,2.158925771713257,0.5063746571540833,,
146,6026,,,,,5.069050312042236,0.23277249932289124
146,6026,,,2.322697401046753,0.501419186592102,,
147,6067,,,,,5.1000494956970215,0.2311658412218094
147,6067,,,2.295598030090332,0.5346968770027161,,
148,6108,,,,,5.152340412139893,0.22556869685649872
148,6108,,,2.393038511276245,0.5100128650665283,,
149,6149,,,,,5.194622993469238,0.23202843964099884
149,6149,,,2.3583009243011475,0.5427801609039307,,
150,6190,,,,,5.028844833374023,0.23678706586360931
150,6190,,,2.318329334259033,0.5244372487068176,,
151,6231,,,,,5.106795787811279,0.23002754151821136
151,6231,,,2.1837425231933594,0.5306301712989807,,
152,6272,,,,,5.027869701385498,0.23482511937618256
152,6272,,,2.4183948040008545,0.5198068618774414,,
153,6313,,,,,5.175394535064697,0.23512756824493408
153,6313,,,2.2622756958007812,0.5432142615318298,,
154,6354,,,,,5.103028774261475,0.23212066292762756
154,6354,,,2.274057626724243,0.543385922908783,,
155,6395,,,,,5.007760047912598,0.23236487805843353
155,6395,,,2.311781644821167,0.541207492351532,,
156,6436,,,,,5.194217681884766,0.23313239216804504
156,6436,,,2.3276009559631348,0.5262176990509033,,
157,6477,,,,,5.016967296600342,0.2350877970457077
157,6477,,,2.2005534172058105,0.528187096118927,,
158,6518,,,,,5.1995062828063965,0.2366548329591751
158,6518,,,2.3555617332458496,0.5010273456573486,,
159,6559,,,,,5.118206024169922,0.2340071052312851
159,6559,,,2.184380292892456,0.553146481513977,,
160,6600,,,,,5.142979145050049,0.2371169477701187
160,6600,,,2.3319339752197266,0.5518975257873535,,
161,6641,,,,,5.1617021560668945,0.23640072345733643
161,6641,,,2.200347661972046,0.5342859625816345,,
162,6682,,,,,5.123684883117676,0.2365025132894516
162,6682,,,2.2128002643585205,0.5349141359329224,,
163,6723,,,,,5.217581748962402,0.2344655692577362
163,6723,,,2.1335642337799072,0.5261142253875732,,
164,6764,,,,,5.072183132171631,0.23512804508209229
164,6764,,,2.1758673191070557,0.5366248488426208,,
165,6805,,,,,5.17087459564209,0.22918649017810822
165,6805,,,2.214517116546631,0.5468406677246094,,
166,6846,,,,,5.086977481842041,0.2274193912744522
166,6846,,,2.4459776878356934,0.5353941321372986,,
167,6887,,,,,5.189977645874023,0.22906085848808289
167,6887,,,2.3795242309570312,0.5251263380050659,,
168,6928,,,,,5.213489055633545,0.2269056737422943
168,6928,,,2.1899240016937256,0.5399597883224487,,
169,6969,,,,,5.321061134338379,0.22590363025665283
169,6969,,,2.209686279296875,0.5236964225769043,,
170,7010,,,,,5.198124408721924,0.22244156897068024
170,7010,,,2.2997958660125732,0.5366557240486145,,
171,7051,,,,,5.339059829711914,0.22060629725456238
171,7051,,,2.270547866821289,0.5751211047172546,,
172,7092,,,,,5.282820701599121,0.22428977489471436
172,7092,,,2.1992311477661133,0.5538029670715332,,
173,7133,,,,,5.243764877319336,0.2261519581079483
173,7133,,,2.312143325805664,0.5729239583015442,,
174,7174,,,,,5.234821796417236,0.22506889700889587
174,7174,,,2.0722434520721436,0.5652987957000732,,
175,7215,,,,,5.199166774749756,0.22189083695411682
175,7215,,,2.299360513687134,0.5488608479499817,,
176,7256,,,,,5.398594856262207,0.21646153926849365
176,7256,,,2.1618621349334717,0.5611338019371033,,
177,7297,,,,,5.169987201690674,0.22556251287460327
177,7297,,,2.211423873901367,0.5263761281967163,,
178,7338,,,,,5.004420757293701,0.23287023603916168
178,7338,,,2.374662399291992,0.5287234783172607,,
179,7379,,,,,5.127251625061035,0.23067903518676758
179,7379,,,2.255115270614624,0.557460367679596,,
180,7420,,,,,5.231672763824463,0.2312244027853012
180,7420,,,2.1593575477600098,0.5611365437507629,,
181,7461,,,,,5.138365268707275,0.2342960387468338
181,7461,,,2.256683826446533,0.5403033494949341,,
182,7502,,,,,5.286768436431885,0.22941088676452637
182,7502,,,2.241575241088867,0.5294281840324402,,
183,7543,,,,,5.2129292488098145,0.23249727487564087
183,7543,,,2.1271467208862305,0.5432014465332031,,
184,7584,,,,,5.209101676940918,0.2327769547700882
184,7584,,,2.182753562927246,0.5543889999389648,,
185,7625,,,,,5.330755233764648,0.22738634049892426
185,7625,,,2.2392377853393555,0.5270264148712158,,
186,7666,,,,,5.206719875335693,0.23126377165317535
186,7666,,,2.16302490234375,0.5106161236763,,
187,7707,,,,,5.325946807861328,0.22837188839912415
187,7707,,,2.10153865814209,0.5568960309028625,,
188,7748,,,,,5.180533409118652,0.235547736287117
188,7748,,,2.185375213623047,0.5227910876274109,,
189,7789,,,,,5.225240707397461,0.23452524840831757
189,7789,,,2.3922979831695557,0.49510708451271057,,
190,7830,,,,,5.1453022956848145,0.2373625636100769
190,7830,,,2.103492021560669,0.5623275637626648,,
191,7871,,,,,5.214125633239746,0.23849152028560638
191,7871,,,2.1767125129699707,0.5168326497077942,,
192,7912,,,,,5.267847061157227,0.23672567307949066
192,7912,,,2.1172163486480713,0.5407634377479553,,
193,7953,,,,,5.219304084777832,0.23663495481014252
193,7953,,,2.211500883102417,0.5495495200157166,,
194,7994,,,,,5.206522464752197,0.24028657376766205
194,7994,,,2.0642178058624268,0.5043933391571045,,
195,8035,,,,,5.185534477233887,0.24143092334270477
195,8035,,,2.1706764698028564,0.5546683073043823,,
196,8076,,,,,5.37831974029541,0.23082612454891205
196,8076,,,2.3608949184417725,0.52913898229599,,
197,8117,,,,,5.308588027954102,0.23428703844547272
197,8117,,,2.13102126121521,0.5782759785652161,,
198,8158,,,,,5.250166416168213,0.23455028235912323
198,8158,,,2.1761868000030518,0.508863627910614,,
199,8199,,,,,5.290946006774902,0.23152035474777222
199,8199,,,2.1797351837158203,0.5451473593711853,,
200,8240,,,,,5.352321624755859,0.23044276237487793
200,8240,,,2.052645206451416,0.5909141898155212,,
201,8281,,,,,5.32230806350708,0.2310187965631485
201,8281,,,2.0949602127075195,0.5390975475311279,,
202,8322,,,,,5.318592548370361,0.23389571905136108
202,8322,,,2.075207471847534,0.5374919772148132,,
203,8363,,,,,5.308187007904053,0.23238825798034668
203,8363,,,2.160865068435669,0.555918276309967,,
204,8404,,,,,5.013504505157471,0.24496354162693024
204,8404,,,2.1633949279785156,0.5394167304039001,,
205,8445,,,,,5.209525108337402,0.23885942995548248
205,8445,,,2.099764585494995,0.5440939664840698,,
206,8486,,,,,5.384453296661377,0.23281578719615936
206,8486,,,2.092308521270752,0.5907110571861267,,
207,8527,,,,,5.2184672355651855,0.23478950560092926
207,8527,,,2.0168843269348145,0.5681226849555969,,
208,8568,,,,,5.3195319175720215,0.22882547974586487
208,8568,,,2.0361170768737793,0.548512876033783,,
209,8609,,,,,5.185492515563965,0.2307644784450531
209,8609,,,2.0499610900878906,0.5608524084091187,,
210,8650,,,,,5.336921691894531,0.23093971610069275
210,8650,,,2.113290786743164,0.5815689563751221,,
211,8691,,,,,5.257551193237305,0.2320418506860733
211,8691,,,2.0325355529785156,0.5606359839439392,,
212,8732,,,,,5.35146427154541,0.2281581312417984
212,8732,,,2.0475027561187744,0.5762739181518555,,
213,8773,,,,,5.448700904846191,0.22906216979026794
213,8773,,,2.120570421218872,0.5683500170707703,,
214,8814,,,,,5.332196235656738,0.23182052373886108
214,8814,,,1.9681847095489502,0.5753969550132751,,
215,8855,,,,,5.26708459854126,0.23277264833450317
215,8855,,,2.0247161388397217,0.5787488222122192,,
216,8896,,,,,5.353893756866455,0.22941602766513824
216,8896,,,2.042393684387207,0.5675837397575378,,
217,8937,,,,,5.396121978759766,0.233840674161911
217,8937,,,1.9727421998977661,0.6059075593948364,,
218,8978,,,,,5.534921646118164,0.2294989377260208
218,8978,,,2.007589817047119,0.5997135043144226,,
219,9019,,,,,5.270061492919922,0.23439091444015503
219,9019,,,1.9364482164382935,0.594077467918396,,
220,9060,,,,,5.5340895652771,0.22560888528823853
220,9060,,,2.0878779888153076,0.5561240315437317,,
221,9101,,,,,5.39071798324585,0.22918586432933807
221,9101,,,1.96763277053833,0.6259240508079529,,
222,9142,,,,,5.159728050231934,0.23540695011615753
222,9142,,,1.9464765787124634,0.5898909568786621,,
223,9183,,,,,5.462205410003662,0.229121595621109
223,9183,,,1.9405015707015991,0.624419093132019,,
224,9224,,,,,5.384054183959961,0.23510169982910156
224,9224,,,1.9942530393600464,0.5881942510604858,,
225,9265,,,,,5.483009338378906,0.23131439089775085
225,9265,,,1.9601625204086304,0.5783988237380981,,
226,9306,,,,,5.331347465515137,0.23494262993335724
226,9306,,,1.988403558731079,0.5405873656272888,,
227,9347,,,,,5.640427112579346,0.22486208379268646
227,9347,,,1.7290126085281372,0.6003247499465942,,
228,9388,,,,,5.115729331970215,0.2409859448671341
228,9388,,,1.948325514793396,0.5939421057701111,,
229,9429,,,,,5.396531581878662,0.2334490567445755
229,9429,,,1.833065152168274,0.6055900454521179,,
230,9470,,,,,5.494635105133057,0.23209130764007568
230,9470,,,1.8781383037567139,0.6149819493293762,,
231,9511,,,,,5.674154758453369,0.22504140436649323
231,9511,,,1.8017770051956177,0.595814049243927,,
232,9552,,,,,5.504791736602783,0.236273393034935
232,9552,,,1.8092811107635498,0.5810315012931824,,
233,9593,,,,,5.402595043182373,0.2375515103340149
233,9593,,,1.8146034479141235,0.5921227335929871,,
234,9634,,,,,5.414282321929932,0.24253545701503754
234,9634,,,1.7577133178710938,0.6348166465759277,,
235,9675,,,,,5.403288841247559,0.24023787677288055
235,9675,,,1.8346720933914185,0.6209169030189514,,
236,9716,,,,,5.604908466339111,0.23335279524326324
236,9716,,,1.7519779205322266,0.6119309663772583,,
237,9757,,,,,5.673038482666016,0.235464945435524
237,9757,,,1.9492626190185547,0.5824384689331055,,
238,9798,,,,,5.524944305419922,0.23607097566127777
238,9798,,,1.8113960027694702,0.626091718673706,,
239,9839,,,,,5.467381000518799,0.24160297214984894
239,9839,,,1.840802788734436,0.6107300519943237,,
240,9880,,,,,5.2190165519714355,0.24245685338974
240,9880,,,1.852446436882019,0.5846406817436218,,
241,9921,,,,,5.39987850189209,0.24189253151416779
241,9921,,,1.6945927143096924,0.5998517870903015,,
242,9962,,,,,5.267071723937988,0.23119886219501495
242,9962,,,1.7454153299331665,0.573494553565979,,
243,10003,,,,,5.487577438354492,0.22510144114494324
243,10003,,,1.8194146156311035,0.5522190928459167,,
244,10044,,,,,5.45238733291626,0.2255268692970276
244,10044,,,1.6793346405029297,0.6231914162635803,,
245,10085,,,,,5.553184509277344,0.22210857272148132
245,10085,,,1.964066505432129,0.580344021320343,,
246,10126,,,,,5.711613178253174,0.2279895842075348
246,10126,,,1.729432463645935,0.6163206696510315,,
247,10167,,,,,5.3001580238342285,0.21854278445243835
247,10167,,,1.7596863508224487,0.5639511942863464,,
248,10208,,,,,5.645898342132568,0.21427135169506073
248,10208,,,1.6681830883026123,0.5986524224281311,,
249,10249,,,,,5.63527250289917,0.2100701928138733
249,10249,,,1.7993144989013672,0.6115933656692505,,
250,10290,,,,,5.620713233947754,0.22422614693641663
250,10290,,,1.7498846054077148,0.609917163848877,,
251,10331,,,,,5.757119655609131,0.22014807164669037
251,10331,,,1.7798594236373901,0.5896920561790466,,
252,10372,,,,,5.954927921295166,0.22308339178562164
252,10372,,,1.6293686628341675,0.644324779510498,,
253,10413,,,,,5.490782260894775,0.215873122215271
253,10413,,,1.83856201171875,0.5763685703277588,,
254,10454,,,,,5.981531143188477,0.21388773620128632
254,10454,,,1.7193105220794678,0.6533210873603821,,
255,10495,,,,,5.5295939445495605,0.21310506761074066
255,10495,,,1.7518751621246338,0.6139709949493408,,
256,10536,,,,,5.420708656311035,0.22013677656650543
256,10536,,,1.6782515048980713,0.5909622311592102,,
257,10577,,,,,5.544251918792725,0.20634564757347107
257,10577,,,1.6469295024871826,0.6231128573417664,,
258,10618,,,,,5.455664157867432,0.20055237412452698
258,10618,,,1.7165194749832153,0.5465154647827148,,
259,10659,,,,,5.89767599105835,0.20116156339645386
259,10659,,,1.7966232299804688,0.5755406022071838,,
260,10700,,,,,5.340036869049072,0.20052273571491241
260,10700,,,1.7546669244766235,0.5971646904945374,,
261,10741,,,,,5.849961757659912,0.1968361884355545
261,10741,,,1.7283810377120972,0.6472219228744507,,
262,10782,,,,,5.913175582885742,0.19542205333709717
262,10782,,,1.8389016389846802,0.5875883102416992,,
263,10823,,,,,5.871206760406494,0.1933375597000122
263,10823,,,1.6999409198760986,0.6328757405281067,,
264,10864,,,,,5.74982213973999,0.19294176995754242
264,10864,,,1.6832364797592163,0.6248427033424377,,
265,10905,,,,,5.906096458435059,0.1987224966287613
265,10905,,,1.7596060037612915,0.6331225037574768,,
266,10946,,,,,5.7802510261535645,0.19885064661502838
266,10946,,,1.7150932550430298,0.6122342944145203,,
267,10987,,,,,6.045563697814941,0.19567574560642242
267,10987,,,1.6519185304641724,0.6120884418487549,,
268,11028,,,,,6.000624179840088,0.20172585546970367
268,11028,,,1.6266579627990723,0.6227788925170898,,
269,11069,,,,,5.706460952758789,0.20090100169181824
269,11069,,,1.662150263786316,0.6362709403038025,,
270,11110,,,,,5.458667278289795,0.19938220083713531
270,11110,,,1.7677397727966309,0.6323270797729492,,
271,11151,,,,,5.438247203826904,0.1959461122751236
271,11151,,,1.6850593090057373,0.6249327659606934,,
272,11192,,,,,5.872345924377441,0.18348237872123718
272,11192,,,1.690693736076355,0.5986231565475464,,
273,11233,,,,,5.8613433837890625,0.19185493886470795
273,11233,,,1.766094446182251,0.6633249521255493,,
274,11274,,,,,5.6262688636779785,0.19023974239826202
274,11274,,,1.830611228942871,0.591526985168457,,
275,11315,,,,,5.599368095397949,0.1931256651878357
275,11315,,,1.795440912246704,0.6187968254089355,,
276,11356,,,,,5.930123805999756,0.18547174334526062
276,11356,,,1.6691436767578125,0.5729725360870361,,
277,11397,,,,,5.979294300079346,0.19313058257102966
277,11397,,,1.6719383001327515,0.5876431465148926,,
278,11438,,,,,5.621448993682861,0.1834203600883484
278,11438,,,1.8164693117141724,0.5874943733215332,,
279,11479,,,,,5.876773834228516,0.1900896430015564
279,11479,,,1.5803394317626953,0.6114675402641296,,
280,11520,,,,,5.940248489379883,0.17620062828063965
280,11520,,,1.6118093729019165,0.6094855666160583,,
281,11561,,,,,5.729647636413574,0.18626177310943604
281,11561,,,1.667342185974121,0.5853933691978455,,
282,11602,,,,,5.7166361808776855,0.18883709609508514
282,11602,,,1.5754659175872803,0.6178450584411621,,
283,11643,,,,,5.83206844329834,0.1904335767030716
283,11643,,,1.5074712038040161,0.6481326222419739,,
284,11684,,,,,5.541919708251953,0.2031906098127365
284,11684,,,1.6704264879226685,0.6044859886169434,,
285,11725,,,,,5.808711528778076,0.19335559010505676
285,11725,,,1.6872180700302124,0.5733640193939209,,
286,11766,,,,,5.750101089477539,0.19269168376922607
286,11766,,,1.7022632360458374,0.6039299368858337,,
287,11807,,,,,5.421099662780762,0.21066328883171082
287,11807,,,1.6829307079315186,0.6208475828170776,,
288,11848,,,,,5.644043445587158,0.18969261646270752
288,11848,,,1.6951178312301636,0.605140209197998,,
289,11889,,,,,5.693533420562744,0.18945357203483582
289,11889,,,1.4900034666061401,0.614604115486145,,
290,11930,,,,,5.575498580932617,0.20247413218021393
290,11930,,,1.7047282457351685,0.593510091304779,,
291,11971,,,,,5.478118419647217,0.20092307031154633
291,11971,,,1.528825283050537,0.6111236214637756,,
292,12012,,,,,5.460178852081299,0.2061307728290558
292,12012,,,1.668690800666809,0.6263560652732849,,
293,12053,,,,,5.5092949867248535,0.19249704480171204
293,12053,,,1.6007930040359497,0.5834534168243408,,
294,12094,,,,,5.919209003448486,0.18938608467578888
294,12094,,,1.685072422027588,0.655326247215271,,
295,12135,,,,,5.656002998352051,0.1890060007572174
295,12135,,,1.606889247894287,0.5966381430625916,,
296,12176,,,,,5.567224025726318,0.1887200027704239
296,12176,,,1.805403232574463,0.571633517742157,,
297,12217,,,,,5.663862705230713,0.1899479180574417
297,12217,,,1.6184871196746826,0.6416839957237244,,
298,12258,,,,,5.741523265838623,0.19646991789340973
298,12258,,,1.5296647548675537,0.6125137805938721,,
299,12299,,,,,5.624157428741455,0.1903654932975769
299,12299,,,1.6225234270095825,0.6304059028625488,,
300,12340,,,,,5.518719673156738,0.2072264850139618
300,12340,,,1.6582800149917603,0.6102334260940552,,
301,12381,,,,,5.433260440826416,0.20272722840309143
301,12381,,,1.5553942918777466,0.610565721988678,,
302,12422,,,,,5.643895149230957,0.18757981061935425
302,12422,,,1.655408501625061,0.621724545955658,,
303,12463,,,,,5.502768039703369,0.21591448783874512
303,12463,,,1.5888597965240479,0.6418444514274597,,
304,12504,,,,,5.444583415985107,0.19597646594047546
304,12504,,,1.67030668258667,0.6167333722114563,,
305,12545,,,,,5.175832748413086,0.21874698996543884
305,12545,,,1.6426013708114624,0.6008732318878174,,
306,12586,,,,,5.509547710418701,0.2089032232761383
306,12586,,,1.5700278282165527,0.6296078562736511,,
307,12627,,,,,5.206804275512695,0.2185487002134323
307,12627,,,1.6855183839797974,0.6260955929756165,,
308,12668,,,,,5.631285667419434,0.20366953313350677
308,12668,,,1.6406060457229614,0.6636563539505005,,
309,12709,,,,,5.463231563568115,0.20570726692676544
309,12709,,,1.6392327547073364,0.6033303141593933,,
310,12750,,,,,5.441747665405273,0.21524174511432648
310,12750,,,1.668274164199829,0.627835214138031,,
311,12791,,,,,5.869766712188721,0.19023284316062927
311,12791,,,1.6113733053207397,0.6306507587432861,,
312,12832,,,,,5.564508438110352,0.21403203904628754
312,12832,,,1.6322236061096191,0.6156085729598999,,
313,12873,,,,,5.5270490646362305,0.19721680879592896
313,12873,,,1.5973670482635498,0.6290716528892517,,
314,12914,,,,,5.729177951812744,0.18593499064445496
314,12914,,,1.5618784427642822,0.6570344567298889,,
315,12955,,,,,5.47314977645874,0.19773384928703308
315,12955,,,1.7176786661148071,0.581256628036499,,
316,12996,,,,,6.028644561767578,0.1835571676492691
316,12996,,,1.5993659496307373,0.6449381709098816,,
317,13037,,,,,6.100963115692139,0.1830928921699524
317,13037,,,1.488087773323059,0.6428897380828857,,
318,13078,,,,,5.295738697052002,0.20637470483779907
318,13078,,,1.6111952066421509,0.6262423992156982,,
319,13119,,,,,5.540431976318359,0.2069215625524521
319,13119,,,1.6995012760162354,0.6624898910522461,,
320,13160,,,,,5.487596035003662,0.20276950299739838
320,13160,,,1.6023231744766235,0.5878950357437134,,
321,13201,,,,,5.486142635345459,0.20054692029953003
321,13201,,,1.5660151243209839,0.5949268937110901,,
322,13242,,,,,5.585389137268066,0.20226454734802246
322,13242,,,1.613681674003601,0.6320528388023376,,
323,13283,,,,,5.579571723937988,0.1850505918264389
323,13283,,,1.5927976369857788,0.6167118549346924,,
324,13324,,,,,5.636424541473389,0.1912696361541748
324,13324,,,1.5785094499588013,0.650015115737915,,
325,13365,,,,,5.560995578765869,0.20166438817977905
325,13365,,,1.6383715867996216,0.641862154006958,,
326,13406,,,,,5.474827289581299,0.2129165530204773
326,13406,,,1.7038627862930298,0.623077392578125,,
327,13447,,,,,5.58473014831543,0.195870041847229
327,13447,,,1.4813295602798462,0.628839373588562,,
328,13488,,,,,5.763809680938721,0.19096709787845612
328,13488,,,1.5671576261520386,0.636328935623169,,
329,13529,,,,,5.753698825836182,0.1965213418006897
329,13529,,,1.5266581773757935,0.6585589051246643,,
330,13570,,,,,5.275397300720215,0.22013507783412933
330,13570,,,1.5880063772201538,0.596929669380188,,
331,13611,,,,,5.270565986633301,0.2155650109052658
331,13611,,,1.5385146141052246,0.6518155336380005,,
332,13652,,,,,5.343502998352051,0.23103590309619904
332,13652,,,1.6396541595458984,0.6466492414474487,,
333,13693,,,,,5.693470478057861,0.20408575236797333
333,13693,,,1.4078178405761719,0.6749597191810608,,
334,13734,,,,,5.236752510070801,0.2274494469165802
334,13734,,,1.524649977684021,0.6649208068847656,,
335,13775,,,,,5.299880504608154,0.22160682082176208
335,13775,,,1.5540968179702759,0.6511891484260559,,
336,13816,,,,,5.474545478820801,0.21059222519397736
336,13816,,,1.6216274499893188,0.5933848023414612,,
337,13857,,,,,5.8177571296691895,0.20066970586776733
337,13857,,,1.5818840265274048,0.6647049784660339,,
338,13898,,,,,5.406666278839111,0.21478663384914398
338,13898,,,1.643261432647705,0.6335546374320984,,
339,13939,,,,,5.404501914978027,0.19924774765968323
339,13939,,,1.5601084232330322,0.6040722131729126,,
340,13980,,,,,5.626903057098389,0.1914362609386444
340,13980,,,1.6659824848175049,0.6100747585296631,,
341,14021,,,,,5.796039581298828,0.19944961369037628
341,14021,,,1.4948887825012207,0.6741058826446533,,
342,14062,,,,,5.682570934295654,0.20401643216609955
342,14062,,,1.5405495166778564,0.6214852333068848,,
343,14103,,,,,6.222480773925781,0.18259531259536743
343,14103,,,1.5283983945846558,0.6090498566627502,,
344,14144,,,,,5.287514686584473,0.2232884168624878
344,14144,,,1.6976536512374878,0.623646080493927,,
345,14185,,,,,5.188065052032471,0.23639662563800812
345,14185,,,1.4870696067810059,0.6506526470184326,,
346,14226,,,,,5.521747589111328,0.2133428454399109
346,14226,,,1.5007727146148682,0.6242654323577881,,
347,14267,,,,,5.292095184326172,0.21730424463748932
347,14267,,,1.5872414112091064,0.6460855603218079,,
348,14308,,,,,5.423559665679932,0.21407656371593475
348,14308,,,1.5120021104812622,0.687576174736023,,
349,14349,,,,,5.418822288513184,0.20039872825145721
349,14349,,,1.5244340896606445,0.6426595449447632,,
350,14390,,,,,5.614121913909912,0.18733912706375122
350,14390,,,1.5209001302719116,0.6619271039962769,,
351,14431,,,,,5.370384216308594,0.21205344796180725
351,14431,,,1.4880927801132202,0.6148343682289124,,
352,14472,,,,,5.541795253753662,0.206446573138237
352,14472,,,1.5084998607635498,0.6257563829421997,,
353,14513,,,,,5.8860039710998535,0.1823948323726654
353,14513,,,1.4967069625854492,0.6192682385444641,,
354,14554,,,,,5.141003608703613,0.22903576493263245
354,14554,,,1.6578369140625,0.5705813765525818,,
355,14595,,,,,5.285853385925293,0.22245511412620544
355,14595,,,1.602946162223816,0.651321291923523,,
356,14636,,,,,5.262512683868408,0.21666911244392395
356,14636,,,1.5734199285507202,0.6203787922859192,,
357,14677,,,,,5.489161491394043,0.20670464634895325
357,14677,,,1.5238282680511475,0.6426259279251099,,
358,14718,,,,,5.084649562835693,0.22580206394195557
358,14718,,,1.6533772945404053,0.6298652291297913,,
359,14759,,,,,5.355739116668701,0.216739684343338
359,14759,,,1.5566807985305786,0.6575237512588501,,
360,14800,,,,,5.448784828186035,0.20806173980236053
360,14800,,,1.458788514137268,0.6480309367179871,,
361,14841,,,,,5.1429853439331055,0.23282401263713837
361,14841,,,1.6332972049713135,0.6061549186706543,,
362,14882,,,,,5.594843864440918,0.21575124561786652
362,14882,,,1.598452091217041,0.6512212157249451,,
363,14923,,,,,5.2264885902404785,0.23156128823757172
363,14923,,,1.5922174453735352,0.6314371824264526,,
364,14964,,,,,5.2041544914245605,0.24080340564250946
364,14964,,,1.6155275106430054,0.6485266089439392,,
365,15005,,,,,5.5061469078063965,0.2109416276216507
365,15005,,,1.60160493850708,0.627631425857544,,
366,15046,,,,,5.489712715148926,0.22068579494953156
366,15046,,,1.587329387664795,0.6331409215927124,,
367,15087,,,,,5.337614059448242,0.22242620587348938
367,15087,,,1.4471988677978516,0.6344290375709534,,
368,15128,,,,,5.118031024932861,0.245375856757164
368,15128,,,1.5599324703216553,0.6533229351043701,,
369,15169,,,,,5.153003692626953,0.24355949461460114
369,15169,,,1.5542117357254028,0.6663607358932495,,
370,15210,,,,,5.150415897369385,0.2344970405101776
370,15210,,,1.6374645233154297,0.6004610061645508,,
371,15251,,,,,5.034111499786377,0.25548383593559265
371,15251,,,1.5497642755508423,0.6555551886558533,,
372,15292,,,,,5.112216949462891,0.2439996302127838
372,15292,,,1.5135743618011475,0.6085268259048462,,
373,15333,,,,,5.327993869781494,0.23281463980674744
373,15333,,,1.5022704601287842,0.6268335580825806,,
374,15374,,,,,5.1287431716918945,0.245479553937912
374,15374,,,1.5654672384262085,0.6361128091812134,,
375,15415,,,,,5.221895217895508,0.2344549596309662
375,15415,,,1.5358582735061646,0.5848958492279053,,
376,15456,,,,,5.452686786651611,0.21340997517108917
376,15456,,,1.451389193534851,0.618188202381134,,
377,15497,,,,,5.451317310333252,0.22687287628650665
377,15497,,,1.6149706840515137,0.6265332102775574,,
378,15538,,,,,5.030169486999512,0.24737627804279327
378,15538,,,1.5431863069534302,0.6359578371047974,,
379,15579,,,,,5.129330158233643,0.23960408568382263
379,15579,,,1.4287638664245605,0.6586493849754333,,
380,15620,,,,,4.991236209869385,0.2574653923511505
380,15620,,,1.649034023284912,0.6293626427650452,,
381,15661,,,,,5.048602104187012,0.2616732120513916
381,15661,,,1.641162395477295,0.6807912588119507,,
382,15702,,,,,5.150286674499512,0.24877020716667175
382,15702,,,1.4855268001556396,0.6298699975013733,,
383,15743,,,,,5.22607421875,0.24819119274616241
383,15743,,,1.5300230979919434,0.6409060955047607,,
384,15784,,,,,5.1550517082214355,0.25526756048202515
384,15784,,,1.643378496170044,0.6422749161720276,,
385,15825,,,,,5.1955671310424805,0.24136611819267273
385,15825,,,1.6275824308395386,0.6732721328735352,,
386,15866,,,,,5.429987907409668,0.21326011419296265
386,15866,,,1.5160619020462036,0.6222838163375854,,
387,15907,,,,,5.290093421936035,0.2407834529876709
387,15907,,,1.57740318775177,0.6313530802726746,,
388,15948,,,,,5.293145656585693,0.22671717405319214
388,15948,,,1.5059185028076172,0.6733086705207825,,
389,15989,,,,,5.3221435546875,0.2362602949142456
389,15989,,,1.5255658626556396,0.6031508445739746,,
390,16030,,,,,5.214838027954102,0.24624772369861603
390,16030,,,1.5292768478393555,0.6574444770812988,,
391,16071,,,,,5.2935028076171875,0.25352007150650024
391,16071,,,1.6093226671218872,0.6727480888366699,,
392,16112,,,,,5.131809711456299,0.2443990558385849
392,16112,,,1.4326483011245728,0.6616178750991821,,
393,16153,,,,,5.047586917877197,0.2630595266819
393,16153,,,1.5376968383789062,0.6331003308296204,,
394,16194,,,,,5.261546611785889,0.24618108570575714
394,16194,,,1.5304734706878662,0.6621827483177185,,
395,16235,,,,,5.0485405921936035,0.25116050243377686
395,16235,,,1.6451226472854614,0.6237607598304749,,
396,16276,,,,,5.218153476715088,0.2586676776409149
396,16276,,,1.533979892730713,0.6682295799255371,,
397,16317,,,,,5.472358703613281,0.22362060844898224
397,16317,,,1.5215036869049072,0.6362252831459045,,
398,16358,,,,,5.0639448165893555,0.2576853334903717
398,16358,,,1.6388577222824097,0.5873225927352905,,
399,16399,,,,,5.40554666519165,0.23743616044521332
399,16399,,,1.437243938446045,0.6524214744567871,,
400,16440,,,,,5.334197998046875,0.23388418555259705
400,16440,,,1.527286410331726,0.6229969263076782,,
401,16481,,,,,5.480287075042725,0.24076004326343536
401,16481,,,1.451600193977356,0.6350945830345154,,
402,16522,,,,,5.251610279083252,0.2476821392774582
402,16522,,,1.5771149396896362,0.6544768810272217,,
403,16563,,,,,5.2040863037109375,0.2410106211900711
403,16563,,,1.4593076705932617,0.6380258202552795,,
404,16604,,,,,5.08529806137085,0.2572459280490875
404,16604,,,1.535910964012146,0.6105585098266602,,
405,16645,,,,,5.061107635498047,0.25813230872154236
405,16645,,,1.6312528848648071,0.6531016230583191,,
406,16686,,,,,4.91919469833374,0.2677502930164337
406,16686,,,1.5475555658340454,0.6534993052482605,,
407,16727,,,,,5.186645984649658,0.248214453458786
407,16727,,,1.4428303241729736,0.6589096188545227,,
408,16768,,,,,5.206794738769531,0.2510592043399811
408,16768,,,1.4532792568206787,0.6474290490150452,,
409,16809,,,,,5.24549674987793,0.2526180148124695
409,16809,,,1.5214358568191528,0.6359364986419678,,
410,16850,,,,,5.321273326873779,0.24759447574615479
410,16850,,,1.512910008430481,0.60630863904953,,
411,16891,,,,,5.248810768127441,0.2575911283493042
411,16891,,,1.4585111141204834,0.6477119326591492,,
412,16932,,,,,5.337285995483398,0.24708662927150726
412,16932,,,1.5126680135726929,0.6463465690612793,,
413,16973,,,,,5.366559982299805,0.2495308816432953
413,16973,,,1.5619676113128662,0.6470587849617004,,
414,17014,,,,,4.744716167449951,0.29334816336631775
414,17014,,,1.6267975568771362,0.6246140003204346,,
415,17055,,,,,5.185625076293945,0.2531604766845703
415,17055,,,1.52358877658844,0.6326209902763367,,
416,17096,,,,,5.43502140045166,0.25433528423309326
416,17096,,,1.532942295074463,0.647454023361206,,
417,17137,,,,,5.649704933166504,0.24505767226219177
417,17137,,,1.4637565612792969,0.6166509985923767,,
418,17178,,,,,5.298463821411133,0.2601928114891052
418,17178,,,1.5085312128067017,0.6351236701011658,,
419,17219,,,,,5.5935750007629395,0.24349430203437805
419,17219,,,1.493625283241272,0.6405965685844421,,
420,17260,,,,,5.159022331237793,0.2705635130405426
420,17260,,,1.4438778162002563,0.655396044254303,,
421,17301,,,,,5.252988815307617,0.2557084560394287
421,17301,,,1.5695486068725586,0.6515387296676636,,
422,17342,,,,,5.6412787437438965,0.25220444798469543
422,17342,,,1.480357050895691,0.654473602771759,,
423,17383,,,,,5.805131435394287,0.2455507218837738
423,17383,,,1.5099241733551025,0.649361789226532,,
424,17424,,,,,5.495310306549072,0.25549784302711487
424,17424,,,1.5270990133285522,0.6705179214477539,,
425,17465,,,,,5.775576591491699,0.24404972791671753
425,17465,,,1.557123064994812,0.6479242444038391,,
426,17506,,,,,5.384679317474365,0.25368261337280273
426,17506,,,1.5225067138671875,0.6598859429359436,,
427,17547,,,,,5.537350177764893,0.24749884009361267
427,17547,,,1.503265619277954,0.6723494529724121,,
428,17588,,,,,5.359524250030518,0.2603225111961365
428,17588,,,1.5208449363708496,0.670232892036438,,
429,17629,,,,,5.551478385925293,0.24729011952877045
429,17629,,,1.5441713333129883,0.6376807689666748,,
430,17670,,,,,4.994073390960693,0.27493521571159363
430,17670,,,1.5053178071975708,0.6190193891525269,,
431,17711,,,,,5.150362491607666,0.2724841833114624
431,17711,,,1.4969133138656616,0.6456490159034729,,
432,17752,,,,,5.00119686126709,0.27836522459983826
432,17752,,,1.498152256011963,0.6377695798873901,,
433,17793,,,,,5.14402437210083,0.2614603638648987
433,17793,,,1.5316139459609985,0.6332584619522095,,
434,17834,,,,,5.096891403198242,0.2711983025074005
434,17834,,,1.4984740018844604,0.6665251851081848,,
435,17875,,,,,5.6175761222839355,0.24450738728046417
435,17875,,,1.4866461753845215,0.6504064798355103,,
436,17916,,,,,5.545201301574707,0.25223058462142944
436,17916,,,1.4899351596832275,0.6810339093208313,,
437,17957,,,,,5.174714088439941,0.26564037799835205
437,17957,,,1.4735461473464966,0.5821921229362488,,
438,17998,,,,,5.210136890411377,0.2622266709804535
438,17998,,,1.5325472354888916,0.6338167190551758,,
439,18039,,,,,5.178618907928467,0.26627305150032043
439,18039,,,1.610811710357666,0.6112840175628662,,
440,18080,,,,,5.132822036743164,0.2666645646095276
440,18080,,,1.4745118618011475,0.6170623302459717,,
441,18121,,,,,4.9163103103637695,0.2889140248298645
441,18121,,,1.56442129611969,0.6241555213928223,,
442,18162,,,,,4.717087268829346,0.3051566183567047
442,18162,,,1.4645204544067383,0.6383407115936279,,
443,18203,,,,,4.820700168609619,0.2957439422607422
443,18203,,,1.5078682899475098,0.6696377992630005,,
444,18244,,,,,5.254053115844727,0.2700338363647461
444,18244,,,1.4737118482589722,0.6322646141052246,,
445,18285,,,,,5.1333746910095215,0.27578967809677124
445,18285,,,1.5379949808120728,0.631251335144043,,
446,18326,,,,,5.106585502624512,0.2683221101760864
446,18326,,,1.3824944496154785,0.6807945966720581,,
447,18367,,,,,5.10784387588501,0.2756798565387726
447,18367,,,1.459214687347412,0.6495658159255981,,
448,18408,,,,,5.145922660827637,0.2691260576248169
448,18408,,,1.519811987876892,0.6676234602928162,,
449,18449,,,,,4.9624786376953125,0.2805737555027008
449,18449,,,1.4482858180999756,0.6451808214187622,,
450,18490,,,,,4.7798871994018555,0.2947104573249817
450,18490,,,1.5148180723190308,0.6732708811759949,,
451,18531,,,,,4.8593854904174805,0.28285011649131775
451,18531,,,1.6002589464187622,0.651187002658844,,
452,18572,,,,,5.0524067878723145,0.2623705565929413
452,18572,,,1.4113428592681885,0.6719036102294922,,
453,18613,,,,,5.077172756195068,0.26278990507125854
453,18613,,,1.507147192955017,0.6420443654060364,,
454,18654,,,,,5.115175247192383,0.26471462845802307
454,18654,,,1.521796464920044,0.6821625232696533,,
455,18695,,,,,5.163102149963379,0.2670227289199829
455,18695,,,1.5855308771133423,0.6412901282310486,,
456,18736,,,,,5.097282886505127,0.27493664622306824
456,18736,,,1.5412696599960327,0.6337345242500305,,
457,18777,,,,,5.2815842628479,0.25658106803894043
457,18777,,,1.5581550598144531,0.6645292043685913,,
458,18818,,,,,5.3346076011657715,0.2619694769382477
458,18818,,,1.4254441261291504,0.6552690863609314,,
459,18859,,,,,4.890135288238525,0.28372547030448914
459,18859,,,1.5588427782058716,0.6449076533317566,,
460,18900,,,,,4.925524711608887,0.28609052300453186
460,18900,,,1.458890438079834,0.6715732216835022,,
461,18941,,,,,4.898743629455566,0.2863185405731201
461,18941,,,1.3996695280075073,0.666145920753479,,
462,18982,,,,,4.983479976654053,0.2854791283607483
462,18982,,,1.438234567642212,0.6702278256416321,,
463,19023,,,,,5.151915073394775,0.27563080191612244
463,19023,,,1.4325886964797974,0.6438574194908142,,
464,19064,,,,,5.137963771820068,0.2777359187602997
464,19064,,,1.4606034755706787,0.6286198496818542,,
465,19105,,,,,5.144891738891602,0.2817297875881195
465,19105,,,1.4924453496932983,0.6574100255966187,,
466,19146,,,,,5.0414958000183105,0.28529593348503113
466,19146,,,1.5494544506072998,0.6677579283714294,,
467,19187,,,,,5.146650314331055,0.28239673376083374
467,19187,,,1.6090797185897827,0.6270827054977417,,
468,19228,,,,,4.960447788238525,0.2892259657382965
468,19228,,,1.591604471206665,0.6568046808242798,,
469,19269,,,,,4.945845127105713,0.288973331451416
469,19269,,,1.535308599472046,0.6074506044387817,,
470,19310,,,,,5.1392412185668945,0.2879239320755005
470,19310,,,1.3531370162963867,0.6651322245597839,,
471,19351,,,,,5.371593952178955,0.26999974250793457
471,19351,,,1.499176263809204,0.6322483420372009,,
472,19392,,,,,5.117326736450195,0.2860236167907715
472,19392,,,1.5656604766845703,0.6319405436515808,,
473,19433,,,,,5.09353494644165,0.28631946444511414
473,19433,,,1.5016342401504517,0.5998862981796265,,
474,19474,,,,,4.902776718139648,0.2973996698856354
474,19474,,,1.466352939605713,0.6424546837806702,,
475,19515,,,,,4.840141296386719,0.2947682738304138
475,19515,,,1.549656867980957,0.6511775255203247,,
476,19556,,,,,4.819113254547119,0.29601073265075684
476,19556,,,1.575897455215454,0.6819917559623718,,
477,19597,,,,,5.001774311065674,0.2848397195339203
477,19597,,,1.3482756614685059,0.6424987316131592,,
478,19638,,,,,4.7941083908081055,0.2962058186531067
478,19638,,,1.4322588443756104,0.648504376411438,,
479,19679,,,,,5.068675518035889,0.28116947412490845
479,19679,,,1.468550443649292,0.6676163673400879,,
480,19720,,,,,5.329611778259277,0.2632867693901062
480,19720,,,1.4630759954452515,0.6673223972320557,,
481,19761,,,,,4.629697799682617,0.3156087398529053
481,19761,,,1.5732332468032837,0.6142751574516296,,
482,19802,,,,,4.821662425994873,0.30322104692459106
482,19802,,,1.4555963277816772,0.6647779941558838,,
483,19843,,,,,4.885133266448975,0.29344630241394043
483,19843,,,1.5074689388275146,0.6467537879943848,,
484,19884,,,,,5.096015453338623,0.28544965386390686
484,19884,,,1.3890008926391602,0.668184220790863,,
485,19925,,,,,5.24772834777832,0.275404691696167
485,19925,,,1.4326808452606201,0.6507115960121155,,
486,19966,,,,,5.057549953460693,0.2852262556552887
486,19966,,,1.4776787757873535,0.637412965297699,,
487,20007,,,,,5.168153762817383,0.2767375707626343
487,20007,,,1.4405372142791748,0.6629689335823059,,
488,20048,,,,,5.052999973297119,0.2836510241031647
488,20048,,,1.5364418029785156,0.6620470285415649,,
489,20089,,,,,5.070566654205322,0.28963378071784973
489,20089,,,1.6185983419418335,0.6184756755828857,,
490,20130,,,,,5.227600574493408,0.27603498101234436
490,20130,,,1.4233992099761963,0.623772144317627,,
491,20171,,,,,4.8853960037231445,0.2950667440891266
491,20171,,,1.4912573099136353,0.6490751504898071,,
492,20212,,,,,5.319768905639648,0.27608540654182434
492,20212,,,1.4264941215515137,0.6728156208992004,,
493,20253,,,,,5.395450115203857,0.2755016088485718
493,20253,,,1.4121425151824951,0.6633657813072205,,
494,20294,,,,,4.943655014038086,0.2971460223197937
494,20294,,,1.5647882223129272,0.6594404578208923,,
495,20335,,,,,5.14264440536499,0.2920539677143097
495,20335,,,1.5063916444778442,0.6679133176803589,,
496,20376,,,,,5.405060768127441,0.2810876667499542
496,20376,,,1.5656694173812866,0.6471247673034668,,
497,20417,,,,,5.131326198577881,0.2893829941749573
497,20417,,,1.5366052389144897,0.6862596273422241,,
498,20458,,,,,4.900331497192383,0.29871609807014465
498,20458,,,1.3531781435012817,0.6651878952980042,,
499,20499,,,,,5.225881576538086,0.2862132489681244
499,20499,,,1.58248770236969,0.6722408533096313,,
500,20540,,,,,4.838588237762451,0.3000868558883667
500,20540,,,1.5034308433532715,0.6741920113563538,,
501,20581,,,,,4.997082233428955,0.28890854120254517
501,20581,,,1.4344675540924072,0.6942355632781982,,
502,20622,,,,,5.303650856018066,0.2739185392856598
502,20622,,,1.4670450687408447,0.6555792093276978,,
503,20663,,,,,4.97448205947876,0.2957601249217987
503,20663,,,1.4630409479141235,0.6987131834030151,,
504,20704,,,,,5.146457672119141,0.28014838695526123
504,20704,,,1.5383445024490356,0.6371254920959473,,
505,20745,,,,,5.237577438354492,0.27452734112739563
505,20745,,,1.3516827821731567,0.6285001039505005,,
506,20786,,,,,4.8328728675842285,0.30046913027763367
506,20786,,,1.517282485961914,0.6576096415519714,,
507,20827,,,,,5.092819690704346,0.29005566239356995
507,20827,,,1.44193696975708,0.6614474654197693,,
508,20868,,,,,5.196346282958984,0.2889177203178406
508,20868,,,1.4031840562820435,0.6324382424354553,,
509,20909,,,,,5.031723976135254,0.2938598096370697
509,20909,,,1.4187747240066528,0.6619324088096619,,
510,20950,,,,,4.777623653411865,0.30570727586746216
510,20950,,,1.420664668083191,0.6908556818962097,,
511,20991,,,,,5.045426845550537,0.2968861162662506
511,20991,,,1.4455808401107788,0.6747574806213379,,
512,21032,,,,,5.1762189865112305,0.28815993666648865
512,21032,,,1.4273426532745361,0.6807343363761902,,
513,21073,,,,,5.114012241363525,0.28364893794059753
513,21073,,,1.559287428855896,0.6528406143188477,,
514,21114,,,,,5.073631286621094,0.2858465015888214
514,21114,,,1.4357972145080566,0.6487415432929993,,
515,21155,,,,,5.2936882972717285,0.2688300311565399
515,21155,,,1.5876826047897339,0.6028214693069458,,
516,21196,,,,,4.932145595550537,0.28873783349990845
516,21196,,,1.4678130149841309,0.6537562608718872,,
517,21237,,,,,4.77423095703125,0.30275651812553406
517,21237,,,1.468451976776123,0.6373453140258789,,
518,21278,,,,,4.742673397064209,0.31066828966140747
518,21278,,,1.4430898427963257,0.6840421557426453,,
519,21319,,,,,4.796014785766602,0.3094426989555359
519,21319,,,1.460537314414978,0.6833251118659973,,
520,21360,,,,,4.841700077056885,0.3086118698120117
520,21360,,,1.3987352848052979,0.670431911945343,,
521,21401,,,,,4.88484001159668,0.3062075674533844
521,21401,,,1.3852134943008423,0.6353527903556824,,
522,21442,,,,,4.809062480926514,0.3086906969547272
522,21442,,,1.5543397665023804,0.6372594237327576,,
523,21483,,,,,4.740222454071045,0.3140776753425598
523,21483,,,1.4576910734176636,0.6516205668449402,,
524,21524,,,,,4.860086917877197,0.3047935962677002
524,21524,,,1.4402655363082886,0.6895689368247986,,
525,21565,,,,,4.888676166534424,0.3055775463581085
525,21565,,,1.406078577041626,0.6971977949142456,,
526,21606,,,,,4.791196346282959,0.308750718832016
526,21606,,,1.4294629096984863,0.6358664035797119,,
527,21647,,,,,5.017324447631836,0.3026467561721802
527,21647,,,1.5352137088775635,0.6469782590866089,,
528,21688,,,,,4.733551502227783,0.32177698612213135
528,21688,,,1.4064022302627563,0.6571924686431885,,
529,21729,,,,,4.718017101287842,0.32145771384239197
529,21729,,,1.4863003492355347,0.6080164909362793,,
530,21770,,,,,4.856945037841797,0.31366634368896484
530,21770,,,1.4325960874557495,0.6702203154563904,,
531,21811,,,,,4.966631889343262,0.30191758275032043
531,21811,,,1.5081721544265747,0.6773369908332825,,
532,21852,,,,,4.792879581451416,0.30767586827278137
532,21852,,,1.6032369136810303,0.6483749747276306,,
533,21893,,,,,4.900444984436035,0.30540671944618225
533,21893,,,1.425638198852539,0.662792444229126,,
534,21934,,,,,5.008206844329834,0.2983427047729492
534,21934,,,1.4974030256271362,0.6540905833244324,,
535,21975,,,,,4.9325361251831055,0.29714855551719666
535,21975,,,1.4246000051498413,0.6572592854499817,,
536,22016,,,,,4.759521007537842,0.3090851902961731
536,22016,,,1.4827938079833984,0.6720218062400818,,
537,22057,,,,,4.760228157043457,0.30797454714775085
537,22057,,,1.429612398147583,0.6560975909233093,,
538,22098,,,,,5.063390254974365,0.2894476354122162
538,22098,,,1.4206968545913696,0.6722429394721985,,
539,22139,,,,,5.009182453155518,0.29578912258148193
539,22139,,,1.473067045211792,0.6720248460769653,,
540,22180,,,,,4.7587785720825195,0.3099595606327057
540,22180,,,1.5104321241378784,0.6775176525115967,,
541,22221,,,,,4.971780300140381,0.28357210755348206
541,22221,,,1.4459046125411987,0.6567570567131042,,
542,22262,,,,,4.953495025634766,0.29026558995246887
542,22262,,,1.3526091575622559,0.6542251110076904,,
543,22303,,,,,4.735286235809326,0.30569151043891907
543,22303,,,1.5377051830291748,0.6678504943847656,,
544,22344,,,,,4.793297290802002,0.30804312229156494
544,22344,,,1.517676591873169,0.7029344439506531,,
545,22385,,,,,4.742069244384766,0.313992977142334
545,22385,,,1.4542021751403809,0.6763100624084473,,
546,22426,,,,,4.672323226928711,0.3195364475250244
546,22426,,,1.5444309711456299,0.656078040599823,,
547,22467,,,,,5.005751132965088,0.29199331998825073
547,22467,,,1.4461947679519653,0.6938475370407104,,
548,22508,,,,,4.991214752197266,0.3007589280605316
548,22508,,,1.370429277420044,0.6795283555984497,,
549,22549,,,,,4.890316486358643,0.30404576659202576
549,22549,,,1.3791362047195435,0.6578107476234436,,
550,22590,,,,,4.753276824951172,0.3159808814525604
550,22590,,,1.4900747537612915,0.6569918394088745,,
551,22631,,,,,4.913012504577637,0.30037930607795715
551,22631,,,1.5372915267944336,0.6409381031990051,,
552,22672,,,,,4.70034122467041,0.316061794757843
552,22672,,,1.3637760877609253,0.6799512505531311,,
553,22713,,,,,4.989684104919434,0.2991088926792145
553,22713,,,1.4100525379180908,0.7038074731826782,,
554,22754,,,,,4.88005256652832,0.3073210120201111
554,22754,,,1.326751947402954,0.6650258898735046,,
555,22795,,,,,4.740638256072998,0.3170805275440216
555,22795,,,1.4737526178359985,0.6466099619865417,,
556,22836,,,,,4.922692775726318,0.29961034655570984
556,22836,,,1.5171844959259033,0.6550943851470947,,
557,22877,,,,,4.754852771759033,0.31344839930534363
557,22877,,,1.3747481107711792,0.6736037135124207,,
558,22918,,,,,4.910729885101318,0.30809280276298523
558,22918,,,1.4169622659683228,0.6688475012779236,,
559,22959,,,,,4.972215175628662,0.3060078024864197
559,22959,,,1.5719565153121948,0.6654649972915649,,
560,23000,,,,,5.053978443145752,0.3028637170791626
560,23000,,,1.447348952293396,0.6852182745933533,,
561,23041,,,,,4.822551250457764,0.3196454644203186
561,23041,,,1.501250982284546,0.6827527284622192,,
562,23082,,,,,4.627255439758301,0.32975199818611145
562,23082,,,1.4173924922943115,0.6409510374069214,,
563,23123,,,,,4.728341579437256,0.32453450560569763
563,23123,,,1.3880058526992798,0.6500779390335083,,
564,23164,,,,,4.7893757820129395,0.3194625973701477
564,23164,,,1.4436906576156616,0.6548845171928406,,
565,23205,,,,,4.752562999725342,0.3232564926147461
565,23205,,,1.4274896383285522,0.655633807182312,,
566,23246,,,,,4.766917705535889,0.3211256265640259
566,23246,,,1.4334396123886108,0.6878586411476135,,
567,23287,,,,,4.656349182128906,0.32597586512565613
567,23287,,,1.5064233541488647,0.6779858469963074,,
568,23328,,,,,5.0761942863464355,0.30711817741394043
568,23328,,,1.4846254587173462,0.6780288219451904,,
569,23369,,,,,5.028370380401611,0.30523693561553955
569,23369,,,1.4667829275131226,0.6469609141349792,,
570,23410,,,,,5.014380931854248,0.3079240024089813
570,23410,,,1.397731065750122,0.6391997933387756,,
571,23451,,,,,4.8232574462890625,0.3235425055027008
571,23451,,,1.4461722373962402,0.6715056896209717,,
572,23492,,,,,5.234696388244629,0.29631200432777405
572,23492,,,1.44310462474823,0.6503018140792847,,
573,23533,,,,,4.932803153991699,0.3139495551586151
573,23533,,,1.4107543230056763,0.6992344260215759,,
574,23574,,,,,5.180852890014648,0.30335429310798645
574,23574,,,1.3963130712509155,0.6929407715797424,,
575,23615,,,,,5.111376762390137,0.30538854002952576
575,23615,,,1.3862727880477905,0.6941224336624146,,
576,23656,,,,,4.962325096130371,0.3130422532558441
576,23656,,,1.3785309791564941,0.6728575229644775,,
577,23697,,,,,4.736746788024902,0.3306090235710144
577,23697,,,1.440643548965454,0.6515335440635681,,
578,23738,,,,,5.082784175872803,0.31240564584732056
578,23738,,,1.3426491022109985,0.6803328990936279,,
579,23779,,,,,4.581544876098633,0.3431178629398346
579,23779,,,1.382567286491394,0.6904862523078918,,
580,23820,,,,,4.918337345123291,0.3288141191005707
580,23820,,,1.4730513095855713,0.643239438533783,,
581,23861,,,,,4.9941582679748535,0.3192782700061798
581,23861,,,1.4656004905700684,0.6321149468421936,,
582,23902,,,,,5.02450704574585,0.3173697888851166
582,23902,,,1.493286371231079,0.6406677961349487,,
583,23943,,,,,4.882768154144287,0.32438963651657104
583,23943,,,1.3634854555130005,0.6779906153678894,,
584,23984,,,,,4.8555989265441895,0.3202526867389679
584,23984,,,1.3283398151397705,0.6822704076766968,,
585,24025,,,,,4.995175361633301,0.3163369596004486
585,24025,,,1.4577407836914062,0.690466046333313,,
586,24066,,,,,4.834582805633545,0.3245892822742462
586,24066,,,1.3729177713394165,0.6663439869880676,,
587,24107,,,,,4.778123378753662,0.3267279267311096
587,24107,,,1.405803918838501,0.6698859333992004,,
588,24148,,,,,4.852954864501953,0.32737505435943604
588,24148,,,1.458410620689392,0.6758348345756531,,
589,24189,,,,,4.6558990478515625,0.33853498101234436
589,24189,,,1.3678569793701172,0.6926629543304443,,
590,24230,,,,,4.732285499572754,0.3324180245399475
590,24230,,,1.4082629680633545,0.6689258217811584,,
591,24271,,,,,4.985659599304199,0.31852900981903076
591,24271,,,1.4514600038528442,0.6614352464675903,,
592,24312,,,,,5.031811237335205,0.31081995368003845
592,24312,,,1.5257443189620972,0.6405613422393799,,
593,24353,,,,,5.021908283233643,0.3126581609249115
593,24353,,,1.510272741317749,0.6789049506187439,,
594,24394,,,,,5.05327844619751,0.3110699951648712
594,24394,,,1.4841158390045166,0.6975973844528198,,
595,24435,,,,,4.822768688201904,0.317181795835495
595,24435,,,1.456977128982544,0.6416750550270081,,
596,24476,,,,,4.691701889038086,0.32840028405189514
596,24476,,,1.4106388092041016,0.6670904755592346,,
597,24517,,,,,4.793969631195068,0.3253205716609955
597,24517,,,1.4036227464675903,0.6851922273635864,,
598,24558,,,,,5.1375322341918945,0.312533974647522
598,24558,,,1.4430339336395264,0.6799493432044983,,
599,24599,,,,,5.056504249572754,0.3095032870769501
599,24599,,,1.4414247274398804,0.6719480156898499,,
600,24640,,,,,4.83612060546875,0.32229819893836975
600,24640,,,1.4599623680114746,0.6311104893684387,,
601,24681,,,,,4.9651713371276855,0.3149688243865967
601,24681,,,1.421624779701233,0.6693151593208313,,
602,24722,,,,,4.725980758666992,0.3240586817264557
602,24722,,,1.5277398824691772,0.6266855597496033,,
603,24763,,,,,5.158729553222656,0.3044099807739258
603,24763,,,1.410111904144287,0.6634916663169861,,
604,24804,,,,,4.832625865936279,0.3184383511543274
604,24804,,,1.5973304510116577,0.6592883467674255,,
605,24845,,,,,4.892386436462402,0.31413036584854126
605,24845,,,1.363273024559021,0.7184532880783081,,
606,24886,,,,,4.743102550506592,0.3258545398712158
606,24886,,,1.3283405303955078,0.6613014936447144,,
607,24927,,,,,4.807594299316406,0.31921735405921936
607,24927,,,1.4313924312591553,0.6544399261474609,,
608,24968,,,,,4.959903240203857,0.31005221605300903
608,24968,,,1.466011643409729,0.6454606652259827,,
609,25009,,,,,4.927859306335449,0.31702059507369995
609,25009,,,1.40125572681427,0.6769404411315918,,
610,25050,,,,,4.857054710388184,0.31585654616355896
610,25050,,,1.3608553409576416,0.6879476308822632,,
611,25091,,,,,4.915604591369629,0.31379732489585876
611,25091,,,1.2911769151687622,0.7167107462882996,,
612,25132,,,,,4.816639423370361,0.32240772247314453
612,25132,,,1.309397578239441,0.6954951882362366,,
613,25173,,,,,4.979760646820068,0.31108927726745605
613,25173,,,1.4230974912643433,0.663605272769928,,
614,25214,,,,,4.81563138961792,0.32098454236984253
614,25214,,,1.4732224941253662,0.6698319315910339,,
615,25255,,,,,5.013699531555176,0.3080614507198334
615,25255,,,1.3623534440994263,0.671427309513092,,
616,25296,,,,,5.209046840667725,0.3080870807170868
616,25296,,,1.3725448846817017,0.6922036409378052,,
617,25337,,,,,4.897698402404785,0.3198555111885071
617,25337,,,1.4027485847473145,0.6471594572067261,,
618,25378,,,,,4.711479187011719,0.32836759090423584
618,25378,,,1.3798922300338745,0.6651891469955444,,
619,25419,,,,,4.791040897369385,0.326688677072525
619,25419,,,1.490760087966919,0.6746742129325867,,
620,25460,,,,,4.802358627319336,0.3267480731010437
620,25460,,,1.3427622318267822,0.6640322804450989,,
621,25501,,,,,4.765451908111572,0.32588231563568115
621,25501,,,1.4520518779754639,0.7081338167190552,,
622,25542,,,,,4.729420185089111,0.32905668020248413
622,25542,,,1.3737393617630005,0.6987775564193726,,
623,25583,,,,,4.7041449546813965,0.3285631239414215
623,25583,,,1.4467037916183472,0.6682623624801636,,
624,25624,,,,,4.876269817352295,0.3181215524673462
624,25624,,,1.4694496393203735,0.6791511178016663,,
625,25665,,,,,4.799665927886963,0.321480393409729
625,25665,,,1.4612736701965332,0.6638216376304626,,
626,25706,,,,,4.78321647644043,0.3236463665962219
626,25706,,,1.417301058769226,0.6694777607917786,,
627,25747,,,,,4.802411079406738,0.3250313997268677
627,25747,,,1.4361680746078491,0.6687025427818298,,
628,25788,,,,,4.745261192321777,0.32508930563926697
628,25788,,,1.4203336238861084,0.6876463890075684,,
629,25829,,,,,4.841597080230713,0.31945672631263733
629,25829,,,1.3030571937561035,0.6672966480255127,,
630,25870,,,,,4.86524772644043,0.3205157518386841
630,25870,,,1.3941614627838135,0.6794068217277527,,
631,25911,,,,,4.772510051727295,0.3269094228744507
631,25911,,,1.3269143104553223,0.6989843845367432,,
632,25952,,,,,4.871788024902344,0.325984388589859
632,25952,,,1.4450584650039673,0.6779291033744812,,
633,25993,,,,,4.968000888824463,0.3127487599849701
633,25993,,,1.501584529876709,0.6535680294036865,,
634,26034,,,,,4.803338527679443,0.323689728975296
634,26034,,,1.4673066139221191,0.6591918468475342,,
635,26075,,,,,4.819486618041992,0.3249640464782715
635,26075,,,1.4153577089309692,0.6997271776199341,,
636,26116,,,,,4.747076034545898,0.33077922463417053
636,26116,,,1.4604262113571167,0.6332188844680786,,
637,26157,,,,,4.95459508895874,0.3193371295928955
637,26157,,,1.413547396659851,0.6830630302429199,,
638,26198,,,,,4.882379531860352,0.327901691198349
638,26198,,,1.3781591653823853,0.6783122420310974,,
639,26239,,,,,4.759469985961914,0.33293136954307556
639,26239,,,1.4984990358352661,0.6524778008460999,,
640,26280,,,,,4.807548999786377,0.3345024883747101
640,26280,,,1.3935561180114746,0.7134105563163757,,
641,26321,,,,,4.724597930908203,0.339158833026886
641,26321,,,1.3764920234680176,0.7122007012367249,,
642,26362,,,,,4.724884986877441,0.3390388786792755
642,26362,,,1.4099297523498535,0.6821013689041138,,
643,26403,,,,,4.791053771972656,0.3325863480567932
643,26403,,,1.3812170028686523,0.6618964672088623,,
644,26444,,,,,4.727030277252197,0.3342646658420563
644,26444,,,1.4738589525222778,0.6819877624511719,,
645,26485,,,,,4.749079704284668,0.3324167728424072
645,26485,,,1.4354913234710693,0.6472437381744385,,
646,26526,,,,,4.8139967918396,0.33111125230789185
646,26526,,,1.3224844932556152,0.6982548236846924,,
647,26567,,,,,4.669712543487549,0.33247700333595276
647,26567,,,1.4112502336502075,0.6959879994392395,,
648,26608,,,,,4.796987056732178,0.3304857611656189
648,26608,,,1.4271703958511353,0.6777011752128601,,
649,26649,,,,,4.813408851623535,0.32913538813591003
649,26649,,,1.3639699220657349,0.7120330333709717,,
650,26690,,,,,4.792820930480957,0.33151718974113464
650,26690,,,1.4272806644439697,0.6371090412139893,,
651,26731,,,,,4.660586357116699,0.33938857913017273
651,26731,,,1.3735114336013794,0.7167168855667114,,
652,26772,,,,,4.798110485076904,0.33181527256965637
652,26772,,,1.3697046041488647,0.6943422555923462,,
653,26813,,,,,4.831203460693359,0.33076825737953186
653,26813,,,1.3432676792144775,0.678634762763977,,
654,26854,,,,,4.853643894195557,0.3291621506214142
654,26854,,,1.3418375253677368,0.6826818585395813,,
655,26895,,,,,4.660376071929932,0.34110838174819946
655,26895,,,1.3651739358901978,0.6914841532707214,,
656,26936,,,,,4.9061479568481445,0.33532583713531494
656,26936,,,1.431580901145935,0.6651453971862793,,
657,26977,,,,,4.920995235443115,0.32998839020729065
657,26977,,,1.3338814973831177,0.6909348368644714,,
658,27018,,,,,4.778735160827637,0.3371252417564392
658,27018,,,1.4512434005737305,0.662122905254364,,
659,27059,,,,,4.6994476318359375,0.33838000893592834
659,27059,,,1.3879081010818481,0.6859762072563171,,
660,27100,,,,,4.570035934448242,0.34518173336982727
660,27100,,,1.3506526947021484,0.7044575214385986,,
661,27141,,,,,4.634608745574951,0.3433924913406372
661,27141,,,1.3953335285186768,0.7124013900756836,,
662,27182,,,,,4.767885684967041,0.33948758244514465
662,27182,,,1.2352468967437744,0.672295331954956,,
663,27223,,,,,4.772172451019287,0.3392036259174347
663,27223,,,1.3038636445999146,0.67064368724823,,
664,27264,,,,,4.631148338317871,0.3455131947994232
664,27264,,,1.3464189767837524,0.7059091329574585,,
665,27305,,,,,4.6775617599487305,0.3449450731277466
665,27305,,,1.2976605892181396,0.7231335639953613,,
666,27346,,,,,4.644090175628662,0.3435719609260559
666,27346,,,1.427329182624817,0.6959270238876343,,
667,27387,,,,,4.749879360198975,0.3401394486427307
667,27387,,,1.2908194065093994,0.6750408411026001,,
668,27428,,,,,4.965234756469727,0.333818644285202
668,27428,,,1.2934759855270386,0.679374635219574,,
669,27469,,,,,4.624447345733643,0.34203270077705383
669,27469,,,1.5597920417785645,0.6508985161781311,,
670,27510,,,,,4.693636417388916,0.33866381645202637
670,27510,,,1.3869253396987915,0.6958388090133667,,
671,27551,,,,,4.78519344329834,0.3397301137447357
671,27551,,,1.2820008993148804,0.683226466178894,,
672,27592,,,,,4.9462385177612305,0.3347679674625397
672,27592,,,1.3318930864334106,0.7100045680999756,,
673,27633,,,,,4.788621425628662,0.33538445830345154
673,27633,,,1.4275729656219482,0.6856186389923096,,
674,27674,,,,,4.841334342956543,0.3384850025177002
674,27674,,,1.389016032218933,0.687545657157898,,
675,27715,,,,,4.771597385406494,0.3397517204284668
675,27715,,,1.2749789953231812,0.7140454649925232,,
676,27756,,,,,4.871363639831543,0.33992406725883484
676,27756,,,1.4033050537109375,0.6707149147987366,,
677,27797,,,,,4.966643333435059,0.3276045620441437
677,27797,,,1.3594897985458374,0.6753167510032654,,
678,27838,,,,,4.696986675262451,0.33109962940216064
678,27838,,,1.453939437866211,0.6735119223594666,,
679,27879,,,,,4.927776336669922,0.32325899600982666
679,27879,,,1.4103929996490479,0.6755341291427612,,
680,27920,,,,,4.9393110275268555,0.3244624137878418
680,27920,,,1.299411654472351,0.6842442154884338,,
681,27961,,,,,4.573808670043945,0.3393174111843109
681,27961,,,1.3703972101211548,0.6806849837303162,,
682,28002,,,,,4.761687278747559,0.3327674865722656
682,28002,,,1.3332104682922363,0.6918753981590271,,
683,28043,,,,,4.660172462463379,0.33759769797325134
683,28043,,,1.378883957862854,0.7095767259597778,,
684,28084,,,,,4.7037882804870605,0.33885136246681213
684,28084,,,1.449701189994812,0.6766676902770996,,
685,28125,,,,,4.695022106170654,0.3355056345462799
685,28125,,,1.3262560367584229,0.7305814623832703,,
686,28166,,,,,4.665397644042969,0.3366059362888336
686,28166,,,1.3147711753845215,0.6947975158691406,,
687,28207,,,,,4.746533393859863,0.3371905982494354
687,28207,,,1.2496291399002075,0.6971569657325745,,
688,28248,,,,,4.809925556182861,0.3345524072647095
688,28248,,,1.283675193786621,0.6852831244468689,,
689,28289,,,,,4.6392822265625,0.3397381603717804
689,28289,,,1.3620446920394897,0.6813991069793701,,
690,28330,,,,,4.621756076812744,0.33868902921676636
690,28330,,,1.3187010288238525,0.6971166133880615,,
691,28371,,,,,4.704989910125732,0.3373677730560303
691,28371,,,1.3254778385162354,0.6848635077476501,,
692,28412,,,,,4.60539436340332,0.3439347743988037
692,28412,,,1.4327740669250488,0.6784448623657227,,
693,28453,,,,,4.763344764709473,0.34117645025253296
693,28453,,,1.3516713380813599,0.6722288131713867,,
694,28494,,,,,4.6192145347595215,0.3450201749801636
694,28494,,,1.3215525150299072,0.6885544061660767,,
695,28535,,,,,4.842470645904541,0.3376655578613281
695,28535,,,1.3757902383804321,0.6691569089889526,,
696,28576,,,,,4.684536933898926,0.3486185669898987
696,28576,,,1.2828419208526611,0.704676628112793,,
697,28617,,,,,4.74082088470459,0.34453871846199036
697,28617,,,1.383198618888855,0.7095243334770203,,
698,28658,,,,,4.8648457527160645,0.33655840158462524
698,28658,,,1.3680344820022583,0.70673006772995,,
699,28699,,,,,4.73533821105957,0.3383426368236542
699,28699,,,1.4127551317214966,0.663139820098877,,
700,28740,,,,,4.731469631195068,0.34044820070266724
700,28740,,,1.363991141319275,0.6899183988571167,,
701,28781,,,,,4.744828701019287,0.34160974621772766
701,28781,,,1.2599122524261475,0.6649937629699707,,
702,28822,,,,,4.978144645690918,0.327640175819397
702,28822,,,1.3926210403442383,0.6911728382110596,,
703,28863,,,,,4.654581069946289,0.34241214394569397
703,28863,,,1.3885588645935059,0.680277407169342,,
704,28904,,,,,4.597934722900391,0.34730321168899536
704,28904,,,1.3343335390090942,0.7125559449195862,,
705,28945,,,,,4.584838390350342,0.34861454367637634
705,28945,,,1.3690532445907593,0.6666735410690308,,
706,28986,,,,,4.710811614990234,0.3485023081302643
706,28986,,,1.4082280397415161,0.6472432017326355,,
707,29027,,,,,4.622457981109619,0.3501920700073242
707,29027,,,1.3542704582214355,0.7070025205612183,,
708,29068,,,,,4.679927825927734,0.3486213982105255
708,29068,,,1.3303958177566528,0.7056207060813904,,
709,29109,,,,,4.644007682800293,0.3468065559864044
709,29109,,,1.3453068733215332,0.6786206960678101,,
710,29150,,,,,4.653925895690918,0.34362003207206726
710,29150,,,1.3880184888839722,0.6602386832237244,,
711,29191,,,,,4.6117987632751465,0.34750446677207947
711,29191,,,1.3153483867645264,0.7021493911743164,,
712,29232,,,,,4.687716007232666,0.34737586975097656
712,29232,,,1.3174282312393188,0.6936522126197815,,
713,29273,,,,,4.539920806884766,0.355938196182251
713,29273,,,1.3298304080963135,0.6987411975860596,,
714,29314,,,,,4.612639904022217,0.34934625029563904
714,29314,,,1.4024461507797241,0.6801092624664307,,
715,29355,,,,,4.624263286590576,0.3476569950580597
715,29355,,,1.313417911529541,0.7029221653938293,,
716,29396,,,,,4.584200382232666,0.3485277593135834
716,29396,,,1.3714258670806885,0.6815798282623291,,
717,29437,,,,,4.841766834259033,0.3404630720615387
717,29437,,,1.3931313753128052,0.7046061158180237,,
718,29478,,,,,4.7629618644714355,0.3451254665851593
718,29478,,,1.4010961055755615,0.703323483467102,,
719,29519,,,,,4.758886814117432,0.3431183099746704
719,29519,,,1.284494400024414,0.6848968267440796,,
720,29560,,,,,4.625965595245361,0.3499287962913513
720,29560,,,1.3547906875610352,0.6926640868186951,,
721,29601,,,,,4.589280605316162,0.356248676776886
721,29601,,,1.365661382675171,0.6737090349197388,,
722,29642,,,,,4.657391548156738,0.3554167151451111
722,29642,,,1.4595258235931396,0.6814290285110474,,
723,29683,,,,,4.676016807556152,0.35371294617652893
723,29683,,,1.268721342086792,0.6695245504379272,,
724,29724,,,,,4.69685173034668,0.35288795828819275
724,29724,,,1.3259475231170654,0.6975500583648682,,
725,29765,,,,,4.756016254425049,0.35060152411460876
725,29765,,,1.3810231685638428,0.7151678204536438,,
726,29806,,,,,4.683902263641357,0.3519653379917145
726,29806,,,1.3429548740386963,0.6863178014755249,,
727,29847,,,,,4.538381576538086,0.3556871712207794
727,29847,,,1.3534408807754517,0.6804020404815674,,
728,29888,,,,,4.596660614013672,0.35469016432762146
728,29888,,,1.3549689054489136,0.7044497728347778,,
729,29929,,,,,4.735182762145996,0.34781989455223083
729,29929,,,1.3076682090759277,0.7224138379096985,,
730,29970,,,,,4.605164527893066,0.35627004504203796
730,29970,,,1.2875794172286987,0.7083838582038879,,
731,30011,,,,,4.590841770172119,0.3559052348136902
731,30011,,,1.3218262195587158,0.7017174959182739,,
732,30052,,,,,4.616245269775391,0.3578735291957855
732,30052,,,1.309598445892334,0.6947976350784302,,
733,30093,,,,,4.7834858894348145,0.3501657247543335
733,30093,,,1.3023760318756104,0.7168406248092651,,
734,30134,,,,,4.683844089508057,0.35327792167663574
734,30134,,,1.3646224737167358,0.6864570379257202,,
735,30175,,,,,4.659209728240967,0.35326308012008667
735,30175,,,1.2846845388412476,0.7121127247810364,,
736,30216,,,,,4.725233554840088,0.354434609413147
736,30216,,,1.388012170791626,0.7025653719902039,,
737,30257,,,,,4.7178239822387695,0.353947252035141
737,30257,,,1.285470724105835,0.6733757853507996,,
738,30298,,,,,4.554131984710693,0.3593868911266327
738,30298,,,1.253567099571228,0.7426900863647461,,
739,30339,,,,,4.816836357116699,0.3504985272884369
739,30339,,,1.3235793113708496,0.7371015548706055,,
740,30380,,,,,4.707709312438965,0.35294485092163086
740,30380,,,1.3238574266433716,0.6949777007102966,,
741,30421,,,,,4.728521347045898,0.3485346734523773
741,30421,,,1.3158791065216064,0.6815160512924194,,
742,30462,,,,,4.672703742980957,0.3536061942577362
742,30462,,,1.4413378238677979,0.6875787377357483,,
743,30503,,,,,4.749316215515137,0.35420310497283936
743,30503,,,1.3742454051971436,0.6959853172302246,,
744,30544,,,,,4.66504430770874,0.35290512442588806
744,30544,,,1.3422642946243286,0.6768477559089661,,
745,30585,,,,,4.604933261871338,0.360510915517807
745,30585,,,1.2812944650650024,0.7259348034858704,,
746,30626,,,,,4.589473247528076,0.35788264870643616
746,30626,,,1.3318012952804565,0.6725340485572815,,
747,30667,,,,,4.616711616516113,0.3540792465209961
747,30667,,,1.2294355630874634,0.6793338656425476,,
748,30708,,,,,4.630782127380371,0.35264694690704346
748,30708,,,1.2821077108383179,0.694453239440918,,
749,30749,,,,,4.611441135406494,0.3543459177017212
749,30749,,,1.2735925912857056,0.695277750492096,,
750,30790,,,,,4.6334919929504395,0.3509921729564667
750,30790,,,1.3406344652175903,0.6978243589401245,,
751,30831,,,,,4.6283955574035645,0.34998610615730286
751,30831,,,1.257612705230713,0.6752362251281738,,
752,30872,,,,,4.7309980392456055,0.346116840839386
752,30872,,,1.3567155599594116,0.6815084218978882,,
753,30913,,,,,4.673671722412109,0.34948480129241943
753,30913,,,1.3621211051940918,0.6793673038482666,,
754,30954,,,,,4.645681858062744,0.3528544306755066
754,30954,,,1.2854958772659302,0.7305319309234619,,
755,30995,,,,,4.797946453094482,0.3443925380706787
755,30995,,,1.2810484170913696,0.6799123287200928,,
756,31036,,,,,4.668091297149658,0.34711650013923645
756,31036,,,1.2921397686004639,0.6828733682632446,,
757,31077,,,,,4.680870056152344,0.34913569688796997
757,31077,,,1.1714723110198975,0.7014170289039612,,
758,31118,,,,,4.672806262969971,0.3515236973762512
758,31118,,,1.3491684198379517,0.6895102858543396,,
759,31159,,,,,4.73555850982666,0.3514575958251953
759,31159,,,1.3224202394485474,0.6889824271202087,,
760,31200,,,,,4.6294050216674805,0.3581833243370056
760,31200,,,1.3905795812606812,0.6907992362976074,,
761,31241,,,,,4.68882942199707,0.35472044348716736
761,31241,,,1.314522385597229,0.7193529605865479,,
762,31282,,,,,4.68585729598999,0.3546755611896515
762,31282,,,1.335964322090149,0.688751757144928,,
763,31323,,,,,4.740767955780029,0.3565344214439392
763,31323,,,1.2975397109985352,0.7000756859779358,,
764,31364,,,,,4.702831268310547,0.35913199186325073
764,31364,,,1.2773445844650269,0.7035373449325562,,
765,31405,,,,,4.7021589279174805,0.3581891357898712
765,31405,,,1.2412633895874023,0.7170019149780273,,
766,31446,,,,,4.653824329376221,0.3553287386894226
766,31446,,,1.358349323272705,0.6895596385002136,,
767,31487,,,,,4.707182884216309,0.35534918308258057
767,31487,,,1.266385555267334,0.7085150480270386,,
768,31528,,,,,4.633353233337402,0.36293888092041016
768,31528,,,1.4098186492919922,0.6860376596450806,,
769,31569,,,,,4.649630546569824,0.36127907037734985
769,31569,,,1.3471308946609497,0.7048007249832153,,
770,31610,,,,,4.586053848266602,0.36646202206611633
770,31610,,,1.3226836919784546,0.6721566319465637,,
771,31651,,,,,4.587763786315918,0.3633873462677002
771,31651,,,1.3327800035476685,0.7127946615219116,,
772,31692,,,,,4.631075859069824,0.362720251083374
772,31692,,,1.3797783851623535,0.7183297276496887,,
773,31733,,,,,4.5706000328063965,0.36002346873283386
773,31733,,,1.3163297176361084,0.6920421719551086,,
774,31774,,,,,4.545403480529785,0.3657177984714508
774,31774,,,1.388424277305603,0.6887890100479126,,
775,31815,,,,,4.514491558074951,0.36995452642440796
775,31815,,,1.3583592176437378,0.6889528036117554,,
776,31856,,,,,4.568181991577148,0.36573895812034607
776,31856,,,1.3152227401733398,0.6850038170814514,,
777,31897,,,,,4.5453081130981445,0.3690360188484192
777,31897,,,1.31094491481781,0.7008032202720642,,
778,31938,,,,,4.6324968338012695,0.3595140278339386
778,31938,,,1.292984962463379,0.69399094581604,,
779,31979,,,,,4.557267665863037,0.3586995005607605
779,31979,,,1.3045732975006104,0.7210538983345032,,
780,32020,,,,,4.6382527351379395,0.3550988733768463
780,32020,,,1.3192650079727173,0.6890015602111816,,
781,32061,,,,,4.596619606018066,0.35324394702911377
781,32061,,,1.2621996402740479,0.7223845720291138,,
782,32102,,,,,4.626999378204346,0.3504910171031952
782,32102,,,1.2340044975280762,0.712072491645813,,
783,32143,,,,,4.65467643737793,0.35223138332366943
783,32143,,,1.2488715648651123,0.692122220993042,,
784,32184,,,,,4.771310329437256,0.35079655051231384
784,32184,,,1.239123821258545,0.7429187297821045,,
785,32225,,,,,4.596318244934082,0.355487197637558
785,32225,,,1.2815808057785034,0.7157391905784607,,
786,32266,,,,,4.604285717010498,0.35459214448928833
786,32266,,,1.245565414428711,0.6774914860725403,,
787,32307,,,,,4.564477443695068,0.35947123169898987
787,32307,,,1.27440345287323,0.7007472515106201,,
788,32348,,,,,4.6382527351379395,0.3547048568725586
788,32348,,,1.289233922958374,0.7171425223350525,,
789,32389,,,,,4.643411636352539,0.3584393262863159
789,32389,,,1.2432224750518799,0.7204908728599548,,
790,32430,,,,,4.606698036193848,0.35931307077407837
790,32430,,,1.3297384977340698,0.7069978713989258,,
791,32471,,,,,4.662234306335449,0.35517674684524536
791,32471,,,1.3775252103805542,0.6855405569076538,,
792,32512,,,,,4.558374881744385,0.35769620537757874
792,32512,,,1.4045072793960571,0.7074651718139648,,
793,32553,,,,,4.621347904205322,0.3577854335308075
793,32553,,,1.3334193229675293,0.7136517763137817,,
794,32594,,,,,4.579168319702148,0.3600378632545471
794,32594,,,1.352069616317749,0.6919267177581787,,
795,32635,,,,,4.651793956756592,0.3549630045890808
795,32635,,,1.385312557220459,0.7162218689918518,,
796,32676,,,,,4.541799068450928,0.3571215569972992
796,32676,,,1.2767456769943237,0.7258910536766052,,
797,32717,,,,,4.566802978515625,0.3555699586868286
797,32717,,,1.2738462686538696,0.7325018644332886,,
798,32758,,,,,4.578493118286133,0.3521976172924042
798,32758,,,1.2785643339157104,0.732280433177948,,
799,32799,,,,,4.63270902633667,0.3550019860267639
799,32799,,,1.2536025047302246,0.6976999044418335,,
800,32840,,,,,4.584773063659668,0.35576778650283813
800,32840,,,1.228545904159546,0.7303240895271301,,
801,32881,,,,,4.50386905670166,0.35423117876052856
801,32881,,,1.313483715057373,0.7285454273223877,,
802,32922,,,,,4.465550422668457,0.35544252395629883
802,32922,,,1.363551139831543,0.7020461559295654,,
803,32963,,,,,4.592477798461914,0.3541034758090973
803,32963,,,1.3535819053649902,0.7010791301727295,,
804,33004,,,,,4.573787212371826,0.35663583874702454
804,33004,,,1.3158625364303589,0.7070839405059814,,
805,33045,,,,,4.623154640197754,0.35695549845695496
805,33045,,,1.3492094278335571,0.6714683175086975,,
806,33086,,,,,4.629665851593018,0.35824787616729736
806,33086,,,1.2919145822525024,0.6824133396148682,,
807,33127,,,,,4.502307415008545,0.36296528577804565
807,33127,,,1.3401873111724854,0.6787101030349731,,
808,33168,,,,,4.530574798583984,0.363601416349411
808,33168,,,1.3317945003509521,0.6959426403045654,,
809,33209,,,,,4.487931728363037,0.36182692646980286
809,33209,,,1.2576130628585815,0.7147422432899475,,
810,33250,,,,,4.5878143310546875,0.36276400089263916
810,33250,,,1.315007209777832,0.686682939529419,,
811,33291,,,,,4.603973865509033,0.3614770472049713
811,33291,,,1.2675479650497437,0.7183229327201843,,
812,33332,,,,,4.513879299163818,0.3614455461502075
812,33332,,,1.2404015064239502,0.736017107963562,,
813,33373,,,,,4.501360893249512,0.3598775267601013
813,33373,,,1.3138301372528076,0.725190281867981,,
814,33414,,,,,4.750494956970215,0.3548142910003662
814,33414,,,1.2231206893920898,0.7313477993011475,,
815,33455,,,,,4.569657325744629,0.3564414083957672
815,33455,,,1.2421396970748901,0.702968418598175,,
816,33496,,,,,4.515951633453369,0.36310362815856934
816,33496,,,1.2399098873138428,0.6956955790519714,,
817,33537,,,,,4.581001281738281,0.36407074332237244
817,33537,,,1.3410359621047974,0.7057238221168518,,
818,33578,,,,,4.557828426361084,0.36483362317085266
818,33578,,,1.2638641595840454,0.7162746787071228,,
819,33619,,,,,4.697380542755127,0.359497994184494
819,33619,,,1.2677080631256104,0.7399085760116577,,
820,33660,,,,,4.5677289962768555,0.36016666889190674
820,33660,,,1.2550413608551025,0.7188495993614197,,
821,33701,,,,,4.584502220153809,0.3632009029388428
821,33701,,,1.2576313018798828,0.7341648936271667,,
822,33742,,,,,4.628977298736572,0.3620351254940033
822,33742,,,1.3098595142364502,0.7000881433486938,,
823,33783,,,,,4.577113151550293,0.36075130105018616
823,33783,,,1.2974295616149902,0.734854519367218,,
824,33824,,,,,4.571800231933594,0.36239093542099
824,33824,,,1.2191202640533447,0.754796028137207,,
825,33865,,,,,4.59105110168457,0.36130350828170776
825,33865,,,1.3285235166549683,0.6956264972686768,,
826,33906,,,,,4.571564197540283,0.3598348796367645
826,33906,,,1.2174268960952759,0.7276923060417175,,
827,33947,,,,,4.715595245361328,0.3537934124469757
827,33947,,,1.2538877725601196,0.7347682118415833,,
828,33988,,,,,4.586524963378906,0.3582765460014343
828,33988,,,1.2892826795578003,0.6873770952224731,,
829,34029,,,,,4.552464008331299,0.35819607973098755
829,34029,,,1.308942198753357,0.7238359451293945,,
830,34070,,,,,4.4957594871521,0.3569316565990448
830,34070,,,1.2178215980529785,0.7115462422370911,,
831,34111,,,,,4.499676704406738,0.3613905608654022
831,34111,,,1.3086374998092651,0.7291727066040039,,
832,34152,,,,,4.50554895401001,0.36024558544158936
832,34152,,,1.1922932863235474,0.7511447668075562,,
833,34193,,,,,4.501560211181641,0.3583153784275055
833,34193,,,1.3549185991287231,0.6871629357337952,,
834,34234,,,,,4.457339763641357,0.3544178903102875
834,34234,,,1.3120694160461426,0.7065801024436951,,
835,34275,,,,,4.513717174530029,0.3595006465911865
835,34275,,,1.2816848754882812,0.7312819361686707,,
836,34316,,,,,4.47534704208374,0.3574959933757782
836,34316,,,1.3022282123565674,0.7150063514709473,,
837,34357,,,,,4.424315929412842,0.356039434671402
837,34357,,,1.2924104928970337,0.7085408568382263,,
838,34398,,,,,4.503445625305176,0.3577156662940979
838,34398,,,1.247871994972229,0.7089221477508545,,
839,34439,,,,,4.520167350769043,0.3625599443912506
839,34439,,,1.1864995956420898,0.7304214835166931,,
840,34480,,,,,4.629793643951416,0.36519724130630493
840,34480,,,1.4148268699645996,0.7306944131851196,,
841,34521,,,,,4.543817043304443,0.36200183629989624
841,34521,,,1.2207361459732056,0.7022027373313904,,
842,34562,,,,,4.562420845031738,0.36658501625061035
842,34562,,,1.2664525508880615,0.7161552906036377,,
843,34603,,,,,4.436215877532959,0.36910131573677063
843,34603,,,1.2865188121795654,0.698763906955719,,
844,34644,,,,,4.439395904541016,0.3683345317840576
844,34644,,,1.2031062841415405,0.718994140625,,
845,34685,,,,,4.441256999969482,0.3693835139274597
845,34685,,,1.2734332084655762,0.7317469716072083,,
846,34726,,,,,4.526233196258545,0.3706481456756592
846,34726,,,1.2142276763916016,0.7146804928779602,,
847,34767,,,,,4.44919490814209,0.36764129996299744
847,34767,,,1.3598930835723877,0.7069851160049438,,
848,34808,,,,,4.453141689300537,0.369742214679718
848,34808,,,1.2659237384796143,0.7153418064117432,,
849,34849,,,,,4.502317428588867,0.3653976619243622
849,34849,,,1.3077006340026855,0.6895348429679871,,
850,34890,,,,,4.459333419799805,0.36787548661231995
850,34890,,,1.2456672191619873,0.714887797832489,,
851,34931,,,,,4.457123279571533,0.3704124093055725
851,34931,,,1.223268985748291,0.7201999425888062,,
852,34972,,,,,4.457661151885986,0.3727402985095978
852,34972,,,1.3284944295883179,0.7030413746833801,,
853,35013,,,,,4.4808220863342285,0.36730900406837463
853,35013,,,1.1794624328613281,0.6966575384140015,,
854,35054,,,,,4.512377738952637,0.36261239647865295
854,35054,,,1.297844409942627,0.7271090745925903,,
855,35095,,,,,4.541195392608643,0.3656509518623352
855,35095,,,1.1927435398101807,0.73075270652771,,
856,35136,,,,,4.602810382843018,0.3646906912326813
856,35136,,,1.1569724082946777,0.7463977336883545,,
857,35177,,,,,4.464452743530273,0.3663078844547272
857,35177,,,1.1873152256011963,0.7189366221427917,,
858,35218,,,,,4.513070583343506,0.3669975996017456
858,35218,,,1.1468265056610107,0.723970890045166,,
859,35259,,,,,4.520474910736084,0.37234142422676086
859,35259,,,1.2656078338623047,0.6918217539787292,,
860,35300,,,,,4.576385498046875,0.3739544451236725
860,35300,,,1.2103211879730225,0.7282323241233826,,
861,35341,,,,,4.466419696807861,0.3724258542060852
861,35341,,,1.2795175313949585,0.7618265151977539,,
862,35382,,,,,4.506798267364502,0.37178748846054077
862,35382,,,1.2177886962890625,0.7349824905395508,,
863,35423,,,,,4.641252040863037,0.36636877059936523
863,35423,,,1.257192611694336,0.7120413184165955,,
864,35464,,,,,4.539148807525635,0.3663124442100525
864,35464,,,1.3509352207183838,0.7250621318817139,,
865,35505,,,,,4.653438091278076,0.3679242730140686
865,35505,,,1.1976438760757446,0.7097592353820801,,
866,35546,,,,,4.6230597496032715,0.3670039176940918
866,35546,,,1.2119884490966797,0.7319338321685791,,
867,35587,,,,,4.6793928146362305,0.3676450252532959
867,35587,,,1.246504783630371,0.6955785751342773,,
868,35628,,,,,4.480597972869873,0.3720782399177551
868,35628,,,1.3004902601242065,0.7079687118530273,,
869,35669,,,,,4.487683296203613,0.37064409255981445
869,35669,,,1.2025928497314453,0.747224748134613,,
870,35710,,,,,4.607574939727783,0.3669889271259308
870,35710,,,1.2654906511306763,0.7255405783653259,,
871,35751,,,,,4.543395519256592,0.3726787567138672
871,35751,,,1.1802020072937012,0.7601549029350281,,
872,35792,,,,,4.484299182891846,0.3713439106941223
872,35792,,,1.1382828950881958,0.7396544218063354,,
873,35833,,,,,4.459888935089111,0.3709562420845032
873,35833,,,1.2434643507003784,0.7140675783157349,,
874,35874,,,,,4.385622978210449,0.3795844614505768
874,35874,,,1.2909141778945923,0.707815945148468,,
875,35915,,,,,4.368785858154297,0.3726189136505127
875,35915,,,1.269369125366211,0.7287346720695496,,
876,35956,,,,,4.443450450897217,0.3699844777584076
876,35956,,,1.1908204555511475,0.7291603088378906,,
877,35997,,,,,4.429626941680908,0.3699032664299011
877,35997,,,1.237252116203308,0.7093616127967834,,
878,36038,,,,,4.460145950317383,0.3760794997215271
878,36038,,,1.3472882509231567,0.7061105966567993,,
879,36079,,,,,4.405797481536865,0.37323474884033203
879,36079,,,1.2526904344558716,0.7279571294784546,,
880,36120,,,,,4.490846157073975,0.3712584972381592
880,36120,,,1.121240258216858,0.7620115280151367,,
881,36161,,,,,4.534122467041016,0.37166228890419006
881,36161,,,1.2185289859771729,0.7326130270957947,,
882,36202,,,,,4.559291839599609,0.3700261414051056
882,36202,,,1.1636414527893066,0.7261230945587158,,
883,36243,,,,,4.5111541748046875,0.369253009557724
883,36243,,,1.1803277730941772,0.7066900134086609,,
884,36284,,,,,4.585818767547607,0.37171226739883423
884,36284,,,1.23433518409729,0.7432225942611694,,
885,36325,,,,,4.594954490661621,0.36859458684921265
885,36325,,,1.2023556232452393,0.7487020492553711,,
886,36366,,,,,4.372727870941162,0.38097307085990906
886,36366,,,1.2093439102172852,0.7114687561988831,,
887,36407,,,,,4.402876853942871,0.38207992911338806
887,36407,,,1.2765696048736572,0.7248523831367493,,
888,36448,,,,,4.389621734619141,0.3756130337715149
888,36448,,,1.2506816387176514,0.72463458776474,,
889,36489,,,,,4.4112138748168945,0.3723279535770416
889,36489,,,1.2197978496551514,0.70050048828125,,
890,36530,,,,,4.434013843536377,0.3735730051994324
890,36530,,,1.294088363647461,0.6954538226127625,,
891,36571,,,,,4.40291690826416,0.37492117285728455
891,36571,,,1.2535462379455566,0.7232484817504883,,
892,36612,,,,,4.466921329498291,0.36988672614097595
892,36612,,,1.2445337772369385,0.7149131894111633,,
893,36653,,,,,4.587219715118408,0.36971864104270935
893,36653,,,1.2497379779815674,0.7357587814331055,,
894,36694,,,,,4.409271240234375,0.37546947598457336
894,36694,,,1.1960476636886597,0.720128059387207,,
895,36735,,,,,4.370137691497803,0.375759482383728
895,36735,,,1.20696222782135,0.7276610136032104,,
896,36776,,,,,4.42514181137085,0.3717564046382904
896,36776,,,1.1634790897369385,0.7304390668869019,,
897,36817,,,,,4.4607038497924805,0.36968204379081726
897,36817,,,1.176682472229004,0.7198302745819092,,
898,36858,,,,,4.362283706665039,0.3796967566013336
898,36858,,,1.2261918783187866,0.7380192279815674,,
899,36899,,,,,4.606417655944824,0.36875811219215393
899,36899,,,1.2458025217056274,0.7075749039649963,,
900,36940,,,,,4.494089603424072,0.37504303455352783
900,36940,,,1.1480584144592285,0.7563207745552063,,
901,36981,,,,,4.559032440185547,0.36734452843666077
901,36981,,,1.2074302434921265,0.7020436525344849,,
902,37022,,,,,4.54481315612793,0.36711981892585754
902,37022,,,1.1429402828216553,0.7545502185821533,,
903,37063,,,,,4.439139366149902,0.37561818957328796
903,37063,,,1.1614538431167603,0.7420834898948669,,
904,37104,,,,,4.592341423034668,0.3700779974460602
904,37104,,,1.282462477684021,0.7200230956077576,,
905,37145,,,,,4.465339183807373,0.37188902497291565
905,37145,,,1.1585317850112915,0.7146690487861633,,
906,37186,,,,,4.499187469482422,0.3723522424697876
906,37186,,,1.1908435821533203,0.741470456123352,,
907,37227,,,,,4.339320659637451,0.37281137704849243
907,37227,,,1.2978277206420898,0.7212867736816406,,
908,37268,,,,,4.502971172332764,0.3682973086833954
908,37268,,,1.2973647117614746,0.722985029220581,,
909,37309,,,,,4.438257694244385,0.3726253807544708
909,37309,,,1.2069001197814941,0.7163473963737488,,
910,37350,,,,,4.463761806488037,0.3727816045284271
910,37350,,,1.2328307628631592,0.6933592557907104,,
911,37391,,,,,4.51629638671875,0.37178513407707214
911,37391,,,1.3084092140197754,0.7117354869842529,,
912,37432,,,,,4.559889793395996,0.368420273065567
912,37432,,,1.1387306451797485,0.7229833602905273,,
913,37473,,,,,4.596622467041016,0.3691890239715576
913,37473,,,1.211771011352539,0.7280330061912537,,
914,37514,,,,,4.41995906829834,0.37136074900627136
914,37514,,,1.2515301704406738,0.7110399603843689,,
915,37555,,,,,4.419651508331299,0.37279364466667175
915,37555,,,1.3033989667892456,0.6925982236862183,,
916,37596,,,,,4.549048900604248,0.3700810670852661
916,37596,,,1.1646287441253662,0.7398855090141296,,
917,37637,,,,,4.5332231521606445,0.3708685636520386
917,37637,,,1.3071025609970093,0.6990214586257935,,
918,37678,,,,,4.563125133514404,0.3630109429359436
918,37678,,,1.162290096282959,0.7542812824249268,,
919,37719,,,,,4.525430679321289,0.3685382604598999
919,37719,,,1.1288325786590576,0.7562043070793152,,
920,37760,,,,,4.439197063446045,0.3729144334793091
920,37760,,,1.1557788848876953,0.7744565606117249,,
921,37801,,,,,4.454046249389648,0.3713368773460388
921,37801,,,1.1551176309585571,0.7126859426498413,,
922,37842,,,,,4.428494930267334,0.3738825023174286
922,37842,,,1.2012828588485718,0.7715033292770386,,
923,37883,,,,,4.508018493652344,0.37339094281196594
923,37883,,,1.2092187404632568,0.7083046436309814,,
924,37924,,,,,4.603399753570557,0.36944717168807983
924,37924,,,1.2701791524887085,0.6938155293464661,,
925,37965,,,,,4.4609808921813965,0.3762410879135132
925,37965,,,1.2088277339935303,0.723908007144928,,
926,38006,,,,,4.45541524887085,0.375436931848526
926,38006,,,1.1414740085601807,0.7381662726402283,,
927,38047,,,,,4.592207908630371,0.3713618516921997
927,38047,,,1.2310137748718262,0.7152039408683777,,
928,38088,,,,,4.50922966003418,0.37476450204849243
928,38088,,,1.1649549007415771,0.7378764152526855,,
929,38129,,,,,4.500846862792969,0.3732704222202301
929,38129,,,1.1496227979660034,0.7464831471443176,,
930,38170,,,,,4.48482608795166,0.3682001233100891
930,38170,,,1.2003564834594727,0.7185025811195374,,
931,38211,,,,,4.397182941436768,0.37285536527633667
931,38211,,,1.1937459707260132,0.7068496346473694,,
932,38252,,,,,4.545226097106934,0.37113580107688904
932,38252,,,1.2395941019058228,0.7493380308151245,,
933,38293,,,,,4.515048027038574,0.3760286271572113
933,38293,,,1.1416622400283813,0.7259083986282349,,
934,38334,,,,,4.523621559143066,0.3743712306022644
934,38334,,,1.1601355075836182,0.7334620356559753,,
935,38375,,,,,4.372381210327148,0.37558186054229736
935,38375,,,1.2238181829452515,0.7078216671943665,,
936,38416,,,,,4.409379482269287,0.38335737586021423
936,38416,,,1.1854804754257202,0.7300228476524353,,
937,38457,,,,,4.331893444061279,0.3797326683998108
937,38457,,,1.2879939079284668,0.7244882583618164,,
938,38498,,,,,4.491569995880127,0.376066654920578
938,38498,,,1.237410068511963,0.7472195029258728,,
939,38539,,,,,4.4351091384887695,0.3771488070487976
939,38539,,,1.122125506401062,0.7578191757202148,,
940,38580,,,,,4.510063648223877,0.3785506784915924
940,38580,,,1.2511651515960693,0.7342322468757629,,
941,38621,,,,,4.414972305297852,0.3786473274230957
941,38621,,,1.1592662334442139,0.7115028500556946,,
942,38662,,,,,4.442434787750244,0.3768360912799835
942,38662,,,1.161634922027588,0.7340510487556458,,
943,38703,,,,,4.354276180267334,0.37317395210266113
943,38703,,,1.1822924613952637,0.7369672060012817,,
944,38744,,,,,4.2939863204956055,0.3791382908821106
944,38744,,,1.2534185647964478,0.7197176218032837,,
945,38785,,,,,4.539802551269531,0.37581461668014526
945,38785,,,1.1888338327407837,0.7410025596618652,,
946,38826,,,,,4.406640529632568,0.37417879700660706
946,38826,,,1.1837002038955688,0.7093894481658936,,
947,38867,,,,,4.310604095458984,0.37674281001091003
947,38867,,,1.2067185640335083,0.7407045364379883,,
948,38908,,,,,4.423427104949951,0.3766736090183258
948,38908,,,1.1720103025436401,0.7353372573852539,,
949,38949,,,,,4.379400730133057,0.38244518637657166
949,38949,,,1.26140558719635,0.7443835735321045,,
950,38990,,,,,4.381170749664307,0.3820479214191437
950,38990,,,1.1445130109786987,0.7607126235961914,,
951,39031,,,,,4.480762004852295,0.37569817900657654
951,39031,,,1.2179452180862427,0.7300471067428589,,
952,39072,,,,,4.478604793548584,0.37727341055870056
952,39072,,,1.2063931226730347,0.7411958575248718,,
953,39113,,,,,4.4642653465271,0.37726399302482605
953,39113,,,1.1228160858154297,0.7388200759887695,,
954,39154,,,,,4.369104385375977,0.37894371151924133
954,39154,,,1.1783725023269653,0.7467110753059387,,
955,39195,,,,,4.401337623596191,0.37671467661857605
955,39195,,,1.2300387620925903,0.7420000433921814,,
956,39236,,,,,4.36375093460083,0.38079026341438293
956,39236,,,1.1602083444595337,0.7426890134811401,,
957,39277,,,,,4.3672614097595215,0.3826010823249817
957,39277,,,1.218170166015625,0.7476167678833008,,
958,39318,,,,,4.444372177124023,0.37666818499565125
958,39318,,,1.258954644203186,0.7506181001663208,,
959,39359,,,,,4.419172763824463,0.3764907717704773
959,39359,,,1.1740880012512207,0.7255301475524902,,
960,39400,,,,,4.441826343536377,0.3818824887275696
960,39400,,,1.2524785995483398,0.7281830310821533,,
961,39441,,,,,4.389907360076904,0.3828928768634796
961,39441,,,1.233330488204956,0.7071325778961182,,
962,39482,,,,,4.445958614349365,0.3778105676174164
962,39482,,,1.1883161067962646,0.7293165922164917,,
963,39523,,,,,4.420062065124512,0.37842705845832825
963,39523,,,1.096151351928711,0.7503144145011902,,
964,39564,,,,,4.353761196136475,0.37727540731430054
964,39564,,,1.1609324216842651,0.7322218418121338,,
965,39605,,,,,4.45314884185791,0.3758803904056549
965,39605,,,1.1290199756622314,0.7312235832214355,,
966,39646,,,,,4.3928542137146,0.38018742203712463
966,39646,,,1.0864028930664062,0.7463452219963074,,
967,39687,,,,,4.382518768310547,0.3807993531227112
967,39687,,,1.1800676584243774,0.7374532222747803,,
968,39728,,,,,4.439257621765137,0.3786599040031433
968,39728,,,1.247552514076233,0.7257196307182312,,
969,39769,,,,,4.4323906898498535,0.3793966472148895
969,39769,,,1.1595864295959473,0.7268509864807129,,
970,39810,,,,,4.452688217163086,0.3768291473388672
970,39810,,,1.149007797241211,0.7594974040985107,,
971,39851,,,,,4.544464111328125,0.37898072600364685
971,39851,,,1.074155330657959,0.7626729011535645,,
972,39892,,,,,4.52110481262207,0.37779998779296875
972,39892,,,1.1565525531768799,0.7403207421302795,,
973,39933,,,,,4.435761451721191,0.3823870122432709
973,39933,,,1.1378958225250244,0.704679012298584,,
974,39974,,,,,4.442903995513916,0.3811173439025879
974,39974,,,1.1919313669204712,0.7451937794685364,,
975,40015,,,,,4.417314529418945,0.38283926248550415
975,40015,,,1.2093487977981567,0.7216522693634033,,
976,40056,,,,,4.469847679138184,0.38005274534225464
976,40056,,,1.172929286956787,0.7143184542655945,,
977,40097,,,,,4.4073100090026855,0.3833408057689667
977,40097,,,1.2003440856933594,0.7447667717933655,,
978,40138,,,,,4.383948802947998,0.38167253136634827
978,40138,,,1.1780469417572021,0.7497844696044922,,
979,40179,,,,,4.419681072235107,0.3789142668247223
979,40179,,,1.1729530096054077,0.7482615113258362,,
980,40220,,,,,4.434677600860596,0.3817201554775238
980,40220,,,1.1110020875930786,0.7445266246795654,,
981,40261,,,,,4.441656112670898,0.38025808334350586
981,40261,,,1.2014336585998535,0.7438656687736511,,
982,40302,,,,,4.443855285644531,0.3834018111228943
982,40302,,,1.1141446828842163,0.7246296405792236,,
983,40343,,,,,4.459801197052002,0.3831842541694641
983,40343,,,1.2011147737503052,0.7636196613311768,,
984,40384,,,,,4.411571979522705,0.38193655014038086
984,40384,,,1.1199067831039429,0.7456613183021545,,
985,40425,,,,,4.39543342590332,0.3803846538066864
985,40425,,,1.173857569694519,0.7339942455291748,,
986,40466,,,,,4.342205047607422,0.3829430937767029
986,40466,,,1.182645559310913,0.7215126156806946,,
987,40507,,,,,4.491825103759766,0.38037917017936707
987,40507,,,1.1610796451568604,0.7264878153800964,,
988,40548,,,,,4.351149559020996,0.3848710060119629
988,40548,,,1.1638222932815552,0.7586904168128967,,
989,40589,,,,,4.431735038757324,0.38066965341567993
989,40589,,,1.2169102430343628,0.7638556361198425,,
990,40630,,,,,4.449686527252197,0.3779904842376709
990,40630,,,1.25422203540802,0.6941239833831787,,
991,40671,,,,,4.454209804534912,0.3801106810569763
991,40671,,,1.2112128734588623,0.7693540453910828,,
992,40712,,,,,4.396915435791016,0.3820863366127014
992,40712,,,1.1630949974060059,0.7281596660614014,,
993,40753,,,,,4.431197643280029,0.38218674063682556
993,40753,,,1.1741058826446533,0.7485924959182739,,
994,40794,,,,,4.489818572998047,0.3800780177116394
994,40794,,,1.1941519975662231,0.7378379106521606,,
995,40835,,,,,4.515927314758301,0.3779526650905609
995,40835,,,1.256987452507019,0.693276584148407,,
996,40876,,,,,4.439090251922607,0.381162166595459
996,40876,,,1.1833606958389282,0.7391562461853027,,
997,40917,,,,,4.424474716186523,0.3801230192184448
997,40917,,,1.1503640413284302,0.7395809292793274,,
998,40958,,,,,4.4443206787109375,0.3809221386909485
998,40958,,,1.1491129398345947,0.7507705092430115,,
999,40999,,,,,4.474411487579346,0.37818947434425354
999,40999,,,1.1126172542572021,0.7446690201759338,,
1000,41040,,,,,4.339399814605713,0.38214635848999023
1000,41040,,,1.1099499464035034,0.7512761950492859,,
1001,41081,,,,,4.487673759460449,0.37826046347618103
1001,41081,,,1.159038782119751,0.7542585134506226,,
1002,41122,,,,,4.601104259490967,0.3707505762577057
1002,41122,,,1.1291403770446777,0.7520284056663513,,
1003,41163,,,,,4.5218987464904785,0.3738464415073395
1003,41163,,,1.2307287454605103,0.7132211923599243,,
1004,41204,,,,,4.441965579986572,0.37855634093284607
1004,41204,,,1.1466788053512573,0.7538385391235352,,
1005,41245,,,,,4.410086154937744,0.37748557329177856
1005,41245,,,1.2054983377456665,0.765233039855957,,
1006,41286,,,,,4.409233093261719,0.37915149331092834
1006,41286,,,1.0751372575759888,0.7624154686927795,,
1007,41327,,,,,4.338108062744141,0.38079115748405457
1007,41327,,,1.1370506286621094,0.7341756224632263,,
1008,41368,,,,,4.403503894805908,0.38426706194877625
1008,41368,,,1.1498017311096191,0.7777308225631714,,
1009,41409,,,,,4.437405109405518,0.38028913736343384
1009,41409,,,1.2253779172897339,0.728219747543335,,
1010,41450,,,,,4.485260009765625,0.3782987892627716
1010,41450,,,1.168793797492981,0.7030252814292908,,
1011,41491,,,,,4.476771354675293,0.3794252276420593
1011,41491,,,1.095131516456604,0.7362356185913086,,
1012,41532,,,,,4.425757884979248,0.37865763902664185
1012,41532,,,1.1479748487472534,0.7313659191131592,,
1013,41573,,,,,4.472024917602539,0.37703555822372437
1013,41573,,,1.2370375394821167,0.7340385913848877,,
1014,41614,,,,,4.509113311767578,0.37139496207237244
1014,41614,,,1.127500057220459,0.721994936466217,,
1015,41655,,,,,4.373968601226807,0.37649399042129517
1015,41655,,,1.1470972299575806,0.7400006651878357,,
1016,41696,,,,,4.45405912399292,0.3725487291812897
1016,41696,,,1.0865774154663086,0.7484527230262756,,
1017,41737,,,,,4.463930606842041,0.37582269310951233
1017,41737,,,1.0783768892288208,0.7350437641143799,,
1018,41778,,,,,4.476686000823975,0.3774077594280243
1018,41778,,,1.0743610858917236,0.7547785639762878,,
1019,41819,,,,,4.542884349822998,0.3805038034915924
1019,41819,,,1.1668028831481934,0.7426671981811523,,
1020,41860,,,,,4.439238548278809,0.3764333426952362
1020,41860,,,1.1106780767440796,0.7180898189544678,,
1021,41901,,,,,4.4253129959106445,0.37765324115753174
1021,41901,,,1.0950480699539185,0.7399014830589294,,
1022,41942,,,,,4.492183685302734,0.3815522789955139
1022,41942,,,1.1636170148849487,0.7448335886001587,,
1023,41983,,,,,4.404131889343262,0.3791980743408203
1023,41983,,,1.086891531944275,0.7726666331291199,,
1024,42024,,,,,4.46558952331543,0.3777052164077759
1024,42024,,,1.136124849319458,0.756096601486206,,
1025,42065,,,,,4.427034854888916,0.3792687952518463
1025,42065,,,1.1478575468063354,0.7648153305053711,,
1026,42106,,,,,4.385279655456543,0.38200047612190247
1026,42106,,,1.1622200012207031,0.7183716297149658,,
1027,42147,,,,,4.423067092895508,0.38562020659446716
1027,42147,,,1.1733522415161133,0.7517642974853516,,
1028,42188,,,,,4.397010326385498,0.38538068532943726
1028,42188,,,1.1744842529296875,0.7260497808456421,,
1029,42229,,,,,4.441036224365234,0.38478851318359375
1029,42229,,,1.1412163972854614,0.7387499809265137,,
1030,42270,,,,,4.450083255767822,0.3865729868412018
1030,42270,,,1.168015480041504,0.7564009428024292,,
1031,42311,,,,,4.479862213134766,0.3814246356487274
1031,42311,,,1.139443278312683,0.7490662932395935,,
1032,42352,,,,,4.392913341522217,0.38304001092910767
1032,42352,,,1.2189905643463135,0.7026907801628113,,
1033,42393,,,,,4.453070640563965,0.3819820284843445
1033,42393,,,1.0808188915252686,0.7574164867401123,,
1034,42434,,,,,4.476027965545654,0.3829880952835083
1034,42434,,,1.103399634361267,0.7525813579559326,,
1035,42475,,,,,4.421748161315918,0.38370558619499207
1035,42475,,,1.1004893779754639,0.7635231614112854,,
1036,42516,,,,,4.310074806213379,0.38842570781707764
1036,42516,,,1.1050163507461548,0.7471289038658142,,
1037,42557,,,,,4.460575103759766,0.3811470568180084
1037,42557,,,1.1323412656784058,0.7306174039840698,,
1038,42598,,,,,4.382704257965088,0.388202041387558
1038,42598,,,1.1060980558395386,0.7493821978569031,,
1039,42639,,,,,4.5070905685424805,0.38384896516799927
1039,42639,,,1.1570273637771606,0.7438966035842896,,
1040,42680,,,,,4.50485372543335,0.3814723789691925
1040,42680,,,1.152006983757019,0.743587851524353,,
1041,42721,,,,,4.3878960609436035,0.38633060455322266
1041,42721,,,1.1822185516357422,0.7068812847137451,,
1042,42762,,,,,4.451357841491699,0.38369646668434143
1042,42762,,,1.219826102256775,0.7444514036178589,,
1043,42803,,,,,4.386001110076904,0.38198888301849365
1043,42803,,,1.216699242591858,0.7586114406585693,,
1044,42844,,,,,4.461194038391113,0.37902578711509705
1044,42844,,,1.1059900522232056,0.7311875224113464,,
1045,42845,2.9676260948181152,0.44675377011299133,,,,
