epoch,step,test_loss,test_pcc,train_loss_epoch,train_pcc_epoch,val_loss,val_pcc
0,40,,,,,4.12677526473999,0.13233067095279694
0,40,,,5.507247447967529,0.059330400079488754,,
1,81,,,,,3.612588405609131,0.2439505159854889
1,81,,,4.401102066040039,0.018366916105151176,,
2,122,,,,,3.465808629989624,0.3226625323295593
2,122,,,4.522658348083496,0.023906894028186798,,
3,163,,,,,3.4058897495269775,0.34775635600090027
3,163,,,4.310596466064453,-0.020038282498717308,,
4,204,,,,,3.405794143676758,0.3606913983821869
4,204,,,4.562234878540039,0.008609837852418423,,
5,245,,,,,3.4031996726989746,0.3512200713157654
5,245,,,4.420975685119629,0.07194844633340836,,
6,286,,,,,3.3806965351104736,0.3433029353618622
6,286,,,4.491204261779785,0.07158243656158447,,
7,327,,,,,3.3644707202911377,0.33418047428131104
7,327,,,4.603221416473389,0.08078122138977051,,
8,368,,,,,3.3804173469543457,0.32399997115135193
8,368,,,3.953857898712158,0.13088038563728333,,
9,409,,,,,3.355952262878418,0.31843456625938416
9,409,,,4.550028324127197,0.14522838592529297,,
10,450,,,,,3.3423938751220703,0.3119402229785919
10,450,,,4.232635974884033,0.11975128203630447,,
11,491,,,,,3.3397114276885986,0.30574220418930054
11,491,,,4.4001145362854,0.17080125212669373,,
12,532,,,,,3.333310604095459,0.30328232049942017
12,532,,,4.436329364776611,0.1839522123336792,,
13,573,,,,,3.3215878009796143,0.29903894662857056
13,573,,,4.313753604888916,0.23614534735679626,,
14,614,,,,,3.3336904048919678,0.29913103580474854
14,614,,,4.344238758087158,0.2175796777009964,,
15,655,,,,,3.3056299686431885,0.29973116517066956
15,655,,,4.307204246520996,0.25562214851379395,,
16,696,,,,,3.2644665241241455,0.29740238189697266
16,696,,,4.335474967956543,0.27762770652770996,,
17,737,,,,,3.270829439163208,0.2974986433982849
17,737,,,4.110349178314209,0.2873615026473999,,
18,778,,,,,3.2475204467773438,0.29594045877456665
18,778,,,4.335007667541504,0.2931410074234009,,
19,819,,,,,3.226478099822998,0.29384270310401917
19,819,,,3.880479335784912,0.3007566034793854,,
20,860,,,,,3.2433087825775146,0.29444420337677
20,860,,,3.896862030029297,0.3200034499168396,,
21,901,,,,,3.2073988914489746,0.2974550127983093
21,901,,,3.8570337295532227,0.3171868920326233,,
22,942,,,,,3.1893506050109863,0.30045562982559204
22,942,,,4.035100936889648,0.35778361558914185,,
23,983,,,,,3.1574740409851074,0.3005900979042053
23,983,,,4.088161945343018,0.35966193675994873,,
24,1024,,,,,3.1587886810302734,0.3049824833869934
24,1024,,,4.041707515716553,0.38769716024398804,,
25,1065,,,,,3.1445910930633545,0.30979740619659424
25,1065,,,4.115539073944092,0.34262746572494507,,
26,1106,,,,,3.1427454948425293,0.31533992290496826
26,1106,,,4.023225784301758,0.34887126088142395,,
27,1147,,,,,3.152914524078369,0.3222528398036957
27,1147,,,3.7787106037139893,0.3839710056781769,,
28,1188,,,,,3.190760612487793,0.3325337767601013
28,1188,,,3.9110989570617676,0.3737671673297882,,
29,1229,,,,,3.132502794265747,0.3379153609275818
29,1229,,,3.7993059158325195,0.35901939868927,,
30,1270,,,,,3.069838285446167,0.3436450660228729
30,1270,,,4.064154624938965,0.3470516800880432,,
31,1311,,,,,3.1641016006469727,0.3520990014076233
31,1311,,,3.73870849609375,0.38645610213279724,,
32,1352,,,,,3.0470781326293945,0.3552723526954651
32,1352,,,3.9470579624176025,0.3824773132801056,,
33,1393,,,,,3.054567813873291,0.35947731137275696
33,1393,,,3.862136125564575,0.38129210472106934,,
34,1434,,,,,3.106505870819092,0.36374184489250183
34,1434,,,3.89971923828125,0.3784933388233185,,
35,1475,,,,,3.0610241889953613,0.36932307481765747
35,1475,,,3.7531299591064453,0.4000174403190613,,
36,1516,,,,,3.0886683464050293,0.37388235330581665
36,1516,,,3.887972593307495,0.3826843202114105,,
37,1557,,,,,3.0413010120391846,0.37582433223724365
37,1557,,,3.802755117416382,0.4267423152923584,,
38,1598,,,,,3.076263189315796,0.38191908597946167
38,1598,,,3.6967921257019043,0.38464608788490295,,
39,1639,,,,,3.0566084384918213,0.38506361842155457
39,1639,,,3.694974660873413,0.3891902565956116,,
40,1680,,,,,3.0892510414123535,0.38974469900131226
40,1680,,,3.6312615871429443,0.3945173919200897,,
41,1721,,,,,3.030944585800171,0.3905610740184784
41,1721,,,3.705256700515747,0.4138971269130707,,
42,1762,,,,,3.072077989578247,0.39338114857673645
42,1762,,,3.614933967590332,0.3872641921043396,,
43,1803,,,,,3.014944553375244,0.3956541419029236
43,1803,,,3.4630825519561768,0.4060661494731903,,
44,1844,,,,,3.007377862930298,0.3978893458843231
44,1844,,,3.7546658515930176,0.4046129286289215,,
45,1885,,,,,3.063231945037842,0.40100833773612976
45,1885,,,3.5969302654266357,0.42531678080558777,,
46,1926,,,,,2.9784696102142334,0.40337181091308594
46,1926,,,3.8413784503936768,0.4327901601791382,,
47,1967,,,,,3.0025527477264404,0.4072181284427643
47,1967,,,3.82273006439209,0.40645551681518555,,
48,2008,,,,,3.0150458812713623,0.41004350781440735
48,2008,,,3.846296787261963,0.3895077705383301,,
49,2049,,,,,3.041670799255371,0.4122560918331146
49,2049,,,3.8438072204589844,0.41456925868988037,,
50,2090,,,,,3.0420804023742676,0.41338565945625305
50,2090,,,3.753716468811035,0.422992467880249,,
51,2131,,,,,3.053729295730591,0.414404958486557
51,2131,,,3.6694161891937256,0.4174520969390869,,
52,2172,,,,,2.996540069580078,0.41523176431655884
52,2172,,,3.7194154262542725,0.40919429063796997,,
53,2213,,,,,2.9445865154266357,0.41744714975357056
53,2213,,,3.754835605621338,0.43097415566444397,,
54,2254,,,,,3.040266752243042,0.4213193953037262
54,2254,,,3.498659372329712,0.42091503739356995,,
55,2295,,,,,2.9883973598480225,0.4215904772281647
55,2295,,,3.78446888923645,0.4202171862125397,,
56,2336,,,,,2.9764554500579834,0.4220522940158844
56,2336,,,3.745593547821045,0.43394720554351807,,
57,2377,,,,,3.0473806858062744,0.4240208864212036
57,2377,,,3.5929458141326904,0.40514248609542847,,
58,2418,,,,,3.062976598739624,0.4272859990596771
58,2418,,,3.830155849456787,0.4234433174133301,,
59,2459,,,,,3.0334932804107666,0.42912623286247253
59,2459,,,3.6832692623138428,0.4270739257335663,,
60,2500,,,,,2.9748494625091553,0.4299730658531189
60,2500,,,3.477771282196045,0.42853042483329773,,
61,2541,,,,,2.935924530029297,0.43005961179733276
61,2541,,,3.728182077407837,0.4215999245643616,,
62,2582,,,,,3.024710178375244,0.4330528676509857
62,2582,,,3.7305502891540527,0.43592405319213867,,
63,2623,,,,,3.0364091396331787,0.4338419437408447
63,2623,,,3.6128089427948,0.4425586462020874,,
64,2664,,,,,2.9804811477661133,0.43591469526290894
64,2664,,,3.6124911308288574,0.4405098557472229,,
65,2705,,,,,2.9746880531311035,0.43597495555877686
65,2705,,,3.7361583709716797,0.409056693315506,,
66,2746,,,,,2.977153778076172,0.43678006529808044
66,2746,,,3.85660457611084,0.43622466921806335,,
67,2787,,,,,2.9417564868927,0.43793219327926636
67,2787,,,3.5562350749969482,0.4201473593711853,,
68,2828,,,,,2.9764931201934814,0.43986591696739197
68,2828,,,3.5728137493133545,0.4357135593891144,,
69,2869,,,,,3.0138936042785645,0.4427712559700012
69,2869,,,3.50199818611145,0.4555576741695404,,
70,2910,,,,,2.9983410835266113,0.44417670369148254
70,2910,,,3.5659990310668945,0.44046881794929504,,
71,2951,,,,,3.062368154525757,0.44633355736732483
71,2951,,,3.6442267894744873,0.4190659821033478,,
72,2992,,,,,2.9183220863342285,0.44612541794776917
72,2992,,,3.5272128582000732,0.4205651581287384,,
73,3033,,,,,2.981525421142578,0.4478519856929779
73,3033,,,3.5020816326141357,0.4440532922744751,,
74,3074,,,,,2.9990856647491455,0.4480626881122589
74,3074,,,3.7018399238586426,0.4511050283908844,,
75,3115,,,,,3.000555992126465,0.44969111680984497
75,3115,,,3.5015652179718018,0.4356191158294678,,
76,3156,,,,,3.0231921672821045,0.45113056898117065
76,3156,,,3.6906309127807617,0.4175218343734741,,
77,3197,,,,,2.943834066390991,0.45226848125457764
77,3197,,,3.609408378601074,0.44196176528930664,,
78,3238,,,,,2.953498363494873,0.45329034328460693
78,3238,,,3.5491671562194824,0.4377794861793518,,
79,3279,,,,,2.9200551509857178,0.45293301343917847
79,3279,,,3.5605955123901367,0.45748603343963623,,
80,3320,,,,,2.951604127883911,0.45443618297576904
80,3320,,,3.692861318588257,0.41099730134010315,,
81,3361,,,,,2.9444901943206787,0.45499497652053833
81,3361,,,3.7020514011383057,0.45640918612480164,,
82,3402,,,,,2.8990209102630615,0.45356351137161255
82,3402,,,3.654020071029663,0.45869287848472595,,
83,3443,,,,,3.010075330734253,0.4550081491470337
83,3443,,,3.4715561866760254,0.44446149468421936,,
84,3484,,,,,2.9751412868499756,0.4547180235385895
84,3484,,,3.5750346183776855,0.46123388409614563,,
85,3525,,,,,3.001518487930298,0.4562441110610962
85,3525,,,3.69012451171875,0.4425148367881775,,
86,3566,,,,,2.9595186710357666,0.4571062922477722
86,3566,,,3.4563968181610107,0.49515050649642944,,
87,3607,,,,,2.9865996837615967,0.45774543285369873
87,3607,,,3.523679494857788,0.43520063161849976,,
88,3648,,,,,2.9560930728912354,0.45787328481674194
88,3648,,,3.4644534587860107,0.47741541266441345,,
89,3689,,,,,2.968221426010132,0.45905357599258423
89,3689,,,3.5647225379943848,0.47264429926872253,,
90,3730,,,,,2.985065221786499,0.45976895093917847
90,3730,,,3.556143045425415,0.4611716866493225,,
91,3771,,,,,3.074314832687378,0.4605146050453186
91,3771,,,3.631065607070923,0.4772753417491913,,
92,3812,,,,,3.061671495437622,0.4614655673503876
92,3812,,,3.5569276809692383,0.4759714603424072,,
93,3853,,,,,2.9844326972961426,0.461795449256897
93,3853,,,3.5512819290161133,0.4697560667991638,,
94,3894,,,,,2.998629331588745,0.4619225859642029
94,3894,,,3.4716997146606445,0.48248234391212463,,
95,3935,,,,,2.9148025512695312,0.4615868926048279
95,3935,,,3.6298723220825195,0.4708285331726074,,
96,3976,,,,,3.0560925006866455,0.4637302756309509
96,3976,,,3.696444272994995,0.4741714298725128,,
97,4017,,,,,2.9907264709472656,0.46335268020629883
97,4017,,,3.5642127990722656,0.4547576904296875,,
98,4058,,,,,2.9659152030944824,0.4640767574310303
98,4058,,,3.5759847164154053,0.4608730673789978,,
99,4099,,,,,2.935326337814331,0.4641895592212677
99,4099,,,3.5092248916625977,0.45300912857055664,,
100,4140,,,,,2.9872589111328125,0.4655497372150421
100,4140,,,3.5665550231933594,0.47888484597206116,,
101,4181,,,,,2.9788105487823486,0.46521732211112976
101,4181,,,3.44564151763916,0.440952867269516,,
102,4222,,,,,2.965087890625,0.46488747000694275
102,4222,,,3.576627016067505,0.45191890001296997,,
103,4263,,,,,2.981525182723999,0.4651503562927246
103,4263,,,3.576871633529663,0.46770453453063965,,
104,4304,,,,,2.979635000228882,0.46539655327796936
104,4304,,,3.413015127182007,0.4812178313732147,,
105,4345,,,,,2.9898104667663574,0.4662935137748718
105,4345,,,3.4025745391845703,0.4723605215549469,,
106,4386,,,,,2.911346197128296,0.4664768576622009
106,4386,,,3.5468549728393555,0.44688844680786133,,
107,4427,,,,,2.942140817642212,0.46617910265922546
107,4427,,,3.417962074279785,0.48820021748542786,,
108,4468,,,,,2.9437718391418457,0.4658133089542389
108,4468,,,3.5610218048095703,0.45588064193725586,,
109,4509,,,,,2.958385705947876,0.4663711190223694
109,4509,,,3.642653703689575,0.4726787805557251,,
110,4550,,,,,3.0485167503356934,0.4680759310722351
110,4550,,,3.4739863872528076,0.4687143564224243,,
111,4591,,,,,2.939568042755127,0.4671482443809509
111,4591,,,3.487917184829712,0.47259843349456787,,
112,4632,,,,,3.0042123794555664,0.46874845027923584
112,4632,,,3.613396167755127,0.44753357768058777,,
113,4673,,,,,3.0046732425689697,0.46942347288131714
113,4673,,,3.4477033615112305,0.482838898897171,,
114,4714,,,,,3.0057592391967773,0.46926993131637573
114,4714,,,3.4558072090148926,0.47997498512268066,,
115,4755,,,,,2.9692461490631104,0.4684271216392517
115,4755,,,3.390657424926758,0.5021802186965942,,
116,4796,,,,,3.0476834774017334,0.46859991550445557
116,4796,,,3.4619553089141846,0.48402637243270874,,
117,4837,,,,,3.00852370262146,0.4688594937324524
117,4837,,,3.260734796524048,0.4893173575401306,,
118,4878,,,,,3.0087594985961914,0.4695427119731903
118,4878,,,3.48559308052063,0.49456876516342163,,
119,4919,,,,,3.055342197418213,0.4705280065536499
119,4919,,,3.5574374198913574,0.47508424520492554,,
120,4960,,,,,3.014913558959961,0.4720970690250397
120,4960,,,3.4469778537750244,0.4687653183937073,,
121,5001,,,,,3.0317959785461426,0.4725002348423004
121,5001,,,3.458062171936035,0.45754894614219666,,
122,5042,,,,,2.9898340702056885,0.47333773970603943
122,5042,,,3.1860170364379883,0.5094372630119324,,
123,5083,,,,,3.0432517528533936,0.473734050989151
123,5083,,,3.463608980178833,0.46136152744293213,,
124,5124,,,,,2.974250316619873,0.47298458218574524
124,5124,,,3.4274656772613525,0.48937398195266724,,
125,5165,,,,,2.9496560096740723,0.47339701652526855
125,5165,,,3.543555736541748,0.4898908734321594,,
126,5206,,,,,2.9390881061553955,0.4732690453529358
126,5206,,,3.335484266281128,0.4880392849445343,,
127,5247,,,,,3.0410757064819336,0.47447696328163147
127,5247,,,3.4492745399475098,0.47349417209625244,,
128,5288,,,,,2.982227325439453,0.47528156638145447
128,5288,,,3.515631675720215,0.4819999933242798,,
129,5329,,,,,2.9916396141052246,0.4746914803981781
129,5329,,,3.3704957962036133,0.49807247519493103,,
130,5370,,,,,2.9452195167541504,0.47421255707740784
130,5370,,,3.389115571975708,0.5134069919586182,,
131,5411,,,,,2.997314214706421,0.47524693608283997
131,5411,,,3.318671703338623,0.4770510494709015,,
132,5452,,,,,2.966327428817749,0.4767291843891144
132,5452,,,3.4684934616088867,0.5047026872634888,,
133,5493,,,,,2.9645299911499023,0.4771192669868469
133,5493,,,3.2495224475860596,0.48273441195487976,,
134,5534,,,,,3.021909475326538,0.4769323468208313
134,5534,,,3.4593353271484375,0.4872998595237732,,
135,5575,,,,,3.0204105377197266,0.47817909717559814
135,5575,,,3.3799736499786377,0.49216699600219727,,
136,5616,,,,,3.0279059410095215,0.4774203598499298
136,5616,,,3.4065146446228027,0.5021134614944458,,
137,5657,,,,,2.9904909133911133,0.4775915741920471
137,5657,,,3.392787218093872,0.49654513597488403,,
138,5698,,,,,2.8825645446777344,0.47792381048202515
138,5698,,,3.283737897872925,0.5148621797561646,,
139,5739,,,,,2.95762300491333,0.4786370098590851
139,5739,,,3.5150234699249268,0.474190354347229,,
140,5780,,,,,2.9971179962158203,0.48110175132751465
140,5780,,,3.2919814586639404,0.4902014434337616,,
141,5821,,,,,3.0284781455993652,0.4808594882488251
141,5821,,,3.070063591003418,0.530174732208252,,
142,5862,,,,,2.9437453746795654,0.48103073239326477
142,5862,,,3.3060085773468018,0.5113556385040283,,
143,5903,,,,,2.9524571895599365,0.4817294776439667
143,5903,,,3.4210939407348633,0.4808012843132019,,
144,5944,,,,,2.988149642944336,0.48338353633880615
144,5944,,,3.3260843753814697,0.46958839893341064,,
145,5985,,,,,3.005880355834961,0.48332473635673523
145,5985,,,3.2257838249206543,0.5184243321418762,,
146,6026,,,,,2.9887311458587646,0.48331308364868164
146,6026,,,3.144625425338745,0.4849430322647095,,
147,6067,,,,,2.9808664321899414,0.48202601075172424
147,6067,,,3.3596913814544678,0.4983123540878296,,
148,6108,,,,,3.086799383163452,0.48254233598709106
148,6108,,,3.3596017360687256,0.5008915662765503,,
149,6149,,,,,2.9687204360961914,0.4814894497394562
149,6149,,,3.283268928527832,0.5080062747001648,,
150,6190,,,,,3.0015032291412354,0.4811362326145172
150,6190,,,3.39262318611145,0.5171827673912048,,
151,6231,,,,,2.993805170059204,0.4804231822490692
151,6231,,,3.2470436096191406,0.5223914980888367,,
152,6272,,,,,3.0646135807037354,0.48058369755744934
152,6272,,,3.2047462463378906,0.5017552375793457,,
153,6313,,,,,3.029707431793213,0.4798834025859833
153,6313,,,3.210784435272217,0.5294221043586731,,
154,6354,,,,,3.0796680450439453,0.4812155067920685
154,6354,,,3.164228916168213,0.5074930787086487,,
155,6395,,,,,2.9477880001068115,0.4804280400276184
155,6395,,,3.263853073120117,0.4979622960090637,,
156,6436,,,,,3.0232789516448975,0.48044049739837646
156,6436,,,3.1488194465637207,0.5340888500213623,,
157,6477,,,,,2.9561996459960938,0.4798492193222046
157,6477,,,3.164102792739868,0.5385633111000061,,
158,6518,,,,,2.9580986499786377,0.4796607196331024
158,6518,,,3.1602942943573,0.5128770470619202,,
159,6559,,,,,3.076247453689575,0.48032209277153015
159,6559,,,3.2657954692840576,0.5353055000305176,,
160,6600,,,,,3.067812204360962,0.48044005036354065
160,6600,,,3.269634246826172,0.541915774345398,,
161,6641,,,,,3.0097296237945557,0.48061221837997437
161,6641,,,3.054297685623169,0.5125218033790588,,
162,6682,,,,,2.980914354324341,0.48170381784439087
162,6682,,,3.251458168029785,0.4959736466407776,,
163,6723,,,,,2.982585906982422,0.4813804626464844
163,6723,,,3.1816513538360596,0.5249695181846619,,
164,6764,,,,,3.050457000732422,0.4810728430747986
164,6764,,,3.311225414276123,0.48644670844078064,,
165,6805,,,,,3.0052082538604736,0.4807443618774414
165,6805,,,3.2373406887054443,0.5545752644538879,,
166,6846,,,,,3.037424325942993,0.48017728328704834
166,6846,,,3.200641632080078,0.5143298506736755,,
167,6887,,,,,3.0632975101470947,0.4802573025226593
167,6887,,,3.2041783332824707,0.5283962488174438,,
168,6928,,,,,3.0547008514404297,0.48069098591804504
168,6928,,,3.1991100311279297,0.5215750932693481,,
169,6969,,,,,3.054236650466919,0.4802187979221344
169,6969,,,3.1941897869110107,0.5253005623817444,,
170,7010,,,,,3.0774996280670166,0.48024362325668335
170,7010,,,3.1171555519104004,0.527231752872467,,
171,7051,,,,,2.983964204788208,0.48054245114326477
171,7051,,,3.049592971801758,0.547610878944397,,
172,7092,,,,,3.0548343658447266,0.4801924228668213
172,7092,,,3.194284200668335,0.5197485089302063,,
173,7133,,,,,3.046609878540039,0.47968992590904236
173,7133,,,3.2673048973083496,0.50493985414505,,
174,7174,,,,,3.0323846340179443,0.4790274202823639
174,7174,,,3.16828989982605,0.5386383533477783,,
175,7215,,,,,3.0625600814819336,0.47811970114707947
175,7215,,,3.1782007217407227,0.5298424363136292,,
176,7256,,,,,3.063946008682251,0.4775066673755646
176,7256,,,3.0329058170318604,0.5522395372390747,,
177,7297,,,,,3.0702717304229736,0.47698190808296204
177,7297,,,3.005971670150757,0.5149022340774536,,
178,7338,,,,,3.0660836696624756,0.47724980115890503
178,7338,,,3.255009412765503,0.5458700060844421,,
179,7379,,,,,3.030297040939331,0.4770145118236542
179,7379,,,3.0944480895996094,0.551025927066803,,
180,7420,,,,,3.072373867034912,0.47608521580696106
180,7420,,,3.024186849594116,0.5384897589683533,,
181,7461,,,,,3.117694139480591,0.4749224781990051
181,7461,,,3.2069709300994873,0.5389922857284546,,
182,7502,,,,,3.040255546569824,0.47458648681640625
182,7502,,,3.063248872756958,0.5307645201683044,,
183,7543,,,,,3.148348093032837,0.47366684675216675
183,7543,,,3.2401187419891357,0.4959981143474579,,
184,7584,,,,,3.079267978668213,0.47433939576148987
184,7584,,,3.145986318588257,0.5300533175468445,,
185,7625,,,,,3.0826616287231445,0.4737885594367981
185,7625,,,3.2932300567626953,0.5164153575897217,,
186,7666,,,,,3.088007926940918,0.4742690622806549
186,7666,,,3.057340383529663,0.5343058705329895,,
187,7707,,,,,3.099930763244629,0.4743652641773224
187,7707,,,3.0764148235321045,0.54169762134552,,
188,7748,,,,,3.0985920429229736,0.4728497862815857
188,7748,,,3.135103940963745,0.549758791923523,,
189,7789,,,,,3.098492383956909,0.47224441170692444
189,7789,,,3.12668514251709,0.5456516742706299,,
190,7830,,,,,3.0529825687408447,0.472470223903656
190,7830,,,2.8949837684631348,0.5752248167991638,,
191,7871,,,,,3.167285919189453,0.47176188230514526
191,7871,,,3.163320302963257,0.5044876933097839,,
192,7912,,,,,3.1046178340911865,0.47172483801841736
192,7912,,,3.077749252319336,0.5039148330688477,,
193,7953,,,,,3.1039302349090576,0.47134777903556824
193,7953,,,3.0560286045074463,0.5832938551902771,,
194,7994,,,,,3.0999794006347656,0.47149062156677246
194,7994,,,2.8666563034057617,0.5539589524269104,,
195,8035,,,,,3.1385836601257324,0.4701027274131775
195,8035,,,3.2531983852386475,0.5318295359611511,,
196,8076,,,,,3.18169903755188,0.46960917115211487
196,8076,,,3.034912586212158,0.5831747055053711,,
197,8117,,,,,3.0992279052734375,0.47019466757774353
197,8117,,,3.13149356842041,0.559346616268158,,
198,8158,,,,,3.115894079208374,0.46933305263519287
198,8158,,,3.031735897064209,0.5761829614639282,,
199,8199,,,,,3.151193857192993,0.4670591950416565
199,8199,,,3.0443408489227295,0.561200737953186,,
200,8240,,,,,3.144301652908325,0.4665480852127075
200,8240,,,2.9664416313171387,0.5739882588386536,,
201,8281,,,,,3.232959747314453,0.4648549556732178
201,8281,,,3.0335164070129395,0.571368396282196,,
202,8322,,,,,3.180644989013672,0.4639899730682373
202,8322,,,3.0328569412231445,0.5236391425132751,,
203,8363,,,,,3.1762235164642334,0.4632928669452667
203,8363,,,2.9471664428710938,0.5446414947509766,,
204,8404,,,,,3.1767773628234863,0.4629829525947571
204,8404,,,2.978363037109375,0.5833550095558167,,
205,8445,,,,,3.2436842918395996,0.46168458461761475
205,8445,,,3.064434051513672,0.5702394843101501,,
206,8486,,,,,3.16876482963562,0.462985098361969
206,8486,,,3.000627279281616,0.5964176654815674,,
207,8527,,,,,3.1879494190216064,0.46120506525039673
207,8527,,,2.9826409816741943,0.5782128572463989,,
208,8568,,,,,3.176091432571411,0.46065542101860046
208,8568,,,3.007700204849243,0.5945811867713928,,
209,8609,,,,,3.1893723011016846,0.4587467610836029
209,8609,,,3.091813325881958,0.5388168096542358,,
210,8650,,,,,3.274312734603882,0.4560292065143585
210,8650,,,2.858560800552368,0.5670448541641235,,
211,8691,,,,,3.2469916343688965,0.45580172538757324
211,8691,,,2.9691567420959473,0.5659968852996826,,
212,8732,,,,,3.286970853805542,0.45436227321624756
212,8732,,,2.98526668548584,0.5672247409820557,,
213,8773,,,,,3.249540090560913,0.45362746715545654
213,8773,,,3.184852123260498,0.5425238013267517,,
214,8814,,,,,3.222712516784668,0.4530157446861267
214,8814,,,2.876640558242798,0.5400572419166565,,
215,8855,,,,,3.204080820083618,0.4539569318294525
215,8855,,,2.9536337852478027,0.5407741069793701,,
216,8896,,,,,3.265839099884033,0.45230087637901306
216,8896,,,2.767972707748413,0.5769773125648499,,
217,8937,,,,,3.258486032485962,0.4517301619052887
217,8937,,,3.0055012702941895,0.5779769420623779,,
218,8978,,,,,3.299903154373169,0.4504704773426056
218,8978,,,3.027168035507202,0.5420218706130981,,
219,9019,,,,,3.260931968688965,0.45106178522109985
219,9019,,,2.977431058883667,0.5921184420585632,,
220,9060,,,,,3.3740618228912354,0.446991503238678
220,9060,,,3.044713020324707,0.5697476267814636,,
221,9101,,,,,3.2691073417663574,0.449471116065979
221,9101,,,2.8360049724578857,0.5708246231079102,,
222,9142,,,,,3.227727174758911,0.44969823956489563
222,9142,,,2.890103340148926,0.5768616199493408,,
223,9183,,,,,3.3090779781341553,0.4469580054283142
223,9183,,,2.6991047859191895,0.5577418804168701,,
224,9224,,,,,3.2841837406158447,0.4475918114185333
224,9224,,,2.884760856628418,0.5864392518997192,,
225,9265,,,,,3.275822401046753,0.44660088419914246
225,9265,,,2.9928481578826904,0.556591272354126,,
226,9306,,,,,3.298799753189087,0.4467579424381256
226,9306,,,3.037200927734375,0.5655829310417175,,
227,9347,,,,,3.2680275440216064,0.44586190581321716
227,9347,,,2.887303590774536,0.5171112418174744,,
228,9388,,,,,3.2873730659484863,0.44562771916389465
228,9388,,,2.8282980918884277,0.5881124138832092,,
229,9429,,,,,3.3599886894226074,0.442149817943573
229,9429,,,2.8498353958129883,0.5671985149383545,,
230,9470,,,,,3.4191360473632812,0.43981534242630005
230,9470,,,2.816718816757202,0.6051772236824036,,
231,9511,,,,,3.4193410873413086,0.43805980682373047
231,9511,,,2.816477060317993,0.5599781274795532,,
232,9552,,,,,3.3371024131774902,0.4380282461643219
232,9552,,,2.8664517402648926,0.5598649978637695,,
233,9593,,,,,3.4007728099823,0.43542397022247314
233,9593,,,2.8004443645477295,0.5751132369041443,,
234,9634,,,,,3.3310048580169678,0.43675482273101807
234,9634,,,2.6666858196258545,0.5971280336380005,,
235,9675,,,,,3.3805458545684814,0.4338701665401459
235,9675,,,2.7513208389282227,0.5825406312942505,,
236,9716,,,,,3.38728404045105,0.43075692653656006
236,9716,,,2.7016732692718506,0.5503563284873962,,
237,9757,,,,,3.396444797515869,0.4281356632709503
237,9757,,,2.7265639305114746,0.5788095593452454,,
238,9798,,,,,3.394171714782715,0.42640694975852966
238,9798,,,2.7840590476989746,0.5963758826255798,,
239,9839,,,,,3.3744592666625977,0.42765215039253235
239,9839,,,2.833986759185791,0.5821912288665771,,
240,9880,,,,,3.4167141914367676,0.425969660282135
240,9880,,,2.900562286376953,0.592566728591919,,
241,9921,,,,,3.4255168437957764,0.42643994092941284
241,9921,,,2.8999979496002197,0.5806686282157898,,
242,9962,,,,,3.3903398513793945,0.42409297823905945
242,9962,,,2.865044116973877,0.5573998689651489,,
243,10003,,,,,3.484854221343994,0.41928747296333313
243,10003,,,2.881869316101074,0.6022216081619263,,
244,10044,,,,,3.444530487060547,0.42150890827178955
244,10044,,,2.650390863418579,0.6130774021148682,,
245,10085,,,,,3.417707920074463,0.4207512140274048
245,10085,,,2.7626562118530273,0.5689224600791931,,
246,10126,,,,,3.4465982913970947,0.4188459813594818
246,10126,,,2.813901901245117,0.5748990774154663,,
247,10167,,,,,3.3947434425354004,0.4197280704975128
247,10167,,,2.7188613414764404,0.5549889802932739,,
248,10208,,,,,3.3988232612609863,0.41669195890426636
248,10208,,,2.8342397212982178,0.578679084777832,,
249,10249,,,,,3.4573991298675537,0.4152594804763794
249,10249,,,2.948796033859253,0.5868899822235107,,
250,10290,,,,,3.4624812602996826,0.41365623474121094
250,10290,,,2.799370050430298,0.5532028675079346,,
251,10331,,,,,3.4395556449890137,0.4139403700828552
251,10331,,,2.7250678539276123,0.6174098253250122,,
252,10372,,,,,3.530758857727051,0.40889498591423035
252,10372,,,2.7140090465545654,0.5927709937095642,,
253,10413,,,,,3.5287272930145264,0.4100301265716553
253,10413,,,2.7047207355499268,0.5587121844291687,,
254,10454,,,,,3.5166914463043213,0.41051843762397766
254,10454,,,2.6714727878570557,0.6183192729949951,,
255,10495,,,,,3.497694492340088,0.41071319580078125
255,10495,,,2.705939292907715,0.6022155284881592,,
256,10536,,,,,3.5040462017059326,0.4086328148841858
256,10536,,,2.7432198524475098,0.5692007541656494,,
257,10577,,,,,3.516056776046753,0.40705302357673645
257,10577,,,2.7397639751434326,0.6035791039466858,,
258,10618,,,,,3.514167547225952,0.4053458273410797
258,10618,,,2.691779851913452,0.5807051062583923,,
259,10659,,,,,3.5424821376800537,0.40221846103668213
259,10659,,,2.800014019012451,0.5771470665931702,,
260,10700,,,,,3.4553592205047607,0.40263286232948303
260,10700,,,2.6123690605163574,0.6112815141677856,,
261,10741,,,,,3.5194854736328125,0.40143540501594543
261,10741,,,2.6824209690093994,0.5750134587287903,,
262,10782,,,,,3.4847564697265625,0.40312957763671875
262,10782,,,2.616403579711914,0.5871554613113403,,
263,10823,,,,,3.519804000854492,0.3994409441947937
263,10823,,,2.5963189601898193,0.5972859263420105,,
264,10864,,,,,3.529729127883911,0.39792388677597046
264,10864,,,2.822664737701416,0.5868319272994995,,
265,10905,,,,,3.593885898590088,0.3916929066181183
265,10905,,,2.6352298259735107,0.5699871778488159,,
266,10946,,,,,3.580068588256836,0.3943564295768738
266,10946,,,2.675837755203247,0.6134635806083679,,
267,10987,,,,,3.5338082313537598,0.39716652035713196
267,10987,,,2.839745283126831,0.5805640816688538,,
268,11028,,,,,3.532578706741333,0.39655303955078125
268,11028,,,2.6799848079681396,0.5961616635322571,,
269,11069,,,,,3.5683255195617676,0.39637938141822815
269,11069,,,2.771371364593506,0.5804831385612488,,
270,11110,,,,,3.6519908905029297,0.39092111587524414
270,11110,,,2.5877010822296143,0.5985629558563232,,
271,11151,,,,,3.677138090133667,0.3875133693218231
271,11151,,,2.7256197929382324,0.5764955282211304,,
272,11192,,,,,3.6576900482177734,0.38683632016181946
272,11192,,,2.599407434463501,0.6213545203208923,,
273,11233,,,,,3.6017284393310547,0.3885014057159424
273,11233,,,2.585324764251709,0.5989301800727844,,
274,11274,,,,,3.5994985103607178,0.390325129032135
274,11274,,,2.6131398677825928,0.5924947261810303,,
275,11315,,,,,3.667874336242676,0.38301995396614075
275,11315,,,2.610910654067993,0.5755774974822998,,
276,11356,,,,,3.625678777694702,0.3863411545753479
276,11356,,,2.476067304611206,0.6102336645126343,,
277,11397,,,,,3.6259140968322754,0.3842760920524597
277,11397,,,2.5810229778289795,0.5989248752593994,,
278,11438,,,,,3.6025753021240234,0.38607004284858704
278,11438,,,2.8276219367980957,0.587576687335968,,
279,11479,,,,,3.6632468700408936,0.37803226709365845
279,11479,,,2.5875885486602783,0.5802177786827087,,
280,11520,,,,,3.6074466705322266,0.3826638460159302
280,11520,,,2.706066370010376,0.6188060641288757,,
281,11561,,,,,3.648959159851074,0.37993067502975464
281,11561,,,2.7321550846099854,0.5783536434173584,,
282,11602,,,,,3.6759939193725586,0.37794530391693115
282,11602,,,2.4695215225219727,0.6469343900680542,,
283,11643,,,,,3.717663049697876,0.3757311999797821
283,11643,,,2.625579833984375,0.5927029848098755,,
284,11684,,,,,3.711414098739624,0.3729943335056305
284,11684,,,2.4326260089874268,0.6171916127204895,,
285,11725,,,,,3.765373706817627,0.37269753217697144
285,11725,,,2.519900321960449,0.6375901699066162,,
286,11766,,,,,3.7706048488616943,0.3690056800842285
286,11766,,,2.5236382484436035,0.5987687706947327,,
287,11807,,,,,3.7861528396606445,0.3675178289413452
287,11807,,,2.5184028148651123,0.6272542476654053,,
288,11848,,,,,3.8418469429016113,0.3630533814430237
288,11848,,,2.566136121749878,0.6096439361572266,,
289,11889,,,,,3.8283371925354004,0.36618924140930176
289,11889,,,2.6246707439422607,0.6008517146110535,,
290,11930,,,,,3.8337767124176025,0.36588114500045776
290,11930,,,2.4949426651000977,0.6420773863792419,,
291,11971,,,,,3.853165864944458,0.35713958740234375
291,11971,,,2.661646842956543,0.5803459882736206,,
292,12012,,,,,3.795457124710083,0.3607351779937744
292,12012,,,2.518803358078003,0.6074160933494568,,
293,12053,,,,,3.8662807941436768,0.35903674364089966
293,12053,,,2.431913375854492,0.6354947686195374,,
294,12094,,,,,3.8707923889160156,0.3555651903152466
294,12094,,,2.5234460830688477,0.6257734894752502,,
295,12135,,,,,3.860337018966675,0.35862818360328674
295,12135,,,2.5111725330352783,0.6360126733779907,,
296,12176,,,,,3.837219476699829,0.36144670844078064
296,12176,,,2.433767557144165,0.6416898369789124,,
297,12217,,,,,3.8051528930664062,0.3613642454147339
297,12217,,,2.290327787399292,0.6480535268783569,,
298,12258,,,,,3.8034002780914307,0.35449767112731934
298,12258,,,2.6155645847320557,0.603567898273468,,
299,12299,,,,,3.8260812759399414,0.35530465841293335
299,12299,,,2.388972043991089,0.6315716505050659,,
300,12340,,,,,3.789372444152832,0.352687805891037
300,12340,,,2.633413076400757,0.597989022731781,,
301,12381,,,,,3.739797353744507,0.3527867794036865
301,12381,,,2.5001604557037354,0.606823205947876,,
302,12422,,,,,3.8095195293426514,0.35051342844963074
302,12422,,,2.427335500717163,0.6279998421669006,,
303,12463,,,,,3.8266704082489014,0.34604164958000183
303,12463,,,2.6803181171417236,0.5854718089103699,,
304,12504,,,,,3.8128509521484375,0.348746120929718
304,12504,,,2.3990859985351562,0.6553921699523926,,
305,12545,,,,,3.809027671813965,0.35106754302978516
305,12545,,,2.6668684482574463,0.5940302610397339,,
306,12586,,,,,3.7621731758117676,0.35105830430984497
306,12586,,,2.4330670833587646,0.6534397602081299,,
307,12627,,,,,3.800304651260376,0.34854212403297424
307,12627,,,2.4401004314422607,0.6129748821258545,,
308,12668,,,,,3.8406026363372803,0.3450976610183716
308,12668,,,2.4981770515441895,0.6168738603591919,,
309,12709,,,,,3.8821868896484375,0.34074562788009644
309,12709,,,2.468534231185913,0.6111161112785339,,
310,12750,,,,,3.836794376373291,0.34231311082839966
310,12750,,,2.394325017929077,0.59285968542099,,
311,12791,,,,,3.835629463195801,0.3425767719745636
311,12791,,,2.408374547958374,0.6373392343521118,,
312,12832,,,,,3.897230863571167,0.33620786666870117
312,12832,,,2.418226957321167,0.630768895149231,,
313,12873,,,,,3.883406162261963,0.33800801634788513
313,12873,,,2.560479164123535,0.6094691157341003,,
314,12914,,,,,3.8336727619171143,0.3369869589805603
314,12914,,,2.63618803024292,0.6014948487281799,,
315,12955,,,,,3.8351967334747314,0.3380431532859802
315,12955,,,2.4340620040893555,0.6139698028564453,,
316,12996,,,,,3.8949551582336426,0.3337940573692322
316,12996,,,2.4539620876312256,0.6239181756973267,,
317,13037,,,,,3.8384673595428467,0.33771437406539917
317,13037,,,2.4479117393493652,0.607586145401001,,
318,13078,,,,,3.8786373138427734,0.33683642745018005
318,13078,,,2.4453225135803223,0.6436753869056702,,
319,13119,,,,,3.9321649074554443,0.33108898997306824
319,13119,,,2.367770195007324,0.6211127042770386,,
320,13160,,,,,3.896062135696411,0.3297699987888336
320,13160,,,2.5607244968414307,0.6184087991714478,,
321,13201,,,,,3.860485792160034,0.32660195231437683
321,13201,,,2.4237067699432373,0.6158035397529602,,
322,13242,,,,,3.8608696460723877,0.3324590027332306
322,13242,,,2.415285110473633,0.6097761392593384,,
323,13283,,,,,3.9508121013641357,0.321973979473114
323,13283,,,2.495610237121582,0.6046198606491089,,
324,13324,,,,,3.960479259490967,0.3220231831073761
324,13324,,,2.4114367961883545,0.6495135426521301,,
325,13365,,,,,3.969778060913086,0.32504740357398987
325,13365,,,2.5502586364746094,0.6205793023109436,,
326,13406,,,,,3.948209047317505,0.3253287971019745
326,13406,,,2.5105550289154053,0.6255882382392883,,
327,13447,,,,,3.9066174030303955,0.3257359564304352
327,13447,,,2.316331148147583,0.6195497512817383,,
328,13488,,,,,3.8472235202789307,0.3248257637023926
328,13488,,,2.409219980239868,0.6226456165313721,,
329,13529,,,,,3.9298453330993652,0.32064634561538696
329,13529,,,2.31402587890625,0.6275789141654968,,
330,13570,,,,,3.947277307510376,0.32299482822418213
330,13570,,,2.409984588623047,0.6472442150115967,,
331,13611,,,,,3.970778226852417,0.3179898262023926
331,13611,,,2.280815839767456,0.6214935183525085,,
332,13652,,,,,3.983633041381836,0.3161880671977997
332,13652,,,2.3535618782043457,0.6692167520523071,,
333,13693,,,,,3.940868377685547,0.31882160902023315
333,13693,,,2.4325523376464844,0.5899873375892639,,
334,13734,,,,,3.9416587352752686,0.31910213828086853
334,13734,,,2.429154634475708,0.5933742523193359,,
335,13775,,,,,4.025310516357422,0.3151961863040924
335,13775,,,2.492173671722412,0.6273610591888428,,
336,13816,,,,,4.0149312019348145,0.31699272990226746
336,13816,,,2.3688786029815674,0.615047812461853,,
337,13857,,,,,3.9790287017822266,0.32024043798446655
337,13857,,,2.1903326511383057,0.621157705783844,,
338,13898,,,,,3.9554805755615234,0.3191039264202118
338,13898,,,2.271862030029297,0.62565678358078,,
339,13939,,,,,3.8862814903259277,0.3238582909107208
339,13939,,,2.3630781173706055,0.6557934284210205,,
340,13980,,,,,3.92950439453125,0.3240100145339966
340,13980,,,2.41042423248291,0.6494953036308289,,
341,14021,,,,,3.9143927097320557,0.32161587476730347
341,14021,,,2.3215625286102295,0.6149889826774597,,
342,14062,,,,,3.971224546432495,0.3106001317501068
342,14062,,,2.453300952911377,0.6047385334968567,,
343,14103,,,,,3.921666145324707,0.31740671396255493
343,14103,,,2.3660011291503906,0.6600525379180908,,
344,14144,,,,,3.9062821865081787,0.32104164361953735
344,14144,,,2.4733123779296875,0.6046377420425415,,
345,14185,,,,,3.983550786972046,0.3150617778301239
345,14185,,,2.355862617492676,0.6430880427360535,,
346,14226,,,,,3.997713088989258,0.31343477964401245
346,14226,,,2.301085948944092,0.6158503293991089,,
347,14267,,,,,4.010281562805176,0.3140321671962738
347,14267,,,2.3890280723571777,0.6589735746383667,,
348,14308,,,,,3.9779672622680664,0.3158317804336548
348,14308,,,2.3767249584198,0.633770227432251,,
349,14349,,,,,4.020770072937012,0.31073319911956787
349,14349,,,2.2866408824920654,0.6623316407203674,,
350,14390,,,,,4.016963958740234,0.3092714846134186
350,14390,,,2.314567804336548,0.6146440505981445,,
351,14431,,,,,3.99367094039917,0.31061851978302
351,14431,,,2.3748271465301514,0.6496688723564148,,
352,14472,,,,,3.9764623641967773,0.3144272565841675
352,14472,,,2.2960164546966553,0.6286889910697937,,
353,14513,,,,,4.036325454711914,0.307327538728714
353,14513,,,2.433692455291748,0.6797432899475098,,
354,14554,,,,,3.9924468994140625,0.3038153350353241
354,14554,,,2.407011032104492,0.6047515273094177,,
355,14595,,,,,3.89865779876709,0.31512200832366943
355,14595,,,2.3761203289031982,0.6172124743461609,,
356,14636,,,,,3.902029037475586,0.3111094832420349
356,14636,,,2.4235494136810303,0.642089307308197,,
357,14677,,,,,3.9746782779693604,0.3092510402202606
357,14677,,,2.260493278503418,0.6251419186592102,,
358,14718,,,,,4.007129192352295,0.30959850549697876
358,14718,,,2.3509786128997803,0.6485180258750916,,
359,14759,,,,,3.9923202991485596,0.3077646493911743
359,14759,,,2.2589547634124756,0.6484975814819336,,
360,14800,,,,,3.9348132610321045,0.3066456615924835
360,14800,,,2.220527172088623,0.6404946446418762,,
361,14841,,,,,3.9861807823181152,0.30709490180015564
361,14841,,,2.3308961391448975,0.6293652057647705,,
362,14882,,,,,3.877885103225708,0.3094492256641388
362,14882,,,2.4924962520599365,0.6357703804969788,,
363,14923,,,,,3.830362319946289,0.3153876066207886
363,14923,,,2.206434965133667,0.6301690936088562,,
364,14964,,,,,3.8900046348571777,0.3113608956336975
364,14964,,,2.2372078895568848,0.6920298337936401,,
365,15005,,,,,3.93666934967041,0.3065277636051178
365,15005,,,2.240157127380371,0.6498069167137146,,
366,15046,,,,,3.89631986618042,0.313201367855072
366,15046,,,2.288973093032837,0.66617751121521,,
367,15087,,,,,3.9139935970306396,0.3086131811141968
367,15087,,,2.3261992931365967,0.6404758095741272,,
368,15128,,,,,3.9750163555145264,0.30623409152030945
368,15128,,,2.263209581375122,0.6536088585853577,,
369,15169,,,,,3.93533992767334,0.30722230672836304
369,15169,,,2.3736579418182373,0.6044503450393677,,
370,15210,,,,,3.92403244972229,0.314572811126709
370,15210,,,2.12634015083313,0.6832708120346069,,
371,15251,,,,,3.9684810638427734,0.30929476022720337
371,15251,,,2.4263663291931152,0.6344694495201111,,
372,15292,,,,,3.941802501678467,0.3049582540988922
372,15292,,,2.361672878265381,0.6197814345359802,,
373,15333,,,,,4.010871410369873,0.3001338839530945
373,15333,,,2.2791128158569336,0.6591397523880005,,
374,15374,,,,,3.9947078227996826,0.30180981755256653
374,15374,,,2.3243746757507324,0.6433674693107605,,
375,15415,,,,,4.005050182342529,0.3079163432121277
375,15415,,,2.147716522216797,0.6720322370529175,,
376,15456,,,,,4.0035400390625,0.30217158794403076
376,15456,,,2.218933582305908,0.6647077202796936,,
377,15497,,,,,4.010170936584473,0.30483007431030273
377,15497,,,2.340726852416992,0.6497265696525574,,
378,15538,,,,,4.025793552398682,0.3046787977218628
378,15538,,,2.2991490364074707,0.6433455348014832,,
379,15579,,,,,4.029947280883789,0.3056998550891876
379,15579,,,2.289311408996582,0.6712899804115295,,
380,15620,,,,,3.9986517429351807,0.3019976019859314
380,15620,,,2.131276845932007,0.6563966274261475,,
381,15661,,,,,4.004913806915283,0.2992648482322693
381,15661,,,2.219593048095703,0.647604763507843,,
382,15702,,,,,3.9243416786193848,0.30872902274131775
382,15702,,,2.44366192817688,0.6516793370246887,,
383,15743,,,,,3.911891222000122,0.30952468514442444
383,15743,,,2.1565988063812256,0.6570579409599304,,
384,15784,,,,,3.9207839965820312,0.30687737464904785
384,15784,,,2.1756341457366943,0.6570520997047424,,
385,15825,,,,,3.957044839859009,0.3060446083545685
385,15825,,,2.1544766426086426,0.6733123660087585,,
386,15866,,,,,3.9564218521118164,0.3068619668483734
386,15866,,,2.180126905441284,0.6673551201820374,,
387,15907,,,,,3.932500123977661,0.306306391954422
387,15907,,,2.2101657390594482,0.6227843165397644,,
388,15948,,,,,3.977234363555908,0.3022750914096832
388,15948,,,2.1643857955932617,0.663492739200592,,
389,15989,,,,,4.004100799560547,0.30321383476257324
389,15989,,,2.150533437728882,0.6814447045326233,,
390,16030,,,,,4.012836456298828,0.3021196722984314
390,16030,,,2.281362771987915,0.6371164321899414,,
391,16071,,,,,3.9952762126922607,0.3046923279762268
391,16071,,,2.1691246032714844,0.6526466608047485,,
392,16112,,,,,4.012562274932861,0.3036316931247711
392,16112,,,2.2206356525421143,0.6450174450874329,,
393,16153,,,,,4.008243083953857,0.298559308052063
393,16153,,,2.3650949001312256,0.6373883485794067,,
394,16194,,,,,3.9427177906036377,0.31005561351776123
394,16194,,,2.1284329891204834,0.6149831414222717,,
395,16235,,,,,3.9498424530029297,0.3100859224796295
395,16235,,,2.211979866027832,0.6579140424728394,,
396,16276,,,,,3.97064471244812,0.3092770576477051
396,16276,,,2.185926914215088,0.6646626591682434,,
397,16317,,,,,3.9667232036590576,0.3049420416355133
397,16317,,,2.245652437210083,0.6654903888702393,,
398,16358,,,,,4.016241073608398,0.3008632957935333
398,16358,,,2.281517505645752,0.6568986773490906,,
399,16399,,,,,4.076107978820801,0.2967108488082886
399,16399,,,2.2296950817108154,0.675125002861023,,
400,16440,,,,,4.029003620147705,0.3022879958152771
400,16440,,,2.0067999362945557,0.6627363562583923,,
401,16481,,,,,4.040661334991455,0.29650670289993286
401,16481,,,2.214447021484375,0.6851947903633118,,
402,16522,,,,,3.9959490299224854,0.3014082610607147
402,16522,,,2.1996734142303467,0.6848921179771423,,
403,16563,,,,,3.9831430912017822,0.30889442563056946
403,16563,,,2.2777411937713623,0.6539015173912048,,
404,16604,,,,,3.9286346435546875,0.3082062602043152
404,16604,,,2.1689977645874023,0.6629346609115601,,
405,16645,,,,,3.916839361190796,0.3071155846118927
405,16645,,,2.0824825763702393,0.6613287925720215,,
406,16686,,,,,3.94295072555542,0.30994778871536255
406,16686,,,2.143800735473633,0.665856122970581,,
407,16727,,,,,3.901998519897461,0.312256395816803
407,16727,,,2.1652488708496094,0.6561082005500793,,
408,16768,,,,,3.936690092086792,0.3108896315097809
408,16768,,,2.11617374420166,0.6986947655677795,,
409,16809,,,,,4.004310607910156,0.30709296464920044
409,16809,,,2.2005670070648193,0.6842514872550964,,
410,16850,,,,,4.04091215133667,0.3016914427280426
410,16850,,,2.2403831481933594,0.6645380258560181,,
411,16891,,,,,4.068449020385742,0.2934948205947876
411,16891,,,2.1823697090148926,0.6315941214561462,,
412,16932,,,,,4.028280735015869,0.3021911382675171
412,16932,,,2.146833658218384,0.6815707087516785,,
413,16973,,,,,3.9942691326141357,0.296390563249588
413,16973,,,2.1808230876922607,0.6507701277732849,,
414,17014,,,,,3.965749502182007,0.30012640357017517
414,17014,,,2.126950979232788,0.6491357088088989,,
415,17055,,,,,3.976226329803467,0.3022597134113312
415,17055,,,2.0901405811309814,0.6816481351852417,,
416,17096,,,,,4.045436859130859,0.2963058352470398
416,17096,,,2.1303672790527344,0.6616052389144897,,
417,17137,,,,,4.000694751739502,0.2976137697696686
417,17137,,,2.3345372676849365,0.6494390368461609,,
418,17178,,,,,3.988863945007324,0.300129234790802
418,17178,,,2.101640224456787,0.680948793888092,,
419,17219,,,,,3.952155113220215,0.3006238043308258
419,17219,,,2.252143144607544,0.6652578711509705,,
420,17260,,,,,3.9911398887634277,0.29737281799316406
420,17260,,,2.1718950271606445,0.6625878810882568,,
421,17301,,,,,4.0410237312316895,0.29819154739379883
421,17301,,,2.2050387859344482,0.6554558277130127,,
422,17342,,,,,4.006326198577881,0.3013187050819397
422,17342,,,2.094114065170288,0.6722440719604492,,
423,17383,,,,,4.038005828857422,0.2986195683479309
423,17383,,,1.9879839420318604,0.6691367626190186,,
424,17424,,,,,4.0300140380859375,0.30438053607940674
424,17424,,,2.2017767429351807,0.685320258140564,,
425,17465,,,,,4.047868728637695,0.2990667521953583
425,17465,,,2.112501859664917,0.6958011388778687,,
426,17506,,,,,3.999357223510742,0.3068717122077942
426,17506,,,2.0243983268737793,0.7105425596237183,,
427,17547,,,,,4.026608943939209,0.3056795001029968
427,17547,,,2.1321723461151123,0.6790279150009155,,
428,17588,,,,,3.995131254196167,0.3115040361881256
428,17588,,,2.1140308380126953,0.6351003646850586,,
429,17629,,,,,3.9762942790985107,0.30928072333335876
429,17629,,,2.1297245025634766,0.6761229038238525,,
430,17670,,,,,4.023512840270996,0.2984926104545593
430,17670,,,2.218036651611328,0.6748051047325134,,
431,17711,,,,,3.947930335998535,0.30754154920578003
431,17711,,,2.139224052429199,0.6739417314529419,,
432,17752,,,,,3.938229560852051,0.312277615070343
432,17752,,,1.9529153108596802,0.6935527920722961,,
433,17793,,,,,4.014936447143555,0.2994076907634735
433,17793,,,2.2206592559814453,0.6377763748168945,,
434,17834,,,,,3.9984290599823,0.30434587597846985
434,17834,,,2.2047502994537354,0.6374678015708923,,
435,17875,,,,,4.00637674331665,0.298054575920105
435,17875,,,2.114529609680176,0.6612168550491333,,
436,17916,,,,,3.9542295932769775,0.30473801493644714
436,17916,,,2.0324668884277344,0.7006410956382751,,
437,17957,,,,,3.949582099914551,0.30518484115600586
437,17957,,,2.123492479324341,0.6637340188026428,,
438,17998,,,,,3.966296911239624,0.30254223942756653
438,17998,,,2.129365921020508,0.6622169017791748,,
439,18039,,,,,3.9294722080230713,0.3075372278690338
439,18039,,,2.179795980453491,0.6655960083007812,,
440,18080,,,,,3.9720635414123535,0.30512961745262146
440,18080,,,2.0530107021331787,0.6664100885391235,,
441,18121,,,,,4.006560325622559,0.30437928438186646
441,18121,,,1.9909076690673828,0.673896849155426,,
442,18162,,,,,4.010232448577881,0.302417129278183
442,18162,,,2.0326662063598633,0.6624791026115417,,
443,18203,,,,,3.964203357696533,0.3110661804676056
443,18203,,,2.1588337421417236,0.684296190738678,,
444,18244,,,,,3.967963933944702,0.3073880672454834
444,18244,,,2.0341763496398926,0.7094278931617737,,
445,18285,,,,,3.9739856719970703,0.3093359172344208
445,18285,,,2.1140317916870117,0.6947308778762817,,
446,18326,,,,,4.065258502960205,0.30179429054260254
446,18326,,,2.066432476043701,0.695525586605072,,
447,18367,,,,,4.032764434814453,0.30923354625701904
447,18367,,,2.210296869277954,0.675207257270813,,
448,18408,,,,,3.9720942974090576,0.3100748360157013
448,18408,,,2.10451340675354,0.698082447052002,,
449,18449,,,,,4.021308422088623,0.3098079264163971
449,18449,,,2.133859157562256,0.6808608770370483,,
450,18490,,,,,4.054117679595947,0.3065997064113617
450,18490,,,2.061727285385132,0.6900568008422852,,
451,18531,,,,,4.018332004547119,0.30629387497901917
451,18531,,,2.050374746322632,0.6855995655059814,,
452,18572,,,,,4.009177207946777,0.30945491790771484
452,18572,,,2.0157082080841064,0.6908754110336304,,
453,18613,,,,,4.083916187286377,0.3050380051136017
453,18613,,,2.0874340534210205,0.6707172989845276,,
454,18654,,,,,3.982914924621582,0.30994313955307007
454,18654,,,2.0515530109405518,0.6930790543556213,,
455,18695,,,,,4.002891540527344,0.3110315203666687
455,18695,,,2.105254650115967,0.6632052659988403,,
456,18736,,,,,3.963162422180176,0.308868944644928
456,18736,,,2.131192922592163,0.6735953092575073,,
457,18777,,,,,3.969036102294922,0.3138386607170105
457,18777,,,2.0180013179779053,0.6674602627754211,,
458,18818,,,,,3.9862005710601807,0.30547988414764404
458,18818,,,2.133385181427002,0.6701521277427673,,
459,18859,,,,,3.9707372188568115,0.3091309666633606
459,18859,,,2.014986276626587,0.7056055665016174,,
460,18900,,,,,3.9644463062286377,0.3115561008453369
460,18900,,,2.025330066680908,0.6804726123809814,,
461,18941,,,,,3.9439048767089844,0.3100985586643219
461,18941,,,2.028390645980835,0.6768054366111755,,
462,18982,,,,,3.9865071773529053,0.3101452589035034
462,18982,,,1.9713060855865479,0.6910495162010193,,
463,19023,,,,,4.029116630554199,0.30841881036758423
463,19023,,,1.9853880405426025,0.6990723609924316,,
464,19064,,,,,3.9148712158203125,0.3138076663017273
464,19064,,,2.1186790466308594,0.6607347130775452,,
465,19105,,,,,4.0782790184021,0.30576178431510925
465,19105,,,2.1414384841918945,0.6607885360717773,,
466,19146,,,,,4.017452716827393,0.3086010813713074
466,19146,,,2.0178346633911133,0.6767990589141846,,
467,19187,,,,,4.0082807540893555,0.30745255947113037
467,19187,,,1.9863852262496948,0.6945343017578125,,
468,19228,,,,,4.034990310668945,0.30530551075935364
468,19228,,,2.1986937522888184,0.6740527153015137,,
469,19269,,,,,4.008963584899902,0.3112832009792328
469,19269,,,2.092899799346924,0.6969050168991089,,
470,19310,,,,,4.055424690246582,0.31066131591796875
470,19310,,,2.0304126739501953,0.708113431930542,,
471,19351,,,,,4.118366718292236,0.3037096858024597
471,19351,,,2.044966697692871,0.6777242422103882,,
472,19392,,,,,4.057895183563232,0.3022761046886444
472,19392,,,2.0289793014526367,0.6915858387947083,,
473,19433,,,,,4.09100341796875,0.30984747409820557
473,19433,,,2.0199813842773438,0.6985146403312683,,
474,19474,,,,,4.084752559661865,0.30544722080230713
474,19474,,,1.9789074659347534,0.6839309334754944,,
475,19515,,,,,4.013011455535889,0.30889663100242615
475,19515,,,2.0400543212890625,0.6599295735359192,,
476,19556,,,,,3.9699623584747314,0.31386426091194153
476,19556,,,2.0894813537597656,0.6697843670845032,,
477,19597,,,,,3.955920457839966,0.3133009970188141
477,19597,,,2.015558958053589,0.6733347177505493,,
478,19638,,,,,3.992738962173462,0.31194451451301575
478,19638,,,1.9963253736495972,0.7022016048431396,,
479,19679,,,,,3.994534730911255,0.31141412258148193
479,19679,,,1.9467769861221313,0.682929515838623,,
480,19720,,,,,4.089917182922363,0.3060535192489624
480,19720,,,1.9499424695968628,0.6960089206695557,,
481,19761,,,,,4.048853397369385,0.3156339228153229
481,19761,,,2.0634353160858154,0.6852075457572937,,
482,19802,,,,,3.9681460857391357,0.32186225056648254
482,19802,,,1.8684779405593872,0.6982768177986145,,
483,19843,,,,,3.9668853282928467,0.31792938709259033
483,19843,,,2.050865411758423,0.6681600213050842,,
484,19884,,,,,3.949551582336426,0.3196644186973572
484,19884,,,2.0111536979675293,0.6784147024154663,,
485,19925,,,,,4.001248359680176,0.3143393397331238
485,19925,,,1.9419326782226562,0.7070419788360596,,
486,19966,,,,,4.032138824462891,0.3122978210449219
486,19966,,,1.9537087678909302,0.6596745252609253,,
487,20007,,,,,4.0181474685668945,0.3155564069747925
487,20007,,,2.000845193862915,0.6942883133888245,,
488,20048,,,,,3.9884157180786133,0.31376469135284424
488,20048,,,1.9641565084457397,0.6889864206314087,,
489,20089,,,,,3.9894461631774902,0.3204847276210785
489,20089,,,1.9966390132904053,0.7126926779747009,,
490,20130,,,,,3.9311888217926025,0.31872954964637756
490,20130,,,1.9954967498779297,0.6724589467048645,,
491,20171,,,,,3.9459481239318848,0.31856679916381836
491,20171,,,1.9521716833114624,0.7257617115974426,,
492,20212,,,,,3.9583590030670166,0.32021743059158325
492,20212,,,2.0136754512786865,0.7020875811576843,,
493,20253,,,,,3.957590341567993,0.3210301399230957
493,20253,,,1.8039692640304565,0.6984849572181702,,
494,20294,,,,,3.960568428039551,0.31901806592941284
494,20294,,,1.969035267829895,0.7055361866950989,,
495,20335,,,,,3.9114201068878174,0.3257085978984833
495,20335,,,1.881905198097229,0.7032356262207031,,
496,20376,,,,,3.9459075927734375,0.32423123717308044
496,20376,,,1.9474533796310425,0.7034527659416199,,
497,20417,,,,,3.963737964630127,0.3182516396045685
497,20417,,,2.093778133392334,0.6780055165290833,,
498,20458,,,,,3.87721586227417,0.32689329981803894
498,20458,,,1.9796339273452759,0.7019954919815063,,
499,20499,,,,,3.863264560699463,0.3258257508277893
499,20499,,,2.052764892578125,0.6931262016296387,,
500,20540,,,,,3.818605661392212,0.33338662981987
500,20540,,,2.0128917694091797,0.7237491011619568,,
501,20581,,,,,3.8437864780426025,0.33317965269088745
501,20581,,,2.030865430831909,0.7152479887008667,,
502,20622,,,,,3.9606213569641113,0.3212413787841797
502,20622,,,1.9086992740631104,0.67743319272995,,
503,20663,,,,,3.964263439178467,0.3203508257865906
503,20663,,,1.8720749616622925,0.7166914343833923,,
504,20704,,,,,3.8743410110473633,0.3225939869880676
504,20704,,,1.9301362037658691,0.6755601763725281,,
505,20745,,,,,3.8944830894470215,0.32365575432777405
505,20745,,,2.046097755432129,0.6765785217285156,,
506,20786,,,,,3.858030080795288,0.3241979479789734
506,20786,,,2.0876376628875732,0.6789438724517822,,
507,20827,,,,,3.818096399307251,0.33178332448005676
507,20827,,,2.0877790451049805,0.6994357705116272,,
508,20868,,,,,3.865211009979248,0.32442808151245117
508,20868,,,2.011709213256836,0.7037382125854492,,
509,20909,,,,,3.8740274906158447,0.3297182619571686
509,20909,,,1.9183779954910278,0.725872814655304,,
510,20950,,,,,3.877095937728882,0.33113735914230347
510,20950,,,1.94602632522583,0.7032485008239746,,
511,20991,,,,,3.8662033081054688,0.32843899726867676
511,20991,,,1.904737114906311,0.7015682458877563,,
512,21032,,,,,3.879819631576538,0.3258346617221832
512,21032,,,2.0638720989227295,0.6842474341392517,,
513,21073,,,,,3.8751256465911865,0.3254639208316803
513,21073,,,1.9905304908752441,0.695286750793457,,
514,21114,,,,,3.844996452331543,0.3299907445907593
514,21114,,,1.9241588115692139,0.7087167501449585,,
515,21155,,,,,3.930258274078369,0.3228190541267395
515,21155,,,1.9627678394317627,0.7111903429031372,,
516,21196,,,,,3.8984551429748535,0.32659199833869934
516,21196,,,1.8866350650787354,0.7083514332771301,,
517,21237,,,,,3.954725503921509,0.3253377676010132
517,21237,,,1.9068318605422974,0.7154648900032043,,
518,21278,,,,,3.9204814434051514,0.328422486782074
518,21278,,,1.9330998659133911,0.7301685810089111,,
519,21319,,,,,3.9732325077056885,0.3191989064216614
519,21319,,,2.0243756771087646,0.6836122870445251,,
520,21360,,,,,3.894345760345459,0.32922157645225525
520,21360,,,1.8697134256362915,0.7223363518714905,,
521,21401,,,,,3.8813977241516113,0.32944223284721375
521,21401,,,1.9113843441009521,0.711411714553833,,
522,21442,,,,,3.8540632724761963,0.33069977164268494
522,21442,,,1.9649211168289185,0.6839388608932495,,
523,21483,,,,,3.8928163051605225,0.32891446352005005
523,21483,,,1.87688148021698,0.7049881219863892,,
524,21524,,,,,3.9281861782073975,0.3281106948852539
524,21524,,,1.770782232284546,0.7432006001472473,,
525,21565,,,,,3.987274646759033,0.321120947599411
525,21565,,,1.9903253316879272,0.6966652274131775,,
526,21606,,,,,3.9289040565490723,0.32230135798454285
526,21606,,,1.9298237562179565,0.7129086852073669,,
527,21647,,,,,3.9764392375946045,0.32720670104026794
527,21647,,,1.8766287565231323,0.711907684803009,,
528,21688,,,,,3.9587199687957764,0.3307102620601654
528,21688,,,1.8171628713607788,0.7074344158172607,,
529,21729,,,,,3.9074697494506836,0.33254969120025635
529,21729,,,1.9875601530075073,0.6809223294258118,,
530,21770,,,,,3.880565881729126,0.33118441700935364
530,21770,,,1.952226161956787,0.6902524828910828,,
531,21811,,,,,3.8381171226501465,0.33682432770729065
531,21811,,,1.9807119369506836,0.7133739590644836,,
532,21852,,,,,3.893435478210449,0.3365550935268402
532,21852,,,1.9619618654251099,0.715382993221283,,
533,21893,,,,,3.888026237487793,0.3372878432273865
533,21893,,,1.950669765472412,0.7274914979934692,,
534,21934,,,,,3.9191012382507324,0.33422404527664185
534,21934,,,2.028420925140381,0.6990876793861389,,
535,21975,,,,,3.9733073711395264,0.32928764820098877
535,21975,,,1.8728551864624023,0.7149360179901123,,
536,22016,,,,,3.9240047931671143,0.3347797989845276
536,22016,,,1.942274570465088,0.7200524210929871,,
537,22057,,,,,3.910294771194458,0.33333373069763184
537,22057,,,1.939894199371338,0.7169592380523682,,
538,22098,,,,,3.932588815689087,0.33320772647857666
538,22098,,,1.9751214981079102,0.7098993062973022,,
539,22139,,,,,3.9513001441955566,0.3321242928504944
539,22139,,,1.9030512571334839,0.7115738391876221,,
540,22180,,,,,3.8712823390960693,0.3356441855430603
540,22180,,,1.9577242136001587,0.7000334858894348,,
541,22221,,,,,3.87666392326355,0.33863380551338196
541,22221,,,1.872058629989624,0.727137565612793,,
542,22262,,,,,3.9414174556732178,0.33321112394332886
542,22262,,,1.9598464965820312,0.6835659146308899,,
543,22303,,,,,3.9059369564056396,0.3337050676345825
543,22303,,,1.962801456451416,0.7023084759712219,,
544,22344,,,,,3.9179327487945557,0.3366767168045044
544,22344,,,1.8684626817703247,0.7048090100288391,,
545,22385,,,,,3.8755404949188232,0.33604806661605835
545,22385,,,1.9340581893920898,0.6728433966636658,,
546,22426,,,,,3.858761787414551,0.33869418501853943
546,22426,,,1.8554050922393799,0.6925169229507446,,
547,22467,,,,,3.916332483291626,0.33302241563796997
547,22467,,,1.9979068040847778,0.7220279574394226,,
548,22508,,,,,3.9285430908203125,0.33710068464279175
548,22508,,,1.8864619731903076,0.709671139717102,,
549,22549,,,,,3.847201108932495,0.3421779274940491
549,22549,,,2.000606060028076,0.6842217445373535,,
550,22590,,,,,3.836275100708008,0.34455639123916626
550,22590,,,1.9584687948226929,0.7143160104751587,,
551,22631,,,,,3.939002275466919,0.3345254957675934
551,22631,,,1.8603242635726929,0.736036479473114,,
552,22672,,,,,3.9955828189849854,0.3303550183773041
552,22672,,,1.8355761766433716,0.7227950096130371,,
553,22713,,,,,3.9595022201538086,0.33511215448379517
553,22713,,,1.9204875230789185,0.722110390663147,,
554,22754,,,,,3.901319742202759,0.3425164818763733
554,22754,,,1.7655035257339478,0.7163823843002319,,
555,22795,,,,,3.9118752479553223,0.3397054076194763
555,22795,,,1.9742246866226196,0.7166526913642883,,
556,22836,,,,,3.929921865463257,0.3384915292263031
556,22836,,,1.7218985557556152,0.7136212587356567,,
557,22877,,,,,3.8753228187561035,0.342136412858963
557,22877,,,1.8495434522628784,0.7216473817825317,,
558,22918,,,,,3.989790439605713,0.3339690864086151
558,22918,,,1.8458592891693115,0.7413384318351746,,
559,22959,,,,,3.925253391265869,0.3390245735645294
559,22959,,,1.7735050916671753,0.7291750907897949,,
560,23000,,,,,3.936396837234497,0.3390975594520569
560,23000,,,1.8645648956298828,0.7116427421569824,,
561,23041,,,,,3.9272797107696533,0.33825209736824036
561,23041,,,1.8456473350524902,0.7090111970901489,,
562,23082,,,,,3.9047231674194336,0.34229618310928345
562,23082,,,1.9156208038330078,0.7196137309074402,,
563,23123,,,,,3.9162421226501465,0.3399212062358856
563,23123,,,1.9441146850585938,0.703607976436615,,
564,23164,,,,,3.9317548274993896,0.33948570489883423
564,23164,,,1.755815029144287,0.711451530456543,,
565,23205,,,,,3.9514355659484863,0.33739903569221497
565,23205,,,1.8258769512176514,0.7168232798576355,,
566,23246,,,,,3.9295709133148193,0.3420066237449646
566,23246,,,1.7668709754943848,0.7404416799545288,,
567,23287,,,,,3.9820621013641357,0.3374873995780945
567,23287,,,1.82137131690979,0.6977235078811646,,
568,23328,,,,,3.968966245651245,0.3367879390716553
568,23328,,,1.8212476968765259,0.7079447507858276,,
569,23369,,,,,3.9556453227996826,0.33778825402259827
569,23369,,,1.7928351163864136,0.720421552658081,,
570,23410,,,,,3.952605962753296,0.33760830760002136
570,23410,,,1.7641680240631104,0.7316897511482239,,
571,23451,,,,,3.9005014896392822,0.3441583514213562
571,23451,,,1.8849958181381226,0.71528559923172,,
572,23492,,,,,3.928373336791992,0.34534525871276855
572,23492,,,1.8439621925354004,0.7220820188522339,,
573,23533,,,,,3.9792838096618652,0.34272339940071106
573,23533,,,1.7207021713256836,0.7524181604385376,,
574,23574,,,,,3.9762463569641113,0.34340140223503113
574,23574,,,1.8442127704620361,0.7272846698760986,,
575,23615,,,,,3.900907516479492,0.3482971489429474
575,23615,,,1.9185458421707153,0.7279720306396484,,
576,23656,,,,,3.846705436706543,0.34907427430152893
576,23656,,,1.7713818550109863,0.7395880818367004,,
577,23697,,,,,3.8898513317108154,0.3458526134490967
577,23697,,,1.779486894607544,0.7349565625190735,,
578,23738,,,,,3.8925857543945312,0.3445560336112976
578,23738,,,1.8736896514892578,0.730112612247467,,
579,23779,,,,,3.921562671661377,0.34293174743652344
579,23779,,,1.802203893661499,0.7318945527076721,,
580,23820,,,,,3.910856246948242,0.3437535762786865
580,23820,,,1.9348845481872559,0.7185636758804321,,
581,23861,,,,,3.9015886783599854,0.3446272611618042
581,23861,,,1.869330644607544,0.7013564705848694,,
582,23902,,,,,3.8896546363830566,0.34404605627059937
582,23902,,,1.8378292322158813,0.7253739237785339,,
583,23943,,,,,3.8904829025268555,0.3443766236305237
583,23943,,,1.9069072008132935,0.7159971594810486,,
584,23984,,,,,3.8439133167266846,0.350652813911438
584,23984,,,1.744407296180725,0.7385390400886536,,
585,24025,,,,,3.890899896621704,0.343515545129776
585,24025,,,1.7583867311477661,0.7287041544914246,,
586,24066,,,,,3.892300605773926,0.3449395000934601
586,24066,,,1.8071345090866089,0.7266545295715332,,
587,24107,,,,,3.8596577644348145,0.3482154309749603
587,24107,,,1.871320366859436,0.7178525924682617,,
588,24148,,,,,3.8741297721862793,0.3510122299194336
588,24148,,,1.7711595296859741,0.7196601033210754,,
589,24189,,,,,3.8988919258117676,0.3474246859550476
589,24189,,,1.78211510181427,0.7170491218566895,,
590,24230,,,,,3.927492618560791,0.35030829906463623
590,24230,,,1.7931628227233887,0.7226964235305786,,
591,24271,,,,,3.932576894760132,0.3480503559112549
591,24271,,,1.8259044885635376,0.7262200117111206,,
592,24312,,,,,3.884932518005371,0.35051724314689636
592,24312,,,1.79616379737854,0.7114230990409851,,
593,24353,,,,,3.860461473464966,0.3517616093158722
593,24353,,,1.84557044506073,0.7093707323074341,,
594,24394,,,,,3.8740732669830322,0.35238349437713623
594,24394,,,1.694580316543579,0.7322241067886353,,
595,24435,,,,,3.8806092739105225,0.3501248359680176
595,24435,,,1.8075329065322876,0.7086263298988342,,
596,24476,,,,,3.8557116985321045,0.34843865036964417
596,24476,,,1.8113439083099365,0.7183135151863098,,
597,24517,,,,,3.8314130306243896,0.35446590185165405
597,24517,,,1.7767512798309326,0.7233830690383911,,
598,24558,,,,,3.8872554302215576,0.34922337532043457
598,24558,,,1.771132469177246,0.7454542517662048,,
599,24599,,,,,3.8902318477630615,0.35323503613471985
599,24599,,,1.7885615825653076,0.7553002238273621,,
600,24640,,,,,3.930082321166992,0.3476293981075287
600,24640,,,1.802051305770874,0.7288179397583008,,
601,24681,,,,,3.911597490310669,0.35083913803100586
601,24681,,,1.7624937295913696,0.7054732441902161,,
602,24722,,,,,3.943834066390991,0.3453408181667328
602,24722,,,1.7372825145721436,0.7254806756973267,,
603,24763,,,,,3.931541919708252,0.3497224748134613
603,24763,,,1.8916337490081787,0.7211739420890808,,
604,24804,,,,,3.8071236610412598,0.36008673906326294
604,24804,,,1.7222063541412354,0.7231137156486511,,
605,24845,,,,,3.894908905029297,0.35134127736091614
605,24845,,,1.769877552986145,0.7395522594451904,,
606,24886,,,,,3.8466973304748535,0.3539130687713623
606,24886,,,1.8377741575241089,0.7074054479598999,,
607,24927,,,,,3.911881446838379,0.3510906994342804
607,24927,,,1.7994213104248047,0.7111908793449402,,
608,24968,,,,,3.7994606494903564,0.3603227734565735
608,24968,,,1.8301808834075928,0.7424483895301819,,
609,25009,,,,,3.823514938354492,0.35791635513305664
609,25009,,,1.785582184791565,0.7444261908531189,,
610,25050,,,,,3.870178461074829,0.3556191027164459
610,25050,,,1.7787787914276123,0.7242706418037415,,
611,25091,,,,,3.860595226287842,0.355110228061676
611,25091,,,1.6405272483825684,0.7358407974243164,,
612,25132,,,,,3.9075474739074707,0.35229605436325073
612,25132,,,1.774893045425415,0.7378025054931641,,
613,25173,,,,,3.9477102756500244,0.3534390330314636
613,25173,,,1.7930197715759277,0.7265418171882629,,
614,25214,,,,,3.962653160095215,0.3534494936466217
614,25214,,,1.7532939910888672,0.7322522401809692,,
615,25255,,,,,3.9144678115844727,0.3546142876148224
615,25255,,,1.8807588815689087,0.6842643618583679,,
616,25296,,,,,3.901632785797119,0.3585163354873657
616,25296,,,1.7323124408721924,0.7247893214225769,,
617,25337,,,,,3.96170711517334,0.35305124521255493
617,25337,,,1.786561131477356,0.7248879671096802,,
618,25378,,,,,3.9333505630493164,0.35420265793800354
618,25378,,,1.8336390256881714,0.7258053421974182,,
619,25419,,,,,3.9014577865600586,0.35613998770713806
619,25419,,,1.7536157369613647,0.7440248727798462,,
620,25460,,,,,3.983368158340454,0.351645827293396
620,25460,,,1.9027653932571411,0.7292109131813049,,
621,25501,,,,,3.948152542114258,0.35237205028533936
621,25501,,,1.688178300857544,0.7189626693725586,,
622,25542,,,,,3.8685050010681152,0.35889527201652527
622,25542,,,1.7635148763656616,0.7478504180908203,,
623,25583,,,,,3.8497586250305176,0.3551173806190491
623,25583,,,1.8774056434631348,0.7019533514976501,,
624,25624,,,,,3.793837070465088,0.3557351231575012
624,25624,,,1.8397676944732666,0.6918853521347046,,
625,25665,,,,,3.7975075244903564,0.35728567838668823
625,25665,,,1.8626171350479126,0.7404029369354248,,
626,25706,,,,,3.846344470977783,0.35098737478256226
626,25706,,,1.8295818567276,0.7263681292533875,,
627,25747,,,,,3.8606791496276855,0.3522226810455322
627,25747,,,1.7158886194229126,0.7306866645812988,,
628,25788,,,,,3.8740334510803223,0.35342326760292053
628,25788,,,1.6060655117034912,0.773112416267395,,
629,25829,,,,,3.8960959911346436,0.3535362482070923
629,25829,,,1.7554686069488525,0.7392064332962036,,
630,25870,,,,,3.939072847366333,0.34870395064353943
630,25870,,,1.9101064205169678,0.7185905575752258,,
631,25911,,,,,3.9212684631347656,0.3504076302051544
631,25911,,,1.7980997562408447,0.7376211285591125,,
632,25952,,,,,3.907280445098877,0.3545359671115875
632,25952,,,1.702713966369629,0.7450218200683594,,
633,25993,,,,,3.9934558868408203,0.346774697303772
633,25993,,,1.8405373096466064,0.749332070350647,,
634,26034,,,,,3.925096035003662,0.3538467586040497
634,26034,,,1.7759931087493896,0.741905927658081,,
635,26075,,,,,3.873532772064209,0.35833367705345154
635,26075,,,1.6929526329040527,0.7273907661437988,,
636,26116,,,,,3.913357973098755,0.3519665002822876
636,26116,,,1.7504770755767822,0.7073289752006531,,
637,26157,,,,,3.8440418243408203,0.3581468462944031
637,26157,,,1.7840782403945923,0.7415377497673035,,
638,26198,,,,,3.818895101547241,0.3637976050376892
638,26198,,,1.706458330154419,0.751624345779419,,
639,26239,,,,,3.839770555496216,0.3617238402366638
639,26239,,,1.901390790939331,0.7351008653640747,,
640,26280,,,,,3.89597225189209,0.3532392084598541
640,26280,,,1.6447840929031372,0.7221686244010925,,
641,26321,,,,,3.8940649032592773,0.35420647263526917
641,26321,,,1.7734709978103638,0.7070000171661377,,
642,26362,,,,,3.8742616176605225,0.36072248220443726
642,26362,,,1.780463457107544,0.7387207746505737,,
643,26403,,,,,3.822342872619629,0.3611133396625519
643,26403,,,1.858726143836975,0.6995290517807007,,
644,26444,,,,,3.8750810623168945,0.3577321171760559
644,26444,,,1.7837767601013184,0.7242851257324219,,
645,26485,,,,,3.9224581718444824,0.3586331307888031
645,26485,,,1.8304208517074585,0.7361489534378052,,
646,26526,,,,,3.9405221939086914,0.3593447804450989
646,26526,,,1.6785556077957153,0.7493842244148254,,
647,26567,,,,,3.99289870262146,0.35361436009407043
647,26567,,,1.6352187395095825,0.7417059540748596,,
648,26608,,,,,3.889695644378662,0.3602055609226227
648,26608,,,1.7637590169906616,0.7348330616950989,,
649,26649,,,,,3.8712971210479736,0.35867276787757874
649,26649,,,1.7967866659164429,0.7290569543838501,,
650,26690,,,,,3.8875575065612793,0.3577386438846588
650,26690,,,1.6767170429229736,0.7490710616111755,,
651,26731,,,,,3.9239604473114014,0.3583715558052063
651,26731,,,1.7472152709960938,0.7455772757530212,,
652,26772,,,,,3.9078452587127686,0.3591594099998474
652,26772,,,1.7003064155578613,0.7362508773803711,,
653,26813,,,,,3.929372549057007,0.36115893721580505
653,26813,,,1.694167137145996,0.7309619188308716,,
654,26854,,,,,3.9752182960510254,0.3609592616558075
654,26854,,,1.7154386043548584,0.7438154220581055,,
655,26895,,,,,4.016229152679443,0.35440391302108765
655,26895,,,1.7193951606750488,0.7352047562599182,,
656,26936,,,,,3.9890456199645996,0.3536906838417053
656,26936,,,1.8970863819122314,0.7117649912834167,,
657,26977,,,,,3.912292718887329,0.3585963547229767
657,26977,,,1.9007635116577148,0.7294546365737915,,
658,27018,,,,,3.836547374725342,0.3640066981315613
658,27018,,,1.756971001625061,0.7189081311225891,,
659,27059,,,,,3.8980321884155273,0.35831940174102783
659,27059,,,1.7769502401351929,0.7277166843414307,,
660,27100,,,,,3.8493118286132812,0.3680497705936432
660,27100,,,1.8045965433120728,0.7260709404945374,,
661,27141,,,,,3.8905370235443115,0.36355650424957275
661,27141,,,1.6928907632827759,0.7505414485931396,,
662,27182,,,,,3.913710832595825,0.3638756573200226
662,27182,,,1.7082850933074951,0.7623519897460938,,
663,27223,,,,,3.8744683265686035,0.367891788482666
663,27223,,,1.7486034631729126,0.7167195081710815,,
664,27264,,,,,3.8806817531585693,0.3673132061958313
664,27264,,,1.7432820796966553,0.7102306485176086,,
665,27305,,,,,3.867445707321167,0.36895987391471863
665,27305,,,1.6546730995178223,0.7228012084960938,,
666,27346,,,,,3.8858516216278076,0.3671480417251587
666,27346,,,1.6875255107879639,0.7511618137359619,,
667,27387,,,,,3.903347969055176,0.36441823840141296
667,27387,,,1.7550095319747925,0.7231767773628235,,
668,27428,,,,,3.9592056274414062,0.35877424478530884
668,27428,,,1.7321157455444336,0.7563295364379883,,
669,27469,,,,,3.9134535789489746,0.36033445596694946
669,27469,,,1.6153415441513062,0.7529308795928955,,
670,27510,,,,,3.7822041511535645,0.37342551350593567
670,27510,,,1.736614465713501,0.7494505643844604,,
671,27551,,,,,3.854318857192993,0.36661913990974426
671,27551,,,1.7629075050354004,0.7292051911354065,,
672,27592,,,,,3.825653553009033,0.369356244802475
672,27592,,,1.7509267330169678,0.7417272329330444,,
673,27633,,,,,3.8258559703826904,0.36818161606788635
673,27633,,,1.7148863077163696,0.7257484793663025,,
674,27674,,,,,3.8648133277893066,0.36619311571121216
674,27674,,,1.7590786218643188,0.7237462997436523,,
675,27715,,,,,3.905947208404541,0.36235928535461426
675,27715,,,1.7754086256027222,0.7319610118865967,,
676,27756,,,,,3.9655041694641113,0.3597092926502228
676,27756,,,1.7542858123779297,0.7428318858146667,,
677,27797,,,,,3.9175896644592285,0.36310380697250366
677,27797,,,1.7789853811264038,0.7419042587280273,,
678,27838,,,,,3.89737868309021,0.3626953065395355
678,27838,,,1.735869288444519,0.7194653749465942,,
679,27879,,,,,3.905186176300049,0.36113405227661133
679,27879,,,1.7325242757797241,0.7335619926452637,,
680,27920,,,,,3.9142158031463623,0.3651682436466217
680,27920,,,1.7365690469741821,0.7466571927070618,,
681,27961,,,,,3.8418829441070557,0.3717312812805176
681,27961,,,1.7278738021850586,0.7468093037605286,,
682,28002,,,,,3.8767035007476807,0.36591529846191406
682,28002,,,1.6920057535171509,0.7484447956085205,,
683,28043,,,,,3.884237289428711,0.36329221725463867
683,28043,,,1.7683701515197754,0.7402306795120239,,
684,28084,,,,,3.8488681316375732,0.36563459038734436
684,28084,,,1.768599510192871,0.7281746864318848,,
685,28125,,,,,3.8325607776641846,0.3640952706336975
685,28125,,,1.6984926462173462,0.7354211211204529,,
686,28166,,,,,3.8452584743499756,0.3651829957962036
686,28166,,,1.6747561693191528,0.7301591038703918,,
687,28207,,,,,3.9306623935699463,0.36199676990509033
687,28207,,,1.7592136859893799,0.7242563962936401,,
688,28248,,,,,3.8327465057373047,0.3676399886608124
688,28248,,,1.7910667657852173,0.7072672247886658,,
689,28289,,,,,3.8459761142730713,0.3695487082004547
689,28289,,,1.605212926864624,0.7495521903038025,,
690,28330,,,,,3.8901095390319824,0.366548091173172
690,28330,,,1.7470688819885254,0.7272379994392395,,
691,28371,,,,,3.8858211040496826,0.3648943603038788
691,28371,,,1.6860783100128174,0.743487536907196,,
692,28412,,,,,3.8618719577789307,0.3636041581630707
692,28412,,,1.6946617364883423,0.7714213132858276,,
693,28453,,,,,3.8115806579589844,0.3697431981563568
693,28453,,,1.7566949129104614,0.7087585926055908,,
694,28494,,,,,3.7808446884155273,0.3744906485080719
694,28494,,,1.6786137819290161,0.7410068511962891,,
695,28535,,,,,3.7546982765197754,0.3755421042442322
695,28535,,,1.6895642280578613,0.7300341129302979,,
696,28576,,,,,3.829721450805664,0.3716074824333191
696,28576,,,1.6506394147872925,0.731574296951294,,
697,28617,,,,,3.821631669998169,0.37157464027404785
697,28617,,,1.7082552909851074,0.7534706592559814,,
698,28658,,,,,3.8463006019592285,0.36910006403923035
698,28658,,,1.7011305093765259,0.7457172870635986,,
699,28699,,,,,3.9239048957824707,0.36502233147621155
699,28699,,,1.6628040075302124,0.7522541284561157,,
700,28740,,,,,3.8710126876831055,0.369724303483963
700,28740,,,1.6314339637756348,0.7481450438499451,,
701,28781,,,,,3.880150318145752,0.36994197964668274
701,28781,,,1.704996109008789,0.750138521194458,,
702,28822,,,,,3.851684093475342,0.37100282311439514
702,28822,,,1.7358624935150146,0.7616493701934814,,
703,28863,,,,,3.9039995670318604,0.36870720982551575
703,28863,,,1.7219083309173584,0.7487572431564331,,
704,28904,,,,,3.8246231079101562,0.37338578701019287
704,28904,,,1.6991806030273438,0.7484124302864075,,
705,28945,,,,,3.8422586917877197,0.37123844027519226
705,28945,,,1.758786678314209,0.7207822203636169,,
706,28986,,,,,3.8954992294311523,0.36668503284454346
706,28986,,,1.6813157796859741,0.7635212540626526,,
707,29027,,,,,3.8523948192596436,0.37158966064453125
707,29027,,,1.6248822212219238,0.7625428438186646,,
708,29068,,,,,3.8690226078033447,0.370841920375824
708,29068,,,1.7254536151885986,0.7338005900382996,,
709,29109,,,,,3.8501453399658203,0.37228327989578247
709,29109,,,1.7514604330062866,0.7305665612220764,,
710,29150,,,,,3.847134590148926,0.37374112010002136
710,29150,,,1.7220131158828735,0.713712751865387,,
711,29191,,,,,3.868663787841797,0.3678416609764099
711,29191,,,1.691637396812439,0.7298669815063477,,
712,29232,,,,,3.8614425659179688,0.37009021639823914
712,29232,,,1.7226917743682861,0.7270599007606506,,
713,29273,,,,,3.8503060340881348,0.37204694747924805
713,29273,,,1.5595980882644653,0.778117835521698,,
714,29314,,,,,3.8629322052001953,0.3705635368824005
714,29314,,,1.658870816230774,0.7597619891166687,,
715,29355,,,,,3.7983970642089844,0.3751009404659271
715,29355,,,1.6669855117797852,0.7347167134284973,,
716,29396,,,,,3.692809581756592,0.3843786418437958
716,29396,,,1.7486426830291748,0.7250818610191345,,
717,29437,,,,,3.6828036308288574,0.384517103433609
717,29437,,,1.750639796257019,0.7443095445632935,,
718,29478,,,,,3.7166881561279297,0.38075533509254456
718,29478,,,1.6046075820922852,0.7360588908195496,,
719,29519,,,,,3.804352045059204,0.37578651309013367
719,29519,,,1.6284749507904053,0.7588682770729065,,
720,29560,,,,,3.7842929363250732,0.37848392128944397
720,29560,,,1.632515549659729,0.7632142305374146,,
721,29601,,,,,3.776071071624756,0.37975937128067017
721,29601,,,1.7820149660110474,0.7283101677894592,,
722,29642,,,,,3.8351049423217773,0.378013551235199
722,29642,,,1.6564549207687378,0.7563090920448303,,
723,29683,,,,,3.780097484588623,0.38331156969070435
723,29683,,,1.6436412334442139,0.7442010045051575,,
724,29724,,,,,3.8089559078216553,0.380899041891098
724,29724,,,1.5899701118469238,0.768703818321228,,
725,29765,,,,,3.8646132946014404,0.3782525360584259
725,29765,,,1.6622411012649536,0.7394721508026123,,
726,29806,,,,,3.931213855743408,0.3723670244216919
726,29806,,,1.7925939559936523,0.7160825729370117,,
727,29847,,,,,3.8827028274536133,0.37615689635276794
727,29847,,,1.6819580793380737,0.7572758197784424,,
728,29888,,,,,3.874145269393921,0.37648701667785645
728,29888,,,1.6929371356964111,0.7388884425163269,,
729,29929,,,,,3.876297950744629,0.37450212240219116
729,29929,,,1.710648536682129,0.7454729080200195,,
730,29970,,,,,3.8491318225860596,0.3728138208389282
730,29970,,,1.7483211755752563,0.7391735911369324,,
731,30011,,,,,3.7965967655181885,0.3803405463695526
731,30011,,,1.7221360206604004,0.7242157459259033,,
732,30052,,,,,3.812610626220703,0.3783564269542694
732,30052,,,1.5651922225952148,0.764004111289978,,
733,30093,,,,,3.842972993850708,0.37679338455200195
733,30093,,,1.7418019771575928,0.7429624795913696,,
734,30134,,,,,3.8301901817321777,0.37848198413848877
734,30134,,,1.6933757066726685,0.7407865524291992,,
735,30175,,,,,3.8168485164642334,0.37974342703819275
735,30175,,,1.6351580619812012,0.7500264048576355,,
736,30216,,,,,3.808647394180298,0.37648293375968933
736,30216,,,1.6504600048065186,0.7251651883125305,,
737,30257,,,,,3.8342363834381104,0.3731873333454132
737,30257,,,1.7433497905731201,0.75450199842453,,
738,30298,,,,,3.831944465637207,0.3768808841705322
738,30298,,,1.650482177734375,0.7445495128631592,,
739,30339,,,,,3.7841944694519043,0.38140952587127686
739,30339,,,1.6658610105514526,0.7430163025856018,,
740,30380,,,,,3.7773191928863525,0.3836732804775238
740,30380,,,1.6012558937072754,0.7704007625579834,,
741,30421,,,,,3.860476493835449,0.3753213584423065
741,30421,,,1.5469046831130981,0.7515073418617249,,
742,30462,,,,,3.7443881034851074,0.3821406066417694
742,30462,,,1.7174252271652222,0.7624546885490417,,
743,30503,,,,,3.772477388381958,0.3812483549118042
743,30503,,,1.6934289932250977,0.7510910034179688,,
744,30544,,,,,3.734881639480591,0.3835257291793823
744,30544,,,1.6377815008163452,0.7310965657234192,,
745,30585,,,,,3.729452610015869,0.38363179564476013
745,30585,,,1.6449369192123413,0.7519500255584717,,
746,30626,,,,,3.732369899749756,0.38280460238456726
746,30626,,,1.6715971231460571,0.7450700402259827,,
747,30667,,,,,3.7436046600341797,0.3795745372772217
747,30667,,,1.6651477813720703,0.730301022529602,,
748,30708,,,,,3.6892902851104736,0.38428688049316406
748,30708,,,1.689009666442871,0.7551716566085815,,
749,30749,,,,,3.7127084732055664,0.3827667534351349
749,30749,,,1.6073541641235352,0.7467669248580933,,
750,30790,,,,,3.7706351280212402,0.38262107968330383
750,30790,,,1.6202577352523804,0.7673532962799072,,
751,30831,,,,,3.713789463043213,0.3851346969604492
751,30831,,,1.6803562641143799,0.7355995774269104,,
752,30872,,,,,3.7558553218841553,0.38306477665901184
752,30872,,,1.6900203227996826,0.7470197081565857,,
753,30913,,,,,3.7916035652160645,0.3812240660190582
753,30913,,,1.5938951969146729,0.7316347360610962,,
754,30954,,,,,3.7519943714141846,0.38305726647377014
754,30954,,,1.6472374200820923,0.7634691596031189,,
755,30995,,,,,3.7774293422698975,0.3797822892665863
755,30995,,,1.6267491579055786,0.7509705424308777,,
756,31036,,,,,3.775238275527954,0.37954017519950867
756,31036,,,1.6508148908615112,0.7407577037811279,,
757,31077,,,,,3.8305253982543945,0.3772474527359009
757,31077,,,1.6451393365859985,0.7400067448616028,,
758,31118,,,,,3.749781847000122,0.3825211226940155
758,31118,,,1.6480082273483276,0.7489867806434631,,
759,31159,,,,,3.77485990524292,0.38201647996902466
759,31159,,,1.7143769264221191,0.7518718242645264,,
760,31200,,,,,3.819216012954712,0.38157203793525696
760,31200,,,1.6232060194015503,0.7620924115180969,,
761,31241,,,,,3.8453209400177,0.37909752130508423
761,31241,,,1.557233452796936,0.7395016551017761,,
762,31282,,,,,3.8366005420684814,0.37863829731941223
762,31282,,,1.6751675605773926,0.7434694766998291,,
763,31323,,,,,3.811599016189575,0.37947770953178406
763,31323,,,1.6673717498779297,0.7203124165534973,,
764,31364,,,,,3.787769079208374,0.38401392102241516
764,31364,,,1.6208795309066772,0.7586970329284668,,
765,31405,,,,,3.852712631225586,0.38027212023735046
765,31405,,,1.7113683223724365,0.7297247648239136,,
766,31446,,,,,3.761009931564331,0.38423633575439453
766,31446,,,1.5263862609863281,0.7539269924163818,,
767,31487,,,,,3.792949914932251,0.3830353319644928
767,31487,,,1.6653494834899902,0.7315435409545898,,
768,31528,,,,,3.8689284324645996,0.3798108994960785
768,31528,,,1.6279387474060059,0.7581741809844971,,
769,31569,,,,,3.8397626876831055,0.37832197546958923
769,31569,,,1.6956061124801636,0.7533957958221436,,
770,31610,,,,,3.8270814418792725,0.3795435130596161
770,31610,,,1.56784188747406,0.7257689833641052,,
771,31651,,,,,3.764085054397583,0.38437068462371826
771,31651,,,1.735486626625061,0.7524592876434326,,
772,31692,,,,,3.80857253074646,0.38002920150756836
772,31692,,,1.6989623308181763,0.7463420629501343,,
773,31733,,,,,3.8178882598876953,0.381112277507782
773,31733,,,1.63005530834198,0.7848479151725769,,
774,31774,,,,,3.777812957763672,0.3841381371021271
774,31774,,,1.6349519491195679,0.7275163531303406,,
775,31815,,,,,3.71999192237854,0.3889943063259125
775,31815,,,1.7331148386001587,0.745866060256958,,
776,31856,,,,,3.7598519325256348,0.3860122859477997
776,31856,,,1.6441364288330078,0.7325644493103027,,
777,31897,,,,,3.7935705184936523,0.38272228837013245
777,31897,,,1.6954278945922852,0.7574801445007324,,
778,31938,,,,,3.709709644317627,0.38906368613243103
778,31938,,,1.623373031616211,0.7343485951423645,,
779,31979,,,,,3.7563812732696533,0.3866276144981384
779,31979,,,1.6272767782211304,0.7736559510231018,,
780,32020,,,,,3.7737491130828857,0.3862072825431824
780,32020,,,1.663343071937561,0.7452434301376343,,
781,32061,,,,,3.7150440216064453,0.39132052659988403
781,32061,,,1.59819757938385,0.7630438208580017,,
782,32102,,,,,3.7596182823181152,0.38627761602401733
782,32102,,,1.6938035488128662,0.72725909948349,,
783,32143,,,,,3.739177942276001,0.38738352060317993
783,32143,,,1.5839077234268188,0.767019510269165,,
784,32184,,,,,3.7236990928649902,0.38870951533317566
784,32184,,,1.6947084665298462,0.7421278357505798,,
785,32225,,,,,3.6674678325653076,0.3943333625793457
785,32225,,,1.5751545429229736,0.7525107860565186,,
786,32266,,,,,3.7252674102783203,0.39118579030036926
786,32266,,,1.6562039852142334,0.7556793093681335,,
787,32307,,,,,3.6468043327331543,0.39596477150917053
787,32307,,,1.6672101020812988,0.7420699596405029,,
788,32348,,,,,3.679068088531494,0.39627882838249207
788,32348,,,1.640645146369934,0.7733596563339233,,
789,32389,,,,,3.777920961380005,0.3864421844482422
789,32389,,,1.5460808277130127,0.7443780899047852,,
790,32430,,,,,3.7964088916778564,0.38771000504493713
790,32430,,,1.582353115081787,0.7691075205802917,,
791,32471,,,,,3.8008031845092773,0.38469937443733215
791,32471,,,1.6594566106796265,0.7430266737937927,,
792,32512,,,,,3.814547300338745,0.38504359126091003
792,32512,,,1.5951260328292847,0.7535144686698914,,
793,32553,,,,,3.791513442993164,0.38662034273147583
793,32553,,,1.6068753004074097,0.7668283581733704,,
794,32594,,,,,3.765505313873291,0.38736310601234436
794,32594,,,1.5708849430084229,0.7342691421508789,,
795,32635,,,,,3.7593753337860107,0.38734978437423706
795,32635,,,1.6988499164581299,0.7614120841026306,,
796,32676,,,,,3.7723734378814697,0.3898565173149109
796,32676,,,1.6563034057617188,0.7746036648750305,,
797,32717,,,,,3.68587327003479,0.39478030800819397
797,32717,,,1.5841957330703735,0.7450712323188782,,
798,32758,,,,,3.6672253608703613,0.3966080844402313
798,32758,,,1.6059823036193848,0.752894401550293,,
799,32799,,,,,3.6962082386016846,0.39467519521713257
799,32799,,,1.6014775037765503,0.7813453674316406,,
800,32840,,,,,3.8177661895751953,0.385454386472702
800,32840,,,1.6412009000778198,0.7430707216262817,,
801,32881,,,,,3.7484171390533447,0.3910468816757202
801,32881,,,1.5823676586151123,0.7368676066398621,,
802,32922,,,,,3.762256622314453,0.3865583539009094
802,32922,,,1.6924066543579102,0.7402573823928833,,
803,32963,,,,,3.7299139499664307,0.39069607853889465
803,32963,,,1.5673575401306152,0.7902444005012512,,
804,33004,,,,,3.723829507827759,0.3904969394207001
804,33004,,,1.5659211874008179,0.7677431106567383,,
805,33045,,,,,3.709319591522217,0.3908293545246124
805,33045,,,1.6550605297088623,0.7369487881660461,,
806,33086,,,,,3.779219627380371,0.3861628770828247
806,33086,,,1.6082056760787964,0.7506908774375916,,
807,33127,,,,,3.7007060050964355,0.3887680172920227
807,33127,,,1.8022433519363403,0.7293184995651245,,
808,33168,,,,,3.7450551986694336,0.3846065104007721
808,33168,,,1.574068546295166,0.768326997756958,,
809,33209,,,,,3.7252893447875977,0.3878684937953949
809,33209,,,1.7114845514297485,0.7324060797691345,,
810,33250,,,,,3.722325325012207,0.3907276690006256
810,33250,,,1.4894893169403076,0.7571372985839844,,
811,33291,,,,,3.6933677196502686,0.3906826674938202
811,33291,,,1.6721816062927246,0.7566969394683838,,
812,33332,,,,,3.68654465675354,0.39220109581947327
812,33332,,,1.5562241077423096,0.7528778910636902,,
813,33373,,,,,3.69973087310791,0.38962751626968384
813,33373,,,1.559944987297058,0.7735183238983154,,
814,33414,,,,,3.673421859741211,0.3917606472969055
814,33414,,,1.596383810043335,0.7320296764373779,,
815,33455,,,,,3.6886022090911865,0.3928890824317932
815,33455,,,1.66861891746521,0.7635279297828674,,
816,33496,,,,,3.7423059940338135,0.38799968361854553
816,33496,,,1.6463918685913086,0.7588198781013489,,
817,33537,,,,,3.8532369136810303,0.3782714605331421
817,33537,,,1.6182364225387573,0.7525936961174011,,
818,33578,,,,,3.758324146270752,0.3898178040981293
818,33578,,,1.591085433959961,0.765335738658905,,
819,33619,,,,,3.7508437633514404,0.3905235230922699
819,33619,,,1.540509581565857,0.760742723941803,,
820,33660,,,,,3.7046055793762207,0.3931751847267151
820,33660,,,1.6554290056228638,0.7549034953117371,,
821,33701,,,,,3.7398335933685303,0.389533132314682
821,33701,,,1.652179479598999,0.7655817270278931,,
822,33742,,,,,3.7511630058288574,0.3888375461101532
822,33742,,,1.668631911277771,0.741791307926178,,
823,33783,,,,,3.7253081798553467,0.3929864168167114
823,33783,,,1.667461633682251,0.7666631937026978,,
824,33824,,,,,3.7501120567321777,0.3927145302295685
824,33824,,,1.5559663772583008,0.7609743475914001,,
825,33865,,,,,3.728297472000122,0.39126646518707275
825,33865,,,1.515974521636963,0.7673391699790955,,
826,33906,,,,,3.760287284851074,0.3878430426120758
826,33906,,,1.577919363975525,0.7310985922813416,,
827,33947,,,,,3.721174716949463,0.3905569016933441
827,33947,,,1.6366448402404785,0.7528766989707947,,
828,33988,,,,,3.7238481044769287,0.3877166509628296
828,33988,,,1.6654311418533325,0.751571774482727,,
829,34029,,,,,3.7477121353149414,0.3861790597438812
829,34029,,,1.6341549158096313,0.7328988313674927,,
830,34070,,,,,3.7346079349517822,0.38892245292663574
830,34070,,,1.632199764251709,0.7592191696166992,,
831,34111,,,,,3.7331912517547607,0.3911014497280121
831,34111,,,1.6038459539413452,0.7815430760383606,,
832,34152,,,,,3.7413315773010254,0.39240607619285583
832,34152,,,1.5631146430969238,0.7827298045158386,,
833,34193,,,,,3.687622308731079,0.39764168858528137
833,34193,,,1.611095666885376,0.7573575973510742,,
834,34234,,,,,3.714277982711792,0.3950995206832886
834,34234,,,1.6049575805664062,0.756045401096344,,
835,34275,,,,,3.7265524864196777,0.3946128189563751
835,34275,,,1.5446827411651611,0.7588443160057068,,
836,34316,,,,,3.700122117996216,0.39600250124931335
836,34316,,,1.5595523118972778,0.7531768083572388,,
837,34357,,,,,3.7616288661956787,0.39279910922050476
837,34357,,,1.6443305015563965,0.7617469429969788,,
838,34398,,,,,3.7567076683044434,0.3909990191459656
838,34398,,,1.544797658920288,0.7622449994087219,,
839,34439,,,,,3.7454047203063965,0.39151522517204285
839,34439,,,1.5699864625930786,0.7427215576171875,,
840,34480,,,,,3.791231393814087,0.39077797532081604
840,34480,,,1.5290096998214722,0.7786684036254883,,
841,34521,,,,,3.7793257236480713,0.3883894085884094
841,34521,,,1.4950408935546875,0.7637310028076172,,
842,34562,,,,,3.8306376934051514,0.385127991437912
842,34562,,,1.5736668109893799,0.7687470316886902,,
843,34603,,,,,3.716416597366333,0.39663422107696533
843,34603,,,1.6779435873031616,0.7477245926856995,,
844,34644,,,,,3.6526737213134766,0.3983989953994751
844,34644,,,1.689852237701416,0.7355970740318298,,
845,34685,,,,,3.6190319061279297,0.39857012033462524
845,34685,,,1.6700067520141602,0.7100836038589478,,
846,34726,,,,,3.6507792472839355,0.39926761388778687
846,34726,,,1.5381262302398682,0.785490095615387,,
847,34767,,,,,3.6615562438964844,0.39865580201148987
847,34767,,,1.5676593780517578,0.7786514759063721,,
848,34808,,,,,3.6792445182800293,0.39690959453582764
848,34808,,,1.5985156297683716,0.7363036274909973,,
849,34849,,,,,3.69333815574646,0.3960654139518738
849,34849,,,1.6000995635986328,0.7627341151237488,,
850,34890,,,,,3.6811752319335938,0.39722540974617004
850,34890,,,1.530141830444336,0.769683301448822,,
851,34931,,,,,3.6957900524139404,0.3946896195411682
851,34931,,,1.5317021608352661,0.7617475986480713,,
852,34972,,,,,3.685844898223877,0.3958725929260254
852,34972,,,1.5558995008468628,0.7686401009559631,,
853,35013,,,,,3.7129416465759277,0.39566078782081604
853,35013,,,1.6391171216964722,0.7376729249954224,,
854,35054,,,,,3.6699254512786865,0.39640554785728455
854,35054,,,1.5580146312713623,0.7696248292922974,,
855,35095,,,,,3.683396577835083,0.39678579568862915
855,35095,,,1.5501900911331177,0.7615246772766113,,
856,35136,,,,,3.6644768714904785,0.40092161297798157
856,35136,,,1.572264552116394,0.7821753621101379,,
857,35177,,,,,3.682513475418091,0.39748623967170715
857,35177,,,1.4872006177902222,0.776053249835968,,
858,35218,,,,,3.6737167835235596,0.4002644121646881
858,35218,,,1.6184802055358887,0.768581211566925,,
859,35259,,,,,3.628098964691162,0.4024353325366974
859,35259,,,1.5869780778884888,0.7595347166061401,,
860,35300,,,,,3.64982271194458,0.3985815942287445
860,35300,,,1.55455482006073,0.7571590542793274,,
861,35341,,,,,3.6382672786712646,0.4008195698261261
861,35341,,,1.5367099046707153,0.7402012348175049,,
862,35382,,,,,3.664875030517578,0.39883631467819214
862,35382,,,1.4944331645965576,0.766642689704895,,
863,35423,,,,,3.6790077686309814,0.3978988826274872
863,35423,,,1.5637718439102173,0.7587772607803345,,
864,35464,,,,,3.6884727478027344,0.3982127904891968
864,35464,,,1.616197109222412,0.7604513764381409,,
865,35505,,,,,3.6823534965515137,0.3980894684791565
865,35505,,,1.558207392692566,0.7599141597747803,,
866,35546,,,,,3.6779701709747314,0.3985510468482971
866,35546,,,1.4953887462615967,0.7893493175506592,,
867,35587,,,,,3.7154104709625244,0.39511746168136597
867,35587,,,1.5882680416107178,0.7627352476119995,,
868,35628,,,,,3.6803462505340576,0.3983730673789978
868,35628,,,1.61958909034729,0.7620342969894409,,
869,35669,,,,,3.706003427505493,0.39650648832321167
869,35669,,,1.5965652465820312,0.757956326007843,,
870,35710,,,,,3.6908795833587646,0.40100789070129395
870,35710,,,1.5391916036605835,0.7628770470619202,,
871,35751,,,,,3.6931116580963135,0.4027700126171112
871,35751,,,1.4889744520187378,0.7639850974082947,,
872,35792,,,,,3.7167627811431885,0.40074655413627625
872,35792,,,1.5775928497314453,0.7679959535598755,,
873,35833,,,,,3.6869494915008545,0.4029446244239807
873,35833,,,1.5532844066619873,0.7664554119110107,,
874,35874,,,,,3.662578582763672,0.4053938388824463
874,35874,,,1.5303140878677368,0.7642685770988464,,
875,35915,,,,,3.6855273246765137,0.40319910645484924
875,35915,,,1.63089919090271,0.7559788227081299,,
876,35956,,,,,3.683073043823242,0.402737557888031
876,35956,,,1.6029949188232422,0.7659936547279358,,
877,35997,,,,,3.6626386642456055,0.40342018008232117
877,35997,,,1.5543982982635498,0.7602293491363525,,
878,36038,,,,,3.661713123321533,0.4038964807987213
878,36038,,,1.4967652559280396,0.7784498929977417,,
879,36079,,,,,3.6820297241210938,0.40529489517211914
879,36079,,,1.47598397731781,0.7821084260940552,,
880,36120,,,,,3.689542770385742,0.4048469364643097
880,36120,,,1.5561878681182861,0.7519727349281311,,
881,36161,,,,,3.6476762294769287,0.4084179699420929
881,36161,,,1.5700803995132446,0.7803010940551758,,
882,36202,,,,,3.7409443855285645,0.40090298652648926
882,36202,,,1.500473141670227,0.7838602662086487,,
883,36243,,,,,3.7783522605895996,0.39657673239707947
883,36243,,,1.4958760738372803,0.778923749923706,,
884,36284,,,,,3.752718210220337,0.3979199230670929
884,36284,,,1.5957098007202148,0.7662173509597778,,
885,36325,,,,,3.749530076980591,0.3969080150127411
885,36325,,,1.616538643836975,0.7590593695640564,,
886,36366,,,,,3.8063292503356934,0.3933068513870239
886,36366,,,1.4446576833724976,0.7651508450508118,,
887,36407,,,,,3.711268663406372,0.3988177180290222
887,36407,,,1.4493590593338013,0.7789141535758972,,
888,36448,,,,,3.6892576217651367,0.40078529715538025
888,36448,,,1.5311789512634277,0.7664749026298523,,
889,36489,,,,,3.7384984493255615,0.3970501720905304
889,36489,,,1.5816102027893066,0.7590451836585999,,
890,36530,,,,,3.715294361114502,0.3976917862892151
890,36530,,,1.4882572889328003,0.7706089019775391,,
891,36571,,,,,3.7210984230041504,0.39626333117485046
891,36571,,,1.5870100259780884,0.7746068835258484,,
892,36612,,,,,3.7318809032440186,0.3971276581287384
892,36612,,,1.4995380640029907,0.7642802000045776,,
893,36653,,,,,3.6941192150115967,0.39711225032806396
893,36653,,,1.6261582374572754,0.7722556591033936,,
894,36694,,,,,3.6017744541168213,0.40755996108055115
894,36694,,,1.5413450002670288,0.7543073296546936,,
895,36735,,,,,3.6692938804626465,0.40185609459877014
895,36735,,,1.6198164224624634,0.7793508172035217,,
896,36776,,,,,3.642862319946289,0.4057098627090454
896,36776,,,1.5057804584503174,0.7732346057891846,,
897,36817,,,,,3.681011438369751,0.40233978629112244
897,36817,,,1.6152641773223877,0.7635641098022461,,
898,36858,,,,,3.630279302597046,0.40684202313423157
898,36858,,,1.5705938339233398,0.7652304768562317,,
899,36899,,,,,3.6374034881591797,0.40452125668525696
899,36899,,,1.546597957611084,0.7433478236198425,,
900,36940,,,,,3.6086604595184326,0.4075353443622589
900,36940,,,1.6089427471160889,0.7580781579017639,,
901,36981,,,,,3.682837724685669,0.40063491463661194
901,36981,,,1.4572031497955322,0.7583383917808533,,
902,37022,,,,,3.6856801509857178,0.4023941457271576
902,37022,,,1.4886720180511475,0.7951915860176086,,
903,37063,,,,,3.6456549167633057,0.4056847393512726
903,37063,,,1.56679368019104,0.7787290215492249,,
904,37104,,,,,3.7053797245025635,0.4020904302597046
904,37104,,,1.5547804832458496,0.7858054637908936,,
905,37145,,,,,3.691092014312744,0.40320369601249695
905,37145,,,1.6285597085952759,0.747104823589325,,
906,37186,,,,,3.6274778842926025,0.4065271019935608
906,37186,,,1.5283366441726685,0.7767178416252136,,
907,37227,,,,,3.6427154541015625,0.4064781367778778
907,37227,,,1.4701422452926636,0.7680532932281494,,
908,37268,,,,,3.6669938564300537,0.40570226311683655
908,37268,,,1.6008423566818237,0.7527843713760376,,
909,37309,,,,,3.706453561782837,0.4048062562942505
909,37309,,,1.5252816677093506,0.7739269733428955,,
910,37350,,,,,3.72322678565979,0.4041576683521271
910,37350,,,1.512787103652954,0.7743115425109863,,
911,37391,,,,,3.676100969314575,0.4086326062679291
911,37391,,,1.7253127098083496,0.7370402812957764,,
912,37432,,,,,3.6496572494506836,0.4076101779937744
912,37432,,,1.558745265007019,0.7775545120239258,,
913,37473,,,,,3.62449049949646,0.40708044171333313
913,37473,,,1.5500749349594116,0.7653976082801819,,
914,37514,,,,,3.6406211853027344,0.40819570422172546
914,37514,,,1.5875303745269775,0.7642416954040527,,
915,37555,,,,,3.6376867294311523,0.40963706374168396
915,37555,,,1.4764313697814941,0.7751511931419373,,
916,37596,,,,,3.6437952518463135,0.40983831882476807
916,37596,,,1.4837106466293335,0.7795674204826355,,
917,37637,,,,,3.7037699222564697,0.40521854162216187
917,37637,,,1.5477190017700195,0.7815493941307068,,
918,37678,,,,,3.6561777591705322,0.4075389504432678
918,37678,,,1.524639368057251,0.7592257857322693,,
919,37719,,,,,3.649644613265991,0.40705353021621704
919,37719,,,1.560591220855713,0.7701489329338074,,
920,37760,,,,,3.6132912635803223,0.40935972332954407
920,37760,,,1.532724380493164,0.7581570744514465,,
921,37801,,,,,3.6459848880767822,0.406893253326416
921,37801,,,1.568888545036316,0.7672306895256042,,
922,37842,,,,,3.582176923751831,0.41366806626319885
922,37842,,,1.4864623546600342,0.7441462874412537,,
923,37883,,,,,3.6203536987304688,0.40965646505355835
923,37883,,,1.5068446397781372,0.7654115557670593,,
924,37924,,,,,3.589698076248169,0.41395342350006104
924,37924,,,1.523124098777771,0.7922019958496094,,
925,37965,,,,,3.621764898300171,0.40959012508392334
925,37965,,,1.5297718048095703,0.7682560682296753,,
926,38006,,,,,3.6213717460632324,0.4112832546234131
926,38006,,,1.4502809047698975,0.7674774527549744,,
927,38047,,,,,3.630854368209839,0.4081837236881256
927,38047,,,1.612610936164856,0.7735470533370972,,
928,38088,,,,,3.5881755352020264,0.41222745180130005
928,38088,,,1.5155104398727417,0.7699940204620361,,
929,38129,,,,,3.5915961265563965,0.4133818447589874
929,38129,,,1.4443007707595825,0.7803370952606201,,
930,38170,,,,,3.649043083190918,0.4085802733898163
930,38170,,,1.4917725324630737,0.7584531903266907,,
931,38211,,,,,3.6175765991210938,0.4110856056213379
931,38211,,,1.425524115562439,0.7867314219474792,,
932,38252,,,,,3.6551849842071533,0.4101136028766632
932,38252,,,1.5680171251296997,0.7876885533332825,,
933,38293,,,,,3.6412875652313232,0.41041499376296997
933,38293,,,1.5484941005706787,0.772212564945221,,
934,38334,,,,,3.5785415172576904,0.41400352120399475
934,38334,,,1.4151461124420166,0.7842355370521545,,
935,38375,,,,,3.625326156616211,0.41121548414230347
935,38375,,,1.5439581871032715,0.765474259853363,,
936,38416,,,,,3.6614630222320557,0.4100162386894226
936,38416,,,1.446994423866272,0.7670408487319946,,
937,38457,,,,,3.692969799041748,0.40874484181404114
937,38457,,,1.452800989151001,0.781779408454895,,
938,38498,,,,,3.63373064994812,0.41045066714286804
938,38498,,,1.5548489093780518,0.745154619216919,,
939,38539,,,,,3.6194255352020264,0.4105580449104309
939,38539,,,1.5117313861846924,0.7874880433082581,,
940,38580,,,,,3.667672634124756,0.4051465094089508
940,38580,,,1.5235458612442017,0.7817603349685669,,
941,38621,,,,,3.5931777954101562,0.41236114501953125
941,38621,,,1.5255979299545288,0.7762515544891357,,
942,38662,,,,,3.608598232269287,0.40985482931137085
942,38662,,,1.5140949487686157,0.7628428339958191,,
943,38703,,,,,3.605677843093872,0.40920156240463257
943,38703,,,1.512080430984497,0.7574966549873352,,
944,38744,,,,,3.593127489089966,0.4096558392047882
944,38744,,,1.4925272464752197,0.7507895231246948,,
945,38785,,,,,3.667282819747925,0.4051080346107483
945,38785,,,1.467097282409668,0.7671307921409607,,
946,38826,,,,,3.6216108798980713,0.40862318873405457
946,38826,,,1.4412356615066528,0.8042154908180237,,
947,38867,,,,,3.6261494159698486,0.40940484404563904
947,38867,,,1.5411248207092285,0.7766267657279968,,
948,38908,,,,,3.6259877681732178,0.41215506196022034
948,38908,,,1.451538324356079,0.7788953185081482,,
949,38949,,,,,3.617488145828247,0.4113737642765045
949,38949,,,1.5378979444503784,0.7751033902168274,,
950,38990,,,,,3.6494128704071045,0.4104047119617462
950,38990,,,1.5354247093200684,0.78089439868927,,
951,39031,,,,,3.6522376537323,0.4105750620365143
951,39031,,,1.4976662397384644,0.7654396295547485,,
952,39072,,,,,3.605990409851074,0.41326311230659485
952,39072,,,1.51241135597229,0.7729699015617371,,
953,39113,,,,,3.6227452754974365,0.4132002294063568
953,39113,,,1.5871973037719727,0.779422402381897,,
954,39154,,,,,3.6275861263275146,0.41121000051498413
954,39154,,,1.526140570640564,0.752545177936554,,
955,39195,,,,,3.6158220767974854,0.412969708442688
955,39195,,,1.4860082864761353,0.7687487602233887,,
956,39236,,,,,3.622206211090088,0.41388803720474243
956,39236,,,1.484092116355896,0.7802611589431763,,
957,39277,,,,,3.637462854385376,0.4115160405635834
957,39277,,,1.4453628063201904,0.7536745667457581,,
958,39318,,,,,3.6169068813323975,0.4124428629875183
958,39318,,,1.416186809539795,0.7664784789085388,,
959,39359,,,,,3.631395101547241,0.4120136499404907
959,39359,,,1.453523874282837,0.7900130152702332,,
960,39400,,,,,3.6025431156158447,0.4135364592075348
960,39400,,,1.5482635498046875,0.7626873254776001,,
961,39441,,,,,3.6105616092681885,0.4140491187572479
961,39441,,,1.5076884031295776,0.7473961710929871,,
962,39482,,,,,3.605090856552124,0.4139261841773987
962,39482,,,1.3942688703536987,0.7798137068748474,,
963,39523,,,,,3.593792200088501,0.41571739315986633
963,39523,,,1.484128475189209,0.7801956534385681,,
964,39564,,,,,3.5987725257873535,0.4174010157585144
964,39564,,,1.4446866512298584,0.7971600890159607,,
965,39605,,,,,3.6194493770599365,0.41405630111694336
965,39605,,,1.394822359085083,0.7946733832359314,,
966,39646,,,,,3.6147782802581787,0.4148092269897461
966,39646,,,1.4316959381103516,0.755386471748352,,
967,39687,,,,,3.610239028930664,0.41553711891174316
967,39687,,,1.5110089778900146,0.7879006266593933,,
968,39728,,,,,3.6285622119903564,0.41340160369873047
968,39728,,,1.5413151979446411,0.7782059907913208,,
969,39769,,,,,3.586141347885132,0.4153922200202942
969,39769,,,1.4874837398529053,0.7797776460647583,,
970,39810,,,,,3.621230363845825,0.4130067229270935
970,39810,,,1.5023859739303589,0.7957750558853149,,
971,39851,,,,,3.6502299308776855,0.41237208247184753
971,39851,,,1.3950014114379883,0.7771484851837158,,
972,39892,,,,,3.6078648567199707,0.41351479291915894
972,39892,,,1.4690004587173462,0.7603029608726501,,
973,39933,,,,,3.585817813873291,0.4147989749908447
973,39933,,,1.460235357284546,0.7797299027442932,,
974,39974,,,,,3.624471664428711,0.4119737148284912
974,39974,,,1.5137826204299927,0.7912461757659912,,
975,40015,,,,,3.6349287033081055,0.4125167429447174
975,40015,,,1.460896611213684,0.7882964015007019,,
976,40056,,,,,3.6673696041107178,0.4100208580493927
976,40056,,,1.499815821647644,0.778866708278656,,
977,40097,,,,,3.6634156703948975,0.4080427289009094
977,40097,,,1.4502519369125366,0.7998751401901245,,
978,40138,,,,,3.5831570625305176,0.41260212659835815
978,40138,,,1.4766526222229004,0.7643439173698425,,
979,40179,,,,,3.5844478607177734,0.4140891432762146
979,40179,,,1.450087070465088,0.7941219210624695,,
980,40220,,,,,3.5825183391571045,0.41497519612312317
980,40220,,,1.557270884513855,0.7747300267219543,,
981,40261,,,,,3.6246981620788574,0.41042259335517883
981,40261,,,1.5034362077713013,0.7636194825172424,,
982,40302,,,,,3.5649726390838623,0.41514742374420166
982,40302,,,1.628098964691162,0.7814357280731201,,
983,40343,,,,,3.577077865600586,0.41428619623184204
983,40343,,,1.4185632467269897,0.7765061259269714,,
984,40384,,,,,3.5899250507354736,0.4134305417537689
984,40384,,,1.4513437747955322,0.787559986114502,,
985,40425,,,,,3.614370107650757,0.4152027368545532
985,40425,,,1.5596376657485962,0.7886679768562317,,
986,40466,,,,,3.6962335109710693,0.4094536304473877
986,40466,,,1.477929711341858,0.7811523079872131,,
987,40507,,,,,3.645151138305664,0.4119277894496918
987,40507,,,1.5499659776687622,0.7766509056091309,,
988,40548,,,,,3.6968026161193848,0.40951696038246155
988,40548,,,1.477266550064087,0.8030622601509094,,
989,40589,,,,,3.6844482421875,0.40959081053733826
989,40589,,,1.525259017944336,0.7677125334739685,,
990,40630,,,,,3.6629397869110107,0.4095621705055237
990,40630,,,1.4650121927261353,0.7763509750366211,,
991,40671,,,,,3.6006791591644287,0.4135168194770813
991,40671,,,1.4406384229660034,0.7739185094833374,,
992,40712,,,,,3.5877768993377686,0.41423526406288147
992,40712,,,1.442246913909912,0.7937006950378418,,
993,40753,,,,,3.624943494796753,0.412199467420578
993,40753,,,1.4505937099456787,0.7814168930053711,,
994,40794,,,,,3.7129008769989014,0.40572941303253174
994,40794,,,1.4201314449310303,0.7960754036903381,,
995,40835,,,,,3.6867191791534424,0.409860759973526
995,40835,,,1.5452367067337036,0.7679542303085327,,
996,40876,,,,,3.645153045654297,0.41312670707702637
996,40876,,,1.4520070552825928,0.8216930627822876,,
997,40917,,,,,3.6186468601226807,0.4147801399230957
997,40917,,,1.5756242275238037,0.7798768281936646,,
998,40958,,,,,3.6705210208892822,0.4127069413661957
998,40958,,,1.5003858804702759,0.7860434651374817,,
999,40999,,,,,3.6515090465545654,0.4144783318042755
999,40999,,,1.505812644958496,0.768726110458374,,
1000,41040,,,,,3.5865325927734375,0.41866302490234375
1000,41040,,,1.4294041395187378,0.7775159478187561,,
1001,41081,,,,,3.618911027908325,0.41585293412208557
1001,41081,,,1.4143483638763428,0.7900543212890625,,
1002,41122,,,,,3.64572811126709,0.4169567823410034
1002,41122,,,1.4700466394424438,0.7972065806388855,,
1003,41163,,,,,3.6660618782043457,0.41509318351745605
1003,41163,,,1.5836701393127441,0.7551454901695251,,
1004,41204,,,,,3.650371789932251,0.41728150844573975
1004,41204,,,1.4914495944976807,0.7856540083885193,,
1005,41245,,,,,3.641735076904297,0.41714903712272644
1005,41245,,,1.5646395683288574,0.7605926990509033,,
1006,41286,,,,,3.57934308052063,0.4204171597957611
1006,41286,,,1.4896290302276611,0.7868589162826538,,
1007,41327,,,,,3.6296839714050293,0.4177100658416748
1007,41327,,,1.5638023614883423,0.7931913733482361,,
1008,41368,,,,,3.6125011444091797,0.41934147477149963
1008,41368,,,1.522100806236267,0.8011806607246399,,
1009,41409,,,,,3.6476004123687744,0.41600456833839417
1009,41409,,,1.420519232749939,0.7811100482940674,,
1010,41450,,,,,3.6243062019348145,0.4186113774776459
1010,41450,,,1.3792468309402466,0.8066806197166443,,
1011,41491,,,,,3.6018624305725098,0.41782325506210327
1011,41491,,,1.3828439712524414,0.7770460247993469,,
1012,41532,,,,,3.6016433238983154,0.41741546988487244
1012,41532,,,1.4716519117355347,0.7782886624336243,,
1013,41573,,,,,3.635606288909912,0.4154192805290222
1013,41573,,,1.3994204998016357,0.8110693693161011,,
1014,41614,,,,,3.621828556060791,0.41459062695503235
1014,41614,,,1.5061007738113403,0.776025652885437,,
1015,41655,,,,,3.644937753677368,0.41264238953590393
1015,41655,,,1.4661011695861816,0.7940760254859924,,
1016,41696,,,,,3.63874888420105,0.4126233756542206
1016,41696,,,1.4851561784744263,0.7657350897789001,,
1017,41737,,,,,3.6657588481903076,0.40980541706085205
1017,41737,,,1.542227029800415,0.769561767578125,,
1018,41778,,,,,3.6364762783050537,0.4150235056877136
1018,41778,,,1.5075597763061523,0.7780467867851257,,
1019,41819,,,,,3.660064458847046,0.41168031096458435
1019,41819,,,1.4292947053909302,0.7819880247116089,,
1020,41860,,,,,3.6681952476501465,0.41253307461738586
1020,41860,,,1.4858518838882446,0.78008633852005,,
1021,41901,,,,,3.6551926136016846,0.41317665576934814
1021,41901,,,1.4164048433303833,0.7997876405715942,,
1022,41942,,,,,3.6775104999542236,0.4111430048942566
1022,41942,,,1.4566266536712646,0.7893540859222412,,
1023,41983,,,,,3.6631619930267334,0.4127625823020935
1023,41983,,,1.3982441425323486,0.8014010190963745,,
1024,42024,,,,,3.6039905548095703,0.41710391640663147
1024,42024,,,1.5255709886550903,0.7732352018356323,,
1025,42065,,,,,3.6068356037139893,0.41650739312171936
1025,42065,,,1.3778085708618164,0.8180171847343445,,
1026,42106,,,,,3.61136531829834,0.41803815960884094
1026,42106,,,1.4171148538589478,0.7849848866462708,,
1027,42147,,,,,3.641211748123169,0.4154939651489258
1027,42147,,,1.395310401916504,0.7942250967025757,,
1028,42188,,,,,3.576411485671997,0.42205777764320374
1028,42188,,,1.4525225162506104,0.7926652431488037,,
1029,42229,,,,,3.5501322746276855,0.4228833317756653
1029,42229,,,1.3957785367965698,0.7973203063011169,,
1030,42270,,,,,3.592637538909912,0.4179840087890625
1030,42270,,,1.5203542709350586,0.771953284740448,,
1031,42311,,,,,3.591891288757324,0.41887107491493225
1031,42311,,,1.4530036449432373,0.7839343547821045,,
1032,42352,,,,,3.621427297592163,0.417420893907547
1032,42352,,,1.3804959058761597,0.8027346730232239,,
1033,42393,,,,,3.580922842025757,0.4177894592285156
1033,42393,,,1.4444994926452637,0.7668001055717468,,
1034,42434,,,,,3.573870897293091,0.41680243611335754
1034,42434,,,1.441800594329834,0.7767810821533203,,
1035,42475,,,,,3.586081027984619,0.4171355664730072
1035,42475,,,1.4352089166641235,0.7841863036155701,,
1036,42516,,,,,3.6396937370300293,0.41505181789398193
1036,42516,,,1.5165036916732788,0.7874888777732849,,
1037,42557,,,,,3.6233537197113037,0.4166180491447449
1037,42557,,,1.4208742380142212,0.793580949306488,,
1038,42598,,,,,3.6106724739074707,0.4174700677394867
1038,42598,,,1.4984149932861328,0.784804105758667,,
1039,42639,,,,,3.5755698680877686,0.4194355309009552
1039,42639,,,1.4189672470092773,0.774944543838501,,
1040,42680,,,,,3.586056709289551,0.4187653362751007
1040,42680,,,1.456399917602539,0.7886637449264526,,
1041,42721,,,,,3.5988073348999023,0.41825154423713684
1041,42721,,,1.3779881000518799,0.7877293229103088,,
1042,42762,,,,,3.5579993724823,0.42176327109336853
1042,42762,,,1.3872953653335571,0.7677558064460754,,
1043,42803,,,,,3.5636346340179443,0.4218333065509796
1043,42803,,,1.4204095602035522,0.7933580279350281,,
1044,42844,,,,,3.598332166671753,0.42078450322151184
1044,42844,,,1.5231857299804688,0.7855821847915649,,
1045,42885,,,,,3.6087632179260254,0.42121994495391846
1045,42885,,,1.4266868829727173,0.7817379832267761,,
1046,42926,,,,,3.6090238094329834,0.4215014576911926
1046,42926,,,1.335201382637024,0.8047215342521667,,
1047,42967,,,,,3.6598961353302,0.4164494574069977
1047,42967,,,1.4461358785629272,0.8085305094718933,,
1048,43008,,,,,3.6641321182250977,0.413426011800766
1048,43008,,,1.4611238241195679,0.763776957988739,,
1049,43049,,,,,3.6097123622894287,0.41730353236198425
1049,43049,,,1.4659173488616943,0.7793769240379333,,
1050,43090,,,,,3.5647661685943604,0.4201744496822357
1050,43090,,,1.4227285385131836,0.7984691858291626,,
1051,43131,,,,,3.5688068866729736,0.4204765856266022
1051,43131,,,1.3913326263427734,0.7978203296661377,,
1052,43172,,,,,3.6053216457366943,0.41823115944862366
1052,43172,,,1.4623380899429321,0.7825956344604492,,
1053,43213,,,,,3.6489791870117188,0.41408586502075195
1053,43213,,,1.5270603895187378,0.7812072038650513,,
1054,43254,,,,,3.6669652462005615,0.4107567369937897
1054,43254,,,1.5263400077819824,0.7571637034416199,,
1055,43295,,,,,3.6244957447052,0.41242411732673645
1055,43295,,,1.3982735872268677,0.7843692302703857,,
1056,43336,,,,,3.6155545711517334,0.41153913736343384
1056,43336,,,1.4102094173431396,0.7777451276779175,,
1057,43377,,,,,3.605069160461426,0.41564491391181946
1057,43377,,,1.4158782958984375,0.7825993895530701,,
1058,43418,,,,,3.60882568359375,0.4156264364719391
1058,43418,,,1.3923096656799316,0.7803070545196533,,
1059,43459,,,,,3.6141443252563477,0.41584134101867676
1059,43459,,,1.4271515607833862,0.8031611442565918,,
1060,43500,,,,,3.5987236499786377,0.41611507534980774
1060,43500,,,1.3774759769439697,0.7845311760902405,,
1061,43541,,,,,3.6000611782073975,0.41578951478004456
1061,43541,,,1.3994921445846558,0.7726171612739563,,
1062,43582,,,,,3.608774423599243,0.4153349995613098
1062,43582,,,1.4246832132339478,0.8012435436248779,,
1063,43623,,,,,3.6122045516967773,0.41679856181144714
1063,43623,,,1.4721438884735107,0.7823311686515808,,
1064,43664,,,,,3.6217901706695557,0.41512852907180786
1064,43664,,,1.4146332740783691,0.7932865619659424,,
1065,43705,,,,,3.6133153438568115,0.41511270403862
1065,43705,,,1.4517279863357544,0.7952913641929626,,
1066,43746,,,,,3.6281654834747314,0.4127330482006073
1066,43746,,,1.416314721107483,0.791164755821228,,
1067,43787,,,,,3.5847926139831543,0.41568756103515625
1067,43787,,,1.4058393239974976,0.7939846515655518,,
1068,43828,,,,,3.5576508045196533,0.41705322265625
1068,43828,,,1.5188807249069214,0.7662983536720276,,
1069,43869,,,,,3.564387321472168,0.4162607789039612
1069,43869,,,1.5436586141586304,0.7468883991241455,,
1070,43910,,,,,3.5927963256835938,0.4160315990447998
1070,43910,,,1.4832205772399902,0.7825204730033875,,
1071,43951,,,,,3.5903279781341553,0.41683652997016907
1071,43951,,,1.4662761688232422,0.780221164226532,,
1072,43992,,,,,3.610959529876709,0.41479673981666565
1072,43992,,,1.4190340042114258,0.7807291746139526,,
1073,44033,,,,,3.5778284072875977,0.4169835150241852
1073,44033,,,1.5004318952560425,0.7861722707748413,,
1074,44074,,,,,3.597055673599243,0.41654807329177856
1074,44074,,,1.367728590965271,0.787059485912323,,
1075,44115,,,,,3.6228439807891846,0.4162023663520813
1075,44115,,,1.3624460697174072,0.7817049622535706,,
1076,44156,,,,,3.6417829990386963,0.41360050439834595
1076,44156,,,1.4037996530532837,0.7818074226379395,,
1077,44197,,,,,3.677602767944336,0.41127026081085205
1077,44197,,,1.3684390783309937,0.7716990113258362,,
1078,44238,,,,,3.656813859939575,0.4123838245868683
1078,44238,,,1.456099033355713,0.7829142212867737,,
1079,44279,,,,,3.652428388595581,0.41383013129234314
1079,44279,,,1.3992093801498413,0.7903815507888794,,
1080,44320,,,,,3.616633176803589,0.4146605134010315
1080,44320,,,1.4204586744308472,0.7930042743682861,,
1081,44361,,,,,3.5697429180145264,0.41760411858558655
1081,44361,,,1.4524918794631958,0.7895600199699402,,
1082,44402,,,,,3.5800254344940186,0.4164711534976959
1082,44402,,,1.45904541015625,0.7827634215354919,,
1083,44443,,,,,3.583728551864624,0.4155893921852112
1083,44443,,,1.3687474727630615,0.7892327904701233,,
1084,44484,,,,,3.583263635635376,0.4157133102416992
1084,44484,,,1.4846875667572021,0.7822620868682861,,
1085,44525,,,,,3.630976676940918,0.413887083530426
1085,44525,,,1.460018277168274,0.7906920909881592,,
1086,44566,,,,,3.6263136863708496,0.4148537516593933
1086,44566,,,1.4493321180343628,0.7707749009132385,,
1087,44607,,,,,3.617981195449829,0.4162081182003021
1087,44607,,,1.4391273260116577,0.7736698389053345,,
1088,44648,,,,,3.5939881801605225,0.41742992401123047
1088,44648,,,1.4557462930679321,0.7831170558929443,,
1089,44689,,,,,3.628081798553467,0.41653814911842346
1089,44689,,,1.4258170127868652,0.7975281476974487,,
1090,44730,,,,,3.6058340072631836,0.4159131646156311
1090,44730,,,1.4616018533706665,0.7786921858787537,,
1091,44771,,,,,3.6116533279418945,0.4172244966030121
1091,44771,,,1.3900192975997925,0.7821172475814819,,
1092,44812,,,,,3.624863862991333,0.4166758358478546
1092,44812,,,1.3744508028030396,0.7886019349098206,,
1093,44853,,,,,3.591217279434204,0.4172559380531311
1093,44853,,,1.4138871431350708,0.7837163209915161,,
1094,44894,,,,,3.5854663848876953,0.4177749752998352
1094,44894,,,1.442284345626831,0.7817237377166748,,
1095,44935,,,,,3.5948832035064697,0.4186534285545349
1095,44935,,,1.4436956644058228,0.787502646446228,,
1096,44976,,,,,3.6313705444335938,0.4154561161994934
1096,44976,,,1.387440800666809,0.791365385055542,,
1097,45017,,,,,3.646669626235962,0.41480425000190735
1097,45017,,,1.3468414545059204,0.8024545907974243,,
1098,45058,,,,,3.613920211791992,0.41478630900382996
1098,45058,,,1.4935083389282227,0.7521479725837708,,
1099,45099,,,,,3.5968501567840576,0.41598987579345703
1099,45099,,,1.4506295919418335,0.7723347544670105,,
1100,45140,,,,,3.587054967880249,0.4147659242153168
1100,45140,,,1.4519448280334473,0.7962585091590881,,
1101,45181,,,,,3.576857805252075,0.4160168766975403
1101,45181,,,1.3884860277175903,0.788163423538208,,
1102,45222,,,,,3.6160624027252197,0.41237959265708923
1102,45222,,,1.3964564800262451,0.7804265022277832,,
1103,45263,,,,,3.5797855854034424,0.41826683282852173
1103,45263,,,1.373971939086914,0.7809970378875732,,
1104,45304,,,,,3.6149518489837646,0.415906697511673
1104,45304,,,1.3171132802963257,0.8153659701347351,,
1105,45345,,,,,3.6152303218841553,0.4165883958339691
1105,45345,,,1.366233468055725,0.8118138313293457,,
1106,45386,,,,,3.6082472801208496,0.41568878293037415
1106,45386,,,1.4570209980010986,0.7850101590156555,,
1107,45427,,,,,3.630659818649292,0.41406697034835815
1107,45427,,,1.4177119731903076,0.810413658618927,,
1108,45468,,,,,3.6128852367401123,0.4150455594062805
1108,45468,,,1.4613299369812012,0.7764828205108643,,
1109,45509,,,,,3.581050157546997,0.420047789812088
1109,45509,,,1.3515199422836304,0.8054018616676331,,
1110,45550,,,,,3.571697235107422,0.4200272858142853
1110,45550,,,1.4610705375671387,0.8090829849243164,,
1111,45591,,,,,3.612565517425537,0.4169652462005615
1111,45591,,,1.4790278673171997,0.7646507024765015,,
1112,45632,,,,,3.6188244819641113,0.41696563363075256
1112,45632,,,1.4254792928695679,0.7876670360565186,,
1113,45673,,,,,3.6098287105560303,0.41721200942993164
1113,45673,,,1.4073858261108398,0.7829228043556213,,
1114,45714,,,,,3.5712828636169434,0.42033910751342773
1114,45714,,,1.3716926574707031,0.7937754392623901,,
1115,45755,,,,,3.550273895263672,0.42180246114730835
1115,45755,,,1.4277451038360596,0.7773061394691467,,
1116,45796,,,,,3.589169502258301,0.42040592432022095
1116,45796,,,1.3155521154403687,0.8051585555076599,,
1117,45837,,,,,3.6018266677856445,0.42122262716293335
1117,45837,,,1.4430245161056519,0.7663499116897583,,
1118,45878,,,,,3.572599411010742,0.4224737286567688
1118,45878,,,1.341165542602539,0.8110461235046387,,
1119,45919,,,,,3.577223062515259,0.42244917154312134
1119,45919,,,1.408504843711853,0.7857717275619507,,
1120,45960,,,,,3.5989513397216797,0.4202900826931
1120,45960,,,1.4393961429595947,0.8050681352615356,,
1121,46001,,,,,3.5892491340637207,0.42035481333732605
1121,46001,,,1.4027501344680786,0.7928870320320129,,
1122,46042,,,,,3.584622383117676,0.4195331037044525
1122,46042,,,1.4538788795471191,0.7748755216598511,,
1123,46083,,,,,3.575679063796997,0.42086660861968994
1123,46083,,,1.3400284051895142,0.7973730564117432,,
1124,46124,,,,,3.5539586544036865,0.4230120778083801
1124,46124,,,1.3466544151306152,0.8145738244056702,,
1125,46165,,,,,3.5600314140319824,0.42376571893692017
1125,46165,,,1.436666488647461,0.7834191918373108,,
1126,46206,,,,,3.562495470046997,0.42413532733917236
1126,46206,,,1.3874917030334473,0.7813675999641418,,
1127,46247,,,,,3.5643744468688965,0.4245234429836273
1127,46247,,,1.5101515054702759,0.788868248462677,,
1128,46288,,,,,3.566189765930176,0.423885703086853
1128,46288,,,1.5056668519973755,0.7595277428627014,,
1129,46329,,,,,3.602536201477051,0.42204204201698303
1129,46329,,,1.3949016332626343,0.7800776362419128,,
1130,46330,1.67954683303833,0.34857267141342163,,,,
