epoch,train_loss,val_loss,train_pcc,val_pcc
1,1.4724231958389282,0.6795634627342224,-0.03846434876322746,-0.002694374183192849
2,1.3672893047332764,0.6897000670433044,-0.05092695355415344,0.03647667542099953
3,1.3102675676345825,0.7176135182380676,-0.000315881974529475,0.13011708855628967
4,1.3091436624526978,0.7305335402488708,0.029818501323461533,0.1829807460308075
5,1.3144112825393677,0.7435117959976196,0.01816384680569172,0.20723237097263336
6,1.2995792627334595,0.7585737705230713,0.045166537165641785,0.21387866139411926
7,1.3015285730361938,0.7593750953674316,-0.036619242280721664,0.22682753205299377
8,1.3283231258392334,0.7675126194953918,0.06991960853338242,0.22801019251346588
9,1.2960357666015625,0.7685350179672241,0.015271046198904514,0.2295377105474472
10,1.3153005838394165,0.7639984488487244,0.013253831304609776,0.22742600739002228
11,1.295370101928711,0.7639788389205933,-0.025264320895075798,0.2263498157262802
12,1.295724868774414,0.7633492350578308,-0.013518701307475567,0.22577613592147827
13,1.3312656879425049,0.7660952806472778,0.01695879176259041,0.2230128049850464
14,1.324608564376831,0.7615508437156677,-0.03677041828632355,0.22283630073070526
15,1.2639142274856567,0.7565237283706665,-0.0055608185939490795,0.2250850796699524
16,1.3165830373764038,0.7437700629234314,0.021624384447932243,0.22265824675559998
17,1.3425956964492798,0.7399613261222839,0.05181313678622246,0.2212527096271515
18,1.2907333374023438,0.7540825009346008,0.06942330300807953,0.21664021909236908
19,1.2889739274978638,0.7510872483253479,0.0635204091668129,0.218833327293396
20,1.2844600677490234,0.7257731556892395,0.0040279231034219265,0.22043313086032867
21,1.31048583984375,0.7489925026893616,0.08554615080356598,0.22132696211338043
22,1.3043901920318604,0.7617716193199158,0.04629537835717201,0.22039827704429626
23,1.3082201480865479,0.7540938258171082,0.041473545134067535,0.22116447985172272
24,1.3187181949615479,0.7535118460655212,0.04745084047317505,0.22277840971946716
25,1.2831090688705444,0.7597307562828064,0.06854936480522156,0.22331686317920685
26,1.2630776166915894,0.7278828024864197,0.0824790745973587,0.22394959628582
27,1.3011929988861084,0.7376054525375366,0.1426001489162445,0.2249349057674408
28,1.291813850402832,0.7616782188415527,0.12323285639286041,0.22631573677062988
29,1.2662489414215088,0.7493396997451782,0.14141331613063812,0.22888150811195374
30,1.2668131589889526,0.7207614183425903,0.1373092532157898,0.23068958520889282
31,1.273887276649475,0.7249671816825867,0.1499166637659073,0.23182374238967896
32,1.2592037916183472,0.7461015582084656,0.19760875403881073,0.2334691733121872
33,1.2421149015426636,0.7307323813438416,0.22667141258716583,0.23429934680461884
34,1.2714009284973145,0.7207880020141602,0.2673335373401642,0.23400813341140747
35,1.2487728595733643,0.7809705138206482,0.22114504873752594,0.23430846631526947
36,1.2400087118148804,0.7577118873596191,0.28728941082954407,0.23860792815685272
37,1.2823177576065063,0.7759475708007812,0.26729854941368103,0.24083054065704346
38,1.2358633279800415,0.7762520909309387,0.26991796493530273,0.24274133145809174
39,1.2210363149642944,0.7284460663795471,0.3033778965473175,0.24459855258464813
40,1.255859613418579,0.7877404093742371,0.30794084072113037,0.2439219206571579
41,1.2226107120513916,0.7786077260971069,0.2974161207675934,0.2444789558649063
42,1.205984115600586,0.7462416887283325,0.3397490084171295,0.24764946103096008
43,1.2020059823989868,0.7854920029640198,0.34525632858276367,0.24766065180301666
44,1.2130435705184937,0.7783174514770508,0.31448107957839966,0.24927771091461182
45,1.2329860925674438,0.7717057466506958,0.3351990282535553,0.25169306993484497
46,1.202390432357788,0.7983965277671814,0.3496910035610199,0.25328925251960754
47,1.2029706239700317,0.8077384233474731,0.3671058118343353,0.25425201654434204
48,1.2102134227752686,0.7787029147148132,0.36415672302246094,0.2567724287509918
49,1.2233000993728638,0.819290280342102,0.4041569232940674,0.25863561034202576
50,1.219812273979187,0.8301235437393188,0.3657335042953491,0.2608356475830078
51,1.1953661441802979,0.7854437828063965,0.35838064551353455,0.2642461657524109
52,1.2553269863128662,0.7933789491653442,0.3551994562149048,0.26584112644195557
53,1.2206199169158936,0.7799696326255798,0.3863682448863983,0.26714983582496643
54,1.1824308633804321,0.7764449119567871,0.3660027086734772,0.26818060874938965
55,1.19778573513031,0.8020969033241272,0.3727508783340454,0.2689244747161865
56,1.179793357849121,0.7991620302200317,0.3576376140117645,0.2700340449810028
57,1.1582918167114258,0.7735624313354492,0.4105924963951111,0.27129122614860535
58,1.2136974334716797,0.7909493446350098,0.38099825382232666,0.2714337408542633
59,1.198509931564331,0.7840290069580078,0.3844422996044159,0.2733670473098755
60,1.1716488599777222,0.7693264484405518,0.39802688360214233,0.27407464385032654
61,1.184438705444336,0.7927477955818176,0.384918212890625,0.27514055371284485
62,1.2264105081558228,0.7976223826408386,0.38024166226387024,0.2759990096092224
63,1.1741411685943604,0.7765523791313171,0.38419610261917114,0.2776496410369873
64,1.197042465209961,0.7826888561248779,0.3646610379219055,0.2793300747871399
65,1.1725934743881226,0.754909336566925,0.398770272731781,0.28028056025505066
66,1.188006043434143,0.7924455404281616,0.3869021534919739,0.28102004528045654
67,1.1605108976364136,0.7960148453712463,0.37620222568511963,0.2820821702480316
68,1.2104648351669312,0.7967773675918579,0.38374730944633484,0.2833995223045349
69,1.1741644144058228,0.7875822186470032,0.37855878472328186,0.28436386585235596
70,1.2124199867248535,0.7956106066703796,0.37806379795074463,0.28463366627693176
71,1.1777321100234985,0.7965622544288635,0.3969874680042267,0.28562742471694946
72,1.1998625993728638,0.7886399030685425,0.39130038022994995,0.2863820195198059
73,1.2050195932388306,0.781561553478241,0.3738578259944916,0.287679523229599
74,1.1815931797027588,0.7696749567985535,0.4016066789627075,0.28814366459846497
75,1.1780725717544556,0.7620962262153625,0.3663320243358612,0.2892993688583374
76,1.1961371898651123,0.7752040028572083,0.39305809140205383,0.28983941674232483
77,1.1980035305023193,0.7867159247398376,0.40148061513900757,0.29011860489845276
78,1.2167834043502808,0.7962712049484253,0.3858862519264221,0.2918526828289032
79,1.2038991451263428,0.8014995455741882,0.42114290595054626,0.2929805815219879
80,1.2268545627593994,0.804984450340271,0.40324169397354126,0.2945041060447693
81,1.1958022117614746,0.774657130241394,0.403687447309494,0.296237975358963
82,1.1757484674453735,0.7692270278930664,0.42182213068008423,0.29714325070381165
83,1.179428219795227,0.8073698878288269,0.3912844955921173,0.29761937260627747
84,1.18281090259552,0.7747116088867188,0.41758355498313904,0.2994363009929657
85,1.1733036041259766,0.8190949559211731,0.4276725947856903,0.29829686880111694
86,1.1787399053573608,0.8160876035690308,0.4148593842983246,0.2984157204627991
87,1.1741445064544678,0.7963566184043884,0.4253559708595276,0.29952308535575867
88,1.191706657409668,0.8184650540351868,0.41851434111595154,0.30040425062179565
89,1.1662417650222778,0.7890794277191162,0.4321376085281372,0.30218708515167236
90,1.185473084449768,0.8144054412841797,0.4112217128276825,0.3023236095905304
91,1.2176032066345215,0.7805160284042358,0.39968207478523254,0.3035234212875366
92,1.1642687320709229,0.7935863733291626,0.414782851934433,0.3039696216583252
93,1.1943812370300293,0.7833657264709473,0.3831999599933624,0.3046082556247711
94,1.197265625,0.7833104133605957,0.4181128740310669,0.30525141954421997
95,1.1702603101730347,0.8178703784942627,0.42991530895233154,0.30528998374938965
96,1.1659218072891235,0.8181331753730774,0.43197450041770935,0.30577775835990906
97,1.1673963069915771,0.8048766255378723,0.4559556543827057,0.30649927258491516
98,1.1561622619628906,0.8149291276931763,0.42539384961128235,0.3069901466369629
99,1.1721320152282715,0.8144259452819824,0.43206948041915894,0.3068348169326782
100,1.1271401643753052,0.8021603226661682,0.42551389336586,0.307491272687912
101,1.1412519216537476,0.8038325309753418,0.4687168300151825,0.30798447132110596
102,1.1398245096206665,0.8133670091629028,0.4504376947879791,0.308447927236557
103,1.162759780883789,0.8092041015625,0.42158159613609314,0.3088681995868683
104,1.1238508224487305,0.7911682724952698,0.41240179538726807,0.31016436219215393
105,1.1602375507354736,0.7611678838729858,0.4078209698200226,0.31089305877685547
106,1.1694951057434082,0.775818943977356,0.41763609647750854,0.31134527921676636
107,1.1638768911361694,0.7871665954589844,0.4312956929206848,0.31148189306259155
108,1.1491307020187378,0.7988789677619934,0.4470735192298889,0.31187310814857483
109,1.1697149276733398,0.8061779141426086,0.4758280813694,0.3124152421951294
110,1.133190393447876,0.8122703433036804,0.4669927954673767,0.3127466142177582
111,1.173247218132019,0.8223593235015869,0.44897881150245667,0.3134986162185669
112,1.1460837125778198,0.7977966666221619,0.4491570293903351,0.3140040636062622
113,1.1409258842468262,0.8000031113624573,0.4550914168357849,0.31431031227111816
114,1.1646422147750854,0.8058306574821472,0.4585438668727875,0.3152529001235962
115,1.1770585775375366,0.8000118732452393,0.40519121289253235,0.31630226969718933
116,1.1692583560943604,0.790534257888794,0.433870404958725,0.3175882399082184
117,1.1403026580810547,0.8009985089302063,0.41650575399398804,0.31774407625198364
118,1.1318752765655518,0.7985913157463074,0.4637875556945801,0.31818699836730957
119,1.1528987884521484,0.7969315052032471,0.43607330322265625,0.319072961807251
120,1.1735177040100098,0.8048838973045349,0.41376030445098877,0.3187563121318817
121,1.174938440322876,0.7947996854782104,0.42402830719947815,0.31926238536834717
122,1.1301816701889038,0.8021152019500732,0.4651642441749573,0.31988030672073364
123,1.152685523033142,0.8287481069564819,0.4354274868965149,0.31973108649253845
124,1.1489816904067993,0.8191667795181274,0.4421713352203369,0.3206210434436798
125,1.1503254175186157,0.7851380705833435,0.43968522548675537,0.321952760219574
126,1.1662347316741943,0.7904365658760071,0.4082304537296295,0.32278284430503845
127,1.1521028280258179,0.80052649974823,0.4296340048313141,0.3232465386390686
128,1.1303101778030396,0.8011983633041382,0.42609521746635437,0.32397809624671936
129,1.1543385982513428,0.8072870373725891,0.4438171982765198,0.32428234815597534
130,1.138391375541687,0.78715580701828,0.40994325280189514,0.32459306716918945
131,1.127105474472046,0.7800241112709045,0.42481157183647156,0.3249211013317108
132,1.1586434841156006,0.8031376004219055,0.4440496861934662,0.3255358040332794
133,1.1427435874938965,0.7848010659217834,0.42860788106918335,0.3263522982597351
134,1.118247151374817,0.7838620543479919,0.431691437959671,0.3269564211368561
135,1.1176726818084717,0.812458872795105,0.4757545590400696,0.3268369436264038
136,1.153527021408081,0.8079463243484497,0.44420745968818665,0.326835960149765
137,1.1383867263793945,0.7924185991287231,0.43060019612312317,0.32719022035598755
138,1.1323117017745972,0.7992389798164368,0.4299255311489105,0.329058974981308
139,1.1529146432876587,0.7807385325431824,0.42896509170532227,0.3301886320114136
140,1.0987293720245361,0.8050122261047363,0.46714186668395996,0.32980629801750183
141,1.126177191734314,0.8027480840682983,0.4547675549983978,0.33107009530067444
142,1.1312395334243774,0.8060757517814636,0.4413709044456482,0.3320704996585846
143,1.1721380949020386,0.7999100089073181,0.4293834865093231,0.3320710361003876
144,1.134190320968628,0.791742205619812,0.4236980974674225,0.3327353596687317
145,1.1615968942642212,0.7673961520195007,0.4151678681373596,0.3341656029224396
146,1.1587480306625366,0.7906674742698669,0.4142001271247864,0.33462291955947876
147,1.1254527568817139,0.7983074188232422,0.4508669972419739,0.33457913994789124
148,1.1297922134399414,0.77973872423172,0.43626779317855835,0.33504632115364075
149,1.124303936958313,0.8029944896697998,0.4704875946044922,0.3341709077358246
150,1.1340829133987427,0.8102837800979614,0.4667379558086395,0.3345853388309479
151,1.1091077327728271,0.8164229989051819,0.458554208278656,0.334452748298645
152,1.0966335535049438,0.8019168972969055,0.4412574768066406,0.33440613746643066
153,1.1199418306350708,0.8207998275756836,0.4604327976703644,0.3339007496833801
154,1.1440714597702026,0.7931400537490845,0.4068109691143036,0.3343532085418701
155,1.1232019662857056,0.7790377140045166,0.4308498203754425,0.3336227238178253
156,1.1380598545074463,0.7852514386177063,0.41658616065979004,0.3334469795227051
157,1.1182241439819336,0.7965027689933777,0.46301817893981934,0.33438462018966675
158,1.1649507284164429,0.8067423105239868,0.4415927827358246,0.334676593542099
159,1.1121995449066162,0.8023757338523865,0.46391668915748596,0.334971159696579
160,1.1177610158920288,0.7916354537010193,0.44407424330711365,0.33471566438674927
161,1.1331493854522705,0.8111923336982727,0.4619816541671753,0.3351413905620575
162,1.161108136177063,0.8006773591041565,0.45517614483833313,0.3357974588871002
163,1.1441550254821777,0.8000365495681763,0.44664236903190613,0.3367575407028198
164,1.166015863418579,0.7874030470848083,0.4560747742652893,0.3367518484592438
165,1.133624792098999,0.7676268219947815,0.41802704334259033,0.3361929953098297
166,1.165993571281433,0.8018004894256592,0.4445030987262726,0.33615922927856445
167,1.1638094186782837,0.806784987449646,0.4475063979625702,0.33716341853141785
168,1.1153351068496704,0.7984103560447693,0.4548667073249817,0.3372097611427307
169,1.1423280239105225,0.796500563621521,0.47096511721611023,0.3375462293624878
170,1.112412929534912,0.805486261844635,0.45974838733673096,0.33776453137397766
171,1.1011120080947876,0.7908036708831787,0.4775073826313019,0.33787456154823303
172,1.113610863685608,0.7775686979293823,0.450482577085495,0.33909451961517334
173,1.1339900493621826,0.818048357963562,0.43900156021118164,0.3392898440361023
174,1.1264970302581787,0.8033535480499268,0.45825499296188354,0.33919060230255127
175,1.0904895067214966,0.7983713150024414,0.4598643481731415,0.33928272128105164
176,1.1442227363586426,0.8172459602355957,0.4476461112499237,0.3391387164592743
177,1.163411021232605,0.8008682727813721,0.44017279148101807,0.339873343706131
178,1.136744737625122,0.8001986145973206,0.45600685477256775,0.3405042886734009
179,1.149085521697998,0.8191998600959778,0.46450990438461304,0.3399924039840698
180,1.1451562643051147,0.7960066795349121,0.4683631360530853,0.34046339988708496
181,1.12457275390625,0.7905539274215698,0.46659988164901733,0.34052854776382446
182,1.1491854190826416,0.7855463624000549,0.43563613295555115,0.3409971594810486
183,1.1133840084075928,0.7803587913513184,0.45310837030410767,0.3417705297470093
184,1.1604121923446655,0.789171040058136,0.4431592524051666,0.34202292561531067
185,1.1229345798492432,0.7931345105171204,0.4552263021469116,0.34156864881515503
186,1.1487773656845093,0.8124884366989136,0.48562875390052795,0.34232303500175476
187,1.1526567935943604,0.7789394855499268,0.45642897486686707,0.34258511662483215
188,1.1064127683639526,0.816923975944519,0.492414265871048,0.341348797082901
189,1.1027377843856812,0.8148346543312073,0.4733676016330719,0.3411083519458771
190,1.1247453689575195,0.8148534297943115,0.4488410949707031,0.3412104547023773
191,1.1114109754562378,0.8084558844566345,0.448294073343277,0.34147778153419495
192,1.1082881689071655,0.7852464318275452,0.4600588083267212,0.34199172258377075
193,1.1023651361465454,0.7765575051307678,0.4852028787136078,0.3420393764972687
194,1.1363990306854248,0.8137478232383728,0.44374406337738037,0.3425500690937042
195,1.1189460754394531,0.8173273801803589,0.44034311175346375,0.34282058477401733
196,1.1265984773635864,0.8162350058555603,0.47304245829582214,0.34352177381515503
197,1.1376405954360962,0.8053651452064514,0.49133849143981934,0.34394171833992004
198,1.1181524991989136,0.7995555400848389,0.4461793601512909,0.34361520409584045
199,1.117856502532959,0.8020602464675903,0.47862008213996887,0.34362488985061646
200,1.1507413387298584,0.8007027506828308,0.4431278109550476,0.3440004587173462
201,1.1333301067352295,0.8127198815345764,0.47330787777900696,0.343936562538147
202,1.1394132375717163,0.813579797744751,0.43101373314857483,0.3441043198108673
203,1.1142150163650513,0.7797303795814514,0.43718186020851135,0.34476950764656067
204,1.130025863647461,0.7887381315231323,0.4641391932964325,0.3450019359588623
205,1.113266944885254,0.8126460909843445,0.4776027798652649,0.3454468846321106
206,1.1399486064910889,0.8023444414138794,0.4734170436859131,0.34586301445961
207,1.105643391609192,0.7935594320297241,0.43763601779937744,0.3462773859500885
208,1.1367653608322144,0.8048869967460632,0.4626288414001465,0.3469187021255493
209,1.1338505744934082,0.7764579653739929,0.4454191029071808,0.34738409519195557
210,1.0960383415222168,0.787614643573761,0.47418656945228577,0.34819748997688293
211,1.0973232984542847,0.7870435118675232,0.4540352523326874,0.3489561378955841
212,1.1461106538772583,0.8054288625717163,0.4521143138408661,0.34894582629203796
213,1.1181185245513916,0.812024712562561,0.4861412048339844,0.3497912287712097
214,1.1105711460113525,0.8194021582603455,0.48444899916648865,0.35009831190109253
215,1.1110973358154297,0.8124822378158569,0.44817468523979187,0.3500886559486389
216,1.1131103038787842,0.8182428479194641,0.4694772958755493,0.3506501615047455
217,1.1409416198730469,0.8084683418273926,0.4612669348716736,0.3515694737434387
218,1.1156504154205322,0.7987063527107239,0.4767687916755676,0.351966917514801
219,1.0966750383377075,0.796532392501831,0.48087233304977417,0.35180771350860596
220,1.1253581047058105,0.8095695972442627,0.4727265238761902,0.35152533650398254
221,1.146051287651062,0.7932606339454651,0.43873703479766846,0.3510216176509857
222,1.1320527791976929,0.7750136852264404,0.4458218216896057,0.3512931764125824
223,1.1204215288162231,0.7999357581138611,0.45397064089775085,0.3516930043697357
224,1.085470199584961,0.8002477288246155,0.4721568524837494,0.3516564667224884
225,1.1177136898040771,0.8083192110061646,0.4689043462276459,0.35215097665786743
226,1.1354979276657104,0.8001569509506226,0.43606287240982056,0.35198500752449036
227,1.1077265739440918,0.8083017468452454,0.48372846841812134,0.35228636860847473
228,1.1716572046279907,0.7703689932823181,0.46126043796539307,0.3523666560649872
229,1.1227947473526,0.8067914247512817,0.48319244384765625,0.3533285856246948
230,1.1157726049423218,0.804257333278656,0.47382208704948425,0.35398930311203003
231,1.151707649230957,0.8132211565971375,0.4570741355419159,0.35444867610931396
232,1.1318105459213257,0.8070696592330933,0.4450934827327728,0.3545369803905487
233,1.1114495992660522,0.8166678547859192,0.46874260902404785,0.3544895648956299
234,1.1374804973602295,0.8027580976486206,0.4869527518749237,0.3548800051212311
235,1.117655634880066,0.7883448004722595,0.4813346862792969,0.354877233505249
236,1.1048504114151,0.8025427460670471,0.46905502676963806,0.355156809091568
237,1.127794623374939,0.8059391379356384,0.4733356535434723,0.3560546934604645
238,1.1511486768722534,0.7810319066047668,0.43633636832237244,0.3567054569721222
239,1.117813229560852,0.7950838208198547,0.4735504686832428,0.35721439123153687
240,1.1298667192459106,0.8039612174034119,0.46077123284339905,0.3570387661457062
241,1.1025036573410034,0.7837499380111694,0.47590330243110657,0.3568763732910156
242,1.1146405935287476,0.7956222891807556,0.46101412177085876,0.3576335906982422
243,1.123071551322937,0.8201025128364563,0.4577082097530365,0.3576408922672272
244,1.0816713571548462,0.7780603766441345,0.44000527262687683,0.3567500412464142
245,1.1265054941177368,0.796393871307373,0.4646115303039551,0.35676851868629456
246,1.1136099100112915,0.794632613658905,0.44835320115089417,0.35702160000801086
247,1.1256548166275024,0.776019811630249,0.4700424373149872,0.3568882644176483
248,1.1379718780517578,0.7945429682731628,0.44154465198516846,0.35779958963394165
249,1.1078320741653442,0.8011300563812256,0.47862672805786133,0.35778146982192993
250,1.1216766834259033,0.7931713461875916,0.46825990080833435,0.3572034239768982
251,1.1240382194519043,0.8017457723617554,0.480491578578949,0.35802942514419556
252,1.1279175281524658,0.7960013747215271,0.496751993894577,0.358277827501297
253,1.1232378482818604,0.7969515919685364,0.4769797623157501,0.3588315546512604
254,1.1372928619384766,0.8225119709968567,0.4637828767299652,0.35952696204185486
255,1.1047401428222656,0.8044524192810059,0.4839556813240051,0.3603346347808838
256,1.133414387702942,0.8155495524406433,0.4732605516910553,0.3600999116897583
257,1.1179507970809937,0.8121505379676819,0.44881391525268555,0.36063632369041443
258,1.1305795907974243,0.7937358617782593,0.48394790291786194,0.3603307604789734
259,1.0797933340072632,0.8105739951133728,0.4964126646518707,0.3603014349937439
260,1.0976781845092773,0.800305187702179,0.49536001682281494,0.36068421602249146
261,1.0871762037277222,0.8185537457466125,0.4789719581604004,0.35997453331947327
262,1.0924032926559448,0.7986782193183899,0.5056654810905457,0.35911962389945984
263,1.118345856666565,0.7974828481674194,0.45322877168655396,0.3592854142189026
264,1.103926181793213,0.8040405511856079,0.49570441246032715,0.3597775399684906
265,1.0931934118270874,0.8055333495140076,0.49380621314048767,0.3602871000766754
266,1.1336106061935425,0.8064075112342834,0.4665628671646118,0.36041656136512756
267,1.1295051574707031,0.8076772689819336,0.45799627900123596,0.36104583740234375
268,1.1175861358642578,0.804276168346405,0.4718671441078186,0.36141666769981384
269,1.1219173669815063,0.8374497890472412,0.5027258992195129,0.3613663613796234
270,1.0858380794525146,0.80109703540802,0.48954880237579346,0.36154767870903015
271,1.142115831375122,0.7985247373580933,0.46273523569107056,0.3614739775657654
272,1.1162686347961426,0.8095004558563232,0.48257192969322205,0.3617057204246521
273,1.1408276557922363,0.8065295815467834,0.4593833386898041,0.3617982566356659
274,1.1094884872436523,0.8012263178825378,0.4975288510322571,0.3612985610961914
275,1.0918363332748413,0.7912423014640808,0.4869629740715027,0.3612297475337982
276,1.107123613357544,0.7864800691604614,0.443787157535553,0.3608340620994568
277,1.1190229654312134,0.8128266334533691,0.4895581007003784,0.36119797825813293
278,1.0705537796020508,0.793462872505188,0.4795905351638794,0.36147651076316833
279,1.1281245946884155,0.7891018390655518,0.4738503396511078,0.3619909882545471
280,1.1329915523529053,0.7973103523254395,0.46630850434303284,0.3620585799217224
281,1.098618507385254,0.7734905481338501,0.4557819366455078,0.3619810938835144
282,1.12843918800354,0.7841084599494934,0.487038791179657,0.3620355427265167
283,1.0805877447128296,0.7822252511978149,0.46752649545669556,0.36183497309684753
284,1.123780608177185,0.7768639922142029,0.45661768317222595,0.36184701323509216
285,1.0958683490753174,0.7943060994148254,0.4731162488460541,0.3622168302536011
286,1.0976130962371826,0.7813312411308289,0.46211522817611694,0.3617123067378998
287,1.0942368507385254,0.7806149125099182,0.4524594247341156,0.36241215467453003
288,1.0873574018478394,0.8001294136047363,0.5129579305648804,0.3627144992351532
289,1.0691355466842651,0.7922976016998291,0.5027791857719421,0.3627500832080841
290,1.0811700820922852,0.8034936785697937,0.48012590408325195,0.36253708600997925
291,1.1072313785552979,0.7818412184715271,0.4779045879840851,0.3627675473690033
292,1.085174798965454,0.8240113258361816,0.510992169380188,0.3632330000400543
293,1.1298468112945557,0.7895813584327698,0.5023269653320312,0.36331796646118164
294,1.1154639720916748,0.7902503609657288,0.49693483114242554,0.3633752763271332
295,1.0764540433883667,0.7996190786361694,0.5013406276702881,0.36370524764060974
296,1.1233419179916382,0.8207263946533203,0.5097529292106628,0.3640408217906952
297,1.1360938549041748,0.7913188338279724,0.4724450707435608,0.3634830415248871
298,1.0826538801193237,0.7878406643867493,0.47548362612724304,0.3630713224411011
299,1.099902868270874,0.7827681303024292,0.44908827543258667,0.36296942830085754
300,1.1184104681015015,0.7959928512573242,0.47169625759124756,0.3634733259677887
301,1.0991747379302979,0.8187814354896545,0.5108376145362854,0.36364060640335083
302,1.1173689365386963,0.7842321991920471,0.49771934747695923,0.3628602623939514
303,1.1215248107910156,0.7988357543945312,0.5017581582069397,0.36290767788887024
304,1.1001604795455933,0.8099508881568909,0.4953777492046356,0.36334970593452454
305,1.1182782649993896,0.7947496175765991,0.48319968581199646,0.3629536032676697
306,1.067983627319336,0.8029836416244507,0.4997556507587433,0.3634410798549652
307,1.112712025642395,0.8007479906082153,0.47874853014945984,0.36358699202537537
308,1.0884946584701538,0.8191413879394531,0.5043820142745972,0.3644447922706604
309,1.0842945575714111,0.776615560054779,0.463745653629303,0.36352965235710144
310,1.113860845565796,0.786422073841095,0.4459465742111206,0.3633805215358734
311,1.1061609983444214,0.785415768623352,0.49953290820121765,0.363040030002594
312,1.0993486642837524,0.7931212782859802,0.5082897543907166,0.36375153064727783
313,1.1058647632598877,0.7882893085479736,0.5023178458213806,0.3644767105579376
314,1.1280728578567505,0.7894106507301331,0.4626319110393524,0.36426877975463867
315,1.0749818086624146,0.7884412407875061,0.499826580286026,0.3639999032020569
316,1.097678542137146,0.8016049265861511,0.494840145111084,0.3641464114189148
317,1.0885236263275146,0.7926748394966125,0.48809248208999634,0.3637179434299469
318,1.1227799654006958,0.7827824354171753,0.4674327075481415,0.3638700544834137
319,1.0904406309127808,0.7971692681312561,0.482654869556427,0.3642606735229492
320,1.08684504032135,0.7956988215446472,0.47461652755737305,0.36392030119895935
321,1.0975748300552368,0.801857054233551,0.4865817427635193,0.36353427171707153
322,1.0965322256088257,0.7790683507919312,0.4742000699043274,0.3630800247192383
323,1.0907785892486572,0.7819483280181885,0.47883859276771545,0.36336246132850647
324,1.1093251705169678,0.7837488055229187,0.4898079037666321,0.3634481728076935
325,1.1101257801055908,0.8054565191268921,0.47957801818847656,0.36379075050354004
326,1.1414036750793457,0.7714183926582336,0.4864659309387207,0.3630483150482178
327,1.1000720262527466,0.7822408676147461,0.4906349778175354,0.36342889070510864
328,1.0763128995895386,0.7851892709732056,0.4736001789569855,0.36356833577156067
329,1.0929964780807495,0.8061848282814026,0.4752580225467682,0.3641257584095001
330,1.1039676666259766,0.8115790486335754,0.49657952785491943,0.3649619519710541
331,1.1001982688903809,0.817570149898529,0.4923085868358612,0.3653675615787506
332,1.056091070175171,0.8030528426170349,0.4960756003856659,0.3649525046348572
333,1.0620168447494507,0.785508930683136,0.5051153302192688,0.36505159735679626
334,1.1238709688186646,0.7890273332595825,0.49831873178482056,0.36491867899894714
335,1.0882937908172607,0.7905653119087219,0.4784982204437256,0.3656280040740967
336,1.106982707977295,0.7811992168426514,0.4939819276332855,0.36582812666893005
337,1.0829122066497803,0.7788880467414856,0.48006120324134827,0.36594659090042114
338,1.0901519060134888,0.7926065325737,0.48302289843559265,0.36631640791893005
339,1.0816936492919922,0.7944337129592896,0.48738953471183777,0.365749329328537
340,1.0625050067901611,0.7670639753341675,0.49080008268356323,0.36472833156585693
341,1.0978864431381226,0.7763741612434387,0.5069251656532288,0.3648239076137543
342,1.1064486503601074,0.8188788294792175,0.5261068344116211,0.3656497597694397
343,1.1136062145233154,0.8090369701385498,0.5037738680839539,0.36611345410346985
344,1.0844255685806274,0.808525562286377,0.5074790716171265,0.3664427399635315
345,1.109649658203125,0.8015624284744263,0.5138453245162964,0.3669619858264923
346,1.0562827587127686,0.785576343536377,0.4916883111000061,0.3671504259109497
347,1.0952521562576294,0.7676733732223511,0.48368141055107117,0.3673684597015381
348,1.1021265983581543,0.8023229241371155,0.45234131813049316,0.3684735596179962
349,1.0700531005859375,0.8121265172958374,0.5388506054878235,0.3691653907299042
350,1.090191125869751,0.7852450609207153,0.49346205592155457,0.3684632182121277
351,1.1049448251724243,0.8027778267860413,0.5088926553726196,0.3697477877140045
352,1.0955454111099243,0.8102791905403137,0.4991643726825714,0.37001749873161316
353,1.084248423576355,0.7913431525230408,0.5015730261802673,0.3699362277984619
354,1.078632116317749,0.7842572331428528,0.5160852074623108,0.36930781602859497
355,1.0704087018966675,0.7960578799247742,0.500840425491333,0.3691219985485077
356,1.0939429998397827,0.7959966063499451,0.4784516990184784,0.3697440028190613
357,1.0861520767211914,0.7917300462722778,0.47527435421943665,0.3696516752243042
358,1.1176176071166992,0.8143348097801208,0.5089783072471619,0.37047138810157776
359,1.0716367959976196,0.8052994012832642,0.5363923907279968,0.3706062138080597
360,1.0994837284088135,0.7991272807121277,0.5090517997741699,0.3706880509853363
361,1.1001750230789185,0.8047337532043457,0.47719353437423706,0.3704191744327545
362,1.0970007181167603,0.8088240623474121,0.5034920573234558,0.3715500235557556
363,1.063907504081726,0.8069934248924255,0.5361801981925964,0.372617244720459
364,1.0990101099014282,0.7948897480964661,0.5056853890419006,0.37281447649002075
365,1.0752103328704834,0.8006172776222229,0.5055575370788574,0.3723330497741699
366,1.0773694515228271,0.7757927775382996,0.49354469776153564,0.37186869978904724
367,1.0673587322235107,0.7818843722343445,0.5104210376739502,0.37197181582450867
368,1.1150124073028564,0.7704495191574097,0.45532912015914917,0.3723891079425812
369,1.0801589488983154,0.7834588289260864,0.47366341948509216,0.37246301770210266
370,1.077219009399414,0.7718473672866821,0.4979286193847656,0.3727218210697174
371,1.0850909948349,0.7720565795898438,0.5004630088806152,0.37255859375
372,1.0622522830963135,0.7862166166305542,0.48583611845970154,0.3738161325454712
373,1.0669060945510864,0.8040621280670166,0.5184404850006104,0.37454754114151
374,1.0942622423171997,0.8028920888900757,0.4717201292514801,0.37535592913627625
375,1.0747674703598022,0.7933772206306458,0.49165716767311096,0.3750249445438385
376,1.0913282632827759,0.8101915121078491,0.5081416368484497,0.37547311186790466
377,1.1167446374893188,0.8007418513298035,0.48609474301338196,0.3749358654022217
378,1.1250574588775635,0.8058385252952576,0.5154455900192261,0.3744522035121918
379,1.0814956426620483,0.7891411781311035,0.4939999580383301,0.37349334359169006
380,1.0799872875213623,0.7762775421142578,0.5154343247413635,0.3734028935432434
381,1.0993329286575317,0.8046317100524902,0.5091425776481628,0.3733532726764679
382,1.1048824787139893,0.7626272439956665,0.4870488941669464,0.3720509707927704
383,1.1121723651885986,0.7938761115074158,0.5052214860916138,0.3721752166748047
384,1.0458110570907593,0.8015068173408508,0.5509669780731201,0.3721736669540405
385,1.0652484893798828,0.7918555736541748,0.5525952577590942,0.37123778462409973
386,1.1443027257919312,0.8084908723831177,0.4895252287387848,0.37053582072257996
387,1.0764447450637817,0.8167639970779419,0.5472292900085449,0.3705286979675293
388,1.10329008102417,0.793292224407196,0.4940565526485443,0.36947742104530334
389,1.082845687866211,0.7953375577926636,0.5174528360366821,0.36808478832244873
390,1.054206132888794,0.7776669263839722,0.5069473385810852,0.36747872829437256
391,1.1011604070663452,0.7730686068534851,0.48794135451316833,0.36805638670921326
392,1.0837739706039429,0.769050121307373,0.49059775471687317,0.3682342767715454
393,1.0751138925552368,0.8007935881614685,0.5004911422729492,0.3692587912082672
394,1.0858182907104492,0.7902112007141113,0.4767625629901886,0.36926937103271484
395,1.1067817211151123,0.7900676131248474,0.5099799036979675,0.36830660700798035
396,1.0895001888275146,0.7829968333244324,0.4960721433162689,0.36710476875305176
397,1.101453185081482,0.7963939905166626,0.511947512626648,0.3668685555458069
398,1.1047592163085938,0.7777494192123413,0.4914083182811737,0.3666090667247772
399,1.0713627338409424,0.7958090305328369,0.5179973244667053,0.36714640259742737
400,1.0889215469360352,0.7678534388542175,0.4928363859653473,0.3659694790840149
401,1.0715398788452148,0.7850111126899719,0.5030196905136108,0.3667309582233429
402,1.0589046478271484,0.7997326254844666,0.5100605487823486,0.3667481541633606
403,1.0856395959854126,0.7886633276939392,0.5177183747291565,0.3663574755191803
404,1.0638296604156494,0.7918503284454346,0.5237706899642944,0.36582309007644653
405,1.05355966091156,0.7966486811637878,0.5509629845619202,0.36589932441711426
406,1.0922929048538208,0.81307053565979,0.5341540575027466,0.36672961711883545
407,1.0650477409362793,0.8023289442062378,0.5302550196647644,0.36658385396003723
408,1.0930336713790894,0.7977176308631897,0.5166619420051575,0.3676273226737976
409,1.0467644929885864,0.7912683486938477,0.5218995213508606,0.367150217294693
410,1.0860997438430786,0.7942438125610352,0.5139679312705994,0.36663222312927246
411,1.081538200378418,0.8171002864837646,0.5164571404457092,0.3676433563232422
412,1.1081273555755615,0.8092092871665955,0.5111774802207947,0.36817997694015503
413,1.101800560951233,0.8174704313278198,0.5065907835960388,0.3681977391242981
414,1.0519551038742065,0.79036945104599,0.5037339925765991,0.36750808358192444
415,1.078950047492981,0.8139066100120544,0.5351234674453735,0.36769700050354004
416,1.0506844520568848,0.7957714796066284,0.5481037497520447,0.36733579635620117
417,1.0650779008865356,0.7800288796424866,0.5039084553718567,0.36533504724502563
418,1.0547292232513428,0.7900410890579224,0.4868333637714386,0.36556243896484375
419,1.069090485572815,0.77634596824646,0.5205446481704712,0.3655305802822113
420,1.0741987228393555,0.7821820974349976,0.5347590446472168,0.36595332622528076
421,1.0491787195205688,0.7986416816711426,0.5380831360816956,0.3667711019515991
422,1.0362523794174194,0.7952388525009155,0.5359361171722412,0.3658120930194855
423,1.0856045484542847,0.8021845817565918,0.5214272141456604,0.36624547839164734
424,1.0999152660369873,0.7885711193084717,0.5096963047981262,0.365486204624176
425,1.0888625383377075,0.7887847423553467,0.5181677341461182,0.3648807108402252
426,1.070638656616211,0.7898678779602051,0.5420738458633423,0.36433348059654236
427,1.066543459892273,0.7796639204025269,0.512482225894928,0.36378952860832214
428,1.0903644561767578,0.7772883176803589,0.5241217017173767,0.3639971911907196
429,1.0690561532974243,0.7906160950660706,0.5497807860374451,0.36562421917915344
430,1.099818229675293,0.7867887020111084,0.5209424495697021,0.36551836133003235
431,1.0739609003067017,0.8029857277870178,0.5191293358802795,0.3653421401977539
432,1.0335232019424438,0.7801131010055542,0.5460631251335144,0.36372441053390503
433,1.048496127128601,0.7930764555931091,0.525693416595459,0.36351636052131653
434,1.0588138103485107,0.795002818107605,0.5385614037513733,0.3626965880393982
435,1.0725167989730835,0.7867044806480408,0.5202821493148804,0.36303895711898804
436,1.0497477054595947,0.7910066246986389,0.5584105253219604,0.3633212149143219
437,1.0916130542755127,0.8016578555107117,0.5227376818656921,0.3637903034687042
438,1.0569111108779907,0.7930504679679871,0.5148794651031494,0.36267876625061035
439,1.06853449344635,0.7916232347488403,0.5231336355209351,0.3625014126300812
440,1.0620403289794922,0.8033316731452942,0.5237470865249634,0.36327606439590454
441,1.0527572631835938,0.7899792790412903,0.5423048734664917,0.364014208316803
442,1.0987647771835327,0.7983345985412598,0.5447878837585449,0.36341962218284607
443,1.0432770252227783,0.7797583937644958,0.5075829029083252,0.3631749451160431
444,1.0853677988052368,0.7931389212608337,0.5193910002708435,0.36436569690704346
445,1.0258359909057617,0.7929331064224243,0.5395509004592896,0.36484256386756897
446,1.0915510654449463,0.7963045239448547,0.5147343277931213,0.36595970392227173
447,1.0707194805145264,0.8094503283500671,0.5179704427719116,0.3663650453090668
448,1.0663151741027832,0.7902221083641052,0.5266401767730713,0.3660716712474823
449,1.0639883279800415,0.7909278273582458,0.5280044674873352,0.365619033575058
450,1.075066089630127,0.7822901606559753,0.5081528425216675,0.3651414215564728
451,1.0532218217849731,0.7953264117240906,0.5459827780723572,0.36541885137557983
452,1.0534597635269165,0.8007417917251587,0.5537604093551636,0.36704450845718384
453,1.0831000804901123,0.8211187124252319,0.5462912321090698,0.36695072054862976
454,1.021868348121643,0.7943063974380493,0.5552045106887817,0.36592361330986023
455,1.0426126718521118,0.7790852785110474,0.4967948794364929,0.3638637363910675
456,1.0583218336105347,0.7610554695129395,0.5249613523483276,0.3618641197681427
457,1.0194579362869263,0.7720510363578796,0.534144937992096,0.36375170946121216
458,1.0192928314208984,0.7817928791046143,0.5614029169082642,0.3651030957698822
459,1.0386903285980225,0.781856119632721,0.5538873076438904,0.36536577343940735
460,1.0626702308654785,0.7917171120643616,0.5486310720443726,0.3664870858192444
461,1.0783082246780396,0.7873918414115906,0.5494992136955261,0.36440956592559814
462,1.0644468069076538,0.7898241877555847,0.5613338351249695,0.36429864168167114
463,1.0267366170883179,0.7856804728507996,0.5385482311248779,0.364632248878479
464,1.0916364192962646,0.7728767991065979,0.5285539031028748,0.3630046248435974
465,1.066532015800476,0.7749650478363037,0.5398831367492676,0.3624435365200043
466,1.0820785760879517,0.7793799638748169,0.5013744235038757,0.3614683151245117
467,1.0328943729400635,0.7751891613006592,0.5417147874832153,0.36157992482185364
468,1.048753023147583,0.772763192653656,0.5433326959609985,0.36026713252067566
469,1.0166617631912231,0.7647513747215271,0.5219005942344666,0.3592347502708435
470,1.0299913883209229,0.7643228769302368,0.5481412410736084,0.35866400599479675
471,1.0152053833007812,0.782407283782959,0.5558919310569763,0.3593840003013611
472,1.0468450784683228,0.7710071206092834,0.5154485702514648,0.3583041727542877
473,1.0736186504364014,0.7814285159111023,0.5297294855117798,0.35851573944091797
474,1.0723109245300293,0.7822192907333374,0.5292782187461853,0.359981507062912
475,1.060274362564087,0.776522696018219,0.5418405532836914,0.3589741289615631
476,1.055127739906311,0.7917983531951904,0.5109220147132874,0.3596303462982178
477,1.0787053108215332,0.7940911054611206,0.5371299982070923,0.3600062429904938
478,1.0602459907531738,0.7834780812263489,0.5320305228233337,0.3583490550518036
479,1.00571608543396,0.7790365219116211,0.5385713577270508,0.3577583432197571
480,1.06204354763031,0.8036934733390808,0.5398447513580322,0.35799604654312134
481,1.0651559829711914,0.792816162109375,0.5252984166145325,0.35736510157585144
482,1.0571727752685547,0.8023326992988586,0.5707545876502991,0.35850390791893005
483,1.030582308769226,0.7845187783241272,0.571947455406189,0.3577238917350769
484,1.0261733531951904,0.7824325561523438,0.5239008665084839,0.35717442631721497
485,1.075561285018921,0.7925346493721008,0.5418789386749268,0.3570542633533478
486,1.0388978719711304,0.7912001013755798,0.5458701848983765,0.3576745092868805
487,1.0665693283081055,0.7819784879684448,0.5263653993606567,0.3561968505382538
488,1.0757561922073364,0.7853484153747559,0.546075165271759,0.35632115602493286
489,1.0473895072937012,0.8032788038253784,0.5335942506790161,0.35720378160476685
490,1.0574299097061157,0.7722066640853882,0.5014241337776184,0.35448122024536133
491,1.046265959739685,0.7808471918106079,0.5488020181655884,0.35367515683174133
492,1.0392649173736572,0.7726098299026489,0.5397719740867615,0.3526243269443512
493,1.0644571781158447,0.7793569564819336,0.5433772206306458,0.35301798582077026
494,1.069632649421692,0.7802568078041077,0.5078262686729431,0.3532506227493286
495,1.0171239376068115,0.7772535085678101,0.5629751086235046,0.3529064953327179
496,1.069453477859497,0.779981255531311,0.5535353422164917,0.3535745441913605
497,1.090177059173584,0.7708092331886292,0.5464178323745728,0.35438498854637146
498,1.0397154092788696,0.7731754779815674,0.5376439690589905,0.35346752405166626
499,1.0592910051345825,0.7717201113700867,0.5231345891952515,0.35212379693984985
500,1.0586605072021484,0.7697277665138245,0.5298516154289246,0.3525797128677368
501,1.0396944284439087,0.771567702293396,0.5307826399803162,0.35271283984184265
502,1.0562454462051392,0.782268762588501,0.544525682926178,0.3530975878238678
503,1.0380631685256958,0.7545494437217712,0.5420435070991516,0.350808322429657
504,1.0016798973083496,0.7767677307128906,0.5647106766700745,0.35211968421936035
505,1.0092872381210327,0.7971758246421814,0.5554949641227722,0.3543640077114105
506,1.0552589893341064,0.77481609582901,0.5382751822471619,0.3543049395084381
507,1.0432274341583252,0.7773970365524292,0.5551832914352417,0.35450008511543274
508,1.0324822664260864,0.7997087836265564,0.5345488786697388,0.3574356138706207
509,1.0610735416412354,0.7739824056625366,0.5446532964706421,0.3564390540122986
510,1.0415297746658325,0.779349684715271,0.57273268699646,0.35471808910369873
511,1.0529398918151855,0.7713050842285156,0.5550616979598999,0.35389190912246704
512,1.066358208656311,0.7539436221122742,0.5399961471557617,0.35354694724082947
513,1.0232709646224976,0.7656243443489075,0.5595191717147827,0.35405731201171875
514,1.0487003326416016,0.7581114768981934,0.5779051184654236,0.35213324427604675
515,1.1076403856277466,0.7736199498176575,0.5002825856208801,0.3537965416908264
516,1.0313316583633423,0.7660861015319824,0.5524418950080872,0.3518184423446655
517,1.0347684621810913,0.7603898644447327,0.5654208064079285,0.35101768374443054
518,1.007764458656311,0.7651841640472412,0.582575261592865,0.3504323959350586
519,1.0623286962509155,0.7767822742462158,0.5396896004676819,0.3505791425704956
520,1.103722095489502,0.7757567167282104,0.5247005820274353,0.34964519739151
521,1.0325305461883545,0.7711727619171143,0.5610792636871338,0.3481887876987457
522,1.080304503440857,0.7525277733802795,0.5134044289588928,0.3461751937866211
523,1.0202577114105225,0.77403724193573,0.5615867972373962,0.34814536571502686
524,1.047432541847229,0.7632281184196472,0.5111512541770935,0.34597620368003845
525,1.0391522645950317,0.7806714177131653,0.5742488503456116,0.34747686982154846
526,1.0332393646240234,0.795364260673523,0.5517979860305786,0.349166601896286
527,1.022884726524353,0.7782421112060547,0.5457176566123962,0.3489057421684265
528,1.0249314308166504,0.761578381061554,0.5561553239822388,0.34782204031944275
529,1.018792986869812,0.7652231454849243,0.5161740183830261,0.3473544716835022
530,1.0370721817016602,0.7731548547744751,0.564754068851471,0.3496687114238739
531,1.033054232597351,0.7631527185440063,0.5287627577781677,0.34920579195022583
532,0.9896270632743835,0.7778717875480652,0.5711632370948792,0.34984293580055237
533,1.0242538452148438,0.7667786478996277,0.560114860534668,0.3487037718296051
534,1.037146806716919,0.7676814794540405,0.5559636354446411,0.3487716019153595
535,1.0566970109939575,0.7780922055244446,0.5908575654029846,0.3494718074798584
536,1.0481489896774292,0.7593225836753845,0.5299203991889954,0.3478570282459259
537,1.0657215118408203,0.7648839950561523,0.557792067527771,0.3483307957649231
538,1.0234665870666504,0.7767922282218933,0.5607369542121887,0.350551962852478
539,0.980131983757019,0.7699190974235535,0.5670886635780334,0.3508208394050598
540,1.0383518934249878,0.7594464421272278,0.5310935974121094,0.34911587834358215
541,1.08797287940979,0.7455830574035645,0.542687714099884,0.3490464985370636
542,1.0341182947158813,0.7418378591537476,0.5671956539154053,0.34964776039123535
543,1.0153876543045044,0.7735150456428528,0.5526750683784485,0.3517378568649292
544,1.0253335237503052,0.7770864367485046,0.5658239722251892,0.35090962052345276
545,1.0260344743728638,0.7763745784759521,0.5742522478103638,0.35065022110939026
546,1.0241295099258423,0.7712951302528381,0.5505574345588684,0.3505004048347473
547,1.0304656028747559,0.7813509106636047,0.5570300221443176,0.3519009053707123
548,1.0559005737304688,0.7758082151412964,0.5480127334594727,0.3503366708755493
549,1.0176312923431396,0.7588003277778625,0.559527575969696,0.3502105176448822
550,1.020771861076355,0.7620841860771179,0.5622479915618896,0.3493957221508026
551,1.0325207710266113,0.7655746936798096,0.5519315004348755,0.34801000356674194
552,1.056342363357544,0.753038763999939,0.5448004603385925,0.3472460210323334
553,1.0160735845565796,0.7601467370986938,0.5702269673347473,0.34935566782951355
554,1.0188705921173096,0.7673975229263306,0.5898019075393677,0.35041263699531555
555,1.057744026184082,0.7536882758140564,0.5582976937294006,0.3496862053871155
556,1.0468552112579346,0.7527479529380798,0.5807475447654724,0.34985339641571045
557,1.0293101072311401,0.7545742392539978,0.5566863417625427,0.34862083196640015
558,1.030219554901123,0.7611371278762817,0.5596013069152832,0.34909793734550476
559,1.031318187713623,0.7684136629104614,0.5790212154388428,0.3503948748111725
560,1.0682896375656128,0.7725639939308167,0.543929934501648,0.349075049161911
561,1.045218825340271,0.7731261253356934,0.5800610780715942,0.34968748688697815
562,1.0412598848342896,0.7761914134025574,0.5519900321960449,0.34840741753578186
563,1.0502231121063232,0.7850608825683594,0.5655206441879272,0.3488394618034363
564,0.9893955588340759,0.759619414806366,0.5675487518310547,0.34888598322868347
565,0.993046760559082,0.7590794563293457,0.5734840631484985,0.34843167662620544
566,1.0257617235183716,0.7677587866783142,0.5604852437973022,0.3485587537288666
567,1.0446641445159912,0.7586250901222229,0.5322109460830688,0.34816429018974304
568,1.0383352041244507,0.7701268196105957,0.5589987635612488,0.34898102283477783
569,0.9921935796737671,0.750200092792511,0.5707615613937378,0.34843945503234863
570,0.9993076920509338,0.7602347731590271,0.5645936131477356,0.34865522384643555
571,1.0257811546325684,0.7608008980751038,0.5406320095062256,0.3491211235523224
572,1.0344916582107544,0.7578487992286682,0.5648987889289856,0.3484175205230713
573,1.010909080505371,0.7722671627998352,0.5721513032913208,0.34951040148735046
574,1.0629342794418335,0.7658553123474121,0.539391815662384,0.3486727476119995
575,1.0268452167510986,0.7619723081588745,0.5958510637283325,0.3491823375225067
576,1.013332724571228,0.7540320158004761,0.56810462474823,0.34845420718193054
577,1.0102384090423584,0.7596479058265686,0.5971893668174744,0.3482934236526489
578,1.0073844194412231,0.7598719596862793,0.5597949028015137,0.3460405170917511
579,1.0130155086517334,0.7648212909698486,0.584037721157074,0.34571072459220886
580,1.0253322124481201,0.762773871421814,0.5647962093353271,0.34605565667152405
581,1.017769455909729,0.7669780254364014,0.5738248229026794,0.34752145409584045
582,1.022513747215271,0.7581276893615723,0.5936375856399536,0.34687674045562744
583,1.0296515226364136,0.7670429944992065,0.5755998492240906,0.3457898795604706
584,1.016764760017395,0.7586392164230347,0.5656479001045227,0.3462163805961609
585,1.035509705543518,0.769228994846344,0.562996506690979,0.34752610325813293
586,1.0164811611175537,0.7595300078392029,0.576883852481842,0.34819766879081726
587,1.0323532819747925,0.736160397529602,0.530491292476654,0.3472038507461548
588,1.0215445756912231,0.7546782493591309,0.5867959260940552,0.34908950328826904
589,1.0354437828063965,0.7674433588981628,0.5733038187026978,0.35131627321243286
590,1.0159143209457397,0.7434166073799133,0.5702804923057556,0.34980225563049316
591,0.9850752353668213,0.7510973215103149,0.588684618473053,0.34877121448516846
592,0.9911705255508423,0.7624889612197876,0.5996111035346985,0.349716454744339
593,1.0250211954116821,0.7580089569091797,0.5620242357254028,0.3499488830566406
594,1.033509612083435,0.7709318995475769,0.5655640363693237,0.3507794439792633
595,1.0237561464309692,0.7690505981445312,0.5843855738639832,0.3506450951099396
596,1.0190662145614624,0.7617725729942322,0.5700206756591797,0.3491499423980713
597,1.0140050649642944,0.7596465349197388,0.6014888286590576,0.34888768196105957
598,1.0472955703735352,0.7593709230422974,0.5478823781013489,0.3491297960281372
599,1.0212268829345703,0.7475882768630981,0.6036027073860168,0.3488099277019501
600,1.0272759199142456,0.7611396908760071,0.600400984287262,0.3490578532218933
601,1.0183396339416504,0.7576993107795715,0.5657193660736084,0.34890493750572205
602,1.0130743980407715,0.7582500576972961,0.5546201467514038,0.3479243218898773
603,1.0012682676315308,0.7562714219093323,0.5704552531242371,0.34745827317237854
604,0.9918619990348816,0.7568466067314148,0.5744927525520325,0.3469012379646301
605,1.0152742862701416,0.7588515877723694,0.5892002582550049,0.34634801745414734
606,1.0346946716308594,0.7662354707717896,0.5646631717681885,0.3477739989757538
607,1.0085190534591675,0.7531776428222656,0.5945587158203125,0.34668847918510437
608,1.0101114511489868,0.7605841755867004,0.5720240473747253,0.3466848134994507
609,1.028198003768921,0.7432843446731567,0.576321542263031,0.3468570411205292
610,1.014142394065857,0.7591182589530945,0.5938600301742554,0.3482713997364044
611,1.026937484741211,0.7562853097915649,0.5773698091506958,0.3479262888431549
612,1.0375134944915771,0.75246262550354,0.5644528269767761,0.34657618403434753
613,1.022818684577942,0.749036967754364,0.5934749245643616,0.34721609950065613
614,1.0354931354522705,0.7627225518226624,0.576130211353302,0.35010555386543274
615,1.0007275342941284,0.757165253162384,0.5840446352958679,0.3489522337913513
616,1.0708433389663696,0.7499311566352844,0.5709502100944519,0.34839504957199097
617,0.998160719871521,0.7584786415100098,0.5816004276275635,0.3479597270488739
618,1.0124939680099487,0.7510318756103516,0.5706191658973694,0.34758949279785156
619,1.0569512844085693,0.7530792951583862,0.5799384713172913,0.3485915958881378
620,0.9888845682144165,0.7577452659606934,0.5768198370933533,0.3475007116794586
621,1.0509556531906128,0.73912513256073,0.5690281987190247,0.3470748960971832
622,1.0024266242980957,0.7446615695953369,0.5763235092163086,0.34695035219192505
623,1.0291576385498047,0.74671471118927,0.5673412084579468,0.3488521873950958
624,1.0387165546417236,0.750896692276001,0.5640603303909302,0.34885796904563904
625,1.0576024055480957,0.7458488941192627,0.5405718088150024,0.34530386328697205
626,1.0111488103866577,0.7481319904327393,0.5954466462135315,0.34582704305648804
627,1.0274170637130737,0.7581539154052734,0.5863153338432312,0.34714046120643616
628,1.005982756614685,0.7611507773399353,0.5954974889755249,0.3479548990726471
629,1.0020084381103516,0.7430205941200256,0.5882697701454163,0.3451266884803772
630,1.0216950178146362,0.7535425424575806,0.5796473622322083,0.34594854712486267
631,0.999181866645813,0.7567630410194397,0.5809419751167297,0.346430242061615
632,1.035764217376709,0.7356815934181213,0.564121425151825,0.344929039478302
633,1.0026220083236694,0.7471601366996765,0.5763317346572876,0.34596508741378784
634,0.9733433723449707,0.7579935789108276,0.606032133102417,0.34729644656181335
635,1.0092403888702393,0.7525303959846497,0.5913872122764587,0.34717729687690735
636,1.006722331047058,0.7438480257987976,0.5793927907943726,0.34781011939048767
637,1.0405874252319336,0.7508947253227234,0.5379963517189026,0.3482339084148407
638,1.0493547916412354,0.7546438574790955,0.5647976398468018,0.34873467683792114
639,1.0267475843429565,0.7494295835494995,0.5972980856895447,0.3486877977848053
640,1.0017324686050415,0.7553641200065613,0.5680450201034546,0.34976133704185486
641,1.0329616069793701,0.7453861832618713,0.5906803607940674,0.3501516580581665
642,1.0388120412826538,0.7417888641357422,0.576897382736206,0.3509102165699005
643,1.0463134050369263,0.7256820797920227,0.5292534828186035,0.35113710165023804
644,1.0514217615127563,0.7503955364227295,0.5617126822471619,0.3545370399951935
645,1.012692928314209,0.7509711384773254,0.5854244232177734,0.3557035028934479
646,0.9800235033035278,0.7490221261978149,0.6072975397109985,0.3517972230911255
647,1.015063762664795,0.7606083154678345,0.5513738393783569,0.35224440693855286
648,1.0286442041397095,0.7546446919441223,0.5889697074890137,0.3521615266799927
649,1.012799859046936,0.748824417591095,0.5840532183647156,0.35157594084739685
650,1.0232408046722412,0.7408398389816284,0.5762507915496826,0.35191890597343445
651,0.9909640550613403,0.7492934465408325,0.5648335814476013,0.352129191160202
652,1.0320496559143066,0.7539148926734924,0.5634461641311646,0.3517696261405945
653,1.0067230463027954,0.7472670078277588,0.5709014534950256,0.3533198833465576
654,0.9841012954711914,0.7464630603790283,0.5929448008537292,0.35290753841400146
655,0.9751286506652832,0.7538475394248962,0.5903087258338928,0.3532368242740631
656,1.0136218070983887,0.7527033090591431,0.5933259129524231,0.3537743389606476
657,1.0581367015838623,0.759641170501709,0.5791677236557007,0.35272762179374695
658,1.024343490600586,0.744752049446106,0.5581379532814026,0.35343876481056213
659,0.9993055462837219,0.7588456869125366,0.6026296615600586,0.35614991188049316
660,0.9807865619659424,0.7522578835487366,0.5842556357383728,0.3562970757484436
661,0.9698585867881775,0.740014374256134,0.609490692615509,0.3541151285171509
662,1.0007158517837524,0.732880711555481,0.5854165554046631,0.35216769576072693
663,1.0466879606246948,0.7487356662750244,0.5613347887992859,0.35307446122169495
664,1.0061877965927124,0.7453546524047852,0.5932121276855469,0.3537471294403076
665,1.0248171091079712,0.7443411350250244,0.5547094345092773,0.35476037859916687
666,1.0165642499923706,0.754063606262207,0.5768962502479553,0.3545629382133484
667,1.0214405059814453,0.7540856599807739,0.592324435710907,0.3549596667289734
668,1.0003808736801147,0.747967541217804,0.5944491028785706,0.3553500771522522
669,1.0212199687957764,0.7356986999511719,0.5606769919395447,0.3533336818218231
670,0.9982810616493225,0.7443845272064209,0.5947881937026978,0.35463032126426697
671,1.0142490863800049,0.7515368461608887,0.5946435332298279,0.35412999987602234
672,0.9637482762336731,0.7523928284645081,0.5766164064407349,0.3519402742385864
673,0.9802322387695312,0.7672306299209595,0.613491952419281,0.3538092076778412
674,0.9852979779243469,0.7702847123146057,0.5932583212852478,0.35548946261405945
675,1.0248569250106812,0.7479086518287659,0.5668870806694031,0.35349035263061523
676,1.0057429075241089,0.7422940731048584,0.5634459853172302,0.3524061441421509
677,1.0179429054260254,0.7527136206626892,0.6014772057533264,0.35366472601890564
678,0.9654789566993713,0.7351565361022949,0.6188246607780457,0.353128045797348
679,1.0101021528244019,0.7362327575683594,0.5825216770172119,0.35429510474205017
680,1.0070781707763672,0.7404122352600098,0.5939509272575378,0.35421499609947205
681,1.0345243215560913,0.7402090430259705,0.5550280809402466,0.3540950119495392
682,1.0180249214172363,0.7323221564292908,0.5671315789222717,0.3543846309185028
683,0.9774912595748901,0.729478657245636,0.5744386911392212,0.3527325987815857
684,0.9766597151756287,0.7359008193016052,0.5907221436500549,0.3522757291793823
685,0.9908912777900696,0.744346022605896,0.5889869332313538,0.3532648980617523
686,0.995324432849884,0.7530620098114014,0.6052868962287903,0.354822039604187
687,0.9912327527999878,0.7445901036262512,0.618969738483429,0.3549588620662689
688,0.9728896021842957,0.7348648309707642,0.6216762065887451,0.3536151647567749
689,1.016152262687683,0.7312565445899963,0.5836033225059509,0.3524205684661865
690,0.9880824685096741,0.7431848049163818,0.6302570104598999,0.35366135835647583
691,1.0079021453857422,0.7359201312065125,0.5787357091903687,0.3540174663066864
692,0.9920369386672974,0.744870662689209,0.5868304967880249,0.35463443398475647
693,0.9913630485534668,0.7374197244644165,0.5899045467376709,0.35541975498199463
694,0.9869654774665833,0.7349238395690918,0.5758132934570312,0.3551670014858246
695,0.9832420349121094,0.7348491549491882,0.5839517116546631,0.3552519381046295
696,0.9812695384025574,0.7455568909645081,0.5958359837532043,0.3556433618068695
697,1.03861665725708,0.7324337363243103,0.5923738479614258,0.3542667329311371
698,1.0158931016921997,0.7398014664649963,0.5758047699928284,0.3558152914047241
699,0.9875097274780273,0.7370800971984863,0.607941746711731,0.35539984703063965
700,1.0285576581954956,0.7370094060897827,0.5807079076766968,0.3553527295589447
701,0.9808384776115417,0.7251282334327698,0.6142527461051941,0.35526129603385925
702,0.9904179573059082,0.7414602637290955,0.6164748072624207,0.35740944743156433
703,0.9961841106414795,0.7255463004112244,0.6048523187637329,0.35652756690979004
704,1.040586233139038,0.7181713581085205,0.5485984683036804,0.3562316596508026
705,1.0163472890853882,0.7288990020751953,0.5916932225227356,0.3574763536453247
706,1.027610421180725,0.7283793687820435,0.5844405889511108,0.3586224317550659
707,1.0099501609802246,0.7336300015449524,0.598687469959259,0.3583267331123352
708,1.034726858139038,0.7333029508590698,0.580830991268158,0.35879501700401306
709,1.0048428773880005,0.7266792058944702,0.5701963901519775,0.35938552021980286
710,0.9954767227172852,0.7318060994148254,0.5800246000289917,0.35831254720687866
711,1.013397216796875,0.7350492477416992,0.6056064367294312,0.35857465863227844
712,0.9930526614189148,0.7317217588424683,0.6046606302261353,0.3582953214645386
713,0.9983387589454651,0.7322176098823547,0.6029408574104309,0.3584393560886383
714,1.001971960067749,0.7290731072425842,0.606332540512085,0.3584936857223511
715,1.0012558698654175,0.7318623661994934,0.6049940586090088,0.3576242923736572
716,1.0287270545959473,0.7333149909973145,0.6049739718437195,0.3579232692718506
717,1.021240472793579,0.7557352185249329,0.5908856987953186,0.3606569766998291
718,0.9999217391014099,0.7412458658218384,0.5872071385383606,0.35934099555015564
719,0.9796295166015625,0.7346116900444031,0.5956435203552246,0.3593679666519165
720,1.0078232288360596,0.7445209622383118,0.6265489459037781,0.36138248443603516
721,1.0136505365371704,0.7236485481262207,0.5441182851791382,0.36097487807273865
722,0.9956750869750977,0.7243486046791077,0.5921393632888794,0.3610260784626007
723,0.997952401638031,0.7321822643280029,0.5970826148986816,0.36196744441986084
724,0.9965188503265381,0.7285363078117371,0.5999440550804138,0.36315950751304626
725,0.9977895021438599,0.7232467532157898,0.5971768498420715,0.3650299608707428
726,1.0203800201416016,0.7185317873954773,0.5926310420036316,0.3644738495349884
727,0.9768438339233398,0.7248522639274597,0.6216294169425964,0.36446207761764526
728,0.9910913109779358,0.7319083213806152,0.5954386591911316,0.3629615902900696
729,0.9892697334289551,0.7347209453582764,0.5824458003044128,0.3627123534679413
730,1.0166171789169312,0.7387128472328186,0.5864149928092957,0.3631689250469208
731,0.9966217279434204,0.749801754951477,0.5972803831100464,0.36243030428886414
732,0.9748038053512573,0.7409090995788574,0.5871973037719727,0.36181190609931946
733,1.0205177068710327,0.7334191799163818,0.5940877795219421,0.3610146641731262
734,1.0011301040649414,0.7424910664558411,0.6074772477149963,0.3634408414363861
735,0.9885109066963196,0.7328827977180481,0.6091929078102112,0.3598428964614868
736,1.013875126838684,0.7280750870704651,0.5640559792518616,0.3595519959926605
737,0.9692803621292114,0.7278338074684143,0.6134934425354004,0.35884803533554077
738,0.9977128505706787,0.7308226823806763,0.5929374694824219,0.35821232199668884
739,0.9860231280326843,0.7406815886497498,0.6295309662818909,0.35798436403274536
740,0.9863200783729553,0.7222293019294739,0.6064221858978271,0.3560197055339813
741,0.9829086661338806,0.7352008819580078,0.615321695804596,0.35731199383735657
742,1.0032215118408203,0.7338374853134155,0.5949816703796387,0.35654914379119873
743,1.0052367448806763,0.7206018567085266,0.5609449744224548,0.35599464178085327
744,1.0323370695114136,0.7341747283935547,0.6394222974777222,0.3547264337539673
745,1.0362881422042847,0.7441583871841431,0.5910133719444275,0.3541972041130066
746,1.0173064470291138,0.7320861220359802,0.5846351385116577,0.35339096188545227
747,1.025728464126587,0.7199410796165466,0.590358316898346,0.35307562351226807
748,1.0173585414886475,0.732291579246521,0.5876876711845398,0.3551008999347687
749,0.9846994280815125,0.7232833504676819,0.5617353916168213,0.35370779037475586
750,1.0029401779174805,0.7361931800842285,0.5945119857788086,0.3547879457473755
751,1.0404316186904907,0.7372137904167175,0.5731445550918579,0.35409674048423767
752,0.9865429401397705,0.7318320274353027,0.6171970367431641,0.35476723313331604
753,0.9424925446510315,0.7313606142997742,0.5939382910728455,0.3531218469142914
754,0.9974203705787659,0.7434840202331543,0.6123908162117004,0.3549133539199829
755,0.9731116890907288,0.7304609417915344,0.5957475304603577,0.35492628812789917
756,1.0007268190383911,0.7272204160690308,0.6191995739936829,0.3558775782585144
757,1.0205549001693726,0.7294958233833313,0.5814553499221802,0.35596829652786255
758,1.0153720378875732,0.7312199473381042,0.5722348093986511,0.3575810194015503
759,1.0279994010925293,0.730577826499939,0.573560357093811,0.35807809233665466
760,1.0115206241607666,0.7292720079421997,0.6057391166687012,0.3588099181652069
761,0.9738914370536804,0.7325865626335144,0.5973991751670837,0.3610840439796448
762,0.9603555202484131,0.7312897443771362,0.6131302118301392,0.36127468943595886
763,0.9954014420509338,0.734032392501831,0.6077203154563904,0.3625727891921997
764,0.9687079191207886,0.73978191614151,0.5951018929481506,0.3630267083644867
765,1.0116450786590576,0.7401584386825562,0.6120873689651489,0.3631337881088257
766,0.9809353947639465,0.7267506122589111,0.6211024522781372,0.36328640580177307
767,0.9778624176979065,0.7272693514823914,0.595438539981842,0.3627944886684418
768,0.9895893931388855,0.7270300984382629,0.566158652305603,0.3647982180118561
769,1.011665940284729,0.7267550826072693,0.6007568836212158,0.36440685391426086
770,0.9976629614830017,0.7179961204528809,0.6134008169174194,0.3640514314174652
771,1.000893473625183,0.721943736076355,0.5895501375198364,0.3626900017261505
772,0.9883338809013367,0.7269653677940369,0.6089167594909668,0.3623390197753906
773,0.997309684753418,0.7264228463172913,0.6164015531539917,0.36155965924263
774,0.9614220857620239,0.7271106243133545,0.6077337265014648,0.36231109499931335
775,0.994047224521637,0.7351550459861755,0.5954381227493286,0.3636578917503357
776,0.9896707534790039,0.7364039421081543,0.5671728849411011,0.3610627353191376
777,0.9971376061439514,0.7371402382850647,0.6122167110443115,0.3609483540058136
778,0.997381865978241,0.7343958020210266,0.5752038955688477,0.3587590754032135
779,0.9758067727088928,0.7318522930145264,0.617552638053894,0.3568366467952728
780,0.9720287919044495,0.7380750179290771,0.6044721007347107,0.35660579800605774
781,0.977519690990448,0.7289236187934875,0.6084299087524414,0.3584502041339874
782,0.9551154971122742,0.7384248971939087,0.6482730507850647,0.3578284680843353
783,0.98002690076828,0.7434350252151489,0.6214945316314697,0.35903510451316833
784,1.0252383947372437,0.7354446053504944,0.5843242406845093,0.35680654644966125
785,0.990253746509552,0.730286717414856,0.5885269045829773,0.3561064302921295
786,1.0149248838424683,0.7287654876708984,0.5866177678108215,0.3559635877609253
787,1.007078766822815,0.7291582226753235,0.5971214771270752,0.35540592670440674
788,0.9923449754714966,0.7296428680419922,0.6188133358955383,0.3562222719192505
789,0.980059027671814,0.7362428307533264,0.6184039115905762,0.3568718433380127
790,0.9895271062850952,0.7386048436164856,0.5918030142784119,0.35838568210601807
791,1.0002095699310303,0.7326470613479614,0.604276180267334,0.35954394936561584
792,1.006864309310913,0.7265923619270325,0.5731837153434753,0.3587453365325928
793,0.9467341899871826,0.7282159924507141,0.6105520725250244,0.35925260186195374
794,1.0154213905334473,0.7289326786994934,0.5882381796836853,0.35971948504447937
795,0.9867544770240784,0.7284712195396423,0.6234841346740723,0.3601987659931183
796,1.0021475553512573,0.7355272769927979,0.6246767044067383,0.35978007316589355
797,1.015281319618225,0.7270378470420837,0.5915659070014954,0.35963472723960876
798,1.0269666910171509,0.7309532761573792,0.6031476259231567,0.359213650226593
799,0.9969437718391418,0.7371946573257446,0.6021994352340698,0.3612126410007477
800,1.0093472003936768,0.7283316254615784,0.5985068082809448,0.36012598872184753
801,1.002881646156311,0.7329018712043762,0.5624884366989136,0.3599562644958496
802,0.9835734963417053,0.7306410074234009,0.5874488353729248,0.35928866267204285
803,0.9962290525436401,0.7217943668365479,0.6047291159629822,0.35835257172584534
804,1.0057817697525024,0.7289547324180603,0.596337616443634,0.35847052931785583
805,0.9767583012580872,0.7229074239730835,0.5831515192985535,0.3578839600086212
806,0.985468327999115,0.7208287715911865,0.5897406339645386,0.35775113105773926
807,0.9930676221847534,0.7292336821556091,0.6178908944129944,0.3590233325958252
808,0.9916691184043884,0.7260134816169739,0.6183215379714966,0.35849592089653015
809,1.0025763511657715,0.7298479676246643,0.6072781682014465,0.358011394739151
810,0.96158367395401,0.7254408001899719,0.5990308523178101,0.3578769564628601
811,0.9829655885696411,0.7215167880058289,0.6198622584342957,0.35455942153930664
812,0.960537850856781,0.7265814542770386,0.6333823800086975,0.3557788133621216
813,1.010353684425354,0.7307006120681763,0.6132411360740662,0.3560974895954132
814,0.9782530665397644,0.7282418608665466,0.6103729605674744,0.35729366540908813
815,0.9447880983352661,0.7299278378486633,0.6355755925178528,0.35586047172546387
816,1.0016534328460693,0.7379688024520874,0.5980299115180969,0.3571935296058655
817,1.0035407543182373,0.7303600311279297,0.6192248463630676,0.3584483861923218
818,0.9896773099899292,0.721767246723175,0.5849453210830688,0.35763314366340637
819,0.9792963862419128,0.725360095500946,0.5991868376731873,0.3577180802822113
820,0.9869657754898071,0.7235293984413147,0.6026729345321655,0.3566358983516693
821,1.0398377180099487,0.7222579121589661,0.5788128972053528,0.35658302903175354
822,0.9718013405799866,0.7200334668159485,0.5977795720100403,0.3571683466434479
823,0.9899726510047913,0.7291842699050903,0.6107892990112305,0.35737064480781555
824,0.9591282606124878,0.7291498780250549,0.6207979321479797,0.3572387397289276
825,0.9664027690887451,0.7407406568527222,0.6028448939323425,0.3593338429927826
826,0.9445887804031372,0.7346040606498718,0.6223468780517578,0.35998114943504333
827,1.001477599143982,0.7340716123580933,0.6159901022911072,0.3625251352787018
828,0.973354160785675,0.7419461011886597,0.6132937669754028,0.3654780387878418
829,0.9778094291687012,0.7370328903198242,0.6268130540847778,0.3658660352230072
830,1.0183004140853882,0.7271502017974854,0.602473258972168,0.3672686815261841
831,0.9578472971916199,0.727828860282898,0.6423158049583435,0.3660276234149933
832,0.973810076713562,0.7241641283035278,0.6187226176261902,0.36466142535209656
833,0.9874285459518433,0.7182009220123291,0.5790356397628784,0.3640541732311249
834,0.975174069404602,0.7310236096382141,0.6389592289924622,0.3644660711288452
835,1.024964690208435,0.7281445860862732,0.5708823204040527,0.36370834708213806
836,0.9816178679466248,0.7167339324951172,0.597028374671936,0.36128976941108704
837,1.0072336196899414,0.7252652645111084,0.5897210836410522,0.3616762161254883
838,0.9997268915176392,0.7252845168113708,0.6134344935417175,0.36312049627304077
839,0.9911099076271057,0.7259423732757568,0.5987533926963806,0.3634764850139618
840,0.9848849773406982,0.7228188514709473,0.6142107844352722,0.3642484247684479
841,0.9958049058914185,0.7169075012207031,0.5912352204322815,0.3641919195652008
842,0.9543377757072449,0.7268171310424805,0.6137257218360901,0.36378005146980286
843,0.971110999584198,0.7260167002677917,0.622543215751648,0.3625979721546173
844,0.981876790523529,0.729614794254303,0.6028023958206177,0.36249402165412903
845,0.9612053036689758,0.72282874584198,0.5886747241020203,0.36256325244903564
846,0.9775363206863403,0.721758246421814,0.6090598702430725,0.36129939556121826
847,1.0064222812652588,0.722023606300354,0.5996760725975037,0.3605300486087799
848,1.0224617719650269,0.7283164858818054,0.5817405581474304,0.3603207767009735
849,1.029461145401001,0.7198280096054077,0.5576571226119995,0.3603692650794983
850,0.9688863754272461,0.7189914584159851,0.6437482833862305,0.3596629500389099
851,0.9701272249221802,0.7206090688705444,0.6092758178710938,0.35818344354629517
852,1.004273772239685,0.7135216593742371,0.6025013327598572,0.35756802558898926
853,0.9741291999816895,0.7278827428817749,0.6280335783958435,0.3588034212589264
854,0.9632405042648315,0.7290455102920532,0.6036214828491211,0.35999739170074463
855,0.9816494584083557,0.7239236831665039,0.6169710159301758,0.3593044877052307
856,0.9738026857376099,0.7142953872680664,0.6125686764717102,0.3588201403617859
857,0.9943127036094666,0.7237344980239868,0.6013234853744507,0.3592197895050049
858,0.9450058341026306,0.721123218536377,0.6264861822128296,0.3588850796222687
859,0.964299201965332,0.7213643789291382,0.6076582670211792,0.35769736766815186
860,0.995457649230957,0.7178617119789124,0.5954245328903198,0.3572954535484314
861,0.9792929291725159,0.726439893245697,0.617363691329956,0.35769087076187134
862,0.9811384677886963,0.7253284454345703,0.5815891623497009,0.35691940784454346
863,0.9257409572601318,0.7295325994491577,0.6286519169807434,0.35723909735679626
864,0.9612526297569275,0.7224792838096619,0.6209138035774231,0.3584348261356354
865,1.0087403059005737,0.7237071394920349,0.6099789142608643,0.35733169317245483
866,0.9521579146385193,0.7189477682113647,0.577659010887146,0.3578588664531708
867,0.9931239485740662,0.7236654758453369,0.617543637752533,0.359772652387619
868,0.988509476184845,0.714927613735199,0.6154072284698486,0.35985538363456726
869,0.9913450479507446,0.711759090423584,0.5813049674034119,0.35938355326652527
870,0.9742370247840881,0.7198368310928345,0.5945639610290527,0.3588618338108063
871,0.9864086508750916,0.7220689654350281,0.609704852104187,0.35685181617736816
872,0.9966145157814026,0.7223073840141296,0.6079351305961609,0.3554748594760895
873,0.9751432538032532,0.7213534712791443,0.6274834275245667,0.35498952865600586
874,0.9866587519645691,0.7255528569221497,0.5924496650695801,0.3558679521083832
875,1.0459527969360352,0.7227808237075806,0.564283549785614,0.3550594747066498
876,1.0259760618209839,0.7244474291801453,0.5972926020622253,0.35532572865486145
877,1.0065947771072388,0.7273898124694824,0.5775049924850464,0.356089323759079
878,0.9859755039215088,0.7260856628417969,0.5974342823028564,0.3560951054096222
879,0.9957783818244934,0.7251595854759216,0.6076322793960571,0.35569527745246887
880,0.9561120867729187,0.7254279851913452,0.643987238407135,0.35658636689186096
881,0.9530815482139587,0.7216360569000244,0.6281652450561523,0.356579065322876
882,1.0008735656738281,0.7211700081825256,0.6230799555778503,0.35550668835639954
883,1.0179795026779175,0.7297264337539673,0.5781480073928833,0.357254296541214
884,0.9934064149856567,0.7243927717208862,0.5813243389129639,0.35687074065208435
885,0.9746477007865906,0.7165283560752869,0.6109665632247925,0.35579437017440796
886,0.9622265696525574,0.7155084609985352,0.6302193999290466,0.3555481433868408
887,1.0035210847854614,0.7232321500778198,0.6002206206321716,0.35669800639152527
888,0.9594544768333435,0.7227672934532166,0.6417175531387329,0.35834044218063354
889,1.003418207168579,0.7163662910461426,0.5573530197143555,0.3587213456630707
890,0.9967020750045776,0.7173014283180237,0.6153819561004639,0.3591044843196869
891,0.9851809740066528,0.7204557061195374,0.6200336813926697,0.36041995882987976
892,1.0036722421646118,0.7171552777290344,0.5925889611244202,0.35999560356140137
893,0.9737566709518433,0.7265595197677612,0.602105438709259,0.3593619763851166
894,0.958204984664917,0.7153618335723877,0.6179112195968628,0.3601092994213104
895,0.9624163508415222,0.7262187600135803,0.6260290145874023,0.3616345226764679
896,1.0101683139801025,0.7179526090621948,0.6150076985359192,0.36219120025634766
897,0.9844833612442017,0.7103884816169739,0.5888358950614929,0.3610180616378784
898,0.9615623354911804,0.710760235786438,0.6382965445518494,0.3616984784603119
899,0.9841254949569702,0.7194951176643372,0.6174201965332031,0.3627403974533081
900,0.9966186881065369,0.7277649641036987,0.6188135743141174,0.3641054034233093
901,0.9878072738647461,0.7257900834083557,0.6049890518188477,0.3622744381427765
902,0.9814625382423401,0.727832555770874,0.6244758367538452,0.3636956214904785
903,0.9583372473716736,0.7108156681060791,0.6373897194862366,0.3621807098388672
904,0.9998764395713806,0.7134639620780945,0.620800793170929,0.3610247075557709
905,0.9826966524124146,0.724591851234436,0.5988842248916626,0.35937371850013733
906,0.9873281717300415,0.7253499627113342,0.6011139750480652,0.35903435945510864
907,0.9742953181266785,0.7216417789459229,0.615523099899292,0.3581341803073883
908,0.9829660058021545,0.7084833383560181,0.5884368419647217,0.35690078139305115
909,0.9761311411857605,0.7078472375869751,0.6109683513641357,0.35667967796325684
910,0.9715484380722046,0.7178764939308167,0.6180831789970398,0.35886746644973755
911,0.972153902053833,0.7291621565818787,0.6138274669647217,0.3592959940433502
912,1.0388740301132202,0.7250735759735107,0.5994186997413635,0.3608352839946747
913,0.988316535949707,0.725202739238739,0.6001898050308228,0.3642062842845917
914,0.9949225187301636,0.7240074276924133,0.5989348888397217,0.36348196864128113
915,0.9685099720954895,0.7114294171333313,0.5846707820892334,0.362692654132843
916,0.9800680875778198,0.7248786687850952,0.6105288863182068,0.3647134602069855
917,1.0081135034561157,0.7171216607093811,0.6109857559204102,0.36316877603530884
918,0.9805329442024231,0.7178979516029358,0.5946657657623291,0.3632347583770752
919,0.960976243019104,0.7114797830581665,0.6048544645309448,0.36168229579925537
920,0.9680113196372986,0.7172155380249023,0.6225976943969727,0.36118200421333313
921,0.9622534513473511,0.7288195490837097,0.6382304430007935,0.3595733344554901
922,0.9800942540168762,0.7272543907165527,0.6130720376968384,0.3603363037109375
923,0.9941306710243225,0.7252324819564819,0.6050499081611633,0.3589271605014801
924,0.992152214050293,0.7238244414329529,0.6315327882766724,0.3580925166606903
925,0.9600775241851807,0.7256923913955688,0.6354836821556091,0.35801342129707336
926,0.9804849624633789,0.7248741984367371,0.6223350167274475,0.35814449191093445
927,0.9389167428016663,0.7314131259918213,0.6437258720397949,0.35911667346954346
928,1.000106692314148,0.7239729762077332,0.5987775325775146,0.3588726222515106
929,0.9643265008926392,0.7269516587257385,0.6229474544525146,0.36090874671936035
930,0.9863584637641907,0.7228457927703857,0.6302581429481506,0.36225399374961853
931,0.9511750936508179,0.7131202220916748,0.6165480613708496,0.36196261644363403
932,0.9799591302871704,0.7178792953491211,0.6105026602745056,0.36294928193092346
933,0.9910477995872498,0.7091193199157715,0.5987692475318909,0.3617202639579773
934,0.9519545435905457,0.7313292622566223,0.6378554701805115,0.36333316564559937
935,1.0061997175216675,0.7249981164932251,0.6147422790527344,0.364031046628952
936,0.9687527418136597,0.7205705642700195,0.6391243934631348,0.3630940318107605
937,0.9559363126754761,0.7161175012588501,0.6354584097862244,0.3640947937965393
938,0.9415028691291809,0.7055571675300598,0.6381354928016663,0.36343416571617126
939,0.9804266691207886,0.7187114357948303,0.6172537207603455,0.36472073197364807
940,0.9735834002494812,0.7253870964050293,0.5929897427558899,0.36474329233169556
941,0.979965329170227,0.7208609580993652,0.6320032477378845,0.36568576097488403
942,0.9919762015342712,0.7218456268310547,0.6154600977897644,0.36577308177948
943,0.9768235683441162,0.7111905813217163,0.6127435564994812,0.3648194670677185
944,0.9884846806526184,0.7106156945228577,0.6062902808189392,0.36470508575439453
945,1.0064934492111206,0.712699294090271,0.5947670936584473,0.3656454086303711
946,0.9766814112663269,0.7136808633804321,0.6141954064369202,0.366152822971344
947,0.9649736285209656,0.716424822807312,0.6290121674537659,0.36718258261680603
948,0.9642724394798279,0.7132636904716492,0.6251013875007629,0.3666425347328186
949,0.9727824330329895,0.715395450592041,0.625524640083313,0.36490845680236816
950,0.952610969543457,0.7153134346008301,0.6167898178100586,0.36506417393684387
951,0.9862889051437378,0.7147679328918457,0.6209761500358582,0.36624640226364136
952,0.9646328687667847,0.7220039963722229,0.6164538860321045,0.3666583299636841
953,0.9559584259986877,0.7245854139328003,0.6396170854568481,0.36626940965652466
954,0.9803622364997864,0.7243849039077759,0.6097150444984436,0.36510133743286133
955,0.9749799966812134,0.7139820456504822,0.6150888204574585,0.3641568720340729
956,0.9529260396957397,0.7232264280319214,0.6348949074745178,0.364657998085022
957,0.9642500281333923,0.7132264375686646,0.609335720539093,0.36519235372543335
958,0.9719076752662659,0.7128741145133972,0.5876294374465942,0.3648359477519989
959,0.9790624976158142,0.7213709950447083,0.6003132462501526,0.36431458592414856
960,0.9323827028274536,0.7204378843307495,0.6272521018981934,0.3630352020263672
961,0.9626771807670593,0.717828631401062,0.6528720259666443,0.3630705177783966
962,1.0202480554580688,0.7176999449729919,0.5887747406959534,0.36249083280563354
963,0.9660650491714478,0.7212768197059631,0.6219802498817444,0.36363378167152405
964,0.9768916368484497,0.7113142013549805,0.5822228789329529,0.3617996573448181
965,0.9625648260116577,0.7140833735466003,0.6541396379470825,0.36352092027664185
966,0.9781567454338074,0.7146191596984863,0.6100723147392273,0.36389148235321045
967,0.950515866279602,0.7173030376434326,0.6399843692779541,0.3632145822048187
968,0.9565385580062866,0.7097831964492798,0.6209806203842163,0.36198270320892334
969,0.9451746940612793,0.7125511765480042,0.5994570255279541,0.36120691895484924
970,0.9511271715164185,0.7145885825157166,0.6483937501907349,0.3622308671474457
971,0.9630531072616577,0.7183641195297241,0.6168256998062134,0.3627435266971588
972,0.9831451177597046,0.71277916431427,0.5996165871620178,0.3625659942626953
973,0.9647191166877747,0.7069609761238098,0.616234540939331,0.36222657561302185
974,0.9689404368400574,0.718986451625824,0.6513400673866272,0.36347243189811707
975,0.9701293706893921,0.7101872563362122,0.6031874418258667,0.3632560670375824
976,0.9779270887374878,0.7106469869613647,0.6132878065109253,0.363455593585968
977,0.9631141424179077,0.7121409773826599,0.6251211762428284,0.36420539021492004
978,0.9700860977172852,0.7231330275535583,0.6185557246208191,0.36527305841445923
979,0.9701509475708008,0.7225564122200012,0.6168274879455566,0.3627946078777313
980,0.9431393146514893,0.7237504720687866,0.6272957921028137,0.36422666907310486
981,0.9719741940498352,0.7184353470802307,0.6244932413101196,0.36393284797668457
982,0.9796614050865173,0.7165570855140686,0.6116148233413696,0.3652297556400299
983,0.9586222767829895,0.7084856629371643,0.6224299669265747,0.3650436997413635
984,1.0072461366653442,0.7180836200714111,0.6240135431289673,0.36653023958206177
985,0.9614830017089844,0.7235100865364075,0.6230531930923462,0.36488690972328186
986,0.9376329183578491,0.7144765853881836,0.614866316318512,0.3633103370666504
987,0.9621943235397339,0.7203841209411621,0.6404100656509399,0.36443454027175903
988,0.9802727103233337,0.7149035930633545,0.6254956126213074,0.3627321124076843
989,0.9824566841125488,0.7113106846809387,0.6242029666900635,0.36106398701667786
990,0.9711523652076721,0.7045327425003052,0.6254906058311462,0.3621344268321991
991,0.9591569304466248,0.7151724696159363,0.637426495552063,0.3640768527984619
992,0.9870359897613525,0.7171450853347778,0.599297821521759,0.3649584650993347
993,0.9744672775268555,0.7092522382736206,0.6019375920295715,0.36090368032455444
994,0.9596685767173767,0.717802882194519,0.6479858756065369,0.36156198382377625
995,0.9604516625404358,0.7199938893318176,0.6245618462562561,0.36415529251098633
996,0.9566640853881836,0.7158063650131226,0.6173533201217651,0.3647048771381378
997,0.957086443901062,0.7136064171791077,0.627445638179779,0.3664965331554413
998,0.9484561085700989,0.7215669751167297,0.652881920337677,0.36770015954971313
999,0.9871775507926941,0.7305509448051453,0.62646484375,0.36957740783691406
1000,0.9465380907058716,0.7176676392555237,0.624894380569458,0.36538758873939514
1001,0.9657896161079407,0.7174551486968994,0.6092516779899597,0.3662976622581482
1002,0.9613250494003296,0.7143744826316833,0.6224710941314697,0.3659704327583313
1003,0.9500647187232971,0.7121882438659668,0.6220547556877136,0.36619409918785095
1004,0.9441680908203125,0.721098780632019,0.6526275277137756,0.36566779017448425
1005,0.9875707626342773,0.7262452840805054,0.5978607535362244,0.36590030789375305
1006,0.9333807826042175,0.7214856147766113,0.6238985657691956,0.3664590120315552
1007,0.9793499708175659,0.7200238704681396,0.609102725982666,0.36687585711479187
1008,0.982257068157196,0.7062724232673645,0.6010449528694153,0.366001158952713
1009,0.9682249426841736,0.70763099193573,0.6410172581672668,0.3665758967399597
1010,0.9758172631263733,0.7153205275535583,0.6223266124725342,0.36851784586906433
1011,0.9554517865180969,0.7182267308235168,0.6377758383750916,0.3688329756259918
1012,0.917572021484375,0.7125666737556458,0.6575633883476257,0.36829036474227905
1013,0.9229817390441895,0.7165595293045044,0.6486422419548035,0.3674320578575134
1014,0.9767173528671265,0.7138769626617432,0.607874870300293,0.3666059970855713
1015,0.9338639378547668,0.7178764343261719,0.6252965927124023,0.3670320510864258
1016,0.9595727324485779,0.7124024629592896,0.619147002696991,0.36680394411087036
1017,1.0022672414779663,0.7091799378395081,0.6102688908576965,0.3674836754798889
1018,0.9385017156600952,0.7078419327735901,0.6566784977912903,0.36706507205963135
1019,0.993704080581665,0.7168812155723572,0.603922426700592,0.3671933710575104
1020,0.9620698094367981,0.7131820917129517,0.6177067160606384,0.3670263886451721
1021,0.966744065284729,0.7197824120521545,0.6507059931755066,0.36854153871536255
1022,0.9848116636276245,0.7105498313903809,0.596496045589447,0.36696553230285645
1023,0.97355717420578,0.7096648812294006,0.62827068567276,0.3666767179965973
1024,0.9563918709754944,0.7129719257354736,0.6435611844062805,0.36582425236701965
1025,0.966061532497406,0.7041857838630676,0.6084769368171692,0.3663155138492584
1026,0.9576634168624878,0.7017618417739868,0.6200405955314636,0.36572015285491943
1027,0.9612931609153748,0.7004169225692749,0.6299338340759277,0.3666861653327942
1028,0.9247404932975769,0.705268919467926,0.6235383749008179,0.3658684492111206
1029,0.9519132971763611,0.7090847492218018,0.6000800132751465,0.364862859249115
1030,0.9506270289421082,0.7116166353225708,0.6116495728492737,0.3652290999889374
1031,0.9627673029899597,0.7122563123703003,0.628035843372345,0.36480969190597534
1032,0.9789345860481262,0.7073855996131897,0.6199972629547119,0.36419907212257385
1033,0.9707916378974915,0.7050994038581848,0.6262461543083191,0.3638257682323456
1034,0.9768800139427185,0.7121729254722595,0.6282276511192322,0.36566102504730225
1035,0.9438368678092957,0.7152963876724243,0.6596270799636841,0.36576879024505615
1036,0.9614275693893433,0.7104200124740601,0.6236685514450073,0.36416223645210266
1037,0.9565460085868835,0.7083775997161865,0.6259161829948425,0.36443719267845154
1038,0.9503989815711975,0.7148046493530273,0.6455739140510559,0.3640267848968506
1039,0.9386075139045715,0.7161808013916016,0.6409593224525452,0.365602970123291
1040,0.9441941380500793,0.7109894156455994,0.6169554591178894,0.3646494150161743
1041,0.9847680330276489,0.7064940929412842,0.6250824928283691,0.3649970293045044
1042,0.9736723303794861,0.7019962072372437,0.6288824677467346,0.36357489228248596
1043,0.9411036968231201,0.6991056203842163,0.6428335309028625,0.3649243116378784
1044,0.9580535888671875,0.7059221863746643,0.6101970076560974,0.3652607202529907
1045,0.9577515721321106,0.7082312107086182,0.6124677658081055,0.3659111261367798
1046,0.9509279131889343,0.7093607783317566,0.650383710861206,0.36448484659194946
1047,0.9389419555664062,0.7042514085769653,0.6199823021888733,0.36431628465652466
1048,0.929148256778717,0.7064598202705383,0.6317439079284668,0.36422139406204224
1049,0.9655985832214355,0.7123717665672302,0.6340703964233398,0.3667833209037781
1050,0.9881634712219238,0.7086331248283386,0.6154178977012634,0.36714231967926025
1051,0.9756501317024231,0.7048141360282898,0.5929228067398071,0.36886924505233765
1052,0.960774838924408,0.7123475074768066,0.621747612953186,0.37043991684913635
1053,0.9733172655105591,0.7013134956359863,0.5901514887809753,0.3687702715396881
1054,0.9439540505409241,0.700927197933197,0.6223942637443542,0.3693084418773651
1055,0.9730780124664307,0.6967277526855469,0.626073956489563,0.36702996492385864
1056,0.9700803756713867,0.7022668123245239,0.6367442607879639,0.36568915843963623
1057,0.9528452754020691,0.7076492309570312,0.6183733344078064,0.36654481291770935
1058,0.9333735704421997,0.7124300003051758,0.6529375910758972,0.36719632148742676
1059,0.9268938899040222,0.7051065564155579,0.6265791058540344,0.3655024468898773
1060,0.9623047113418579,0.711443305015564,0.6290143132209778,0.3649924099445343
1061,0.9266963601112366,0.7041317224502563,0.6150217056274414,0.3659750819206238
1062,0.9320299029350281,0.7027069926261902,0.6514691114425659,0.3647468388080597
1063,0.9591183066368103,0.7045814394950867,0.6228622198104858,0.36566299200057983
1064,0.9362051486968994,0.6999462842941284,0.6444340944290161,0.3667474091053009
1065,0.9450569152832031,0.7014590501785278,0.6285722255706787,0.3660440444946289
1066,0.969931960105896,0.7006665468215942,0.6266429424285889,0.36511069536209106
1067,0.9526989459991455,0.7041413187980652,0.6025190353393555,0.36573323607444763
1068,0.9699877500534058,0.7059749364852905,0.6106478571891785,0.3653363585472107
1069,0.946485161781311,0.7038543224334717,0.6202867031097412,0.3645133376121521
1070,0.9304614067077637,0.7069520354270935,0.6470932364463806,0.3661607801914215
1071,0.9206053614616394,0.7073966860771179,0.6463763117790222,0.3662700355052948
1072,0.9318862557411194,0.7123100757598877,0.639142632484436,0.36707931756973267
1073,0.9723799228668213,0.7091704607009888,0.6126888990402222,0.3665675222873688
1074,0.9877980351448059,0.7116260528564453,0.6303942799568176,0.36590832471847534
1075,0.982132077217102,0.7061082720756531,0.606670081615448,0.36675387620925903
1076,0.9392247200012207,0.7067831754684448,0.644088089466095,0.36618390679359436
1077,0.9532507061958313,0.7045920491218567,0.6268072724342346,0.3659498393535614
1078,0.9491385221481323,0.7121676802635193,0.6469047665596008,0.36746543645858765
1079,1.0057048797607422,0.7083616852760315,0.6064633727073669,0.3658396303653717
1080,0.9617878794670105,0.7137356400489807,0.6224998831748962,0.36627084016799927
1081,0.9284419417381287,0.7101465463638306,0.6460204720497131,0.36686864495277405
1082,0.9390854239463806,0.7063860297203064,0.650661051273346,0.36875441670417786
1083,0.9533142447471619,0.704526424407959,0.618060290813446,0.3681228756904602
1084,0.9574069380760193,0.7155330181121826,0.6087143421173096,0.367750346660614
1085,0.9466326832771301,0.715290904045105,0.6185132265090942,0.3669145405292511
1086,0.9931051731109619,0.7121744751930237,0.6011300683021545,0.36537498235702515
1087,0.9300238490104675,0.709228515625,0.640925943851471,0.364723801612854
1088,0.9506528973579407,0.7157394886016846,0.6382049322128296,0.3649742901325226
1089,0.9260238409042358,0.7191084623336792,0.6598899960517883,0.36494937539100647
1090,0.9695795774459839,0.7131319642066956,0.61197429895401,0.36603373289108276
1091,0.9518690705299377,0.7126063704490662,0.6281649470329285,0.3649287223815918
1092,0.916253387928009,0.7084357142448425,0.6560651659965515,0.3645983338356018
1093,0.9486199617385864,0.7074747085571289,0.5942585468292236,0.36611315608024597
1094,0.9411770701408386,0.7071309685707092,0.6363769769668579,0.3678053915500641
1095,0.9590203762054443,0.7058344483375549,0.6152870059013367,0.3691619634628296
1096,0.9510818123817444,0.71117103099823,0.6266504526138306,0.3696216344833374
1097,0.9249171018600464,0.7064160108566284,0.656913161277771,0.3694251477718353
1098,0.9453903436660767,0.7102306485176086,0.6256753206253052,0.36922687292099
1099,0.9214144945144653,0.7184180021286011,0.643377959728241,0.36820709705352783
1100,0.9348692297935486,0.7110300064086914,0.6294641494750977,0.3671796917915344
1101,0.9751800298690796,0.7124051451683044,0.6380805373191833,0.36740800738334656
1102,0.9351797699928284,0.7106753587722778,0.6330379247665405,0.36814871430397034
1103,0.9616575241088867,0.7019193172454834,0.6179399490356445,0.36890894174575806
1104,0.9720891118049622,0.7037966847419739,0.6098717451095581,0.36834055185317993
1105,0.9829759001731873,0.7070518732070923,0.6520729064941406,0.3697505593299866
1106,0.922978401184082,0.7049881815910339,0.6570209264755249,0.3688422441482544
1107,0.9299179315567017,0.6971372961997986,0.6490755677223206,0.3680345416069031
1108,0.9887182712554932,0.7002356052398682,0.6006450057029724,0.3663311302661896
1109,0.9588327407836914,0.6979317665100098,0.6040470004081726,0.36721986532211304
1110,0.9718295335769653,0.6957687139511108,0.614642322063446,0.36724674701690674
1111,0.9811701774597168,0.7055923938751221,0.6424204707145691,0.3662615120410919
1112,0.9663815498352051,0.7085525989532471,0.6286143064498901,0.36732491850852966
1113,0.95412677526474,0.7128632664680481,0.6458471417427063,0.36733248829841614
1114,0.935476541519165,0.7051289677619934,0.6495742797851562,0.3677337169647217
1115,0.9859743118286133,0.7074276804924011,0.6114693284034729,0.36579060554504395
1116,0.9849058389663696,0.7050678133964539,0.6099478602409363,0.3668119013309479
1117,0.9378526210784912,0.7033438086509705,0.6636555790901184,0.36742326617240906
1118,0.9296546578407288,0.7124519944190979,0.6298004984855652,0.3662845492362976
1119,0.9644839763641357,0.7031022906303406,0.6201567053794861,0.36534667015075684
1120,0.9202914834022522,0.7048966884613037,0.6530798673629761,0.36555013060569763
1121,0.9736700654029846,0.7056845426559448,0.6183491349220276,0.3640396296977997
1122,0.9782818555831909,0.713329017162323,0.619583249092102,0.3641914427280426
1123,0.9554701447486877,0.7121000289916992,0.6210206747055054,0.36570727825164795
1124,0.9291078448295593,0.7076855301856995,0.6392830610275269,0.3635028004646301
1125,0.9558070302009583,0.7077141404151917,0.6455218195915222,0.3625378906726837
1126,0.9456477165222168,0.7141540050506592,0.6513583064079285,0.36450451612472534
1127,0.9432957172393799,0.7073416709899902,0.6563412547111511,0.3649265170097351
1128,0.927423357963562,0.7137325406074524,0.6438078284263611,0.3659123480319977
1129,0.9758704900741577,0.7142676115036011,0.6335538029670715,0.36656802892684937
1130,0.9647546410560608,0.7098071575164795,0.6173728108406067,0.36623460054397583
1131,0.9364573359489441,0.7051292657852173,0.6459542512893677,0.366189569234848
1132,0.9222506284713745,0.7032785415649414,0.6531414985656738,0.36713138222694397
1133,0.940994381904602,0.700964093208313,0.644446074962616,0.3666243553161621
1134,0.9596645832061768,0.7092058658599854,0.6263366937637329,0.36949482560157776
1135,0.9600961208343506,0.7092118859291077,0.6199144124984741,0.3710525333881378
1136,0.9338608980178833,0.7045953869819641,0.650558590888977,0.37169671058654785
1137,0.9655678868293762,0.7057934403419495,0.6240113377571106,0.37060725688934326
1138,0.9452199935913086,0.7018693685531616,0.6632657647132874,0.37037211656570435
1139,0.9682537913322449,0.707984447479248,0.6049441695213318,0.3704878091812134
1140,0.922177255153656,0.7021322250366211,0.6340840458869934,0.3714953362941742
1141,0.955765426158905,0.6942510008811951,0.6085940599441528,0.3699950575828552
1142,0.9250117540359497,0.7026835083961487,0.653690755367279,0.36943191289901733
1143,0.9458662271499634,0.705456018447876,0.6595658659934998,0.36916396021842957
1144,0.960504412651062,0.7067350149154663,0.627414882183075,0.36934322118759155
1145,0.9487943649291992,0.7085680961608887,0.6176828742027283,0.3700512647628784
1146,0.9396377801895142,0.6997183561325073,0.612105667591095,0.36852142214775085
1147,0.9566766619682312,0.7009925246238708,0.6488542556762695,0.36682385206222534
1148,0.9608636498451233,0.7045944929122925,0.6585142612457275,0.36833876371383667
1149,0.9354987740516663,0.7081409096717834,0.6423381567001343,0.3670331537723541
1150,0.9852126836776733,0.707092821598053,0.5968269109725952,0.36782023310661316
1151,0.9043858051300049,0.7084795236587524,0.662321925163269,0.3672329783439636
1152,0.9540194869041443,0.7066685557365417,0.6222547292709351,0.36628809571266174
1153,0.9636815190315247,0.7019323110580444,0.6085907220840454,0.36513257026672363
1154,0.9691152572631836,0.7115544080734253,0.6160620450973511,0.3662985861301422
1155,0.936273455619812,0.7111005187034607,0.6436402797698975,0.36573511362075806
1156,0.9547602534294128,0.7040595412254333,0.627324640750885,0.3639412820339203
1157,0.9653831124305725,0.7019453048706055,0.6446093320846558,0.3647223114967346
1158,0.9504838585853577,0.7081044912338257,0.6630270481109619,0.3651480972766876
1159,0.9200126528739929,0.7064806818962097,0.649948000907898,0.3649316132068634
1160,0.9318159222602844,0.7080348134040833,0.6389918923377991,0.3641061782836914
1161,0.9127081632614136,0.7016277313232422,0.6381205916404724,0.3642740249633789
1162,0.9422807693481445,0.7043533325195312,0.6393738985061646,0.3653653562068939
1163,0.9317339658737183,0.7118749618530273,0.6502866744995117,0.36620959639549255
1164,0.9505163431167603,0.7104061245918274,0.6627270579338074,0.3663349449634552
1165,0.8983479142189026,0.70552659034729,0.6504094004631042,0.3662756383419037
1166,0.9397048950195312,0.708827555179596,0.6044374108314514,0.36658310890197754
1167,0.9618293642997742,0.712426483631134,0.6214324831962585,0.3679024577140808
1168,0.9580817818641663,0.7120884656906128,0.6217970848083496,0.37081068754196167
1169,0.939587414264679,0.7040030360221863,0.592252790927887,0.3694705367088318
1170,0.9434773325920105,0.706143319606781,0.6351861357688904,0.3690095543861389
1171,0.955949068069458,0.6982505917549133,0.6313698887825012,0.3678740859031677
1172,0.9645225405693054,0.7015503644943237,0.6267493963241577,0.3681706190109253
1173,0.915367603302002,0.6977705955505371,0.6288357973098755,0.36740151047706604
1174,0.9239664077758789,0.7029682993888855,0.6407535076141357,0.36694735288619995
1175,0.9885799884796143,0.7037950754165649,0.6164043545722961,0.3660280108451843
1176,0.9408126473426819,0.7063023447990417,0.6394951343536377,0.3655109405517578
1177,0.9465281367301941,0.7004287242889404,0.6029216051101685,0.365233838558197
1178,0.939814031124115,0.6984282732009888,0.6387656331062317,0.36505627632141113
1179,0.929067850112915,0.7019421458244324,0.6359819173812866,0.3664543926715851
1180,0.9668658375740051,0.7023559212684631,0.622644305229187,0.3668457865715027
1181,0.9824751019477844,0.700161874294281,0.6081181168556213,0.36738741397857666
1182,0.9357745051383972,0.7035424113273621,0.6453443169593811,0.36699771881103516
1183,0.9413191676139832,0.7094725966453552,0.6310575604438782,0.3685259222984314
1184,0.9168934226036072,0.7076272368431091,0.6656361222267151,0.37038347125053406
1185,0.9084441065788269,0.7016432285308838,0.6506043672561646,0.3693678677082062
1186,0.9531868100166321,0.7065292596817017,0.6451619267463684,0.3709953725337982
1187,0.9570657014846802,0.7100088596343994,0.6122471690177917,0.36998695135116577
1188,0.9417169094085693,0.7052200436592102,0.648628294467926,0.3688999116420746
1189,0.9544415473937988,0.7019266486167908,0.6127545833587646,0.367342472076416
1190,0.9172919988632202,0.7007457613945007,0.6435710191726685,0.3688566982746124
1191,0.9366159439086914,0.7003614902496338,0.6251283288002014,0.36998242139816284
1192,0.9624087810516357,0.7092450857162476,0.6169163584709167,0.3694486916065216
1193,0.9439250230789185,0.7062638998031616,0.6352419853210449,0.36874067783355713
1194,0.9694607257843018,0.7016995549201965,0.6212219595909119,0.3680216670036316
1195,0.9482389688491821,0.7107733488082886,0.6459836363792419,0.36911559104919434
1196,0.9377408027648926,0.7018820643424988,0.6053674221038818,0.36855217814445496
1197,0.933315098285675,0.7045930027961731,0.6508822441101074,0.36888861656188965
1198,0.9493958950042725,0.6991763114929199,0.6562438607215881,0.370148628950119
1199,0.9424391388893127,0.6984794735908508,0.6673022508621216,0.3699690103530884
1200,0.9483889937400818,0.6948004961013794,0.6014145016670227,0.37078434228897095
1201,0.9183056950569153,0.6977913975715637,0.6306622624397278,0.37023666501045227
1202,0.9339335560798645,0.7002686858177185,0.6271952390670776,0.37006497383117676
1203,0.9294673204421997,0.702819287776947,0.6319082379341125,0.3705427348613739
1204,0.9068477153778076,0.7079005241394043,0.6701298952102661,0.3696945011615753
1205,0.9448947310447693,0.7021170258522034,0.6595159769058228,0.3698183000087738
1206,0.9779991507530212,0.6986275315284729,0.6167429685592651,0.3691575229167938
1207,0.9471926689147949,0.7028251886367798,0.6217549443244934,0.3698298931121826
1208,0.8860709071159363,0.6996698975563049,0.6596581935882568,0.3681947886943817
1209,0.9705555438995361,0.7044532299041748,0.6282298564910889,0.36866071820259094
1210,0.9492365717887878,0.7050619721412659,0.6256508231163025,0.368020236492157
1211,0.9424711465835571,0.7055468559265137,0.658782422542572,0.36754465103149414
1212,0.9402660727500916,0.7045944929122925,0.6336860060691833,0.36776503920555115
1213,0.954151451587677,0.7037833333015442,0.6524319648742676,0.36885303258895874
1214,0.9577196836471558,0.7056981921195984,0.6386383175849915,0.36893755197525024
1215,0.9106276035308838,0.7043697834014893,0.6672798991203308,0.36942288279533386
1216,0.9443061947822571,0.7061381936073303,0.6189045906066895,0.37022262811660767
1217,0.9526566863059998,0.7003573179244995,0.6322312355041504,0.3707777261734009
1218,0.9304746985435486,0.7023293375968933,0.6066683530807495,0.3717897832393646
1219,0.9434941411018372,0.7028809785842896,0.6207946538925171,0.37187108397483826
1220,0.9373591542243958,0.7029810547828674,0.6500847339630127,0.37179404497146606
1221,0.9343847632408142,0.695916473865509,0.6554604768753052,0.37108325958251953
1222,0.965422511100769,0.6936018466949463,0.6227575540542603,0.37259355187416077
1223,0.9285300970077515,0.6938229203224182,0.6543712615966797,0.372330904006958
1224,0.9466210603713989,0.6927210688591003,0.6502913236618042,0.3713054060935974
1225,0.9546998143196106,0.6944392323493958,0.6495772004127502,0.37060728669166565
1226,0.9367077350616455,0.6996586322784424,0.6154457926750183,0.37194493412971497
1227,0.9320095777511597,0.6977905035018921,0.66190105676651,0.3731456995010376
1228,0.9331480860710144,0.6963631510734558,0.6535515785217285,0.37217485904693604
1229,0.9349579215049744,0.691134512424469,0.6318270564079285,0.3724215626716614
1230,0.9388125538825989,0.693583607673645,0.6459675431251526,0.370873361825943
1231,0.9303862452507019,0.693763256072998,0.6628974676132202,0.3706403374671936
1232,0.9773231744766235,0.6963793039321899,0.6305867433547974,0.3707226812839508
1233,0.9271904230117798,0.6930338740348816,0.6608127355575562,0.3683147728443146
1234,0.9853581190109253,0.7018256783485413,0.6253404021263123,0.3690066933631897
1235,0.9598951935768127,0.6981319785118103,0.6354287266731262,0.36965489387512207
1236,0.9148182272911072,0.6974387168884277,0.6444157958030701,0.3698616325855255
1237,0.9269096255302429,0.7000769972801208,0.6450250148773193,0.36952662467956543
1238,0.9199329018592834,0.6988241672515869,0.6556910276412964,0.369724839925766
1239,0.8844354152679443,0.69515460729599,0.6719231009483337,0.3705400228500366
1240,0.9549100995063782,0.6965703964233398,0.6301432251930237,0.37205561995506287
1241,0.9724413752555847,0.6982579231262207,0.6166960597038269,0.37189579010009766
1242,0.9442488551139832,0.7070695757865906,0.6581866145133972,0.37259581685066223
1243,0.9685027003288269,0.7063107490539551,0.6118499040603638,0.373038113117218
1244,0.9529862999916077,0.6996719241142273,0.6177954077720642,0.3717551827430725
1245,0.9388595819473267,0.7005484700202942,0.6402080059051514,0.37246203422546387
1246,0.9464023113250732,0.6971802115440369,0.6138917207717896,0.37419089674949646
1247,0.9403799772262573,0.7054608464241028,0.650431752204895,0.374484658241272
1248,0.9223703145980835,0.7036292552947998,0.6643084287643433,0.3737679719924927
1249,0.9510093331336975,0.6976107358932495,0.6225224137306213,0.373003214597702
1250,0.923466145992279,0.6930695176124573,0.6369377970695496,0.37300819158554077
1251,0.9458143711090088,0.6942098140716553,0.6406817436218262,0.3727133870124817
1252,0.9419329762458801,0.6969425082206726,0.6419624090194702,0.3734431862831116
1253,0.9391857981681824,0.6931468844413757,0.6659950613975525,0.3734775185585022
1254,0.9370747208595276,0.692945122718811,0.6460967063903809,0.37199369072914124
1255,0.9425745010375977,0.6932597160339355,0.6298150420188904,0.37095317244529724
1256,0.914947509765625,0.6906586289405823,0.6388031244277954,0.3722916543483734
1257,0.9374551177024841,0.6924583911895752,0.6481775045394897,0.3724229633808136
1258,0.924658477306366,0.6997507214546204,0.6615127325057983,0.3710414171218872
1259,0.969920814037323,0.6966314315795898,0.6329085230827332,0.37071749567985535
1260,0.9226901531219482,0.694139301776886,0.6236478090286255,0.3708304762840271
1261,0.973127007484436,0.6976085305213928,0.6283949017524719,0.3723470866680145
1262,0.9370646476745605,0.7003437280654907,0.6265702843666077,0.37435996532440186
1263,0.9499889016151428,0.6974291801452637,0.6356052756309509,0.3729625344276428
1264,0.9888211488723755,0.7035787105560303,0.6143584251403809,0.3743932843208313
1265,0.990238606929779,0.6909648776054382,0.5879551768302917,0.3744133710861206
1266,0.9356483817100525,0.6957361698150635,0.6373131275177002,0.3770211338996887
1267,0.9315946698188782,0.6906753778457642,0.614557147026062,0.3769134283065796
1268,0.9446784853935242,0.6883585453033447,0.6191239356994629,0.3760441243648529
1269,0.9392974972724915,0.6926571130752563,0.6265498399734497,0.3769352436065674
1270,0.9299932718276978,0.6938540935516357,0.6416716575622559,0.37417519092559814
1271,0.9331478476524353,0.6961688995361328,0.6658969521522522,0.376228392124176
1272,0.9209827780723572,0.6959351301193237,0.6557072997093201,0.374951034784317
1273,0.9360578656196594,0.6987004280090332,0.6539576053619385,0.37580814957618713
1274,0.9582588076591492,0.6970528960227966,0.6396235227584839,0.3747401535511017
1275,0.9475598335266113,0.7019590735435486,0.6049608588218689,0.3742193281650543
1276,0.9534316658973694,0.7001306414604187,0.6209205389022827,0.3733362555503845
1277,0.9220154881477356,0.6944304704666138,0.6539177894592285,0.37485653162002563
1278,0.9214009046554565,0.7007551193237305,0.6445902585983276,0.3745560050010681
1279,0.9459976553916931,0.7020933628082275,0.6185886263847351,0.37356045842170715
1280,0.9424554705619812,0.6944457292556763,0.6327276825904846,0.3734597861766815
1281,0.9370033144950867,0.7003979682922363,0.6352937817573547,0.3729882836341858
1282,0.9445785284042358,0.7005725502967834,0.6491810083389282,0.37352254986763
1283,0.9351785182952881,0.6965294480323792,0.6272263526916504,0.3712790012359619
1284,0.933567225933075,0.6988000869750977,0.6198185086250305,0.37274855375289917
1285,0.9242128133773804,0.6984769701957703,0.6407789587974548,0.3706916868686676
1286,0.9564216732978821,0.6976650953292847,0.6395153403282166,0.3698926568031311
1287,0.9148614406585693,0.7016320824623108,0.6607776284217834,0.37102779746055603
1288,0.936233639717102,0.6975826621055603,0.6546067595481873,0.3710762560367584
1289,0.9182363748550415,0.697740375995636,0.6588098406791687,0.37111079692840576
1290,0.9415830969810486,0.7002160549163818,0.6655699014663696,0.3721178472042084
1291,0.8717158436775208,0.7056208848953247,0.6813914179801941,0.3714005947113037
1292,0.9262481927871704,0.6974539756774902,0.6531190872192383,0.3719848394393921
1293,0.9453125,0.6988303065299988,0.6166062951087952,0.3703388571739197
1294,0.9438698887825012,0.7008663415908813,0.638453483581543,0.3692625164985657
1295,0.9463071823120117,0.6960297226905823,0.634501039981842,0.3680814206600189
1296,0.9381977915763855,0.7011198401451111,0.6398400068283081,0.36793026328086853
1297,0.9365503191947937,0.70395827293396,0.6660996079444885,0.36831793189048767
1298,0.9582357406616211,0.7026805281639099,0.6382482647895813,0.37005558609962463
1299,0.9206549525260925,0.6974669098854065,0.6434561014175415,0.37146055698394775
1300,0.935556948184967,0.6968961358070374,0.6427410840988159,0.3728959262371063
1301,0.9142969846725464,0.6927236318588257,0.6643044352531433,0.37298259139060974
1302,0.8923397660255432,0.6935186386108398,0.6654630899429321,0.37355542182922363
1303,0.9223579168319702,0.6945392489433289,0.6459044218063354,0.37545979022979736
1304,0.9270109534263611,0.6925262808799744,0.648219883441925,0.37600886821746826
1305,0.9106614589691162,0.7019707560539246,0.6630924344062805,0.37555626034736633
1306,0.9148619174957275,0.7015489339828491,0.6722502112388611,0.374358594417572
1307,0.9663090109825134,0.6948760151863098,0.6197226643562317,0.3740713894367218
1308,0.9187012910842896,0.695792555809021,0.6505688428878784,0.37265288829803467
1309,0.9415482878684998,0.6963707804679871,0.6507863998413086,0.3725566864013672
1310,0.9609013795852661,0.6915826797485352,0.6313026547431946,0.37292373180389404
1311,0.9133610129356384,0.6910717487335205,0.6529416441917419,0.3739704191684723
1312,0.9006255865097046,0.6952263712882996,0.637665331363678,0.37284865975379944
1313,0.9437414407730103,0.6975692510604858,0.6604424715042114,0.3740409016609192
1314,0.8833656311035156,0.6954383850097656,0.6591015458106995,0.3749653100967407
1315,0.9031563997268677,0.6960889101028442,0.6773112416267395,0.3768526315689087
1316,0.937981128692627,0.6954700946807861,0.6310418248176575,0.37540528178215027
1317,0.9091250896453857,0.6923514008522034,0.6645890474319458,0.3748788833618164
1318,0.9268293976783752,0.6943468451499939,0.6469811201095581,0.3735443651676178
1319,0.9681033492088318,0.6938247084617615,0.6410254240036011,0.37385255098342896
1320,0.899768054485321,0.6954428553581238,0.6688070893287659,0.37416476011276245
1321,0.914698600769043,0.6958519220352173,0.6426131129264832,0.3758150041103363
1322,0.8970974683761597,0.6926032900810242,0.6298574805259705,0.37585175037384033
1323,0.9427927732467651,0.698375403881073,0.6497867703437805,0.3756183087825775
1324,0.9258314371109009,0.704534113407135,0.6902955174446106,0.3784340023994446
1325,0.9209176301956177,0.695556104183197,0.6559095978736877,0.3783203065395355
1326,0.88653165102005,0.6932103633880615,0.6372736096382141,0.37655478715896606
1327,0.9322566390037537,0.6909021735191345,0.6561501622200012,0.37696415185928345
1328,0.9667068719863892,0.6904330253601074,0.6176371574401855,0.3774411082267761
1329,0.9551092386245728,0.6985664963722229,0.6622108817100525,0.37805306911468506
1330,0.9461405873298645,0.6895502805709839,0.6406275033950806,0.37678664922714233
1331,0.8995916843414307,0.6833776235580444,0.64874267578125,0.37788259983062744
1332,0.9329728484153748,0.69784015417099,0.66585773229599,0.3791752755641937
1333,0.9354124665260315,0.6915550827980042,0.6501110196113586,0.3784213960170746
1334,0.9120234847068787,0.6884005665779114,0.6359552145004272,0.37745729088783264
1335,0.9346696734428406,0.6868034601211548,0.6252013444900513,0.3758697211742401
1336,0.9124001860618591,0.690001904964447,0.6558735966682434,0.3758157789707184
1337,0.9562605619430542,0.6861746907234192,0.6481093168258667,0.37324851751327515
1338,0.9496151804924011,0.6932788491249084,0.6599702835083008,0.3738844096660614
1339,0.9213566780090332,0.6893040537834167,0.6357719898223877,0.37276560068130493
1340,0.8915945887565613,0.6946805119514465,0.672308623790741,0.3739217519760132
1341,0.9414302110671997,0.6954558491706848,0.6452406644821167,0.37353503704071045
1342,0.8970564603805542,0.6913175582885742,0.657383382320404,0.3731376528739929
1343,0.9354475736618042,0.6964550614356995,0.640962541103363,0.3711884617805481
1344,0.9384064078330994,0.6951802372932434,0.6191607117652893,0.37097206711769104
1345,0.9298135638237,0.6957172751426697,0.6554778814315796,0.3713546693325043
1346,0.9251582026481628,0.6944169998168945,0.6498231291770935,0.3727843761444092
1347,0.9444372653961182,0.6973461508750916,0.6258753538131714,0.3729422688484192
1348,0.9703262448310852,0.6926352381706238,0.6257197856903076,0.37249094247817993
1349,0.9448144435882568,0.6915643811225891,0.6217259764671326,0.37276047468185425
1350,0.9569655060768127,0.6893119215965271,0.635657787322998,0.37375420331954956
1351,0.927946925163269,0.6869654655456543,0.6468991041183472,0.37354376912117004
1352,0.9939554929733276,0.6891031265258789,0.6251845955848694,0.37544170022010803
1353,0.9222261309623718,0.6911576986312866,0.6575770378112793,0.37550386786460876
1354,0.9182740449905396,0.696208655834198,0.6514787673950195,0.3764064908027649
1355,0.9633992314338684,0.6952233910560608,0.6444684267044067,0.3767184019088745
1356,0.9604200720787048,0.6921048760414124,0.63145911693573,0.3783707320690155
1357,0.9464726448059082,0.6914384365081787,0.6304312348365784,0.3780596852302551
1358,0.9113441109657288,0.702603816986084,0.6578616499900818,0.3781720697879791
1359,0.9322863817214966,0.6974503993988037,0.6545076370239258,0.37890714406967163
1360,0.9581202268600464,0.6975785493850708,0.6571143269538879,0.38059407472610474
1361,0.933805525302887,0.6924794912338257,0.6592265367507935,0.3798987567424774
1362,0.9573951959609985,0.6907501816749573,0.6216976642608643,0.38023900985717773
1363,0.9125698804855347,0.6945499181747437,0.6609920859336853,0.3822350800037384
1364,0.934463381767273,0.6883226633071899,0.6349913477897644,0.38392776250839233
1365,0.9607676267623901,0.686795711517334,0.6526831388473511,0.38257062435150146
1366,0.9422063827514648,0.6916780471801758,0.6380630135536194,0.3831353187561035
1367,0.9034451246261597,0.6948128342628479,0.6727724075317383,0.38331368565559387
1368,0.9135863184928894,0.6886104941368103,0.6626566648483276,0.38084614276885986
1369,0.9753814935684204,0.6953292489051819,0.6399123072624207,0.37982311844825745
1370,0.9340933561325073,0.6936324834823608,0.6251731514930725,0.3790595233440399
1371,0.9415062069892883,0.6942235231399536,0.6486929655075073,0.3787657618522644
1372,0.9293272495269775,0.6896954774856567,0.6630412340164185,0.3780542314052582
1373,0.8992230296134949,0.6934534311294556,0.6810541152954102,0.37796685099601746
1374,0.9420984983444214,0.6902541518211365,0.6520581841468811,0.3789626359939575
1375,0.9558146595954895,0.690419614315033,0.6336026191711426,0.37904396653175354
1376,0.9247410893440247,0.6878161430358887,0.6629353761672974,0.3757361173629761
1377,0.9018620252609253,0.6914843320846558,0.6818846464157104,0.3751123547554016
1378,0.8991491794586182,0.7008673548698425,0.6756491661071777,0.3753287196159363
1379,0.9373334050178528,0.6925385594367981,0.6530038714408875,0.37579643726348877
1380,0.958215057849884,0.6895610690116882,0.6402180790901184,0.37304002046585083
1381,0.9157682657241821,0.6974019408226013,0.6664586067199707,0.3733598291873932
1382,0.947535514831543,0.697934091091156,0.6532883048057556,0.3745077848434448
1383,0.9211546778678894,0.7022455334663391,0.6553258895874023,0.3731355667114258
1384,0.9228026270866394,0.6927275061607361,0.6638991832733154,0.3710009455680847
1385,0.9416249394416809,0.6982024312019348,0.6421825289726257,0.3737331032752991
1386,0.9372526407241821,0.7037544250488281,0.6667800545692444,0.3746035397052765
1387,0.9057536721229553,0.6991041302680969,0.6626714468002319,0.3732716739177704
1388,0.9059690833091736,0.6993493437767029,0.6522513031959534,0.372875839471817
1389,0.9414025545120239,0.697483241558075,0.6361575722694397,0.3726247549057007
1390,0.9288802742958069,0.6987751722335815,0.6452932357788086,0.3712603449821472
1391,0.9177302122116089,0.6985489726066589,0.6818480491638184,0.3707098960876465
1392,0.9311022758483887,0.6943444609642029,0.6568851470947266,0.37222787737846375
1393,0.8981887698173523,0.6919832229614258,0.6720243692398071,0.3737703561782837
1394,0.907301664352417,0.6912258267402649,0.6536741256713867,0.37425345182418823
1395,0.9551527500152588,0.6961032748222351,0.6312212944030762,0.3734370470046997
1396,0.9510836601257324,0.6890450119972229,0.6315011382102966,0.373367577791214
1397,0.9424076676368713,0.6938175559043884,0.6234797239303589,0.3731350004673004
1398,0.930277407169342,0.6865203380584717,0.6246433258056641,0.3730737566947937
1399,0.9270031452178955,0.6892827749252319,0.6492457985877991,0.374880850315094
1400,0.9177416563034058,0.6964763402938843,0.6757984161376953,0.37644416093826294
1401,0.9272261261940002,0.6941651701927185,0.6348076462745667,0.3759063482284546
1402,0.9143209457397461,0.6890793442726135,0.659125030040741,0.3741733729839325
1403,0.9511808753013611,0.6856608390808105,0.6408988237380981,0.37537965178489685
1404,0.9264755249023438,0.6868783235549927,0.6341304183006287,0.3731423318386078
1405,0.9309908747673035,0.6884207129478455,0.6536903381347656,0.37256962060928345
1406,0.958379328250885,0.6885747313499451,0.6376844048500061,0.3732120394706726
1407,0.9374578595161438,0.6861696839332581,0.6162306070327759,0.3714584410190582
1408,0.9080149531364441,0.686244547367096,0.665074348449707,0.3711501359939575
1409,0.938626229763031,0.6901837587356567,0.6230824589729309,0.37197598814964294
1410,0.9080700278282166,0.6918407082557678,0.6411392688751221,0.37113672494888306
1411,0.9363126754760742,0.691815972328186,0.6430983543395996,0.3701363801956177
1412,0.9409588575363159,0.6930384039878845,0.6388872265815735,0.3719729483127594
1413,0.9361097812652588,0.6891974806785583,0.6365109086036682,0.37263548374176025
1414,0.9501562118530273,0.6970503926277161,0.6610384583473206,0.373247355222702
1415,0.9545130729675293,0.6958780884742737,0.6323357820510864,0.37385714054107666
1416,0.8809102177619934,0.6943610310554504,0.6781940460205078,0.37369009852409363
1417,0.8904426693916321,0.6903390288352966,0.6742428541183472,0.3726370632648468
1418,0.9142939448356628,0.6923356652259827,0.6442645788192749,0.3731626868247986
1419,0.9192970395088196,0.6934602856636047,0.6513456702232361,0.37302130460739136
1420,0.925428032875061,0.6908081769943237,0.627019464969635,0.37288546562194824
1421,0.9298669695854187,0.6933661699295044,0.6586840152740479,0.3733709156513214
1422,0.9354960322380066,0.6911681890487671,0.6571888327598572,0.3733591139316559
1423,0.9532080292701721,0.6896443367004395,0.6483901739120483,0.3724230229854584
1424,0.8906463980674744,0.693145215511322,0.6572149395942688,0.37346628308296204
1425,0.9047427773475647,0.6923152208328247,0.6655125617980957,0.3725288510322571
1426,0.9365614056587219,0.697826623916626,0.6772072315216064,0.3726320266723633
1427,0.9392340183258057,0.6919327974319458,0.6415230631828308,0.3724953532218933
1428,0.938448965549469,0.694776177406311,0.6612721085548401,0.372443288564682
1429,0.9514467120170593,0.6995349526405334,0.6371871829032898,0.37441501021385193
1430,0.8971766233444214,0.6922944784164429,0.674818754196167,0.3754265606403351
1431,0.8896695375442505,0.697533369064331,0.6885758638381958,0.3786969482898712
