epoch,train_loss,val_loss,train_pcc,val_pcc
1,1.2725650072097778,0.7332523465156555,0.031275540590286255,0.34112975001335144
2,1.3057501316070557,0.7920681238174438,0.0981924906373024,0.30017799139022827
3,1.32138991355896,0.7370623350143433,0.13625971972942352,0.28357815742492676
4,1.2859641313552856,0.7922452688217163,0.1528584361076355,0.27866625785827637
5,1.2672898769378662,0.837996780872345,0.21930843591690063,0.2666192352771759
6,1.2941515445709229,0.7516899108886719,0.23623554408550262,0.2570418417453766
7,1.2622300386428833,0.7241702079772949,0.266055166721344,0.25695231556892395
8,1.2460907697677612,0.7481537461280823,0.31320780515670776,0.2615710198879242
9,1.2750656604766846,0.8317143321037292,0.3374122083187103,0.2659609317779541
10,1.240600347518921,0.7913098335266113,0.3956334888935089,0.2703627943992615
11,1.2460671663284302,0.7541171908378601,0.3589014708995819,0.2761368751525879
12,1.2391260862350464,0.7449637055397034,0.3873862624168396,0.27935898303985596
13,1.2184574604034424,0.820183515548706,0.39395323395729065,0.28252893686294556
14,1.212806224822998,0.7566129565238953,0.40591052174568176,0.28678005933761597
15,1.2137902975082397,0.7867121696472168,0.3804677128791809,0.29044345021247864
16,1.1857483386993408,0.7814099192619324,0.4030866026878357,0.29256558418273926
17,1.1802997589111328,0.7712281942367554,0.39932340383529663,0.2913738787174225
18,1.1938045024871826,0.863109827041626,0.3955151438713074,0.293899267911911
19,1.1674304008483887,0.7489858865737915,0.4128091335296631,0.2990901470184326
20,1.1859487295150757,0.744949460029602,0.3911118507385254,0.29959404468536377
21,1.1537140607833862,0.7775271534919739,0.41524893045425415,0.30364981293678284
22,1.155914068222046,0.8104708790779114,0.4390139877796173,0.30829307436943054
23,1.1891013383865356,0.8058680891990662,0.43798109889030457,0.3116184175014496
24,1.17236328125,0.8466654419898987,0.41793352365493774,0.31632012128829956
25,1.1612735986709595,0.7427663803100586,0.4365149140357971,0.3177904486656189
26,1.1406291723251343,0.7808906435966492,0.42177483439445496,0.32111161947250366
27,1.1794719696044922,0.8190556168556213,0.3789016306400299,0.3229305148124695
28,1.1339324712753296,0.8360257744789124,0.41151419281959534,0.3233022093772888
29,1.1874511241912842,0.7982349395751953,0.4326734244823456,0.32342928647994995
30,1.1597278118133545,0.8582903146743774,0.4434822201728821,0.3251844346523285
31,1.1511471271514893,0.7928388714790344,0.44969964027404785,0.3261732757091522
32,1.1486282348632812,0.8158378005027771,0.4255864918231964,0.3258485496044159
33,1.1598154306411743,0.7697305679321289,0.4595988392829895,0.3257453143596649
34,1.1355090141296387,0.8126518726348877,0.43156754970550537,0.3275434076786041
35,1.138635277748108,0.7884516716003418,0.43962281942367554,0.33151713013648987
36,1.148353099822998,0.8139132857322693,0.4512331187725067,0.3331263065338135
37,1.1675602197647095,0.8030635118484497,0.46091222763061523,0.33370110392570496
38,1.1732311248779297,0.8055187463760376,0.4702603220939636,0.33424121141433716
39,1.1465156078338623,0.7688968181610107,0.4452384114265442,0.3348645269870758
40,1.1285196542739868,0.7784590721130371,0.44340887665748596,0.33574995398521423
41,1.1326243877410889,0.8539687395095825,0.44984984397888184,0.33611834049224854
42,1.1310452222824097,0.8148037791252136,0.443208247423172,0.3378250002861023
43,1.1842118501663208,0.791674792766571,0.41932958364486694,0.3384537100791931
44,1.1606289148330688,0.7648735642433167,0.428659588098526,0.3389529585838318
45,1.1472193002700806,0.8538060188293457,0.44591912627220154,0.34074100852012634
46,1.1426970958709717,0.822158932685852,0.47105613350868225,0.3408583998680115
47,1.1663545370101929,0.8418982625007629,0.4370171129703522,0.34377428889274597
48,1.1683210134506226,0.8259692192077637,0.45441871881484985,0.34467384219169617
49,1.1673481464385986,0.793221116065979,0.4531429409980774,0.3450475037097931
50,1.1558023691177368,0.8205350041389465,0.4447784423828125,0.3462863564491272
51,1.1468539237976074,0.8320553302764893,0.45546701550483704,0.34492984414100647
52,1.1129752397537231,0.8698869943618774,0.47129637002944946,0.3468165993690491
53,1.1394625902175903,0.7803768515586853,0.46805906295776367,0.3473895192146301
54,1.1449381113052368,0.8432757258415222,0.46312910318374634,0.3476651608943939
55,1.1349389553070068,0.8127539157867432,0.49520131945610046,0.34696871042251587
56,1.1410555839538574,0.7978609800338745,0.45123031735420227,0.3499530851840973
57,1.1058632135391235,0.822499692440033,0.4853218197822571,0.3507632613182068
58,1.1571009159088135,0.7915900349617004,0.4803211987018585,0.3515375256538391
59,1.1608601808547974,0.7737797498703003,0.4635712504386902,0.35097455978393555
60,1.1660417318344116,0.80967116355896,0.48237189650535583,0.3520198166370392
61,1.1315629482269287,0.7985028624534607,0.4709339141845703,0.3534236252307892
62,1.13499915599823,0.8221354484558105,0.45981651544570923,0.35213443636894226
63,1.1453113555908203,0.83513343334198,0.4599522352218628,0.353352814912796
64,1.1185340881347656,0.8181936144828796,0.4658002555370331,0.35472527146339417
65,1.14388108253479,0.7678298354148865,0.44486692547798157,0.3558817207813263
66,1.111588954925537,0.7997449636459351,0.5063775777816772,0.3550390899181366
67,1.123807668685913,0.8268563747406006,0.5026773810386658,0.35552161931991577
68,1.144305944442749,0.8227081894874573,0.48319849371910095,0.35631465911865234
69,1.1752909421920776,0.8236947059631348,0.496387779712677,0.3566613495349884
70,1.1633301973342896,0.8190933465957642,0.481645792722702,0.3566349148750305
71,1.1444952487945557,0.8337032198905945,0.48882627487182617,0.3571434020996094
72,1.1436611413955688,0.8319984078407288,0.47660622000694275,0.3575895130634308
73,1.1406888961791992,0.7952648997306824,0.4738590121269226,0.358891099691391
74,1.1276943683624268,0.7937256097793579,0.4662013053894043,0.359419584274292
75,1.1338121891021729,0.7994303107261658,0.4942939579486847,0.3607008159160614
76,1.1305276155471802,0.8351585865020752,0.47974252700805664,0.360103964805603
77,1.1242624521255493,0.8089773654937744,0.4540896713733673,0.36179327964782715
78,1.1410187482833862,0.8296597003936768,0.49612337350845337,0.36194199323654175
79,1.125725507736206,0.836629331111908,0.504202127456665,0.36274880170822144
80,1.1044918298721313,0.8163366913795471,0.47453150153160095,0.3629828095436096
81,1.1177196502685547,0.8395349979400635,0.4798599183559418,0.3626894950866699
82,1.1173607110977173,0.7992352843284607,0.47746947407722473,0.3631504476070404
83,1.127054214477539,0.7915149331092834,0.4781047999858856,0.3647244870662689
84,1.1167962551116943,0.836757242679596,0.4713050127029419,0.3633926510810852
85,1.1268597841262817,0.8321084380149841,0.48493239283561707,0.3648117780685425
86,1.1375477313995361,0.8018709421157837,0.481110155582428,0.3657441735267639
87,1.1342518329620361,0.8295010328292847,0.46777254343032837,0.3669092357158661
88,1.0988129377365112,0.783985435962677,0.4750871956348419,0.36721062660217285
89,1.158722996711731,0.8223422765731812,0.47007155418395996,0.36482614278793335
90,1.1385142803192139,0.8335360884666443,0.4753253757953644,0.3656407296657562
91,1.1315019130706787,0.7971815466880798,0.4927178919315338,0.3653336465358734
92,1.1278988122940063,0.82950758934021,0.47874367237091064,0.3657625615596771
93,1.0908892154693604,0.8136714100837708,0.4829513728618622,0.3673405349254608
94,1.1599087715148926,0.8530017733573914,0.47103530168533325,0.3675908148288727
95,1.0991960763931274,0.826280951499939,0.5152366161346436,0.36650270223617554
96,1.1218512058258057,0.8302936553955078,0.47867345809936523,0.3666398525238037
97,1.1549029350280762,0.8300056457519531,0.47531309723854065,0.3682204484939575
98,1.1124624013900757,0.7729171514511108,0.4764402210712433,0.36961376667022705
99,1.1488234996795654,0.8350909948348999,0.5036671161651611,0.36862713098526
100,1.1267287731170654,0.8101179599761963,0.4869667887687683,0.36972081661224365
101,1.1143248081207275,0.802570104598999,0.48101556301116943,0.37125903367996216
102,1.1157970428466797,0.7891092896461487,0.47597137093544006,0.3707927465438843
103,1.1483078002929688,0.8034976720809937,0.4700813889503479,0.3701622188091278
104,1.099347472190857,0.80287766456604,0.5023211240768433,0.3718409836292267
105,1.117651343345642,0.8244572877883911,0.5047717094421387,0.3711494505405426
106,1.1298483610153198,0.8385905623435974,0.47592559456825256,0.3709355890750885
107,1.1208360195159912,0.8119918704032898,0.4811241924762726,0.37183406949043274
108,1.159056305885315,0.8562512397766113,0.4797050654888153,0.3718244731426239
109,1.100154995918274,0.8292192816734314,0.47195708751678467,0.3727482557296753
110,1.1163028478622437,0.8167281150817871,0.4652443826198578,0.373859167098999
111,1.132275938987732,0.778147280216217,0.4548053741455078,0.3730590045452118
112,1.1302738189697266,0.8158525824546814,0.46775469183921814,0.3737102448940277
113,1.0917526483535767,0.7642141580581665,0.4749349057674408,0.3744787275791168
114,1.1020631790161133,0.7726484537124634,0.4589870274066925,0.3750072419643402
115,1.1239670515060425,0.7814838290214539,0.47500404715538025,0.37324100732803345
116,1.143715739250183,0.8316655158996582,0.48215025663375854,0.3716478645801544
117,1.1523512601852417,0.8517724275588989,0.474821537733078,0.3707384467124939
118,1.106510043144226,0.8376516699790955,0.5114511251449585,0.37128034234046936
119,1.1052258014678955,0.8146777153015137,0.48920297622680664,0.3716294467449188
120,1.136169672012329,0.8105992078781128,0.4964386522769928,0.37297523021698
121,1.082114815711975,0.8199284076690674,0.4938112795352936,0.37442976236343384
122,1.0711147785186768,0.7879230976104736,0.5102284550666809,0.3749023377895355
123,1.1237677335739136,0.8613789677619934,0.48654264211654663,0.37370795011520386
124,1.120821475982666,0.780578076839447,0.4818978011608124,0.3740715980529785
125,1.0930894613265991,0.833577036857605,0.5076627731323242,0.3722400963306427
126,1.0942007303237915,0.798748254776001,0.48146331310272217,0.3729637563228607
127,1.134964108467102,0.8737786412239075,0.48893919587135315,0.3716309666633606
128,1.0806751251220703,0.8402088284492493,0.4977991282939911,0.3724114000797272
129,1.0989621877670288,0.8071823716163635,0.48620909452438354,0.37339672446250916
130,1.0993586778640747,0.8128694295883179,0.5053930878639221,0.3727495074272156
131,1.1106880903244019,0.833798348903656,0.4843892753124237,0.3717224597930908
132,1.1145555973052979,0.806499719619751,0.5152256488800049,0.37356850504875183
133,1.1105704307556152,0.8050793409347534,0.474425733089447,0.3731548488140106
134,1.1222760677337646,0.8017256259918213,0.46782758831977844,0.37276309728622437
135,1.1201958656311035,0.7886951565742493,0.4907674491405487,0.37279000878334045
136,1.0758399963378906,0.8202344179153442,0.4993860721588135,0.37267154455184937
137,1.1126177310943604,0.8068394660949707,0.466725617647171,0.3730718195438385
138,1.108262062072754,0.7824127674102783,0.490272581577301,0.3734876215457916
139,1.1237691640853882,0.8250548839569092,0.49019989371299744,0.37213870882987976
140,1.1154823303222656,0.7686099410057068,0.4979325234889984,0.3732633888721466
141,1.1146036386489868,0.8061805367469788,0.45161545276641846,0.3729214370250702
142,1.09429931640625,0.8496317267417908,0.4931749105453491,0.3718969523906708
143,1.1336934566497803,0.7930067181587219,0.49298521876335144,0.37304410338401794
144,1.0873173475265503,0.8242337107658386,0.5153740048408508,0.37266361713409424
145,1.091799020767212,0.7763994932174683,0.4818001687526703,0.3741264343261719
146,1.1064952611923218,0.8504200577735901,0.5166236162185669,0.3730061948299408
147,1.0695246458053589,0.8321377635002136,0.5156707763671875,0.3747516870498657
148,1.0859644412994385,0.8107210397720337,0.5313939452171326,0.3763175308704376
149,1.0877392292022705,0.8092955946922302,0.5216277837753296,0.37616491317749023
150,1.1079094409942627,0.8567318916320801,0.4836372435092926,0.37567079067230225
151,1.1141302585601807,0.8264696598052979,0.5069746375083923,0.37586089968681335
152,1.1094777584075928,0.8262423872947693,0.45828279852867126,0.37681376934051514
153,1.1019161939620972,0.7972572445869446,0.501480758190155,0.3774443566799164
154,1.1003423929214478,0.7887935638427734,0.496471643447876,0.37783220410346985
155,1.0934630632400513,0.848981499671936,0.4807761609554291,0.376598060131073
156,1.1017210483551025,0.8144068717956543,0.5046252012252808,0.3771495819091797
157,1.1277871131896973,0.8180453777313232,0.5154306888580322,0.37883755564689636
158,1.1239193677902222,0.8002166152000427,0.5031684637069702,0.3790971040725708
159,1.1258481740951538,0.8184847235679626,0.47505903244018555,0.37855175137519836
160,1.08311128616333,0.8306217193603516,0.4754656255245209,0.3785204291343689
161,1.143412470817566,0.8135256767272949,0.5043445229530334,0.3789013922214508
162,1.0911813974380493,0.8044270873069763,0.5039055347442627,0.3777041733264923
163,1.0939748287200928,0.8247820138931274,0.5103493928909302,0.37805843353271484
164,1.0980925559997559,0.772753119468689,0.49228164553642273,0.3796229362487793
165,1.0876684188842773,0.7868103981018066,0.4701668620109558,0.38011157512664795
166,1.109669804573059,0.8108803629875183,0.5047114491462708,0.38044917583465576
167,1.1011301279067993,0.7834481000900269,0.5075530409812927,0.3800945281982422
168,1.095223307609558,0.800500214099884,0.49024835228919983,0.37818261981010437
169,1.09821355342865,0.7918041348457336,0.48336443305015564,0.3780401647090912
170,1.0943872928619385,0.8165441751480103,0.5071499943733215,0.37674474716186523
171,1.1075167655944824,0.7970830798149109,0.5092005133628845,0.37614238262176514
172,1.110087513923645,0.8123070001602173,0.4833162724971771,0.37614139914512634
173,1.062671422958374,0.8389890193939209,0.5417231917381287,0.3762058615684509
174,1.1112847328186035,0.7814222574234009,0.5196595788002014,0.37812742590904236
175,1.0970053672790527,0.8067749738693237,0.5185533165931702,0.37794890999794006
176,1.069549322128296,0.8128940463066101,0.5083292722702026,0.37725451588630676
177,1.0898702144622803,0.7927229404449463,0.47615286707878113,0.37746694684028625
178,1.1279853582382202,0.8139595985412598,0.49297577142715454,0.37698668241500854
179,1.0697095394134521,0.8076296448707581,0.4956057667732239,0.377144455909729
180,1.0996065139770508,0.8065047264099121,0.5162114500999451,0.3779817819595337
181,1.1260591745376587,0.7872912287712097,0.5069833397865295,0.37851276993751526
182,1.1015136241912842,0.8185563087463379,0.4886946976184845,0.37866902351379395
183,1.108987808227539,0.8101803660392761,0.5095877647399902,0.3794843554496765
184,1.115308165550232,0.822839081287384,0.5023843050003052,0.3785315155982971
185,1.1072295904159546,0.8052166104316711,0.5237091779708862,0.3815862238407135
186,1.119975209236145,0.795957088470459,0.518028974533081,0.3825848400592804
187,1.1035910844802856,0.8127762675285339,0.48297780752182007,0.38359594345092773
188,1.0906143188476562,0.7803831696510315,0.5175308585166931,0.383906751871109
189,1.0769233703613281,0.8283403515815735,0.4993642568588257,0.38263678550720215
190,1.10049569606781,0.809732973575592,0.5308451652526855,0.3839434087276459
191,1.036368489265442,0.8054261207580566,0.4951852560043335,0.38311561942100525
192,1.09293532371521,0.7776459455490112,0.504614531993866,0.38308754563331604
193,1.0754282474517822,0.7904711365699768,0.4950013756752014,0.3829052746295929
194,1.079304575920105,0.7962490916252136,0.4955095648765564,0.38133683800697327
195,1.0779953002929688,0.8061383962631226,0.5257886052131653,0.3810355067253113
196,1.0687811374664307,0.8030378222465515,0.5048590898513794,0.38031283020973206
197,1.0589431524276733,0.8254808187484741,0.49252432584762573,0.37892550230026245
198,1.100555419921875,0.7823216915130615,0.48766425251960754,0.37950530648231506
199,1.0902718305587769,0.7919367551803589,0.5247615575790405,0.379508376121521
200,1.1046371459960938,0.7795698642730713,0.4962473213672638,0.3801216185092926
201,1.06858491897583,0.7748228311538696,0.49756890535354614,0.3793078064918518
202,1.0915530920028687,0.8381929993629456,0.5033243894577026,0.37702640891075134
203,1.0781373977661133,0.8013973832130432,0.49976760149002075,0.3784256875514984
204,1.0608867406845093,0.7947911024093628,0.48943009972572327,0.37817054986953735
205,1.0736454725265503,0.8322029113769531,0.5123572945594788,0.37756243348121643
206,1.0926856994628906,0.7769200801849365,0.5099726319313049,0.3792915940284729
207,1.0894016027450562,0.809175968170166,0.5104142427444458,0.3786317706108093
208,1.1094212532043457,0.8421503305435181,0.49573051929473877,0.37716543674468994
209,1.0755267143249512,0.7755463123321533,0.5487779974937439,0.3804016709327698
210,1.0922831296920776,0.8065239787101746,0.5039050579071045,0.37878796458244324
211,1.0841606855392456,0.7779877781867981,0.49332472681999207,0.3791550397872925
212,1.0776546001434326,0.8338491916656494,0.527397632598877,0.37960028648376465
213,1.1074726581573486,0.7819489240646362,0.5026178359985352,0.38192683458328247
214,1.0754978656768799,0.8105302453041077,0.5211196541786194,0.38176825642585754
215,1.1029678583145142,0.8059783577919006,0.4949142336845398,0.38173148036003113
216,1.091678500175476,0.8215852379798889,0.5073421001434326,0.38075318932533264
217,1.0930771827697754,0.8262239694595337,0.5142316818237305,0.3807067573070526
218,1.1042696237564087,0.7707521915435791,0.5019107460975647,0.3820168673992157
219,1.0684839487075806,0.8137821555137634,0.5364671349525452,0.379443496465683
220,1.0897595882415771,0.7603817582130432,0.5234341621398926,0.38138797879219055
221,1.064504623413086,0.8160960674285889,0.5055065751075745,0.37934932112693787
222,1.092718482017517,0.7917239665985107,0.49839508533477783,0.38002097606658936
223,1.0868722200393677,0.7955300211906433,0.4975312650203705,0.37952569127082825
224,1.053863763809204,0.8103721737861633,0.5417892932891846,0.37897899746894836
225,1.094970464706421,0.8313655853271484,0.5444449782371521,0.3792867064476013
226,1.0585776567459106,0.796585202217102,0.5251745581626892,0.3807005286216736
227,1.078464150428772,0.7881454229354858,0.5152643322944641,0.38074591755867004
228,1.0883384943008423,0.7996324896812439,0.5053881406784058,0.3798900246620178
229,1.0987335443496704,0.8406994938850403,0.47105270624160767,0.37914642691612244
230,1.075400471687317,0.7681188583374023,0.5290732979774475,0.3813139796257019
231,1.0380356311798096,0.7535073161125183,0.5049306750297546,0.3822484612464905
232,1.0659350156784058,0.8241652846336365,0.4816690981388092,0.37995561957359314
233,1.1063525676727295,0.7735623121261597,0.4812723398208618,0.38214004039764404
234,1.0405603647232056,0.7792961001396179,0.5285159945487976,0.3818218410015106
235,1.0838444232940674,0.7869752645492554,0.500860869884491,0.3820108473300934
236,1.0526951551437378,0.7812259793281555,0.5291147232055664,0.3826141655445099
237,1.124084711074829,0.8046013116836548,0.4938651919364929,0.3819105923175812
238,1.0910855531692505,0.7820887565612793,0.5016463398933411,0.38166117668151855
239,1.118420958518982,0.7955102920532227,0.5063880085945129,0.38082122802734375
240,1.0412477254867554,0.7717528939247131,0.5130816698074341,0.3802796006202698
241,1.0919541120529175,0.7772136926651001,0.4891877770423889,0.37999382615089417
242,1.0719119310379028,0.8232361674308777,0.5400087237358093,0.37970566749572754
243,1.0498802661895752,0.7965803146362305,0.5290008187294006,0.38118451833724976
244,1.0849077701568604,0.7756432890892029,0.48861318826675415,0.38058316707611084
245,1.0688287019729614,0.7930113077163696,0.5103902816772461,0.37983617186546326
246,1.078424334526062,0.7836607694625854,0.4959006607532501,0.37991440296173096
247,1.1064507961273193,0.7943230867385864,0.512259840965271,0.37944677472114563
248,1.0847115516662598,0.8353102207183838,0.5320934653282166,0.3790302276611328
249,1.0733472108840942,0.8055524230003357,0.5230875015258789,0.37910500168800354
250,1.1038583517074585,0.8066892027854919,0.5100224614143372,0.3791026175022125
251,1.0627886056900024,0.8092601895332336,0.5307576060295105,0.37791505455970764
252,1.0719492435455322,0.785442590713501,0.5211617350578308,0.37868523597717285
253,1.0768499374389648,0.7915242910385132,0.5210589170455933,0.37904950976371765
254,1.0674517154693604,0.7570613622665405,0.4964393675327301,0.3808237612247467
255,1.0605359077453613,0.8056651949882507,0.5483981370925903,0.3795231580734253
256,1.0398609638214111,0.7978083491325378,0.5074998140335083,0.3790549635887146
257,1.0633379220962524,0.8070160746574402,0.5272297263145447,0.3797016739845276
258,1.0330860614776611,0.7944195866584778,0.5306884050369263,0.37957847118377686
259,1.0657646656036377,0.7938886880874634,0.5474146008491516,0.3810102641582489
260,1.0725375413894653,0.7845555543899536,0.5088135004043579,0.3802776336669922
261,1.1017507314682007,0.8296560645103455,0.5108885169029236,0.3791816532611847
262,1.045762300491333,0.8065913319587708,0.5147494077682495,0.379128098487854
263,1.0678244829177856,0.8041010499000549,0.5362162590026855,0.37954381108283997
264,1.0805110931396484,0.7834110260009766,0.525248646736145,0.3795069754123688
265,1.0695009231567383,0.7654363512992859,0.5294803380966187,0.3792349398136139
266,1.0542093515396118,0.7777323722839355,0.5505300164222717,0.38005590438842773
267,1.1022717952728271,0.7951666712760925,0.5236217975616455,0.3791126012802124
268,1.0653585195541382,0.7827312350273132,0.4972526431083679,0.3786349296569824
269,1.1075026988983154,0.7751399874687195,0.5333578586578369,0.38035035133361816
270,1.0819470882415771,0.804432213306427,0.5363050103187561,0.37981486320495605
271,1.0806386470794678,0.792461633682251,0.5151388049125671,0.3799806535243988
272,1.0484832525253296,0.7827950716018677,0.527187168598175,0.3805713951587677
273,1.0434578657150269,0.7942416667938232,0.5378280282020569,0.3798615634441376
274,1.067488193511963,0.7782271504402161,0.5469195246696472,0.38048142194747925
275,1.085623860359192,0.815150260925293,0.5403696894645691,0.3812646269798279
276,1.068053960800171,0.7975136637687683,0.5549910664558411,0.3829413950443268
277,1.095557689666748,0.7900721430778503,0.508855402469635,0.3830513656139374
278,1.060953140258789,0.7959315180778503,0.5075191259384155,0.38376206159591675
279,1.0726321935653687,0.771115243434906,0.5114287734031677,0.3850330710411072
280,1.0775941610336304,0.8134162425994873,0.5408552885055542,0.3824138641357422
281,1.0423907041549683,0.7754886746406555,0.551916778087616,0.38208940625190735
282,1.0208078622817993,0.796066403388977,0.5751910209655762,0.3830015957355499
283,1.0982168912887573,0.807500422000885,0.534429669380188,0.38263487815856934
284,1.0602679252624512,0.7710745334625244,0.5378170013427734,0.3841511607170105
285,1.0802124738693237,0.8044928908348083,0.5532770752906799,0.3830054700374603
286,1.0670400857925415,0.7915764451026917,0.5397273302078247,0.3825792670249939
287,1.0659035444259644,0.7953105568885803,0.5290670394897461,0.38245394825935364
288,1.0928786993026733,0.7918175458908081,0.5317211151123047,0.3824804127216339
289,1.0458883047103882,0.785008430480957,0.5231193900108337,0.3824167251586914
290,1.019335389137268,0.77386075258255,0.5727943181991577,0.3836750090122223
291,1.036756992340088,0.7814397811889648,0.5517226457595825,0.3834070861339569
292,1.0611598491668701,0.7853755354881287,0.5402901768684387,0.38298365473747253
293,1.0823873281478882,0.8016660213470459,0.5283037424087524,0.3821019232273102
294,1.0846195220947266,0.7702184319496155,0.5069583058357239,0.38475292921066284
295,1.0575957298278809,0.7943520545959473,0.5252564549446106,0.3834717571735382
296,1.0719560384750366,0.7716610431671143,0.5477278232574463,0.383991539478302
297,1.0444879531860352,0.7831025719642639,0.5177673697471619,0.3828032910823822
298,1.0663269758224487,0.7959224581718445,0.5330595374107361,0.38189077377319336
299,1.0699267387390137,0.7842507362365723,0.574094295501709,0.38271039724349976
300,1.0876588821411133,0.7749425768852234,0.5306134223937988,0.3825194537639618
301,1.0283825397491455,0.8208393454551697,0.5413451790809631,0.38006770610809326
302,1.0625159740447998,0.7959188222885132,0.5116055607795715,0.381048321723938
303,1.034950613975525,0.7875980734825134,0.5194422602653503,0.38131484389305115
304,1.0612679719924927,0.7978834509849548,0.5256719589233398,0.38162922859191895
305,1.0755926370620728,0.7943134903907776,0.5160173773765564,0.382061630487442
306,0.9969369769096375,0.7616557478904724,0.5158660411834717,0.38247808814048767
307,1.038525938987732,0.7897528409957886,0.5470500588417053,0.3808163106441498
308,1.0670504570007324,0.7974177598953247,0.5405776500701904,0.38179799914360046
309,1.0496156215667725,0.7670124769210815,0.5678163170814514,0.3816513121128082
310,1.0730127096176147,0.7804474234580994,0.5251373648643494,0.38263067603111267
311,1.044831395149231,0.770293653011322,0.5253112316131592,0.3844168484210968
312,1.0328673124313354,0.7861009836196899,0.544815182685852,0.38361865282058716
313,1.0488965511322021,0.7674129605293274,0.5423249006271362,0.3832297623157501
314,1.0398898124694824,0.7771962881088257,0.5305312871932983,0.38237264752388
315,1.0779603719711304,0.7776658535003662,0.5391824245452881,0.38257166743278503
316,1.042743444442749,0.7849932312965393,0.5455227494239807,0.38227277994155884
317,1.02466881275177,0.7666124701499939,0.5504842400550842,0.3825976252555847
318,1.0649590492248535,0.8015149831771851,0.5100572109222412,0.38165101408958435
319,1.0430690050125122,0.7951167225837708,0.5633320212364197,0.3828281760215759
320,1.0592085123062134,0.7612035870552063,0.5612577795982361,0.3852256238460541
321,1.067150354385376,0.7780882120132446,0.5443762540817261,0.38517144322395325
322,1.083869218826294,0.7810190320014954,0.5197584629058838,0.38538774847984314
323,1.0243964195251465,0.7707073092460632,0.5566113591194153,0.3848661482334137
324,1.016857624053955,0.7635650038719177,0.5336633920669556,0.38517218828201294
325,1.0335217714309692,0.769652783870697,0.5493499040603638,0.3850032389163971
326,1.0076459646224976,0.7690693140029907,0.5839725136756897,0.3852657377719879
327,1.0395326614379883,0.7700660228729248,0.5609529614448547,0.3857436776161194
328,1.0396066904067993,0.7631737589836121,0.5561323165893555,0.3867320418357849
329,1.012765884399414,0.7634508609771729,0.5524470210075378,0.38689422607421875
330,0.9954241514205933,0.766118586063385,0.5476067662239075,0.3863322138786316
331,1.0205475091934204,0.7583326697349548,0.5571005940437317,0.3859140872955322
332,1.035341501235962,0.7825343012809753,0.5547862648963928,0.3839678168296814
333,1.0500229597091675,0.744047999382019,0.532124936580658,0.3859403729438782
334,1.0565317869186401,0.771853506565094,0.545343279838562,0.38617822527885437
335,1.0474605560302734,0.7709107398986816,0.5374640226364136,0.38501062989234924
336,1.0344873666763306,0.7650455832481384,0.5734044313430786,0.38677921891212463
337,1.0451353788375854,0.7768501043319702,0.5611088275909424,0.3870943784713745
338,1.0408287048339844,0.7433732748031616,0.5364503860473633,0.3897014856338501
339,1.044985055923462,0.7469745874404907,0.5813822150230408,0.3916876018047333
340,1.0634475946426392,0.7827017903327942,0.5493422746658325,0.3891005516052246
341,1.0479918718338013,0.7755520939826965,0.5333946347236633,0.38804635405540466
342,1.0455738306045532,0.8001317977905273,0.5836480855941772,0.38691553473472595
343,1.014775037765503,0.7589131593704224,0.5697769522666931,0.3894484341144562
344,1.0481977462768555,0.7819246053695679,0.5693935751914978,0.38920828700065613
345,1.0514166355133057,0.7574979662895203,0.5534765720367432,0.3897356390953064
346,1.014689326286316,0.7368411421775818,0.569378674030304,0.38942188024520874
347,1.016958236694336,0.7689284682273865,0.5714129209518433,0.3895353376865387
348,1.0126287937164307,0.7450448870658875,0.5821247100830078,0.3903299570083618
349,1.0212280750274658,0.7475911378860474,0.5570347905158997,0.39077523350715637
350,1.0139118432998657,0.7680558562278748,0.5562716722488403,0.38942307233810425
351,1.065058708190918,0.7767751812934875,0.5944441556930542,0.3895217180252075
352,1.0275814533233643,0.7798094749450684,0.569948136806488,0.38909912109375
353,1.0560903549194336,0.774791955947876,0.5671877861022949,0.3892349302768707
354,1.0617480278015137,0.759001612663269,0.5468745827674866,0.3891903758049011
355,1.05741286277771,0.755039632320404,0.5416791439056396,0.38959988951683044
356,1.0093358755111694,0.7634602189064026,0.5500032901763916,0.3887162506580353
357,1.0401264429092407,0.7874186635017395,0.559249997138977,0.3876330852508545
358,1.0526551008224487,0.7591647505760193,0.5551786422729492,0.38842058181762695
359,1.0324091911315918,0.757171630859375,0.5675557255744934,0.3890414535999298
360,1.0025103092193604,0.7358655333518982,0.5958252549171448,0.3912738561630249
361,1.0299960374832153,0.772497832775116,0.5764820575714111,0.3905974328517914
362,1.0243513584136963,0.7417251467704773,0.5605527758598328,0.38993915915489197
363,1.0093411207199097,0.7751020789146423,0.5359928607940674,0.38886120915412903
364,1.027612566947937,0.7610602378845215,0.5621763467788696,0.38901257514953613
365,1.0053881406784058,0.7649840712547302,0.5979307889938354,0.3891017735004425
366,1.0565986633300781,0.760446310043335,0.5618349313735962,0.38976341485977173
367,1.0199826955795288,0.7808969616889954,0.5801125764846802,0.39063987135887146
368,1.0345908403396606,0.7594554424285889,0.5847406387329102,0.39239105582237244
369,0.9811027646064758,0.7611479759216309,0.5780237317085266,0.3911775052547455
370,1.0072858333587646,0.7596727609634399,0.5278899073600769,0.39174777269363403
371,1.0094568729400635,0.7444638609886169,0.5620717406272888,0.3915335536003113
372,1.028335452079773,0.7479039430618286,0.5701961517333984,0.3919762670993805
373,0.9935126900672913,0.7351597547531128,0.5796816945075989,0.3891749382019043
374,1.0014897584915161,0.7400192022323608,0.5593074560165405,0.3891955316066742
375,0.9967148900032043,0.7428329586982727,0.5616812705993652,0.38966211676597595
376,1.0522435903549194,0.7440406084060669,0.5715161561965942,0.38872283697128296
377,1.0109847784042358,0.761145293712616,0.5877474546432495,0.3876679837703705
378,1.0558308362960815,0.7635106444358826,0.5675197243690491,0.38763174414634705
379,1.0079346895217896,0.7579042911529541,0.6060429215431213,0.3877817392349243
380,0.9878146648406982,0.7360401749610901,0.5979704260826111,0.3884473443031311
381,1.0150306224822998,0.7536554932594299,0.5731540322303772,0.38721153140068054
382,0.9842994809150696,0.7416894435882568,0.5758363008499146,0.38778460025787354
383,1.044533610343933,0.7597203254699707,0.5767322778701782,0.3874998688697815
384,1.0054395198822021,0.7510803937911987,0.5913380980491638,0.3887791037559509
385,0.9931570887565613,0.7454651594161987,0.596432089805603,0.388605535030365
386,1.0282388925552368,0.7625585794448853,0.5762947797775269,0.38936811685562134
387,1.0068089962005615,0.7437891960144043,0.5906774997711182,0.3896397054195404
388,1.007858157157898,0.7547082304954529,0.5745360255241394,0.38943934440612793
389,1.0524190664291382,0.7415032386779785,0.526078462600708,0.39022308588027954
390,0.9958382844924927,0.7509901523590088,0.5888128876686096,0.38866299390792847
391,1.0274765491485596,0.7533911466598511,0.5375362038612366,0.38948750495910645
392,1.0015212297439575,0.7584489583969116,0.5882489681243896,0.38654109835624695
393,1.0186100006103516,0.7457719445228577,0.5959370136260986,0.38768234848976135
394,1.0213353633880615,0.7502681612968445,0.6251968145370483,0.3886551558971405
395,1.036399006843567,0.7552657723426819,0.5948922038078308,0.3885238766670227
396,0.987747073173523,0.7482436895370483,0.5655651092529297,0.38826224207878113
397,1.0061942338943481,0.7537249326705933,0.6105060577392578,0.3869149088859558
398,1.0052237510681152,0.7424196004867554,0.5707934498786926,0.38734325766563416
399,1.020806908607483,0.7665344476699829,0.5820646286010742,0.38737988471984863
400,1.0329504013061523,0.7552506923675537,0.5630995035171509,0.38817110657691956
401,1.0301326513290405,0.7523177266120911,0.5925540924072266,0.3884633779525757
402,1.0075818300247192,0.7517285346984863,0.5844156742095947,0.3867558240890503
403,0.9982696771621704,0.757695198059082,0.5581109523773193,0.38516488671302795
404,1.0118677616119385,0.7401366233825684,0.564835250377655,0.3853764235973358
405,1.0662438869476318,0.7500678896903992,0.565278947353363,0.3835192322731018
406,1.00924551486969,0.7456647753715515,0.5888701677322388,0.38366246223449707
407,1.0030913352966309,0.7612490653991699,0.5767732262611389,0.38205888867378235
408,1.0066570043563843,0.7392703890800476,0.5823240876197815,0.3825036585330963
409,1.0115346908569336,0.745376467704773,0.582960307598114,0.3825646638870239
410,1.0010287761688232,0.7341081500053406,0.5654674768447876,0.3830347955226898
411,0.9831231832504272,0.7425448894500732,0.5841262340545654,0.3839850127696991
412,0.9981821775436401,0.7483856678009033,0.5856002569198608,0.38271382451057434
413,1.0029983520507812,0.7699927687644958,0.606781542301178,0.38209429383277893
414,1.028233528137207,0.7419551610946655,0.581190288066864,0.3840164244174957
415,1.0427484512329102,0.7576367855072021,0.5391897559165955,0.38324102759361267
416,0.9825247526168823,0.7355685830116272,0.5954510569572449,0.38362646102905273
417,0.9986751079559326,0.7583954930305481,0.593521237373352,0.3834114968776703
418,1.0061966180801392,0.7343605160713196,0.6138076782226562,0.3840857446193695
419,1.014297366142273,0.7479355335235596,0.5900980830192566,0.3834519684314728
420,0.9990026950836182,0.7328804135322571,0.5892280340194702,0.3824428915977478
421,1.0436066389083862,0.7428991198539734,0.5942161679267883,0.3823845386505127
422,0.976395308971405,0.7496404051780701,0.59104323387146,0.3834483325481415
423,0.9882442951202393,0.7514523863792419,0.6164976358413696,0.3840509355068207
424,1.0119365453720093,0.7416311502456665,0.5583174228668213,0.38428378105163574
425,1.0141311883926392,0.749524712562561,0.589510440826416,0.3850240409374237
426,1.0426452159881592,0.7341406345367432,0.6056942939758301,0.38449397683143616
427,1.010133147239685,0.7604378461837769,0.6098607182502747,0.38321128487586975
428,1.0056792497634888,0.7607322931289673,0.5750532150268555,0.38135743141174316
429,0.9949498176574707,0.7496125102043152,0.5888065695762634,0.38269639015197754
430,0.9998785257339478,0.7394106388092041,0.5910207033157349,0.38316845893859863
431,0.9872012734413147,0.7449040412902832,0.6136395335197449,0.3834640383720398
432,0.993040919303894,0.7479051351547241,0.5903925895690918,0.3851899802684784
433,1.0158263444900513,0.7519978880882263,0.6055213809013367,0.38591834902763367
434,1.0195544958114624,0.7416595816612244,0.6015994548797607,0.384989857673645
435,0.9821591377258301,0.7424163222312927,0.5874447226524353,0.38338667154312134
436,0.9777204990386963,0.7480551600456238,0.6076855659484863,0.3828306198120117
437,1.0028058290481567,0.7505952715873718,0.5931892991065979,0.3830759823322296
438,0.9794662594795227,0.7549327611923218,0.6096461415290833,0.38382935523986816
439,0.9608872532844543,0.7419050335884094,0.6238008141517639,0.3855847716331482
440,0.965488851070404,0.7446525692939758,0.6063282489776611,0.3840482831001282
441,0.9741771221160889,0.7673642635345459,0.6155669093132019,0.3822905719280243
442,0.9732064604759216,0.7555403113365173,0.6015946865081787,0.38271865248680115
443,0.9577113389968872,0.7515525817871094,0.6071529984474182,0.38496071100234985
444,0.996922492980957,0.7492761611938477,0.5974116921424866,0.3845894932746887
445,0.9979641437530518,0.7652164697647095,0.5906875133514404,0.3835228681564331
446,0.9961773753166199,0.7523267865180969,0.60662442445755,0.3840046226978302
447,0.9794538617134094,0.7425337433815002,0.5968080163002014,0.3844340145587921
448,0.9825981259346008,0.730950653553009,0.5849887132644653,0.38313746452331543
449,0.9539477229118347,0.7509009838104248,0.6208548545837402,0.3815353214740753
450,1.0123379230499268,0.7270476222038269,0.5637696385383606,0.3832508325576782
451,0.9691155552864075,0.7521803379058838,0.6108431220054626,0.3826090395450592
452,0.998437762260437,0.7596345543861389,0.5975269675254822,0.3798271119594574
453,0.9998154044151306,0.7453569173812866,0.5989818572998047,0.3805003762245178
454,0.969140887260437,0.7504906058311462,0.6300310492515564,0.3812222480773926
455,0.9954562783241272,0.7485676407814026,0.5864506959915161,0.3811081647872925
456,0.969221830368042,0.7512574195861816,0.6275622844696045,0.38307809829711914
457,0.9818645119667053,0.7473860383033752,0.6251182556152344,0.3825552463531494
458,0.9922260642051697,0.7432064414024353,0.6154043674468994,0.3830549716949463
459,0.973972737789154,0.747016191482544,0.631280779838562,0.38252899050712585
460,0.9757159352302551,0.742906928062439,0.606494128704071,0.38145655393600464
461,0.9863784909248352,0.7557340264320374,0.5985046029090881,0.379042387008667
462,0.9911616444587708,0.7360861897468567,0.5817403793334961,0.37738198041915894
463,0.9551515579223633,0.77488112449646,0.6305617094039917,0.37285441160202026
464,1.0035721063613892,0.7378101348876953,0.6077414751052856,0.3757971525192261
465,1.0133322477340698,0.7520943284034729,0.5832372307777405,0.37745702266693115
466,0.9636934995651245,0.7429629564285278,0.6277632117271423,0.3773106038570404
467,0.9840672612190247,0.7498031854629517,0.590683102607727,0.3787648379802704
468,0.9611347913742065,0.7408499121665955,0.6287868022918701,0.3785676658153534
469,0.9978205561637878,0.7483717203140259,0.5956080555915833,0.3779754042625427
470,0.9954192042350769,0.7362189292907715,0.5922670960426331,0.37917599081993103
471,0.9700295925140381,0.73026442527771,0.6154018640518188,0.38081905245780945
472,0.9467733502388,0.7379778623580933,0.6089290976524353,0.38132473826408386
473,0.9760845899581909,0.7412733435630798,0.6034420728683472,0.38108476996421814
474,0.9701429605484009,0.7366667985916138,0.6278956532478333,0.3814224600791931
475,0.982542872428894,0.7546353936195374,0.600554883480072,0.3795420825481415
476,0.9763129949569702,0.7302902340888977,0.6262584328651428,0.38223782181739807
477,0.9969145059585571,0.739512026309967,0.5916990637779236,0.38001635670661926
478,0.956854522228241,0.7385754585266113,0.5997511148452759,0.37829768657684326
479,0.9650627374649048,0.7378737926483154,0.6043444871902466,0.37898722290992737
480,0.976103663444519,0.733971118927002,0.5925978422164917,0.3798130452632904
481,0.9965865015983582,0.7506778240203857,0.6175682544708252,0.3771067261695862
482,0.9161196947097778,0.7386792302131653,0.636712372303009,0.3776325285434723
483,0.9843858480453491,0.7301670908927917,0.5831960439682007,0.37892016768455505
484,0.9734573364257812,0.7209846377372742,0.5934569239616394,0.38095182180404663
485,0.9725138545036316,0.7446705102920532,0.6109827160835266,0.3822559714317322
486,0.965020477771759,0.7564213871955872,0.616321861743927,0.3783476650714874
487,1.0018975734710693,0.7430575489997864,0.6161889433860779,0.3777352571487427
488,0.9971542358398438,0.7605277299880981,0.5863819122314453,0.37728938460350037
489,0.9602700471878052,0.762120246887207,0.6122764945030212,0.3779410719871521
490,0.9756407141685486,0.7456698417663574,0.6224203705787659,0.3794304132461548
491,0.9633837938308716,0.7351994514465332,0.5938059687614441,0.3803102970123291
492,0.9823101758956909,0.7521748542785645,0.6058506369590759,0.3804500699043274
493,0.969922661781311,0.7347549796104431,0.6029568910598755,0.37988796830177307
494,0.9576649069786072,0.7405506372451782,0.61973637342453,0.3815833628177643
495,0.9905352592468262,0.7395249009132385,0.6175113320350647,0.381373792886734
496,0.9970909357070923,0.740832507610321,0.591598629951477,0.37921109795570374
497,0.9299386143684387,0.7373189330101013,0.6152592897415161,0.37882909178733826
498,0.9886568784713745,0.738762378692627,0.6006299257278442,0.37848225235939026
499,0.9855162501335144,0.7400438189506531,0.606421172618866,0.3771846294403076
500,0.9638949632644653,0.7415019273757935,0.5995141863822937,0.37888476252555847
501,0.9976745843887329,0.7464457750320435,0.6063598990440369,0.3790278434753418
502,0.9736568927764893,0.7314527034759521,0.6132462620735168,0.3821660876274109
503,0.9271713495254517,0.7353389859199524,0.638498067855835,0.3794349730014801
504,0.9443923830986023,0.7522962689399719,0.611852765083313,0.37798601388931274
505,0.9584086537361145,0.7323724031448364,0.6457086205482483,0.3803213834762573
506,0.9548608064651489,0.7408555746078491,0.6244918704032898,0.37868577241897583
507,0.9659914970397949,0.7421707510948181,0.602358877658844,0.3762374222278595
508,0.9754963517189026,0.7372170686721802,0.6165333986282349,0.3755350410938263
509,0.9833208918571472,0.7273609638214111,0.6093090176582336,0.3759881556034088
510,0.9859198331832886,0.745110809803009,0.6318393349647522,0.37383463978767395
511,0.9741396903991699,0.7278317213058472,0.6077122688293457,0.37672340869903564
512,0.9720454812049866,0.7352498769760132,0.6214275360107422,0.3742983043193817
513,0.9673579335212708,0.7328755259513855,0.6418074369430542,0.37342891097068787
514,0.9563363194465637,0.7500613331794739,0.626993715763092,0.37173008918762207
515,0.9480488300323486,0.7383009195327759,0.6207103729248047,0.3736121952533722
516,0.9871942400932312,0.7414325475692749,0.5977165102958679,0.37448176741600037
517,0.9681686162948608,0.7430601716041565,0.598151683807373,0.3733019232749939
518,0.9713345766067505,0.7462875843048096,0.6172746419906616,0.3731471300125122
519,0.9851970076560974,0.7338806986808777,0.6017013788223267,0.37474822998046875
520,0.992181122303009,0.7378917336463928,0.6235543489456177,0.37511926889419556
521,0.9498478770256042,0.7253477573394775,0.6505755186080933,0.3752683103084564
522,0.9204686284065247,0.7445470094680786,0.6425797939300537,0.37348678708076477
523,0.9301603436470032,0.7423108220100403,0.6581466794013977,0.3760102391242981
524,0.9626297354698181,0.7344083786010742,0.6196324229240417,0.37375736236572266
525,0.9698384404182434,0.7462028861045837,0.6223919987678528,0.37281742691993713
526,0.9353048801422119,0.7330905795097351,0.6410127282142639,0.3752305209636688
527,0.9558990597724915,0.7287022471427917,0.5974218845367432,0.3740623891353607
528,0.9943432211875916,0.7394165396690369,0.587202250957489,0.37250393629074097
529,0.9932652115821838,0.7257307767868042,0.604740560054779,0.3741949498653412
530,0.9476701617240906,0.7327216267585754,0.6248908638954163,0.37375757098197937
531,0.959204375743866,0.7415017485618591,0.6161195039749146,0.3723719120025635
532,0.9534299969673157,0.7444632053375244,0.6197224259376526,0.3723771870136261
533,0.9681084752082825,0.7366696000099182,0.6109455227851868,0.3723314106464386
534,0.9420673847198486,0.7417736649513245,0.6506776213645935,0.37208959460258484
535,0.9286504983901978,0.7265216708183289,0.6122888326644897,0.3737249970436096
536,0.9078274965286255,0.7343801259994507,0.6705334782600403,0.3721983730792999
537,0.9718064665794373,0.7365239262580872,0.6093522906303406,0.3718312084674835
538,0.9710719585418701,0.7308968901634216,0.6284001469612122,0.37165844440460205
539,0.97176593542099,0.7567694783210754,0.601445198059082,0.3697793185710907
540,0.9540597796440125,0.7346462607383728,0.6229164600372314,0.37272000312805176
541,0.9508445858955383,0.7376505136489868,0.5967490673065186,0.37258490920066833
542,0.9513357281684875,0.7295916080474854,0.6062927842140198,0.37301376461982727
543,0.9432207942008972,0.7398935556411743,0.6301774382591248,0.3708251118659973
544,0.984342634677887,0.7293647527694702,0.5869065523147583,0.3720671832561493
545,0.93922358751297,0.7211853861808777,0.6292635202407837,0.3727879226207733
546,0.9594000577926636,0.7277624011039734,0.6302510499954224,0.3714965879917145
547,0.9639782905578613,0.72957843542099,0.6466608643531799,0.3719315528869629
548,0.9789355397224426,0.7338276505470276,0.6191502809524536,0.3711070120334625
549,0.9765040278434753,0.7200397849082947,0.605091392993927,0.37114471197128296
550,0.9661732316017151,0.7263194918632507,0.5946552157402039,0.37118029594421387
551,0.9586064219474792,0.7260969877243042,0.6212923526763916,0.3714507520198822
552,0.9557643532752991,0.7268998026847839,0.6471078395843506,0.37213608622550964
553,0.9503719806671143,0.7360376119613647,0.6156816482543945,0.3714425563812256
554,0.925147533416748,0.7258059978485107,0.6474992036819458,0.37235933542251587
555,0.9338064789772034,0.728887140750885,0.6328833103179932,0.3720468282699585
556,0.9590926766395569,0.7263575792312622,0.6402570605278015,0.371914267539978
557,0.9794526696205139,0.7483628988265991,0.6258988976478577,0.3683012127876282
558,0.9227609634399414,0.7306419610977173,0.6176037192344666,0.3703259229660034
559,0.9216383695602417,0.7251654863357544,0.6581137180328369,0.37056994438171387
560,0.9528875350952148,0.7194578647613525,0.6255795955657959,0.3716868758201599
561,0.9430450201034546,0.7343748807907104,0.642910361289978,0.36734065413475037
562,0.9616851806640625,0.7370683550834656,0.6533604860305786,0.3691864609718323
563,0.9387792944908142,0.7274315357208252,0.6182650327682495,0.3681314289569855
564,0.96622633934021,0.7263568639755249,0.6096878051757812,0.3690625727176666
565,0.9424421787261963,0.7297671437263489,0.6414213180541992,0.36873990297317505
566,0.947454571723938,0.7211729884147644,0.6135396361351013,0.37037625908851624
567,0.9482343792915344,0.722075343132019,0.6450312733650208,0.37040188908576965
568,0.9436566233634949,0.7231281995773315,0.6415911316871643,0.3715478181838989
569,0.9274394512176514,0.719984233379364,0.6423221230506897,0.3738234341144562
570,0.9403513669967651,0.7217668890953064,0.6243874430656433,0.3714088499546051
571,0.9677329659461975,0.7270435094833374,0.6112000942230225,0.3700970411300659
572,0.9259322881698608,0.7292914986610413,0.6585553288459778,0.37106645107269287
573,0.9791263937950134,0.7411540746688843,0.6211851239204407,0.3708651661872864
574,0.9569821357727051,0.727565348148346,0.617106020450592,0.37262603640556335
575,0.9667199850082397,0.7282878160476685,0.6350849866867065,0.3747303783893585
576,0.8978390097618103,0.7202009558677673,0.6381139159202576,0.3731226623058319
577,0.9561957120895386,0.7420947551727295,0.6397041082382202,0.37170183658599854
578,0.9386140704154968,0.7347104549407959,0.6626868844032288,0.37308043241500854
579,0.9300848245620728,0.7296587824821472,0.6626577377319336,0.3725447952747345
580,0.952631950378418,0.7197647094726562,0.6333891749382019,0.3730051517486572
581,0.9475279450416565,0.7374294996261597,0.6325995922088623,0.3716290295124054
582,0.9635993838310242,0.7420358657836914,0.6439847946166992,0.3700409233570099
583,0.9225171208381653,0.7357287406921387,0.6362366080284119,0.37038862705230713
584,0.9743406772613525,0.7276657819747925,0.6264318227767944,0.3700850307941437
585,0.9582228064537048,0.7420071959495544,0.6427284479141235,0.3687407970428467
586,0.9474127292633057,0.7358525991439819,0.6352834105491638,0.36933696269989014
587,0.9609929323196411,0.7373008728027344,0.6442073583602905,0.36997416615486145
588,0.9409673810005188,0.7326381802558899,0.6686974167823792,0.37121132016181946
589,0.926257312297821,0.7307964563369751,0.6266809701919556,0.3706014156341553
590,0.9291511178016663,0.7277301549911499,0.6642621159553528,0.3699962794780731
591,0.9654297232627869,0.7257691621780396,0.6288382411003113,0.3692861497402191
592,0.9557974338531494,0.7243778705596924,0.6324099898338318,0.3694295585155487
593,0.9464448094367981,0.7257827520370483,0.6118919253349304,0.3692639172077179
594,0.9378944635391235,0.7375171780586243,0.6627944111824036,0.3697679340839386
595,0.93113112449646,0.7366901636123657,0.6455814838409424,0.3706997334957123
596,0.9570053219795227,0.7306159734725952,0.6140754818916321,0.37195539474487305
597,0.9386033415794373,0.7235221862792969,0.6214435696601868,0.3712894022464752
598,0.9144218564033508,0.7336456775665283,0.6472663879394531,0.36824992299079895
599,0.9720498919487,0.7326767444610596,0.6276209950447083,0.3696737289428711
600,0.945594310760498,0.7234733700752258,0.642243504524231,0.3734428584575653
601,0.9202325344085693,0.7181993722915649,0.6656248569488525,0.3757672905921936
602,0.942725658416748,0.7353090047836304,0.6370306015014648,0.37216800451278687
603,0.9545260667800903,0.7229216694831848,0.6122618913650513,0.37382733821868896
604,0.9449090361595154,0.7175991535186768,0.660381019115448,0.3744281828403473
605,0.9507160782814026,0.7200321555137634,0.6299406886100769,0.37152957916259766
606,0.9709113836288452,0.7209213972091675,0.6412585377693176,0.3701449930667877
607,0.9377683997154236,0.7134326696395874,0.6505981087684631,0.37467923760414124
608,0.9429389834403992,0.7179781794548035,0.6621562838554382,0.374168336391449
609,0.9542409181594849,0.7258878946304321,0.6528348922729492,0.37338876724243164
610,0.948936939239502,0.71506267786026,0.647502064704895,0.37310531735420227
611,0.9025459289550781,0.7231804132461548,0.6691960692405701,0.3721427917480469
612,0.940026581287384,0.7244381308555603,0.6591185331344604,0.37317517399787903
613,0.9662719964981079,0.7372862100601196,0.6499810218811035,0.370988667011261
614,0.945692777633667,0.7223225831985474,0.6551583409309387,0.3750477135181427
615,0.9385310411453247,0.7287119030952454,0.6361223459243774,0.37345901131629944
616,0.9363135099411011,0.7252500057220459,0.6181097626686096,0.37346652150154114
617,0.948185384273529,0.7243338823318481,0.6487050652503967,0.37445223331451416
618,0.9533697962760925,0.7176390886306763,0.6338255405426025,0.3768860697746277
619,0.9086976647377014,0.7146700024604797,0.6546618342399597,0.37697577476501465
620,0.9364789128303528,0.7212690114974976,0.6463367938995361,0.3747480809688568
621,0.972761869430542,0.7151364684104919,0.6255273818969727,0.3720465898513794
622,0.9285898208618164,0.7204930186271667,0.6507619023323059,0.3729300796985626
623,0.909821629524231,0.7294284701347351,0.6467379331588745,0.37111029028892517
624,0.9113330245018005,0.7249710559844971,0.6637237668037415,0.37374183535575867
625,0.9096683859825134,0.7213183045387268,0.6428362131118774,0.3749549686908722
626,0.9285199046134949,0.7259339690208435,0.6472883224487305,0.3730265200138092
627,0.9399889707565308,0.7229362726211548,0.6288489103317261,0.37438473105430603
628,0.9464396834373474,0.7194936871528625,0.6352688074111938,0.3740907609462738
629,0.939689040184021,0.7188833951950073,0.6445291638374329,0.37157320976257324
630,0.9259275794029236,0.7260556221008301,0.667752742767334,0.3699169158935547
631,0.9195175170898438,0.7199176549911499,0.674856960773468,0.37272292375564575
632,0.9287039041519165,0.7246155142784119,0.6400852799415588,0.3712490200996399
633,0.9457929730415344,0.7153459191322327,0.661525309085846,0.3719971477985382
634,0.9209715127944946,0.7133451104164124,0.6512053608894348,0.37555521726608276
635,0.9137485027313232,0.7089924812316895,0.6470087766647339,0.37501874566078186
636,0.9494264125823975,0.7234809994697571,0.6234961152076721,0.3701542615890503
637,0.9015904068946838,0.7179553508758545,0.6544762849807739,0.3714947998523712
638,0.9529958963394165,0.7128350138664246,0.6522498726844788,0.37400779128074646
639,0.9363369941711426,0.7187214493751526,0.6325325965881348,0.3721073269844055
640,0.96828293800354,0.7269207239151001,0.6188745498657227,0.37140733003616333
641,0.9547395706176758,0.7203922867774963,0.631220281124115,0.3733561336994171
642,0.9388236999511719,0.7274693846702576,0.6434784531593323,0.3729999363422394
643,0.9338546395301819,0.7112996578216553,0.6370261907577515,0.3765678107738495
644,0.9051698446273804,0.7148176431655884,0.6477677822113037,0.3742310106754303
645,0.9096423387527466,0.7130523324012756,0.6680643558502197,0.3756158947944641
646,0.914486825466156,0.7106376886367798,0.6725634336471558,0.376194030046463
647,0.9328691363334656,0.7208019495010376,0.6647288799285889,0.3743569254875183
648,0.9408944249153137,0.7133162617683411,0.6416651010513306,0.37244048714637756
649,0.9526883363723755,0.7180326581001282,0.6043915152549744,0.3716646730899811
650,0.9285181760787964,0.7232872247695923,0.6746706962585449,0.3737144470214844
651,0.9429773092269897,0.7131961584091187,0.6620431542396545,0.3754081130027771
652,0.9153693914413452,0.7167962193489075,0.6822436451911926,0.3773542642593384
653,0.9391812086105347,0.7076234221458435,0.6513159275054932,0.37844693660736084
654,0.9530400037765503,0.7095035314559937,0.6343291401863098,0.37702497839927673
655,0.9379878640174866,0.7131844162940979,0.6286678910255432,0.3764459490776062
656,0.91606205701828,0.713298499584198,0.6507028341293335,0.3763324022293091
657,0.9093040227890015,0.7115128040313721,0.6541529893875122,0.3768387734889984
658,0.9175636172294617,0.7093889117240906,0.6383057832717896,0.3771757483482361
659,0.9625730514526367,0.7040919065475464,0.6398054957389832,0.37678685784339905
660,0.9240451455116272,0.7072847485542297,0.6686229705810547,0.3761610686779022
661,0.8994091749191284,0.7080466151237488,0.6464101672172546,0.3787533640861511
662,0.9187484979629517,0.7104505300521851,0.653265118598938,0.3752859830856323
663,0.9436008930206299,0.7164873480796814,0.623191237449646,0.3727138042449951
664,0.9367419481277466,0.7046223878860474,0.6396656036376953,0.377265602350235
665,0.9430494904518127,0.7106401324272156,0.6676521897315979,0.3770957291126251
666,0.9599242806434631,0.7007116079330444,0.6224504113197327,0.37914982438087463
667,0.8963966369628906,0.7071213126182556,0.6557857990264893,0.3762725591659546
668,0.9213742017745972,0.7058312892913818,0.6368383765220642,0.3775827884674072
669,0.9468540549278259,0.7093783020973206,0.6289336681365967,0.37545672059059143
670,0.9244236350059509,0.7207768559455872,0.630067765712738,0.3724995255470276
671,0.9487938284873962,0.7088715434074402,0.6366093754768372,0.37847474217414856
672,0.9218051433563232,0.7063521146774292,0.6242511868476868,0.37796881794929504
673,0.9246442914009094,0.70772385597229,0.6360642910003662,0.3785918653011322
674,0.9258924722671509,0.7111821174621582,0.6469843983650208,0.3774394094944
675,0.913824200630188,0.7191069722175598,0.6457417011260986,0.3751569986343384
676,0.903389573097229,0.7189587950706482,0.670951783657074,0.37684136629104614
677,0.8970182538032532,0.7166695594787598,0.6676948070526123,0.3757719099521637
678,0.9446396231651306,0.7135899662971497,0.6452711820602417,0.3755413889884949
679,0.9167724847793579,0.7231993675231934,0.6679675579071045,0.37589940428733826
680,0.9320660829544067,0.7107199430465698,0.6383810043334961,0.37631499767303467
681,0.935750424861908,0.7103855013847351,0.6683916449546814,0.3778584599494934
682,0.9294964671134949,0.708666980266571,0.6596177220344543,0.3751763701438904
683,0.9014767408370972,0.7136347889900208,0.6707717180252075,0.37406933307647705
684,0.897219717502594,0.7161150574684143,0.6796132326126099,0.37629130482673645
685,0.8912203907966614,0.7089058756828308,0.6838346719741821,0.37683579325675964
686,0.9241040349006653,0.7074630856513977,0.6384645104408264,0.3772302269935608
687,0.910061776638031,0.7088920474052429,0.6429049968719482,0.37648317217826843
688,0.9147011041641235,0.710924506187439,0.6586571931838989,0.37242391705513
689,0.9448236227035522,0.715864360332489,0.6462379097938538,0.3733617663383484
690,0.9137498140335083,0.7087898254394531,0.6460464596748352,0.374623566865921
691,0.8975288271903992,0.7092199325561523,0.6688928008079529,0.37370166182518005
692,0.8610302805900574,0.7105757594108582,0.6721311807632446,0.3735499978065491
693,0.8807737827301025,0.700891375541687,0.6669192910194397,0.3764644265174866
694,0.8968955874443054,0.7124325037002563,0.6475223898887634,0.3736437261104584
695,0.9134785532951355,0.7099226713180542,0.6670076251029968,0.3760813772678375
696,0.9254985451698303,0.7102466821670532,0.6599491238594055,0.374992698431015
697,0.9193278551101685,0.7186205387115479,0.6415941119194031,0.37170177698135376
698,0.9321539402008057,0.7021878361701965,0.6511310935020447,0.3776494860649109
699,0.9316034317016602,0.7069258093833923,0.6416110396385193,0.3745933473110199
700,0.927383303642273,0.7000701427459717,0.6400986313819885,0.37653452157974243
701,0.8821182250976562,0.7089840769767761,0.6608943343162537,0.3721703886985779
702,0.9092364311218262,0.7141357660293579,0.6420358419418335,0.37091705203056335
703,0.9545417428016663,0.7053050994873047,0.6299309134483337,0.37409132719039917
704,0.8878608345985413,0.7087072730064392,0.6530241370201111,0.3723698556423187
705,0.927843451499939,0.7141599059104919,0.6263344287872314,0.37347057461738586
706,0.8798978924751282,0.7112557291984558,0.6622548699378967,0.37337687611579895
707,0.9384141564369202,0.7135798335075378,0.6196373701095581,0.3721984922885895
708,0.9154534935951233,0.7064868211746216,0.6460711359977722,0.3729357421398163
709,0.901197075843811,0.7033686637878418,0.6726793050765991,0.3746017515659332
710,0.9255752563476562,0.7077043056488037,0.6469472050666809,0.373196005821228
711,0.9122613072395325,0.7074446082115173,0.6547787189483643,0.3755456209182739
712,0.8968238830566406,0.7073153853416443,0.6694688200950623,0.3756098449230194
713,0.9206918478012085,0.7074731588363647,0.6707238554954529,0.3757750391960144
714,0.9236898422241211,0.7199994921684265,0.6624400615692139,0.37146082520484924
715,0.9212346076965332,0.7081425786018372,0.6449055671691895,0.3733592927455902
716,0.9004916548728943,0.7067981362342834,0.6426726579666138,0.37434062361717224
717,0.9390606880187988,0.7100235223770142,0.6821974515914917,0.3734796345233917
718,0.8825721740722656,0.6999240517616272,0.6741443276405334,0.37378525733947754
719,0.8993777632713318,0.7109836339950562,0.6512860059738159,0.3703014552593231
720,0.9273243546485901,0.7205790281295776,0.6595452427864075,0.36860191822052
721,0.937575101852417,0.704767644405365,0.6497765779495239,0.3738490641117096
722,0.907578706741333,0.7175709009170532,0.6626565456390381,0.37245434522628784
723,0.8856768608093262,0.709297239780426,0.6731473207473755,0.3726778030395508
724,0.856795608997345,0.715255081653595,0.697760283946991,0.371346652507782
725,0.9027675986289978,0.7065951228141785,0.675328254699707,0.37400394678115845
726,0.921550452709198,0.7079654335975647,0.6347483396530151,0.3714984357357025
727,0.9320588707923889,0.713708758354187,0.6481951475143433,0.3717047870159149
728,0.9626678824424744,0.7081604599952698,0.6125797629356384,0.37327176332473755
729,0.896534264087677,0.7031571865081787,0.6783333420753479,0.37320926785469055
730,0.9016150236129761,0.7086068391799927,0.6553961634635925,0.3730561137199402
731,0.905587911605835,0.7132014036178589,0.6844537258148193,0.3732447922229767
732,0.9298292398452759,0.7068911194801331,0.666976273059845,0.37690508365631104
733,0.8879397511482239,0.7072778344154358,0.697001576423645,0.3763931095600128
734,0.9262426495552063,0.7100796699523926,0.6580184698104858,0.3745464086532593
735,0.8899514675140381,0.7150279879570007,0.6649824976921082,0.373550146818161
736,0.8840876817703247,0.7162745594978333,0.6679924726486206,0.37054938077926636
737,0.9308428764343262,0.7081999182701111,0.6569893956184387,0.37234121561050415
738,0.8756652474403381,0.7022855877876282,0.701839029788971,0.3731420934200287
739,0.8728258013725281,0.7074089050292969,0.6836849451065063,0.3721788823604584
740,0.9398837089538574,0.7043126225471497,0.6470291614532471,0.370404988527298
741,0.8974692225456238,0.7017913460731506,0.6653631329536438,0.37191298604011536
742,0.9036915898323059,0.706950306892395,0.6493400931358337,0.36958935856819153
743,0.8799995183944702,0.69987553358078,0.6975851058959961,0.3710780441761017
744,0.9026292562484741,0.6996106505393982,0.662915825843811,0.3727162778377533
745,0.9053602814674377,0.7100821137428284,0.6750544905662537,0.3713386654853821
746,0.8913801312446594,0.707635760307312,0.6607629060745239,0.37090957164764404
747,0.9071282744407654,0.7096794843673706,0.6640902757644653,0.37039652466773987
748,0.874060332775116,0.701245903968811,0.6693741083145142,0.3733093738555908
749,0.9128411412239075,0.7209981679916382,0.6582446694374084,0.36893001198768616
750,0.9090449810028076,0.7082335948944092,0.6495261788368225,0.36904311180114746
751,0.9277287125587463,0.7079756259918213,0.6491985321044922,0.3689155876636505
752,0.897811770439148,0.712692141532898,0.6596119999885559,0.3676696717739105
753,0.9096784591674805,0.7107347249984741,0.6570296883583069,0.36983275413513184
754,0.9155983328819275,0.7158028483390808,0.6480836868286133,0.3664509654045105
755,0.8863326907157898,0.7147725224494934,0.7108697891235352,0.3682933747768402
756,0.8851873874664307,0.7129534482955933,0.6720476150512695,0.3690781891345978
757,0.8698689341545105,0.7034472227096558,0.6672613620758057,0.37174418568611145
758,0.898052990436554,0.7057355046272278,0.6657883524894714,0.3707265257835388
759,0.9259932041168213,0.7121294736862183,0.6594494581222534,0.3699868619441986
760,0.9075427055358887,0.7091495394706726,0.665993332862854,0.37103208899497986
761,0.8754497170448303,0.7117017507553101,0.6646655797958374,0.37084266543388367
762,0.8995060324668884,0.7184867858886719,0.669009268283844,0.3683638870716095
763,0.9070863127708435,0.7116667628288269,0.6561294198036194,0.37265047430992126
764,0.9170845150947571,0.7106158137321472,0.6760955452919006,0.3732861578464508
765,0.9047452211380005,0.7081298828125,0.6573287844657898,0.3761507272720337
766,0.896163284778595,0.6980464458465576,0.6361813545227051,0.3773878514766693
767,0.8750942945480347,0.7059758901596069,0.6858686804771423,0.3770555853843689
768,0.92304927110672,0.7110108137130737,0.6618528366088867,0.37566137313842773
769,0.9139941334724426,0.7049060463905334,0.6738688945770264,0.3780636787414551
770,0.8839959502220154,0.7067034244537354,0.6718415021896362,0.37818625569343567
771,0.9095575213432312,0.7153761386871338,0.6876088380813599,0.3738578259944916
772,0.8859957456588745,0.7114415168762207,0.6639896035194397,0.3767333924770355
773,0.8821223378181458,0.7034545540809631,0.6741019487380981,0.37719953060150146
774,0.8840548992156982,0.7059367299079895,0.658656895160675,0.3744592070579529
775,0.9132228493690491,0.7042720317840576,0.6644684672355652,0.3755524158477783
776,0.8585203886032104,0.7162528038024902,0.6926946640014648,0.37058284878730774
777,0.9097073078155518,0.7110961079597473,0.6497033834457397,0.37229809165000916
778,0.8987455368041992,0.7082995772361755,0.6678004860877991,0.37233367562294006
779,0.9034735560417175,0.7112361192703247,0.6627621054649353,0.3706394135951996
780,0.8900923132896423,0.7089062333106995,0.660923957824707,0.37029099464416504
781,0.8597067594528198,0.7049356698989868,0.7062784433364868,0.37047725915908813
782,0.937910795211792,0.7063481211662292,0.6353297829627991,0.3706302344799042
783,0.8684107661247253,0.7091528177261353,0.6629104614257812,0.3677501380443573
784,0.8873364329338074,0.7163052558898926,0.6695018410682678,0.3665918707847595
785,0.922042191028595,0.6996200084686279,0.6308208107948303,0.37057581543922424
786,0.9006679058074951,0.7033634185791016,0.6794865727424622,0.3685474991798401
787,0.877880871295929,0.6928771734237671,0.6729311347007751,0.3727905750274658
788,0.8887564539909363,0.6994949579238892,0.6625235080718994,0.36843469738960266
789,0.8937909007072449,0.7066534757614136,0.6471524238586426,0.36555638909339905
790,0.8809680342674255,0.7039710879325867,0.695707380771637,0.3661859929561615
791,0.8890438675880432,0.6996371150016785,0.6601970791816711,0.3686962425708771
792,0.901210367679596,0.7020115852355957,0.669735848903656,0.36645227670669556
793,0.9075518846511841,0.7041910290718079,0.6973063349723816,0.36684420704841614
794,0.8921345472335815,0.7063426971435547,0.6591677665710449,0.3670535981655121
795,0.897036612033844,0.7058824300765991,0.666465699672699,0.36584219336509705
796,0.8867961168289185,0.7113732099533081,0.6814114451408386,0.3646533191204071
797,0.9171137809753418,0.7063255906105042,0.6492922902107239,0.36523526906967163
798,0.9079194664955139,0.6998425722122192,0.6671155691146851,0.3688640892505646
799,0.8910725116729736,0.6999803781509399,0.6837239265441895,0.3728211224079132
800,0.9176645278930664,0.6980424523353577,0.6714391112327576,0.373110830783844
801,0.8669736981391907,0.6970898509025574,0.673485279083252,0.37337836623191833
802,0.9060472249984741,0.7013134956359863,0.6634796261787415,0.37195536494255066
803,0.9033241271972656,0.7014474272727966,0.6651169061660767,0.3724086582660675
804,0.9033417105674744,0.709907591342926,0.6900599598884583,0.3680769205093384
805,0.9131625294685364,0.6984956860542297,0.6480557322502136,0.3707816004753113
806,0.8742685317993164,0.7062808871269226,0.6723278164863586,0.3683958351612091
807,0.8826165795326233,0.7082180380821228,0.6958193182945251,0.3676852881908417
808,0.8957555890083313,0.704847514629364,0.6693755388259888,0.36934807896614075
809,0.854999840259552,0.7011770009994507,0.684421718120575,0.3731032907962799
810,0.8856324553489685,0.7021286487579346,0.647189199924469,0.3717072010040283
811,0.8885246515274048,0.7008011937141418,0.6506102085113525,0.37270426750183105
812,0.8766064643859863,0.7006128430366516,0.6728885769844055,0.3726259768009186
813,0.8915011286735535,0.7074849605560303,0.6963071823120117,0.37123990058898926
814,0.8734191656112671,0.702820360660553,0.6652594208717346,0.37356698513031006
815,0.8998112082481384,0.6957014799118042,0.6776918768882751,0.37257182598114014
816,0.8783711194992065,0.6971502304077148,0.6788370013237,0.3722878694534302
817,0.8835455179214478,0.6974489688873291,0.6767017245292664,0.37264835834503174
818,0.8728898763656616,0.7017657160758972,0.6876115798950195,0.3704725205898285
819,0.8816636800765991,0.7042221426963806,0.6780116558074951,0.3719683289527893
820,0.8629640340805054,0.701675295829773,0.7024584412574768,0.3736090362071991
821,0.8766248822212219,0.6983317732810974,0.7100278735160828,0.3755881190299988
822,0.887252926826477,0.7006731033325195,0.6815105080604553,0.37314310669898987
823,0.8907104730606079,0.7035393714904785,0.6437187194824219,0.370930552482605
824,0.8742091059684753,0.7002760171890259,0.6959553360939026,0.37310078740119934
825,0.8760232925415039,0.7091044783592224,0.689022421836853,0.3697367012500763
826,0.8897477388381958,0.698991596698761,0.6762955188751221,0.37104880809783936
827,0.8830746412277222,0.7010525465011597,0.6691257953643799,0.37339451909065247
828,0.8688429594039917,0.7055631875991821,0.696545422077179,0.3701319992542267
829,0.882330060005188,0.7015074491500854,0.6796437501907349,0.37032580375671387
830,0.8890475034713745,0.6957066655158997,0.6885325312614441,0.37038829922676086
831,0.9082880020141602,0.7034239172935486,0.6582517623901367,0.3681762218475342
832,0.8663853406906128,0.7048003673553467,0.6825886368751526,0.36712032556533813
833,0.8713328838348389,0.6989628672599792,0.6839286684989929,0.367034912109375
834,0.8850193619728088,0.697608232498169,0.683739960193634,0.36888599395751953
835,0.8727708458900452,0.7014131546020508,0.7133689522743225,0.3688826262950897
836,0.8972517251968384,0.6970292925834656,0.6904134750366211,0.3723685145378113
837,0.8667266964912415,0.6983371376991272,0.6908076405525208,0.3721325993537903
838,0.8918105959892273,0.7096385955810547,0.6734481453895569,0.36617037653923035
839,0.9135172963142395,0.7033891677856445,0.6549127697944641,0.3687087893486023
840,0.8660632371902466,0.7036578059196472,0.6864042282104492,0.3667963147163391
841,0.866295337677002,0.7136259078979492,0.689602255821228,0.36479565501213074
842,0.8873953223228455,0.702311635017395,0.675992488861084,0.3695710599422455
843,0.8838890194892883,0.7070502042770386,0.683898389339447,0.36897552013397217
844,0.8897965550422668,0.6966060996055603,0.6765470504760742,0.37423190474510193
845,0.916711688041687,0.6945990324020386,0.643000602722168,0.37462368607521057
846,0.8877260088920593,0.6957113146781921,0.6753373742103577,0.3715624213218689
847,0.8725525140762329,0.6968798637390137,0.6876097917556763,0.3731624484062195
848,0.885063648223877,0.7039816975593567,0.6868177056312561,0.36996057629585266
849,0.8883903622627258,0.6948355436325073,0.6671969890594482,0.37429696321487427
850,0.9139776229858398,0.6987606287002563,0.6562584042549133,0.37357059121131897
851,0.8833842277526855,0.6964067220687866,0.6584640145301819,0.37499886751174927
852,0.8756188750267029,0.6982767581939697,0.6755128502845764,0.37619850039482117
853,0.9120303392410278,0.6960094571113586,0.666250467300415,0.3768788278102875
854,0.8637697100639343,0.6962981820106506,0.663855791091919,0.37710654735565186
855,0.881704568862915,0.6955884695053101,0.6869443655014038,0.37593433260917664
856,0.8991751074790955,0.6929934620857239,0.6802458763122559,0.3760070502758026
857,0.8864140510559082,0.69879549741745,0.6886082291603088,0.37334632873535156
858,0.8382516503334045,0.699150025844574,0.7092479467391968,0.3733447790145874
859,0.8872483968734741,0.6981499195098877,0.6874520182609558,0.37361398339271545
860,0.86883145570755,0.6993733644485474,0.6926785707473755,0.3723701536655426
861,0.8946154713630676,0.7002807855606079,0.6776851415634155,0.3730906546115875
862,0.8906068801879883,0.697128176689148,0.6882954835891724,0.37666016817092896
863,0.8619073629379272,0.7011634111404419,0.6903409957885742,0.3750719130039215
864,0.8630692958831787,0.694407045841217,0.7056844830513,0.3742803633213043
865,0.8979765176773071,0.6957772374153137,0.6574820876121521,0.3715057373046875
866,0.858578622341156,0.6985610723495483,0.6919783353805542,0.37363678216934204
867,0.8690537810325623,0.7015857100486755,0.6953163146972656,0.37332725524902344
868,0.8678263425827026,0.6967184543609619,0.675607442855835,0.3755590617656708
869,0.8806197047233582,0.6985766887664795,0.6752564907073975,0.37288984656333923
870,0.8680445551872253,0.6914409399032593,0.6920899748802185,0.3767177164554596
871,0.856758713722229,0.6943859457969666,0.6760592460632324,0.37452074885368347
872,0.8636574149131775,0.6971284747123718,0.6930164694786072,0.3722465932369232
873,0.8973743915557861,0.6951464414596558,0.6497778296470642,0.3733230531215668
874,0.8544841408729553,0.6908562183380127,0.7046945095062256,0.37382909655570984
875,0.8688859939575195,0.6913505792617798,0.6908700466156006,0.374004065990448
876,0.8821843266487122,0.6965360641479492,0.6881992220878601,0.3747084140777588
877,0.8770591616630554,0.6934547424316406,0.6888336539268494,0.37843307852745056
878,0.8874163627624512,0.6959253549575806,0.6984317898750305,0.37780076265335083
879,0.8685171604156494,0.6952492594718933,0.6892561316490173,0.37735581398010254
880,0.8929904103279114,0.7032909989356995,0.6766225099563599,0.37508827447891235
881,0.8607182502746582,0.6967834830284119,0.6867202520370483,0.37795260548591614
882,0.8665992617607117,0.6944119334220886,0.701257586479187,0.3779278099536896
883,0.8507389426231384,0.6963066458702087,0.7076836824417114,0.3766822814941406
884,0.8733009696006775,0.6949825882911682,0.6758390069007874,0.3784697353839874
885,0.855577826499939,0.6916284561157227,0.705414891242981,0.3783608078956604
886,0.8736763000488281,0.6914469003677368,0.6716442704200745,0.3781183362007141
887,0.8798101544380188,0.6913998126983643,0.6702941656112671,0.37651312351226807
888,0.8688979744911194,0.6939124464988708,0.6786526441574097,0.3755297064781189
889,0.8593859672546387,0.6915503144264221,0.6836771368980408,0.3768617808818817
890,0.8649283051490784,0.6932123899459839,0.6884133815765381,0.3760260045528412
891,0.887258768081665,0.6947106122970581,0.6766217350959778,0.3753219544887543
892,0.8611244559288025,0.6899654865264893,0.6797318458557129,0.3769662380218506
893,0.8842836022377014,0.6929305791854858,0.644001305103302,0.3752784729003906
894,0.8645048141479492,0.6895811557769775,0.6895946860313416,0.3776995539665222
895,0.8485508561134338,0.6949001550674438,0.6810983419418335,0.3761051595211029
896,0.8595478534698486,0.6890490055084229,0.6901648640632629,0.37730270624160767
897,0.8778518438339233,0.69585782289505,0.6763190031051636,0.37389543652534485
898,0.8685588240623474,0.7052713632583618,0.6967903971672058,0.37218326330184937
899,0.9055348634719849,0.6939578652381897,0.6480337977409363,0.37744465470314026
900,0.8859369158744812,0.6939283013343811,0.673821210861206,0.37583279609680176
901,0.8621058464050293,0.6986516714096069,0.6853960752487183,0.3719330430030823
902,0.8440313339233398,0.6948265433311462,0.716803252696991,0.37458857893943787
903,0.8479111790657043,0.6987282633781433,0.690247118473053,0.37198615074157715
904,0.8641522526741028,0.6970474720001221,0.6744818091392517,0.3734019696712494
905,0.8651341199874878,0.6980882883071899,0.67525714635849,0.37081289291381836
906,0.8783338665962219,0.695347249507904,0.6707783341407776,0.3701257109642029
907,0.8949905633926392,0.700005829334259,0.6707808375358582,0.3680554926395416
908,0.8763366937637329,0.7033379673957825,0.690826416015625,0.36788442730903625
909,0.8664606809616089,0.7002702951431274,0.6750346422195435,0.36839941143989563
910,0.8638156056404114,0.6989529728889465,0.7060670256614685,0.3671823740005493
911,0.8742990493774414,0.7013517618179321,0.7004019618034363,0.36513322591781616
912,0.9113313555717468,0.6990016102790833,0.6816864609718323,0.36575961112976074
913,0.8336399793624878,0.7026737332344055,0.711934506893158,0.3670579493045807
914,0.8599339127540588,0.7019197940826416,0.6880580186843872,0.36701199412345886
915,0.894828200340271,0.7013874053955078,0.6915880441665649,0.3695303797721863
916,0.8929646611213684,0.6965842247009277,0.6699715256690979,0.36922937631607056
917,0.8398469090461731,0.6971578001976013,0.6947800517082214,0.3658328354358673
918,0.8754510879516602,0.6954018473625183,0.6822777390480042,0.3689810633659363
919,0.8447158932685852,0.6928160786628723,0.7011155486106873,0.3704332709312439
920,0.870334804058075,0.6920696496963501,0.6709041595458984,0.3722938299179077
921,0.84690922498703,0.695793628692627,0.6976850032806396,0.3731410801410675
922,0.8622661232948303,0.6959854960441589,0.6873282790184021,0.3717687726020813
923,0.8261305689811707,0.6968069672584534,0.6946924328804016,0.37072592973709106
924,0.8590797781944275,0.6964070796966553,0.7010339498519897,0.3710765242576599
925,0.8640808463096619,0.6979069113731384,0.6841068267822266,0.36914560198783875
926,0.8507737517356873,0.6957857608795166,0.701032817363739,0.36987030506134033
927,0.842291533946991,0.6962763071060181,0.7092082500457764,0.3688296675682068
928,0.8710799813270569,0.7015116810798645,0.680730938911438,0.3641413152217865
929,0.8567342758178711,0.7024536728858948,0.6713156700134277,0.36438336968421936
930,0.8370459079742432,0.6992095112800598,0.7227250933647156,0.3658877909183502
931,0.8379952907562256,0.6971395015716553,0.714347243309021,0.36729514598846436
932,0.8414007425308228,0.6935313940048218,0.7065463662147522,0.37101492285728455
933,0.8648907542228699,0.6931442618370056,0.6718776226043701,0.3710167407989502
934,0.8259100317955017,0.6960018277168274,0.7351973652839661,0.369946151971817
935,0.8345577716827393,0.6915849447250366,0.7032763361930847,0.3730216324329376
936,0.8413366675376892,0.6991243958473206,0.6962646245956421,0.3723933696746826
937,0.8898080587387085,0.6967003345489502,0.6858243942260742,0.37264296412467957
938,0.8750747442245483,0.6948887705802917,0.7011989951133728,0.3701760470867157
939,0.8619613647460938,0.7078719139099121,0.7153831720352173,0.36588332056999207
940,0.8620623350143433,0.7017519474029541,0.7028478980064392,0.3670997619628906
941,0.8583905100822449,0.6889685988426208,0.6950220465660095,0.37181442975997925
942,0.8626030087471008,0.6985240578651428,0.6919780373573303,0.3682510554790497
943,0.8804933428764343,0.6964933276176453,0.6698294281959534,0.3659819960594177
944,0.8525570631027222,0.700923502445221,0.7070406675338745,0.36705267429351807
945,0.8451525568962097,0.6970434188842773,0.6940578818321228,0.36827608942985535
946,0.849058210849762,0.6982559561729431,0.7096291780471802,0.36975422501564026
947,0.8647245764732361,0.6955093741416931,0.6862366199493408,0.37066909670829773
948,0.8615471124649048,0.6934459209442139,0.6842164397239685,0.3676826059818268
949,0.8285780549049377,0.6919931173324585,0.6925233602523804,0.36870867013931274
950,0.864315927028656,0.6900417804718018,0.7034035921096802,0.37161991000175476
951,0.8567897081375122,0.6920291781425476,0.7052223682403564,0.37054842710494995
952,0.8554550409317017,0.6907422542572021,0.7031710743904114,0.3728042244911194
953,0.8638097047805786,0.697089672088623,0.6894755959510803,0.3706963360309601
954,0.8507887721061707,0.6925515532493591,0.6838089823722839,0.3690187931060791
955,0.8364710807800293,0.694704532623291,0.7148587703704834,0.3672425150871277
956,0.8911948800086975,0.6904553174972534,0.6804311275482178,0.36975061893463135
957,0.8754216432571411,0.6886999011039734,0.6902081966400146,0.36988893151283264
958,0.8479083180427551,0.6917540431022644,0.6978808641433716,0.36916154623031616
959,0.8563461303710938,0.6887509226799011,0.6819621920585632,0.37113967537879944
960,0.8781870603561401,0.6881126761436462,0.6869031190872192,0.37190017104148865
961,0.892841637134552,0.6917746067047119,0.6736112833023071,0.36922961473464966
962,0.845647394657135,0.6944496035575867,0.6866697669029236,0.3699219524860382
963,0.8642054796218872,0.6970712542533875,0.6937029361724854,0.3665429353713989
964,0.8453646898269653,0.6954638361930847,0.7249194383621216,0.3667919337749481
965,0.8405910134315491,0.6953622102737427,0.7164221405982971,0.36774149537086487
966,0.881046712398529,0.6937095522880554,0.6773292422294617,0.3667319715023041
967,0.8480085730552673,0.6908951997756958,0.6969662308692932,0.37085050344467163
968,0.8680307269096375,0.688755989074707,0.6789297461509705,0.37036439776420593
969,0.8518720865249634,0.6909022331237793,0.6789828538894653,0.37092456221580505
970,0.8574493527412415,0.6853876709938049,0.7125391960144043,0.37530624866485596
971,0.8580343723297119,0.6953234672546387,0.7068496346473694,0.3710441589355469
972,0.8465348482131958,0.6886471509933472,0.7132987380027771,0.37448838353157043
973,0.8502485752105713,0.6950101256370544,0.7074289917945862,0.3705388009548187
974,0.8536421060562134,0.6894266605377197,0.7031800746917725,0.37321439385414124
975,0.8264561295509338,0.6962300539016724,0.720862090587616,0.3708306849002838
976,0.8516184687614441,0.6891240477561951,0.7060085535049438,0.3733600974082947
977,0.8256338834762573,0.6954666376113892,0.6975986957550049,0.371654212474823
978,0.8676406741142273,0.690360963344574,0.6879395842552185,0.37184762954711914
979,0.8514677286148071,0.6954676508903503,0.6886478066444397,0.37095245718955994
980,0.8726573586463928,0.692658543586731,0.6963635683059692,0.3721712827682495
981,0.8488920331001282,0.6917257905006409,0.6894274353981018,0.3733478784561157
982,0.8716738820075989,0.6890650987625122,0.6889467239379883,0.3738565444946289
983,0.8521692156791687,0.6872802972793579,0.6942407488822937,0.3730403780937195
984,0.8464799523353577,0.6929305195808411,0.6844170689582825,0.371498703956604
985,0.8586082458496094,0.6889751553535461,0.7168066501617432,0.3731740713119507
986,0.8769928216934204,0.6926418542861938,0.6966827511787415,0.37365594506263733
987,0.8641783595085144,0.6925495862960815,0.6593179106712341,0.37238726019859314
988,0.8245083689689636,0.6902174353599548,0.7058032751083374,0.37284019589424133
989,0.874137282371521,0.689216673374176,0.7074804306030273,0.37332940101623535
990,0.8111167550086975,0.6879900693893433,0.7038775086402893,0.37503841519355774
991,0.8394476771354675,0.688888430595398,0.7016698122024536,0.3727714419364929
992,0.9143373370170593,0.6963427066802979,0.6747849583625793,0.37127846479415894
993,0.8419091701507568,0.6913707256317139,0.708288848400116,0.3705800175666809
994,0.8896864652633667,0.6973974108695984,0.6767680644989014,0.3652779459953308
995,0.8585972785949707,0.6918361783027649,0.6839969158172607,0.36640915274620056
996,0.846858561038971,0.6895158290863037,0.6973918676376343,0.3692137897014618
997,0.8799064755439758,0.6931413412094116,0.6722307205200195,0.36759576201438904
998,0.8664665222167969,0.6905518770217896,0.6815065145492554,0.3702073395252228
999,0.8663159608840942,0.6922866702079773,0.687371015548706,0.36941778659820557
1000,0.9142741560935974,0.6943548917770386,0.670565664768219,0.36844655871391296
1001,0.8683212399482727,0.6928064227104187,0.7032445073127747,0.3691160976886749
1002,0.8907451033592224,0.6990928649902344,0.6977927088737488,0.36837708950042725
1003,0.8523303270339966,0.6917383074760437,0.6991540193557739,0.37191012501716614
1004,0.8348406553268433,0.6969095468521118,0.6951608657836914,0.3701265752315521
1005,0.8260366916656494,0.6912662386894226,0.7056675553321838,0.37424081563949585
1006,0.8521632552146912,0.6902679800987244,0.7082043886184692,0.3731822967529297
1007,0.8393425345420837,0.6829389333724976,0.6970633268356323,0.3759406805038452
1008,0.8264887928962708,0.6835900545120239,0.7229229211807251,0.3758363127708435
1009,0.8611253499984741,0.6926581859588623,0.6812754273414612,0.3719925582408905
1010,0.8456845283508301,0.6896697282791138,0.6997628211975098,0.37462806701660156
1011,0.8467707633972168,0.6893548965454102,0.6909001469612122,0.37392598390579224
1012,0.8547967672348022,0.6885132789611816,0.6937792301177979,0.3742240071296692
1013,0.8359665274620056,0.6906965970993042,0.6908997893333435,0.3734346330165863
1014,0.8487634658813477,0.6882100701332092,0.7017245292663574,0.372509628534317
1015,0.855435311794281,0.7017556428909302,0.6949625015258789,0.3685764968395233
1016,0.8677334189414978,0.6917248368263245,0.7080222964286804,0.37156942486763
1017,0.8390123248100281,0.6887904405593872,0.6912160515785217,0.37354210019111633
1018,0.8497681021690369,0.6870311498641968,0.7071700692176819,0.3778606951236725
1019,0.8584831357002258,0.689399778842926,0.6983920931816101,0.3770406246185303
1020,0.8338853120803833,0.6912413239479065,0.7129253149032593,0.37939131259918213
1021,0.8774386644363403,0.6922061443328857,0.6853076815605164,0.379391074180603
1022,0.8266676664352417,0.6924483776092529,0.7206516861915588,0.37822073698043823
1023,0.8530668616294861,0.6915645003318787,0.6828561425209045,0.3795522451400757
1024,0.8662644624710083,0.6920306086540222,0.6916362047195435,0.37819769978523254
1025,0.8546627759933472,0.6912564039230347,0.7052879333496094,0.37785691022872925
1026,0.8651934862136841,0.6930058002471924,0.6755185127258301,0.3769782483577728
1027,0.854577898979187,0.6905612349510193,0.6987705826759338,0.3775601387023926
1028,0.8144235014915466,0.689382791519165,0.7234084010124207,0.37838026881217957
1029,0.8422149419784546,0.698449969291687,0.7071409225463867,0.3733799159526825
1030,0.8406587243080139,0.6899416446685791,0.6889996528625488,0.3758524954319
1031,0.8545792698860168,0.684272289276123,0.7236557602882385,0.37810325622558594
1032,0.8714516758918762,0.688494861125946,0.7026225328445435,0.37645766139030457
1033,0.8833761811256409,0.6917223930358887,0.683874785900116,0.37551644444465637
1034,0.8708372116088867,0.684158205986023,0.699079692363739,0.380540132522583
1035,0.8211717009544373,0.6823689937591553,0.7365114688873291,0.38388121128082275
1036,0.8530285358428955,0.6846582889556885,0.7123400568962097,0.37960678339004517
1037,0.8349617123603821,0.6833947896957397,0.707460343837738,0.3785001337528229
1038,0.8656288385391235,0.6881917715072632,0.6960203647613525,0.3740907609462738
1039,0.8359665274620056,0.6880168914794922,0.7339133024215698,0.3735843896865845
1040,0.8521972298622131,0.6916828751564026,0.7051804065704346,0.3733445703983307
1041,0.8532867431640625,0.6900226473808289,0.6952227354049683,0.37398257851600647
1042,0.850059986114502,0.6977076530456543,0.6881498694419861,0.371162474155426
1043,0.8231303095817566,0.6899132132530212,0.7015529274940491,0.37189000844955444
1044,0.846619725227356,0.6938756704330444,0.6924307346343994,0.3711172342300415
1045,0.8561350703239441,0.6923115849494934,0.7208613157272339,0.3731372058391571
1046,0.844569742679596,0.6936755776405334,0.7133346796035767,0.37148621678352356
1047,0.8302433490753174,0.6910732388496399,0.7189169526100159,0.37264811992645264
1048,0.8334509134292603,0.6914697289466858,0.704900324344635,0.36994609236717224
1049,0.8429185152053833,0.688434898853302,0.7264918088912964,0.3724823594093323
1050,0.8263006210327148,0.6852886080741882,0.7165144681930542,0.3735067844390869
1051,0.8412272930145264,0.6841232180595398,0.7079311609268188,0.3735911548137665
1052,0.8749087452888489,0.6896369457244873,0.6711159944534302,0.3718334436416626
1053,0.8418195843696594,0.6929286122322083,0.7200469374656677,0.37230756878852844
1054,0.7981978058815002,0.6930604577064514,0.7285763025283813,0.3725734353065491
1055,0.8180845975875854,0.6893702745437622,0.7003515958786011,0.3732958436012268
1056,0.8465147614479065,0.6892373561859131,0.7071465849876404,0.37465208768844604
1057,0.8575222492218018,0.689447820186615,0.704606294631958,0.37539973855018616
1058,0.8303466439247131,0.6853854060173035,0.7028727531433105,0.37717944383621216
1059,0.8399505615234375,0.6872655153274536,0.7015089988708496,0.37637099623680115
1060,0.8771148920059204,0.6926456689834595,0.6875397562980652,0.37508872151374817
1061,0.8599293231964111,0.6860590577125549,0.6948976516723633,0.3758055865764618
1062,0.8483096361160278,0.6885467171669006,0.7052456736564636,0.3711395263671875
1063,0.8268393278121948,0.6944308280944824,0.7164013981819153,0.369727224111557
1064,0.8670425415039062,0.6891486644744873,0.6922769546508789,0.3746165335178375
1065,0.8280825614929199,0.6857120394706726,0.7031880021095276,0.37648823857307434
1066,0.8525844216346741,0.6916277408599854,0.6927106380462646,0.3706649839878082
1067,0.8177333474159241,0.6915279626846313,0.7260755896568298,0.37136125564575195
1068,0.8154698610305786,0.6920689940452576,0.7154076099395752,0.37161877751350403
1069,0.833924412727356,0.685648500919342,0.7232569456100464,0.3713945746421814
1070,0.8597779870033264,0.6895187497138977,0.6973475217819214,0.3702129125595093
1071,0.8524380326271057,0.6911652684211731,0.7049296498298645,0.36869898438453674
1072,0.824312150478363,0.6931567788124084,0.7231593728065491,0.36806681752204895
1073,0.8438749313354492,0.693115770816803,0.7165398001670837,0.3670402765274048
1074,0.8424214124679565,0.6901668906211853,0.6779268980026245,0.36828160285949707
1075,0.8581822514533997,0.6905528903007507,0.7119624614715576,0.36955857276916504
1076,0.8336012363433838,0.6873111724853516,0.7093512415885925,0.3748885691165924
1077,0.8385185599327087,0.6862468123435974,0.7106112837791443,0.37395554780960083
1078,0.817040741443634,0.6885125041007996,0.7191392183303833,0.37608781456947327
1079,0.8529730439186096,0.6932123303413391,0.6970130801200867,0.37365227937698364
1080,0.8012391328811646,0.686743438243866,0.7160825729370117,0.37625259160995483
1081,0.8634607195854187,0.692771315574646,0.6760044097900391,0.3722960948944092
1082,0.8206924796104431,0.6927361488342285,0.7336903810501099,0.37487247586250305
1083,0.8142147660255432,0.688963770866394,0.7211354970932007,0.37566089630126953
1084,0.8400658965110779,0.6908565759658813,0.696810245513916,0.37282148003578186
1085,0.833713710308075,0.6911801099777222,0.711808979511261,0.3708329200744629
1086,0.8237501382827759,0.6933790445327759,0.716078519821167,0.3700611889362335
1087,0.8396195769309998,0.6895156502723694,0.685614287853241,0.37119606137275696
1088,0.8567677736282349,0.690513014793396,0.7019410729408264,0.3723721504211426
1089,0.818094789981842,0.6890815496444702,0.7032688856124878,0.3748098909854889
1090,0.8277266025543213,0.6859827041625977,0.7173969745635986,0.37676480412483215
1091,0.8607559204101562,0.6892098784446716,0.702775776386261,0.3766403794288635
1092,0.8716307282447815,0.6843302845954895,0.7064492106437683,0.3773671090602875
1093,0.841876208782196,0.6899584531784058,0.719221293926239,0.3740333616733551
1094,0.8534642457962036,0.6882480382919312,0.7222416996955872,0.37511324882507324
1095,0.8306045532226562,0.6867653727531433,0.7091524004936218,0.37639257311820984
1096,0.839935302734375,0.6890967488288879,0.7059821486473083,0.3753998577594757
1097,0.848840057849884,0.6983980536460876,0.7254675626754761,0.368590384721756
1098,0.8378665447235107,0.6958990097045898,0.7059104442596436,0.3689919710159302
1099,0.8473809957504272,0.695473313331604,0.7055292725563049,0.3671606779098511
1100,0.8248748779296875,0.6917734146118164,0.6838350892066956,0.3657578229904175
1101,0.8034132122993469,0.7030712366104126,0.7312651872634888,0.36304745078086853
1102,0.857645571231842,0.6960151791572571,0.6984726190567017,0.3683604896068573
1103,0.8236851692199707,0.6983665823936462,0.7448388338088989,0.3677736520767212
1104,0.8651690483093262,0.6933419704437256,0.6784659028053284,0.36874160170555115
1105,0.8501182794570923,0.6924949884414673,0.6960635185241699,0.36953017115592957
1106,0.8156796097755432,0.700287401676178,0.7506606578826904,0.3665759563446045
1107,0.8667393922805786,0.688204824924469,0.702105700969696,0.3732808828353882
1108,0.8285165429115295,0.6947452425956726,0.7145434617996216,0.3712737262248993
1109,0.8551324605941772,0.687340497970581,0.7036372423171997,0.3723576068878174
1110,0.8254328966140747,0.6904808282852173,0.7290500402450562,0.37188535928726196
1111,0.8225654363632202,0.6855278015136719,0.7065181136131287,0.372263103723526
1112,0.8559880256652832,0.6884508728981018,0.6978995203971863,0.37226128578186035
1113,0.8326603770256042,0.6859601140022278,0.7226206660270691,0.37345999479293823
1114,0.8493515253067017,0.6866323351860046,0.684130847454071,0.3743954002857208
1115,0.8372935056686401,0.6868036985397339,0.7153103351593018,0.37801361083984375
1116,0.8218910098075867,0.6850708723068237,0.7267729640007019,0.3796320855617523
1117,0.8528351187705994,0.6860434412956238,0.692223846912384,0.3803879916667938
1118,0.835555374622345,0.6839792132377625,0.7179646492004395,0.3762778341770172
1119,0.8443371653556824,0.6872740983963013,0.7295149564743042,0.3771114945411682
1120,0.8434757590293884,0.6837878227233887,0.7212109565734863,0.3780207335948944
1121,0.8317226767539978,0.6837112903594971,0.7306732535362244,0.3757682740688324
1122,0.8239156007766724,0.6909840106964111,0.7149867415428162,0.3726971447467804
1123,0.8264127969741821,0.6874555349349976,0.7133046984672546,0.3721878230571747
1124,0.8600041270256042,0.6850621104240417,0.6980644464492798,0.3693978190422058
1125,0.8120936751365662,0.6868244409561157,0.7433215975761414,0.37002861499786377
1126,0.8538303971290588,0.6869323253631592,0.7025178670883179,0.3698478937149048
1127,0.8098950982093811,0.6861422061920166,0.709295928478241,0.3718399703502655
1128,0.8376581072807312,0.6923251152038574,0.7252024412155151,0.37052783370018005
1129,0.8328858613967896,0.6867259740829468,0.7161915302276611,0.3740915358066559
1130,0.8513180613517761,0.6876155734062195,0.7138190269470215,0.37473607063293457
1131,0.8136521577835083,0.6882742047309875,0.7266465425491333,0.3743152320384979
1132,0.8815659880638123,0.6818060874938965,0.68760746717453,0.37636321783065796
1133,0.843618631362915,0.681371808052063,0.7206621170043945,0.37724751234054565
1134,0.841103196144104,0.6810812950134277,0.719711184501648,0.3761587142944336
1135,0.7997092604637146,0.6856595873832703,0.7394485473632812,0.3754281997680664
1136,0.8091276288032532,0.6832077503204346,0.7055303454399109,0.37577295303344727
1137,0.826811671257019,0.6842974424362183,0.7046493291854858,0.3758699297904968
1138,0.8283603191375732,0.690809428691864,0.7135250568389893,0.3735091984272003
1139,0.8210124373435974,0.6863461136817932,0.7145786285400391,0.37297284603118896
1140,0.8251627683639526,0.6860681772232056,0.7200632095336914,0.37252774834632874
1141,0.8508062958717346,0.6863829493522644,0.6927444934844971,0.3729245662689209
1142,0.8328274488449097,0.6860212087631226,0.707516074180603,0.37338051199913025
1143,0.8016232252120972,0.6888296008110046,0.7447041273117065,0.37336137890815735
1144,0.8266513347625732,0.691612184047699,0.7246911525726318,0.37591612339019775
1145,0.848709762096405,0.6856749057769775,0.7088121175765991,0.3781549632549286
1146,0.8092716932296753,0.6876747012138367,0.7289513349533081,0.376369833946228
1147,0.823883056640625,0.6922816634178162,0.7320367097854614,0.37535759806632996
1148,0.7774669528007507,0.695030927658081,0.7346999049186707,0.3709765672683716
1149,0.8492177128791809,0.6898583769798279,0.6984575986862183,0.37023022770881653
1150,0.8290135264396667,0.6883256435394287,0.6974976062774658,0.3731919527053833
1151,0.8319195508956909,0.6840361952781677,0.7131154537200928,0.37354379892349243
1152,0.807944655418396,0.6921396255493164,0.7202888131141663,0.3712071478366852
1153,0.8466781973838806,0.6887906789779663,0.7077699303627014,0.3730419874191284
1154,0.8343490958213806,0.6872089505195618,0.7156915664672852,0.37311118841171265
1155,0.8189252018928528,0.6905649304389954,0.716430127620697,0.37165117263793945
1156,0.8149181008338928,0.6937763690948486,0.7117166519165039,0.37188419699668884
1157,0.827028214931488,0.6883985996246338,0.7018251419067383,0.3740729093551636
1158,0.839271068572998,0.6910707950592041,0.6898031234741211,0.3733637034893036
1159,0.8271244764328003,0.6855465769767761,0.6867587566375732,0.37343093752861023
1160,0.8222589492797852,0.6930663585662842,0.7442023158073425,0.3689780831336975
1161,0.8139164447784424,0.6895015835762024,0.7232422232627869,0.3716337978839874
1162,0.8256807327270508,0.6837366223335266,0.7199718952178955,0.37461498379707336
1163,0.8317514061927795,0.6988887786865234,0.7274542450904846,0.3683071732521057
1164,0.8274703621864319,0.6929411888122559,0.7076559662818909,0.36906030774116516
1165,0.8109117150306702,0.6919660568237305,0.7095016837120056,0.370446115732193
1166,0.8382055759429932,0.6863559484481812,0.7164117693901062,0.37258782982826233
1167,0.851568341255188,0.6959562301635742,0.7101243734359741,0.36733004450798035
1168,0.8402845859527588,0.690060555934906,0.7234152555465698,0.37362536787986755
1169,0.7969598174095154,0.6907595992088318,0.7377175092697144,0.3732124865055084
1170,0.8348120450973511,0.6813696622848511,0.7231926321983337,0.3789002001285553
1171,0.8084911108016968,0.6882092952728271,0.7237337827682495,0.37477415800094604
1172,0.803655207157135,0.6864297389984131,0.724920928478241,0.3746797442436218
1173,0.827182948589325,0.6866893768310547,0.7248520851135254,0.3733586370944977
1174,0.8443799018859863,0.6871660351753235,0.6827696561813354,0.372284471988678
1175,0.8040441870689392,0.686852216720581,0.7272433042526245,0.3705093562602997
1176,0.8462339639663696,0.6871023774147034,0.7255714535713196,0.36780107021331787
1177,0.8357244729995728,0.6907539963722229,0.701278567314148,0.3665032386779785
1178,0.8180921077728271,0.6901233792304993,0.7219152450561523,0.36774715781211853
1179,0.8409643769264221,0.685823917388916,0.7048845291137695,0.3695451021194458
1180,0.8306230306625366,0.6887184977531433,0.7143168449401855,0.3683541715145111
1181,0.8267946243286133,0.6842904686927795,0.7067480087280273,0.37046003341674805
1182,0.8106797337532043,0.6908936500549316,0.7456083297729492,0.36903613805770874
1183,0.8244720697402954,0.6904410719871521,0.7130153179168701,0.37041160464286804
1184,0.8329700827598572,0.6875985264778137,0.7028548121452332,0.3691293001174927
1185,0.8024596571922302,0.6852225065231323,0.7206700444221497,0.3711007535457611
1186,0.8306495547294617,0.690498948097229,0.7321175336837769,0.3710786998271942
1187,0.8389602899551392,0.6857937574386597,0.7190461754798889,0.37405914068222046
1188,0.8271657228469849,0.6876373887062073,0.7186746001243591,0.3743627667427063
1189,0.8092411160469055,0.6814865469932556,0.7235084772109985,0.3746086061000824
1190,0.8333095908164978,0.6924002170562744,0.7076252698898315,0.37129607796669006
1191,0.8204033970832825,0.6864535808563232,0.7166450023651123,0.3753434419631958
1192,0.7895457148551941,0.6859635710716248,0.721938967704773,0.37457019090652466
1193,0.8368586897850037,0.6925622224807739,0.7113868594169617,0.37204092741012573
1194,0.8089370727539062,0.6836787462234497,0.7374628782272339,0.37678325176239014
1195,0.8235573172569275,0.689350426197052,0.7103952765464783,0.37482672929763794
1196,0.8138066530227661,0.6820240020751953,0.7137071490287781,0.3763035237789154
1197,0.8525627255439758,0.6852766871452332,0.7086625099182129,0.37547585368156433
1198,0.8089041709899902,0.6904855966567993,0.7208898663520813,0.37218207120895386
1199,0.8509964346885681,0.6872598528862,0.7179654240608215,0.3730577826499939
1200,0.8231124877929688,0.6932104825973511,0.7049787640571594,0.37300994992256165
1201,0.8297619819641113,0.6915096640586853,0.7454255223274231,0.3739096522331238
1202,0.8272833228111267,0.6901680827140808,0.7110185623168945,0.37901419401168823
1203,0.8436622619628906,0.6863851547241211,0.7240005135536194,0.37902823090553284
1204,0.8390285968780518,0.690601646900177,0.7237364649772644,0.37852704524993896
1205,0.8185473680496216,0.6824101209640503,0.7150489687919617,0.3822452425956726
1206,0.8179365992546082,0.6832603812217712,0.7121840715408325,0.38406434655189514
1207,0.811910092830658,0.681946873664856,0.7278236746788025,0.3829372227191925
1208,0.8306512832641602,0.689788818359375,0.721917450428009,0.3790890872478485
1209,0.7824466228485107,0.681816041469574,0.7447083592414856,0.37900981307029724
1210,0.8073737025260925,0.6859872937202454,0.7420834302902222,0.37702852487564087
1211,0.8223616480827332,0.685351550579071,0.7242650985717773,0.3750421404838562
1212,0.8289129734039307,0.6922338008880615,0.7169210314750671,0.37063515186309814
1213,0.8110909461975098,0.6940794587135315,0.7345505952835083,0.370821475982666
1214,0.8259159922599792,0.6848689913749695,0.7172479033470154,0.3737025856971741
1215,0.8403717279434204,0.6810935139656067,0.6965769529342651,0.37739601731300354
1216,0.7806356549263,0.6854345202445984,0.7522273659706116,0.3783304989337921
1217,0.8217042088508606,0.6845162510871887,0.7119287848472595,0.37797310948371887
1218,0.8183091878890991,0.6797504425048828,0.7283011674880981,0.3777855336666107
1219,0.8294628858566284,0.6834080815315247,0.7027043104171753,0.3740978538990021
1220,0.816477358341217,0.6823113560676575,0.7309972047805786,0.37412142753601074
1221,0.8437342643737793,0.6828941702842712,0.6972836256027222,0.3713168501853943
1222,0.8215354681015015,0.6857097148895264,0.7205215096473694,0.3724025785923004
1223,0.8371981382369995,0.68382728099823,0.7055168151855469,0.3731992542743683
1224,0.8068602085113525,0.6878082752227783,0.7394706010818481,0.37327462434768677
1225,0.864267110824585,0.6815505623817444,0.6865645051002502,0.37452808022499084
1226,0.8401722311973572,0.681648850440979,0.7090651392936707,0.3771733045578003
1227,0.8057276606559753,0.69093257188797,0.7325435876846313,0.37317556142807007
1228,0.7945870757102966,0.6872035264968872,0.7170233130455017,0.37309515476226807
1229,0.7937426567077637,0.6821866035461426,0.7464714646339417,0.3751136362552643
1230,0.8064031600952148,0.6776235699653625,0.737261950969696,0.37802496552467346
1231,0.8189550638198853,0.6793623566627502,0.702038586139679,0.37677669525146484
1232,0.8147212266921997,0.6882153749465942,0.7291873097419739,0.3741282820701599
1233,0.7844498753547668,0.6913541555404663,0.7327784299850464,0.37239763140678406
1234,0.8119221329689026,0.684154748916626,0.7047156095504761,0.3745187819004059
1235,0.8486424088478088,0.6822199821472168,0.6981663107872009,0.3769904375076294
1236,0.8301147818565369,0.6873040199279785,0.7176353931427002,0.37487247586250305
1237,0.7931406497955322,0.6818578243255615,0.7389724850654602,0.378714382648468
1238,0.8291113376617432,0.6863493323326111,0.7178766131401062,0.3741958737373352
1239,0.8291563391685486,0.6879664659500122,0.7132207751274109,0.37435877323150635
1240,0.8057871460914612,0.6878180503845215,0.7304924130439758,0.37141674757003784
1241,0.8009570240974426,0.6879231333732605,0.7335726618766785,0.3743683099746704
1242,0.8128691911697388,0.6871527433395386,0.7170782685279846,0.3750963807106018
1243,0.8054143190383911,0.6914767622947693,0.7474669218063354,0.3732408881187439
1244,0.822573721408844,0.6910563707351685,0.7202069163322449,0.37346410751342773
1245,0.8410803079605103,0.6878759264945984,0.6968943476676941,0.37376028299331665
1246,0.8147223591804504,0.6834021210670471,0.7176847457885742,0.37633395195007324
1247,0.82032710313797,0.680791974067688,0.7278092503547668,0.3772486448287964
1248,0.8099122047424316,0.6881065368652344,0.7174000144004822,0.37631383538246155
1249,0.8337668180465698,0.6841042637825012,0.7003380060195923,0.37882813811302185
1250,0.8073491454124451,0.6830517649650574,0.739057183265686,0.3786572217941284
1251,0.8141189217567444,0.6782287359237671,0.7440586686134338,0.3803691864013672
1252,0.7997819185256958,0.6849032044410706,0.7490541338920593,0.37576359510421753
1253,0.8305990695953369,0.6824451088905334,0.7136024832725525,0.37915897369384766
1254,0.7921971082687378,0.6835041046142578,0.7374172806739807,0.37677618861198425
1255,0.8564631938934326,0.6896892189979553,0.7215374112129211,0.3745288550853729
1256,0.8172968626022339,0.6884026527404785,0.7190681099891663,0.37641245126724243
1257,0.8150761127471924,0.6819821000099182,0.7463555335998535,0.37894394993782043
1258,0.8069485425949097,0.6879169940948486,0.7387858629226685,0.3753363788127899
1259,0.7978994846343994,0.695697546005249,0.74787437915802,0.37752947211265564
1260,0.8300533890724182,0.6859374642372131,0.7168983221054077,0.3812914192676544
1261,0.8029449582099915,0.6828747987747192,0.7327097654342651,0.3823028802871704
1262,0.8156909942626953,0.6865641474723816,0.7289668917655945,0.37754032015800476
1263,0.8127603530883789,0.6840260028839111,0.7327529788017273,0.37708112597465515
1264,0.7946126461029053,0.6812911033630371,0.7231834530830383,0.38026872277259827
1265,0.7882042527198792,0.6834041476249695,0.739120364189148,0.37695014476776123
1266,0.823191225528717,0.6849887371063232,0.7315166592597961,0.375465989112854
1267,0.8526445031166077,0.6826673150062561,0.7101438641548157,0.37678590416908264
1268,0.8132402896881104,0.6879730820655823,0.739801824092865,0.37340247631073
1269,0.8080094456672668,0.6853946447372437,0.7231358289718628,0.37626057863235474
1270,0.7862311005592346,0.6857885122299194,0.7413334250450134,0.37344464659690857
1271,0.8024100065231323,0.6885435581207275,0.7288621664047241,0.3736457824707031
1272,0.837288498878479,0.6885104775428772,0.7161543965339661,0.3736554682254791
1273,0.8255229592323303,0.6898078918457031,0.7090022563934326,0.37419214844703674
1274,0.7998181581497192,0.6778942942619324,0.7347908616065979,0.37941116094589233
1275,0.8444617986679077,0.6845841407775879,0.7239511609077454,0.37707197666168213
1276,0.8113549947738647,0.6890807151794434,0.7284342050552368,0.375835120677948
1277,0.7708702087402344,0.687563955783844,0.7389556169509888,0.37567251920700073
1278,0.811443567276001,0.6916530728340149,0.722926139831543,0.3720245957374573
1279,0.7896581888198853,0.6895504593849182,0.7552673816680908,0.37415918707847595
1280,0.8091013431549072,0.6848877668380737,0.721692681312561,0.37336280941963196
1281,0.8093635439872742,0.6904435157775879,0.7208665013313293,0.36990657448768616
1282,0.8128119707107544,0.6852846741676331,0.7214693427085876,0.3709442615509033
1283,0.843999445438385,0.6840922832489014,0.7451860308647156,0.37129610776901245
1284,0.8153772354125977,0.6844945549964905,0.7287046313285828,0.37453266978263855
1285,0.814694881439209,0.6825004816055298,0.7452262043952942,0.377826064825058
1286,0.8027887344360352,0.6878313422203064,0.7163711786270142,0.37639206647872925
1287,0.842768132686615,0.6875689029693604,0.7111204266548157,0.3742935061454773
1288,0.8210699558258057,0.6938512325286865,0.7196446657180786,0.3723515272140503
1289,0.7727754712104797,0.6859297752380371,0.7620338797569275,0.3746300935745239
1290,0.8326786756515503,0.6883783936500549,0.7043411135673523,0.3756090998649597
1291,0.7943868637084961,0.6848614811897278,0.7391993403434753,0.3761058449745178
1292,0.790956974029541,0.6844155788421631,0.7269965410232544,0.375046968460083
1293,0.7950019240379333,0.6902217268943787,0.7354122400283813,0.37657850980758667
1294,0.816904604434967,0.6768771409988403,0.7341171503067017,0.382657527923584
1295,0.8121804594993591,0.67803955078125,0.7260375022888184,0.38058480620384216
1296,0.8083426356315613,0.6849458813667297,0.7200245261192322,0.37594690918922424
1297,0.8362042307853699,0.6849819421768188,0.7321176528930664,0.37617796659469604
1298,0.7898985743522644,0.6874744892120361,0.7236200571060181,0.37547358870506287
1299,0.8235795497894287,0.6819388270378113,0.70987468957901,0.37512481212615967
1300,0.8149017095565796,0.6892504096031189,0.7280052304267883,0.3734022378921509
1301,0.817231297492981,0.6851779222488403,0.7043409943580627,0.374137818813324
1302,0.805391788482666,0.6878713369369507,0.7375347018241882,0.37412798404693604
1303,0.8050263524055481,0.6854971051216125,0.7366175651550293,0.3771165609359741
1304,0.8222131729125977,0.6882999539375305,0.7306772470474243,0.37559157609939575
1305,0.8180080652236938,0.6885068416595459,0.7317044138908386,0.37270957231521606
1306,0.8278181552886963,0.6876024603843689,0.7417903542518616,0.3757171332836151
1307,0.8177630305290222,0.6871691346168518,0.7186483144760132,0.377315491437912
1308,0.7841200232505798,0.6865939497947693,0.7612478137016296,0.37741538882255554
1309,0.8181265592575073,0.6954183578491211,0.721818208694458,0.3739970922470093
1310,0.7956443428993225,0.6864725947380066,0.7343894839286804,0.3742125332355499
1311,0.8087881803512573,0.6903833150863647,0.7240142822265625,0.37385791540145874
1312,0.7939751744270325,0.6790568828582764,0.7507367730140686,0.37631896138191223
1313,0.8299534916877747,0.6823672652244568,0.7327077984809875,0.3785693049430847
1314,0.8131998777389526,0.6879459023475647,0.753574550151825,0.37848150730133057
1315,0.7753230333328247,0.6835461258888245,0.7497767210006714,0.37953057885169983
1316,0.8335747122764587,0.6895567178726196,0.7321279048919678,0.37514907121658325
1317,0.8011133670806885,0.6847225427627563,0.7296901345252991,0.37651169300079346
1318,0.8037099838256836,0.684092104434967,0.7488427758216858,0.3771059811115265
1319,0.8066703677177429,0.6844959855079651,0.7502055764198303,0.37412822246551514
1320,0.7931311726570129,0.6803189516067505,0.7348761558532715,0.37615957856178284
1321,0.7884499430656433,0.6784672141075134,0.7590851187705994,0.3777765929698944
1322,0.815413236618042,0.6871667504310608,0.7300171852111816,0.36999791860580444
1323,0.7894846200942993,0.6795896887779236,0.7339667081832886,0.3753410279750824
1324,0.8015801906585693,0.682422935962677,0.7336917519569397,0.3745577037334442
1325,0.8070290684700012,0.6912627816200256,0.738872766494751,0.3742520213127136
1326,0.7955553531646729,0.6882803440093994,0.7425521612167358,0.3716669976711273
1327,0.8055357933044434,0.6832326650619507,0.7191842794418335,0.37403783202171326
1328,0.8116421699523926,0.682479977607727,0.761529266834259,0.3735588490962982
1329,0.7652752995491028,0.6845458745956421,0.7575774788856506,0.37513503432273865
1330,0.7904857397079468,0.6758029460906982,0.7147725224494934,0.3781678378582001
1331,0.8187890648841858,0.6773986220359802,0.703500509262085,0.37728893756866455
1332,0.7842116951942444,0.6787983775138855,0.7691964507102966,0.37701180577278137
1333,0.793265163898468,0.681986927986145,0.7276505827903748,0.3764837086200714
1334,0.7814778089523315,0.6803873181343079,0.7411810159683228,0.3772192597389221
1335,0.8113031387329102,0.6776062250137329,0.7364819049835205,0.3759930431842804
1336,0.7746264338493347,0.6810044050216675,0.7433509826660156,0.3774673044681549
1337,0.8009083867073059,0.6844579577445984,0.7332294583320618,0.37714648246765137
1338,0.7923245429992676,0.6823194026947021,0.7247053980827332,0.3747636675834656
1339,0.7914162874221802,0.6843717694282532,0.734219491481781,0.37561047077178955
1340,0.7836042046546936,0.6878389716148376,0.7255182862281799,0.3750472366809845
1341,0.8008810877799988,0.6876319646835327,0.7365431189537048,0.3762131333351135
1342,0.8157771825790405,0.6911076307296753,0.7320246696472168,0.3737255036830902
1343,0.7994788289070129,0.6857650279998779,0.730722188949585,0.3747006058692932
1344,0.7835463285446167,0.6791343688964844,0.7373700737953186,0.38063663244247437
1345,0.7942073941230774,0.6844573616981506,0.7254809141159058,0.37905633449554443
1346,0.8043050765991211,0.6914570927619934,0.7316225171089172,0.3774206340312958
1347,0.7967740297317505,0.6830705404281616,0.7182742953300476,0.381454199552536
1348,0.8240089416503906,0.6800318956375122,0.7252598404884338,0.382586807012558
1349,0.8281123638153076,0.6808871030807495,0.7265481948852539,0.38174542784690857
1350,0.8015726804733276,0.6864358186721802,0.7344692945480347,0.37754467129707336
1351,0.8118969798088074,0.6812464594841003,0.7269443273544312,0.3783468008041382
1352,0.8424182534217834,0.6855114102363586,0.7080084681510925,0.3766069710254669
1353,0.7684886455535889,0.686335563659668,0.748558521270752,0.3764522969722748
1354,0.773583173751831,0.683761715888977,0.7543973326683044,0.3760926127433777
1355,0.750629186630249,0.6832134127616882,0.767772912979126,0.377541720867157
1356,0.813154399394989,0.6796611547470093,0.7355460524559021,0.37879541516304016
1357,0.7778229713439941,0.6774255037307739,0.740047812461853,0.3776731491088867
1358,0.7994888424873352,0.6821557283401489,0.7305633425712585,0.3769436776638031
1359,0.8049957156181335,0.6857839822769165,0.7334756851196289,0.37455564737319946
1360,0.7925814986228943,0.6831790804862976,0.7478889226913452,0.3751905858516693
1361,0.81512051820755,0.6942704916000366,0.7271280288696289,0.37419986724853516
1362,0.7979661226272583,0.687157928943634,0.7342034578323364,0.37533727288246155
1363,0.7853491306304932,0.6849203109741211,0.7412555813789368,0.37407541275024414
1364,0.8203449249267578,0.6920560002326965,0.7216566205024719,0.374398410320282
1365,0.8372411727905273,0.6841138005256653,0.7136229276657104,0.3781019449234009
1366,0.7783675789833069,0.6813737750053406,0.7506028413772583,0.3780956566333771
1367,0.8099793195724487,0.6801390647888184,0.7319864630699158,0.3788602948188782
1368,0.8463981747627258,0.6838822960853577,0.7133772373199463,0.3776490390300751
1369,0.8031862378120422,0.6770906448364258,0.7364349365234375,0.38010671734809875
1370,0.7888763546943665,0.6751706004142761,0.7335760593414307,0.3823350667953491
1371,0.7697989344596863,0.6774761080741882,0.7551258206367493,0.3808545172214508
1372,0.807073175907135,0.6823392510414124,0.7427837252616882,0.37852880358695984
1373,0.8054414987564087,0.6833844780921936,0.7354697585105896,0.3797120749950409
1374,0.7823714017868042,0.6849994659423828,0.7423660159111023,0.37883517146110535
1375,0.7712351679801941,0.6855751872062683,0.749039351940155,0.3807027339935303
1376,0.8144736886024475,0.6801804304122925,0.7294386625289917,0.3835007846355438
1377,0.7861021757125854,0.677411675453186,0.7295007109642029,0.3824661672115326
1378,0.7820928692817688,0.6843802332878113,0.745471715927124,0.3784411549568176
1379,0.7658302187919617,0.6868069767951965,0.747506320476532,0.3772103488445282
1380,0.7979219555854797,0.6866458058357239,0.7454847097396851,0.380115807056427
1381,0.8162846565246582,0.6871386170387268,0.7356742024421692,0.38030800223350525
1382,0.780157744884491,0.6808422803878784,0.7425494194030762,0.37977269291877747
1383,0.7862460613250732,0.6840230822563171,0.7545076608657837,0.3798336684703827
1384,0.8080698251724243,0.6792618036270142,0.7330994009971619,0.38050198554992676
1385,0.8086555004119873,0.6795118451118469,0.73553067445755,0.3766849935054779
1386,0.7944868206977844,0.6786291599273682,0.7374181747436523,0.3773656189441681
1387,0.777117908000946,0.6835230588912964,0.7505953311920166,0.37734758853912354
1388,0.7689956426620483,0.6763240694999695,0.758735716342926,0.38307708501815796
1389,0.8068554997444153,0.678612470626831,0.732937753200531,0.38471391797065735
1390,0.7810884714126587,0.6815714240074158,0.7324222326278687,0.38354215025901794
1391,0.7709988355636597,0.6775175929069519,0.7396913170814514,0.3829895257949829
1392,0.7876501083374023,0.6787866353988647,0.7526525855064392,0.383354514837265
1393,0.8249338865280151,0.6690987944602966,0.7256980538368225,0.3834848999977112
1394,0.7810933589935303,0.6783519983291626,0.7626715898513794,0.38056015968322754
1395,0.8137736320495605,0.6803506016731262,0.7281129360198975,0.37833407521247864
1396,0.8120659589767456,0.678185224533081,0.7300339341163635,0.3788423240184784
1397,0.8140823245048523,0.6768643856048584,0.7397839426994324,0.3805106282234192
1398,0.8358668684959412,0.6817800402641296,0.7132084965705872,0.38290148973464966
1399,0.8025873303413391,0.6804595589637756,0.7380203604698181,0.38473767042160034
1400,0.7792986631393433,0.6712390184402466,0.7290209531784058,0.38858795166015625
1401,0.8088802695274353,0.6763092875480652,0.7349992394447327,0.3825226426124573
1402,0.7476750612258911,0.6783470511436462,0.7622868418693542,0.3816472887992859
1403,0.8197880983352661,0.6800711154937744,0.7283563613891602,0.38076135516166687
1404,0.7700722217559814,0.6810881495475769,0.7339219450950623,0.37736985087394714
1405,0.8041868209838867,0.6809269189834595,0.7478896379470825,0.37869593501091003
1406,0.797762930393219,0.6831626892089844,0.7372641563415527,0.3780866265296936
1407,0.7770059704780579,0.6749787926673889,0.759531557559967,0.38148555159568787
1408,0.7805351614952087,0.6784630417823792,0.7535494565963745,0.38328173756599426
1409,0.8007544875144958,0.6743249893188477,0.7458356618881226,0.38436031341552734
1410,0.8033385872840881,0.6808720231056213,0.7423746585845947,0.38115814328193665
1411,0.7709824442863464,0.6785551309585571,0.7454541325569153,0.37810707092285156
1412,0.7853823900222778,0.6792032718658447,0.7515340447425842,0.3783251643180847
1413,0.8016331791877747,0.6840556859970093,0.7473869323730469,0.3763016164302826
1414,0.7975454330444336,0.6790841221809387,0.7347451448440552,0.37857845425605774
1415,0.7796381711959839,0.6852563619613647,0.7566803693771362,0.3758244812488556
1416,0.7870333194732666,0.6822256445884705,0.7443896532058716,0.3738425076007843
1417,0.7847851514816284,0.6799320578575134,0.741503119468689,0.37287041544914246
1418,0.8012216091156006,0.6863341927528381,0.7340877056121826,0.37400659918785095
1419,0.7778482437133789,0.6795324683189392,0.7604278922080994,0.3792269825935364
1420,0.7990037202835083,0.6833061575889587,0.7384607791900635,0.37892967462539673
1421,0.8127686381340027,0.6785250902175903,0.74363112449646,0.37741923332214355
1422,0.7867688536643982,0.6854731440544128,0.7558607459068298,0.37402331829071045
1423,0.7998897433280945,0.6876559853553772,0.7357724905014038,0.3736081123352051
1424,0.82077556848526,0.688924252986908,0.7452173233032227,0.3703393042087555
1425,0.7408546805381775,0.6790860295295715,0.7419299483299255,0.37296047806739807
1426,0.7700725793838501,0.6853341460227966,0.7539898157119751,0.37343472242355347
1427,0.8002296090126038,0.6846659779548645,0.7257000803947449,0.3732936978340149
1428,0.781089186668396,0.683699905872345,0.7627978920936584,0.3725617229938507
1429,0.7852392792701721,0.6896700263023376,0.7561408281326294,0.3704652190208435
1430,0.8058832883834839,0.6823098063468933,0.735936164855957,0.37549784779548645
1431,0.7675043940544128,0.6877521276473999,0.7593340873718262,0.37519797682762146
1432,0.7485039234161377,0.6816109418869019,0.7607102394104004,0.3779325485229492
1433,0.7668046951293945,0.6825606822967529,0.7514453530311584,0.379050612449646
1434,0.7814459800720215,0.6783969402313232,0.7197993397712708,0.3796999454498291
1435,0.8089457154273987,0.6816861629486084,0.7304696440696716,0.3749779164791107
1436,0.7843168377876282,0.6787914037704468,0.7401665449142456,0.3778657019138336
1437,0.7847757935523987,0.6777351498603821,0.7549508213996887,0.3789845407009125
1438,0.8440572023391724,0.6832557320594788,0.7285540699958801,0.376224547624588
1439,0.8017494082450867,0.6855611801147461,0.7549909353256226,0.3765271008014679
1440,0.7925845384597778,0.6842927932739258,0.7409675717353821,0.3779221475124359
1441,0.7933566570281982,0.6817634701728821,0.7616682052612305,0.378123939037323
1442,0.7691885232925415,0.6855674982070923,0.7363457083702087,0.3736182749271393
1443,0.793383002281189,0.6808791756629944,0.735608696937561,0.3743956685066223
1444,0.7930520176887512,0.6808529496192932,0.7460184693336487,0.37682443857192993
1445,0.8118926882743835,0.6840881705284119,0.7366729974746704,0.3785252273082733
1446,0.8194640874862671,0.6806270480155945,0.7036005258560181,0.37819528579711914
1447,0.7760575413703918,0.6811409592628479,0.7679832577705383,0.3777896463871002
1448,0.7432202100753784,0.6823694109916687,0.7571578025817871,0.3791615068912506
1449,0.8054423928260803,0.6789537072181702,0.7381914854049683,0.37831807136535645
1450,0.7543565034866333,0.6852969527244568,0.7594900727272034,0.37283092737197876
1451,0.8185044527053833,0.6811953783035278,0.7188265919685364,0.37344983220100403
1452,0.7897056937217712,0.6860900521278381,0.7318047285079956,0.3737296164035797
1453,0.7870967984199524,0.6835173964500427,0.765066921710968,0.3748643100261688
1454,0.8239407539367676,0.6838837265968323,0.7318577170372009,0.3769082725048065
1455,0.7918434739112854,0.6839860677719116,0.7394808530807495,0.3772740960121155
1456,0.7741475105285645,0.684824526309967,0.7390409708023071,0.3770293891429901
1457,0.8171144127845764,0.68392014503479,0.7194881439208984,0.37949466705322266
1458,0.7857493162155151,0.6805384159088135,0.7545371651649475,0.3792388141155243
1459,0.8125069737434387,0.6803192496299744,0.7314502000808716,0.3785959780216217
1460,0.7966881990432739,0.681950569152832,0.7486268877983093,0.37651997804641724
1461,0.7808087468147278,0.6797494888305664,0.7289595007896423,0.37546226382255554
1462,0.7939174175262451,0.6842499375343323,0.7379434704780579,0.37298375368118286
1463,0.8065981268882751,0.6904715895652771,0.7416483759880066,0.3708016276359558
1464,0.7671736478805542,0.6864801645278931,0.7498849630355835,0.36995455622673035
1465,0.7783600687980652,0.6791390776634216,0.7442800402641296,0.37475094199180603
1466,0.8222535252571106,0.6841156482696533,0.7127420902252197,0.3726523518562317
1467,0.7812827229499817,0.679851770401001,0.7443999648094177,0.3760194778442383
1468,0.7547140121459961,0.6834186911582947,0.759248673915863,0.37384477257728577
1469,0.7855234146118164,0.6882779002189636,0.7492159605026245,0.3712736666202545
1470,0.7937576770782471,0.6813774108886719,0.7397028207778931,0.37458357214927673
1471,0.7825547456741333,0.6834598779678345,0.7692083716392517,0.3764425218105316
1472,0.7644917368888855,0.6825988292694092,0.7405881285667419,0.37605735659599304
1473,0.7579502463340759,0.6770541667938232,0.7715391516685486,0.38128504157066345
1474,0.7959596514701843,0.6837389469146729,0.7367658615112305,0.3778742849826813
1475,0.7883228063583374,0.6828007102012634,0.7493507862091064,0.37972232699394226
1476,0.7738054990768433,0.6904420256614685,0.7511971592903137,0.37644070386886597
1477,0.7870451211929321,0.6820176839828491,0.7356380820274353,0.38114312291145325
1478,0.7859092950820923,0.6767624616622925,0.7312754392623901,0.3827117383480072
1479,0.785119891166687,0.6816781163215637,0.7436347007751465,0.3820846378803253
1480,0.7897108197212219,0.6779688000679016,0.7578021883964539,0.38158735632896423
1481,0.7958948016166687,0.6794652342796326,0.7490423321723938,0.3831804096698761
1482,0.7852978706359863,0.6756612062454224,0.7507888674736023,0.38233327865600586
1483,0.763441264629364,0.689721405506134,0.7595468163490295,0.37636417150497437
1484,0.77654629945755,0.6800293922424316,0.7596825361251831,0.38026851415634155
1485,0.7850416302680969,0.6868818998336792,0.7422478795051575,0.3765140175819397
1486,0.763948917388916,0.6840071678161621,0.7586008906364441,0.3777717351913452
1487,0.7774567604064941,0.683569610118866,0.7400388121604919,0.37932154536247253
1488,0.786109447479248,0.6831021308898926,0.7588131427764893,0.3811626136302948
1489,0.7876695394515991,0.6773311495780945,0.7371024489402771,0.3835746645927429
1490,0.772817850112915,0.6755985617637634,0.7545080184936523,0.38354939222335815
1491,0.7854093313217163,0.6752087473869324,0.7535295486450195,0.3828469514846802
1492,0.7811487913131714,0.674035370349884,0.7554965019226074,0.38343214988708496
1493,0.8183706402778625,0.6808763742446899,0.7151918411254883,0.38077619671821594
