	Unique	PDB_mut	Clean_mut	PDB_ID	Chain	Uniprot_ID	DDG_avg	DDG	Affinity_WT	Affinity_M	Location	Experimental_method	SKEMPI_version	out_type	out_protein	CC_ID	Unique_position
0	4K71_B_HB161A	HB161A	HB157A	4K71	4K71_B	P55899	-0.644	-0.644	3e-09	8.9e-09	RIM	ELISA	2		4K71_A_BC	0	4K71_B_161
1	4K71_B_HB161F	HB161F	HB157F	4K71	4K71_B	P55899	-0.185	-0.185	3e-09	4.1e-09	RIM	ELISA	2		4K71_A_BC	0	4K71_B_161
2	1BJ1_H_YH54A	YH54A	YH54A	1BJ1	1BJ1_H	Not Mapped	-1.328	-1.328	3.4e-09	3.2e-08	RIM	SPR	2	AB/AG	AB/AG	0	1BJ1_H_54
3	1BJ1_H_YH27A	YH27A	YH27A	1BJ1	1BJ1_H	Not Mapped	-2.244	-2.244	3.4e-09	1.5e-07	INT	SPR	2	AB/AG	AB/AG	0	1BJ1_H_27
4	1BJ1_H_TH28D	TH28D	TH28D	1BJ1	1BJ1_H	Not Mapped	0.22	0.22	2.9e-09	2e-09	SUR	SPR	2	AB/AG	AB/AG	0	1BJ1_H_28
5	1BJ1_H_YH54W	YH54W	YH54W	1BJ1	1BJ1_H	Not Mapped	0.137	0.137	2.9e-09	2.3e-09	RIM	SPR	2	AB/AG	AB/AG	0	1BJ1_H_54
6	1BJ1_H_HH107A	HH107A	HH107A	1BJ1	1BJ1_H	Not Mapped	-0.79	-0.79	3.4e-09	1.29e-08	SUP	SPR	2	AB/AG	AB/AG	0	1BJ1_H_107
7	1BJ1_H_YH99A	YH99A	YH99A	1BJ1	1BJ1_H	Not Mapped	-4.441	-4.441	3.4e-09	6.12e-06	SUP	SPR	2	AB/AG	AB/AG	0	1BJ1_H_99
8	1BJ1_H_TH59A	TH59A	TH59A	1BJ1	1BJ1_H	Not Mapped	-0.851	-0.851	3.4e-09	1.43e-08	COR	SPR	2	AB/AG	AB/AG	0	1BJ1_H_59
9	1BJ1_H_SH105T	SH105T	SH105T	1BJ1	1BJ1_H	Not Mapped	0.391	0.391	2.9e-09	1.5e-09	RIM	SPR	2	AB/AG	AB/AG	0	1BJ1_H_105
10	1BJ1_H_HH101Y	HH101Y	HH101Y	1BJ1	1BJ1_H	Not Mapped	1.584	1.584	2.9e-09	2e-10	COR	SPR	2	AB/AG	AB/AG	0	1BJ1_H_101
11	1BJ1_H_NH31H	NH31H	NH31H	1BJ1	1BJ1_H	Not Mapped	0.763	0.763	2.9e-09	8e-10	COR	SPR	2	AB/AG	AB/AG	0	1BJ1_H_31
12	4JFE_C_AC7I	AC7I	AC7I	4JFE	4JFE_C	Not Mapped	6.43	6.43	3.1e-05	6e-10	COR	SPR	2	TCR/pMHC	TCR/pMHC,1JCK_A_B	0	4JFE_C_7
13	4MNQ_C_LC6A	LC6A	LC6A	4MNQ	4MNQ_C	O14746	-4.149	-4.149	2e-09	2.2e-06	COR	SPR	2	TCR/pMHC	TCR/pMHC	0	4MNQ_C_6
14	4MNQ_C_KC4A	KC4A	KC4A	4MNQ	4MNQ_C	O14746	-4.936	-4.936	2e-09	8.3e-06	COR	SPR	2	TCR/pMHC	TCR/pMHC	0	4MNQ_C_4
15	3SE4_B_KB152R	KB152R	KB134R	3SE4	3SE4_B	P05000	0.975	0.975,0.975,0.975	2e-09,4e-05,2e-09	3.86e-10,5.06e-05,4.39e-10	COR	SP,SPR	2		3SE4_B_C,3S9D_A_B,3SE3_B_C	0	3SE4_B_152
16	3SE4_B_KB152A	KB152A	KB134A	3SE4	3SE4_B	P05000	-1.775	-1.775,-1.775,-1.775	2e-09,4e-05,2e-09	4e-08,3.77e-05,4.19e-08	COR	SP,SPR	2		3SE4_B_C,3S9D_A_B,3SE3_B_C	0	3SE4_B_152
17	3SE4_B_MB148A	MB148A	MB130A	3SE4	3SE4_B	P05000	-0.573	-0.573,-0.573	2e-09,4e-05	5.26e-09,4.17e-05	COR	SP,SPR	2		3SE4_B_C,3S9D_A_B,3SE3_B_C	0	3SE4_B_148
18	3SE4_B_LB32A	LB32A	LB31A	3SE4	3SE4_B	P05000	-2.728	-2.728,-2.728	2e-09,4e-05	2e-07,3.92e-05	COR	SP,SPR	2		3SE4_B_C,3S9D_A_B,3SE3_B_C	0	3SE4_B_32
19	3SE4_B_PB28L	PB28L	PB27L	3SE4	3SE4_B	P05000	-0.924	-0.924,-0.924	2e-09,4e-05	9.52e-09,4.76e-05	COR	SP,SPR	2		3SE4_B_C,3S9D_A_B,3SE3_B_C	0	3SE4_B_28
20	3SE4_B_PB28A	PB28A	PB27A	3SE4	3SE4_B	P05000	0.17	0.17,0.17	2e-09,4e-05	1.5e-09,4.35e-05	COR	SP,SPR	2		3SE4_B_C,3S9D_A_B,3SE3_B_C	0	3SE4_B_28
21	3N85_H_WH96F	WH96F	WH100F	3N85	3N85_H	Not Mapped	0.015	0.015,0.015	7.9e-10,7.9e-10	7.7e-10,7.7e-10	COR	SPR	2	AB/AG	AB/AG,3MZW_A_B	0	3N85_H_96
22	3N85_H_SH32A	SH32A	SH32A	3N85	3N85_H	Not Mapped	0.134	0.134	7.9e-10	6.3e-10	SUP	SPR	2	AB/AG	AB/AG,3MZW_A_B	0	3N85_H_32
23	3N85_H_SH32Y	SH32Y	SH32Y	3N85	3N85_H	Not Mapped	-0.057	-0.057	7.9e-10	8.7e-10	SUP	SPR	2	AB/AG	AB/AG,3MZW_A_B	0	3N85_H_32
24	3N85_H_WH30R	WH30R	WH30R	3N85	3N85_H	Not Mapped	0.554	0.554	7.9e-10	3.1e-10	RIM	SPR	2	AB/AG	AB/AG,3MZW_A_B	0	3N85_H_30
25	3N85_H_WH30K	WH30K	WH30K	3N85	3N85_H	Not Mapped	0.785	0.785	7.9e-10	2.1e-10	RIM	SPR	2	AB/AG	AB/AG,3MZW_A_B	0	3N85_H_30
26	3N85_H_SH52Y	SH52Y	SH52Y	3N85	3N85_H	Not Mapped	0.785	0.785	7.9e-10	2.1e-10	SUP	SPR	2	AB/AG	AB/AG,3MZW_A_B	0	3N85_H_52
27	3N85_H_SH50G	SH50G	SH50G	3N85	3N85_H	Not Mapped	-0.488	-0.488	7.9e-10	1.8e-09	INT	SPR	2	AB/AG	AB/AG,3MZW_A_B	0	3N85_H_50
28	1XGU_B_FB33I	FB33I	FB33I	1XGU	1XGU_B	Not Mapped	-1.801	-1.801	5.26e-09	1.1e-07	COR	ITC	2	AB/AG	AB/AG	0	1XGU_B_33
29	1XGU_B_FB33L	FB33L	FB33L	1XGU	1XGU_B	Not Mapped	-1.863	-1.863	5.26e-09	1.22e-07	COR	ITC	2	AB/AG	AB/AG	0	1XGU_B_33
30	1XGU_B_FB33A	FB33A	FB33A	1XGU	1XGU_B	Not Mapped	-4.062	-4.062	5.26e-09	5e-06	COR	ITC	2	AB/AG	AB/AG	0	1XGU_B_33
31	1XGU_B_FB33V	FB33V	FB33V	1XGU	1XGU_B	Not Mapped	-2.909	-2.909	5.26e-09	7.14e-07	COR	ITC	2	AB/AG	AB/AG	0	1XGU_B_33
32	4NKQ_B_DB281A	DB281A	DB176A	4NKQ	4NKQ_B	P15509	-0.423	-0.423,-0.423,-0.423	4.9e-10,4e-11,3e-11	1e-09,8.4e-10,2.5e-09	INT	IARA,RA	2		4NKQ_C_AB,4RS1_A_B	0	4NKQ_B_281
33	4NKQ_B_DB281N	DB281N	DB176N	4NKQ	4NKQ_B	P15509	-2.119	-2.119,-2.119	4e-11,3e-11	1.43e-09,5.9e-10	INT	IARA,RA	2		4NKQ_C_AB,4RS1_A_B	0	4NKQ_B_281
34	4NKQ_B_RB283M	RB283M	RB178M	4NKQ	4NKQ_B	P15509	-1.864	-1.864,-1.864	4e-11,3e-11	9.3e-10,3e-09	COR	IARA,RA	2		4NKQ_C_AB,4RS1_A_B	0	4NKQ_B_283
35	4NKQ_B_RB261Q	RB261Q	RB156Q	4NKQ	4NKQ_B	P15509	-0.332	-0.332,-0.332	4e-11,3e-11	7e-11,1.2e-10	INT	IARA,RA	2		4NKQ_C_AB,4RS1_A_B	0	4NKQ_B_261
36	4NKQ_B_RB170D	RB170D	RB80D	4NKQ	4NKQ_B	P15509	0.077	0.077	4.9e-10	4.3e-10	COR	RA	2		4NKQ_C_AB,4RS1_A_B	0	4NKQ_B_170
37	4NKQ_B_RB170A	RB170A	RB80A	4NKQ	4NKQ_B	P15509	-0.12	-0.12	4.9e-10	6e-10	COR	RA	2		4NKQ_C_AB,4RS1_A_B	0	4NKQ_B_170
38	4NKQ_B_SB228A	SB228A	SB123A	4NKQ	4NKQ_B	P15509	-0.275	-0.275	4.9e-10	7.8e-10	SUR	RA	2		4NKQ_C_AB,4RS1_A_B	0	4NKQ_B_228
39	4NKQ_B_LB227A	LB227A	LB122A	4NKQ	4NKQ_B	P15509	-0.236	-0.236	4.9e-10	7.3e-10	SUR	RA	2		4NKQ_C_AB,4RS1_A_B	0	4NKQ_B_227
40	4NKQ_B_KB226A	KB226A	KB121A	4NKQ	4NKQ_B	P15509	0.561	0.561	4.9e-10	1.9e-10	SUR	RA	2		4NKQ_C_AB,4RS1_A_B	0	4NKQ_B_226
41	4NKQ_B_QB225A	QB225A	QB120A	4NKQ	4NKQ_B	P15509	0.399	0.399	4.9e-10	2.5e-10	SUR	RA	2		4NKQ_C_AB,4RS1_A_B	0	4NKQ_B_225
42	4NKQ_B_EB197A	EB197A	EB92A	4NKQ	4NKQ_B	P15509	0.353	0.353	4.9e-10	2.7e-10	INT	RA	2		4NKQ_C_AB,4RS1_A_B	0	4NKQ_B_197
43	4NKQ_B_IB196A	IB196A	IB91A	4NKQ	4NKQ_B	P15509	0.05	0.05	4.9e-10	4.5e-10	INT	RA	2		4NKQ_C_AB,4RS1_A_B	0	4NKQ_B_196
44	4NKQ_B_KB195D	KB195D	KB90D	4NKQ	4NKQ_B	P15509	0.199	0.199	4.9e-10	3.5e-10	RIM	RA	2		4NKQ_C_AB,4RS1_A_B	0	4NKQ_B_195
45	4NKQ_B_KB195A	KB195A	KB90A	4NKQ	4NKQ_B	P15509	0.199	0.199	4.9e-10	3.5e-10	RIM	RA	2		4NKQ_C_AB,4RS1_A_B	0	4NKQ_B_195
46	4NKQ_B_KB194D	KB194D	KB89D	4NKQ	4NKQ_B	P15509	-1.062	-1.062	4.9e-10	2.94e-09	COR	RA	2		4NKQ_C_AB,4RS1_A_B	0	4NKQ_B_194
47	4NKQ_B_KB194A	KB194A	KB89A	4NKQ	4NKQ_B	P15509	-0.386	-0.386	4.9e-10	9.4e-10	COR	RA	2		4NKQ_C_AB,4RS1_A_B	0	4NKQ_B_194
48	4NKQ_B_TB193A	TB193A	TB88A	4NKQ	4NKQ_B	P15509	-0.319	-0.319	4.9e-10	8.4e-10	INT	RA	2		4NKQ_C_AB,4RS1_A_B	0	4NKQ_B_193
49	4NKQ_B_DB192R	DB192R	DB87R	4NKQ	4NKQ_B	P15509	-0.203	-0.203	4.9e-10	6.9e-10	SUP	RA	2		4NKQ_C_AB,4RS1_A_B	0	4NKQ_B_192
50	4NKQ_B_DB192A	DB192A	DB87A	4NKQ	4NKQ_B	P15509	-0.158	-0.158	4.9e-10	6.4e-10	SUP	RA	2		4NKQ_C_AB,4RS1_A_B	0	4NKQ_B_192
51	4NKQ_B_YB172F	YB172F	YB82F	4NKQ	4NKQ_B	P15509	0.234	0.234	4.9e-10	3.3e-10	SUR	RA	2		4NKQ_C_AB,4RS1_A_B	0	4NKQ_B_172
52	4NKQ_B_YB172A	YB172A	YB82A	4NKQ	4NKQ_B	P15509	0.375	0.375	4.9e-10	2.6e-10	SUR	RA	2		4NKQ_C_AB,4RS1_A_B	0	4NKQ_B_172
53	4NKQ_B_NB171A	NB171A	NB81A	4NKQ	4NKQ_B	P15509	-0.1	-0.1	4.9e-10	5.8e-10	INT	RA	2		4NKQ_C_AB,4RS1_A_B	0	4NKQ_B_171
54	4NKQ_B_RB283D	RB283D	RB178D	4NKQ	4NKQ_B	P15509	0.291	0.291	4.9e-10	3e-10	COR	RA	2		4NKQ_C_AB,4RS1_A_B	0	4NKQ_B_283
55	4NKQ_B_RB283A	RB283A	RB178A	4NKQ	4NKQ_B	P15509	-0.36	-0.36	4.9e-10	9e-10	COR	RA	2		4NKQ_C_AB,4RS1_A_B	0	4NKQ_B_283
56	4NKQ_B_DB281E	DB281E	DB176E	4NKQ	4NKQ_B	P15509	-0.468	-0.468	4.9e-10	1.08e-09	INT	RA	2		4NKQ_C_AB,4RS1_A_B	0	4NKQ_B_281
57	4NKQ_B_DB231A	DB231A	DB126A	4NKQ	4NKQ_B	P15509	-0.11	-0.11	4.9e-10	5.9e-10	SUP	RA	2		4NKQ_C_AB,4RS1_A_B	0	4NKQ_B_231
58	2BDN_L_TL56E	TL56E	TL56E	2BDN	2BDN_L	Not Mapped	0.689	0.689	8e-10	2.5e-10	RIM	SPR	2	AB/AG	AB/AG	0	2BDN_L_56
59	2BDN_L_TL56D	TL56D	TL56D	2BDN	2BDN_L	Not Mapped	0.426	0.426	8e-10	3.9e-10	RIM	SPR	2	AB/AG	AB/AG	0	2BDN_L_56
60	2BDN_L_SL53E	SL53E	SL53E	2BDN	2BDN_L	Not Mapped	0.852	0.852	8e-10	1.9e-10	RIM	SPR	2	AB/AG	AB/AG	0	2BDN_L_53
61	2BDN_L_SL53D	SL53D	SL53D	2BDN	2BDN_L	Not Mapped	0.161	0.161	8e-10	6.1e-10	RIM	SPR	2	AB/AG	AB/AG	0	2BDN_L_53
62	2BDN_L_NL31K	NL31K	NL31K	2BDN	2BDN_L	Not Mapped	-3.491	-3.491	8e-10	2.9e-07	RIM	SPR	2	AB/AG	AB/AG	0	2BDN_L_31
63	2BDN_L_NL31R	NL31R	NL31R	2BDN	2BDN_L	Not Mapped	0.918	0.918	8e-10	1.7e-10	RIM	SPR	2	AB/AG	AB/AG	0	2BDN_L_31
64	2BDN_L_YL30K	YL30K	YL30K	2BDN	2BDN_L	Not Mapped	-0.675	-0.675	8e-10	2.5e-09	RIM	SPR	2	AB/AG	AB/AG	0	2BDN_L_30
65	5C6T_L_RL51A	RL51A	RL48A	5C6T	5C6T_L	Not Mapped	-0.123	-0.123	1.3e-10	1.6e-10	COR	SPR	2	AB/AG	AB/AG	0	5C6T_L_51
66	5C6T_L_YL50A	YL50A	YL47A	5C6T	5C6T_L	Not Mapped	-0.552	-0.552	1.3e-10	3.3e-10	SUP	SPR	2	AB/AG	AB/AG	0	5C6T_L_50
67	4OZG_H_DH114A	DH114A	DH98A	4OZG	4OZG_H	P01850	-1.65	-1.65	1.58e-05	0.000256	COR	SPR	2	TCR/pMHC	TCR/pMHC,1JCK_A_B	0	4OZG_H_114
68	4OZG_H_FH110A	FH110A	FH96A	4OZG	4OZG_H	P01850	-0.884	-0.884	1.58e-05	7.02e-05	SUP	SPR	2	TCR/pMHC	TCR/pMHC,1JCK_A_B	0	4OZG_H_110
69	4OZG_H_RH109A	RH109A	RH95A	4OZG	4OZG_H	P01850	-1.744	-1.744	1.58e-05	0.0003	COR	SPR	2	TCR/pMHC	TCR/pMHC,1JCK_A_B	0	4OZG_H_109
70	4OZG_H_FH108A	FH108A	FH94A	4OZG	4OZG_H	P01850	-1.435	-1.435	1.58e-05	0.000178	COR	SPR	2	TCR/pMHC	TCR/pMHC,1JCK_A_B	0	4OZG_H_108
71	4OZG_H_NH63A	NH63A	NH50A	4OZG	4OZG_H	P01850	0.111	0.111	1.58e-05	1.31e-05	RIM	SPR	2	TCR/pMHC	TCR/pMHC,1JCK_A_B	0	4OZG_H_63
72	4OZG_H_QH57A	QH57A	QH48A	4OZG	4OZG_H	P01850	-0.805	-0.805	1.58e-05	6.15e-05	COR	SPR	2	TCR/pMHC	TCR/pMHC,1JCK_A_B	0	4OZG_H_57
73	4OZG_H_YH55F	YH55F	YH46F	4OZG	4OZG_H	P01850	0.647	0.647	1.58e-05	5.3e-06	SUP	SPR	2	TCR/pMHC	TCR/pMHC,1JCK_A_B	0	4OZG_H_55
74	4OZG_H_YH117F	YH117F	YH101F	4OZG	4OZG_H	P01850	-0.534	-0.534	1.58e-05	3.89e-05	RIM	SPR	2	TCR/pMHC	TCR/pMHC,1JCK_A_B	0	4OZG_H_117
75	1JRH_I_EI55A	EI55A	EI45A	1JRH	1JRH_I	P15260	0.435	0.435,0.435	1.44e-08,2.4e-09	6.91e-09,7.4e-10	RIM	ELISA,SPR	1	AB/AG	AB/AG	0	1JRH_I_55
76	1JRH_I_NI48A	NI48A	NI38A	1JRH	1JRH_I	P15260	0.293	0.293,0.293	1.44e-08,2.4e-09	8.78e-09,7e-09	SUP	ELISA,SPR	1	AB/AG	AB/AG	0	1JRH_I_48
77	1JRH_I_KI47A	KI47A	KI37A	1JRH	1JRH_I	P15260	-3.579	-3.579,-3.579	1.44e-08,2.4e-09	6.05e-06,1.6e-06	SUP	ELISA,SPR	1	AB/AG	AB/AG	0	1JRH_I_47
78	1JRH_I_KI98A	KI98A	KI88A	1JRH	1JRH_I	P15260	0.043	0.043,0.043	1.44e-08,2.4e-09	1.34e-08,7.4e-09	RIM	ELISA,SPR	1	AB/AG	AB/AG	0	1JRH_I_98
79	1JRH_I_RI84A	RI84A	RI74A	1JRH	1JRH_I	P15260	0.246	0.246,0.246	1.44e-08,2.4e-09	9.5e-09,1.37e-08	SUP	ELISA,SPR	1	AB/AG	AB/AG	0	1JRH_I_84
80	1JRH_I_WI82Y	WI82Y	WI72Y	1JRH	1JRH_I	P15260	-1.136	-1.136,-1.136	1.44e-08,2.4e-09	9.79e-08,1.95e-08	COR	ELISA,SPR	1	AB/AG	AB/AG	0	1JRH_I_82
81	1JRH_I_WI82F	WI82F	WI72F	1JRH	1JRH_I	P15260	-1.109	-1.109,-1.109	1.44e-08,2.4e-09	9.36e-08,1.53e-08	COR	ELISA,SPR	1	AB/AG	AB/AG	0	1JRH_I_82
82	1JRH_I_WI82A	WI82A	WI72A	1JRH	1JRH_I	P15260	-4.529	-4.529,-4.529	1.44e-08,2.4e-09	3.01e-05,3.6e-06	COR	ELISA,SPR	1	AB/AG	AB/AG	0	1JRH_I_82
83	1JRH_I_NI79A	NI79A	NI69A	1JRH	1JRH_I	P15260	0.399	0.399,0.399	1.44e-08,2.4e-09	7.34e-09,2.4e-09	INT	ELISA,SPR	1	AB/AG	AB/AG	0	1JRH_I_79
84	1JRH_I_WI56Y	WI56Y	WI46Y	1JRH	1JRH_I	P15260	-0.016	-0.016,-0.016	1.44e-08,2.4e-09	1.48e-08,6.4e-09	COR	ELISA,SPR	1	AB/AG	AB/AG	0	1JRH_I_56
85	1JRH_I_WI56F	WI56F	WI46F	1JRH	1JRH_I	P15260	0.657	0.657,0.657	1.44e-08,2.4e-09	4.75e-09,3.1e-09	COR	ELISA,SPR	1	AB/AG	AB/AG	0	1JRH_I_56
86	1JRH_I_SI54A	SI54A	SI44A	1JRH	1JRH_I	P15260	-0.298	-0.298,-0.298	1.44e-08,2.4e-09	2.38e-08,5.2e-09	COR	ELISA,SPR	1	AB/AG	AB/AG	0	1JRH_I_54
87	1JRH_I_NI53A	NI53A	NI43A	1JRH	1JRH_I	P15260	-3.894	-3.894,-3.894	1.44e-08,2.4e-09	1.03e-05,6.8e-06	COR	ELISA,SPR	1	AB/AG	AB/AG	0	1JRH_I_53
88	1JRH_I_KI52A	KI52A	KI42A	1JRH	1JRH_I	P15260	-2.985	-2.985,-2.985	1.44e-08,2.4e-09	2.22e-06,1.44e-06	COR	ELISA,SPR	1	AB/AG	AB/AG	0	1JRH_I_52
89	1JRH_I_VI51A	VI51A	VI41A	1JRH	1JRH_I	P15260	-1.884	-1.884,-1.884	1.44e-08,2.4e-09	3.46e-07,2.9e-08	COR	ELISA,SPR	1	AB/AG	AB/AG	0	1JRH_I_51
90	1JRH_I_GI50A	GI50A	GI40A	1JRH	1JRH_I	P15260	-4.527	-4.527,-4.527	1.44e-08,2.4e-09	3e-05,3.88e-06	COR	ELISA,SPR	1	AB/AG	AB/AG	0	1JRH_I_50
91	1JRH_I_YI49F	YI49F	YI39F	1JRH	1JRH_I	P15260	-0.791	-0.791,-0.791	1.44e-08,2.4e-09	5.47e-08,1.36e-08	COR	ELISA,SPR	1	AB/AG	AB/AG	0	1JRH_I_49
92	1JRH_I_YI49A	YI49A	YI39A	1JRH	1JRH_I	P15260	-3.401	-3.401,-3.401	1.44e-08,2.4e-09	4.48e-06,1.15e-06	COR	ELISA,SPR	1	AB/AG	AB/AG	0	1JRH_I_49
93	1JRH_I_NI48Q	NI48Q	NI38Q	1JRH	1JRH_I	P15260	-0.364	-0.364,-0.364	1.44e-08,2.4e-09	2.66e-08,7.9e-09	SUP	ELISA,SPR	1	AB/AG	AB/AG	0	1JRH_I_48
94	1JRH_I_EI45Q	EI45Q	EI35Q	1JRH	1JRH_I	P15260	-0.1	-0.1	1.42e-08	1.68e-08	INT	SPR	1	AB/AG	AB/AG	0	1JRH_I_45
95	1JRH_I_TI14V	TI14V	TI4V	1JRH	1JRH_I	P15260	0.026	0.026	1.42e-08	1.36e-08	SUR	SPR	1	AB/AG	AB/AG	0	1JRH_I_14
96	1JRH_I_KI52M	KI52M	KI42M	1JRH	1JRH_I	P15260	-4.914	-4.914	1.44e-08	5.76e-05	COR	SPR	1	AB/AG	AB/AG	0	1JRH_I_52
97	1JRH_I_KI47M	KI47M	KI37M	1JRH	1JRH_I	P15260	-3.294	-3.294	1.44e-08	3.74e-06	SUP	SPR	1	AB/AG	AB/AG	0	1JRH_I_47
98	1JRH_I_EI55P	EI55P	EI45P	1JRH	1JRH_I	P15260	3.79	3.79	1.2e-08	2e-11	RIM	SPR	1	AB/AG	AB/AG	0	1JRH_I_55
99	3LB6_A_FA107A	FA107A	FA103A	3LB6	3LB6_A	P35225	-5.117	-5.117	1.58e-14	8.91e-11	COR	SPR	2		3LB6_A_C,3G6D_LH_A,3L5X_A_HL	0	3LB6_A_107
100	3LB6_A_KA105A	KA105A	KA101A	3LB6	3LB6_A	P35225	-2.545	-2.545	1.58e-14	1.16e-12	RIM	SPR	2		3LB6_A_C,3G6D_LH_A,3L5X_A_HL	0	3LB6_A_105
101	3LB6_A_KA104A	KA104A	KA100A	3LB6	3LB6_A	P35225	-5.814	-5.814	1.58e-14	2.89e-10	COR	SPR	2		3LB6_A_C,3G6D_LH_A,3L5X_A_HL	0	3LB6_A_104
102	3LB6_A_IA14A	IA14A	IA10A	3LB6	3LB6_A	P35225	-3.723	-3.723	1.58e-14	8.47e-12	SUP	SPR	2		3LB6_A_C,3G6D_LH_A,3L5X_A_HL	0	3LB6_A_14
103	1DAN_U_VU207A	VU207A	VU113A	1DAN	1DAN_U	P13726	-1.57	-1.57,-1.57	5.3e-09,6.16e-09	7.5e-08,4.48e-09	COR	ELISA,SPR	1		1DAN_HL_UT	0	1DAN_U_207
104	1DAN_U_FU140A	FU140A	FU50A	1DAN	1DAN_U	P13726	-2.215	-2.215,-2.215	5.3e-09,6.16e-09	2.23e-07,5.36e-08	COR	ELISA,SPR	1		1DAN_HL_UT	0	1DAN_U_140
105	1DAN_U_RU135A	RU135A	RU45A	1DAN	1DAN_U	P13726	-0.986	-0.986,-0.986	5.3e-09,6.16e-09	2.8e-08,1.48e-08	RIM	ELISA,SPR	1		1DAN_HL_UT	0	1DAN_U_135
106	1DAN_U_YU94A	YU94A	YU4A	1DAN	1DAN_U	P13726	-0.312	-0.312,-0.312	2.6e-12,6.16e-09	4.4e-12,3.47e-08	COR	SPR,ELFA	1		1DAN_HL_UT	0	1DAN_U_94
107	1DAN_U_PU92A	PU92A	PU2A	1DAN	1DAN_U	P13726	0.186	0.186	2.6e-12	1.9e-12	RIM	ELFA	1		1DAN_HL_UT	0	1DAN_U_92
108	1DAN_U_NU138A	NU138A	NU48A	1DAN	1DAN_U	P13726	0.0	0.0	8.64e-09	8.64e-09	RIM	ELISA	1		1DAN_HL_UT	0	1DAN_U_138
109	1DAN_U_RU136A	RU136A	RU46A	1DAN	1DAN_U	P13726	0.06	0.06	8.64e-09	7.81e-09	SUR	ELISA	1		1DAN_HL_UT	0	1DAN_U_136
110	1DAN_U_TU132A	TU132A	TU42A	1DAN	1DAN_U	P13726	0.0	0.0	8.64e-09	8.64e-09	SUP	ELISA	1		1DAN_HL_UT	0	1DAN_U_132
111	1DAN_U_RU131A	RU131A	RU41A	1DAN	1DAN_U	P13726	0.0	0.0	8.64e-09	8.64e-09	RIM	ELISA	1		1DAN_HL_UT	0	1DAN_U_131
112	1DAN_U_NU107A	NU107A	NU17A	1DAN	1DAN_U	P13726	0.0	0.0	8.64e-09	8.64e-09	SUR	ELISA	1		1DAN_HL_UT	0	1DAN_U_107
113	1DAN_U_TU106A	TU106A	TU16A	1DAN	1DAN_U	P13726	0.06	0.06	8.64e-09	7.81e-09	INT	ELISA	1		1DAN_HL_UT	0	1DAN_U_106
114	1DAN_U_EU105A	EU105A	EU15A	1DAN	1DAN_U	P13726	0.06	0.06	8.64e-09	7.81e-09	SUR	ELISA	1		1DAN_HL_UT	0	1DAN_U_105
115	1DAN_U_QU110A	QU110A	QU20A	1DAN	1DAN_U	P13726	-1.305	-1.305	5.3e-09	4.8e-08	COR	ELISA	1		1DAN_HL_UT	0	1DAN_U_110
116	1DAN_U_NU199A	NU199A	NU105A	1DAN	1DAN_U	P13726	0.0	0.0	8.64e-09	8.64e-09	SUR	ELISA	1		1DAN_HL_UT	0	1DAN_U_199
117	1DAN_U_VU198A	VU198A	VU104A	1DAN	1DAN_U	P13726	-0.11	-0.11	8.64e-09	1.04e-08	SUR	ELISA	1		1DAN_HL_UT	0	1DAN_U_198
118	1DAN_U_TU197A	TU197A	TU103A	1DAN	1DAN_U	P13726	-0.11	-0.11	8.64e-09	1.04e-08	SUR	ELISA	1		1DAN_HL_UT	0	1DAN_U_197
119	1DAN_U_RU196A	RU196A	RU102A	1DAN	1DAN_U	P13726	-0.461	-0.461	8.64e-09	1.88e-08	INT	ELISA	1		1DAN_HL_UT	0	1DAN_U_196
120	1DAN_U_VU179A	VU179A	VU85A	1DAN	1DAN_U	P13726	-0.11	-0.11	8.64e-09	1.04e-08	INT	ELISA	1		1DAN_HL_UT	0	1DAN_U_179
121	1DAN_U_YU157A	YU157A	YU67A	1DAN	1DAN_U	P13726	0.0	0.0	8.64e-09	8.64e-09	INT	ELISA	1		1DAN_HL_UT	0	1DAN_U_157
122	1DAN_U_FU147A	FU147A	FU57A	1DAN	1DAN_U	P13726	0.06	0.06	8.64e-09	7.81e-09	INT	ELISA	1		1DAN_HL_UT	0	1DAN_U_147
123	1DAN_U_VU146A	VU146A	VU56A	1DAN	1DAN_U	P13726	-0.2	-0.2	8.64e-09	1.21e-08	INT	ELISA	1		1DAN_HL_UT	0	1DAN_U_146
124	1DAN_U_YU185A	YU185A	YU91A	1DAN	1DAN_U	P13726	0.33	0.33	6.16e-09	3.53e-09	INT	SPR	1		1DAN_HL_UT	0	1DAN_U_185
125	1DAN_U_SU195A	SU195A	SU101A	1DAN	1DAN_U	P13726	0.003	0.003	6.16e-09	6.13e-09	SUR	SPR	1		1DAN_HL_UT	0	1DAN_U_195
126	1DAN_U_TU203A	TU203A	TU109A	1DAN	1DAN_U	P13726	-0.135	-0.135	6.16e-09	7.74e-09	RIM	SPR	1		1DAN_HL_UT	0	1DAN_U_203
127	1DAN_U_EU208A	EU208A	EU114A	1DAN	1DAN_U	P13726	0.005	0.005	6.16e-09	6.11e-09	RIM	SPR	1		1DAN_HL_UT	0	1DAN_U_208
128	1DAN_U_EU128A	EU128A	EU38A	1DAN	1DAN_U	P13726	-0.086	-0.086	6.16e-09	7.12e-09	SUR	SPR	1		1DAN_HL_UT	0	1DAN_U_128
129	1DAN_U_DU129A	DU129A	DU39A	1DAN	1DAN_U	P13726	0.027	0.027	6.16e-09	5.89e-09	SUR	SPR	1		1DAN_HL_UT	0	1DAN_U_129
130	1DAN_U_LU133A	LU133A	LU43A	1DAN	1DAN_U	P13726	0.028	0.028	6.16e-09	5.88e-09	COR	SPR	1		1DAN_HL_UT	0	1DAN_U_133
131	1DAN_U_TU139A	TU139A	TU49A	1DAN	1DAN_U	P13726	0.016	0.016	6.16e-09	6e-09	SUR	SPR	1		1DAN_HL_UT	0	1DAN_U_139
132	1DAN_U_RU144A	RU144A	RU54A	1DAN	1DAN_U	P13726	0.003	0.003	6.16e-09	6.13e-09	INT	SPR	1		1DAN_HL_UT	0	1DAN_U_144
133	1DAN_U_DU145A	DU145A	DU55A	1DAN	1DAN_U	P13726	0.011	0.011	6.16e-09	6.05e-09	SUR	SPR	1		1DAN_HL_UT	0	1DAN_U_145
134	1DAN_U_IU152A	IU152A	IU62A	1DAN	1DAN_U	P13726	-0.179	-0.179	6.16e-09	8.33e-09	INT	SPR	1		1DAN_HL_UT	0	1DAN_U_152
135	1DAN_U_YU156L	YU156L	YU66L	1DAN	1DAN_U	P13726	-0.155	-0.155	6.16e-09	8e-09	RIM	SPR	1		1DAN_HL_UT	0	1DAN_U_156
136	1DAN_U_WU158F	WU158F	WU68F	1DAN	1DAN_U	P13726	-0.123	-0.123	6.16e-09	7.58e-09	COR	SPR	1		1DAN_HL_UT	0	1DAN_U_158
137	1DAN_U_SU163A	SU163A	SU69A	1DAN	1DAN_U	P13726	-0.023	-0.023	6.16e-09	6.4e-09	RIM	SPR	1		1DAN_HL_UT	0	1DAN_U_163
138	1DAN_U_GU164R	GU164R	GU70R	1DAN	1DAN_U	P13726	0.163	0.163	6.16e-09	4.68e-09	RIM	SPR	1		1DAN_HL_UT	0	1DAN_U_164
139	1DAN_U_TU167A	TU167A	TU73A	1DAN	1DAN_U	P13726	-0.212	-0.212	6.16e-09	8.81e-09	SUR	SPR	1		1DAN_HL_UT	0	1DAN_U_167
140	1DAN_U_KU169A	KU169A	KU75A	1DAN	1DAN_U	P13726	-0.117	-0.117	6.16e-09	7.5e-09	SUR	SPR	1		1DAN_HL_UT	0	1DAN_U_169
141	1DAN_U_TU172A	TU172A	TU78A	1DAN	1DAN_U	P13726	0.026	0.026	6.16e-09	5.9e-09	SUR	SPR	1		1DAN_HL_UT	0	1DAN_U_172
142	1DAN_U_LU176A	LU176A	LU82A	1DAN	1DAN_U	P13726	-0.08	-0.08	6.16e-09	7.05e-09	SUR	SPR	1		1DAN_HL_UT	0	1DAN_U_176
143	1DAN_U_KU181A	KU181A	KU87A	1DAN	1DAN_U	P13726	-0.017	-0.017	6.16e-09	6.34e-09	SUR	SPR	1		1DAN_HL_UT	0	1DAN_U_181
144	1DAN_U_EU99A	EU99A	EU9A	1DAN	1DAN_U	P13726	0.176	0.176	6.16e-09	4.58e-09	SUR	SPR	1		1DAN_HL_UT	0	1DAN_U_99
145	1DAN_U_KU122A	KU122A	KU32A	1DAN	1DAN_U	P13726	0.124	0.124	6.16e-09	5e-09	INT	SPR	1		1DAN_HL_UT	0	1DAN_U_122
146	1MI5_D_DD30aA	DD30aA	DD29A	1MI5	1MI5_D	P01848	-1.232	-1.232	1.25e-05	0.0001	INT	SPR	2	TCR/pMHC	TCR/pMHC,1JCK_A_B,4N8V_G_ABC	0	1MI5_D_30a
147	1MI5_D_TD30A	TD30A	TD28A	1MI5	1MI5_D	P01848	-0.588	-0.588	1.25e-05	3.37e-05	COR	SPR	2	TCR/pMHC	TCR/pMHC,1JCK_A_B,4N8V_G_ABC	0	1MI5_D_30
148	1MI5_D_SD28A	SD28A	SD26A	1MI5	1MI5_D	P01848	0.039	0.039	1.25e-05	1.17e-05	COR	SPR	2	TCR/pMHC	TCR/pMHC,1JCK_A_B,4N8V_G_ABC	0	1MI5_D_28
149	1MI5_D_TD26A	TD26A	TD24A	1MI5	1MI5_D	P01848	-0.26	-0.26	1.25e-05	1.94e-05	RIM	SPR	2	TCR/pMHC	TCR/pMHC,1JCK_A_B,4N8V_G_ABC	0	1MI5_D_26
150	1MI5_D_SD25A	SD25A	SD23A	1MI5	1MI5_D	P01848	-0.1	-0.1	1.25e-05	1.48e-05	SUR	SPR	2	TCR/pMHC	TCR/pMHC,1JCK_A_B,4N8V_G_ABC	0	1MI5_D_25
151	1MI5_D_GD102A	GD102A	GD97A	1MI5	1MI5_D	P01848	-1.232	-1.232	1.25e-05	0.0001	INT	SPR	2	TCR/pMHC	TCR/pMHC,1JCK_A_B,4N8V_G_ABC	0	1MI5_D_102
152	1MI5_D_YD100A	YD100A	YD96A	1MI5	1MI5_D	P01848	-1.232	-1.232	1.25e-05	0.0001	SUP	SPR	2	TCR/pMHC	TCR/pMHC,1JCK_A_B,4N8V_G_ABC	0	1MI5_D_100
153	1MI5_D_SD99A	SD99A	SD95A	1MI5	1MI5_D	P01848	-0.827	-0.827	1.25e-05	5.05e-05	SUP	SPR	2	TCR/pMHC	TCR/pMHC,1JCK_A_B,4N8V_G_ABC	0	1MI5_D_99
154	1MI5_D_TD98A	TD98A	TD94A	1MI5	1MI5_D	P01848	-0.943	-0.943	1.25e-05	6.14e-05	RIM	SPR	2	TCR/pMHC	TCR/pMHC,1JCK_A_B,4N8V_G_ABC	0	1MI5_D_98
155	1MI5_D_GD97A	GD97A	GD93A	1MI5	1MI5_D	P01848	-1.232	-1.232	1.25e-05	0.0001	COR	SPR	2	TCR/pMHC	TCR/pMHC,1JCK_A_B,4N8V_G_ABC	0	1MI5_D_97
156	1MI5_D_GD96A	GD96A	GD92A	1MI5	1MI5_D	P01848	-0.764	-0.764	1.25e-05	4.54e-05	COR	SPR	2	TCR/pMHC	TCR/pMHC,1JCK_A_B,4N8V_G_ABC	0	1MI5_D_96
157	1MI5_D_AD95G	AD95G	AD91G	1MI5	1MI5_D	P01848	-0.608	-0.608	1.25e-05	3.49e-05	RIM	SPR	2	TCR/pMHC	TCR/pMHC,1JCK_A_B,4N8V_G_ABC	0	1MI5_D_95
158	1MI5_D_LD94A	LD94A	LD90A	1MI5	1MI5_D	P01848	-1.232	-1.232	1.25e-05	0.0001	SUP	SPR	2	TCR/pMHC	TCR/pMHC,1JCK_A_B,4N8V_G_ABC	0	1MI5_D_94
159	1MI5_D_PD93A	PD93A	PD89A	1MI5	1MI5_D	P01848	-1.232	-1.232	1.25e-05	0.0001	INT	SPR	2	TCR/pMHC	TCR/pMHC,1JCK_A_B,4N8V_G_ABC	0	1MI5_D_93
160	1MI5_D_ND54A	ND54A	ND52A	1MI5	1MI5_D	P01848	0.019	0.019	1.25e-05	1.21e-05	SUR	SPR	2	TCR/pMHC	TCR/pMHC,1JCK_A_B,4N8V_G_ABC	0	1MI5_D_54
161	1MI5_D_SD52A	SD52A	SD51A	1MI5	1MI5_D	P01848	-0.482	-0.482	1.25e-05	2.82e-05	RIM	SPR	2	TCR/pMHC	TCR/pMHC,1JCK_A_B,4N8V_G_ABC	0	1MI5_D_52
162	1MI5_D_TD51A	TD51A	TD50A	1MI5	1MI5_D	P01848	0.558	0.558	1.25e-05	4.87e-06	RIM	SPR	2	TCR/pMHC	TCR/pMHC,1JCK_A_B,4N8V_G_ABC	0	1MI5_D_51
163	1MI5_D_LD50A	LD50A	LD49A	1MI5	1MI5_D	P01848	-1.232	-1.232	1.25e-05	0.0001	COR	SPR	2	TCR/pMHC	TCR/pMHC,1JCK_A_B,4N8V_G_ABC	0	1MI5_D_50
164	1MI5_D_HD48A	HD48A	HD47A	1MI5	1MI5_D	P01848	-1.117	-1.117	1.25e-05	8.24e-05	COR	SPR	2	TCR/pMHC	TCR/pMHC,1JCK_A_B,4N8V_G_ABC	0	1MI5_D_48
165	1MI5_D_HD33A	HD33A	HD32A	1MI5	1MI5_D	P01848	-1.232	-1.232	1.25e-05	0.0001	SUP	SPR	2	TCR/pMHC	TCR/pMHC,1JCK_A_B,4N8V_G_ABC	0	1MI5_D_33
166	1MI5_D_YD31A	YD31A	YD30A	1MI5	1MI5_D	P01848	-0.45	-0.45	1.25e-05	2.67e-05	COR	SPR	2	TCR/pMHC	TCR/pMHC,1JCK_A_B,4N8V_G_ABC	0	1MI5_D_31
167	1MI5_D_KD103A	KD103A	KD98A	1MI5	1MI5_D	P01848	-1.232	-1.232	1.25e-05	0.0001	INT	SPR	2	TCR/pMHC	TCR/pMHC,1JCK_A_B,4N8V_G_ABC	0	1MI5_D_103
168	3S9D_B_HB76A	HB76A	HB65A	3S9D	3S9D_B	P48551	-0.631	-0.631,-0.631,-0.631	1e-08,3e-09,2.5e-09	2.9e-08,8.82e-09,1.9e-08	COR	SP,SPR	2		3S9D_A_B,3SE3_B_C,3SE4_B_C	0	3S9D_B_76
169	3S9D_B_IB103A	IB103A	IB90A	3S9D	3S9D_B	P48551	-1.496	-1.496,-1.496,-1.496	3e-09,2.5e-09,2.5e-09	3.75e-08,4e-08,4.5e-08	COR	SP,SPR	2		3S9D_A_B,3SE3_B_C,3SE4_B_C	0	3S9D_B_103
170	3S9D_B_EB77A	EB77A	EB66A	3S9D	3S9D_B	P48551	-2.412	-2.412,-2.412,-2.412	3e-09,3.11e-09,2.5e-09	1.76e-07,1.79e-07,1.52e-07	COR	SP,SPR	2		3S9D_A_B,3SE3_B_C,3SE4_B_C	0	3S9D_B_77
171	3S9D_B_WB100A	WB100A	WB87A	3S9D	3S9D_B	P48551	-0.742	-0.742,-0.742,-0.742	1e-08,3e-09,2.5e-09	3.5e-08,1.76e-08,3.4e-08	COR	SP,SPR	2		3S9D_A_B,3SE3_B_C,3SE4_B_C	0	3S9D_B_100
172	3S9D_B_TB44A	TB44A	TB33A	3S9D	3S9D_B	P48551	-1.52	-1.52,-1.52,-1.52	1e-08,3e-09,2.5e-09	1.3e-07,5e-08,7.4e-08	SUP	SP,SPR	2		3S9D_A_B,3SE3_B_C,3SE4_B_C	0	3S9D_B_44
173	3S9D_B_KB53A	KB53A	KB42A	3S9D	3S9D_B	P48551	-0.38	-0.38,-0.38	1e-08,3e-09	1.9e-08,8.11e-09	SUR	SP,SPR	2		3S9D_A_B,3SE3_B_C,3SE4_B_C	0	3S9D_B_53
174	3S9D_B_EB50A	EB50A	EB39A	3S9D	3S9D_B	P48551	-0.199	-0.199,-0.199	1e-08,3e-09	1.4e-08,4.29e-09	RIM	SP,SPR	2		3S9D_A_B,3SE3_B_C,3SE4_B_C	0	3S9D_B_50
175	3S9D_B_KB48A	KB48A	KB37A	3S9D	3S9D_B	P48551	-0.314	-0.314,-0.314	1e-08,3e-09	1.7e-08,9.68e-09	RIM	SP,SPR	2		3S9D_A_B,3SE3_B_C,3SE4_B_C	0	3S9D_B_48
176	3S9D_B_SB47A	SB47A	SB36A	3S9D	3S9D_B	P48551	-0.467	-0.467,-0.467	1e-08,3e-09	2.2e-08,7.5e-09	COR	SP,SPR	2		3S9D_A_B,3SE3_B_C,3SE4_B_C	0	3S9D_B_47
177	3S9D_B_MB46A	MB46A	MB35A	3S9D	3S9D_B	P48551	-3.682	-3.682,-3.682	1e-08,3e-09	5e-06,1.5e-07	COR	SP,SPR	2		3S9D_A_B,3SE3_B_C,3SE4_B_C	0	3S9D_B_46
178	3S9D_B_DB138R	DB138R	DB121R	3S9D	3S9D_B	P48551	0.062	0.062,0.062	1e-08,3e-09	9e-09,2.54e-09	RIM	SP,SPR	2		3S9D_A_B,3SE3_B_C,3SE4_B_C	0	3S9D_B_138
179	3S9D_B_NB98A	NB98A	NB85A	3S9D	3S9D_B	P48551	0.211	0.211,0.211	1e-08,3e-09	7e-09,2.4e-09	COR	SP,SPR	2		3S9D_A_B,3SE3_B_C,3SE4_B_C	0	3S9D_B_98
180	3S9D_B_SB74A	SB74A	SB63A	3S9D	3S9D_B	P48551	-0.314	-0.314,-0.314	1e-08,3e-09	1.7e-08,4.76e-09	SUR	SP,SPR	2		3S9D_A_B,3SE3_B_C,3SE4_B_C	0	3S9D_B_74
181	3S9D_B_MB46V	MB46V	MB35V	3S9D	3S9D_B	P48551	-1.824	-1.824,-1.824	3e-09,2.5e-09	6.52e-08,3.49e-07	COR	SP,SPR	2		3S9D_A_B,3SE3_B_C,3SE4_B_C	0	3S9D_B_46
182	3S9D_B_IB45A	IB45A	IB34A	3S9D	3S9D_B	P48551	-1.775	-1.775,-1.775	3e-09,2.5e-09	6e-08,6.5e-08	SUP	SP,SPR	2		3S9D_A_B,3SE3_B_C,3SE4_B_C	0	3S9D_B_45
183	3S9D_B_DB104A	DB104A	DB91A	3S9D	3S9D_B	P48551	-1.048	-1.048,-1.048	3e-09,2.5e-09	1.76e-08,3.9e-08	SUR	SP,SPR	2		3S9D_A_B,3SE3_B_C,3SE4_B_C	0	3S9D_B_104
184	3S9D_B_WB72F	WB72F	WB61F	3S9D	3S9D_B	P48551	-0.725	-0.725	1e-08	3.4e-08	INT	SP	2		3S9D_A_B,3SE3_B_C,3SE4_B_C	0	3S9D_B_72
185	3S9D_B_EB50R	EB50R	EB39R	3S9D	3S9D_B	P48551	-0.651	-0.651	1e-08	3e-08	RIM	SP	2		3S9D_A_B,3SE3_B_C,3SE4_B_C	0	3S9D_B_50
186	3S9D_B_HB187A	HB187A	HB166A	3S9D	3S9D_B	P48551	0.0	0.0	3e-09	3e-09	RIM	SPR	2		3S9D_A_B,3SE3_B_C,3SE4_B_C	0	3S9D_B_187
187	3S9D_B_HB97A	HB97A	HB84A	3S9D	3S9D_B	P48551	-0.044	-0.044	3e-09	3.23e-09	RIM	SPR	2		3S9D_A_B,3SE3_B_C,3SE4_B_C	0	3S9D_B_97
188	3S9D_B_VB80A	VB80A	VB69A	3S9D	3S9D_B	P48551	-2.318	-2.318	3e-09	1.5e-07	SUP	SPR	2		3S9D_A_B,3SE3_B_C,3SE4_B_C	0	3S9D_B_80
189	3S9D_B_AB78M	AB78M	AB67M	3S9D	3S9D_B	P48551	0.168	0.168	3e-09	2.26e-09	COR	SPR	2		3S9D_A_B,3SE3_B_C,3SE4_B_C	0	3S9D_B_78
190	3S9D_B_TB75A	TB75A	TB64A	3S9D	3S9D_B	P48551	-0.256	-0.256	3e-09	4.62e-09	SUP	SPR	2		3S9D_A_B,3SE3_B_C,3SE4_B_C	0	3S9D_B_75
191	3S9D_B_RB73A	RB73A	RB62A	3S9D	3S9D_B	P48551	-0.17	-0.17	3e-09	4e-09	SUR	SPR	2		3S9D_A_B,3SE3_B_C,3SE4_B_C	0	3S9D_B_73
192	3S9D_B_DB51A	DB51A	DB40A	3S9D	3S9D_B	P48551	0.0	0.0	3e-09	3e-09	RIM	SPR	2		3S9D_A_B,3SE3_B_C,3SE4_B_C	0	3S9D_B_51
193	3S9D_B_YB43A	YB43A	YB32A	3S9D	3S9D_B	P48551	-1.308	-1.308	3e-09	2.73e-08	INT	SPR	2		3S9D_A_B,3SE3_B_C,3SE4_B_C	0	3S9D_B_43
194	3S9D_B_EB28R	EB28R	EB17R	3S9D	3S9D_B	P48551	0.0	0.0	3e-09	3e-09	SUR	SPR	2		3S9D_A_B,3SE3_B_C,3SE4_B_C	0	3S9D_B_28
195	1JRH_H_FH98A	FH98A	FH103A	1JRH	1JRH_H	P01869	0.0	0.0	1.2e-08	1.2e-08	SUR	SPR	1	AB/AG	AB/AG	0	1JRH_H_98
196	1JRH_H_RH95A	RH95A	RH100A	1JRH	1JRH_H	P01869	-0.543	-0.543	1.2e-08	3e-08	SUP	SPR	1	AB/AG	AB/AG	0	1JRH_H_95
197	1JRH_H_YH58A	YH58A	YH60A	1JRH	1JRH_H	P01869	-1.256	-1.256	1.2e-08	1e-07	COR	SPR	1	AB/AG	AB/AG	0	1JRH_H_58
198	1JRH_H_DH56A	DH56A	DH58A	1JRH	1JRH_H	P01869	-1.855	-1.855	1.2e-08	2.75e-07	RIM	SPR	1	AB/AG	AB/AG	0	1JRH_H_56
199	1JRH_H_DH55A	DH55A	DH57A	1JRH	1JRH_H	P01869	-1.667	-1.667	1.2e-08	2e-07	SUR	SPR	1	AB/AG	AB/AG	0	1JRH_H_55
200	1JRH_H_DH54A	DH54A	DH56A	1JRH	1JRH_H	P01869	-1.887	-1.887	1.2e-08	2.9e-07	RIM	SPR	1	AB/AG	AB/AG	0	1JRH_H_54
201	1JRH_H_WH53A	WH53A	WH55A	1JRH	1JRH_H	P01869	-2.422	-2.422	1.2e-08	7.16e-07	COR	SPR	1	AB/AG	AB/AG	0	1JRH_H_53
202	1JRH_H_WH52A	WH52A	WH54A	1JRH	1JRH_H	P01869	-2.687	-2.687	1.2e-08	1.12e-06	SUP	SPR	1	AB/AG	AB/AG	0	1JRH_H_52
203	1JRH_H_YH32A	YH32A	YH32A	1JRH	1JRH_H	P01869	-1.434	-1.434	1.2e-08	1.35e-07	RIM	SPR	1	AB/AG	AB/AG	0	1JRH_H_32
204	1JRH_H_HH100bA	HH100bA	HH107A	1JRH	1JRH_H	P01869	-1.699	-1.699	1.2e-08	2.11e-07	COR	SPR	1	AB/AG	AB/AG	0	1JRH_H_100b
205	1JRH_H_YH99A	YH99A	YH104A	1JRH	1JRH_H	P01869	-1.062	-1.062	1.2e-08	7.2e-08	RIM	SPR	1	AB/AG	AB/AG	0	1JRH_H_99
206	1DVF_A_YA32A	YA32A	YA32A	1DVF	1DVF_A	P01635	-2.031	-2.031,-2.031	1.08e-08,1.08e-08	3.33e-07,3.33e-07	COR	SPR	1	AB/AG	AB/AG	0	1DVF_A_32
207	1DVF_A_YA49A	YA49A	YA49A	1DVF	1DVF_A	P01635	-1.629	-1.629,-1.629	1.08e-08,1.08e-08	1.69e-07,2e-07	SUP	SPR	1	AB/AG	AB/AG	0	1DVF_A_49
208	1DVF_A_SA93A	SA93A	SA93A	1DVF	1DVF_A	P01635	-1.163	-1.163	1.08e-08	7.69e-08	COR	SPR	1	AB/AG	AB/AG	0	1DVF_A_93
209	1DVF_A_WA92A	WA92A	WA92A	1DVF	1DVF_A	P01635	-0.341	-0.341	1.08e-08	1.92e-08	COR	SPR	1	AB/AG	AB/AG	0	1DVF_A_92
210	1DVF_A_YA50A	YA50A	YA50A	1DVF	1DVF_A	P01635	-0.688	-0.688	1.08e-08	3.45e-08	RIM	SPR	1	AB/AG	AB/AG	0	1DVF_A_50
211	1DVF_A_HA30A	HA30A	HA30A	1DVF	1DVF_A	P01635	-1.65	-1.65	1.08e-08	1.75e-07	RIM	SPR	1	AB/AG	AB/AG	0	1DVF_A_30
212	1N8Z_A_TA94S	TA94S	TA94S	1N8Z	1N8Z_A	Not Mapped	-0.309	-0.309	3.5e-10	5.9e-10	COR	SPR	2	AB/AG	AB/AG	0	1N8Z_A_94
213	1N8Z_A_HA91F	HA91F	HA91F	1N8Z	1N8Z_A	Not Mapped	-0.033	-0.033	3.5e-10	3.7e-10	SUP	SPR	2	AB/AG	AB/AG	0	1N8Z_A_91
214	1N8Z_A_NA30S	NA30S	NA30S	1N8Z	1N8Z_A	Not Mapped	-0.064	-0.064	3.5e-10	3.9e-10	COR	SPR	2	AB/AG	AB/AG	0	1N8Z_A_30
215	3MZG_A_HA180A	HA180A	HA167A	3MZG	3MZG_A	P01236	0.686	0.686,0.686,0.686,0.686,0.686,0.686,0.686,0.686,0.686,0.686,0.686,0.686,0.686,0.686,0.686,0.686,0.686,0.686,0.686	2e-05,1.68e-06,2.03e-07,1.71e-07,1.05e-07,4.39e-08,4.59e-08,3.91e-08,3.7e-08,8.4e-06,2.13e-06,1.28e-06,2e-07,7.7e-08,3.3e-08,2.1e-08,1.3e-08,1.1e-08,1.1e-08	6.28e-06,5.8e-06,3.4e-06,1.96e-06,1.28e-06,9.5e-07,7.19e-07,5.97e-07,4.94e-07,1.32e-05,7.9e-06,7.6e-06,3.6e-06,2.4e-06,1.36e-06,6.5e-07,8.2e-07,5.1e-07,4.6e-07	COR	SPR	2		3MZG_A_B,3N06_A_B,3N0P_A_B,3NCB_A_B,3NCC_A_B,1BP3_A_B	0	3MZG_A_180
216	3MZG_A_HA30A	HA30A	HA17A	3MZG	3MZG_A	P01236	0.874	0.874,0.874,0.874,0.874,0.874,0.874,0.874,0.874,0.874,0.874	8.4e-06,2.13e-06,1.28e-06,2e-07,7.7e-08,3.3e-08,2.1e-08,1.3e-08,1.1e-08,1.1e-08	1.92e-06,1.29e-06,8.8e-07,2.33e-07,1.25e-07,5.3e-08,3.4e-08,2.4e-08,2.1e-08,1.9e-08	SUP	SPR	2		3MZG_A_B,3N06_A_B,3N0P_A_B,3NCB_A_B,3NCC_A_B,1BP3_A_B	0	3MZG_A_30
217	3MZG_A_HA27A	HA27A	HA14A	3MZG	3MZG_A	P01236	0.091	0.091,0.091,0.091,0.091,0.091,0.091,0.091,0.091,0.091,0.091	8.4e-06,2.13e-06,1.28e-06,2e-07,7.7e-08,3.3e-08,2.1e-08,1.3e-08,1.1e-08,1.1e-08	7.2e-06,1.66e-06,6.8e-07,1.43e-07,5.8e-08,2.9e-08,2.6e-08,1.6e-08,1.8e-08,1.9e-08	RIM	SPR	2		3MZG_A_B,3N06_A_B,3N0P_A_B,3NCB_A_B,3NCC_A_B,1BP3_A_B	0	3MZG_A_27
218	3MZG_A_HA173A	HA173A	HA160A	3MZG	3MZG_A	P01236	-0.125	-0.125,-0.125,-0.125,-0.125,-0.125,-0.125	1.7e-05,4.6e-06,4.18e-07,7.17e-08,2.71e-08,2.09e-08	2.1e-05,2.9e-05,3.26e-06,5.51e-07,1.55e-07,9.04e-08	SUP	SPR	2		3MZG_A_B,3N06_A_B,3N0P_A_B,3NCB_A_B,3NCC_A_B,1BP3_A_B	0	3MZG_A_173
219	3MZG_A_HA138A	HA138A	HA125A	3MZG	3MZG_A	P01236	0.397	0.397,0.397,0.397,0.397,0.397,0.397	1.7e-05,4.6e-06,4.18e-07,7.17e-08,2.71e-08,2.09e-08	8.7e-06,2.11e-06,3.23e-07,7.9e-08,3.6e-08,2.47e-08	INT	SPR	2		3MZG_A_B,3N06_A_B,3N0P_A_B,3NCB_A_B,3NCC_A_B,1BP3_A_B	0	3MZG_A_138
220	3MZG_A_HA59A	HA59A	HA46A	3MZG	3MZG_A	P01236	-0.034	-0.034,-0.034,-0.034,-0.034,-0.034,-0.034	1.7e-05,4.6e-06,4.18e-07,7.17e-08,2.71e-08,2.09e-08	1.8e-05,1.2e-05,1.08e-06,1.99e-07,5.54e-08,3.24e-08	INT	SPR	2		3MZG_A_B,3N06_A_B,3N0P_A_B,3NCB_A_B,3NCC_A_B,1BP3_A_B	0	3MZG_A_59
221	3MZG_A_HA97A	HA97A	HA84A	3MZG	3MZG_A	P01236	0.062	0.062,0.062,0.062,0.062,0.062,0.062	1.7e-05,4.6e-06,4.18e-07,7.17e-08,2.71e-08,2.09e-08	1.53e-05,4.68e-06,4.42e-07,9.89e-08,3.82e-08,2.48e-08	INT	SPR	2		3MZG_A_B,3N06_A_B,3N0P_A_B,3NCB_A_B,3NCC_A_B,1BP3_A_B	0	3MZG_A_97
222	3MZG_A_HA46A	HA46A	HA33A	3MZG	3MZG_A	P01236	-0.204	-0.204,-0.204,-0.204,-0.204,-0.204,-0.204	1.7e-05,4.6e-06,4.18e-07,7.17e-08,2.71e-08,2.09e-08	2.4e-05,4.9e-06,4.94e-07,9.29e-08,3.66e-08,2.77e-08	SUR	SPR	2		3MZG_A_B,3N06_A_B,3N0P_A_B,3NCB_A_B,3NCC_A_B,1BP3_A_B	0	3MZG_A_46
223	3MZG_A_HA195A	HA195A	HA182A	3MZG	3MZG_A	P01236	0.261	0.261,0.261,0.261,0.261	4.18e-07,7.17e-08,2.71e-08,2.09e-08	2.69e-07,1.33e-07,8.6e-08,6.7e-08	SUR	SPR	2		3MZG_A_B,3N06_A_B,3N0P_A_B,3NCB_A_B,3NCC_A_B,1BP3_A_B	0	3MZG_A_195
224	1JRH_L_YL30A	YL30A	YL30A	1JRH	1JRH_L	P01837	-1.109	-1.109	1.2e-08	7.8e-08	COR	SPR	1	AB/AG	AB/AG	0	1JRH_L_30
225	1JRH_L_DL28A	DL28A	DL28A	1JRH	1JRH_L	P01837	-0.435	-0.435	1.2e-08	2.5e-08	COR	SPR	1	AB/AG	AB/AG	0	1JRH_L_28
226	1JRH_L_EL27A	EL27A	EL27A	1JRH	1JRH_L	P01837	-0.543	-0.543	1.2e-08	3e-08	RIM	SPR	1	AB/AG	AB/AG	0	1JRH_L_27
227	1JRH_L_WL96A	WL96A	WL95A	1JRH	1JRH_L	P01837	-1.667	-1.667	1.2e-08	2e-07	SUP	SPR	1	AB/AG	AB/AG	0	1JRH_L_96
228	1JRH_L_TL94A	TL94A	TL94A	1JRH	1JRH_L	P01837	-0.385	-0.385	1.2e-08	2.3e-08	COR	SPR	1	AB/AG	AB/AG	0	1JRH_L_94
229	1JRH_L_SL93A	SL93A	SL93A	1JRH	1JRH_L	P01837	0.651	0.651	1.2e-08	4e-09	COR	SPR	1	AB/AG	AB/AG	0	1JRH_L_93
230	1JRH_L_WL92A	WL92A	WL92A	1JRH	1JRH_L	P01837	-2.82	-2.82	1.2e-08	1.4e-06	COR	SPR	1	AB/AG	AB/AG	0	1JRH_L_92
231	1JRH_L_YL91A	YL91A	YL91A	1JRH	1JRH_L	P01837	-0.581	-0.581	1.2e-08	3.2e-08	SUP	SPR	1	AB/AG	AB/AG	0	1JRH_L_91
232	2I26_N_SN61R	SN61R	SN60R	2I26	2I26_N	Q8JGG7	0.626	0.626	9.5e-09	3.3e-09	SUR	SPR	1		2I26_N_L	0	2I26_N_61
233	2I26_N_AN30V	AN30V	AN29V	2I26	2I26_N	Q8JGG7	-0.03	-0.03	9.5e-09	1e-08	COR	SPR	1		2I26_N_L	0	2I26_N_30
234	1YY9_D_YD101P	YD101P	YD101P	1YY9	1YY9_D	Not Mapped	-1.652	-1.652	1.31e-09	2.13e-08	COR	SPR	2	AB/AG	AB/AG	0	1YY9_D_101
235	1YY9_D_AD98P	AD98P	AD98P	1YY9	1YY9_D	Not Mapped	-1.038	-1.038	1.31e-09	7.55e-09	INT	SPR	2	AB/AG	AB/AG	0	1YY9_D_98
236	1YY9_D_GD54P	GD54P	GD54P	1YY9	1YY9_D	Not Mapped	-0.268	-0.268	1.31e-09	2.06e-09	COR	SPR	2	AB/AG	AB/AG	0	1YY9_D_54
237	1YY9_D_SD53P	SD53P	SD53P	1YY9	1YY9_D	Not Mapped	-0.818	-0.818	1.31e-09	5.21e-09	SUP	SPR	2	AB/AG	AB/AG	0	1YY9_D_53
238	1YY9_D_WD52P	WD52P	WD52P	1YY9	1YY9_D	Not Mapped	-1.479	-1.479	1.31e-09	1.59e-08	SUP	SPR	2	AB/AG	AB/AG	0	1YY9_D_52
239	1YY9_D_LD29P	LD29P	LD29P	1YY9	1YY9_D	Not Mapped	-0.031	-0.031	1.31e-09	1.38e-09	INT	SPR	2	AB/AG	AB/AG	0	1YY9_D_29
240	1YY9_D_TD61E	TD61E	TD61E	1YY9	1YY9_D	Not Mapped	0.057	0.057	4.9e-10	4.45e-10	SUR	FL	2	AB/AG	AB/AG	0	1YY9_D_61
241	1YY9_D_ND56A	ND56A	ND56A	1YY9	1YY9_D	Not Mapped	0.057	0.057	4.9e-10	4.45e-10	COR	FL	2	AB/AG	AB/AG	0	1YY9_D_56
242	2B2X_L_YL52E	YL52E	YL52E	2B2X	2B2X_L	Not Mapped	0.224	0.224	1.46e-09	1e-09	RIM	KinExA	2	AB/AG	AB/AG	0	2B2X_L_52
243	2BNR_C_CC9V	CC9V	CC9V	2BNR	2BNR_C	P78358	0.502	0.502	1.33e-05	5.7e-06	INT	SPR	2	TCR/pMHC	TCR/pMHC,1JCK_A_B,4N8V_G_ABC	0	2BNR_C_9
244	2AK4_A_QA65A	QA65A	QA65A	2AK4	2AK4_A	P01889	0.258	0.258	1.87e-05	1.21e-05	COR	SPR	2	TCR/pMHC	TCR/pMHC,1JCK_A_B	0	2AK4_A_65
245	2AK4_A_LA163A	LA163A	LA163A	2AK4	2AK4_A	P01889	-0.14	-0.14	1.87e-05	2.37e-05	COR	SPR	2	TCR/pMHC	TCR/pMHC,1JCK_A_B	0	2AK4_A_163
246	2AK4_A_EA161A	EA161A	EA161A	2AK4	2AK4_A	P01889	-0.465	-0.465	1.87e-05	4.1e-05	RIM	SPR	2	TCR/pMHC	TCR/pMHC,1JCK_A_B	0	2AK4_A_161
247	2AK4_A_AA158G	AA158G	AA158G	2AK4	2AK4_A	P01889	-0.874	-0.874	1.87e-05	8.17e-05	COR	SPR	2	TCR/pMHC	TCR/pMHC,1JCK_A_B	0	2AK4_A_158
248	2AK4_A_RA157A	RA157A	RA157A	2AK4	2AK4_A	P01889	-1.404	-1.404	1.87e-05	0.0002	RIM	SPR	2	TCR/pMHC	TCR/pMHC,1JCK_A_B	0	2AK4_A_157
249	2AK4_A_QA155A	QA155A	QA155A	2AK4	2AK4_A	P01889	-0.93	-0.93	1.87e-05	8.98e-05	COR	SPR	2	TCR/pMHC	TCR/pMHC,1JCK_A_B	0	2AK4_A_155
250	2AK4_A_EA154A	EA154A	EA154A	2AK4	2AK4_A	P01889	-0.235	-0.235	1.87e-05	2.78e-05	RIM	SPR	2	TCR/pMHC	TCR/pMHC,1JCK_A_B	0	2AK4_A_154
251	2AK4_A_RA151A	RA151A	RA151A	2AK4	2AK4_A	P01889	-1.367	-1.367	1.87e-05	0.000188	RIM	SPR	2	TCR/pMHC	TCR/pMHC,1JCK_A_B	0	2AK4_A_151
252	2AK4_A_QA72A	QA72A	QA72A	2AK4	2AK4_A	P01889	-0.239	-0.239	1.87e-05	2.8e-05	SUR	SPR	2	TCR/pMHC	TCR/pMHC,1JCK_A_B	0	2AK4_A_72
253	2AK4_A_TA69A	TA69A	TA69A	2AK4	2AK4_A	P01889	0.342	0.342	1.87e-05	1.05e-05	COR	SPR	2	TCR/pMHC	TCR/pMHC,1JCK_A_B	0	2AK4_A_69
254	2B2X_H_VH50T	VH50T	VH50T	2B2X	2B2X_H	P01868	-0.09	-0.09,-0.09	1.46e-09,1.46e-09	1.7e-09,1.36e-09	SUP	ELISA,KinExA	2	AB/AG	AB/AG	0	2B2X_H_50
255	2B2X_H_EH64K	EH64K	EH64K	2B2X	2B2X_H	P01868	0.157	0.157,0.157	1.46e-09,1.46e-09	1.12e-09,1.7e-09	SUR	ELISA,KinExA	2	AB/AG	AB/AG	0	2B2X_H_64
256	1FY8_E_QE156K	QE156K	QE128K	1FY8	1FY8_E	P00763	-1.171	-1.171	9e-06	6.5e-05	INT	ITC	1	Pr/PI	Pr/PI	0	1FY8_E_156
257	1FY8_E_DE194N	DE194N	DE168N	1FY8	1FY8_E	P00763	-0.17	-0.17	9e-06	1.2e-05	INT	ITC	1	Pr/PI	Pr/PI	0	1FY8_E_194
258	4FTV_E_QE102R	QE102R	QE101R	4FTV	4FTV_E	Not Mapped	-0.411	-0.411	4e-09	8e-09	RIM	SPR	2	TCR/pMHC	TCR/pMHC,1JCK_A_B	0	4FTV_E_102
259	4FTV_E_QE102E	QE102E	QE101E	4FTV	4FTV_E	Not Mapped	-0.056	-0.056	4e-09	4.4e-09	RIM	SPR	2	TCR/pMHC	TCR/pMHC,1JCK_A_B	0	4FTV_E_102
260	3SE8_H_LH53A	LH53A	LH54A	3SE8	3SE8_H	Not Mapped	-0.054	-0.054	6.3e-08	6.9e-08	COR	SPR	2	AB/AG	AB/AG	0	3SE8_H_53
261	3SE8_H_KH52A	KH52A	KH52A	3SE8	3SE8_H	Not Mapped	-1.094	-1.094	6.3e-08	3.99e-07	COR	SPR	2	AB/AG	AB/AG	0	3SE8_H_52
262	3SE8_H_WH50A	WH50A	WH50A	3SE8	3SE8_H	Not Mapped	-1.312	-1.312	6.3e-08	5.77e-07	SUP	SPR	2	AB/AG	AB/AG	0	3SE8_H_50
263	3SE8_H_WH47A	WH47A	WH47A	3SE8	3SE8_H	Not Mapped	-1.451	-1.451	6.3e-08	7.3e-07	SUP	SPR	2	AB/AG	AB/AG	0	3SE8_H_47
264	3SE8_H_RH30A	RH30A	RH30A	3SE8	3SE8_H	Not Mapped	0.039	0.039	6.3e-08	5.9e-08	COR	SPR	2	AB/AG	AB/AG	0	3SE8_H_30
265	3SE8_H_FH100dA	FH100dA	FH115A	3SE8	3SE8_H	Not Mapped	-1.05	-1.05	6.3e-08	3.71e-07	SUP	SPR	2	AB/AG	AB/AG	0	3SE8_H_100d
266	3SE8_H_DH100cA	DH100cA	DH114A	3SE8	3SE8_H	Not Mapped	0.24	0.24	6.3e-08	4.2e-08	COR	SPR	2	AB/AG	AB/AG	0	3SE8_H_100c
267	3SE8_H_YH100A	YH100A	YH111A	3SE8	3SE8_H	Not Mapped	-0.817	-0.817	6.3e-08	2.5e-07	RIM	SPR	2	AB/AG	AB/AG	0	3SE8_H_100
268	3SE8_H_DH99A	DH99A	DH110A	3SE8	3SE8_H	Not Mapped	0.383	0.383	6.3e-08	3.3e-08	RIM	SPR	2	AB/AG	AB/AG	0	3SE8_H_99
269	3SE8_H_PH76dA	PH76dA	PH81A	3SE8	3SE8_H	Not Mapped	0.07	0.07	6.3e-08	5.6e-08	RIM	SPR	2	AB/AG	AB/AG	0	3SE8_H_76d
270	3SE8_H_PH76aA	PH76aA	PH78A	3SE8	3SE8_H	Not Mapped	-0.019	-0.019	6.3e-08	6.5e-08	RIM	SPR	2	AB/AG	AB/AG	0	3SE8_H_76a
271	3SE8_H_QH75A	QH75A	QH76A	3SE8	3SE8_H	Not Mapped	-0.095	-0.095	6.3e-08	7.4e-08	RIM	SPR	2	AB/AG	AB/AG	0	3SE8_H_75
272	3SE8_H_RH71A	RH71A	RH72A	3SE8	3SE8_H	Not Mapped	-2.602	-2.602	6.3e-08	5.09e-06	COR	SPR	2	AB/AG	AB/AG	0	3SE8_H_71
273	3SE8_H_QH64A	QH64A	QH65A	3SE8	3SE8_H	Not Mapped	-0.541	-0.541	6.3e-08	1.57e-07	RIM	SPR	2	AB/AG	AB/AG	0	3SE8_H_64
274	3SE8_H_QH62A	QH62A	QH63A	3SE8	3SE8_H	Not Mapped	-1.097	-1.097	6.3e-08	4.01e-07	RIM	SPR	2	AB/AG	AB/AG	0	3SE8_H_62
275	3SE8_H_RH61A	RH61A	RH62A	3SE8	3SE8_H	Not Mapped	-1.187	-1.187	6.3e-08	4.67e-07	COR	SPR	2	AB/AG	AB/AG	0	3SE8_H_61
276	3SE8_H_YH59A	YH59A	YH60A	3SE8	3SE8_H	Not Mapped	-0.842	-0.842	6.3e-08	2.61e-07	SUP	SPR	2	AB/AG	AB/AG	0	3SE8_H_59
277	3SE8_H_SH58A	SH58A	SH59A	3SE8	3SE8_H	Not Mapped	-1.132	-1.132	6.3e-08	4.26e-07	COR	SPR	2	AB/AG	AB/AG	0	3SE8_H_58
278	3SE8_H_VH57A	VH57A	VH58A	3SE8	3SE8_H	Not Mapped	-1.23	-1.23	6.3e-08	5.02e-07	COR	SPR	2	AB/AG	AB/AG	0	3SE8_H_57
279	3SE8_H_GH55A	GH55A	GH56A	3SE8	3SE8_H	Not Mapped	-0.351	-0.351	6.3e-08	1.14e-07	SUP	SPR	2	AB/AG	AB/AG	0	3SE8_H_55
280	3SE8_H_WH54A	WH54A	WH55A	3SE8	3SE8_H	Not Mapped	-0.749	-0.749	6.3e-08	2.23e-07	COR	SPR	2	AB/AG	AB/AG	0	3SE8_H_54
281	3N85_L_WL94Y	WL94Y	WL94Y	3N85	3N85_L	Not Mapped	0.039	0.039	7.9e-10	7.4e-10	COR	SPR	2	AB/AG	AB/AG,3MZW_A_B	0	3N85_L_94
282	3N85_L_WL91F	WL91F	WL91F	3N85	3N85_L	Not Mapped	-0.14	-0.14	7.9e-10	1e-09	SUP	SPR	2	AB/AG	AB/AG,3MZW_A_B	0	3N85_L_91
283	1VFB_C_LC129A	LC129A	LC129A	1VFB	1VFB_C	P00698	-0.172	-0.172	1.25e-08	1.67e-08	RIM	SPR	1	AB/AG	AB/AG	0	1VFB_C_129
284	1VFB_C_RC125A	RC125A	RC125A	1VFB	1VFB_C	P00698	-1.838	-1.838	1.25e-08	2.78e-07	RIM	SPR	1	AB/AG	AB/AG	0	1VFB_C_125
285	1VFB_C_IC124A	IC124A	IC124A	1VFB	1VFB_C	P00698	-1.232	-1.232	1.25e-08	1e-07	SUP	SPR	1	AB/AG	AB/AG	0	1VFB_C_124
286	1VFB_C_QC121A	QC121A	QC121A	1VFB	1VFB_C	P00698	-2.878	-2.878	1.25e-08	1.61e-06	COR	SPR	1	AB/AG	AB/AG	0	1VFB_C_121
287	1VFB_C_VC120A	VC120A	VC120A	1VFB	1VFB_C	P00698	-0.917	-0.917	1.25e-08	5.88e-08	SUP	SPR	1	AB/AG	AB/AG	0	1VFB_C_120
288	1VFB_C_DC119A	DC119A	DC119A	1VFB	1VFB_C	P00698	-0.954	-0.954	1.25e-08	6.25e-08	RIM	SPR	1	AB/AG	AB/AG	0	1VFB_C_119
289	1VFB_C_TC118A	TC118A	TC118A	1VFB	1VFB_C	P00698	-0.765	-0.765	1.25e-08	4.55e-08	COR	SPR	1	AB/AG	AB/AG	0	1VFB_C_118
290	1VFB_C_KC116A	KC116A	KC116A	1VFB	1VFB_C	P00698	-0.714	-0.714	1.25e-08	4.17e-08	RIM	SPR	1	AB/AG	AB/AG	0	1VFB_C_116
291	1VFB_C_SC24A	SC24A	SC24A	1VFB	1VFB_C	P00698	-0.851	-0.851	1.25e-08	5.26e-08	COR	SPR	1	AB/AG	AB/AG	0	1VFB_C_24
292	1VFB_C_YC23A	YC23A	YC23A	1VFB	1VFB_C	P00698	-0.411	-0.411	1.25e-08	2.5e-08	SUP	SPR	1	AB/AG	AB/AG	0	1VFB_C_23
293	1VFB_C_NC19A	NC19A	NC19A	1VFB	1VFB_C	P00698	-0.396	-0.396	1.25e-08	2.44e-08	COR	SPR	1	AB/AG	AB/AG	0	1VFB_C_19
294	1VFB_C_DC18A	DC18A	DC18A	1VFB	1VFB_C	P00698	-0.34	-0.34	1.25e-08	2.22e-08	COR	SPR	1	AB/AG	AB/AG	0	1VFB_C_18
295	4I77_H_YH100A	YH100A	YH103A	4I77	4I77_H	Not Mapped	-1.692	-1.692,-1.692	1e-11,1e-11	1.74e-10,8.05e-10	COR	SPR	2	AB/AG	AB/AG	0	4I77_H_100
296	4I77_H_YH100F	YH100F	YH103F	4I77	4I77_H	Not Mapped	0.0	0.0,0.0	1e-11,1e-11	1e-11,2.9e-11	COR	SPR	2	AB/AG	AB/AG	0	4I77_H_100
297	4I77_H_YH98A	YH98A	YH101A	4I77	4I77_H	Not Mapped	-0.942	-0.942,-0.942	1e-11,1e-11	4.9e-11,4.66e-10	COR	SPR	2	AB/AG	AB/AG	0	4I77_H_98
298	4I77_H_WH52A	WH52A	WH52A	4I77	4I77_H	Not Mapped	-2.115	-2.115,-2.115	1e-11,1e-11	3.55e-10,1.36e-09	SUP	SPR	2	AB/AG	AB/AG	0	4I77_H_52
299	4I77_H_WH52F	WH52F	WH52F	4I77	4I77_H	Not Mapped	-2.1	-2.1,-2.1	1e-11,1e-11	3.46e-10,1.17e-09	SUP	SPR	2	AB/AG	AB/AG	0	4I77_H_52
300	4I77_H_DH54A	DH54A	DH54A	4I77	4I77_H	Not Mapped	-2.125	-2.125,-2.125	1e-11,1e-11	3.61e-10,1.57e-09	RIM	SPR	2	AB/AG	AB/AG	0	4I77_H_54
301	4I77_H_YH98F	YH98F	YH101F	4I77	4I77_H	Not Mapped	0.0	0.0,0.0	1e-11,1e-11	1e-11,1e-11	COR	SPR	2	AB/AG	AB/AG	0	4I77_H_98
302	4I77_H_YH97A	YH97A	YH100A	4I77	4I77_H	Not Mapped	0.0	0.0,0.0	1e-11,1e-11	1e-11,1e-11	RIM	SPR	2	AB/AG	AB/AG	0	4I77_H_97
303	4I77_H_YH97F	YH97F	YH100F	4I77	4I77_H	Not Mapped	0.0	0.0,0.0	1e-11,1e-11	1e-11,1e-11	RIM	SPR	2	AB/AG	AB/AG	0	4I77_H_97
304	1KIP_B_AB32Y	AB32Y	AB32Y	1KIP	1KIP_B	Not Mapped	0.801	0.801	1.43e-08	3.7e-09	SUP	ITC	1	AB/AG	AB/AG	0	1KIP_B_32
305	1AO7_A_EA166A	EA166A	EA166A	1AO7	1AO7_A	P04439	-3.867	-3.867,-3.867,-3.867,-3.867	2.84e-06,2.55e-06,9.1e-07,8.8e-07	0.00194,0.000207,4e-06,1.02e-05	RIM	SPR	2	TCR/pMHC	TCR/pMHC,1JCK_A_B	0	1AO7_A_166
306	1AO7_A_RA65A	RA65A	RA65A	1AO7	1AO7_A	P04439	-3.23	-3.23,-3.23,-3.23,-3.23	2.66e-06,2.44e-06,9.1e-07,8.8e-07	0.00062,0.000463,8.4e-05,0.000181	RIM	SPR	2	TCR/pMHC	TCR/pMHC,1JCK_A_B	0	1AO7_A_65
307	1AO7_A_QA155A	QA155A	QA155A	1AO7	1AO7_A	P04439	-0.412	-0.412,-0.412,-0.412,-0.412	2.88e-06,4.64e-06,2.87e-06,8.8e-07	5.77e-06,3.89e-06,5.84e-06,1.23e-06	COR	SPR	2	TCR/pMHC	TCR/pMHC,1JCK_A_B	0	1AO7_A_155
308	1AO7_A_TA163A	TA163A	TA163A	1AO7	1AO7_A	P04439	-0.489	-0.489,-0.489,-0.489	2.36e-06,9.1e-07,8.8e-07	5.39e-06,3.1e-06,2.15e-06	COR	SPR	2	TCR/pMHC	TCR/pMHC,1JCK_A_B	0	1AO7_A_163
309	1AO7_A_AA69G	AA69G	AA69G	1AO7	1AO7_A	P04439	-1.182	-1.182,-1.182,-1.182	4.19e-06,9.1e-07,8.8e-07	3.08e-05,9.6e-06,1.15e-05	COR	SPR	2	TCR/pMHC	TCR/pMHC,1JCK_A_B	0	1AO7_A_69
310	1AO7_A_KA66A	KA66A	KA66A	1AO7	1AO7_A	P04439	-2.935	-2.935,-2.935,-2.935	2.23e-06,9.1e-07,8.8e-07	0.000316,1.87e-05,0.000181	SUP	SPR	2	TCR/pMHC	TCR/pMHC,1JCK_A_B	0	1AO7_A_66
311	1AO7_A_WA167A	WA167A	WA167A	1AO7	1AO7_A	P04439	-1.2	-1.2,-1.2	9.1e-07,8.8e-07	6.9e-06,9.77e-06	SUP	SPR	2	TCR/pMHC	TCR/pMHC,1JCK_A_B	0	1AO7_A_167
312	1AO7_A_QA72A	QA72A	QA72A	1AO7	1AO7_A	P04439	-0.357	-0.357,-0.357	2.87e-06,8.8e-07	5.24e-06,9.06e-07	RIM	SPR	2	TCR/pMHC	TCR/pMHC,1JCK_A_B	0	1AO7_A_72
313	1AO7_A_RA170A	RA170A	RA170A	1AO7	1AO7_A	P04439	0.264	0.264,0.264	2.2e-06,8.8e-07	1.41e-06,1.06e-06	RIM	SPR	2	TCR/pMHC	TCR/pMHC,1JCK_A_B	0	1AO7_A_170
314	1AO7_A_EA58A	EA58A	EA58A	1AO7	1AO7_A	P04439	0.72	0.72,0.72	3.64e-06,8.8e-07	1.08e-06,5.72e-07	RIM	SPR	2	TCR/pMHC	TCR/pMHC,1JCK_A_B	0	1AO7_A_58
315	1AO7_A_YA159A	YA159A	YA159A	1AO7	1AO7_A	P04439	-3.245	-3.245	2.06e-06	0.000493	SUP	SPR	2	TCR/pMHC	TCR/pMHC,1JCK_A_B	0	1AO7_A_159
316	1AO7_A_AA150P	AA150P	AA150P	1AO7	1AO7_A	P04439	-1.004	-1.004	1.8e-06	9.8e-06	COR	SPR	2	TCR/pMHC	TCR/pMHC,1JCK_A_B	0	1AO7_A_150
317	1AO7_A_HA70A	HA70A	HA70A	1AO7	1AO7_A	P04439	-3.156	-3.156	8.8e-07	0.000181	INT	SPR	2	TCR/pMHC	TCR/pMHC,1JCK_A_B	0	1AO7_A_70
318	1AO7_A_KA68A	KA68A	KA68A	1AO7	1AO7_A	P04439	-0.194	-0.194	8.8e-07	1.22e-06	RIM	SPR	2	TCR/pMHC	TCR/pMHC,1JCK_A_B	0	1AO7_A_68
319	1AO7_A_VA67A	VA67A	VA67A	1AO7	1AO7_A	P04439	0.558	0.558	8.8e-07	3.43e-07	INT	SPR	2	TCR/pMHC	TCR/pMHC,1JCK_A_B	0	1AO7_A_67
320	1AO7_A_TA64A	TA64A	TA64A	1AO7	1AO7_A	P04439	0.076	0.076	8.8e-07	7.74e-07	INT	SPR	2	TCR/pMHC	TCR/pMHC,1JCK_A_B	0	1AO7_A_64
321	1AO7_A_EA63A	EA63A	EA63A	1AO7	1AO7_A	P04439	-0.159	-0.159	8.8e-07	1.15e-06	INT	SPR	2	TCR/pMHC	TCR/pMHC,1JCK_A_B	0	1AO7_A_63
322	1AO7_A_DA61A	DA61A	DA61A	1AO7	1AO7_A	P04439	-0.38	-0.38	8.8e-07	1.67e-06	SUR	SPR	2	TCR/pMHC	TCR/pMHC,1JCK_A_B	0	1AO7_A_61
323	1AO7_A_EA55A	EA55A	EA55A	1AO7	1AO7_A	P04439	-0.856	-0.856	8.8e-07	3.73e-06	SUP	SPR	2	TCR/pMHC	TCR/pMHC,1JCK_A_B	0	1AO7_A_55
324	1AO7_A_QA43A	QA43A	QA43A	1AO7	1AO7_A	P04439	-0.029	-0.029	8.8e-07	9.24e-07	SUR	SPR	2	TCR/pMHC	TCR/pMHC,1JCK_A_B	0	1AO7_A_43
325	1AO7_A_AA158G	AA158G	AA158G	1AO7	1AO7_A	P04439	-0.312	-0.312	8.8e-07	1.49e-06	COR	SPR	2	TCR/pMHC	TCR/pMHC,1JCK_A_B	0	1AO7_A_158
326	1AO7_A_EA154A	EA154A	EA154A	1AO7	1AO7_A	P04439	-0.362	-0.362	8.8e-07	1.62e-06	RIM	SPR	2	TCR/pMHC	TCR/pMHC,1JCK_A_B	0	1AO7_A_154
327	1AO7_A_VA152A	VA152A	VA152A	1AO7	1AO7_A	P04439	0.194	0.194	8.8e-07	6.34e-07	SUP	SPR	2	TCR/pMHC	TCR/pMHC,1JCK_A_B	0	1AO7_A_152
328	1AO7_A_HA151A	HA151A	HA151A	1AO7	1AO7_A	P04439	0.303	0.303	8.8e-07	5.28e-07	RIM	SPR	2	TCR/pMHC	TCR/pMHC,1JCK_A_B	0	1AO7_A_151
329	1AO7_A_AA150G	AA150G	AA150G	1AO7	1AO7_A	P04439	-0.062	-0.062	8.8e-07	9.77e-07	COR	SPR	2	TCR/pMHC	TCR/pMHC,1JCK_A_B	0	1AO7_A_150
330	1AO7_A_AA149G	AA149G	AA149G	1AO7	1AO7_A	P04439	0.154	0.154	8.8e-07	6.78e-07	RIM	SPR	2	TCR/pMHC	TCR/pMHC,1JCK_A_B	0	1AO7_A_149
331	1AO7_A_KA146A	KA146A	KA146A	1AO7	1AO7_A	P04439	-0.462	-0.462	8.8e-07	1.92e-06	SUR	SPR	2	TCR/pMHC	TCR/pMHC,1JCK_A_B	0	1AO7_A_146
332	1AO7_A_TA80A	TA80A	TA80A	1AO7	1AO7_A	P04439	-0.076	-0.076	8.8e-07	1e-06	INT	SPR	2	TCR/pMHC	TCR/pMHC,1JCK_A_B	0	1AO7_A_80
333	1AO7_A_VA76A	VA76A	VA76A	1AO7	1AO7_A	P04439	-0.597	-0.597	8.8e-07	2.41e-06	SUR	SPR	2	TCR/pMHC	TCR/pMHC,1JCK_A_B	0	1AO7_A_76
334	1AO7_A_RA75A	RA75A	RA75A	1AO7	1AO7_A	P04439	-0.535	-0.535	8.8e-07	2.17e-06	SUR	SPR	2	TCR/pMHC	TCR/pMHC,1JCK_A_B	0	1AO7_A_75
335	1AO7_A_HA74A	HA74A	HA74A	1AO7	1AO7_A	P04439	-1.604	-1.604	8.8e-07	1.32e-05	INT	SPR	2	TCR/pMHC	TCR/pMHC,1JCK_A_B	0	1AO7_A_74
336	1AO7_A_TA73A	TA73A	TA73A	1AO7	1AO7_A	P04439	-0.767	-0.767	8.8e-07	3.21e-06	SUP	SPR	2	TCR/pMHC	TCR/pMHC,1JCK_A_B	0	1AO7_A_73
337	3NPS_A_DA60bA	DA60bA	DA47A	3NPS	3NPS_A	Q9Y5Y6	-1.068	-1.068	7.04e-11	4.27e-10	RIM	FL	1	AB/AG,Pr/PI	AB/AG,Pr/PI	0	3NPS_A_60b
338	3NPS_A_DA60aA	DA60aA	DA46A	3NPS	3NPS_A	Q9Y5Y6	-0.34	-0.34	7.04e-11	1.25e-10	RIM	FL	1	AB/AG,Pr/PI	AB/AG,Pr/PI	0	3NPS_A_60a
339	3NPS_A_IA60A	IA60A	IA45A	3NPS	3NPS_A	Q9Y5Y6	0.332	0.332	7.04e-11	4.02e-11	SUR	FL	1	AB/AG,Pr/PI	AB/AG,Pr/PI	0	3NPS_A_60
340	3NPS_A_IA41A	IA41A	IA26A	3NPS	3NPS_A	Q9Y5Y6	-0.642	-0.642	7.04e-11	2.08e-10	COR	FL	1	AB/AG,Pr/PI	AB/AG,Pr/PI	0	3NPS_A_41
341	3NPS_A_QA38A	QA38A	QA23A	3NPS	3NPS_A	Q9Y5Y6	-0.026	-0.026	7.04e-11	7.36e-11	SUR	FL	1	AB/AG,Pr/PI	AB/AG,Pr/PI	0	3NPS_A_38
342	3NPS_A_EA169A	EA169A	EA163A	3NPS	3NPS_A	Q9Y5Y6	-0.616	-0.616	7.04e-11	1.99e-10	SUR	FL	1	AB/AG,Pr/PI	AB/AG,Pr/PI	0	3NPS_A_169
343	3NPS_A_LA153A	LA153A	LA147A	3NPS	3NPS_A	Q9Y5Y6	-0.296	-0.296	7.04e-11	1.16e-10	SUR	FL	1	AB/AG,Pr/PI	AB/AG,Pr/PI	0	3NPS_A_153
344	3NPS_A_TA150A	TA150A	TA144A	3NPS	3NPS_A	Q9Y5Y6	-0.175	-0.175	7.04e-11	9.46e-11	RIM	FL	1	AB/AG,Pr/PI	AB/AG,Pr/PI	0	3NPS_A_150
345	3NPS_A_YA146A	YA146A	YA141A	3NPS	3NPS_A	Q9Y5Y6	-1.776	-1.776	7.04e-11	1.41e-09	COR	FL	1	AB/AG,Pr/PI	AB/AG,Pr/PI	0	3NPS_A_146
346	3NPS_A_QA145A	QA145A	QA140A	3NPS	3NPS_A	Q9Y5Y6	-0.296	-0.296	7.04e-11	1.16e-10	SUR	FL	1	AB/AG,Pr/PI	AB/AG,Pr/PI	0	3NPS_A_145
347	3NPS_A_HA143A	HA143A	HA138A	3NPS	3NPS_A	Q9Y5Y6	-1.876	-1.876	7.04e-11	1.67e-09	COR	FL	1	AB/AG,Pr/PI	AB/AG,Pr/PI	0	3NPS_A_143
348	3NPS_A_TA98A	TA98A	TA93A	3NPS	3NPS_A	Q9Y5Y6	-0.724	-0.724	7.04e-11	2.39e-10	RIM	FL	1	AB/AG,Pr/PI	AB/AG,Pr/PI	0	3NPS_A_98
349	3NPS_A_FA97A	FA97A	FA92A	3NPS	3NPS_A	Q9Y5Y6	-0.464	-0.464	7.04e-11	1.54e-10	COR	FL	1	AB/AG,Pr/PI	AB/AG,Pr/PI	0	3NPS_A_97
350	3NPS_A_DA96A	DA96A	DA91A	3NPS	3NPS_A	Q9Y5Y6	-1.508	-1.508	7.04e-11	8.97e-10	RIM	FL	1	AB/AG,Pr/PI	AB/AG,Pr/PI	0	3NPS_A_96
351	3NPS_A_NA95A	NA95A	NA90A	3NPS	3NPS_A	Q9Y5Y6	-0.254	-0.254	7.04e-11	1.08e-10	SUR	FL	1	AB/AG,Pr/PI	AB/AG,Pr/PI	0	3NPS_A_95
352	3NPS_A_FA94A	FA94A	FA89A	3NPS	3NPS_A	Q9Y5Y6	-1.572	-1.572	7.04e-11	1e-09	INT	FL	1	AB/AG,Pr/PI	AB/AG,Pr/PI	0	3NPS_A_94
353	3NPS_A_RA87A	RA87A	RA82A	3NPS	3NPS_A	Q9Y5Y6	0.152	0.152	7.04e-11	5.45e-11	SUR	FL	1	AB/AG,Pr/PI	AB/AG,Pr/PI	0	3NPS_A_87
354	3NPS_A_YA60gA	YA60gA	YA52A	3NPS	3NPS_A	Q9Y5Y6	-0.452	-0.452	7.04e-11	1.51e-10	INT	FL	1	AB/AG,Pr/PI	AB/AG,Pr/PI	0	3NPS_A_60g
355	3NPS_A_RA60fA	RA60fA	RA51A	3NPS	3NPS_A	Q9Y5Y6	-0.138	-0.138	7.04e-11	8.89e-11	SUR	FL	1	AB/AG,Pr/PI	AB/AG,Pr/PI	0	3NPS_A_60f
356	3NPS_A_FA60eA	FA60eA	FA50A	3NPS	3NPS_A	Q9Y5Y6	-0.22	-0.22	7.04e-11	1.02e-10	INT	FL	1	AB/AG,Pr/PI	AB/AG,Pr/PI	0	3NPS_A_60e
357	3NPS_A_RA60cA	RA60cA	RA48A	3NPS	3NPS_A	Q9Y5Y6	1.063	1.063	7.04e-11	1.17e-11	RIM	FL	1	AB/AG,Pr/PI	AB/AG,Pr/PI	0	3NPS_A_60c
358	3NPS_A_KA224A	KA224A	KA221A	3NPS	3NPS_A	Q9Y5Y6	0.104	0.104	7.04e-11	5.91e-11	SUR	FL	1	AB/AG,Pr/PI	AB/AG,Pr/PI	0	3NPS_A_224
359	3NPS_A_RA222A	RA222A	RA219A	3NPS	3NPS_A	Q9Y5Y6	0.084	0.084	7.04e-11	6.11e-11	SUR	FL	1	AB/AG,Pr/PI	AB/AG,Pr/PI	0	3NPS_A_222
360	3NPS_A_QA221aA	QA221aA	QA218A	3NPS	3NPS_A	Q9Y5Y6	0.041	0.041	7.04e-11	6.57e-11	COR	FL	1	AB/AG,Pr/PI	AB/AG,Pr/PI	0	3NPS_A_221a
361	3NPS_A_DA217A	DA217A	DA214A	3NPS	3NPS_A	Q9Y5Y6	-1.467	-1.467	7.04e-11	8.38e-10	SUR	FL	1	AB/AG,Pr/PI	AB/AG,Pr/PI	0	3NPS_A_217
362	3NPS_A_QA175A	QA175A	QA169A	3NPS	3NPS_A	Q9Y5Y6	-0.741	-0.741	7.04e-11	2.46e-10	COR	FL	1	AB/AG,Pr/PI	AB/AG,Pr/PI	0	3NPS_A_175
363	3NPS_A_QA174A	QA174A	QA168A	3NPS	3NPS_A	Q9Y5Y6	0.059	0.059	7.04e-11	6.37e-11	RIM	FL	1	AB/AG,Pr/PI	AB/AG,Pr/PI	0	3NPS_A_174
364	2AK4_C_LC10A	LC10A	LC10A	2AK4	2AK4_C	P03206	-0.514	-0.514	1.87e-05	4.45e-05	SUP	SPR	2	TCR/pMHC	TCR/pMHC,1JCK_A_B	0	2AK4_C_10
365	2AK4_C_QC9A	QC9A	QC9A	2AK4	2AK4_C	P03206	-0.066	-0.066	1.87e-05	2.09e-05	RIM	SPR	2	TCR/pMHC	TCR/pMHC,1JCK_A_B	0	2AK4_C_9
366	2AK4_C_QC7A	QC7A	QC7A	2AK4	2AK4_C	P03206	-1.404	-1.404	1.87e-05	0.0002	COR	SPR	2	TCR/pMHC	TCR/pMHC,1JCK_A_B	0	2AK4_C_7
367	2AK4_C_PC6A	PC6A	PC6A	2AK4	2AK4_C	P03206	-1.404	-1.404	1.87e-05	0.0002	SUP	SPR	2	TCR/pMHC	TCR/pMHC,1JCK_A_B	0	2AK4_C_6
368	2AK4_C_LC5A	LC5A	LC5A	2AK4	2AK4_C	P03206	-1.404	-1.404	1.87e-05	0.0002	COR	SPR	2	TCR/pMHC	TCR/pMHC,1JCK_A_B	0	2AK4_C_5
369	2AK4_C_PC4A	PC4A	PC4A	2AK4	2AK4_C	P03206	-1.096	-1.096	1.87e-05	0.000119	SUP	SPR	2	TCR/pMHC	TCR/pMHC,1JCK_A_B	0	2AK4_C_4
370	4P5T_C_KC75A	KC75A	KC76A	4P5T	4P5T_C	P14434	-0.359	-0.359	6e-06	1.1e-05	SUR	SPR	2	TCR/pMHC	TCR/pMHC,1JCK_A_B	0	4P5T_C_75
371	4P5T_C_VC72A	VC72A	VC73A	4P5T	4P5T_C	P14434	0.0	0.0	6e-06	6e-06	INT	SPR	2	TCR/pMHC	TCR/pMHC,1JCK_A_B	0	4P5T_C_72
372	4P5T_C_HC68A	HC68A	HC69A	4P5T	4P5T_C	P14434	-1.01	-1.01	6e-06	3.3e-05	RIM	SPR	2	TCR/pMHC	TCR/pMHC,1JCK_A_B	0	4P5T_C_68
373	4P5T_C_KC67A	KC67A	KC68A	4P5T	4P5T_C	P14434	-0.992	-0.992	6e-06	3.2e-05	SUR	SPR	2	TCR/pMHC	TCR/pMHC,1JCK_A_B	0	4P5T_C_67
374	4P5T_C_VC65A	VC65A	VC66A	4P5T	4P5T_C	P14434	-0.869	-0.869	6e-06	2.6e-05	SUP	SPR	2	TCR/pMHC	TCR/pMHC,1JCK_A_B	0	4P5T_C_65
375	4P5T_C_NC62A	NC62A	NC63A	4P5T	4P5T_C	P14434	-1.496	-1.496	6e-06	7.5e-05	SUP	SPR	2	TCR/pMHC	TCR/pMHC,1JCK_A_B	0	4P5T_C_62
376	4P5T_C_QC61A	QC61A	QC62A	4P5T	4P5T_C	P14434	0.0	0.0	6e-06	6e-06	COR	SPR	2	TCR/pMHC	TCR/pMHC,1JCK_A_B	0	4P5T_C_61
377	4P5T_C_LC60A	LC60A	LC61A	4P5T	4P5T_C	P14434	-1.01	-1.01	6e-06	3.3e-05	SUP	SPR	2	TCR/pMHC	TCR/pMHC,1JCK_A_B	0	4P5T_C_60
378	4P5T_C_QC57A	QC57A	QC58A	4P5T	4P5T_C	P14434	0.0	0.0	6e-06	6e-06	COR	SPR	2	TCR/pMHC	TCR/pMHC,1JCK_A_B	0	4P5T_C_57
379	4P5T_C_DC55A	DC55A	DC56A	4P5T	4P5T_C	P14434	-0.617	-0.617	6e-06	1.7e-05	RIM	SPR	2	TCR/pMHC	TCR/pMHC,1JCK_A_B	0	4P5T_C_55
380	4P5T_C_KC39A	KC39A	KC40A	4P5T	4P5T_C	P14434	-1.139	-1.139	6e-06	4.1e-05	RIM	SPR	2	TCR/pMHC	TCR/pMHC,1JCK_A_B	0	4P5T_C_39
381	3BN9_B_RB60fA	RB60fA	RB51A	3BN9	3BN9_B	Q9Y5Y6	0.072	0.072	1.23e-11	1.09e-11	SUR	FL	1	AB/AG,Pr/PI	AB/AG,Pr/PI	0	3BN9_B_60f
382	3BN9_B_FB60eA	FB60eA	FB50A	3BN9	3BN9_B	Q9Y5Y6	0.045	0.045	1.23e-11	1.14e-11	INT	FL	1	AB/AG,Pr/PI	AB/AG,Pr/PI	0	3BN9_B_60e
383	3BN9_B_RB60cA	RB60cA	RB48A	3BN9	3BN9_B	Q9Y5Y6	0.045	0.045	1.23e-11	1.14e-11	RIM	FL	1	AB/AG,Pr/PI	AB/AG,Pr/PI	0	3BN9_B_60c
384	3BN9_B_DB60bA	DB60bA	DB47A	3BN9	3BN9_B	Q9Y5Y6	-0.311	-0.311	1.23e-11	2.08e-11	RIM	FL	1	AB/AG,Pr/PI	AB/AG,Pr/PI	0	3BN9_B_60b
385	3BN9_B_DB60aA	DB60aA	DB46A	3BN9	3BN9_B	Q9Y5Y6	-0.423	-0.423	1.23e-11	2.51e-11	RIM	FL	1	AB/AG,Pr/PI	AB/AG,Pr/PI	0	3BN9_B_60a
386	3BN9_B_IB60A	IB60A	IB45A	3BN9	3BN9_B	Q9Y5Y6	-0.836	-0.836	1.23e-11	5.04e-11	COR	FL	1	AB/AG,Pr/PI	AB/AG,Pr/PI	0	3BN9_B_60
387	3BN9_B_IB41A	IB41A	IB26A	3BN9	3BN9_B	Q9Y5Y6	0.0	0.0	1.23e-11	1.23e-11	COR	FL	1	AB/AG,Pr/PI	AB/AG,Pr/PI	0	3BN9_B_41
388	3BN9_B_QB38A	QB38A	QB23A	3BN9	3BN9_B	Q9Y5Y6	0.415	0.415	1.23e-11	6.1e-12	SUR	FL	1	AB/AG,Pr/PI	AB/AG,Pr/PI	0	3BN9_B_38
389	3BN9_B_DB217A	DB217A	DB214A	3BN9	3BN9_B	Q9Y5Y6	-0.566	-0.566	1.23e-11	3.2e-11	COR	FL	1	AB/AG,Pr/PI	AB/AG,Pr/PI	0	3BN9_B_217
390	3BN9_B_QB175A	QB175A	QB169A	3BN9	3BN9_B	Q9Y5Y6	-2.51	-2.51	1.23e-11	8.51e-10	COR	FL	1	AB/AG,Pr/PI	AB/AG,Pr/PI	0	3BN9_B_175
391	3BN9_B_QB174A	QB174A	QB168A	3BN9	3BN9_B	Q9Y5Y6	0.035	0.035	1.23e-11	1.16e-11	RIM	FL	1	AB/AG,Pr/PI	AB/AG,Pr/PI	0	3BN9_B_174
392	3BN9_B_EB169A	EB169A	EB163A	3BN9	3BN9_B	Q9Y5Y6	-0.373	-0.373	1.23e-11	2.31e-11	SUR	FL	1	AB/AG,Pr/PI	AB/AG,Pr/PI	0	3BN9_B_169
393	3BN9_B_LB153A	LB153A	LB147A	3BN9	3BN9_B	Q9Y5Y6	-0.336	-0.336	1.23e-11	2.17e-11	SUR	FL	1	AB/AG,Pr/PI	AB/AG,Pr/PI	0	3BN9_B_153
394	3BN9_B_TB150A	TB150A	TB144A	3BN9	3BN9_B	Q9Y5Y6	-0.291	-0.291	1.23e-11	2.01e-11	SUR	FL	1	AB/AG,Pr/PI	AB/AG,Pr/PI	0	3BN9_B_150
395	3BN9_B_YB146A	YB146A	YB141A	3BN9	3BN9_B	Q9Y5Y6	-1.085	-1.085	1.23e-11	7.68e-11	RIM	FL	1	AB/AG,Pr/PI	AB/AG,Pr/PI	0	3BN9_B_146
396	3BN9_B_QB145A	QB145A	QB140A	3BN9	3BN9_B	Q9Y5Y6	-0.133	-0.133	1.23e-11	1.54e-11	SUR	FL	1	AB/AG,Pr/PI	AB/AG,Pr/PI	0	3BN9_B_145
397	3BN9_B_HB143A	HB143A	HB138A	3BN9	3BN9_B	Q9Y5Y6	-0.085	-0.085	1.23e-11	1.42e-11	COR	FL	1	AB/AG,Pr/PI	AB/AG,Pr/PI	0	3BN9_B_143
398	3BN9_B_TB98A	TB98A	TB93A	3BN9	3BN9_B	Q9Y5Y6	-1.133	-1.133	1.23e-11	8.32e-11	COR	FL	1	AB/AG,Pr/PI	AB/AG,Pr/PI	0	3BN9_B_98
399	3BN9_B_FB97A	FB97A	FB92A	3BN9	3BN9_B	Q9Y5Y6	-6.698	-6.698	1.23e-11	1e-06	COR	FL	2	AB/AG,Pr/PI	AB/AG,Pr/PI	0	3BN9_B_97
400	3BN9_B_DB96A	DB96A	DB91A	3BN9	3BN9_B	Q9Y5Y6	-6.698	-6.698	1.23e-11	1e-06	COR	FL	2	AB/AG,Pr/PI	AB/AG,Pr/PI	0	3BN9_B_96
401	3BN9_B_NB95A	NB95A	NB90A	3BN9	3BN9_B	Q9Y5Y6	-0.774	-0.774	1.23e-11	4.54e-11	COR	FL	1	AB/AG,Pr/PI	AB/AG,Pr/PI	0	3BN9_B_95
402	3BN9_B_FB94A	FB94A	FB89A	3BN9	3BN9_B	Q9Y5Y6	-0.64	-0.64	1.23e-11	3.62e-11	SUP	FL	1	AB/AG,Pr/PI	AB/AG,Pr/PI	0	3BN9_B_94
403	3BN9_B_RB87A	RB87A	RB82A	3BN9	3BN9_B	Q9Y5Y6	0.159	0.159	1.23e-11	9.4e-12	SUR	FL	1	AB/AG,Pr/PI	AB/AG,Pr/PI	0	3BN9_B_87
404	3BN9_B_YB60gA	YB60gA	YB52A	3BN9	3BN9_B	Q9Y5Y6	-0.019	-0.019	1.23e-11	1.27e-11	INT	FL	1	AB/AG,Pr/PI	AB/AG,Pr/PI	0	3BN9_B_60g
405	3BN9_B_KB224A	KB224A	KB221A	3BN9	3BN9_B	Q9Y5Y6	-0.785	-0.785	1.23e-11	4.63e-11	COR	FL	1	AB/AG,Pr/PI	AB/AG,Pr/PI	0	3BN9_B_224
406	3BN9_B_RB222A	RB222A	RB219A	3BN9	3BN9_B	Q9Y5Y6	0.094	0.094	1.23e-11	1.05e-11	SUR	FL	1	AB/AG,Pr/PI	AB/AG,Pr/PI	0	3BN9_B_222
407	3BN9_B_QB221aA	QB221aA	QB218A	3BN9	3BN9_B	Q9Y5Y6	-0.706	-0.706	1.23e-11	4.05e-11	RIM	FL	1	AB/AG,Pr/PI	AB/AG,Pr/PI	0	3BN9_B_221a
408	3S9D_A_RA149A	RA149A	RA120A	3S9D	3S9D_A	P01563	-3.074	-3.074,-3.074,-3.074,-3.074	3e-09,3e-09,3.11e-09,2.5e-09	5.38e-07,3e-07,5.84e-07,5.4e-07	COR	SP,SPR	2		3S9D_A_B,3SE3_B_C,3SE4_B_C	0	3S9D_A_149
409	3S9D_A_LA30A	LA30A	LA23A	3S9D	3S9D_A	P01563	-3.682	-3.682,-3.682,-3.682,-3.682	1e-08,3e-09,3e-09,2.5e-09	5e-06,1.7e-06,2.31e-06,1.7e-06	COR	SP,SPR	2		3S9D_A_B,3SE3_B_C,3SE4_B_C	0	3S9D_A_30
410	3S9D_A_LA26A	LA26A	LA19A	3S9D	3S9D_A	P01563	-1.01	-1.01,-1.01,-1.01,-1.01	1e-08,3e-09,3e-09,2.5e-09	5.5e-08,1.69e-08,1.36e-08,3.1e-08	COR	SP,SPR	2		3S9D_A_B,3SE3_B_C,3SE4_B_C	0	3S9D_A_26
411	3S9D_A_AA145G	AA145G	AA116G	3S9D	3S9D_A	P01563	-2.077	-2.077,-2.077,-2.077	3e-09,3e-09,2.5e-09	1e-07,1e-07,9.6e-08	COR	SP,SPR	2		3S9D_A_B,3SE3_B_C,3SE4_B_C	0	3S9D_A_145
412	3S9D_A_RA144A	RA144A	RA115A	3S9D	3S9D_A	P01563	-2.185	-2.185,-2.185,-2.185	3e-09,3e-09,2.5e-09	1.2e-07,1e-07,9.9e-08	SUP	SP,SPR	2		3S9D_A_B,3SE3_B_C,3SE4_B_C	0	3S9D_A_144
413	3S9D_A_EA132A	EA132A	EA103A	3S9D	3S9D_A	P01563	0.132	0.132,0.132,0.132	1e-08,3e-09,3e-09	8e-09,2.1e-09,2.27e-09	SUR	SP,SPR	2		3S9D_A_B,3SE3_B_C,3SE4_B_C	0	3S9D_A_132
414	3S9D_A_MA148A	MA148A	MA119A	3S9D	3S9D_A	P01563	-2.289	-2.289,-2.289,-2.289	3e-09,3e-09,2.5e-09	1.43e-07,1e-07,1.43e-07	SUP	SP,SPR	2		3S9D_A_B,3SE3_B_C,3SE4_B_C	0	3S9D_A_148
415	3S9D_A_SA152A	SA152A	SA123A	3S9D	3S9D_A	P01563	-0.904	-0.904,-0.904,-0.904	3e-09,3e-09,2.5e-09	1.38e-08,3e-08,1.6e-08	COR	SP,SPR	2		3S9D_A_B,3SE3_B_C,3SE4_B_C	0	3S9D_A_152
416	3S9D_A_LA153A	LA153A	LA124A	3S9D	3S9D_A	P01563	-1.336	-1.336,-1.336,-1.336	3e-09,3e-09,2.5e-09	2.86e-08,3e-08,4e-08	COR	SP,SPR	2		3S9D_A_B,3SE3_B_C,3SE4_B_C	0	3S9D_A_153
417	3S9D_A_LA15A	LA15A	LA8A	3S9D	3S9D_A	P01563	-1.279	-1.279,-1.279,-1.279	3e-09,3e-09,2.5e-09	2.6e-08,3e-08,6.9e-08	SUP	SP,SPR	2		3S9D_A_B,3SE3_B_C,3SE4_B_C	0	3S9D_A_15
418	3S9D_A_RA125A	RA125A	RA96A	3S9D	3S9D_A	P01563	-0.348	-0.348,-0.348,-0.348	1e-08,3e-09,3e-09	1.8e-08,3e-09,4.84e-09	SUR	SP,SPR	2		3S9D_A_B,3SE3_B_C,3SE4_B_C	0	3S9D_A_125
419	3S9D_A_KA131A	KA131A	KA102A	3S9D	3S9D_A	P01563	-0.278	-0.278,-0.278,-0.278	1e-08,3e-09,3e-09	1.6e-08,6.2e-09,3e-09	SUR	SP,SPR	2		3S9D_A_B,3SE3_B_C,3SE4_B_C	0	3S9D_A_131
420	3S9D_A_SA25A	SA25A	SA18A	3S9D	3S9D_A	P01563	0.211	0.211,0.211,0.211	1e-08,3e-09,3e-09	7e-09,2.6e-09,3e-09	RIM	SP,SPR	2		3S9D_A_B,3SE3_B_C,3SE4_B_C	0	3S9D_A_25
421	3S9D_A_DA32A	DA32A	DA25A	3S9D	3S9D_A	P01563	-0.38	-0.38,-0.38,-0.38	1e-08,3e-09,3e-09	1.9e-08,8.7e-09,1.43e-08	INT	SP,SPR	2		3S9D_A_B,3SE3_B_C,3SE4_B_C	0	3S9D_A_32
422	3S9D_A_RA33A	RA33A	RA26A	3S9D	3S9D_A	P01563	-3.682	-3.682,-3.682,-3.682	1e-08,3e-09,3e-09	5e-06,2.81e-05,0.00012	COR	SP,SPR	2		3S9D_A_B,3SE3_B_C,3SE4_B_C	0	3S9D_A_33
423	3S9D_A_HA34A	HA34A	HA27A	3S9D	3S9D_A	P01563	-0.411	-0.411,-0.411,-0.411	1e-08,3e-09,3e-09	2e-08,7.9e-09,8.82e-09	RIM	SP,SPR	2		3S9D_A_B,3SE3_B_C,3SE4_B_C	0	3S9D_A_34
424	3S9D_A_DA35A	DA35A	DA28A	3S9D	3S9D_A	P01563	-0.24	-0.24,-0.24,-0.24	1e-08,3e-09,3e-09	1.5e-08,4.6e-09,6e-09	RIM	SP,SPR	2		3S9D_A_B,3SE3_B_C,3SE4_B_C	0	3S9D_A_35
425	3S9D_A_KA134A	KA134A	KA105A	3S9D	3S9D_A	P01563	-0.056	-0.056,-0.056,-0.056	1e-08,3e-09,3e-09	1.1e-08,3.8e-09,4.17e-09	SUR	SP,SPR	2		3S9D_A_B,3SE3_B_C,3SE4_B_C	0	3S9D_A_134
426	3S9D_A_KA133A	KA133A	KA104A	3S9D	3S9D_A	P01563	-0.775	-0.775,-0.775,-0.775	1e-08,3e-09,3e-09	3.7e-08,2.6e-08,4.29e-09	SUR	SP,SPR	2		3S9D_A_B,3SE3_B_C,3SE4_B_C	0	3S9D_A_133
427	3S9D_A_FA27A	FA27A	FA20A	3S9D	3S9D_A	P01563	-0.519	-0.519,-0.519,-0.519	1e-08,3e-09,3e-09	2.4e-08,1.37e-08,1e-08	RIM	SP,SPR	2		3S9D_A_B,3SE3_B_C,3SE4_B_C	0	3S9D_A_27
428	3S9D_A_KA31A	KA31A	KA24A	3S9D	3S9D_A	P01563	-0.493	-0.493,-0.493,-0.493	1e-08,3e-09,3e-09	2.3e-08,9e-09,1e-08	SUR	SP,SPR	2		3S9D_A_B,3SE3_B_C,3SE4_B_C	0	3S9D_A_31
429	3S9D_A_MA16A	MA16A	MA9A	3S9D	3S9D_A	P01563	-0.124	-0.124,-0.124	3e-09,3e-09	3.7e-09,3e-09	RIM	SP,SPR	2		3S9D_A_B,3SE3_B_C,3SE4_B_C	0	3S9D_A_16
430	3S9D_A_KA121A	KA121A	KA92A	3S9D	3S9D_A	P01563	-0.108	-0.108,-0.108	1e-08,3e-09	1.2e-08,2.63e-09	SUR	SP,SPR	2		3S9D_A_B,3SE3_B_C,3SE4_B_C	0	3S9D_A_121
431	3S9D_A_LA30V	LA30V	LA23V	3S9D	3S9D_A	P01563	-2.641	-2.641,-2.641	3e-09,3e-09	2.59e-07,1.3e-07	COR	SP,SPR	2		3S9D_A_B,3SE3_B_C,3SE4_B_C	0	3S9D_A_30
432	3S9D_A_IA24A	IA24A	IA17A	3S9D	3S9D_A	P01563	0.132	0.132,0.132	3e-09,3e-09	2.4e-09,2.61e-09	SUR	SP,SPR	2		3S9D_A_B,3SE3_B_C,3SE4_B_C	0	3S9D_A_24
433	3S9D_A_RA23A	RA23A	RA16A	3S9D	3S9D_A	P01563	-0.359	-0.359,-0.359	3e-09,3e-09	5.5e-09,3.53e-09	SUR	SP,SPR	2		3S9D_A_B,3SE3_B_C,3SE4_B_C	0	3S9D_A_23
434	3S9D_A_RA22A	RA22A	RA15A	3S9D	3S9D_A	P01563	-0.17	-0.17,-0.17	3e-09,3e-09	4e-09,4.35e-09	RIM	SP,SPR	2		3S9D_A_B,3SE3_B_C,3SE4_B_C	0	3S9D_A_22
435	3S9D_A_NA156A	NA156A	NA127A	3S9D	3S9D_A	P01563	0.085	0.085,0.085	3e-09,3e-09	2.6e-09,3e-09	RIM	SP,SPR	2		3S9D_A_B,3SE3_B_C,3SE4_B_C	0	3S9D_A_156
436	3S9D_A_AA145M	AA145M	AA116M	3S9D	3S9D_A	P01563	-1.058	-1.058,-1.058	3e-09,3e-09	1.79e-08,1.88e-08	COR	SP,SPR	2		3S9D_A_B,3SE3_B_C,3SE4_B_C	0	3S9D_A_145
437	3S9D_A_RA33K	RA33K	RA26K	3S9D	3S9D_A	P01563	-4.674	-4.674,-4.674	3e-09,3e-09	8e-06,6e-06	COR	SP,SPR	2		3S9D_A_B,3SE3_B_C,3SE4_B_C	0	3S9D_A_33
438	3S9D_A_SA28A	SA28A	SA21A	3S9D	3S9D_A	P01563	0.0	0.0	1e-08	1e-08	SUR	SP	2		3S9D_A_B,3SE3_B_C,3SE4_B_C	0	3S9D_A_28
439	3S9D_A_RA33Q	RA33Q	RA26Q	3S9D	3S9D_A	P01563	-6.082	-6.082	3e-09	8.62e-05	COR	SP	2		3S9D_A_B,3SE3_B_C,3SE4_B_C	0	3S9D_A_33
440	3S9D_A_LA128A	LA128A	LA99A	3S9D	3S9D_A	P01563	0.062	0.062	1e-08	9e-09	SUR	SP	2		3S9D_A_B,3SE3_B_C,3SE4_B_C	0	3S9D_A_128
441	3S9D_A_EA41A	EA41A	EA34A	3S9D	3S9D_A	P01563	0.0	0.0	1e-08	1e-08	SUR	SP	2		3S9D_A_B,3SE3_B_C,3SE4_B_C	0	3S9D_A_41
442	3S9D_A_NA65A	NA65A	NA51A	3S9D	3S9D_A	P01563	0.0	0.0	3e-09	3e-09	SUR	SP	2		3S9D_A_B,3SE3_B_C,3SE4_B_C	0	3S9D_A_65
443	3S9D_A_FA64A	FA64A	FA50A	3S9D	3S9D_A	P01563	-0.17	-0.17	3e-09	4e-09	SUR	SP	2		3S9D_A_B,3SE3_B_C,3SE4_B_C	0	3S9D_A_64
444	3S9D_A_QA62A	QA62A	QA48A	3S9D	3S9D_A	P01563	0.0	0.0	3e-09	3e-09	INT	SP	2		3S9D_A_B,3SE3_B_C,3SE4_B_C	0	3S9D_A_62
445	3S9D_A_QA40A	QA40A	QA33A	3S9D	3S9D_A	P01563	-0.019	-0.019	3e-09	3.1e-09	SUR	SP	2		3S9D_A_B,3SE3_B_C,3SE4_B_C	0	3S9D_A_40
446	3S9D_A_RA120K	RA120K	RA91K	3S9D	3S9D_A	P01563	-0.031	-0.031	3e-09	3.16e-09	SUR	SPR	2		3S9D_A_B,3SE3_B_C,3SE4_B_C	0	3S9D_A_120
447	3S9D_A_AA19W	AA19W	AA12W	3S9D	3S9D_A	P01563	0.181	0.181	3e-09	2.21e-09	RIM	SPR	2		3S9D_A_B,3SE3_B_C,3SE4_B_C	0	3S9D_A_19
448	3S9D_A_RA12A	RA12A	RA5A	3S9D	3S9D_A	P01563	-0.622	-0.622	3e-09	8.57e-09	COR	SPR	2		3S9D_A_B,3SE3_B_C,3SE4_B_C	0	3S9D_A_12
449	3S9D_A_EA96A	EA96A	EA82A	3S9D	3S9D_A	P01563	-0.17	-0.17	3e-09	4e-09	SUR	SP	2		3S9D_A_B,3SE3_B_C,3SE4_B_C	0	3S9D_A_96
450	3S9D_A_NA93A	NA93A	NA79A	3S9D	3S9D_A	P01563	-0.17	-0.17	3e-09	4e-09	SUR	SP	2		3S9D_A_B,3SE3_B_C,3SE4_B_C	0	3S9D_A_93
451	3S9D_A_QA90A	QA90A	QA76A	3S9D	3S9D_A	P01563	-0.17	-0.17	3e-09	4e-09	SUR	SP	2		3S9D_A_B,3SE3_B_C,3SE4_B_C	0	3S9D_A_90
452	3S9D_A_YA89A	YA89A	YA75A	3S9D	3S9D_A	P01563	-0.303	-0.303	3e-09	5e-09	SUR	SP	2		3S9D_A_B,3SE3_B_C,3SE4_B_C	0	3S9D_A_89
453	3S9D_A_TA86A	TA86A	TA72A	3S9D	3S9D_A	P01563	-0.17	-0.17	3e-09	4e-09	SUR	SP	2		3S9D_A_B,3SE3_B_C,3SE4_B_C	0	3S9D_A_86
454	3S9D_A_YA85A	YA85A	YA71A	3S9D	3S9D_A	P01563	-0.303	-0.303	3e-09	5e-09	INT	SP	2		3S9D_A_B,3SE3_B_C,3SE4_B_C	0	3S9D_A_85
455	3S9D_A_KA83A	KA83A	KA69A	3S9D	3S9D_A	P01563	0.0	0.0	3e-09	3e-09	SUR	SP	2		3S9D_A_B,3SE3_B_C,3SE4_B_C	0	3S9D_A_83
456	3S9D_A_LA80A	LA80A	LA66A	3S9D	3S9D_A	P01563	-0.303	-0.303	3e-09	5e-09	INT	SP	2		3S9D_A_B,3SE3_B_C,3SE4_B_C	0	3S9D_A_80
457	3S9D_A_TA79A	TA79A	TA65A	3S9D	3S9D_A	P01563	-0.17	-0.17	3e-09	4e-09	SUR	SP	2		3S9D_A_B,3SE3_B_C,3SE4_B_C	0	3S9D_A_79
458	3S9D_A_SA73A	SA73A	SA59A	3S9D	3S9D_A	P01563	-0.17	-0.17	3e-09	4e-09	SUR	SP	2		3S9D_A_B,3SE3_B_C,3SE4_B_C	0	3S9D_A_73
459	3S9D_A_KA70A	KA70A	KA56A	3S9D	3S9D_A	P01563	0.0	0.0	3e-09	3e-09	SUR	SP	2		3S9D_A_B,3SE3_B_C,3SE4_B_C	0	3S9D_A_70
460	3S9D_A_TA69A	TA69A	TA55A	3S9D	3S9D_A	P01563	0.0	0.0	3e-09	3e-09	SUR	SP	2		3S9D_A_B,3SE3_B_C,3SE4_B_C	0	3S9D_A_69
461	3S9D_A_SA68A	SA68A	SA54A	3S9D	3S9D_A	P01563	0.0	0.0	3e-09	3e-09	SUR	SP	2		3S9D_A_B,3SE3_B_C,3SE4_B_C	0	3S9D_A_68
462	1BD2_E_YE104A	YE104A	YE99A	1BD2	1BD2_E	A0A0K0K1A5,A0A5B9	-0.217	-0.217,-0.217,-0.217	1.74e-06,1.78e-06,1.35e-06	2.51e-06,2.65e-06,2.99e-06	COR	SPR	2	TCR/pMHC	TCR/pMHC,1JCK_A_B	0	1BD2_E_104
463	1BD2_E_EE30A	EE30A	EE28A	1BD2	1BD2_E	A0A0K0K1A5,A0A5B9	-2.835	-2.835	1.62e-06	0.000194	SUP	SPR	2	TCR/pMHC	TCR/pMHC,1JCK_A_B	0	1BD2_E_30
464	2BDN_H_DH31E	DH31E	DH31E	2BDN	2BDN_H	Not Mapped	-1.086	-1.086	8e-10	5e-09	RIM	SPR	2	AB/AG	AB/AG	0	2BDN_H_31
465	2BDN_H_NH28Q	NH28Q	NH28Q	2BDN	2BDN_H	Not Mapped	-1.4	-1.4	8e-10	8.5e-09	RIM	SPR	2	AB/AG	AB/AG	0	2BDN_H_28
466	2BDN_H_NH28D	NH28D	NH28D	2BDN	2BDN_H	Not Mapped	-0.132	-0.132	8e-10	1e-09	RIM	SPR	2	AB/AG	AB/AG	0	2BDN_H_28
467	2BDN_H_LH27K	LH27K	LH27K	2BDN	2BDN_H	Not Mapped	-0.874	-0.874	8e-10	3.5e-09	INT	SPR	2	AB/AG	AB/AG	0	2BDN_H_27
468	2BDN_H_LH27R	LH27R	LH27R	2BDN	2BDN_H	Not Mapped	-0.651	-0.651	8e-10	2.4e-09	INT	SPR	2	AB/AG	AB/AG	0	2BDN_H_27
469	1LP9_A_KA66A	KA66A	KA66A	1LP9	1LP9_A	P04439	-0.728	-0.728,-0.728	9.3e-06,1e-06	3.18e-05,7e-06	SUP	ITC,SPR	2	TCR/pMHC	TCR/pMHC,1JCK_A_B	0	1LP9_A_66
470	1LP9_A_WA167A	WA167A	WA167A	1LP9	1LP9_A	P04439	-0.299	-0.299	9.3e-06	1.54e-05	COR	SPR	2	TCR/pMHC	TCR/pMHC,1JCK_A_B	0	1LP9_A_167
471	1LP9_A_TA163A	TA163A	TA163A	1LP9	1LP9_A	P04439	0.404	0.404	9.3e-06	4.7e-06	COR	SPR	2	TCR/pMHC	TCR/pMHC,1JCK_A_B	0	1LP9_A_163
472	3D3V_C_YC8A	YC8A	YC8A	3D3V	3D3V_C	Not Mapped	-3.414	-3.414,-3.414	8.65e-07,8.65e-07	0.000275,0.000275	COR	SPR	2	TCR/pMHC	TCR/pMHC,1JCK_A_B	0	3D3V_C_8
473	3D3V_C_YC8F	YC8F	YC8F	3D3V	3D3V_C	Not Mapped	-0.927	-0.927	2e-06	9.57e-06	COR	SPR	2	TCR/pMHC	TCR/pMHC,1JCK_A_B	0	3D3V_C_8
474	3N06_A_AA27H	AA27H	AA14H	3N06	3N06_A	P01236	-0.091	-0.091,-0.091,-0.091,-0.091,-0.091,-0.091,-0.091,-0.091,-0.091,-0.091	7.2e-06,1.66e-06,6.8e-07,1.43e-07,5.8e-08,2.9e-08,2.6e-08,1.6e-08,1.8e-08,1.9e-08	8.4e-06,2.13e-06,1.28e-06,2e-07,7.7e-08,3.3e-08,2.1e-08,1.3e-08,1.1e-08,1.1e-08	SUP	SPR	2		3MZG_A_B,3N06_A_B,3N0P_A_B,3NCB_A_B,3NCC_A_B,1BP3_A_B	0	3N06_A_27
475	2P5E_D_YD31D	YD31D	YD32D	2P5E	2P5E_D	P01848	-7.608	-7.608	4.77e-11	1.8e-05	COR	SPR	2	TCR/pMHC	TCR/pMHC,1JCK_A_B,4N8V_G_ABC	0	2P5E_D_31
476	2VLR_E_AE99S	AE99S	AE95S	2VLR	2VLR_E	P01850	-0.035	-0.035,-0.035	4.9e-06,5.24e-06	5.2e-06,5.24e-06	SUP	ITC,SPR	1	TCR/pMHC	TCR/pMHC,1JCK_A_B	0	2VLR_E_99
477	4L3E_A_QA155A	QA155A	QA155A	4L3E	4L3E_A	P04439	-1.259	-1.259	1.23e-05	0.000103	COR	SPR	2	TCR/pMHC	TCR/pMHC,1JCK_A_B	0	4L3E_A_155
478	4L3E_A_RA65A	RA65A	RA65A	4L3E	4L3E_A	P04439	-1.302	-1.302	1e-07	9e-07	COR	SPR	2	TCR/pMHC	TCR/pMHC,1JCK_A_B	0	4L3E_A_65
479	4L3E_A_EA166A	EA166A	EA166A	4L3E	4L3E_A	P04439	-1.218	-1.218	4.15e-06	3.24e-05	RIM	SPR	2	TCR/pMHC	TCR/pMHC,1JCK_A_B	0	4L3E_A_166
480	1MLC_A_NA92A	NA92A	NA92A	1MLC	1MLC_A	P01837	1.254	1.254	4.4e-09	5.3e-10	COR	FL	2	AB/AG	AB/AG	0	1MLC_A_92
481	1MLC_A_NA32G	NA32G	NA32G	1MLC	1MLC_A	P01837	0.878	0.878	4.4e-09	1e-09	SUP	FL	2	AB/AG	AB/AG	0	1MLC_A_32
482	1MLC_A_NA32Y	NA32Y	NA32Y	1MLC	1MLC_A	P01837	0.0	0.0	4.4e-09	4.4e-09	SUP	FL	2	AB/AG	AB/AG	0	1MLC_A_32
483	3QIB_B_EB59A	EB59A	EB57A	3QIB	3QIB_B	P04230	0.0	0.0	5.5e-06	5.5e-06	SUR	SPR	2	TCR/pMHC	TCR/pMHC,1JCK_A_B	0	3QIB_B_59
484	3QIB_B_DB76A	DB76A	DB74A	3QIB	3QIB_B	P04230	-0.863	-0.863	5.5e-06	2.36e-05	COR	SPR	2	TCR/pMHC	TCR/pMHC,1JCK_A_B	0	3QIB_B_76
485	3QIB_B_AB73G	AB73G	AB71G	3QIB	3QIB_B	P04230	-2.204	-2.204	5.5e-06	0.000227	COR	SPR	2	TCR/pMHC	TCR/pMHC,1JCK_A_B	0	3QIB_B_73
486	3QIB_B_HB81A	HB81A	HB79A	3QIB	3QIB_B	P04230	-0.052	-0.052	5.5e-06	6e-06	COR	SPR	2	TCR/pMHC	TCR/pMHC,1JCK_A_B	0	3QIB_B_81
487	3QIB_B_TB77A	TB77A	TB75A	3QIB	3QIB_B	P04230	-0.75	-0.75	5.5e-06	1.95e-05	COR	SPR	2	TCR/pMHC	TCR/pMHC,1JCK_A_B	0	3QIB_B_77
488	3QIB_B_EB69A	EB69A	EB67A	3QIB	3QIB_B	P04230	-1.821	-1.821	5.5e-06	0.000119	COR	SPR	2	TCR/pMHC	TCR/pMHC,1JCK_A_B	0	3QIB_B_69
489	3QIB_B_EB66A	EB66A	EB64A	3QIB	3QIB_B	P04230	-1.213	-1.213	5.5e-06	4.26e-05	RIM	SPR	2	TCR/pMHC	TCR/pMHC,1JCK_A_B	0	3QIB_B_66
490	3QIB_B_QB64A	QB64A	QB62A	3QIB	3QIB_B	P04230	-1.764	-1.764	5.5e-06	0.000108	COR	SPR	2	TCR/pMHC	TCR/pMHC,1JCK_A_B	0	3QIB_B_64
491	3QIB_B_SB63A	SB63A	SB61A	3QIB	3QIB_B	P04230	-0.026	-0.026	5.5e-06	5.75e-06	SUR	SPR	2	TCR/pMHC	TCR/pMHC,1JCK_A_B	0	3QIB_B_63
492	1XGR_B_IB33A	IB33A	IB33A	1XGR	1XGR_B	Not Mapped	-2.261	-2.261	1.1e-07	5e-06	SUP	ITC	2	AB/AG	AB/AG	0	1XGR_B_33
493	1XGR_B_IB33V	IB33V	IB33V	1XGR	1XGR_B	Not Mapped	-1.108	-1.108	1.1e-07	7.14e-07	SUP	ITC	2	AB/AG	AB/AG	0	1XGR_B_33
494	1XGR_B_IB33L	IB33L	IB33L	1XGR	1XGR_B	Not Mapped	-0.061	-0.061	1.1e-07	1.22e-07	SUP	ITC	2	AB/AG	AB/AG	0	1XGR_B_33
495	1XGR_B_IB33F	IB33F	IB33F	1XGR	1XGR_B	Not Mapped	1.801	1.801	1.1e-07	5.26e-09	SUP	ITC	2	AB/AG	AB/AG	0	1XGR_B_33
496	4P5T_D_QD64A	QD64A	QD72A	4P5T	4P5T_D	P14483	0.0	0.0	6e-06	6e-06	SUR	SPR	2	TCR/pMHC	TCR/pMHC,1JCK_A_B	0	4P5T_D_64
497	4P5T_D_SD63A	SD63A	SD71A	4P5T	4P5T_D	P14483	0.0	0.0	6e-06	6e-06	SUR	SPR	2	TCR/pMHC	TCR/pMHC,1JCK_A_B	0	4P5T_D_63
498	4P5T_D_YD60A	YD60A	YD68A	4P5T	4P5T_D	P14483	-0.17	-0.17	6e-06	8e-06	SUR	SPR	2	TCR/pMHC	TCR/pMHC,1JCK_A_B	0	4P5T_D_60
499	4P5T_D_ED59A	ED59A	ED67A	4P5T	4P5T_D	P14483	-0.24	-0.24	6e-06	9e-06	SUR	SPR	2	TCR/pMHC	TCR/pMHC,1JCK_A_B	0	4P5T_D_59
500	4P5T_D_ED84A	ED84A	ED92A	4P5T	4P5T_D	P14483	0.0	0.0	6e-06	6e-06	SUR	SPR	2	TCR/pMHC	TCR/pMHC,1JCK_A_B	0	4P5T_D_84
501	4P5T_D_HD81A	HD81A	HD89A	4P5T	4P5T_D	P14483	-0.796	-0.796	6e-06	2.3e-05	COR	SPR	2	TCR/pMHC	TCR/pMHC,1JCK_A_B	0	4P5T_D_81
502	4P5T_D_RD80A	RD80A	RD88A	4P5T	4P5T_D	P14483	0.0	0.0	6e-06	6e-06	SUR	SPR	2	TCR/pMHC	TCR/pMHC,1JCK_A_B	0	4P5T_D_80
503	4P5T_D_TD77A	TD77A	TD85A	4P5T	4P5T_D	P14483	-0.821	-0.821	6e-06	2.4e-05	COR	SPR	2	TCR/pMHC	TCR/pMHC,1JCK_A_B	0	4P5T_D_77
504	4P5T_D_DD76A	DD76A	DD84A	4P5T	4P5T_D	P14483	0.0	0.0	6e-06	6e-06	RIM	SPR	2	TCR/pMHC	TCR/pMHC,1JCK_A_B	0	4P5T_D_76
505	4P5T_D_RD72A	RD72A	RD80A	4P5T	4P5T_D	P14483	0.0	0.0	6e-06	6e-06	SUR	SPR	2	TCR/pMHC	TCR/pMHC,1JCK_A_B	0	4P5T_D_72
506	4P5T_D_RD70A	RD70A	RD78A	4P5T	4P5T_D	P14483	-2.075	-2.075	6e-06	0.000199	COR	SPR	2	TCR/pMHC	TCR/pMHC,1JCK_A_B	0	4P5T_D_70
507	4P5T_D_ED69A	ED69A	ED77A	4P5T	4P5T_D	P14483	-1.01	-1.01	6e-06	3.3e-05	RIM	SPR	2	TCR/pMHC	TCR/pMHC,1JCK_A_B	0	4P5T_D_69
508	4P5T_D_ID67A	ID67A	ID75A	4P5T	4P5T_D	P14483	-0.091	-0.091	6e-06	7e-06	INT	SPR	2	TCR/pMHC	TCR/pMHC,1JCK_A_B	0	4P5T_D_67
509	4P5T_D_ED66A	ED66A	ED74A	4P5T	4P5T_D	P14483	-0.617	-0.617	6e-06	1.7e-05	RIM	SPR	2	TCR/pMHC	TCR/pMHC,1JCK_A_B	0	4P5T_D_66
510	4P5T_D_PD65A	PD65A	PD73A	4P5T	4P5T_D	P14483	0.0	0.0	6e-06	6e-06	SUR	SPR	2	TCR/pMHC	TCR/pMHC,1JCK_A_B	0	4P5T_D_65
511	4L3E_D_ND52A	ND52A	ND52A	4L3E	4L3E_D	Not Mapped	0.46	0.46	4.15e-06	1.91e-06	SUR	SPR	2	TCR/pMHC	TCR/pMHC,1JCK_A_B	0	4L3E_D_52
512	4L3E_D_YD50A	YD50A	YD50A	4L3E	4L3E_D	Not Mapped	-0.468	-0.468	1.23e-05	2.71e-05	COR	SPR	2	TCR/pMHC	TCR/pMHC,1JCK_A_B	0	4L3E_D_50
513	4L3E_D_YD26A	YD26A	YD26A	4L3E	4L3E_D	Not Mapped	-2.785	-2.785	1e-07	1.1e-05	COR	SPR	2	TCR/pMHC	TCR/pMHC,1JCK_A_B	0	4L3E_D_26
514	4RS1_B_KB195A	KB195A	KB174A	4RS1	4RS1_B	P15509	-0.871	-0.871	2.39e-08	1.04e-07	RIM	RA	2		4RS1_A_B,4NKQ_C_AB	0	4RS1_B_195
515	4RS1_B_TB193A	TB193A	TB172A	4RS1	4RS1_B	P15509	-0.481	-0.481	2.39e-08	5.38e-08	INT	RA	2		4RS1_A_B,4NKQ_C_AB	0	4RS1_B_193
516	4RS1_B_YB172F	YB172F	YB151F	4RS1	4RS1_B	P15509	0.449	0.449	2.39e-08	1.12e-08	INT	RA	2		4RS1_A_B,4NKQ_C_AB	0	4RS1_B_172
517	4RS1_B_YB172A	YB172A	YB151A	4RS1	4RS1_B	P15509	0.656	0.656	2.39e-08	7.9e-09	INT	RA	2		4RS1_A_B,4NKQ_C_AB	0	4RS1_B_172
518	4RS1_B_NB171A	NB171A	NB150A	4RS1	4RS1_B	P15509	0.046	0.046	2.39e-08	2.21e-08	INT	RA	2		4RS1_A_B,4NKQ_C_AB	0	4RS1_B_171
519	4RS1_B_SB228A	SB228A	SB205A	4RS1	4RS1_B	P15509	-0.616	-0.616	2.39e-08	6.76e-08	COR	RA	2		4RS1_A_B,4NKQ_C_AB	0	4RS1_B_228
520	4RS1_B_LB227A	LB227A	LB204A	4RS1	4RS1_B	P15509	-0.072	-0.072	2.39e-08	2.7e-08	SUP	RA	2		4RS1_A_B,4NKQ_C_AB	0	4RS1_B_227
521	4RS1_B_KB226A	KB226A	KB203A	4RS1	4RS1_B	P15509	-0.276	-0.276	2.39e-08	3.81e-08	RIM	RA	2		4RS1_A_B,4NKQ_C_AB	0	4RS1_B_226
522	4RS1_B_QB225A	QB225A	QB202A	4RS1	4RS1_B	P15509	-1.354	-1.354	2.39e-08	2.35e-07	INT	RA	2		4RS1_A_B,4NKQ_C_AB	0	4RS1_B_225
523	4RS1_B_EB197A	EB197A	EB176A	4RS1	4RS1_B	P15509	0.695	0.695	2.39e-08	7.4e-09	INT	RA	2		4RS1_A_B,4NKQ_C_AB	0	4RS1_B_197
524	4RS1_B_IB196A	IB196A	IB175A	4RS1	4RS1_B	P15509	0.276	0.276	2.39e-08	1.5e-08	INT	RA	2		4RS1_A_B,4NKQ_C_AB	0	4RS1_B_196
525	1NCA_H_NH98Q	NH98Q	NH102Q	1NCA	1NCA_H	P01865	-0.543	-0.543	5e-08	1.25e-07	COR	FL	1	AB/AG	AB/AG	0	1NCA_H_98
526	1NCA_H_DH97K	DH97K	DH101K	1NCA	1NCA_H	P01865	-0.714	-0.714	5e-08	1.67e-07	COR	FL	1	AB/AG	AB/AG	0	1NCA_H_97
527	1NCA_H_EH96D	EH96D	EH100D	1NCA	1NCA_H	P01865	-0.411	-0.411	5e-08	1e-07	COR	FL	1	AB/AG	AB/AG	0	1NCA_H_96
528	1NCA_H_NH31Q	NH31Q	NH31Q	1NCA	1NCA_H	P01865	0.0	0.0	5e-08	5e-08	COR	FL	1	AB/AG	AB/AG	0	1NCA_H_31
529	1XGT_B_LB33I	LB33I	LB33I	1XGT	1XGT_B	Not Mapped	0.061	0.061	1.22e-07	1.1e-07	SUP	ITC	2	AB/AG	AB/AG	0	1XGT_B_33
530	1XGT_B_LB33F	LB33F	LB33F	1XGT	1XGT_B	Not Mapped	1.863	1.863	1.22e-07	5.26e-09	SUP	ITC	2	AB/AG	AB/AG	0	1XGT_B_33
531	1XGT_B_LB33A	LB33A	LB33A	1XGT	1XGT_B	Not Mapped	-2.2	-2.2	1.22e-07	5e-06	SUP	ITC	2	AB/AG	AB/AG	0	1XGT_B_33
532	1XGT_B_LB33V	LB33V	LB33V	1XGT	1XGT_B	Not Mapped	-1.047	-1.047	1.22e-07	7.14e-07	SUP	ITC	2	AB/AG	AB/AG	0	1XGT_B_33
533	1AO7_C_YC5A	YC5A	YC5A	1AO7	1AO7_C	P14079	-1.533	-1.533,-1.533,-1.533,-1.533,-1.533,-1.533,-1.533,-1.533,-1.533,-1.533,-1.533	2.49e-06,2.88e-06,2.81e-06,1.95e-06,2.89e-06,1.69e-06,2.86e-06,3.07e-06,1.96e-06,2.86e-06,2.23e-06	3.31e-05,5.62e-05,4.43e-05,3.08e-05,2.27e-05,2.36e-05,5.45e-05,3.17e-05,3.08e-05,5.44e-05,3.3e-05	COR	SPR	2	TCR/pMHC	TCR/pMHC,1JCK_A_B	0	1AO7_C_5
534	1AO7_C_YC5F	YC5F	YC5F	1AO7	1AO7_C	P14079	0.125	0.125,0.125,0.125,0.125	2.57e-06,1.69e-06,9e-07,2.23e-06	2.08e-06,2.25e-06,1.2e-06,2.79e-06	COR	ITC,SPR	2	TCR/pMHC	TCR/pMHC,1JCK_A_B	0	1AO7_C_5
535	1AO7_C_LC1A	LC1A	LC1A	1AO7	1AO7_C	P14079	-0.701	-0.701,-0.701,-0.701	2.68e-06,2.27e-06,2.65e-06	8.75e-06,2.48e-05,8.63e-06	SUP	SPR	2	TCR/pMHC	TCR/pMHC,1JCK_A_B	0	1AO7_C_1
536	1AO7_C_YC8A	YC8A	YC8A	1AO7	1AO7_C	P14079	-3.168	-3.168,-3.168	3.04e-06,9.1e-07	0.000638,nan	COR	SPR	2	TCR/pMHC	TCR/pMHC,1JCK_A_B	0	1AO7_C_8
537	1AO7_C_VC7R	VC7R	VC7R	1AO7	1AO7_C	P14079	-1.225	-1.225	9.1e-07	7.2e-06	COR	SPR	2	TCR/pMHC	TCR/pMHC,1JCK_A_B	0	1AO7_C_7
538	1AO7_C_YC5W	YC5W	YC5W	1AO7	1AO7_C	P14079	-0.889	-0.889	2.23e-06	1e-05	COR	SPR	2	TCR/pMHC	TCR/pMHC,1JCK_A_B	0	1AO7_C_5
539	1QSE_C_RC7V	RC7V	RC7V	1QSE	1QSE_C	Not Mapped	1.225	1.225	7.2e-06	9.1e-07	COR	SPR	2	TCR/pMHC	TCR/pMHC,1JCK_A_B	0	1QSE_C_7
540	1H9D_B_NB104A	NB104A	NB94A	1H9D	1H9D_B	Q13951	-2.304	-2.304	4.5e-08	2.2e-06	COR	EMSA	1		1H9D_A_B,1E50_A_B	0	1H9D_B_104
541	1H9D_B_LB103A	LB103A	LB93A	1H9D	1H9D_B	Q13951	-0.94	-0.94	4.5e-08	2.2e-07	SUP	EMSA	1		1H9D_A_B,1E50_A_B	0	1H9D_B_103
542	1H9D_B_QB67A	QB67A	QB66A	1H9D	1H9D_B	Q13951	-1.364	-1.364	4.5e-08	4.5e-07	COR	EMSA	1		1H9D_A_B,1E50_A_B	0	1H9D_B_67
543	1H9D_B_GB61A	GB61A	GB60A	1H9D	1H9D_B	Q13951	-2.077	-2.077	4.5e-08	1.5e-06	COR	EMSA	1		1H9D_A_B,1E50_A_B	0	1H9D_B_61
544	1H9D_B_VB4A	VB4A	VB3A	1H9D	1H9D_B	Q13951	-1.402	-1.402	4.5e-08	4.8e-07	SUP	EMSA	1		1H9D_A_B,1E50_A_B	0	1H9D_B_4
545	1H9D_B_RB3A	RB3A	RB2A	1H9D	1H9D_B	Q13951	-1.162	-1.162	4.5e-08	3.2e-07	RIM	EMSA	1		1H9D_A_B,1E50_A_B	0	1H9D_B_3
546	5C6T_A_IA299A	IA299A	IA201A	5C6T	5C6T_A	P13201	-0.886	-0.886	1.3e-10	5.8e-10	SUP	SPR	2	AB/AG	AB/AG	0	5C6T_A_299
547	5C6T_A_FA298A	FA298A	FA200A	5C6T	5C6T_A	P13201	-0.411	-0.411	1.3e-10	2.6e-10	COR	SPR	2	AB/AG	AB/AG	0	5C6T_A_298
548	5C6T_A_FA297A	FA297A	FA199A	5C6T	5C6T_A	P13201	-2.759	-2.759	1.3e-10	1.37e-08	SUP	SPR	2	AB/AG	AB/AG	0	5C6T_A_297
549	5C6T_A_EA292A	EA292A	EA194A	5C6T	5C6T_A	P13201	-1.091	-1.091	1.3e-10	8.2e-10	COR	SPR	2	AB/AG	AB/AG	0	5C6T_A_292
550	5C6T_A_FA290A	FA290A	FA192A	5C6T	5C6T_A	P13201	-1.998	-1.998	1.3e-10	3.79e-09	SUP	SPR	2	AB/AG	AB/AG	0	5C6T_A_290
551	5C6T_A_NA286A	NA286A	NA188A	5C6T	5C6T_A	P13201	0.367	0.367	1.3e-10	7e-11	RIM	SPR	2	AB/AG	AB/AG	0	5C6T_A_286
552	5C6T_A_NA284A	NA284A	NA186A	5C6T	5C6T_A	P13201	-0.363	-0.363	1.3e-10	2.4e-10	INT	SPR	2	AB/AG	AB/AG	0	5C6T_A_284
553	5C6T_A_TA283A	TA283A	TA185A	5C6T	5C6T_A	P13201	-0.338	-0.338	1.3e-10	2.3e-10	COR	SPR	2	AB/AG	AB/AG	0	5C6T_A_283
554	5C6T_A_NA281A	NA281A	NA183A	5C6T	5C6T_A	P13201	-0.284	-0.284	1.3e-10	2.1e-10	RIM	SPR	2	AB/AG	AB/AG	0	5C6T_A_281
555	5C6T_A_YA280A	YA280A	YA182A	5C6T	5C6T_A	P13201	-3.21	-3.21	1.3e-10	2.93e-08	SUP	SPR	2	AB/AG	AB/AG	0	5C6T_A_280
556	2NYY_A_SA902A	SA902A	SA874A	2NYY	2NYY_A	P0DPI1	0.232	0.232	1.25e-10	8.45e-11	RIM	KinExA	2	AB/AG	AB/AG	0	2NYY_A_902
557	2NYY_A_TA1063A	TA1063A	TA1035A	2NYY	2NYY_A	P0DPI1	-1.643	-1.643	1.25e-10	2e-09	COR	KinExA	2	AB/AG	AB/AG	0	2NYY_A_1063
558	2NYY_A_DA1062A	DA1062A	DA1034A	2NYY	2NYY_A	P0DPI1	-2.548	-2.548	1.25e-10	9.22e-09	SUP	KinExA	2	AB/AG	AB/AG	0	2NYY_A_1062
559	2NYY_A_RA1061A	RA1061A	RA1033A	2NYY	2NYY_A	P0DPI1	-0.826	-0.826	1.25e-10	5.04e-10	RIM	KinExA	2	AB/AG	AB/AG	0	2NYY_A_1061
560	2NYY_A_DA1058A	DA1058A	DA1030A	2NYY	2NYY_A	P0DPI1	-0.009	-0.009	1.25e-10	1.27e-10	RIM	KinExA	2	AB/AG	AB/AG	0	2NYY_A_1058
561	2NYY_A_KA1056A	KA1056A	KA1028A	2NYY	2NYY_A	P0DPI1	0.029	0.029	1.25e-10	1.19e-10	SUP	KinExA	2	AB/AG	AB/AG	0	2NYY_A_1056
562	2NYY_A_IA956A	IA956A	IA928A	2NYY	2NYY_A	P0DPI1	0.01	0.01	1.25e-10	1.23e-10	COR	KinExA	2	AB/AG	AB/AG	0	2NYY_A_956
563	2NYY_A_SA955A	SA955A	SA927A	2NYY	2NYY_A	P0DPI1	0.0	0.0	1.25e-10	1.25e-10	RIM	KinExA	2	AB/AG	AB/AG	0	2NYY_A_955
564	2NYY_A_NA954A	NA954A	NA926A	2NYY	2NYY_A	P0DPI1	-0.1	-0.1	1.25e-10	1.48e-10	COR	KinExA	2	AB/AG	AB/AG	0	2NYY_A_954
565	2NYY_A_FA953A	FA953A	FA925A	2NYY	2NYY_A	P0DPI1	-4.088	-4.088	1.25e-10	1.24e-07	COR	KinExA	2	AB/AG	AB/AG	0	2NYY_A_953
566	2NYY_A_KA923A	KA923A	KA895A	2NYY	2NYY_A	P0DPI1	0.141	0.141	1.25e-10	9.85e-11	SUR	KinExA	2	AB/AG	AB/AG	0	2NYY_A_923
567	2NYY_A_EA920A	EA920A	EA892A	2NYY	2NYY_A	P0DPI1	-2.86	-2.86	1.25e-10	1.56e-08	COR	KinExA	2	AB/AG	AB/AG	0	2NYY_A_920
568	2NYY_A_LA919A	LA919A	LA891A	2NYY	2NYY_A	P0DPI1	-2.608	-2.608	1.25e-10	1.02e-08	COR	KinExA	2	AB/AG	AB/AG	0	2NYY_A_919
569	2NYY_A_NA918A	NA918A	NA890A	2NYY	2NYY_A	P0DPI1	-0.897	-0.897	1.25e-10	5.68e-10	COR	KinExA	2	AB/AG	AB/AG	0	2NYY_A_918
570	2NYY_A_FA917A	FA917A	FA889A	2NYY	2NYY_A	P0DPI1	-0.422	-0.422	1.25e-10	2.55e-10	COR	KinExA	2	AB/AG	AB/AG	0	2NYY_A_917
571	2NYY_A_QA915A	QA915A	QA887A	2NYY	2NYY_A	P0DPI1	-0.525	-0.525	1.25e-10	3.03e-10	INT	KinExA	2	AB/AG	AB/AG	0	2NYY_A_915
572	2NYY_A_KA903A	KA903A	KA875A	2NYY	2NYY_A	P0DPI1	-0.293	-0.293	1.25e-10	2.05e-10	RIM	KinExA	2	AB/AG	AB/AG	0	2NYY_A_903
573	2NYY_A_RA1294A	RA1294A	RA1266A	2NYY	2NYY_A	P0DPI1	-0.302	-0.302	1.25e-10	2.08e-10	RIM	KinExA	2	AB/AG	AB/AG	0	2NYY_A_1294
574	2NYY_A_HA1064A	HA1064A	HA1036A	2NYY	2NYY_A	P0DPI1	-7.372	-7.372	1.25e-10	3.17e-05	COR	KinExA	2	AB/AG	AB/AG	0	2NYY_A_1064
575	1CZ8_L_LL4M	LL4M	LL4M	1CZ8	1CZ8_L	Not Mapped	-0.041	-0.041	1.4e-10	1.5e-10	INT	SPR	2	AB/AG	AB/AG	0	1CZ8_L_4
576	2AK4_E_EE101A	EE101A	EE97A	2AK4	2AK4_E	P01850	-0.049	-0.049	1.87e-05	2.03e-05	RIM	SPR	2	TCR/pMHC	TCR/pMHC,1JCK_A_B	0	2AK4_E_101
577	2AK4_E_LE98A	LE98A	LE94A	2AK4	2AK4_E	P01850	-0.838	-0.838	1.87e-05	7.7e-05	COR	SPR	2	TCR/pMHC	TCR/pMHC,1JCK_A_B	0	2AK4_E_98
578	2AK4_E_NE66A	NE66A	NE63A	2AK4	2AK4_E	P01850	0.043	0.043	1.87e-05	1.74e-05	SUR	SPR	2	TCR/pMHC	TCR/pMHC,1JCK_A_B	0	2AK4_E_66
579	2AK4_E_SE51A	SE51A	SE49A	2AK4	2AK4_E	P01850	0.314	0.314	1.87e-05	1.1e-05	COR	SPR	2	TCR/pMHC	TCR/pMHC,1JCK_A_B	0	2AK4_E_51
580	2AK4_E_SE31G	SE31G	SE29G	2AK4	2AK4_E	P01850	-1.404	-1.404	1.87e-05	0.0002	SUP	SPR	2	TCR/pMHC	TCR/pMHC,1JCK_A_B	0	2AK4_E_31
581	2AK4_E_NE30A	NE30A	NE28A	2AK4	2AK4_E	P01850	-0.823	-0.823	1.87e-05	7.5e-05	COR	SPR	2	TCR/pMHC	TCR/pMHC,1JCK_A_B	0	2AK4_E_30
582	2AK4_E_NE28A	NE28A	NE26A	2AK4	2AK4_E	P01850	-0.209	-0.209	1.87e-05	2.66e-05	RIM	SPR	2	TCR/pMHC	TCR/pMHC,1JCK_A_B	0	2AK4_E_28
583	3C60_D_ID93A	ID93A	ID77A	3C60	3C60_D	P14483	-0.047	-0.047	1.2e-05	1.3e-05	INT	SPR	2	TCR/pMHC	TCR/pMHC,1JCK_A_B	0	3C60_D_93
584	3C60_D_ED92A	ED92A	ED76A	3C60	3C60_D	P14483	0.0	0.0	1.2e-05	1.2e-05	RIM	SPR	2	TCR/pMHC	TCR/pMHC,1JCK_A_B	0	3C60_D_92
585	3C60_D_PD91A	PD91A	PD75A	3C60	3C60_D	P14483	0.0	0.0	1.2e-05	1.2e-05	SUR	SPR	2	TCR/pMHC	TCR/pMHC,1JCK_A_B	0	3C60_D_91
586	3C60_D_QD90A	QD90A	QD74A	3C60	3C60_D	P14483	0.0	0.0	1.2e-05	1.2e-05	SUR	SPR	2	TCR/pMHC	TCR/pMHC,1JCK_A_B	0	3C60_D_90
587	3C60_D_SD89A	SD89A	SD73A	3C60	3C60_D	P14483	0.0	0.0	1.2e-05	1.2e-05	SUR	SPR	2	TCR/pMHC	TCR/pMHC,1JCK_A_B	0	3C60_D_89
588	3C60_D_YD86A	YD86A	YD70A	3C60	3C60_D	P14483	0.0	0.0	1.2e-05	1.2e-05	SUR	SPR	2	TCR/pMHC	TCR/pMHC,1JCK_A_B	0	3C60_D_86
589	3C60_D_ED85A	ED85A	ED69A	3C60	3C60_D	P14483	-0.047	-0.047	1.2e-05	1.3e-05	SUR	SPR	2	TCR/pMHC	TCR/pMHC,1JCK_A_B	0	3C60_D_85
590	3C60_D_DD13A	DD13A	DD13A	3C60	3C60_D	P14483	-0.047	-0.047	1.2e-05	1.3e-05	SUR	SPR	2	TCR/pMHC	TCR/pMHC,1JCK_A_B	0	3C60_D_13
591	3C60_D_VD12A	VD12A	VD12A	3C60	3C60_D	P14483	0.0	0.0	1.2e-05	1.2e-05	INT	SPR	2	TCR/pMHC	TCR/pMHC,1JCK_A_B	0	3C60_D_12
592	3C60_D_KD10A	KD10A	KD10A	3C60	3C60_D	P14483	0.0	0.0	1.2e-05	1.2e-05	RIM	SPR	2	TCR/pMHC	TCR/pMHC,1JCK_A_B	0	3C60_D_10
593	3C60_D_ND9A	ND9A	ND9A	3C60	3C60_D	P14483	0.0	0.0	1.2e-05	1.2e-05	INT	SPR	2	TCR/pMHC	TCR/pMHC,1JCK_A_B	0	3C60_D_9
594	3C60_D_KD7A	KD7A	KD7A	3C60	3C60_D	P14483	-2.151	-2.151	1.2e-05	0.000453	COR	SPR	2	TCR/pMHC	TCR/pMHC,1JCK_A_B	0	3C60_D_7
595	3C60_D_KD5A	KD5A	KD5A	3C60	3C60_D	P14483	-1.153	-1.153	1.2e-05	8.4e-05	SUP	SPR	2	TCR/pMHC	TCR/pMHC,1JCK_A_B	0	3C60_D_5
596	3C60_D_QD4A	QD4A	QD4A	3C60	3C60_D	P14483	-1.167	-1.167	1.2e-05	8.6e-05	COR	SPR	2	TCR/pMHC	TCR/pMHC,1JCK_A_B	0	3C60_D_4
597	3C60_D_ED2A	ED2A	ED2A	3C60	3C60_D	P14483	-0.047	-0.047	1.2e-05	1.3e-05	RIM	SPR	2	TCR/pMHC	TCR/pMHC,1JCK_A_B	0	3C60_D_2
598	3C60_D_FD1A	FD1A	FD1A	3C60	3C60_D	P14483	0.0	0.0	1.2e-05	1.2e-05	SUR	SPR	2	TCR/pMHC	TCR/pMHC,1JCK_A_B	0	3C60_D_1
599	3C60_D_ED110A	ED110A	ED94A	3C60	3C60_D	P14483	0.0	0.0	1.2e-05	1.2e-05	SUR	SPR	2	TCR/pMHC	TCR/pMHC,1JCK_A_B	0	3C60_D_110
600	3C60_D_HD107A	HD107A	HD91A	3C60	3C60_D	P14483	-1.086	-1.086	1.2e-05	7.5e-05	COR	SPR	2	TCR/pMHC	TCR/pMHC,1JCK_A_B	0	3C60_D_107
601	3C60_D_RD106A	RD106A	RD90A	3C60	3C60_D	P14483	-0.047	-0.047	1.2e-05	1.3e-05	SUR	SPR	2	TCR/pMHC	TCR/pMHC,1JCK_A_B	0	3C60_D_106
602	3C60_D_TD103A	TD103A	TD87A	3C60	3C60_D	P14483	-1.167	-1.167	1.2e-05	8.6e-05	COR	SPR	2	TCR/pMHC	TCR/pMHC,1JCK_A_B	0	3C60_D_103
603	3C60_D_DD102A	DD102A	DD86A	3C60	3C60_D	P14483	-0.047	-0.047	1.2e-05	1.3e-05	RIM	SPR	2	TCR/pMHC	TCR/pMHC,1JCK_A_B	0	3C60_D_102
604	3C60_D_RD98A	RD98A	RD82A	3C60	3C60_D	P14483	0.0	0.0	1.2e-05	1.2e-05	SUR	SPR	2	TCR/pMHC	TCR/pMHC,1JCK_A_B	0	3C60_D_98
605	3C60_D_RD96A	RD96A	RD80A	3C60	3C60_D	P14483	-2.026	-2.026	1.2e-05	0.000367	RIM	SPR	2	TCR/pMHC	TCR/pMHC,1JCK_A_B	0	3C60_D_96
606	3C60_D_ED95A	ED95A	ED79A	3C60	3C60_D	P14483	-0.047	-0.047	1.2e-05	1.3e-05	RIM	SPR	2	TCR/pMHC	TCR/pMHC,1JCK_A_B	0	3C60_D_95
607	1F5R_A_KA156Q	KA156Q	KA129Q	1F5R	1F5R_A	P00763	1.171	1.171	6.5e-05	9e-06	INT	ITC	1	Pr/PI	Pr/PI	0	1F5R_A_156
608	1YY9_C_SC54P	SC54P	SC54P	1YY9	1YY9_C	Not Mapped	0.018	0.018	1.31e-09	1.27e-09	SUR	SPR	2	AB/AG	AB/AG	0	1YY9_C_54
609	1YY9_C_SC28P	SC28P	SC28P	1YY9	1YY9_C	Not Mapped	0.222	0.222	1.31e-09	9e-10	RIM	SPR	2	AB/AG	AB/AG	0	1YY9_C_28
610	1YY9_C_SC26P	SC26P	SC26P	1YY9	1YY9_C	Not Mapped	0.009	0.009	1.31e-09	1.29e-09	SUR	SPR	2	AB/AG	AB/AG	0	1YY9_C_26
611	1YY9_C_AC25P	AC25P	AC25P	1YY9	1YY9_C	Not Mapped	-0.072	-0.072	1.31e-09	1.48e-09	INT	SPR	2	AB/AG	AB/AG	0	1YY9_C_25
612	1YY9_C_TC96P	TC96P	TC96P	1YY9	1YY9_C	Not Mapped	-4.005	-4.005	1.31e-09	1.13e-06	SUP	SPR	2	AB/AG	AB/AG	0	1YY9_C_96
613	1YY9_C_NC93A	NC93A	NC93A	1YY9	1YY9_C	Not Mapped	0.742	0.742	4.9e-10	1.4e-10	SUP	FL	2	AB/AG	AB/AG	0	1YY9_C_93
614	1YY9_C_TC31E	TC31E	TC31E	1YY9	1YY9_C	Not Mapped	0.519	0.519	4.9e-10	2.04e-10	SUR	FL	2	AB/AG	AB/AG	0	1YY9_C_31
615	1YY9_C_SC26D	SC26D	SC26D	1YY9	1YY9_C	Not Mapped	0.199	0.199	4.9e-10	3.5e-10	SUR	FL	2	AB/AG	AB/AG	0	1YY9_C_26
616	3PWP_C_GC2L	GC2L	GC2L	3PWP	3PWP_C	Not Mapped	0.634	0.634	0.00014	4.8e-05	SUP	SPR	2	TCR/pMHC	TCR/pMHC,1JCK_A_B	0	3PWP_C_2
617	2AK4_D_ND97A	ND97A	ND98A	2AK4	2AK4_D	P01848	-1.404	-1.404	1.87e-05	0.0002	COR	SPR	2	TCR/pMHC	TCR/pMHC,1JCK_A_B	0	2AK4_D_97
618	2AK4_D_YD96A	YD96A	YD97A	2AK4	2AK4_D	P01848	-1.404	-1.404	1.87e-05	0.0002	COR	SPR	2	TCR/pMHC	TCR/pMHC,1JCK_A_B	0	2AK4_D_96
619	2AK4_D_SD93A	SD93A	SD94A	2AK4	2AK4_D	P01848	-1.404	-1.404	1.87e-05	0.0002	SUP	SPR	2	TCR/pMHC	TCR/pMHC,1JCK_A_B	0	2AK4_D_93
620	2AK4_D_ND50A	ND50A	ND51A	2AK4	2AK4_D	P01848	-1.404	-1.404	1.87e-05	0.0002	SUP	SPR	2	TCR/pMHC	TCR/pMHC,1JCK_A_B	0	2AK4_D_50
621	2AK4_D_YD31A	YD31A	YD32A	2AK4	2AK4_D	P01848	-0.099	-0.099	1.87e-05	2.21e-05	SUP	SPR	2	TCR/pMHC	TCR/pMHC,1JCK_A_B	0	2AK4_D_31
622	2AK4_D_TD29A	TD29A	TD30A	2AK4	2AK4_D	P01848	0.127	0.127	1.87e-05	1.51e-05	COR	SPR	2	TCR/pMHC	TCR/pMHC,1JCK_A_B	0	2AK4_D_29
623	1VFB_B_DB54A	DB54A	DB54A	1VFB	1VFB_B	P01820	-0.639	-0.639,-0.639	2e-08,1.25e-08	5.88e-08,6.67e-08	RIM	SPR	1	AB/AG	AB/AG	0	1VFB_B_54
624	1VFB_B_WB52A	WB52A	WB52A	1VFB	1VFB_B	P01820	-0.364	-0.364,-0.364	2e-08,1.25e-08	3.7e-08,5.88e-08	COR	SPR	1	AB/AG	AB/AG	0	1VFB_B_52
625	1VFB_B_YB32A	YB32A	YB32A	1VFB	1VFB_B	P01820	-0.46	-0.46,-0.46	2e-08,1.25e-08	4.35e-08,8.33e-08	COR	SPR	1	AB/AG	AB/AG	0	1VFB_B_32
626	1VFB_B_YB101F	YB101F	YB101F	1VFB	1VFB_B	P01820	-0.954	-0.954,-0.954	2e-08,1.25e-08	1e-07,1.82e-07	COR	SPR	1	AB/AG	AB/AG	0	1VFB_B_101
627	1VFB_B_DB100A	DB100A	DB100A	1VFB	1VFB_B	P01820	-3.072	-3.072,-3.072	2e-08,1.25e-08	3.57e-06,1.79e-06	COR	SPR	1	AB/AG	AB/AG	0	1VFB_B_100
628	1VFB_B_SB28D	SB28D	SB28D	1VFB	1VFB_B	P01820	0.0	0.0	1.49e-09	1.49e-09	SUR	FL	2	AB/AG	AB/AG	0	1VFB_B_28
629	1VFB_B_RB99W	RB99W	RB99W	1VFB	1VFB_B	P01820	-0.705	-0.705	1.49e-09	4.9e-09	RIM	FL	2	AB/AG	AB/AG	0	1VFB_B_99
630	1VFB_B_RB99Y	RB99Y	RB99Y	1VFB	1VFB_B	P01820	-1.236	-1.236	1.49e-09	1.2e-08	RIM	FL	2	AB/AG	AB/AG	0	1VFB_B_99
631	1VFB_B_DB58E	DB58E	DB58E	1VFB	1VFB_B	P01820	-0.078	-0.078	1.49e-09	1.7e-09	RIM	FL	2	AB/AG	AB/AG	0	1VFB_B_58
632	1VFB_B_DB58N	DB58N	DB58N	1VFB	1VFB_B	P01820	0.128	0.128	1.49e-09	1.2e-09	RIM	FL	2	AB/AG	AB/AG	0	1VFB_B_58
633	1VFB_B_YB32E	YB32E	YB32E	1VFB	1VFB_B	P01820	-1.903	-1.903	1.49e-09	3.7e-08	COR	FL	2	AB/AG	AB/AG	0	1VFB_B_32
634	1VFB_B_GB31W	GB31W	GB31W	1VFB	1VFB_B	P01820	-0.004	-0.004	1.49e-09	1.5e-09	COR	FL	2	AB/AG	AB/AG	0	1VFB_B_31
635	1VFB_B_GB31E	GB31E	GB31E	1VFB	1VFB_B	P01820	0.51	0.51	1.49e-09	6.3e-10	COR	FL	2	AB/AG	AB/AG	0	1VFB_B_31
636	1VFB_B_GB31A	GB31A	GB31A	1VFB	1VFB_B	P01820	-0.307	-0.307	1.49e-09	2.5e-09	COR	FL	2	AB/AG	AB/AG	0	1VFB_B_31
637	1VFB_B_SB28E	SB28E	SB28E	1VFB	1VFB_B	P01820	0.104	0.104	1.49e-09	1.25e-09	SUR	FL	2	AB/AG	AB/AG	0	1VFB_B_28
638	1VFB_B_SB28Q	SB28Q	SB28Q	1VFB	1VFB_B	P01820	-0.078	-0.078	1.49e-09	1.7e-09	SUR	FL	2	AB/AG	AB/AG	0	1VFB_B_28
639	1VFB_B_SB28N	SB28N	SB28N	1VFB	1VFB_B	P01820	-0.144	-0.144	1.49e-09	1.9e-09	SUR	FL	2	AB/AG	AB/AG	0	1VFB_B_28
640	1VFB_B_RB99A	RB99A	RB99A	1VFB	1VFB_B	P01820	0.1	0.1	2e-08	1.69e-08	RIM	SPR	1	AB/AG	AB/AG	0	1VFB_B_99
641	1VFB_B_EB98A	EB98A	EB98A	1VFB	1VFB_B	P01820	-1.157	-1.157	2e-08	1.41e-07	INT	SPR	1	AB/AG	AB/AG	0	1VFB_B_98
642	1VFB_B_DB58A	DB58A	DB58A	1VFB	1VFB_B	P01820	0.207	0.207	2e-08	1.41e-08	RIM	SPR	1	AB/AG	AB/AG	0	1VFB_B_58
643	1VFB_B_NB56A	NB56A	NB56A	1VFB	1VFB_B	P01820	-0.178	-0.178	2e-08	2.7e-08	SUR	SPR	1	AB/AG	AB/AG	0	1VFB_B_56
644	1VFB_B_TB30A	TB30A	TB30A	1VFB	1VFB_B	P01820	0.056	0.056	2e-08	1.82e-08	RIM	SPR	1	AB/AG	AB/AG	0	1VFB_B_30
645	3QIB_D_LD96P	LD96P	LD95P	3QIB	3QIB_D	Not Mapped	0.37	0.37	1.37e-05	7.34e-06	RIM	SPR	2	TCR/pMHC	TCR/pMHC,1JCK_A_B	0	3QIB_D_96
646	4HRN_D_FD55A	FD55A	FD47A	4HRN	4HRN_D	P04626	-2.461	-2.461	3.3e-09	2.1e-07	RIM	SPR	2		4HRN_A_D,3AAA_AB_C,2DVW_A_B	0	4HRN_D_55
647	4HRN_D_VD52A	VD52A	VD44A	4HRN	4HRN_D	P04626	-2.812	-2.812	3.3e-09	3.8e-07	COR	SPR	2		4HRN_A_D,3AAA_AB_C,2DVW_A_B	0	4HRN_D_52
648	4HRN_D_SD51A	SD51A	SD43A	4HRN	4HRN_D	P04626	-0.803	-0.803	3.3e-09	1.28e-08	COR	SPR	2		4HRN_A_D,3AAA_AB_C,2DVW_A_B	0	4HRN_D_51
649	4HRN_D_LD25A	LD25A	LD17A	4HRN	4HRN_D	P04626	-2.598	-2.598	3.3e-09	2.65e-07	COR	SPR	2		4HRN_A_D,3AAA_AB_C,2DVW_A_B	0	4HRN_D_25
650	2NYY_D_ED6Q	ED6Q	ED5Q	2NYY	2NYY_D	Not Mapped	0.25	0.25	1.25e-10	8.2e-11	INT	KinExA	2	AB/AG	AB/AG	0	2NYY_D_6
651	2NYY_D_VD37I	VD37I	VD36I	2NYY	2NYY_D	Not Mapped	0.215	0.215	1.25e-10	8.7e-11	INT	KinExA	2	AB/AG	AB/AG	0	2NYY_D_37
652	2NYY_D_YD57Q	YD57Q	YD56Q	2NYY	2NYY_D	Not Mapped	-0.523	-0.523	1.55e-10	3.75e-10	COR	KinExA	2	AB/AG	AB/AG	0	2NYY_D_57
653	2NYY_D_YD31Q	YD31Q	YD30Q	2NYY	2NYY_D	Not Mapped	-0.13	-0.13	1.55e-10	1.93e-10	RIM	KinExA	2	AB/AG	AB/AG	0	2NYY_D_31
654	2NYY_D_YD31D	YD31D	YD30D	2NYY	2NYY_D	Not Mapped	-0.065	-0.065	1.55e-10	1.73e-10	RIM	KinExA	2	AB/AG	AB/AG	0	2NYY_D_31
655	2NYY_D_KD30R	KD30R	KD29R	2NYY	2NYY_D	Not Mapped	-0.072	-0.072	1.55e-10	1.75e-10	RIM	KinExA	2	AB/AG	AB/AG	0	2NYY_D_30
656	2NYY_D_MD34Q	MD34Q	MD33Q	2NYY	2NYY_D	Not Mapped	0.06	0.06	1.55e-10	1.4e-10	INT	KinExA	2	AB/AG	AB/AG	0	2NYY_D_34
657	1AHW_C_YC156A	YC156A	YC145A	1AHW	1AHW_C	P13726	-3.807	-3.807	3.4e-09	2.1e-06	COR	IASP	2	AB/AG	AB/AG	0	1AHW_C_156
658	1AHW_C_NC199A	NC199A	NC188A	1AHW	1AHW_C	P13726	-1.079	-1.079	3.4e-09	2.1e-08	RIM	IASP	1	AB/AG	AB/AG	0	1AHW_C_199
659	1AHW_C_VC198A	VC198A	VC187A	1AHW	1AHW_C	P13726	0.314	0.314	3.4e-09	2e-09	RIM	IASP	1	AB/AG	AB/AG	0	1AHW_C_198
660	1AHW_C_TC197A	TC197A	TC186A	1AHW	1AHW_C	P13726	-1.346	-1.346	3.4e-09	3.3e-08	RIM	IASP	1	AB/AG	AB/AG	0	1AHW_C_197
661	1AHW_C_DC178A	DC178A	DC167A	1AHW	1AHW_C	P13726	0.485	0.485	3.4e-09	1.5e-09	RIM	IASP	1	AB/AG	AB/AG	0	1AHW_C_178
662	1AHW_C_LC176A	LC176A	LC165A	1AHW	1AHW_C	P13726	-0.987	-0.987	3.4e-09	1.8e-08	RIM	IASP	1	AB/AG	AB/AG	0	1AHW_C_176
663	1AHW_C_TC170A	TC170A	TC159A	1AHW	1AHW_C	P13726	-1.106	-1.106	3.4e-09	2.2e-08	SUP	IASP	1	AB/AG	AB/AG	0	1AHW_C_170
664	1AHW_C_TC167A	TC167A	TC156A	1AHW	1AHW_C	P13726	0.074	0.074	3.4e-09	3e-09	COR	IASP	1	AB/AG	AB/AG	0	1AHW_C_167
665	1AHW_C_YC157A	YC157A	YC146A	1AHW	1AHW_C	P13726	1.89	1.89	3.4e-09	1.4e-10	SUP	IASP	1	AB/AG	AB/AG	0	1AHW_C_157
666	1YQV_Y_RY45K	RY45K	RY45K	1YQV	1YQV_Y	P00698	-2.001	-2.001,-2.001,-2.001	3.72e-12,2.32e-11,1.35e-10	1.09e-10,6.81e-10,2.13e-09	COR	ITC	2	AB/AG	AB/AG,1UUZ_A_D	0	1YQV_Y_45
667	3HFM_Y_RY21A	RY21A	RY21A	3HFM	3HFM_Y	P00698	-1.028	-1.028,-1.028,-1.028	3e-11,7.5e-11,7e-11	1.7e-10,3e-10,3e-10	COR	SP,IASP	1	AB/AG	AB/AG	0	3HFM_Y_21
668	3HFM_Y_DY101A	DY101A	DY101A	3HFM	3HFM_Y	P00698	-1.209	-1.209,-1.209,-1.209	1.3e-10,7.5e-11,7e-11	1e-09,1e-09,3.5e-10	COR	IASP	1	AB/AG	AB/AG	0	3HFM_Y_101
669	3HFM_Y_GY102V	GY102V	GY102V	3HFM	3HFM_Y	P00698	-0.24	-0.24,-0.24	1.3e-10,7.5e-11	1.95e-10,1.9e-10	RIM	IASP	1	AB/AG	AB/AG	0	3HFM_Y_102
670	3HFM_Y_RY21K	RY21K	RY21K	3HFM	3HFM_Y	P00698	-1.619	-1.619,-1.619	1.3e-10,7.5e-11	2e-09,1.9e-09	COR	IASP	1	AB/AG	AB/AG	0	3HFM_Y_21
671	3HFM_Y_RY21H	RY21H	RY21H	3HFM	3HFM_Y	P00698	-2.015	-2.015,-2.015	1.3e-10,7.5e-11	3.9e-09,3.8e-09	COR	IASP	1	AB/AG	AB/AG	0	3HFM_Y_21
672	3HFM_Y_RY21N	RY21N	RY21N	3HFM	3HFM_Y	P00698	-2.17	-2.17,-2.17	1.3e-10,7.5e-11	5.07e-09,5e-09	COR	IASP	1	AB/AG	AB/AG	0	3HFM_Y_21
673	3HFM_Y_RY21G	RY21G	RY21G	3HFM	3HFM_Y	P00698	-2.27	-2.27,-2.27	1.3e-10,7.5e-11	6e-09,5.8e-09	COR	IASP	1	AB/AG	AB/AG	0	3HFM_Y_21
674	3HFM_Y_RY21E	RY21E	RY21E	3HFM	3HFM_Y	P00698	-2.293	-2.293,-2.293	1.3e-10,7.5e-11	6.24e-09,6.2e-09	COR	IASP	1	AB/AG	AB/AG	0	3HFM_Y_21
675	3HFM_Y_RY21Q	RY21Q	RY21Q	3HFM	3HFM_Y	P00698	-2.242	-2.242,-2.242	1.3e-10,7.5e-11	5.72e-09,5.6e-09	COR	IASP	1	AB/AG	AB/AG	0	3HFM_Y_21
676	3HFM_Y_RY21W	RY21W	RY21W	3HFM	3HFM_Y	P00698	-1.974	-1.974,-1.974	1.3e-10,7.5e-11	3.64e-09,3.6e-09	COR	IASP	1	AB/AG	AB/AG	0	3HFM_Y_21
677	3HFM_Y_DY101K	DY101K	DY101K	3HFM	3HFM_Y	P00698	-1.974	-1.974,-1.974	1.3e-10,7.5e-11	3.64e-09,3.5e-09	COR	IASP	1	AB/AG	AB/AG	0	3HFM_Y_101
678	3HFM_Y_DY101F	DY101F	DY101F	3HFM	3HFM_Y	P00698	-2.17	-2.17,-2.17	1.3e-10,7.5e-11	5.07e-09,5e-09	COR	IASP	1	AB/AG	AB/AG	0	3HFM_Y_101
679	3HFM_Y_KY97M	KY97M	KY97M	3HFM	3HFM_Y	P00698	-1.094	-1.094,-1.094	3e-11,7.5e-11	1.9e-10,2.9e-10	COR	SP,IASP	1	AB/AG	AB/AG	0	3HFM_Y_97
680	3HFM_Y_KY97A	KY97A	KY97A	3HFM	3HFM_Y	P00698	-6.17	-6.17,-6.17	3e-11,7.5e-11	1e-06,8.9e-07	COR	SP,IASP	1	AB/AG	AB/AG	0	3HFM_Y_97
681	3HFM_Y_KY96A	KY96A	KY96A	3HFM	3HFM_Y	P00698	-6.991	-6.991,-6.991	3e-11,7e-11	4e-06,4e-06	SUP	SP,IASP	1	AB/AG	AB/AG	0	3HFM_Y_96
682	3HFM_Y_YY20A	YY20A	YY20A	3HFM	3HFM_Y	P00698	-4.878	-4.878,-4.878	3e-11,7e-11	1.13e-07,9.5e-08	COR	SP,IASP	1	AB/AG	AB/AG	0	3HFM_Y_20
683	3HFM_Y_YY20F	YY20F	YY20F	3HFM	3HFM_Y	P00698	0.505	0.505,0.505	7.5e-11,7e-11	3.2e-11,3.2e-11	COR	IASP	1	AB/AG	AB/AG	0	3HFM_Y_20
684	3HFM_Y_DY101E	DY101E	DY101E	3HFM	3HFM_Y	P00698	-1.974	-1.974,-1.974	1.3e-10,7.5e-11	3.64e-09,3.6e-09	COR	IASP	1	AB/AG	AB/AG	0	3HFM_Y_101
685	3HFM_Y_DY101R	DY101R	DY101R	3HFM	3HFM_Y	P00698	-2.123	-2.123,-2.123	1.3e-10,7.5e-11	4.68e-09,4.6e-09	COR	IASP	1	AB/AG	AB/AG	0	3HFM_Y_101
686	3HFM_Y_DY101Q	DY101Q	DY101Q	3HFM	3HFM_Y	P00698	-1.93	-1.93,-1.93	1.3e-10,7.5e-11	3.38e-09,3.3e-09	COR	IASP	1	AB/AG	AB/AG	0	3HFM_Y_101
687	3HFM_Y_DY101S	DY101S	DY101S	3HFM	3HFM_Y	P00698	-1.712	-1.712,-1.712	1.3e-10,7.5e-11	2.34e-09,2.3e-09	COR	IASP	1	AB/AG	AB/AG	0	3HFM_Y_101
688	3HFM_Y_DY101N	DY101N	DY101N	3HFM	3HFM_Y	P00698	-1.341	-1.341,-1.341	1.3e-10,7.5e-11	1.25e-09,1.2e-09	COR	IASP	1	AB/AG	AB/AG	0	3HFM_Y_101
689	3HFM_Y_DY101G	DY101G	DY101G	3HFM	3HFM_Y	P00698	-0.199	-0.199,-0.199	1.3e-10,7.5e-11	1.82e-10,1.8e-10	COR	IASP	1	AB/AG	AB/AG	0	3HFM_Y_101
690	3HFM_Y_KY97E	KY97E	KY97E	3HFM	3HFM_Y	P00698	-3.606	-3.606	7.5e-11	3.3e-08	COR	IASP	1	AB/AG	AB/AG	0	3HFM_Y_97
691	3HFM_Y_KY97D	KY97D	KY97D	3HFM	3HFM_Y	P00698	-6.771	-6.771	7.5e-11	6.9e-06	COR	IASP	1	AB/AG	AB/AG	0	3HFM_Y_97
692	3HFM_Y_KY97G	KY97G	KY97G	3HFM	3HFM_Y	P00698	-6.433	-6.433	7.5e-11	3.9e-06	COR	IASP	1	AB/AG	AB/AG	0	3HFM_Y_97
693	3HFM_Y_RY21M	RY21M	RY21M	3HFM	3HFM_Y	P00698	-2.051	-2.051	7.5e-11	2.39e-09	COR	IASP	1	AB/AG	AB/AG	0	3HFM_Y_21
694	3HFM_Y_NY19D	NY19D	NY19D	3HFM	3HFM_Y	P00698	-0.411	-0.411	1.3e-10	2.6e-10	RIM	IASP	1	AB/AG	AB/AG	0	3HFM_Y_19
695	3HFM_Y_NY19Q	NY19Q	NY19Q	3HFM	3HFM_Y	P00698	0.043	0.043	1.3e-10	1.21e-10	RIM	IASP	1	AB/AG	AB/AG	0	3HFM_Y_19
696	3HFM_Y_NY19K	NY19K	NY19K	3HFM	3HFM_Y	P00698	-0.24	-0.24	1.3e-10	1.95e-10	RIM	IASP	1	AB/AG	AB/AG	0	3HFM_Y_19
697	3HFM_Y_IY98A	IY98A	IY98A	3HFM	3HFM_Y	P00698	0.0	0.0	7e-11	7e-11	SUP	IASP	1	AB/AG	AB/AG	0	3HFM_Y_98
698	3HFM_Y_NY93A	NY93A	NY93A	3HFM	3HFM_Y	P00698	-0.211	-0.211	7e-11	1e-10	COR	IASP	1	AB/AG	AB/AG	0	3HFM_Y_93
699	3HFM_Y_TY89A	TY89A	TY89A	3HFM	3HFM_Y	P00698	0.0	0.0	7e-11	7e-11	RIM	IASP	1	AB/AG	AB/AG	0	3HFM_Y_89
700	3HFM_Y_LY75A	LY75A	LY75A	3HFM	3HFM_Y	P00698	-0.705	-0.705	7e-11	2.3e-10	COR	IASP	1	AB/AG	AB/AG	0	3HFM_Y_75
701	3HFM_Y_RY73A	RY73A	RY73A	3HFM	3HFM_Y	P00698	0.332	0.332	7e-11	4e-11	RIM	IASP	1	AB/AG	AB/AG	0	3HFM_Y_73
702	3HFM_Y_WY63A	WY63A	WY63A	3HFM	3HFM_Y	P00698	-0.319	-0.319	7e-11	1.2e-10	SUP	IASP	1	AB/AG	AB/AG	0	3HFM_Y_63
703	3HFM_Y_HY15A	HY15A	HY15A	3HFM	3HFM_Y	P00698	0.446	0.446	7e-11	3.3e-11	SUP	IASP	1	AB/AG	AB/AG	0	3HFM_Y_15
704	3HFM_Y_KY96M	KY96M	KY96M	3HFM	3HFM_Y	P00698	-6.78	-6.78	7.5e-11	7e-06	SUP	IASP	1	AB/AG	AB/AG	0	3HFM_Y_96
705	3HFM_Y_KY97R	KY97R	KY97R	3HFM	3HFM_Y	P00698	-3.054	-3.054	7.5e-11	1.3e-08	COR	IASP	1	AB/AG	AB/AG	0	3HFM_Y_97
706	3HFM_Y_KY96R	KY96R	KY96R	3HFM	3HFM_Y	P00698	-5.355	-5.355	7e-11	5.9e-07	SUP	IASP	1	AB/AG	AB/AG	0	3HFM_Y_96
707	3HFM_Y_YY20L	YY20L	YY20L	3HFM	3HFM_Y	P00698	-2.185	-2.185	7e-11	2.8e-09	COR	IASP	1	AB/AG	AB/AG	0	3HFM_Y_20
708	3HFM_Y_SY100A	SY100A	SY100A	3HFM	3HFM_Y	P00698	-0.268	-0.268	7e-11	1.1e-10	COR	IASP	1	AB/AG	AB/AG	0	3HFM_Y_100
709	3H9S_A_AA150P	AA150P	AA150P	3H9S	3H9S_A	P04439	-0.163	-0.163	4.1e-06	5.4e-06	SUR	SPR	2	TCR/pMHC	TCR/pMHC,1JCK_A_B	0	3H9S_A_150
710	5E9D_D_YD50W	YD50W	YD49W	5E9D	5E9D_D	A0A075B6T6	0.349	0.349	1.37e-07	7.6e-08	COR	FL	2	TCR/pMHC	TCR/pMHC,4N8V_G_ABC	0	5E9D_D_50
711	5E9D_D_TD91Q	TD91Q	TD90Q	5E9D	5E9D_D	A0A075B6T6	0.574	0.574	1.37e-07	5.2e-08	INT	FL	2	TCR/pMHC	TCR/pMHC,4N8V_G_ABC	0	5E9D_D_91
712	5E9D_D_GD28E	GD28E	GD27E	5E9D	5E9D_D	A0A075B6T6	0.479	0.479	1.37e-07	6.1e-08	SUR	FL	2	TCR/pMHC	TCR/pMHC,4N8V_G_ABC	0	5E9D_D_28
713	5E9D_D_KD97Q	KD97Q	KD96Q	5E9D	5E9D_D	A0A075B6T6	-0.187	-0.187	1.37e-07	1.88e-07	SUR	FL	2	TCR/pMHC	TCR/pMHC,4N8V_G_ABC	0	5E9D_D_97
714	5E9D_D_SD51G	SD51G	SD50G	5E9D	5E9D_D	A0A075B6T6	0.036	0.036	1.37e-07	1.29e-07	COR	FL	2	TCR/pMHC	TCR/pMHC,4N8V_G_ABC	0	5E9D_D_51
715	3QDJ_E_AE55P	AE55P	AE52P	3QDJ	3QDJ_E	Not Mapped	-0.207	-0.207	4.3e-05	6.1e-05	RIM	SPR	2	TCR/pMHC	TCR/pMHC,1JCK_A_B	0	3QDJ_E_55
716	3QDJ_E_TE102F	TE102F	TE99F	3QDJ	3QDJ_E	Not Mapped	0.276	0.276	4.3e-05	2.7e-05	SUP	SPR	2	TCR/pMHC	TCR/pMHC,1JCK_A_B	0	3QDJ_E_102
717	3QDJ_E_FE100W	FE100W	FE97W	3QDJ	3QDJ_E	Not Mapped	-0.39	-0.39	4.3e-05	8.3e-05	COR	SPR	2	TCR/pMHC	TCR/pMHC,1JCK_A_B	0	3QDJ_E_100
718	3QDJ_E_LE98W	LE98W	LE95W	3QDJ	3QDJ_E	Not Mapped	0.808	0.808	4.3e-05	1.1e-05	RIM	SPR	2	TCR/pMHC	TCR/pMHC,1JCK_A_B	0	3QDJ_E_98
719	3QDJ_E_FE100Y	FE100Y	FE97Y	3QDJ	3QDJ_E	Not Mapped	-0.778	-0.778	4.3e-05	0.00016	COR	SPR	2	TCR/pMHC	TCR/pMHC,1JCK_A_B	0	3QDJ_E_100
720	1E50_B_NB63A	NB63A	NB62A	1E50	1E50_B	Q13951	-0.91	-0.91,-0.91	1.4e-08,2.61e-08	6.5e-08,1.46e-07	COR	ESMA	2		1E50_A_B,1H9D_A_B	0	1E50_B_63
721	1E50_B_NB104A	NB104A	NB99A	1E50	1E50_B	Q13951	-1.408	-1.408	2.61e-08	2.81e-07	COR	ESMA	2		1E50_A_B,1H9D_A_B	0	1E50_B_104
722	1E50_B_SB65A	SB65A	SB64A	1E50	1E50_B	Q13951	-0.115	-0.115	1.4e-08	1.7e-08	COR	ESMA	2		1E50_A_B,1H9D_A_B	0	1E50_B_65
723	1E50_B_VB58A	VB58A	VB57A	1E50	1E50_B	Q13951	0.0	0.0	1.4e-08	1.4e-08	COR	ESMA	2		1E50_A_B,1H9D_A_B	0	1E50_B_58
724	1E50_B_RB33A	RB33A	RB32A	1E50	1E50_B	Q13951	-1.775	-1.775	1.4e-08	2.8e-07	RIM	ESMA	2		1E50_A_B,1H9D_A_B	0	1E50_B_33
725	3QIB_C_NC95P	NC95P	NC94P	3QIB	3QIB_C	P01848	-0.787	-0.787	1.37e-05	5.17e-05	RIM	SPR	2	TCR/pMHC	TCR/pMHC,1JCK_A_B	0	3QIB_C_95
726	3QIB_C_RC90P	RC90P	RC89P	3QIB	3QIB_C	P01848	0.119	0.119	1.37e-05	1.12e-05	RIM	SPR	2	TCR/pMHC	TCR/pMHC,1JCK_A_B	0	3QIB_C_90
727	2NZ9_A_DA1058A	DA1058A	DA1030A	2NZ9	2NZ9_A	P0DPI1	0.031	0.031	1.36e-10	1.29e-10	RIM	KinExA	2	AB/AG	AB/AG	0	2NZ9_A_1058
728	2NZ9_A_KA1056A	KA1056A	KA1028A	2NZ9	2NZ9_A	P0DPI1	0.009	0.009	1.36e-10	1.34e-10	SUP	KinExA	2	AB/AG	AB/AG	0	2NZ9_A_1056
729	2NZ9_A_IA956A	IA956A	IA928A	2NZ9	2NZ9_A	P0DPI1	-0.07	-0.07	1.36e-10	1.53e-10	RIM	KinExA	2	AB/AG	AB/AG	0	2NZ9_A_956
730	2NZ9_A_SA955A	SA955A	SA927A	2NZ9	2NZ9_A	P0DPI1	0.079	0.079	1.36e-10	1.19e-10	RIM	KinExA	2	AB/AG	AB/AG	0	2NZ9_A_955
731	2NZ9_A_NA954A	NA954A	NA926A	2NZ9	2NZ9_A	P0DPI1	0.153	0.153	1.36e-10	1.05e-10	COR	KinExA	2	AB/AG	AB/AG	0	2NZ9_A_954
732	2NZ9_A_FA953A	FA953A	FA925A	2NZ9	2NZ9_A	P0DPI1	-3.365	-3.365	1.36e-10	3.98e-08	SUP	KinExA	2	AB/AG	AB/AG	0	2NZ9_A_953
733	2NZ9_A_KA923A	KA923A	KA895A	2NZ9	2NZ9_A	P0DPI1	0.302	0.302	1.36e-10	8.17e-11	SUR	KinExA	2	AB/AG	AB/AG	0	2NZ9_A_923
734	2NZ9_A_EA920A	EA920A	EA892A	2NZ9	2NZ9_A	P0DPI1	-2.79	-2.79	1.36e-10	1.51e-08	COR	KinExA	2	AB/AG	AB/AG	0	2NZ9_A_920
735	2NZ9_A_LA919A	LA919A	LA891A	2NZ9	2NZ9_A	P0DPI1	-2.296	-2.296	1.36e-10	6.56e-09	COR	KinExA	2	AB/AG	AB/AG	0	2NZ9_A_919
736	2NZ9_A_NA918A	NA918A	NA890A	2NZ9	2NZ9_A	P0DPI1	-2.176	-2.176	1.36e-10	5.35e-09	COR	KinExA	2	AB/AG	AB/AG	0	2NZ9_A_918
737	2NZ9_A_FA917A	FA917A	FA889A	2NZ9	2NZ9_A	P0DPI1	0.05	0.05	1.36e-10	1.25e-10	COR	KinExA	2	AB/AG	AB/AG	0	2NZ9_A_917
738	2NZ9_A_QA915A	QA915A	QA887A	2NZ9	2NZ9_A	P0DPI1	-0.1	-0.1	1.36e-10	1.61e-10	INT	KinExA	2	AB/AG	AB/AG	0	2NZ9_A_915
739	2NZ9_A_KA903A	KA903A	KA875A	2NZ9	2NZ9_A	P0DPI1	-0.545	-0.545	1.36e-10	3.41e-10	RIM	KinExA	2	AB/AG	AB/AG	0	2NZ9_A_903
740	2NZ9_A_SA902A	SA902A	SA874A	2NZ9	2NZ9_A	P0DPI1	0.12	0.12	1.36e-10	1.11e-10	RIM	KinExA	2	AB/AG	AB/AG	0	2NZ9_A_902
741	2NZ9_A_RA1294A	RA1294A	RA1266A	2NZ9	2NZ9_A	P0DPI1	-0.393	-0.393	1.36e-10	2.64e-10	RIM	KinExA	2	AB/AG	AB/AG	0	2NZ9_A_1294
742	2NZ9_A_HA1064A	HA1064A	HA1036A	2NZ9	2NZ9_A	P0DPI1	-7.473	-7.473	1.36e-10	4.09e-05	COR	KinExA	2	AB/AG	AB/AG	0	2NZ9_A_1064
743	2NZ9_A_TA1063A	TA1063A	TA1035A	2NZ9	2NZ9_A	P0DPI1	-2.387	-2.387	1.36e-10	7.65e-09	COR	KinExA	2	AB/AG	AB/AG	0	2NZ9_A_1063
744	2NZ9_A_DA1062A	DA1062A	DA1034A	2NZ9	2NZ9_A	P0DPI1	-2.356	-2.356	1.36e-10	7.26e-09	SUP	KinExA	2	AB/AG	AB/AG	0	2NZ9_A_1062
745	2NZ9_A_RA1061A	RA1061A	RA1033A	2NZ9	2NZ9_A	P0DPI1	-0.293	-0.293	1.36e-10	2.23e-10	RIM	KinExA	2	AB/AG	AB/AG	0	2NZ9_A_1061
746	1EAW_A_IA60A	IA60A	IA45A	1EAW	1EAW_A	Q9Y5Y6	0.194	0.194	4.97e-11	3.58e-11	RIM	FL	1	Pr/PI	Pr/PI	0	1EAW_A_60
747	1EAW_A_IA41A	IA41A	IA26A	1EAW	1EAW_A	Q9Y5Y6	0.823	0.823	4.97e-11	1.24e-11	SUP	FL	1	Pr/PI	Pr/PI	0	1EAW_A_41
748	1EAW_A_QA38A	QA38A	QA23A	1EAW	1EAW_A	Q9Y5Y6	0.519	0.519	4.97e-11	2.07e-11	COR	FL	1	Pr/PI	Pr/PI	0	1EAW_A_38
749	1EAW_A_TA150A	TA150A	TA144A	1EAW	1EAW_A	Q9Y5Y6	-0.089	-0.089	4.97e-11	5.78e-11	RIM	FL	1	Pr/PI	Pr/PI	0	1EAW_A_150
750	1EAW_A_YA146A	YA146A	YA141A	1EAW	1EAW_A	Q9Y5Y6	-0.502	-0.502	4.97e-11	1.16e-10	RIM	FL	1	Pr/PI	Pr/PI	0	1EAW_A_146
751	1EAW_A_QA145A	QA145A	QA140A	1EAW	1EAW_A	Q9Y5Y6	-0.307	-0.307	4.97e-11	8.34e-11	SUR	FL	1	Pr/PI	Pr/PI	0	1EAW_A_145
752	1EAW_A_HA143A	HA143A	HA138A	1EAW	1EAW_A	Q9Y5Y6	0.014	0.014	4.97e-11	4.85e-11	COR	FL	1	Pr/PI	Pr/PI	0	1EAW_A_143
753	1EAW_A_TA98A	TA98A	TA93A	1EAW	1EAW_A	Q9Y5Y6	-0.255	-0.255	4.97e-11	7.64e-11	SUR	FL	1	Pr/PI	Pr/PI	0	1EAW_A_98
754	1EAW_A_FA97A	FA97A	FA92A	1EAW	1EAW_A	Q9Y5Y6	-0.892	-0.892	4.97e-11	2.24e-10	RIM	FL	1	Pr/PI	Pr/PI	0	1EAW_A_97
755	1EAW_A_DA96A	DA96A	DA91A	1EAW	1EAW_A	Q9Y5Y6	-0.654	-0.654	4.97e-11	1.5e-10	RIM	FL	1	Pr/PI	Pr/PI	0	1EAW_A_96
756	1EAW_A_NA95A	NA95A	NA90A	1EAW	1EAW_A	Q9Y5Y6	-0.308	-0.308	4.97e-11	8.36e-11	SUR	FL	1	Pr/PI	Pr/PI	0	1EAW_A_95
757	1EAW_A_FA94A	FA94A	FA89A	1EAW	1EAW_A	Q9Y5Y6	-0.729	-0.729	4.97e-11	1.7e-10	SUP	FL	1	Pr/PI	Pr/PI	0	1EAW_A_94
758	1EAW_A_RA87A	RA87A	RA82A	1EAW	1EAW_A	Q9Y5Y6	0.15	0.15	4.97e-11	3.86e-11	SUR	FL	1	Pr/PI	Pr/PI	0	1EAW_A_87
759	1EAW_A_YA60gA	YA60gA	YA52A	1EAW	1EAW_A	Q9Y5Y6	0.079	0.079	4.97e-11	4.35e-11	SUP	FL	1	Pr/PI	Pr/PI	0	1EAW_A_60g
760	1EAW_A_RA60fA	RA60fA	RA51A	1EAW	1EAW_A	Q9Y5Y6	-0.231	-0.231	4.97e-11	7.34e-11	SUR	FL	1	Pr/PI	Pr/PI	0	1EAW_A_60f
761	1EAW_A_FA60eA	FA60eA	FA50A	1EAW	1EAW_A	Q9Y5Y6	0.429	0.429	4.97e-11	2.41e-11	SUP	FL	1	Pr/PI	Pr/PI	0	1EAW_A_60e
762	1EAW_A_RA60cA	RA60cA	RA48A	1EAW	1EAW_A	Q9Y5Y6	-0.588	-0.588	4.97e-11	1.34e-10	RIM	FL	1	Pr/PI	Pr/PI	0	1EAW_A_60c
763	1EAW_A_DA60bA	DA60bA	DA47A	1EAW	1EAW_A	Q9Y5Y6	-1.503	-1.503	4.97e-11	6.28e-10	RIM	FL	1	Pr/PI	Pr/PI	0	1EAW_A_60b
764	1EAW_A_DA60aA	DA60aA	DA46A	1EAW	1EAW_A	Q9Y5Y6	0.172	0.172	4.97e-11	3.72e-11	SUR	FL	1	Pr/PI	Pr/PI	0	1EAW_A_60a
765	1EAW_A_KA224A	KA224A	KA221A	1EAW	1EAW_A	Q9Y5Y6	-0.476	-0.476	4.97e-11	1.11e-10	SUR	FL	1	Pr/PI	Pr/PI	0	1EAW_A_224
766	1EAW_A_RA222A	RA222A	RA219A	1EAW	1EAW_A	Q9Y5Y6	0.089	0.089	4.97e-11	4.28e-11	SUR	FL	1	Pr/PI	Pr/PI	0	1EAW_A_222
767	1EAW_A_QA221aA	QA221aA	QA218A	1EAW	1EAW_A	Q9Y5Y6	-0.144	-0.144	4.97e-11	6.34e-11	SUR	FL	1	Pr/PI	Pr/PI	0	1EAW_A_221a
768	1EAW_A_DA217A	DA217A	DA214A	1EAW	1EAW_A	Q9Y5Y6	-2.229	-2.229	4.97e-11	2.14e-09	RIM	FL	1	Pr/PI	Pr/PI	0	1EAW_A_217
769	1EAW_A_QA175A	QA175A	QA169A	1EAW	1EAW_A	Q9Y5Y6	0.133	0.133	4.97e-11	3.97e-11	SUR	FL	1	Pr/PI	Pr/PI	0	1EAW_A_175
770	1EAW_A_QA174A	QA174A	QA168A	1EAW	1EAW_A	Q9Y5Y6	-0.565	-0.565	4.97e-11	1.29e-10	SUR	FL	1	Pr/PI	Pr/PI	0	1EAW_A_174
771	1EAW_A_EA169A	EA169A	EA163A	1EAW	1EAW_A	Q9Y5Y6	-0.704	-0.704	4.97e-11	1.63e-10	SUR	FL	1	Pr/PI	Pr/PI	0	1EAW_A_169
772	1EAW_A_LA153A	LA153A	LA147A	1EAW	1EAW_A	Q9Y5Y6	-0.502	-0.502	4.97e-11	1.16e-10	SUR	FL	1	Pr/PI	Pr/PI	0	1EAW_A_153
773	3SE8_L_FL97A	FL97A	FL92A	3SE8	3SE8_L	Not Mapped	-0.819	-0.819	6.3e-08	2.51e-07	SUP	SPR	2	AB/AG	AB/AG	0	3SE8_L_97
774	3SE8_L_EL96A	EL96A	EL91A	3SE8	3SE8_L	Not Mapped	-1.489	-1.489	6.3e-08	7.78e-07	COR	SPR	2	AB/AG	AB/AG	0	3SE8_L_96
775	3SE8_L_FL91A	FL91A	FL90A	3SE8	3SE8_L	Not Mapped	0.85	0.85	6.3e-08	1.5e-08	COR	SPR	2	AB/AG	AB/AG	0	3SE8_L_91
776	3SE8_L_DL50A	DL50A	DL49A	3SE8	3SE8_L	Not Mapped	-0.842	-0.842	6.3e-08	2.61e-07	SUR	SPR	2	AB/AG	AB/AG	0	3SE8_L_50
777	3SE8_L_NL31A	NL31A	NL30A	3SE8	3SE8_L	Not Mapped	-0.191	-0.191	6.3e-08	8.7e-08	COR	SPR	2	AB/AG	AB/AG	0	3SE8_L_31
778	3SE8_L_QL27A	QL27A	QL27A	3SE8	3SE8_L	Not Mapped	0.213	0.213	6.3e-08	4.4e-08	RIM	SPR	2	AB/AG	AB/AG	0	3SE8_L_27
779	3SE8_L_EL1A	EL1A	EL1A	3SE8	3SE8_L	Not Mapped	0.548	0.548	6.3e-08	2.5e-08	RIM	SPR	2	AB/AG	AB/AG	0	3SE8_L_1
780	5C6T_H_YH103A	YH103A	YH98A	5C6T	5C6T_H	Not Mapped	-1.717	-1.717	1.3e-10	2.36e-09	COR	SPR	2	AB/AG	AB/AG	0	5C6T_H_103
781	5C6T_H_NH102A	NH102A	NH97A	5C6T	5C6T_H	Not Mapped	-1.527	-1.527	1.3e-10	1.71e-09	COR	SPR	2	AB/AG	AB/AG	0	5C6T_H_102
782	5C6T_H_SH32A	SH32A	SH32A	5C6T	5C6T_H	Not Mapped	0.869	0.869	1.3e-10	3e-11	COR	SPR	2	AB/AG	AB/AG	0	5C6T_H_32
783	5C6T_H_RH31S	RH31S	RH31S	5C6T	5C6T_H	Not Mapped	-0.312	-0.312	1.3e-10	2.2e-10	RIM	SPR	2	AB/AG	AB/AG	0	5C6T_H_31
784	5C6T_H_YH109A	YH109A	YH104A	5C6T	5C6T_H	Not Mapped	-0.363	-0.363	1.3e-10	2.4e-10	RIM	SPR	2	AB/AG	AB/AG	0	5C6T_H_109
785	5C6T_H_FH104A	FH104A	FH99A	5C6T	5C6T_H	Not Mapped	-1.461	-1.461	1.3e-10	1.53e-09	COR	SPR	2	AB/AG	AB/AG	0	5C6T_H_104
786	1MI5_E_EE105A	EE105A	EE99A	1MI5	1MI5_E	P01850	-0.12	-0.12	1.25e-05	1.53e-05	SUR	SPR	2	TCR/pMHC	TCR/pMHC,1JCK_A_B,4N8V_G_ABC	0	1MI5_E_105
787	1MI5_E_YE100A	YE100A	YE98A	1MI5	1MI5_E	P01850	-1.232	-1.232	1.25e-05	0.0001	COR	SPR	2	TCR/pMHC	TCR/pMHC,1JCK_A_B,4N8V_G_ABC	0	1MI5_E_100
788	1MI5_E_AE99G	AE99G	AE97G	1MI5	1MI5_E	P01850	-1.232	-1.232	1.25e-05	0.0001	COR	SPR	2	TCR/pMHC	TCR/pMHC,1JCK_A_B,4N8V_G_ABC	0	1MI5_E_99
789	1MI5_E_QE98A	QE98A	QE96A	1MI5	1MI5_E	P01850	-1.232	-1.232	1.25e-05	0.0001	COR	SPR	2	TCR/pMHC	TCR/pMHC,1JCK_A_B,4N8V_G_ABC	0	1MI5_E_98
790	1MI5_E_GE97A	GE97A	GE95A	1MI5	1MI5_E	P01850	-1.232	-1.232	1.25e-05	0.0001	SUP	SPR	2	TCR/pMHC	TCR/pMHC,1JCK_A_B,4N8V_G_ABC	0	1MI5_E_97
791	1MI5_E_LE96A	LE96A	LE94A	1MI5	1MI5_E	P01850	-0.116	-0.116	1.25e-05	1.52e-05	RIM	SPR	2	TCR/pMHC	TCR/pMHC,1JCK_A_B,4N8V_G_ABC	0	1MI5_E_96
792	1MI5_E_SE95A	SE95A	SE93A	1MI5	1MI5_E	P01850	0.612	0.612	1.25e-05	4.45e-06	INT	SPR	2	TCR/pMHC	TCR/pMHC,1JCK_A_B,4N8V_G_ABC	0	1MI5_E_95
793	1MI5_E_SE94A	SE94A	SE92A	1MI5	1MI5_E	P01850	-0.302	-0.302	1.25e-05	2.08e-05	INT	SPR	2	TCR/pMHC	TCR/pMHC,1JCK_A_B,4N8V_G_ABC	0	1MI5_E_94
794	1MI5_E_EE52A	EE52A	EE50A	1MI5	1MI5_E	P01850	-0.819	-0.819	1.25e-05	4.98e-05	RIM	SPR	2	TCR/pMHC	TCR/pMHC,1JCK_A_B,4N8V_G_ABC	0	1MI5_E_52
795	1MI5_E_NE51A	NE51A	NE49A	1MI5	1MI5_E	P01850	0.433	0.433	1.25e-05	6.02e-06	COR	SPR	2	TCR/pMHC	TCR/pMHC,1JCK_A_B,4N8V_G_ABC	0	1MI5_E_51
796	1MI5_E_QE50A	QE50A	QE48A	1MI5	1MI5_E	P01850	0.07	0.07	1.25e-05	1.11e-05	COR	SPR	2	TCR/pMHC	TCR/pMHC,1JCK_A_B,4N8V_G_ABC	0	1MI5_E_50
797	1MI5_E_SE31A	SE31A	SE29A	1MI5	1MI5_E	P01850	-1.064	-1.064	1.25e-05	7.53e-05	SUP	SPR	2	TCR/pMHC	TCR/pMHC,1JCK_A_B,4N8V_G_ABC	0	1MI5_E_31
798	1MI5_E_VE30A	VE30A	VE28A	1MI5	1MI5_E	P01850	-0.293	-0.293	1.25e-05	2.05e-05	COR	SPR	2	TCR/pMHC	TCR/pMHC,1JCK_A_B,4N8V_G_ABC	0	1MI5_E_30
799	1MI5_E_GE28A	GE28A	GE26A	1MI5	1MI5_E	P01850	0.289	0.289	1.25e-05	7.67e-06	SUR	SPR	2	TCR/pMHC	TCR/pMHC,1JCK_A_B,4N8V_G_ABC	0	1MI5_E_28
800	1MI5_E_SE27A	SE27A	SE25A	1MI5	1MI5_E	P01850	-0.032	-0.032	1.25e-05	1.32e-05	SUR	SPR	2	TCR/pMHC	TCR/pMHC,1JCK_A_B,4N8V_G_ABC	0	1MI5_E_27
801	1MI5_E_YE107A	YE107A	YE101A	1MI5	1MI5_E	P01850	-0.26	-0.26	1.25e-05	1.94e-05	SUR	SPR	2	TCR/pMHC	TCR/pMHC,1JCK_A_B,4N8V_G_ABC	0	1MI5_E_107
802	1MI5_E_QE106A	QE106A	QE100A	1MI5	1MI5_E	P01850	-1.232	-1.232	1.25e-05	0.0001	INT	SPR	2	TCR/pMHC	TCR/pMHC,1JCK_A_B,4N8V_G_ABC	0	1MI5_E_106
803	1N8Z_C_FC555A	FC555A	FC539A	1N8Z	1N8Z_C	P04626	-0.035	-0.035	1.31e-09	1.39e-09	SUR	SPR	2	AB/AG	AB/AG	0	1N8Z_C_555
804	1N8Z_C_VC552A	VC552A	VC536A	1N8Z	1N8Z_C	P04626	-0.009	-0.009	1.31e-09	1.33e-09	SUR	SPR	2	AB/AG	AB/AG	0	1N8Z_C_552
805	1N8Z_C_SC551A	SC551A	SC535A	1N8Z	1N8Z_C	P04626	-0.031	-0.031	1.31e-09	1.38e-09	SUR	SPR	2	AB/AG	AB/AG	0	1N8Z_C_551
806	1N8Z_C_LC525A	LC525A	LC509A	1N8Z	1N8Z_C	P04626	0.023	0.023	1.31e-09	1.26e-09	SUR	SPR	2	AB/AG	AB/AG	0	1N8Z_C_525
807	4L3E_E_YE51A	YE51A	YE48A	4L3E	4L3E_E	Not Mapped	-2.228	-2.228	1e-07	4.3e-06	SUP	SPR	2	TCR/pMHC	TCR/pMHC,1JCK_A_B	0	4L3E_E_51
808	3QIB_A_EA75A	EA75A	EA75A	3QIB	3QIB_A	P04224	0.0	0.0	5.5e-06	5.5e-06	SUR	SPR	2	TCR/pMHC	TCR/pMHC,1JCK_A_B	0	3QIB_A_75
809	3QIB_A_AA68G	AA68G	AA68G	3QIB	3QIB_A	P04224	-0.845	-0.845	5.5e-06	2.29e-05	RIM	SPR	2	TCR/pMHC	TCR/pMHC,1JCK_A_B	0	3QIB_A_68
810	3QIB_A_KA67A	KA67A	KA67A	3QIB	3QIB_A	P04224	-0.566	-0.566	5.5e-06	1.43e-05	RIM	SPR	2	TCR/pMHC	TCR/pMHC,1JCK_A_B	0	3QIB_A_67
811	3QIB_A_AA64G	AA64G	AA64G	3QIB	3QIB_A	P04224	-0.61	-0.61	5.5e-06	1.54e-05	COR	SPR	2	TCR/pMHC	TCR/pMHC,1JCK_A_B	0	3QIB_A_64
812	3QIB_A_AA61G	AA61G	AA61G	3QIB	3QIB_A	P04224	-0.892	-0.892	5.5e-06	2.48e-05	COR	SPR	2	TCR/pMHC	TCR/pMHC,1JCK_A_B	0	3QIB_A_61
813	3QIB_A_QA57A	QA57A	QA57A	3QIB	3QIB_A	P04224	-0.265	-0.265	5.5e-06	8.6e-06	RIM	SPR	2	TCR/pMHC	TCR/pMHC,1JCK_A_B	0	3QIB_A_57
814	3SE4_A_FA290A	FA290A	FA273A	3SE4	3SE4_A	P17181	-0.211	-0.211	4e-05	5.71e-05	INT	SP	2		3SE4_B_A,3SE3_B_A	0	3SE4_A_290
815	3SE4_A_NA245A	NA245A	NA230A	3SE4	3SE4_A	P17181	-0.303	-0.303	4e-05	6.67e-05	SUR	SP	2		3SE4_B_A,3SE3_B_A	0	3SE4_A_245
816	3SE4_A_NA242A	NA242A	NA227A	3SE4	3SE4_A	P17181	0.0	0.0	4e-05	4e-05	COR	SP	2		3SE4_B_A,3SE3_B_A	0	3SE4_A_242
817	3SE4_A_RA241A	RA241A	RA226A	3SE4	3SE4_A	P17181	-0.303	-0.303	4e-05	6.67e-05	COR	SP	2		3SE4_B_A,3SE3_B_A	0	3SE4_A_241
818	3SE4_A_FA238A	FA238A	FA223A	3SE4	3SE4_A	P17181	-1.364	-1.364	4e-05	0.0004	COR	SP	2		3SE4_B_A,3SE3_B_A	0	3SE4_A_238
819	3SE4_A_TA181A	TA181A	TA166A	3SE4	3SE4_A	P17181	0.543	0.543	4e-05	1.6e-05	COR	SP	2		3SE4_B_A,3SE3_B_A	0	3SE4_A_181
820	3SE4_A_YA163A	YA163A	YA148A	3SE4	3SE4_A	P17181	0.278	0.278	4e-05	2.5e-05	SUR	SP	2		3SE4_B_A,3SE3_B_A	0	3SE4_A_163
821	3SE4_A_NA155T	NA155T	NA140T	3SE4	3SE4_A	P17181	-0.411	-0.411	4e-05	8e-05	RIM	SP	2		3SE4_B_A,3SE3_B_A	0	3SE4_A_155
822	3SE4_A_SA135A	SA135A	SA120A	3SE4	3SE4_A	P17181	0.0	0.0	4e-05	4e-05	COR	SP	2		3SE4_B_A,3SE3_B_A	0	3SE4_A_135
823	3SE4_A_DA132A	DA132A	DA117A	3SE4	3SE4_A	P17181	-0.132	-0.132	4e-05	5e-05	SUP	SP	2		3SE4_B_A,3SE3_B_A	0	3SE4_A_132
824	3SE4_A_LA131A	LA131A	LA116A	3SE4	3SE4_A	P17181	-0.132	-0.132	4e-05	5e-05	COR	SP	2		3SE4_B_A,3SE3_B_A	0	3SE4_A_131
825	3SE4_A_YA70A	YA70A	YA55A	3SE4	3SE4_A	P17181	-1.364	-1.364	4e-05	0.0004	COR	SP	2		3SE4_B_A,3SE3_B_A	0	3SE4_A_70
826	2JCC_A_AA167W	AA167W	AA167W	2JCC	2JCC_A	P04439	0.299	0.299	1.54e-05	9.3e-06	INT	SPR	2	TCR/pMHC	TCR/pMHC,1JCK_A_B	0	2JCC_A_167
827	1OGA_D_QD34A	QD34A	QD32A	1OGA	1OGA_D	P01848	-0.976	-0.976,-0.976	5.2e-06,5.24e-06	2.7e-05,2.84e-05	INT	ITC,SPR	1	TCR/pMHC	TCR/pMHC,1JCK_A_B	0	1OGA_D_34
828	1OGA_D_SD32A	SD32A	SD30A	1OGA	1OGA_D	P01848	-1.038	-1.038,-1.038	5.2e-06,5.24e-06	3e-05,2.84e-05	SUP	ITC,SPR	1	TCR/pMHC	TCR/pMHC,1JCK_A_B	0	1OGA_D_32
829	1OGA_D_SD31A	SD31A	SD29A	1OGA	1OGA_D	P01848	-0.628	-0.628	5.2e-06	1.5e-05	COR	SPR	1	TCR/pMHC	TCR/pMHC,1JCK_A_B	0	1OGA_D_31
830	1MLC_B_KB65D	KB65D	KB65D	1MLC	1MLC_B	P01868	-0.019	-0.019	4.4e-09	4.54e-09	SUR	FL	2	AB/AG	AB/AG	0	1MLC_B_65
831	1MLC_B_TB58D	TB58D	TB58D	1MLC	1MLC_B	P01868	0.56	0.56	4.4e-09	1.71e-09	RIM	FL	2	AB/AG	AB/AG	0	1MLC_B_58
832	1MLC_B_SB57V	SB57V	SB57V	1MLC	1MLC_B	P01868	0.494	0.494	4.4e-09	1.91e-09	COR	FL	2	AB/AG	AB/AG	0	1MLC_B_57
833	1MLC_B_SB57A	SB57A	SB57A	1MLC	1MLC_B	P01868	0.379	0.379	4.4e-09	2.32e-09	COR	FL	2	AB/AG	AB/AG	0	1MLC_B_57
834	1MLC_B_TB31V	TB31V	TB31V	1MLC	1MLC_B	P01868	-0.526	-0.526	4.4e-09	1.07e-08	COR	FL	2	AB/AG	AB/AG	0	1MLC_B_31
835	1MLC_B_TB31A	TB31A	TB31A	1MLC	1MLC_B	P01868	-0.447	-0.447	4.4e-09	9.36e-09	COR	FL	2	AB/AG	AB/AG	0	1MLC_B_31
836	1MLC_B_TB28D	TB28D	TB28D	1MLC	1MLC_B	P01868	0.151	0.151	4.4e-09	3.41e-09	SUR	FL	2	AB/AG	AB/AG	0	1MLC_B_28
837	1MLC_B_TB31W	TB31W	TB31W	1MLC	1MLC_B	P01868	-0.132	-0.132	4.4e-09	5.5e-09	COR	FL	2	AB/AG	AB/AG	0	1MLC_B_31
838	1N8Z_B_RB59A	RB59A	RB59A	1N8Z	1N8Z_B	Not Mapped	-1.775	-1.775	5e-10	1e-08	COR	SPR	2	AB/AG	AB/AG	0	1N8Z_B_59
839	1N8Z_B_RB50A	RB50A	RB50A	1N8Z	1N8Z_B	Not Mapped	-2.928	-2.928	5e-10	7e-08	SUP	SPR	2	AB/AG	AB/AG	0	1N8Z_B_50
840	1N8Z_B_YB109V	YB109V	YB109V	1N8Z	1N8Z_B	Not Mapped	-0.223	-0.223	3.5e-10	5.1e-10	INT	SPR	2	AB/AG	AB/AG	0	1N8Z_B_109
841	1N8Z_B_YB105F	YB105F	YB105F	1N8Z	1N8Z_B	Not Mapped	-0.821	-0.821	3.5e-10	1.4e-09	COR	SPR	2	AB/AG	AB/AG	0	1N8Z_B_105
842	1N8Z_B_DB102W	DB102W	DB102W	1N8Z	1N8Z_B	Not Mapped	0.686	0.686	3.5e-10	1.1e-10	RIM	SPR	2	AB/AG	AB/AG	0	1N8Z_B_102
843	3L5X_L_YL94A	YL94A	YL94A	3L5X	3L5X_L	Not Mapped	0.829	0.829	7.54e-10	1.86e-10	SUR	SPR	2	AB/AG	AB/AG,3LB6_A_C	0	3L5X_L_94
844	3QFJ_C_FC5Y	FC5Y	FC5Y	3QFJ	3QFJ_C	Not Mapped	0.17	0.17	1.2e-06	9e-07	COR	ITC	2	TCR/pMHC	TCR/pMHC,1JCK_A_B	0	3QFJ_C_5
845	2E7L_Q_FQ5R	FQ5R	FQ5R	2E7L	2E7L_Q	Not Mapped	-3.06	-3.06	3.6e-08	6.3e-06	COR	SPR	2	TCR/pMHC	TCR/pMHC,1JCK_A_B	0	2E7L_Q_5
846	1NMB_H_YH100aF	YH100aF	YH105F	1NMB	1NMB_H	Not Mapped	-1.42	-1.42	4.55e-08	5e-07	COR	SPR	1	AB/AG	AB/AG	0	1NMB_H_100a
847	1NMB_H_YH99A	YH99A	YH103A	1NMB	1NMB_H	Not Mapped	-2.142	-2.142	4.55e-08	1.69e-06	RIM	SPR	1	AB/AG	AB/AG	0	1NMB_H_99
848	1NMB_H_DH56E	DH56E	DH57E	1NMB	1NMB_H	Not Mapped	-2.955	-2.955	4.55e-08	6.67e-06	COR	SPR	1	AB/AG	AB/AG	0	1NMB_H_56
849	1NMB_H_DH56N	DH56N	DH57N	1NMB	1NMB_H	Not Mapped	-2.955	-2.955	4.55e-08	6.67e-06	COR	SPR	1	AB/AG	AB/AG	0	1NMB_H_56
850	1BD2_D_DD30N	DD30N	DD30N	1BD2	1BD2_D	P01848,P04437	-1.919	-1.919,-1.919	1.43e-06,1.29e-06	3.65e-05,3.5e-05	COR	SPR	2	TCR/pMHC	TCR/pMHC,1JCK_A_B	0	1BD2_D_30
851	1BD2_D_ED94A	ED94A	ED93A	1BD2	1BD2_D	P01848,P04437	-1.316	-1.316	1.4e-06	1.29e-05	COR	SPR	2	TCR/pMHC	TCR/pMHC,1JCK_A_B	0	1BD2_D_94
852	1DVF_B_NB56A	NB56A	NB56A	1DVF	1DVF_B	P01820	-1.163	-1.163,-1.163	1.08e-08,1.08e-08	7.69e-08,7.69e-08	COR	SPR	1	AB/AG	AB/AG	0	1DVF_B_56
853	1DVF_B_DB54A	DB54A	DB54A	1DVF	1DVF_B	P01820	-4.283	-4.283,-4.283	1.08e-08,1.08e-08	1.49e-05,1.49e-05	RIM	SPR	1	AB/AG	AB/AG	0	1DVF_B_54
854	1DVF_B_WB52A	WB52A	WB52A	1DVF	1DVF_B	P01820	-4.135	-4.135,-4.135	1.08e-08,1.08e-08	1.16e-05,1.16e-05	COR	SPR	1	AB/AG	AB/AG	0	1DVF_B_52
855	1DVF_B_DB100A	DB100A	DB100A	1DVF	1DVF_B	P01820	-2.791	-2.791,-2.791	1.08e-08,1.08e-08	1.2e-06,1.2e-06	RIM	SPR	1	AB/AG	AB/AG	0	1DVF_B_100
856	1DVF_B_EB98A	EB98A	EB98A	1DVF	1DVF_B	P01820	-4.189	-4.189,-4.189	1.08e-08,1.08e-08	1.27e-05,1.27e-05	SUP	SPR	1	AB/AG	AB/AG	0	1DVF_B_98
857	1DVF_B_DB58A	DB58A	DB58A	1DVF	1DVF_B	P01820	-1.601	-1.601,-1.601	1.08e-08,1.08e-08	1.61e-07,1.61e-07	COR	SPR	1	AB/AG	AB/AG	0	1DVF_B_58
858	1DVF_B_YB101F	YB101F	YB101F	1DVF	1DVF_B	P01820	-2.013	-2.013	1.08e-08	3.23e-07	COR	SPR	1	AB/AG	AB/AG	0	1DVF_B_101
859	1DVF_B_RB99A	RB99A	RB99A	1DVF	1DVF_B	P01820	-1.875	-1.875	1.08e-08	2.56e-07	COR	SPR	1	AB/AG	AB/AG	0	1DVF_B_99
860	1DVF_B_YB32A	YB32A	YB32A	1DVF	1DVF_B	P01820	-1.832	-1.832	1.08e-08	2.38e-07	COR	SPR	1	AB/AG	AB/AG	0	1DVF_B_32
861	1DVF_B_TB30A	TB30A	TB30A	1DVF	1DVF_B	P01820	-0.908	-0.908	1.08e-08	5e-08	RIM	SPR	1	AB/AG	AB/AG	0	1DVF_B_30
862	1VFB_A_YA32A	YA32A	YA32A	1VFB	1VFB_A	P01635	-1.34	-1.34,-1.34	2e-08,1.25e-08	1.92e-07,2.27e-07	COR	SPR	1	AB/AG	AB/AG	0	1VFB_A_32
863	1VFB_A_WA92A	WA92A	WA92A	1VFB	1VFB_A	P01635	-2.728	-2.728,-2.728	2e-08,1.25e-08	2e-06,3.57e-06	COR	SPR	1	AB/AG	AB/AG	0	1VFB_A_92
864	1VFB_A_YA50A	YA50A	YA50A	1VFB	1VFB_A	P01635	-0.388	-0.388,-0.388	2e-08,1.25e-08	3.85e-08,3.03e-08	COR	SPR	1	AB/AG	AB/AG	0	1VFB_A_50
865	1VFB_A_TA53R	TA53R	TA53R	1VFB	1VFB_A	P01635	-1.647	-1.647	1.49e-09	2.4e-08	COR	FL	2	AB/AG	AB/AG	0	1VFB_A_53
866	1VFB_A_TA52F	TA52F	TA52F	1VFB	1VFB_A	P01635	-0.471	-0.471	1.49e-09	3.3e-09	RIM	FL	2	AB/AG	AB/AG	0	1VFB_A_52
867	1VFB_A_YA50K	YA50K	YA50K	1VFB	1VFB_A	P01635	-1.716	-1.716	1.49e-09	2.7e-08	COR	FL	2	AB/AG	AB/AG	0	1VFB_A_50
868	1VFB_A_YA50R	YA50R	YA50R	1VFB	1VFB_A	P01635	-0.845	-0.845	1.49e-09	6.2e-09	COR	FL	2	AB/AG	AB/AG	0	1VFB_A_50
869	1VFB_A_LA46E	LA46E	LA46E	1VFB	1VFB_A	P01635	-5.631	-5.631	1.49e-09	2e-05	INT	FL	2	AB/AG	AB/AG	0	1VFB_A_46
870	1VFB_A_LA46D	LA46D	LA46D	1VFB	1VFB_A	P01635	-5.631	-5.631	1.49e-09	2e-05	INT	FL	2	AB/AG	AB/AG	0	1VFB_A_46
871	1VFB_A_YA32W	YA32W	YA32W	1VFB	1VFB_A	P01635	-5.631	-5.631	1.49e-09	2e-05	COR	FL	2	AB/AG	AB/AG	0	1VFB_A_32
872	1VFB_A_NA31W	NA31W	NA31W	1VFB	1VFB_A	P01635	-0.174	-0.174	1.49e-09	2e-09	SUR	FL	2	AB/AG	AB/AG	0	1VFB_A_31
873	1VFB_A_SA93A	SA93A	SA93A	1VFB	1VFB_A	P01635	-0.343	-0.343	2e-08	3.57e-08	RIM	SPR	1	AB/AG	AB/AG	0	1VFB_A_93
874	1VFB_A_YA49A	YA49A	YA49A	1VFB	1VFB_A	P01635	-0.798	-0.798	2e-08	7.69e-08	SUP	SPR	1	AB/AG	AB/AG	0	1VFB_A_49
875	1VFB_A_HA30A	HA30A	HA30A	1VFB	1VFB_A	P01635	-0.845	-0.845	2e-08	8.33e-08	RIM	SPR	1	AB/AG	AB/AG	0	1VFB_A_30
876	4KRP_B_EB113A	EB113A	EB105A	4KRP	4KRP_B	Not Mapped	-1.607	-1.607	1.66e-07	2.5e-06	RIM	SPR	2	AB/AG	AB/AG	0	4KRP_B_113
877	3TGK_E_NE194D	NE194D	NE170D	3TGK	3TGK_E	P00763	0.17	0.17	1.2e-05	9e-06	INT	ITC	1	Pr/PI	Pr/PI	0	3TGK_E_194
878	1E50_A_TA149A	TA149A	TA91A	1E50	1E50_A	Q01196	-1.513	-1.513,-1.513	1.4e-08,2.61e-08	1.8e-07,1.52e-07	COR	ESMA	2		1E50_A_B,1H9D_A_B	0	1E50_A_149
879	1E50_A_YA113A	YA113A	YA55A	1E50	1E50_A	Q01196	-0.945	-0.945,-0.945	1.4e-08,2.61e-08	6.9e-08,1.16e-07	COR	ESMA	2		1E50_A_B,1H9D_A_B	0	1E50_A_113
880	1E50_A_NA109A	NA109A	NA51A	1E50	1E50_A	Q01196	-2.433	-2.433,-2.433	1.4e-08,2.61e-08	8.5e-07,2.81e-07	SUP	ESMA	2		1E50_A_B,1H9D_A_B	0	1E50_A_109
881	1E50_A_DA66A	DA66A	DA8A	1E50	1E50_A	Q01196	0.402	0.402,0.402	1.4e-08,2.61e-08	7.1e-09,1.77e-08	RIM	ESMA	2		1E50_A_B,1H9D_A_B	0	1E50_A_66
882	1E50_A_MA106A	MA106A	MA48A	1E50	1E50_A	Q01196	-1.32	-1.32	1.4e-08	1.3e-07	COR	ESMA	2		1E50_A_B,1H9D_A_B	0	1E50_A_106
883	1E50_A_NA69A	NA69A	NA11A	1E50	1E50_A	Q01196	-0.678	-0.678	1.4e-08	4.4e-08	SUP	ESMA	2		1E50_A_B,1H9D_A_B	0	1E50_A_69
884	1E50_A_KA144M	KA144M	KA86M	1E50	1E50_A	Q01196	-0.32	-0.32	2.61e-08	4.48e-08	INT	ESMA	2		1E50_A_B,1H9D_A_B	0	1E50_A_144
885	1E50_A_RA142A	RA142A	RA84A	1E50	1E50_A	Q01196	0.191	0.191	2.61e-08	1.89e-08	SUR	ESMA	2		1E50_A_B,1H9D_A_B	0	1E50_A_142
886	1E50_A_TA161A	TA161A	TA103A	1E50	1E50_A	Q01196	-2.185	-2.185	1.4e-08	5.6e-07	COR	ESMA	2		1E50_A_B,1H9D_A_B	0	1E50_A_161
887	1E50_A_VA159A	VA159A	VA101A	1E50	1E50_A	Q01196	0.044	0.044	1.4e-08	1.3e-08	COR	ESMA	2		1E50_A_B,1H9D_A_B	0	1E50_A_159
888	1E50_A_SA114A	SA114A	SA56A	1E50	1E50_A	Q01196	-0.978	-0.978	1.4e-08	7.3e-08	COR	ESMA	2		1E50_A_B,1H9D_A_B	0	1E50_A_114
889	4B0M_B_AB141G	AB141G	AB127G	4B0M	4B0M_B	P26948	-0.298	-0.298	2.42e-06	4e-06	COR	SPR	2		4B0M_A_BM	0	4B0M_B_141
890	3QDG_E_TE102F	TE102F	TE99F	3QDG	3QDG_E	Not Mapped	0.039	0.039	9.5e-06	8.9e-06	COR	SPR	2	TCR/pMHC	TCR/pMHC,1JCK_A_B	0	3QDG_E_102
891	3QDG_E_FE100W	FE100W	FE97W	3QDG	3QDG_E	Not Mapped	-0.935	-0.935	9.5e-06	4.6e-05	COR	SPR	2	TCR/pMHC	TCR/pMHC,1JCK_A_B	0	3QDG_E_100
892	3QDG_E_LE98W	LE98W	LE95W	3QDG	3QDG_E	Not Mapped	0.703	0.703	9.5e-06	2.9e-06	RIM	SPR	2	TCR/pMHC	TCR/pMHC,1JCK_A_B	0	3QDG_E_98
893	3QDG_E_FE100Y	FE100Y	FE97Y	3QDG	3QDG_E	Not Mapped	-1.395	-1.395	9.5e-06	0.0001	COR	SPR	2	TCR/pMHC	TCR/pMHC,1JCK_A_B	0	3QDG_E_100
894	3QDG_E_AE55P	AE55P	AE52P	3QDG	3QDG_E	Not Mapped	0.066	0.066	9.5e-06	8.5e-06	RIM	SPR	2	TCR/pMHC	TCR/pMHC,1JCK_A_B	0	3QDG_E_55
895	5E9D_E_NE28G	NE28G	NE27G	5E9D	5E9D_E	A0A0K0K1A5	-0.275	-0.275	1.37e-07	2.18e-07	SUR	FL	2	TCR/pMHC	TCR/pMHC,4N8V_G_ABC	0	5E9D_E_28
896	5E9D_E_AE99Y	AE99Y	AE98Y	5E9D	5E9D_E	A0A0K0K1A5	0.9	0.9	1.37e-07	3e-08	RIM	FL	2	TCR/pMHC	TCR/pMHC,4N8V_G_ABC	0	5E9D_E_99
897	5E9D_E_VE50D	VE50D	VE49D	5E9D	5E9D_E	A0A0K0K1A5	0.433	0.433	1.37e-07	6.6e-08	SUR	FL	2	TCR/pMHC	TCR/pMHC,4N8V_G_ABC	0	5E9D_E_50
898	4JFD_C_AC4G	AC4G	AC4G	4JFD	4JFD_C	Not Mapped	6.518	6.518	3.6e-05	6e-10	COR	SPR	2	TCR/pMHC	TCR/pMHC,1JCK_A_B	0	4JFD_C_4
899	1AO7_E_PE103A	PE103A	PE100A	1AO7	1AO7_E	P01850	-1.149	-1.149,-1.149,-1.149,-1.149	2.86e-06,3.07e-06,1.96e-06,2.87e-06	1.99e-05,2.05e-05,1.48e-05,2.03e-05	SUP	SPR	2	TCR/pMHC	TCR/pMHC,1JCK_A_B	0	1AO7_E_103
900	1AO7_E_RE95A	RE95A	RE92A	1AO7	1AO7_E	P01850	-0.453	-0.453,-0.453,-0.453,-0.453	1.95e-06,2.89e-06,1.69e-06,1.69e-06	4.19e-06,4.08e-06,3.82e-06,3.43e-06	SUP	SPR	2	TCR/pMHC	TCR/pMHC,1JCK_A_B	0	1AO7_E_95
901	1AO7_E_GE100S	GE100S	GE97S	1AO7	1AO7_E	P01850	0.341	0.341,0.341	3.2e-06,2.1e-06	1.8e-06,1.24e-06	COR	SPR	2	TCR/pMHC	TCR/pMHC,1JCK_A_B	0	1AO7_E_100
902	1AO7_E_AE99M	AE99M	AE96M	1AO7	1AO7_E	P01850	0.309	0.309,0.309	3.2e-06,2.1e-06	1.9e-06,1.24e-06	RIM	SPR	2	TCR/pMHC	TCR/pMHC,1JCK_A_B	0	1AO7_E_99
903	1AO7_E_EE30A	EE30A	EE28A	1AO7	1AO7_E	P01850	-2.022	-2.022	3.04e-06	9.23e-05	RIM	SPR	2	TCR/pMHC	TCR/pMHC,1JCK_A_B	0	1AO7_E_30
904	1AO7_E_RE102A	RE102A	RE99A	1AO7	1AO7_E	P01850	-0.065	-0.065	2.86e-06	3.19e-06	RIM	SPR	2	TCR/pMHC	TCR/pMHC,1JCK_A_B	0	1AO7_E_102
905	1AO7_E_GE101A	GE101A	GE98A	1AO7	1AO7_E	P01850	1.091	1.091	2.1e-06	3.33e-07	COR	SPR	2	TCR/pMHC	TCR/pMHC,1JCK_A_B	0	1AO7_E_101
906	1AO7_E_AE99K	AE99K	AE96K	1AO7	1AO7_E	P01850	-0.062	-0.062	2.1e-06	2.33e-06	RIM	SPR	2	TCR/pMHC	TCR/pMHC,1JCK_A_B	0	1AO7_E_99
907	1AO7_E_IE54R	IE54R	IE52R	1AO7	1AO7_E	P01850	-1.364	-1.364	2.1e-06	2.1e-05	RIM	SPR	2	TCR/pMHC	TCR/pMHC,1JCK_A_B	0	1AO7_E_54
908	1AO7_E_RE102P	RE102P	RE99P	1AO7	1AO7_E	P01850	1.942	1.942	2.2e-06	8.3e-08	RIM	SPR	2	TCR/pMHC	TCR/pMHC,1JCK_A_B	0	1AO7_E_102
909	1AO7_E_GE101P	GE101P	GE98P	1AO7	1AO7_E	P01850	-0.45	-0.45	2.2e-06	4.7e-06	COR	SPR	2	TCR/pMHC	TCR/pMHC,1JCK_A_B	0	1AO7_E_101
910	1AO7_E_AE52P	AE52P	AE50P	1AO7	1AO7_E	P01850	0.326	0.326	2.2e-06	1.27e-06	SUR	SPR	2	TCR/pMHC	TCR/pMHC,1JCK_A_B	0	1AO7_E_52
911	1AO7_E_RE102Q	RE102Q	RE99Q	1AO7	1AO7_E	P01850	-0.411	-0.411	2.1e-06	4.2e-06	RIM	SPR	2	TCR/pMHC	TCR/pMHC,1JCK_A_B	0	1AO7_E_102
912	1DVF_D_YD98A	YD98A	YD102A	1DVF	1DVF_D	A0NA69	-4.742	-4.742	1.08e-08	3.23e-05	COR	SPR	1	AB/AG	AB/AG	0	1DVF_D_98
913	1DVF_D_ID97A	ID97A	ID101A	1DVF	1DVF_D	A0NA69	-2.683	-2.683	1.08e-08	1e-06	COR	SPR	1	AB/AG	AB/AG	0	1DVF_D_97
914	1DVF_D_DD52A	DD52A	DD52A	1DVF	1DVF_D	A0NA69	-1.683	-1.683	1.08e-08	1.85e-07	SUP	SPR	1	AB/AG	AB/AG	0	1DVF_D_52
915	1DVF_D_HD33A	HD33A	HD33A	1DVF	1DVF_D	A0NA69	-1.861	-1.861	1.08e-08	2.5e-07	COR	SPR	1	AB/AG	AB/AG	0	1DVF_D_33
916	1DVF_D_KD30A	KD30A	KD30A	1DVF	1DVF_D	A0NA69	-1.004	-1.004	1.08e-08	5.88e-08	RIM	SPR	1	AB/AG	AB/AG	0	1DVF_D_30
917	1DVF_D_RD100bA	RD100bA	RD106A	1DVF	1DVF_D	A0NA69	-4.093	-4.093	1.08e-08	1.08e-05	COR	SPR	1	AB/AG	AB/AG	0	1DVF_D_100b
918	1DVF_D_ND54A	ND54A	ND55A	1DVF	1DVF_D	A0NA69	-1.861	-1.861	1.08e-08	2.5e-07	RIM	SPR	1	AB/AG	AB/AG	0	1DVF_D_54
919	1DVF_D_QD100A	QD100A	QD104A	1DVF	1DVF_D	A0NA69	-1.629	-1.629	1.08e-08	1.69e-07	COR	SPR	1	AB/AG	AB/AG	0	1DVF_D_100
920	4FTV_D_DD99A	DD99A	DD93A	4FTV	4FTV_D	Not Mapped	-1.014	-1.014,-1.014	2.13e-06,2.87e-06	1.18e-05,1.07e-05	COR	SPR	2	TCR/pMHC	TCR/pMHC,1JCK_A_B	0	4FTV_D_99
921	4FTV_D_KD68A	KD68A	KD66A	4FTV	4FTV_D	Not Mapped	1.58	1.58	1.87e-06	1.3e-07	COR	SPR	2	TCR/pMHC	TCR/pMHC,1JCK_A_B	0	4FTV_D_68
922	4FTV_A_RA65A	RA65A	RA65A	4FTV	4FTV_A	P04439	-3.827	-3.827,-3.827	2.13e-06,2.87e-06	0.00136,0.000624	RIM	SPR	2	TCR/pMHC	TCR/pMHC,1JCK_A_B	0	4FTV_A_65
923	4FTV_A_TA163A	TA163A	TA163A	4FTV	4FTV_A	P04439	-0.361	-0.361	1.87e-06	3.44e-06	COR	SPR	2	TCR/pMHC	TCR/pMHC,1JCK_A_B	0	4FTV_A_163
924	1MHP_H_FH99W	FH99W	FH99W	1MHP	1MHP_H	Not Mapped	0.0	0.0,0.0,0.0,0.0	8.5e-09,8.5e-09,8.5e-09,8.5e-09	8.5e-09,8.5e-09,8.5e-09,8.5e-09	SUR	ELISA,KinExA	2	AB/AG	AB/AG	0	1MHP_H_99
925	1MHP_H_FH99Y	FH99Y	FH99Y	1MHP	1MHP_H	Not Mapped	-0.755	-0.755,-0.755	8.5e-09,8.5e-09	3.04e-08,3.04e-08	SUR	ELISA	2	AB/AG	AB/AG	0	1MHP_H_99
926	1MHP_H_GH54Y	GH54Y	GH54Y	1MHP	1MHP_H	Not Mapped	0.0	0.0,0.0	8.5e-09,8.5e-09	8.5e-09,8.5e-09	RIM	ELISA,KinExA	2	AB/AG	AB/AG	0	1MHP_H_54
927	1MHP_H_GH100F	GH100F	GH100F	1MHP	1MHP_H	Not Mapped	-0.574	-0.574,-0.574	8.5e-09,8.5e-09	2.24e-08,1.2e-08	RIM	ELISA,KinExA	2	AB/AG	AB/AG	0	1MHP_H_100
928	1MHP_H_GH100M	GH100M	GH100M	1MHP	1MHP_H	Not Mapped	-0.102	-0.102,-0.102	8.5e-09,8.5e-09	1.01e-08,1.01e-08	RIM	ELISA,KinExA	2	AB/AG	AB/AG	0	1MHP_H_100
929	1MHP_H_KH64D	KH64D	KH64D	1MHP	1MHP_H	Not Mapped	0.123	0.123,0.123	8.5e-09,8.5e-09	6.91e-09,5.86e-09	SUR	ELISA,KinExA	2	AB/AG	AB/AG	0	1MHP_H_64
930	1MHP_H_KH64Q	KH64Q	KH64Q	1MHP	1MHP_H	Not Mapped	0.155	0.155,0.155	8.5e-09,8.5e-09	6.54e-09,8.5e-09	SUR	ELISA,KinExA	2	AB/AG	AB/AG	0	1MHP_H_64
931	1MHP_H_KH64E	KH64E	KH64E	1MHP	1MHP_H	Not Mapped	0.155	0.155,0.155	8.5e-09,8.5e-09	6.54e-09,8.5e-09	SUR	ELISA,KinExA	2	AB/AG	AB/AG	0	1MHP_H_64
932	1MHP_H_LH60D	LH60D	LH60D	1MHP	1MHP_H	Not Mapped	0.123	0.123,0.123	8.5e-09,8.5e-09	6.91e-09,8.5e-09	INT	ELISA,KinExA	2	AB/AG	AB/AG	0	1MHP_H_60
933	1MHP_H_TH50V	TH50V	TH50V	1MHP	1MHP_H	Not Mapped	0.263	0.263,0.263	8.5e-09,8.5e-09	5.45e-09,8.5e-09	SUP	ELISA,KinExA	2	AB/AG	AB/AG	0	1MHP_H_50
934	1MHP_H_KH64N	KH64N	KH64N	1MHP	1MHP_H	Not Mapped	0.073	0.073,0.073	8.5e-09,8.5e-09	7.52e-09,8.5e-09	SUR	ELISA,KinExA	2	AB/AG	AB/AG	0	1MHP_H_64
935	1MHP_H_YH59E	YH59E	YH59E	1MHP	1MHP_H	Not Mapped	-0.544	-0.544	8.5e-09	2.13e-08	SUP	ELISA	2	AB/AG	AB/AG	0	1MHP_H_59
936	1MHP_H_SH35Q	SH35Q	SH35Q	1MHP	1MHP_H	Not Mapped	-2.728	-2.728	8.5e-09	8.5e-07	INT	ELISA	2	AB/AG	AB/AG	0	1MHP_H_35
937	1MHP_H_RH31Q	RH31Q	RH31Q	1MHP	1MHP_H	Not Mapped	-1.308	-1.308	8.5e-09	7.73e-08	RIM	ELISA	2	AB/AG	AB/AG	0	1MHP_H_31
938	1MHP_H_TH33V	TH33V	TH33V	1MHP	1MHP_H	Not Mapped	-0.435	-0.435	8.5e-09	1.77e-08	SUP	ELISA	2	AB/AG	AB/AG	0	1MHP_H_33
939	1MHP_H_YH58W	YH58W	YH58W	1MHP	1MHP_H	Not Mapped	-0.821	-0.821	8.5e-09	3.4e-08	COR	ELISA	2	AB/AG	AB/AG	0	1MHP_H_58
940	1MHP_H_YH58E	YH58E	YH58E	1MHP	1MHP_H	Not Mapped	-2.077	-2.077	8.5e-09	2.83e-07	COR	ELISA	2	AB/AG	AB/AG	0	1MHP_H_58
941	1MHP_H_YH58Q	YH58Q	YH58Q	1MHP	1MHP_H	Not Mapped	-2.077	-2.077	8.5e-09	2.83e-07	COR	ELISA	2	AB/AG	AB/AG	0	1MHP_H_58
942	1MHP_H_GH54T	GH54T	GH54T	1MHP	1MHP_H	Not Mapped	-1.165	-1.165	8.5e-09	6.07e-08	RIM	ELISA	2	AB/AG	AB/AG	0	1MHP_H_54
943	1MHP_H_GH54I	GH54I	GH54I	1MHP	1MHP_H	Not Mapped	-1.364	-1.364	8.5e-09	8.5e-08	RIM	ELISA	2	AB/AG	AB/AG	0	1MHP_H_54
944	1MHP_H_GH53A	GH53A	GH53A	1MHP	1MHP_H	Not Mapped	-0.513	-0.513	8.5e-09	2.02e-08	COR	ELISA	2	AB/AG	AB/AG	0	1MHP_H_53
945	1MHP_H_GH53S	GH53S	GH53S	1MHP	1MHP_H	Not Mapped	-0.676	-0.676	8.5e-09	2.66e-08	COR	ELISA	2	AB/AG	AB/AG	0	1MHP_H_53
946	1MHP_H_SH52M	SH52M	SH52M	1MHP	1MHP_H	Not Mapped	-2.077	-2.077	8.5e-09	2.83e-07	SUP	ELISA	2	AB/AG	AB/AG	0	1MHP_H_52
947	1MHP_H_GH53N	GH53N	GH53N	1MHP	1MHP_H	Not Mapped	-1.256	-1.256	8.5e-09	7.08e-08	COR	ELISA	2	AB/AG	AB/AG	0	1MHP_H_53
948	1MHP_H_GH100S	GH100S	GH100S	1MHP	1MHP_H	Not Mapped	-0.558	-0.558	8.5e-09	2.18e-08	RIM	ELISA	2	AB/AG	AB/AG	0	1MHP_H_100
949	1MHP_H_GH100L	GH100L	GH100L	1MHP	1MHP_H	Not Mapped	-2.728	-2.728	8.5e-09	8.5e-07	RIM	ELISA	2	AB/AG	AB/AG	0	1MHP_H_100
950	1MHP_H_SH35A	SH35A	SH35A	1MHP	1MHP_H	Not Mapped	-1.573	-1.573	8.5e-09	1.21e-07	INT	ELISA	2	AB/AG	AB/AG	0	1MHP_H_35
951	1MHP_H_TH33N	TH33N	TH33N	1MHP	1MHP_H	Not Mapped	-2.728	-2.728	8.5e-09	8.5e-07	SUP	ELISA	2	AB/AG	AB/AG	0	1MHP_H_33
952	1A22_A_FA25A	FA25A	FA25A	1A22	1A22_A	P01241	0.447	0.447,0.447,0.447	9e-10,2.9e-09,2.6e-09	4.23e-10,1.4e-09,1.34e-09	COR	ITC,SPR	1		1A22_A_B,1BP3_A_B	0	1A22_A_25
953	1A22_A_KA172A	KA172A	KA161A	1A22	1A22_A	P01241	-2.015	-2.015,-2.015	9e-10,3.4e-10	2.7e-08,4.6e-09	SUP	SPR,RA	1		1A22_A_B,1BP3_A_B	0	1A22_A_172
954	1A22_A_DA171A	DA171A	DA160A	1A22	1A22_A	P01241	-0.791	-0.791,-0.791	9e-10,3.4e-10	3.42e-09,2.4e-09	COR	SPR,RA	1		1A22_A_B,1BP3_A_B	0	1A22_A_171
955	1A22_A_KA168A	KA168A	KA157A	1A22	1A22_A	P01241	0.155	0.155,0.155	9e-10,3.4e-10	6.93e-10,3.7e-10	COR	SPR,RA	1		1A22_A_B,1BP3_A_B	0	1A22_A_168
956	1A22_A_RA167A	RA167A	RA156A	1A22	1A22_A	P01241	-0.278	-0.278,-0.278	9e-10,3.4e-10	1.44e-09,2.6e-10	COR	SPR,RA	1		1A22_A_B,1BP3_A_B	0	1A22_A_167
957	1A22_A_QA68A	QA68A	QA68A	1A22	1A22_A	P01241	-0.588	-0.588,-0.588	9e-10,3.4e-10	2.43e-09,1.8e-09	RIM	SPR,RA	1		1A22_A_B,1BP3_A_B	0	1A22_A_68
958	1A22_A_EA65A	EA65A	EA65A	1A22	1A22_A	P01241	0.473	0.473,0.473	9e-10,3.4e-10	4.05e-10,2e-10	RIM	SPR,RA	1		1A22_A_B,1BP3_A_B	0	1A22_A_65
959	1A22_A_RA64A	RA64A	RA64A	1A22	1A22_A	P01241	-1.643	-1.643,-1.643	9e-10,3.4e-10	1.44e-08,7.11e-09	COR	SPR,RA	1		1A22_A_B,1BP3_A_B	0	1A22_A_64
960	1A22_A_NA63A	NA63A	NA63A	1A22	1A22_A	P01241	-0.314	-0.314,-0.314	9e-10,3.4e-10	1.53e-09,1.12e-09	COR	SPR,RA	1		1A22_A_B,1BP3_A_B	0	1A22_A_63
961	1A22_A_EA186A	EA186A	EA175A	1A22	1A22_A	P01241	0.012	0.012,0.012	9e-10,3.4e-10	8.82e-10,2.7e-10	SUR	SPR,RA	1		1A22_A_B,1BP3_A_B	0	1A22_A_186
962	1A22_A_RA183A	RA183A	RA172A	1A22	1A22_A	P01241	-0.543	-0.543,-0.543	9e-10,3.4e-10	2.25e-09,7.1e-10	RIM	SPR,RA	1		1A22_A_B,1BP3_A_B	0	1A22_A_183
963	1A22_A_IA179A	IA179A	IA168A	1A22	1A22_A	P01241	-0.806	-0.806,-0.806	9e-10,3.4e-10	3.51e-09,9.2e-10	SUP	SPR,RA	1		1A22_A_B,1BP3_A_B	0	1A22_A_179
964	1A22_A_FA176A	FA176A	FA165A	1A22	1A22_A	P01241	-0.411	-0.411,-0.411	9e-10,3.4e-10	1.8e-09,5.4e-09	SUP	SPR,RA	1		1A22_A_B,1BP3_A_B	0	1A22_A_176
965	1A22_A_EA174A	EA174A	EA163A	1A22	1A22_A	P01241	0.925	0.925,0.925	9e-10,3.4e-10	1.89e-10,7.5e-11	COR	SPR,RA	1		1A22_A_B,1BP3_A_B	0	1A22_A_174
966	1A22_A_SA62A	SA62A	SA62A	1A22	1A22_A	P01241	-0.155	-0.155,-0.155	9e-10,3.4e-10	1.17e-09,1e-09	COR	SPR,RA	1		1A22_A_B,1BP3_A_B	0	1A22_A_62
967	1A22_A_EA56A	EA56A	EA56A	1A22	1A22_A	P01241	-0.411	-0.411,-0.411	9e-10,3.4e-10	1.8e-09,1.4e-09	RIM	SPR,RA	1		1A22_A_B,1BP3_A_B	0	1A22_A_56
968	1A22_A_HA18A	HA18A	HA18A	1A22	1A22_A	P01241	0.486	0.486,0.486	9e-10,3.4e-10	3.96e-10,2.4e-10	COR	SPR,RA	1		1A22_A_B,1BP3_A_B	0	1A22_A_18
969	1A22_A_MA14A	MA14A	MA14A	1A22	1A22_A	P01241	0.0	0.0,0.0	9e-10,3.4e-10	9e-10,7.5e-10	INT	SPR,RA	1		1A22_A_B,1BP3_A_B	0	1A22_A_14
970	1A22_A_YA164A	YA164A	YA153A	1A22	1A22_A	P01241	-0.348	-0.348	9e-10	1.62e-09	SUP	SPR	1		1A22_A_B,1BP3_A_B	0	1A22_A_164
971	1A22_A_PA61A	PA61A	PA61A	1A22	1A22_A	P01241	-1.209	-1.209	9e-10	6.93e-09	SUP	SPR	1		1A22_A_B,1BP3_A_B	0	1A22_A_61
972	1A22_A_SA51A	SA51A	SA51A	1A22	1A22_A	P01241	-0.348	-0.348	9e-10	1.62e-09	SUP	SPR	1		1A22_A_B,1BP3_A_B	0	1A22_A_51
973	1A22_A_PA48A	PA48A	PA48A	1A22	1A22_A	P01241	-0.411	-0.411	9e-10	1.8e-09	COR	SPR	1		1A22_A_B,1BP3_A_B	0	1A22_A_48
974	1A22_A_QA46A	QA46A	QA46A	1A22	1A22_A	P01241	-0.108	-0.108	9e-10	1.08e-09	RIM	SPR	1		1A22_A_B,1BP3_A_B	0	1A22_A_46
975	1A22_A_LA45A	LA45A	LA45A	1A22	1A22_A	P01241	-1.225	-1.225	9e-10	7.11e-09	COR	SPR	1		1A22_A_B,1BP3_A_B	0	1A22_A_45
976	1A22_A_YA42A	YA42A	YA42A	1A22	1A22_A	P01241	-0.199	-0.199	9e-10	1.26e-09	COR	SPR	1		1A22_A_B,1BP3_A_B	0	1A22_A_42
977	1A22_A_QA29A	QA29A	QA29A	1A22	1A22_A	P01241	0.589	0.589	9e-10	3.33e-10	SUR	SPR	1		1A22_A_B,1BP3_A_B	0	1A22_A_29
978	1A22_A_DA26A	DA26A	DA26A	1A22	1A22_A	P01241	0.211	0.211	9e-10	6.3e-10	SUR	SPR	1		1A22_A_B,1BP3_A_B	0	1A22_A_26
979	1A22_A_QA22A	QA22A	QA22A	1A22	1A22_A	P01241	0.22	0.22	9e-10	6.21e-10	RIM	SPR	1		1A22_A_B,1BP3_A_B	0	1A22_A_22
980	1A22_A_HA21A	HA21A	HA21A	1A22	1A22_A	P01241	-0.155	-0.155	9e-10	1.17e-09	SUP	SPR	1		1A22_A_B,1BP3_A_B	0	1A22_A_21
981	1A22_A_RA178A	RA178A	RA167A	1A22	1A22_A	P01241	-2.426	-2.426	9e-10	5.4e-08	COR	SPR	1		1A22_A_B,1BP3_A_B	0	1A22_A_178
982	1A22_A_TA175A	TA175A	TA164A	1A22	1A22_A	P01241	-1.907	-1.907	9e-10	2.25e-08	COR	SPR	1		1A22_A_B,1BP3_A_B	0	1A22_A_175
983	1A22_A_NA12A	NA12A	NA12A	1A22	1A22_A	P01241	-0.096	-0.096	3.4e-10	4e-10	SUR	RA	2		1A22_A_B,1BP3_A_B	0	1A22_A_12
984	1A22_A_FA10A	FA10A	FA10A	1A22	1A22_A	P01241	-1.05	-1.05	3.4e-10	2e-09	INT	RA	2		1A22_A_B,1BP3_A_B	0	1A22_A_10
985	1A22_A_LA9A	LA9A	LA9A	1A22	1A22_A	P01241	0.036	0.036	3.4e-10	3.2e-10	SUR	RA	2		1A22_A_B,1BP3_A_B	0	1A22_A_9
986	1A22_A_RA8A	RA8A	RA8A	1A22	1A22_A	P01241	-0.204	-0.204	3.4e-10	4.8e-10	SUR	RA	2		1A22_A_B,1BP3_A_B	0	1A22_A_8
987	1A22_A_SA7A	SA7A	SA7A	1A22	1A22_A	P01241	-0.346	-0.346	3.4e-10	6.1e-10	SUR	RA	2		1A22_A_B,1BP3_A_B	0	1A22_A_7
988	1A22_A_LA6A	LA6A	LA6A	1A22	1A22_A	P01241	-0.639	-0.639	3.4e-10	1e-09	INT	RA	2		1A22_A_B,1BP3_A_B	0	1A22_A_6
989	1A22_A_PA5A	PA5A	PA5A	1A22	1A22_A	P01241	-0.436	-0.436	3.4e-10	7.1e-10	SUR	RA	2		1A22_A_B,1BP3_A_B	0	1A22_A_5
990	1A22_A_IA4A	IA4A	IA4A	1A22	1A22_A	P01241	-0.411	-0.411	3.4e-10	6.8e-10	SUR	RA	2		1A22_A_B,1BP3_A_B	0	1A22_A_4
991	1A22_A_TA3A	TA3A	TA3A	1A22	1A22_A	P01241	0.055	0.055	3.4e-10	3.1e-10	SUR	RA	2		1A22_A_B,1BP3_A_B	0	1A22_A_3
992	1A22_A_PA2A	PA2A	PA2A	1A22	1A22_A	P01241	0.055	0.055	3.4e-10	3.1e-10	SUR	RA	2		1A22_A_B,1BP3_A_B	0	1A22_A_2
993	1A22_A_VA180A	VA180A	VA169A	1A22	1A22_A	P01241	0.0	0.0	3.4e-10	3.4e-10	INT	RA	2		1A22_A_B,1BP3_A_B	0	1A22_A_180
994	1A22_A_RA178N	RA178N	RA167N	1A22	1A22_A	P01241	-1.27	-1.27	3.4e-10	2.9e-09	COR	RA	2		1A22_A_B,1BP3_A_B	0	1A22_A_178
995	1A22_A_TA175S	TA175S	TA164S	1A22	1A22_A	P01241	-1.691	-1.691	3.4e-10	5.9e-09	COR	RA	2		1A22_A_B,1BP3_A_B	0	1A22_A_175
996	1A22_A_LA73A	LA73A	LA73A	1A22	1A22_A	P01241	0.206	0.206	3.4e-10	2.4e-10	INT	RA	2		1A22_A_B,1BP3_A_B	0	1A22_A_73
997	1A22_A_SA71A	SA71A	SA71A	1A22	1A22_A	P01241	-0.411	-0.411	3.4e-10	6.8e-10	SUR	RA	2		1A22_A_B,1BP3_A_B	0	1A22_A_71
998	1A22_A_KA70A	KA70A	KA70A	1A22	1A22_A	P01241	-0.522	-0.522	3.4e-10	8.2e-10	SUR	RA	2		1A22_A_B,1BP3_A_B	0	1A22_A_70
999	1A22_A_QA69A	QA69A	QA69A	1A22	1A22_A	P01241	0.055	0.055	3.4e-10	3.1e-10	SUR	RA	2		1A22_A_B,1BP3_A_B	0	1A22_A_69
1000	1A22_A_EA66A	EA66A	EA66A	1A22	1A22_A	P01241	-0.436	-0.436	3.4e-10	7.1e-10	SUR	RA	2		1A22_A_B,1BP3_A_B	0	1A22_A_66
1001	1A22_A_PA59A	PA59A	PA59A	1A22	1A22_A	P01241	-0.384	-0.384	3.4e-10	6.5e-10	SUR	RA	2		1A22_A_B,1BP3_A_B	0	1A22_A_59
1002	1A22_A_IA58A	IA58A	IA58A	1A22	1A22_A	P01241	-1.66	-1.66	3.4e-10	5.6e-09	INT	RA	2		1A22_A_B,1BP3_A_B	0	1A22_A_58
1003	1A22_A_SA57A	SA57A	SA57A	1A22	1A22_A	P01241	-0.204	-0.204	3.4e-10	4.8e-10	SUR	RA	2		1A22_A_B,1BP3_A_B	0	1A22_A_57
1004	1A22_A_SA55A	SA55A	SA55A	1A22	1A22_A	P01241	-0.111	-0.111	3.4e-10	4.1e-10	INT	RA	2		1A22_A_B,1BP3_A_B	0	1A22_A_55
1005	1A22_A_FA54A	FA54A	FA54A	1A22	1A22_A	P01241	-0.879	-0.879	3.4e-10	1.5e-09	INT	RA	2		1A22_A_B,1BP3_A_B	0	1A22_A_54
1006	1A22_A_RA19A	RA19A	RA19A	1A22	1A22_A	P01241	-0.05	-0.05	3.4e-10	3.7e-10	SUR	RA	2		1A22_A_B,1BP3_A_B	0	1A22_A_19
1007	1A22_A_RA16A	RA16A	RA16A	1A22	1A22_A	P01241	-0.24	-0.24	3.4e-10	5.1e-10	INT	RA	2		1A22_A_B,1BP3_A_B	0	1A22_A_16
1008	1A22_A_LA15A	LA15A	LA15A	1A22	1A22_A	P01241	-0.153	-0.153	3.4e-10	4.4e-10	SUR	RA	2		1A22_A_B,1BP3_A_B	0	1A22_A_15
1009	1A22_A_RA178K	RA178K	RA167K	1A22	1A22_A	P01241	-0.954	-0.954	3.4e-10	1.7e-09	COR	RA	2		1A22_A_B,1BP3_A_B	0	1A22_A_178
1010	1A22_A_FA176Y	FA176Y	FA165Y	1A22	1A22_A	P01241	-1.27	-1.27	3.4e-10	2.9e-09	SUP	RA	2		1A22_A_B,1BP3_A_B	0	1A22_A_176
1011	1A22_A_RA64K	RA64K	RA64K	1A22	1A22_A	P01241	0.314	0.314	3.4e-10	2e-10	COR	RA	2		1A22_A_B,1BP3_A_B	0	1A22_A_64
1012	1A22_A_IA58L	IA58L	IA58L	1A22	1A22_A	P01241	-0.316	-0.316	3.4e-10	5.8e-10	INT	RA	2		1A22_A_B,1BP3_A_B	0	1A22_A_58
1013	1A22_A_FA191A	FA191A	FA180A	1A22	1A22_A	P01241	-0.192	-0.192	3.4e-10	4.7e-10	RIM	RA	2		1A22_A_B,1BP3_A_B	0	1A22_A_191
1014	1A22_A_SA188A	SA188A	SA177A	1A22	1A22_A	P01241	0.206	0.206	3.4e-10	2.4e-10	SUR	RA	2		1A22_A_B,1BP3_A_B	0	1A22_A_188
1015	1A22_A_GA187A	GA187A	GA176A	1A22	1A22_A	P01241	-0.346	-0.346	3.4e-10	6.1e-10	SUR	RA	2		1A22_A_B,1BP3_A_B	0	1A22_A_187
1016	1A22_A_VA185A	VA185A	VA174A	1A22	1A22_A	P01241	-0.879	-0.879	3.4e-10	1.5e-09	INT	RA	2		1A22_A_B,1BP3_A_B	0	1A22_A_185
1017	1A22_A_SA184A	SA184A	SA173A	1A22	1A22_A	P01241	0.055	0.055	3.4e-10	3.1e-10	SUR	RA	2		1A22_A_B,1BP3_A_B	0	1A22_A_184
1018	1A22_A_CA182A	CA182A	CA171A	1A22	1A22_A	P01241	-1.019	-1.019	3.4e-10	1.9e-09	COR	RA	2		1A22_A_B,1BP3_A_B	0	1A22_A_182
1019	1A22_A_QA181A	QA181A	QA170A	1A22	1A22_A	P01241	-0.274	-0.274	3.4e-10	5.4e-10	INT	RA	2		1A22_A_B,1BP3_A_B	0	1A22_A_181
1020	2OI9_Q_FQ5R	FQ5R	FQ5R	2OI9	2OI9_Q	Not Mapped	-3.101	-3.101	1.6e-06	0.0003	COR	SPR	2	TCR/pMHC	TCR/pMHC,1JCK_A_B	0	2OI9_Q_5
1021	1KIR_A_SA50Y	SA50Y	SA50Y	1KIR	1KIR_A	Not Mapped	1.388	1.388	3.85e-08	3.7e-09	COR	ITC	1	AB/AG	AB/AG	0	1KIR_A_50
1022	1DQJ_A_SA91A	SA91A	SA91A	1DQJ	1DQJ_A	P01837	-1.433	-1.433	2.78e-09	3.12e-08	SUP	SPR	1	AB/AG	AB/AG	0	1DQJ_A_91
1023	1DQJ_A_YA50A	YA50A	YA50A	1DQJ	1DQJ_A	P01837	-2.679	-2.679	2.78e-09	2.56e-07	COR	SPR	1	AB/AG	AB/AG	0	1DQJ_A_50
1024	1DQJ_A_NA32A	NA32A	NA32A	1DQJ	1DQJ_A	P01837	-4.093	-4.093	2.78e-09	2.78e-06	SUP	SPR	1	AB/AG	AB/AG	0	1DQJ_A_32
1025	1DQJ_A_NA31A	NA31A	NA31A	1DQJ	1DQJ_A	P01837	-2.014	-2.014	2.78e-09	8.33e-08	COR	SPR	1	AB/AG	AB/AG	0	1DQJ_A_31
1026	1DQJ_A_YA96A	YA96A	YA96A	1DQJ	1DQJ_A	P01837	-1.136	-1.136	2.78e-09	1.89e-08	SUP	SPR	1	AB/AG	AB/AG	0	1DQJ_A_96
1027	4RS1_A_DA112K	DA112K	DA92K	4RS1	4RS1_A	P04141	-3.26	-3.26,-3.26	1.9e-09,1.7e-09	4.66e-07,1.4e-06	COR	IARA	2		4RS1_A_B,4NKQ_C_AB	0	4RS1_A_112
1028	4RS1_A_DA112A	DA112A	DA92A	4RS1	4RS1_A	P04141	-2.133	-2.133,-2.133	1.9e-09,1.7e-09	6.96e-08,3.1e-08	COR	IARA	2		4RS1_A_B,4NKQ_C_AB	0	4RS1_A_112
1029	4RS1_A_FA119A	FA119A	FA99A	4RS1	4RS1_A	P04141	-3.626	-3.626	1.9e-09	8.65e-07	COR	IARA	2		4RS1_A_B,4NKQ_C_AB	0	4RS1_A_119
1030	4RS1_A_LA115A	LA115A	LA95A	4RS1	4RS1_A	P04141	-2.366	-2.366	1.9e-09	1.03e-07	COR	IARA	2		4RS1_A_B,4NKQ_C_AB	0	4RS1_A_115
1031	4RS1_A_QA99E	QA99E	QA79E	4RS1	4RS1_A	P04141	-1.212	-1.212	1.9e-09	1.47e-08	COR	IARA	2		4RS1_A_B,4NKQ_C_AB	0	4RS1_A_99
1032	4RS1_A_QA99A	QA99A	QA79A	4RS1	4RS1_A	P04141	-0.47	-0.47	1.9e-09	4.2e-09	COR	IARA	2		4RS1_A_B,4NKQ_C_AB	0	4RS1_A_99
1033	4RS1_A_DA48K	DA48K	DA28K	4RS1	4RS1_A	P04141	-3.619	-3.619	1.9e-09	8.55e-07	COR	IARA	2		4RS1_A_B,4NKQ_C_AB	0	4RS1_A_48
1034	4RS1_A_DA48A	DA48A	DA28A	4RS1	4RS1_A	P04141	-2.592	-2.592	1.9e-09	1.51e-07	COR	IARA	2		4RS1_A_B,4NKQ_C_AB	0	4RS1_A_48
1035	4RS1_A_EA45K	EA45K	EA25K	4RS1	4RS1_A	P04141	-2.14	-2.14	1.9e-09	7.04e-08	RIM	IARA	2		4RS1_A_B,4NKQ_C_AB	0	4RS1_A_45
1036	4RS1_A_EA45A	EA45A	EA25A	4RS1	4RS1_A	P04141	-1.503	-1.503	1.9e-09	2.4e-08	RIM	IARA	2		4RS1_A_B,4NKQ_C_AB	0	4RS1_A_45
1037	4RS1_A_NA109A	NA109A	NA89A	4RS1	4RS1_A	P04141	-1.29	-1.29	1.7e-09	1.5e-08	SUP	IARA	2		4RS1_A_B,4NKQ_C_AB	0	4RS1_A_109
1038	4RS1_A_NA109D	NA109D	NA89D	4RS1	4RS1_A	P04141	-0.296	-0.296	1.7e-09	2.8e-09	SUP	IARA	2		4RS1_A_B,4NKQ_C_AB	0	4RS1_A_109
1039	4RS1_A_EA108K	EA108K	EA88K	4RS1	4RS1_A	P04141	-0.337	-0.337	1.7e-09	3e-09	RIM	IARA	2		4RS1_A_B,4NKQ_C_AB	0	4RS1_A_108
1040	4RS1_A_EA108Q	EA108Q	EA88Q	4RS1	4RS1_A	P04141	-0.925	-0.925	1.7e-09	8.1e-09	RIM	IARA	2		4RS1_A_B,4NKQ_C_AB	0	4RS1_A_108
1041	4RS1_A_EA108A	EA108A	EA88A	4RS1	4RS1_A	P04141	-0.477	-0.477	1.7e-09	3.8e-09	RIM	IARA	2		4RS1_A_B,4NKQ_C_AB	0	4RS1_A_108
1042	4RS1_A_DA112R	DA112R	DA92R	4RS1	4RS1_A	P04141	-3.13	-3.13	1.7e-09	3.35e-07	COR	IARA	2		4RS1_A_B,4NKQ_C_AB	0	4RS1_A_112
1043	4RS1_A_DA112N	DA112N	DA92N	4RS1	4RS1_A	P04141	-1.43	-1.43	1.7e-09	1.9e-08	COR	IARA	2		4RS1_A_B,4NKQ_C_AB	0	4RS1_A_112
1044	4RS1_A_KA111E	KA111E	KA91E	4RS1	4RS1_A	P04141	-0.125	-0.125	1.7e-09	2.1e-09	RIM	IARA	2		4RS1_A_B,4NKQ_C_AB	0	4RS1_A_111
1045	4RS1_A_KA111Q	KA111Q	KA91Q	4RS1	4RS1_A	P04141	-0.274	-0.274	1.7e-09	2.7e-09	RIM	IARA	2		4RS1_A_B,4NKQ_C_AB	0	4RS1_A_111
1046	4RS1_A_KA111A	KA111A	KA91A	4RS1	4RS1_A	P04141	0.115	0.115	1.7e-09	1.4e-09	RIM	IARA	2		4RS1_A_B,4NKQ_C_AB	0	4RS1_A_111
1047	4RS1_A_NA109K	NA109K	NA89K	4RS1	4RS1_A	P04141	-0.91	-0.91	1.7e-09	7.9e-09	SUP	IARA	2		4RS1_A_B,4NKQ_C_AB	0	4RS1_A_109
1048	4RS1_A_RA24D	RA24D	RA11D	4RS1	4RS1_A	P04141	-0.19	-0.19	3.7e-09	5.1e-09	RIM	IARA	2		4RS1_A_B,4NKQ_C_AB	0	4RS1_A_24
1049	4RS1_A_RA23D	RA23D	RA10D	4RS1	4RS1_A	P04141	-0.178	-0.178	3.7e-09	5e-09	SUP	IARA	2		4RS1_A_B,4NKQ_C_AB	0	4RS1_A_23
1050	4RS1_A_EA21R	EA21R	EA8R	4RS1	4RS1_A	P04141	-0.394	-0.394	3.7e-09	7.2e-09	SUR	IARA	2		4RS1_A_B,4NKQ_C_AB	0	4RS1_A_21
1051	4RS1_A_IA19G	IA19G	IA6G	4RS1	4RS1_A	P04141	-0.856	-0.856	3.7e-09	1.57e-08	SUP	IARA	2		4RS1_A_B,4NKQ_C_AB	0	4RS1_A_19
1052	1BP3_A_FA176A	FA176A	FA172A	1BP3	1BP3_A	P01241	-1.911	-1.911,-1.911	3.3e-11,2.7e-07	8.3e-10,7.2e-06	SUP	RA	2		1BP3_A_B,3MZG_A_B,3N06_A_B,3N0P_A_B,3NCB_A_B,3NCC_A_B,1A22_A_B	0	1BP3_A_176
1053	1BP3_A_EA174A	EA174A	EA170A	1BP3	1BP3_A	P01241	-3.493	-3.493,-3.493	3.3e-11,2.7e-07	1.2e-08,3.6e-07	COR	RA	2		1BP3_A_B,3MZG_A_B,3N06_A_B,3N0P_A_B,3NCB_A_B,3NCC_A_B,1A22_A_B	0	1BP3_A_174
1054	1BP3_A_KA172A	KA172A	KA168A	1BP3	1BP3_A	P01241	-3.191	-3.191,-3.191	3.3e-11,2.7e-07	7.2e-09,8.2e-06	SUP	RA	2		1BP3_A_B,3MZG_A_B,3N06_A_B,3N0P_A_B,3NCB_A_B,3NCC_A_B,1A22_A_B	0	1BP3_A_172
1055	1BP3_A_RA167A	RA167A	RA163A	1BP3	1BP3_A	P01241	-3.928	-3.928,-3.928	3.3e-11,2.7e-07	2.5e-08,9.7e-06	COR	RA	2		1BP3_A_B,3MZG_A_B,3N06_A_B,3N0P_A_B,3NCB_A_B,3NCC_A_B,1A22_A_B	0	1BP3_A_167
1056	1BP3_A_IA58A	IA58A	IA58A	1BP3	1BP3_A	P01241	-1.729	-1.729,-1.729	3.3e-11,2.7e-07	6.11e-10,5.5e-06	INT	RA	2		1BP3_A_B,3MZG_A_B,3N06_A_B,3N0P_A_B,3NCB_A_B,3NCC_A_B,1A22_A_B	0	1BP3_A_58
1057	1BP3_A_HA21A	HA21A	HA21A	1BP3	1BP3_A	P01241	-2.672	-2.672,-2.672	3.3e-11,2.7e-07	3e-09,2e-07	SUP	RA	2		1BP3_A_B,3MZG_A_B,3N06_A_B,3N0P_A_B,3NCB_A_B,3NCC_A_B,1A22_A_B	0	1BP3_A_21
1058	1BP3_A_HA18A	HA18A	HA18A	1BP3	1BP3_A	P01241	-2.912	-2.912,-2.912	3.3e-11,2.7e-07	4.5e-09,3.7e-07	RIM	RA	2		1BP3_A_B,3MZG_A_B,3N06_A_B,3N0P_A_B,3NCB_A_B,3NCC_A_B,1A22_A_B	0	1BP3_A_18
1059	1BP3_A_RA19A	RA19A	RA19A	1BP3	1BP3_A	P01241	0.0	0.0	3.3e-11	3.3e-11	SUR	RA	2		1BP3_A_B,3MZG_A_B,3N06_A_B,3N0P_A_B,3NCB_A_B,3NCC_A_B,1A22_A_B	0	1BP3_A_19
1060	1BP3_A_RA16A	RA16A	RA16A	1BP3	1BP3_A	P01241	0.0	0.0	3.3e-11	3.3e-11	SUR	RA	2		1BP3_A_B,3MZG_A_B,3N06_A_B,3N0P_A_B,3NCB_A_B,3NCC_A_B,1A22_A_B	0	1BP3_A_16
1061	1BP3_A_LA15A	LA15A	LA15A	1BP3	1BP3_A	P01241	0.0	0.0	3.3e-11	3.3e-11	SUR	RA	2		1BP3_A_B,3MZG_A_B,3N06_A_B,3N0P_A_B,3NCB_A_B,3NCC_A_B,1A22_A_B	0	1BP3_A_15
1062	1BP3_A_NA12A	NA12A	NA12A	1BP3	1BP3_A	P01241	0.297	0.297	3.3e-11	2e-11	SUR	RA	2		1BP3_A_B,3MZG_A_B,3N06_A_B,3N0P_A_B,3NCB_A_B,3NCC_A_B,1A22_A_B	0	1BP3_A_12
1063	1BP3_A_FA10A	FA10A	FA10A	1BP3	1BP3_A	P01241	0.0	0.0	3.3e-11	3.3e-11	INT	RA	2		1BP3_A_B,3MZG_A_B,3N06_A_B,3N0P_A_B,3NCB_A_B,3NCC_A_B,1A22_A_B	0	1BP3_A_10
1064	1BP3_A_SA71A	SA71A	SA71A	1BP3	1BP3_A	P01241	-0.614	-0.614	3.3e-11	9.3e-11	SUR	RA	2		1BP3_A_B,3MZG_A_B,3N06_A_B,3N0P_A_B,3NCB_A_B,3NCC_A_B,1A22_A_B	0	1BP3_A_71
1065	1BP3_A_KA70A	KA70A	KA70A	1BP3	1BP3_A	P01241	-0.246	-0.246	3.3e-11	5e-11	INT	RA	2		1BP3_A_B,3MZG_A_B,3N06_A_B,3N0P_A_B,3NCB_A_B,3NCC_A_B,1A22_A_B	0	1BP3_A_70
1066	1BP3_A_QA69A	QA69A	QA69A	1BP3	1BP3_A	P01241	0.214	0.214	3.3e-11	2.3e-11	SUR	RA	2		1BP3_A_B,3MZG_A_B,3N06_A_B,3N0P_A_B,3NCB_A_B,3NCC_A_B,1A22_A_B	0	1BP3_A_69
1067	1BP3_A_QA68A	QA68A	QA68A	1BP3	1BP3_A	P01241	-0.114	-0.114	3.3e-11	4e-11	RIM	RA	2		1BP3_A_B,3MZG_A_B,3N06_A_B,3N0P_A_B,3NCB_A_B,3NCC_A_B,1A22_A_B	0	1BP3_A_68
1068	1BP3_A_EA66A	EA66A	EA66A	1BP3	1BP3_A	P01241	-0.068	-0.068	3.3e-11	3.7e-11	SUR	RA	2		1BP3_A_B,3MZG_A_B,3N06_A_B,3N0P_A_B,3NCB_A_B,3NCC_A_B,1A22_A_B	0	1BP3_A_66
1069	1BP3_A_EA65A	EA65A	EA65A	1BP3	1BP3_A	P01241	-0.546	-0.546	3.3e-11	8.3e-11	RIM	RA	2		1BP3_A_B,3MZG_A_B,3N06_A_B,3N0P_A_B,3NCB_A_B,3NCC_A_B,1A22_A_B	0	1BP3_A_65
1070	1BP3_A_RA64A	RA64A	RA64A	1BP3	1BP3_A	P01241	-0.354	-0.354	3.3e-11	6e-11	RIM	RA	2		1BP3_A_B,3MZG_A_B,3N06_A_B,3N0P_A_B,3NCB_A_B,3NCC_A_B,1A22_A_B	0	1BP3_A_64
1071	1BP3_A_NA63A	NA63A	NA63A	1BP3	1BP3_A	P01241	-0.856	-0.856	3.3e-11	1.4e-10	COR	RA	2		1BP3_A_B,3MZG_A_B,3N06_A_B,3N0P_A_B,3NCB_A_B,3NCC_A_B,1A22_A_B	0	1BP3_A_63
1072	1BP3_A_SA62A	SA62A	SA62A	1BP3	1BP3_A	P01241	-1.416	-1.416	3.3e-11	3.6e-10	RIM	RA	2		1BP3_A_B,3MZG_A_B,3N06_A_B,3N0P_A_B,3NCB_A_B,3NCC_A_B,1A22_A_B	0	1BP3_A_62
1073	1BP3_A_PA59A	PA59A	PA59A	1BP3	1BP3_A	P01241	-0.157	-0.157	3.3e-11	4.3e-11	SUR	RA	2		1BP3_A_B,3MZG_A_B,3N06_A_B,3N0P_A_B,3NCB_A_B,3NCC_A_B,1A22_A_B	0	1BP3_A_59
1074	1BP3_A_SA57A	SA57A	SA57A	1BP3	1BP3_A	P01241	-0.035	-0.035	3.3e-11	3.5e-11	SUR	RA	2		1BP3_A_B,3MZG_A_B,3N06_A_B,3N0P_A_B,3NCB_A_B,3NCC_A_B,1A22_A_B	0	1BP3_A_57
1075	1BP3_A_EA56A	EA56A	EA56A	1BP3	1BP3_A	P01241	0.119	0.119	3.3e-11	2.7e-11	SUR	RA	2		1BP3_A_B,3MZG_A_B,3N06_A_B,3N0P_A_B,3NCB_A_B,3NCC_A_B,1A22_A_B	0	1BP3_A_56
1076	1BP3_A_SA55A	SA55A	SA55A	1BP3	1BP3_A	P01241	-0.246	-0.246	3.3e-11	5e-11	INT	RA	2		1BP3_A_B,3MZG_A_B,3N06_A_B,3N0P_A_B,3NCB_A_B,3NCC_A_B,1A22_A_B	0	1BP3_A_55
1077	1BP3_A_FA54A	FA54A	FA54A	1BP3	1BP3_A	P01241	-0.21	-0.21	3.3e-11	4.7e-11	INT	RA	2		1BP3_A_B,3MZG_A_B,3N06_A_B,3N0P_A_B,3NCB_A_B,3NCC_A_B,1A22_A_B	0	1BP3_A_54
1078	1BP3_A_DA26E	DA26E	DA26E	1BP3	1BP3_A	P01241	-0.383	-0.383	3.3e-11	6.3e-11	SUR	RA	2		1BP3_A_B,3MZG_A_B,3N06_A_B,3N0P_A_B,3NCB_A_B,3NCC_A_B,1A22_A_B	0	1BP3_A_26
1079	1BP3_A_FA25A	FA25A	FA25A	1BP3	1BP3_A	P01241	-1.15	-1.15	3.3e-11	2.3e-10	COR	RA	2		1BP3_A_B,3MZG_A_B,3N06_A_B,3N0P_A_B,3NCB_A_B,3NCC_A_B,1A22_A_B	0	1BP3_A_25
1080	1BP3_A_RA183A	RA183A	RA179A	1BP3	1BP3_A	P01241	-0.567	-0.567	3.3e-11	8.6e-11	RIM	RA	2		1BP3_A_B,3MZG_A_B,3N06_A_B,3N0P_A_B,3NCB_A_B,3NCC_A_B,1A22_A_B	0	1BP3_A_183
1081	1BP3_A_QA181A	QA181A	QA177A	1BP3	1BP3_A	P01241	0.0	0.0	3.3e-11	3.3e-11	INT	RA	2		1BP3_A_B,3MZG_A_B,3N06_A_B,3N0P_A_B,3NCB_A_B,3NCC_A_B,1A22_A_B	0	1BP3_A_181
1082	1BP3_A_VA180A	VA180A	VA176A	1BP3	1BP3_A	P01241	0.297	0.297	3.3e-11	2e-11	INT	RA	2		1BP3_A_B,3MZG_A_B,3N06_A_B,3N0P_A_B,3NCB_A_B,3NCC_A_B,1A22_A_B	0	1BP3_A_180
1083	1BP3_A_IA179M	IA179M	IA175M	1BP3	1BP3_A	P01241	0.164	0.164	3.3e-11	2.5e-11	SUP	RA	2		1BP3_A_B,3MZG_A_B,3N06_A_B,3N0P_A_B,3NCB_A_B,3NCC_A_B,1A22_A_B	0	1BP3_A_179
1084	1BP3_A_IA179A	IA179A	IA175A	1BP3	1BP3_A	P01241	-0.354	-0.354	3.3e-11	6e-11	SUP	RA	2		1BP3_A_B,3MZG_A_B,3N06_A_B,3N0P_A_B,3NCB_A_B,3NCC_A_B,1A22_A_B	0	1BP3_A_179
1085	1BP3_A_RA178A	RA178A	RA174A	1BP3	1BP3_A	P01241	-1.15	-1.15	3.3e-11	2.3e-10	COR	RA	2		1BP3_A_B,3MZG_A_B,3N06_A_B,3N0P_A_B,3NCB_A_B,3NCC_A_B,1A22_A_B	0	1BP3_A_178
1086	1BP3_A_TA175S	TA175S	TA171S	1BP3	1BP3_A	P01241	-0.494	-0.494	3.3e-11	7.6e-11	COR	RA	2		1BP3_A_B,3MZG_A_B,3N06_A_B,3N0P_A_B,3NCB_A_B,3NCC_A_B,1A22_A_B	0	1BP3_A_175
1087	1BP3_A_DA171A	DA171A	DA167A	1BP3	1BP3_A	P01241	-0.068	-0.068	3.3e-11	3.7e-11	COR	RA	2		1BP3_A_B,3MZG_A_B,3N06_A_B,3N0P_A_B,3NCB_A_B,3NCC_A_B,1A22_A_B	0	1BP3_A_171
1088	1BP3_A_KA168A	KA168A	KA164A	1BP3	1BP3_A	P01241	-1.728	-1.728	3.3e-11	6.1e-10	COR	RA	2		1BP3_A_B,3MZG_A_B,3N06_A_B,3N0P_A_B,3NCB_A_B,3NCC_A_B,1A22_A_B	0	1BP3_A_168
1089	1BP3_A_YA164A	YA164A	YA160A	1BP3	1BP3_A	P01241	-0.446	-0.446	3.3e-11	7e-11	SUP	RA	2		1BP3_A_B,3MZG_A_B,3N06_A_B,3N0P_A_B,3NCB_A_B,3NCC_A_B,1A22_A_B	0	1BP3_A_164
1090	1BP3_A_YA160A	YA160A	YA156A	1BP3	1BP3_A	P01241	-0.21	-0.21	3.3e-11	4.7e-11	INT	RA	2		1BP3_A_B,3MZG_A_B,3N06_A_B,3N0P_A_B,3NCB_A_B,3NCC_A_B,1A22_A_B	0	1BP3_A_160
1091	1BP3_A_LA73A	LA73A	LA73A	1BP3	1BP3_A	P01241	-0.354	-0.354	3.3e-11	6e-11	INT	RA	2		1BP3_A_B,3MZG_A_B,3N06_A_B,3N0P_A_B,3NCB_A_B,3NCC_A_B,1A22_A_B	0	1BP3_A_73
1092	1BP3_A_GA187A	GA187A	GA183A	1BP3	1BP3_A	P01241	0.0	0.0	3.3e-11	3.3e-11	SUR	RA	2		1BP3_A_B,3MZG_A_B,3N06_A_B,3N0P_A_B,3NCB_A_B,3NCC_A_B,1A22_A_B	0	1BP3_A_187
1093	1BP3_A_EA186A	EA186A	EA182A	1BP3	1BP3_A	P01241	0.0	0.0	3.3e-11	3.3e-11	SUR	RA	2		1BP3_A_B,3MZG_A_B,3N06_A_B,3N0P_A_B,3NCB_A_B,3NCC_A_B,1A22_A_B	0	1BP3_A_186
1094	1BP3_A_VA185A	VA185A	VA181A	1BP3	1BP3_A	P01241	-0.281	-0.281	3.3e-11	5.3e-11	INT	RA	2		1BP3_A_B,3MZG_A_B,3N06_A_B,3N0P_A_B,3NCB_A_B,3NCC_A_B,1A22_A_B	0	1BP3_A_185
1095	1BP3_A_SA184A	SA184A	SA180A	1BP3	1BP3_A	P01241	0.119	0.119	3.3e-11	2.7e-11	INT	RA	2		1BP3_A_B,3MZG_A_B,3N06_A_B,3N0P_A_B,3NCB_A_B,3NCC_A_B,1A22_A_B	0	1BP3_A_184
1096	1BP3_A_SA188A	SA188A	SA184A	1BP3	1BP3_A	P01241	0.297	0.297	3.3e-11	2e-11	RIM	RA	2		1BP3_A_B,3MZG_A_B,3N06_A_B,3N0P_A_B,3NCB_A_B,3NCC_A_B,1A22_A_B	0	1BP3_A_188
1097	3N0P_A_AA30H	AA30H	AA17H	3N0P	3N0P_A	P01236	-0.874	-0.874,-0.874,-0.874,-0.874,-0.874,-0.874,-0.874,-0.874,-0.874,-0.874	1.92e-06,1.29e-06,8.8e-07,2.33e-07,1.25e-07,5.3e-08,3.4e-08,2.4e-08,2.1e-08,1.9e-08	8.4e-06,2.13e-06,1.28e-06,2e-07,7.7e-08,3.3e-08,2.1e-08,1.3e-08,1.1e-08,1.1e-08	SUP	SPR	2		3MZG_A_B,3N06_A_B,3N0P_A_B,3NCB_A_B,3NCC_A_B,1BP3_A_B	0	3N0P_A_30
1098	3G6D_H_WH105A	WH105A	WH105A	3G6D	3G6D_H	Not Mapped	1.497	1.497	1.84e-11	1.47e-12	COR	SPR	2	AB/AG	AB/AG,3LB6_A_C	0	3G6D_H_105
1099	3G6D_H_HH104A	HH104A	HH104A	3G6D	3G6D_H	Not Mapped	0.954	0.954	1.84e-11	3.68e-12	COR	SPR	2	AB/AG	AB/AG,3LB6_A_C	0	3G6D_H_104
1100	3C60_C_KC76A	KC76A	KC76A	3C60	3C60_C	P14434	-0.047	-0.047	1.2e-05	1.3e-05	SUR	SPR	2	TCR/pMHC	TCR/pMHC,1JCK_A_B	0	3C60_C_76
1101	3C60_C_VC73A	VC73A	VC73A	3C60	3C60_C	P14434	0.0	0.0	1.2e-05	1.2e-05	INT	SPR	2	TCR/pMHC	TCR/pMHC,1JCK_A_B	0	3C60_C_73
1102	3C60_C_HC69A	HC69A	HC69A	3C60	3C60_C	P14434	-0.359	-0.359	1.2e-05	2.2e-05	RIM	SPR	2	TCR/pMHC	TCR/pMHC,1JCK_A_B	0	3C60_C_69
1103	3C60_C_KC68A	KC68A	KC68A	3C60	3C60_C	P14434	-0.562	-0.562	1.2e-05	3.1e-05	RIM	SPR	2	TCR/pMHC	TCR/pMHC,1JCK_A_B	0	3C60_C_68
1104	3C60_C_VC66A	VC66A	VC66A	3C60	3C60_C	P14434	-1.25	-1.25	1.2e-05	9.9e-05	SUP	SPR	2	TCR/pMHC	TCR/pMHC,1JCK_A_B	0	3C60_C_66
1105	3C60_C_NC63A	NC63A	NC63A	3C60	3C60_C	P14434	-0.954	-0.954	1.2e-05	6e-05	SUP	SPR	2	TCR/pMHC	TCR/pMHC,1JCK_A_B	0	3C60_C_63
1106	3C60_C_QC62A	QC62A	QC62A	3C60	3C60_C	P14434	-0.869	-0.869	1.2e-05	5.2e-05	COR	SPR	2	TCR/pMHC	TCR/pMHC,1JCK_A_B	0	3C60_C_62
1107	3C60_C_LC61A	LC61A	LC61A	3C60	3C60_C	P14434	-0.944	-0.944	1.2e-05	5.9e-05	SUP	SPR	2	TCR/pMHC	TCR/pMHC,1JCK_A_B	0	3C60_C_61
1108	3C60_C_QC58A	QC58A	QC58A	3C60	3C60_C	P14434	-0.963	-0.963	1.2e-05	6.1e-05	COR	SPR	2	TCR/pMHC	TCR/pMHC,1JCK_A_B	0	3C60_C_58
1109	3C60_C_DC56A	DC56A	DC56A	3C60	3C60_C	P14434	-0.698	-0.698	1.2e-05	3.9e-05	SUR	SPR	2	TCR/pMHC	TCR/pMHC,1JCK_A_B	0	3C60_C_56
1110	3C60_C_KC40A	KC40A	KC40A	3C60	3C60_C	P14434	-1.594	-1.594	1.2e-05	0.000177	RIM	SPR	2	TCR/pMHC	TCR/pMHC,1JCK_A_B	0	3C60_C_40
1111	3NGB_H_VH73T	VH73T	VH74T	3NGB	3NGB_H	Not Mapped	-0.165	-0.165	5.76e-09	7.61e-09	COR	SPR	2	AB/AG	AB/AG	0	3NGB_H_73
1112	3NGB_H_PH62K	PH62K	PH63K	3NGB	3NGB_H	Not Mapped	-0.233	-0.233	5.76e-09	8.53e-09	RIM	SPR	2	AB/AG	AB/AG	0	3NGB_H_62
1113	3NGB_H_VH57T	VH57T	VH58T	3NGB	3NGB_H	Not Mapped	-0.138	-0.138	5.76e-09	7.27e-09	COR	SPR	2	AB/AG	AB/AG	0	3NGB_H_57
1114	3NGB_H_AH56G	AH56G	AH57G	3NGB	3NGB_H	Not Mapped	0.056	0.056	5.76e-09	5.24e-09	COR	SPR	2	AB/AG	AB/AG	0	3NGB_H_56
1115	3NGB_H_GH54S	GH54S	GH55S	3NGB	3NGB_H	Not Mapped	-0.743	-0.743	5.76e-09	2.02e-08	COR	SPR	2	AB/AG	AB/AG	0	3NGB_H_54
1116	3NGB_H_TH33Y	TH33Y	TH33Y	3NGB	3NGB_H	Not Mapped	-0.084	-0.084	5.76e-09	6.64e-09	SUP	SPR	2	AB/AG	AB/AG	0	3NGB_H_33
1117	3NGB_H_KH52N	KH52N	KH52N	3NGB	3NGB_H	Not Mapped	-0.175	-0.175	5.76e-09	7.74e-09	COR	SPR	2	AB/AG	AB/AG	0	3NGB_H_52
1118	3NGB_H_IH30T	IH30T	IH30T	3NGB	3NGB_H	Not Mapped	-0.073	-0.073	5.76e-09	6.52e-09	COR	SPR	2	AB/AG	AB/AG	0	3NGB_H_30
1119	3NGB_H_YH74S	YH74S	YH75S	3NGB	3NGB_H	Not Mapped	-0.333	-0.333	5.76e-09	1.01e-08	RIM	SPR	2	AB/AG	AB/AG	0	3NGB_H_74
1120	3NGB_H_RH61Q	RH61Q	RH62Q	3NGB	3NGB_H	Not Mapped	-0.097	-0.097	5.76e-09	6.78e-09	COR	SPR	2	AB/AG	AB/AG	0	3NGB_H_61
1121	3NGB_H_RH53N	RH53N	RH54N	3NGB	3NGB_H	Not Mapped	-0.046	-0.046	5.76e-09	6.23e-09	RIM	SPR	2	AB/AG	AB/AG	0	3NGB_H_53
1122	3NGB_H_TH33A	TH33A	TH33A	3NGB	3NGB_H	Not Mapped	-0.696	-0.696	2.2e-08	7.12e-08	SUP	SPR	2	AB/AG	AB/AG	0	3NGB_H_33
1123	3NGB_H_IH30A	IH30A	IH30A	3NGB	3NGB_H	Not Mapped	0.003	0.003	2.2e-08	2.19e-08	COR	SPR	2	AB/AG	AB/AG	0	3NGB_H_30
1124	3NGB_H_YH74A	YH74A	YH75A	3NGB	3NGB_H	Not Mapped	0.196	0.196	2.2e-08	1.58e-08	RIM	SPR	2	AB/AG	AB/AG	0	3NGB_H_74
1125	3NGB_H_VH73A	VH73A	VH74A	3NGB	3NGB_H	Not Mapped	-1.07	-1.07	2.2e-08	1.34e-07	COR	SPR	2	AB/AG	AB/AG	0	3NGB_H_73
1126	3NGB_H_RH71A	RH71A	RH72A	3NGB	3NGB_H	Not Mapped	-1.617	-1.617	2.2e-08	3.37e-07	COR	SPR	2	AB/AG	AB/AG	0	3NGB_H_71
1127	3NGB_H_MH69A	MH69A	MH70A	3NGB	3NGB_H	Not Mapped	-0.522	-0.522	2.2e-08	5.31e-08	SUP	SPR	2	AB/AG	AB/AG	0	3NGB_H_69
1128	3NGB_H_QH64A	QH64A	QH65A	3NGB	3NGB_H	Not Mapped	0.335	0.335	2.2e-08	1.25e-08	RIM	SPR	2	AB/AG	AB/AG	0	3NGB_H_64
1129	3NGB_H_PH62A	PH62A	PH63A	3NGB	3NGB_H	Not Mapped	0.042	0.042	2.2e-08	2.05e-08	RIM	SPR	2	AB/AG	AB/AG	0	3NGB_H_62
1130	3NGB_H_RH61A	RH61A	RH62A	3NGB	3NGB_H	Not Mapped	-0.98	-0.98	2.2e-08	1.15e-07	COR	SPR	2	AB/AG	AB/AG	0	3NGB_H_61
1131	3NGB_H_YH59A	YH59A	YH60A	3NGB	3NGB_H	Not Mapped	-0.54	-0.54	2.2e-08	5.47e-08	SUP	SPR	2	AB/AG	AB/AG	0	3NGB_H_59
1132	3NGB_H_NH58A	NH58A	NH59A	3NGB	3NGB_H	Not Mapped	-1.739	-1.739	2.2e-08	4.14e-07	COR	SPR	2	AB/AG	AB/AG	0	3NGB_H_58
1133	3NGB_H_VH57A	VH57A	VH58A	3NGB	3NGB_H	Not Mapped	-1.337	-1.337	2.2e-08	2.1e-07	COR	SPR	2	AB/AG	AB/AG	0	3NGB_H_57
1134	3NGB_H_GH55A	GH55A	GH56A	3NGB	3NGB_H	Not Mapped	-1.245	-1.245	2.2e-08	1.8e-07	SUP	SPR	2	AB/AG	AB/AG	0	3NGB_H_55
1135	3NGB_H_GH54A	GH54A	GH55A	3NGB	3NGB_H	Not Mapped	1.256	1.256	2.2e-08	2.64e-09	COR	SPR	2	AB/AG	AB/AG	0	3NGB_H_54
1136	3NGB_H_RH53A	RH53A	RH54A	3NGB	3NGB_H	Not Mapped	0.255	0.255	2.2e-08	1.43e-08	RIM	SPR	2	AB/AG	AB/AG	0	3NGB_H_53
1137	3NGB_H_KH52A	KH52A	KH52A	3NGB	3NGB_H	Not Mapped	-0.613	-0.613	2.2e-08	6.19e-08	COR	SPR	2	AB/AG	AB/AG	0	3NGB_H_52
1138	3NGB_H_WH50A	WH50A	WH50A	3NGB	3NGB_H	Not Mapped	-1.271	-1.271	2.2e-08	1.88e-07	SUP	SPR	2	AB/AG	AB/AG	0	3NGB_H_50
1139	3NGB_H_WH47A	WH47A	WH47A	3NGB	3NGB_H	Not Mapped	-1.183	-1.183	2.2e-08	1.62e-07	SUP	SPR	2	AB/AG	AB/AG	0	3NGB_H_47
1140	3NGB_H_WH100bA	WH100bA	WH106A	3NGB	3NGB_H	Not Mapped	-4.391	-4.391	2.2e-08	3.64e-05	SUP	SPR	2	AB/AG	AB/AG	0	3NGB_H_100b
1141	3NGB_H_NH100aA	NH100aA	NH105A	3NGB	3NGB_H	Not Mapped	-1.101	-1.101	2.2e-08	1.41e-07	SUP	SPR	2	AB/AG	AB/AG	0	3NGB_H_100a
1142	3NGB_H_YH100A	YH100A	YH104A	3NGB	3NGB_H	Not Mapped	-1.401	-1.401	2.2e-08	2.34e-07	COR	SPR	2	AB/AG	AB/AG	0	3NGB_H_100
1143	3NGB_H_DH99A	DH99A	DH103A	3NGB	3NGB_H	Not Mapped	-0.059	-0.059	2.2e-08	2.43e-08	RIM	SPR	2	AB/AG	AB/AG	0	3NGB_H_99
1144	3NCC_B_AB188H	AB188H	AB188H	3NCC	3NCC_B	P16471	-0.447	-0.447,-0.447,-0.447,-0.447,-0.447,-0.447,-0.447,-0.447,-0.447	9.4e-06,1e-05,6.3e-06,4.43e-06,3.6e-06,2.71e-06,2.2e-06,2.04e-06,1.65e-06	2e-05,1.68e-06,2.03e-07,1.71e-07,1.05e-07,4.39e-08,4.59e-08,3.91e-08,3.7e-08	COR	SPR	2		3MZG_A_B,3N06_A_B,3N0P_A_B,3NCB_A_B,3NCC_A_B,1BP3_A_B	0	3NCC_B_188
1145	1NMB_L_LL94V	LL94V	LL94V	1NMB	1NMB_L	Not Mapped	-0.9	-0.9	4.55e-08	2.08e-07	COR	SPR	1	AB/AG	AB/AG	0	1NMB_L_94
1146	1NMB_L_TL93W	TL93W	TL93W	1NMB	1NMB_L	Not Mapped	-0.184	-0.184	4.55e-08	6.21e-08	COR	SPR	1	AB/AG	AB/AG	0	1NMB_L_93
1147	1NMB_L_TL93F	TL93F	TL93F	1NMB	1NMB_L	Not Mapped	0.024	0.024	4.55e-08	4.37e-08	COR	SPR	1	AB/AG	AB/AG	0	1NMB_L_93
1148	1NMB_L_YL32F	YL32F	YL32F	1NMB	1NMB_L	Not Mapped	-0.467	-0.467	4.55e-08	1e-07	COR	SPR	1	AB/AG	AB/AG	0	1NMB_L_32
1149	1DVF_C_YC49A	YC49A	YC49A	1DVF	1DVF_C	P01646	-1.861	-1.861	1.08e-08	2.5e-07	SUP	SPR	1	AB/AG	AB/AG	0	1DVF_C_49
1150	4OZG_G_LG57A	LG57A	LG50A	4OZG	4OZG_G	Q2YD82	-1.186	-1.186	1.58e-05	0.000117	COR	SPR	2	TCR/pMHC	TCR/pMHC,1JCK_A_B	0	4OZG_G_57
1151	4OZG_G_YG40F	YG40F	YG33F	4OZG	4OZG_G	Q2YD82	-1.744	-1.744	1.58e-05	0.0003	SUP	SPR	2	TCR/pMHC	TCR/pMHC,1JCK_A_B	0	4OZG_G_40
1152	4OZG_G_YG38A	YG38A	YG31A	4OZG	4OZG_G	Q2YD82	-1.744	-1.744	1.58e-05	0.0003	COR	SPR	2	TCR/pMHC	TCR/pMHC,1JCK_A_B	0	4OZG_G_38
1153	4OZG_G_NG36A	NG36A	NG29A	4OZG	4OZG_G	Q2YD82	0.072	0.072	1.58e-05	1.4e-05	COR	SPR	2	TCR/pMHC	TCR/pMHC,1JCK_A_B	0	4OZG_G_36
1154	4B0M_A_MA8A	MA8A	MA8A	4B0M	4B0M_A	P26949	-0.43	-0.43	2.42e-06	5e-06	COR	SPR	2		4B0M_A_BM	0	4B0M_A_8
1155	4K71_A_AA547V	AA547V	AA545V	4K71	4K71_A	P02768	-2.032	-2.032,-2.032,-2.032	3e-09,8e-09,6.2e-06	9.26e-08,2.3e-07,1.2e-05	INT	ELISA,SPR	2		4K71_A_BC	0	4K71_A_547
1156	4K71_A_HA464F	HA464F	HA462F	4K71	4K71_A	P02768	-1.01	-1.01	3e-09	1.65e-08	SUP	ELISA	2		4K71_A_BC	0	4K71_A_464
1157	4K71_A_HA464A	HA464A	HA462A	4K71	4K71_A	P02768	-1.052	-1.052	3e-09	1.77e-08	SUP	ELISA	2		4K71_A_BC	0	4K71_A_464
1158	4K71_A_GA505E	GA505E	GA503E	4K71	4K71_A	P02768	-0.742	-0.742	3e-09	1.05e-08	COR	ELISA	2		4K71_A_BC	0	4K71_A_505
1159	3MZG_B_HB188A	HB188A	HB188A	3MZG	3MZG_B	P16471	0.447	0.447,0.447,0.447,0.447,0.447,0.447,0.447,0.447,0.447	2e-05,1.68e-06,2.03e-07,1.71e-07,1.05e-07,4.39e-08,4.59e-08,3.91e-08,3.7e-08	9.4e-06,1e-05,6.3e-06,4.43e-06,3.6e-06,2.71e-06,2.2e-06,2.04e-06,1.65e-06	COR	SPR	2		3MZG_A_B,3N06_A_B,3N0P_A_B,3NCB_A_B,3NCC_A_B,1BP3_A_B	0	3MZG_B_188
1160	3D3V_E_EE30A	EE30A	EE30A	3D3V	3D3V_E	P01850	-2.115	-2.115,-2.115	8.65e-07,2e-06	3.07e-05,0.000467	RIM	SPR	2	TCR/pMHC	TCR/pMHC,1JCK_A_B	0	3D3V_E_30
1161	3D3V_E_LE98A	LE98A	LE97A	3D3V	3D3V_E	P01850	-2.617	-2.617	8.65e-07	7.17e-05	COR	SPR	2	TCR/pMHC	TCR/pMHC,1JCK_A_B	0	3D3V_E_98
1162	2BNR_A_QA43A	QA43A	QA43A	2BNR	2BNR_A	P04439	-0.083	-0.083	3.2e-06	3.68e-06	RIM	SPR	2	TCR/pMHC	TCR/pMHC,1JCK_A_B,4N8V_G_ABC	0	2BNR_A_43
1163	2BNR_A_TA80A	TA80A	TA80A	2BNR	2BNR_A	P04439	-0.535	-0.535	3.2e-06	7.9e-06	INT	SPR	2	TCR/pMHC	TCR/pMHC,1JCK_A_B,4N8V_G_ABC	0	2BNR_A_80
1164	2BNR_A_VA76A	VA76A	VA76A	2BNR	2BNR_A	P04439	-0.672	-0.672	3.2e-06	9.95e-06	COR	SPR	2	TCR/pMHC	TCR/pMHC,1JCK_A_B,4N8V_G_ABC	0	2BNR_A_76
1165	2BNR_A_RA75A	RA75A	RA75A	2BNR	2BNR_A	P04439	-0.531	-0.531	3.2e-06	7.84e-06	RIM	SPR	2	TCR/pMHC	TCR/pMHC,1JCK_A_B,4N8V_G_ABC	0	2BNR_A_75
1166	2BNR_A_HA74A	HA74A	HA74A	2BNR	2BNR_A	P04439	-0.975	-0.975	3.2e-06	1.66e-05	INT	SPR	2	TCR/pMHC	TCR/pMHC,1JCK_A_B,4N8V_G_ABC	0	2BNR_A_74
1167	2BNR_A_TA73A	TA73A	TA73A	2BNR	2BNR_A	P04439	-1.285	-1.285	3.2e-06	2.8e-05	SUP	SPR	2	TCR/pMHC	TCR/pMHC,1JCK_A_B,4N8V_G_ABC	0	2BNR_A_73
1168	2BNR_A_QA72A	QA72A	QA72A	2BNR	2BNR_A	P04439	0.096	0.096	3.2e-06	2.72e-06	COR	SPR	2	TCR/pMHC	TCR/pMHC,1JCK_A_B,4N8V_G_ABC	0	2BNR_A_72
1169	2BNR_A_HA70A	HA70A	HA70A	2BNR	2BNR_A	P04439	-1.696	-1.696	3.2e-06	5.6e-05	INT	SPR	2	TCR/pMHC	TCR/pMHC,1JCK_A_B,4N8V_G_ABC	0	2BNR_A_70
1170	2BNR_A_AA69G	AA69G	AA69G	2BNR	2BNR_A	P04439	-1.855	-1.855	3.2e-06	7.33e-05	COR	SPR	2	TCR/pMHC	TCR/pMHC,1JCK_A_B,4N8V_G_ABC	0	2BNR_A_69
1171	2BNR_A_KA68A	KA68A	KA68A	2BNR	2BNR_A	P04439	-0.006	-0.006	3.2e-06	3.23e-06	COR	SPR	2	TCR/pMHC	TCR/pMHC,1JCK_A_B,4N8V_G_ABC	0	2BNR_A_68
1172	2BNR_A_VA67A	VA67A	VA67A	2BNR	2BNR_A	P04439	-0.393	-0.393	3.2e-06	6.21e-06	INT	SPR	2	TCR/pMHC	TCR/pMHC,1JCK_A_B,4N8V_G_ABC	0	2BNR_A_67
1173	2BNR_A_KA66A	KA66A	KA66A	2BNR	2BNR_A	P04439	-1.689	-1.689	3.2e-06	5.54e-05	SUP	SPR	2	TCR/pMHC	TCR/pMHC,1JCK_A_B,4N8V_G_ABC	0	2BNR_A_66
1174	2BNR_A_RA65A	RA65A	RA65A	2BNR	2BNR_A	P04439	-1.806	-1.806	3.2e-06	6.75e-05	COR	SPR	2	TCR/pMHC	TCR/pMHC,1JCK_A_B,4N8V_G_ABC	0	2BNR_A_65
1175	2BNR_A_TA64A	TA64A	TA64A	2BNR	2BNR_A	P04439	-0.271	-0.271	3.2e-06	5.06e-06	INT	SPR	2	TCR/pMHC	TCR/pMHC,1JCK_A_B,4N8V_G_ABC	0	2BNR_A_64
1176	2BNR_A_EA63A	EA63A	EA63A	2BNR	2BNR_A	P04439	-0.335	-0.335	3.2e-06	5.63e-06	INT	SPR	2	TCR/pMHC	TCR/pMHC,1JCK_A_B,4N8V_G_ABC	0	2BNR_A_63
1177	2BNR_A_DA61A	DA61A	DA61A	2BNR	2BNR_A	P04439	0.09	0.09	3.2e-06	2.75e-06	SUR	SPR	2	TCR/pMHC	TCR/pMHC,1JCK_A_B,4N8V_G_ABC	0	2BNR_A_61
1178	2BNR_A_EA58A	EA58A	EA58A	2BNR	2BNR_A	P04439	0.0	0.0	3.2e-06	3.2e-06	RIM	SPR	2	TCR/pMHC	TCR/pMHC,1JCK_A_B,4N8V_G_ABC	0	2BNR_A_58
1179	2BNR_A_TA163A	TA163A	TA163A	2BNR	2BNR_A	P04439	-0.459	-0.459	3.2e-06	6.94e-06	COR	SPR	2	TCR/pMHC	TCR/pMHC,1JCK_A_B,4N8V_G_ABC	0	2BNR_A_163
1180	2BNR_A_QA155A	QA155A	QA155A	2BNR	2BNR_A	P04439	-0.233	-0.233	3.2e-06	4.74e-06	COR	SPR	2	TCR/pMHC	TCR/pMHC,1JCK_A_B,4N8V_G_ABC	0	2BNR_A_155
1181	2BNR_A_EA154A	EA154A	EA154A	2BNR	2BNR_A	P04439	-0.018	-0.018	3.2e-06	3.3e-06	RIM	SPR	2	TCR/pMHC	TCR/pMHC,1JCK_A_B,4N8V_G_ABC	0	2BNR_A_154
1182	2BNR_A_VA152A	VA152A	VA152A	2BNR	2BNR_A	P04439	-0.903	-0.903	3.2e-06	1.47e-05	SUP	SPR	2	TCR/pMHC	TCR/pMHC,1JCK_A_B,4N8V_G_ABC	0	2BNR_A_152
1183	2BNR_A_HA151A	HA151A	HA151A	2BNR	2BNR_A	P04439	-0.533	-0.533	3.2e-06	7.87e-06	RIM	SPR	2	TCR/pMHC	TCR/pMHC,1JCK_A_B,4N8V_G_ABC	0	2BNR_A_151
1184	2BNR_A_AA150G	AA150G	AA150G	2BNR	2BNR_A	P04439	-0.737	-0.737	3.2e-06	1.11e-05	COR	SPR	2	TCR/pMHC	TCR/pMHC,1JCK_A_B,4N8V_G_ABC	0	2BNR_A_150
1185	2BNR_A_AA149G	AA149G	AA149G	2BNR	2BNR_A	P04439	-0.018	-0.018	3.2e-06	3.3e-06	RIM	SPR	2	TCR/pMHC	TCR/pMHC,1JCK_A_B,4N8V_G_ABC	0	2BNR_A_149
1186	2BNR_A_KA146A	KA146A	KA146A	2BNR	2BNR_A	P04439	-0.624	-0.624	3.2e-06	9.18e-06	RIM	SPR	2	TCR/pMHC	TCR/pMHC,1JCK_A_B,4N8V_G_ABC	0	2BNR_A_146
1187	3NGB_L_YL28S	YL28S	YL26S	3NGB	3NGB_L	Not Mapped	-0.652	-0.652	5.76e-09	1.73e-08	RIM	SPR	2	AB/AG	AB/AG	0	3NGB_L_28
1188	3NGB_L_FL97A	FL97A	FL89A	3NGB	3NGB_L	Not Mapped	-0.845	-0.845	2.2e-08	9.16e-08	COR	SPR	2	AB/AG	AB/AG	0	3NGB_L_97
1189	3NGB_L_EL96A	EL96A	EL88A	3NGB	3NGB_L	Not Mapped	-1.299	-1.299	2.2e-08	1.97e-07	COR	SPR	2	AB/AG	AB/AG	0	3NGB_L_96
1190	3NGB_L_YL91A	YL91A	YL87A	3NGB	3NGB_L	Not Mapped	-1.99	-1.99	2.2e-08	6.33e-07	COR	SPR	2	AB/AG	AB/AG	0	3NGB_L_91
1191	3NGB_L_SL30A	SL30A	SL28A	3NGB	3NGB_L	Not Mapped	0.142	0.142	2.2e-08	1.73e-08	SUR	SPR	2	AB/AG	AB/AG	0	3NGB_L_30
1192	3NGB_L_YL28A	YL28A	YL26A	3NGB	3NGB_L	Not Mapped	-0.969	-0.969	2.2e-08	1.13e-07	RIM	SPR	2	AB/AG	AB/AG	0	3NGB_L_28
1193	3NGB_L_QL27A	QL27A	QL25A	3NGB	3NGB_L	Not Mapped	0.227	0.227	2.2e-08	1.5e-08	RIM	SPR	2	AB/AG	AB/AG	0	3NGB_L_27
1194	3NGB_L_VL3A	VL3A	VL1A	3NGB	3NGB_L	Not Mapped	0.761	0.761	2.2e-08	6.09e-09	RIM	SPR	2	AB/AG	AB/AG	0	3NGB_L_3
1195	1KIQ_B_FB101Y	FB101Y	FB101Y	1KIQ	1KIQ_B	Not Mapped	2.496	2.496	2.5e-07	3.7e-09	COR	ITC	1	AB/AG	AB/AG	0	1KIQ_B_101
1196	2J8U_A_AA66K	AA66K	AA66K	2J8U	2J8U_A	P04439	0.728	0.728,0.728	3.18e-05,7e-06	9.3e-06,1e-06	SUP	ITC,SPR	2	TCR/pMHC	TCR/pMHC,1JCK_A_B	0	2J8U_A_66
1197	4B0M_M_LM43A	LM43A	LM40A	4B0M	4B0M_M	P26926	-1.909	-1.909	2.42e-06	6.07e-05	COR	SPR	2		4B0M_A_BM	0	4B0M_M_43
1198	4B0M_M_YM40A	YM40A	YM37A	4B0M	4B0M_M	P26926	-1.653	-1.653	2.42e-06	3.94e-05	SUP	SPR	2		4B0M_A_BM	0	4B0M_M_40
1199	4B0M_M_YM12G	YM12G	YM9G	4B0M	4B0M_M	P26926	-0.629	-0.629	2.42e-06	7e-06	INT	SPR	2		4B0M_A_BM	0	4B0M_M_12
1200	4B0M_M_PM104S	PM104S	PM99S	4B0M	4B0M_M	P26926	-1.994	-1.994	2.42e-06	7.01e-05	COR	SPR	2		4B0M_A_BM	0	4B0M_M_104
1201	4B0M_M_PM104A	PM104A	PM99A	4B0M	4B0M_M	P26926	-1.916	-1.916	2.42e-06	6.14e-05	COR	SPR	2		4B0M_A_BM	0	4B0M_M_104
1202	4B0M_M_PM103S	PM103S	PM98S	4B0M	4B0M_M	P26926	-0.758	-0.758	2.42e-06	8.7e-06	SUP	SPR	2		4B0M_A_BM	0	4B0M_M_103
1203	4B0M_M_PM103A	PM103A	PM98A	4B0M	4B0M_M	P26926	-0.406	-0.406	2.42e-06	4.8e-06	SUP	SPR	2		4B0M_A_BM	0	4B0M_M_103
1204	3SE9_L_FL97A	FL97A	FL91A	3SE9	3SE9_L	Not Mapped	-0.023	-0.023	2.5e-08	2.6e-08	RIM	SPR	2	AB/AG	AB/AG	0	3SE9_L_97
1205	3SE9_L_EL96A	EL96A	EL90A	3SE9	3SE9_L	Not Mapped	-0.411	-0.411	2.5e-08	5e-08	COR	SPR	2	AB/AG	AB/AG	0	3SE9_L_96
1206	3SE9_L_LL91A	LL91A	LL89A	3SE9	3SE9_L	Not Mapped	-0.949	-0.949	2.5e-08	1.24e-07	COR	SPR	2	AB/AG	AB/AG	0	3SE9_L_91
1207	3SE9_L_GL31A	GL31A	GL29A	3SE9	3SE9_L	Not Mapped	-0.456	-0.456	2.5e-08	5.4e-08	SUR	SPR	2	AB/AG	AB/AG	0	3SE9_L_31
1208	3SE9_L_YL30A	YL30A	YL28A	3SE9	3SE9_L	Not Mapped	-1.1	-1.1	2.5e-08	1.6e-07	RIM	SPR	2	AB/AG	AB/AG	0	3SE9_L_30
1209	3SE9_L_VL3A	VL3A	VL3A	3SE9	3SE9_L	Not Mapped	0.486	0.486	2.5e-08	1.1e-08	COR	SPR	2	AB/AG	AB/AG	0	3SE9_L_3
1210	3SE4_C_EC77A	EC77A	EC69A	3SE4	3SE4_C	P48551	-1.364	-1.364,-1.364	2e-09,2e-09	2e-08,2.13e-08	COR	SPR	2		3SE4_B_C,3S9D_A_B,3SE3_B_C	0	3SE4_C_77
1211	3SE4_C_IC103A	IC103A	IC95A	3SE4	3SE4_C	P48551	-1.209	-1.209	2e-09	1.54e-08	COR	SPR	2		3SE4_B_C,3S9D_A_B,3SE3_B_C	0	3SE4_C_103
1212	3SE4_C_VC80A	VC80A	VC72A	3SE4	3SE4_C	P48551	-1.165	-1.165	2e-09	1.43e-08	COR	SPR	2		3SE4_B_C,3S9D_A_B,3SE3_B_C	0	3SE4_C_80
1213	3SE4_C_HC76A	HC76A	HC68A	3SE4	3SE4_C	P48551	0.61	0.61	2e-09	7.14e-10	RIM	SPR	2		3SE4_B_C,3S9D_A_B,3SE3_B_C	0	3SE4_C_76
1214	3SE4_C_SC47A	SC47A	SC39A	3SE4	3SE4_C	P48551	-0.212	-0.212	2e-09	2.86e-09	COR	SPR	2		3SE4_B_C,3S9D_A_B,3SE3_B_C	0	3SE4_C_47
1215	3SE4_C_MC46V	MC46V	MC38V	3SE4	3SE4_C	P48551	-1.165	-1.165	2e-09	1.43e-08	COR	SPR	2		3SE4_B_C,3S9D_A_B,3SE3_B_C	0	3SE4_C_46
1216	3SE4_C_MC46A	MC46A	MC38A	3SE4	3SE4_C	P48551	-1.666	-1.666	2e-09	3.33e-08	COR	SPR	2		3SE4_B_C,3S9D_A_B,3SE3_B_C	0	3SE4_C_46
1217	3SE4_C_TC44A	TC44A	TC36A	3SE4	3SE4_C	P48551	-1.364	-1.364	2e-09	2e-08	SUP	SPR	2		3SE4_B_C,3S9D_A_B,3SE3_B_C	0	3SE4_C_44
1218	3SE4_C_HC187A	HC187A	HC172A	3SE4	3SE4_C	P48551	0.411	0.411	2e-09	1e-09	COR	SPR	2		3SE4_B_C,3S9D_A_B,3SE3_B_C	0	3SE4_C_187
1219	2BNQ_C_VC9C	VC9C	VC9C	2BNQ	2BNQ_C	P78358	-0.502	-0.502	5.7e-06	1.33e-05	INT	SPR	2	TCR/pMHC	TCR/pMHC,1JCK_A_B,4N8V_G_ABC	0	2BNQ_C_9
1220	3QDJ_C_AC2L	AC2L	AC2L	3QDJ	3QDJ_C	Not Mapped	-2.3	-2.3	6.8e-05	0.0033	SUP	SPR	2	TCR/pMHC	TCR/pMHC,1JCK_A_B	0	3QDJ_C_2
1221	1IAR_A_WA91D	WA91D	WA91D	1IAR	1IAR_A	P05112	-1.307	-1.307	1.62e-10	1.47e-09	COR	SPR	1		1IAR_A_B	0	1IAR_A_91
1222	1IAR_A_WA91A	WA91A	WA91A	1IAR	1IAR_A	P05112	-0.73	-0.73	1.62e-10	5.55e-10	COR	SPR	1		1IAR_A_B	0	1IAR_A_91
1223	1IAR_A_NA89A	NA89A	NA89A	1IAR	1IAR_A	P05112	-1.559	-1.559	1.62e-10	2.25e-09	SUP	SPR	1		1IAR_A_B	0	1IAR_A_89
1224	1IAR_A_RA88A	RA88A	RA88A	1IAR	1IAR_A	P05112	-3.755	-3.755	1.62e-10	9.16e-08	COR	SPR	1		1IAR_A_B	0	1IAR_A_88
1225	1IAR_A_RA88Q	RA88Q	RA88Q	1IAR	1IAR_A	P05112	-2.829	-2.829	1.62e-10	1.92e-08	COR	SPR	1		1IAR_A_B	0	1IAR_A_88
1226	1IAR_A_RA85E	RA85E	RA85E	1IAR	1IAR_A	P05112	-1.225	-1.225	1.62e-10	1.28e-09	COR	SPR	1		1IAR_A_B	0	1IAR_A_85
1227	1IAR_A_RA85A	RA85A	RA85A	1IAR	1IAR_A	P05112	-0.427	-0.427	1.62e-10	3.33e-10	COR	SPR	1		1IAR_A_B	0	1IAR_A_85
1228	1IAR_A_KA84D	KA84D	KA84D	1IAR	1IAR_A	P05112	-1.88	-1.88	1.62e-10	3.87e-09	COR	SPR	1		1IAR_A_B	0	1IAR_A_84
1229	1IAR_A_KA84A	KA84A	KA84A	1IAR	1IAR_A	P05112	-0.345	-0.345	1.62e-10	2.9e-10	COR	SPR	1		1IAR_A_B	0	1IAR_A_84
1230	1IAR_A_FA82D	FA82D	FA82D	1IAR	1IAR_A	P05112	0.581	0.581	1.62e-10	6.08e-11	SUP	SPR	1		1IAR_A_B	0	1IAR_A_82
1231	1IAR_A_TA13D	TA13D	TA13D	1IAR	1IAR_A	P05112	0.219	0.219	1.62e-10	1.12e-10	SUP	SPR	1		1IAR_A_B	0	1IAR_A_13
1232	1IAR_A_TA13A	TA13A	TA13A	1IAR	1IAR_A	P05112	-0.979	-0.979	1.62e-10	8.45e-10	SUP	SPR	1		1IAR_A_B	0	1IAR_A_13
1233	1IAR_A_FA82A	FA82A	FA82A	1IAR	1IAR_A	P05112	0.086	0.086	1.62e-10	1.4e-10	SUP	SPR	1		1IAR_A_B	0	1IAR_A_82
1234	1IAR_A_RA81E	RA81E	RA81E	1IAR	1IAR_A	P05112	-1.462	-1.462	1.62e-10	1.91e-09	RIM	SPR	1		1IAR_A_B	0	1IAR_A_81
1235	1IAR_A_RA81A	RA81A	RA81A	1IAR	1IAR_A	P05112	-0.48	-0.48	1.62e-10	3.64e-10	RIM	SPR	1		1IAR_A_B	0	1IAR_A_81
1236	1IAR_A_QA78E	QA78E	QA78E	1IAR	1IAR_A	P05112	-0.245	-0.245	1.62e-10	2.45e-10	COR	SPR	1		1IAR_A_B	0	1IAR_A_78
1237	1IAR_A_QA78A	QA78A	QA78A	1IAR	1IAR_A	P05112	-0.125	-0.125	1.62e-10	2e-10	COR	SPR	1		1IAR_A_B	0	1IAR_A_78
1238	1IAR_A_KA77E	KA77E	KA77E	1IAR	1IAR_A	P05112	-0.612	-0.612	1.62e-10	4.55e-10	SUR	SPR	1		1IAR_A_B	0	1IAR_A_77
1239	1IAR_A_KA77A	KA77A	KA77A	1IAR	1IAR_A	P05112	-0.154	-0.154	1.62e-10	2.1e-10	SUR	SPR	1		1IAR_A_B	0	1IAR_A_77
1240	1IAR_A_RA53Q	RA53Q	RA53Q	1IAR	1IAR_A	P05112	-0.836	-0.836	1.62e-10	6.64e-10	COR	SPR	1		1IAR_A_B	0	1IAR_A_53
1241	1IAR_A_EA19R	EA19R	EA19R	1IAR	1IAR_A	P05112	0.117	0.117	1.62e-10	1.33e-10	SUR	SPR	1		1IAR_A_B	0	1IAR_A_19
1242	1IAR_A_EA19A	EA19A	EA19A	1IAR	1IAR_A	P05112	0.32	0.32	1.62e-10	9.44e-11	SUR	SPR	1		1IAR_A_B	0	1IAR_A_19
1243	1IAR_A_SA16D	SA16D	SA16D	1IAR	1IAR_A	P05112	0.104	0.104	1.62e-10	1.36e-10	SUR	SPR	1		1IAR_A_B	0	1IAR_A_16
1244	1IAR_A_SA16A	SA16A	SA16A	1IAR	1IAR_A	P05112	0.183	0.183	1.62e-10	1.19e-10	SUR	SPR	1		1IAR_A_B	0	1IAR_A_16
1245	1IAR_A_NA15D	NA15D	NA15D	1IAR	1IAR_A	P05112	0.078	0.078	1.62e-10	1.42e-10	SUR	SPR	1		1IAR_A_B	0	1IAR_A_15
1246	1IAR_A_NA15A	NA15A	NA15A	1IAR	1IAR_A	P05112	0.034	0.034	1.62e-10	1.53e-10	SUR	SPR	1		1IAR_A_B	0	1IAR_A_15
1247	1IAR_A_KA12E	KA12E	KA12E	1IAR	1IAR_A	P05112	-0.139	-0.139	1.62e-10	2.05e-10	COR	SPR	1		1IAR_A_B	0	1IAR_A_12
1248	1IAR_A_KA12S	KA12S	KA12S	1IAR	1IAR_A	P05112	0.015	0.015	1.62e-10	1.58e-10	COR	SPR	1		1IAR_A_B	0	1IAR_A_12
1249	1IAR_A_IA11A	IA11A	IA11A	1IAR	1IAR_A	P05112	-0.069	-0.069	1.62e-10	1.82e-10	INT	SPR	1		1IAR_A_B	0	1IAR_A_11
1250	1IAR_A_EA9Q	EA9Q	EA9Q	1IAR	1IAR_A	P05112	-3.113	-3.113	1.62e-10	3.1e-08	COR	SPR	1		1IAR_A_B	0	1IAR_A_9
1251	1IAR_A_QA8R	QA8R	QA8R	1IAR	1IAR_A	P05112	-0.039	-0.039	1.62e-10	1.73e-10	RIM	SPR	1		1IAR_A_B	0	1IAR_A_8
1252	1IAR_A_QA8A	QA8A	QA8A	1IAR	1IAR_A	P05112	0.022	0.022	1.62e-10	1.56e-10	RIM	SPR	1		1IAR_A_B	0	1IAR_A_8
1253	1IAR_A_TA6D	TA6D	TA6D	1IAR	1IAR_A	P05112	-1.393	-1.393	1.62e-10	1.7e-09	SUP	SPR	1		1IAR_A_B	0	1IAR_A_6
1254	1IAR_A_TA6A	TA6A	TA6A	1IAR	1IAR_A	P05112	0.104	0.104	1.62e-10	1.36e-10	SUP	SPR	1		1IAR_A_B	0	1IAR_A_6
1255	1IAR_A_IA5R	IA5R	IA5R	1IAR	1IAR_A	P05112	-0.796	-0.796	1.62e-10	6.21e-10	COR	SPR	1		1IAR_A_B	0	1IAR_A_5
1256	1IAR_A_IA5A	IA5A	IA5A	1IAR	1IAR_A	P05112	-1.171	-1.171	1.62e-10	1.17e-09	COR	SPR	1		1IAR_A_B	0	1IAR_A_5
1257	4I77_L_NL91A	NL91A	NL95A	4I77	4I77_L	Not Mapped	-1.722	-1.722,-1.722	1e-11,1e-11	1.83e-10,5.4e-11	SUP	SPR	2	AB/AG	AB/AG	0	4I77_L_91
1258	4I77_L_YL28A	YL28A	YL32A	4I77	4I77_L	Not Mapped	0.0	0.0,0.0	1e-11,1e-11	1e-11,1.41e-10	RIM	SPR	2	AB/AG	AB/AG	0	4I77_L_28
1259	4I77_L_YL28F	YL28F	YL32F	4I77	4I77_L	Not Mapped	0.0	0.0,0.0	1e-11,1e-11	1e-11,1e-11	RIM	SPR	2	AB/AG	AB/AG	0	4I77_L_28
1260	1DAN_H_LH144A	LH144A	LH135A	1DAN	1DAN_H	P08709	-0.016	-0.016	3.7e-09	3.8e-09	SUR	SPR	1		1DAN_HL_UT	0	1DAN_H_144
1261	1DAN_H_KH192A	KH192A	KH189A	1DAN	1DAN_H	P08709	0.187	0.187	3.7e-09	2.7e-09	SUR	SPR	1		1DAN_HL_UT	0	1DAN_H_192
1262	1DAN_H_MH164A	MH164A	MH154A	1DAN	1DAN_H	P08709	-0.744	-0.744	3.7e-09	1.3e-08	COR	SPR	1		1DAN_HL_UT	0	1DAN_H_164
1263	1DAN_H_RH134A	RH134A	RH125A	1DAN	1DAN_H	P08709	-0.749	-0.749	3.7e-09	1.31e-08	COR	SPR	1		1DAN_HL_UT	0	1DAN_H_134
1264	1BD2_A_RA65A	RA65A	RA65A	1BD2	1BD2_A	P04439	-2.499	-2.499	1.4e-06	9.51e-05	COR	SPR	2	TCR/pMHC	TCR/pMHC,1JCK_A_B	0	1BD2_A_65
1265	1MHP_L_SL28Q	SL28Q	SL27Q	1MHP	1MHP_L	Not Mapped	0.54	0.54,0.54,0.54	1.07e-08,8.5e-09,8.5e-09	4.3e-09,2.76e-09,2e-09	RIM	ELISA,SPR,KinExA	2	AB/AG	AB/AG	0	1MHP_L_28
1266	1MHP_L_NL52E	NL52E	NL51E	1MHP	1MHP_L	Not Mapped	0.177	0.177,0.177	8.5e-09,8.5e-09	6.3e-09,8.5e-09	SUR	ELISA,KinExA	2	AB/AG	AB/AG	0	1MHP_L_52
1267	1MHP_L_SL24R	SL24R	SL23R	1MHP	1MHP_L	Not Mapped	0.067	0.067,0.067	8.5e-09,8.5e-09	7.59e-09,4.6e-09	SUR	ELISA,KinExA	2	AB/AG	AB/AG	0	1MHP_L_24
1268	1MHP_L_LL49K	LL49K	LL48K	1MHP	1MHP_L	Not Mapped	-0.925	-0.925,-0.925	8.5e-09,8.5e-09	4.05e-08,3.27e-08	SUP	ELISA,KinExA	2	AB/AG	AB/AG	0	1MHP_L_49
1269	1MHP_L_NL52Y	NL52Y	NL51Y	1MHP	1MHP_L	Not Mapped	0.103	0.103,0.103	8.5e-09,8.5e-09	7.14e-09,8.5e-09	SUR	ELISA,KinExA	2	AB/AG	AB/AG	0	1MHP_L_52
1270	1MHP_L_SL91R	SL91R	SL90R	1MHP	1MHP_L	Not Mapped	-2.728	-2.728	8.5e-09	8.5e-07	COR	ELISA	2	AB/AG	AB/AG	0	1MHP_L_91
1271	1MHP_L_SL91T	SL91T	SL90T	1MHP	1MHP_L	Not Mapped	-2.318	-2.318	8.5e-09	4.25e-07	COR	ELISA	2	AB/AG	AB/AG	0	1MHP_L_91
1272	1MHP_L_NL30W	NL30W	NL29W	1MHP	1MHP_L	Not Mapped	-1.573	-1.573	8.5e-09	1.21e-07	COR	ELISA	2	AB/AG	AB/AG	0	1MHP_L_30
1273	1MHP_L_NL30Y	NL30Y	NL29Y	1MHP	1MHP_L	Not Mapped	-1.908	-1.908	8.5e-09	2.13e-07	COR	ELISA	2	AB/AG	AB/AG	0	1MHP_L_30
1274	1MHP_L_NL52K	NL52K	NL51K	1MHP	1MHP_L	Not Mapped	-0.658	-0.658	8.5e-09	2.58e-08	SUR	ELISA	2	AB/AG	AB/AG	0	1MHP_L_52
1275	1MHP_L_NL52R	NL52R	NL51R	1MHP	1MHP_L	Not Mapped	-0.845	-0.845	8.5e-09	3.54e-08	SUR	ELISA	2	AB/AG	AB/AG	0	1MHP_L_52
1276	1MHP_L_HL31K	HL31K	HL30K	1MHP	1MHP_L	Not Mapped	-1.165	-1.165	8.5e-09	6.07e-08	COR	ELISA	2	AB/AG	AB/AG	0	1MHP_L_31
1277	1MHP_L_HL31R	HL31R	HL30R	1MHP	1MHP_L	Not Mapped	-1.124	-1.124	8.5e-09	5.67e-08	COR	ELISA	2	AB/AG	AB/AG	0	1MHP_L_31
1278	1MHP_L_NL30V	NL30V	NL29V	1MHP	1MHP_L	Not Mapped	-1.05	-1.05	8.5e-09	5e-08	COR	ELISA	2	AB/AG	AB/AG	0	1MHP_L_30
1279	1MHP_L_SL91Q	SL91Q	SL90Q	1MHP	1MHP_L	Not Mapped	-1.775	-1.775	8.5e-09	1.7e-07	COR	ELISA	2	AB/AG	AB/AG	0	1MHP_L_91
1280	1MHP_L_WL90Q	WL90Q	WL89Q	1MHP	1MHP_L	Not Mapped	-2.077	-2.077	8.5e-09	2.83e-07	SUP	ELISA	2	AB/AG	AB/AG	0	1MHP_L_90
1281	1MHP_L_NL52D	NL52D	NL51D	1MHP	1MHP_L	Not Mapped	-0.501	-0.501	8.5e-09	1.98e-08	SUR	ELISA	2	AB/AG	AB/AG	0	1MHP_L_52
1282	1MHP_L_LL49W	LL49W	LL48W	1MHP	1MHP_L	Not Mapped	-1.908	-1.908	8.5e-09	2.13e-07	SUP	ELISA	2	AB/AG	AB/AG	0	1MHP_L_49
1283	1MHP_L_LL49F	LL49F	LL48F	1MHP	1MHP_L	Not Mapped	-0.713	-0.713	8.5e-09	2.83e-08	SUP	ELISA	2	AB/AG	AB/AG	0	1MHP_L_49
1284	1MHP_L_GL92S	GL92S	GL91S	1MHP	1MHP_L	Not Mapped	-0.513	-0.513	8.5e-09	2.02e-08	SUP	ELISA	2	AB/AG	AB/AG	0	1MHP_L_92
1285	1MHP_L_GL92Q	GL92Q	GL91Q	1MHP	1MHP_L	Not Mapped	-1.573	-1.573	8.5e-09	1.21e-07	SUP	ELISA	2	AB/AG	AB/AG	0	1MHP_L_92
1286	1MHP_L_HL31W	HL31W	HL30W	1MHP	1MHP_L	Not Mapped	-1.256	-1.256	8.5e-09	7.08e-08	COR	ELISA	2	AB/AG	AB/AG	0	1MHP_L_31
1287	4KRO_B_DB104A	DB104A	DB92A	4KRO	4KRO_B	Not Mapped	-1.505	-1.505	2.76e-07	3.5e-06	COR	SPR	2	AB/AG	AB/AG	0	4KRO_B_104
1288	4KRO_B_RB27A	RB27A	RB15A	4KRO	4KRO_B	Not Mapped	-1.584	-1.584	2.76e-07	4e-06	COR	SPR	2	AB/AG	AB/AG	0	4KRO_B_27
1289	1DQJ_C_DC101A	DC101A	DC101A	1DQJ	1DQJ_C	P00698	-1.453	-1.453,-1.453	2.78e-09,2.78e-09	3.23e-08,2.5e-08	COR	SPR	1	AB/AG	AB/AG	0	1DQJ_C_101
1290	1DQJ_C_KC97A	KC97A	KC97A	1DQJ	1DQJ_C	P00698	-3.521	-3.521,-3.521	2.78e-09,2.78e-09	1.06e-06,1.06e-06	COR	SPR	1	AB/AG	AB/AG	0	1DQJ_C_97
1291	1DQJ_C_WC63A	WC63A	WC63A	1DQJ	1DQJ_C	P00698	-1.347	-1.347,-1.347	2.78e-09,2.78e-09	2.7e-08,2.7e-08	SUP	SPR	1	AB/AG	AB/AG	0	1DQJ_C_63
1292	1DQJ_C_RC21A	RC21A	RC21A	1DQJ	1DQJ_C	P00698	-1.169	-1.169,-1.169	2.78e-09,2.78e-09	2e-08,2.33e-08	COR	SPR	1	AB/AG	AB/AG	0	1DQJ_C_21
1293	1DQJ_C_YC20A	YC20A	YC20A	1DQJ	1DQJ_C	P00698	-3.287	-3.287,-3.287	2.78e-09,2.78e-09	7.14e-07,7.14e-07	COR	SPR	1	AB/AG	AB/AG	0	1DQJ_C_20
1294	1DQJ_C_SC100A	SC100A	SC100A	1DQJ	1DQJ_C	P00698	-0.776	-0.776	2.78e-09	1.03e-08	COR	SPR	1	AB/AG	AB/AG	0	1DQJ_C_100
1295	1DQJ_C_KC96A	KC96A	KC96A	1DQJ	1DQJ_C	P00698	-6.159	-6.159	2.78e-09	9.09e-05	SUP	SPR	1	AB/AG	AB/AG	0	1DQJ_C_96
1296	1DQJ_C_NC93A	NC93A	NC93A	1DQJ	1DQJ_C	P00698	-0.65	-0.65	2.78e-09	8.33e-09	COR	SPR	1	AB/AG	AB/AG	0	1DQJ_C_93
1297	1DQJ_C_TC89A	TC89A	TC89A	1DQJ	1DQJ_C	P00698	-0.841	-0.841	2.78e-09	1.15e-08	COR	SPR	1	AB/AG	AB/AG	0	1DQJ_C_89
1298	1DQJ_C_LC75A	LC75A	LC75A	1DQJ	1DQJ_C	P00698	-1.453	-1.453	2.78e-09	3.23e-08	COR	SPR	1	AB/AG	AB/AG	0	1DQJ_C_75
1299	1DQJ_C_WC62A	WC62A	WC62A	1DQJ	1DQJ_C	P00698	-0.758	-0.758	2.78e-09	1e-08	RIM	SPR	1	AB/AG	AB/AG	0	1DQJ_C_62
1300	4NKQ_C_DC112K	DC112K	DC99K	4NKQ	4NKQ_C	P04141	0.332	0.332	4.9e-10	2.8e-10	COR	RA	2		4NKQ_C_AB,4RS1_A_B	0	4NKQ_C_112
1301	4NKQ_C_LC28D	LC28D	LC15D	4NKQ	4NKQ_C	P04141	0.235	0.235	5.8e-11	3.9e-11	RIM	IARA	2		4NKQ_C_AB,4RS1_A_B	0	4NKQ_C_28
1302	4NKQ_C_NC27D	NC27D	NC14D	4NKQ	4NKQ_C	P04141	0.602	0.602	5.8e-11	2.1e-11	SUR	IARA	2		4NKQ_C_AB,4RS1_A_B	0	4NKQ_C_27
1303	4NKQ_C_RC24D	RC24D	RC11D	4NKQ	4NKQ_C	P04141	0.206	0.206	5.8e-11	4.1e-11	RIM	IARA	2		4NKQ_C_AB,4RS1_A_B	0	4NKQ_C_24
1304	4NKQ_C_RC23D	RC23D	RC10D	4NKQ	4NKQ_C	P04141	-0.111	-0.111	5.8e-11	7e-11	COR	IARA	2		4NKQ_C_AB,4RS1_A_B	0	4NKQ_C_23
1305	4NKQ_C_EC21R	EC21R	EC8R	4NKQ	4NKQ_C	P04141	-2.64	-2.64	5.8e-11	5e-09	RIM	IARA	2		4NKQ_C_AB,4RS1_A_B	0	4NKQ_C_21
1306	4NKQ_C_IC19G	IC19G	IC6G	4NKQ	4NKQ_C	P04141	-0.334	-0.334	5.8e-11	1.02e-10	SUP	IARA	2		4NKQ_C_AB,4RS1_A_B	0	4NKQ_C_19
1307	4NKQ_C_NC17E	NC17E	NC4E	4NKQ	4NKQ_C	P04141	0.391	0.391	5.8e-11	3e-11	COR	IARA	2		4NKQ_C_AB,4RS1_A_B	0	4NKQ_C_17
1308	1DAN_T_DT44A	DT44A	DT39A	1DAN	1DAN_T	P13726	-1.38	-1.38,-1.38,-1.38	2.6e-12,5.3e-09,6.16e-09	2.67e-11,1.98e-07,2.13e-08	RIM	ELISA,SPR,ELFA	1		1DAN_HL_UT	0	1DAN_T_44
1309	1DAN_T_KT46A	KT46A	KT41A	1DAN	1DAN_T	P13726	-0.895	-0.895,-0.895	5.3e-09,6.16e-09	2.4e-08,9.11e-09	COR	ELISA,SPR	1		1DAN_HL_UT	0	1DAN_T_46
1310	1DAN_T_KT20A	KT20A	KT15A	1DAN	1DAN_T	P13726	-2.439	-2.439,-2.439	5.3e-09,6.16e-09	3.25e-07,4.86e-07	COR	ELISA,SPR	1		1DAN_HL_UT	0	1DAN_T_20
1311	1DAN_T_KT48A	KT48A	KT43A	1DAN	1DAN_T	P13726	-0.921	-0.921,-0.921	2.6e-12,6.16e-09	1.23e-11,1.24e-08	SUP	SPR,ELFA	1		1DAN_HL_UT	0	1DAN_T_48
1312	1DAN_T_QT37A	QT37A	QT32A	1DAN	1DAN_T	P13726	-0.729	-0.729,-0.729	2.6e-12,6.16e-09	8.9e-12,1.55e-08	SUP	SPR,ELFA	1		1DAN_HL_UT	0	1DAN_T_37
1313	1DAN_T_ST47A	ST47A	ST42A	1DAN	1DAN_T	P13726	0.127	0.127,0.127	2.6e-12,6.16e-09	2.1e-12,6.63e-09	COR	SPR,ELFA	1		1DAN_HL_UT	0	1DAN_T_47
1314	1DAN_T_WT45A	WT45A	WT40A	1DAN	1DAN_T	P13726	-1.5	-1.5,-1.5	2.6e-12,5.3e-09	3.27e-11,2.9e-07	COR	ELISA,ELFA	1		1DAN_HL_UT	0	1DAN_T_45
1315	1DAN_T_YT78A	YT78A	YT73A	1DAN	1DAN_T	P13726	-0.628	-0.628	2.6e-12	7.5e-12	RIM	ELFA	1		1DAN_HL_UT	0	1DAN_T_78
1316	1DAN_T_FT76A	FT76A	FT71A	1DAN	1DAN_T	P13726	-1.105	-1.105	2.6e-12	1.68e-11	SUP	ELFA	1		1DAN_HL_UT	0	1DAN_T_76
1317	1DAN_T_YT51A	YT51A	YT46A	1DAN	1DAN_T	P13726	0.127	0.127	2.6e-12	2.1e-12	RIM	ELFA	1		1DAN_HL_UT	0	1DAN_T_51
1318	1DAN_T_VT33A	VT33A	VT28A	1DAN	1DAN_T	P13726	0.186	0.186	2.6e-12	1.9e-12	INT	ELFA	1		1DAN_HL_UT	0	1DAN_T_33
1319	1DAN_T_TT60A	TT60A	TT55A	1DAN	1DAN_T	P13726	-2.224	-2.224	2.6e-12	1.11e-10	INT	ELFA	1		1DAN_HL_UT	0	1DAN_T_60
1320	1DAN_T_GT43A	GT43A	GT38A	1DAN	1DAN_T	P13726	-0.065	-0.065	2.6e-12	2.9e-12	COR	ELFA	1		1DAN_HL_UT	0	1DAN_T_43
1321	1DAN_T_IT38A	IT38A	IT33A	1DAN	1DAN_T	P13726	0.127	0.127	2.6e-12	2.1e-12	INT	ELFA	1		1DAN_HL_UT	0	1DAN_T_38
1322	1DAN_T_VT36A	VT36A	VT31A	1DAN	1DAN_T	P13726	0.127	0.127	2.6e-12	2.1e-12	INT	ELFA	1		1DAN_HL_UT	0	1DAN_T_36
1323	1DAN_T_LT72A	LT72A	LT67A	1DAN	1DAN_T	P13726	0.06	0.06	8.64e-09	7.81e-09	INT	ELISA	1		1DAN_HL_UT	0	1DAN_T_72
1324	1DAN_T_QT69A	QT69A	QT64A	1DAN	1DAN_T	P13726	0.0	0.0	8.64e-09	8.64e-09	SUR	ELISA	1		1DAN_HL_UT	0	1DAN_T_69
1325	1DAN_T_VT64A	VT64A	VT59A	1DAN	1DAN_T	P13726	0.0	0.0	8.64e-09	8.64e-09	INT	ELISA	1		1DAN_HL_UT	0	1DAN_T_64
1326	1DAN_T_IT63A	IT63A	IT58A	1DAN	1DAN_T	P13726	0.0	0.0	8.64e-09	8.64e-09	INT	ELISA	1		1DAN_HL_UT	0	1DAN_T_63
1327	1DAN_T_ET62A	ET62A	ET57A	1DAN	1DAN_T	P13726	0.0	0.0	8.64e-09	8.64e-09	SUP	ELISA	1		1DAN_HL_UT	0	1DAN_T_62
1328	1DAN_T_DT61A	DT61A	DT56A	1DAN	1DAN_T	P13726	-0.242	-0.242	8.64e-09	1.3e-08	COR	ELISA	1		1DAN_HL_UT	0	1DAN_T_61
1329	1DAN_T_LT59A	LT59A	LT54A	1DAN	1DAN_T	P13726	0.0	0.0	8.64e-09	8.64e-09	INT	ELISA	1		1DAN_HL_UT	0	1DAN_T_59
1330	1DAN_T_ST16A	ST16A	ST11A	1DAN	1DAN_T	P13726	0.13	0.13	8.64e-09	6.94e-09	INT	ELISA	1		1DAN_HL_UT	0	1DAN_T_16
1331	1DAN_T_TT21A	TT21A	TT16A	1DAN	1DAN_T	P13726	0.159	0.159	6.16e-09	4.71e-09	INT	SPR	1		1DAN_HL_UT	0	1DAN_T_21
1332	1DAN_T_IT22A	IT22A	IT17A	1DAN	1DAN_T	P13726	-0.645	-0.645	6.16e-09	1.83e-08	SUP	SPR	1		1DAN_HL_UT	0	1DAN_T_22
1333	1DAN_T_ET24A	ET24A	ET19A	1DAN	1DAN_T	P13726	-0.658	-0.658	6.16e-09	1.87e-08	RIM	SPR	1		1DAN_HL_UT	0	1DAN_T_24
1334	1DAN_T_WT25F	WT25F	WT20F	1DAN	1DAN_T	P13726	-0.615	-0.615	6.16e-09	1.74e-08	INT	SPR	1		1DAN_HL_UT	0	1DAN_T_25
1335	1DAN_T_ET26A	ET26A	ET21A	1DAN	1DAN_T	P13726	-0.101	-0.101	6.16e-09	7.31e-09	SUR	SPR	1		1DAN_HL_UT	0	1DAN_T_26
1336	1DAN_T_KT28A	KT28A	KT23A	1DAN	1DAN_T	P13726	-0.117	-0.117	6.16e-09	7.5e-09	SUR	SPR	1		1DAN_HL_UT	0	1DAN_T_28
1337	1DAN_T_KT41A	KT41A	KT36A	1DAN	1DAN_T	P13726	-0.322	-0.322	6.16e-09	1.06e-08	RIM	SPR	1		1DAN_HL_UT	0	1DAN_T_41
1338	1DAN_T_ST42A	ST42A	ST37A	1DAN	1DAN_T	P13726	0.069	0.069	6.16e-09	5.48e-09	RIM	SPR	1		1DAN_HL_UT	0	1DAN_T_42
1339	1DAN_T_WT45F	WT45F	WT40F	1DAN	1DAN_T	P13726	-1.271	-1.271	6.16e-09	5.26e-08	COR	SPR	1		1DAN_HL_UT	0	1DAN_T_45
1340	1DAN_T_FT50A	FT50A	FT45A	1DAN	1DAN_T	P13726	-0.438	-0.438	6.16e-09	1.29e-08	COR	SPR	1		1DAN_HL_UT	0	1DAN_T_50
1341	1DAN_T_TT52A	TT52A	TT47A	1DAN	1DAN_T	P13726	-0.405	-0.405	6.16e-09	1.22e-08	INT	SPR	1		1DAN_HL_UT	0	1DAN_T_52
1342	1DAN_T_DT58A	DT58A	DT53A	1DAN	1DAN_T	P13726	-1.99	-1.99	6.16e-09	1.77e-07	COR	SPR	1		1DAN_HL_UT	0	1DAN_T_58
1343	1DAN_T_DT58E	DT58E	DT53E	1DAN	1DAN_T	P13726	-1.38	-1.38	6.16e-09	6.33e-08	COR	SPR	1		1DAN_HL_UT	0	1DAN_T_58
1344	1DAN_T_KT68A	KT68A	KT63A	1DAN	1DAN_T	P13726	0.07	0.07	6.16e-09	5.47e-09	SUR	SPR	1		1DAN_HL_UT	0	1DAN_T_68
1345	1DAN_T_WT14F	WT14F	WT9F	1DAN	1DAN_T	P13726	-0.692	-0.692	6.16e-09	1.98e-08	INT	SPR	1		1DAN_HL_UT	0	1DAN_T_14
1346	1DAN_T_KT15A	KT15A	KT10A	1DAN	1DAN_T	P13726	0.397	0.397	6.16e-09	3.15e-09	RIM	SPR	1		1DAN_HL_UT	0	1DAN_T_15
1347	1DAN_T_TT17A	TT17A	TT12A	1DAN	1DAN_T	P13726	-0.121	-0.121	6.16e-09	7.55e-09	COR	SPR	1		1DAN_HL_UT	0	1DAN_T_17
1348	1DAN_T_NT18A	NT18A	NT13A	1DAN	1DAN_T	P13726	-0.18	-0.18	6.16e-09	8.35e-09	SUP	SPR	1		1DAN_HL_UT	0	1DAN_T_18
1349	1DAN_T_KT20R	KT20R	KT15R	1DAN	1DAN_T	P13726	-1.686	-1.686	6.16e-09	1.06e-07	COR	SPR	1		1DAN_HL_UT	0	1DAN_T_20
1350	3NCB_A_AA180H	AA180H	AA167H	3NCB	3NCB_A	P01236	-0.686	-0.686,-0.686,-0.686,-0.686,-0.686,-0.686,-0.686,-0.686,-0.686,-0.686,-0.686,-0.686,-0.686,-0.686,-0.686,-0.686,-0.686,-0.686,-0.686	6.28e-06,5.8e-06,3.4e-06,1.96e-06,1.28e-06,9.5e-07,7.19e-07,5.97e-07,4.94e-07,1.32e-05,7.9e-06,7.6e-06,3.6e-06,2.4e-06,1.36e-06,6.5e-07,8.2e-07,5.1e-07,4.6e-07	2e-05,1.68e-06,2.03e-07,1.71e-07,1.05e-07,4.39e-08,4.59e-08,3.91e-08,3.7e-08,8.4e-06,2.13e-06,1.28e-06,2e-07,7.7e-08,3.3e-08,2.1e-08,1.3e-08,1.1e-08,1.1e-08	COR	SPR	2		3MZG_A_B,3N06_A_B,3N0P_A_B,3NCB_A_B,3NCC_A_B,1BP3_A_B	0	3NCB_A_180
1351	1OGA_A_EA63A	EA63A	EA63A	1OGA	1OGA_A	P04439	0.018	0.018	5.3e-06	5.14e-06	INT	SPR	2	TCR/pMHC	TCR/pMHC,1JCK_A_B	0	1OGA_A_63
1352	1OGA_A_DA61A	DA61A	DA61A	1OGA	1OGA_A	P04439	-0.118	-0.118	5.3e-06	6.47e-06	SUR	SPR	2	TCR/pMHC	TCR/pMHC,1JCK_A_B	0	1OGA_A_61
1353	1OGA_A_EA58A	EA58A	EA58A	1OGA	1OGA_A	P04439	-0.113	-0.113	5.3e-06	6.41e-06	SUR	SPR	2	TCR/pMHC	TCR/pMHC,1JCK_A_B	0	1OGA_A_58
1354	1OGA_A_QA43A	QA43A	QA43A	1OGA	1OGA_A	P04439	0.024	0.024	5.3e-06	5.09e-06	SUR	SPR	2	TCR/pMHC	TCR/pMHC,1JCK_A_B	0	1OGA_A_43
1355	1OGA_A_AA150G	AA150G	AA150G	1OGA	1OGA_A	P04439	-0.449	-0.449	5.3e-06	1.13e-05	COR	SPR	2	TCR/pMHC	TCR/pMHC,1JCK_A_B	0	1OGA_A_150
1356	1OGA_A_AA149G	AA149G	AA149G	1OGA	1OGA_A	P04439	-0.123	-0.123	5.3e-06	6.52e-06	RIM	SPR	2	TCR/pMHC	TCR/pMHC,1JCK_A_B	0	1OGA_A_149
1357	1OGA_A_KA146A	KA146A	KA146A	1OGA	1OGA_A	P04439	-1.931	-1.931	5.3e-06	0.000138	RIM	SPR	2	TCR/pMHC	TCR/pMHC,1JCK_A_B	0	1OGA_A_146
1358	1OGA_A_TA80A	TA80A	TA80A	1OGA	1OGA_A	P04439	-0.195	-0.195	5.3e-06	7.37e-06	INT	SPR	2	TCR/pMHC	TCR/pMHC,1JCK_A_B	0	1OGA_A_80
1359	1OGA_A_VA76A	VA76A	VA76A	1OGA	1OGA_A	P04439	-0.872	-0.872	5.3e-06	2.31e-05	RIM	SPR	2	TCR/pMHC	TCR/pMHC,1JCK_A_B	0	1OGA_A_76
1360	1OGA_A_RA75A	RA75A	RA75A	1OGA	1OGA_A	P04439	-0.711	-0.711	5.3e-06	1.76e-05	RIM	SPR	2	TCR/pMHC	TCR/pMHC,1JCK_A_B	0	1OGA_A_75
1361	1OGA_A_HA74A	HA74A	HA74A	1OGA	1OGA_A	P04439	-0.604	-0.604	5.3e-06	1.47e-05	INT	SPR	2	TCR/pMHC	TCR/pMHC,1JCK_A_B	0	1OGA_A_74
1362	1OGA_A_TA73A	TA73A	TA73A	1OGA	1OGA_A	P04439	-0.849	-0.849	5.3e-06	2.22e-05	SUP	SPR	2	TCR/pMHC	TCR/pMHC,1JCK_A_B	0	1OGA_A_73
1363	1OGA_A_QA72A	QA72A	QA72A	1OGA	1OGA_A	P04439	0.46	0.46	5.3e-06	2.44e-06	COR	SPR	2	TCR/pMHC	TCR/pMHC,1JCK_A_B	0	1OGA_A_72
1364	1OGA_A_HA70A	HA70A	HA70A	1OGA	1OGA_A	P04439	-0.518	-0.518	5.3e-06	1.27e-05	INT	SPR	2	TCR/pMHC	TCR/pMHC,1JCK_A_B	0	1OGA_A_70
1365	1OGA_A_AA69G	AA69G	AA69G	1OGA	1OGA_A	P04439	-0.427	-0.427	5.3e-06	1.09e-05	COR	SPR	2	TCR/pMHC	TCR/pMHC,1JCK_A_B	0	1OGA_A_69
1366	1OGA_A_KA68A	KA68A	KA68A	1OGA	1OGA_A	P04439	-0.248	-0.248	5.3e-06	8.06e-06	RIM	SPR	2	TCR/pMHC	TCR/pMHC,1JCK_A_B	0	1OGA_A_68
1367	1OGA_A_VA67A	VA67A	VA67A	1OGA	1OGA_A	P04439	0.139	0.139	5.3e-06	4.19e-06	INT	SPR	2	TCR/pMHC	TCR/pMHC,1JCK_A_B	0	1OGA_A_67
1368	1OGA_A_KA66A	KA66A	KA66A	1OGA	1OGA_A	P04439	0.024	0.024	5.3e-06	5.09e-06	SUP	SPR	2	TCR/pMHC	TCR/pMHC,1JCK_A_B	0	1OGA_A_66
1369	1OGA_A_RA65A	RA65A	RA65A	1OGA	1OGA_A	P04439	0.365	0.365	5.3e-06	2.86e-06	RIM	SPR	2	TCR/pMHC	TCR/pMHC,1JCK_A_B	0	1OGA_A_65
1370	1OGA_A_TA64A	TA64A	TA64A	1OGA	1OGA_A	P04439	-0.186	-0.186	5.3e-06	7.26e-06	INT	SPR	2	TCR/pMHC	TCR/pMHC,1JCK_A_B	0	1OGA_A_64
1371	1OGA_A_TA163A	TA163A	TA163A	1OGA	1OGA_A	P04439	-0.322	-0.322	5.3e-06	9.12e-06	RIM	SPR	2	TCR/pMHC	TCR/pMHC,1JCK_A_B	0	1OGA_A_163
1372	1OGA_A_AA158G	AA158G	AA158G	1OGA	1OGA_A	P04439	-0.133	-0.133	5.3e-06	6.63e-06	RIM	SPR	2	TCR/pMHC	TCR/pMHC,1JCK_A_B	0	1OGA_A_158
1373	1OGA_A_QA155A	QA155A	QA155A	1OGA	1OGA_A	P04439	-0.489	-0.489	5.3e-06	1.21e-05	COR	SPR	2	TCR/pMHC	TCR/pMHC,1JCK_A_B	0	1OGA_A_155
1374	1OGA_A_EA154A	EA154A	EA154A	1OGA	1OGA_A	P04439	-0.612	-0.612	5.3e-06	1.49e-05	RIM	SPR	2	TCR/pMHC	TCR/pMHC,1JCK_A_B	0	1OGA_A_154
1375	1OGA_A_VA152A	VA152A	VA152A	1OGA	1OGA_A	P04439	-1.394	-1.394	5.3e-06	5.57e-05	SUP	SPR	2	TCR/pMHC	TCR/pMHC,1JCK_A_B	0	1OGA_A_152
1376	1OGA_A_HA151A	HA151A	HA151A	1OGA	1OGA_A	P04439	0.0	0.0	5.3e-06	5.3e-06	COR	SPR	2	TCR/pMHC	TCR/pMHC,1JCK_A_B	0	1OGA_A_151
1377	3QIB_P_TP12N	TP12N	TP11N	3QIB	3QIB_P	P00039	-1.224	-1.224	5.5e-06	4.34e-05	COR	SPR	2	TCR/pMHC	TCR/pMHC,1JCK_A_B	0	3QIB_P_12
1378	3QIB_P_TP12S	TP12S	TP11S	3QIB	3QIB_P	P00039	-1.076	-1.076	5.5e-06	3.38e-05	COR	SPR	2	TCR/pMHC	TCR/pMHC,1JCK_A_B	0	3QIB_P_12
1379	3QIB_P_TP12A	TP12A	TP11A	3QIB	3QIB_P	P00039	-3.139	-3.139	5.5e-06	0.0011	COR	SPR	2	TCR/pMHC	TCR/pMHC,1JCK_A_B	0	3QIB_P_12
1380	3QIB_P_KP9R	KP9R	KP8R	3QIB	3QIB_P	P00039	-2.237	-2.237	5.5e-06	0.00024	COR	SPR	2	TCR/pMHC	TCR/pMHC,1JCK_A_B	0	3QIB_P_9
1381	3QIB_P_KP9A	KP9A	KP8A	3QIB	3QIB_P	P00039	-3.139	-3.139	5.5e-06	0.0011	COR	SPR	2	TCR/pMHC	TCR/pMHC,1JCK_A_B	0	3QIB_P_9
1382	3QIB_P_YP7F	YP7F	YP6F	3QIB	3QIB_P	P00039	-0.108	-0.108	5.5e-06	6.6e-06	COR	SPR	2	TCR/pMHC	TCR/pMHC,1JCK_A_B	0	3QIB_P_7
1383	3QIB_P_YP7A	YP7A	YP6A	3QIB	3QIB_P	P00039	-3.139	-3.139	5.5e-06	0.0011	COR	SPR	2	TCR/pMHC	TCR/pMHC,1JCK_A_B	0	3QIB_P_7
1384	3BN9_D_QD100aV	QD100aV	QD105V	3BN9	3BN9_D	P01857	-1.225	-1.225	2.24e-11	1.77e-10	RIM	IAFL	2	AB/AG,Pr/PI	AB/AG,Pr/PI	0	3BN9_D_100a
1385	3BN9_D_PD100H	PD100H	PD104H	3BN9	3BN9_D	P01857	-2.428	-2.428	2.24e-11	1.35e-09	RIM	IAFL	2	AB/AG,Pr/PI	AB/AG,Pr/PI	0	3BN9_D_100
1386	3BN9_D_YD99S	YD99S	YD103S	3BN9	3BN9_D	P01857	-0.459	-0.459	2.24e-11	4.86e-11	RIM	IAFL	2	AB/AG,Pr/PI	AB/AG,Pr/PI	0	3BN9_D_99
1387	3BN9_D_TD98R	TD98R	TD102R	3BN9	3BN9_D	P01857	0.058	0.058	2.24e-11	2.03e-11	RIM	IAFL	2	AB/AG,Pr/PI	AB/AG,Pr/PI	0	3BN9_D_98
1388	3BN9_D_TD98Q	TD98Q	TD102Q	3BN9	3BN9_D	P01857	0.022	0.022	2.24e-11	2.16e-11	RIM	IAFL	2	AB/AG,Pr/PI	AB/AG,Pr/PI	0	3BN9_D_98
1389	3BN9_D_SD30N	SD30N	SD30N	3BN9	3BN9_D	P01857	-1.146	-1.146	2.24e-11	1.55e-10	COR	IAFL	2	AB/AG,Pr/PI	AB/AG,Pr/PI	0	3BN9_D_30
1390	3BN9_D_SD30G	SD30G	SD30G	3BN9	3BN9_D	P01857	-1.187	-1.187	2.24e-11	1.66e-10	COR	IAFL	2	AB/AG,Pr/PI	AB/AG,Pr/PI	0	3BN9_D_30
1391	3BN9_D_TD28R	TD28R	TD28R	3BN9	3BN9_D	P01857	-0.333	-0.333	2.24e-11	3.93e-11	RIM	IAFL	2	AB/AG,Pr/PI	AB/AG,Pr/PI	0	3BN9_D_28
1392	1A22_B_RB243A	RB243A	RB11A	1A22	1A22_B	P10912	-2.116	-2.116,-2.116,-2.116	3.4e-10,4e-10,1e-09	1.21e-08,6.4e-10,3.95e-08	SUP	IARA,SPR,RA	1		1A22_A_B,1BP3_A_B	0	1A22_B_243
1393	1A22_B_EB327A	EB327A	EB86A	1A22	1A22_B	P10912	-0.971	-0.971,-0.971,-0.971	3.4e-10,4e-10,1e-09	1.75e-09,8e-10,5.21e-09	RIM	IARA,SPR,RA	1		1A22_A_B,1BP3_A_B	0	1A22_B_327
1394	1A22_B_DB326A	DB326A	DB85A	1A22	1A22_B	P10912	-0.994	-0.994,-0.994,-0.994	3.4e-10,4e-10,1e-09	1.82e-09,2.1e-09,5.21e-09	SUP	IARA,SPR,RA	1		1A22_A_B,1BP3_A_B	0	1A22_B_326
1395	1A22_B_SB298A	SB298A	SB57A	1A22	1A22_B	P10912	0.055	0.055,0.055,0.055	3.4e-10,4e-10,1e-09	3.1e-10,2.3e-10,8.13e-10	RIM	IARA,SPR,RA	1		1A22_A_B,1BP3_A_B	0	1A22_B_298
1396	1A22_B_WB280A	WB280A	WB39A	1A22	1A22_B	P10912	0.018	0.018,0.018,0.018	3.4e-10,4e-10,1e-09	3.3e-10,5.3e-10,1e-09	RIM	IARA,SPR,RA	1		1A22_A_B,1BP3_A_B	0	1A22_B_280
1397	1A22_B_EB275A	EB275A	EB34A	1A22	1A22_B	P10912	0.094	0.094,0.094,0.094	3.4e-10,4e-10,1e-09	2.9e-10,3.5e-10,8.13e-10	RIM	IARA,SPR,RA	1		1A22_A_B,1BP3_A_B	0	1A22_B_275
1398	1A22_B_WB276A	WB276A	WB35A	1A22	1A22_B	P10912	-0.514	-0.514,-0.514,-0.514	3.4e-10,4e-10,1e-09	8.1e-10,1e-09,2.65e-09	COR	IARA,SPR,RA	1		1A22_A_B,1BP3_A_B	0	1A22_B_276
1399	1A22_B_QB274A	QB274A	QB33A	1A22	1A22_B	P10912	0.0	0.0,0.0,0.0	3.4e-10,4e-10,1e-09	3.4e-10,1.5e-10,1e-09	RIM	IARA,SPR,RA	1		1A22_A_B,1BP3_A_B	0	1A22_B_274
1400	1A22_B_TB273A	TB273A	TB32A	1A22	1A22_B	P10912	-0.111	-0.111,-0.111,-0.111	3.4e-10,4e-10,1e-09	4.1e-10,1.9e-10,1.14e-09	RIM	IARA,SPR,RA	1		1A22_A_B,1BP3_A_B	0	1A22_B_273
1401	1A22_B_NB272A	NB272A	NB31A	1A22	1A22_B	P10912	-0.274	-0.274,-0.274,-0.274	3.4e-10,4e-10,1e-09	5.4e-10,1.9e-10,1.35e-09	SUR	IARA,SPR,RA	1		1A22_A_B,1BP3_A_B	0	1A22_B_272
1402	1A22_B_RB417A	RB417A	RB172A	1A22	1A22_B	P10912	-0.274	-0.274,-0.274,-0.274	3.4e-10,4e-10,1e-09	5.4e-10,7e-10,1.35e-09	COR	IARA,SPR,RA	1		1A22_A_B,1BP3_A_B	0	1A22_B_417
1403	1A22_B_SB302A	SB302A	SB61A	1A22	1A22_B	P10912	0.182	0.182,0.182,0.182	3.4e-10,4e-10,1e-09	2.5e-10,8.8e-10,6.87e-10	SUP	IARA,SPR,RA	1		1A22_A_B,1BP3_A_B	0	1A22_B_302
1404	1A22_B_IB303A	IB303A	IB62A	1A22	1A22_B	P10912	-1.608	-1.608,-1.608,-1.608	3.4e-10,4e-10,1e-09	5.13e-09,8.3e-10,2.01e-08	SUP	IARA,SPR,RA	1		1A22_A_B,1BP3_A_B	0	1A22_B_303
1405	1A22_B_IB305A	IB305A	IB64A	1A22	1A22_B	P10912	-1.941	-1.941,-1.941,-1.941	3.4e-10,4e-10,1e-09	9e-09,5e-10,2.82e-08	SUP	IARA,SPR,RA	1		1A22_A_B,1BP3_A_B	0	1A22_B_305
1406	1A22_B_EB244A	EB244A	EB12A	1A22	1A22_B	P10912	-1.693	-1.693,-1.693,-1.693	3.4e-10,4e-10,1e-09	5.92e-09,1.2e-09,2.01e-08	RIM	IARA,SPR,RA	1		1A22_A_B,1BP3_A_B	0	1A22_B_244
1407	1A22_B_KB415A	KB415A	KB170A	1A22	1A22_B	P10912	-0.785	-0.785,-0.785	3.4e-10,4e-10	1.28e-09,9.3e-10	INT	IARA,SPR	1		1A22_A_B,1BP3_A_B	0	1A22_B_415
1408	1A22_B_QB416A	QB416A	QB171A	1A22	1A22_B	P10912	-0.891	-0.891,-0.891	3.4e-10,1e-09	1.53e-09,4.4e-09	SUP	SPR,RA	1		1A22_A_B,1BP3_A_B	0	1A22_B_416
1409	1A22_B_TB395A	TB395A	TB150A	1A22	1A22_B	P10912	0.094	0.094,0.094	3.4e-10,1e-09	2.9e-10,8.13e-10	RIM	SPR,RA	1		1A22_A_B,1BP3_A_B	0	1A22_B_395
1410	1A22_B_VB371A	VB371A	VB126A	1A22	1A22_B	P10912	0.617	0.617,0.617	3.4e-10,1e-09	1.2e-10,2.95e-10	COR	SPR,RA	1		1A22_A_B,1BP3_A_B	0	1A22_B_371
1411	1A22_B_KB367A	KB367A	KB122A	1A22	1A22_B	P10912	0.018	0.018,0.018	3.4e-10,1e-09	3.3e-10,1e-09	RIM	SPR,RA	1		1A22_A_B,1BP3_A_B	0	1A22_B_367
1412	1A22_B_QB366A	QB366A	QB121A	1A22	1A22_B	P10912	-0.017	-0.017,-0.017	3.4e-10,1e-09	3.5e-10,1e-09	RIM	SPR,RA	1		1A22_A_B,1BP3_A_B	0	1A22_B_366
1413	1A22_B_IB365A	IB365A	IB120A	1A22	1A22_B	P10912	-2.131	-2.131,-2.131	3.4e-10,1e-09	1.24e-08,3.95e-08	COR	SPR,RA	1		1A22_A_B,1BP3_A_B	0	1A22_B_365
1414	1A22_B_DB364A	DB364A	DB119A	1A22	1A22_B	P10912	-1.487	-1.487,-1.487	3.4e-10,1e-09	4.18e-09,1.43e-08	SUP	SPR,RA	1		1A22_A_B,1BP3_A_B	0	1A22_B_364
1415	1A22_B_RB271A	RB271A	RB30A	1A22	1A22_B	P10912	-0.536	-0.536,-0.536	3.4e-10,4e-10	8.4e-10,1.1e-09	COR	IARA,SPR	1		1A22_A_B,1BP3_A_B	0	1A22_B_271
1416	1A22_B_TB394A	TB394A	TB149A	1A22	1A22_B	P10912	-0.204	-0.204,-0.204	3.4e-10,1e-09	4.8e-10,1.35e-09	SUR	SPR,RA	1		1A22_A_B,1BP3_A_B	0	1A22_B_394
1417	1A22_B_TB301A	TB301A	TB60A	1A22	1A22_B	P10912	-1.762	-1.762,-1.762	3.4e-10,4e-10	6.65e-09,2.5e-09	SUP	IARA,SPR	1		1A22_A_B,1BP3_A_B	0	1A22_B_301
1418	1A22_B_FB296S	FB296S	FB55S	1A22	1A22_B	P10912	-0.05	-0.05,-0.05	3.4e-10,4e-10	3.7e-10,3.2e-10	INT	IARA,SPR	1		1A22_A_B,1BP3_A_B	0	1A22_B_296
1419	1A22_B_TB277A	TB277A	TB36A	1A22	1A22_B	P10912	-0.204	-0.204,-0.204	3.4e-10,4e-10	4.8e-10,2.6e-10	SUR	IARA,SPR	1		1A22_A_B,1BP3_A_B	0	1A22_B_277
1420	1A22_B_EB242A	EB242A	EB10A	1A22	1A22_B	P10912	-0.179	-0.179,-0.179	3.4e-10,4e-10	4.6e-10,3.2e-09	INT	IARA,SPR	1		1A22_A_B,1BP3_A_B	0	1A22_B_242
1421	1A22_B_NB418A	NB418A	NB173A	1A22	1A22_B	P10912	-0.296	-0.296,-0.296	3.4e-10,1e-09	5.6e-10,1.6e-09	COR	SPR,RA	1		1A22_A_B,1BP3_A_B	0	1A22_B_418
1422	1A22_B_SB324A	SB324A	SB83A	1A22	1A22_B	P10912	-0.274	-0.274,-0.274	3.4e-10,1e-09	5.4e-10,1.35e-09	SUP	SPR,RA	1		1A22_A_B,1BP3_A_B	0	1A22_B_324
1423	1A22_B_KB321A	KB321A	KB80A	1A22	1A22_B	P10912	-0.081	-0.081,-0.081	3.4e-10,1e-09	3.9e-10,1.14e-09	COR	SPR,RA	1		1A22_A_B,1BP3_A_B	0	1A22_B_321
1424	1A22_B_EB320A	EB320A	EB79A	1A22	1A22_B	P10912	0.182	0.182,0.182	3.4e-10,1e-09	2.5e-10,6.87e-10	RIM	SPR,RA	1		1A22_A_B,1BP3_A_B	0	1A22_B_320
1425	1A22_B_PB306A	PB306A	PB65A	1A22	1A22_B	P10912	-3.306	-3.306,-3.306	3.4e-10,4e-10	9.01e-08,3.37e-08	SUP	IARA,SPR	1		1A22_A_B,1BP3_A_B	0	1A22_B_306
1426	1A22_B_WB304A	WB304A	WB63A	1A22	1A22_B	P10912	-4.732	-4.732,-4.732	3.4e-10,4e-10	1e-06,1e-06	COR	IARA,SPR	2		1A22_A_B,1BP3_A_B	0	1A22_B_304
1427	1A22_B_RB270A	RB270A	RB29A	1A22	1A22_B	P10912	-0.69	-0.69,-0.69	3.4e-10,4e-10	1.09e-09,8.1e-10	SUP	IARA,SPR	1		1A22_A_B,1BP3_A_B	0	1A22_B_270
1428	1A22_B_KB403A	KB403A	KB158A	1A22	1A22_B	P10912	-0.24	-0.24	4e-10	6e-10	SUR	IARA	1		1A22_A_B,1BP3_A_B	0	1A22_B_403
1429	1A22_B_EB380A	EB380A	EB135A	1A22	1A22_B	P10912	-0.199	-0.199	4e-10	5.6e-10	INT	IARA	1		1A22_A_B,1BP3_A_B	0	1A22_B_380
1430	1A22_B_KB379A	KB379A	KB134A	1A22	1A22_B	P10912	0.0	0.0	4e-10	4e-10	INT	IARA	1		1A22_A_B,1BP3_A_B	0	1A22_B_379
1431	1A22_B_EB375A	EB375A	EB130A	1A22	1A22_B	P10912	0.079	0.079	4e-10	3.5e-10	INT	IARA	1		1A22_A_B,1BP3_A_B	0	1A22_B_375
1432	1A22_B_EB373A	EB373A	EB128A	1A22	1A22_B	P10912	-0.083	-0.083	4e-10	4.6e-10	INT	IARA	1		1A22_A_B,1BP3_A_B	0	1A22_B_373
1433	1A22_B_DB332A	DB332A	DB91A	1A22	1A22_B	P10912	-1.086	-1.086	4e-10	2.5e-09	SUR	IARA	1		1A22_A_B,1BP3_A_B	0	1A22_B_332
1434	1A22_B_KB310A	KB310A	KB69A	1A22	1A22_B	P10912	-0.043	-0.043	4e-10	4.3e-10	INT	IARA	1		1A22_A_B,1BP3_A_B	0	1A22_B_310
1435	1A22_B_EB291A	EB291A	EB50A	1A22	1A22_B	P10912	-0.178	-0.178	4e-10	5.4e-10	SUR	IARA	1		1A22_A_B,1BP3_A_B	0	1A22_B_291
1436	1A22_B_EB282A	EB282A	EB41A	1A22	1A22_B	P10912	-0.783	-0.783	4e-10	1.5e-09	SUR	IARA	1		1A22_A_B,1BP3_A_B	0	1A22_B_282
1437	1A22_B_KB281A	KB281A	KB40A	1A22	1A22_B	P10912	-0.144	-0.144	4e-10	5.1e-10	SUR	IARA	1		1A22_A_B,1BP3_A_B	0	1A22_B_281
1438	1A22_B_EB279A	EB279A	EB38A	1A22	1A22_B	P10912	0.079	0.079	4e-10	3.5e-10	SUR	IARA	1		1A22_A_B,1BP3_A_B	0	1A22_B_279
1439	1A22_B_RB239A	RB239A	RB7A	1A22	1A22_B	P10912	-0.269	-0.269	4e-10	6.3e-10	SUR	IARA	1		1A22_A_B,1BP3_A_B	0	1A22_B_239
1440	1A22_B_RB243M	RB243M	RB11M	1A22	1A22_B	P10912	-1.0	-1.0	3.4e-10	1.84e-09	SUP	SPR	1		1A22_A_B,1BP3_A_B	0	1A22_B_243
1441	1A22_B_RB243L	RB243L	RB11L	1A22	1A22_B	P10912	-0.522	-0.522	3.4e-10	8.2e-10	SUP	SPR	1		1A22_A_B,1BP3_A_B	0	1A22_B_243
1442	1A22_B_SB419A	SB419A	SB174A	1A22	1A22_B	P10912	-0.034	-0.034	3.4e-10	3.6e-10	COR	SPR	1		1A22_A_B,1BP3_A_B	0	1A22_B_419
1443	1A22_B_WB369A	WB369A	WB124A	1A22	1A22_B	P10912	-4.732	-4.732	3.4e-10	1e-06	COR	SPR	2		1A22_A_B,1BP3_A_B	0	1A22_B_369
1444	1A22_B_FB300A	FB300A	FB59A	1A22	1A22_B	P10912	0.015	0.015	4e-10	3.9e-10	SUR	IARA	1		1A22_A_B,1BP3_A_B	0	1A22_B_300
1445	1A22_B_SB299A	SB299A	SB58A	1A22	1A22_B	P10912	0.507	0.507	4e-10	1.7e-10	RIM	IARA	1		1A22_A_B,1BP3_A_B	0	1A22_B_299
1446	1A22_B_NB297A	NB297A	NB56A	1A22	1A22_B	P10912	0.255	0.255	4e-10	2.6e-10	SUR	IARA	1		1A22_A_B,1BP3_A_B	0	1A22_B_297
1447	1A22_B_QB278A	QB278A	QB37A	1A22	1A22_B	P10912	0.411	0.411	4e-10	2e-10	INT	IARA	1		1A22_A_B,1BP3_A_B	0	1A22_B_278
1448	1A22_B_TB251A	TB251A	TB19A	1A22	1A22_B	P10912	-0.07	-0.07	4e-10	4.5e-10	SUR	IARA	1		1A22_A_B,1BP3_A_B	0	1A22_B_251
1449	1A22_B_SB247A	SB247A	SB15A	1A22	1A22_B	P10912	0.015	0.015	4e-10	3.9e-10	INT	IARA	1		1A22_A_B,1BP3_A_B	0	1A22_B_247
1450	1A22_B_PB241A	PB241A	PB9A	1A22	1A22_B	P10912	-0.26	-0.26	4e-10	6.2e-10	INT	IARA	1		1A22_A_B,1BP3_A_B	0	1A22_B_241
1451	1A22_B_YB295A	YB295A	YB54A	1A22	1A22_B	P10912	-0.199	-0.199	4e-10	5.6e-10	SUR	IARA	1		1A22_A_B,1BP3_A_B	0	1A22_B_295
1452	1A22_B_WB304F	WB304F	WB63F	1A22	1A22_B	P10912	-2.785	-2.785	4e-10	4.4e-08	COR	IARA	1		1A22_A_B,1BP3_A_B	0	1A22_B_304
1453	1A22_B_EB424A	EB424A	EB179A	1A22	1A22_B	P10912	-0.108	-0.108	4e-10	4.8e-10	SUR	IARA	1		1A22_A_B,1BP3_A_B	0	1A22_B_424
1454	1A22_B_RB413A	RB413A	RB168A	1A22	1A22_B	P10912	0.191	0.191	4e-10	2.9e-10	INT	IARA	1		1A22_A_B,1BP3_A_B	0	1A22_B_413
1455	1A22_B_RB411A	RB411A	RB166A	1A22	1A22_B	P10912	-0.056	-0.056	4e-10	4.4e-10	INT	IARA	1		1A22_A_B,1BP3_A_B	0	1A22_B_411
1456	1A22_B_EB409A	EB409A	EB164A	1A22	1A22_B	P10912	0.062	0.062	4e-10	3.6e-10	INT	IARA	1		1A22_A_B,1BP3_A_B	0	1A22_B_409
1457	1A22_B_EB407A	EB407A	EB162A	1A22	1A22_B	P10912	0.079	0.079	4e-10	3.5e-10	SUR	IARA	1		1A22_A_B,1BP3_A_B	0	1A22_B_407
1458	1A22_B_KB406A	KB406A	KB161A	1A22	1A22_B	P10912	-0.199	-0.199	4e-10	5.6e-10	SUR	IARA	1		1A22_A_B,1BP3_A_B	0	1A22_B_406
1459	1A22_B_DB405A	DB405A	DB160A	1A22	1A22_B	P10912	0.046	0.046	4e-10	3.7e-10	SUR	IARA	1		1A22_A_B,1BP3_A_B	0	1A22_B_405
1460	1A22_B_CB322A	CB322A	CB81A	1A22	1A22_B	P10912	0.0	0.0	1e-09	1e-09	COR	RA	1		1A22_A_B,1BP3_A_B	0	1A22_B_322
1461	1A22_B_CB308A	CB308A	CB67A	1A22	1A22_B	P10912	0.0	0.0	1e-09	1e-09	SUP	RA	1		1A22_A_B,1BP3_A_B	0	1A22_B_308
1462	1A22_B_QB330A	QB330A	QB89A	1A22	1A22_B	P10912	0.03	0.03	4e-10	3.8e-10	INT	IARA	1		1A22_A_B,1BP3_A_B	0	1A22_B_330
1463	1A22_B_VB329A	VB329A	VB88A	1A22	1A22_B	P10912	0.046	0.046	4e-10	3.7e-10	INT	IARA	1		1A22_A_B,1BP3_A_B	0	1A22_B_329
1464	1A22_B_IB328A	IB328A	IB87A	1A22	1A22_B	P10912	-0.588	-0.588	4e-10	1.08e-09	INT	IARA	1		1A22_A_B,1BP3_A_B	0	1A22_B_328
1465	1A22_B_VB325A	VB325A	VB84A	1A22	1A22_B	P10912	-1.142	-1.142	4e-10	2.75e-09	INT	IARA	1		1A22_A_B,1BP3_A_B	0	1A22_B_325
1466	1AO7_D_SD31A	SD31A	SD31A	1AO7	1AO7_D	A0A075B6T6,P01848	-1.023	-1.023,-1.023,-1.023	2.49e-06,2.57e-06,2.23e-06	1.4e-05,1.35e-05,5.48e-06	SUP	SPR	2	TCR/pMHC	TCR/pMHC,1JCK_A_B	0	1AO7_D_31
1467	1AO7_D_SD100A	SD100A	SD94A	1AO7	1AO7_D	A0A075B6T6,P01848	0.475	0.475,0.475	2.81e-06,2.1e-06	1.26e-06,2.1e-06	COR	SPR	2	TCR/pMHC	TCR/pMHC,1JCK_A_B	0	1AO7_D_100
1468	1AO7_D_KD68A	KD68A	KD66A	1AO7	1AO7_D	A0A075B6T6,P01848	-1.292	-1.292,-1.292	2.36e-06,2.55e-06	2.09e-05,1.72e-05	COR	SPR	2	TCR/pMHC	TCR/pMHC,1JCK_A_B	0	1AO7_D_68
1469	1AO7_D_YD50A	YD50A	YD50A	1AO7	1AO7_D	A0A075B6T6,P01848	-0.498	-0.498,-0.498	2.88e-06,4.64e-06	6.68e-06,1.05e-05	COR	SPR	2	TCR/pMHC	TCR/pMHC,1JCK_A_B	0	1AO7_D_50
1470	1AO7_D_QD30V	QD30V	QD30V	1AO7	1AO7_D	A0A075B6T6,P01848	0.167	0.167,0.167	2.65e-06,2.06e-06	2e-06,2e-06	COR	SPR	2	TCR/pMHC	TCR/pMHC,1JCK_A_B	0	1AO7_D_30
1471	1AO7_D_QD30L	QD30L	QD30L	1AO7	1AO7_D	A0A075B6T6,P01848	-1.834	-1.834,-1.834	2.68e-06,2.27e-06	5.92e-05,3.04e-05	COR	SPR	2	TCR/pMHC	TCR/pMHC,1JCK_A_B	0	1AO7_D_30
1472	1AO7_D_RD27A	RD27A	RD27A	1AO7	1AO7_D	A0A075B6T6,P01848	-0.547	-0.547,-0.547	1.94e-06,2.2e-06	4.88e-06,4.58e-06	RIM	SPR	2	TCR/pMHC	TCR/pMHC,1JCK_A_B	0	1AO7_D_27
1473	1AO7_D_TD98A	TD98A	TD92A	1AO7	1AO7_D	A0A075B6T6,P01848	-1.947	-1.947	2.66e-06	7.11e-05	COR	SPR	2	TCR/pMHC	TCR/pMHC,1JCK_A_B	0	1AO7_D_98
1474	1AO7_D_TD93A	TD93A	TD91A	1AO7	1AO7_D	A0A075B6T6,P01848	-0.958	-0.958	2.88e-06	1.45e-05	INT	SPR	2	TCR/pMHC	TCR/pMHC,1JCK_A_B	0	1AO7_D_93
1475	1AO7_D_ND52A	ND52A	ND52A	1AO7	1AO7_D	A0A075B6T6,P01848	-0.355	-0.355	2.84e-06	5.17e-06	RIM	SPR	2	TCR/pMHC	TCR/pMHC,1JCK_A_B	0	1AO7_D_52
1476	1AO7_D_DD26A	DD26A	DD26A	1AO7	1AO7_D	A0A075B6T6,P01848	-0.979	-0.979	3.64e-06	1.9e-05	COR	SPR	2	TCR/pMHC	TCR/pMHC,1JCK_A_B	0	1AO7_D_26
1477	1AO7_D_DD99A	DD99A	DD93A	1AO7	1AO7_D	A0A075B6T6,P01848	-0.78	-0.78	2.87e-06	1.07e-05	COR	SPR	2	TCR/pMHC	TCR/pMHC,1JCK_A_B	0	1AO7_D_99
1478	1AO7_D_WD101A	WD101A	WD95A	1AO7	1AO7_D	A0A075B6T6,P01848	-2.224	-2.224	4.19e-06	0.000179	COR	SPR	2	TCR/pMHC	TCR/pMHC,1JCK_A_B	0	1AO7_D_101
1479	1AO7_D_DD99N	DD99N	DD93N	1AO7	1AO7_D	A0A075B6T6,P01848	-2.46	-2.46	2.44e-06	0.000155	COR	SPR	2	TCR/pMHC	TCR/pMHC,1JCK_A_B	0	1AO7_D_99
1480	1AO7_D_GD28I	GD28I	GD28I	1AO7	1AO7_D	A0A075B6T6,P01848	0.28	0.28	2.1e-06	1.31e-06	COR	SPR	2	TCR/pMHC	TCR/pMHC,1JCK_A_B	0	1AO7_D_28
1481	1AO7_D_GD28A	GD28A	GD28A	1AO7	1AO7_D	A0A075B6T6,P01848	-0.543	-0.543	2.1e-06	5.25e-06	COR	SPR	2	TCR/pMHC	TCR/pMHC,1JCK_A_B	0	1AO7_D_28
1482	1AO7_D_RD27F	RD27F	RD27F	1AO7	1AO7_D	A0A075B6T6,P01848	0.199	0.199	2.1e-06	1.5e-06	RIM	SPR	2	TCR/pMHC	TCR/pMHC,1JCK_A_B	0	1AO7_D_27
1483	1AO7_D_DD26W	DD26W	DD26W	1AO7	1AO7_D	A0A075B6T6,P01848	1.08	1.08	2.1e-06	3.39e-07	COR	SPR	2	TCR/pMHC	TCR/pMHC,1JCK_A_B	0	1AO7_D_26
1484	1AO7_D_DD26V	DD26V	DD26V	1AO7	1AO7_D	A0A075B6T6,P01848	-1.364	-1.364	2.1e-06	2.1e-05	COR	SPR	2	TCR/pMHC	TCR/pMHC,1JCK_A_B	0	1AO7_D_26
1485	1AO7_D_DD26M	DD26M	DD26M	1AO7	1AO7_D	A0A075B6T6,P01848	-0.211	-0.211	2.1e-06	3e-06	COR	SPR	2	TCR/pMHC	TCR/pMHC,1JCK_A_B	0	1AO7_D_26
1486	1AO7_D_SD100Y	SD100Y	SD94Y	1AO7	1AO7_D	A0A075B6T6,P01848	-2.318	-2.318	2.1e-06	0.000105	COR	SPR	2	TCR/pMHC	TCR/pMHC,1JCK_A_B	0	1AO7_D_100
1487	1AO7_D_SD100T	SD100T	SD94T	1AO7	1AO7_D	A0A075B6T6,P01848	0.493	0.493	2.1e-06	9.13e-07	COR	SPR	2	TCR/pMHC	TCR/pMHC,1JCK_A_B	0	1AO7_D_100
1488	1AO7_D_SD100N	SD100N	SD94N	1AO7	1AO7_D	A0A075B6T6,P01848	-1.907	-1.907	2.1e-06	5.25e-05	COR	SPR	2	TCR/pMHC	TCR/pMHC,1JCK_A_B	0	1AO7_D_100
1489	1AO7_D_KD68H	KD68H	KD66H	1AO7	1AO7_D	A0A075B6T6,P01848	-0.954	-0.954	2.1e-06	1.05e-05	COR	SPR	2	TCR/pMHC	TCR/pMHC,1JCK_A_B	0	1AO7_D_68
1490	1AO7_D_SD51M	SD51M	SD51M	1AO7	1AO7_D	A0A075B6T6,P01848	0.378	0.378	2.1e-06	1.11e-06	RIM	SPR	2	TCR/pMHC	TCR/pMHC,1JCK_A_B	0	1AO7_D_51
1491	1AO7_D_QD30E	QD30E	QD30E	1AO7	1AO7_D	A0A075B6T6,P01848	-0.411	-0.411	2.1e-06	4.2e-06	COR	SPR	2	TCR/pMHC	TCR/pMHC,1JCK_A_B	0	1AO7_D_30
1492	1AO7_D_QD30N	QD30N	QD30N	1AO7	1AO7_D	A0A075B6T6,P01848	-0.713	-0.713	2.1e-06	7e-06	COR	SPR	2	TCR/pMHC	TCR/pMHC,1JCK_A_B	0	1AO7_D_30
1493	1AO7_D_SD29A	SD29A	SD29A	1AO7	1AO7_D	A0A075B6T6,P01848	-0.303	-0.303	2.1e-06	3.5e-06	SUP	SPR	2	TCR/pMHC	TCR/pMHC,1JCK_A_B	0	1AO7_D_29
1494	1AO7_D_GD28V	GD28V	GD28V	1AO7	1AO7_D	A0A075B6T6,P01848	-0.543	-0.543	2.1e-06	5.25e-06	COR	SPR	2	TCR/pMHC	TCR/pMHC,1JCK_A_B	0	1AO7_D_28
1495	1AO7_D_GD28T	GD28T	GD28T	1AO7	1AO7_D	A0A075B6T6,P01848	0.759	0.759	2.1e-06	5.83e-07	COR	SPR	2	TCR/pMHC	TCR/pMHC,1JCK_A_B	0	1AO7_D_28
1496	1AO7_D_GD28R	GD28R	GD28R	1AO7	1AO7_D	A0A075B6T6,P01848	-2.318	-2.318	2.1e-06	0.000105	COR	SPR	2	TCR/pMHC	TCR/pMHC,1JCK_A_B	0	1AO7_D_28
1497	1AO7_D_GD28M	GD28M	GD28M	1AO7	1AO7_D	A0A075B6T6,P01848	0.519	0.519	2.1e-06	8.75e-07	COR	SPR	2	TCR/pMHC	TCR/pMHC,1JCK_A_B	0	1AO7_D_28
1498	1AO7_D_GD28L	GD28L	GD28L	1AO7	1AO7_D	A0A075B6T6,P01848	0.467	0.467	2.1e-06	9.55e-07	COR	SPR	2	TCR/pMHC	TCR/pMHC,1JCK_A_B	0	1AO7_D_28
1499	1AO7_D_KD103P	KD103P	KD97P	1AO7	1AO7_D	A0A075B6T6,P01848	0.268	0.268	2.2e-06	1.4e-06	RIM	SPR	2	TCR/pMHC	TCR/pMHC,1JCK_A_B	0	1AO7_D_103
1500	1AO7_D_RD27P	RD27P	RD27P	1AO7	1AO7_D	A0A075B6T6,P01848	-0.308	-0.308	2.2e-06	3.7e-06	RIM	SPR	2	TCR/pMHC	TCR/pMHC,1JCK_A_B	0	1AO7_D_27
1501	4KRL_B_DB112A	DB112A	DB112A	4KRL	4KRL_B	Not Mapped	-0.65	-0.65	2.19e-07	6.56e-07	COR	SPR	2	AB/AG	AB/AG	0	4KRL_B_112
1502	4KRL_B_RB30A	RB30A	RB30A	4KRL	4KRL_B	Not Mapped	-1.721	-1.721	2.19e-07	4e-06	COR	SPR	2	AB/AG	AB/AG	0	4KRL_B_30
1503	3HFM_H_YH53L	YH53L	YH53L	3HFM	3HFM_H	Not Mapped	-0.794	-0.794	2.38e-09	9.09e-09	COR	ITC	1	AB/AG	AB/AG	0	3HFM_H_53
1504	3HFM_H_YH53F	YH53F	YH53F	3HFM	3HFM_H	Not Mapped	-0.611	-0.611	2.38e-09	6.67e-09	COR	ITC	1	AB/AG	AB/AG	0	3HFM_H_53
1505	3HFM_H_YH53W	YH53W	YH53W	3HFM	3HFM_H	Not Mapped	-0.695	-0.695	2.38e-09	7.69e-09	COR	ITC	1	AB/AG	AB/AG	0	3HFM_H_53
1506	3HFM_H_YH50A	YH50A	YH50A	3HFM	3HFM_H	Not Mapped	-7.323	-7.323	3e-11	7e-06	SUP	SP	1	AB/AG	AB/AG	0	3HFM_H_50
1507	3HFM_H_SH31A	SH31A	SH31A	3HFM	3HFM_H	Not Mapped	-0.17	-0.17	3e-11	4e-11	COR	SP	1	AB/AG	AB/AG	0	3HFM_H_31
1508	3HFM_H_DH32N	DH32N	DH32N	3HFM	3HFM_H	Not Mapped	-0.17	-0.17	3e-11	4e-11	COR	SP	1	AB/AG	AB/AG	0	3HFM_H_32
1509	3HFM_H_DH32A	DH32A	DH32A	3HFM	3HFM_H	Not Mapped	-1.899	-1.899	3e-11	7.4e-10	COR	SP	1	AB/AG	AB/AG	0	3HFM_H_32
1510	3HFM_H_WH98A	WH98A	WH98A	3HFM	3HFM_H	Not Mapped	-5.513	-5.513	3e-11	3.3e-07	COR	SP	1	AB/AG	AB/AG	0	3HFM_H_98
1511	3HFM_H_WH98F	WH98F	WH98F	3HFM	3HFM_H	Not Mapped	-3.247	-3.247	3e-11	7.2e-09	COR	SP	1	AB/AG	AB/AG	0	3HFM_H_98
1512	3HFM_H_YH33A	YH33A	YH33A	3HFM	3HFM_H	Not Mapped	-6.038	-6.038	3e-11	8e-07	COR	SP	1	AB/AG	AB/AG	0	3HFM_H_33
1513	3HFM_H_YH58A	YH58A	YH58A	3HFM	3HFM_H	Not Mapped	-1.649	-1.649	2.38e-09	3.85e-08	COR	ITC	1	AB/AG	AB/AG	0	3HFM_H_58
1514	3HFM_H_YH58L	YH58L	YH58L	3HFM	3HFM_H	Not Mapped	-1.489	-1.489	2.38e-09	2.94e-08	COR	ITC	1	AB/AG	AB/AG	0	3HFM_H_58
1515	3HFM_H_YH58F	YH58F	YH58F	3HFM	3HFM_H	Not Mapped	-0.357	-0.357	2.38e-09	4.35e-09	COR	ITC	1	AB/AG	AB/AG	0	3HFM_H_58
1516	3HFM_H_YH50L	YH50L	YH50L	3HFM	3HFM_H	Not Mapped	-2.803	-2.803	2.38e-09	2.7e-07	SUP	ITC	1	AB/AG	AB/AG	0	3HFM_H_50
1517	3HFM_H_YH50F	YH50F	YH50F	3HFM	3HFM_H	Not Mapped	-1.584	-1.584	2.38e-09	3.45e-08	SUP	ITC	1	AB/AG	AB/AG	0	3HFM_H_50
1518	3HFM_H_YH33L	YH33L	YH33L	3HFM	3HFM_H	Not Mapped	-1.975	-1.975	2.38e-09	6.67e-08	COR	ITC	1	AB/AG	AB/AG	0	3HFM_H_33
1519	3HFM_H_YH33F	YH33F	YH33F	3HFM	3HFM_H	Not Mapped	-1.054	-1.054	2.38e-09	1.41e-08	COR	ITC	1	AB/AG	AB/AG	0	3HFM_H_33
1520	3HFM_H_YH33W	YH33W	YH33W	3HFM	3HFM_H	Not Mapped	-1.721	-1.721	2.38e-09	4.35e-08	COR	ITC	1	AB/AG	AB/AG	0	3HFM_H_33
1521	3HFM_H_YH53A	YH53A	YH53A	3HFM	3HFM_H	Not Mapped	-3.198	-3.198	2.38e-09	5.26e-07	COR	ITC	1	AB/AG	AB/AG	0	3HFM_H_53
1522	1BD2_C_YC5F	YC5F	YC5F	1BD2	1BD2_C	P0C213	-0.734	-0.734,-0.734,-0.734	1.29e-06,1.74e-06,1.35e-06	4.45e-06,4.45e-06,6.49e-06	COR	SPR	2	TCR/pMHC	TCR/pMHC,1JCK_A_B	0	1BD2_C_5
1523	1BD2_C_YC5A	YC5A	YC5A	1BD2	1BD2_C	P0C213	-3.408	-3.408,-3.408,-3.408	1.43e-06,1.78e-06,1.35e-06	0.00045,0.000449,nan	COR	SPR	2	TCR/pMHC	TCR/pMHC,1JCK_A_B	0	1BD2_C_5
1524	1BD2_C_YC8A	YC8A	YC8A	1BD2	1BD2_C	P0C213	-2.76	-2.76	1.62e-06	0.000171	COR	SPR	2	TCR/pMHC	TCR/pMHC,1JCK_A_B	0	1BD2_C_8
1525	1BD2_C_YC5W	YC5W	YC5W	1BD2	1BD2_C	P0C213	-1.929	-1.929	1.35e-06	3.5e-05	COR	SPR	2	TCR/pMHC	TCR/pMHC,1JCK_A_B	0	1BD2_C_5
1526	4P23_C_QC61A	QC61A	QC62A	4P23	4P23_C	P14434	-1.911	-1.911	6e-06	0.000151	COR	SPR	2	TCR/pMHC	TCR/pMHC,1JCK_A_B	0	4P23_C_61
1527	4P23_C_LC60A	LC60A	LC61A	4P23	4P23_C	P14434	-0.954	-0.954	6e-06	3e-05	SUP	SPR	2	TCR/pMHC	TCR/pMHC,1JCK_A_B	0	4P23_C_60
1528	4P23_C_QC57A	QC57A	QC58A	4P23	4P23_C	P14434	-0.973	-0.973	6e-06	3.1e-05	COR	SPR	2	TCR/pMHC	TCR/pMHC,1JCK_A_B	0	4P23_C_57
1529	4P23_C_DC55A	DC55A	DC56A	4P23	4P23_C	P14434	-0.992	-0.992	6e-06	3.2e-05	RIM	SPR	2	TCR/pMHC	TCR/pMHC,1JCK_A_B	0	4P23_C_55
1530	4P23_C_KC39A	KC39A	KC40A	4P23	4P23_C	P14434	-1.194	-1.194	6e-06	4.5e-05	RIM	SPR	2	TCR/pMHC	TCR/pMHC,1JCK_A_B	0	4P23_C_39
1531	4P23_C_KC75A	KC75A	KC76A	4P23	4P23_C	P14434	-0.17	-0.17	6e-06	8e-06	SUR	SPR	2	TCR/pMHC	TCR/pMHC,1JCK_A_B	0	4P23_C_75
1532	4P23_C_VC72A	VC72A	VC73A	4P23	4P23_C	P14434	0.0	0.0	6e-06	6e-06	INT	SPR	2	TCR/pMHC	TCR/pMHC,1JCK_A_B	0	4P23_C_72
1533	4P23_C_HC68A	HC68A	HC69A	4P23	4P23_C	P14434	-0.617	-0.617	6e-06	1.7e-05	COR	SPR	2	TCR/pMHC	TCR/pMHC,1JCK_A_B	0	4P23_C_68
1534	4P23_C_KC67A	KC67A	KC68A	4P23	4P23_C	P14434	-0.683	-0.683	6e-06	1.9e-05	RIM	SPR	2	TCR/pMHC	TCR/pMHC,1JCK_A_B	0	4P23_C_67
1535	4P23_C_VC65A	VC65A	VC66A	4P23	4P23_C	P14434	-1.167	-1.167	6e-06	4.3e-05	SUP	SPR	2	TCR/pMHC	TCR/pMHC,1JCK_A_B	0	4P23_C_65
1536	4P23_C_NC62A	NC62A	NC63A	4P23	4P23_C	P14434	-1.512	-1.512	6e-06	7.7e-05	SUP	SPR	2	TCR/pMHC	TCR/pMHC,1JCK_A_B	0	4P23_C_62
1537	1DQJ_B_WB98A	WB98A	WB98A	1DQJ	1DQJ_B	P01865	-4.934	-4.934	2.78e-09	1.15e-05	COR	SPR	1	AB/AG	AB/AG	0	1DQJ_B_98
1538	1DQJ_B_YB53A	YB53A	YB53A	1DQJ	1DQJ_B	P01865	-1.181	-1.181	2.78e-09	2.04e-08	COR	SPR	1	AB/AG	AB/AG	0	1DQJ_B_53
1539	1DQJ_B_YB50A	YB50A	YB50A	1DQJ	1DQJ_B	P01865	-6.891	-6.891	2.78e-09	0.000313	SUP	SPR	1	AB/AG	AB/AG	0	1DQJ_B_50
1540	1DQJ_B_YB33A	YB33A	YB33A	1DQJ	1DQJ_B	P01865	-5.527	-5.527	2.78e-09	3.13e-05	COR	SPR	1	AB/AG	AB/AG	0	1DQJ_B_33
1541	1DQJ_B_DB32A	DB32A	DB32A	1DQJ	1DQJ_B	P01865	-2.014	-2.014	2.78e-09	8.33e-08	COR	SPR	1	AB/AG	AB/AG	0	1DQJ_B_32
1542	3QDG_D_GD28P	GD28P	GD28P	3QDG	3QDG_D	P01848	-1.092	-1.092	9.5e-06	6e-05	COR	SPR	2	TCR/pMHC	TCR/pMHC,1JCK_A_B	0	3QDG_D_28
1543	3QDG_D_RD27P	RD27P	RD27P	3QDG	3QDG_D	P01848	-0.138	-0.138	9.5e-06	1.2e-05	RIM	SPR	2	TCR/pMHC	TCR/pMHC,1JCK_A_B	0	3QDG_D_27
1544	3QDG_D_GD28Y	GD28Y	GD28Y	3QDG	3QDG_D	P01848	-1.503	-1.503	9.5e-06	0.00012	COR	SPR	2	TCR/pMHC	TCR/pMHC,1JCK_A_B	0	3QDG_D_28
1545	3QDG_D_GD28L	GD28L	GD28L	3QDG	3QDG_D	P01848	-1.389	-1.389	9.5e-06	9.9e-05	COR	SPR	2	TCR/pMHC	TCR/pMHC,1JCK_A_B	0	3QDG_D_28
1546	3QDG_D_GD28I	GD28I	GD28I	3QDG	3QDG_D	P01848	-0.866	-0.866	9.5e-06	4.1e-05	COR	SPR	2	TCR/pMHC	TCR/pMHC,1JCK_A_B	0	3QDG_D_28
1547	3QDG_D_RD27W	RD27W	RD27W	3QDG	3QDG_D	P01848	-0.596	-0.596	9.5e-06	2.6e-05	RIM	SPR	2	TCR/pMHC	TCR/pMHC,1JCK_A_B	0	3QDG_D_27
1548	3QDG_D_DD26Y	DD26Y	DD26Y	3QDG	3QDG_D	P01848	1.794	1.794	9.5e-06	4.6e-07	COR	SPR	2	TCR/pMHC	TCR/pMHC,1JCK_A_B	0	3QDG_D_26
1549	3QDG_D_DD26W	DD26W	DD26W	3QDG	3QDG_D	P01848	1.562	1.562	9.5e-06	6.8e-07	COR	SPR	2	TCR/pMHC	TCR/pMHC,1JCK_A_B	0	3QDG_D_26
1550	3QDG_D_GD28N	GD28N	GD28N	3QDG	3QDG_D	P01848	-0.852	-0.852	9.5e-06	4e-05	COR	SPR	2	TCR/pMHC	TCR/pMHC,1JCK_A_B	0	3QDG_D_28
1551	3QDJ_D_GD28N	GD28N	GD28N	3QDJ	3QDJ_D	P01848	-0.411	-0.411	4.3e-05	8.6e-05	COR	SPR	2	TCR/pMHC	TCR/pMHC,1JCK_A_B	0	3QDJ_D_28
1552	3QDJ_D_GD28P	GD28P	GD28P	3QDJ	3QDJ_D	P01848	-1.225	-1.225	4.3e-05	0.00034	COR	SPR	2	TCR/pMHC	TCR/pMHC,1JCK_A_B	0	3QDJ_D_28
1553	3QDJ_D_RD27P	RD27P	RD27P	3QDJ	3QDJ_D	P01848	-0.04	-0.04	4.3e-05	4.6e-05	RIM	SPR	2	TCR/pMHC	TCR/pMHC,1JCK_A_B	0	3QDJ_D_27
1554	3QDJ_D_GD28Y	GD28Y	GD28Y	3QDJ	3QDJ_D	P01848	-0.556	-0.556	4.3e-05	0.00011	COR	SPR	2	TCR/pMHC	TCR/pMHC,1JCK_A_B	0	3QDJ_D_28
1555	3QDJ_D_GD28L	GD28L	GD28L	3QDJ	3QDJ_D	P01848	-0.655	-0.655	4.3e-05	0.00013	COR	SPR	2	TCR/pMHC	TCR/pMHC,1JCK_A_B	0	3QDJ_D_28
1556	3QDJ_D_GD28I	GD28I	GD28I	3QDJ	3QDJ_D	P01848	0.105	0.105	4.3e-05	3.6e-05	COR	SPR	2	TCR/pMHC	TCR/pMHC,1JCK_A_B	0	3QDJ_D_28
1557	3QDJ_D_RD27W	RD27W	RD27W	3QDJ	3QDJ_D	P01848	-0.217	-0.217	4.3e-05	6.2e-05	RIM	SPR	2	TCR/pMHC	TCR/pMHC,1JCK_A_B	0	3QDJ_D_27
1558	3QDJ_D_DD26Y	DD26Y	DD26Y	3QDJ	3QDJ_D	P01848	1.337	1.337	4.3e-05	4.5e-06	COR	SPR	2	TCR/pMHC	TCR/pMHC,1JCK_A_B	0	3QDJ_D_26
1559	3QDJ_D_DD26W	DD26W	DD26W	3QDJ	3QDJ_D	P01848	2.172	2.172	4.3e-05	1.1e-06	COR	SPR	2	TCR/pMHC	TCR/pMHC,1JCK_A_B	0	3QDJ_D_26
1560	1XGP_B_AB33V	AB33V	AB33V	1XGP	1XGP_B	Not Mapped	1.153	1.153	5e-06	7.14e-07	SUP	ITC	2	AB/AG	AB/AG	0	1XGP_B_33
1561	1XGP_B_AB33I	AB33I	AB33I	1XGP	1XGP_B	Not Mapped	2.261	2.261	5e-06	1.1e-07	SUP	ITC	2	AB/AG	AB/AG	0	1XGP_B_33
1562	1XGP_B_AB33L	AB33L	AB33L	1XGP	1XGP_B	Not Mapped	2.2	2.2	5e-06	1.22e-07	SUP	ITC	2	AB/AG	AB/AG	0	1XGP_B_33
1563	1XGP_B_AB33F	AB33F	AB33F	1XGP	1XGP_B	Not Mapped	4.062	4.062	5e-06	5.26e-09	SUP	ITC	2	AB/AG	AB/AG	0	1XGP_B_33
1564	1XGQ_B_VB33A	VB33A	VB33A	1XGQ	1XGQ_B	Not Mapped	-1.153	-1.153	7.14e-07	5e-06	SUP	ITC	2	AB/AG	AB/AG	0	1XGQ_B_33
1565	1XGQ_B_VB33I	VB33I	VB33I	1XGQ	1XGQ_B	Not Mapped	1.108	1.108	7.14e-07	1.1e-07	SUP	ITC	2	AB/AG	AB/AG	0	1XGQ_B_33
1566	1XGQ_B_VB33L	VB33L	VB33L	1XGQ	1XGQ_B	Not Mapped	1.047	1.047	7.14e-07	1.22e-07	SUP	ITC	2	AB/AG	AB/AG	0	1XGQ_B_33
1567	1XGQ_B_VB33F	VB33F	VB33F	1XGQ	1XGQ_B	Not Mapped	2.909	2.909	7.14e-07	5.26e-09	SUP	ITC	2	AB/AG	AB/AG	0	1XGQ_B_33
1568	1OGA_E_QE58A	QE58A	QE54A	1OGA	1OGA_E	P01850	-0.495	-0.495,-0.495	5.2e-06,5.24e-06	1.2e-05,1.22e-05	COR	ITC,SPR	1	TCR/pMHC	TCR/pMHC,1JCK_A_B	0	1OGA_E_58
1569	1OGA_E_DE56A	DE56A	DE52A	1OGA	1OGA_E	P01850	-0.132	-0.132,-0.132	5.2e-06,5.24e-06	6.5e-06,6.21e-06	COR	ITC,SPR	1	TCR/pMHC	TCR/pMHC,1JCK_A_B	0	1OGA_E_56
1570	1OGA_E_NE55A	NE55A	NE51A	1OGA	1OGA_E	P01850	-1.13	-1.13,-1.13	5.2e-06,5.24e-06	3.5e-05,3.36e-05	RIM	ITC,SPR	1	TCR/pMHC	TCR/pMHC,1JCK_A_B	0	1OGA_E_55
1571	1OGA_E_IE53V	IE53V	IE49V	1OGA	1OGA_E	P01850	-0.201	-0.201,-0.201	5.2e-06,5.24e-06	7.3e-06,7.35e-06	COR	ITC,SPR	1	TCR/pMHC	TCR/pMHC,1JCK_A_B	0	1OGA_E_53
1572	1OGA_E_YE101F	YE101F	YE97F	1OGA	1OGA_E	P01850	-0.495	-0.495,-0.495	5.2e-06,5.24e-06	1.2e-05,1.22e-05	COR	ITC,SPR	1	TCR/pMHC	TCR/pMHC,1JCK_A_B	0	1OGA_E_101
1573	1OGA_E_YE101A	YE101A	YE97A	1OGA	1OGA_E	P01850	-0.233	-0.233,-0.233	5.2e-06,5.24e-06	7.7e-06,7.35e-06	COR	ITC,SPR	1	TCR/pMHC	TCR/pMHC,1JCK_A_B	0	1OGA_E_101
1574	1OGA_E_SE99A	SE99A	SE95A	1OGA	1OGA_E	P01850	0.035	0.035,0.035	5.2e-06,5.24e-06	4.9e-06,5.24e-06	SUP	ITC,SPR	1	TCR/pMHC	TCR/pMHC,1JCK_A_B	0	1OGA_E_99
1575	1OGA_E_QE58E	QE58E	QE54E	1OGA	1OGA_E	P01850	0.0	0.0,0.0	5.2e-06,5.24e-06	5.2e-06,5.24e-06	COR	ITC,SPR	1	TCR/pMHC	TCR/pMHC,1JCK_A_B	0	1OGA_E_58
1576	1OGA_E_IE53N	IE53N	IE49N	1OGA	1OGA_E	P01850	-2.162	-2.162	5.2e-06	0.0002	COR	SPR	2	TCR/pMHC	TCR/pMHC,1JCK_A_B	0	1OGA_E_53
1577	1OGA_E_IE53G	IE53G	IE49G	1OGA	1OGA_E	P01850	-2.162	-2.162	5.2e-06	0.0002	COR	SPR	2	TCR/pMHC	TCR/pMHC,1JCK_A_B	0	1OGA_E_53
1578	1OGA_E_IE53A	IE53A	IE49A	1OGA	1OGA_E	P01850	-2.162	-2.162	5.2e-06	0.0002	COR	SPR	2	TCR/pMHC	TCR/pMHC,1JCK_A_B	0	1OGA_E_53
1579	1OGA_E_QE52E	QE52E	QE48E	1OGA	1OGA_E	P01850	-2.162	-2.162	5.2e-06	0.0002	COR	SPR	2	TCR/pMHC	TCR/pMHC,1JCK_A_B	0	1OGA_E_52
1580	1OGA_E_QE52A	QE52A	QE48A	1OGA	1OGA_E	P01850	-2.162	-2.162	5.2e-06	0.0002	COR	SPR	2	TCR/pMHC	TCR/pMHC,1JCK_A_B	0	1OGA_E_52
1581	1OGA_E_DE32S	DE32S	DE28S	1OGA	1OGA_E	P01850	-2.162	-2.162	5.2e-06	0.0002	COR	SPR	2	TCR/pMHC	TCR/pMHC,1JCK_A_B	0	1OGA_E_32
1582	1OGA_E_DE32A	DE32A	DE28A	1OGA	1OGA_E	P01850	-1.573	-1.573	5.2e-06	7.4e-05	COR	SPR	1	TCR/pMHC	TCR/pMHC,1JCK_A_B	0	1OGA_E_32
1583	1OGA_E_IE53L	IE53L	IE49L	1OGA	1OGA_E	P01850	-1.419	-1.419	5.2e-06	5.7e-05	COR	SPR	1	TCR/pMHC	TCR/pMHC,1JCK_A_B	0	1OGA_E_53
1584	1OGA_E_RE98H	RE98H	RE94H	1OGA	1OGA_E	P01850	-2.162	-2.162	5.2e-06	0.0002	COR	SPR	2	TCR/pMHC	TCR/pMHC,1JCK_A_B	0	1OGA_E_98
1585	1OGA_E_RE98A	RE98A	RE94A	1OGA	1OGA_E	P01850	-2.162	-2.162	5.2e-06	0.0002	COR	SPR	2	TCR/pMHC	TCR/pMHC,1JCK_A_B	0	1OGA_E_98
1586	1OGA_E_NE55D	NE55D	NE51D	1OGA	1OGA_E	P01850	-0.495	-0.495	5.2e-06	1.2e-05	RIM	SPR	1	TCR/pMHC	TCR/pMHC,1JCK_A_B	0	1OGA_E_55
1587	2UWE_A_AA163T	AA163T	AA163T	2UWE	2UWE_A	P04439	-0.404	-0.404	4.7e-06	9.3e-06	COR	SPR	2	TCR/pMHC	TCR/pMHC,1JCK_A_B	0	2UWE_A_163
1588	4JFF_C_TC9A	TC9A	TC9A	4JFF	4JFF_C	Q16655	-6.534	-6.534	6e-10	3.7e-05	SUP	SPR	2	TCR/pMHC	TCR/pMHC,1JCK_A_B	0	4JFF_C_9
1589	4JFF_C_LC8A	LC8A	LC8A	4JFF	4JFF_C	Q16655	-6.199	-6.199	6e-10	2.1e-05	COR	SPR	2	TCR/pMHC	TCR/pMHC,1JCK_A_B	0	4JFF_C_8
1590	4JFF_C_IC7A	IC7A	IC7A	4JFF	4JFF_C	Q16655	-6.43	-6.43	6e-10	3.1e-05	SUP	SPR	2	TCR/pMHC	TCR/pMHC,1JCK_A_B	0	4JFF_C_7
1591	4JFF_C_GC6A	GC6A	GC6A	4JFF	4JFF_C	Q16655	-6.595	-6.595	6e-10	4.1e-05	SUP	SPR	2	TCR/pMHC	TCR/pMHC,1JCK_A_B	0	4JFF_C_6
1592	4JFF_C_GC4A	GC4A	GC4A	4JFF	4JFF_C	Q16655	-6.518	-6.518	6e-10	3.6e-05	COR	SPR	2	TCR/pMHC	TCR/pMHC,1JCK_A_B	0	4JFF_C_4
1593	4JFF_C_EC1A	EC1A	EC1A	4JFF	4JFF_C	Q16655	-7.323	-7.323	6e-10	0.00014	SUP	SPR	2	TCR/pMHC	TCR/pMHC,1JCK_A_B	0	4JFF_C_1
1594	4P23_D_RD72A	RD72A	RD81A	4P23	4P23_D	P14483,P14483	-0.091	-0.091	6e-06	7e-06	SUR	SPR	2	TCR/pMHC	TCR/pMHC,1JCK_A_B	0	4P23_D_72
1595	4P23_D_RD70A	RD70A	RD79A	4P23	4P23_D	P14483,P14483	-2.072	-2.072	6e-06	0.000198	COR	SPR	2	TCR/pMHC	TCR/pMHC,1JCK_A_B	0	4P23_D_70
1596	4P23_D_ED69A	ED69A	ED78A	4P23	4P23_D	P14483,P14483	-0.17	-0.17	6e-06	8e-06	SUR	SPR	2	TCR/pMHC	TCR/pMHC,1JCK_A_B	0	4P23_D_69
1597	4P23_D_ID67A	ID67A	ID76A	4P23	4P23_D	P14483,P14483	-0.17	-0.17	6e-06	8e-06	INT	SPR	2	TCR/pMHC	TCR/pMHC,1JCK_A_B	0	4P23_D_67
1598	4P23_D_ED66A	ED66A	ED75A	4P23	4P23_D	P14483,P14483	-0.17	-0.17	6e-06	8e-06	RIM	SPR	2	TCR/pMHC	TCR/pMHC,1JCK_A_B	0	4P23_D_66
1599	4P23_D_PD65A	PD65A	PD74A	4P23	4P23_D	P14483,P14483	-0.091	-0.091	6e-06	7e-06	SUR	SPR	2	TCR/pMHC	TCR/pMHC,1JCK_A_B	0	4P23_D_65
1600	4P23_D_QD64A	QD64A	QD73A	4P23	4P23_D	P14483,P14483	-0.17	-0.17	6e-06	8e-06	SUR	SPR	2	TCR/pMHC	TCR/pMHC,1JCK_A_B	0	4P23_D_64
1601	4P23_D_SD63A	SD63A	SD72A	4P23	4P23_D	P14483,P14483	0.0	0.0	6e-06	6e-06	SUR	SPR	2	TCR/pMHC	TCR/pMHC,1JCK_A_B	0	4P23_D_63
1602	4P23_D_YD60A	YD60A	YD69A	4P23	4P23_D	P14483,P14483	-0.24	-0.24	6e-06	9e-06	SUR	SPR	2	TCR/pMHC	TCR/pMHC,1JCK_A_B	0	4P23_D_60
1603	4P23_D_ED59A	ED59A	ED68A	4P23	4P23_D	P14483,P14483	-0.091	-0.091	6e-06	7e-06	SUR	SPR	2	TCR/pMHC	TCR/pMHC,1JCK_A_B	0	4P23_D_59
1604	4P23_D_ED84A	ED84A	ED93A	4P23	4P23_D	P14483,P14483	-0.091	-0.091	6e-06	7e-06	SUR	SPR	2	TCR/pMHC	TCR/pMHC,1JCK_A_B	0	4P23_D_84
1605	4P23_D_HD81A	HD81A	HD90A	4P23	4P23_D	P14483,P14483	-0.17	-0.17	6e-06	8e-06	RIM	SPR	2	TCR/pMHC	TCR/pMHC,1JCK_A_B	0	4P23_D_81
1606	4P23_D_RD80A	RD80A	RD89A	4P23	4P23_D	P14483,P14483	-0.091	-0.091	6e-06	7e-06	SUR	SPR	2	TCR/pMHC	TCR/pMHC,1JCK_A_B	0	4P23_D_80
1607	4P23_D_TD77A	TD77A	TD86A	4P23	4P23_D	P14483,P14483	0.0	0.0	6e-06	6e-06	RIM	SPR	2	TCR/pMHC	TCR/pMHC,1JCK_A_B	0	4P23_D_77
1608	4P23_D_DD76A	DD76A	DD85A	4P23	4P23_D	P14483,P14483	-0.091	-0.091	6e-06	7e-06	SUR	SPR	2	TCR/pMHC	TCR/pMHC,1JCK_A_B	0	4P23_D_76
1609	3HFM_L_NL31E	NL31E	NL31E	3HFM	3HFM_L	P01837	-5.71	-5.71	3e-11	4.6e-07	COR	SP	1	AB/AG	AB/AG	0	3HFM_L_31
1610	3HFM_L_NL31D	NL31D	NL31D	3HFM	3HFM_L	P01837	-1.344	-1.344	3e-11	2.9e-10	COR	SP	1	AB/AG	AB/AG	0	3HFM_L_31
1611	3HFM_L_NL31A	NL31A	NL31A	3HFM	3HFM_L	P01837	-5.216	-5.216	3e-11	2e-07	COR	SP	1	AB/AG	AB/AG	0	3HFM_L_31
1612	3HFM_L_NL32A	NL32A	NL32A	3HFM	3HFM_L	P01837	-5.11	-5.11	3e-11	1.67e-07	SUP	SP	1	AB/AG	AB/AG	0	3HFM_L_32
1613	3HFM_L_YL96F	YL96F	YL96F	3HFM	3HFM_L	P01837	-1.402	-1.402	3e-11	3.2e-10	SUP	SP	1	AB/AG	AB/AG	0	3HFM_L_96
1614	3HFM_L_YL96A	YL96A	YL96A	3HFM	3HFM_L	P01837	-2.708	-2.708	3e-11	2.9e-09	SUP	SP	1	AB/AG	AB/AG	0	3HFM_L_96
1615	3HFM_L_QL53A	QL53A	QL53A	3HFM	3HFM_L	P01837	-0.954	-0.954	3e-11	1.5e-10	COR	SP	1	AB/AG	AB/AG	0	3HFM_L_53
1616	3HFM_L_YL50F	YL50F	YL50F	3HFM	3HFM_L	P01837	-2.356	-2.356	3e-11	1.6e-09	COR	SP	1	AB/AG	AB/AG	0	3HFM_L_50
1617	3HFM_L_YL50L	YL50L	YL50L	3HFM	3HFM_L	P01837	-4.395	-4.395	3e-11	5e-08	COR	SP	1	AB/AG	AB/AG	0	3HFM_L_50
1618	3HFM_L_YL50A	YL50A	YL50A	3HFM	3HFM_L	P01837	-4.56	-4.56	3e-11	6.6e-08	COR	SP	1	AB/AG	AB/AG	0	3HFM_L_50
1619	3SE9_H_GH59A	GH59A	GH62A	3SE9	3SE9_H	Not Mapped	-0.046	-0.046	2.5e-08	2.7e-08	RIM	SPR	2	AB/AG	AB/AG	0	3SE9_H_59
1620	3SE9_H_NH57A	NH57A	NH60A	3SE9	3SE9_H	Not Mapped	-1.497	-1.497	2.5e-08	3.13e-07	COR	SPR	2	AB/AG	AB/AG	0	3SE9_H_57
1621	3SE9_H_VH56A	VH56A	VH59A	3SE9	3SE9_H	Not Mapped	-0.968	-0.968	2.5e-08	1.28e-07	COR	SPR	2	AB/AG	AB/AG	0	3SE9_H_56
1622	3SE9_H_GH54A	GH54A	GH57A	3SE9	3SE9_H	Not Mapped	-0.445	-0.445	2.5e-08	5.3e-08	COR	SPR	2	AB/AG	AB/AG	0	3SE9_H_54
1623	3SE9_H_TH53A	TH53A	TH56A	3SE9	3SE9_H	Not Mapped	0.845	0.845	2.5e-08	6e-09	COR	SPR	2	AB/AG	AB/AG	0	3SE9_H_53
1624	3SE9_H_VH52bA	VH52bA	VH55A	3SE9	3SE9_H	Not Mapped	0.845	0.845	2.5e-08	6e-09	RIM	SPR	2	AB/AG	AB/AG	0	3SE9_H_52b
1625	3SE9_H_WH50A	WH50A	WH51A	3SE9	3SE9_H	Not Mapped	-1.255	-1.255	2.5e-08	2.08e-07	SUP	SPR	2	AB/AG	AB/AG	0	3SE9_H_50
1626	3SE9_H_WH47A	WH47A	WH48A	3SE9	3SE9_H	Not Mapped	-1.041	-1.041	2.5e-08	1.45e-07	SUP	SPR	2	AB/AG	AB/AG	0	3SE9_H_47
1627	3SE9_H_LH34A	LH34A	LH34A	3SE9	3SE9_H	Not Mapped	-0.557	-0.557	2.5e-08	6.4e-08	SUP	SPR	2	AB/AG	AB/AG	0	3SE9_H_34
1628	3SE9_H_GH100cA	GH100cA	GH109A	3SE9	3SE9_H	Not Mapped	-0.182	-0.182	2.5e-08	3.4e-08	SUP	SPR	2	AB/AG	AB/AG	0	3SE9_H_100c
1629	3SE9_H_GH100aA	GH100aA	GH107A	3SE9	3SE9_H	Not Mapped	0.605	0.605	2.5e-08	9e-09	RIM	SPR	2	AB/AG	AB/AG	0	3SE9_H_100a
1630	3SE9_H_GH100A	GH100A	GH106A	3SE9	3SE9_H	Not Mapped	0.303	0.303	2.5e-08	1.5e-08	COR	SPR	2	AB/AG	AB/AG	0	3SE9_H_100
1631	3SE9_H_TH99A	TH99A	TH105A	3SE9	3SE9_H	Not Mapped	0.435	0.435	2.5e-08	1.2e-08	SUP	SPR	2	AB/AG	AB/AG	0	3SE9_H_99
1632	3SE9_H_YH98A	YH98A	YH104A	3SE9	3SE9_H	Not Mapped	-0.456	-0.456	2.5e-08	5.4e-08	RIM	SPR	2	AB/AG	AB/AG	0	3SE9_H_98
1633	3SE9_H_DH74A	DH74A	DH77A	3SE9	3SE9_H	Not Mapped	0.754	0.754	2.5e-08	7e-09	RIM	SPR	2	AB/AG	AB/AG	0	3SE9_H_74
1634	3SE9_H_RH73A	RH73A	RH76A	3SE9	3SE9_H	Not Mapped	0.228	0.228	2.5e-08	1.7e-08	RIM	SPR	2	AB/AG	AB/AG	0	3SE9_H_73
1635	3SE9_H_RH71A	RH71A	RH74A	3SE9	3SE9_H	Not Mapped	-2.636	-2.636	2.5e-08	2.14e-06	COR	SPR	2	AB/AG	AB/AG	0	3SE9_H_71
1636	3SE9_H_RH64A	RH64A	RH67A	3SE9	3SE9_H	Not Mapped	-1.446	-1.446	2.5e-08	2.87e-07	COR	SPR	2	AB/AG	AB/AG	0	3SE9_H_64
1637	3SE9_H_PH61A	PH61A	PH64A	3SE9	3SE9_H	Not Mapped	0.435	0.435	2.5e-08	1.2e-08	RIM	SPR	2	AB/AG	AB/AG	0	3SE9_H_61
1638	2NYY_C_HC34R	HC34R	HC34R	2NYY	2NYY_C	Not Mapped	-0.102	-0.102	1.55e-10	1.84e-10	RIM	KinExA	2	AB/AG	AB/AG	0	2NYY_C_34
1639	2NYY_C_SC31N	SC31N	SC31N	2NYY	2NYY_C	Not Mapped	0.356	0.356	1.55e-10	8.5e-11	COR	KinExA	2	AB/AG	AB/AG	0	2NYY_C_31
1640	2NYY_C_DC30Y	DC30Y	DC30Y	2NYY	2NYY_C	Not Mapped	-0.646	-0.646	1.55e-10	4.61e-10	RIM	KinExA	2	AB/AG	AB/AG	0	2NYY_C_30
1641	2NYY_C_SC28Q	SC28Q	SC28Q	2NYY	2NYY_C	Not Mapped	-0.416	-0.416	1.55e-10	3.13e-10	RIM	KinExA	2	AB/AG	AB/AG	0	2NYY_C_28
1642	3SE3_A_NA242A	NA242A	NA227A	3SE3	3SE3_A	P17181	-0.543	-0.543	2.5e-08	6.25e-08	INT	SP	2		3SE3_B_A,3SE4_B_A	0	3SE3_A_242
1643	3SE3_A_RA241A	RA241A	RA226A	3SE3	3SE3_A	P17181	-0.411	-0.411	2.5e-08	5e-08	COR	SP	2		3SE3_B_A,3SE4_B_A	0	3SE3_A_241
1644	3SE3_A_FA238A	FA238A	FA223A	3SE3	3SE3_A	P17181	-1.497	-1.497	2.5e-08	3.13e-07	COR	SP	2		3SE3_B_A,3SE4_B_A	0	3SE3_A_238
1645	3SE3_A_SA182A	SA182A	SA167A	3SE3	3SE3_A	P17181	0.239	0.239	2.5e-08	1.67e-08	COR	SP	2		3SE3_B_A,3SE4_B_A	0	3SE3_A_182
1646	3SE3_A_TA181A	TA181A	TA166A	3SE3	3SE3_A	P17181	0.156	0.156	2.5e-08	1.92e-08	COR	SP	2		3SE3_B_A,3SE4_B_A	0	3SE3_A_181
1647	3SE3_A_YA163A	YA163A	YA148A	3SE3	3SE3_A	P17181	-0.411	-0.411	2.5e-08	5e-08	SUR	SP	2		3SE3_B_A,3SE4_B_A	0	3SE3_A_163
1648	3SE3_A_NA155T	NA155T	NA140T	3SE3	3SE3_A	P17181	-0.133	-0.133	2.5e-08	3.13e-08	RIM	SP	2		3SE3_B_A,3SE4_B_A	0	3SE3_A_155
1649	3SE3_A_SA135A	SA135A	SA120A	3SE3	3SE3_A	P17181	-0.543	-0.543	2.5e-08	6.25e-08	COR	SP	2		3SE3_B_A,3SE4_B_A	0	3SE3_A_135
1650	3SE3_A_DA132A	DA132A	DA117A	3SE3	3SE3_A	P17181	-0.543	-0.543	2.5e-08	6.25e-08	COR	SP	2		3SE3_B_A,3SE4_B_A	0	3SE3_A_132
1651	3SE3_A_LA131A	LA131A	LA116A	3SE3	3SE3_A	P17181	0.0	0.0	2.5e-08	2.5e-08	COR	SP	2		3SE3_B_A,3SE4_B_A	0	3SE3_A_131
1652	3SE3_A_KA113A	KA113A	KA98A	3SE3	3SE3_A	P17181	-1.497	-1.497	2.5e-08	3.13e-07	INT	SP	2		3SE3_B_A,3SE4_B_A	0	3SE3_A_113
1653	3SE3_A_EA111A	EA111A	EA96A	3SE3	3SE3_A	P17181	-0.713	-0.713	2.5e-08	8.33e-08	INT	SP	2		3SE3_B_A,3SE4_B_A	0	3SE3_A_111
1654	3SE3_A_FA96A	FA96A	FA81A	3SE3	3SE3_A	P17181	-0.411	-0.411	2.5e-08	5e-08	COR	SP	2		3SE3_B_A,3SE4_B_A	0	3SE3_A_96
1655	3SE3_A_YA70A	YA70A	YA55A	3SE3	3SE3_A	P17181	-1.497	-1.497	2.5e-08	3.13e-07	COR	SP	2		3SE3_B_A,3SE4_B_A	0	3SE3_A_70
1656	3SE3_A_NA68A	NA68A	NA53A	3SE3	3SE3_A	P17181	0.348	0.348	2.5e-08	1.39e-08	RIM	SP	2		3SE3_B_A,3SE4_B_A	0	3SE3_A_68
1657	3SE3_A_FA290A	FA290A	FA273A	3SE3	3SE3_A	P17181	0.0	0.0	2.5e-08	2.5e-08	SUR	SP	2		3SE3_B_A,3SE4_B_A	0	3SE3_A_290
1658	3SE3_A_NA245A	NA245A	NA230A	3SE3	3SE3_A	P17181	-0.211	-0.211	2.5e-08	3.57e-08	RIM	SP	2		3SE3_B_A,3SE4_B_A	0	3SE3_A_245
