epoch,step,test_loss,test_pcc,train_loss_epoch,train_pcc_epoch,val_loss,val_pcc
0,38,,,,,1.6643695831298828,0.19261384010314941
0,38,,,1.1567219495773315,0.025180678814649582,,
1,77,,,,,1.6438959836959839,0.23357854783535004
1,77,,,1.0864882469177246,0.02943970076739788,,
2,116,,,,,1.6402535438537598,0.30888837575912476
2,116,,,1.0712615251541138,0.03368736431002617,,
3,155,,,,,1.6357645988464355,0.355777770280838
3,155,,,1.0436969995498657,0.008292651735246181,,
4,194,,,,,1.6340268850326538,0.37157294154167175
4,194,,,0.9959121942520142,0.04644981399178505,,
5,233,,,,,1.6354106664657593,0.37439194321632385
5,233,,,1.0327311754226685,0.004112423397600651,,
6,272,,,,,1.6363900899887085,0.37228506803512573
6,272,,,1.0018411874771118,0.01084447093307972,,
7,311,,,,,1.6349319219589233,0.3615396022796631
7,311,,,1.0196667909622192,0.05325772240757942,,
8,350,,,,,1.6346864700317383,0.3417526185512543
8,350,,,0.9970251321792603,0.012477433308959007,,
9,389,,,,,1.6338582038879395,0.3395238518714905
9,389,,,0.987985372543335,0.04263013228774071,,
10,428,,,,,1.635115623474121,0.33438724279403687
10,428,,,0.9771087765693665,0.02187115140259266,,
11,467,,,,,1.6350934505462646,0.3325600326061249
11,467,,,0.9810217618942261,0.020521143451333046,,
12,506,,,,,1.6357159614562988,0.32487034797668457
12,506,,,0.9887925982475281,-0.0002887845039367676,,
13,545,,,,,1.633752703666687,0.3214567005634308
13,545,,,0.9808732867240906,0.07478676736354828,,
14,584,,,,,1.6348403692245483,0.31742486357688904
14,584,,,1.0132603645324707,0.017948199063539505,,
15,623,,,,,1.635091781616211,0.30915674567222595
15,623,,,0.9914565682411194,-0.008721626363694668,,
16,662,,,,,1.6335078477859497,0.29452964663505554
16,662,,,1.0001245737075806,0.05361056327819824,,
17,701,,,,,1.6321214437484741,0.28134480118751526
17,701,,,0.992152988910675,0.015379001386463642,,
18,740,,,,,1.6313892602920532,0.27969861030578613
18,740,,,0.9570602178573608,0.12328952550888062,,
19,779,,,,,1.6314201354980469,0.2720021903514862
19,779,,,0.9793527126312256,0.08725018054246902,,
20,818,,,,,1.6331111192703247,0.272235631942749
20,818,,,0.9731662273406982,0.09644371271133423,,
21,857,,,,,1.6337759494781494,0.27167612314224243
21,857,,,0.9736013412475586,0.0947761982679367,,
22,896,,,,,1.6352038383483887,0.26976844668388367
22,896,,,0.965348482131958,0.05109262466430664,,
23,935,,,,,1.6333186626434326,0.27127960324287415
23,935,,,0.9891602993011475,0.06897932291030884,,
24,974,,,,,1.6322299242019653,0.27307695150375366
24,974,,,0.9782740473747253,0.10866089165210724,,
25,1013,,,,,1.6341341733932495,0.274002343416214
25,1013,,,0.9950260519981384,0.017621565610170364,,
26,1052,,,,,1.6320414543151855,0.26958268880844116
26,1052,,,0.9696833491325378,0.09161720424890518,,
27,1091,,,,,1.6310584545135498,0.26429545879364014
27,1091,,,0.9696887135505676,0.12928707897663116,,
28,1130,,,,,1.630623459815979,0.2663666605949402
28,1130,,,0.9431178569793701,0.14453907310962677,,
29,1169,,,,,1.6297236680984497,0.2639741897583008
29,1169,,,0.9803950786590576,0.12328936159610748,,
30,1208,,,,,1.628666639328003,0.25849682092666626
30,1208,,,0.9657970070838928,0.09975959360599518,,
31,1247,,,,,1.6271188259124756,0.25596144795417786
31,1247,,,0.9787380695343018,0.14115166664123535,,
32,1286,,,,,1.6257610321044922,0.2568265199661255
32,1286,,,0.9841336011886597,0.13652336597442627,,
33,1325,,,,,1.6258800029754639,0.253433495759964
33,1325,,,0.9980787634849548,0.13442449271678925,,
34,1364,,,,,1.6242954730987549,0.2523939311504364
34,1364,,,0.9945210218429565,0.13079141080379486,,
35,1403,,,,,1.6259281635284424,0.2578814625740051
35,1403,,,0.9893074035644531,0.10111894458532333,,
36,1442,,,,,1.6244909763336182,0.25708654522895813
36,1442,,,0.969514012336731,0.12856028974056244,,
37,1481,,,,,1.6252330541610718,0.2571021616458893
37,1481,,,0.9936254620552063,0.09770868718624115,,
38,1520,,,,,1.6220555305480957,0.256815642118454
38,1520,,,0.9694929122924805,0.13730187714099884,,
39,1559,,,,,1.6214877367019653,0.25750425457954407
39,1559,,,0.9640160799026489,0.1869259476661682,,
40,1598,,,,,1.6190245151519775,0.255394846200943
40,1598,,,0.9352512955665588,0.22978384792804718,,
41,1637,,,,,1.6189723014831543,0.25616738200187683
41,1637,,,0.9348362684249878,0.17632509768009186,,
42,1676,,,,,1.6169390678405762,0.2575012445449829
42,1676,,,0.9616490006446838,0.19290611147880554,,
43,1715,,,,,1.615419864654541,0.2569109797477722
43,1715,,,0.933921217918396,0.22507305443286896,,
44,1754,,,,,1.615315318107605,0.2573221027851105
44,1754,,,0.9654729962348938,0.1886824071407318,,
45,1793,,,,,1.6130784749984741,0.2559395134449005
45,1793,,,0.9741395115852356,0.19833442568778992,,
46,1832,,,,,1.6136211156845093,0.2582477331161499
46,1832,,,0.9785704016685486,0.17308250069618225,,
47,1871,,,,,1.61174476146698,0.2582242786884308
47,1871,,,0.9916540384292603,0.17921604216098785,,
48,1910,,,,,1.610642671585083,0.25816261768341064
48,1910,,,0.9632300138473511,0.19439257681369781,,
49,1949,,,,,1.6095554828643799,0.2608102560043335
49,1949,,,0.9514322280883789,0.19652383029460907,,
50,1988,,,,,1.60857355594635,0.25785571336746216
50,1988,,,0.9584071040153503,0.19107882678508759,,
51,2027,,,,,1.6073946952819824,0.25990843772888184
51,2027,,,0.9682111740112305,0.18533818423748016,,
52,2066,,,,,1.6055787801742554,0.2595330774784088
52,2066,,,0.9303625226020813,0.22132381796836853,,
53,2105,,,,,1.6056673526763916,0.2597576975822449
53,2105,,,0.9500431418418884,0.1518152505159378,,
54,2144,,,,,1.6044299602508545,0.2630712687969208
54,2144,,,0.9330546259880066,0.20229755342006683,,
55,2183,,,,,1.6033320426940918,0.2663118243217468
55,2183,,,0.9167193174362183,0.23544348776340485,,
56,2222,,,,,1.6017844676971436,0.26841357350349426
56,2222,,,0.9332032799720764,0.21523505449295044,,
57,2261,,,,,1.5996350049972534,0.2693468928337097
57,2261,,,0.9668482542037964,0.22260570526123047,,
58,2300,,,,,1.5989322662353516,0.26991790533065796
58,2300,,,0.9587396383285522,0.22049018740653992,,
59,2339,,,,,1.5971879959106445,0.271230012178421
59,2339,,,0.9382086396217346,0.23541267216205597,,
60,2378,,,,,1.5973151922225952,0.2695240080356598
60,2378,,,0.9443650841712952,0.2249482274055481,,
61,2417,,,,,1.5953840017318726,0.2732498347759247
61,2417,,,0.9534512162208557,0.202956423163414,,
62,2456,,,,,1.5942825078964233,0.2768227159976959
62,2456,,,0.9486914277076721,0.21907952427864075,,
63,2495,,,,,1.592543363571167,0.2799949645996094
63,2495,,,0.955450177192688,0.2217252254486084,,
64,2534,,,,,1.5917898416519165,0.2805013060569763
64,2534,,,0.9496178030967712,0.25128060579299927,,
65,2573,,,,,1.5900013446807861,0.2813940942287445
65,2573,,,0.959588885307312,0.24294692277908325,,
66,2612,,,,,1.5879360437393188,0.281574010848999
66,2612,,,0.9127416610717773,0.29371368885040283,,
67,2651,,,,,1.5867379903793335,0.28397417068481445
67,2651,,,0.9611407518386841,0.24440501630306244,,
68,2690,,,,,1.5860339403152466,0.282686710357666
68,2690,,,0.957197904586792,0.281894713640213,,
69,2729,,,,,1.5841542482376099,0.2804870307445526
69,2729,,,0.9437552094459534,0.2826865017414093,,
70,2768,,,,,1.5829089879989624,0.28430965542793274
70,2768,,,0.9355831742286682,0.2756694257259369,,
71,2807,,,,,1.5811855792999268,0.2847572863101959
71,2807,,,0.945589005947113,0.27164164185523987,,
72,2846,,,,,1.5805457830429077,0.28477898240089417
72,2846,,,0.9103100895881653,0.27786675095558167,,
73,2885,,,,,1.5802147388458252,0.28440165519714355
73,2885,,,0.9301660060882568,0.2714020013809204,,
74,2924,,,,,1.5803272724151611,0.2853673994541168
74,2924,,,0.9237719774246216,0.2749747335910797,,
75,2963,,,,,1.5793356895446777,0.28463953733444214
75,2963,,,0.9324182271957397,0.28425151109695435,,
76,3002,,,,,1.5779913663864136,0.2839736342430115
76,3002,,,0.9231299161911011,0.26184701919555664,,
77,3041,,,,,1.5780315399169922,0.2858342230319977
77,3041,,,0.9339802265167236,0.23989158868789673,,
78,3080,,,,,1.5784862041473389,0.28614190220832825
78,3080,,,0.9399704337120056,0.22527943551540375,,
79,3119,,,,,1.577430248260498,0.286957323551178
79,3119,,,0.9412791132926941,0.28445154428482056,,
80,3158,,,,,1.5767440795898438,0.29000914096832275
80,3158,,,0.9159924387931824,0.271848201751709,,
81,3197,,,,,1.5760101079940796,0.29311177134513855
81,3197,,,0.9723101854324341,0.2639840543270111,,
82,3236,,,,,1.5742982625961304,0.2941429018974304
82,3236,,,0.915693998336792,0.3051052689552307,,
83,3275,,,,,1.574101448059082,0.2945442497730255
83,3275,,,0.9550636410713196,0.23126308619976044,,
84,3314,,,,,1.5725806951522827,0.2961951494216919
84,3314,,,0.9210131764411926,0.34252697229385376,,
85,3353,,,,,1.5714174509048462,0.2966863811016083
85,3353,,,0.8933294415473938,0.2696042060852051,,
86,3392,,,,,1.5705654621124268,0.2988099753856659
86,3392,,,0.9204438328742981,0.30050456523895264,,
87,3431,,,,,1.5698591470718384,0.30121466517448425
87,3431,,,0.9219203591346741,0.2947586476802826,,
88,3470,,,,,1.57013738155365,0.30260705947875977
88,3470,,,0.9262949824333191,0.2684779763221741,,
89,3509,,,,,1.5696543455123901,0.30147939920425415
89,3509,,,0.9273364543914795,0.317917138338089,,
90,3548,,,,,1.5691943168640137,0.3053857088088989
90,3548,,,0.919823944568634,0.2933940589427948,,
91,3587,,,,,1.5686771869659424,0.3060506284236908
91,3587,,,0.9133787751197815,0.3140609562397003,,
92,3626,,,,,1.5682889223098755,0.30643680691719055
92,3626,,,0.9535583853721619,0.30197322368621826,,
93,3665,,,,,1.5681207180023193,0.3074551820755005
93,3665,,,0.9145822525024414,0.3199993073940277,,
94,3704,,,,,1.5665959119796753,0.3071746826171875
94,3704,,,0.9375115633010864,0.3013685345649719,,
95,3743,,,,,1.566827416419983,0.3070242404937744
95,3743,,,0.9482572674751282,0.2562747299671173,,
96,3782,,,,,1.5667072534561157,0.30758604407310486
96,3782,,,0.9218174815177917,0.27341505885124207,,
97,3821,,,,,1.5659327507019043,0.3084784746170044
97,3821,,,0.9225631952285767,0.28448399901390076,,
98,3860,,,,,1.564866304397583,0.30757808685302734
98,3860,,,0.9491021633148193,0.32782599329948425,,
99,3899,,,,,1.5642380714416504,0.306424617767334
99,3899,,,0.9096301198005676,0.3602809011936188,,
100,3938,,,,,1.5645344257354736,0.3054293096065521
100,3938,,,0.9148817658424377,0.30036240816116333,,
101,3977,,,,,1.562496542930603,0.3079806864261627
101,3977,,,0.9034518003463745,0.31698691844940186,,
102,4016,,,,,1.5610936880111694,0.3081846237182617
102,4016,,,0.9066126942634583,0.3572436571121216,,
103,4055,,,,,1.560118556022644,0.30848366022109985
103,4055,,,0.9198377728462219,0.34145596623420715,,
104,4094,,,,,1.5601191520690918,0.3098118305206299
104,4094,,,0.9099681377410889,0.31750524044036865,,
105,4133,,,,,1.5590342283248901,0.3117215931415558
105,4133,,,0.9271813631057739,0.281384140253067,,
106,4172,,,,,1.5594958066940308,0.31144198775291443
106,4172,,,0.9206792116165161,0.2963412404060364,,
107,4211,,,,,1.5591892004013062,0.3118104934692383
107,4211,,,0.9089817404747009,0.3520347774028778,,
108,4250,,,,,1.5592070817947388,0.31120994687080383
108,4250,,,0.9271966218948364,0.2909151613712311,,
109,4289,,,,,1.5610055923461914,0.3117445409297943
109,4289,,,0.8973053097724915,0.29959577322006226,,
110,4328,,,,,1.5598517656326294,0.30919525027275085
110,4328,,,0.905608057975769,0.34457892179489136,,
111,4367,,,,,1.5581036806106567,0.30935391783714294
111,4367,,,0.9097932577133179,0.35118192434310913,,
112,4406,,,,,1.556638479232788,0.31058886647224426
112,4406,,,0.9283021688461304,0.33532682061195374,,
113,4445,,,,,1.5569695234298706,0.31222081184387207
113,4445,,,0.909020721912384,0.3038651943206787,,
114,4484,,,,,1.5572839975357056,0.31242868304252625
114,4484,,,0.924400806427002,0.31791141629219055,,
115,4523,,,,,1.5560095310211182,0.3144233822822571
115,4523,,,0.924271821975708,0.3356655538082123,,
116,4562,,,,,1.5555239915847778,0.3160322308540344
116,4562,,,0.914275050163269,0.29922500252723694,,
117,4601,,,,,1.5542548894882202,0.31728142499923706
117,4601,,,0.8750036954879761,0.40613317489624023,,
118,4640,,,,,1.553138017654419,0.31775176525115967
118,4640,,,0.903088390827179,0.3487792909145355,,
119,4679,,,,,1.5529251098632812,0.3175601363182068
119,4679,,,0.9024116396903992,0.3155202269554138,,
120,4718,,,,,1.5528755187988281,0.3179934024810791
120,4718,,,0.9050625562667847,0.3790651857852936,,
121,4757,,,,,1.5529755353927612,0.3174501955509186
121,4757,,,0.9187560677528381,0.3407541811466217,,
122,4796,,,,,1.5520901679992676,0.3194424510002136
122,4796,,,0.8944279551506042,0.3538234531879425,,
123,4835,,,,,1.5520286560058594,0.31959742307662964
123,4835,,,0.9184911847114563,0.3698101341724396,,
124,4874,,,,,1.5514401197433472,0.32243844866752625
124,4874,,,0.9095678329467773,0.300022691488266,,
125,4913,,,,,1.5507363080978394,0.32440441846847534
125,4913,,,0.9254226684570312,0.3364435136318207,,
126,4952,,,,,1.5504515171051025,0.32468706369400024
126,4952,,,0.8993591070175171,0.3287106454372406,,
127,4991,,,,,1.549835443496704,0.3254450857639313
127,4991,,,0.9231101870536804,0.3405030071735382,,
128,5030,,,,,1.5497068166732788,0.3257717192173004
128,5030,,,0.9195541143417358,0.33401209115982056,,
129,5069,,,,,1.5484609603881836,0.32707032561302185
129,5069,,,0.8929986953735352,0.3305777907371521,,
130,5108,,,,,1.5492362976074219,0.3274259567260742
130,5108,,,0.914831817150116,0.3165740370750427,,
131,5147,,,,,1.5494505167007446,0.3274771273136139
131,5147,,,0.9067648649215698,0.3386690616607666,,
132,5186,,,,,1.5492267608642578,0.3289470076560974
132,5186,,,0.9309327602386475,0.30856963992118835,,
133,5225,,,,,1.548345923423767,0.3296106159687042
133,5225,,,0.9046109318733215,0.3522271513938904,,
134,5264,,,,,1.5484672784805298,0.32963666319847107
134,5264,,,0.9146212339401245,0.34682920575141907,,
135,5303,,,,,1.5481090545654297,0.33023151755332947
135,5303,,,0.9043428301811218,0.32716694474220276,,
136,5342,,,,,1.5475226640701294,0.3305864632129669
136,5342,,,0.9104726910591125,0.31755968928337097,,
137,5381,,,,,1.5474246740341187,0.33050307631492615
137,5381,,,0.908244788646698,0.3756609559059143,,
138,5420,,,,,1.5471769571304321,0.3320259749889374
138,5420,,,0.8853004574775696,0.33963045477867126,,
139,5459,,,,,1.546268343925476,0.3320598304271698
139,5459,,,0.894518256187439,0.3540816009044647,,
140,5498,,,,,1.5464898347854614,0.3319886326789856
140,5498,,,0.9069076180458069,0.35068395733833313,,
141,5537,,,,,1.546189308166504,0.33298709988594055
141,5537,,,0.8979937434196472,0.34213289618492126,,
142,5576,,,,,1.546141266822815,0.33201864361763
142,5576,,,0.9191035032272339,0.36449435353279114,,
143,5615,,,,,1.5446827411651611,0.3343373239040375
143,5615,,,0.8932768106460571,0.32959482073783875,,
144,5654,,,,,1.5444508790969849,0.3347541391849518
144,5654,,,0.8921768069267273,0.3095802962779999,,
145,5693,,,,,1.543624997138977,0.33565545082092285
145,5693,,,0.9039758443832397,0.36389780044555664,,
146,5732,,,,,1.5426883697509766,0.33503997325897217
146,5732,,,0.8660802841186523,0.39324724674224854,,
147,5771,,,,,1.5420660972595215,0.3358113169670105
147,5771,,,0.8990997076034546,0.3917232155799866,,
148,5810,,,,,1.5426462888717651,0.3365634083747864
148,5810,,,0.8938038945198059,0.36930933594703674,,
149,5849,,,,,1.542600393295288,0.3358168303966522
149,5849,,,0.9116586446762085,0.29374125599861145,,
150,5888,,,,,1.5414735078811646,0.3377097249031067
150,5888,,,0.8694542050361633,0.3602692186832428,,
151,5927,,,,,1.5409069061279297,0.33852770924568176
151,5927,,,0.9183765053749084,0.3609537184238434,,
152,5966,,,,,1.5403547286987305,0.3395729660987854
152,5966,,,0.8760250806808472,0.3798324763774872,,
153,6005,,,,,1.5403251647949219,0.3402194380760193
153,6005,,,0.8965542316436768,0.35138294100761414,,
154,6044,,,,,1.5404621362686157,0.34009867906570435
154,6044,,,0.9081854224205017,0.3123564124107361,,
155,6083,,,,,1.5397049188613892,0.34113046526908875
155,6083,,,0.8821125626564026,0.36429089307785034,,
156,6122,,,,,1.5383225679397583,0.3435318171977997
156,6122,,,0.8879665732383728,0.3907783329486847,,
157,6161,,,,,1.5383931398391724,0.34704652428627014
157,6161,,,0.8998780846595764,0.3380563259124756,,
158,6200,,,,,1.5388782024383545,0.346597284078598
158,6200,,,0.8886715769767761,0.38794681429862976,,
159,6239,,,,,1.538989782333374,0.34674447774887085
159,6239,,,0.8869381546974182,0.3528800308704376,,
160,6278,,,,,1.5383104085922241,0.347680002450943
160,6278,,,0.924806535243988,0.37736400961875916,,
161,6317,,,,,1.5366994142532349,0.34949490427970886
161,6317,,,0.8721890449523926,0.42684534192085266,,
162,6356,,,,,1.5371521711349487,0.3491564691066742
162,6356,,,0.9226962327957153,0.3223671317100525,,
163,6395,,,,,1.5366771221160889,0.3494601547718048
163,6395,,,0.8875648379325867,0.35180047154426575,,
164,6434,,,,,1.536831259727478,0.349761962890625
164,6434,,,0.905787467956543,0.38181406259536743,,
165,6473,,,,,1.5368314981460571,0.351679265499115
165,6473,,,0.8981921672821045,0.328093022108078,,
166,6512,,,,,1.5364155769348145,0.35251620411872864
166,6512,,,0.8829649686813354,0.38271039724349976,,
167,6551,,,,,1.5363199710845947,0.35316669940948486
167,6551,,,0.9096792936325073,0.33166804909706116,,
168,6590,,,,,1.535517930984497,0.3541775941848755
168,6590,,,0.894253671169281,0.42932799458503723,,
169,6629,,,,,1.5354115962982178,0.35494348406791687
169,6629,,,0.9062178134918213,0.36926206946372986,,
170,6668,,,,,1.535063624382019,0.3553617000579834
170,6668,,,0.9317024350166321,0.37824153900146484,,
171,6707,,,,,1.5344839096069336,0.3558501601219177
171,6707,,,0.8828904628753662,0.360436350107193,,
172,6746,,,,,1.533339023590088,0.3569723665714264
172,6746,,,0.8721252083778381,0.388704776763916,,
173,6785,,,,,1.5327736139297485,0.3588785231113434
173,6785,,,0.882470965385437,0.3860916197299957,,
174,6824,,,,,1.532109022140503,0.3584195673465729
174,6824,,,0.8882187008857727,0.40382957458496094,,
175,6863,,,,,1.5318992137908936,0.35857781767845154
175,6863,,,0.8799362182617188,0.37049737572669983,,
176,6902,,,,,1.5324276685714722,0.35774245858192444
176,6902,,,0.8917303085327148,0.42486250400543213,,
177,6941,,,,,1.5317755937576294,0.3579012453556061
177,6941,,,0.88325434923172,0.38102611899375916,,
178,6980,,,,,1.5301930904388428,0.3606046736240387
178,6980,,,0.8707587122917175,0.43799659609794617,,
179,7019,,,,,1.5305202007293701,0.36029791831970215
179,7019,,,0.8770825266838074,0.396806925535202,,
180,7058,,,,,1.5307493209838867,0.36058932542800903
180,7058,,,0.906606912612915,0.3828251361846924,,
181,7097,,,,,1.5309501886367798,0.361249178647995
181,7097,,,0.8757484555244446,0.3900993764400482,,
182,7136,,,,,1.5303490161895752,0.3625876009464264
182,7136,,,0.8802928328514099,0.3950308859348297,,
183,7175,,,,,1.5306147336959839,0.3620472252368927
183,7175,,,0.8978427052497864,0.42345449328422546,,
184,7214,,,,,1.5301566123962402,0.36317020654678345
184,7214,,,0.91776043176651,0.3967601954936981,,
185,7253,,,,,1.5296088457107544,0.36347725987434387
185,7253,,,0.894097626209259,0.3832332491874695,,
186,7292,,,,,1.5290664434432983,0.3645629584789276
186,7292,,,0.9108076691627502,0.35870179533958435,,
187,7331,,,,,1.527989149093628,0.3664399981498718
187,7331,,,0.8642632961273193,0.4197271764278412,,
188,7370,,,,,1.5286973714828491,0.36529219150543213
188,7370,,,0.8779881000518799,0.3921637237071991,,
189,7409,,,,,1.527915358543396,0.36522507667541504
189,7409,,,0.8819556832313538,0.41146230697631836,,
190,7448,,,,,1.5269445180892944,0.36514508724212646
190,7448,,,0.8393972516059875,0.4487067461013794,,
191,7487,,,,,1.525875210762024,0.36717936396598816
191,7487,,,0.8705688714981079,0.4270403981208801,,
192,7526,,,,,1.5264410972595215,0.3656218647956848
192,7526,,,0.8615179657936096,0.40297070145606995,,
193,7565,,,,,1.52707839012146,0.36681967973709106
193,7565,,,0.8727113008499146,0.3883576989173889,,
194,7604,,,,,1.52761971950531,0.36563289165496826
194,7604,,,0.8929551839828491,0.37869495153427124,,
195,7643,,,,,1.526795744895935,0.36676618456840515
195,7643,,,0.8958033919334412,0.378467857837677,,
196,7682,,,,,1.527251124382019,0.36631065607070923
196,7682,,,0.8770641684532166,0.3845870792865753,,
197,7721,,,,,1.5269161462783813,0.3663382828235626
197,7721,,,0.8852401971817017,0.367449015378952,,
198,7760,,,,,1.5266987085342407,0.3664674758911133
198,7760,,,0.8790544271469116,0.3831796944141388,,
199,7799,,,,,1.5259982347488403,0.36707818508148193
199,7799,,,0.8790821433067322,0.3722188174724579,,
200,7838,,,,,1.5264852046966553,0.3675462007522583
200,7838,,,0.8748554587364197,0.3866407871246338,,
201,7877,,,,,1.5268405675888062,0.36792418360710144
201,7877,,,0.8598458766937256,0.4200805723667145,,
202,7916,,,,,1.5271196365356445,0.3686677813529968
202,7916,,,0.8486955165863037,0.4109010100364685,,
203,7955,,,,,1.5276838541030884,0.36826616525650024
203,7955,,,0.8793156147003174,0.4317408800125122,,
204,7994,,,,,1.5268092155456543,0.3686448037624359
204,7994,,,0.8850207328796387,0.39371198415756226,,
205,8033,,,,,1.5267388820648193,0.3700930178165436
205,8033,,,0.9156581163406372,0.3528190553188324,,
206,8072,,,,,1.527284860610962,0.3686431646347046
206,8072,,,0.8633628487586975,0.4097481966018677,,
207,8111,,,,,1.5266491174697876,0.36811479926109314
207,8111,,,0.8938050866127014,0.40316805243492126,,
208,8150,,,,,1.5267517566680908,0.36821311712265015
208,8150,,,0.8797786235809326,0.37640368938446045,,
209,8189,,,,,1.5262255668640137,0.3697202503681183
209,8189,,,0.9009167551994324,0.3723257780075073,,
210,8228,,,,,1.5252015590667725,0.3691163659095764
210,8228,,,0.8591892719268799,0.41265296936035156,,
211,8267,,,,,1.5245451927185059,0.3692757189273834
211,8267,,,0.8664236068725586,0.3885667622089386,,
212,8306,,,,,1.5236842632293701,0.37071001529693604
212,8306,,,0.8860635757446289,0.3635939657688141,,
213,8345,,,,,1.5238547325134277,0.3701627552509308
213,8345,,,0.8707412481307983,0.4022037982940674,,
214,8384,,,,,1.523376703262329,0.3707129955291748
214,8384,,,0.8803812861442566,0.40770384669303894,,
215,8423,,,,,1.5234547853469849,0.37160539627075195
215,8423,,,0.8746336698532104,0.3984522819519043,,
216,8462,,,,,1.5231810808181763,0.3720192015171051
216,8462,,,0.8875749111175537,0.3929891288280487,,
217,8501,,,,,1.522660255432129,0.37291544675827026
217,8501,,,0.8937190175056458,0.41452711820602417,,
218,8540,,,,,1.522578477859497,0.37284478545188904
218,8540,,,0.8741973638534546,0.3822661340236664,,
219,8579,,,,,1.522104024887085,0.37370336055755615
219,8579,,,0.8713438510894775,0.3959939777851105,,
220,8618,,,,,1.5218316316604614,0.373428076505661
220,8618,,,0.8866856098175049,0.387387752532959,,
221,8657,,,,,1.5219967365264893,0.3733275532722473
221,8657,,,0.8813310265541077,0.38825640082359314,,
222,8696,,,,,1.522218108177185,0.3736380338668823
222,8696,,,0.8762567043304443,0.4323003590106964,,
223,8735,,,,,1.5217212438583374,0.3743092119693756
223,8735,,,0.8552247285842896,0.4237522780895233,,
224,8774,,,,,1.5204675197601318,0.3755379617214203
224,8774,,,0.8872548341751099,0.43000519275665283,,
225,8813,,,,,1.5206791162490845,0.3755786716938019
225,8813,,,0.8767598271369934,0.41951942443847656,,
226,8852,,,,,1.520399570465088,0.37573856115341187
226,8852,,,0.8612930178642273,0.40945249795913696,,
227,8891,,,,,1.5196441411972046,0.37642771005630493
227,8891,,,0.8620341420173645,0.45395132899284363,,
228,8930,,,,,1.5191097259521484,0.3766302168369293
228,8930,,,0.8791903853416443,0.4217066168785095,,
229,8969,,,,,1.5187000036239624,0.3769318461418152
229,8969,,,0.8798765540122986,0.4008410573005676,,
230,9008,,,,,1.5172618627548218,0.37855443358421326
230,9008,,,0.8485467433929443,0.4426974356174469,,
231,9047,,,,,1.5169851779937744,0.3796406090259552
231,9047,,,0.8601115345954895,0.40284207463264465,,
232,9086,,,,,1.517300009727478,0.37921276688575745
232,9086,,,0.8665785193443298,0.4154113233089447,,
233,9125,,,,,1.5171725749969482,0.3803136348724365
233,9125,,,0.8914185762405396,0.3882341980934143,,
234,9164,,,,,1.5175851583480835,0.3799861967563629
234,9164,,,0.872623860836029,0.4163098931312561,,
235,9203,,,,,1.5176832675933838,0.37948372960090637
235,9203,,,0.8663899302482605,0.44398483633995056,,
236,9242,,,,,1.5175135135650635,0.3808562755584717
236,9242,,,0.8784782290458679,0.3942521810531616,,
237,9281,,,,,1.5169929265975952,0.3824627101421356
237,9281,,,0.8634815812110901,0.3803074061870575,,
238,9320,,,,,1.5168039798736572,0.38297268748283386
238,9320,,,0.8880418539047241,0.4382396638393402,,
239,9359,,,,,1.5176522731781006,0.3819911479949951
239,9359,,,0.8812026977539062,0.4125019609928131,,
240,9398,,,,,1.517276406288147,0.38242781162261963
240,9398,,,0.8768786191940308,0.4203881621360779,,
241,9437,,,,,1.517054557800293,0.38406088948249817
241,9437,,,0.9004411697387695,0.37645143270492554,,
242,9476,,,,,1.5177658796310425,0.38323479890823364
242,9476,,,0.872690737247467,0.45228660106658936,,
243,9515,,,,,1.517332911491394,0.38328272104263306
243,9515,,,0.878856360912323,0.4223417043685913,,
244,9554,,,,,1.5171979665756226,0.3833320736885071
244,9554,,,0.9053131341934204,0.3831607699394226,,
245,9593,,,,,1.516544222831726,0.38350343704223633
245,9593,,,0.8550126552581787,0.4425998032093048,,
246,9632,,,,,1.5172007083892822,0.3824097514152527
246,9632,,,0.8758673071861267,0.4186480641365051,,
247,9671,,,,,1.517235517501831,0.38274624943733215
247,9671,,,0.8934256434440613,0.3934953212738037,,
248,9710,,,,,1.5179643630981445,0.3825637698173523
248,9710,,,0.8634307980537415,0.398054301738739,,
249,9749,,,,,1.5171633958816528,0.38280826807022095
249,9749,,,0.8953167796134949,0.3823271095752716,,
250,9788,,,,,1.5175440311431885,0.38203468918800354
250,9788,,,0.8828251361846924,0.4045584797859192,,
251,9827,,,,,1.5173516273498535,0.38114896416664124
251,9827,,,0.8623034954071045,0.42043882608413696,,
252,9866,,,,,1.5165095329284668,0.38193708658218384
252,9866,,,0.890923798084259,0.3868313431739807,,
253,9905,,,,,1.5162214040756226,0.3828149139881134
253,9905,,,0.8676083087921143,0.42528197169303894,,
254,9944,,,,,1.515386939048767,0.3839191496372223
254,9944,,,0.8965790867805481,0.4150258004665375,,
255,9983,,,,,1.5160813331604004,0.38345086574554443
255,9983,,,0.8749763369560242,0.3971940279006958,,
256,10022,,,,,1.516113519668579,0.3834333121776581
256,10022,,,0.8799769878387451,0.3918352723121643,,
257,10061,,,,,1.5160773992538452,0.3842969536781311
257,10061,,,0.8579759001731873,0.42716485261917114,,
258,10100,,,,,1.5163218975067139,0.3853302597999573
258,10100,,,0.8709516525268555,0.395866334438324,,
259,10139,,,,,1.5164968967437744,0.38574355840682983
259,10139,,,0.8874226212501526,0.3616398274898529,,
260,10178,,,,,1.5166630744934082,0.38743114471435547
260,10178,,,0.8939576745033264,0.35982635617256165,,
261,10217,,,,,1.5157568454742432,0.38742679357528687
261,10217,,,0.8770500421524048,0.4174247086048126,,
262,10256,,,,,1.5145847797393799,0.3881881535053253
262,10256,,,0.860660970211029,0.42912644147872925,,
263,10295,,,,,1.5137240886688232,0.38968726992607117
263,10295,,,0.8726362586021423,0.41643449664115906,,
264,10334,,,,,1.5142148733139038,0.389914870262146
264,10334,,,0.8529901504516602,0.3956751227378845,,
265,10373,,,,,1.5148812532424927,0.3900012969970703
265,10373,,,0.8903241157531738,0.40810438990592957,,
266,10412,,,,,1.5137370824813843,0.39003562927246094
266,10412,,,0.8999896049499512,0.42760947346687317,,
267,10451,,,,,1.5133428573608398,0.389767587184906
267,10451,,,0.8385537266731262,0.4342811703681946,,
268,10490,,,,,1.5132209062576294,0.3894523084163666
268,10490,,,0.8773947358131409,0.4179283678531647,,
269,10529,,,,,1.512916088104248,0.39136645197868347
269,10529,,,0.8926073908805847,0.3595815896987915,,
270,10568,,,,,1.5126627683639526,0.39178985357284546
270,10568,,,0.84828120470047,0.41419297456741333,,
271,10607,,,,,1.5129657983779907,0.3906584084033966
271,10607,,,0.8953813314437866,0.43981871008872986,,
272,10646,,,,,1.5122929811477661,0.3912445306777954
272,10646,,,0.8762012124061584,0.3971223831176758,,
273,10685,,,,,1.511996865272522,0.3909819722175598
273,10685,,,0.8775099515914917,0.4338936507701874,,
274,10724,,,,,1.5111479759216309,0.3922782838344574
274,10724,,,0.8802286982536316,0.4471128284931183,,
275,10763,,,,,1.5098413228988647,0.39401206374168396
275,10763,,,0.8692110776901245,0.4311198592185974,,
276,10802,,,,,1.5095775127410889,0.39453035593032837
276,10802,,,0.8660775423049927,0.4363369941711426,,
277,10841,,,,,1.5102037191390991,0.3935771882534027
277,10841,,,0.852568507194519,0.45804929733276367,,
278,10880,,,,,1.5107808113098145,0.39475035667419434
278,10880,,,0.8589317202568054,0.38457241654396057,,
279,10919,,,,,1.5097455978393555,0.39483413100242615
279,10919,,,0.8494329452514648,0.45213302969932556,,
280,10958,,,,,1.5089000463485718,0.39601215720176697
280,10958,,,0.8836414813995361,0.41494402289390564,,
281,10997,,,,,1.507826566696167,0.3964306712150574
281,10997,,,0.8511644005775452,0.4414537250995636,,
282,11036,,,,,1.5072189569473267,0.3970640301704407
282,11036,,,0.872048020362854,0.46008574962615967,,
283,11075,,,,,1.5072122812271118,0.3969319462776184
283,11075,,,0.858059823513031,0.44638532400131226,,
284,11114,,,,,1.5076744556427002,0.39720529317855835
284,11114,,,0.8620956540107727,0.4069112539291382,,
285,11153,,,,,1.5067805051803589,0.397555410861969
285,11153,,,0.8624610900878906,0.4257560074329376,,
286,11192,,,,,1.506747841835022,0.39704933762550354
286,11192,,,0.895086407661438,0.401663213968277,,
287,11231,,,,,1.5067968368530273,0.39687618613243103
287,11231,,,0.855253279209137,0.4030707776546478,,
288,11270,,,,,1.5068947076797485,0.39735549688339233
288,11270,,,0.8569647669792175,0.4391433596611023,,
289,11309,,,,,1.5070339441299438,0.39830055832862854
289,11309,,,0.8721494674682617,0.40199926495552063,,
290,11348,,,,,1.5066596269607544,0.3986475467681885
290,11348,,,0.9002932906150818,0.4087788462638855,,
291,11387,,,,,1.505783200263977,0.3980860412120819
291,11387,,,0.8645733594894409,0.4580552875995636,,
292,11426,,,,,1.504685401916504,0.4002957344055176
292,11426,,,0.8835839629173279,0.41232651472091675,,
293,11465,,,,,1.5048353672027588,0.40110456943511963
293,11465,,,0.8692440390586853,0.4235098361968994,,
294,11504,,,,,1.5045697689056396,0.4006630480289459
294,11504,,,0.8925029039382935,0.41366052627563477,,
295,11543,,,,,1.5043902397155762,0.40023767948150635
295,11543,,,0.8352177739143372,0.455402672290802,,
296,11582,,,,,1.5044022798538208,0.3995573818683624
296,11582,,,0.8523343205451965,0.4629462659358978,,
297,11621,,,,,1.503909945487976,0.40034347772598267
297,11621,,,0.8603830337524414,0.42451491951942444,,
298,11660,,,,,1.5052772760391235,0.40009018778800964
298,11660,,,0.8795559406280518,0.39999449253082275,,
299,11699,,,,,1.5049445629119873,0.3998604416847229
299,11699,,,0.85903000831604,0.41747888922691345,,
300,11738,,,,,1.5048496723175049,0.39964690804481506
300,11738,,,0.8676233291625977,0.4626472592353821,,
301,11777,,,,,1.5044193267822266,0.39984795451164246
301,11777,,,0.8811372518539429,0.3778975009918213,,
302,11816,,,,,1.5049136877059937,0.4009673595428467
302,11816,,,0.85308837890625,0.41912657022476196,,
303,11855,,,,,1.506174087524414,0.40179359912872314
303,11855,,,0.8720497488975525,0.3790992498397827,,
304,11894,,,,,1.505183219909668,0.4014953672885895
304,11894,,,0.835210382938385,0.45948076248168945,,
305,11933,,,,,1.5061744451522827,0.40068182349205017
305,11933,,,0.8706575036048889,0.4330132305622101,,
306,11972,,,,,1.5065138339996338,0.40060555934906006
306,11972,,,0.8377646207809448,0.44064781069755554,,
307,12011,,,,,1.506500005722046,0.4002590775489807
307,12011,,,0.863200843334198,0.4320909082889557,,
308,12050,,,,,1.5062462091445923,0.39995765686035156
308,12050,,,0.8702220320701599,0.4092484414577484,,
309,12089,,,,,1.506037712097168,0.400222510099411
309,12089,,,0.8959749937057495,0.40593618154525757,,
310,12128,,,,,1.5053808689117432,0.39974483847618103
310,12128,,,0.8735048174858093,0.4354093074798584,,
311,12167,,,,,1.5045288801193237,0.40123772621154785
311,12167,,,0.849071204662323,0.4130542576313019,,
312,12206,,,,,1.5036835670471191,0.4012008607387543
312,12206,,,0.8448897004127502,0.4288031756877899,,
313,12245,,,,,1.5030405521392822,0.40163376927375793
313,12245,,,0.8836793303489685,0.41577181220054626,,
314,12284,,,,,1.5021679401397705,0.40263357758522034
314,12284,,,0.8762208819389343,0.43435364961624146,,
315,12323,,,,,1.5021957159042358,0.4031704366207123
315,12323,,,0.8709088563919067,0.4008042812347412,,
316,12362,,,,,1.5020092725753784,0.4029984474182129
316,12362,,,0.8521659970283508,0.4681391716003418,,
317,12401,,,,,1.5022575855255127,0.4028969705104828
317,12401,,,0.8608083724975586,0.42322084307670593,,
318,12440,,,,,1.501979947090149,0.40324416756629944
318,12440,,,0.876843273639679,0.4342426359653473,,
319,12479,,,,,1.501267433166504,0.40455472469329834
319,12479,,,0.8733031153678894,0.45695871114730835,,
320,12518,,,,,1.5011018514633179,0.40553775429725647
320,12518,,,0.8856258988380432,0.43775245547294617,,
321,12557,,,,,1.500446081161499,0.40616944432258606
321,12557,,,0.8758976459503174,0.4534854292869568,,
322,12596,,,,,1.5000346899032593,0.4058482050895691
322,12596,,,0.8879156112670898,0.40783020853996277,,
323,12635,,,,,1.5000053644180298,0.4050230085849762
323,12635,,,0.8344990611076355,0.458538293838501,,
324,12674,,,,,1.4992972612380981,0.40529248118400574
324,12674,,,0.8391355872154236,0.4407685101032257,,
325,12713,,,,,1.4997978210449219,0.40508049726486206
325,12713,,,0.8494642376899719,0.45520323514938354,,
326,12752,,,,,1.499668002128601,0.4059533476829529
326,12752,,,0.8477186560630798,0.38402998447418213,,
327,12791,,,,,1.5002803802490234,0.40590646862983704
327,12791,,,0.869301438331604,0.4220348298549652,,
328,12830,,,,,1.5003546476364136,0.405399888753891
328,12830,,,0.8628294467926025,0.4130123257637024,,
329,12869,,,,,1.5003623962402344,0.40536338090896606
329,12869,,,0.8753219842910767,0.46747222542762756,,
330,12908,,,,,1.5004370212554932,0.4056271016597748
330,12908,,,0.881053626537323,0.40706130862236023,,
331,12947,,,,,1.500693917274475,0.4052164554595947
331,12947,,,0.8498044013977051,0.45596420764923096,,
332,12986,,,,,1.4992542266845703,0.40610605478286743
332,12986,,,0.8486568927764893,0.4604724943637848,,
333,13025,,,,,1.4979832172393799,0.40738359093666077
333,13025,,,0.8243205547332764,0.45685386657714844,,
334,13064,,,,,1.4972341060638428,0.4076748192310333
334,13064,,,0.850834846496582,0.4365195631980896,,
335,13103,,,,,1.4971730709075928,0.4079757034778595
335,13103,,,0.8782151341438293,0.4283037781715393,,
336,13142,,,,,1.4974945783615112,0.4078754186630249
336,13142,,,0.8787371516227722,0.43943819403648376,,
337,13181,,,,,1.4978435039520264,0.4077540338039398
337,13181,,,0.8893193006515503,0.390581876039505,,
338,13220,,,,,1.498058557510376,0.40886640548706055
338,13220,,,0.8882797360420227,0.41922667622566223,,
339,13259,,,,,1.4982603788375854,0.40847843885421753
339,13259,,,0.8599961400032043,0.4255637526512146,,
340,13298,,,,,1.4982105493545532,0.4086492955684662
340,13298,,,0.858103334903717,0.43452897667884827,,
341,13337,,,,,1.4983372688293457,0.40776732563972473
341,13337,,,0.8702294826507568,0.43387511372566223,,
342,13376,,,,,1.4981540441513062,0.4089042842388153
342,13376,,,0.8698731660842896,0.43131157755851746,,
343,13415,,,,,1.4981814622879028,0.40925511717796326
343,13415,,,0.8296977281570435,0.4345255196094513,,
344,13454,,,,,1.4985953569412231,0.4102018475532532
344,13454,,,0.8617274165153503,0.38732126355171204,,
345,13493,,,,,1.4972656965255737,0.4110175669193268
345,13493,,,0.8570063710212708,0.46984052658081055,,
346,13532,,,,,1.4974567890167236,0.4113863408565521
346,13532,,,0.8484852313995361,0.40910813212394714,,
347,13571,,,,,1.4981006383895874,0.41059616208076477
347,13571,,,0.8598712086677551,0.4184538424015045,,
348,13610,,,,,1.4977638721466064,0.41134607791900635
348,13610,,,0.84091717004776,0.46320801973342896,,
349,13649,,,,,1.4980074167251587,0.41204768419265747
349,13649,,,0.8587574362754822,0.40083014965057373,,
350,13688,,,,,1.4980673789978027,0.4130139946937561
350,13688,,,0.8742957711219788,0.42483437061309814,,
351,13727,,,,,1.4978489875793457,0.41337165236473083
351,13727,,,0.8682810664176941,0.413655161857605,,
352,13766,,,,,1.498018741607666,0.4139865040779114
352,13766,,,0.8719625473022461,0.42256247997283936,,
353,13805,,,,,1.4981305599212646,0.4141865372657776
353,13805,,,0.8712666034698486,0.4123131334781647,,
354,13844,,,,,1.4979496002197266,0.4143713414669037
354,13844,,,0.8554123044013977,0.41949203610420227,,
355,13883,,,,,1.497272253036499,0.415086567401886
355,13883,,,0.8574925065040588,0.4143064320087433,,
356,13922,,,,,1.496347427368164,0.4160972535610199
356,13922,,,0.8428846597671509,0.4577788710594177,,
357,13961,,,,,1.4958641529083252,0.41655367612838745
357,13961,,,0.8575773239135742,0.40228554606437683,,
358,14000,,,,,1.4957195520401,0.41678425669670105
358,14000,,,0.8677148222923279,0.41812413930892944,,
359,14039,,,,,1.4946175813674927,0.4182608127593994
359,14039,,,0.8415694832801819,0.4725268483161926,,
360,14078,,,,,1.494920015335083,0.41880103945732117
360,14078,,,0.8162445425987244,0.4584515392780304,,
361,14117,,,,,1.4938390254974365,0.41834110021591187
361,14117,,,0.8282619118690491,0.47898879647254944,,
362,14156,,,,,1.4925843477249146,0.41877490282058716
362,14156,,,0.8462479710578918,0.452840119600296,,
363,14195,,,,,1.4916571378707886,0.41951292753219604
363,14195,,,0.860426664352417,0.44924217462539673,,
364,14234,,,,,1.4926278591156006,0.41993266344070435
364,14234,,,0.8686138987541199,0.4705551266670227,,
365,14273,,,,,1.4930825233459473,0.419802188873291
365,14273,,,0.8795421123504639,0.4302426278591156,,
366,14312,,,,,1.4924120903015137,0.4204840064048767
366,14312,,,0.893263578414917,0.4204379916191101,,
367,14351,,,,,1.4925817251205444,0.42066633701324463
367,14351,,,0.8804346919059753,0.4137827455997467,,
368,14390,,,,,1.4929404258728027,0.42014268040657043
368,14390,,,0.8609544634819031,0.41982874274253845,,
369,14429,,,,,1.4931020736694336,0.41945961117744446
369,14429,,,0.8644601702690125,0.44478484988212585,,
370,14468,,,,,1.4921730756759644,0.41965001821517944
370,14468,,,0.8756974339485168,0.470598429441452,,
371,14507,,,,,1.4922003746032715,0.41969239711761475
371,14507,,,0.8295868039131165,0.4657212793827057,,
372,14546,,,,,1.491380214691162,0.4206143915653229
372,14546,,,0.8594366908073425,0.43976926803588867,,
373,14585,,,,,1.4909087419509888,0.4211173355579376
373,14585,,,0.853409469127655,0.4254388213157654,,
374,14624,,,,,1.4910235404968262,0.4212229251861572
374,14624,,,0.8447705507278442,0.4465242028236389,,
375,14663,,,,,1.4917867183685303,0.42175495624542236
375,14663,,,0.8435760736465454,0.4225558340549469,,
376,14702,,,,,1.4920302629470825,0.4211648404598236
376,14702,,,0.867533266544342,0.45351356267929077,,
377,14741,,,,,1.4916317462921143,0.420139878988266
377,14741,,,0.8746088743209839,0.45489877462387085,,
378,14780,,,,,1.491367220878601,0.42060384154319763
378,14780,,,0.8191357254981995,0.4405773878097534,,
379,14819,,,,,1.4923890829086304,0.4209778904914856
379,14819,,,0.8811242580413818,0.4193483591079712,,
380,14858,,,,,1.4927597045898438,0.42112311720848083
380,14858,,,0.8711776733398438,0.40219101309776306,,
381,14897,,,,,1.4930330514907837,0.4216208755970001
381,14897,,,0.8647085428237915,0.47183847427368164,,
382,14936,,,,,1.4938738346099854,0.42147815227508545
382,14936,,,0.8668532967567444,0.4001505970954895,,
383,14975,,,,,1.4937714338302612,0.4215075671672821
383,14975,,,0.8328048586845398,0.479215145111084,,
384,15014,,,,,1.4928224086761475,0.42312151193618774
384,15014,,,0.8722650408744812,0.4581732749938965,,
385,15053,,,,,1.492811679840088,0.42337632179260254
385,15053,,,0.8588140606880188,0.4439193904399872,,
386,15092,,,,,1.4929983615875244,0.4235714077949524
386,15092,,,0.8579827547073364,0.44261473417282104,,
387,15131,,,,,1.4929225444793701,0.42242398858070374
387,15131,,,0.849717378616333,0.4322222173213959,,
388,15170,,,,,1.4929441213607788,0.4223842918872833
388,15170,,,0.8846426606178284,0.40068769454956055,,
389,15209,,,,,1.491965651512146,0.4231448471546173
389,15209,,,0.8414585590362549,0.4959564208984375,,
390,15248,,,,,1.4913374185562134,0.4229642152786255
390,15248,,,0.8793938755989075,0.41594988107681274,,
391,15287,,,,,1.4905427694320679,0.4229397773742676
391,15287,,,0.858291506767273,0.45704856514930725,,
392,15326,,,,,1.4906866550445557,0.42366814613342285
392,15326,,,0.8546561002731323,0.4521689713001251,,
393,15365,,,,,1.4910489320755005,0.42432859539985657
393,15365,,,0.8697290420532227,0.3875229060649872,,
394,15404,,,,,1.4912201166152954,0.4240092933177948
394,15404,,,0.8756254315376282,0.4247894287109375,,
395,15443,,,,,1.4915941953659058,0.4230671525001526
395,15443,,,0.8635200262069702,0.456356942653656,,
396,15482,,,,,1.4917489290237427,0.42284297943115234
396,15482,,,0.8760513067245483,0.4531732201576233,,
397,15521,,,,,1.4914510250091553,0.4236077070236206
397,15521,,,0.865213930606842,0.4150606691837311,,
398,15560,,,,,1.4909640550613403,0.42354610562324524
398,15560,,,0.8672309517860413,0.42346054315567017,,
399,15599,,,,,1.4907678365707397,0.42474886775016785
399,15599,,,0.8688279390335083,0.4148941934108734,,
400,15638,,,,,1.4896878004074097,0.4254043698310852
400,15638,,,0.8779879808425903,0.40898972749710083,,
401,15677,,,,,1.489538311958313,0.4263973832130432
401,15677,,,0.8225799798965454,0.48468711972236633,,
402,15716,,,,,1.4891417026519775,0.42739468812942505
402,15716,,,0.8425521850585938,0.4802505671977997,,
403,15755,,,,,1.4883012771606445,0.427666574716568
403,15755,,,0.8377148509025574,0.4600246250629425,,
404,15794,,,,,1.4883253574371338,0.42694327235221863
404,15794,,,0.8572642803192139,0.4530969262123108,,
405,15833,,,,,1.4882622957229614,0.42764028906822205
405,15833,,,0.8561776280403137,0.4410925507545471,,
406,15872,,,,,1.4878677129745483,0.4280257225036621
406,15872,,,0.8289714455604553,0.45259222388267517,,
407,15911,,,,,1.48738694190979,0.428792268037796
407,15911,,,0.8466691970825195,0.45470497012138367,,
408,15950,,,,,1.4872167110443115,0.42902448773384094
408,15950,,,0.8488235473632812,0.47439607977867126,,
409,15989,,,,,1.486959457397461,0.4305134117603302
409,15989,,,0.8683274388313293,0.4361680746078491,,
410,16028,,,,,1.4864851236343384,0.430270254611969
410,16028,,,0.837353527545929,0.46270105242729187,,
411,16067,,,,,1.4860647916793823,0.4310248792171478
411,16067,,,0.8758066892623901,0.4741916060447693,,
412,16106,,,,,1.4851549863815308,0.43074822425842285
412,16106,,,0.8514653444290161,0.4951271712779999,,
413,16145,,,,,1.4849333763122559,0.4315406382083893
413,16145,,,0.8714381456375122,0.43977609276771545,,
414,16184,,,,,1.4845300912857056,0.4316295087337494
414,16184,,,0.8565481901168823,0.4514351487159729,,
415,16223,,,,,1.4850342273712158,0.43121612071990967
415,16223,,,0.854324996471405,0.4611921012401581,,
416,16262,,,,,1.484767198562622,0.43129727244377136
416,16262,,,0.86342453956604,0.45973753929138184,,
417,16301,,,,,1.4841368198394775,0.432383269071579
417,16301,,,0.8544588088989258,0.48907631635665894,,
418,16340,,,,,1.485061764717102,0.4328501522541046
418,16340,,,0.8619047999382019,0.4334709346294403,,
419,16379,,,,,1.4844239950180054,0.4331187605857849
419,16379,,,0.8276400566101074,0.4725615084171295,,
420,16418,,,,,1.4849399328231812,0.43213653564453125
420,16418,,,0.8552559018135071,0.44116300344467163,,
421,16457,,,,,1.4843804836273193,0.4332723021507263
421,16457,,,0.8429263234138489,0.4540572464466095,,
422,16496,,,,,1.484458565711975,0.4348762035369873
422,16496,,,0.8399178981781006,0.46176210045814514,,
423,16535,,,,,1.4856598377227783,0.4358239471912384
423,16535,,,0.863637387752533,0.43022313714027405,,
424,16574,,,,,1.4855639934539795,0.43611449003219604
424,16574,,,0.8532947897911072,0.4460466802120209,,
425,16613,,,,,1.4853044748306274,0.4353400766849518
425,16613,,,0.859024703502655,0.45629990100860596,,
426,16652,,,,,1.4843218326568604,0.43516895174980164
426,16652,,,0.8740258812904358,0.4530352056026459,,
427,16691,,,,,1.4842066764831543,0.43428900837898254
427,16691,,,0.848473072052002,0.4461750090122223,,
428,16730,,,,,1.484289288520813,0.4341011047363281
428,16730,,,0.8544042706489563,0.4356785714626312,,
429,16769,,,,,1.4846388101577759,0.4330308437347412
429,16769,,,0.868707001209259,0.45666107535362244,,
430,16808,,,,,1.4845798015594482,0.4338381588459015
430,16808,,,0.8293517827987671,0.46417760848999023,,
431,16847,,,,,1.4841259717941284,0.4342835247516632
431,16847,,,0.828535795211792,0.469571977853775,,
432,16886,,,,,1.4839779138565063,0.43543559312820435
432,16886,,,0.8322016596794128,0.4672746956348419,,
433,16925,,,,,1.483207106590271,0.4353647828102112
433,16925,,,0.8453612923622131,0.46855950355529785,,
434,16964,,,,,1.4826864004135132,0.43539658188819885
434,16964,,,0.8579141497612,0.42647767066955566,,
435,17003,,,,,1.4842711687088013,0.4365594983100891
435,17003,,,0.8565691709518433,0.4534505307674408,,
436,17042,,,,,1.4850587844848633,0.4370145797729492
436,17042,,,0.874908447265625,0.44247856736183167,,
437,17081,,,,,1.4839589595794678,0.43805021047592163
437,17081,,,0.8390218019485474,0.4644334614276886,,
438,17120,,,,,1.4828494787216187,0.4382688105106354
438,17120,,,0.8381342887878418,0.4597763121128082,,
439,17159,,,,,1.4828264713287354,0.43799975514411926
439,17159,,,0.8551514744758606,0.45309194922447205,,
440,17198,,,,,1.4825482368469238,0.43835538625717163
440,17198,,,0.8603234887123108,0.44976434111595154,,
441,17237,,,,,1.4821438789367676,0.43888482451438904
441,17237,,,0.840073823928833,0.43682485818862915,,
442,17276,,,,,1.4823507070541382,0.43802523612976074
442,17276,,,0.867369532585144,0.4215955436229706,,
443,17315,,,,,1.4818603992462158,0.43739762902259827
443,17315,,,0.8314386010169983,0.48958244919776917,,
444,17354,,,,,1.4813905954360962,0.43685218691825867
444,17354,,,0.8400588631629944,0.422750860452652,,
445,17393,,,,,1.4810614585876465,0.437339723110199
445,17393,,,0.8606454133987427,0.43679535388946533,,
446,17432,,,,,1.4810473918914795,0.43891286849975586
446,17432,,,0.8759322762489319,0.44602346420288086,,
447,17471,,,,,1.4800902605056763,0.43880823254585266
447,17471,,,0.8647388815879822,0.484977662563324,,
448,17510,,,,,1.47995126247406,0.43931514024734497
448,17510,,,0.8691993355751038,0.4194733202457428,,
449,17549,,,,,1.4799004793167114,0.4392164647579193
449,17549,,,0.8509072661399841,0.45546525716781616,,
450,17588,,,,,1.4799429178237915,0.438676118850708
450,17588,,,0.8796204924583435,0.4496711194515228,,
451,17627,,,,,1.4800901412963867,0.4388178884983063
451,17627,,,0.8649606108665466,0.45232856273651123,,
452,17666,,,,,1.4810764789581299,0.44022679328918457
452,17666,,,0.8373521566390991,0.43032166361808777,,
453,17705,,,,,1.4808696508407593,0.4399079382419586
453,17705,,,0.8709814548492432,0.4820498824119568,,
454,17744,,,,,1.4813734292984009,0.44093480706214905
454,17744,,,0.8550955653190613,0.44952359795570374,,
455,17783,,,,,1.4816839694976807,0.4422909617424011
455,17783,,,0.8518006801605225,0.4858350157737732,,
456,17822,,,,,1.481701135635376,0.44299840927124023
456,17822,,,0.880728006362915,0.4555523097515106,,
457,17861,,,,,1.481478214263916,0.44273096323013306
457,17861,,,0.8454918265342712,0.4566708505153656,,
458,17900,,,,,1.481331467628479,0.44328102469444275
458,17900,,,0.8507209420204163,0.44165822863578796,,
459,17939,,,,,1.4806779623031616,0.44341909885406494
459,17939,,,0.8766502141952515,0.4422190189361572,,
460,17978,,,,,1.4800320863723755,0.4434669315814972
460,17978,,,0.8457509279251099,0.46921953558921814,,
461,18017,,,,,1.4801585674285889,0.44406139850616455
461,18017,,,0.8585003614425659,0.4598952531814575,,
462,18056,,,,,1.4786425828933716,0.44411522150039673
462,18056,,,0.8413136005401611,0.4832872152328491,,
463,18095,,,,,1.478162169456482,0.44451093673706055
463,18095,,,0.8318235874176025,0.4848708510398865,,
464,18134,,,,,1.4777348041534424,0.4444587230682373
464,18134,,,0.8365511894226074,0.4834904670715332,,
465,18173,,,,,1.4780858755111694,0.44533637166023254
465,18173,,,0.8533170819282532,0.4256294071674347,,
466,18212,,,,,1.4777299165725708,0.44467735290527344
466,18212,,,0.8481329083442688,0.4981096088886261,,
467,18251,,,,,1.4778152704238892,0.44476038217544556
467,18251,,,0.847919762134552,0.4493508040904999,,
468,18290,,,,,1.4767112731933594,0.4461381137371063
468,18290,,,0.8644715547561646,0.44948312640190125,,
469,18329,,,,,1.4762473106384277,0.44668859243392944
469,18329,,,0.8227685689926147,0.48275429010391235,,
470,18368,,,,,1.4752767086029053,0.44628116488456726
470,18368,,,0.8468102812767029,0.4828355610370636,,
471,18407,,,,,1.4751155376434326,0.4463491439819336
471,18407,,,0.8631716966629028,0.46292585134506226,,
472,18446,,,,,1.4753414392471313,0.4466342628002167
472,18446,,,0.846011221408844,0.47536081075668335,,
473,18485,,,,,1.4758570194244385,0.44714468717575073
473,18485,,,0.8405718803405762,0.4551389515399933,,
474,18524,,,,,1.475121259689331,0.44767576456069946
474,18524,,,0.8565199375152588,0.4718112349510193,,
475,18563,,,,,1.4755704402923584,0.4474882483482361
475,18563,,,0.8629368543624878,0.4477865695953369,,
476,18602,,,,,1.4758899211883545,0.4479597210884094
476,18602,,,0.8641507029533386,0.4396929144859314,,
477,18641,,,,,1.4749696254730225,0.44781532883644104
477,18641,,,0.8396997451782227,0.48300009965896606,,
478,18680,,,,,1.4743280410766602,0.44841477274894714
478,18680,,,0.8158951997756958,0.4511060416698456,,
479,18719,,,,,1.4740275144577026,0.4493379592895508
479,18719,,,0.8306954503059387,0.4709969162940979,,
480,18758,,,,,1.4745008945465088,0.4495587944984436
480,18758,,,0.8288493752479553,0.47963622212409973,,
481,18797,,,,,1.474642038345337,0.4496908187866211
481,18797,,,0.8611598014831543,0.4831750690937042,,
482,18836,,,,,1.4752877950668335,0.45003974437713623
482,18836,,,0.8437706232070923,0.45707038044929504,,
483,18875,,,,,1.4753031730651855,0.44950318336486816
483,18875,,,0.8421656489372253,0.46300315856933594,,
484,18914,,,,,1.4748260974884033,0.4509395658969879
484,18914,,,0.8699010014533997,0.43873658776283264,,
485,18953,,,,,1.4747965335845947,0.451344758272171
485,18953,,,0.8470608592033386,0.4306943714618683,,
486,18992,,,,,1.4737640619277954,0.4516715407371521
486,18992,,,0.850094735622406,0.4800422787666321,,
487,19031,,,,,1.4741666316986084,0.45119133591651917
487,19031,,,0.8497200012207031,0.4655049741268158,,
488,19070,,,,,1.4734597206115723,0.45221349596977234
488,19070,,,0.8401119709014893,0.439319908618927,,
489,19109,,,,,1.4741473197937012,0.4525519907474518
489,19109,,,0.8596846461296082,0.4550936818122864,,
490,19148,,,,,1.474557876586914,0.45231422781944275
490,19148,,,0.8752390742301941,0.4456450641155243,,
491,19187,,,,,1.4734710454940796,0.4531787037849426
491,19187,,,0.8516982793807983,0.47032278776168823,,
492,19226,,,,,1.4736462831497192,0.4536742866039276
492,19226,,,0.8485945463180542,0.44913429021835327,,
493,19265,,,,,1.4734022617340088,0.45471683144569397
493,19265,,,0.8488172888755798,0.45982712507247925,,
494,19304,,,,,1.4737552404403687,0.4553140699863434
494,19304,,,0.8649969696998596,0.43231695890426636,,
495,19343,,,,,1.4741566181182861,0.45577672123908997
495,19343,,,0.8532240390777588,0.42014703154563904,,
496,19382,,,,,1.4742931127548218,0.45569196343421936
496,19382,,,0.8494314551353455,0.45151108503341675,,
497,19421,,,,,1.4735456705093384,0.4558597803115845
497,19421,,,0.8751221895217896,0.45460137724876404,,
498,19460,,,,,1.4737707376480103,0.4551224112510681
498,19460,,,0.8402542471885681,0.46044158935546875,,
499,19499,,,,,1.4732441902160645,0.4552614688873291
499,19499,,,0.823606550693512,0.5043441653251648,,
500,19538,,,,,1.4719189405441284,0.45621323585510254
500,19538,,,0.835669219493866,0.4707602858543396,,
501,19577,,,,,1.4721293449401855,0.4569939970970154
501,19577,,,0.8392468094825745,0.49146392941474915,,
502,19616,,,,,1.472657322883606,0.45751217007637024
502,19616,,,0.8722141981124878,0.4560818672180176,,
503,19655,,,,,1.4724408388137817,0.45693305134773254
503,19655,,,0.8498152494430542,0.44878342747688293,,
504,19694,,,,,1.47213613986969,0.45697349309921265
504,19694,,,0.8367158770561218,0.45828062295913696,,
505,19733,,,,,1.4723005294799805,0.45671454071998596
505,19733,,,0.8524145483970642,0.4566904306411743,,
506,19772,,,,,1.4724230766296387,0.45627129077911377
506,19772,,,0.8472157716751099,0.4465435743331909,,
507,19811,,,,,1.4726349115371704,0.45585358142852783
507,19811,,,0.8381251692771912,0.4546343982219696,,
508,19850,,,,,1.4728633165359497,0.4560008645057678
508,19850,,,0.8507450819015503,0.4113592505455017,,
509,19889,,,,,1.4725273847579956,0.4556136429309845
509,19889,,,0.8601288199424744,0.4279332160949707,,
510,19928,,,,,1.473630666732788,0.45567235350608826
510,19928,,,0.8711450099945068,0.43284666538238525,,
511,19967,,,,,1.4739048480987549,0.45539695024490356
511,19967,,,0.8828665018081665,0.46021905541419983,,
512,20006,,,,,1.4729430675506592,0.45659109950065613
512,20006,,,0.8312896490097046,0.4726620316505432,,
513,20045,,,,,1.4725768566131592,0.4564216136932373
513,20045,,,0.8507986068725586,0.4383086562156677,,
514,20084,,,,,1.4732444286346436,0.4562843441963196
514,20084,,,0.8294997811317444,0.4824483394622803,,
515,20123,,,,,1.4728981256484985,0.45638328790664673
515,20123,,,0.8579419255256653,0.4429702162742615,,
516,20162,,,,,1.473091721534729,0.45629507303237915
516,20162,,,0.8197186589241028,0.4800448417663574,,
517,20201,,,,,1.4724371433258057,0.45685550570487976
517,20201,,,0.8553795218467712,0.41252991557121277,,
518,20240,,,,,1.472213864326477,0.4574873745441437
518,20240,,,0.8330267071723938,0.4737376570701599,,
519,20279,,,,,1.4723862409591675,0.4573933184146881
519,20279,,,0.8601954579353333,0.44929155707359314,,
520,20318,,,,,1.4728468656539917,0.45683935284614563
520,20318,,,0.8448736667633057,0.45627182722091675,,
521,20357,,,,,1.4728623628616333,0.45636460185050964
521,20357,,,0.8628515601158142,0.4349243938922882,,
522,20396,,,,,1.4736177921295166,0.4557926058769226
522,20396,,,0.8801497220993042,0.4605734348297119,,
523,20435,,,,,1.4735126495361328,0.45600220561027527
523,20435,,,0.8483626246452332,0.44463813304901123,,
524,20474,,,,,1.4731907844543457,0.4564165472984314
524,20474,,,0.8432760238647461,0.4181508719921112,,
525,20513,,,,,1.473137378692627,0.45621469616889954
525,20513,,,0.8600656390190125,0.42816904187202454,,
526,20552,,,,,1.473467469215393,0.4569754898548126
526,20552,,,0.8595973253250122,0.4630465805530548,,
527,20591,,,,,1.4729163646697998,0.45686304569244385
527,20591,,,0.822616457939148,0.48181816935539246,,
528,20630,,,,,1.4727693796157837,0.4565686583518982
528,20630,,,0.8536471128463745,0.4226728081703186,,
529,20669,,,,,1.4724489450454712,0.4573441445827484
529,20669,,,0.8495033383369446,0.4521428644657135,,
530,20708,,,,,1.472884178161621,0.45692554116249084
530,20708,,,0.8238914608955383,0.48567071557044983,,
531,20747,,,,,1.4733580350875854,0.4566662311553955
531,20747,,,0.8335115313529968,0.4580227732658386,,
532,20786,,,,,1.4733006954193115,0.45736590027809143
532,20786,,,0.8521047830581665,0.4372956156730652,,
533,20825,,,,,1.4734275341033936,0.4568578898906708
533,20825,,,0.8216993808746338,0.513442873954773,,
534,20864,,,,,1.4742178916931152,0.45687469840049744
534,20864,,,0.8690739870071411,0.4316123127937317,,
535,20903,,,,,1.473402500152588,0.45626726746559143
535,20903,,,0.8450049161911011,0.5060385465621948,,
536,20942,,,,,1.4729863405227661,0.4565843939781189
536,20942,,,0.8574113845825195,0.48708802461624146,,
537,20981,,,,,1.4729946851730347,0.45598024129867554
537,20981,,,0.8253077864646912,0.44415631890296936,,
538,21020,,,,,1.473768949508667,0.45607253909111023
538,21020,,,0.8397108912467957,0.46099790930747986,,
539,21059,,,,,1.4742659330368042,0.455667108297348
539,21059,,,0.8407548069953918,0.4445311725139618,,
540,21098,,,,,1.4740933179855347,0.4552772343158722
540,21098,,,0.8391793370246887,0.4667849838733673,,
541,21137,,,,,1.4738805294036865,0.45543378591537476
541,21137,,,0.8661800026893616,0.4189271330833435,,
542,21176,,,,,1.4733494520187378,0.45646771788597107
542,21176,,,0.8626643419265747,0.4284408390522003,,
543,21215,,,,,1.4734338521957397,0.4575110375881195
543,21215,,,0.8763533234596252,0.4638424515724182,,
544,21254,,,,,1.4727134704589844,0.4579192101955414
544,21254,,,0.836319088935852,0.47988563776016235,,
545,21293,,,,,1.4722516536712646,0.4573650360107422
545,21293,,,0.8338074088096619,0.48326021432876587,,
546,21332,,,,,1.4725401401519775,0.4571920931339264
546,21332,,,0.8567852973937988,0.4636366367340088,,
547,21371,,,,,1.4720584154129028,0.4573708474636078
547,21371,,,0.8530645966529846,0.450600802898407,,
548,21410,,,,,1.4725418090820312,0.457722932100296
548,21410,,,0.8250409364700317,0.46160072088241577,,
549,21449,,,,,1.4727026224136353,0.4584861397743225
549,21449,,,0.8363441824913025,0.45951905846595764,,
550,21488,,,,,1.4728485345840454,0.4588536024093628
550,21488,,,0.8478313088417053,0.46706831455230713,,
551,21527,,,,,1.472596526145935,0.4592948257923126
551,21527,,,0.8317137360572815,0.48311737179756165,,
552,21566,,,,,1.4727202653884888,0.45931896567344666
552,21566,,,0.8416556119918823,0.4421325623989105,,
553,21605,,,,,1.4719372987747192,0.46006786823272705
553,21605,,,0.8455592393875122,0.45725709199905396,,
554,21644,,,,,1.4715375900268555,0.4598442018032074
554,21644,,,0.8400692939758301,0.47808876633644104,,
555,21683,,,,,1.4709185361862183,0.4596806466579437
555,21683,,,0.8671650886535645,0.45050063729286194,,
556,21722,,,,,1.4700578451156616,0.4597656726837158
556,21722,,,0.831397533416748,0.48377931118011475,,
557,21761,,,,,1.4702503681182861,0.4602695107460022
557,21761,,,0.850549042224884,0.46117377281188965,,
558,21800,,,,,1.4713577032089233,0.4604627788066864
558,21800,,,0.8688046336174011,0.44678381085395813,,
559,21839,,,,,1.4723238945007324,0.46011149883270264
559,21839,,,0.8579717874526978,0.4409032464027405,,
560,21878,,,,,1.4721554517745972,0.46010351181030273
560,21878,,,0.8517144322395325,0.48564988374710083,,
561,21917,,,,,1.472474217414856,0.4599715769290924
561,21917,,,0.8719334006309509,0.4521465301513672,,
562,21956,,,,,1.4731345176696777,0.4595431089401245
562,21956,,,0.8763347268104553,0.38707152009010315,,
563,21995,,,,,1.472480297088623,0.4596755802631378
563,21995,,,0.8670169115066528,0.43417006731033325,,
564,22034,,,,,1.4720971584320068,0.4589262008666992
564,22034,,,0.8572491407394409,0.4565540850162506,,
565,22073,,,,,1.471097707748413,0.45886099338531494
565,22073,,,0.8261027932167053,0.45333433151245117,,
566,22112,,,,,1.471664547920227,0.4594947397708893
566,22112,,,0.861927330493927,0.41638365387916565,,
567,22151,,,,,1.471280574798584,0.4596578776836395
567,22151,,,0.861802339553833,0.44331344962120056,,
568,22190,,,,,1.4713283777236938,0.45903557538986206
568,22190,,,0.8608146905899048,0.4760236144065857,,
569,22229,,,,,1.4713330268859863,0.45870333909988403
569,22229,,,0.8484388589859009,0.4841954708099365,,
570,22268,,,,,1.4706192016601562,0.45888379216194153
570,22268,,,0.85528564453125,0.4585491120815277,,
571,22307,,,,,1.4702646732330322,0.45844700932502747
571,22307,,,0.8380016684532166,0.4761148989200592,,
572,22346,,,,,1.4701082706451416,0.458512544631958
572,22346,,,0.8339404463768005,0.4622795879840851,,
573,22385,,,,,1.4702428579330444,0.458975613117218
573,22385,,,0.8495107889175415,0.46796995401382446,,
574,22424,,,,,1.470281958580017,0.45988667011260986
574,22424,,,0.8498235940933228,0.436941921710968,,
575,22463,,,,,1.4708837270736694,0.4603325426578522
575,22463,,,0.8445833921432495,0.4463721513748169,,
576,22502,,,,,1.4709856510162354,0.4591432213783264
576,22502,,,0.8295112252235413,0.48664259910583496,,
577,22541,,,,,1.4712116718292236,0.45899108052253723
577,22541,,,0.8284147381782532,0.4728650450706482,,
578,22580,,,,,1.4710220098495483,0.4581674337387085
578,22580,,,0.8339990377426147,0.48609358072280884,,
579,22619,,,,,1.4705387353897095,0.4580073952674866
579,22619,,,0.8181383013725281,0.5037056803703308,,
580,22658,,,,,1.4695212841033936,0.45883747935295105
580,22658,,,0.8262755274772644,0.45354264974594116,,
581,22697,,,,,1.4699569940567017,0.4596843421459198
581,22697,,,0.8533415198326111,0.4504411220550537,,
582,22736,,,,,1.4698421955108643,0.45939621329307556
582,22736,,,0.8304880857467651,0.46936148405075073,,
583,22775,,,,,1.4698892831802368,0.4594358205795288
583,22775,,,0.843840479850769,0.442100465297699,,
584,22814,,,,,1.4707822799682617,0.4589817523956299
584,22814,,,0.8596113324165344,0.446683794260025,,
585,22853,,,,,1.470585823059082,0.4590262770652771
585,22853,,,0.82672518491745,0.4774071276187897,,
586,22892,,,,,1.4706645011901855,0.46038398146629333
586,22892,,,0.8428918123245239,0.45128563046455383,,
587,22931,,,,,1.4703174829483032,0.4597354233264923
587,22931,,,0.8269915580749512,0.497811883687973,,
588,22970,,,,,1.4707188606262207,0.4596039950847626
588,22970,,,0.8628869652748108,0.4151122272014618,,
589,23009,,,,,1.4706509113311768,0.4595409631729126
589,23009,,,0.8453670144081116,0.4649101197719574,,
590,23048,,,,,1.4699974060058594,0.4600393772125244
590,23048,,,0.8332638740539551,0.46957746148109436,,
591,23087,,,,,1.4701231718063354,0.4600076973438263
591,23087,,,0.8400018215179443,0.4640056788921356,,
592,23126,,,,,1.4701728820800781,0.4601331651210785
592,23126,,,0.8449205160140991,0.46388646960258484,,
593,23165,,,,,1.4700348377227783,0.46059998869895935
593,23165,,,0.8549215793609619,0.49504417181015015,,
594,23204,,,,,1.4697024822235107,0.4613727331161499
594,23204,,,0.8284744024276733,0.4785149395465851,,
595,23243,,,,,1.4692670106887817,0.4612160921096802
595,23243,,,0.8388133645057678,0.44199684262275696,,
596,23282,,,,,1.4691129922866821,0.46156132221221924
596,23282,,,0.8563289046287537,0.4442882537841797,,
597,23321,,,,,1.46878981590271,0.4614448547363281
597,23321,,,0.8374047875404358,0.45948120951652527,,
598,23360,,,,,1.467958688735962,0.46125227212905884
598,23360,,,0.8690475225448608,0.48027655482292175,,
599,23399,,,,,1.4685331583023071,0.4602659344673157
599,23399,,,0.8580498099327087,0.4732160270214081,,
600,23438,,,,,1.4686378240585327,0.45996105670928955
600,23438,,,0.8471243381500244,0.4965463876724243,,
601,23477,,,,,1.4679189920425415,0.4601409137248993
601,23477,,,0.855981707572937,0.49065962433815,,
602,23516,,,,,1.4677077531814575,0.4608810842037201
602,23516,,,0.8506566286087036,0.44350409507751465,,
603,23555,,,,,1.4680081605911255,0.46115240454673767
603,23555,,,0.8532759547233582,0.44749411940574646,,
604,23594,,,,,1.46804940700531,0.46179527044296265
604,23594,,,0.8470470905303955,0.46688392758369446,,
605,23633,,,,,1.4680618047714233,0.4612674415111542
605,23633,,,0.8180220127105713,0.4607340395450592,,
606,23672,,,,,1.4685308933258057,0.4618648886680603
606,23672,,,0.8815615773200989,0.4890431761741638,,
607,23711,,,,,1.4680026769638062,0.46251532435417175
607,23711,,,0.8033354878425598,0.46042466163635254,,
608,23750,,,,,1.46811842918396,0.4627178907394409
608,23750,,,0.8362330794334412,0.4545193314552307,,
609,23789,,,,,1.4676759243011475,0.46310216188430786
609,23789,,,0.8475247025489807,0.46502259373664856,,
610,23828,,,,,1.467752456665039,0.46221140027046204
610,23828,,,0.8427324295043945,0.5117088556289673,,
611,23867,,,,,1.4673988819122314,0.46155989170074463
611,23867,,,0.817517101764679,0.4540311396121979,,
612,23906,,,,,1.4678105115890503,0.4617009162902832
612,23906,,,0.8412928581237793,0.4782570004463196,,
613,23945,,,,,1.4670758247375488,0.461931973695755
613,23945,,,0.8615396022796631,0.45296430587768555,,
614,23984,,,,,1.4675395488739014,0.4621647298336029
614,23984,,,0.8518767952919006,0.46344444155693054,,
615,24023,,,,,1.4676605463027954,0.4613746106624603
615,24023,,,0.8454636931419373,0.4495857357978821,,
616,24062,,,,,1.4681529998779297,0.46147421002388
616,24062,,,0.8521276712417603,0.48108145594596863,,
617,24101,,,,,1.468204379081726,0.46223607659339905
617,24101,,,0.8380245566368103,0.4828945994377136,,
618,24140,,,,,1.468258023262024,0.46164247393608093
618,24140,,,0.8573536276817322,0.46843644976615906,,
619,24179,,,,,1.4681755304336548,0.461593359708786
619,24179,,,0.8216689825057983,0.48599663376808167,,
620,24218,,,,,1.468034029006958,0.4618735611438751
620,24218,,,0.8558433651924133,0.46766701340675354,,
621,24257,,,,,1.4684492349624634,0.4614574909210205
621,24257,,,0.8427144289016724,0.43900933861732483,,
622,24296,,,,,1.467034101486206,0.4618837237358093
622,24296,,,0.7949466109275818,0.48989036679267883,,
623,24335,,,,,1.4669194221496582,0.46172961592674255
623,24335,,,0.8355496525764465,0.44791746139526367,,
624,24374,,,,,1.466552972793579,0.46270301938056946
624,24374,,,0.8469856381416321,0.4823233187198639,,
625,24413,,,,,1.467079520225525,0.462689608335495
625,24413,,,0.850003182888031,0.47143828868865967,,
626,24452,,,,,1.4670295715332031,0.46257421374320984
626,24452,,,0.8303931951522827,0.4866158962249756,,
627,24491,,,,,1.4674408435821533,0.46345314383506775
627,24491,,,0.8524134755134583,0.44560539722442627,,
628,24530,,,,,1.4669463634490967,0.4633219838142395
628,24530,,,0.8311999440193176,0.44642388820648193,,
629,24569,,,,,1.4668446779251099,0.4635140299797058
629,24569,,,0.8237391710281372,0.49267157912254333,,
630,24608,,,,,1.466596007347107,0.46377408504486084
630,24608,,,0.8350841999053955,0.4869418442249298,,
631,24647,,,,,1.4665900468826294,0.46269211173057556
631,24647,,,0.8165366649627686,0.5062682628631592,,
632,24686,,,,,1.4668819904327393,0.462291955947876
632,24686,,,0.8474761843681335,0.47180822491645813,,
633,24725,,,,,1.4665045738220215,0.4625707268714905
633,24725,,,0.8322048783302307,0.4733550250530243,,
634,24764,,,,,1.4675819873809814,0.4623246192932129
634,24764,,,0.8600871562957764,0.45099034905433655,,
635,24803,,,,,1.4677385091781616,0.4618242383003235
635,24803,,,0.8525633215904236,0.4374057948589325,,
636,24842,,,,,1.4676251411437988,0.4605913460254669
636,24842,,,0.8209199905395508,0.4998367428779602,,
637,24881,,,,,1.4674365520477295,0.4605616629123688
637,24881,,,0.8582119941711426,0.47404977679252625,,
638,24920,,,,,1.4670977592468262,0.4606176018714905
638,24920,,,0.8406876921653748,0.4752941131591797,,
639,24959,,,,,1.4675817489624023,0.4615284502506256
639,24959,,,0.8573052883148193,0.4267866611480713,,
640,24998,,,,,1.4671902656555176,0.4619160592556
640,24998,,,0.8352868556976318,0.4944551885128021,,
641,25037,,,,,1.467897891998291,0.46202191710472107
641,25037,,,0.8467682003974915,0.4327145218849182,,
642,25076,,,,,1.4682310819625854,0.4622332453727722
642,25076,,,0.8330534100532532,0.4727761745452881,,
643,25115,,,,,1.4673510789871216,0.461713045835495
643,25115,,,0.8233228921890259,0.5240886807441711,,
644,25154,,,,,1.466817021369934,0.46270307898521423
644,25154,,,0.8452221751213074,0.4625024199485779,,
645,25193,,,,,1.4673949480056763,0.46215271949768066
645,25193,,,0.8345765471458435,0.47519445419311523,,
646,25232,,,,,1.4675116539001465,0.46219804883003235
646,25232,,,0.8468227982521057,0.4491586983203888,,
647,25271,,,,,1.467862844467163,0.4619690477848053
647,25271,,,0.8546819686889648,0.44996124505996704,,
648,25310,,,,,1.4688384532928467,0.4617353081703186
648,25310,,,0.8465858697891235,0.46082803606987,,
649,25349,,,,,1.4688074588775635,0.4615333676338196
649,25349,,,0.844418466091156,0.4707229435443878,,
650,25388,,,,,1.4682424068450928,0.46098592877388
650,25388,,,0.8595125079154968,0.4675672948360443,,
651,25427,,,,,1.4680507183074951,0.46125510334968567
651,25427,,,0.8500649929046631,0.46538904309272766,,
652,25466,,,,,1.4684909582138062,0.4607549011707306
652,25466,,,0.8216342329978943,0.46912604570388794,,
653,25505,,,,,1.4684693813323975,0.4610656797885895
653,25505,,,0.8044790625572205,0.48634690046310425,,
654,25544,,,,,1.4691540002822876,0.46094217896461487
654,25544,,,0.8716968894004822,0.4410943388938904,,
655,25583,,,,,1.4686832427978516,0.4605279266834259
655,25583,,,0.8394877910614014,0.45983847975730896,,
656,25622,,,,,1.4684336185455322,0.4605303704738617
656,25622,,,0.8490405678749084,0.4609629809856415,,
657,25661,,,,,1.468570590019226,0.4600082337856293
657,25661,,,0.8627857565879822,0.4460082948207855,,
658,25700,,,,,1.4687823057174683,0.4600549340248108
658,25700,,,0.849757969379425,0.49113738536834717,,
659,25739,,,,,1.4679251909255981,0.4598674178123474
659,25739,,,0.825506329536438,0.49100303649902344,,
660,25778,,,,,1.4674674272537231,0.46058425307273865
660,25778,,,0.8487550616264343,0.45171621441841125,,
661,25817,,,,,1.4674577713012695,0.4603304862976074
661,25817,,,0.8526285886764526,0.4805908203125,,
662,25856,,,,,1.467707872390747,0.4596770107746124
662,25856,,,0.855583667755127,0.40152159333229065,,
663,25895,,,,,1.4675178527832031,0.45990729331970215
663,25895,,,0.831614077091217,0.458890438079834,,
664,25934,,,,,1.4677530527114868,0.46040570735931396
664,25934,,,0.8599079847335815,0.45496582984924316,,
665,25973,,,,,1.4678913354873657,0.4600044786930084
665,25973,,,0.8373807072639465,0.48822158575057983,,
666,26012,,,,,1.468093991279602,0.45993462204933167
666,26012,,,0.847812831401825,0.45268136262893677,,
667,26051,,,,,1.4683923721313477,0.4586363732814789
667,26051,,,0.8416644334793091,0.452688992023468,,
668,26090,,,,,1.4679280519485474,0.45917823910713196
668,26090,,,0.8273240923881531,0.46165964007377625,,
669,26129,,,,,1.4673700332641602,0.4582675099372864
669,26129,,,0.8348636031150818,0.4802455008029938,,
670,26168,,,,,1.466637372970581,0.4589858055114746
670,26168,,,0.8506274223327637,0.47013023495674133,,
671,26207,,,,,1.4669157266616821,0.45826423168182373
671,26207,,,0.8448566794395447,0.45568543672561646,,
672,26246,,,,,1.466677188873291,0.45898497104644775
672,26246,,,0.843345046043396,0.4594293236732483,,
673,26285,,,,,1.4672799110412598,0.45941412448883057
673,26285,,,0.8455573916435242,0.46477827429771423,,
674,26324,,,,,1.467347502708435,0.4588308334350586
674,26324,,,0.8516955375671387,0.4888889193534851,,
675,26363,,,,,1.4670382738113403,0.4587406516075134
675,26363,,,0.8449771404266357,0.4769230782985687,,
676,26402,,,,,1.4676460027694702,0.4594559967517853
676,26402,,,0.8621116876602173,0.47016364336013794,,
677,26441,,,,,1.4668259620666504,0.4598355293273926
677,26441,,,0.8455722332000732,0.4947611391544342,,
678,26480,,,,,1.4674445390701294,0.4598810076713562
678,26480,,,0.8734121918678284,0.4127196669578552,,
679,26519,,,,,1.4672155380249023,0.46060580015182495
679,26519,,,0.8466987609863281,0.46365484595298767,,
680,26558,,,,,1.4661074876785278,0.4614924192428589
680,26558,,,0.8128184080123901,0.4749008119106293,,
681,26597,,,,,1.4665884971618652,0.4609009921550751
681,26597,,,0.8556127548217773,0.4351748526096344,,
682,26636,,,,,1.4666908979415894,0.4604376256465912
682,26636,,,0.8161649107933044,0.4924396574497223,,
683,26675,,,,,1.4667266607284546,0.46061602234840393
683,26675,,,0.8258147835731506,0.4893837869167328,,
684,26714,,,,,1.46719229221344,0.4614143967628479
684,26714,,,0.8664219975471497,0.4352673292160034,,
685,26753,,,,,1.4669969081878662,0.4617690443992615
685,26753,,,0.8476475477218628,0.515733003616333,,
686,26792,,,,,1.4665515422821045,0.46163180470466614
686,26792,,,0.8338422775268555,0.4829251766204834,,
687,26831,,,,,1.4658052921295166,0.46238720417022705
687,26831,,,0.8398696780204773,0.48950156569480896,,
688,26870,,,,,1.4667524099349976,0.4627124071121216
688,26870,,,0.8154677152633667,0.4715059697628021,,
689,26909,,,,,1.4661279916763306,0.46220695972442627
689,26909,,,0.8432754874229431,0.4793766736984253,,
690,26948,,,,,1.465722680091858,0.4630533754825592
690,26948,,,0.8329747319221497,0.4813796877861023,,
691,26987,,,,,1.4656926393508911,0.4631876051425934
691,26987,,,0.8315234780311584,0.4648383557796478,,
692,27026,,,,,1.4650394916534424,0.4642171263694763
692,27026,,,0.8456645011901855,0.4719407856464386,,
693,27065,,,,,1.4648983478546143,0.46390992403030396
693,27065,,,0.8365964889526367,0.46043112874031067,,
694,27104,,,,,1.4652948379516602,0.4648016095161438
694,27104,,,0.8604023456573486,0.45917487144470215,,
695,27143,,,,,1.4652583599090576,0.4642541706562042
695,27143,,,0.8198870420455933,0.4649770259857178,,
696,27182,,,,,1.4649057388305664,0.46426060795783997
696,27182,,,0.827768087387085,0.5044116973876953,,
697,27221,,,,,1.4650185108184814,0.4650701582431793
697,27221,,,0.8564139008522034,0.42080599069595337,,
698,27260,,,,,1.465560793876648,0.4648982286453247
698,27260,,,0.8570483326911926,0.4492652714252472,,
699,27299,,,,,1.4657354354858398,0.4646117687225342
699,27299,,,0.8497656583786011,0.4333437383174896,,
700,27338,,,,,1.4654150009155273,0.4646332859992981
700,27338,,,0.8310284614562988,0.4971421957015991,,
701,27377,,,,,1.4647002220153809,0.4648275375366211
701,27377,,,0.861859142780304,0.47059157490730286,,
702,27416,,,,,1.4653719663619995,0.4633403420448303
702,27416,,,0.8584192991256714,0.4222448170185089,,
703,27455,,,,,1.4654353857040405,0.46275439858436584
703,27455,,,0.8380032181739807,0.4691956341266632,,
704,27494,,,,,1.465235948562622,0.4623677730560303
704,27494,,,0.8319692611694336,0.5146741271018982,,
705,27533,,,,,1.4653507471084595,0.4628343880176544
705,27533,,,0.8312617540359497,0.5005208253860474,,
706,27572,,,,,1.4658619165420532,0.46298691630363464
706,27572,,,0.8443565368652344,0.47891440987586975,,
707,27611,,,,,1.4662702083587646,0.462863951921463
707,27611,,,0.8492193222045898,0.4394010901451111,,
708,27650,,,,,1.4665864706039429,0.463066041469574
708,27650,,,0.818091094493866,0.43473291397094727,,
709,27689,,,,,1.4660212993621826,0.4631892442703247
709,27689,,,0.85490483045578,0.46052613854408264,,
710,27728,,,,,1.4658259153366089,0.4629817306995392
710,27728,,,0.8250212073326111,0.5122279524803162,,
711,27767,,,,,1.465786337852478,0.4637795388698578
711,27767,,,0.873684823513031,0.419471800327301,,
712,27806,,,,,1.4660475254058838,0.464082807302475
712,27806,,,0.848430335521698,0.45892295241355896,,
713,27845,,,,,1.466118335723877,0.464046835899353
713,27845,,,0.8266331553459167,0.4685240089893341,,
714,27884,,,,,1.465698003768921,0.4639222323894501
714,27884,,,0.8630470037460327,0.484250009059906,,
715,27923,,,,,1.4657268524169922,0.46387574076652527
715,27923,,,0.874220609664917,0.46314820647239685,,
716,27962,,,,,1.4652506113052368,0.46353399753570557
716,27962,,,0.8169938325881958,0.4846780300140381,,
717,28001,,,,,1.4648593664169312,0.46442705392837524
717,28001,,,0.8214452862739563,0.5126056671142578,,
718,28040,,,,,1.464530348777771,0.4641472101211548
718,28040,,,0.8220965266227722,0.46951326727867126,,
719,28079,,,,,1.4638497829437256,0.46475622057914734
719,28079,,,0.8522683382034302,0.47780725359916687,,
720,28118,,,,,1.4632468223571777,0.46541574597358704
720,28118,,,0.834816575050354,0.46134260296821594,,
721,28157,,,,,1.4631321430206299,0.4652453064918518
721,28157,,,0.8240019679069519,0.48303428292274475,,
722,28196,,,,,1.4632076025009155,0.46469879150390625
722,28196,,,0.8303884863853455,0.4652993679046631,,
723,28235,,,,,1.4639892578125,0.46350428462028503
723,28235,,,0.8041217923164368,0.4919193983078003,,
724,28274,,,,,1.4640060663223267,0.46362119913101196
724,28274,,,0.8324011564254761,0.4965422749519348,,
725,28313,,,,,1.4645178318023682,0.4632037281990051
725,28313,,,0.8306760787963867,0.5216895341873169,,
726,28352,,,,,1.4638268947601318,0.4632159471511841
726,28352,,,0.8573344349861145,0.4486686587333679,,
727,28391,,,,,1.4647548198699951,0.4629962742328644
727,28391,,,0.8551721572875977,0.4694380760192871,,
728,28430,,,,,1.4637681245803833,0.4630447030067444
728,28430,,,0.8338342308998108,0.49013060331344604,,
729,28469,,,,,1.4638888835906982,0.46221205592155457
729,28469,,,0.8394683599472046,0.48358413577079773,,
730,28508,,,,,1.4632118940353394,0.4615124464035034
730,28508,,,0.8292647004127502,0.4882335662841797,,
731,28547,,,,,1.4633170366287231,0.4613000452518463
731,28547,,,0.8305137753486633,0.4682813882827759,,
732,28586,,,,,1.4636563062667847,0.4616301655769348
732,28586,,,0.8354690670967102,0.4853195250034332,,
733,28625,,,,,1.4642586708068848,0.4626910090446472
733,28625,,,0.854537844657898,0.4565798044204712,,
734,28664,,,,,1.4642614126205444,0.4623641073703766
734,28664,,,0.8483014106750488,0.47863638401031494,,
735,28703,,,,,1.4640189409255981,0.46292170882225037
735,28703,,,0.8365107774734497,0.5025761723518372,,
736,28742,,,,,1.4646531343460083,0.46308866143226624
736,28742,,,0.845166027545929,0.4947497546672821,,
737,28781,,,,,1.4645841121673584,0.4635118842124939
737,28781,,,0.8236570358276367,0.48442342877388,,
738,28820,,,,,1.4645533561706543,0.463878870010376
738,28820,,,0.8589538335800171,0.44902825355529785,,
739,28859,,,,,1.4643610715866089,0.46393072605133057
739,28859,,,0.8667869567871094,0.4343542456626892,,
740,28898,,,,,1.4648056030273438,0.463520348072052
740,28898,,,0.825313150882721,0.5124388337135315,,
741,28937,,,,,1.4651647806167603,0.4633346199989319
741,28937,,,0.8004499673843384,0.4861818552017212,,
742,28976,,,,,1.4644354581832886,0.4643876850605011
742,28976,,,0.8436146378517151,0.44131210446357727,,
743,29015,,,,,1.4636955261230469,0.4639156460762024
743,29015,,,0.8382234573364258,0.48466062545776367,,
744,29054,,,,,1.4632937908172607,0.4644021987915039
744,29054,,,0.8321296572685242,0.5013976693153381,,
745,29093,,,,,1.4636602401733398,0.46375882625579834
745,29093,,,0.83572918176651,0.46968337893486023,,
746,29132,,,,,1.4635204076766968,0.46290838718414307
746,29132,,,0.8421139717102051,0.4529007077217102,,
747,29171,,,,,1.4630112648010254,0.46317774057388306
747,29171,,,0.83990478515625,0.46294519305229187,,
748,29210,,,,,1.462754249572754,0.4629352390766144
748,29210,,,0.8406806588172913,0.4692394435405731,,
749,29249,,,,,1.462447166442871,0.46266651153564453
749,29249,,,0.8464077711105347,0.45766952633857727,,
750,29288,,,,,1.4627654552459717,0.46260952949523926
750,29288,,,0.8602902293205261,0.4235162138938904,,
751,29327,,,,,1.4635045528411865,0.46286290884017944
751,29327,,,0.8552989363670349,0.4729534089565277,,
752,29366,,,,,1.4635802507400513,0.46349531412124634
752,29366,,,0.847878098487854,0.48957863450050354,,
753,29405,,,,,1.4632388353347778,0.4626120328903198
753,29405,,,0.8327134847640991,0.501118004322052,,
754,29444,,,,,1.4629731178283691,0.4626810550689697
754,29444,,,0.8265742063522339,0.5135406851768494,,
755,29483,,,,,1.4634735584259033,0.4624919295310974
755,29483,,,0.8725993633270264,0.4349862039089203,,
756,29522,,,,,1.463991641998291,0.4622974097728729
756,29522,,,0.8248612880706787,0.5164915323257446,,
757,29561,,,,,1.4631075859069824,0.46252503991127014
757,29561,,,0.8337622284889221,0.49460718035697937,,
758,29600,,,,,1.4621374607086182,0.46274957060813904
758,29600,,,0.8428335189819336,0.48241838812828064,,
759,29639,,,,,1.4627107381820679,0.4627034664154053
759,29639,,,0.8464804291725159,0.4894789159297943,,
760,29678,,,,,1.462968111038208,0.46315717697143555
760,29678,,,0.8343016505241394,0.4755929708480835,,
761,29717,,,,,1.4633665084838867,0.4628946781158447
761,29717,,,0.8238330483436584,0.4884423613548279,,
762,29756,,,,,1.4623759984970093,0.46317726373672485
762,29756,,,0.8251739740371704,0.4819986820220947,,
763,29795,,,,,1.4620736837387085,0.4634917974472046
763,29795,,,0.8378393650054932,0.48759230971336365,,
764,29834,,,,,1.461668610572815,0.4640439748764038
764,29834,,,0.8333053588867188,0.47237783670425415,,
765,29873,,,,,1.4625064134597778,0.46299320459365845
765,29873,,,0.8434970378875732,0.5021940469741821,,
766,29912,,,,,1.4619568586349487,0.46268174052238464
766,29912,,,0.8482687473297119,0.49815085530281067,,
767,29951,,,,,1.4621142148971558,0.4625113904476166
767,29951,,,0.8394810557365417,0.46107298135757446,,
768,29990,,,,,1.4621608257293701,0.46326902508735657
768,29990,,,0.8381346464157104,0.46109145879745483,,
769,30029,,,,,1.4629175662994385,0.4621608257293701
769,30029,,,0.8535539507865906,0.41648802161216736,,
770,30068,,,,,1.4636695384979248,0.46197670698165894
770,30068,,,0.8673179745674133,0.46555230021476746,,
771,30107,,,,,1.463456392288208,0.4624216854572296
771,30107,,,0.8408006429672241,0.46135658025741577,,
772,30146,,,,,1.463318109512329,0.4623650908470154
772,30146,,,0.8337411880493164,0.47651436924934387,,
773,30185,,,,,1.4632142782211304,0.4629240334033966
773,30185,,,0.848272979259491,0.5008723735809326,,
774,30224,,,,,1.4633092880249023,0.46303847432136536
774,30224,,,0.8585894703865051,0.47090306878089905,,
775,30263,,,,,1.4631366729736328,0.46256691217422485
775,30263,,,0.8291826248168945,0.5094147324562073,,
776,30302,,,,,1.4624638557434082,0.4628261625766754
776,30302,,,0.8295245170593262,0.4859561324119568,,
777,30341,,,,,1.4631099700927734,0.46289584040641785
777,30341,,,0.8550338745117188,0.4823036789894104,,
778,30380,,,,,1.4628421068191528,0.46286386251449585
778,30380,,,0.833196222782135,0.48471152782440186,,
779,30419,,,,,1.4628432989120483,0.46306657791137695
779,30419,,,0.8414376974105835,0.44679170846939087,,
780,30458,,,,,1.4624249935150146,0.4634981155395508
780,30458,,,0.8538163304328918,0.46987757086753845,,
781,30497,,,,,1.4633852243423462,0.46429112553596497
781,30497,,,0.8467466831207275,0.47128766775131226,,
782,30536,,,,,1.4625331163406372,0.4646548926830292
782,30536,,,0.8570263385772705,0.4940926134586334,,
783,30575,,,,,1.4626044034957886,0.4637838304042816
783,30575,,,0.854732096195221,0.49256956577301025,,
784,30614,,,,,1.4629393815994263,0.463614821434021
784,30614,,,0.8411509394645691,0.47462645173072815,,
785,30653,,,,,1.4626190662384033,0.4634351134300232
785,30653,,,0.8517420887947083,0.4613102674484253,,
786,30692,,,,,1.4637290239334106,0.4639531373977661
786,30692,,,0.8507827520370483,0.4658809006214142,,
787,30731,,,,,1.4634321928024292,0.46369126439094543
787,30731,,,0.838640570640564,0.4942270815372467,,
788,30770,,,,,1.463282585144043,0.4639120399951935
788,30770,,,0.8284079432487488,0.48805633187294006,,
789,30809,,,,,1.4633753299713135,0.4640578627586365
789,30809,,,0.8390730619430542,0.455354243516922,,
790,30848,,,,,1.4634389877319336,0.4639294445514679
790,30848,,,0.8652653098106384,0.4715099334716797,,
791,30887,,,,,1.4634546041488647,0.46410423517227173
791,30887,,,0.8587104678153992,0.4473342001438141,,
792,30926,,,,,1.4633336067199707,0.4643104672431946
792,30926,,,0.849847137928009,0.477165549993515,,
793,30965,,,,,1.4629775285720825,0.46510812640190125
793,30965,,,0.8206015229225159,0.4997046887874603,,
794,31004,,,,,1.4632588624954224,0.464897096157074
794,31004,,,0.8438032865524292,0.4354134202003479,,
795,31043,,,,,1.4634627103805542,0.4643939733505249
795,31043,,,0.834466814994812,0.47959983348846436,,
796,31082,,,,,1.4640138149261475,0.4637376070022583
796,31082,,,0.8535864353179932,0.43929633498191833,,
797,31121,,,,,1.4638934135437012,0.46366503834724426
797,31121,,,0.8308606147766113,0.502585768699646,,
798,31160,,,,,1.4637035131454468,0.4641687273979187
798,31160,,,0.8389512896537781,0.4973163604736328,,
799,31199,,,,,1.4631810188293457,0.46512195467948914
799,31199,,,0.8497084379196167,0.4544461965560913,,
800,31238,,,,,1.4630355834960938,0.4655436873435974
800,31238,,,0.8285573124885559,0.5103917121887207,,
801,31277,,,,,1.4632742404937744,0.46526288986206055
801,31277,,,0.8360177278518677,0.505458414554596,,
802,31316,,,,,1.4621256589889526,0.46549534797668457
802,31316,,,0.8270005583763123,0.474701851606369,,
803,31355,,,,,1.4618757963180542,0.46615079045295715
803,31355,,,0.8487434387207031,0.4760279953479767,,
804,31394,,,,,1.4617104530334473,0.4667956531047821
804,31394,,,0.8378608822822571,0.45158734917640686,,
805,31433,,,,,1.4609980583190918,0.4672074019908905
805,31433,,,0.8536041378974915,0.4730668067932129,,
806,31472,,,,,1.4612101316452026,0.46654775738716125
806,31472,,,0.8323925733566284,0.49914976954460144,,
807,31511,,,,,1.4610419273376465,0.46697837114334106
807,31511,,,0.8380979895591736,0.5088107585906982,,
808,31550,,,,,1.4613659381866455,0.4675987660884857
808,31550,,,0.8606541752815247,0.4763925075531006,,
809,31589,,,,,1.4617128372192383,0.4674212634563446
809,31589,,,0.7989104390144348,0.480276882648468,,
810,31628,,,,,1.4619375467300415,0.46756651997566223
810,31628,,,0.7988002300262451,0.49691179394721985,,
811,31667,,,,,1.4622547626495361,0.4675597846508026
811,31667,,,0.8420348763465881,0.49100175499916077,,
812,31706,,,,,1.4619333744049072,0.46781235933303833
812,31706,,,0.8389127850532532,0.4304846227169037,,
813,31745,,,,,1.4612630605697632,0.4678730070590973
813,31745,,,0.8073495030403137,0.5210556983947754,,
814,31784,,,,,1.4616390466690063,0.4677085280418396
814,31784,,,0.8692947626113892,0.4371527135372162,,
815,31823,,,,,1.461118459701538,0.46724602580070496
815,31823,,,0.8625025749206543,0.4670548439025879,,
816,31862,,,,,1.4625266790390015,0.46717408299446106
816,31862,,,0.8170222043991089,0.498372346162796,,
817,31901,,,,,1.4621042013168335,0.4662851095199585
817,31901,,,0.8316310048103333,0.49652862548828125,,
818,31940,,,,,1.4617618322372437,0.46602100133895874
818,31940,,,0.8614251613616943,0.43882057070732117,,
819,31979,,,,,1.4631904363632202,0.46565866470336914
819,31979,,,0.8368951678276062,0.48764944076538086,,
820,32018,,,,,1.4624083042144775,0.4664205014705658
820,32018,,,0.8334521055221558,0.5073844194412231,,
821,32057,,,,,1.4611375331878662,0.4668990969657898
821,32057,,,0.8319172859191895,0.4636431038379669,,
822,32096,,,,,1.4617468118667603,0.4666162431240082
822,32096,,,0.8297019600868225,0.5014045238494873,,
823,32135,,,,,1.4622576236724854,0.46647533774375916
823,32135,,,0.8428155183792114,0.4650653004646301,,
824,32174,,,,,1.4624422788619995,0.4665628671646118
824,32174,,,0.8182031512260437,0.5448290705680847,,
825,32213,,,,,1.4613326787948608,0.4661521315574646
825,32213,,,0.826486349105835,0.5231856107711792,,
826,32252,,,,,1.4618040323257446,0.4659559726715088
826,32252,,,0.8363096714019775,0.4843795597553253,,
827,32291,,,,,1.461558222770691,0.4659278094768524
827,32291,,,0.8219763040542603,0.4928847551345825,,
828,32330,,,,,1.4620640277862549,0.46663957834243774
828,32330,,,0.8355354070663452,0.4920260012149811,,
829,32369,,,,,1.4612550735473633,0.466915100812912
829,32369,,,0.8486438393592834,0.49749764800071716,,
830,32408,,,,,1.4606547355651855,0.46759873628616333
830,32408,,,0.8415471315383911,0.4875577688217163,,
831,32447,,,,,1.4616401195526123,0.4669989049434662
831,32447,,,0.8344858884811401,0.4637397229671478,,
832,32486,,,,,1.4628746509552002,0.46604230999946594
832,32486,,,0.833609938621521,0.47658082842826843,,
833,32525,,,,,1.4633773565292358,0.4662841260433197
833,32525,,,0.8636544942855835,0.49533218145370483,,
834,32564,,,,,1.4624738693237305,0.4665592610836029
834,32564,,,0.8272671699523926,0.4669249951839447,,
835,32603,,,,,1.462133765220642,0.4668079912662506
835,32603,,,0.845188558101654,0.48800528049468994,,
836,32642,,,,,1.461657166481018,0.4676285982131958
836,32642,,,0.8609161376953125,0.45035749673843384,,
837,32681,,,,,1.46168053150177,0.4686511754989624
837,32681,,,0.8328291177749634,0.4789135158061981,,
838,32720,,,,,1.4610822200775146,0.46878573298454285
838,32720,,,0.8322390913963318,0.49035438895225525,,
839,32759,,,,,1.4615113735198975,0.46880462765693665
839,32759,,,0.8517343401908875,0.4583582878112793,,
840,32798,,,,,1.461625576019287,0.46899446845054626
840,32798,,,0.8540675640106201,0.4981008768081665,,
841,32837,,,,,1.4608526229858398,0.46981602907180786
841,32837,,,0.824029266834259,0.49930620193481445,,
842,32876,,,,,1.460602879524231,0.47032666206359863
842,32876,,,0.8192406892776489,0.4784298837184906,,
843,32915,,,,,1.4612103700637817,0.4706341326236725
843,32915,,,0.8343705534934998,0.475921094417572,,
844,32954,,,,,1.4615422487258911,0.47058531641960144
844,32954,,,0.8380255103111267,0.46174973249435425,,
845,32993,,,,,1.4607547521591187,0.47091853618621826
845,32993,,,0.8356817364692688,0.4785579741001129,,
846,33032,,,,,1.4604190587997437,0.47149214148521423
846,33032,,,0.8372408747673035,0.48888099193573,,
847,33071,,,,,1.4604817628860474,0.4712524712085724
847,33071,,,0.8335655331611633,0.48731186985969543,,
848,33110,,,,,1.460565447807312,0.47096550464630127
848,33110,,,0.8347721695899963,0.45316100120544434,,
849,33149,,,,,1.4604103565216064,0.4712546765804291
849,33149,,,0.8262153267860413,0.49022307991981506,,
850,33188,,,,,1.4606448411941528,0.4712520241737366
850,33188,,,0.8459138870239258,0.5127483010292053,,
851,33227,,,,,1.4616702795028687,0.4703490734100342
851,33227,,,0.8284193873405457,0.5143412351608276,,
852,33266,,,,,1.4608864784240723,0.47074735164642334
852,33266,,,0.8270676732063293,0.48340001702308655,,
853,33305,,,,,1.4607815742492676,0.4709998071193695
853,33305,,,0.8416914343833923,0.4856565296649933,,
854,33344,,,,,1.4600672721862793,0.4711906909942627
854,33344,,,0.8352281451225281,0.4990589916706085,,
855,33383,,,,,1.4598647356033325,0.47197744250297546
855,33383,,,0.8467708230018616,0.48086297512054443,,
856,33422,,,,,1.4601211547851562,0.4716803729534149
856,33422,,,0.8366159200668335,0.4915737211704254,,
857,33461,,,,,1.4606258869171143,0.4708772301673889
857,33461,,,0.8380187749862671,0.49000900983810425,,
858,33500,,,,,1.4610135555267334,0.47117879986763
858,33500,,,0.8570127487182617,0.43683257699012756,,
859,33539,,,,,1.4608876705169678,0.471159428358078
859,33539,,,0.8066069483757019,0.49183389544487,,
860,33578,,,,,1.4611071348190308,0.4716310501098633
860,33578,,,0.8264608383178711,0.4764346182346344,,
861,33617,,,,,1.4610234498977661,0.47138142585754395
861,33617,,,0.8474583625793457,0.5101823806762695,,
862,33656,,,,,1.4609379768371582,0.47092413902282715
862,33656,,,0.8386589288711548,0.48999732732772827,,
863,33695,,,,,1.4607229232788086,0.47082197666168213
863,33695,,,0.8260393142700195,0.48158615827560425,,
864,33734,,,,,1.4594298601150513,0.47172990441322327
864,33734,,,0.8054453134536743,0.4733668565750122,,
865,33773,,,,,1.459948182106018,0.4718515872955322
865,33773,,,0.8293073773384094,0.48297902941703796,,
866,33812,,,,,1.459532618522644,0.4717894494533539
866,33812,,,0.8083605766296387,0.5222293734550476,,
867,33851,,,,,1.4597886800765991,0.47091570496559143
867,33851,,,0.8361796736717224,0.5126234889030457,,
868,33890,,,,,1.4600802659988403,0.47113317251205444
868,33890,,,0.8271735906600952,0.5158458352088928,,
869,33929,,,,,1.4610035419464111,0.4703271687030792
869,33929,,,0.8295608162879944,0.4667433798313141,,
870,33968,,,,,1.4597172737121582,0.4705977439880371
870,33968,,,0.8580607771873474,0.47417929768562317,,
871,34007,,,,,1.4592585563659668,0.47070592641830444
871,34007,,,0.8345515131950378,0.5019123554229736,,
872,34046,,,,,1.460301399230957,0.47038692235946655
872,34046,,,0.8430964350700378,0.4646185338497162,,
873,34085,,,,,1.4601024389266968,0.47069400548934937
873,34085,,,0.8311567306518555,0.45682492852211,,
874,34124,,,,,1.460058331489563,0.4707147777080536
874,34124,,,0.8347599506378174,0.48313361406326294,,
875,34163,,,,,1.4605416059494019,0.47024005651474
875,34163,,,0.8280967473983765,0.5282766819000244,,
876,34202,,,,,1.4604202508926392,0.47080567479133606
876,34202,,,0.837488055229187,0.48446258902549744,,
877,34241,,,,,1.4595391750335693,0.4713277816772461
877,34241,,,0.8344154357910156,0.5012426972389221,,
878,34280,,,,,1.4595028162002563,0.47130995988845825
878,34280,,,0.8345256447792053,0.4613879323005676,,
879,34319,,,,,1.4601026773452759,0.470306396484375
879,34319,,,0.8306063413619995,0.4616735875606537,,
880,34358,,,,,1.4603787660598755,0.4696488380432129
880,34358,,,0.8162071704864502,0.4669530689716339,,
881,34397,,,,,1.459585428237915,0.470284640789032
881,34397,,,0.8462933301925659,0.48094743490219116,,
882,34436,,,,,1.4600350856781006,0.4703083336353302
882,34436,,,0.8437432646751404,0.47189363837242126,,
883,34475,,,,,1.459861159324646,0.47106677293777466
883,34475,,,0.820807933807373,0.4864591360092163,,
884,34514,,,,,1.4598091840744019,0.4706707298755646
884,34514,,,0.831624448299408,0.48147010803222656,,
885,34553,,,,,1.4600483179092407,0.4701709449291229
885,34553,,,0.841090202331543,0.48688408732414246,,
886,34592,,,,,1.4601123332977295,0.4700526297092438
886,34592,,,0.8380441665649414,0.4868157207965851,,
887,34631,,,,,1.4586455821990967,0.47006815671920776
887,34631,,,0.8281660676002502,0.4602418541908264,,
888,34670,,,,,1.459356665611267,0.46965211629867554
888,34670,,,0.8339532017707825,0.521642804145813,,
889,34709,,,,,1.4601330757141113,0.4696430563926697
889,34709,,,0.8477586507797241,0.47421422600746155,,
890,34748,,,,,1.459884762763977,0.46977466344833374
890,34748,,,0.8653160333633423,0.44220903515815735,,
891,34787,,,,,1.4602477550506592,0.46968933939933777
891,34787,,,0.8420767188072205,0.4209330677986145,,
892,34826,,,,,1.459931492805481,0.4699207544326782
892,34826,,,0.8269885182380676,0.47972074151039124,,
893,34865,,,,,1.4600125551223755,0.4700658619403839
893,34865,,,0.8488718867301941,0.46450453996658325,,
894,34904,,,,,1.4598358869552612,0.4700094163417816
894,34904,,,0.8209514021873474,0.5053812265396118,,
895,34943,,,,,1.4604676961898804,0.46960127353668213
895,34943,,,0.8553624153137207,0.4681192934513092,,
896,34982,,,,,1.4609999656677246,0.4693291485309601
896,34982,,,0.8434213399887085,0.5009568333625793,,
897,35021,,,,,1.4610971212387085,0.469097375869751
897,35021,,,0.8312239050865173,0.5118651390075684,,
898,35060,,,,,1.4602218866348267,0.4689214825630188
898,35060,,,0.8451740741729736,0.4406748116016388,,
899,35099,,,,,1.4597891569137573,0.46871885657310486
899,35099,,,0.8551002144813538,0.444406658411026,,
900,35138,,,,,1.459264874458313,0.4691588282585144
900,35138,,,0.8591644167900085,0.474748820066452,,
901,35177,,,,,1.4593148231506348,0.46915125846862793
901,35177,,,0.8373162746429443,0.5085440874099731,,
902,35216,,,,,1.4588847160339355,0.46950602531433105
902,35216,,,0.8384941220283508,0.44975510239601135,,
903,35255,,,,,1.4594043493270874,0.469448447227478
903,35255,,,0.834856390953064,0.47745949029922485,,
904,35294,,,,,1.4606739282608032,0.4696207642555237
904,35294,,,0.863887369632721,0.4820079803466797,,
905,35333,,,,,1.4601188898086548,0.4700760543346405
905,35333,,,0.8567852973937988,0.4356628954410553,,
906,35372,,,,,1.4609296321868896,0.4704442024230957
906,35372,,,0.8590165376663208,0.4881094992160797,,
907,35411,,,,,1.4604896306991577,0.47044017910957336
907,35411,,,0.8330718874931335,0.4893447756767273,,
908,35450,,,,,1.4611015319824219,0.46949172019958496
908,35450,,,0.818252444267273,0.5146856307983398,,
909,35489,,,,,1.459747552871704,0.46993058919906616
909,35489,,,0.7941862344741821,0.512263298034668,,
910,35528,,,,,1.4605097770690918,0.4694683253765106
910,35528,,,0.856883704662323,0.47142019867897034,,
911,35567,,,,,1.461115837097168,0.4698091745376587
911,35567,,,0.8087223768234253,0.48063865303993225,,
912,35606,,,,,1.4605106115341187,0.47073987126350403
912,35606,,,0.847999095916748,0.4884379506111145,,
913,35645,,,,,1.4606478214263916,0.4708288311958313
913,35645,,,0.8598490953445435,0.4202117323875427,,
914,35684,,,,,1.4616411924362183,0.47072115540504456
914,35684,,,0.8537225127220154,0.49647659063339233,,
915,35723,,,,,1.4606059789657593,0.47142401337623596
915,35723,,,0.8328567743301392,0.49363601207733154,,
916,35762,,,,,1.4604171514511108,0.47118112444877625
916,35762,,,0.8347572088241577,0.49080437421798706,,
917,35801,,,,,1.4601815938949585,0.4710308909416199
917,35801,,,0.830664336681366,0.512589156627655,,
918,35840,,,,,1.4594241380691528,0.4709855616092682
918,35840,,,0.8454530239105225,0.47937414050102234,,
919,35879,,,,,1.4596524238586426,0.4713880121707916
919,35879,,,0.8478419184684753,0.48222213983535767,,
920,35918,,,,,1.4601330757141113,0.47115060687065125
920,35918,,,0.8277836441993713,0.5161373019218445,,
921,35957,,,,,1.4617894887924194,0.47084325551986694
921,35957,,,0.8535082936286926,0.4887825846672058,,
922,35996,,,,,1.4614490270614624,0.4708247184753418
922,35996,,,0.8409159779548645,0.49019697308540344,,
923,36035,,,,,1.460493564605713,0.47134143114089966
923,36035,,,0.8636457920074463,0.4714992642402649,,
924,36074,,,,,1.4607014656066895,0.4714938700199127
924,36074,,,0.827693521976471,0.4785996079444885,,
925,36113,,,,,1.460197925567627,0.4718250334262848
925,36113,,,0.8496813774108887,0.5043745040893555,,
926,36152,,,,,1.4597768783569336,0.4721122682094574
926,36152,,,0.8487440347671509,0.45011642575263977,,
927,36191,,,,,1.4599803686141968,0.4725092053413391
927,36191,,,0.8296473622322083,0.49766167998313904,,
928,36230,,,,,1.4605662822723389,0.47234341502189636
928,36230,,,0.8498721718788147,0.4865120053291321,,
929,36269,,,,,1.4600639343261719,0.47224339842796326
929,36269,,,0.8279954195022583,0.4735502600669861,,
930,36308,,,,,1.4599722623825073,0.47223156690597534
930,36308,,,0.8072097897529602,0.5217631459236145,,
931,36347,,,,,1.4600542783737183,0.4725450873374939
931,36347,,,0.839323878288269,0.48347410559654236,,
932,36386,,,,,1.460447072982788,0.4721750319004059
932,36386,,,0.8506267070770264,0.5006974339485168,,
933,36425,,,,,1.4593223333358765,0.4733317792415619
933,36425,,,0.8329896330833435,0.524197518825531,,
934,36464,,,,,1.4593521356582642,0.4732057750225067
934,36464,,,0.8564703464508057,0.4481276571750641,,
935,36503,,,,,1.4591670036315918,0.47336941957473755
935,36503,,,0.832578718662262,0.47201475501060486,,
936,36542,,,,,1.4589236974716187,0.4734483063220978
936,36542,,,0.8170275092124939,0.5101414918899536,,
937,36581,,,,,1.4582042694091797,0.4735735356807709
937,36581,,,0.8225966095924377,0.4593353271484375,,
938,36620,,,,,1.4574518203735352,0.47436830401420593
938,36620,,,0.8589312434196472,0.47680753469467163,,
939,36659,,,,,1.4573068618774414,0.47462496161460876
939,36659,,,0.8443896770477295,0.4786965250968933,,
940,36698,,,,,1.4575573205947876,0.47428128123283386
940,36698,,,0.8422189354896545,0.4862743318080902,,
941,36737,,,,,1.4583724737167358,0.4738566279411316
941,36737,,,0.8381596803665161,0.49180009961128235,,
942,36776,,,,,1.4593572616577148,0.4732188582420349
942,36776,,,0.8468589782714844,0.5010742545127869,,
943,36815,,,,,1.4594718217849731,0.473999947309494
943,36815,,,0.8523187637329102,0.5057264566421509,,
944,36854,,,,,1.4594238996505737,0.4743897318840027
944,36854,,,0.8454209566116333,0.446186363697052,,
945,36893,,,,,1.4593080282211304,0.4754596948623657
945,36893,,,0.8676378130912781,0.47950318455696106,,
946,36932,,,,,1.458686113357544,0.4759114980697632
946,36932,,,0.845350980758667,0.5023117065429688,,
947,36971,,,,,1.458431601524353,0.4758104979991913
947,36971,,,0.8308517336845398,0.4776937663555145,,
948,37010,,,,,1.4590078592300415,0.47622743248939514
948,37010,,,0.8312597274780273,0.49217352271080017,,
949,37049,,,,,1.4592580795288086,0.47635987401008606
949,37049,,,0.8537957668304443,0.41602271795272827,,
950,37088,,,,,1.4593086242675781,0.47663000226020813
950,37088,,,0.8289381265640259,0.5149551630020142,,
951,37127,,,,,1.4589406251907349,0.47653695940971375
951,37127,,,0.820679783821106,0.51560378074646,,
952,37166,,,,,1.4593493938446045,0.47679445147514343
952,37166,,,0.8244720697402954,0.4934176802635193,,
953,37205,,,,,1.4589552879333496,0.4768069386482239
953,37205,,,0.8088362216949463,0.5478941798210144,,
954,37244,,,,,1.4595599174499512,0.47680041193962097
954,37244,,,0.8495779633522034,0.5113597512245178,,
955,37283,,,,,1.459502100944519,0.4766300320625305
955,37283,,,0.8569765090942383,0.4428200423717499,,
956,37322,,,,,1.4585354328155518,0.4775181710720062
956,37322,,,0.8485787510871887,0.4764884114265442,,
957,37361,,,,,1.4588370323181152,0.4775541126728058
957,37361,,,0.8168691992759705,0.5382904410362244,,
958,37400,,,,,1.4579589366912842,0.47816789150238037
958,37400,,,0.8396831154823303,0.46898818016052246,,
959,37439,,,,,1.458730936050415,0.47802478075027466
959,37439,,,0.8208571076393127,0.4420880079269409,,
960,37478,,,,,1.459101915359497,0.4777545928955078
960,37478,,,0.8196401596069336,0.4925762712955475,,
961,37517,,,,,1.4588290452957153,0.4779539108276367
961,37517,,,0.844923734664917,0.5238624215126038,,
962,37556,,,,,1.459121584892273,0.4778515696525574
962,37556,,,0.8516773581504822,0.452239990234375,,
963,37595,,,,,1.459464430809021,0.47820037603378296
963,37595,,,0.8249017000198364,0.504102349281311,,
964,37634,,,,,1.458469033241272,0.4789416790008545
964,37634,,,0.8446928262710571,0.4738774001598358,,
965,37673,,,,,1.4589118957519531,0.47881999611854553
965,37673,,,0.8275668621063232,0.49518272280693054,,
966,37712,,,,,1.4583386182785034,0.47820591926574707
966,37712,,,0.8359251618385315,0.45389917492866516,,
967,37751,,,,,1.4584068059921265,0.47827017307281494
967,37751,,,0.8294640779495239,0.47222235798835754,,
968,37790,,,,,1.4582033157348633,0.47808876633644104
968,37790,,,0.8771613836288452,0.46123749017715454,,
969,37829,,,,,1.4581117630004883,0.4783230423927307
969,37829,,,0.8068912029266357,0.53110271692276,,
970,37868,,,,,1.4587323665618896,0.4781891107559204
970,37868,,,0.8382381796836853,0.5111117362976074,,
971,37907,,,,,1.4596014022827148,0.47831404209136963
971,37907,,,0.8550631999969482,0.4623386263847351,,
972,37946,,,,,1.459920048713684,0.47803041338920593
972,37946,,,0.83284991979599,0.5053439736366272,,
973,37985,,,,,1.4593080282211304,0.47750982642173767
973,37985,,,0.8076910972595215,0.5019906759262085,,
974,38024,,,,,1.4592355489730835,0.4777773916721344
974,38024,,,0.859013557434082,0.45706772804260254,,
975,38063,,,,,1.4596033096313477,0.47788676619529724
975,38063,,,0.8120076060295105,0.5204969048500061,,
976,38102,,,,,1.4593369960784912,0.4774725139141083
976,38102,,,0.8431656956672668,0.4958265721797943,,
977,38141,,,,,1.4585771560668945,0.4768525958061218
977,38141,,,0.8218622207641602,0.4884903132915497,,
978,38180,,,,,1.4593392610549927,0.47679513692855835
978,38180,,,0.8425068855285645,0.516391932964325,,
979,38219,,,,,1.4588457345962524,0.4764353632926941
979,38219,,,0.821620523929596,0.517540454864502,,
980,38258,,,,,1.4579527378082275,0.4768712520599365
980,38258,,,0.8434668183326721,0.49114418029785156,,
981,38297,,,,,1.4577220678329468,0.47766366600990295
981,38297,,,0.8483648896217346,0.4541674256324768,,
982,38336,,,,,1.4586737155914307,0.4774165153503418
982,38336,,,0.8301487565040588,0.4781888425350189,,
983,38375,,,,,1.4598431587219238,0.4771495461463928
983,38375,,,0.809067964553833,0.5158308148384094,,
984,38414,,,,,1.4592406749725342,0.47742700576782227
984,38414,,,0.8229301571846008,0.5092284083366394,,
985,38453,,,,,1.4584482908248901,0.4777376055717468
985,38453,,,0.8586603999137878,0.474254310131073,,
986,38492,,,,,1.458082675933838,0.47813084721565247
986,38492,,,0.8321593999862671,0.5177074074745178,,
987,38531,,,,,1.45871901512146,0.4776672124862671
987,38531,,,0.812902569770813,0.4927869439125061,,
988,38570,,,,,1.4588322639465332,0.4775768518447876
988,38570,,,0.8319399952888489,0.4754432141780853,,
989,38609,,,,,1.4579517841339111,0.47765615582466125
989,38609,,,0.8456878662109375,0.46456918120384216,,
990,38648,,,,,1.4582908153533936,0.4775967001914978
990,38648,,,0.8505160808563232,0.4569946229457855,,
991,38687,,,,,1.4577479362487793,0.47747817635536194
991,38687,,,0.8125216960906982,0.47965508699417114,,
992,38726,,,,,1.4574108123779297,0.4776153862476349
992,38726,,,0.8234503269195557,0.5143527388572693,,
993,38765,,,,,1.457529067993164,0.47710752487182617
993,38765,,,0.8148248195648193,0.5191345810890198,,
994,38804,,,,,1.4581176042556763,0.4770941436290741
994,38804,,,0.8336479067802429,0.4986174702644348,,
995,38843,,,,,1.4593689441680908,0.47623905539512634
995,38843,,,0.8382688760757446,0.45870789885520935,,
996,38882,,,,,1.4581794738769531,0.47643691301345825
996,38882,,,0.8156142830848694,0.5256947875022888,,
997,38921,,,,,1.4584591388702393,0.4759994447231293
997,38921,,,0.8533207774162292,0.4837515950202942,,
998,38960,,,,,1.4587479829788208,0.47610682249069214
998,38960,,,0.8202041983604431,0.5002895593643188,,
999,38999,,,,,1.4590106010437012,0.4754326343536377
999,38999,,,0.8138197660446167,0.5002374649047852,,
1000,39038,,,,,1.459374189376831,0.4755668342113495
1000,39038,,,0.8334705829620361,0.4786660969257355,,
1001,39077,,,,,1.4583510160446167,0.4762777090072632
1001,39077,,,0.8457539081573486,0.42402908205986023,,
1002,39116,,,,,1.4586479663848877,0.4762795865535736
1002,39116,,,0.8459962010383606,0.4453214406967163,,
1003,39155,,,,,1.4584423303604126,0.47661203145980835
1003,39155,,,0.8320431113243103,0.4859013557434082,,
1004,39194,,,,,1.4584099054336548,0.47672614455223083
1004,39194,,,0.8083180785179138,0.5130949020385742,,
1005,39233,,,,,1.4583816528320312,0.47671616077423096
1005,39233,,,0.8447346091270447,0.49365851283073425,,
1006,39272,,,,,1.4589060544967651,0.47681769728660583
1006,39272,,,0.8236516118049622,0.5189080238342285,,
1007,39311,,,,,1.4595640897750854,0.4771134853363037
1007,39311,,,0.8471356630325317,0.48451659083366394,,
1008,39350,,,,,1.459048867225647,0.47757235169410706
1008,39350,,,0.8476242423057556,0.4904114305973053,,
1009,39389,,,,,1.4578334093093872,0.4780017137527466
1009,39389,,,0.8001337647438049,0.45454704761505127,,
1010,39428,,,,,1.4583491086959839,0.47783610224723816
1010,39428,,,0.8340478539466858,0.4625283181667328,,
1011,39467,,,,,1.4580374956130981,0.4777798652648926
1011,39467,,,0.8267921209335327,0.4522416591644287,,
1012,39506,,,,,1.4574238061904907,0.4782295823097229
1012,39506,,,0.8504594564437866,0.4874125123023987,,
1013,39545,,,,,1.4569212198257446,0.4786277115345001
1013,39545,,,0.8528919816017151,0.4719611406326294,,
1014,39584,,,,,1.4569133520126343,0.47783854603767395
1014,39584,,,0.827585756778717,0.47163987159729004,,
1015,39623,,,,,1.4573838710784912,0.4777446985244751
1015,39623,,,0.8563743829727173,0.4899173676967621,,
1016,39662,,,,,1.458647608757019,0.4775959551334381
1016,39662,,,0.8654740452766418,0.48883581161499023,,
1017,39701,,,,,1.4589779376983643,0.47770240902900696
1017,39701,,,0.8441833257675171,0.49499639868736267,,
1018,39740,,,,,1.458556056022644,0.4779781401157379
1018,39740,,,0.8221737742424011,0.46763649582862854,,
1019,39779,,,,,1.4584842920303345,0.47805142402648926
1019,39779,,,0.8258790969848633,0.5077173113822937,,
1020,39818,,,,,1.4581800699234009,0.4785935580730438
1020,39818,,,0.8190594911575317,0.5149475932121277,,
1021,39857,,,,,1.457491397857666,0.47898122668266296
1021,39857,,,0.8233942985534668,0.47885915637016296,,
1022,39896,,,,,1.4568586349487305,0.4793386161327362
1022,39896,,,0.8371560573577881,0.4642511010169983,,
1023,39935,,,,,1.458052635192871,0.4792014956474304
1023,39935,,,0.8401161432266235,0.44970184564590454,,
1024,39974,,,,,1.4574843645095825,0.47892317175865173
1024,39974,,,0.8412204384803772,0.5062438249588013,,
1025,40013,,,,,1.4575717449188232,0.4786398410797119
1025,40013,,,0.8654006719589233,0.46158120036125183,,
1026,40052,,,,,1.4582834243774414,0.47822368144989014
1026,40052,,,0.8048239350318909,0.5162079334259033,,
1027,40091,,,,,1.4581307172775269,0.47835099697113037
1027,40091,,,0.870137631893158,0.4795674681663513,,
1028,40130,,,,,1.4586474895477295,0.47817233204841614
1028,40130,,,0.8342148065567017,0.4823935031890869,,
1029,40169,,,,,1.4588778018951416,0.4780571162700653
1029,40169,,,0.8247445225715637,0.4846729338169098,,
1030,40208,,,,,1.4590721130371094,0.47822052240371704
1030,40208,,,0.837116539478302,0.4814360737800598,,
1031,40247,,,,,1.4579980373382568,0.47881579399108887
1031,40247,,,0.8300172686576843,0.4810348451137543,,
1032,40286,,,,,1.457482933998108,0.47868847846984863
1032,40286,,,0.8424593806266785,0.5010570883750916,,
1033,40325,,,,,1.4574534893035889,0.47922343015670776
1033,40325,,,0.8172492384910583,0.47163283824920654,,
1034,40364,,,,,1.4574795961380005,0.47947049140930176
1034,40364,,,0.8173955082893372,0.4654226005077362,,
1035,40403,,,,,1.4564738273620605,0.47930264472961426
1035,40403,,,0.8276654481887817,0.504020631313324,,
1036,40442,,,,,1.4570225477218628,0.47904080152511597
1036,40442,,,0.8509066700935364,0.509369969367981,,
1037,40481,,,,,1.4569035768508911,0.47868385910987854
1037,40481,,,0.8238725662231445,0.4749225080013275,,
1038,40520,,,,,1.4568266868591309,0.4785152077674866
1038,40520,,,0.8259066939353943,0.5085610151290894,,
1039,40559,,,,,1.456365942955017,0.47849252820014954
1039,40559,,,0.8366638422012329,0.4666701555252075,,
1040,40598,,,,,1.4572968482971191,0.4785236716270447
1040,40598,,,0.809882402420044,0.5096917748451233,,
1041,40637,,,,,1.4573839902877808,0.4784078896045685
1041,40637,,,0.8375152349472046,0.5094423294067383,,
1042,40676,,,,,1.4570025205612183,0.47781768441200256
1042,40676,,,0.8143629431724548,0.49306169152259827,,
1043,40715,,,,,1.4576222896575928,0.4771980345249176
1043,40715,,,0.8217306137084961,0.45527955889701843,,
1044,40754,,,,,1.4584858417510986,0.47735825181007385
1044,40754,,,0.8569883704185486,0.48750802874565125,,
1045,40793,,,,,1.4577561616897583,0.47741031646728516
1045,40793,,,0.8294709324836731,0.48055633902549744,,
1046,40832,,,,,1.4564892053604126,0.478017121553421
1046,40832,,,0.8159878849983215,0.456911563873291,,
1047,40871,,,,,1.4563802480697632,0.47785860300064087
1047,40871,,,0.8329594135284424,0.487251341342926,,
1048,40910,,,,,1.4564650058746338,0.47792744636535645
1048,40910,,,0.8135499954223633,0.5041982531547546,,
1049,40949,,,,,1.4567784070968628,0.47813233733177185
1049,40949,,,0.8279208540916443,0.5200705528259277,,
1050,40988,,,,,1.4574073553085327,0.47777190804481506
1050,40988,,,0.8239450454711914,0.5032162070274353,,
1051,41027,,,,,1.4572529792785645,0.47793489694595337
1051,41027,,,0.8270365595817566,0.4188515245914459,,
1052,41066,,,,,1.45720374584198,0.4778287708759308
1052,41066,,,0.8349526524543762,0.47636064887046814,,
1053,41105,,,,,1.4568742513656616,0.4779142439365387
1053,41105,,,0.80638188123703,0.5487778782844543,,
1054,41144,,,,,1.457156777381897,0.4773578643798828
1054,41144,,,0.8535110354423523,0.45632943511009216,,
1055,41183,,,,,1.4572350978851318,0.4777245819568634
1055,41183,,,0.856521725654602,0.46935781836509705,,
1056,41222,,,,,1.4572672843933105,0.47757962346076965
1056,41222,,,0.8287318348884583,0.494242399930954,,
1057,41261,,,,,1.45647394657135,0.4772634506225586
1057,41261,,,0.8369854688644409,0.4954162538051605,,
1058,41300,,,,,1.4571486711502075,0.4781358540058136
1058,41300,,,0.8189592957496643,0.5102737545967102,,
1059,41339,,,,,1.4572068452835083,0.47858160734176636
1059,41339,,,0.8363784551620483,0.5043466091156006,,
1060,41378,,,,,1.4572159051895142,0.47884300351142883
1060,41378,,,0.8271573185920715,0.5177267789840698,,
1061,41417,,,,,1.4571274518966675,0.4788316488265991
1061,41417,,,0.8244474530220032,0.5457825064659119,,
1062,41456,,,,,1.4568512439727783,0.47909659147262573
1062,41456,,,0.8325247168540955,0.4780067503452301,,
1063,41495,,,,,1.4576514959335327,0.4784005284309387
1063,41495,,,0.8524972200393677,0.5124279856681824,,
1064,41534,,,,,1.4566730260849,0.4785909950733185
1064,41534,,,0.8257526755332947,0.46835029125213623,,
1065,41573,,,,,1.4568740129470825,0.47832775115966797
1065,41573,,,0.8215277194976807,0.4883849322795868,,
1066,41612,,,,,1.4577059745788574,0.4771256148815155
1066,41612,,,0.8104979395866394,0.5308628678321838,,
1067,41651,,,,,1.4573252201080322,0.477848619222641
1067,41651,,,0.8383474349975586,0.4659021198749542,,
1068,41690,,,,,1.4571305513381958,0.4780804216861725
1068,41690,,,0.819911003112793,0.48735299706459045,,
1069,41729,,,,,1.4575321674346924,0.4777454733848572
1069,41729,,,0.8400968909263611,0.49794936180114746,,
1070,41768,,,,,1.4590266942977905,0.47673946619033813
1070,41768,,,0.8058789372444153,0.5446179509162903,,
1071,41807,,,,,1.4590163230895996,0.4766886532306671
1071,41807,,,0.7964440584182739,0.5298379063606262,,
1072,41846,,,,,1.4588332176208496,0.47685903310775757
1072,41846,,,0.8439916968345642,0.47151291370391846,,
1073,41885,,,,,1.459654688835144,0.47642847895622253
1073,41885,,,0.8198019862174988,0.4998242259025574,,
1074,41924,,,,,1.458221435546875,0.47754809260368347
1074,41924,,,0.8200594782829285,0.4885491132736206,,
1075,41963,,,,,1.4577462673187256,0.47764235734939575
1075,41963,,,0.8445805311203003,0.4909157454967499,,
1076,42002,,,,,1.4576187133789062,0.4774330258369446
1076,42002,,,0.8063879609107971,0.5202323794364929,,
1077,42041,,,,,1.457283616065979,0.47684139013290405
1077,42041,,,0.8254612684249878,0.4918912351131439,,
1078,42080,,,,,1.4574356079101562,0.4766486585140228
1078,42080,,,0.8464727401733398,0.4837552607059479,,
1079,42119,,,,,1.4578709602355957,0.4772038161754608
1079,42119,,,0.8419665098190308,0.47615912556648254,,
1080,42158,,,,,1.457706332206726,0.4770459830760956
1080,42158,,,0.8309907913208008,0.45867109298706055,,
1081,42197,,,,,1.4579941034317017,0.47666263580322266
1081,42197,,,0.8415167331695557,0.48372820019721985,,
1082,42236,,,,,1.4579321146011353,0.47666409611701965
1082,42236,,,0.8612949848175049,0.4471038281917572,,
1083,42275,,,,,1.4578050374984741,0.4768378436565399
1083,42275,,,0.8254199624061584,0.515493631362915,,
1084,42314,,,,,1.4586777687072754,0.4770428240299225
1084,42314,,,0.8350480794906616,0.47523772716522217,,
1085,42353,,,,,1.4587217569351196,0.4769987463951111
1085,42353,,,0.8385882377624512,0.4833036959171295,,
1086,42392,,,,,1.4586622714996338,0.4771839678287506
1086,42392,,,0.8122571110725403,0.48167863488197327,,
1087,42431,,,,,1.4585005044937134,0.4763043224811554
1087,42431,,,0.8355501890182495,0.5206751823425293,,
1088,42470,,,,,1.4578481912612915,0.47672441601753235
1088,42470,,,0.8221442103385925,0.49938714504241943,,
1089,42509,,,,,1.4578981399536133,0.47678765654563904
1089,42509,,,0.8328120112419128,0.474571168422699,,
1090,42548,,,,,1.4572019577026367,0.47748440504074097
1090,42548,,,0.8702867031097412,0.43176406621932983,,
1091,42587,,,,,1.4572577476501465,0.4778115451335907
1091,42587,,,0.8370575308799744,0.5201712250709534,,
1092,42626,,,,,1.4579358100891113,0.4769155979156494
1092,42626,,,0.8204492926597595,0.4688953459262848,,
1093,42665,,,,,1.4581454992294312,0.47710201144218445
1093,42665,,,0.8488893508911133,0.46764886379241943,,
1094,42704,,,,,1.4586714506149292,0.4773225486278534
1094,42704,,,0.8233574032783508,0.5212470889091492,,
1095,42743,,,,,1.4594672918319702,0.4769481420516968
1095,42743,,,0.8467040657997131,0.493274450302124,,
1096,42782,,,,,1.4581681489944458,0.4767053425312042
1096,42782,,,0.8527936935424805,0.49625253677368164,,
1097,42821,,,,,1.4586563110351562,0.4761140048503876
1097,42821,,,0.808556079864502,0.492230623960495,,
1098,42860,,,,,1.4586927890777588,0.47579771280288696
1098,42860,,,0.8369580507278442,0.5028076171875,,
1099,42899,,,,,1.457823395729065,0.4768451154232025
1099,42899,,,0.8440843224525452,0.4826452434062958,,
1100,42938,,,,,1.4585617780685425,0.47642239928245544
1100,42938,,,0.8437353372573853,0.4963149130344391,,
1101,42977,,,,,1.4583041667938232,0.47654926776885986
1101,42977,,,0.8273767232894897,0.47181618213653564,,
1102,43016,,,,,1.4583289623260498,0.4763714373111725
1102,43016,,,0.7971281409263611,0.5028616189956665,,
1103,43055,,,,,1.4598339796066284,0.47586455941200256
1103,43055,,,0.861133873462677,0.4899511933326721,,
1104,43094,,,,,1.4589686393737793,0.476458877325058
1104,43094,,,0.8371797204017639,0.4809304177761078,,
1105,43133,,,,,1.4597349166870117,0.4762355089187622
1105,43133,,,0.854286789894104,0.5071682333946228,,
1106,43172,,,,,1.4596785306930542,0.47594088315963745
1106,43172,,,0.8344833254814148,0.47222357988357544,,
1107,43211,,,,,1.4589409828186035,0.4765801429748535
1107,43211,,,0.8365247845649719,0.5362604260444641,,
1108,43250,,,,,1.458139181137085,0.47690728306770325
1108,43250,,,0.8266189694404602,0.4945164620876312,,
1109,43289,,,,,1.4577343463897705,0.4763861894607544
1109,43289,,,0.8250889182090759,0.5042945742607117,,
1110,43328,,,,,1.4575533866882324,0.47596338391304016
1110,43328,,,0.8265662789344788,0.5028539896011353,,
1111,43367,,,,,1.4573816061019897,0.4759088158607483
1111,43367,,,0.8333149552345276,0.5054672360420227,,
1112,43406,,,,,1.4575318098068237,0.4757827818393707
1112,43406,,,0.8448454141616821,0.4752728343009949,,
1113,43445,,,,,1.457961916923523,0.4756205379962921
1113,43445,,,0.8428460955619812,0.46731802821159363,,
1114,43484,,,,,1.4578371047973633,0.4756312668323517
1114,43484,,,0.8428983688354492,0.49098020792007446,,
1115,43523,,,,,1.4576629400253296,0.4761260151863098
1115,43523,,,0.8485732674598694,0.49171027541160583,,
1116,43562,,,,,1.4581944942474365,0.476194828748703
1116,43562,,,0.8235902786254883,0.48897337913513184,,
1117,43601,,,,,1.4595924615859985,0.47548413276672363
1117,43601,,,0.8387171626091003,0.4847911298274994,,
1118,43640,,,,,1.4587085247039795,0.4760146737098694
1118,43640,,,0.8591333031654358,0.46858444809913635,,
1119,43679,,,,,1.45868980884552,0.4764207601547241
1119,43679,,,0.8347237706184387,0.49069350957870483,,
1120,43718,,,,,1.4588940143585205,0.4766920506954193
1120,43718,,,0.8241317868232727,0.4958946406841278,,
1121,43757,,,,,1.4591721296310425,0.47645145654678345
1121,43757,,,0.8241568207740784,0.53873610496521,,
1122,43796,,,,,1.4597703218460083,0.4768601357936859
1122,43796,,,0.8604660034179688,0.5004379153251648,,
1123,43835,,,,,1.4591999053955078,0.47697243094444275
1123,43835,,,0.8293259739875793,0.48343703150749207,,
1124,43874,,,,,1.4583935737609863,0.4769127070903778
1124,43874,,,0.830543041229248,0.49344000220298767,,
1125,43913,,,,,1.4584355354309082,0.47665706276893616
1125,43913,,,0.8420294523239136,0.4771534502506256,,
1126,43952,,,,,1.4575321674346924,0.47683531045913696
1126,43952,,,0.8223618865013123,0.4974622428417206,,
1127,43991,,,,,1.45762038230896,0.4765883684158325
1127,43991,,,0.847603440284729,0.48458245396614075,,
1128,44030,,,,,1.457033395767212,0.47762835025787354
1128,44030,,,0.8357469439506531,0.47518402338027954,,
1129,44069,,,,,1.4568841457366943,0.47735100984573364
1129,44069,,,0.7967773079872131,0.5101916193962097,,
1130,44108,,,,,1.4574742317199707,0.47705572843551636
1130,44108,,,0.8423869609832764,0.48386457562446594,,
1131,44147,,,,,1.4571878910064697,0.476248562335968
1131,44147,,,0.8367704749107361,0.4916139245033264,,
1132,44186,,,,,1.4584920406341553,0.47589221596717834
1132,44186,,,0.8323295712471008,0.5001128911972046,,
1133,44225,,,,,1.4584099054336548,0.4759053885936737
1133,44225,,,0.8373796343803406,0.4960905611515045,,
1134,44264,,,,,1.4588658809661865,0.47589585185050964
1134,44264,,,0.8354032635688782,0.4917459189891815,,
1135,44303,,,,,1.4574962854385376,0.47656622529029846
1135,44303,,,0.8359971642494202,0.46475714445114136,,
1136,44342,,,,,1.4572832584381104,0.4777112901210785
1136,44342,,,0.8421617150306702,0.4941907525062561,,
1137,44381,,,,,1.4578447341918945,0.4776175618171692
1137,44381,,,0.825886070728302,0.5216279029846191,,
1138,44420,,,,,1.457896113395691,0.4780900776386261
1138,44420,,,0.8356072902679443,0.4860359728336334,,
1139,44459,,,,,1.4573814868927002,0.4791750907897949
1139,44459,,,0.8650590181350708,0.45305028557777405,,
1140,44460,1.6161328554153442,0.3275645077228546,,,,
