epoch,step,test_loss,test_pcc,train_loss_epoch,train_pcc_epoch,val_loss,val_pcc
0,40,,,,,1.6405506134033203,0.0786953866481781
0,40,,,1.1148980855941772,0.078237384557724,,
1,81,,,,,1.6367628574371338,0.02289600856602192
1,81,,,1.151089072227478,0.02365688793361187,,
2,122,,,,,1.6348493099212646,0.005930555518716574
2,122,,,1.100152850151062,0.01309885922819376,,
3,163,,,,,1.6396254301071167,-0.0072059109807014465
3,163,,,1.070146918296814,0.03967156633734703,,
4,204,,,,,1.6342350244522095,-0.017217032611370087
4,204,,,1.1394999027252197,0.09117496758699417,,
5,245,,,,,1.6313869953155518,-0.01941824145615101
5,245,,,1.1090977191925049,0.09703049063682556,,
6,286,,,,,1.6328785419464111,-0.026331711560487747
6,286,,,1.0810421705245972,0.08525841683149338,,
7,327,,,,,1.6346442699432373,-0.043060366064310074
7,327,,,1.1052968502044678,0.07833696156740189,,
8,368,,,,,1.6324772834777832,-0.05163910239934921
8,368,,,1.0673376321792603,0.13600113987922668,,
9,409,,,,,1.6330749988555908,-0.0582759864628315
9,409,,,1.068981409072876,0.10857059061527252,,
10,450,,,,,1.633865237236023,-0.06638402491807938
10,450,,,1.0794705152511597,0.15373753011226654,,
11,491,,,,,1.6328617334365845,-0.06376584619283676
11,491,,,1.0476864576339722,0.1732196807861328,,
12,532,,,,,1.6304306983947754,-0.06612402945756912
12,532,,,1.0710285902023315,0.22140200436115265,,
13,573,,,,,1.629608392715454,-0.06299632042646408
13,573,,,1.0975403785705566,0.19077952206134796,,
14,614,,,,,1.6296972036361694,-0.05860479176044464
14,614,,,1.0467256307601929,0.19236965477466583,,
15,655,,,,,1.628921389579773,-0.05097608268260956
15,655,,,1.070489764213562,0.2010304480791092,,
16,696,,,,,1.6281628608703613,-0.048730578273534775
16,696,,,1.0507258176803589,0.2691502869129181,,
17,737,,,,,1.6255143880844116,-0.04853790998458862
17,737,,,1.057830572128296,0.26676997542381287,,
18,778,,,,,1.6256128549575806,-0.050518207252025604
18,778,,,1.0888915061950684,0.1900215893983841,,
19,819,,,,,1.6260221004486084,-0.04987046495079994
19,819,,,1.019588589668274,0.23864133656024933,,
20,860,,,,,1.6236993074417114,-0.05450114235281944
20,860,,,1.0810960531234741,0.2748900055885315,,
21,901,,,,,1.6267070770263672,-0.06291143596172333
21,901,,,1.0294750928878784,0.2789187431335449,,
22,942,,,,,1.623997449874878,-0.0645776018500328
22,942,,,1.0425578355789185,0.21916832029819489,,
23,983,,,,,1.6228458881378174,-0.06602998077869415
23,983,,,1.052790880203247,0.3064571022987366,,
24,1024,,,,,1.6226553916931152,-0.06698542833328247
24,1024,,,1.0704320669174194,0.29884207248687744,,
25,1065,,,,,1.6209341287612915,-0.06520339846611023
25,1065,,,1.037095546722412,0.2668355703353882,,
26,1106,,,,,1.6229450702667236,-0.06531411409378052
26,1106,,,0.9654157757759094,0.2913419306278229,,
27,1147,,,,,1.6196019649505615,-0.06384039670228958
27,1147,,,1.0467075109481812,0.3315887153148651,,
28,1188,,,,,1.61934494972229,-0.06511911749839783
28,1188,,,1.022046685218811,0.3371874988079071,,
29,1229,,,,,1.620011329650879,-0.06271073967218399
29,1229,,,1.0349408388137817,0.33500733971595764,,
30,1270,,,,,1.6175755262374878,-0.06434819847345352
30,1270,,,1.0344880819320679,0.35027843713760376,,
31,1311,,,,,1.6185734272003174,-0.06443529576063156
31,1311,,,0.9877896308898926,0.3052937686443329,,
32,1352,,,,,1.6168289184570312,-0.06424625962972641
32,1352,,,1.0051409006118774,0.3467300236225128,,
33,1393,,,,,1.6141952276229858,-0.05881388112902641
33,1393,,,1.0400201082229614,0.3867906928062439,,
34,1434,,,,,1.6126405000686646,-0.05913888290524483
34,1434,,,1.0027225017547607,0.3573005199432373,,
35,1475,,,,,1.611309289932251,-0.055689677596092224
35,1475,,,1.0065635442733765,0.35036760568618774,,
36,1516,,,,,1.61097252368927,-0.05099187046289444
36,1516,,,1.008047103881836,0.39039346575737,,
37,1557,,,,,1.6098085641860962,-0.04887908697128296
37,1557,,,1.01209557056427,0.36362871527671814,,
38,1598,,,,,1.608808994293213,-0.048391614109277725
38,1598,,,1.0237069129943848,0.3878193795681,,
39,1639,,,,,1.6116148233413696,-0.05083773657679558
39,1639,,,0.9961464405059814,0.33897489309310913,,
40,1680,,,,,1.6095515489578247,-0.05349360778927803
40,1680,,,1.0335837602615356,0.4102012813091278,,
41,1721,,,,,1.60979163646698,-0.05521093308925629
41,1721,,,1.0095791816711426,0.3760196268558502,,
42,1762,,,,,1.6117608547210693,-0.053937122225761414
42,1762,,,0.9657590985298157,0.37596362829208374,,
43,1803,,,,,1.609066367149353,-0.052881959825754166
43,1803,,,1.0166659355163574,0.378982275724411,,
44,1844,,,,,1.6088619232177734,-0.05086090415716171
44,1844,,,0.9802888035774231,0.3976094722747803,,
45,1885,,,,,1.6073815822601318,-0.048922523856163025
45,1885,,,1.0070750713348389,0.3999593257904053,,
46,1926,,,,,1.6071233749389648,-0.046545471996068954
46,1926,,,0.9835821986198425,0.37941503524780273,,
47,1967,,,,,1.6063563823699951,-0.04572022706270218
47,1967,,,0.9740593433380127,0.40747037529945374,,
48,2008,,,,,1.6067463159561157,-0.04560326039791107
48,2008,,,1.0155019760131836,0.39456743001937866,,
49,2049,,,,,1.6064285039901733,-0.046754319220781326
49,2049,,,0.9927418231964111,0.41319555044174194,,
50,2090,,,,,1.6058229207992554,-0.048601746559143066
50,2090,,,1.014771580696106,0.44455480575561523,,
51,2131,,,,,1.6064889430999756,-0.04717124626040459
51,2131,,,0.9804914593696594,0.4191416800022125,,
52,2172,,,,,1.6060837507247925,-0.044994182884693146
52,2172,,,0.9995080232620239,0.4063478708267212,,
53,2213,,,,,1.6049399375915527,-0.04263200983405113
53,2213,,,0.9851608276367188,0.4205935299396515,,
54,2254,,,,,1.6050113439559937,-0.04478806257247925
54,2254,,,1.0164598226547241,0.4463806748390198,,
55,2295,,,,,1.6042860746383667,-0.04473359137773514
55,2295,,,1.0033202171325684,0.41185569763183594,,
56,2336,,,,,1.6034878492355347,-0.044385407119989395
56,2336,,,0.9980692267417908,0.3897598683834076,,
57,2377,,,,,1.6027525663375854,-0.04520883783698082
57,2377,,,0.9680907130241394,0.4212406873703003,,
58,2418,,,,,1.6037291288375854,-0.046889398247003555
58,2418,,,0.995560348033905,0.39858683943748474,,
59,2459,,,,,1.6045585870742798,-0.048196692019701004
59,2459,,,0.9800456762313843,0.3972901701927185,,
60,2500,,,,,1.604000210762024,-0.048931919038295746
60,2500,,,1.0295910835266113,0.4095028340816498,,
61,2541,,,,,1.6057451963424683,-0.04923483356833458
61,2541,,,0.9895312786102295,0.37757906317710876,,
62,2582,,,,,1.6050337553024292,-0.051624786108732224
62,2582,,,0.9433215856552124,0.425730437040329,,
63,2623,,,,,1.6045138835906982,-0.051123518496751785
63,2623,,,1.0054997205734253,0.4475134015083313,,
64,2664,,,,,1.604372262954712,-0.05034467950463295
64,2664,,,0.9501584768295288,0.44168686866760254,,
65,2705,,,,,1.6036312580108643,-0.05139655992388725
65,2705,,,0.9637353420257568,0.44167858362197876,,
66,2746,,,,,1.6037781238555908,-0.05117945745587349
66,2746,,,0.9908681511878967,0.42409226298332214,,
67,2787,,,,,1.6029235124588013,-0.05129826441407204
67,2787,,,0.9854879379272461,0.45539790391921997,,
68,2828,,,,,1.6028012037277222,-0.050290148705244064
68,2828,,,0.9672250747680664,0.45683810114860535,,
69,2869,,,,,1.6045045852661133,-0.04976791515946388
69,2869,,,0.967585027217865,0.43028709292411804,,
70,2910,,,,,1.602532148361206,-0.05111337825655937
70,2910,,,0.981147050857544,0.4553755223751068,,
71,2951,,,,,1.6031970977783203,-0.052291370928287506
71,2951,,,0.9622223973274231,0.48875361680984497,,
72,2992,,,,,1.603508472442627,-0.05203070119023323
72,2992,,,0.9295443892478943,0.44658082723617554,,
73,3033,,,,,1.6052433252334595,-0.05389788746833801
73,3033,,,0.9796332120895386,0.41808244585990906,,
74,3074,,,,,1.6044429540634155,-0.05452059581875801
74,3074,,,0.9316695332527161,0.48174142837524414,,
75,3115,,,,,1.6018649339675903,-0.05203421041369438
75,3115,,,0.9463268518447876,0.46359723806381226,,
76,3156,,,,,1.6009163856506348,-0.05156908929347992
76,3156,,,0.9804879426956177,0.426403284072876,,
77,3197,,,,,1.6013362407684326,-0.04831912741065025
77,3197,,,0.9412077069282532,0.4290612041950226,,
78,3238,,,,,1.6000542640686035,-0.04890264943242073
78,3238,,,0.9587372541427612,0.4789113402366638,,
79,3279,,,,,1.6002262830734253,-0.047546207904815674
79,3279,,,0.9819355607032776,0.45529118180274963,,
80,3320,,,,,1.6017802953720093,-0.04652029648423195
80,3320,,,0.9503502249717712,0.4334806203842163,,
81,3361,,,,,1.6002352237701416,-0.0475151389837265
81,3361,,,0.9456404447555542,0.4581085741519928,,
82,3402,,,,,1.600914478302002,-0.04894137755036354
82,3402,,,0.963639497756958,0.45036324858665466,,
83,3443,,,,,1.6000795364379883,-0.048792604357004166
83,3443,,,0.9689873456954956,0.45937904715538025,,
84,3484,,,,,1.5990816354751587,-0.050641462206840515
84,3484,,,0.9733684062957764,0.4359816908836365,,
85,3525,,,,,1.5989930629730225,-0.048784129321575165
85,3525,,,0.93063884973526,0.44398564100265503,,
86,3566,,,,,1.5979375839233398,-0.04738837480545044
86,3566,,,0.9915297627449036,0.4424595832824707,,
87,3607,,,,,1.5973743200302124,-0.04775118827819824
87,3607,,,0.9645413756370544,0.46965259313583374,,
88,3648,,,,,1.5973857641220093,-0.048036739230155945
88,3648,,,0.9457918405532837,0.4852721095085144,,
89,3689,,,,,1.5973563194274902,-0.0478987880051136
89,3689,,,0.9664428234100342,0.4613445997238159,,
90,3730,,,,,1.597277283668518,-0.04793979227542877
90,3730,,,0.9811649918556213,0.4693552851676941,,
91,3771,,,,,1.5975422859191895,-0.045680832117795944
91,3771,,,0.9392396211624146,0.4729672372341156,,
92,3812,,,,,1.597485899925232,-0.046521298587322235
92,3812,,,0.9317046403884888,0.4669671058654785,,
93,3853,,,,,1.5969282388687134,-0.04756932333111763
93,3853,,,0.9660312533378601,0.46005257964134216,,
94,3894,,,,,1.5965455770492554,-0.0473351776599884
94,3894,,,0.9805642366409302,0.43096742033958435,,
95,3935,,,,,1.5948494672775269,-0.04588707163929939
95,3935,,,0.9595239162445068,0.4984027147293091,,
96,3976,,,,,1.5954688787460327,-0.04566289484500885
96,3976,,,0.9392207264900208,0.4916278123855591,,
97,4017,,,,,1.5949795246124268,-0.04512607306241989
97,4017,,,0.9221925735473633,0.47820597887039185,,
98,4058,,,,,1.5946884155273438,-0.04288480803370476
98,4058,,,0.9440549612045288,0.452985018491745,,
99,4099,,,,,1.594672679901123,-0.0462905615568161
99,4099,,,0.962332546710968,0.4576672911643982,,
100,4140,,,,,1.5946143865585327,-0.04676656424999237
100,4140,,,0.9412192106246948,0.49368876218795776,,
101,4181,,,,,1.5938607454299927,-0.045906610786914825
101,4181,,,0.9182458519935608,0.46700119972229004,,
102,4222,,,,,1.5931793451309204,-0.04325399920344353
102,4222,,,0.935306191444397,0.4819994568824768,,
103,4263,,,,,1.5928659439086914,-0.04285427927970886
103,4263,,,0.98096764087677,0.4307074546813965,,
104,4304,,,,,1.5923782587051392,-0.0413973405957222
104,4304,,,0.9389607310295105,0.49792951345443726,,
105,4345,,,,,1.591340184211731,-0.0365850105881691
105,4345,,,0.9670850038528442,0.4862363040447235,,
106,4386,,,,,1.5913195610046387,-0.036060214042663574
106,4386,,,0.9650014638900757,0.47119367122650146,,
107,4427,,,,,1.5910032987594604,-0.03612164407968521
107,4427,,,0.9472876787185669,0.4673902988433838,,
108,4468,,,,,1.5911648273468018,-0.03776949271559715
108,4468,,,0.9505842924118042,0.5039031505584717,,
109,4509,,,,,1.590685486793518,-0.03755051642656326
109,4509,,,0.9152833223342896,0.48856785893440247,,
110,4550,,,,,1.5913963317871094,-0.040754642337560654
110,4550,,,0.9434818029403687,0.5131346583366394,,
111,4591,,,,,1.5915435552597046,-0.04233461618423462
111,4591,,,0.9039133787155151,0.48584598302841187,,
112,4632,,,,,1.5921040773391724,-0.04200234264135361
112,4632,,,0.9122154712677002,0.4975743591785431,,
113,4673,,,,,1.5921136140823364,-0.046377994120121
113,4673,,,0.9160699844360352,0.44720304012298584,,
114,4714,,,,,1.5922030210494995,-0.04739346355199814
114,4714,,,0.9356372952461243,0.4581029415130615,,
115,4755,,,,,1.5916578769683838,-0.046663086861371994
115,4755,,,0.9316462874412537,0.47642549872398376,,
116,4796,,,,,1.591509461402893,-0.04611552506685257
116,4796,,,0.9521228671073914,0.48036083579063416,,
117,4837,,,,,1.5916340351104736,-0.04689788445830345
117,4837,,,0.9302306771278381,0.5110870599746704,,
118,4878,,,,,1.5910731554031372,-0.04703345522284508
118,4878,,,0.8931400775909424,0.48909810185432434,,
119,4919,,,,,1.5909359455108643,-0.04647773876786232
119,4919,,,0.9372046589851379,0.48835819959640503,,
120,4960,,,,,1.5906906127929688,-0.04521796852350235
120,4960,,,0.914148211479187,0.514215886592865,,
121,5001,,,,,1.5900551080703735,-0.04463871195912361
121,5001,,,0.9369027018547058,0.48956578969955444,,
122,5042,,,,,1.589597225189209,-0.043467774987220764
122,5042,,,0.9453519582748413,0.4878098666667938,,
123,5083,,,,,1.589658260345459,-0.04298139736056328
123,5083,,,0.9099823832511902,0.4832465946674347,,
124,5124,,,,,1.589674711227417,-0.04405367746949196
124,5124,,,0.9263235926628113,0.49351072311401367,,
125,5165,,,,,1.5895352363586426,-0.043835319578647614
125,5165,,,0.92139732837677,0.5034047365188599,,
126,5206,,,,,1.5890337228775024,-0.041982028633356094
126,5206,,,0.942939043045044,0.4875795245170593,,
127,5247,,,,,1.5887794494628906,-0.04231715947389603
127,5247,,,0.9186826348304749,0.49140259623527527,,
128,5288,,,,,1.588700771331787,-0.04349430650472641
128,5288,,,0.9483836889266968,0.4808708727359772,,
129,5329,,,,,1.589186429977417,-0.04579373449087143
129,5329,,,0.9157031774520874,0.5006831884384155,,
130,5370,,,,,1.5890295505523682,-0.04608887806534767
130,5370,,,0.9034984707832336,0.539792537689209,,
131,5411,,,,,1.588897466659546,-0.04500475525856018
131,5411,,,0.9398357272148132,0.47793644666671753,,
132,5452,,,,,1.5888127088546753,-0.046471014618873596
132,5452,,,0.8985061645507812,0.48941096663475037,,
133,5493,,,,,1.5879719257354736,-0.04395059496164322
133,5493,,,0.9393726587295532,0.5059319734573364,,
134,5534,,,,,1.5880978107452393,-0.04564514383673668
134,5534,,,0.9047415852546692,0.49978432059288025,,
135,5575,,,,,1.587883472442627,-0.045591939240694046
135,5575,,,0.9237801432609558,0.5256277918815613,,
136,5616,,,,,1.5877898931503296,-0.04573512449860573
136,5616,,,0.9172972440719604,0.5076329112052917,,
137,5657,,,,,1.5874900817871094,-0.0457613505423069
137,5657,,,0.9078372120857239,0.47830459475517273,,
138,5698,,,,,1.5870343446731567,-0.04459223523736
138,5698,,,0.9464114904403687,0.5158452391624451,,
139,5739,,,,,1.586235523223877,-0.04307634010910988
139,5739,,,0.9334730505943298,0.4924926161766052,,
140,5780,,,,,1.5859620571136475,-0.04283837229013443
140,5780,,,0.9288972020149231,0.49517515301704407,,
141,5821,,,,,1.5859439373016357,-0.04319438710808754
141,5821,,,0.9153302907943726,0.5184333324432373,,
142,5862,,,,,1.5858831405639648,-0.04290812090039253
142,5862,,,0.8929416537284851,0.5182219743728638,,
143,5903,,,,,1.5861324071884155,-0.045350704342126846
143,5903,,,0.9106821417808533,0.4921903908252716,,
144,5944,,,,,1.5857994556427002,-0.04444527626037598
144,5944,,,0.9046496152877808,0.4822896122932434,,
145,5985,,,,,1.585659384727478,-0.04404955357313156
145,5985,,,0.9455926418304443,0.47122135758399963,,
146,6026,,,,,1.5852608680725098,-0.042988553643226624
146,6026,,,0.9229016900062561,0.4812471270561218,,
147,6067,,,,,1.5858641862869263,-0.04699930176138878
147,6067,,,0.9671066999435425,0.48307690024375916,,
148,6108,,,,,1.5861139297485352,-0.04838384687900543
148,6108,,,0.8749975562095642,0.5063109397888184,,
149,6149,,,,,1.5865851640701294,-0.04995444044470787
149,6149,,,0.890056312084198,0.5385541915893555,,
150,6190,,,,,1.585927128791809,-0.04845002666115761
150,6190,,,0.9461451172828674,0.49284836649894714,,
151,6231,,,,,1.5858734846115112,-0.04884101822972298
151,6231,,,0.9384806752204895,0.47285234928131104,,
152,6272,,,,,1.5863808393478394,-0.05167626962065697
152,6272,,,0.944278359413147,0.47778651118278503,,
153,6313,,,,,1.5862023830413818,-0.05084766447544098
153,6313,,,0.8922933340072632,0.5074187517166138,,
154,6354,,,,,1.585370421409607,-0.0494803711771965
154,6354,,,0.9268519878387451,0.4855605363845825,,
155,6395,,,,,1.5850979089736938,-0.04883981868624687
155,6395,,,0.9075010418891907,0.5136427879333496,,
156,6436,,,,,1.584172248840332,-0.04701189696788788
156,6436,,,0.8897330164909363,0.5407688617706299,,
157,6477,,,,,1.583810567855835,-0.04613408073782921
157,6477,,,0.8733815550804138,0.5218431353569031,,
158,6518,,,,,1.5842472314834595,-0.04796174541115761
158,6518,,,0.907393217086792,0.5245493650436401,,
159,6559,,,,,1.5851314067840576,-0.05127203091979027
159,6559,,,0.9306106567382812,0.48314061760902405,,
160,6600,,,,,1.5849347114562988,-0.052066363394260406
160,6600,,,0.9099477529525757,0.5062715411186218,,
161,6641,,,,,1.5839709043502808,-0.049669381231069565
161,6641,,,0.9178330898284912,0.4914730489253998,,
162,6682,,,,,1.5833665132522583,-0.047926925122737885
162,6682,,,0.9094389081001282,0.48361703753471375,,
163,6723,,,,,1.5826598405838013,-0.04557419195771217
163,6723,,,0.9139026403427124,0.48896849155426025,,
164,6764,,,,,1.5820112228393555,-0.04397072270512581
164,6764,,,0.8915842771530151,0.478031724691391,,
165,6805,,,,,1.5821043252944946,-0.04591842368245125
165,6805,,,0.9309471845626831,0.5168735384941101,,
166,6846,,,,,1.5826361179351807,-0.04815893620252609
166,6846,,,0.9123443961143494,0.5064049959182739,,
167,6887,,,,,1.5825375318527222,-0.04742077365517616
167,6887,,,0.914347767829895,0.4933178722858429,,
168,6928,,,,,1.581904649734497,-0.04540435969829559
168,6928,,,0.8759095668792725,0.546911895275116,,
169,6969,,,,,1.5821954011917114,-0.04657963290810585
169,6969,,,0.9216578602790833,0.4961912930011749,,
170,7010,,,,,1.5825846195220947,-0.04759670048952103
170,7010,,,0.9174502491950989,0.4906942844390869,,
171,7051,,,,,1.5821021795272827,-0.04758962616324425
171,7051,,,0.9445745944976807,0.4977811574935913,,
172,7092,,,,,1.582416296005249,-0.04938596859574318
172,7092,,,0.9054091572761536,0.4974822402000427,,
173,7133,,,,,1.5826340913772583,-0.050221364945173264
173,7133,,,0.92914879322052,0.507256269454956,,
174,7174,,,,,1.5820026397705078,-0.048514045774936676
174,7174,,,0.8990823030471802,0.5304135680198669,,
175,7215,,,,,1.5818829536437988,-0.047690849751234055
175,7215,,,0.8971601128578186,0.5142138004302979,,
176,7256,,,,,1.5816067457199097,-0.0470387302339077
176,7256,,,0.884941816329956,0.5078754425048828,,
177,7297,,,,,1.5816080570220947,-0.047096773982048035
177,7297,,,0.9311095476150513,0.5162498950958252,,
178,7338,,,,,1.5819627046585083,-0.0493427999317646
178,7338,,,0.9344916939735413,0.5067620873451233,,
179,7379,,,,,1.5814927816390991,-0.04816214740276337
179,7379,,,0.9226314425468445,0.5149056315422058,,
180,7420,,,,,1.5813586711883545,-0.0481664314866066
180,7420,,,0.8935173749923706,0.4894173741340637,,
181,7461,,,,,1.5812081098556519,-0.04723037779331207
181,7461,,,0.8983943462371826,0.5156090259552002,,
182,7502,,,,,1.581476092338562,-0.048862725496292114
182,7502,,,0.8808245062828064,0.4900151193141937,,
183,7543,,,,,1.5815397500991821,-0.04980238527059555
183,7543,,,0.8964472413063049,0.5038624405860901,,
184,7584,,,,,1.580689549446106,-0.047564227133989334
184,7584,,,0.9017849564552307,0.5243358612060547,,
185,7625,,,,,1.5803351402282715,-0.048110175877809525
185,7625,,,0.9276586174964905,0.5154120326042175,,
186,7666,,,,,1.5806448459625244,-0.04884643852710724
186,7666,,,0.9489027857780457,0.5186552405357361,,
187,7707,,,,,1.5805079936981201,-0.04844247177243233
187,7707,,,0.9181440472602844,0.5153468251228333,,
188,7748,,,,,1.5801522731781006,-0.04787509888410568
188,7748,,,0.9407699108123779,0.49260586500167847,,
189,7789,,,,,1.580517053604126,-0.049481090158224106
189,7789,,,0.8778700232505798,0.551293134689331,,
190,7830,,,,,1.5798022747039795,-0.04791078716516495
190,7830,,,0.9738978743553162,0.48280152678489685,,
191,7871,,,,,1.579586148262024,-0.0475759357213974
191,7871,,,0.8871175050735474,0.5229097604751587,,
192,7912,,,,,1.5798791646957397,-0.04920674115419388
192,7912,,,0.9343301653862,0.48948046565055847,,
193,7953,,,,,1.580323338508606,-0.05135718360543251
193,7953,,,0.9170461297035217,0.5071642994880676,,
194,7994,,,,,1.5802183151245117,-0.05064595118165016
194,7994,,,0.9249431490898132,0.5062352418899536,,
195,8035,,,,,1.5801907777786255,-0.05084285885095596
195,8035,,,0.8727816343307495,0.5313767194747925,,
196,8076,,,,,1.5811036825180054,-0.05357370525598526
196,8076,,,0.8995243906974792,0.5216824412345886,,
197,8117,,,,,1.5804685354232788,-0.05174913629889488
197,8117,,,0.9364697337150574,0.5195291638374329,,
198,8158,,,,,1.5805062055587769,-0.052980586886405945
198,8158,,,0.9073566198348999,0.5494725108146667,,
199,8199,,,,,1.5791946649551392,-0.04879920184612274
199,8199,,,0.9243069291114807,0.49710139632225037,,
200,8240,,,,,1.5786933898925781,-0.04672976955771446
200,8240,,,0.9254730939865112,0.5375550985336304,,
201,8281,,,,,1.5785613059997559,-0.04675153270363808
201,8281,,,0.886759877204895,0.49157169461250305,,
202,8322,,,,,1.5790034532546997,-0.04806064814329147
202,8322,,,0.9303242564201355,0.4885088801383972,,
203,8363,,,,,1.5789523124694824,-0.047791630029678345
203,8363,,,0.8807077407836914,0.49434512853622437,,
204,8404,,,,,1.5788021087646484,-0.04733515903353691
204,8404,,,0.9103216528892517,0.46737992763519287,,
205,8445,,,,,1.5783201456069946,-0.04498843103647232
205,8445,,,0.9121039509773254,0.521973192691803,,
206,8486,,,,,1.5791130065917969,-0.04738819599151611
206,8486,,,0.8873168230056763,0.5035380125045776,,
207,8527,,,,,1.5794737339019775,-0.048534516245126724
207,8527,,,0.87027508020401,0.5838778018951416,,
208,8568,,,,,1.5784364938735962,-0.04576664790511131
208,8568,,,0.8776021003723145,0.5189464092254639,,
209,8609,,,,,1.5777192115783691,-0.04423638433218002
209,8609,,,0.8843919038772583,0.5064710378646851,,
210,8650,,,,,1.577351450920105,-0.04364793747663498
210,8650,,,0.9403502941131592,0.5030766725540161,,
211,8691,,,,,1.5778660774230957,-0.04516858980059624
211,8691,,,0.90854811668396,0.47790712118148804,,
212,8732,,,,,1.5778416395187378,-0.045303188264369965
212,8732,,,0.9157161116600037,0.5313539505004883,,
213,8773,,,,,1.5777411460876465,-0.04609084874391556
213,8773,,,0.9306823015213013,0.489158570766449,,
214,8814,,,,,1.5780261754989624,-0.0464639775454998
214,8814,,,0.9016711711883545,0.5413224101066589,,
215,8855,,,,,1.5770187377929688,-0.04434826970100403
215,8855,,,0.8957614302635193,0.5362058281898499,,
216,8896,,,,,1.5771124362945557,-0.04521361365914345
216,8896,,,0.9106212854385376,0.5232959985733032,,
217,8937,,,,,1.577540636062622,-0.04631352052092552
217,8937,,,0.8964367508888245,0.5255498886108398,,
218,8978,,,,,1.5771324634552002,-0.044653404504060745
218,8978,,,0.9119012355804443,0.5124708414077759,,
219,9019,,,,,1.5771769285202026,-0.04520157724618912
219,9019,,,0.9193993806838989,0.5127203464508057,,
220,9060,,,,,1.5769542455673218,-0.04493924602866173
220,9060,,,0.9017806649208069,0.5356147289276123,,
221,9101,,,,,1.5769978761672974,-0.045245569199323654
221,9101,,,0.8822442293167114,0.5375365614891052,,
222,9142,,,,,1.5769470930099487,-0.04582139104604721
222,9142,,,0.912237286567688,0.5318232178688049,,
223,9183,,,,,1.5765162706375122,-0.0447198748588562
223,9183,,,0.9251732230186462,0.5279839038848877,,
224,9224,,,,,1.5761868953704834,-0.04416323080658913
224,9224,,,0.908179759979248,0.5314659476280212,,
225,9265,,,,,1.5762046575546265,-0.0442935973405838
225,9265,,,0.915320873260498,0.5178583860397339,,
226,9306,,,,,1.5767407417297363,-0.04551602154970169
226,9306,,,0.9102221131324768,0.5604435205459595,,
227,9347,,,,,1.5761066675186157,-0.043600112199783325
227,9347,,,0.8821515440940857,0.5493510365486145,,
228,9388,,,,,1.5754653215408325,-0.04147261381149292
228,9388,,,0.9023364782333374,0.5316038131713867,,
229,9429,,,,,1.5762935876846313,-0.04473356902599335
229,9429,,,0.87941974401474,0.5339244604110718,,
230,9470,,,,,1.5769983530044556,-0.046705909073352814
230,9470,,,0.8918994069099426,0.49661171436309814,,
231,9511,,,,,1.5772700309753418,-0.04801572114229202
231,9511,,,0.8702971935272217,0.5263144969940186,,
232,9552,,,,,1.5777091979980469,-0.050456855446100235
232,9552,,,0.9062871336936951,0.5738479495048523,,
233,9593,,,,,1.5774685144424438,-0.04956863820552826
233,9593,,,0.925739586353302,0.49176573753356934,,
234,9634,,,,,1.577002763748169,-0.04871123284101486
234,9634,,,0.8834948539733887,0.5066546201705933,,
235,9675,,,,,1.5773711204528809,-0.050043072551488876
235,9675,,,0.9123440384864807,0.4995478689670563,,
236,9716,,,,,1.5780843496322632,-0.05311024188995361
236,9716,,,0.9207196235656738,0.5186857581138611,,
237,9757,,,,,1.577269196510315,-0.051545172929763794
237,9757,,,0.8912942409515381,0.534235954284668,,
238,9798,,,,,1.5771785974502563,-0.05110887065529823
238,9798,,,0.9012947082519531,0.49493542313575745,,
239,9839,,,,,1.577411413192749,-0.05257904902100563
239,9839,,,0.8946947455406189,0.5285640954971313,,
240,9880,,,,,1.5776549577713013,-0.05391479656100273
240,9880,,,0.9190279245376587,0.5585136413574219,,
241,9921,,,,,1.5781638622283936,-0.05581290274858475
241,9921,,,0.9097626805305481,0.5272430181503296,,
242,9962,,,,,1.5784817934036255,-0.05705061927437782
242,9962,,,0.8728753924369812,0.5474413633346558,,
243,10003,,,,,1.5774962902069092,-0.05304088070988655
243,10003,,,0.9084084033966064,0.5007665753364563,,
244,10044,,,,,1.5769078731536865,-0.05080367997288704
244,10044,,,0.9070736169815063,0.5350751280784607,,
245,10085,,,,,1.576979160308838,-0.05058227479457855
245,10085,,,0.8949038982391357,0.5324176549911499,,
246,10126,,,,,1.5765479803085327,-0.04928087443113327
246,10126,,,0.8955255150794983,0.5273920893669128,,
247,10167,,,,,1.5766124725341797,-0.05035967007279396
247,10167,,,0.8952085971832275,0.5250990986824036,,
248,10208,,,,,1.5772359371185303,-0.05225468799471855
248,10208,,,0.9026632308959961,0.5252823233604431,,
249,10249,,,,,1.5773441791534424,-0.05251714959740639
249,10249,,,0.8696489930152893,0.5757977366447449,,
250,10290,,,,,1.577451229095459,-0.0530305877327919
250,10290,,,0.9222301244735718,0.4978249669075012,,
251,10331,,,,,1.57748544216156,-0.05367331579327583
251,10331,,,0.9443808794021606,0.48268526792526245,,
252,10372,,,,,1.577269196510315,-0.05247782915830612
252,10372,,,0.8802387714385986,0.5387654304504395,,
253,10413,,,,,1.5773684978485107,-0.05296813324093819
253,10413,,,0.8932585120201111,0.5160568952560425,,
254,10454,,,,,1.5767467021942139,-0.05102819204330444
254,10454,,,0.8694670796394348,0.5060150027275085,,
255,10495,,,,,1.5769261121749878,-0.050999369472265244
255,10495,,,0.8882152438163757,0.5381006598472595,,
256,10536,,,,,1.5771304368972778,-0.05131496116518974
256,10536,,,0.8755351901054382,0.5409761071205139,,
257,10577,,,,,1.5762169361114502,-0.04931681230664253
257,10577,,,0.8988688588142395,0.5078074336051941,,
258,10618,,,,,1.576780915260315,-0.05062277615070343
258,10618,,,0.940090537071228,0.5041182637214661,,
259,10659,,,,,1.576456904411316,-0.049778737127780914
259,10659,,,0.8568165302276611,0.5337620973587036,,
260,10700,,,,,1.5755623579025269,-0.04758056625723839
260,10700,,,0.8844543099403381,0.5366314053535461,,
261,10741,,,,,1.5763485431671143,-0.04952917620539665
261,10741,,,0.8798744678497314,0.545994758605957,,
262,10782,,,,,1.5755337476730347,-0.04624732956290245
262,10782,,,0.9063891172409058,0.5499683618545532,,
263,10823,,,,,1.5750412940979004,-0.04465562477707863
263,10823,,,0.8777968287467957,0.5218852758407593,,
264,10864,,,,,1.5747292041778564,-0.04395396262407303
264,10864,,,0.8958246111869812,0.5271782875061035,,
265,10905,,,,,1.5751038789749146,-0.04489464312791824
265,10905,,,0.9058806300163269,0.5460618734359741,,
266,10946,,,,,1.5742664337158203,-0.04254532605409622
266,10946,,,0.8852257132530212,0.5242668986320496,,
267,10987,,,,,1.5745432376861572,-0.043766677379608154
267,10987,,,0.897054135799408,0.5137799382209778,,
268,11028,,,,,1.5749900341033936,-0.04641054570674896
268,11028,,,0.9070246815681458,0.5183537006378174,,
269,11069,,,,,1.5754692554473877,-0.04717865213751793
269,11069,,,0.8525092601776123,0.49725550413131714,,
270,11110,,,,,1.5753542184829712,-0.04659631475806236
270,11110,,,0.9056710004806519,0.519436240196228,,
271,11151,,,,,1.57537841796875,-0.046122871339321136
271,11151,,,0.8825390338897705,0.4900174140930176,,
272,11192,,,,,1.5753536224365234,-0.04632947966456413
272,11192,,,0.9175247550010681,0.5021120309829712,,
273,11233,,,,,1.5749503374099731,-0.046684835106134415
273,11233,,,0.9040708541870117,0.5229135155677795,,
274,11274,,,,,1.575162649154663,-0.04859857261180878
274,11274,,,0.8835834264755249,0.5083780884742737,,
275,11315,,,,,1.5751092433929443,-0.047121312469244
275,11315,,,0.8677622079849243,0.5267582535743713,,
276,11356,,,,,1.5742698907852173,-0.042777419090270996
276,11356,,,0.8830269575119019,0.5183784365653992,,
277,11397,,,,,1.5744086503982544,-0.044759344309568405
277,11397,,,0.906015157699585,0.5218266248703003,,
278,11438,,,,,1.5745567083358765,-0.04509025439620018
278,11438,,,0.8978827595710754,0.4936927258968353,,
279,11479,,,,,1.5751316547393799,-0.047047361731529236
279,11479,,,0.8860591053962708,0.5200031399726868,,
280,11520,,,,,1.575186014175415,-0.04741325601935387
280,11520,,,0.8663890361785889,0.570641040802002,,
281,11561,,,,,1.5750269889831543,-0.047293487936258316
281,11561,,,0.8590500950813293,0.5565863251686096,,
282,11602,,,,,1.5753554105758667,-0.04722070321440697
282,11602,,,0.8856686949729919,0.5181376934051514,,
283,11643,,,,,1.5755302906036377,-0.047728512436151505
283,11643,,,0.8922204971313477,0.5170549750328064,,
284,11684,,,,,1.575010895729065,-0.04508887976408005
284,11684,,,0.9315409064292908,0.4791390001773834,,
285,11725,,,,,1.574455738067627,-0.043781496584415436
285,11725,,,0.8922011256217957,0.529632568359375,,
286,11766,,,,,1.5740400552749634,-0.04319770634174347
286,11766,,,0.896647036075592,0.5293841361999512,,
287,11807,,,,,1.5740569829940796,-0.043996162712574005
287,11807,,,0.8845561146736145,0.5294516086578369,,
288,11848,,,,,1.573781132698059,-0.04303644970059395
288,11848,,,0.8663766384124756,0.5583919286727905,,
289,11889,,,,,1.5743215084075928,-0.045937418937683105
289,11889,,,0.8883556127548218,0.5071258544921875,,
290,11930,,,,,1.5739483833312988,-0.04500405490398407
290,11930,,,0.8852883577346802,0.4965801239013672,,
291,11971,,,,,1.5739799737930298,-0.04389462247490883
291,11971,,,0.9050495028495789,0.543754518032074,,
292,12012,,,,,1.5734690427780151,-0.040527988225221634
292,12012,,,0.8980359435081482,0.5225399732589722,,
293,12053,,,,,1.5735769271850586,-0.04165063798427582
293,12053,,,0.8670572638511658,0.5475547909736633,,
294,12094,,,,,1.573932409286499,-0.04251769930124283
294,12094,,,0.8735008239746094,0.5519459247589111,,
295,12135,,,,,1.5734783411026,-0.040011513978242874
295,12135,,,0.8853679895401001,0.5087064504623413,,
296,12176,,,,,1.5737667083740234,-0.03984783589839935
296,12176,,,0.8757027387619019,0.5209272503852844,,
297,12217,,,,,1.573814034461975,-0.03980547934770584
297,12217,,,0.896437406539917,0.5134081840515137,,
298,12258,,,,,1.573104739189148,-0.03690356761217117
298,12258,,,0.9015531539916992,0.516469419002533,,
299,12299,,,,,1.573475956916809,-0.03915860131382942
299,12299,,,0.9106171727180481,0.5264071822166443,,
300,12340,,,,,1.5727853775024414,-0.0364898145198822
300,12340,,,0.8921586275100708,0.5536763072013855,,
301,12381,,,,,1.5722732543945312,-0.034003496170043945
301,12381,,,0.8932309150695801,0.5095506310462952,,
302,12422,,,,,1.5723810195922852,-0.033895883709192276
302,12422,,,0.8987439870834351,0.5181423425674438,,
303,12463,,,,,1.573082447052002,-0.03708846494555473
303,12463,,,0.8614598512649536,0.5432697534561157,,
304,12504,,,,,1.5730715990066528,-0.03785086050629616
304,12504,,,0.8756557703018188,0.5744801759719849,,
305,12545,,,,,1.5734949111938477,-0.03997750207781792
305,12545,,,0.8990381956100464,0.533457338809967,,
306,12586,,,,,1.573499083518982,-0.03970322012901306
306,12586,,,0.9026952385902405,0.5446030497550964,,
307,12627,,,,,1.5735121965408325,-0.039481062442064285
307,12627,,,0.8870983719825745,0.5408787727355957,,
308,12668,,,,,1.5732566118240356,-0.03844958543777466
308,12668,,,0.8574155569076538,0.5851293206214905,,
309,12709,,,,,1.5730533599853516,-0.03705831617116928
309,12709,,,0.9017103910446167,0.5073681473731995,,
310,12750,,,,,1.5729796886444092,-0.036875370889902115
310,12750,,,0.8749673366546631,0.55668044090271,,
311,12791,,,,,1.5729659795761108,-0.03673378378152847
311,12791,,,0.9669332504272461,0.49883154034614563,,
312,12832,,,,,1.5726560354232788,-0.034736547619104385
312,12832,,,0.8683915734291077,0.544901430606842,,
313,12873,,,,,1.5724287033081055,-0.034460585564374924
313,12873,,,0.9053550362586975,0.5475032925605774,,
314,12914,,,,,1.5723040103912354,-0.03422354534268379
314,12914,,,0.8685421943664551,0.5361189842224121,,
315,12955,,,,,1.5720264911651611,-0.033434249460697174
315,12955,,,0.8874309062957764,0.5413618087768555,,
316,12996,,,,,1.5725188255310059,-0.0347069650888443
316,12996,,,0.8851826190948486,0.49827009439468384,,
317,13037,,,,,1.5721889734268188,-0.03323913365602493
317,13037,,,0.9194959998130798,0.5254184603691101,,
318,13078,,,,,1.5719821453094482,-0.03228507190942764
318,13078,,,0.9141218662261963,0.499721884727478,,
319,13119,,,,,1.5720962285995483,-0.03284306079149246
319,13119,,,0.9286991953849792,0.5297145247459412,,
320,13160,,,,,1.5714223384857178,-0.030948854982852936
320,13160,,,0.8826483488082886,0.5526493191719055,,
321,13201,,,,,1.5716632604599,-0.030573632568120956
321,13201,,,0.8712345361709595,0.515602707862854,,
322,13242,,,,,1.571736216545105,-0.031086239963769913
322,13242,,,0.89799964427948,0.530493438243866,,
323,13283,,,,,1.5709258317947388,-0.02811157889664173
323,13283,,,0.8852627277374268,0.5265114307403564,,
324,13324,,,,,1.5708832740783691,-0.02827487885951996
324,13324,,,0.8839946985244751,0.5003647208213806,,
325,13365,,,,,1.5710326433181763,-0.03060757927596569
325,13365,,,0.8943811058998108,0.549752950668335,,
326,13406,,,,,1.5706431865692139,-0.030163336545228958
326,13406,,,0.9325865507125854,0.46725213527679443,,
327,13447,,,,,1.5709673166275024,-0.03198232874274254
327,13447,,,0.9032964110374451,0.5626780986785889,,
328,13488,,,,,1.5712493658065796,-0.033581048250198364
328,13488,,,0.942277193069458,0.5234869122505188,,
329,13529,,,,,1.571049451828003,-0.03363937884569168
329,13529,,,0.8824505805969238,0.5203999876976013,,
330,13570,,,,,1.5710948705673218,-0.03340243548154831
330,13570,,,0.9045693874359131,0.507836639881134,,
331,13611,,,,,1.5713376998901367,-0.034251902252435684
331,13611,,,0.9094886779785156,0.5567781925201416,,
332,13652,,,,,1.5713796615600586,-0.033967677503824234
332,13652,,,0.8710514903068542,0.5331319570541382,,
333,13693,,,,,1.571264624595642,-0.03402489051222801
333,13693,,,0.8558029532432556,0.5614560842514038,,
334,13734,,,,,1.5712335109710693,-0.03214709833264351
334,13734,,,0.8864893913269043,0.49996012449264526,,
335,13775,,,,,1.5713739395141602,-0.03327294811606407
335,13775,,,0.893950879573822,0.5794538855552673,,
336,13816,,,,,1.5724056959152222,-0.03642258420586586
336,13816,,,0.8707942366600037,0.5379078388214111,,
337,13857,,,,,1.5726486444473267,-0.036491960287094116
337,13857,,,0.8788314461708069,0.518099308013916,,
338,13898,,,,,1.5730857849121094,-0.0384090319275856
338,13898,,,0.8969177603721619,0.5150754451751709,,
339,13939,,,,,1.5736713409423828,-0.040491122752428055
339,13939,,,0.9133081436157227,0.513900876045227,,
340,13980,,,,,1.5732202529907227,-0.04044725000858307
340,13980,,,0.9039438962936401,0.5481324791908264,,
341,14021,,,,,1.57292640209198,-0.04037834703922272
341,14021,,,0.8917241096496582,0.5520567297935486,,
342,14062,,,,,1.572754979133606,-0.040126774460077286
342,14062,,,0.8966872096061707,0.5411085486412048,,
343,14103,,,,,1.5730661153793335,-0.04087314382195473
343,14103,,,0.911889910697937,0.5168168544769287,,
344,14144,,,,,1.573210597038269,-0.041006267070770264
344,14144,,,0.8801450133323669,0.5346918106079102,,
345,14185,,,,,1.5736806392669678,-0.04139687865972519
345,14185,,,0.9253453612327576,0.5090360641479492,,
346,14226,,,,,1.5736045837402344,-0.042158663272857666
346,14226,,,0.9298710823059082,0.5187129378318787,,
347,14267,,,,,1.5732067823410034,-0.04151575267314911
347,14267,,,0.9021484851837158,0.5222692489624023,,
348,14308,,,,,1.5741854906082153,-0.04404039308428764
348,14308,,,0.9084323644638062,0.48463666439056396,,
349,14349,,,,,1.5744576454162598,-0.04474678263068199
349,14349,,,0.8637140989303589,0.5254175066947937,,
350,14390,,,,,1.5732975006103516,-0.040996331721544266
350,14390,,,0.8624660968780518,0.5772820711135864,,
351,14431,,,,,1.5720324516296387,-0.03747611120343208
351,14431,,,0.8913687467575073,0.5311986804008484,,
352,14472,,,,,1.5718703269958496,-0.03757612407207489
352,14472,,,0.8741106390953064,0.5208097100257874,,
353,14513,,,,,1.5719044208526611,-0.03834792599081993
353,14513,,,0.9159712195396423,0.5443337559700012,,
354,14554,,,,,1.5721977949142456,-0.03840161859989166
354,14554,,,0.8789159059524536,0.5135271549224854,,
355,14595,,,,,1.5730843544006348,-0.04085175693035126
355,14595,,,0.8681738972663879,0.5216668248176575,,
356,14636,,,,,1.5732460021972656,-0.04192306473851204
356,14636,,,0.8937245011329651,0.5271077752113342,,
357,14677,,,,,1.5727728605270386,-0.04077332839369774
357,14677,,,0.8931475281715393,0.5367038249969482,,
358,14718,,,,,1.5720553398132324,-0.036983925849199295
358,14718,,,0.8813462853431702,0.580093264579773,,
359,14759,,,,,1.5719196796417236,-0.03692467883229256
359,14759,,,0.882851779460907,0.5569549798965454,,
360,14800,,,,,1.572351336479187,-0.03822895884513855
360,14800,,,0.8866188526153564,0.5455793738365173,,
361,14841,,,,,1.5730758905410767,-0.04037422314286232
361,14841,,,0.8512224555015564,0.5129294991493225,,
362,14882,,,,,1.5723446607589722,-0.03806538134813309
362,14882,,,0.8855292797088623,0.525806725025177,,
363,14923,,,,,1.572816252708435,-0.03819393739104271
363,14923,,,0.8894162774085999,0.5116159915924072,,
364,14964,,,,,1.573439598083496,-0.040097638964653015
364,14964,,,0.8835052847862244,0.4927075207233429,,
365,15005,,,,,1.5725878477096558,-0.03757057338953018
365,15005,,,0.8943199515342712,0.5427382588386536,,
366,15046,,,,,1.5726406574249268,-0.0394231379032135
366,15046,,,0.89427250623703,0.5660452842712402,,
367,15087,,,,,1.5728635787963867,-0.03921623155474663
367,15087,,,0.9039795994758606,0.5039781332015991,,
368,15128,,,,,1.5724081993103027,-0.03628375753760338
368,15128,,,0.8664718270301819,0.5146576762199402,,
369,15169,,,,,1.5729844570159912,-0.03825603425502777
369,15169,,,0.8762480616569519,0.5061949491500854,,
370,15210,,,,,1.5731130838394165,-0.03852977976202965
370,15210,,,0.8841073513031006,0.5111088752746582,,
371,15251,,,,,1.5726069211959839,-0.03788962960243225
371,15251,,,0.8892412781715393,0.5526586174964905,,
372,15292,,,,,1.5726367235183716,-0.03786713629961014
372,15292,,,0.8537520170211792,0.5517354607582092,,
373,15333,,,,,1.5722682476043701,-0.037003885954618454
373,15333,,,0.8895218372344971,0.5388784408569336,,
374,15374,,,,,1.5722739696502686,-0.0374329574406147
374,15374,,,0.8869791030883789,0.5439799427986145,,
375,15415,,,,,1.5714620351791382,-0.03582179173827171
375,15415,,,0.898866593837738,0.4991269111633301,,
376,15456,,,,,1.5715230703353882,-0.037384748458862305
376,15456,,,0.8770142793655396,0.5448198318481445,,
377,15497,,,,,1.5718228816986084,-0.03931554779410362
377,15497,,,0.9208982586860657,0.5162051320075989,,
378,15538,,,,,1.5710231065750122,-0.03681368753314018
378,15538,,,0.8537236452102661,0.5503605008125305,,
379,15579,,,,,1.5701340436935425,-0.033684249967336655
379,15579,,,0.8935984969139099,0.5232170224189758,,
380,15620,,,,,1.5705324411392212,-0.03502342477440834
380,15620,,,0.834976851940155,0.5690344572067261,,
381,15661,,,,,1.5706427097320557,-0.03536543250083923
381,15661,,,0.8720197081565857,0.5222046375274658,,
382,15702,,,,,1.570864200592041,-0.03571602702140808
382,15702,,,0.8667821884155273,0.5326665043830872,,
383,15743,,,,,1.5707509517669678,-0.03475064039230347
383,15743,,,0.8580992221832275,0.5662932395935059,,
384,15784,,,,,1.5707601308822632,-0.034754958003759384
384,15784,,,0.8898332118988037,0.5410242080688477,,
385,15825,,,,,1.571042537689209,-0.036469973623752594
385,15825,,,0.8579585552215576,0.5147793889045715,,
386,15866,,,,,1.5708911418914795,-0.03529222309589386
386,15866,,,0.8736192584037781,0.5668547749519348,,
387,15907,,,,,1.5700095891952515,-0.032507676631212234
387,15907,,,0.9056746959686279,0.5627927780151367,,
388,15948,,,,,1.570621371269226,-0.03483161702752113
388,15948,,,0.9012194275856018,0.5161386728286743,,
389,15989,,,,,1.5707736015319824,-0.03528231009840965
389,15989,,,0.8659651279449463,0.5168603658676147,,
390,16030,,,,,1.5704257488250732,-0.03357895091176033
390,16030,,,0.8822195529937744,0.5258544087409973,,
391,16071,,,,,1.571155309677124,-0.036303430795669556
391,16071,,,0.8888712525367737,0.5710896253585815,,
392,16112,,,,,1.570387601852417,-0.033550091087818146
392,16112,,,0.9369739294052124,0.5108203887939453,,
393,16153,,,,,1.5707141160964966,-0.034621115773916245
393,16153,,,0.86583411693573,0.5456967949867249,,
394,16194,,,,,1.5703856945037842,-0.03336850181221962
394,16194,,,0.876267671585083,0.5517123341560364,,
395,16235,,,,,1.570327877998352,-0.03310496732592583
395,16235,,,0.8991367220878601,0.5332399010658264,,
396,16276,,,,,1.5707401037216187,-0.03562736138701439
396,16276,,,0.8950217366218567,0.5410999059677124,,
397,16317,,,,,1.5698753595352173,-0.0329015776515007
397,16317,,,0.900672197341919,0.5467327833175659,,
398,16358,,,,,1.5697228908538818,-0.030853906646370888
398,16358,,,0.8666002154350281,0.5249221324920654,,
399,16399,,,,,1.5700284242630005,-0.03169851377606392
399,16399,,,0.8533861041069031,0.5502850413322449,,
400,16440,,,,,1.569717526435852,-0.03051362745463848
400,16440,,,0.8383561968803406,0.5489675402641296,,
401,16481,,,,,1.5691461563110352,-0.029066147282719612
401,16481,,,0.8751401305198669,0.5249046683311462,,
402,16522,,,,,1.5697903633117676,-0.030247891321778297
402,16522,,,0.8739714026451111,0.5519433617591858,,
403,16563,,,,,1.569870114326477,-0.029543349519371986
403,16563,,,0.8597995638847351,0.5250484943389893,,
404,16604,,,,,1.5704151391983032,-0.031030723825097084
404,16604,,,0.8949551582336426,0.5584012269973755,,
405,16645,,,,,1.5705699920654297,-0.03197737783193588
405,16645,,,0.8585082292556763,0.5754455924034119,,
406,16686,,,,,1.570792555809021,-0.03246314823627472
406,16686,,,0.8774731159210205,0.5210472345352173,,
407,16727,,,,,1.570656418800354,-0.03182642161846161
407,16727,,,0.8896647095680237,0.5179905891418457,,
408,16768,,,,,1.5703364610671997,-0.029886379837989807
408,16768,,,0.9106509685516357,0.5152406096458435,,
409,16809,,,,,1.570627212524414,-0.031177068129181862
409,16809,,,0.8720589876174927,0.5332301259040833,,
410,16850,,,,,1.5703529119491577,-0.030847299844026566
410,16850,,,0.8984914422035217,0.5431401133537292,,
411,16891,,,,,1.5698009729385376,-0.030147375538945198
411,16891,,,0.8929412364959717,0.5453736186027527,,
412,16932,,,,,1.5692589282989502,-0.027569742873311043
412,16932,,,0.8880669474601746,0.5547616481781006,,
413,16973,,,,,1.5694050788879395,-0.02809504047036171
413,16973,,,0.8839464783668518,0.5570926666259766,,
414,17014,,,,,1.5699777603149414,-0.028987033292651176
414,17014,,,0.9223402142524719,0.5272309184074402,,
415,17055,,,,,1.5694084167480469,-0.028140686452388763
415,17055,,,0.8874713778495789,0.549210786819458,,
416,17096,,,,,1.5685484409332275,-0.026599068194627762
416,17096,,,0.8553768396377563,0.5759013295173645,,
417,17137,,,,,1.5685595273971558,-0.026572076603770256
417,17137,,,0.8997824192047119,0.5410280823707581,,
418,17178,,,,,1.5685652494430542,-0.026231201365590096
418,17178,,,0.8546302318572998,0.543072521686554,,
419,17219,,,,,1.568658471107483,-0.026329366490244865
419,17219,,,0.9033917784690857,0.5089061260223389,,
420,17260,,,,,1.568549633026123,-0.024942591786384583
420,17260,,,0.8574691414833069,0.5295869708061218,,
421,17301,,,,,1.568335771560669,-0.024732723832130432
421,17301,,,0.8681465983390808,0.5232704281806946,,
422,17342,,,,,1.5691090822219849,-0.026699742302298546
422,17342,,,0.8969406485557556,0.5141083598136902,,
423,17383,,,,,1.5691989660263062,-0.026661595329642296
423,17383,,,0.9267463684082031,0.4891144037246704,,
424,17424,,,,,1.569375991821289,-0.029091238975524902
424,17424,,,0.8777337670326233,0.5398892760276794,,
425,17465,,,,,1.5689281225204468,-0.027850111946463585
425,17465,,,0.8959328532218933,0.5528783798217773,,
426,17506,,,,,1.568345069885254,-0.025602208450436592
426,17506,,,0.8690533638000488,0.5504553914070129,,
427,17547,,,,,1.5691032409667969,-0.028990544378757477
427,17547,,,0.9095986485481262,0.5307333469390869,,
428,17588,,,,,1.5700623989105225,-0.03216401860117912
428,17588,,,0.8889771699905396,0.5476841330528259,,
429,17629,,,,,1.569516658782959,-0.03127339482307434
429,17629,,,0.8952232003211975,0.5607179999351501,,
430,17670,,,,,1.568833589553833,-0.03003026358783245
430,17670,,,0.9076208472251892,0.5253046751022339,,
431,17711,,,,,1.5688724517822266,-0.028917986899614334
431,17711,,,0.8846447467803955,0.5149866342544556,,
432,17752,,,,,1.5684868097305298,-0.027357812970876694
432,17752,,,0.8845444917678833,0.5536308884620667,,
433,17793,,,,,1.5683822631835938,-0.026378516107797623
433,17793,,,0.8798695802688599,0.5370143055915833,,
434,17834,,,,,1.5680224895477295,-0.025669677183032036
434,17834,,,0.8711075186729431,0.5546671748161316,,
435,17875,,,,,1.5682271718978882,-0.02646719291806221
435,17875,,,0.8422719240188599,0.5354419946670532,,
436,17916,,,,,1.5687365531921387,-0.027822013944387436
436,17916,,,0.8523156642913818,0.5452379584312439,,
437,17957,,,,,1.5680880546569824,-0.026060480624437332
437,17957,,,0.8470045924186707,0.553673505783081,,
438,17998,,,,,1.5672099590301514,-0.022668808698654175
438,17998,,,0.8969487547874451,0.5119093060493469,,
439,18039,,,,,1.5677170753479004,-0.02387497015297413
439,18039,,,0.9013182520866394,0.521744966506958,,
440,18080,,,,,1.5678507089614868,-0.02466529794037342
440,18080,,,0.9285231828689575,0.519394040107727,,
441,18121,,,,,1.5683887004852295,-0.02648715302348137
441,18121,,,0.8543426990509033,0.5256239771842957,,
442,18162,,,,,1.5677969455718994,-0.02605939283967018
442,18162,,,0.886376142501831,0.5683311223983765,,
443,18203,,,,,1.566942811012268,-0.02318624034523964
443,18203,,,0.8578892946243286,0.5401993989944458,,
444,18244,,,,,1.5667963027954102,-0.022570308297872543
444,18244,,,0.8952491283416748,0.5193234086036682,,
445,18285,,,,,1.5666413307189941,-0.02242201752960682
445,18285,,,0.8919691443443298,0.5152457356452942,,
446,18326,,,,,1.5669283866882324,-0.023447243496775627
446,18326,,,0.8528931140899658,0.5262228846549988,,
447,18367,,,,,1.566691279411316,-0.0223210621625185
447,18367,,,0.8473832607269287,0.5396358966827393,,
448,18408,,,,,1.5671104192733765,-0.02341592125594616
448,18408,,,0.8695038557052612,0.5434457063674927,,
449,18449,,,,,1.567604660987854,-0.024349695071578026
449,18449,,,0.9181974530220032,0.49691787362098694,,
450,18490,,,,,1.5669227838516235,-0.02221759408712387
450,18490,,,0.9040223360061646,0.5237305164337158,,
451,18531,,,,,1.5674322843551636,-0.024644365534186363
451,18531,,,0.9152102470397949,0.48692330718040466,,
452,18572,,,,,1.5670990943908691,-0.023255813866853714
452,18572,,,0.8912657499313354,0.54217928647995,,
453,18613,,,,,1.5670170783996582,-0.021281952038407326
453,18613,,,0.8849703073501587,0.5264878869056702,,
454,18654,,,,,1.566818118095398,-0.01960156485438347
454,18654,,,0.8760145306587219,0.5517691373825073,,
455,18695,,,,,1.5670760869979858,-0.021001998335123062
455,18695,,,0.8510233163833618,0.5376638770103455,,
456,18736,,,,,1.5670547485351562,-0.01969444751739502
456,18736,,,0.8660222291946411,0.5291664600372314,,
457,18777,,,,,1.567138910293579,-0.020952830091118813
457,18777,,,0.8454248309135437,0.5542463064193726,,
458,18818,,,,,1.5670220851898193,-0.019194619730114937
458,18818,,,0.8631621599197388,0.5603344440460205,,
459,18859,,,,,1.5679152011871338,-0.022516220808029175
459,18859,,,0.8894802927970886,0.5533058643341064,,
460,18900,,,,,1.568290114402771,-0.02380555123090744
460,18900,,,0.8684760332107544,0.5573312044143677,,
461,18941,,,,,1.5684102773666382,-0.025143463164567947
461,18941,,,0.8891717195510864,0.5641968250274658,,
462,18982,,,,,1.5680363178253174,-0.02455511875450611
462,18982,,,0.8724783062934875,0.5468366742134094,,
463,19023,,,,,1.5683754682540894,-0.025612741708755493
463,19023,,,0.8819894790649414,0.5236565470695496,,
464,19064,,,,,1.5685875415802002,-0.026824720203876495
464,19064,,,0.8910585641860962,0.5219804048538208,,
465,19105,,,,,1.5688767433166504,-0.02889379672706127
465,19105,,,0.8706641793251038,0.5374570488929749,,
466,19146,,,,,1.5690945386886597,-0.029206953942775726
466,19146,,,0.8765426278114319,0.5528654456138611,,
467,19187,,,,,1.5687545537948608,-0.027764562517404556
467,19187,,,0.8495784997940063,0.575184166431427,,
468,19228,,,,,1.5683077573776245,-0.02659505605697632
468,19228,,,0.8776172399520874,0.5482900738716125,,
469,19269,,,,,1.5673953294754028,-0.023739755153656006
469,19269,,,0.89931720495224,0.5308470726013184,,
470,19310,,,,,1.5677140951156616,-0.025104369968175888
470,19310,,,0.8805135488510132,0.5416883826255798,,
471,19351,,,,,1.5675336122512817,-0.024811329320073128
471,19351,,,0.8937568664550781,0.5412619709968567,,
472,19392,,,,,1.5674304962158203,-0.025903839617967606
472,19392,,,0.9120471477508545,0.4905596375465393,,
473,19433,,,,,1.567696213722229,-0.026811381801962852
473,19433,,,0.9032609462738037,0.5452629923820496,,
474,19474,,,,,1.5680571794509888,-0.027655594050884247
474,19474,,,0.8708454966545105,0.515330970287323,,
475,19515,,,,,1.568484902381897,-0.028203248977661133
475,19515,,,0.8809270858764648,0.5205661058425903,,
476,19556,,,,,1.5683588981628418,-0.02697572484612465
476,19556,,,0.8842499256134033,0.47277432680130005,,
477,19597,,,,,1.5679675340652466,-0.02608359605073929
477,19597,,,0.8689945340156555,0.5470747351646423,,
478,19638,,,,,1.5675028562545776,-0.02506951242685318
478,19638,,,0.878028392791748,0.5392995476722717,,
479,19679,,,,,1.5671755075454712,-0.023501919582486153
479,19679,,,0.8985642194747925,0.532855749130249,,
480,19720,,,,,1.5673290491104126,-0.023329665884375572
480,19720,,,0.8580325245857239,0.5112875699996948,,
481,19761,,,,,1.567198634147644,-0.023721937090158463
481,19761,,,0.9064244627952576,0.5411269068717957,,
482,19802,,,,,1.5676743984222412,-0.0254123043268919
482,19802,,,0.8587977886199951,0.538860023021698,,
483,19843,,,,,1.567518711090088,-0.024886012077331543
483,19843,,,0.8831831812858582,0.5471810698509216,,
484,19884,,,,,1.5671063661575317,-0.022788390517234802
484,19884,,,0.8850986957550049,0.568588137626648,,
485,19925,,,,,1.5663607120513916,-0.02081170119345188
485,19925,,,0.85565584897995,0.5164914131164551,,
486,19966,,,,,1.5661407709121704,-0.020882943645119667
486,19966,,,0.8913668990135193,0.5165961384773254,,
487,20007,,,,,1.5662665367126465,-0.021384935826063156
487,20007,,,0.8949255347251892,0.541276216506958,,
488,20048,,,,,1.5669705867767334,-0.023104503750801086
488,20048,,,0.8893380761146545,0.5501381158828735,,
489,20089,,,,,1.5667665004730225,-0.022923458367586136
489,20089,,,0.8485097289085388,0.5500889420509338,,
490,20130,,,,,1.5661998987197876,-0.020129285752773285
490,20130,,,0.8832467198371887,0.5053835511207581,,
491,20171,,,,,1.565785527229309,-0.01835714466869831
491,20171,,,0.8972448706626892,0.558755099773407,,
492,20212,,,,,1.566049575805664,-0.020259663462638855
492,20212,,,0.8827683329582214,0.5496742725372314,,
493,20253,,,,,1.566008448600769,-0.021166909486055374
493,20253,,,0.8869710564613342,0.5154428482055664,,
494,20294,,,,,1.5667182207107544,-0.02235887013375759
494,20294,,,0.8807488679885864,0.5215921401977539,,
495,20335,,,,,1.5673015117645264,-0.02422269620001316
495,20335,,,0.8878511786460876,0.5107171535491943,,
496,20376,,,,,1.567017912864685,-0.02434910088777542
496,20376,,,0.858616054058075,0.5681607127189636,,
497,20417,,,,,1.5677852630615234,-0.027668673545122147
497,20417,,,0.8968051671981812,0.519659698009491,,
498,20458,,,,,1.5684009790420532,-0.028172340244054794
498,20458,,,0.8639360666275024,0.5412431359291077,,
499,20499,,,,,1.5682470798492432,-0.02667679451406002
499,20499,,,0.8797392249107361,0.5359442234039307,,
500,20540,,,,,1.5684460401535034,-0.02776426635682583
500,20540,,,0.86493980884552,0.565881073474884,,
501,20581,,,,,1.5685768127441406,-0.027142096310853958
501,20581,,,0.8815255761146545,0.5419999361038208,,
502,20622,,,,,1.5682650804519653,-0.025564121082425117
502,20622,,,0.8559410572052002,0.5595390796661377,,
503,20663,,,,,1.568565845489502,-0.02683909796178341
503,20663,,,0.8814352750778198,0.5412538051605225,,
504,20704,,,,,1.5681935548782349,-0.024681437760591507
504,20704,,,0.8832269310951233,0.5774766206741333,,
505,20745,,,,,1.568554162979126,-0.024546608328819275
505,20745,,,0.8689271211624146,0.5347245335578918,,
506,20786,,,,,1.5677423477172852,-0.021953964605927467
506,20786,,,0.891238808631897,0.567597508430481,,
507,20827,,,,,1.5673748254776,-0.02133133076131344
507,20827,,,0.8636021614074707,0.5478845834732056,,
508,20868,,,,,1.568043828010559,-0.023677201941609383
508,20868,,,0.8930919766426086,0.5420771837234497,,
509,20909,,,,,1.5682249069213867,-0.023137975484132767
509,20909,,,0.8767502903938293,0.545485258102417,,
510,20950,,,,,1.5674294233322144,-0.019123686477541924
510,20950,,,0.8935253620147705,0.5451688766479492,,
511,20991,,,,,1.566974401473999,-0.019872911274433136
511,20991,,,0.8424152135848999,0.5833653807640076,,
512,21032,,,,,1.5669528245925903,-0.019039958715438843
512,21032,,,0.877556324005127,0.5415267944335938,,
513,21073,,,,,1.567072868347168,-0.019065676257014275
513,21073,,,0.8596533536911011,0.5084293484687805,,
514,21114,,,,,1.5668832063674927,-0.020090965554118156
514,21114,,,0.8990100622177124,0.534084677696228,,
515,21155,,,,,1.5677943229675293,-0.02398747391998768
515,21155,,,0.8700613379478455,0.5016257166862488,,
516,21196,,,,,1.5680216550827026,-0.024741100147366524
516,21196,,,0.8569979667663574,0.5102506279945374,,
517,21237,,,,,1.567813754081726,-0.023977456614375114
517,21237,,,0.8596894145011902,0.5626570582389832,,
518,21278,,,,,1.567251205444336,-0.02313259430229664
518,21278,,,0.8750452399253845,0.54865562915802,,
519,21319,,,,,1.5677285194396973,-0.025385472923517227
519,21319,,,0.8735696077346802,0.5749976634979248,,
520,21360,,,,,1.5683646202087402,-0.026030177250504494
520,21360,,,0.8487632274627686,0.565329909324646,,
521,21401,,,,,1.569273829460144,-0.028854532167315483
521,21401,,,0.844872236251831,0.5507712364196777,,
522,21442,,,,,1.5690984725952148,-0.02859349176287651
522,21442,,,0.8692324757575989,0.5756206512451172,,
523,21483,,,,,1.5692263841629028,-0.028834227472543716
523,21483,,,0.8816052079200745,0.5381491780281067,,
524,21524,,,,,1.5691035985946655,-0.028942033648490906
524,21524,,,0.8704668283462524,0.5587098002433777,,
525,21565,,,,,1.5690196752548218,-0.028779495507478714
525,21565,,,0.8840368390083313,0.5420590043067932,,
526,21606,,,,,1.5684624910354614,-0.0270534735172987
526,21606,,,0.8947068452835083,0.5396227240562439,,
527,21647,,,,,1.567915439605713,-0.025966426357626915
527,21647,,,0.856804609298706,0.5825492739677429,,
528,21688,,,,,1.5675808191299438,-0.02366156131029129
528,21688,,,0.8658372759819031,0.5547304749488831,,
529,21729,,,,,1.5668195486068726,-0.020710865035653114
529,21729,,,0.899495542049408,0.5481269359588623,,
530,21770,,,,,1.5667989253997803,-0.020055746659636497
530,21770,,,0.9188434481620789,0.5356781482696533,,
531,21811,,,,,1.5675185918807983,-0.021943502128124237
531,21811,,,0.8614102602005005,0.5149593949317932,,
532,21852,,,,,1.568044662475586,-0.021572835743427277
532,21852,,,0.8733959794044495,0.5360557436943054,,
533,21893,,,,,1.5676268339157104,-0.022669080644845963
533,21893,,,0.8493152856826782,0.5851566195487976,,
534,21934,,,,,1.5680975914001465,-0.02647574245929718
534,21934,,,0.894601583480835,0.5550507307052612,,
535,21975,,,,,1.5676718950271606,-0.024309510365128517
535,21975,,,0.8483684062957764,0.5544661283493042,,
536,22016,,,,,1.567413091659546,-0.0236870888620615
536,22016,,,0.8862261772155762,0.5617908835411072,,
537,22057,,,,,1.567525863647461,-0.023594031110405922
537,22057,,,0.8719176054000854,0.5582558512687683,,
538,22098,,,,,1.5669962167739868,-0.021309010684490204
538,22098,,,0.852698802947998,0.5496069192886353,,
539,22139,,,,,1.5661739110946655,-0.019593436270952225
539,22139,,,0.8709836602210999,0.589961588382721,,
540,22180,,,,,1.5663363933563232,-0.020789282396435738
540,22180,,,0.9146357178688049,0.5411969423294067,,
541,22221,,,,,1.5667905807495117,-0.02172374166548252
541,22221,,,0.8709369897842407,0.5245283842086792,,
542,22262,,,,,1.566951036453247,-0.02082175575196743
542,22262,,,0.90639328956604,0.5397790670394897,,
543,22303,,,,,1.5673424005508423,-0.023022841662168503
543,22303,,,0.8793826103210449,0.5244258046150208,,
544,22344,,,,,1.5666207075119019,-0.021254492923617363
544,22344,,,0.8781840801239014,0.5331949591636658,,
545,22385,,,,,1.56639564037323,-0.0212140753865242
545,22385,,,0.87076735496521,0.5702440738677979,,
546,22426,,,,,1.5655103921890259,-0.01753491722047329
546,22426,,,0.8749986290931702,0.5558269023895264,,
547,22467,,,,,1.565617322921753,-0.017889946699142456
547,22467,,,0.8607527613639832,0.5713929533958435,,
548,22508,,,,,1.5645025968551636,-0.015049220994114876
548,22508,,,0.8771310448646545,0.5393585562705994,,
549,22549,,,,,1.563538670539856,-0.010910303331911564
549,22549,,,0.8497735857963562,0.557196855545044,,
550,22590,,,,,1.5634348392486572,-0.00964279007166624
550,22590,,,0.8955204486846924,0.5387393236160278,,
551,22631,,,,,1.5635888576507568,-0.008701992221176624
551,22631,,,0.882823646068573,0.5154266357421875,,
552,22672,,,,,1.5638867616653442,-0.007989528588950634
552,22672,,,0.8578249216079712,0.5712326169013977,,
553,22713,,,,,1.563165545463562,-0.005563170649111271
553,22713,,,0.9066415429115295,0.5284537076950073,,
554,22754,,,,,1.5629974603652954,-0.0044769784435629845
554,22754,,,0.8685271739959717,0.5470814108848572,,
555,22795,,,,,1.5623178482055664,-0.0023764304351061583
555,22795,,,0.8780571818351746,0.5188289880752563,,
556,22836,,,,,1.5623654127120972,-0.003013621550053358
556,22836,,,0.8993412256240845,0.5423063635826111,,
557,22877,,,,,1.562500238418579,-0.0022464548237621784
557,22877,,,0.9102461934089661,0.523940920829773,,
558,22918,,,,,1.5628689527511597,-0.002256967592984438
558,22918,,,0.8872953057289124,0.5508614778518677,,
559,22959,,,,,1.5629658699035645,-0.0020470113959163427
559,22959,,,0.9181258678436279,0.5610455870628357,,
560,23000,,,,,1.5626951456069946,-0.002599731320515275
560,23000,,,0.8812478184700012,0.5462168455123901,,
561,23041,,,,,1.561931848526001,-0.0024373542983084917
561,23041,,,0.8834563493728638,0.577815592288971,,
562,23082,,,,,1.561521291732788,-0.0011541045969352126
562,23082,,,0.889894425868988,0.5497854351997375,,
563,23123,,,,,1.5615471601486206,-0.0007059485069476068
563,23123,,,0.8954598307609558,0.5824458003044128,,
564,23164,,,,,1.5612146854400635,-0.0010617318330332637
564,23164,,,0.8759508728981018,0.5251798629760742,,
565,23205,,,,,1.5613017082214355,-0.0003579040348995477
565,23205,,,0.8675731420516968,0.5496202111244202,,
566,23246,,,,,1.5613843202590942,-0.0017663463950157166
566,23246,,,0.862151563167572,0.5842788219451904,,
567,23287,,,,,1.561227560043335,-0.0008576794061809778
567,23287,,,0.8805006146430969,0.5559413433074951,,
568,23328,,,,,1.561252236366272,-0.0012182284845039248
568,23328,,,0.8781560659408569,0.5562562942504883,,
569,23369,,,,,1.5612876415252686,-0.00045781335211358964
569,23369,,,0.8380750417709351,0.576374888420105,,
570,23410,,,,,1.561071753501892,0.0011493677739053965
570,23410,,,0.8611050248146057,0.5402644276618958,,
571,23451,,,,,1.5604605674743652,0.0020144798327237368
571,23451,,,0.8906710743904114,0.5434914827346802,,
572,23492,,,,,1.5614992380142212,-4.580643508234061e-05
572,23492,,,0.8514694571495056,0.595862627029419,,
573,23533,,,,,1.562400221824646,-0.0011264157947152853
573,23533,,,0.8803266286849976,0.5400375723838806,,
574,23574,,,,,1.5627024173736572,-0.0012001838767901063
574,23574,,,0.8588177561759949,0.560665488243103,,
575,23615,,,,,1.562987208366394,-0.0019637574441730976
575,23615,,,0.8211575150489807,0.5783376693725586,,
576,23656,,,,,1.5626863241195679,-0.0004015066078864038
576,23656,,,0.8643879890441895,0.5163435339927673,,
577,23697,,,,,1.5627994537353516,-0.001024489407427609
577,23697,,,0.8676701188087463,0.543949544429779,,
578,23738,,,,,1.5623749494552612,-0.00040418660501018167
578,23738,,,0.8604463934898376,0.584852933883667,,
579,23779,,,,,1.5621482133865356,8.706543303560466e-05
579,23779,,,0.8464006781578064,0.6172903776168823,,
580,23820,,,,,1.561640977859497,0.0029944605194032192
580,23820,,,0.8886234760284424,0.5220670104026794,,
581,23861,,,,,1.5607292652130127,0.005497313104569912
581,23861,,,0.9075179696083069,0.5490139722824097,,
582,23902,,,,,1.5608947277069092,0.0050249551422894
582,23902,,,0.8883902430534363,0.537321150302887,,
583,23943,,,,,1.560628890991211,0.005895992740988731
583,23943,,,0.9097905158996582,0.5270016193389893,,
584,23984,,,,,1.5609148740768433,0.005778028629720211
584,23984,,,0.861825168132782,0.5399467349052429,,
585,24025,,,,,1.561350703239441,0.004626527428627014
585,24025,,,0.8690071105957031,0.5296308398246765,,
586,24066,,,,,1.560703158378601,0.005039178300648928
586,24066,,,0.8942147493362427,0.5708927512168884,,
587,24107,,,,,1.5602158308029175,0.005558985285460949
587,24107,,,0.8516486287117004,0.5588394403457642,,
588,24148,,,,,1.5598666667938232,0.006505214609205723
588,24148,,,0.883641242980957,0.5583908557891846,,
589,24189,,,,,1.5596743822097778,0.007715753745287657
589,24189,,,0.8893700838088989,0.5376054048538208,,
590,24230,,,,,1.5598419904708862,0.00616096518933773
590,24230,,,0.8486837148666382,0.5782214403152466,,
591,24271,,,,,1.5599298477172852,0.0047246310859918594
591,24271,,,0.8609496355056763,0.5676299333572388,,
592,24312,,,,,1.5598526000976562,0.005921302363276482
592,24312,,,0.8864195346832275,0.5417464375495911,,
593,24353,,,,,1.5597349405288696,0.00666680047288537
593,24353,,,0.8752464652061462,0.5550063252449036,,
594,24394,,,,,1.5598595142364502,0.007345705293118954
594,24394,,,0.868759036064148,0.5368566513061523,,
595,24435,,,,,1.560387134552002,0.005320407450199127
595,24435,,,0.8384349346160889,0.5888940095901489,,
596,24476,,,,,1.5599640607833862,0.006817603018134832
596,24476,,,0.8576494455337524,0.5480766892433167,,
597,24517,,,,,1.559997797012329,0.006751395761966705
597,24517,,,0.8527330756187439,0.5825961232185364,,
598,24558,,,,,1.5595871210098267,0.007651705760508776
598,24558,,,0.8631640076637268,0.5806569457054138,,
599,24599,,,,,1.5610471963882446,0.0041140043176710606
599,24599,,,0.88399338722229,0.5552865266799927,,
600,24640,,,,,1.5609135627746582,0.004239136818796396
600,24640,,,0.8695249557495117,0.5779752135276794,,
601,24681,,,,,1.5604232549667358,0.005575866904109716
601,24681,,,0.8681244254112244,0.5493445992469788,,
602,24722,,,,,1.5606876611709595,0.004535316023975611
602,24722,,,0.8625061511993408,0.5590210556983948,,
603,24763,,,,,1.5607496500015259,0.002831327263265848
603,24763,,,0.8762818574905396,0.5544527769088745,,
604,24804,,,,,1.5613892078399658,0.0012215651804581285
604,24804,,,0.8965917229652405,0.5316192507743835,,
605,24845,,,,,1.561460256576538,0.0032317740842700005
605,24845,,,0.9057801365852356,0.5586532950401306,,
606,24886,,,,,1.5609596967697144,0.0036919184494763613
606,24886,,,0.869337797164917,0.5323060750961304,,
607,24927,,,,,1.560526967048645,0.004495914094150066
607,24927,,,0.8600001335144043,0.5730438828468323,,
608,24968,,,,,1.5604983568191528,0.004863813519477844
608,24968,,,0.838598370552063,0.5587152242660522,,
609,25009,,,,,1.5605891942977905,0.004843493457883596
609,25009,,,0.8756399154663086,0.5534399151802063,,
610,25050,,,,,1.560344934463501,0.005805466789752245
610,25050,,,0.8718379139900208,0.5221284627914429,,
611,25091,,,,,1.559380054473877,0.008505992591381073
611,25091,,,0.8951576948165894,0.5695062279701233,,
612,25132,,,,,1.5584557056427002,0.009093713015317917
612,25132,,,0.8882031440734863,0.5542251467704773,,
613,25173,,,,,1.558018445968628,0.01131138764321804
613,25173,,,0.8625817894935608,0.5450021028518677,,
614,25214,,,,,1.5584313869476318,0.010144390165805817
614,25214,,,0.8604618906974792,0.5574396848678589,,
615,25255,,,,,1.5591076612472534,0.007601241115480661
615,25255,,,0.8904584646224976,0.5403009057044983,,
616,25296,,,,,1.5590462684631348,0.006939117796719074
616,25296,,,0.9024319648742676,0.5506922006607056,,
617,25337,,,,,1.5588269233703613,0.007796428631991148
617,25337,,,0.8649870753288269,0.546157956123352,,
618,25378,,,,,1.5579650402069092,0.011449872516095638
618,25378,,,0.8959287405014038,0.5331391096115112,,
619,25419,,,,,1.5580130815505981,0.012030836194753647
619,25419,,,0.8501809239387512,0.5483799576759338,,
620,25460,,,,,1.5579578876495361,0.012222952209413052
620,25460,,,0.8715628385543823,0.5753403902053833,,
621,25501,,,,,1.5581141710281372,0.012379243969917297
621,25501,,,0.8548709750175476,0.5802263617515564,,
622,25542,,,,,1.5587561130523682,0.00991787202656269
622,25542,,,0.8977367281913757,0.5756743550300598,,
623,25583,,,,,1.558199405670166,0.011433104984462261
623,25583,,,0.8771421909332275,0.5440722703933716,,
624,25624,,,,,1.5593668222427368,0.008735979907214642
624,25624,,,0.8597301244735718,0.5532045364379883,,
625,25665,,,,,1.5595214366912842,0.008884710259735584
625,25665,,,0.8589902520179749,0.5524417757987976,,
626,25706,,,,,1.5599884986877441,0.007231782656162977
626,25706,,,0.9013257026672363,0.5152860879898071,,
627,25747,,,,,1.5598320960998535,0.007985264994204044
627,25747,,,0.8893095850944519,0.5494235157966614,,
628,25788,,,,,1.5593186616897583,0.010572634637355804
628,25788,,,0.858908474445343,0.5609161853790283,,
629,25829,,,,,1.559714913368225,0.009721522219479084
629,25829,,,0.8541304469108582,0.5439769625663757,,
630,25870,,,,,1.5595587491989136,0.009946473874151707
630,25870,,,0.8838711977005005,0.5641944408416748,,
631,25911,,,,,1.5591514110565186,0.010213745757937431
631,25911,,,0.8366988301277161,0.5762711763381958,,
632,25952,,,,,1.5588279962539673,0.01241600327193737
632,25952,,,0.8270348310470581,0.5745521187782288,,
633,25993,,,,,1.5588171482086182,0.013785847462713718
633,25993,,,0.8548180460929871,0.5568243265151978,,
634,26034,,,,,1.5598094463348389,0.011957592330873013
634,26034,,,0.8498404622077942,0.5417687296867371,,
635,26075,,,,,1.559783935546875,0.012807084247469902
635,26075,,,0.8617069721221924,0.5432173013687134,,
636,26116,,,,,1.5592191219329834,0.016407577320933342
636,26116,,,0.8690172433853149,0.545708417892456,,
637,26157,,,,,1.5590767860412598,0.015879882499575615
637,26157,,,0.9055948853492737,0.5614878535270691,,
638,26198,,,,,1.5590137243270874,0.012789899483323097
638,26198,,,0.8836316466331482,0.5252367258071899,,
639,26239,,,,,1.558760404586792,0.014022464863955975
639,26239,,,0.8925783038139343,0.5711004137992859,,
640,26280,,,,,1.5585803985595703,0.014017184264957905
640,26280,,,0.8603205680847168,0.5745686292648315,,
641,26321,,,,,1.558593511581421,0.012050975114107132
641,26321,,,0.8865641951560974,0.5258162617683411,,
642,26362,,,,,1.5575534105300903,0.014214171096682549
642,26362,,,0.8828216195106506,0.5573447942733765,,
643,26403,,,,,1.558034896850586,0.012752385810017586
643,26403,,,0.8435100317001343,0.5806746482849121,,
644,26444,,,,,1.5584425926208496,0.013746081851422787
644,26444,,,0.8779323697090149,0.5307146310806274,,
645,26485,,,,,1.5583702325820923,0.013982435688376427
645,26485,,,0.8527162075042725,0.5751458406448364,,
646,26526,,,,,1.5584871768951416,0.012749142944812775
646,26526,,,0.8711236119270325,0.5410466194152832,,
647,26567,,,,,1.5590730905532837,0.010967121459543705
647,26567,,,0.9289721846580505,0.5366187691688538,,
648,26608,,,,,1.5594369173049927,0.008903220295906067
648,26608,,,0.8591553568840027,0.5835548043251038,,
649,26649,,,,,1.5591508150100708,0.009312236681580544
649,26649,,,0.8861926794052124,0.556799054145813,,
650,26690,,,,,1.5591717958450317,0.009374629706144333
650,26690,,,0.8541934490203857,0.5607155561447144,,
651,26731,,,,,1.5594536066055298,0.010765258222818375
651,26731,,,0.8692023158073425,0.5543578267097473,,
652,26772,,,,,1.559277892112732,0.009518362581729889
652,26772,,,0.8790679574012756,0.5327264070510864,,
653,26813,,,,,1.559380292892456,0.011011920869350433
653,26813,,,0.8747813701629639,0.5455202460289001,,
654,26854,,,,,1.5593311786651611,0.014962900429964066
654,26854,,,0.8392343521118164,0.5478297472000122,,
655,26895,,,,,1.5584276914596558,0.01760287582874298
655,26895,,,0.8539705872535706,0.502923309803009,,
656,26936,,,,,1.5585559606552124,0.0159388929605484
656,26936,,,0.8496644496917725,0.5464563369750977,,
657,26977,,,,,1.558744192123413,0.015565267764031887
657,26977,,,0.8622636795043945,0.5345085859298706,,
658,27018,,,,,1.558143138885498,0.01646042801439762
658,27018,,,0.8819767832756042,0.5618558526039124,,
659,27059,,,,,1.5578737258911133,0.01851678639650345
659,27059,,,0.842703640460968,0.5552546381950378,,
660,27100,,,,,1.5575841665267944,0.02094675600528717
660,27100,,,0.870808482170105,0.5924860239028931,,
661,27141,,,,,1.556739330291748,0.023125043138861656
661,27141,,,0.8785266280174255,0.5398994088172913,,
662,27182,,,,,1.5559780597686768,0.024299489334225655
662,27182,,,0.8725735545158386,0.5842591524124146,,
663,27223,,,,,1.555346131324768,0.024349216371774673
663,27223,,,0.8838564157485962,0.5564984083175659,,
664,27264,,,,,1.5555174350738525,0.023511171340942383
664,27264,,,0.8633905053138733,0.5681551694869995,,
665,27305,,,,,1.5560011863708496,0.021839536726474762
665,27305,,,0.8274655938148499,0.5907726287841797,,
666,27346,,,,,1.5564934015274048,0.02083599753677845
666,27346,,,0.8569192886352539,0.5675264000892639,,
667,27387,,,,,1.5564712285995483,0.022414030507206917
667,27387,,,0.8485208749771118,0.5700904130935669,,
668,27428,,,,,1.556212306022644,0.023055458441376686
668,27428,,,0.8580268025398254,0.5583410263061523,,
669,27469,,,,,1.5559417009353638,0.023750415071845055
669,27469,,,0.8891634941101074,0.5608144402503967,,
670,27510,,,,,1.5557773113250732,0.024424366652965546
670,27510,,,0.855131208896637,0.574744462966919,,
671,27551,,,,,1.5551213026046753,0.02673056349158287
671,27551,,,0.8597404956817627,0.5439583659172058,,
672,27592,,,,,1.5550308227539062,0.025300681591033936
672,27592,,,0.8667325973510742,0.5804095268249512,,
673,27633,,,,,1.5548516511917114,0.02422250807285309
673,27633,,,0.8776761293411255,0.5632082223892212,,
674,27674,,,,,1.5550360679626465,0.023544417694211006
674,27674,,,0.8846660852432251,0.5445087552070618,,
675,27715,,,,,1.5561001300811768,0.024733755737543106
675,27715,,,0.8617913722991943,0.5452319383621216,,
676,27756,,,,,1.5564920902252197,0.023657212033867836
676,27756,,,0.866677463054657,0.5882698893547058,,
677,27797,,,,,1.5569579601287842,0.021221473813056946
677,27797,,,0.8658525347709656,0.5756393074989319,,
678,27838,,,,,1.5570663213729858,0.01961331255733967
678,27838,,,0.8869044780731201,0.536676287651062,,
679,27879,,,,,1.5570952892303467,0.01909395307302475
679,27879,,,0.8091062903404236,0.5628432631492615,,
680,27920,,,,,1.5561368465423584,0.020215380936861038
680,27920,,,0.8979963064193726,0.5404977798461914,,
681,27961,,,,,1.5570489168167114,0.016894927248358727
681,27961,,,0.8664398193359375,0.5454281568527222,,
682,28002,,,,,1.557313323020935,0.016646120697259903
682,28002,,,0.8606854677200317,0.5583819150924683,,
683,28043,,,,,1.5580681562423706,0.014862693846225739
683,28043,,,0.893839418888092,0.5632838606834412,,
684,28084,,,,,1.557813048362732,0.016387958079576492
684,28084,,,0.9082466959953308,0.5122070908546448,,
685,28125,,,,,1.557020902633667,0.019509784877300262
685,28125,,,0.8373867869377136,0.5866823792457581,,
686,28166,,,,,1.5570110082626343,0.021585989743471146
686,28166,,,0.8546150922775269,0.5582880973815918,,
687,28207,,,,,1.5558573007583618,0.024912605062127113
687,28207,,,0.88117516040802,0.5370307564735413,,
688,28248,,,,,1.5561482906341553,0.023666447028517723
688,28248,,,0.8597052693367004,0.5431826114654541,,
689,28289,,,,,1.5570653676986694,0.02264593169093132
689,28289,,,0.8398099541664124,0.554632306098938,,
690,28330,,,,,1.5572352409362793,0.022644197568297386
690,28330,,,0.8847804069519043,0.5653861165046692,,
691,28371,,,,,1.556722640991211,0.02305692248046398
691,28371,,,0.8647913336753845,0.5511087775230408,,
692,28412,,,,,1.5569682121276855,0.019241400063037872
692,28412,,,0.8397029042243958,0.5825947523117065,,
693,28453,,,,,1.5567445755004883,0.019941577687859535
693,28453,,,0.8621065020561218,0.5787054896354675,,
694,28494,,,,,1.55745530128479,0.0194237120449543
694,28494,,,0.8859906792640686,0.5086122155189514,,
695,28535,,,,,1.5571355819702148,0.019773216918110847
695,28535,,,0.8484686613082886,0.5515944957733154,,
696,28576,,,,,1.5571566820144653,0.01879356987774372
696,28576,,,0.8633899092674255,0.5477030873298645,,
697,28617,,,,,1.5572915077209473,0.019294684752821922
697,28617,,,0.8453006148338318,0.5242039561271667,,
698,28658,,,,,1.5567799806594849,0.017836853861808777
698,28658,,,0.8971020579338074,0.5736818313598633,,
699,28699,,,,,1.556243896484375,0.019132766872644424
699,28699,,,0.8591844439506531,0.5141156315803528,,
700,28740,,,,,1.5564930438995361,0.019600698724389076
700,28740,,,0.8717978596687317,0.5435857772827148,,
701,28781,,,,,1.5564074516296387,0.020795132964849472
701,28781,,,0.8684915900230408,0.5647082328796387,,
702,28822,,,,,1.5557901859283447,0.022221723571419716
702,28822,,,0.8532810807228088,0.578674852848053,,
703,28863,,,,,1.5559722185134888,0.022254442796111107
703,28863,,,0.8781798481941223,0.5459002256393433,,
704,28904,,,,,1.557323694229126,0.01654932275414467
704,28904,,,0.9114726185798645,0.5754861235618591,,
705,28945,,,,,1.5573912858963013,0.013731404207646847
705,28945,,,0.8484631180763245,0.5531664490699768,,
706,28986,,,,,1.557476282119751,0.015285065397620201
706,28986,,,0.8922411203384399,0.5567510724067688,,
707,29027,,,,,1.5579407215118408,0.01427400577813387
707,29027,,,0.860139787197113,0.5680121183395386,,
708,29068,,,,,1.5565851926803589,0.019978778436779976
708,29068,,,0.8757151961326599,0.5427508354187012,,
709,29109,,,,,1.556296706199646,0.019498080015182495
709,29109,,,0.8505063652992249,0.5696302652359009,,
710,29150,,,,,1.5563040971755981,0.021048957481980324
710,29150,,,0.8666113615036011,0.5525908470153809,,
711,29191,,,,,1.556670069694519,0.022891608998179436
711,29191,,,0.883717954158783,0.5461122393608093,,
712,29232,,,,,1.5560628175735474,0.02361365221440792
712,29232,,,0.8812490105628967,0.5848828554153442,,
713,29273,,,,,1.5567936897277832,0.022370493039488792
713,29273,,,0.8756880164146423,0.5524094104766846,,
714,29314,,,,,1.556795597076416,0.0227725300937891
714,29314,,,0.8658849000930786,0.5296179056167603,,
715,29355,,,,,1.5560238361358643,0.025407327339053154
715,29355,,,0.8906634449958801,0.5453079342842102,,
716,29396,,,,,1.5550224781036377,0.029846448451280594
716,29396,,,0.8287363648414612,0.610572338104248,,
717,29437,,,,,1.5548856258392334,0.029849564656615257
717,29437,,,0.8544771075248718,0.5522101521492004,,
718,29478,,,,,1.5556762218475342,0.029360948130488396
718,29478,,,0.8757153153419495,0.5557968616485596,,
719,29519,,,,,1.5556026697158813,0.028108034282922745
719,29519,,,0.8656601309776306,0.5556683540344238,,
720,29560,,,,,1.554720163345337,0.02828432060778141
720,29560,,,0.8766518831253052,0.580981433391571,,
721,29601,,,,,1.5541565418243408,0.031120724976062775
721,29601,,,0.8799552917480469,0.5560382604598999,,
722,29642,,,,,1.5535460710525513,0.03458370268344879
722,29642,,,0.8916028738021851,0.5248427987098694,,
723,29683,,,,,1.5550668239593506,0.03173159062862396
723,29683,,,0.8488349914550781,0.5856890082359314,,
724,29724,,,,,1.5548983812332153,0.032586485147476196
724,29724,,,0.8443902134895325,0.5916225910186768,,
725,29765,,,,,1.5548930168151855,0.03255508840084076
725,29765,,,0.8773483633995056,0.5519930720329285,,
726,29806,,,,,1.555038332939148,0.03062419407069683
726,29806,,,0.8826127648353577,0.5466447472572327,,
727,29847,,,,,1.5551477670669556,0.02760789915919304
727,29847,,,0.8624794483184814,0.5816832184791565,,
728,29888,,,,,1.5554659366607666,0.025836104527115822
728,29888,,,0.8606026768684387,0.5568179488182068,,
729,29929,,,,,1.5557162761688232,0.026670051738619804
729,29929,,,0.8545781373977661,0.5368181467056274,,
730,29970,,,,,1.5562689304351807,0.025767510756850243
730,29970,,,0.8520330786705017,0.5823526382446289,,
731,30011,,,,,1.5565160512924194,0.024627387523651123
731,30011,,,0.8542591333389282,0.5818659663200378,,
732,30052,,,,,1.5561878681182861,0.026068514212965965
732,30052,,,0.8290141224861145,0.5408589243888855,,
733,30093,,,,,1.555379033088684,0.02760598435997963
733,30093,,,0.8424226641654968,0.5964045524597168,,
734,30134,,,,,1.555637001991272,0.028339317068457603
734,30134,,,0.8555163741111755,0.5253256559371948,,
735,30175,,,,,1.555571436882019,0.02910616062581539
735,30175,,,0.8501769304275513,0.5672511458396912,,
736,30216,,,,,1.5545777082443237,0.030641760677099228
736,30216,,,0.8429358601570129,0.5814304947853088,,
737,30257,,,,,1.5547919273376465,0.026641180738806725
737,30257,,,0.85104900598526,0.5459968447685242,,
738,30298,,,,,1.5551437139511108,0.02678251639008522
738,30298,,,0.8946702480316162,0.5539828538894653,,
739,30339,,,,,1.5543931722640991,0.03011244162917137
739,30339,,,0.8781002163887024,0.5515756011009216,,
740,30380,,,,,1.55514657497406,0.029437866061925888
740,30380,,,0.8650990724563599,0.554651141166687,,
741,30421,,,,,1.5540860891342163,0.029980098828673363
741,30421,,,0.8913335800170898,0.5626214146614075,,
742,30462,,,,,1.553526759147644,0.03067931905388832
742,30462,,,0.8359474539756775,0.5645021796226501,,
743,30503,,,,,1.5523232221603394,0.03337914124131203
743,30503,,,0.888388454914093,0.5529263615608215,,
744,30544,,,,,1.5528318881988525,0.03465193510055542
744,30544,,,0.86387699842453,0.5789259672164917,,
745,30585,,,,,1.5529334545135498,0.034294020384550095
745,30585,,,0.8538153767585754,0.5738478899002075,,
746,30626,,,,,1.5525513887405396,0.03369997441768646
746,30626,,,0.8389253616333008,0.5933655500411987,,
747,30667,,,,,1.5531643629074097,0.03304343298077583
747,30667,,,0.8704520463943481,0.5920159220695496,,
748,30708,,,,,1.5532467365264893,0.03288836404681206
748,30708,,,0.8514115214347839,0.5864481329917908,,
749,30749,,,,,1.553102731704712,0.03342674672603607
749,30749,,,0.8632464408874512,0.5745372772216797,,
750,30790,,,,,1.5523831844329834,0.03579378500580788
750,30790,,,0.8704790472984314,0.5758998394012451,,
751,30831,,,,,1.5519051551818848,0.037106774747371674
751,30831,,,0.8714826703071594,0.6060386300086975,,
752,30872,,,,,1.5524219274520874,0.03497740626335144
752,30872,,,0.8412337899208069,0.5595963597297668,,
753,30913,,,,,1.551934838294983,0.037124019116163254
753,30913,,,0.8637607097625732,0.5891938805580139,,
754,30954,,,,,1.5510386228561401,0.03720701485872269
754,30954,,,0.8982620239257812,0.5750585794448853,,
755,30995,,,,,1.551466464996338,0.03666040673851967
755,30995,,,0.8562985062599182,0.5606902241706848,,
756,31036,,,,,1.552052617073059,0.03577384725213051
756,31036,,,0.8633427619934082,0.5970082879066467,,
757,31077,,,,,1.5511459112167358,0.03814716637134552
757,31077,,,0.8902463316917419,0.5463546514511108,,
758,31118,,,,,1.552246332168579,0.036103248596191406
758,31118,,,0.8562154173851013,0.5727312564849854,,
759,31159,,,,,1.5529441833496094,0.036080870777368546
759,31159,,,0.8618285059928894,0.5879515409469604,,
760,31200,,,,,1.5531291961669922,0.03553235903382301
760,31200,,,0.8547797799110413,0.5629401206970215,,
761,31241,,,,,1.5536390542984009,0.03278551623225212
761,31241,,,0.8487565517425537,0.5668653845787048,,
762,31282,,,,,1.5535539388656616,0.03176499530673027
762,31282,,,0.8408665657043457,0.5979138612747192,,
763,31323,,,,,1.5548176765441895,0.030720340088009834
763,31323,,,0.8417892456054688,0.5362744927406311,,
764,31364,,,,,1.5550028085708618,0.03334875404834747
764,31364,,,0.8554790019989014,0.5434991121292114,,
765,31405,,,,,1.5539799928665161,0.03868163377046585
765,31405,,,0.8743541836738586,0.5762674808502197,,
766,31446,,,,,1.5531110763549805,0.03949347883462906
766,31446,,,0.8507782816886902,0.5626081228256226,,
767,31487,,,,,1.553425908088684,0.03988652303814888
767,31487,,,0.8814172744750977,0.5701890587806702,,
768,31528,,,,,1.5531524419784546,0.0371202751994133
768,31528,,,0.837219774723053,0.586302638053894,,
769,31569,,,,,1.552382230758667,0.03873845562338829
769,31569,,,0.8684186339378357,0.5313299894332886,,
770,31610,,,,,1.5517783164978027,0.04078328236937523
770,31610,,,0.8355732560157776,0.6040778756141663,,
771,31651,,,,,1.5517956018447876,0.0375811941921711
771,31651,,,0.8568087220191956,0.5812918543815613,,
772,31692,,,,,1.5513461828231812,0.04001551494002342
772,31692,,,0.8420805335044861,0.5933374762535095,,
773,31733,,,,,1.5508906841278076,0.041104160249233246
773,31733,,,0.8299930691719055,0.5935987234115601,,
774,31774,,,,,1.5512393712997437,0.04238319396972656
774,31774,,,0.8484817147254944,0.5818735361099243,,
775,31815,,,,,1.552321434020996,0.043027542531490326
775,31815,,,0.8600709438323975,0.5415131449699402,,
776,31856,,,,,1.551303744316101,0.042999960482120514
776,31856,,,0.8439626693725586,0.5909153819084167,,
777,31897,,,,,1.5504765510559082,0.043107639998197556
777,31897,,,0.8689512014389038,0.567405104637146,,
778,31938,,,,,1.5502240657806396,0.044346727430820465
778,31938,,,0.8738328218460083,0.5616441369056702,,
779,31979,,,,,1.5504217147827148,0.044312186539173126
779,31979,,,0.8533663749694824,0.5748699903488159,,
780,32020,,,,,1.5502817630767822,0.045675426721572876
780,32020,,,0.8683364391326904,0.5141907930374146,,
781,32061,,,,,1.549804925918579,0.04621794819831848
781,32061,,,0.8347665667533875,0.5811064839363098,,
782,32102,,,,,1.5496898889541626,0.04560955986380577
782,32102,,,0.8712798357009888,0.564964771270752,,
783,32143,,,,,1.5493665933609009,0.04840901866555214
783,32143,,,0.8615641593933105,0.5646995902061462,,
784,32184,,,,,1.5477592945098877,0.04872098192572594
784,32184,,,0.8496803641319275,0.5736051201820374,,
785,32225,,,,,1.549679160118103,0.04735931009054184
785,32225,,,0.8770948052406311,0.5484028458595276,,
786,32266,,,,,1.5497809648513794,0.04866626858711243
786,32266,,,0.8419975638389587,0.5815241932868958,,
787,32307,,,,,1.549811601638794,0.04833896830677986
787,32307,,,0.8316212892532349,0.6066259741783142,,
788,32348,,,,,1.549513339996338,0.04719359800219536
788,32348,,,0.8594590425491333,0.565964937210083,,
789,32389,,,,,1.5505495071411133,0.046528153121471405
789,32389,,,0.8714542984962463,0.5703833699226379,,
790,32430,,,,,1.550723671913147,0.04736959561705589
790,32430,,,0.8728634119033813,0.5544041991233826,,
791,32471,,,,,1.5500396490097046,0.04505598545074463
791,32471,,,0.8594040274620056,0.5863108038902283,,
792,32512,,,,,1.5489004850387573,0.046154607087373734
792,32512,,,0.873650074005127,0.560636579990387,,
793,32553,,,,,1.549429178237915,0.0496794730424881
793,32553,,,0.8573583960533142,0.5771585702896118,,
794,32594,,,,,1.5484439134597778,0.048355769366025925
794,32594,,,0.8995054364204407,0.5336739420890808,,
795,32635,,,,,1.5480848550796509,0.04865533858537674
795,32635,,,0.85190749168396,0.562190055847168,,
796,32676,,,,,1.5478720664978027,0.05040065944194794
796,32676,,,0.8707771301269531,0.5735533237457275,,
797,32717,,,,,1.5468906164169312,0.05322892591357231
797,32717,,,0.8667418956756592,0.5553249716758728,,
798,32758,,,,,1.5464156866073608,0.05448909103870392
798,32758,,,0.8521570563316345,0.5830144882202148,,
799,32799,,,,,1.5460189580917358,0.05518881231546402
799,32799,,,0.8575457334518433,0.553050696849823,,
800,32840,,,,,1.5467606782913208,0.0528537780046463
800,32840,,,0.8630992770195007,0.5443628430366516,,
801,32881,,,,,1.547492504119873,0.053523991256952286
801,32881,,,0.8511946797370911,0.5437455773353577,,
802,32922,,,,,1.5466105937957764,0.05480140447616577
802,32922,,,0.8658550381660461,0.5854929089546204,,
803,32963,,,,,1.5473970174789429,0.052060723304748535
803,32963,,,0.8966006636619568,0.5583443641662598,,
804,33004,,,,,1.5481388568878174,0.048395369201898575
804,33004,,,0.8376641869544983,0.6075074672698975,,
805,33045,,,,,1.548526406288147,0.04754139482975006
805,33045,,,0.8553067445755005,0.5778275728225708,,
806,33086,,,,,1.5484135150909424,0.0506131686270237
806,33086,,,0.857689380645752,0.5761792063713074,,
807,33127,,,,,1.5479792356491089,0.05067100375890732
807,33127,,,0.8569176197052002,0.5474486351013184,,
808,33168,,,,,1.54778254032135,0.05076868087053299
808,33168,,,0.8340381383895874,0.6120195984840393,,
809,33209,,,,,1.5469181537628174,0.052395328879356384
809,33209,,,0.8479418158531189,0.5624513030052185,,
810,33250,,,,,1.5466740131378174,0.05203475430607796
810,33250,,,0.852762758731842,0.5538526177406311,,
811,33291,,,,,1.5470002889633179,0.05054839327931404
811,33291,,,0.8644037246704102,0.5753273367881775,,
812,33332,,,,,1.5468010902404785,0.05144362896680832
812,33332,,,0.8593378663063049,0.5900990962982178,,
813,33373,,,,,1.54719078540802,0.04833148419857025
813,33373,,,0.8573225140571594,0.5830666422843933,,
814,33414,,,,,1.5484390258789062,0.046085111796855927
814,33414,,,0.8301202654838562,0.5815723538398743,,
815,33455,,,,,1.5488165616989136,0.047481831163167953
815,33455,,,0.8764369487762451,0.5823337435722351,,
816,33496,,,,,1.5481913089752197,0.05046400427818298
816,33496,,,0.8836771249771118,0.5392012000083923,,
817,33537,,,,,1.5490847826004028,0.047536253929138184
817,33537,,,0.8464388251304626,0.5568490624427795,,
818,33578,,,,,1.5495346784591675,0.046299323439598083
818,33578,,,0.8464623689651489,0.591481626033783,,
819,33619,,,,,1.548681616783142,0.04594556987285614
819,33619,,,0.859775722026825,0.5526376366615295,,
820,33660,,,,,1.5489140748977661,0.046663183718919754
820,33660,,,0.8618981838226318,0.5232763290405273,,
821,33701,,,,,1.548338532447815,0.04784442111849785
821,33701,,,0.8395286202430725,0.6034238934516907,,
822,33742,,,,,1.548671007156372,0.044869404286146164
822,33742,,,0.8198049664497375,0.5934199094772339,,
823,33783,,,,,1.548966407775879,0.04433966055512428
823,33783,,,0.8671791553497314,0.5677034258842468,,
824,33824,,,,,1.550342321395874,0.042379818856716156
824,33824,,,0.8513821959495544,0.5635764598846436,,
825,33865,,,,,1.5499426126480103,0.04389351233839989
825,33865,,,0.8319067358970642,0.6026846766471863,,
826,33906,,,,,1.5505104064941406,0.040825240314006805
826,33906,,,0.8458641767501831,0.5660642385482788,,
827,33947,,,,,1.5494744777679443,0.040472179651260376
827,33947,,,0.8371726274490356,0.581675112247467,,
828,33988,,,,,1.550551176071167,0.039934366941452026
828,33988,,,0.8658730983734131,0.5440675616264343,,
829,34029,,,,,1.5488916635513306,0.045461345463991165
829,34029,,,0.8388166427612305,0.5633450746536255,,
830,34070,,,,,1.5479023456573486,0.046667810529470444
830,34070,,,0.871022641658783,0.5571514964103699,,
831,34111,,,,,1.546981692314148,0.04545336961746216
831,34111,,,0.8811215758323669,0.5786275267601013,,
832,34152,,,,,1.5476422309875488,0.045265357941389084
832,34152,,,0.8526029586791992,0.5365699529647827,,
833,34193,,,,,1.5483267307281494,0.0437258780002594
833,34193,,,0.8159025311470032,0.5959197282791138,,
834,34234,,,,,1.5485492944717407,0.04435032233595848
834,34234,,,0.8568742275238037,0.5031141638755798,,
835,34275,,,,,1.5491163730621338,0.04612147808074951
835,34275,,,0.8651027083396912,0.5675923228263855,,
836,34316,,,,,1.5500906705856323,0.043459679931402206
836,34316,,,0.8499788641929626,0.5469459295272827,,
837,34357,,,,,1.550072193145752,0.041024405509233475
837,34357,,,0.8606814742088318,0.5603805184364319,,
838,34398,,,,,1.5495432615280151,0.04333396628499031
838,34398,,,0.8533694744110107,0.5514429807662964,,
839,34439,,,,,1.5489822626113892,0.043446484953165054
839,34439,,,0.8362818360328674,0.5835070610046387,,
840,34480,,,,,1.5488715171813965,0.04347696527838707
840,34480,,,0.8256832361221313,0.5693092346191406,,
841,34521,,,,,1.5487488508224487,0.04152149334549904
841,34521,,,0.8715366125106812,0.594462513923645,,
842,34562,,,,,1.548146367073059,0.04439881816506386
842,34562,,,0.8492390513420105,0.5600824356079102,,
843,34603,,,,,1.548660397529602,0.04485344886779785
843,34603,,,0.8377139568328857,0.5538436770439148,,
844,34644,,,,,1.5483859777450562,0.04619752615690231
844,34644,,,0.8199949264526367,0.5495905876159668,,
845,34685,,,,,1.5486162900924683,0.04612952098250389
845,34685,,,0.8928442001342773,0.5714402794837952,,
846,34726,,,,,1.5481605529785156,0.04743612930178642
846,34726,,,0.8673903942108154,0.593900740146637,,
847,34767,,,,,1.5484638214111328,0.04762813821434975
847,34767,,,0.8533332347869873,0.5736941695213318,,
848,34808,,,,,1.5475794076919556,0.04801598936319351
848,34808,,,0.8390527367591858,0.5843481421470642,,
849,34849,,,,,1.547061800956726,0.05095967277884483
849,34849,,,0.8608327507972717,0.57155841588974,,
850,34890,,,,,1.5473697185516357,0.051509592682123184
850,34890,,,0.8723588585853577,0.568527102470398,,
851,34931,,,,,1.548538327217102,0.05068343132734299
851,34931,,,0.8410420417785645,0.5737125277519226,,
852,34972,,,,,1.5470802783966064,0.05239003524184227
852,34972,,,0.8417018055915833,0.6017878651618958,,
853,35013,,,,,1.545859932899475,0.05522690713405609
853,35013,,,0.8439245223999023,0.5535677671432495,,
854,35054,,,,,1.5451545715332031,0.056884538382291794
854,35054,,,0.8553982377052307,0.5768758058547974,,
855,35095,,,,,1.544358491897583,0.05929671972990036
855,35095,,,0.86565101146698,0.5729117393493652,,
856,35136,,,,,1.5445588827133179,0.059589363634586334
856,35136,,,0.8980397582054138,0.542646050453186,,
857,35177,,,,,1.545791745185852,0.05773930996656418
857,35177,,,0.8235486745834351,0.5674329996109009,,
858,35218,,,,,1.5463566780090332,0.05826641991734505
858,35218,,,0.8307572603225708,0.5800954103469849,,
859,35259,,,,,1.5464472770690918,0.06094306707382202
859,35259,,,0.8159390091896057,0.5912377834320068,,
860,35300,,,,,1.5471574068069458,0.05993747338652611
860,35300,,,0.8740168213844299,0.5741612315177917,,
861,35341,,,,,1.5483139753341675,0.05680478736758232
861,35341,,,0.8500638008117676,0.5493085384368896,,
862,35382,,,,,1.5489534139633179,0.05619407445192337
862,35382,,,0.8518462777137756,0.5203041434288025,,
863,35423,,,,,1.5482537746429443,0.05558304116129875
863,35423,,,0.8414883613586426,0.5387145280838013,,
864,35464,,,,,1.5475645065307617,0.05740926042199135
864,35464,,,0.8760696053504944,0.5465356707572937,,
865,35505,,,,,1.546431064605713,0.0595717579126358
865,35505,,,0.8344859480857849,0.5861442685127258,,
866,35546,,,,,1.5455992221832275,0.0606750026345253
866,35546,,,0.8511425852775574,0.5834477543830872,,
867,35587,,,,,1.5458710193634033,0.05985776707530022
867,35587,,,0.8594270348548889,0.5652521848678589,,
868,35628,,,,,1.5459332466125488,0.06097910553216934
868,35628,,,0.8527855277061462,0.5326694250106812,,
869,35669,,,,,1.5456794500350952,0.05961722135543823
869,35669,,,0.8548319935798645,0.5890395641326904,,
870,35710,,,,,1.5451945066452026,0.06101306900382042
870,35710,,,0.8377523422241211,0.5969297289848328,,
871,35751,,,,,1.5452396869659424,0.06599600613117218
871,35751,,,0.8607876300811768,0.5443645715713501,,
872,35792,,,,,1.544723629951477,0.06608704477548599
872,35792,,,0.8509818315505981,0.5797991156578064,,
873,35833,,,,,1.5439794063568115,0.06659635156393051
873,35833,,,0.8645899891853333,0.5481945872306824,,
874,35874,,,,,1.5429035425186157,0.0709780901670456
874,35874,,,0.8442633748054504,0.5982668995857239,,
875,35915,,,,,1.5439709424972534,0.06878384947776794
875,35915,,,0.8516223430633545,0.5738547444343567,,
876,35956,,,,,1.544701337814331,0.06609687209129333
876,35956,,,0.8738489151000977,0.5539553165435791,,
877,35997,,,,,1.5449764728546143,0.0629243403673172
877,35997,,,0.8832629323005676,0.5364206433296204,,
878,36038,,,,,1.543372631072998,0.06472025066614151
878,36038,,,0.8692058324813843,0.6014695167541504,,
879,36079,,,,,1.5424621105194092,0.06700057536363602
879,36079,,,0.8813989162445068,0.5847523212432861,,
880,36120,,,,,1.5425180196762085,0.06527656316757202
880,36120,,,0.8538748621940613,0.5633440017700195,,
881,36161,,,,,1.541864275932312,0.06773930042982101
881,36161,,,0.8990022540092468,0.5887575149536133,,
882,36202,,,,,1.5421185493469238,0.0706060603260994
882,36202,,,0.8855683207511902,0.5585581064224243,,
883,36243,,,,,1.5423530340194702,0.0719221904873848
883,36243,,,0.858661949634552,0.5700457692146301,,
884,36284,,,,,1.543747901916504,0.06970196962356567
884,36284,,,0.861830472946167,0.572441816329956,,
885,36325,,,,,1.5433602333068848,0.068228580057621
885,36325,,,0.8507146239280701,0.5935804843902588,,
886,36366,,,,,1.5436010360717773,0.06830527633428574
886,36366,,,0.8784514665603638,0.5658711791038513,,
887,36407,,,,,1.5435733795166016,0.06829629093408585
887,36407,,,0.8860921859741211,0.5950132012367249,,
888,36448,,,,,1.543075442314148,0.06859374791383743
888,36448,,,0.8790125846862793,0.5733803510665894,,
889,36489,,,,,1.5430186986923218,0.06800778210163116
889,36489,,,0.8562564253807068,0.6127247214317322,,
890,36530,,,,,1.543940782546997,0.06601625680923462
890,36530,,,0.8627123832702637,0.5710521340370178,,
891,36571,,,,,1.5439984798431396,0.06466580927371979
891,36571,,,0.8609963655471802,0.5689340233802795,,
892,36612,,,,,1.5440043210983276,0.06487507373094559
892,36612,,,0.867318332195282,0.5688581466674805,,
893,36653,,,,,1.544428825378418,0.06308681517839432
893,36653,,,0.8566808104515076,0.5529686212539673,,
894,36694,,,,,1.544235348701477,0.06248601898550987
894,36694,,,0.8693413138389587,0.5797126293182373,,
895,36735,,,,,1.5440179109573364,0.06184811517596245
895,36735,,,0.9076297879219055,0.5621474385261536,,
896,36776,,,,,1.5433396100997925,0.06237996742129326
896,36776,,,0.8312972187995911,0.5912184119224548,,
897,36817,,,,,1.5437074899673462,0.0648297443985939
897,36817,,,0.8229929208755493,0.5742819905281067,,
898,36858,,,,,1.5444303750991821,0.0624980591237545
898,36858,,,0.8929288983345032,0.5391397476196289,,
899,36899,,,,,1.5441795587539673,0.0636567622423172
899,36899,,,0.8629564642906189,0.5787107944488525,,
900,36940,,,,,1.5448476076126099,0.06132781133055687
900,36940,,,0.8294589519500732,0.5440375804901123,,
901,36981,,,,,1.544750452041626,0.06263729929924011
901,36981,,,0.8435428142547607,0.5805101990699768,,
902,37022,,,,,1.5437781810760498,0.06293392181396484
902,37022,,,0.8813493251800537,0.577394425868988,,
903,37063,,,,,1.5439403057098389,0.061732519418001175
903,37063,,,0.8401235342025757,0.6084925532341003,,
904,37104,,,,,1.5446213483810425,0.06337153911590576
904,37104,,,0.8562074899673462,0.5837569832801819,,
905,37145,,,,,1.5432343482971191,0.06506913155317307
905,37145,,,0.8576955795288086,0.6019982099533081,,
906,37186,,,,,1.542921781539917,0.06589535623788834
906,37186,,,0.8605954051017761,0.5529625415802002,,
907,37227,,,,,1.542630910873413,0.06840518116950989
907,37227,,,0.8446575999259949,0.5796422958374023,,
908,37268,,,,,1.542128562927246,0.06871532648801804
908,37268,,,0.8663897514343262,0.6124874353408813,,
909,37309,,,,,1.5420163869857788,0.06805320084095001
909,37309,,,0.8422560095787048,0.5936064124107361,,
910,37350,,,,,1.5414172410964966,0.06989631801843643
910,37350,,,0.8419529795646667,0.5822237133979797,,
911,37391,,,,,1.5417472124099731,0.0678492859005928
911,37391,,,0.8594531416893005,0.5593595504760742,,
912,37432,,,,,1.5423771142959595,0.06918992847204208
912,37432,,,0.8448393940925598,0.5671302080154419,,
913,37473,,,,,1.5409820079803467,0.07301215082406998
913,37473,,,0.8348695635795593,0.576824426651001,,
914,37514,,,,,1.5424447059631348,0.07288477569818497
914,37514,,,0.8516423106193542,0.581756591796875,,
915,37555,,,,,1.5420784950256348,0.07199477404356003
915,37555,,,0.884613573551178,0.5738001465797424,,
916,37596,,,,,1.5419772863388062,0.06995635479688644
916,37596,,,0.8388926982879639,0.6003725528717041,,
917,37637,,,,,1.54128098487854,0.07164806127548218
917,37637,,,0.8610692024230957,0.5117345452308655,,
918,37678,,,,,1.5427175760269165,0.07052489370107651
918,37678,,,0.851404070854187,0.5839364528656006,,
919,37719,,,,,1.5423333644866943,0.06992631405591965
919,37719,,,0.8249279856681824,0.6151964068412781,,
920,37760,,,,,1.5420873165130615,0.07287593185901642
920,37760,,,0.8484469056129456,0.5812836289405823,,
921,37801,,,,,1.5415886640548706,0.07395031303167343
921,37801,,,0.8875921368598938,0.5588555932044983,,
922,37842,,,,,1.541548252105713,0.07852315157651901
922,37842,,,0.868108868598938,0.5684322118759155,,
923,37883,,,,,1.5418585538864136,0.07892221957445145
923,37883,,,0.8495226502418518,0.4998333156108856,,
924,37924,,,,,1.5422556400299072,0.07796729356050491
924,37924,,,0.8427745699882507,0.549731969833374,,
925,37965,,,,,1.5403450727462769,0.07872675359249115
925,37965,,,0.8313716650009155,0.5833832621574402,,
926,38006,,,,,1.5401194095611572,0.08041653782129288
926,38006,,,0.8553355932235718,0.5532326698303223,,
927,38047,,,,,1.540463924407959,0.07793072611093521
927,38047,,,0.8697038292884827,0.5854732394218445,,
928,38088,,,,,1.5417189598083496,0.07649784535169601
928,38088,,,0.84983891248703,0.5827258229255676,,
929,38129,,,,,1.5423357486724854,0.07322584837675095
929,38129,,,0.8580483198165894,0.5377566814422607,,
930,38170,,,,,1.5405752658843994,0.0760381743311882
930,38170,,,0.8314316868782043,0.6071503162384033,,
931,38211,,,,,1.540399432182312,0.07435476034879684
931,38211,,,0.8496754169464111,0.5916805863380432,,
932,38252,,,,,1.5395957231521606,0.07821742445230484
932,38252,,,0.8655400276184082,0.5612785816192627,,
933,38293,,,,,1.5411505699157715,0.07741669565439224
933,38293,,,0.8411369323730469,0.5653988122940063,,
934,38334,,,,,1.5423535108566284,0.07475827634334564
934,38334,,,0.8332013487815857,0.5933010578155518,,
935,38375,,,,,1.5428932905197144,0.07468364387750626
935,38375,,,0.8530303239822388,0.5781903862953186,,
936,38416,,,,,1.542724847793579,0.07722659409046173
936,38416,,,0.8328585624694824,0.5637369155883789,,
937,38457,,,,,1.542801856994629,0.07576129585504532
937,38457,,,0.853066623210907,0.5549100041389465,,
938,38498,,,,,1.542518138885498,0.07378426194190979
938,38498,,,0.8297638297080994,0.574525773525238,,
939,38539,,,,,1.5411964654922485,0.07628080993890762
939,38539,,,0.8119563460350037,0.5550101399421692,,
940,38580,,,,,1.5416451692581177,0.07742982357740402
940,38580,,,0.85543292760849,0.582797110080719,,
941,38621,,,,,1.542026400566101,0.0788726806640625
941,38621,,,0.8269374370574951,0.5532673597335815,,
942,38662,,,,,1.5417630672454834,0.07875864207744598
942,38662,,,0.8602633476257324,0.5522748231887817,,
943,38703,,,,,1.5417593717575073,0.07686608284711838
943,38703,,,0.8563167452812195,0.5689363479614258,,
944,38744,,,,,1.5411732196807861,0.07637228071689606
944,38744,,,0.8495342135429382,0.5869820713996887,,
945,38785,,,,,1.5408653020858765,0.07535077631473541
945,38785,,,0.8547491431236267,0.5565739870071411,,
946,38826,,,,,1.5401734113693237,0.07799594849348068
946,38826,,,0.851628839969635,0.5607753396034241,,
947,38867,,,,,1.5393143892288208,0.07996794581413269
947,38867,,,0.847262978553772,0.5722510814666748,,
948,38908,,,,,1.5386861562728882,0.08056804537773132
948,38908,,,0.847517728805542,0.5727201700210571,,
949,38949,,,,,1.5395430326461792,0.08026261627674103
949,38949,,,0.8044610619544983,0.6009934544563293,,
950,38990,,,,,1.5409953594207764,0.07789390534162521
950,38990,,,0.8571897149085999,0.5762976408004761,,
951,39031,,,,,1.540714144706726,0.07480792701244354
951,39031,,,0.8672758936882019,0.5891804695129395,,
952,39072,,,,,1.5414670705795288,0.07497921586036682
952,39072,,,0.8536217212677002,0.5840838551521301,,
953,39113,,,,,1.5415014028549194,0.07160341739654541
953,39113,,,0.8656742572784424,0.5817219018936157,,
954,39154,,,,,1.5425846576690674,0.07012367248535156
954,39154,,,0.8655118346214294,0.5285876393318176,,
955,39195,,,,,1.5427135229110718,0.06620652973651886
955,39195,,,0.8674612045288086,0.5462631583213806,,
956,39236,,,,,1.5431618690490723,0.06742848455905914
956,39236,,,0.8703047633171082,0.5477985143661499,,
957,39277,,,,,1.5417500734329224,0.07072225958108902
957,39277,,,0.8027639389038086,0.6006011366844177,,
958,39318,,,,,1.5407730340957642,0.0733698382973671
958,39318,,,0.81009840965271,0.5760168433189392,,
959,39359,,,,,1.5412187576293945,0.07424478232860565
959,39359,,,0.8316901326179504,0.5889372229576111,,
960,39400,,,,,1.5415151119232178,0.07536978274583817
960,39400,,,0.8538506627082825,0.5498619079589844,,
961,39441,,,,,1.5426075458526611,0.07474551349878311
961,39441,,,0.8303712010383606,0.5740358829498291,,
962,39482,,,,,1.542024850845337,0.07478877902030945
962,39482,,,0.8466371893882751,0.5693241357803345,,
963,39523,,,,,1.5417499542236328,0.07292214781045914
963,39523,,,0.8357113003730774,0.5796048045158386,,
964,39564,,,,,1.5426819324493408,0.07232563197612762
964,39564,,,0.85389244556427,0.5758223533630371,,
965,39605,,,,,1.5431879758834839,0.0713399276137352
965,39605,,,0.8661721348762512,0.5770171284675598,,
966,39646,,,,,1.5423678159713745,0.07274932414293289
966,39646,,,0.8346540927886963,0.5618805885314941,,
967,39687,,,,,1.5434489250183105,0.07334468513727188
967,39687,,,0.84230637550354,0.5576830506324768,,
968,39728,,,,,1.5425044298171997,0.077320396900177
968,39728,,,0.8740154504776001,0.5476468801498413,,
969,39769,,,,,1.541427493095398,0.0803883895277977
969,39769,,,0.844048261642456,0.5810524821281433,,
970,39810,,,,,1.5407230854034424,0.07755772024393082
970,39810,,,0.8797758221626282,0.5643345713615417,,
971,39851,,,,,1.5404378175735474,0.0778392106294632
971,39851,,,0.8946775794029236,0.588123619556427,,
972,39892,,,,,1.5420554876327515,0.07285062968730927
972,39892,,,0.889829695224762,0.539469838142395,,
973,39933,,,,,1.5430316925048828,0.07050932943820953
973,39933,,,0.8373615145683289,0.5992727279663086,,
974,39974,,,,,1.5428699254989624,0.07220128923654556
974,39974,,,0.8246992230415344,0.599583625793457,,
975,40015,,,,,1.542848825454712,0.07364781945943832
975,40015,,,0.8483044505119324,0.6075209975242615,,
976,40056,,,,,1.542262315750122,0.07667218893766403
976,40056,,,0.832687497138977,0.5850182771682739,,
977,40097,,,,,1.5418757200241089,0.08007054775953293
977,40097,,,0.8505608439445496,0.5504744648933411,,
978,40138,,,,,1.5421977043151855,0.08350641280412674
978,40138,,,0.8371363282203674,0.581995964050293,,
979,40179,,,,,1.5418872833251953,0.08506238460540771
979,40179,,,0.8572359681129456,0.5450341105461121,,
980,40220,,,,,1.542781949043274,0.08123761415481567
980,40220,,,0.8575842380523682,0.573483407497406,,
981,40261,,,,,1.54218590259552,0.07880100607872009
981,40261,,,0.8639207482337952,0.5621573328971863,,
982,40302,,,,,1.5418378114700317,0.07927669584751129
982,40302,,,0.8260954022407532,0.589523196220398,,
983,40343,,,,,1.5419745445251465,0.07888385653495789
983,40343,,,0.855400800704956,0.5480770468711853,,
984,40384,,,,,1.541679859161377,0.07837667316198349
984,40384,,,0.8619643449783325,0.5498979687690735,,
985,40425,,,,,1.542490005493164,0.07934074103832245
985,40425,,,0.8923932313919067,0.5574303865432739,,
986,40466,,,,,1.5430474281311035,0.07776208221912384
986,40466,,,0.8678064346313477,0.5738133192062378,,
987,40507,,,,,1.5417557954788208,0.08046460151672363
987,40507,,,0.8719724416732788,0.594825804233551,,
988,40548,,,,,1.5419704914093018,0.07595866173505783
988,40548,,,0.8590351939201355,0.5918262004852295,,
989,40589,,,,,1.5422966480255127,0.07555422186851501
989,40589,,,0.8564364910125732,0.5625044703483582,,
990,40630,,,,,1.5418000221252441,0.07380372285842896
990,40630,,,0.8477126359939575,0.5663821697235107,,
991,40671,,,,,1.5418330430984497,0.07411067187786102
991,40671,,,0.8432026505470276,0.5692141056060791,,
992,40712,,,,,1.5407943725585938,0.07598456740379333
992,40712,,,0.8649221062660217,0.5733557939529419,,
993,40753,,,,,1.540635585784912,0.07552030682563782
993,40753,,,0.8175178170204163,0.6073209047317505,,
994,40794,,,,,1.5411596298217773,0.07388554513454437
994,40794,,,0.8724081516265869,0.565660297870636,,
995,40835,,,,,1.5408462285995483,0.07640961557626724
995,40835,,,0.8495236039161682,0.5967261791229248,,
996,40876,,,,,1.5419507026672363,0.07307709008455276
996,40876,,,0.8690578937530518,0.5912010073661804,,
997,40917,,,,,1.5430244207382202,0.07209070026874542
997,40917,,,0.8536167740821838,0.5252411365509033,,
998,40958,,,,,1.5423030853271484,0.07274643331766129
998,40958,,,0.8700125813484192,0.5773179531097412,,
999,40999,,,,,1.5419330596923828,0.074226014316082
999,40999,,,0.8364778161048889,0.6031427979469299,,
1000,41040,,,,,1.5410767793655396,0.07390695810317993
1000,41040,,,0.8468279838562012,0.5947298407554626,,
1001,41081,,,,,1.5421124696731567,0.07192528247833252
1001,41081,,,0.85495525598526,0.5941887497901917,,
1002,41122,,,,,1.543054223060608,0.07240623235702515
1002,41122,,,0.844749927520752,0.5525681376457214,,
1003,41163,,,,,1.5418342351913452,0.07327359914779663
1003,41163,,,0.8862669467926025,0.5575253367424011,,
1004,41204,,,,,1.5417978763580322,0.07491820305585861
1004,41204,,,0.8521105051040649,0.5474329590797424,,
1005,41245,,,,,1.5414791107177734,0.07756819576025009
1005,41245,,,0.8163016438484192,0.5622438192367554,,
1006,41286,,,,,1.5410313606262207,0.07558678090572357
1006,41286,,,0.8508502840995789,0.6162187457084656,,
1007,41327,,,,,1.5400084257125854,0.07954543083906174
1007,41327,,,0.8669047355651855,0.5659182667732239,,
1008,41368,,,,,1.5399610996246338,0.08349285274744034
1008,41368,,,0.8476487398147583,0.5685136318206787,,
1009,41409,,,,,1.5395097732543945,0.08247144520282745
1009,41409,,,0.8602270483970642,0.5934439897537231,,
1010,41450,,,,,1.538588047027588,0.08267530798912048
1010,41450,,,0.8528658151626587,0.5699582099914551,,
1011,41491,,,,,1.53932785987854,0.08042591065168381
1011,41491,,,0.8747545480728149,0.5506712198257446,,
1012,41532,,,,,1.5412729978561401,0.07744396477937698
1012,41532,,,0.8429411053657532,0.5502666234970093,,
1013,41573,,,,,1.541529655456543,0.07736572623252869
1013,41573,,,0.8837514519691467,0.57527095079422,,
1014,41614,,,,,1.5419937372207642,0.08228573203086853
1014,41614,,,0.8487973213195801,0.5562794208526611,,
1015,41655,,,,,1.5419926643371582,0.0796448290348053
1015,41655,,,0.804774284362793,0.6013842821121216,,
1016,41696,,,,,1.5425324440002441,0.07883168756961823
1016,41696,,,0.805658221244812,0.6243611574172974,,
1017,41737,,,,,1.542664885520935,0.07802228629589081
1017,41737,,,0.8500397205352783,0.573232114315033,,
1018,41778,,,,,1.5419127941131592,0.08053046464920044
1018,41778,,,0.8442863821983337,0.5814657211303711,,
1019,41819,,,,,1.5421748161315918,0.08058363944292068
1019,41819,,,0.8509984612464905,0.5452424883842468,,
1020,41860,,,,,1.5418446063995361,0.08317527920007706
1020,41860,,,0.8335921764373779,0.5676015019416809,,
1021,41901,,,,,1.5414133071899414,0.0808403417468071
1021,41901,,,0.8555883765220642,0.607403576374054,,
1022,41942,,,,,1.540920376777649,0.08349340409040451
1022,41942,,,0.8800725340843201,0.5630338191986084,,
1023,41983,,,,,1.540458083152771,0.08236964792013168
1023,41983,,,0.8352272510528564,0.5636428594589233,,
1024,42024,,,,,1.5413631200790405,0.0807679146528244
1024,42024,,,0.8153572082519531,0.5940701365470886,,
1025,42065,,,,,1.5414128303527832,0.08006685227155685
1025,42065,,,0.8577988743782043,0.5835182666778564,,
1026,42106,,,,,1.5413026809692383,0.08068758249282837
1026,42106,,,0.8360441327095032,0.5913826823234558,,
1027,42147,,,,,1.5414143800735474,0.07924910634756088
1027,42147,,,0.838851273059845,0.6030376553535461,,
1028,42188,,,,,1.5417042970657349,0.08026667684316635
1028,42188,,,0.863525390625,0.5543937087059021,,
1029,42229,,,,,1.5413020849227905,0.07949241995811462
1029,42229,,,0.8358035087585449,0.5648847222328186,,
1030,42270,,,,,1.5412849187850952,0.0804448276758194
1030,42270,,,0.8589869141578674,0.6125845313072205,,
1031,42311,,,,,1.5408324003219604,0.08104640245437622
1031,42311,,,0.844746470451355,0.5690717101097107,,
1032,42352,,,,,1.5400489568710327,0.08392833173274994
1032,42352,,,0.8492429852485657,0.596004843711853,,
1033,42393,,,,,1.5400326251983643,0.08554641902446747
1033,42393,,,0.8519341945648193,0.5527490377426147,,
1034,42434,,,,,1.5384143590927124,0.08962240815162659
1034,42434,,,0.8224059343338013,0.6006139516830444,,
1035,42475,,,,,1.5381088256835938,0.08761229366064072
1035,42475,,,0.8240131139755249,0.614121675491333,,
1036,42516,,,,,1.5372687578201294,0.08987640589475632
1036,42516,,,0.8420072197914124,0.5922147035598755,,
1037,42557,,,,,1.5368958711624146,0.09060164541006088
1037,42557,,,0.8589356541633606,0.5694583058357239,,
1038,42598,,,,,1.5376532077789307,0.08941665291786194
1038,42598,,,0.8424797058105469,0.5842285752296448,,
1039,42639,,,,,1.5380691289901733,0.09057861566543579
1039,42639,,,0.8660838603973389,0.5534895658493042,,
1040,42680,,,,,1.5388718843460083,0.08910028636455536
1040,42680,,,0.8626087307929993,0.5975556969642639,,
1041,42721,,,,,1.53907310962677,0.08898251503705978
1041,42721,,,0.8860406875610352,0.5648463368415833,,
1042,42762,,,,,1.538889765739441,0.08733057975769043
1042,42762,,,0.8610007762908936,0.5899979472160339,,
1043,42803,,,,,1.5397511720657349,0.0842718854546547
1043,42803,,,0.8678932189941406,0.5582085847854614,,
1044,42844,,,,,1.540557622909546,0.08301202207803726
1044,42844,,,0.8588590025901794,0.5650475025177002,,
1045,42885,,,,,1.5386826992034912,0.08519992977380753
1045,42885,,,0.8530505895614624,0.5870481133460999,,
1046,42926,,,,,1.539355993270874,0.08507153391838074
1046,42926,,,0.8354566693305969,0.5821012854576111,,
1047,42967,,,,,1.5405646562576294,0.08353335410356522
1047,42967,,,0.8502925038337708,0.5874226689338684,,
1048,43008,,,,,1.5384348630905151,0.0879722461104393
1048,43008,,,0.8534666895866394,0.5825743079185486,,
1049,43049,,,,,1.5387542247772217,0.08528274297714233
1049,43049,,,0.8434428572654724,0.581254243850708,,
1050,43090,,,,,1.5394923686981201,0.0815153419971466
1050,43090,,,0.8347324132919312,0.5829372406005859,,
1051,43131,,,,,1.5403416156768799,0.0823906660079956
1051,43131,,,0.8352694511413574,0.5583293437957764,,
1052,43172,,,,,1.5405664443969727,0.08175268769264221
1052,43172,,,0.8466281294822693,0.5491582155227661,,
1053,43213,,,,,1.5403411388397217,0.08274134248495102
1053,43213,,,0.8274998664855957,0.6016474366188049,,
1054,43254,,,,,1.539698600769043,0.0809379369020462
1054,43254,,,0.8491277098655701,0.568898618221283,,
1055,43295,,,,,1.5399724245071411,0.0803082212805748
1055,43295,,,0.8559855222702026,0.5848285555839539,,
1056,43336,,,,,1.5390387773513794,0.08160834014415741
1056,43336,,,0.8431844711303711,0.5813809633255005,,
1057,43377,,,,,1.5383731126785278,0.08509283512830734
1057,43377,,,0.8687648177146912,0.5853531956672668,,
1058,43418,,,,,1.5389564037322998,0.08171319961547852
1058,43418,,,0.8821916580200195,0.5682960152626038,,
1059,43459,,,,,1.5404434204101562,0.08110447227954865
1059,43459,,,0.8777910470962524,0.5632971525192261,,
1060,43500,,,,,1.5399960279464722,0.08289022743701935
1060,43500,,,0.8795396685600281,0.554010272026062,,
1061,43541,,,,,1.5391101837158203,0.08462469279766083
1061,43541,,,0.8590988516807556,0.5625110864639282,,
1062,43582,,,,,1.5387481451034546,0.08641824126243591
1062,43582,,,0.8475126028060913,0.5362221002578735,,
1063,43623,,,,,1.5389599800109863,0.08374691009521484
1063,43623,,,0.8587104082107544,0.6156772971153259,,
1064,43664,,,,,1.5388511419296265,0.083786241710186
1064,43664,,,0.8207956552505493,0.5708415508270264,,
1065,43705,,,,,1.5392168760299683,0.08159314841032028
1065,43705,,,0.8361670970916748,0.5971251726150513,,
1066,43746,,,,,1.5390301942825317,0.08266490697860718
1066,43746,,,0.8321335315704346,0.5950481295585632,,
1067,43787,,,,,1.5401915311813354,0.0810464397072792
1067,43787,,,0.8518341779708862,0.5785697102546692,,
1068,43828,,,,,1.54001784324646,0.08146195858716965
1068,43828,,,0.8571487069129944,0.5807645916938782,,
1069,43869,,,,,1.541541337966919,0.08250356465578079
1069,43869,,,0.839944064617157,0.5962024927139282,,
1070,43910,,,,,1.5404940843582153,0.0832594633102417
1070,43910,,,0.8310979604721069,0.6097725033760071,,
1071,43951,,,,,1.539730429649353,0.08295658975839615
1071,43951,,,0.8753451108932495,0.589829683303833,,
1072,43992,,,,,1.539553165435791,0.084043949842453
1072,43992,,,0.87659752368927,0.5698874592781067,,
1073,44033,,,,,1.5395358800888062,0.08453679829835892
1073,44033,,,0.8515257239341736,0.6036885976791382,,
1074,44074,,,,,1.538034200668335,0.08742109686136246
1074,44074,,,0.8576242327690125,0.5578588843345642,,
1075,44115,,,,,1.5386658906936646,0.08694819360971451
1075,44115,,,0.8552004098892212,0.5665508508682251,,
1076,44156,,,,,1.5383727550506592,0.08812306821346283
1076,44156,,,0.8505228757858276,0.594895601272583,,
1077,44197,,,,,1.537223219871521,0.09122411161661148
1077,44197,,,0.8337397575378418,0.5814648866653442,,
1078,44238,,,,,1.536319375038147,0.09246420860290527
1078,44238,,,0.8594163060188293,0.5591514110565186,,
1079,44279,,,,,1.5364055633544922,0.09189508855342865
1079,44279,,,0.8370271325111389,0.5734299421310425,,
1080,44320,,,,,1.5377264022827148,0.08656056970357895
1080,44320,,,0.8152554035186768,0.6135746836662292,,
1081,44361,,,,,1.5372064113616943,0.08772826939821243
1081,44361,,,0.8631893396377563,0.6112899780273438,,
1082,44402,,,,,1.536792516708374,0.0901714339852333
1082,44402,,,0.8529351353645325,0.5699965953826904,,
1083,44443,,,,,1.5374177694320679,0.09044044464826584
1083,44443,,,0.8255591988563538,0.6030831933021545,,
1084,44484,,,,,1.5367136001586914,0.09101647138595581
1084,44484,,,0.8502724766731262,0.5744162201881409,,
1085,44525,,,,,1.5367051362991333,0.08921480923891068
1085,44525,,,0.8233404159545898,0.578374981880188,,
1086,44566,,,,,1.5377672910690308,0.09029655158519745
1086,44566,,,0.8415990471839905,0.5803514122962952,,
1087,44607,,,,,1.5369377136230469,0.09142452478408813
1087,44607,,,0.8347136974334717,0.5927206873893738,,
1088,44648,,,,,1.537089228630066,0.08943479508161545
1088,44648,,,0.8529613018035889,0.5779606103897095,,
1089,44689,,,,,1.5374020338058472,0.08636777848005295
1089,44689,,,0.817786455154419,0.6222766041755676,,
1090,44730,,,,,1.5380098819732666,0.08392766863107681
1090,44730,,,0.8525230884552002,0.5915089845657349,,
1091,44771,,,,,1.5392725467681885,0.08382812887430191
1091,44771,,,0.8392534852027893,0.5682516098022461,,
1092,44812,,,,,1.5392986536026,0.0825280100107193
1092,44812,,,0.8543419241905212,0.612835168838501,,
1093,44853,,,,,1.5393404960632324,0.08159680664539337
1093,44853,,,0.8513630032539368,0.5807814002037048,,
1094,44894,,,,,1.5396970510482788,0.08199136704206467
1094,44894,,,0.8325524926185608,0.5815082788467407,,
1095,44935,,,,,1.539236068725586,0.08294705301523209
1095,44935,,,0.8339274525642395,0.5910603404045105,,
1096,44976,,,,,1.5399340391159058,0.08526401221752167
1096,44976,,,0.833141028881073,0.5965778231620789,,
1097,45017,,,,,1.540409803390503,0.08123449236154556
1097,45017,,,0.8330550789833069,0.5721638202667236,,
1098,45058,,,,,1.540260910987854,0.0814962089061737
1098,45058,,,0.8570842146873474,0.5573875308036804,,
1099,45099,,,,,1.5394543409347534,0.08178793638944626
1099,45099,,,0.8724238872528076,0.5580112934112549,,
1100,45140,,,,,1.5398882627487183,0.08369333297014236
1100,45140,,,0.8371492028236389,0.6009642481803894,,
1101,45181,,,,,1.5376689434051514,0.08946125954389572
1101,45181,,,0.8381488919258118,0.5985057353973389,,
1102,45222,,,,,1.5367993116378784,0.09149625152349472
1102,45222,,,0.8439999222755432,0.5608476996421814,,
1103,45263,,,,,1.538008689880371,0.0888248085975647
1103,45263,,,0.847671627998352,0.6039382815361023,,
1104,45304,,,,,1.5378979444503784,0.08858813345432281
1104,45304,,,0.8639909625053406,0.5752906203269958,,
1105,45345,,,,,1.5372803211212158,0.09088974446058273
1105,45345,,,0.8337068557739258,0.6181184649467468,,
1106,45386,,,,,1.53774893283844,0.09048159420490265
1106,45386,,,0.8467297554016113,0.5725390911102295,,
1107,45427,,,,,1.5392365455627441,0.08678696304559708
1107,45427,,,0.8263218402862549,0.56758052110672,,
1108,45468,,,,,1.5389920473098755,0.09056440740823746
1108,45468,,,0.8612658977508545,0.5702522397041321,,
1109,45509,,,,,1.5374619960784912,0.09346503764390945
1109,45509,,,0.8230168223381042,0.6034678220748901,,
1110,45550,,,,,1.5371454954147339,0.09335571527481079
1110,45550,,,0.8699153065681458,0.5687352418899536,,
1111,45591,,,,,1.5373010635375977,0.09390953928232193
1111,45591,,,0.8343572616577148,0.5746829509735107,,
1112,45632,,,,,1.536807894706726,0.09580224007368088
1112,45632,,,0.8025598526000977,0.5833244323730469,,
1113,45673,,,,,1.5369088649749756,0.09437141567468643
1113,45673,,,0.8676891922950745,0.5902672410011292,,
1114,45714,,,,,1.536197304725647,0.09568236023187637
1114,45714,,,0.851524829864502,0.5886334776878357,,
1115,45755,,,,,1.5374391078948975,0.09369172900915146
1115,45755,,,0.8506670594215393,0.5736594200134277,,
1116,45796,,,,,1.538148283958435,0.09566254913806915
1116,45796,,,0.835323691368103,0.5903969407081604,,
1117,45837,,,,,1.5394426584243774,0.09740085154771805
1117,45837,,,0.8497073650360107,0.5718830227851868,,
1118,45878,,,,,1.5383412837982178,0.09826130419969559
1118,45878,,,0.8407325744628906,0.5793159604072571,,
1119,45919,,,,,1.538580298423767,0.09911112487316132
1119,45919,,,0.8933263421058655,0.574944019317627,,
1120,45960,,,,,1.5385966300964355,0.09894824028015137
1120,45960,,,0.8337368965148926,0.5549948215484619,,
1121,46001,,,,,1.537631869316101,0.09972143918275833
1121,46001,,,0.8597357273101807,0.5939136743545532,,
1122,46042,,,,,1.5375115871429443,0.09456627815961838
1122,46042,,,0.8348853588104248,0.591774582862854,,
1123,46083,,,,,1.5367339849472046,0.09597859531641006
1123,46083,,,0.856769859790802,0.5684614181518555,,
1124,46124,,,,,1.5356050729751587,0.09891566634178162
1124,46124,,,0.8471945524215698,0.5650962591171265,,
1125,46165,,,,,1.5363918542861938,0.10144815593957901
1125,46165,,,0.8639715909957886,0.5694652795791626,,
1126,46206,,,,,1.5365186929702759,0.09959156066179276
1126,46206,,,0.7894940972328186,0.6094198822975159,,
1127,46247,,,,,1.536332607269287,0.09938057512044907
1127,46247,,,0.85886549949646,0.5967539548873901,,
1128,46288,,,,,1.5355916023254395,0.1028500497341156
1128,46288,,,0.8389465808868408,0.5892122983932495,,
1129,46329,,,,,1.5344908237457275,0.10242316871881485
1129,46329,,,0.8525896072387695,0.6084120869636536,,
1130,46370,,,,,1.534807801246643,0.1029716208577156
1130,46370,,,0.8435373306274414,0.5866473317146301,,
1131,46411,,,,,1.5342332124710083,0.10395585000514984
1131,46411,,,0.8790121078491211,0.5847712755203247,,
1132,46452,,,,,1.533103585243225,0.10423813760280609
1132,46452,,,0.8219279050827026,0.6159520745277405,,
1133,46493,,,,,1.5339256525039673,0.10164935141801834
1133,46493,,,0.866364061832428,0.5273571610450745,,
1134,46534,,,,,1.5347269773483276,0.09856076538562775
1134,46534,,,0.8230363726615906,0.5703408718109131,,
1135,46575,,,,,1.5352956056594849,0.09621769934892654
1135,46575,,,0.8673430681228638,0.5587638020515442,,
1136,46616,,,,,1.535454273223877,0.09672404080629349
1136,46616,,,0.829900860786438,0.5888364911079407,,
1137,46657,,,,,1.5355596542358398,0.09803473949432373
1137,46657,,,0.7905372977256775,0.6155164241790771,,
1138,46698,,,,,1.535238265991211,0.09908692538738251
1138,46698,,,0.8202242255210876,0.5954788327217102,,
1139,46739,,,,,1.5361438989639282,0.09641428291797638
1139,46739,,,0.8334332704544067,0.5463984608650208,,
1140,46780,,,,,1.5370243787765503,0.09272877126932144
1140,46780,,,0.8602495789527893,0.558577299118042,,
1141,46821,,,,,1.5371922254562378,0.09128487855195999
1141,46821,,,0.8590748310089111,0.6109396815299988,,
1142,46862,,,,,1.5365275144577026,0.0936821699142456
1142,46862,,,0.8282874226570129,0.573296308517456,,
1143,46903,,,,,1.5367581844329834,0.09450056403875351
1143,46903,,,0.8854101300239563,0.5764352083206177,,
1144,46944,,,,,1.5371062755584717,0.0959596112370491
1144,46944,,,0.8202148079872131,0.5904343724250793,,
1145,46985,,,,,1.5375901460647583,0.09654268622398376
1145,46985,,,0.8570688962936401,0.5620190501213074,,
1146,47026,,,,,1.537407398223877,0.09547114372253418
1146,47026,,,0.8742669224739075,0.5829781889915466,,
1147,47067,,,,,1.5362993478775024,0.09764217585325241
1147,47067,,,0.8230993747711182,0.5965836644172668,,
1148,47108,,,,,1.5369940996170044,0.09534517675638199
1148,47108,,,0.8299671411514282,0.5969541668891907,,
1149,47149,,,,,1.536581039428711,0.09792296588420868
1149,47149,,,0.8427707552909851,0.5792346596717834,,
1150,47190,,,,,1.5356978178024292,0.10099739581346512
1150,47190,,,0.8450520038604736,0.5702319741249084,,
1151,47231,,,,,1.537084698677063,0.1007733941078186
1151,47231,,,0.8567518591880798,0.5715125799179077,,
1152,47272,,,,,1.5377156734466553,0.09600318223237991
1152,47272,,,0.889704167842865,0.5508240461349487,,
1153,47313,,,,,1.5382766723632812,0.09483658522367477
1153,47313,,,0.8339163661003113,0.5839342474937439,,
1154,47354,,,,,1.5375361442565918,0.09709534794092178
1154,47354,,,0.8205145001411438,0.6133055090904236,,
1155,47395,,,,,1.536054015159607,0.09840833395719528
1155,47395,,,0.8472272157669067,0.5641875863075256,,
1156,47436,,,,,1.5354896783828735,0.09698927402496338
1156,47436,,,0.8369972705841064,0.5863534808158875,,
1157,47477,,,,,1.5354433059692383,0.09534287452697754
1157,47477,,,0.8031259179115295,0.6036867499351501,,
1158,47518,,,,,1.535453200340271,0.09788419306278229
1158,47518,,,0.8660387992858887,0.5181771516799927,,
1159,47559,,,,,1.535969853401184,0.09721126407384872
1159,47559,,,0.8434343934059143,0.5827940702438354,,
1160,47600,,,,,1.5357798337936401,0.0947941243648529
1160,47600,,,0.8609302043914795,0.5902394652366638,,
1161,47641,,,,,1.5361387729644775,0.09315624833106995
1161,47641,,,0.8167246580123901,0.5634798407554626,,
1162,47682,,,,,1.5359880924224854,0.09506066888570786
1162,47682,,,0.8372018337249756,0.5924675464630127,,
1163,47723,,,,,1.5367982387542725,0.09333943575620651
1163,47723,,,0.8291597366333008,0.5957199931144714,,
1164,47764,,,,,1.5368328094482422,0.09074463695287704
1164,47764,,,0.820601224899292,0.5994186401367188,,
1165,47805,,,,,1.5370041131973267,0.09000811725854874
1165,47805,,,0.8301373720169067,0.5833321213722229,,
1166,47846,,,,,1.5387598276138306,0.08765147626399994
1166,47846,,,0.8484882116317749,0.5516252517700195,,
1167,47887,,,,,1.5391548871994019,0.08867717534303665
1167,47887,,,0.8462041616439819,0.5583829879760742,,
1168,47928,,,,,1.5399439334869385,0.08830735832452774
1168,47928,,,0.8566149473190308,0.5760535001754761,,
1169,47969,,,,,1.5392329692840576,0.09040806442499161
1169,47969,,,0.8503139615058899,0.5929644703865051,,
1170,48010,,,,,1.5362871885299683,0.09556830674409866
1170,48010,,,0.8557679653167725,0.6000356078147888,,
1171,48051,,,,,1.535761833190918,0.09847869724035263
1171,48051,,,0.8667650818824768,0.5792319774627686,,
1172,48092,,,,,1.5364761352539062,0.09395048022270203
1172,48092,,,0.822616457939148,0.5979228615760803,,
1173,48133,,,,,1.5362906455993652,0.09265639632940292
1173,48133,,,0.8715413808822632,0.584667980670929,,
1174,48174,,,,,1.5376262664794922,0.08857551962137222
1174,48174,,,0.8147143125534058,0.5948050618171692,,
1175,48215,,,,,1.537794589996338,0.08866484463214874
1175,48215,,,0.8083507418632507,0.60838782787323,,
1176,48256,,,,,1.5373973846435547,0.08875573426485062
1176,48256,,,0.8242769837379456,0.5990651845932007,,
1177,48297,,,,,1.5379602909088135,0.08767443150281906
1177,48297,,,0.8388714790344238,0.5831515789031982,,
1178,48338,,,,,1.5371836423873901,0.08822735399007797
1178,48338,,,0.8486799001693726,0.5999464392662048,,
1179,48379,,,,,1.536499261856079,0.09260568767786026
1179,48379,,,0.8179906606674194,0.5830287337303162,,
1180,48420,,,,,1.536810040473938,0.09234597533941269
1180,48420,,,0.8348362445831299,0.5946627855300903,,
1181,48461,,,,,1.5378743410110474,0.08925890177488327
1181,48461,,,0.8718827366828918,0.5697263479232788,,
1182,48502,,,,,1.537899136543274,0.08902232348918915
1182,48502,,,0.843207836151123,0.5902142524719238,,
1183,48543,,,,,1.53736412525177,0.08911331743001938
1183,48543,,,0.8528146743774414,0.5670618414878845,,
1184,48584,,,,,1.5371075868606567,0.09155289828777313
1184,48584,,,0.8444743156433105,0.5564419627189636,,
1185,48625,,,,,1.5380244255065918,0.0875939205288887
1185,48625,,,0.8576543927192688,0.5506730079650879,,
1186,48666,,,,,1.5391849279403687,0.08576834946870804
1186,48666,,,0.8604676127433777,0.5521655082702637,,
1187,48707,,,,,1.538010597229004,0.0893283411860466
1187,48707,,,0.8182485699653625,0.6009425520896912,,
1188,48748,,,,,1.5387670993804932,0.08668661117553711
1188,48748,,,0.8752705454826355,0.5569721460342407,,
1189,48789,,,,,1.5389137268066406,0.08328082412481308
1189,48789,,,0.8170459866523743,0.6282627582550049,,
1190,48830,,,,,1.5390859842300415,0.08274196833372116
1190,48830,,,0.8239178657531738,0.5531908273696899,,
1191,48871,,,,,1.5389950275421143,0.08467856794595718
1191,48871,,,0.8602725863456726,0.5782997012138367,,
1192,48912,,,,,1.5384483337402344,0.08550313860177994
1192,48912,,,0.8329088091850281,0.6056461334228516,,
1193,48953,,,,,1.538958191871643,0.08421729505062103
1193,48953,,,0.8522753715515137,0.5635062456130981,,
1194,48994,,,,,1.5388402938842773,0.08422543108463287
1194,48994,,,0.842857837677002,0.5939773321151733,,
1195,49035,,,,,1.5386836528778076,0.08813933283090591
1195,49035,,,0.8384518623352051,0.5482163429260254,,
1196,49076,,,,,1.5403860807418823,0.08264362066984177
1196,49076,,,0.8745072484016418,0.5813823342323303,,
1197,49117,,,,,1.539276361465454,0.0833282396197319
1197,49117,,,0.8239887356758118,0.5912457704544067,,
1198,49158,,,,,1.5392053127288818,0.08406751602888107
1198,49158,,,0.8474651575088501,0.5907319188117981,,
1199,49199,,,,,1.539793610572815,0.08009074628353119
1199,49199,,,0.8727555871009827,0.5481138229370117,,
1200,49240,,,,,1.5390372276306152,0.08224746584892273
1200,49240,,,0.8304651975631714,0.5968690514564514,,
1201,49281,,,,,1.5398006439208984,0.07748915255069733
1201,49281,,,0.8066930770874023,0.6043517589569092,,
1202,49322,,,,,1.5392649173736572,0.08179248124361038
1202,49322,,,0.856745183467865,0.5819981098175049,,
1203,49363,,,,,1.5385055541992188,0.08406565338373184
1203,49363,,,0.86141437292099,0.5700783133506775,,
1204,49404,,,,,1.5380851030349731,0.08372604846954346
1204,49404,,,0.8495241403579712,0.6051475405693054,,
1205,49445,,,,,1.5378187894821167,0.08699187636375427
1205,49445,,,0.8378662467002869,0.5792468190193176,,
1206,49486,,,,,1.5375275611877441,0.08581037819385529
1206,49486,,,0.8322405815124512,0.6127597689628601,,
1207,49527,,,,,1.5371925830841064,0.08708646148443222
1207,49527,,,0.8461905717849731,0.6016632914543152,,
1208,49568,,,,,1.5365984439849854,0.08946365863084793
1208,49568,,,0.8460446000099182,0.5886648893356323,,
1209,49609,,,,,1.5375040769577026,0.08872044086456299
1209,49609,,,0.8711159825325012,0.535210907459259,,
1210,49650,,,,,1.5377345085144043,0.08807338029146194
1210,49650,,,0.8387976884841919,0.6043379306793213,,
1211,49691,,,,,1.5378270149230957,0.08827906101942062
1211,49691,,,0.8400385975837708,0.5875059962272644,,
1212,49732,,,,,1.537962794303894,0.0890394002199173
1212,49732,,,0.862789511680603,0.586570143699646,,
1213,49773,,,,,1.5369489192962646,0.09097389131784439
1213,49773,,,0.8317322134971619,0.5887998938560486,,
1214,49814,,,,,1.537484884262085,0.08902385830879211
1214,49814,,,0.8309996724128723,0.5957509875297546,,
1215,49855,,,,,1.5373170375823975,0.08863767981529236
1215,49855,,,0.8455135822296143,0.5934777855873108,,
1216,49896,,,,,1.5364490747451782,0.08962249755859375
1216,49896,,,0.8231023550033569,0.5724697709083557,,
1217,49937,,,,,1.5371673107147217,0.08555205911397934
1217,49937,,,0.8795701861381531,0.5999128222465515,,
1218,49978,,,,,1.537083625793457,0.08559154719114304
1218,49978,,,0.8378424048423767,0.5999886393547058,,
1219,50019,,,,,1.5358836650848389,0.09010406583547592
1219,50019,,,0.830398678779602,0.5960686802864075,,
1220,50060,,,,,1.5362275838851929,0.0900711789727211
1220,50060,,,0.8498875498771667,0.5866436958312988,,
1221,50101,,,,,1.5373610258102417,0.08676184713840485
1221,50101,,,0.8654745817184448,0.6007583737373352,,
1222,50142,,,,,1.5372672080993652,0.08779693394899368
1222,50142,,,0.8318338990211487,0.5974692106246948,,
1223,50183,,,,,1.5385146141052246,0.08582501858472824
1223,50183,,,0.8886985778808594,0.5300880670547485,,
1224,50224,,,,,1.5390113592147827,0.08407364785671234
1224,50224,,,0.8540140390396118,0.5929614901542664,,
1225,50265,,,,,1.5390352010726929,0.08346577733755112
1225,50265,,,0.8308930993080139,0.5596519708633423,,
1226,50306,,,,,1.5407003164291382,0.07827148586511612
1226,50306,,,0.8495361804962158,0.5500275492668152,,
1227,50347,,,,,1.5410648584365845,0.07612713426351547
1227,50347,,,0.8317739963531494,0.5913084149360657,,
1228,50388,,,,,1.5427442789077759,0.07247933000326157
1228,50388,,,0.8105272650718689,0.5677806735038757,,
1229,50429,,,,,1.542574167251587,0.07231999188661575
1229,50429,,,0.8413467407226562,0.5590943694114685,,
1230,50470,,,,,1.5423730611801147,0.06867441534996033
1230,50470,,,0.8721814751625061,0.5667937397956848,,
1231,50511,,,,,1.5415560007095337,0.07000405341386795
1231,50511,,,0.8447602391242981,0.576636552810669,,
1232,50552,,,,,1.5403056144714355,0.07269317656755447
1232,50552,,,0.8405199646949768,0.5896876454353333,,
1233,50553,1.2923619747161865,0.3767957091331482,,,,
