epoch,step,test_loss,test_pcc,train_loss_epoch,train_pcc_epoch,val_loss,val_pcc
0,38,,,,,4.8496551513671875,0.09978955239057541
0,38,,,4.300408363342285,0.030486779287457466,,
1,77,,,,,4.731473922729492,0.20403248071670532
1,77,,,4.169695854187012,0.018833480775356293,,
2,116,,,,,4.720105171203613,0.24388962984085083
2,116,,,4.13207483291626,0.0876845195889473,,
3,155,,,,,4.692549705505371,0.25889667868614197
3,155,,,4.073040962219238,0.09356962889432907,,
4,194,,,,,4.687106132507324,0.270682156085968
4,194,,,4.135962963104248,0.057972975075244904,,
5,233,,,,,4.681759834289551,0.2770383954048157
5,233,,,4.097365856170654,0.06914007663726807,,
6,272,,,,,4.709605693817139,0.27165305614471436
6,272,,,3.9397947788238525,0.09013205021619797,,
7,311,,,,,4.691986560821533,0.2695728838443756
7,311,,,4.250848770141602,0.05384787544608116,,
8,350,,,,,4.691952705383301,0.2666064500808716
8,350,,,4.364739418029785,0.17417873442173004,,
9,389,,,,,4.674739360809326,0.2643232047557831
9,389,,,4.140572547912598,0.11150705069303513,,
10,428,,,,,4.658190727233887,0.2702852487564087
10,428,,,4.20544958114624,0.12761734426021576,,
11,467,,,,,4.628991603851318,0.2677140533924103
11,467,,,4.103601932525635,0.22797442972660065,,
12,506,,,,,4.631891250610352,0.2660621106624603
12,506,,,4.092183589935303,0.16300040483474731,,
13,545,,,,,4.621662139892578,0.26478105783462524
13,545,,,3.820796489715576,0.2798234820365906,,
14,584,,,,,4.578418254852295,0.27219319343566895
14,584,,,3.7355096340179443,0.30580246448516846,,
15,623,,,,,4.601975917816162,0.270612508058548
15,623,,,3.8336021900177,0.27703291177749634,,
16,662,,,,,4.576691627502441,0.26731228828430176
16,662,,,3.91020131111145,0.3098145127296448,,
17,701,,,,,4.532174110412598,0.2695532441139221
17,701,,,4.002244472503662,0.3277430534362793,,
18,740,,,,,4.504940032958984,0.27061283588409424
18,740,,,4.007440090179443,0.3704805076122284,,
19,779,,,,,4.55327033996582,0.26887205243110657
19,779,,,3.9417357444763184,0.339728981256485,,
20,818,,,,,4.560165882110596,0.2692703902721405
20,818,,,3.607492208480835,0.36318439245224,,
21,857,,,,,4.458477973937988,0.26796653866767883
21,857,,,3.650019645690918,0.4098421633243561,,
22,896,,,,,4.523188591003418,0.26627081632614136
22,896,,,3.763657331466675,0.3609241545200348,,
23,935,,,,,4.471707820892334,0.27127864956855774
23,935,,,3.5324835777282715,0.3858296275138855,,
24,974,,,,,4.449726581573486,0.2733602523803711
24,974,,,3.6575872898101807,0.37547439336776733,,
25,1013,,,,,4.4867730140686035,0.27388453483581543
25,1013,,,3.7033839225769043,0.36470523476600647,,
26,1052,,,,,4.568267345428467,0.27177751064300537
26,1052,,,3.588223934173584,0.4066256582736969,,
27,1091,,,,,4.587497711181641,0.27164772152900696
27,1091,,,3.5816242694854736,0.39862260222435,,
28,1130,,,,,4.550293445587158,0.2743600010871887
28,1130,,,3.4899866580963135,0.40010133385658264,,
29,1169,,,,,4.604083061218262,0.27409666776657104
29,1169,,,3.557556629180908,0.4222775399684906,,
30,1208,,,,,4.610997676849365,0.27307555079460144
30,1208,,,3.662247896194458,0.4079967439174652,,
31,1247,,,,,4.586028099060059,0.273200660943985
31,1247,,,3.387861490249634,0.42242202162742615,,
32,1286,,,,,4.677859306335449,0.272092342376709
32,1286,,,3.490440845489502,0.4179156422615051,,
33,1325,,,,,4.602321624755859,0.27494290471076965
33,1325,,,3.3807291984558105,0.4179016649723053,,
34,1364,,,,,4.587984561920166,0.2759755849838257
34,1364,,,3.568984270095825,0.4046245515346527,,
35,1403,,,,,4.659952640533447,0.2771373689174652
35,1403,,,3.41011118888855,0.4101419746875763,,
36,1442,,,,,4.635805606842041,0.27613550424575806
36,1442,,,3.518120050430298,0.4303394854068756,,
37,1481,,,,,4.700246810913086,0.27652618288993835
37,1481,,,3.460604190826416,0.39987531304359436,,
38,1520,,,,,4.555699348449707,0.27668923139572144
38,1520,,,3.540902853012085,0.40242692828178406,,
39,1559,,,,,4.6627936363220215,0.2757834196090698
39,1559,,,3.476332902908325,0.43596741557121277,,
40,1598,,,,,4.616549015045166,0.2755725383758545
40,1598,,,3.535728693008423,0.4036732614040375,,
41,1637,,,,,4.699102401733398,0.2764004170894623
41,1637,,,3.533099412918091,0.4182077944278717,,
42,1676,,,,,4.675877094268799,0.2742041349411011
42,1676,,,3.4196245670318604,0.44249391555786133,,
43,1715,,,,,4.692314624786377,0.27282842993736267
43,1715,,,3.4505412578582764,0.4134685695171356,,
44,1754,,,,,4.713609218597412,0.2733099162578583
44,1754,,,3.3448970317840576,0.41055014729499817,,
45,1793,,,,,4.64625358581543,0.27365589141845703
45,1793,,,3.40152907371521,0.4324348568916321,,
46,1832,,,,,4.719768524169922,0.27169346809387207
46,1832,,,3.4527974128723145,0.42960119247436523,,
47,1871,,,,,4.743282318115234,0.27177202701568604
47,1871,,,3.4049055576324463,0.430684357881546,,
48,1910,,,,,4.64169454574585,0.27043360471725464
48,1910,,,3.366595983505249,0.4283849895000458,,
49,1949,,,,,4.702285289764404,0.2687388062477112
49,1949,,,3.5871336460113525,0.42341193556785583,,
50,1988,,,,,4.591179370880127,0.2709490656852722
50,1988,,,3.4632909297943115,0.45388174057006836,,
51,2027,,,,,4.772251129150391,0.26900267601013184
51,2027,,,3.338944673538208,0.4241107106208801,,
52,2066,,,,,4.64513635635376,0.2700139284133911
52,2066,,,3.599738597869873,0.4161332845687866,,
53,2105,,,,,4.691149711608887,0.2684040069580078
53,2105,,,3.5309722423553467,0.4525938332080841,,
54,2144,,,,,4.639304161071777,0.2699792683124542
54,2144,,,3.1798484325408936,0.4506797790527344,,
55,2183,,,,,4.7068891525268555,0.27020981907844543
55,2183,,,3.425312042236328,0.43846023082733154,,
56,2222,,,,,4.6648359298706055,0.27175211906433105
56,2222,,,3.3635802268981934,0.43293341994285583,,
57,2261,,,,,4.660781383514404,0.2718731760978699
57,2261,,,3.426223039627075,0.4415090084075928,,
58,2300,,,,,4.639603137969971,0.26946428418159485
58,2300,,,3.447174072265625,0.43351587653160095,,
59,2339,,,,,4.6476287841796875,0.26984190940856934
59,2339,,,3.141373634338379,0.4536646902561188,,
60,2378,,,,,4.714449882507324,0.26856061816215515
60,2378,,,3.4493248462677,0.4664041996002197,,
61,2417,,,,,4.651261806488037,0.27124059200286865
61,2417,,,3.367495059967041,0.4578700065612793,,
62,2456,,,,,4.754335403442383,0.26885363459587097
62,2456,,,3.420292854309082,0.45688286423683167,,
63,2495,,,,,4.658690452575684,0.271230548620224
63,2495,,,3.4899046421051025,0.4382239580154419,,
64,2534,,,,,4.63943338394165,0.27071231603622437
64,2534,,,3.263291835784912,0.4445899426937103,,
65,2573,,,,,4.675538063049316,0.26958927512168884
65,2573,,,3.3760883808135986,0.4383991062641144,,
66,2612,,,,,4.62793493270874,0.27182450890541077
66,2612,,,3.3398969173431396,0.4538305699825287,,
67,2651,,,,,4.691989898681641,0.26971638202667236
67,2651,,,3.379136323928833,0.44705137610435486,,
68,2690,,,,,4.7220940589904785,0.27068063616752625
68,2690,,,3.344390392303467,0.42155763506889343,,
69,2729,,,,,4.684290409088135,0.26969653367996216
69,2729,,,3.3422234058380127,0.46477195620536804,,
70,2768,,,,,4.635014057159424,0.2673894762992859
70,2768,,,3.4533073902130127,0.4390522837638855,,
71,2807,,,,,4.695143699645996,0.26621150970458984
71,2807,,,3.2962772846221924,0.46720969676971436,,
72,2846,,,,,4.650378704071045,0.2663756012916565
72,2846,,,3.3675715923309326,0.4457594156265259,,
73,2885,,,,,4.697312355041504,0.2659156620502472
73,2885,,,3.217750072479248,0.46304452419281006,,
74,2924,,,,,4.717172145843506,0.2650350034236908
74,2924,,,3.1087565422058105,0.4684038460254669,,
75,2963,,,,,4.745431900024414,0.26434725522994995
75,2963,,,3.411757707595825,0.43260398507118225,,
76,3002,,,,,4.663434982299805,0.2671591639518738
76,3002,,,3.4402525424957275,0.4669606685638428,,
77,3041,,,,,4.636850357055664,0.26781538128852844
77,3041,,,3.4215307235717773,0.45826059579849243,,
78,3080,,,,,4.6864423751831055,0.2673925459384918
78,3080,,,3.4125611782073975,0.44626978039741516,,
79,3119,,,,,4.697604656219482,0.26524320244789124
79,3119,,,3.3347740173339844,0.44752344489097595,,
80,3158,,,,,4.682823657989502,0.26495811343193054
80,3158,,,3.301831007003784,0.43374618887901306,,
81,3197,,,,,4.680688381195068,0.2655999958515167
81,3197,,,3.392692804336548,0.4572067856788635,,
82,3236,,,,,4.712242603302002,0.26673242449760437
82,3236,,,3.196629047393799,0.45346349477767944,,
83,3275,,,,,4.647084712982178,0.2689649760723114
83,3275,,,3.3718934059143066,0.49689438939094543,,
84,3314,,,,,4.6890788078308105,0.2679829001426697
84,3314,,,3.213087320327759,0.4451296031475067,,
85,3353,,,,,4.711264610290527,0.2671327292919159
85,3353,,,3.3060145378112793,0.4665420651435852,,
86,3392,,,,,4.684072971343994,0.26636216044425964
86,3392,,,3.374504566192627,0.46824148297309875,,
87,3431,,,,,4.709980487823486,0.2661021947860718
87,3431,,,3.2610325813293457,0.45740175247192383,,
88,3470,,,,,4.67128849029541,0.2676045596599579
88,3470,,,3.2282943725585938,0.45134085416793823,,
89,3509,,,,,4.67910623550415,0.2684490978717804
89,3509,,,3.1839218139648438,0.477184921503067,,
90,3548,,,,,4.680637836456299,0.267229825258255
90,3548,,,3.29219651222229,0.43952667713165283,,
91,3587,,,,,4.639698028564453,0.2695050537586212
91,3587,,,3.375775098800659,0.45665663480758667,,
92,3626,,,,,4.62718391418457,0.26741430163383484
92,3626,,,3.251173257827759,0.4534653425216675,,
93,3665,,,,,4.650007724761963,0.2667989432811737
93,3665,,,3.201796770095825,0.46275895833969116,,
94,3704,,,,,4.635709285736084,0.26867255568504333
94,3704,,,3.3076789379119873,0.4776250422000885,,
95,3743,,,,,4.635339736938477,0.27108949422836304
95,3743,,,3.2859418392181396,0.4326079785823822,,
96,3782,,,,,4.687967777252197,0.27043959498405457
96,3782,,,3.2880167961120605,0.4806305468082428,,
97,3821,,,,,4.666057586669922,0.2710893154144287
97,3821,,,3.3231494426727295,0.4648747146129608,,
98,3860,,,,,4.643243312835693,0.27187445759773254
98,3860,,,3.387176990509033,0.47149595618247986,,
99,3899,,,,,4.676159381866455,0.27138108015060425
99,3899,,,3.219996929168701,0.47241273522377014,,
100,3938,,,,,4.669130802154541,0.2702762186527252
100,3938,,,3.3331446647644043,0.4617677927017212,,
101,3977,,,,,4.68717622756958,0.2713235020637512
101,3977,,,3.3140056133270264,0.470866858959198,,
102,4016,,,,,4.649506092071533,0.271898478269577
102,4016,,,3.294339656829834,0.47247299551963806,,
103,4055,,,,,4.686495304107666,0.2731464207172394
103,4055,,,3.3098137378692627,0.45875808596611023,,
104,4094,,,,,4.621406555175781,0.27626821398735046
104,4094,,,3.5176355838775635,0.46996787190437317,,
105,4133,,,,,4.661876678466797,0.27696967124938965
105,4133,,,3.0203938484191895,0.49033164978027344,,
106,4172,,,,,4.685506343841553,0.2755233645439148
106,4172,,,3.205875873565674,0.48714765906333923,,
107,4211,,,,,4.6798295974731445,0.27656030654907227
107,4211,,,3.274829149246216,0.47511932253837585,,
108,4250,,,,,4.6571784019470215,0.27995532751083374
108,4250,,,3.330944061279297,0.46225273609161377,,
109,4289,,,,,4.63857364654541,0.27914878726005554
109,4289,,,3.153745412826538,0.4736692011356354,,
110,4328,,,,,4.655728340148926,0.280839204788208
110,4328,,,3.0924243927001953,0.49287208914756775,,
111,4367,,,,,4.659806728363037,0.2817257046699524
111,4367,,,3.1504645347595215,0.4845229983329773,,
112,4406,,,,,4.651026725769043,0.2810441255569458
112,4406,,,3.4389076232910156,0.48185837268829346,,
113,4445,,,,,4.659956455230713,0.2802700996398926
113,4445,,,3.301309108734131,0.49544134736061096,,
114,4484,,,,,4.7061896324157715,0.2794780731201172
114,4484,,,3.1541330814361572,0.47151726484298706,,
115,4523,,,,,4.7205986976623535,0.27830439805984497
115,4523,,,3.2020657062530518,0.48917853832244873,,
116,4562,,,,,4.718322277069092,0.2789836525917053
116,4562,,,3.2153728008270264,0.4799696207046509,,
117,4601,,,,,4.672232151031494,0.2794680893421173
117,4601,,,3.302081346511841,0.4628646671772003,,
118,4640,,,,,4.644601345062256,0.27955901622772217
118,4640,,,3.3150861263275146,0.4862155020236969,,
119,4679,,,,,4.646078109741211,0.27949079871177673
119,4679,,,3.0403459072113037,0.4949984550476074,,
120,4718,,,,,4.699853897094727,0.2791205942630768
120,4718,,,3.1831047534942627,0.4875084459781647,,
121,4757,,,,,4.697092056274414,0.27879148721694946
121,4757,,,3.180870532989502,0.46466347575187683,,
122,4796,,,,,4.677236080169678,0.27898749709129333
122,4796,,,3.311870813369751,0.4610171318054199,,
123,4835,,,,,4.624289035797119,0.2817912995815277
123,4835,,,3.0506041049957275,0.464515745639801,,
124,4874,,,,,4.634253978729248,0.28405463695526123
124,4874,,,2.9977238178253174,0.5070714950561523,,
125,4913,,,,,4.613674163818359,0.28594380617141724
125,4913,,,3.2116539478302,0.4912480115890503,,
126,4952,,,,,4.643010139465332,0.28567036986351013
126,4952,,,3.2538704872131348,0.4687274992465973,,
127,4991,,,,,4.6545867919921875,0.2858455181121826
127,4991,,,3.049351453781128,0.4898220896720886,,
128,5030,,,,,4.680549144744873,0.28491827845573425
128,5030,,,2.936872720718384,0.4916000962257385,,
129,5069,,,,,4.6866326332092285,0.28568652272224426
129,5069,,,3.160224199295044,0.5185762643814087,,
130,5108,,,,,4.74029541015625,0.28670307993888855
130,5108,,,3.20487904548645,0.5019256472587585,,
131,5147,,,,,4.7509284019470215,0.2849650979042053
131,5147,,,3.2119388580322266,0.5190504789352417,,
132,5186,,,,,4.671775817871094,0.2868446409702301
132,5186,,,3.1098709106445312,0.4866555631160736,,
133,5225,,,,,4.696828365325928,0.2885604500770569
133,5225,,,3.1407854557037354,0.4758029282093048,,
134,5264,,,,,4.684657573699951,0.28950199484825134
134,5264,,,2.9180986881256104,0.4804137349128723,,
135,5303,,,,,4.670725345611572,0.28901705145835876
135,5303,,,3.2052464485168457,0.4662955701351166,,
136,5342,,,,,4.663489818572998,0.29037538170814514
136,5342,,,3.215256929397583,0.5134867429733276,,
137,5381,,,,,4.689703464508057,0.28859055042266846
137,5381,,,3.0851123332977295,0.5218668580055237,,
138,5420,,,,,4.716517925262451,0.287654310464859
138,5420,,,3.1897315979003906,0.4954177737236023,,
139,5459,,,,,4.715297698974609,0.2877272963523865
139,5459,,,3.234091281890869,0.5030608773231506,,
140,5498,,,,,4.713938236236572,0.28932812809944153
140,5498,,,3.046093463897705,0.4982858896255493,,
141,5537,,,,,4.722448825836182,0.29123052954673767
141,5537,,,3.236933469772339,0.5188390016555786,,
142,5576,,,,,4.701659202575684,0.2907991111278534
142,5576,,,3.2721638679504395,0.5057892203330994,,
143,5615,,,,,4.757246017456055,0.291271448135376
143,5615,,,3.241631031036377,0.49566763639450073,,
144,5654,,,,,4.738005638122559,0.2922194302082062
144,5654,,,3.191164970397949,0.49696409702301025,,
145,5693,,,,,4.735146999359131,0.29191333055496216
145,5693,,,3.2118396759033203,0.514612078666687,,
146,5732,,,,,4.705380916595459,0.2951677143573761
146,5732,,,2.711658477783203,0.5285237431526184,,
147,5771,,,,,4.699460983276367,0.29609328508377075
147,5771,,,3.0379912853240967,0.5103225708007812,,
148,5810,,,,,4.708103656768799,0.2980208098888397
148,5810,,,3.1911511421203613,0.5006120800971985,,
149,5849,,,,,4.716958999633789,0.29859769344329834
149,5849,,,3.1553611755371094,0.5110474824905396,,
150,5888,,,,,4.711910247802734,0.29897254705429077
150,5888,,,2.9772517681121826,0.5033562779426575,,
151,5927,,,,,4.707863807678223,0.29870960116386414
151,5927,,,3.191753625869751,0.5021466016769409,,
152,5966,,,,,4.721641540527344,0.2981679439544678
152,5966,,,2.9613704681396484,0.5211414694786072,,
153,6005,,,,,4.7541985511779785,0.29782795906066895
153,6005,,,3.039790153503418,0.512144923210144,,
154,6044,,,,,4.778609752655029,0.29844310879707336
154,6044,,,2.8877270221710205,0.5229049921035767,,
155,6083,,,,,4.751626014709473,0.2980663776397705
155,6083,,,2.9009969234466553,0.5282856225967407,,
156,6122,,,,,4.759761810302734,0.29768964648246765
156,6122,,,3.066648483276367,0.5038573145866394,,
157,6161,,,,,4.76041841506958,0.29855218529701233
157,6161,,,2.97294545173645,0.4996609389781952,,
158,6200,,,,,4.7766642570495605,0.30012407898902893
158,6200,,,2.99019193649292,0.5033508539199829,,
159,6239,,,,,4.739877700805664,0.3027594983577728
159,6239,,,3.047173023223877,0.4831881821155548,,
160,6278,,,,,4.750181198120117,0.3031873404979706
160,6278,,,2.8188977241516113,0.49115586280822754,,
161,6317,,,,,4.762579441070557,0.3019478917121887
161,6317,,,3.0162816047668457,0.5142367482185364,,
162,6356,,,,,4.74924898147583,0.3037737011909485
162,6356,,,2.855851173400879,0.514038622379303,,
163,6395,,,,,4.723763465881348,0.3048131763935089
163,6395,,,3.1396820545196533,0.5206129550933838,,
164,6434,,,,,4.775765419006348,0.30566686391830444
164,6434,,,2.993670701980591,0.5056909918785095,,
165,6473,,,,,4.765539646148682,0.30594831705093384
165,6473,,,3.046253204345703,0.5212165713310242,,
166,6512,,,,,4.776552677154541,0.30422306060791016
166,6512,,,2.7752082347869873,0.545693039894104,,
167,6551,,,,,4.756373405456543,0.30621087551116943
167,6551,,,3.0224382877349854,0.5131403207778931,,
168,6590,,,,,4.7747578620910645,0.3065703809261322
168,6590,,,3.062281608581543,0.5054254531860352,,
169,6629,,,,,4.769647121429443,0.3054918050765991
169,6629,,,3.0954034328460693,0.5215309262275696,,
170,6668,,,,,4.7915873527526855,0.3052193522453308
170,6668,,,2.920624017715454,0.4984428584575653,,
171,6707,,,,,4.806056022644043,0.30539530515670776
171,6707,,,3.0892326831817627,0.49031227827072144,,
172,6746,,,,,4.786783695220947,0.3069044351577759
172,6746,,,2.9049458503723145,0.5172257423400879,,
173,6785,,,,,4.792318820953369,0.30744653940200806
173,6785,,,3.0043842792510986,0.5311704874038696,,
174,6824,,,,,4.810169696807861,0.3070718050003052
174,6824,,,3.005218029022217,0.554152250289917,,
175,6863,,,,,4.8707966804504395,0.3068782389163971
175,6863,,,3.0011606216430664,0.5256444811820984,,
176,6902,,,,,4.8807902336120605,0.30547788739204407
176,6902,,,3.084498405456543,0.5215794444084167,,
177,6941,,,,,4.888982772827148,0.3053015470504761
177,6941,,,2.9217467308044434,0.5027218461036682,,
178,6980,,,,,4.832752227783203,0.30732351541519165
178,6980,,,3.128575086593628,0.5085351467132568,,
179,7019,,,,,4.834843635559082,0.30610746145248413
179,7019,,,3.0949528217315674,0.5176845192909241,,
180,7058,,,,,4.854102611541748,0.3056797981262207
180,7058,,,2.8936235904693604,0.5519457459449768,,
181,7097,,,,,4.87460470199585,0.3055797517299652
181,7097,,,2.8201963901519775,0.5332226157188416,,
182,7136,,,,,4.896493911743164,0.3052440583705902
182,7136,,,3.084894895553589,0.5067816376686096,,
183,7175,,,,,4.903593063354492,0.305779367685318
183,7175,,,2.8444619178771973,0.5035329461097717,,
184,7214,,,,,4.890390396118164,0.30599337816238403
184,7214,,,2.9231581687927246,0.531697690486908,,
185,7253,,,,,4.944262981414795,0.3057214021682739
185,7253,,,3.098344087600708,0.49603745341300964,,
186,7292,,,,,4.876923561096191,0.3071400225162506
186,7292,,,2.9405596256256104,0.5411310195922852,,
187,7331,,,,,4.9041948318481445,0.30707380175590515
187,7331,,,2.835568904876709,0.5642589926719666,,
188,7370,,,,,4.928565502166748,0.3067861497402191
188,7370,,,2.9633874893188477,0.5289160013198853,,
189,7409,,,,,4.922140598297119,0.30573439598083496
189,7409,,,2.8112123012542725,0.5424038767814636,,
190,7448,,,,,4.903877258300781,0.30611804127693176
190,7448,,,2.875612258911133,0.5583236813545227,,
191,7487,,,,,4.907314777374268,0.3063491880893707
191,7487,,,2.6225247383117676,0.5723249912261963,,
192,7526,,,,,4.966039180755615,0.30620667338371277
192,7526,,,2.8760719299316406,0.552530825138092,,
193,7565,,,,,4.993679523468018,0.3054957389831543
193,7565,,,2.684520959854126,0.5483710169792175,,
194,7604,,,,,4.9242987632751465,0.3064478635787964
194,7604,,,2.7752771377563477,0.5192819237709045,,
195,7643,,,,,4.972118377685547,0.3033078908920288
195,7643,,,2.7531962394714355,0.5330342054367065,,
196,7682,,,,,4.904743671417236,0.30798181891441345
196,7682,,,2.7269129753112793,0.5307703018188477,,
197,7721,,,,,4.915033340454102,0.308047354221344
197,7721,,,2.750401735305786,0.5419187545776367,,
198,7760,,,,,4.891663551330566,0.30957600474357605
198,7760,,,2.675447463989258,0.5774710178375244,,
199,7799,,,,,4.865036964416504,0.3102935552597046
199,7799,,,2.658940553665161,0.5374601483345032,,
200,7838,,,,,4.955506324768066,0.3087508976459503
200,7838,,,2.6954784393310547,0.5504276752471924,,
201,7877,,,,,4.908618927001953,0.30918481945991516
201,7877,,,2.7560060024261475,0.5480859279632568,,
202,7916,,,,,4.98429536819458,0.3062332272529602
202,7916,,,2.7956132888793945,0.5223867893218994,,
203,7955,,,,,4.955211162567139,0.3068378269672394
203,7955,,,2.9547581672668457,0.5678933262825012,,
204,7994,,,,,4.95462703704834,0.3067702054977417
204,7994,,,2.748148202896118,0.5140345096588135,,
205,8033,,,,,4.996960163116455,0.3056487441062927
205,8033,,,2.7452733516693115,0.5717929005622864,,
206,8072,,,,,5.039520263671875,0.3022465407848358
206,8072,,,2.763178586959839,0.571617066860199,,
207,8111,,,,,5.000565528869629,0.30385828018188477
207,8111,,,2.8457438945770264,0.5616616606712341,,
208,8150,,,,,4.9786458015441895,0.30286887288093567
208,8150,,,2.7991626262664795,0.5291701555252075,,
209,8189,,,,,5.004180431365967,0.30225011706352234
209,8189,,,2.842487096786499,0.5759241580963135,,
210,8228,,,,,5.032817840576172,0.3017059564590454
210,8228,,,2.670161485671997,0.5660712718963623,,
211,8267,,,,,5.085124969482422,0.2991407811641693
211,8267,,,2.783883810043335,0.5519267320632935,,
212,8306,,,,,5.105920314788818,0.2988211512565613
212,8306,,,2.8320977687835693,0.5813747048377991,,
213,8345,,,,,5.124448776245117,0.2982915937900543
213,8345,,,2.714348554611206,0.5384488701820374,,
214,8384,,,,,5.111291408538818,0.29951852560043335
214,8384,,,2.654208183288574,0.5895447731018066,,
215,8423,,,,,5.114919185638428,0.29876431822776794
215,8423,,,2.828503370285034,0.5455897450447083,,
216,8462,,,,,5.123220920562744,0.29902780055999756
216,8462,,,2.8035502433776855,0.5684758424758911,,
217,8501,,,,,5.051119327545166,0.30055537819862366
217,8501,,,2.8777623176574707,0.5494197010993958,,
218,8540,,,,,5.083479881286621,0.2971712648868561
218,8540,,,2.7832205295562744,0.5312078595161438,,
219,8579,,,,,5.029543399810791,0.300264835357666
219,8579,,,2.6135029792785645,0.5652071833610535,,
220,8618,,,,,5.093564510345459,0.29909393191337585
220,8618,,,2.61795973777771,0.5932675004005432,,
221,8657,,,,,5.167156219482422,0.29797759652137756
221,8657,,,2.573878049850464,0.5533654689788818,,
222,8696,,,,,5.049553394317627,0.3007301688194275
222,8696,,,2.507160186767578,0.5532751083374023,,
223,8735,,,,,5.087350368499756,0.2999083697795868
223,8735,,,2.647322177886963,0.5754928588867188,,
224,8774,,,,,5.025823593139648,0.30208656191825867
224,8774,,,2.6353702545166016,0.5500276684761047,,
225,8813,,,,,5.071718215942383,0.2978242337703705
225,8813,,,2.7166249752044678,0.5392935872077942,,
226,8852,,,,,5.036561489105225,0.2995249330997467
226,8852,,,2.8029725551605225,0.5522053837776184,,
227,8891,,,,,5.156400680541992,0.29515963792800903
227,8891,,,2.6067495346069336,0.5649287104606628,,
228,8930,,,,,5.265489101409912,0.29131242632865906
228,8930,,,2.7392101287841797,0.5272346138954163,,
229,8969,,,,,5.153453826904297,0.29544171690940857
229,8969,,,2.7411749362945557,0.5814938545227051,,
230,9008,,,,,5.173055171966553,0.29690539836883545
230,9008,,,2.743107557296753,0.5875837802886963,,
231,9047,,,,,5.229565620422363,0.29351264238357544
231,9047,,,2.634509325027466,0.5927351713180542,,
232,9086,,,,,5.2283101081848145,0.29339736700057983
232,9086,,,2.716158628463745,0.5769940614700317,,
233,9125,,,,,5.280194282531738,0.2905619740486145
233,9125,,,2.634148359298706,0.6047673225402832,,
234,9164,,,,,5.261530876159668,0.2905046045780182
234,9164,,,2.610673666000366,0.5584251880645752,,
235,9203,,,,,5.245236873626709,0.2906828820705414
235,9203,,,2.567200183868408,0.6037440896034241,,
236,9242,,,,,5.358513832092285,0.2876434624195099
236,9242,,,2.6741433143615723,0.5450108051300049,,
237,9281,,,,,5.246237754821777,0.29131200909614563
237,9281,,,2.5477097034454346,0.5809711813926697,,
238,9320,,,,,5.300014495849609,0.28796011209487915
238,9320,,,2.670893430709839,0.5724050402641296,,
239,9359,,,,,5.334179401397705,0.2870134711265564
239,9359,,,2.5763816833496094,0.5780335068702698,,
240,9398,,,,,5.367023944854736,0.2860252857208252
240,9398,,,2.618433713912964,0.5754466652870178,,
241,9437,,,,,5.323623180389404,0.2860966622829437
241,9437,,,2.47414231300354,0.5536766052246094,,
242,9476,,,,,5.25123405456543,0.2899448871612549
242,9476,,,2.550137519836426,0.6186495423316956,,
243,9515,,,,,5.317233562469482,0.28631076216697693
243,9515,,,2.6936683654785156,0.5784146189689636,,
244,9554,,,,,5.312957763671875,0.28416213393211365
244,9554,,,2.616694211959839,0.5660886168479919,,
245,9593,,,,,5.303176403045654,0.28580737113952637
245,9593,,,2.6094868183135986,0.5821218490600586,,
246,9632,,,,,5.365776062011719,0.2814852297306061
246,9632,,,2.5868098735809326,0.5632445812225342,,
247,9671,,,,,5.385558605194092,0.27917754650115967
247,9671,,,2.4526071548461914,0.5968736410140991,,
248,9710,,,,,5.349013328552246,0.2797240912914276
248,9710,,,2.6575517654418945,0.5783817172050476,,
249,9749,,,,,5.296616077423096,0.2842755615711212
249,9749,,,2.576505184173584,0.5785661339759827,,
250,9788,,,,,5.360518455505371,0.28233200311660767
250,9788,,,2.654301881790161,0.5818378925323486,,
251,9827,,,,,5.350456714630127,0.2821543216705322
251,9827,,,2.509969472885132,0.5974388718605042,,
252,9866,,,,,5.362776756286621,0.27950331568717957
252,9866,,,2.6945207118988037,0.547156035900116,,
253,9905,,,,,5.37243127822876,0.28078314661979675
253,9905,,,2.566145896911621,0.5947924256324768,,
254,9944,,,,,5.4175801277160645,0.2787657678127289
254,9944,,,2.5743026733398438,0.6272818446159363,,
255,9983,,,,,5.3926897048950195,0.27821627259254456
255,9983,,,2.4541797637939453,0.5857316255569458,,
256,10022,,,,,5.3403425216674805,0.2807041108608246
256,10022,,,2.5606095790863037,0.5582575798034668,,
257,10061,,,,,5.412314414978027,0.27683430910110474
257,10061,,,2.5617802143096924,0.574685275554657,,
258,10100,,,,,5.395539283752441,0.280129075050354
258,10100,,,2.510709762573242,0.582686722278595,,
259,10139,,,,,5.359740257263184,0.27951663732528687
259,10139,,,2.41426157951355,0.5962686538696289,,
260,10178,,,,,5.3035101890563965,0.28510499000549316
260,10178,,,2.594574213027954,0.6310643553733826,,
261,10217,,,,,5.401982307434082,0.2826649844646454
261,10217,,,2.484227180480957,0.626175582408905,,
262,10256,,,,,5.404786586761475,0.2794463038444519
262,10256,,,2.4969823360443115,0.580275297164917,,
263,10295,,,,,5.377650260925293,0.2831432521343231
263,10295,,,2.649545669555664,0.5973808765411377,,
264,10334,,,,,5.457023620605469,0.27871695160865784
264,10334,,,2.485208511352539,0.5846838355064392,,
265,10373,,,,,5.3939619064331055,0.28250783681869507
265,10373,,,2.531515598297119,0.6078202724456787,,
266,10412,,,,,5.520013809204102,0.27441537380218506
266,10412,,,2.6319680213928223,0.5741103887557983,,
267,10451,,,,,5.562992572784424,0.2741008698940277
267,10451,,,2.4635560512542725,0.6264282464981079,,
268,10490,,,,,5.574591636657715,0.2731137275695801
268,10490,,,2.655082941055298,0.5963488221168518,,
269,10529,,,,,5.474308013916016,0.27822476625442505
269,10529,,,2.498335599899292,0.6145228147506714,,
270,10568,,,,,5.591362476348877,0.26992475986480713
270,10568,,,2.5952327251434326,0.6076265573501587,,
271,10607,,,,,5.514172077178955,0.2740415632724762
271,10607,,,2.423917531967163,0.5945567488670349,,
272,10646,,,,,5.433747291564941,0.27692684531211853
272,10646,,,2.552138090133667,0.5505245327949524,,
273,10685,,,,,5.471362590789795,0.2740936875343323
273,10685,,,2.476410388946533,0.556772768497467,,
274,10724,,,,,5.498835563659668,0.2761852443218231
274,10724,,,2.548546552658081,0.6189152002334595,,
275,10763,,,,,5.593817710876465,0.27148696780204773
275,10763,,,2.481510877609253,0.5976182818412781,,
276,10802,,,,,5.522512435913086,0.27510353922843933
276,10802,,,2.56014347076416,0.5673774480819702,,
277,10841,,,,,5.520646572113037,0.2730136513710022
277,10841,,,2.49655818939209,0.5513389110565186,,
278,10880,,,,,5.574044704437256,0.27195101976394653
278,10880,,,2.4418842792510986,0.5941932797431946,,
279,10919,,,,,5.476923942565918,0.2735784351825714
279,10919,,,2.575165033340454,0.5928640365600586,,
280,10958,,,,,5.4677414894104,0.2728327512741089
280,10958,,,2.419452667236328,0.6065359711647034,,
281,10997,,,,,5.384632110595703,0.2751326858997345
281,10997,,,2.5165584087371826,0.6017967462539673,,
282,11036,,,,,5.516223430633545,0.26939675211906433
282,11036,,,2.4650371074676514,0.5840773582458496,,
283,11075,,,,,5.519929885864258,0.2706559896469116
283,11075,,,2.5462849140167236,0.5832270979881287,,
284,11114,,,,,5.563865661621094,0.2697705328464508
284,11114,,,2.460200071334839,0.6165401339530945,,
285,11153,,,,,5.580413341522217,0.2650779187679291
285,11153,,,2.4992873668670654,0.5903382897377014,,
286,11192,,,,,5.565519332885742,0.27208513021469116
286,11192,,,2.5152435302734375,0.6100331544876099,,
287,11231,,,,,5.693929672241211,0.26330262422561646
287,11231,,,2.4805455207824707,0.577041506767273,,
288,11270,,,,,5.632168292999268,0.26763975620269775
288,11270,,,2.3588333129882812,0.6267715096473694,,
289,11309,,,,,5.604567527770996,0.2688106596469879
289,11309,,,2.448050022125244,0.6115342378616333,,
290,11348,,,,,5.648842811584473,0.2664194405078888
290,11348,,,2.5491678714752197,0.5874501466751099,,
291,11387,,,,,5.585780620574951,0.26391375064849854
291,11387,,,2.4313509464263916,0.6221169829368591,,
292,11426,,,,,5.441882610321045,0.27068352699279785
292,11426,,,2.366485118865967,0.5787403583526611,,
293,11465,,,,,5.533346176147461,0.2659716308116913
293,11465,,,2.419299364089966,0.6048838496208191,,
294,11504,,,,,5.584139347076416,0.26213517785072327
294,11504,,,2.4845635890960693,0.6234948635101318,,
295,11543,,,,,5.734404563903809,0.25714555382728577
295,11543,,,2.413132667541504,0.6221914291381836,,
296,11582,,,,,5.6211018562316895,0.2645660638809204
296,11582,,,2.348031997680664,0.5818849205970764,,
297,11621,,,,,5.571446418762207,0.2647106647491455
297,11621,,,2.324289083480835,0.6033614873886108,,
298,11660,,,,,5.620053291320801,0.2645488679409027
298,11660,,,2.4925358295440674,0.6048111915588379,,
299,11699,,,,,5.65014123916626,0.2657403349876404
299,11699,,,2.523607015609741,0.6092581152915955,,
300,11738,,,,,5.763044357299805,0.2596144676208496
300,11738,,,2.43977952003479,0.5816654562950134,,
301,11777,,,,,5.80042839050293,0.2589368224143982
301,11777,,,2.447552442550659,0.594718873500824,,
302,11816,,,,,5.688150405883789,0.2637590169906616
302,11816,,,2.314152240753174,0.5793834328651428,,
303,11855,,,,,5.6215715408325195,0.26668792963027954
303,11855,,,2.410742998123169,0.5934033393859863,,
304,11894,,,,,5.675717353820801,0.26230406761169434
304,11894,,,2.519789934158325,0.5592160820960999,,
305,11933,,,,,5.670063495635986,0.2591228783130646
305,11933,,,2.5088093280792236,0.6147829294204712,,
306,11972,,,,,5.724061012268066,0.25521552562713623
306,11972,,,2.220331907272339,0.6163470149040222,,
307,12011,,,,,5.742018222808838,0.2564091682434082
307,12011,,,2.3166191577911377,0.622583270072937,,
308,12050,,,,,5.791978359222412,0.2516026794910431
308,12050,,,2.483576774597168,0.5846863985061646,,
309,12089,,,,,5.870800971984863,0.25289127230644226
309,12089,,,2.3722734451293945,0.6066649556159973,,
310,12128,,,,,5.779069900512695,0.26230815052986145
310,12128,,,2.3429319858551025,0.6058177947998047,,
311,12167,,,,,5.789144515991211,0.2552970349788666
311,12167,,,2.504594564437866,0.6054081916809082,,
312,12206,,,,,5.7862091064453125,0.25301069021224976
312,12206,,,2.355775833129883,0.6151415109634399,,
313,12245,,,,,5.742083549499512,0.2563379406929016
313,12245,,,2.3006985187530518,0.590643048286438,,
314,12284,,,,,5.796865463256836,0.2557559311389923
314,12284,,,2.3805034160614014,0.6130132675170898,,
315,12323,,,,,5.820635795593262,0.2545115649700165
315,12323,,,2.3821635246276855,0.6328282356262207,,
316,12362,,,,,5.844333648681641,0.25636494159698486
316,12362,,,2.3018016815185547,0.6575830578804016,,
317,12401,,,,,5.881658554077148,0.25316867232322693
317,12401,,,2.290010929107666,0.6166619658470154,,
318,12440,,,,,5.857746601104736,0.2482529729604721
318,12440,,,2.360574245452881,0.614263117313385,,
319,12479,,,,,5.838005542755127,0.24976634979248047
319,12479,,,2.3303654193878174,0.5932300090789795,,
320,12518,,,,,5.901333332061768,0.24828681349754333
320,12518,,,2.4795782566070557,0.6069856286048889,,
321,12557,,,,,5.802614212036133,0.24935124814510345
321,12557,,,2.273918867111206,0.6276026964187622,,
322,12596,,,,,5.770856857299805,0.253038614988327
322,12596,,,2.4168756008148193,0.6067014336585999,,
323,12635,,,,,5.848066806793213,0.24279166758060455
323,12635,,,2.479297637939453,0.6036927700042725,,
324,12674,,,,,5.9070210456848145,0.24346421658992767
324,12674,,,2.5054728984832764,0.5915425419807434,,
325,12713,,,,,5.758201599121094,0.25112953782081604
325,12713,,,2.4836604595184326,0.6064558029174805,,
326,12752,,,,,5.718088150024414,0.2520071566104889
326,12752,,,2.2666728496551514,0.6152259707450867,,
327,12791,,,,,5.712926387786865,0.2527120113372803
327,12791,,,2.3016741275787354,0.5910336971282959,,
328,12830,,,,,5.753879070281982,0.2477351874113083
328,12830,,,2.3743748664855957,0.590129017829895,,
329,12869,,,,,5.655725955963135,0.2506901025772095
329,12869,,,2.3745994567871094,0.5889332890510559,,
330,12908,,,,,5.800769805908203,0.24398185312747955
330,12908,,,2.1992220878601074,0.6000328063964844,,
331,12947,,,,,5.902026176452637,0.237070232629776
331,12947,,,2.381606340408325,0.5926845073699951,,
332,12986,,,,,5.941501617431641,0.2362518161535263
332,12986,,,2.279726028442383,0.5931451916694641,,
333,13025,,,,,5.85603666305542,0.24647295475006104
333,13025,,,2.3296079635620117,0.6373926997184753,,
334,13064,,,,,5.960901737213135,0.2401508390903473
334,13064,,,2.357175827026367,0.6225897669792175,,
335,13103,,,,,5.967721462249756,0.23782962560653687
335,13103,,,2.3702938556671143,0.6060259938240051,,
336,13142,,,,,5.795077323913574,0.24256211519241333
336,13142,,,2.311070442199707,0.5733513236045837,,
337,13181,,,,,5.743582248687744,0.24524785578250885
337,13181,,,2.2918684482574463,0.6408159136772156,,
338,13220,,,,,5.896518707275391,0.2423151135444641
338,13220,,,2.445063591003418,0.6161870956420898,,
339,13259,,,,,5.854619026184082,0.23971910774707794
339,13259,,,2.3671212196350098,0.6347706913948059,,
340,13298,,,,,5.934342861175537,0.2365720421075821
340,13298,,,2.3919856548309326,0.5961836576461792,,
341,13337,,,,,5.952022552490234,0.23794230818748474
341,13337,,,2.266859769821167,0.6328509449958801,,
342,13376,,,,,5.962894916534424,0.23740358650684357
342,13376,,,2.2509372234344482,0.6063392758369446,,
343,13415,,,,,5.99308443069458,0.23251625895500183
343,13415,,,2.292496919631958,0.6027370691299438,,
344,13454,,,,,5.981140613555908,0.23562610149383545
344,13454,,,2.3436572551727295,0.6329085230827332,,
345,13493,,,,,5.829633712768555,0.2357950657606125
345,13493,,,2.4981637001037598,0.5882431268692017,,
346,13532,,,,,5.833934307098389,0.23895250260829926
346,13532,,,2.256209373474121,0.6265122890472412,,
347,13571,,,,,5.887413024902344,0.23540258407592773
347,13571,,,2.2518599033355713,0.6205673217773438,,
348,13610,,,,,5.885331153869629,0.23934705555438995
348,13610,,,2.440824508666992,0.6232777833938599,,
349,13649,,,,,5.718960762023926,0.24748796224594116
349,13649,,,2.3770225048065186,0.598075807094574,,
350,13688,,,,,5.833506107330322,0.2377074658870697
350,13688,,,2.3408970832824707,0.6067672371864319,,
351,13727,,,,,5.831017017364502,0.2312897890806198
351,13727,,,2.2932865619659424,0.5555405020713806,,
352,13766,,,,,5.83957052230835,0.2355683296918869
352,13766,,,2.3964335918426514,0.6504055261611938,,
353,13805,,,,,5.858509540557861,0.23755387961864471
353,13805,,,2.297480344772339,0.6395854353904724,,
354,13844,,,,,5.905224323272705,0.23152413964271545
354,13844,,,2.204956531524658,0.627497673034668,,
355,13883,,,,,5.896006107330322,0.233089417219162
355,13883,,,2.336555004119873,0.6215569972991943,,
356,13922,,,,,5.941621780395508,0.2351009100675583
356,13922,,,2.261716604232788,0.6511753797531128,,
357,13961,,,,,5.985780239105225,0.22561632096767426
357,13961,,,2.3651113510131836,0.6274033784866333,,
358,14000,,,,,6.047062873840332,0.22063258290290833
358,14000,,,2.3146114349365234,0.621757447719574,,
359,14039,,,,,5.908350467681885,0.22903627157211304
359,14039,,,2.20038104057312,0.5945379734039307,,
360,14078,,,,,6.000113010406494,0.23186847567558289
360,14078,,,2.2666773796081543,0.6322187781333923,,
361,14117,,,,,5.979846477508545,0.23165783286094666
361,14117,,,2.143364429473877,0.6171742081642151,,
362,14156,,,,,5.903762340545654,0.23272696137428284
362,14156,,,2.2261829376220703,0.5677734017372131,,
363,14195,,,,,5.796107769012451,0.23490019142627716
363,14195,,,2.328157901763916,0.5888693332672119,,
364,14234,,,,,5.75291633605957,0.23283816874027252
364,14234,,,2.131767511367798,0.6371085047721863,,
365,14273,,,,,5.679550647735596,0.23554284870624542
365,14273,,,2.235684871673584,0.624696671962738,,
366,14312,,,,,5.754918098449707,0.23040226101875305
366,14312,,,2.2916483879089355,0.6067099571228027,,
367,14351,,,,,5.693429470062256,0.23518487811088562
367,14351,,,2.2384932041168213,0.6313227415084839,,
368,14390,,,,,5.826548099517822,0.22751940786838531
368,14390,,,2.278531312942505,0.6328833699226379,,
369,14429,,,,,5.820865154266357,0.2291707843542099
369,14429,,,2.292581796646118,0.6010162234306335,,
370,14468,,,,,5.849432468414307,0.2316771149635315
370,14468,,,2.16741943359375,0.6812800765037537,,
371,14507,,,,,5.878901958465576,0.23109140992164612
371,14507,,,2.1286497116088867,0.6298878192901611,,
372,14546,,,,,5.906652450561523,0.22347959876060486
372,14546,,,2.246886730194092,0.6223598718643188,,
373,14585,,,,,5.894610404968262,0.22689315676689148
373,14585,,,2.1881415843963623,0.6261314153671265,,
374,14624,,,,,5.911357879638672,0.22700850665569305
374,14624,,,2.270050525665283,0.6216545104980469,,
375,14663,,,,,6.004242420196533,0.22302602231502533
375,14663,,,2.273906946182251,0.642604410648346,,
376,14702,,,,,5.9416279792785645,0.22331370413303375
376,14702,,,2.1869747638702393,0.6502892971038818,,
377,14741,,,,,5.921337127685547,0.22679519653320312
377,14741,,,2.273231029510498,0.6201875805854797,,
378,14780,,,,,5.863568305969238,0.22229447960853577
378,14780,,,2.4176666736602783,0.6149615049362183,,
379,14819,,,,,5.783328056335449,0.22711174190044403
379,14819,,,2.311724901199341,0.630319356918335,,
380,14858,,,,,5.776364803314209,0.2238033562898636
380,14858,,,2.2900822162628174,0.6196359395980835,,
381,14897,,,,,5.859929084777832,0.22089220583438873
381,14897,,,2.2642204761505127,0.6608574986457825,,
382,14936,,,,,5.78311014175415,0.22577042877674103
382,14936,,,2.2831358909606934,0.603712797164917,,
383,14975,,,,,5.899308681488037,0.21798476576805115
383,14975,,,2.217226028442383,0.6261091232299805,,
384,15014,,,,,6.03853702545166,0.21339306235313416
384,15014,,,2.1338839530944824,0.6454674601554871,,
385,15053,,,,,5.828973770141602,0.219401016831398
385,15053,,,2.395374059677124,0.6315008997917175,,
386,15092,,,,,5.81536340713501,0.220949187874794
386,15092,,,2.218494415283203,0.6291738748550415,,
387,15131,,,,,5.857509136199951,0.22220280766487122
387,15131,,,2.236804723739624,0.6432613134384155,,
388,15170,,,,,5.821961402893066,0.22017274796962738
388,15170,,,2.122511625289917,0.6125097274780273,,
389,15209,,,,,5.951669692993164,0.21548299491405487
389,15209,,,2.131718635559082,0.623285710811615,,
390,15248,,,,,5.970461368560791,0.21722348034381866
390,15248,,,2.258312702178955,0.6186125874519348,,
391,15287,,,,,6.007662296295166,0.20935684442520142
391,15287,,,2.1922569274902344,0.6451523900032043,,
392,15326,,,,,6.003669261932373,0.21356379985809326
392,15326,,,2.181680202484131,0.6287270784378052,,
393,15365,,,,,5.933563232421875,0.21387088298797607
393,15365,,,2.354414224624634,0.5898982286453247,,
394,15404,,,,,6.08284854888916,0.2100394070148468
394,15404,,,2.2114481925964355,0.6661224365234375,,
395,15443,,,,,6.067079544067383,0.21563935279846191
395,15443,,,2.310678720474243,0.634756326675415,,
396,15482,,,,,5.921656131744385,0.22032132744789124
396,15482,,,2.2997703552246094,0.6048393249511719,,
397,15521,,,,,5.996343612670898,0.21773813664913177
397,15521,,,2.1300837993621826,0.6291250586509705,,
398,15560,,,,,5.952353477478027,0.21932116150856018
398,15560,,,2.2327558994293213,0.5989660620689392,,
399,15599,,,,,5.982158184051514,0.21631912887096405
399,15599,,,2.2501330375671387,0.5789233446121216,,
400,15638,,,,,6.018743515014648,0.2196747064590454
400,15638,,,2.175900459289551,0.6302789449691772,,
401,15677,,,,,6.066030979156494,0.21524354815483093
401,15677,,,2.1112987995147705,0.6424477100372314,,
402,15716,,,,,6.002120494842529,0.21865591406822205
402,15716,,,2.186640501022339,0.6239916682243347,,
403,15755,,,,,6.041182518005371,0.21379727125167847
403,15755,,,2.2072041034698486,0.6582273840904236,,
404,15794,,,,,6.037312030792236,0.21568357944488525
404,15794,,,2.1601943969726562,0.6449775099754333,,
405,15833,,,,,5.984551906585693,0.21667519211769104
405,15833,,,2.222576379776001,0.5699974298477173,,
406,15872,,,,,5.930163860321045,0.2223716825246811
406,15872,,,2.227224111557007,0.6390330195426941,,
407,15911,,,,,5.9892802238464355,0.22256292402744293
407,15911,,,2.078937292098999,0.6356623768806458,,
408,15950,,,,,5.910055160522461,0.22631262242794037
408,15950,,,2.2402968406677246,0.6650334000587463,,
409,15989,,,,,6.005232334136963,0.2167969048023224
409,15989,,,2.213930130004883,0.5891613960266113,,
410,16028,,,,,6.012157440185547,0.21422316133975983
410,16028,,,2.3057780265808105,0.6211376786231995,,
411,16067,,,,,6.014700412750244,0.21477584540843964
411,16067,,,2.1400339603424072,0.6076571941375732,,
412,16106,,,,,5.954226493835449,0.21345005929470062
412,16106,,,2.201260805130005,0.6271848678588867,,
413,16145,,,,,6.027176856994629,0.212480828166008
413,16145,,,2.1722145080566406,0.6367772221565247,,
414,16184,,,,,5.995622158050537,0.21506048738956451
414,16184,,,2.1041364669799805,0.6272679567337036,,
415,16223,,,,,6.003008842468262,0.21299481391906738
415,16223,,,2.0272936820983887,0.6552547812461853,,
416,16262,,,,,6.0589599609375,0.20832614600658417
416,16262,,,2.257563352584839,0.6063616275787354,,
417,16301,,,,,6.09447717666626,0.20992958545684814
417,16301,,,2.12426495552063,0.5893062949180603,,
418,16340,,,,,6.024625301361084,0.21242713928222656
418,16340,,,2.123875379562378,0.6352992057800293,,
419,16379,,,,,5.988097667694092,0.21124909818172455
419,16379,,,2.2479536533355713,0.609944760799408,,
420,16418,,,,,6.030190467834473,0.20730982720851898
420,16418,,,2.2136242389678955,0.610928475856781,,
421,16457,,,,,5.930097579956055,0.2119886726140976
421,16457,,,2.1523361206054688,0.5992521643638611,,
422,16496,,,,,6.014954090118408,0.2070401906967163
422,16496,,,2.1093921661376953,0.6632810831069946,,
423,16535,,,,,6.03628396987915,0.21477562189102173
423,16535,,,2.1705403327941895,0.6534615755081177,,
424,16574,,,,,6.041153430938721,0.21755027770996094
424,16574,,,1.9777965545654297,0.6943265199661255,,
425,16613,,,,,6.1524434089660645,0.2112063765525818
425,16613,,,2.0342180728912354,0.651104748249054,,
426,16652,,,,,6.17825984954834,0.20831479132175446
426,16652,,,2.146052837371826,0.6275609135627747,,
427,16691,,,,,5.992408275604248,0.21588481962680817
427,16691,,,1.8759386539459229,0.6161332130432129,,
428,16730,,,,,6.063435077667236,0.2111586183309555
428,16730,,,2.1606388092041016,0.6577622294425964,,
429,16769,,,,,6.14548921585083,0.2103608399629593
429,16769,,,2.1020522117614746,0.656651496887207,,
430,16808,,,,,6.135873317718506,0.2085886150598526
430,16808,,,2.0631263256073,0.6275824308395386,,
431,16847,,,,,6.142890453338623,0.2061598002910614
431,16847,,,2.0360653400421143,0.6304994225502014,,
432,16886,,,,,6.055990219116211,0.2154637575149536
432,16886,,,2.100994110107422,0.6529828310012817,,
433,16925,,,,,6.094017505645752,0.20930375158786774
433,16925,,,2.04817795753479,0.6173064112663269,,
434,16964,,,,,6.083326816558838,0.20884867012500763
434,16964,,,2.146265983581543,0.6456083059310913,,
435,17003,,,,,6.019547939300537,0.2133292406797409
435,17003,,,2.2320351600646973,0.6434301733970642,,
436,17042,,,,,6.042764186859131,0.2092130035161972
436,17042,,,2.1114180088043213,0.658013641834259,,
437,17081,,,,,6.298793792724609,0.19950509071350098
437,17081,,,2.057443380355835,0.6660770177841187,,
438,17120,,,,,6.169366359710693,0.20900288224220276
438,17120,,,1.9397672414779663,0.6381956338882446,,
439,17159,,,,,6.212015628814697,0.2095928192138672
439,17159,,,2.1420998573303223,0.6386505961418152,,
440,17198,,,,,6.115962505340576,0.20502598583698273
440,17198,,,2.166718006134033,0.6118252873420715,,
441,17237,,,,,5.961915969848633,0.2136533260345459
441,17237,,,2.219805955886841,0.639823317527771,,
442,17276,,,,,5.996030330657959,0.20975346863269806
442,17276,,,2.16196870803833,0.6125568747520447,,
443,17315,,,,,5.901839733123779,0.21849192678928375
443,17315,,,2.1443800926208496,0.6609691977500916,,
444,17354,,,,,5.985413074493408,0.20997074246406555
444,17354,,,2.179244041442871,0.6178431510925293,,
445,17393,,,,,5.992003917694092,0.20991264283657074
445,17393,,,2.1059393882751465,0.6696167588233948,,
446,17432,,,,,6.060935974121094,0.20578619837760925
446,17432,,,2.138705015182495,0.6490170955657959,,
447,17471,,,,,6.105958938598633,0.21117475628852844
447,17471,,,2.1237523555755615,0.6727438569068909,,
448,17510,,,,,5.881783962249756,0.21451912820339203
448,17510,,,2.156024217605591,0.6344492435455322,,
449,17549,,,,,5.979552268981934,0.21220509707927704
449,17549,,,2.0198535919189453,0.6431737542152405,,
450,17588,,,,,6.005670070648193,0.20995688438415527
450,17588,,,2.1139652729034424,0.6328067779541016,,
451,17627,,,,,5.969098091125488,0.2103205770254135
451,17627,,,2.0862274169921875,0.6139358878135681,,
452,17666,,,,,6.100119113922119,0.2095377892255783
452,17666,,,2.1526613235473633,0.6673668026924133,,
453,17705,,,,,6.079564094543457,0.2046632319688797
453,17705,,,2.1193175315856934,0.6439376473426819,,
454,17744,,,,,6.0637431144714355,0.20551824569702148
454,17744,,,2.103163242340088,0.6201689839363098,,
455,17783,,,,,5.9194111824035645,0.21368354558944702
455,17783,,,2.0986814498901367,0.6642336249351501,,
456,17822,,,,,5.904195308685303,0.21173633635044098
456,17822,,,2.1062862873077393,0.6401376724243164,,
457,17861,,,,,5.937018394470215,0.20288589596748352
457,17861,,,2.1955857276916504,0.6062800288200378,,
458,17900,,,,,5.862301349639893,0.21219873428344727
458,17900,,,2.3179516792297363,0.6303011178970337,,
459,17939,,,,,5.998459339141846,0.2024490088224411
459,17939,,,2.1227152347564697,0.6331368088722229,,
460,17978,,,,,5.928770065307617,0.2050997018814087
460,17978,,,2.0717291831970215,0.6379369497299194,,
461,18017,,,,,5.92110013961792,0.2101200371980667
461,18017,,,2.0435571670532227,0.6353284120559692,,
462,18056,,,,,5.899503231048584,0.20721334218978882
462,18056,,,2.1521174907684326,0.6270149350166321,,
463,18095,,,,,5.992526531219482,0.2014344185590744
463,18095,,,2.0255701541900635,0.629555881023407,,
464,18134,,,,,5.943662166595459,0.204435333609581
464,18134,,,2.1541147232055664,0.6666978001594543,,
465,18173,,,,,5.946020603179932,0.1999313235282898
465,18173,,,2.093155860900879,0.6022889018058777,,
466,18212,,,,,5.9231367111206055,0.20898553729057312
466,18212,,,2.201418876647949,0.6276317238807678,,
467,18251,,,,,5.973098278045654,0.20525388419628143
467,18251,,,2.0842533111572266,0.6537961959838867,,
468,18290,,,,,6.0818562507629395,0.19956307113170624
468,18290,,,2.0734410285949707,0.6623165607452393,,
469,18329,,,,,6.049840927124023,0.20218059420585632
469,18329,,,2.0695104598999023,0.6196554899215698,,
470,18368,,,,,5.991812705993652,0.20309993624687195
470,18368,,,2.130470037460327,0.6410882472991943,,
471,18407,,,,,6.029959201812744,0.19934779405593872
471,18407,,,2.1912360191345215,0.6130301356315613,,
472,18446,,,,,5.939316272735596,0.19738458096981049
472,18446,,,2.0396904945373535,0.6406782865524292,,
473,18485,,,,,5.824504375457764,0.20606578886508942
473,18485,,,2.288606643676758,0.6288841962814331,,
474,18524,,,,,5.907585620880127,0.2085498720407486
474,18524,,,2.1490912437438965,0.6741942763328552,,
475,18563,,,,,5.921464443206787,0.20889277756214142
475,18563,,,2.131474256515503,0.6390116214752197,,
476,18602,,,,,5.738028049468994,0.21647946536540985
476,18602,,,2.074249744415283,0.655379056930542,,
477,18641,,,,,5.910116672515869,0.2107408195734024
477,18641,,,2.054689645767212,0.6453592777252197,,
478,18680,,,,,5.898687362670898,0.2138303518295288
478,18680,,,2.1472063064575195,0.6643515229225159,,
479,18719,,,,,5.9088263511657715,0.2117878794670105
479,18719,,,1.9769680500030518,0.6262503266334534,,
480,18758,,,,,5.863922595977783,0.2135133594274521
480,18758,,,2.117276430130005,0.6557289361953735,,
481,18797,,,,,6.002975940704346,0.2074904888868332
481,18797,,,1.9213292598724365,0.6925066113471985,,
482,18836,,,,,6.054930210113525,0.20596431195735931
482,18836,,,2.03535532951355,0.6389485597610474,,
483,18875,,,,,6.1386027336120605,0.2081686109304428
483,18875,,,2.101618528366089,0.6448757648468018,,
484,18914,,,,,6.1812872886657715,0.20417426526546478
484,18914,,,2.0367610454559326,0.6379801034927368,,
485,18953,,,,,6.141934871673584,0.2035936862230301
485,18953,,,2.098081588745117,0.6435371041297913,,
486,18992,,,,,5.968143463134766,0.2091856747865677
486,18992,,,2.137147903442383,0.6445320844650269,,
487,19031,,,,,5.939742565155029,0.20972254872322083
487,19031,,,2.0639283657073975,0.6270735859870911,,
488,19070,,,,,5.909651279449463,0.20962417125701904
488,19070,,,2.0662291049957275,0.6419923901557922,,
489,19109,,,,,6.001155376434326,0.20174574851989746
489,19109,,,2.173851251602173,0.6185840964317322,,
490,19148,,,,,6.047584056854248,0.20470277965068817
490,19148,,,2.1658549308776855,0.660304605960846,,
491,19187,,,,,6.076010227203369,0.20617200434207916
491,19187,,,2.041473865509033,0.6569960117340088,,
492,19226,,,,,6.186700344085693,0.2015872299671173
492,19226,,,2.0342047214508057,0.6554490327835083,,
493,19265,,,,,6.162512302398682,0.2023991048336029
493,19265,,,2.0610251426696777,0.6467613577842712,,
494,19304,,,,,6.203591823577881,0.2071085423231125
494,19304,,,1.950952172279358,0.6839211583137512,,
495,19343,,,,,6.264023303985596,0.20047105848789215
495,19343,,,2.0048086643218994,0.65284663438797,,
496,19382,,,,,6.256701946258545,0.20142944157123566
496,19382,,,1.914739966392517,0.6666315793991089,,
497,19421,,,,,6.19304895401001,0.20264719426631927
497,19421,,,2.0306732654571533,0.6741072535514832,,
498,19460,,,,,6.197032451629639,0.20242257416248322
498,19460,,,2.016517162322998,0.6556539535522461,,
499,19499,,,,,6.161208152770996,0.2053043395280838
499,19499,,,2.0010898113250732,0.6653706431388855,,
500,19538,,,,,6.013271808624268,0.20936864614486694
500,19538,,,1.9898712635040283,0.6306340098381042,,
501,19577,,,,,5.988312721252441,0.20841488242149353
501,19577,,,1.9101266860961914,0.6400725245475769,,
502,19616,,,,,5.935173988342285,0.2156747281551361
502,19616,,,2.055264472961426,0.6634005308151245,,
503,19655,,,,,6.0335612297058105,0.21155236661434174
503,19655,,,1.9076001644134521,0.6801475882530212,,
504,19694,,,,,6.1060791015625,0.20385156571865082
504,19694,,,2.068105459213257,0.6572877764701843,,
505,19733,,,,,6.070605754852295,0.20931898057460785
505,19733,,,2.0986969470977783,0.604107677936554,,
506,19772,,,,,6.040788173675537,0.21150366961956024
506,19772,,,2.0809669494628906,0.6456611752510071,,
507,19811,,,,,5.840461254119873,0.21356797218322754
507,19811,,,2.033074140548706,0.6532027125358582,,
508,19850,,,,,5.842443943023682,0.22029562294483185
508,19850,,,2.0535242557525635,0.6691320538520813,,
509,19889,,,,,5.83063268661499,0.2198626548051834
509,19889,,,2.104900598526001,0.5940074920654297,,
510,19928,,,,,5.894598960876465,0.2183675765991211
510,19928,,,2.0141453742980957,0.6560552716255188,,
511,19967,,,,,5.880799770355225,0.2156163603067398
511,19967,,,2.1761739253997803,0.6195341944694519,,
512,20006,,,,,5.801835536956787,0.21713870763778687
512,20006,,,2.0333526134490967,0.631314218044281,,
513,20045,,,,,5.8748393058776855,0.21175263822078705
513,20045,,,2.1287500858306885,0.6264953017234802,,
514,20084,,,,,5.925351142883301,0.2095191329717636
514,20084,,,2.1302144527435303,0.6372236013412476,,
515,20123,,,,,6.022782325744629,0.20433346927165985
515,20123,,,2.076241970062256,0.684813916683197,,
516,20162,,,,,6.075655937194824,0.2045598030090332
516,20162,,,2.0687875747680664,0.6380325555801392,,
517,20201,,,,,6.038394451141357,0.20762120187282562
517,20201,,,2.076345205307007,0.6524053812026978,,
518,20240,,,,,5.9259443283081055,0.2112264484167099
518,20240,,,2.0054662227630615,0.6190075874328613,,
519,20279,,,,,5.949759006500244,0.20550532639026642
519,20279,,,2.0897390842437744,0.6617406010627747,,
520,20318,,,,,5.8357462882995605,0.21190346777439117
520,20318,,,2.011331558227539,0.6383341550827026,,
521,20357,,,,,5.922660827636719,0.2027069628238678
521,20357,,,2.0230088233947754,0.6188399195671082,,
522,20396,,,,,5.928383827209473,0.20721983909606934
522,20396,,,2.0535027980804443,0.68067866563797,,
523,20435,,,,,5.80214262008667,0.21083565056324005
523,20435,,,1.9879482984542847,0.6699789762496948,,
524,20474,,,,,5.90216064453125,0.20496796071529388
524,20474,,,1.9356284141540527,0.6586027145385742,,
525,20513,,,,,5.992534160614014,0.19931919872760773
525,20513,,,1.9691263437271118,0.6525054574012756,,
526,20552,,,,,5.953061103820801,0.19924814999103546
526,20552,,,2.148489236831665,0.6205856800079346,,
527,20591,,,,,5.946630477905273,0.2019231766462326
527,20591,,,2.054896354675293,0.6261270046234131,,
528,20630,,,,,5.9738922119140625,0.20300544798374176
528,20630,,,1.9951926469802856,0.6661896109580994,,
529,20669,,,,,5.969895362854004,0.2042251080274582
529,20669,,,2.022261619567871,0.6687440872192383,,
530,20708,,,,,5.8812642097473145,0.20717483758926392
530,20708,,,2.0881643295288086,0.6444445252418518,,
531,20747,,,,,5.848525524139404,0.20939978957176208
531,20747,,,1.9996639490127563,0.6206784844398499,,
532,20786,,,,,5.823840618133545,0.21011584997177124
532,20786,,,1.997973084449768,0.6757196187973022,,
533,20825,,,,,5.861865997314453,0.2124725878238678
533,20825,,,2.014118194580078,0.6535338163375854,,
534,20864,,,,,6.042785167694092,0.20573583245277405
534,20864,,,1.9688053131103516,0.6791764497756958,,
535,20903,,,,,5.839937210083008,0.21644973754882812
535,20903,,,1.9588220119476318,0.6461381912231445,,
536,20942,,,,,5.7773661613464355,0.2187029868364334
536,20942,,,1.9817944765090942,0.6848825216293335,,
537,20981,,,,,5.796625137329102,0.21349401772022247
537,20981,,,1.9844106435775757,0.6592115163803101,,
538,21020,,,,,5.849109649658203,0.20714125037193298
538,21020,,,1.9264377355575562,0.6795015931129456,,
539,21059,,,,,5.825061321258545,0.21682295203208923
539,21059,,,2.0287039279937744,0.6768646240234375,,
540,21098,,,,,5.850625991821289,0.2141551673412323
540,21098,,,2.0406172275543213,0.6639653444290161,,
541,21137,,,,,5.918931007385254,0.21022643148899078
541,21137,,,2.020685911178589,0.6754187941551208,,
542,21176,,,,,5.817918300628662,0.2152751088142395
542,21176,,,1.8967288732528687,0.6755541563034058,,
543,21215,,,,,6.028842926025391,0.2053157091140747
543,21215,,,1.9315952062606812,0.6740962266921997,,
544,21254,,,,,5.985007286071777,0.2087879627943039
544,21254,,,1.9679592847824097,0.6498832702636719,,
545,21293,,,,,5.986873626708984,0.2103821039199829
545,21293,,,2.018413782119751,0.6645044088363647,,
546,21332,,,,,5.800280570983887,0.219098299741745
546,21332,,,2.220428466796875,0.6569074988365173,,
547,21371,,,,,5.76388692855835,0.2187335044145584
547,21371,,,2.007673501968384,0.6596618294715881,,
548,21410,,,,,5.711512088775635,0.21587011218070984
548,21410,,,2.154390335083008,0.6388167142868042,,
549,21449,,,,,5.652204990386963,0.21947748959064484
549,21449,,,2.066915273666382,0.6480509638786316,,
550,21488,,,,,5.749448299407959,0.21246890723705292
550,21488,,,2.017720937728882,0.653474748134613,,
551,21527,,,,,5.753172397613525,0.21316201984882355
551,21527,,,1.931357979774475,0.6631196141242981,,
552,21566,,,,,5.695741653442383,0.21708475053310394
552,21566,,,2.047381639480591,0.6195102334022522,,
553,21605,,,,,5.814648151397705,0.21526379883289337
553,21605,,,2.007808208465576,0.6894570589065552,,
554,21644,,,,,5.968780517578125,0.20974555611610413
554,21644,,,2.005990505218506,0.6584776639938354,,
555,21683,,,,,5.809787273406982,0.21550947427749634
555,21683,,,1.9409011602401733,0.6471144556999207,,
556,21722,,,,,5.866599082946777,0.21130770444869995
556,21722,,,2.021451473236084,0.6757043600082397,,
557,21761,,,,,5.7607879638671875,0.21882517635822296
557,21761,,,1.8996100425720215,0.6533012390136719,,
558,21800,,,,,5.762892246246338,0.21534107625484467
558,21800,,,2.0615062713623047,0.6459433436393738,,
559,21839,,,,,5.772092819213867,0.2160871922969818
559,21839,,,1.9898918867111206,0.6402943134307861,,
560,21878,,,,,5.912766933441162,0.2048836350440979
560,21878,,,2.0610227584838867,0.6589107513427734,,
561,21917,,,,,5.948241710662842,0.2049112766981125
561,21917,,,2.1232094764709473,0.6585728526115417,,
562,21956,,,,,5.9054646492004395,0.20233765244483948
562,21956,,,2.018566131591797,0.6454189419746399,,
563,21995,,,,,5.855602741241455,0.2062905877828598
563,21995,,,1.839560866355896,0.6997148394584656,,
564,22034,,,,,5.831486701965332,0.20961545407772064
564,22034,,,2.1563408374786377,0.6550015211105347,,
565,22073,,,,,5.724776268005371,0.21764065325260162
565,22073,,,1.9818909168243408,0.6704601645469666,,
566,22112,,,,,5.8609514236450195,0.2104768007993698
566,22112,,,2.0422537326812744,0.661872148513794,,
567,22151,,,,,5.995555877685547,0.19941346347332
567,22151,,,2.0902442932128906,0.6633837819099426,,
568,22190,,,,,5.778491020202637,0.2106654793024063
568,22190,,,2.083094596862793,0.6563345193862915,,
569,22229,,,,,5.801889419555664,0.2112271785736084
569,22229,,,1.9659881591796875,0.6557654142379761,,
570,22268,,,,,5.647156715393066,0.21833236515522003
570,22268,,,2.1180455684661865,0.6777558922767639,,
571,22307,,,,,5.723515033721924,0.2158866971731186
571,22307,,,2.060279130935669,0.6789261102676392,,
572,22346,,,,,5.8255157470703125,0.2173377424478531
572,22346,,,2.0225727558135986,0.6627761721611023,,
573,22385,,,,,5.897781848907471,0.21461305022239685
573,22385,,,1.9240118265151978,0.6909816861152649,,
574,22424,,,,,5.859832763671875,0.21367254853248596
574,22424,,,1.9894821643829346,0.6614457964897156,,
575,22463,,,,,5.755253314971924,0.21830889582633972
575,22463,,,1.985914945602417,0.665930449962616,,
576,22502,,,,,5.80155086517334,0.21734288334846497
576,22502,,,1.905484914779663,0.658778727054596,,
577,22541,,,,,5.8230791091918945,0.21796956658363342
577,22541,,,1.9189321994781494,0.6628825068473816,,
578,22580,,,,,5.960754871368408,0.21187260746955872
578,22580,,,1.919979214668274,0.6912364363670349,,
579,22619,,,,,5.859593868255615,0.21590262651443481
579,22619,,,1.9692226648330688,0.6689898371696472,,
580,22658,,,,,5.786489009857178,0.21294133365154266
580,22658,,,2.032390832901001,0.6673986911773682,,
581,22697,,,,,5.7366766929626465,0.21975253522396088
581,22697,,,2.027733087539673,0.6614267230033875,,
582,22736,,,,,5.714096546173096,0.2183292955160141
582,22736,,,2.0203776359558105,0.6579687595367432,,
583,22775,,,,,5.733354091644287,0.22124186158180237
583,22775,,,1.8524295091629028,0.7021246552467346,,
584,22814,,,,,5.760893821716309,0.224718376994133
584,22814,,,1.8143872022628784,0.6536999940872192,,
585,22853,,,,,5.764162063598633,0.22314341366291046
585,22853,,,1.993585467338562,0.6663897037506104,,
586,22892,,,,,6.010931491851807,0.21467016637325287
586,22892,,,1.9454928636550903,0.6782349944114685,,
587,22931,,,,,5.956002235412598,0.21259061992168427
587,22931,,,1.9191726446151733,0.6884056925773621,,
588,22970,,,,,6.028256416320801,0.20806877315044403
588,22970,,,1.9236282110214233,0.6505894660949707,,
589,23009,,,,,5.922333240509033,0.2109615057706833
589,23009,,,2.0208704471588135,0.6634386777877808,,
590,23048,,,,,5.852323532104492,0.21669384837150574
590,23048,,,1.949047327041626,0.6795119643211365,,
591,23087,,,,,5.890710353851318,0.2124824821949005
591,23087,,,2.019684314727783,0.6363006234169006,,
592,23126,,,,,5.831514358520508,0.2142399698495865
592,23126,,,2.073538064956665,0.6560764908790588,,
593,23165,,,,,5.701526641845703,0.223250150680542
593,23165,,,1.8466299772262573,0.676501452922821,,
594,23204,,,,,5.660241603851318,0.22341032326221466
594,23204,,,1.9164295196533203,0.6851931214332581,,
595,23243,,,,,5.676954746246338,0.2226708084344864
595,23243,,,2.0457379817962646,0.6788806915283203,,
596,23282,,,,,5.770980358123779,0.21518145501613617
596,23282,,,1.9748471975326538,0.6536590456962585,,
597,23321,,,,,5.759959697723389,0.2193102091550827
597,23321,,,1.9647216796875,0.6548539996147156,,
598,23360,,,,,5.863156318664551,0.21263426542282104
598,23360,,,1.9486675262451172,0.6597501039505005,,
599,23399,,,,,5.846934795379639,0.21122786402702332
599,23399,,,1.8906381130218506,0.6708282828330994,,
600,23438,,,,,5.821993827819824,0.2225678563117981
600,23438,,,1.9141854047775269,0.6920415163040161,,
601,23477,,,,,5.81577205657959,0.22474920749664307
601,23477,,,1.8770263195037842,0.6527847647666931,,
602,23516,,,,,5.80716609954834,0.21903499960899353
602,23516,,,1.9005764722824097,0.635847270488739,,
603,23555,,,,,5.803858757019043,0.21815860271453857
603,23555,,,1.8687496185302734,0.6722762584686279,,
604,23594,,,,,5.689874172210693,0.22301800549030304
604,23594,,,2.0279126167297363,0.6614786982536316,,
605,23633,,,,,5.678256988525391,0.22176103293895721
605,23633,,,1.9816482067108154,0.6783849596977234,,
606,23672,,,,,5.698763847351074,0.22134393453598022
606,23672,,,1.9057949781417847,0.6529460549354553,,
607,23711,,,,,5.706546783447266,0.22553618252277374
607,23711,,,2.2278389930725098,0.6577796339988708,,
608,23750,,,,,5.689112186431885,0.23092272877693176
608,23750,,,1.8528765439987183,0.6688919067382812,,
609,23789,,,,,5.856475353240967,0.22302645444869995
609,23789,,,1.789239764213562,0.678249180316925,,
610,23828,,,,,5.803974151611328,0.22394335269927979
610,23828,,,2.0119340419769287,0.6633272171020508,,
611,23867,,,,,5.781033039093018,0.2237226516008377
611,23867,,,1.9235799312591553,0.6473363041877747,,
612,23906,,,,,5.838717937469482,0.21526339650154114
612,23906,,,2.14670991897583,0.6469586491584778,,
613,23945,,,,,5.678343772888184,0.22826635837554932
613,23945,,,2.066317558288574,0.6592686772346497,,
614,23984,,,,,5.678009510040283,0.2288980633020401
614,23984,,,1.967540979385376,0.6604681015014648,,
615,24023,,,,,5.543047904968262,0.2349846214056015
615,24023,,,1.9600577354431152,0.6694831252098083,,
616,24062,,,,,5.609180927276611,0.22836974263191223
616,24062,,,2.0148468017578125,0.6424309015274048,,
617,24101,,,,,5.590864658355713,0.23332124948501587
617,24101,,,1.7952075004577637,0.6681541800498962,,
618,24140,,,,,5.595484256744385,0.23583810031414032
618,24140,,,1.8180969953536987,0.7164196372032166,,
619,24179,,,,,5.703006744384766,0.22786976397037506
619,24179,,,1.903651475906372,0.654710054397583,,
620,24218,,,,,5.771513938903809,0.22637376189231873
620,24218,,,1.8359441757202148,0.6854622960090637,,
621,24257,,,,,5.761282444000244,0.22925877571105957
621,24257,,,1.8503296375274658,0.6750012040138245,,
622,24296,,,,,5.688014507293701,0.23823513090610504
622,24296,,,2.0076420307159424,0.6440334916114807,,
623,24335,,,,,5.740075588226318,0.2257910817861557
623,24335,,,1.957533836364746,0.6646713614463806,,
624,24374,,,,,5.7472734451293945,0.22484707832336426
624,24374,,,1.992422103881836,0.6798128485679626,,
625,24413,,,,,5.648856163024902,0.23279651999473572
625,24413,,,1.9158350229263306,0.6576182842254639,,
626,24452,,,,,5.641047954559326,0.23324701189994812
626,24452,,,1.9875229597091675,0.663386344909668,,
627,24491,,,,,5.7008771896362305,0.22781099379062653
627,24491,,,1.822209119796753,0.7024723887443542,,
628,24530,,,,,5.761328220367432,0.22314731776714325
628,24530,,,2.0365452766418457,0.6304504871368408,,
629,24569,,,,,5.714500904083252,0.2262176275253296
629,24569,,,2.038158416748047,0.6340111494064331,,
630,24608,,,,,5.563480854034424,0.23667828738689423
630,24608,,,1.8966543674468994,0.6860584020614624,,
631,24647,,,,,5.6520514488220215,0.23391281068325043
631,24647,,,1.986683964729309,0.6854496598243713,,
632,24686,,,,,5.66337251663208,0.23485244810581207
632,24686,,,2.0060105323791504,0.65019291639328,,
633,24725,,,,,5.761307716369629,0.22725731134414673
633,24725,,,1.901070237159729,0.6938026547431946,,
634,24764,,,,,5.815486907958984,0.22287335991859436
634,24764,,,1.8675681352615356,0.6545144319534302,,
635,24803,,,,,5.927256107330322,0.22872686386108398
635,24803,,,1.882351040840149,0.6619747877120972,,
636,24842,,,,,5.9420552253723145,0.22192758321762085
636,24842,,,1.8295785188674927,0.7065213918685913,,
637,24881,,,,,5.862001419067383,0.22080793976783752
637,24881,,,1.9479999542236328,0.6836472153663635,,
638,24920,,,,,5.726858139038086,0.2283003181219101
638,24920,,,1.9714736938476562,0.6666052937507629,,
639,24959,,,,,5.698166847229004,0.22967295348644257
639,24959,,,1.9576672315597534,0.6777292490005493,,
640,24998,,,,,5.665809631347656,0.22858896851539612
640,24998,,,1.9401079416275024,0.670974612236023,,
641,25037,,,,,5.642956733703613,0.23091846704483032
641,25037,,,1.9621334075927734,0.6679677963256836,,
642,25076,,,,,5.631159782409668,0.23140846192836761
642,25076,,,1.8259731531143188,0.6554460525512695,,
643,25115,,,,,5.712864875793457,0.23035438358783722
643,25115,,,1.8956365585327148,0.6713151931762695,,
644,25154,,,,,5.709699630737305,0.22883756458759308
644,25154,,,1.9637993574142456,0.6557372212409973,,
645,25193,,,,,5.7247490882873535,0.22922532260417938
645,25193,,,2.0192646980285645,0.6714110970497131,,
646,25232,,,,,5.763950824737549,0.23050260543823242
646,25232,,,1.7944262027740479,0.6973053216934204,,
647,25271,,,,,5.674198627471924,0.23337095975875854
647,25271,,,1.9284402132034302,0.6684108972549438,,
648,25310,,,,,5.572038650512695,0.23365813493728638
648,25310,,,1.8799734115600586,0.6637457013130188,,
649,25349,,,,,5.66470193862915,0.23037035763263702
649,25349,,,1.8298828601837158,0.6818868517875671,,
650,25388,,,,,5.764403820037842,0.22297410666942596
650,25388,,,1.8416259288787842,0.6617444157600403,,
651,25427,,,,,5.653629779815674,0.22401607036590576
651,25427,,,1.8696216344833374,0.6492515206336975,,
652,25466,,,,,5.495479583740234,0.2346506118774414
652,25466,,,1.786590576171875,0.6814688444137573,,
653,25505,,,,,5.5332207679748535,0.2332179844379425
653,25505,,,1.9544382095336914,0.6781942844390869,,
654,25544,,,,,5.65200138092041,0.22962720692157745
654,25544,,,1.988043189048767,0.6699287295341492,,
655,25583,,,,,5.656640529632568,0.23000426590442657
655,25583,,,1.846850037574768,0.6921733021736145,,
656,25622,,,,,5.7068705558776855,0.22026216983795166
656,25622,,,1.8315836191177368,0.687292218208313,,
657,25661,,,,,5.655588626861572,0.22588138282299042
657,25661,,,1.8894696235656738,0.6705114245414734,,
658,25700,,,,,5.686953544616699,0.22593307495117188
658,25700,,,1.9274225234985352,0.6862220764160156,,
659,25739,,,,,5.769077301025391,0.2238757312297821
659,25739,,,1.8542861938476562,0.6673864722251892,,
660,25778,,,,,5.767743110656738,0.22336940467357635
660,25778,,,1.9609551429748535,0.6698180437088013,,
661,25817,,,,,5.692765235900879,0.22779539227485657
661,25817,,,1.807474136352539,0.6704421043395996,,
662,25856,,,,,5.714746475219727,0.22428375482559204
662,25856,,,1.962915062904358,0.6612615585327148,,
663,25895,,,,,5.759833812713623,0.21988803148269653
663,25895,,,1.9442590475082397,0.6729848384857178,,
664,25934,,,,,5.653215408325195,0.2245386838912964
664,25934,,,1.9850823879241943,0.6496556401252747,,
665,25973,,,,,5.718704700469971,0.2250220626592636
665,25973,,,1.8538826704025269,0.6468531489372253,,
666,26012,,,,,5.711546897888184,0.22422009706497192
666,26012,,,1.7638492584228516,0.6214489340782166,,
667,26051,,,,,5.713474750518799,0.22425533831119537
667,26051,,,1.8853402137756348,0.6844743490219116,,
668,26090,,,,,5.715341567993164,0.2226729393005371
668,26090,,,1.8492662906646729,0.6761386394500732,,
669,26129,,,,,5.63019323348999,0.22669954597949982
669,26129,,,1.8533923625946045,0.6629016995429993,,
670,26168,,,,,5.616711139678955,0.2316063493490219
670,26168,,,1.7913577556610107,0.7054208517074585,,
671,26207,,,,,5.696799278259277,0.22591164708137512
671,26207,,,1.972407579421997,0.6764811277389526,,
672,26246,,,,,5.620021820068359,0.22899842262268066
672,26246,,,1.8895337581634521,0.696658730506897,,
673,26285,,,,,5.647403240203857,0.22808142006397247
673,26285,,,1.9068437814712524,0.6888181567192078,,
674,26324,,,,,5.667150974273682,0.2265392690896988
674,26324,,,1.9368683099746704,0.684560239315033,,
675,26363,,,,,5.736198902130127,0.2255990356206894
675,26363,,,1.8218402862548828,0.6892115473747253,,
676,26402,,,,,5.700358867645264,0.23017504811286926
676,26402,,,1.8437875509262085,0.6748549342155457,,
677,26441,,,,,5.673676013946533,0.23285137116909027
677,26441,,,1.936715006828308,0.6631835103034973,,
678,26480,,,,,5.658446311950684,0.23112273216247559
678,26480,,,1.949773907661438,0.6840574741363525,,
679,26519,,,,,5.66128396987915,0.2292424589395523
679,26519,,,1.876625657081604,0.6668186187744141,,
680,26558,,,,,5.50554895401001,0.23880676925182343
680,26558,,,1.8722259998321533,0.6594778299331665,,
681,26597,,,,,5.59376859664917,0.2340966910123825
681,26597,,,1.8227683305740356,0.6947917342185974,,
682,26636,,,,,5.472606658935547,0.24170412123203278
682,26636,,,1.8541467189788818,0.6446813941001892,,
683,26675,,,,,5.553659439086914,0.23955579102039337
683,26675,,,1.76913321018219,0.6701765060424805,,
684,26714,,,,,5.452813625335693,0.2456594556570053
684,26714,,,2.0038249492645264,0.6746379137039185,,
685,26753,,,,,5.414156913757324,0.24666772782802582
685,26753,,,1.8749303817749023,0.6816688776016235,,
686,26792,,,,,5.478569030761719,0.24489733576774597
686,26792,,,1.94866144657135,0.6552897691726685,,
687,26831,,,,,5.48956298828125,0.241498202085495
687,26831,,,2.010256290435791,0.666670560836792,,
688,26870,,,,,5.539469242095947,0.24041830003261566
688,26870,,,1.9029873609542847,0.6796865463256836,,
689,26909,,,,,5.4847893714904785,0.24428649246692657
689,26909,,,1.8782141208648682,0.6942137479782104,,
690,26948,,,,,5.618811130523682,0.23546989262104034
690,26948,,,1.8294086456298828,0.6943074464797974,,
691,26987,,,,,5.3944854736328125,0.2484857439994812
691,26987,,,2.003911018371582,0.6506129503250122,,
692,27026,,,,,5.5117011070251465,0.24179162085056305
692,27026,,,1.8665703535079956,0.6707924008369446,,
693,27065,,,,,5.48056173324585,0.2449636608362198
693,27065,,,1.995084285736084,0.6459635496139526,,
694,27104,,,,,5.490536689758301,0.244073286652565
694,27104,,,1.8595348596572876,0.6651656627655029,,
695,27143,,,,,5.4706926345825195,0.24573424458503723
695,27143,,,1.9284393787384033,0.6500558853149414,,
696,27182,,,,,5.42959451675415,0.2472694218158722
696,27182,,,1.9670755863189697,0.656102180480957,,
697,27221,,,,,5.416965961456299,0.2471693903207779
697,27221,,,1.937351107597351,0.6897150278091431,,
698,27260,,,,,5.3592329025268555,0.25246506929397583
698,27260,,,1.7879284620285034,0.6558816432952881,,
699,27299,,,,,5.4758148193359375,0.24490900337696075
699,27299,,,1.8906466960906982,0.6870851516723633,,
700,27338,,,,,5.560174465179443,0.23770754039287567
700,27338,,,1.7777084112167358,0.6830899119377136,,
701,27377,,,,,5.532332420349121,0.2422083020210266
701,27377,,,1.924135446548462,0.6545907258987427,,
702,27416,,,,,5.492215156555176,0.24233481287956238
702,27416,,,1.8386179208755493,0.6819468140602112,,
703,27455,,,,,5.548980236053467,0.2413589507341385
703,27455,,,1.867173194885254,0.657335638999939,,
704,27494,,,,,5.5956196784973145,0.24202390015125275
704,27494,,,1.9254852533340454,0.7048271894454956,,
705,27533,,,,,5.501800060272217,0.24648228287696838
705,27533,,,1.9151428937911987,0.6439074873924255,,
706,27572,,,,,5.530666351318359,0.2455098181962967
706,27572,,,1.879429578781128,0.6372419595718384,,
707,27611,,,,,5.460090160369873,0.24804437160491943
707,27611,,,1.8128920793533325,0.7161228656768799,,
708,27650,,,,,5.430938720703125,0.24797825515270233
708,27650,,,1.971066951751709,0.6772636771202087,,
709,27689,,,,,5.591421604156494,0.24300281703472137
709,27689,,,1.726136565208435,0.723170280456543,,
710,27728,,,,,5.544372081756592,0.24593693017959595
710,27728,,,1.7803256511688232,0.6700708866119385,,
711,27767,,,,,5.639111042022705,0.2396930754184723
711,27767,,,1.8264989852905273,0.6961426734924316,,
712,27806,,,,,5.619134902954102,0.23747128248214722
712,27806,,,1.9248101711273193,0.6475927829742432,,
713,27845,,,,,5.570526123046875,0.24407167732715607
713,27845,,,1.8357070684432983,0.6857470273971558,,
714,27884,,,,,5.5044331550598145,0.24470776319503784
714,27884,,,1.87556791305542,0.6436858773231506,,
715,27923,,,,,5.437167167663574,0.2464609593153
715,27923,,,1.8877156972885132,0.6579933166503906,,
716,27962,,,,,5.506519794464111,0.24651195108890533
716,27962,,,1.9389493465423584,0.6975984573364258,,
717,28001,,,,,5.487978935241699,0.2509705126285553
717,28001,,,1.8483798503875732,0.6928984522819519,,
718,28040,,,,,5.509612560272217,0.2477731704711914
718,28040,,,1.83545982837677,0.710687518119812,,
719,28079,,,,,5.525882720947266,0.24751979112625122
719,28079,,,1.9110442399978638,0.6548994183540344,,
720,28118,,,,,5.470724582672119,0.24833282828330994
720,28118,,,1.762412428855896,0.6868700981140137,,
721,28157,,,,,5.536595344543457,0.24630652368068695
721,28157,,,1.907690167427063,0.6870309114456177,,
722,28196,,,,,5.542535781860352,0.2456517070531845
722,28196,,,1.7686907052993774,0.6803974509239197,,
723,28235,,,,,5.557478427886963,0.24595630168914795
723,28235,,,1.714475154876709,0.6815930008888245,,
724,28274,,,,,5.511857986450195,0.2452942579984665
724,28274,,,1.7376407384872437,0.697200357913971,,
725,28313,,,,,5.567119121551514,0.24486751854419708
725,28313,,,1.8649523258209229,0.7005028128623962,,
726,28352,,,,,5.485219955444336,0.24957722425460815
726,28352,,,1.9796727895736694,0.6924237012863159,,
727,28391,,,,,5.374858379364014,0.2533451020717621
727,28391,,,1.7743276357650757,0.678673267364502,,
728,28430,,,,,5.3079304695129395,0.259962797164917
728,28430,,,1.915141224861145,0.6618098020553589,,
729,28469,,,,,5.444027423858643,0.25072309374809265
729,28469,,,1.854988932609558,0.666504442691803,,
730,28508,,,,,5.417277812957764,0.25312453508377075
730,28508,,,1.805442214012146,0.6617893576622009,,
731,28547,,,,,5.4554362297058105,0.252045214176178
731,28547,,,1.8497118949890137,0.712975800037384,,
732,28586,,,,,5.516619682312012,0.2495315670967102
732,28586,,,1.9101320505142212,0.6748515367507935,,
733,28625,,,,,5.497110843658447,0.24993188679218292
733,28625,,,1.8106043338775635,0.6696658134460449,,
734,28664,,,,,5.534177303314209,0.25018414855003357
734,28664,,,1.9397274255752563,0.6709916591644287,,
735,28703,,,,,5.467442512512207,0.2526223063468933
735,28703,,,1.8459054231643677,0.6619552969932556,,
736,28742,,,,,5.452856063842773,0.2519990801811218
736,28742,,,1.760331392288208,0.6702807545661926,,
737,28781,,,,,5.371560096740723,0.2566260099411011
737,28781,,,1.99555242061615,0.6641606092453003,,
738,28820,,,,,5.293745517730713,0.2631029188632965
738,28820,,,1.8750836849212646,0.71626216173172,,
739,28859,,,,,5.296419143676758,0.2619144022464752
739,28859,,,1.7758426666259766,0.6787429451942444,,
740,28898,,,,,5.35541296005249,0.2582237720489502
740,28898,,,1.7771706581115723,0.6563267707824707,,
741,28937,,,,,5.4167070388793945,0.2505078911781311
741,28937,,,1.8485138416290283,0.6689872145652771,,
742,28976,,,,,5.469436168670654,0.24750563502311707
742,28976,,,1.7941293716430664,0.686081051826477,,
743,29015,,,,,5.378304481506348,0.2543453872203827
743,29015,,,1.8920812606811523,0.6882229447364807,,
744,29054,,,,,5.391513347625732,0.25220364332199097
744,29054,,,1.7806099653244019,0.6956512928009033,,
745,29093,,,,,5.304715633392334,0.2603197991847992
745,29093,,,1.8227486610412598,0.7008474469184875,,
746,29132,,,,,5.383689880371094,0.2537005841732025
746,29132,,,1.848109483718872,0.6846287250518799,,
747,29171,,,,,5.416262149810791,0.2541343569755554
747,29171,,,1.8458603620529175,0.6868261694908142,,
748,29210,,,,,5.479866981506348,0.24839872121810913
748,29210,,,1.8043216466903687,0.6977906227111816,,
749,29249,,,,,5.503711223602295,0.25098133087158203
749,29249,,,1.8905218839645386,0.6560583710670471,,
750,29288,,,,,5.393032550811768,0.2562119662761688
750,29288,,,1.8403435945510864,0.6831573247909546,,
751,29327,,,,,5.393883228302002,0.25653186440467834
751,29327,,,1.7783429622650146,0.6868739724159241,,
752,29366,,,,,5.503570079803467,0.24973124265670776
752,29366,,,1.818564534187317,0.7117800712585449,,
753,29405,,,,,5.394017696380615,0.25573790073394775
753,29405,,,1.8189324140548706,0.6762690544128418,,
754,29444,,,,,5.4390950202941895,0.2532998025417328
754,29444,,,1.9234368801116943,0.6882943511009216,,
755,29483,,,,,5.451193332672119,0.25262483954429626
755,29483,,,1.755329966545105,0.6636772155761719,,
756,29522,,,,,5.48919153213501,0.25446125864982605
756,29522,,,1.8784023523330688,0.6982682347297668,,
757,29561,,,,,5.449827194213867,0.2504385709762573
757,29561,,,1.9342352151870728,0.6672590970993042,,
758,29600,,,,,5.428645610809326,0.2537769079208374
758,29600,,,1.7732110023498535,0.6853576898574829,,
759,29639,,,,,5.412974834442139,0.2572641968727112
759,29639,,,1.798334002494812,0.7255858182907104,,
760,29678,,,,,5.502387046813965,0.2510596811771393
760,29678,,,1.8018732070922852,0.675491988658905,,
761,29717,,,,,5.524566173553467,0.24518518149852753
761,29717,,,1.878676414489746,0.6871277093887329,,
762,29756,,,,,5.482855796813965,0.24675537645816803
762,29756,,,1.8844482898712158,0.6803078055381775,,
763,29795,,,,,5.464263916015625,0.2492208629846573
763,29795,,,1.7612881660461426,0.6654969453811646,,
764,29834,,,,,5.399507999420166,0.2552824318408966
764,29834,,,1.8913654088974,0.6738070845603943,,
765,29873,,,,,5.411893844604492,0.2536350190639496
765,29873,,,1.8739893436431885,0.6712995171546936,,
766,29912,,,,,5.325541973114014,0.25996890664100647
766,29912,,,1.8220670223236084,0.6936080455780029,,
767,29951,,,,,5.361810684204102,0.2611668109893799
767,29951,,,1.8847509622573853,0.6865720748901367,,
768,29990,,,,,5.584166049957275,0.2446548193693161
768,29990,,,1.9194637537002563,0.6883675456047058,,
769,30029,,,,,5.526303768157959,0.24721337854862213
769,30029,,,1.687929630279541,0.6751031279563904,,
770,30068,,,,,5.466924667358398,0.248552605509758
770,30068,,,1.9031816720962524,0.6720579862594604,,
771,30107,,,,,5.519315719604492,0.24616862833499908
771,30107,,,1.75907564163208,0.6898080706596375,,
772,30146,,,,,5.418020248413086,0.24975769221782684
772,30146,,,1.683510184288025,0.6936478018760681,,
773,30185,,,,,5.453654766082764,0.24931156635284424
773,30185,,,1.667219877243042,0.7079216241836548,,
774,30224,,,,,5.386122703552246,0.25713279843330383
774,30224,,,1.7346488237380981,0.7300779223442078,,
775,30263,,,,,5.523295879364014,0.24899454414844513
775,30263,,,1.7526037693023682,0.6742419004440308,,
776,30302,,,,,5.600626468658447,0.24065378308296204
776,30302,,,1.7799761295318604,0.6725227236747742,,
777,30341,,,,,5.440182685852051,0.24733462929725647
777,30341,,,1.7462964057922363,0.6986901164054871,,
778,30380,,,,,5.50497579574585,0.24679391086101532
778,30380,,,1.8165369033813477,0.7213065028190613,,
779,30419,,,,,5.4074931144714355,0.24973130226135254
779,30419,,,1.925793170928955,0.6614334583282471,,
780,30458,,,,,5.379047870635986,0.24997355043888092
780,30458,,,1.863828420639038,0.6837370991706848,,
781,30497,,,,,5.363911151885986,0.2515622079372406
781,30497,,,1.8917545080184937,0.661954939365387,,
782,30536,,,,,5.399105072021484,0.24920664727687836
782,30536,,,1.825433373451233,0.6862229108810425,,
783,30575,,,,,5.436821937561035,0.2498280107975006
783,30575,,,1.7145678997039795,0.7050327658653259,,
784,30614,,,,,5.376436710357666,0.2521173357963562
784,30614,,,1.8895721435546875,0.6765217185020447,,
785,30653,,,,,5.342061519622803,0.2537074387073517
785,30653,,,1.8299908638000488,0.6864394545555115,,
786,30692,,,,,5.356797695159912,0.25197574496269226
786,30692,,,1.774791955947876,0.6575978398323059,,
787,30731,,,,,5.312133312225342,0.2540799677371979
787,30731,,,1.7849526405334473,0.6810857653617859,,
788,30770,,,,,5.361780643463135,0.2548186182975769
788,30770,,,1.7788256406784058,0.702937126159668,,
789,30809,,,,,5.521938323974609,0.24739180505275726
789,30809,,,1.823816180229187,0.6938900351524353,,
790,30848,,,,,5.53129243850708,0.25051501393318176
790,30848,,,1.951562523841858,0.6903513669967651,,
791,30887,,,,,5.310307502746582,0.2632145881652832
791,30887,,,1.7576278448104858,0.6920071840286255,,
792,30926,,,,,5.329331398010254,0.25811025500297546
792,30926,,,1.942381501197815,0.6931919455528259,,
793,30965,,,,,5.365467548370361,0.2566617727279663
793,30965,,,1.8051059246063232,0.7027234435081482,,
794,31004,,,,,5.339869022369385,0.2546311616897583
794,31004,,,1.83770751953125,0.6900729537010193,,
795,31043,,,,,5.305201530456543,0.2562101185321808
795,31043,,,1.6607247591018677,0.698519766330719,,
796,31082,,,,,5.340442180633545,0.25447767972946167
796,31082,,,1.7713260650634766,0.7054065465927124,,
797,31121,,,,,5.322675704956055,0.2559230625629425
797,31121,,,1.7899701595306396,0.6974167823791504,,
798,31160,,,,,5.342098236083984,0.25494301319122314
798,31160,,,1.8941723108291626,0.7012794613838196,,
799,31199,,,,,5.375601768493652,0.25437042117118835
799,31199,,,1.753900170326233,0.6722732782363892,,
800,31238,,,,,5.24705171585083,0.26616910099983215
800,31238,,,1.8283188343048096,0.7011662721633911,,
801,31277,,,,,5.377364158630371,0.2573045492172241
801,31277,,,1.7396447658538818,0.7225385904312134,,
802,31316,,,,,5.311057090759277,0.2613374888896942
802,31316,,,1.6889961957931519,0.7117373943328857,,
803,31355,,,,,5.303805351257324,0.25940144062042236
803,31355,,,1.7581888437271118,0.6860520243644714,,
804,31394,,,,,5.230593681335449,0.26599055528640747
804,31394,,,1.7979736328125,0.6804497838020325,,
805,31433,,,,,5.211044788360596,0.2679232656955719
805,31433,,,1.7451629638671875,0.7202746272087097,,
806,31472,,,,,5.183857440948486,0.27034032344818115
806,31472,,,1.8346166610717773,0.6790852546691895,,
807,31511,,,,,5.20161247253418,0.27135640382766724
807,31511,,,1.8360413312911987,0.6735255122184753,,
808,31550,,,,,5.326775074005127,0.26356521248817444
808,31550,,,1.7728105783462524,0.6714461445808411,,
809,31589,,,,,5.294116020202637,0.266277015209198
809,31589,,,1.8359038829803467,0.6744899153709412,,
810,31628,,,,,5.241367816925049,0.27031150460243225
810,31628,,,1.903800129890442,0.6908211708068848,,
811,31667,,,,,5.327331066131592,0.2660752236843109
811,31667,,,1.8835097551345825,0.687759280204773,,
812,31706,,,,,5.390242576599121,0.2618468999862671
812,31706,,,1.6598514318466187,0.691603422164917,,
813,31745,,,,,5.439624786376953,0.25972655415534973
813,31745,,,1.8515902757644653,0.685599684715271,,
814,31784,,,,,5.317723274230957,0.2588905096054077
814,31784,,,1.8355648517608643,0.676427960395813,,
815,31823,,,,,5.411152362823486,0.25485435128211975
815,31823,,,1.7561092376708984,0.7198697328567505,,
816,31862,,,,,5.401981353759766,0.25805559754371643
816,31862,,,1.798612356185913,0.6815847754478455,,
817,31901,,,,,5.37340784072876,0.25901657342910767
817,31901,,,1.8268762826919556,0.6992276906967163,,
818,31940,,,,,5.308930397033691,0.2672634422779083
818,31940,,,1.830248475074768,0.6648795008659363,,
819,31979,,,,,5.287576198577881,0.26747527718544006
819,31979,,,1.9026970863342285,0.6640581488609314,,
820,32018,,,,,5.268050193786621,0.2662259638309479
820,32018,,,1.7334020137786865,0.712881863117218,,
821,32057,,,,,5.272051811218262,0.2679731845855713
821,32057,,,1.8247019052505493,0.6998371481895447,,
822,32096,,,,,5.290200710296631,0.26896190643310547
822,32096,,,1.7075519561767578,0.6987552642822266,,
823,32135,,,,,5.223090171813965,0.27285170555114746
823,32135,,,1.709380865097046,0.7124114632606506,,
824,32174,,,,,5.216514587402344,0.27026480436325073
824,32174,,,1.7966214418411255,0.6873787045478821,,
825,32213,,,,,5.156757354736328,0.274119108915329
825,32213,,,1.8216955661773682,0.7014022469520569,,
826,32252,,,,,5.207830905914307,0.26925942301750183
826,32252,,,1.8855221271514893,0.6447834372520447,,
827,32291,,,,,5.287696838378906,0.2640154957771301
827,32291,,,1.773600697517395,0.7161579728126526,,
828,32330,,,,,5.331961631774902,0.26475590467453003
828,32330,,,1.6499429941177368,0.6859993934631348,,
829,32369,,,,,5.3000617027282715,0.2684004306793213
829,32369,,,1.9008047580718994,0.6904364824295044,,
830,32408,,,,,5.319660186767578,0.2646842896938324
830,32408,,,1.8735629320144653,0.6460874676704407,,
831,32447,,,,,5.2633490562438965,0.26759445667266846
831,32447,,,1.829068899154663,0.6506525874137878,,
832,32486,,,,,5.221449851989746,0.2704564332962036
832,32486,,,1.8044735193252563,0.7114939093589783,,
833,32525,,,,,5.294706344604492,0.26547616720199585
833,32525,,,1.8243114948272705,0.6883429288864136,,
834,32564,,,,,5.2548441886901855,0.2680031657218933
834,32564,,,1.708662986755371,0.715421736240387,,
835,32603,,,,,5.294547080993652,0.2635992467403412
835,32603,,,1.817116379737854,0.6886698007583618,,
836,32642,,,,,5.338006973266602,0.2615022361278534
836,32642,,,1.786062240600586,0.6940292716026306,,
837,32681,,,,,5.280971050262451,0.2649190425872803
837,32681,,,1.741422414779663,0.7060724496841431,,
838,32720,,,,,5.299342155456543,0.2623947858810425
838,32720,,,1.8135247230529785,0.6894506216049194,,
839,32759,,,,,5.316761493682861,0.25960618257522583
839,32759,,,1.6823428869247437,0.68547123670578,,
840,32798,,,,,5.268680095672607,0.267977774143219
840,32798,,,1.7112579345703125,0.695051908493042,,
841,32837,,,,,5.21409797668457,0.2719196081161499
841,32837,,,1.8275189399719238,0.6915050148963928,,
842,32876,,,,,5.367015838623047,0.2654372751712799
842,32876,,,1.7873517274856567,0.6705408096313477,,
843,32915,,,,,5.442026615142822,0.259322851896286
843,32915,,,1.766032099723816,0.6970056891441345,,
844,32954,,,,,5.43559455871582,0.2590656578540802
844,32954,,,1.9039907455444336,0.7124637961387634,,
845,32993,,,,,5.434545040130615,0.2580346167087555
845,32993,,,1.78661048412323,0.686316728591919,,
846,33032,,,,,5.354059219360352,0.26174548268318176
846,33032,,,1.7623116970062256,0.7032772302627563,,
847,33071,,,,,5.434397220611572,0.2558959424495697
847,33071,,,1.6725292205810547,0.6976818442344666,,
848,33110,,,,,5.353757381439209,0.2574881613254547
848,33110,,,1.85272216796875,0.68173748254776,,
849,33149,,,,,5.36605978012085,0.26018261909484863
849,33149,,,1.7245440483093262,0.7262566685676575,,
850,33188,,,,,5.341926097869873,0.25989043712615967
850,33188,,,1.7656056880950928,0.6738160252571106,,
851,33227,,,,,5.31569242477417,0.26252350211143494
851,33227,,,1.6879546642303467,0.6544036865234375,,
852,33266,,,,,5.165220260620117,0.27365729212760925
852,33266,,,1.816686749458313,0.7024574279785156,,
853,33305,,,,,5.242859840393066,0.2692451477050781
853,33305,,,1.8234143257141113,0.7088850736618042,,
854,33344,,,,,5.278798580169678,0.2680770456790924
854,33344,,,1.7752724885940552,0.6625552177429199,,
855,33383,,,,,5.2091383934021,0.27467596530914307
855,33383,,,1.6010440587997437,0.6917316913604736,,
856,33422,,,,,5.3214640617370605,0.2671469748020172
856,33422,,,1.8425430059432983,0.6680266261100769,,
857,33461,,,,,5.307708263397217,0.2653135359287262
857,33461,,,1.8235176801681519,0.7027398347854614,,
858,33500,,,,,5.402317523956299,0.26117223501205444
858,33500,,,1.8017566204071045,0.6926900148391724,,
859,33539,,,,,5.343267440795898,0.26453325152397156
859,33539,,,1.8173574209213257,0.6975107192993164,,
860,33578,,,,,5.311880111694336,0.265190452337265
860,33578,,,1.8264352083206177,0.6627744436264038,,
861,33617,,,,,5.241600513458252,0.27073046565055847
861,33617,,,1.7368649244308472,0.7010704874992371,,
862,33656,,,,,5.2349853515625,0.2763991355895996
862,33656,,,1.69898521900177,0.6782302856445312,,
863,33695,,,,,5.22166633605957,0.27760663628578186
863,33695,,,1.810278296470642,0.69871985912323,,
864,33734,,,,,5.166454792022705,0.28111815452575684
864,33734,,,1.7936590909957886,0.6932882070541382,,
865,33773,,,,,5.1810712814331055,0.28209659457206726
865,33773,,,1.7701019048690796,0.6839563250541687,,
866,33812,,,,,5.162068843841553,0.27999618649482727
866,33812,,,1.8310353755950928,0.6734490394592285,,
867,33851,,,,,5.168837070465088,0.2797045409679413
867,33851,,,1.7297884225845337,0.6947007179260254,,
868,33890,,,,,5.146343231201172,0.2817288935184479
868,33890,,,1.689799427986145,0.7081964015960693,,
869,33929,,,,,5.150289058685303,0.2797086238861084
869,33929,,,1.6992391347885132,0.6735772490501404,,
870,33968,,,,,5.109227657318115,0.2832171320915222
870,33968,,,1.7712621688842773,0.7242968678474426,,
871,34007,,,,,5.1610894203186035,0.2770232558250427
871,34007,,,1.7577166557312012,0.6748402118682861,,
872,34046,,,,,5.2226643562316895,0.27390944957733154
872,34046,,,1.7827770709991455,0.7189026474952698,,
873,34085,,,,,5.260598182678223,0.2712593972682953
873,34085,,,1.675374150276184,0.7137824296951294,,
874,34124,,,,,5.235630035400391,0.27248290181159973
874,34124,,,1.7314096689224243,0.7174558043479919,,
875,34163,,,,,5.269564628601074,0.2689027190208435
875,34163,,,1.786381483078003,0.7043511867523193,,
876,34202,,,,,5.2366533279418945,0.2708356976509094
876,34202,,,1.7829620838165283,0.6946594715118408,,
877,34241,,,,,5.2193193435668945,0.2711245119571686
877,34241,,,1.8449546098709106,0.6974681615829468,,
878,34280,,,,,5.229709625244141,0.27326256036758423
878,34280,,,1.7810367345809937,0.7111695408821106,,
879,34319,,,,,5.226321697235107,0.27089163661003113
879,34319,,,1.7346936464309692,0.6980118155479431,,
880,34358,,,,,5.12501859664917,0.2764095067977905
880,34358,,,1.8668142557144165,0.6841989159584045,,
881,34397,,,,,5.2140727043151855,0.2708064913749695
881,34397,,,1.7467095851898193,0.687271773815155,,
882,34436,,,,,5.210833549499512,0.268884539604187
882,34436,,,1.853987455368042,0.6939971446990967,,
883,34475,,,,,5.219869136810303,0.26926878094673157
883,34475,,,1.8143001794815063,0.7142386436462402,,
884,34514,,,,,5.241837024688721,0.2684745788574219
884,34514,,,1.74883234500885,0.6919246315956116,,
885,34553,,,,,5.342988014221191,0.26685774326324463
885,34553,,,1.704911470413208,0.7037390470504761,,
886,34592,,,,,5.291731834411621,0.26565179228782654
886,34592,,,1.70708429813385,0.7066009044647217,,
887,34631,,,,,5.24060583114624,0.2672983705997467
887,34631,,,1.7552050352096558,0.6943371891975403,,
888,34670,,,,,5.27393913269043,0.2663908004760742
888,34670,,,1.7157342433929443,0.6915538311004639,,
889,34709,,,,,5.234696388244629,0.2701933681964874
889,34709,,,1.7172378301620483,0.685478687286377,,
890,34748,,,,,5.215452194213867,0.2734874188899994
890,34748,,,1.6289138793945312,0.6866302490234375,,
891,34787,,,,,5.146167755126953,0.27573198080062866
891,34787,,,1.7175967693328857,0.7013842463493347,,
892,34826,,,,,5.190837860107422,0.2710423767566681
892,34826,,,1.7603479623794556,0.7183634042739868,,
893,34865,,,,,5.25233268737793,0.268623024225235
893,34865,,,1.8608739376068115,0.6820975542068481,,
894,34904,,,,,5.2516608238220215,0.2701459527015686
894,34904,,,1.8248388767242432,0.7028791904449463,,
895,34943,,,,,5.207620143890381,0.272847443819046
895,34943,,,1.695230484008789,0.7163051962852478,,
896,34982,,,,,5.223970890045166,0.27251484990119934
896,34982,,,1.8349007368087769,0.7031777501106262,,
897,35021,,,,,5.234979152679443,0.2740229368209839
897,35021,,,1.6772359609603882,0.7255352139472961,,
898,35060,,,,,5.318339824676514,0.2714900076389313
898,35060,,,1.7162798643112183,0.7173352241516113,,
899,35099,,,,,5.1591620445251465,0.27843037247657776
899,35099,,,1.8752621412277222,0.6958146691322327,,
900,35138,,,,,5.225452899932861,0.2755250334739685
900,35138,,,1.6726891994476318,0.724492609500885,,
901,35177,,,,,5.249917030334473,0.2725570797920227
901,35177,,,1.6620334386825562,0.7135920524597168,,
902,35216,,,,,5.155109405517578,0.27656131982803345
902,35216,,,1.6374150514602661,0.7044308185577393,,
903,35255,,,,,5.201939582824707,0.27615129947662354
903,35255,,,1.7111197710037231,0.7424073219299316,,
904,35294,,,,,5.148118495941162,0.27860012650489807
904,35294,,,1.762839674949646,0.7074390053749084,,
905,35333,,,,,5.185810565948486,0.27544963359832764
905,35333,,,1.633477807044983,0.6795353293418884,,
906,35372,,,,,5.205716133117676,0.2754053473472595
906,35372,,,1.7607239484786987,0.6743124723434448,,
907,35411,,,,,5.228616714477539,0.2746793031692505
907,35411,,,1.794225811958313,0.7155542373657227,,
908,35450,,,,,5.1835618019104,0.27519941329956055
908,35450,,,1.7220990657806396,0.7104425430297852,,
909,35489,,,,,5.180912971496582,0.27634403109550476
909,35489,,,1.7257999181747437,0.7067273259162903,,
910,35528,,,,,5.137365341186523,0.27983707189559937
910,35528,,,1.7999682426452637,0.6834911704063416,,
911,35567,,,,,5.199220180511475,0.27683225274086
911,35567,,,1.895079255104065,0.6589839458465576,,
912,35606,,,,,5.2742600440979,0.27214279770851135
912,35606,,,1.6718801259994507,0.7280182242393494,,
913,35645,,,,,5.241852283477783,0.27380016446113586
913,35645,,,1.7630808353424072,0.6892246007919312,,
914,35684,,,,,5.1621575355529785,0.2766702175140381
914,35684,,,1.8164645433425903,0.6745582222938538,,
915,35723,,,,,5.182004451751709,0.27635815739631653
915,35723,,,1.7264901399612427,0.6788961887359619,,
916,35762,,,,,5.187845706939697,0.2735217809677124
916,35762,,,1.7039110660552979,0.6950154304504395,,
917,35801,,,,,5.186856746673584,0.2733650803565979
917,35801,,,1.7578705549240112,0.6904115676879883,,
918,35840,,,,,5.170422554016113,0.27515652775764465
918,35840,,,1.7608529329299927,0.7127286791801453,,
919,35879,,,,,5.157209396362305,0.27724823355674744
919,35879,,,1.6704267263412476,0.7248835563659668,,
920,35918,,,,,5.175729274749756,0.2723326086997986
920,35918,,,1.715332269668579,0.6902971863746643,,
921,35957,,,,,5.163361072540283,0.275702565908432
921,35957,,,1.7373154163360596,0.719423234462738,,
922,35996,,,,,5.145172595977783,0.2783145308494568
922,35996,,,1.7723067998886108,0.6887578964233398,,
923,36035,,,,,5.1513495445251465,0.2760566473007202
923,36035,,,1.6840417385101318,0.6903083324432373,,
924,36074,,,,,5.250716209411621,0.268163800239563
924,36074,,,1.727575421333313,0.7146478295326233,,
925,36113,,,,,5.236053466796875,0.27041417360305786
925,36113,,,1.719313621520996,0.718238890171051,,
926,36152,,,,,5.251547813415527,0.2683773636817932
926,36152,,,1.7595516443252563,0.6575993299484253,,
927,36191,,,,,5.352715969085693,0.26463738083839417
927,36191,,,1.8163366317749023,0.6627134680747986,,
928,36230,,,,,5.2234272956848145,0.27368223667144775
928,36230,,,1.678466558456421,0.6990069150924683,,
929,36269,,,,,5.24298095703125,0.27306270599365234
929,36269,,,1.7738072872161865,0.7243887782096863,,
930,36308,,,,,5.177948474884033,0.275319904088974
930,36308,,,1.7755295038223267,0.6783105134963989,,
931,36347,,,,,5.232799530029297,0.27306193113327026
931,36347,,,1.765528917312622,0.7089774012565613,,
932,36386,,,,,5.207450866699219,0.27758118510246277
932,36386,,,1.7173290252685547,0.677036702632904,,
933,36425,,,,,5.197312355041504,0.2778432369232178
933,36425,,,1.7532782554626465,0.6948617100715637,,
934,36464,,,,,5.207676887512207,0.2762131690979004
934,36464,,,1.7459464073181152,0.7101534605026245,,
935,36503,,,,,5.208664417266846,0.2746807038784027
935,36503,,,1.6428216695785522,0.7116006016731262,,
936,36542,,,,,5.254245281219482,0.2701810896396637
936,36542,,,1.700298547744751,0.7167889475822449,,
937,36581,,,,,5.1912760734558105,0.27429550886154175
937,36581,,,1.7947970628738403,0.6865609288215637,,
938,36620,,,,,5.168351650238037,0.27652230858802795
938,36620,,,1.6147772073745728,0.7381431460380554,,
939,36659,,,,,5.162685871124268,0.27575498819351196
939,36659,,,1.6935999393463135,0.6939965486526489,,
940,36698,,,,,5.2815117835998535,0.27304568886756897
940,36698,,,1.6841274499893188,0.7179479598999023,,
941,36737,,,,,5.179358959197998,0.27791595458984375
941,36737,,,1.7707650661468506,0.6862483620643616,,
942,36776,,,,,5.2593865394592285,0.27459126710891724
942,36776,,,1.7496780157089233,0.7068867683410645,,
943,36815,,,,,5.2285261154174805,0.2760672867298126
943,36815,,,1.6729751825332642,0.6793293356895447,,
944,36854,,,,,5.2093424797058105,0.2778926491737366
944,36854,,,1.669034481048584,0.7260019183158875,,
945,36893,,,,,5.230061054229736,0.27736616134643555
945,36893,,,1.752880573272705,0.6979723572731018,,
946,36932,,,,,5.199936389923096,0.2781926095485687
946,36932,,,1.626908302307129,0.7139056324958801,,
947,36971,,,,,5.168239116668701,0.2841479778289795
947,36971,,,1.74834144115448,0.7117547392845154,,
948,37010,,,,,5.282256126403809,0.2801652252674103
948,37010,,,1.6455260515213013,0.7278977632522583,,
949,37049,,,,,5.27615213394165,0.27986210584640503
949,37049,,,1.7815591096878052,0.674633800983429,,
950,37088,,,,,5.233315944671631,0.2797999382019043
950,37088,,,1.7514395713806152,0.708490252494812,,
951,37127,,,,,5.254315376281738,0.2811776399612427
951,37127,,,1.8100491762161255,0.6880794167518616,,
952,37166,,,,,5.182330131530762,0.2848312258720398
952,37166,,,1.7280380725860596,0.6741916537284851,,
953,37205,,,,,5.121791362762451,0.28829461336135864
953,37205,,,1.7761850357055664,0.6756750345230103,,
954,37244,,,,,5.08758020401001,0.28840935230255127
954,37244,,,1.6188217401504517,0.6983502507209778,,
955,37283,,,,,5.104349136352539,0.28987616300582886
955,37283,,,1.698494553565979,0.7055904269218445,,
956,37322,,,,,5.09779167175293,0.28867658972740173
956,37322,,,1.6579864025115967,0.7219884991645813,,
957,37361,,,,,5.1035542488098145,0.28770846128463745
957,37361,,,1.6228502988815308,0.6975246071815491,,
958,37400,,,,,5.157610893249512,0.28461650013923645
958,37400,,,1.6902663707733154,0.7020418047904968,,
959,37439,,,,,5.118509292602539,0.28516826033592224
959,37439,,,1.6905701160430908,0.699731707572937,,
960,37478,,,,,5.046907424926758,0.2911577820777893
960,37478,,,1.84180748462677,0.6955965161323547,,
961,37517,,,,,5.0439934730529785,0.29251402616500854
961,37517,,,1.7915581464767456,0.6790892481803894,,
962,37556,,,,,5.1067914962768555,0.2876012325286865
962,37556,,,1.8640130758285522,0.713600754737854,,
963,37595,,,,,5.163710117340088,0.2861013412475586
963,37595,,,1.611818790435791,0.71424800157547,,
964,37634,,,,,5.206793785095215,0.2827989161014557
964,37634,,,1.7448595762252808,0.7201776504516602,,
965,37673,,,,,5.16790771484375,0.2840240001678467
965,37673,,,1.6756247282028198,0.7274136543273926,,
966,37712,,,,,5.114446640014648,0.28686490654945374
966,37712,,,1.6994494199752808,0.701562225818634,,
967,37751,,,,,5.1550798416137695,0.2833591401576996
967,37751,,,1.811464786529541,0.7076916098594666,,
968,37790,,,,,5.2469048500061035,0.2780919373035431
968,37790,,,1.736429214477539,0.6970251798629761,,
969,37829,,,,,5.1937689781188965,0.28213346004486084
969,37829,,,1.60128653049469,0.7152500748634338,,
970,37868,,,,,5.155109882354736,0.28166651725769043
970,37868,,,1.755379319190979,0.6924586892127991,,
971,37907,,,,,5.183773040771484,0.27756232023239136
971,37907,,,1.7102923393249512,0.6690691709518433,,
972,37946,,,,,5.216329097747803,0.27428004145622253
972,37946,,,1.6662182807922363,0.7377498149871826,,
973,37985,,,,,5.274930477142334,0.2700498104095459
973,37985,,,1.7076870203018188,0.6755363345146179,,
974,38024,,,,,5.2526655197143555,0.2705872654914856
974,38024,,,1.6975351572036743,0.7043629288673401,,
975,38063,,,,,5.205878734588623,0.273755818605423
975,38063,,,1.6394251585006714,0.7199715971946716,,
976,38102,,,,,5.2326812744140625,0.2746553421020508
976,38102,,,1.775003433227539,0.7002917528152466,,
977,38141,,,,,5.161073207855225,0.2801527976989746
977,38141,,,1.55646812915802,0.6788937449455261,,
978,38180,,,,,5.1645731925964355,0.27777478098869324
978,38180,,,1.7576241493225098,0.6955865621566772,,
979,38219,,,,,5.192137718200684,0.2792942523956299
979,38219,,,1.7055329084396362,0.7321168184280396,,
980,38258,,,,,5.1244635581970215,0.28292569518089294
980,38258,,,1.818991780281067,0.7182952761650085,,
981,38297,,,,,5.1003737449646,0.2819024622440338
981,38297,,,1.7101593017578125,0.6946046948432922,,
982,38336,,,,,5.151416301727295,0.2789190411567688
982,38336,,,1.6434277296066284,0.71416836977005,,
983,38375,,,,,5.171436786651611,0.2760941982269287
983,38375,,,1.7680286169052124,0.6920543909072876,,
984,38414,,,,,5.102615833282471,0.2817172408103943
984,38414,,,1.7018835544586182,0.7144880890846252,,
985,38453,,,,,5.154349327087402,0.2802799642086029
985,38453,,,1.6539007425308228,0.7294039726257324,,
986,38492,,,,,5.136957168579102,0.2814509868621826
986,38492,,,1.7240451574325562,0.7208108901977539,,
987,38531,,,,,5.217175006866455,0.2764977514743805
987,38531,,,1.6230367422103882,0.7074118256568909,,
988,38570,,,,,5.174955368041992,0.280545711517334
988,38570,,,1.7739261388778687,0.6662395000457764,,
989,38609,,,,,5.148284435272217,0.2812091112136841
989,38609,,,1.688507080078125,0.7058609127998352,,
990,38648,,,,,5.1196746826171875,0.2830101251602173
990,38648,,,1.7247850894927979,0.6795451045036316,,
991,38687,,,,,5.110979080200195,0.2846983075141907
991,38687,,,1.7040700912475586,0.7015675902366638,,
992,38726,,,,,5.1442718505859375,0.28277331590652466
992,38726,,,1.7390367984771729,0.6984654068946838,,
993,38765,,,,,5.1026082038879395,0.28398916125297546
993,38765,,,1.7250722646713257,0.7039262652397156,,
994,38804,,,,,5.079466819763184,0.28270167112350464
994,38804,,,1.7225451469421387,0.6919390559196472,,
995,38843,,,,,5.109166145324707,0.2807110846042633
995,38843,,,1.7753031253814697,0.7101531624794006,,
996,38882,,,,,5.164201736450195,0.27821195125579834
996,38882,,,1.6485028266906738,0.7334324717521667,,
997,38921,,,,,5.136251449584961,0.28179216384887695
997,38921,,,1.7473822832107544,0.702538788318634,,
998,38960,,,,,5.202724456787109,0.27864524722099304
998,38960,,,1.6950231790542603,0.7257446646690369,,
999,38999,,,,,5.235921382904053,0.27521511912345886
999,38999,,,1.735949158668518,0.7088719606399536,,
1000,39038,,,,,5.190995216369629,0.27915722131729126
1000,39038,,,1.5784530639648438,0.705001711845398,,
1001,39077,,,,,5.231389045715332,0.2785418927669525
1001,39077,,,1.6679143905639648,0.7000619173049927,,
1002,39116,,,,,5.1609296798706055,0.28161031007766724
1002,39116,,,1.6821770668029785,0.7503608465194702,,
1003,39155,,,,,5.154150009155273,0.28148797154426575
1003,39155,,,1.7707195281982422,0.7110328674316406,,
1004,39194,,,,,5.103763103485107,0.28504040837287903
1004,39194,,,1.6626348495483398,0.6880308985710144,,
1005,39233,,,,,5.15940523147583,0.28301095962524414
1005,39233,,,1.6421810388565063,0.7253816723823547,,
1006,39272,,,,,5.165621757507324,0.279043972492218
1006,39272,,,1.6870059967041016,0.72537761926651,,
1007,39311,,,,,5.202714443206787,0.27834630012512207
1007,39311,,,1.6668435335159302,0.7127695083618164,,
1008,39350,,,,,5.184025287628174,0.2796075940132141
1008,39350,,,1.6370116472244263,0.7249478101730347,,
1009,39389,,,,,5.137478351593018,0.2837217450141907
1009,39389,,,1.7125338315963745,0.6844086050987244,,
1010,39428,,,,,5.231862545013428,0.27872759103775024
1010,39428,,,1.6515228748321533,0.6999063491821289,,
1011,39467,,,,,5.123155117034912,0.2873997986316681
1011,39467,,,1.7623052597045898,0.696832001209259,,
1012,39506,,,,,5.114004135131836,0.28890830278396606
1012,39506,,,1.66012704372406,0.7166642546653748,,
1013,39545,,,,,5.072372913360596,0.2926880121231079
1013,39545,,,1.716957926750183,0.7303942441940308,,
1014,39584,,,,,5.070536136627197,0.2914792001247406
1014,39584,,,1.6259889602661133,0.7209225296974182,,
1015,39623,,,,,5.068966865539551,0.2938700318336487
1015,39623,,,1.6854251623153687,0.7199644446372986,,
1016,39662,,,,,5.113168716430664,0.2895009219646454
1016,39662,,,1.682369351387024,0.6969651579856873,,
1017,39701,,,,,5.123630523681641,0.2895750403404236
1017,39701,,,1.7453681230545044,0.6959922909736633,,
1018,39740,,,,,5.1474127769470215,0.287481427192688
1018,39740,,,1.6920620203018188,0.7054741978645325,,
1019,39779,,,,,5.151730537414551,0.2881980240345001
1019,39779,,,1.6669683456420898,0.7267040610313416,,
1020,39818,,,,,5.201913833618164,0.2846848964691162
1020,39818,,,1.6413511037826538,0.7211411595344543,,
1021,39857,,,,,5.194726943969727,0.2849932014942169
1021,39857,,,1.7104527950286865,0.7074723243713379,,
1022,39896,,,,,5.182513236999512,0.2859976291656494
1022,39896,,,1.6705455780029297,0.719620406627655,,
1023,39935,,,,,5.0864176750183105,0.2923582196235657
1023,39935,,,1.7024637460708618,0.7482895255088806,,
1024,39974,,,,,5.165417671203613,0.28775596618652344
1024,39974,,,1.7456045150756836,0.6751728057861328,,
1025,40013,,,,,5.051206588745117,0.2931007146835327
1025,40013,,,1.7759467363357544,0.7016796469688416,,
1026,40052,,,,,5.063113212585449,0.2912663519382477
1026,40052,,,1.7421752214431763,0.6788285374641418,,
1027,40091,,,,,5.054969787597656,0.2915992736816406
1027,40091,,,1.5722521543502808,0.7263153791427612,,
1028,40130,,,,,5.0627923011779785,0.290999174118042
1028,40130,,,1.711576223373413,0.6840127110481262,,
1029,40169,,,,,5.0857062339782715,0.2895183563232422
1029,40169,,,1.7858004570007324,0.702915608882904,,
1030,40208,,,,,5.153039455413818,0.28676050901412964
1030,40208,,,1.609877586364746,0.7040805220603943,,
1031,40247,,,,,5.156132698059082,0.28523650765419006
1031,40247,,,1.7898977994918823,0.7096151113510132,,
1032,40286,,,,,5.142815589904785,0.2849591076374054
1032,40286,,,1.745592713356018,0.6942467093467712,,
1033,40325,,,,,5.093363285064697,0.2900065779685974
1033,40325,,,1.7508914470672607,0.736282467842102,,
1034,40364,,,,,5.178576946258545,0.2850884199142456
1034,40364,,,1.559104561805725,0.7198576331138611,,
1035,40403,,,,,5.089167594909668,0.2890891134738922
1035,40403,,,1.8769104480743408,0.677808940410614,,
1036,40442,,,,,5.016385078430176,0.29236096143722534
1036,40442,,,1.7337268590927124,0.6874765753746033,,
1037,40481,,,,,5.086828231811523,0.285746306180954
1037,40481,,,1.624248743057251,0.6757879257202148,,
1038,40520,,,,,5.07065486907959,0.28887540102005005
1038,40520,,,1.6336699724197388,0.6902773976325989,,
1039,40559,,,,,5.120257377624512,0.28559523820877075
1039,40559,,,1.823547124862671,0.7184329628944397,,
1040,40598,,,,,5.136614799499512,0.2828630805015564
1040,40598,,,1.8070714473724365,0.7132643461227417,,
1041,40637,,,,,5.121197700500488,0.28182509541511536
1041,40637,,,1.7776660919189453,0.6826393008232117,,
1042,40676,,,,,5.184669494628906,0.27959907054901123
1042,40676,,,1.6727533340454102,0.70332932472229,,
1043,40715,,,,,5.132040500640869,0.28252583742141724
1043,40715,,,1.578099012374878,0.722385823726654,,
1044,40754,,,,,5.018768310546875,0.29055726528167725
1044,40754,,,1.695190191268921,0.6890514492988586,,
1045,40793,,,,,5.019533634185791,0.2918182909488678
1045,40793,,,1.6555269956588745,0.7211507558822632,,
1046,40832,,,,,5.218961715698242,0.2812284231185913
1046,40832,,,1.7349927425384521,0.7121000289916992,,
1047,40871,,,,,5.265404224395752,0.27841445803642273
1047,40871,,,1.6820234060287476,0.6990095376968384,,
1048,40910,,,,,5.220367908477783,0.2797880172729492
1048,40910,,,1.7450525760650635,0.7100693583488464,,
1049,40949,,,,,5.1272783279418945,0.2834395170211792
1049,40949,,,1.616071343421936,0.6982051730155945,,
1050,40988,,,,,5.0822930335998535,0.2867542803287506
1050,40988,,,1.6040834188461304,0.7062515020370483,,
1051,41027,,,,,5.04884672164917,0.2898632884025574
1051,41027,,,1.7290335893630981,0.6707096695899963,,
1052,41066,,,,,5.086495399475098,0.28852224349975586
1052,41066,,,1.6045339107513428,0.7238197326660156,,
1053,41105,,,,,5.084016799926758,0.2897788882255554
1053,41105,,,1.7019007205963135,0.7089245319366455,,
1054,41144,,,,,5.134243488311768,0.2885725796222687
1054,41144,,,1.6402138471603394,0.713994026184082,,
1055,41183,,,,,5.066030979156494,0.2910620868206024
1055,41183,,,1.704489827156067,0.7202334403991699,,
1056,41222,,,,,5.054320335388184,0.29056087136268616
1056,41222,,,1.714682698249817,0.7222614884376526,,
1057,41261,,,,,5.085427761077881,0.29037192463874817
1057,41261,,,1.6741223335266113,0.7063541412353516,,
1058,41300,,,,,5.087670803070068,0.2886963188648224
1058,41300,,,1.6776617765426636,0.6977531909942627,,
1059,41339,,,,,5.039283275604248,0.291997492313385
1059,41339,,,1.7722753286361694,0.7174547910690308,,
1060,41378,,,,,5.042308330535889,0.2889808118343353
1060,41378,,,1.5984102487564087,0.7314639687538147,,
1061,41417,,,,,5.090598106384277,0.28692951798439026
1061,41417,,,1.7247521877288818,0.7237138152122498,,
1062,41456,,,,,5.0648603439331055,0.28742143511772156
1062,41456,,,1.8445849418640137,0.6734997034072876,,
1063,41495,,,,,5.075446128845215,0.28714072704315186
1063,41495,,,1.6751205921173096,0.7019116282463074,,
1064,41534,,,,,5.160996913909912,0.28312763571739197
1064,41534,,,1.783274531364441,0.7116078734397888,,
1065,41573,,,,,5.147940635681152,0.28459838032722473
1065,41573,,,1.6138732433319092,0.7239083647727966,,
1066,41612,,,,,5.188243865966797,0.28032422065734863
1066,41612,,,1.688224196434021,0.6871466040611267,,
1067,41651,,,,,5.079802989959717,0.28849512338638306
1067,41651,,,1.707905888557434,0.7035924196243286,,
1068,41690,,,,,5.0447998046875,0.2919807434082031
1068,41690,,,1.6437489986419678,0.7210078239440918,,
1069,41729,,,,,5.079028606414795,0.29036638140678406
1069,41729,,,1.6799155473709106,0.7198271155357361,,
1070,41768,,,,,5.103026866912842,0.2887876033782959
1070,41768,,,1.7437442541122437,0.7069492340087891,,
1071,41807,,,,,5.085496425628662,0.28836488723754883
1071,41807,,,1.6452478170394897,0.737970769405365,,
1072,41846,,,,,5.186354160308838,0.28027957677841187
1072,41846,,,1.634982705116272,0.7422887682914734,,
1073,41885,,,,,5.150572299957275,0.2813231945037842
1073,41885,,,1.725049376487732,0.7031741738319397,,
1074,41924,,,,,5.067717552185059,0.2879765033721924
1074,41924,,,1.67156982421875,0.7093406319618225,,
1075,41963,,,,,5.091952800750732,0.28585249185562134
1075,41963,,,1.6060622930526733,0.7257616519927979,,
1076,42002,,,,,5.132172107696533,0.28401991724967957
1076,42002,,,1.606859564781189,0.7335543632507324,,
1077,42041,,,,,5.1766276359558105,0.28136250376701355
1077,42041,,,1.627703309059143,0.7039752006530762,,
1078,42080,,,,,5.148557662963867,0.2822387218475342
1078,42080,,,1.6672818660736084,0.7152993679046631,,
1079,42119,,,,,5.144056797027588,0.281552791595459
1079,42119,,,1.6636550426483154,0.689828097820282,,
1080,42158,,,,,5.212392807006836,0.2781220078468323
1080,42158,,,1.7618887424468994,0.6832080483436584,,
1081,42197,,,,,5.18280553817749,0.2814326286315918
1081,42197,,,1.7406522035598755,0.722553551197052,,
1082,42236,,,,,5.0849761962890625,0.28645485639572144
1082,42236,,,1.6076258420944214,0.7110810875892639,,
1083,42275,,,,,5.026164531707764,0.2914140522480011
1083,42275,,,1.6060012578964233,0.7044823169708252,,
1084,42314,,,,,5.113833904266357,0.28502434492111206
1084,42314,,,1.7027761936187744,0.7213525772094727,,
1085,42353,,,,,5.097900867462158,0.2865086793899536
1085,42353,,,1.5785579681396484,0.6999233961105347,,
1086,42392,,,,,5.1268205642700195,0.28468602895736694
1086,42392,,,1.6983808279037476,0.6994422674179077,,
1087,42431,,,,,5.1429762840271,0.2844741940498352
1087,42431,,,1.7524441480636597,0.6822588443756104,,
1088,42470,,,,,5.109783172607422,0.28640270233154297
1088,42470,,,1.5689818859100342,0.7441434860229492,,
1089,42509,,,,,5.121081829071045,0.2855100631713867
1089,42509,,,1.7162587642669678,0.7112478017807007,,
1090,42548,,,,,5.101847171783447,0.28849682211875916
1090,42548,,,1.5994064807891846,0.7292377352714539,,
1091,42587,,,,,5.048449993133545,0.2925083339214325
1091,42587,,,1.6194220781326294,0.7227783799171448,,
1092,42626,,,,,5.083445072174072,0.29109567403793335
1092,42626,,,1.7845263481140137,0.6945738792419434,,
1093,42665,,,,,5.027526378631592,0.2925787568092346
1093,42665,,,1.5944501161575317,0.7305682301521301,,
1094,42704,,,,,5.086297988891602,0.2881246507167816
1094,42704,,,1.6876013278961182,0.7088826298713684,,
1095,42743,,,,,5.056711673736572,0.2908993363380432
1095,42743,,,1.7173473834991455,0.7131986618041992,,
1096,42782,,,,,5.047177791595459,0.2933402359485626
1096,42782,,,1.7008864879608154,0.7267614603042603,,
1097,42821,,,,,5.108941078186035,0.28780093789100647
1097,42821,,,1.6641616821289062,0.7217589020729065,,
1098,42860,,,,,5.08109188079834,0.28739941120147705
1098,42860,,,1.5369341373443604,0.7348345518112183,,
1099,42899,,,,,5.126062393188477,0.28601551055908203
1099,42899,,,1.6832791566848755,0.6892158389091492,,
1100,42938,,,,,5.084189414978027,0.28982871770858765
1100,42938,,,1.6560391187667847,0.7189143896102905,,
1101,42977,,,,,5.123628616333008,0.2883298099040985
1101,42977,,,1.5390031337738037,0.7157914042472839,,
1102,43016,,,,,5.157111167907715,0.28543680906295776
1102,43016,,,1.6122345924377441,0.7020531296730042,,
1103,43055,,,,,5.186459541320801,0.2840101718902588
1103,43055,,,1.6477618217468262,0.712535560131073,,
1104,43094,,,,,5.140013694763184,0.287623792886734
1104,43094,,,1.609342336654663,0.7262094020843506,,
1105,43133,,,,,5.071613311767578,0.2921532392501831
1105,43133,,,1.669393539428711,0.7541306614875793,,
1106,43172,,,,,4.997609615325928,0.29739779233932495
1106,43172,,,1.6542186737060547,0.7202008962631226,,
1107,43211,,,,,5.0065436363220215,0.2963094115257263
1107,43211,,,1.6585516929626465,0.6795704364776611,,
1108,43250,,,,,5.050043106079102,0.29373595118522644
1108,43250,,,1.5542279481887817,0.7283697724342346,,
1109,43289,,,,,5.033744812011719,0.2926625609397888
1109,43289,,,1.6478796005249023,0.7222609519958496,,
1110,43328,,,,,5.02445125579834,0.2938287556171417
1110,43328,,,1.6829705238342285,0.7378200888633728,,
1111,43367,,,,,5.01069450378418,0.2932432293891907
1111,43367,,,1.7096080780029297,0.7037115693092346,,
1112,43406,,,,,4.96051549911499,0.2976439297199249
1112,43406,,,1.6231228113174438,0.710604190826416,,
1113,43445,,,,,4.998682498931885,0.2957664430141449
1113,43445,,,1.7017356157302856,0.6941177248954773,,
1114,43484,,,,,5.074103355407715,0.29307374358177185
1114,43484,,,1.4985010623931885,0.7356707453727722,,
1115,43523,,,,,5.011612892150879,0.2983365058898926
1115,43523,,,1.6102129220962524,0.7200102210044861,,
1116,43562,,,,,4.990767478942871,0.30172064900398254
1116,43562,,,1.7147750854492188,0.7350565791130066,,
1117,43601,,,,,5.00046968460083,0.2991974353790283
1117,43601,,,1.7026052474975586,0.7134880423545837,,
1118,43640,,,,,5.056382179260254,0.29301750659942627
1118,43640,,,1.6353354454040527,0.6694808602333069,,
1119,43679,,,,,5.050996780395508,0.291159987449646
1119,43679,,,1.6970947980880737,0.6929448246955872,,
1120,43718,,,,,5.026070594787598,0.29120269417762756
1120,43718,,,1.6577140092849731,0.716818630695343,,
1121,43757,,,,,5.051760196685791,0.28898829221725464
1121,43757,,,1.5980958938598633,0.696006178855896,,
1122,43796,,,,,5.018279075622559,0.2924215495586395
1122,43796,,,1.6537322998046875,0.7280585169792175,,
1123,43835,,,,,5.071218013763428,0.28904643654823303
1123,43835,,,1.699949026107788,0.7209311127662659,,
1124,43874,,,,,5.117980480194092,0.28718432784080505
1124,43874,,,1.6756054162979126,0.70357745885849,,
1125,43913,,,,,5.147428512573242,0.28406235575675964
1125,43913,,,1.6970670223236084,0.6722263693809509,,
1126,43952,,,,,5.214375972747803,0.28118038177490234
1126,43952,,,1.7542661428451538,0.7092174291610718,,
1127,43991,,,,,5.204635143280029,0.2804715931415558
1127,43991,,,1.6267321109771729,0.6868776082992554,,
1128,44030,,,,,5.106722831726074,0.28911247849464417
1128,44030,,,1.7086138725280762,0.7098137140274048,,
1129,44069,,,,,5.013636112213135,0.29405567049980164
1129,44069,,,1.7044695615768433,0.7109588980674744,,
1130,44108,,,,,4.961094379425049,0.2959238588809967
1130,44108,,,1.6306079626083374,0.7073054909706116,,
1131,44147,,,,,4.947729587554932,0.29392769932746887
1131,44147,,,1.6371822357177734,0.7028928399085999,,
1132,44186,,,,,5.023993015289307,0.28870368003845215
1132,44186,,,1.6932235956192017,0.7123059034347534,,
1133,44225,,,,,5.005740165710449,0.2904343605041504
1133,44225,,,1.5474259853363037,0.7536070346832275,,
1134,44264,,,,,4.965984344482422,0.29333561658859253
1134,44264,,,1.6502212285995483,0.7104640007019043,,
1135,44303,,,,,4.967449188232422,0.2944563031196594
1135,44303,,,1.600311040878296,0.7003723978996277,,
1136,44342,,,,,5.019402503967285,0.2910076081752777
1136,44342,,,1.7039557695388794,0.716208815574646,,
1137,44381,,,,,5.016729831695557,0.2924441993236542
1137,44381,,,1.6338869333267212,0.7182565927505493,,
1138,44420,,,,,4.99141263961792,0.2958714962005615
1138,44420,,,1.6631319522857666,0.7086690068244934,,
1139,44459,,,,,5.013489246368408,0.29253700375556946
1139,44459,,,1.6292587518692017,0.756281852722168,,
1140,44498,,,,,5.058524131774902,0.28729021549224854
1140,44498,,,1.658675193786621,0.7152723670005798,,
1141,44537,,,,,5.049088001251221,0.2903430163860321
1141,44537,,,1.5021555423736572,0.7157138586044312,,
1142,44576,,,,,5.088356971740723,0.28798535466194153
1142,44576,,,1.674328088760376,0.6915674805641174,,
1143,44615,,,,,5.10678768157959,0.28785574436187744
1143,44615,,,1.6346197128295898,0.7176902890205383,,
1144,44654,,,,,5.060573101043701,0.29176759719848633
1144,44654,,,1.689966082572937,0.7095282077789307,,
1145,44693,,,,,4.986372947692871,0.29548487067222595
1145,44693,,,1.5915898084640503,0.7203683853149414,,
1146,44732,,,,,5.00749397277832,0.2946408689022064
1146,44732,,,1.6839929819107056,0.7114363312721252,,
1147,44771,,,,,5.043807029724121,0.2924051880836487
1147,44771,,,1.5686696767807007,0.7245920300483704,,
1148,44810,,,,,5.044337272644043,0.2918700575828552
1148,44810,,,1.6947872638702393,0.6700056195259094,,
1149,44849,,,,,5.034285068511963,0.29114386439323425
1149,44849,,,1.6236538887023926,0.7222710847854614,,
1150,44888,,,,,5.0147624015808105,0.29180121421813965
1150,44888,,,1.7286443710327148,0.7087370753288269,,
1151,44927,,,,,5.062145709991455,0.2891404628753662
1151,44927,,,1.644899845123291,0.7074549794197083,,
1152,44966,,,,,5.032962322235107,0.29024538397789
1152,44966,,,1.688711166381836,0.7177897095680237,,
1153,45005,,,,,5.041560173034668,0.28904837369918823
1153,45005,,,1.7254400253295898,0.6891574263572693,,
1154,45044,,,,,5.050627708435059,0.28745657205581665
1154,45044,,,1.7163015604019165,0.6868758201599121,,
1155,45083,,,,,5.0952372550964355,0.28375110030174255
1155,45083,,,1.6486886739730835,0.7274195551872253,,
1156,45122,,,,,5.078392505645752,0.2841030955314636
1156,45122,,,1.6981176137924194,0.7114092707633972,,
1157,45161,,,,,5.057713985443115,0.28614479303359985
1157,45161,,,1.6061636209487915,0.7175385355949402,,
1158,45200,,,,,5.017317295074463,0.2892613708972931
1158,45200,,,1.6991138458251953,0.7101570963859558,,
1159,45239,,,,,5.042212009429932,0.2899838387966156
1159,45239,,,1.5973644256591797,0.720819354057312,,
1160,45278,,,,,5.049718856811523,0.28981056809425354
1160,45278,,,1.6357187032699585,0.7430688738822937,,
1161,45317,,,,,4.988990306854248,0.29335999488830566
1161,45317,,,1.6325329542160034,0.7175934314727783,,
1162,45356,,,,,4.989246368408203,0.2929663062095642
1162,45356,,,1.5909174680709839,0.7372740507125854,,
1163,45395,,,,,5.062284469604492,0.28806787729263306
1163,45395,,,1.6912775039672852,0.7060533165931702,,
1164,45434,,,,,5.041769981384277,0.28826025128364563
1164,45434,,,1.6402395963668823,0.7161250710487366,,
1165,45473,,,,,5.063885688781738,0.2859201431274414
1165,45473,,,1.6645516157150269,0.680376410484314,,
1166,45512,,,,,5.087609767913818,0.28730860352516174
1166,45512,,,1.694662094116211,0.7385366559028625,,
1167,45551,,,,,5.090715408325195,0.28566575050354004
1167,45551,,,1.662589192390442,0.7134004831314087,,
1168,45590,,,,,5.078308582305908,0.2858158349990845
1168,45590,,,1.5548663139343262,0.7467797994613647,,
1169,45629,,,,,5.038233757019043,0.2858399450778961
1169,45629,,,1.7671633958816528,0.7182402014732361,,
1170,45668,,,,,5.039010047912598,0.2828298807144165
1170,45668,,,1.6178703308105469,0.6833587884902954,,
1171,45707,,,,,5.057498455047607,0.283115953207016
1171,45707,,,1.6812756061553955,0.7108962535858154,,
1172,45746,,,,,5.0459208488464355,0.2857480049133301
1172,45746,,,1.6405527591705322,0.7160364985466003,,
1173,45785,,,,,5.107961654663086,0.2809739112854004
1173,45785,,,1.6773815155029297,0.7064818143844604,,
1174,45824,,,,,5.1244025230407715,0.27953943610191345
1174,45824,,,1.709864854812622,0.7076817154884338,,
1175,45863,,,,,5.165329933166504,0.27766120433807373
1175,45863,,,1.6806458234786987,0.7234206795692444,,
1176,45902,,,,,5.073832035064697,0.28577399253845215
1176,45902,,,1.5728551149368286,0.7218651175498962,,
1177,45941,,,,,5.036750793457031,0.2872661054134369
1177,45941,,,1.6833667755126953,0.7390215396881104,,
1178,45980,,,,,4.961397171020508,0.2935766577720642
1178,45980,,,1.6429349184036255,0.7308127880096436,,
1179,46019,,,,,4.942506790161133,0.29456183314323425
1179,46019,,,1.6105570793151855,0.7139450311660767,,
1180,46058,,,,,4.963314533233643,0.2896772623062134
1180,46058,,,1.6877593994140625,0.7129993438720703,,
1181,46097,,,,,4.983695983886719,0.28891438245773315
1181,46097,,,1.6368087530136108,0.7058882713317871,,
1182,46136,,,,,5.0090107917785645,0.28627660870552063
1182,46136,,,1.6850762367248535,0.7125153541564941,,
1183,46175,,,,,5.050943374633789,0.28106069564819336
1183,46175,,,1.7888044118881226,0.699928879737854,,
1184,46214,,,,,5.035039901733398,0.2838591933250427
1184,46214,,,1.6940478086471558,0.7148284912109375,,
1185,46253,,,,,5.093966007232666,0.2799038290977478
1185,46253,,,1.5262869596481323,0.730961799621582,,
1186,46292,,,,,5.089909553527832,0.27831339836120605
1186,46292,,,1.6267341375350952,0.7548066973686218,,
1187,46331,,,,,5.104320526123047,0.2807965576648712
1187,46331,,,1.5455161333084106,0.720851480960846,,
1188,46370,,,,,5.085696220397949,0.2833462655544281
1188,46370,,,1.5861377716064453,0.7137166261672974,,
1189,46409,,,,,5.059070110321045,0.28380388021469116
1189,46409,,,1.6069117784500122,0.7242304086685181,,
1190,46448,,,,,5.105448246002197,0.2828841209411621
1190,46448,,,1.591691017150879,0.6997023820877075,,
1191,46487,,,,,5.087134838104248,0.28488314151763916
1191,46487,,,1.5830419063568115,0.7535847425460815,,
1192,46526,,,,,5.055054187774658,0.28663283586502075
1192,46526,,,1.568429946899414,0.7576137185096741,,
1193,46565,,,,,5.041056156158447,0.2907020151615143
1193,46565,,,1.6599704027175903,0.7009095549583435,,
1194,46604,,,,,5.039933204650879,0.2904874384403229
1194,46604,,,1.6688344478607178,0.7170501351356506,,
1195,46643,,,,,5.034872055053711,0.29006528854370117
1195,46643,,,1.6502251625061035,0.7021583318710327,,
1196,46682,,,,,5.029062747955322,0.2917068600654602
1196,46682,,,1.6032445430755615,0.7303608655929565,,
1197,46721,,,,,5.001808166503906,0.2943423092365265
1197,46721,,,1.6880053281784058,0.7317776083946228,,
1198,46760,,,,,5.037871360778809,0.29119744896888733
1198,46760,,,1.5536621809005737,0.7183431386947632,,
1199,46799,,,,,5.000627517700195,0.29452282190322876
1199,46799,,,1.7158150672912598,0.7150720357894897,,
1200,46838,,,,,5.057572841644287,0.2884930372238159
1200,46838,,,1.685243844985962,0.7313597798347473,,
1201,46877,,,,,5.032658576965332,0.29061993956565857
1201,46877,,,1.6261420249938965,0.7036827802658081,,
1202,46916,,,,,4.996006965637207,0.29505589604377747
1202,46916,,,1.7080249786376953,0.680686354637146,,
1203,46955,,,,,4.990135192871094,0.29665514826774597
1203,46955,,,1.556234359741211,0.7209969758987427,,
1204,46994,,,,,5.009649753570557,0.2945849597454071
1204,46994,,,1.6831408739089966,0.7261388301849365,,
1205,47033,,,,,5.002945899963379,0.29243141412734985
1205,47033,,,1.6598485708236694,0.7182603478431702,,
1206,47072,,,,,5.08299446105957,0.28626251220703125
1206,47072,,,1.7023818492889404,0.7161510586738586,,
1207,47111,,,,,5.052536487579346,0.2897285223007202
1207,47111,,,1.5914777517318726,0.7152405381202698,,
1208,47150,,,,,4.965859889984131,0.29477548599243164
1208,47150,,,1.6827913522720337,0.6881809830665588,,
1209,47189,,,,,5.006237983703613,0.29029786586761475
1209,47189,,,1.6084569692611694,0.7078878283500671,,
1210,47228,,,,,5.069443702697754,0.2854418456554413
1210,47228,,,1.5930719375610352,0.7070143222808838,,
1211,47267,,,,,5.045996189117432,0.2862909138202667
1211,47267,,,1.6446270942687988,0.7112259268760681,,
1212,47306,,,,,4.997660160064697,0.28847119212150574
1212,47306,,,1.5641636848449707,0.7309767603874207,,
1213,47345,,,,,5.0455780029296875,0.2864362299442291
1213,47345,,,1.701668381690979,0.7407092452049255,,
1214,47384,,,,,5.0480732917785645,0.28506365418434143
1214,47384,,,1.597726821899414,0.7071285843849182,,
1215,47423,,,,,5.021355628967285,0.28951317071914673
1215,47423,,,1.6823904514312744,0.7139664888381958,,
1216,47462,,,,,5.012122631072998,0.2907325029373169
1216,47462,,,1.6167021989822388,0.7277554273605347,,
1217,47501,,,,,5.014001846313477,0.2893877625465393
1217,47501,,,1.5925681591033936,0.7336662411689758,,
1218,47540,,,,,4.947629928588867,0.2938055992126465
1218,47540,,,1.6535589694976807,0.6878950595855713,,
1219,47579,,,,,4.928280830383301,0.2956607937812805
1219,47579,,,1.605558156967163,0.6898969411849976,,
1220,47618,,,,,4.978667736053467,0.29276517033576965
1220,47618,,,1.6373850107192993,0.7179103493690491,,
1221,47657,,,,,5.05687952041626,0.2849666476249695
1221,47657,,,1.6439522504806519,0.7095168828964233,,
1222,47696,,,,,5.035552024841309,0.2845880091190338
1222,47696,,,1.6358394622802734,0.6931295990943909,,
1223,47735,,,,,5.001000881195068,0.28745996952056885
1223,47735,,,1.6438180208206177,0.7418482303619385,,
1224,47774,,,,,5.0069580078125,0.2864660918712616
1224,47774,,,1.6619231700897217,0.7457658052444458,,
1225,47813,,,,,4.9769134521484375,0.29146483540534973
1225,47813,,,1.664463758468628,0.716053307056427,,
1226,47852,,,,,5.043496608734131,0.28986412286758423
1226,47852,,,1.629747986793518,0.7251332998275757,,
1227,47891,,,,,5.084115982055664,0.2858339250087738
1227,47891,,,1.5701777935028076,0.7396539449691772,,
1228,47930,,,,,5.031885623931885,0.28881070017814636
1228,47930,,,1.5572519302368164,0.74233478307724,,
1229,47969,,,,,5.038597583770752,0.28999459743499756
1229,47969,,,1.4828437566757202,0.7424783706665039,,
1230,48008,,,,,5.1092000007629395,0.2841103672981262
1230,48008,,,1.5831620693206787,0.6895830035209656,,
1231,48047,,,,,5.057519435882568,0.28803393244743347
1231,48047,,,1.5821998119354248,0.7490262985229492,,
1232,48086,,,,,5.1187286376953125,0.2826348841190338
1232,48086,,,1.6094295978546143,0.744683563709259,,
1233,48125,,,,,5.103918552398682,0.28296157717704773
1233,48125,,,1.6834752559661865,0.7219839096069336,,
1234,48164,,,,,5.052579879760742,0.28593650460243225
1234,48164,,,1.669033169746399,0.7172102332115173,,
1235,48203,,,,,5.055802822113037,0.2845359146595001
1235,48203,,,1.6991705894470215,0.6891235113143921,,
1236,48242,,,,,5.0364580154418945,0.29072365164756775
1236,48242,,,1.4319828748703003,0.7458367347717285,,
1237,48281,,,,,4.990698337554932,0.2940763831138611
1237,48281,,,1.6431118249893188,0.7372840642929077,,
1238,48320,,,,,4.924564838409424,0.2998584806919098
1238,48320,,,1.7653768062591553,0.6978093385696411,,
1239,48359,,,,,4.956469535827637,0.29572033882141113
1239,48359,,,1.6282522678375244,0.7162100672721863,,
1240,48398,,,,,4.970174312591553,0.2967809736728668
1240,48398,,,1.5557705163955688,0.7289443612098694,,
1241,48437,,,,,4.947029113769531,0.29883337020874023
1241,48437,,,1.6203479766845703,0.7378270030021667,,
1242,48476,,,,,4.9846978187561035,0.29707977175712585
1242,48476,,,1.595509648323059,0.7446015477180481,,
1243,48515,,,,,4.993316173553467,0.2937692701816559
1243,48515,,,1.501611351966858,0.7358642220497131,,
1244,48554,,,,,5.018758296966553,0.29120752215385437
1244,48554,,,1.6928765773773193,0.7295259237289429,,
1245,48593,,,,,5.001798629760742,0.29347559809684753
1245,48593,,,1.5642937421798706,0.6944993138313293,,
1246,48632,,,,,5.047379016876221,0.29155123233795166
1246,48632,,,1.613244652748108,0.730972170829773,,
1247,48671,,,,,5.055756092071533,0.29194843769073486
1247,48671,,,1.6714853048324585,0.7070003151893616,,
1248,48710,,,,,5.037426948547363,0.2925889492034912
1248,48710,,,1.5447665452957153,0.7468269467353821,,
1249,48749,,,,,5.043824195861816,0.29091084003448486
1249,48749,,,1.7021042108535767,0.72892165184021,,
1250,48788,,,,,5.016859531402588,0.29168587923049927
1250,48788,,,1.733156681060791,0.7065104842185974,,
1251,48827,,,,,5.08341121673584,0.2868131995201111
1251,48827,,,1.5940359830856323,0.7085545659065247,,
1252,48866,,,,,5.1027679443359375,0.28472936153411865
1252,48866,,,1.619188666343689,0.686460554599762,,
1253,48905,,,,,5.1087493896484375,0.28600114583969116
1253,48905,,,1.5286691188812256,0.7421554923057556,,
1254,48944,,,,,5.134887218475342,0.28463301062583923
1254,48944,,,1.5970925092697144,0.7225118279457092,,
1255,48983,,,,,5.0840678215026855,0.2906357944011688
1255,48983,,,1.6375844478607178,0.7289610505104065,,
1256,49022,,,,,5.0728044509887695,0.2914960980415344
1256,49022,,,1.6295673847198486,0.7413812875747681,,
1257,49061,,,,,5.099295139312744,0.2894945442676544
1257,49061,,,1.6066137552261353,0.7318561673164368,,
1258,49100,,,,,5.112806797027588,0.2875366806983948
1258,49100,,,1.7026171684265137,0.7077479958534241,,
1259,49139,,,,,5.079570293426514,0.2881346642971039
1259,49139,,,1.6300245523452759,0.7161465287208557,,
1260,49178,,,,,5.061985969543457,0.28611093759536743
1260,49178,,,1.5166552066802979,0.722826361656189,,
1261,49217,,,,,5.090705394744873,0.28576207160949707
1261,49217,,,1.624168038368225,0.7182345986366272,,
1262,49256,,,,,5.1125640869140625,0.2847558259963989
1262,49256,,,1.57388436794281,0.7227611541748047,,
1263,49295,,,,,5.082831859588623,0.28651848435401917
1263,49295,,,1.6862493753433228,0.691443681716919,,
1264,49334,,,,,5.069778919219971,0.28868675231933594
1264,49334,,,1.6351816654205322,0.7390052080154419,,
1265,49373,,,,,5.0223565101623535,0.29232585430145264
1265,49373,,,1.6566537618637085,0.7131746411323547,,
1266,49412,,,,,5.132059574127197,0.28530004620552063
1266,49412,,,1.5575296878814697,0.7024357914924622,,
1267,49451,,,,,5.080055236816406,0.28923919796943665
1267,49451,,,1.6423676013946533,0.7207381725311279,,
1268,49490,,,,,5.036762237548828,0.290400892496109
1268,49490,,,1.5670832395553589,0.7301636934280396,,
1269,49529,,,,,5.048154830932617,0.2915702164173126
1269,49529,,,1.6305032968521118,0.7187577486038208,,
1270,49568,,,,,5.038136959075928,0.29024720191955566
1270,49568,,,1.6217901706695557,0.711821436882019,,
1271,49607,,,,,5.053607940673828,0.2872846722602844
1271,49607,,,1.5824776887893677,0.7455193996429443,,
1272,49646,,,,,5.0020318031311035,0.2895452082157135
1272,49646,,,1.597988486289978,0.7089449167251587,,
1273,49685,,,,,4.976098537445068,0.2897180914878845
1273,49685,,,1.514728307723999,0.7506426572799683,,
1274,49724,,,,,5.032628536224365,0.2862708568572998
1274,49724,,,1.5989729166030884,0.7533712983131409,,
1275,49763,,,,,5.060141086578369,0.28523534536361694
1275,49763,,,1.6602511405944824,0.7380837202072144,,
1276,49802,,,,,5.081159591674805,0.2860332727432251
1276,49802,,,1.5386171340942383,0.7549390196800232,,
1277,49841,,,,,5.0776567459106445,0.2876242995262146
1277,49841,,,1.5445351600646973,0.7227250933647156,,
1278,49880,,,,,5.0686421394348145,0.288927286863327
1278,49880,,,1.6585763692855835,0.7211866974830627,,
1279,49919,,,,,5.027303218841553,0.29271718859672546
1279,49919,,,1.5012702941894531,0.7470991611480713,,
1280,49958,,,,,5.029414176940918,0.29097360372543335
1280,49958,,,1.5816255807876587,0.7351904511451721,,
1281,49997,,,,,5.077609062194824,0.28916746377944946
1281,49997,,,1.6099088191986084,0.7194351553916931,,
1282,50036,,,,,4.998446941375732,0.2929164171218872
1282,50036,,,1.6112033128738403,0.722125232219696,,
1283,50075,,,,,4.999549865722656,0.2932142913341522
1283,50075,,,1.729300856590271,0.7192129492759705,,
1284,50114,,,,,5.029107093811035,0.29201942682266235
1284,50114,,,1.586974859237671,0.7343261241912842,,
1285,50153,,,,,5.058731555938721,0.2915131449699402
1285,50153,,,1.568268895149231,0.7480949759483337,,
1286,50192,,,,,5.02571964263916,0.2935778796672821
1286,50192,,,1.715190052986145,0.7176597118377686,,
1287,50231,,,,,5.021830081939697,0.29323896765708923
1287,50231,,,1.562177062034607,0.7337954044342041,,
1288,50270,,,,,4.982746124267578,0.2969375252723694
1288,50270,,,1.533342719078064,0.7323571443557739,,
1289,50309,,,,,4.969820976257324,0.29726502299308777
1289,50309,,,1.5648396015167236,0.7219100594520569,,
1290,50348,,,,,4.975994110107422,0.29572299122810364
1290,50348,,,1.548189640045166,0.7468370795249939,,
1291,50387,,,,,5.010897159576416,0.2950074076652527
1291,50387,,,1.5908608436584473,0.7273145318031311,,
1292,50426,,,,,5.053465366363525,0.29340457916259766
1292,50426,,,1.5831884145736694,0.7056191563606262,,
1293,50465,,,,,5.023972034454346,0.29528477787971497
1293,50465,,,1.5818341970443726,0.7231160402297974,,
1294,50504,,,,,5.009910583496094,0.294351726770401
1294,50504,,,1.5667264461517334,0.7369201183319092,,
1295,50543,,,,,5.0370893478393555,0.29196974635124207
1295,50543,,,1.5619419813156128,0.7330875992774963,,
1296,50582,,,,,4.970487594604492,0.298335999250412
1296,50582,,,1.5467575788497925,0.7389408349990845,,
1297,50621,,,,,5.009295463562012,0.29534560441970825
1297,50621,,,1.513938069343567,0.736516535282135,,
1298,50660,,,,,5.00381326675415,0.2965180277824402
1298,50660,,,1.5464049577713013,0.7231305837631226,,
1299,50699,,,,,5.075793266296387,0.2910018563270569
1299,50699,,,1.6423892974853516,0.7116104364395142,,
1300,50738,,,,,5.087378978729248,0.2878199815750122
1300,50738,,,1.6213470697402954,0.7232329249382019,,
1301,50777,,,,,5.067696571350098,0.2909007966518402
1301,50777,,,1.5770304203033447,0.7094975709915161,,
1302,50816,,,,,5.103224277496338,0.28612208366394043
1302,50816,,,1.5162936449050903,0.7325140833854675,,
1303,50855,,,,,5.067380428314209,0.2885272204875946
1303,50855,,,1.58792245388031,0.6978625655174255,,
1304,50894,,,,,5.0584001541137695,0.2897987961769104
1304,50894,,,1.4873014688491821,0.7142836451530457,,
1305,50933,,,,,5.005565166473389,0.29377320408821106
1305,50933,,,1.5917772054672241,0.7266662120819092,,
1306,50972,,,,,4.985287189483643,0.29250529408454895
1306,50972,,,1.531552791595459,0.7350844740867615,,
1307,51011,,,,,4.9865875244140625,0.2925095558166504
1307,51011,,,1.5358628034591675,0.7451704144477844,,
1308,51050,,,,,4.992883205413818,0.2932133972644806
1308,51050,,,1.6039174795150757,0.7162511944770813,,
1309,51089,,,,,4.993716716766357,0.29457104206085205
1309,51089,,,1.558702826499939,0.7250823378562927,,
1310,51128,,,,,4.9482421875,0.2965609133243561
1310,51128,,,1.5460938215255737,0.7100843191146851,,
1311,51167,,,,,4.94113302230835,0.2983618974685669
1311,51167,,,1.5704808235168457,0.6946167349815369,,
1312,51206,,,,,4.935453414916992,0.299893856048584
1312,51206,,,1.6512515544891357,0.7136073708534241,,
1313,51245,,,,,5.029213905334473,0.29585060477256775
1313,51245,,,1.4970225095748901,0.7640807032585144,,
1314,51284,,,,,4.992180824279785,0.2971641719341278
1314,51284,,,1.4984890222549438,0.7581004500389099,,
1315,51323,,,,,4.935756683349609,0.3002370297908783
1315,51323,,,1.6246259212493896,0.7213035225868225,,
1316,51362,,,,,4.942206859588623,0.3010045886039734
1316,51362,,,1.5739566087722778,0.6979499459266663,,
1317,51401,,,,,4.983293056488037,0.2973489463329315
1317,51401,,,1.5916415452957153,0.7376804351806641,,
1318,51440,,,,,5.047956466674805,0.29288527369499207
1318,51440,,,1.4838422536849976,0.7215477824211121,,
1319,51479,,,,,5.0066938400268555,0.2967028319835663
1319,51479,,,1.6234900951385498,0.7420497536659241,,
1320,51518,,,,,5.025571823120117,0.2974714934825897
1320,51518,,,1.5306034088134766,0.7282429933547974,,
1321,51557,,,,,5.05565071105957,0.2935203015804291
1321,51557,,,1.641554594039917,0.7118362784385681,,
1322,51596,,,,,5.075984001159668,0.2896462380886078
1322,51596,,,1.58925199508667,0.7339845299720764,,
1323,51635,,,,,4.996364593505859,0.2949143648147583
1323,51635,,,1.6359679698944092,0.7084869146347046,,
1324,51674,,,,,4.970473289489746,0.29614025354385376
1324,51674,,,1.5881441831588745,0.7024530172348022,,
1325,51713,,,,,4.941150665283203,0.29898425936698914
1325,51713,,,1.6196480989456177,0.7087039351463318,,
1326,51752,,,,,4.974584102630615,0.2978599965572357
1326,51752,,,1.5231380462646484,0.7300353050231934,,
1327,51791,,,,,4.996247291564941,0.2975412905216217
1327,51791,,,1.5020147562026978,0.7203946113586426,,
1328,51830,,,,,5.027564525604248,0.2942318320274353
1328,51830,,,1.6076971292495728,0.7314401865005493,,
1329,51869,,,,,4.980844020843506,0.2982198894023895
1329,51869,,,1.5182100534439087,0.7399471998214722,,
1330,51908,,,,,4.959657192230225,0.2975887358188629
1330,51908,,,1.6634094715118408,0.7067223787307739,,
1331,51947,,,,,5.032435417175293,0.293467253446579
1331,51947,,,1.519342303276062,0.75919109582901,,
1332,51986,,,,,5.094781875610352,0.28957483172416687
1332,51986,,,1.5015678405761719,0.7502079606056213,,
1333,52025,,,,,5.021877288818359,0.29328685998916626
1333,52025,,,1.6160959005355835,0.7212011814117432,,
1334,52064,,,,,4.989173412322998,0.29810282588005066
1334,52064,,,1.5236214399337769,0.7430040240287781,,
1335,52103,,,,,4.982423782348633,0.2980119287967682
1335,52103,,,1.6172958612442017,0.7421239614486694,,
1336,52142,,,,,4.935013771057129,0.30243217945098877
1336,52142,,,1.636849284172058,0.6992821097373962,,
1337,52181,,,,,4.933164596557617,0.30098801851272583
1337,52181,,,1.5776324272155762,0.7064523696899414,,
1338,52220,,,,,4.950966835021973,0.3007383942604065
1338,52220,,,1.4734069108963013,0.7368158102035522,,
1339,52221,1.2654192447662354,0.2953116297721863,,,,
