epoch,step,test_loss,test_pcc,train_loss_epoch,train_pcc_epoch,val_loss,val_pcc
0,38,,,,,1.6374448537826538,0.1139516830444336
0,38,,,1.0160346031188965,0.02465449832379818,,
1,77,,,,,1.6396350860595703,0.08512073755264282
1,77,,,0.9870094656944275,0.017683520913124084,,
2,116,,,,,1.6378408670425415,0.1803768426179886
2,116,,,1.0491985082626343,-0.018360653892159462,,
3,155,,,,,1.6381710767745972,0.20282886922359467
3,155,,,1.0166666507720947,0.018644873052835464,,
4,194,,,,,1.643233299255371,0.24456354975700378
4,194,,,1.0133426189422607,-0.05387795716524124,,
5,233,,,,,1.6441758871078491,0.21929094195365906
5,233,,,1.010616660118103,0.008147603832185268,,
6,272,,,,,1.6470533609390259,0.20506687462329865
6,272,,,0.9720821976661682,0.05993812531232834,,
7,311,,,,,1.6419235467910767,0.242778480052948
7,311,,,1.0254889726638794,-0.017741255462169647,,
8,350,,,,,1.643965244293213,0.22504308819770813
8,350,,,0.9797120690345764,0.05036069452762604,,
9,389,,,,,1.6434954404830933,0.2137685865163803
9,389,,,1.0107649564743042,-0.036017585545778275,,
10,428,,,,,1.6433542966842651,0.2171020209789276
10,428,,,0.9920387268066406,0.010082270950078964,,
11,467,,,,,1.6412498950958252,0.19855928421020508
11,467,,,0.9960870742797852,0.049979228526353836,,
12,506,,,,,1.6428762674331665,0.18574735522270203
12,506,,,1.0002893209457397,-0.009010986424982548,,
13,545,,,,,1.6442242860794067,0.19927391409873962
13,545,,,1.0029007196426392,0.00432906299829483,,
14,584,,,,,1.6422898769378662,0.2075597494840622
14,584,,,0.977733314037323,-0.03421566262841225,,
15,623,,,,,1.6427236795425415,0.2125193327665329
15,623,,,0.9694620966911316,0.005024078767746687,,
16,662,,,,,1.6415215730667114,0.20773115754127502
16,662,,,0.9846010208129883,0.0036031375639140606,,
17,701,,,,,1.6409655809402466,0.20298421382904053
17,701,,,0.9920406937599182,-0.011451342143118382,,
18,740,,,,,1.6444295644760132,0.18443305790424347
18,740,,,0.964570939540863,0.00425168639048934,,
19,779,,,,,1.6443500518798828,0.18837247788906097
19,779,,,0.9906770586967468,-0.04377201572060585,,
20,818,,,,,1.642645239830017,0.2023572474718094
20,818,,,0.9720171689987183,0.03201962634921074,,
21,857,,,,,1.645622968673706,0.20547974109649658
21,857,,,0.9714418053627014,-0.007631293497979641,,
22,896,,,,,1.644163727760315,0.20826229453086853
22,896,,,0.9941568374633789,-0.014863787218928337,,
23,935,,,,,1.643070936203003,0.21175552904605865
23,935,,,0.9707531332969666,0.01179576851427555,,
24,974,,,,,1.6434969902038574,0.21938510239124298
24,974,,,0.9922983050346375,0.002787273610010743,,
25,1013,,,,,1.6415679454803467,0.22976110875606537
25,1013,,,0.9842314124107361,-0.018673168495297432,,
26,1052,,,,,1.6444495916366577,0.22641980648040771
26,1052,,,0.9791874289512634,-0.031601544469594955,,
27,1091,,,,,1.6429457664489746,0.22770646214485168
27,1091,,,0.9758886694908142,0.0023452250752598047,,
28,1130,,,,,1.639822006225586,0.22583794593811035
28,1130,,,1.028436303138733,-0.022760262712836266,,
29,1169,,,,,1.6438339948654175,0.23634657263755798
29,1169,,,0.9899067878723145,-0.029005808755755424,,
30,1208,,,,,1.6461551189422607,0.23718656599521637
30,1208,,,0.9760643243789673,0.05182666704058647,,
31,1247,,,,,1.644675850868225,0.2369081676006317
31,1247,,,0.9781308174133301,-0.032783277332782745,,
32,1286,,,,,1.6428396701812744,0.23596690595149994
32,1286,,,0.9678933620452881,0.0708012655377388,,
33,1325,,,,,1.6442174911499023,0.23877212405204773
33,1325,,,0.9721237421035767,0.002213967265561223,,
34,1364,,,,,1.6435400247573853,0.24119067192077637
34,1364,,,0.9759790301322937,0.02790321782231331,,
35,1403,,,,,1.6404331922531128,0.24305963516235352
35,1403,,,0.9842617511749268,0.019771067425608635,,
36,1442,,,,,1.6408566236495972,0.24530310928821564
36,1442,,,0.9819468855857849,-0.026927944272756577,,
37,1481,,,,,1.6409844160079956,0.25015151500701904
37,1481,,,1.0052400827407837,0.016161948442459106,,
38,1520,,,,,1.6428345441818237,0.25381481647491455
38,1520,,,0.9697532653808594,-0.003543019760400057,,
39,1559,,,,,1.64384925365448,0.2544269263744354
39,1559,,,0.968083381652832,0.007651146966964006,,
40,1598,,,,,1.645936369895935,0.25346025824546814
40,1598,,,0.9639000296592712,0.015532365068793297,,
41,1637,,,,,1.6432113647460938,0.2567063570022583
41,1637,,,0.9703865051269531,-0.0016442216001451015,,
42,1676,,,,,1.6412959098815918,0.2566823661327362
42,1676,,,1.0018805265426636,0.007281985133886337,,
43,1715,,,,,1.6392337083816528,0.25495806336402893
43,1715,,,1.002840280532837,0.03071417286992073,,
44,1754,,,,,1.6393688917160034,0.2495000809431076
44,1754,,,0.984397292137146,0.02620403654873371,,
45,1793,,,,,1.6386499404907227,0.25079023838043213
45,1793,,,0.9826993942260742,0.041373852640390396,,
46,1832,,,,,1.6409837007522583,0.2516877353191376
46,1832,,,0.9751789569854736,0.022086938843131065,,
47,1871,,,,,1.6423676013946533,0.2582935094833374
47,1871,,,0.9898719787597656,0.0024419324472546577,,
48,1910,,,,,1.6414775848388672,0.2584438920021057
48,1910,,,0.9763805866241455,0.013691188767552376,,
49,1949,,,,,1.6386828422546387,0.2554212212562561
49,1949,,,0.9697895646095276,0.0656810998916626,,
50,1988,,,,,1.6375266313552856,0.2621433138847351
50,1988,,,0.9910736083984375,0.035720594227313995,,
51,2027,,,,,1.6370826959609985,0.2643081247806549
51,2027,,,0.9795823693275452,0.0242838803678751,,
52,2066,,,,,1.6395200490951538,0.2601850926876068
52,2066,,,0.9807795882225037,0.03589784353971481,,
53,2105,,,,,1.6387100219726562,0.25980058312416077
53,2105,,,0.9672285914421082,0.06737137585878372,,
54,2144,,,,,1.6333222389221191,0.26207712292671204
54,2144,,,0.9853368997573853,0.08282499760389328,,
55,2183,,,,,1.6328965425491333,0.26286399364471436
55,2183,,,0.9566099643707275,0.10367392003536224,,
56,2222,,,,,1.6334812641143799,0.2640751302242279
56,2222,,,0.9673033356666565,0.08042951673269272,,
57,2261,,,,,1.63009774684906,0.26952430605888367
57,2261,,,0.9445196986198425,0.16214852035045624,,
58,2300,,,,,1.6272190809249878,0.27690258622169495
58,2300,,,0.9880165457725525,0.10919734835624695,,
59,2339,,,,,1.6234341859817505,0.2809450626373291
59,2339,,,0.9732093811035156,0.18973694741725922,,
60,2378,,,,,1.6156717538833618,0.272489994764328
60,2378,,,0.9559280276298523,0.19730588793754578,,
61,2417,,,,,1.6108753681182861,0.27739402651786804
61,2417,,,0.9483857750892639,0.205677330493927,,
62,2456,,,,,1.6000016927719116,0.28049764037132263
62,2456,,,0.9639458060264587,0.22163799405097961,,
63,2495,,,,,1.5963873863220215,0.28751882910728455
63,2495,,,0.9507744908332825,0.24649779498577118,,
64,2534,,,,,1.5895942449569702,0.2891393303871155
64,2534,,,0.959092378616333,0.24439513683319092,,
65,2573,,,,,1.5800552368164062,0.2911111116409302
65,2573,,,0.9629483222961426,0.2876947522163391,,
66,2612,,,,,1.5741909742355347,0.2972720265388489
66,2612,,,0.9440049529075623,0.2723359167575836,,
67,2651,,,,,1.5671777725219727,0.29506048560142517
67,2651,,,0.954183042049408,0.3064529597759247,,
68,2690,,,,,1.5618919134140015,0.3054356575012207
68,2690,,,0.9528263807296753,0.2695527672767639,,
69,2729,,,,,1.5552284717559814,0.2998105585575104
69,2729,,,0.9220378398895264,0.30775129795074463,,
70,2768,,,,,1.5536022186279297,0.3025932312011719
70,2768,,,0.9082386493682861,0.29963865876197815,,
71,2807,,,,,1.547440528869629,0.30641740560531616
71,2807,,,0.9141746163368225,0.37437427043914795,,
72,2846,,,,,1.544797658920288,0.30812162160873413
72,2846,,,0.9233517646789551,0.3173724412918091,,
73,2885,,,,,1.542057991027832,0.30665627121925354
73,2885,,,0.8978288173675537,0.3408098518848419,,
74,2924,,,,,1.543946623802185,0.3109132945537567
74,2924,,,0.8997135758399963,0.32546424865722656,,
75,2963,,,,,1.539533019065857,0.3122042119503021
75,2963,,,0.905032217502594,0.37729203701019287,,
76,3002,,,,,1.5435463190078735,0.3152329623699188
76,3002,,,0.9386900067329407,0.3031798005104065,,
77,3041,,,,,1.5428245067596436,0.3230653703212738
77,3041,,,0.9143765568733215,0.34211236238479614,,
78,3080,,,,,1.5384407043457031,0.3225049674510956
78,3080,,,0.9184325933456421,0.3209543824195862,,
79,3119,,,,,1.5362666845321655,0.3275008499622345
79,3119,,,0.907526969909668,0.37402021884918213,,
80,3158,,,,,1.5337588787078857,0.33086922764778137
80,3158,,,0.91489177942276,0.30091577768325806,,
81,3197,,,,,1.5317732095718384,0.33313989639282227
81,3197,,,0.9187136888504028,0.37386804819107056,,
82,3236,,,,,1.5320969820022583,0.33542826771736145
82,3236,,,0.9038278460502625,0.33576062321662903,,
83,3275,,,,,1.5275976657867432,0.3302580416202545
83,3275,,,0.8950897455215454,0.3533361852169037,,
84,3314,,,,,1.5275293588638306,0.33641350269317627
84,3314,,,0.9177862405776978,0.38258808851242065,,
85,3353,,,,,1.5285205841064453,0.33830034732818604
85,3353,,,0.9024431109428406,0.3534589111804962,,
86,3392,,,,,1.5256563425064087,0.33976882696151733
86,3392,,,0.8855249285697937,0.4032837748527527,,
87,3431,,,,,1.525314211845398,0.3381955027580261
87,3431,,,0.9082136154174805,0.3621901869773865,,
88,3470,,,,,1.5254889726638794,0.33721187710762024
88,3470,,,0.9080877900123596,0.36318036913871765,,
89,3509,,,,,1.5291332006454468,0.3423043191432953
89,3509,,,0.9222753643989563,0.32368582487106323,,
90,3548,,,,,1.5269274711608887,0.33930936455726624
90,3548,,,0.8870161175727844,0.38764891028404236,,
91,3587,,,,,1.52139151096344,0.33830487728118896
91,3587,,,0.9212057590484619,0.37613195180892944,,
92,3626,,,,,1.522067904472351,0.34104597568511963
92,3626,,,0.8935688734054565,0.3595263659954071,,
93,3665,,,,,1.520889401435852,0.3405700922012329
93,3665,,,0.9080913066864014,0.38836777210235596,,
94,3704,,,,,1.523733377456665,0.3416951894760132
94,3704,,,0.8971603512763977,0.35536429286003113,,
95,3743,,,,,1.5221526622772217,0.3373728394508362
95,3743,,,0.912465512752533,0.36274614930152893,,
96,3782,,,,,1.5219666957855225,0.33807697892189026
96,3782,,,0.8682257533073425,0.4050138294696808,,
97,3821,,,,,1.521191954612732,0.34199759364128113
97,3821,,,0.8830054998397827,0.36657971143722534,,
98,3860,,,,,1.5192351341247559,0.3419211208820343
98,3860,,,0.8783729672431946,0.3765330910682678,,
99,3899,,,,,1.5186318159103394,0.3437372148036957
99,3899,,,0.8728968501091003,0.4099040925502777,,
100,3938,,,,,1.5184203386306763,0.34277793765068054
100,3938,,,0.8921008110046387,0.3962447941303253,,
101,3977,,,,,1.5201205015182495,0.3404572904109955
101,3977,,,0.8955686688423157,0.3850105106830597,,
102,4016,,,,,1.5191797018051147,0.33960482478141785
102,4016,,,0.9074583053588867,0.36676788330078125,,
103,4055,,,,,1.516791820526123,0.3446025252342224
103,4055,,,0.8858194351196289,0.3927497863769531,,
104,4094,,,,,1.5164709091186523,0.34358343482017517
104,4094,,,0.9054563641548157,0.3624233901500702,,
105,4133,,,,,1.5129233598709106,0.34614893794059753
105,4133,,,0.8832274079322815,0.4095914363861084,,
106,4172,,,,,1.5133495330810547,0.3508976101875305
106,4172,,,0.8958259224891663,0.3803173899650574,,
107,4211,,,,,1.5135189294815063,0.34972310066223145
107,4211,,,0.8871771693229675,0.4217822849750519,,
108,4250,,,,,1.5146336555480957,0.3524737060070038
108,4250,,,0.874451756477356,0.4094294607639313,,
109,4289,,,,,1.5142831802368164,0.3524259030818939
109,4289,,,0.881105363368988,0.385438472032547,,
110,4328,,,,,1.5132771730422974,0.35540783405303955
110,4328,,,0.89141845703125,0.40480783581733704,,
111,4367,,,,,1.5140005350112915,0.35087743401527405
111,4367,,,0.8893095850944519,0.4091512858867645,,
112,4406,,,,,1.516959547996521,0.3528590798377991
112,4406,,,0.8971325755119324,0.36823731660842896,,
113,4445,,,,,1.5150521993637085,0.35428208112716675
113,4445,,,0.8635618686676025,0.400049090385437,,
114,4484,,,,,1.5147229433059692,0.3544665277004242
114,4484,,,0.8827751278877258,0.4158399999141693,,
115,4523,,,,,1.514365553855896,0.35535746812820435
115,4523,,,0.8652462959289551,0.3905545771121979,,
116,4562,,,,,1.513543963432312,0.35316726565361023
116,4562,,,0.9035000801086426,0.3724772334098816,,
117,4601,,,,,1.5126328468322754,0.3593376874923706
117,4601,,,0.8716644644737244,0.4198189675807953,,
118,4640,,,,,1.511470913887024,0.35760343074798584
118,4640,,,0.8890208005905151,0.3894393742084503,,
119,4679,,,,,1.512901782989502,0.36146560311317444
119,4679,,,0.9116234183311462,0.3872233033180237,,
120,4718,,,,,1.5111651420593262,0.35876351594924927
120,4718,,,0.8943000435829163,0.39446157217025757,,
121,4757,,,,,1.512799620628357,0.36485955119132996
121,4757,,,0.8789259195327759,0.4012105464935303,,
122,4796,,,,,1.5129257440567017,0.3592334985733032
122,4796,,,0.8992442488670349,0.37809205055236816,,
123,4835,,,,,1.512876033782959,0.361468642950058
123,4835,,,0.8752347230911255,0.3862728178501129,,
124,4874,,,,,1.5107048749923706,0.35976916551589966
124,4874,,,0.8915194869041443,0.411345511674881,,
125,4913,,,,,1.5096105337142944,0.36172688007354736
125,4913,,,0.8859426975250244,0.40033647418022156,,
126,4952,,,,,1.5116838216781616,0.3614475131034851
126,4952,,,0.876642107963562,0.378386914730072,,
127,4991,,,,,1.5123273134231567,0.3589111566543579
127,4991,,,0.8853991627693176,0.41568732261657715,,
128,5030,,,,,1.511717438697815,0.360465943813324
128,5030,,,0.9011451601982117,0.381147563457489,,
129,5069,,,,,1.5106257200241089,0.36045578122138977
129,5069,,,0.892938494682312,0.37609410285949707,,
130,5108,,,,,1.5098638534545898,0.36398056149482727
130,5108,,,0.8615533113479614,0.4055348336696625,,
131,5147,,,,,1.510735034942627,0.3650246858596802
131,5147,,,0.8908973336219788,0.40804749727249146,,
132,5186,,,,,1.5104141235351562,0.36268821358680725
132,5186,,,0.8965945243835449,0.37748968601226807,,
133,5225,,,,,1.5102412700653076,0.3629659414291382
133,5225,,,0.9025002717971802,0.40366241335868835,,
134,5264,,,,,1.513795018196106,0.36935916543006897
134,5264,,,0.8909039497375488,0.37740203738212585,,
135,5303,,,,,1.5138635635375977,0.36114302277565
135,5303,,,0.8959342837333679,0.39697349071502686,,
136,5342,,,,,1.5124123096466064,0.3607003092765808
136,5342,,,0.9017226099967957,0.3665520250797272,,
137,5381,,,,,1.5118077993392944,0.36238256096839905
137,5381,,,0.898089587688446,0.37775173783302307,,
138,5420,,,,,1.5100301504135132,0.361008882522583
138,5420,,,0.8730636835098267,0.43466612696647644,,
139,5459,,,,,1.5073230266571045,0.35929811000823975
139,5459,,,0.8500944972038269,0.4402526319026947,,
140,5498,,,,,1.5075054168701172,0.36478951573371887
140,5498,,,0.8725957870483398,0.4108046591281891,,
141,5537,,,,,1.5088634490966797,0.3589603304862976
141,5537,,,0.8953357338905334,0.3734950125217438,,
142,5576,,,,,1.510237693786621,0.3628450930118561
142,5576,,,0.9051116704940796,0.36517855525016785,,
143,5615,,,,,1.5107899904251099,0.3593491017818451
143,5615,,,0.8897635340690613,0.4523451328277588,,
144,5654,,,,,1.5085316896438599,0.3588854670524597
144,5654,,,0.8571620583534241,0.41575920581817627,,
145,5693,,,,,1.50905442237854,0.3659060597419739
145,5693,,,0.8730798363685608,0.43854424357414246,,
146,5732,,,,,1.5070488452911377,0.3595338463783264
146,5732,,,0.8760368227958679,0.4269438087940216,,
147,5771,,,,,1.507267713546753,0.35697197914123535
147,5771,,,0.888523280620575,0.4368058741092682,,
148,5810,,,,,1.507850170135498,0.3625642955303192
148,5810,,,0.8893847465515137,0.38343995809555054,,
149,5849,,,,,1.5063520669937134,0.36203622817993164
149,5849,,,0.859065055847168,0.4114565849304199,,
150,5888,,,,,1.5063189268112183,0.3592721223831177
150,5888,,,0.8541597127914429,0.44067588448524475,,
151,5927,,,,,1.5089040994644165,0.36253684759140015
151,5927,,,0.8889164924621582,0.3924817442893982,,
152,5966,,,,,1.5101245641708374,0.3573225438594818
152,5966,,,0.8934231996536255,0.37332871556282043,,
153,6005,,,,,1.508280873298645,0.35472822189331055
153,6005,,,0.8800404071807861,0.4512499272823334,,
154,6044,,,,,1.5090713500976562,0.3563199043273926
154,6044,,,0.8917660117149353,0.39366140961647034,,
155,6083,,,,,1.5100326538085938,0.3551817536354065
155,6083,,,0.8665924072265625,0.4336455464363098,,
156,6122,,,,,1.5113283395767212,0.35625478625297546
156,6122,,,0.8772308230400085,0.39388856291770935,,
157,6161,,,,,1.510432481765747,0.3567526340484619
157,6161,,,0.8817102313041687,0.40160098671913147,,
158,6200,,,,,1.5132287740707397,0.36090087890625
158,6200,,,0.8714269995689392,0.3843214213848114,,
159,6239,,,,,1.509980320930481,0.35949647426605225
159,6239,,,0.8540623188018799,0.4487118721008301,,
160,6278,,,,,1.5051157474517822,0.36179497838020325
160,6278,,,0.8706962466239929,0.43947458267211914,,
161,6317,,,,,1.5056716203689575,0.3687945604324341
161,6317,,,0.876522958278656,0.40426740050315857,,
162,6356,,,,,1.5022997856140137,0.3661382496356964
162,6356,,,0.8457275032997131,0.42781373858451843,,
163,6395,,,,,1.5024874210357666,0.362717866897583
163,6395,,,0.8667773604393005,0.42538902163505554,,
164,6434,,,,,1.501804232597351,0.3661092519760132
164,6434,,,0.8836717009544373,0.42182356119155884,,
165,6473,,,,,1.5055111646652222,0.3702380955219269
165,6473,,,0.8884251117706299,0.3643534183502197,,
166,6512,,,,,1.5031719207763672,0.3699847459793091
166,6512,,,0.8873934745788574,0.43100547790527344,,
167,6551,,,,,1.5028022527694702,0.36566802859306335
167,6551,,,0.8693817257881165,0.40737050771713257,,
168,6590,,,,,1.5034719705581665,0.36323317885398865
168,6590,,,0.8853363394737244,0.40921828150749207,,
169,6629,,,,,1.50566828250885,0.3675413131713867
169,6629,,,0.8816115260124207,0.3935234248638153,,
170,6668,,,,,1.5022461414337158,0.36631861329078674
170,6668,,,0.8529220223426819,0.42718538641929626,,
171,6707,,,,,1.501332402229309,0.3682832419872284
171,6707,,,0.8550096154212952,0.41302016377449036,,
172,6746,,,,,1.5026358366012573,0.36346471309661865
172,6746,,,0.8652356266975403,0.4226936399936676,,
173,6785,,,,,1.5034947395324707,0.3700154423713684
173,6785,,,0.8653091192245483,0.41929328441619873,,
174,6824,,,,,1.502821922302246,0.3654007613658905
174,6824,,,0.8556309938430786,0.4590863883495331,,
175,6863,,,,,1.503904938697815,0.36254698038101196
175,6863,,,0.8821619749069214,0.44178804755210876,,
176,6902,,,,,1.5039297342300415,0.36448386311531067
176,6902,,,0.8376359939575195,0.4550856053829193,,
177,6941,,,,,1.5049740076065063,0.36693742871284485
177,6941,,,0.8280288577079773,0.44376641511917114,,
178,6980,,,,,1.503840684890747,0.36647969484329224
178,6980,,,0.8851995468139648,0.426470011472702,,
179,7019,,,,,1.5042884349822998,0.36860066652297974
179,7019,,,0.8847576975822449,0.4211816191673279,,
180,7058,,,,,1.5039335489273071,0.368547260761261
180,7058,,,0.8730781674385071,0.4217361509799957,,
181,7097,,,,,1.5021840333938599,0.3712146580219269
181,7097,,,0.8599736094474792,0.41119301319122314,,
182,7136,,,,,1.5012860298156738,0.371507465839386
182,7136,,,0.8698859810829163,0.39730095863342285,,
183,7175,,,,,1.500792384147644,0.37122657895088196
183,7175,,,0.8451836705207825,0.46603575348854065,,
184,7214,,,,,1.501513123512268,0.3674406111240387
184,7214,,,0.8946499228477478,0.39795270562171936,,
185,7253,,,,,1.5017776489257812,0.3721664249897003
185,7253,,,0.8745747208595276,0.43114379048347473,,
186,7292,,,,,1.502733826637268,0.37420588731765747
186,7292,,,0.885825514793396,0.41535714268684387,,
187,7331,,,,,1.5011407136917114,0.3703489303588867
187,7331,,,0.9000809788703918,0.39451128244400024,,
188,7370,,,,,1.500136375427246,0.36879387497901917
188,7370,,,0.8611183166503906,0.45177072286605835,,
189,7409,,,,,1.5018000602722168,0.36775487661361694
189,7409,,,0.8645405769348145,0.4347989857196808,,
190,7448,,,,,1.50171959400177,0.3708265423774719
190,7448,,,0.8834134340286255,0.43964502215385437,,
191,7487,,,,,1.5015984773635864,0.3701193034648895
191,7487,,,0.8392131328582764,0.44375962018966675,,
192,7526,,,,,1.4998506307601929,0.3682435154914856
192,7526,,,0.8491577506065369,0.4741036891937256,,
193,7565,,,,,1.5010892152786255,0.36360910534858704
193,7565,,,0.88046795129776,0.41441717743873596,,
194,7604,,,,,1.5034006834030151,0.3664310872554779
194,7604,,,0.864427924156189,0.40751343965530396,,
195,7643,,,,,1.501829981803894,0.3675241470336914
195,7643,,,0.8619565963745117,0.46123573184013367,,
196,7682,,,,,1.5023548603057861,0.3682352900505066
196,7682,,,0.8708744645118713,0.4028790295124054,,
197,7721,,,,,1.5009713172912598,0.3689590096473694
197,7721,,,0.8420602083206177,0.41397443413734436,,
198,7760,,,,,1.5034087896347046,0.3705400824546814
198,7760,,,0.8727585077285767,0.43280458450317383,,
199,7799,,,,,1.5046601295471191,0.3668105900287628
199,7799,,,0.8633446097373962,0.39948931336402893,,
200,7838,,,,,1.5025016069412231,0.36714431643486023
200,7838,,,0.878808319568634,0.40616872906684875,,
201,7877,,,,,1.5047305822372437,0.36653444170951843
201,7877,,,0.8821861147880554,0.420643150806427,,
202,7916,,,,,1.5044467449188232,0.3692890405654907
202,7916,,,0.8905259966850281,0.3968924880027771,,
203,7955,,,,,1.505003809928894,0.36322396993637085
203,7955,,,0.8602940440177917,0.41350042819976807,,
204,7994,,,,,1.5049227476119995,0.3665337562561035
204,7994,,,0.8754851222038269,0.4388369023799896,,
205,8033,,,,,1.4999970197677612,0.37055331468582153
205,8033,,,0.857351541519165,0.44380927085876465,,
206,8072,,,,,1.5014501810073853,0.374382883310318
206,8072,,,0.8880071640014648,0.37137794494628906,,
207,8111,,,,,1.5005501508712769,0.37225261330604553
207,8111,,,0.8751359581947327,0.3782542645931244,,
208,8150,,,,,1.5007624626159668,0.37108948826789856
208,8150,,,0.85825514793396,0.424299031496048,,
209,8189,,,,,1.5012753009796143,0.37084928154945374
209,8189,,,0.8542298674583435,0.39726927876472473,,
210,8228,,,,,1.4992963075637817,0.37007927894592285
210,8228,,,0.862998366355896,0.4467002749443054,,
211,8267,,,,,1.5009064674377441,0.3722468614578247
211,8267,,,0.8642094731330872,0.4336237907409668,,
212,8306,,,,,1.5007637739181519,0.37235644459724426
212,8306,,,0.8649771213531494,0.4407860338687897,,
213,8345,,,,,1.5004757642745972,0.37292689085006714
213,8345,,,0.8684919476509094,0.40479204058647156,,
214,8384,,,,,1.497313380241394,0.3760182559490204
214,8384,,,0.8793606758117676,0.4295193552970886,,
215,8423,,,,,1.495540976524353,0.37898150086402893
215,8423,,,0.846032977104187,0.41950929164886475,,
216,8462,,,,,1.4968143701553345,0.3752196729183197
216,8462,,,0.8392863273620605,0.4571593701839447,,
217,8501,,,,,1.4967970848083496,0.37552520632743835
217,8501,,,0.8591464161872864,0.4394884705543518,,
218,8540,,,,,1.4975619316101074,0.3789079785346985
218,8540,,,0.85605788230896,0.4517495036125183,,
219,8579,,,,,1.4949452877044678,0.37968766689300537
219,8579,,,0.8683236241340637,0.4270182251930237,,
220,8618,,,,,1.496620535850525,0.37359854578971863
220,8618,,,0.8905410766601562,0.4333127439022064,,
221,8657,,,,,1.49703848361969,0.37502390146255493
221,8657,,,0.8689715266227722,0.44623643159866333,,
222,8696,,,,,1.4973390102386475,0.37505316734313965
222,8696,,,0.855846107006073,0.4095223546028137,,
223,8735,,,,,1.4942731857299805,0.37460947036743164
223,8735,,,0.839645504951477,0.436685174703598,,
224,8774,,,,,1.4945735931396484,0.37713944911956787
224,8774,,,0.8600860834121704,0.4526425898075104,,
225,8813,,,,,1.4949681758880615,0.37635383009910583
225,8813,,,0.8552550077438354,0.4336398243904114,,
226,8852,,,,,1.4956377744674683,0.3753860890865326
226,8852,,,0.8583618402481079,0.44169896841049194,,
227,8891,,,,,1.495682954788208,0.3736499845981598
227,8891,,,0.8738695979118347,0.40632954239845276,,
228,8930,,,,,1.4967342615127563,0.36948394775390625
228,8930,,,0.8618718385696411,0.43821319937705994,,
229,8969,,,,,1.4934717416763306,0.37336045503616333
229,8969,,,0.8643271327018738,0.4446854293346405,,
230,9008,,,,,1.4937711954116821,0.37603747844696045
230,9008,,,0.8532907366752625,0.4514721632003784,,
231,9047,,,,,1.493139386177063,0.3827565610408783
231,9047,,,0.8765636086463928,0.4489980936050415,,
232,9086,,,,,1.491881251335144,0.3787912428379059
232,9086,,,0.8767193555831909,0.42805930972099304,,
233,9125,,,,,1.4913740158081055,0.37938830256462097
233,9125,,,0.8605909943580627,0.4053317904472351,,
234,9164,,,,,1.4927823543548584,0.37984296679496765
234,9164,,,0.8505578637123108,0.4607697129249573,,
235,9203,,,,,1.4934848546981812,0.38293519616127014
235,9203,,,0.896225094795227,0.42394372820854187,,
236,9242,,,,,1.4956504106521606,0.37975600361824036
236,9242,,,0.848159909248352,0.44382086396217346,,
237,9281,,,,,1.496856927871704,0.378685861825943
237,9281,,,0.8551366925239563,0.4198543429374695,,
238,9320,,,,,1.4945244789123535,0.3763792812824249
238,9320,,,0.9007705450057983,0.44252485036849976,,
239,9359,,,,,1.4964205026626587,0.37905940413475037
239,9359,,,0.8619394302368164,0.46533575654029846,,
240,9398,,,,,1.4974581003189087,0.3805442452430725
240,9398,,,0.8496200442314148,0.4339071810245514,,
241,9437,,,,,1.494388222694397,0.3773742616176605
241,9437,,,0.8650610446929932,0.4576038420200348,,
242,9476,,,,,1.4933326244354248,0.38139456510543823
242,9476,,,0.85898756980896,0.4347303807735443,,
243,9515,,,,,1.4946879148483276,0.37398800253868103
243,9515,,,0.8765252828598022,0.44168975949287415,,
244,9554,,,,,1.4926496744155884,0.3755768835544586
244,9554,,,0.8461160063743591,0.4499458968639374,,
245,9593,,,,,1.4915430545806885,0.3791052997112274
245,9593,,,0.8511393666267395,0.42795053124427795,,
246,9632,,,,,1.4914209842681885,0.37924209237098694
246,9632,,,0.8569054007530212,0.4578384459018707,,
247,9671,,,,,1.4931560754776,0.37643179297447205
247,9671,,,0.8579841256141663,0.426870197057724,,
248,9710,,,,,1.4925473928451538,0.37658312916755676
248,9710,,,0.8568171858787537,0.45305532217025757,,
249,9749,,,,,1.4954712390899658,0.3759651482105255
249,9749,,,0.8684247136116028,0.4082094728946686,,
250,9788,,,,,1.4954124689102173,0.37209802865982056
250,9788,,,0.8775916695594788,0.45335015654563904,,
251,9827,,,,,1.4919925928115845,0.3744012117385864
251,9827,,,0.8590255975723267,0.47421348094940186,,
252,9866,,,,,1.4922635555267334,0.38055723905563354
252,9866,,,0.8663565516471863,0.46008002758026123,,
253,9905,,,,,1.4910156726837158,0.37675315141677856
253,9905,,,0.8360804915428162,0.48049554228782654,,
254,9944,,,,,1.4932875633239746,0.3751274049282074
254,9944,,,0.852006196975708,0.44327467679977417,,
255,9983,,,,,1.4964144229888916,0.3803851306438446
255,9983,,,0.8988951444625854,0.39786529541015625,,
256,10022,,,,,1.4976390600204468,0.37773969769477844
256,10022,,,0.8717642426490784,0.40068796277046204,,
257,10061,,,,,1.498328447341919,0.3744538724422455
257,10061,,,0.8654472231864929,0.4177255928516388,,
258,10100,,,,,1.498265027999878,0.3769473433494568
258,10100,,,0.8428186178207397,0.45313116908073425,,
259,10139,,,,,1.4965544939041138,0.369463711977005
259,10139,,,0.8590099811553955,0.48913276195526123,,
260,10178,,,,,1.4931797981262207,0.3741512894630432
260,10178,,,0.8528388738632202,0.4458748698234558,,
261,10217,,,,,1.4940171241760254,0.3745577037334442
261,10217,,,0.8678512573242188,0.4623173475265503,,
262,10256,,,,,1.4954031705856323,0.37288448214530945
262,10256,,,0.8725288510322571,0.420289009809494,,
263,10295,,,,,1.4932645559310913,0.37643882632255554
263,10295,,,0.896262526512146,0.4115598499774933,,
264,10334,,,,,1.495805263519287,0.3771224915981293
264,10334,,,0.8723675608634949,0.4317518472671509,,
265,10373,,,,,1.4953757524490356,0.37734779715538025
265,10373,,,0.8506379723548889,0.42385566234588623,,
266,10412,,,,,1.4942153692245483,0.3746509253978729
266,10412,,,0.8716108798980713,0.46371331810951233,,
267,10451,,,,,1.493164300918579,0.37885963916778564
267,10451,,,0.8439410328865051,0.46064192056655884,,
268,10490,,,,,1.4932390451431274,0.3749024271965027
268,10490,,,0.8420472741127014,0.420987069606781,,
269,10529,,,,,1.4907194375991821,0.3779960572719574
269,10529,,,0.8752743601799011,0.44323280453681946,,
270,10568,,,,,1.4916512966156006,0.38330888748168945
270,10568,,,0.8831002712249756,0.4381849765777588,,
271,10607,,,,,1.4898533821105957,0.38053810596466064
271,10607,,,0.8927136659622192,0.4428449273109436,,
272,10646,,,,,1.4917951822280884,0.3802862763404846
272,10646,,,0.8666696548461914,0.4222850799560547,,
273,10685,,,,,1.4910969734191895,0.37929868698120117
273,10685,,,0.8736870884895325,0.41102334856987,,
274,10724,,,,,1.4919321537017822,0.3785978853702545
274,10724,,,0.8500677347183228,0.4278774857521057,,
275,10763,,,,,1.4922808408737183,0.38049381971359253
275,10763,,,0.8520956039428711,0.43351683020591736,,
276,10802,,,,,1.4943451881408691,0.38342007994651794
276,10802,,,0.8599589467048645,0.41011717915534973,,
277,10841,,,,,1.4934624433517456,0.38556408882141113
277,10841,,,0.8610362410545349,0.40282490849494934,,
278,10880,,,,,1.4908829927444458,0.38476312160491943
278,10880,,,0.8799298405647278,0.47646814584732056,,
279,10919,,,,,1.488705039024353,0.3838677704334259
279,10919,,,0.8637717962265015,0.4285024106502533,,
280,10958,,,,,1.4891401529312134,0.382271409034729
280,10958,,,0.8599043488502502,0.44384607672691345,,
281,10997,,,,,1.4897453784942627,0.3824770748615265
281,10997,,,0.862970769405365,0.39156365394592285,,
282,11036,,,,,1.4910567998886108,0.38213011622428894
282,11036,,,0.8434591293334961,0.4374261498451233,,
283,11075,,,,,1.491241693496704,0.3848501443862915
283,11075,,,0.8631124496459961,0.4662458598613739,,
284,11114,,,,,1.489632248878479,0.3834337294101715
284,11114,,,0.8806506395339966,0.4111190140247345,,
285,11153,,,,,1.4922279119491577,0.3803267180919647
285,11153,,,0.8554816842079163,0.43411728739738464,,
286,11192,,,,,1.4939109086990356,0.38443219661712646
286,11192,,,0.8653088808059692,0.4444945454597473,,
287,11231,,,,,1.4913824796676636,0.38589149713516235
287,11231,,,0.8583050966262817,0.4486330449581146,,
288,11270,,,,,1.4901988506317139,0.3859211504459381
288,11270,,,0.8288083076477051,0.4639868140220642,,
289,11309,,,,,1.4914939403533936,0.38089099526405334
289,11309,,,0.8807054162025452,0.4293919503688812,,
290,11348,,,,,1.4907822608947754,0.38155803084373474
290,11348,,,0.8586393594741821,0.458342969417572,,
291,11387,,,,,1.4923943281173706,0.38379910588264465
291,11387,,,0.8487533330917358,0.4380249083042145,,
292,11426,,,,,1.492498517036438,0.38253334164619446
292,11426,,,0.8516136407852173,0.4850916862487793,,
293,11465,,,,,1.49105703830719,0.38238632678985596
293,11465,,,0.8263827562332153,0.4568559229373932,,
294,11504,,,,,1.4908840656280518,0.3811977207660675
294,11504,,,0.8299935460090637,0.4633152186870575,,
295,11543,,,,,1.4885152578353882,0.3827108144760132
295,11543,,,0.8579525947570801,0.45482856035232544,,
296,11582,,,,,1.487059473991394,0.3830415904521942
296,11582,,,0.8350046873092651,0.4686613380908966,,
297,11621,,,,,1.490045189857483,0.3822275400161743
297,11621,,,0.8684056401252747,0.4761147201061249,,
298,11660,,,,,1.4900747537612915,0.3802178204059601
298,11660,,,0.8258103728294373,0.45389074087142944,,
299,11699,,,,,1.4905221462249756,0.3764825761318207
299,11699,,,0.843634307384491,0.4949171245098114,,
300,11738,,,,,1.4873145818710327,0.3806900978088379
300,11738,,,0.8829473853111267,0.4395381808280945,,
301,11777,,,,,1.4894542694091797,0.3812033534049988
301,11777,,,0.8881664872169495,0.4472605288028717,,
302,11816,,,,,1.4912052154541016,0.3792073428630829
302,11816,,,0.8791078329086304,0.39530524611473083,,
303,11855,,,,,1.4923635721206665,0.37346112728118896
303,11855,,,0.8330422639846802,0.4590250253677368,,
304,11894,,,,,1.492663025856018,0.3727695047855377
304,11894,,,0.8466062545776367,0.4765067398548126,,
305,11933,,,,,1.490775465965271,0.37596601247787476
305,11933,,,0.8566778898239136,0.470112681388855,,
306,11972,,,,,1.4896525144577026,0.37815946340560913
306,11972,,,0.8571293354034424,0.43518728017807007,,
307,12011,,,,,1.4922711849212646,0.3745160698890686
307,12011,,,0.8446875214576721,0.4521772861480713,,
308,12050,,,,,1.4907320737838745,0.3768090307712555
308,12050,,,0.8535680770874023,0.45382148027420044,,
309,12089,,,,,1.4904142618179321,0.37694764137268066
309,12089,,,0.88465815782547,0.4278497099876404,,
310,12128,,,,,1.4911587238311768,0.38059771060943604
310,12128,,,0.8468780517578125,0.45262765884399414,,
311,12167,,,,,1.4903290271759033,0.3795261085033417
311,12167,,,0.8528359532356262,0.4824884831905365,,
312,12206,,,,,1.490234375,0.37578511238098145
312,12206,,,0.843582034111023,0.4541439116001129,,
313,12245,,,,,1.4937324523925781,0.3718886375427246
313,12245,,,0.8748382329940796,0.40577584505081177,,
314,12284,,,,,1.4954298734664917,0.3781915307044983
314,12284,,,0.8584946990013123,0.4367833137512207,,
315,12323,,,,,1.4967952966690063,0.3763369023799896
315,12323,,,0.8596941828727722,0.42166635394096375,,
316,12362,,,,,1.4951421022415161,0.3704829216003418
316,12362,,,0.8463762998580933,0.43176573514938354,,
317,12401,,,,,1.4957002401351929,0.3717377483844757
317,12401,,,0.8759225010871887,0.43465325236320496,,
318,12440,,,,,1.4941861629486084,0.3740803301334381
318,12440,,,0.8513198494911194,0.4525468349456787,,
319,12479,,,,,1.4921611547470093,0.37543925642967224
319,12479,,,0.862472414970398,0.42944762110710144,,
320,12518,,,,,1.4926279783248901,0.374504953622818
320,12518,,,0.8543871641159058,0.45106348395347595,,
321,12557,,,,,1.4892948865890503,0.37968146800994873
321,12557,,,0.8625398278236389,0.44283995032310486,,
322,12596,,,,,1.4885611534118652,0.38110268115997314
322,12596,,,0.8606148958206177,0.4464383125305176,,
323,12635,,,,,1.4911800622940063,0.37779501080513
323,12635,,,0.8859951496124268,0.43607330322265625,,
324,12674,,,,,1.4924956560134888,0.3757736086845398
324,12674,,,0.8491743803024292,0.4524574279785156,,
325,12713,,,,,1.4906866550445557,0.3780971169471741
325,12713,,,0.8466413617134094,0.42456796765327454,,
326,12752,,,,,1.493496298789978,0.37656837701797485
326,12752,,,0.8598341345787048,0.43158140778541565,,
327,12791,,,,,1.4936001300811768,0.3774501383304596
327,12791,,,0.8621459603309631,0.4539887011051178,,
328,12830,,,,,1.4917621612548828,0.37757161259651184
328,12830,,,0.8370140194892883,0.4639577567577362,,
329,12869,,,,,1.492945909500122,0.3778364360332489
329,12869,,,0.8940872550010681,0.4026917815208435,,
330,12908,,,,,1.4927325248718262,0.37919700145721436
330,12908,,,0.889371931552887,0.4176919460296631,,
331,12947,,,,,1.4927434921264648,0.3784971535205841
331,12947,,,0.8698422312736511,0.45460039377212524,,
332,12986,,,,,1.4918954372406006,0.37859034538269043
332,12986,,,0.8604550361633301,0.45435622334480286,,
333,13025,,,,,1.493754267692566,0.3771013021469116
333,13025,,,0.8729954361915588,0.4366801381111145,,
334,13064,,,,,1.4956536293029785,0.3746188282966614
334,13064,,,0.8589468002319336,0.4693711996078491,,
335,13103,,,,,1.496683120727539,0.3731921315193176
335,13103,,,0.8545440435409546,0.45686623454093933,,
336,13142,,,,,1.4925750494003296,0.3798728585243225
336,13142,,,0.8762252926826477,0.39934206008911133,,
337,13181,,,,,1.4933606386184692,0.38080957531929016
337,13181,,,0.8713452219963074,0.43016472458839417,,
338,13220,,,,,1.4908833503723145,0.3809196352958679
338,13220,,,0.8377929329872131,0.48821768164634705,,
339,13259,,,,,1.489474892616272,0.3851746916770935
339,13259,,,0.8346654176712036,0.4516918957233429,,
340,13298,,,,,1.4922711849212646,0.3860068619251251
340,13298,,,0.8772552609443665,0.4492940604686737,,
341,13337,,,,,1.491211175918579,0.38576287031173706
341,13337,,,0.8398067951202393,0.44375497102737427,,
342,13376,,,,,1.4901024103164673,0.385562002658844
342,13376,,,0.8779472708702087,0.43935561180114746,,
343,13415,,,,,1.4927213191986084,0.3849186301231384
343,13415,,,0.8710829615592957,0.4283861517906189,,
344,13454,,,,,1.4923118352890015,0.38597556948661804
344,13454,,,0.8248203992843628,0.4388272166252136,,
345,13493,,,,,1.4911227226257324,0.3865458369255066
345,13493,,,0.8771970868110657,0.4480878412723541,,
346,13532,,,,,1.4937447309494019,0.39044189453125
346,13532,,,0.8609963655471802,0.45682036876678467,,
347,13571,,,,,1.493344783782959,0.38814881443977356
347,13571,,,0.8573370575904846,0.43823903799057007,,
348,13610,,,,,1.4905014038085938,0.3876937925815582
348,13610,,,0.847031831741333,0.46645814180374146,,
349,13649,,,,,1.4881209135055542,0.3879988491535187
349,13649,,,0.8333990573883057,0.46878355741500854,,
350,13688,,,,,1.4867252111434937,0.3892223536968231
350,13688,,,0.8601006865501404,0.4491989016532898,,
351,13727,,,,,1.488065242767334,0.3875484764575958
351,13727,,,0.8630447387695312,0.4544135332107544,,
352,13766,,,,,1.487422227859497,0.3877509832382202
352,13766,,,0.819177508354187,0.4756719768047333,,
353,13805,,,,,1.4892657995224,0.38680458068847656
353,13805,,,0.8703042268753052,0.4010416865348816,,
354,13844,,,,,1.4887933731079102,0.38391631841659546
354,13844,,,0.8539699912071228,0.4393601417541504,,
355,13883,,,,,1.4883359670639038,0.3854079246520996
355,13883,,,0.8484236598014832,0.453745037317276,,
356,13922,,,,,1.490181565284729,0.38584017753601074
356,13922,,,0.8617486953735352,0.42181676626205444,,
357,13961,,,,,1.4876753091812134,0.3907521069049835
357,13961,,,0.852648138999939,0.44268861413002014,,
358,14000,,,,,1.4858125448226929,0.3910168409347534
358,14000,,,0.8446386456489563,0.4611152112483978,,
359,14039,,,,,1.488952875137329,0.3900038003921509
359,14039,,,0.8630229234695435,0.46001535654067993,,
360,14078,,,,,1.4877138137817383,0.389612078666687
360,14078,,,0.825219452381134,0.45218169689178467,,
361,14117,,,,,1.4887677431106567,0.3879256248474121
361,14117,,,0.8571091890335083,0.4343823790550232,,
362,14156,,,,,1.4890031814575195,0.3899150788784027
362,14156,,,0.8736522197723389,0.4376101493835449,,
363,14195,,,,,1.4875941276550293,0.3897865414619446
363,14195,,,0.8703355193138123,0.46561750769615173,,
364,14234,,,,,1.488849401473999,0.3880559802055359
364,14234,,,0.8350806832313538,0.46915704011917114,,
365,14273,,,,,1.4854568243026733,0.3915446996688843
365,14273,,,0.8350798487663269,0.45867303013801575,,
366,14312,,,,,1.4848923683166504,0.3907069265842438
366,14312,,,0.8449925184249878,0.45389023423194885,,
367,14351,,,,,1.4863694906234741,0.39016708731651306
367,14351,,,0.852093517780304,0.4439563751220703,,
368,14390,,,,,1.4877732992172241,0.3890727460384369
368,14390,,,0.8175022602081299,0.46406275033950806,,
369,14429,,,,,1.4872194528579712,0.388539582490921
369,14429,,,0.8476365804672241,0.47228872776031494,,
370,14468,,,,,1.4887161254882812,0.38735345005989075
370,14468,,,0.8741742372512817,0.4514321982860565,,
371,14507,,,,,1.4897465705871582,0.39043688774108887
371,14507,,,0.8446565270423889,0.4549091160297394,,
372,14546,,,,,1.4895968437194824,0.3873499929904938
372,14546,,,0.8529363870620728,0.4765895903110504,,
373,14585,,,,,1.48867928981781,0.38846054673194885
373,14585,,,0.8438811898231506,0.4521234929561615,,
374,14624,,,,,1.4872907400131226,0.3903852701187134
374,14624,,,0.864121675491333,0.45307594537734985,,
375,14663,,,,,1.4865437746047974,0.3915979266166687
375,14663,,,0.8807085752487183,0.39884188771247864,,
376,14702,,,,,1.485227108001709,0.3923114836215973
376,14702,,,0.8333030939102173,0.49843552708625793,,
377,14741,,,,,1.4835354089736938,0.39216673374176025
377,14741,,,0.8227343559265137,0.47616925835609436,,
378,14780,,,,,1.485404372215271,0.3912060260772705
378,14780,,,0.8617653250694275,0.470255583524704,,
379,14819,,,,,1.4806091785430908,0.3957980275154114
379,14819,,,0.8357284665107727,0.4709584712982178,,
380,14858,,,,,1.4817745685577393,0.39655038714408875
380,14858,,,0.8658059239387512,0.45492735505104065,,
381,14897,,,,,1.4831125736236572,0.39461514353752136
381,14897,,,0.8558613657951355,0.47953543066978455,,
382,14936,,,,,1.483302354812622,0.3959158658981323
382,14936,,,0.8635784983634949,0.4742312431335449,,
383,14975,,,,,1.484511375427246,0.39523231983184814
383,14975,,,0.8487088084220886,0.44888994097709656,,
384,15014,,,,,1.484009027481079,0.39416250586509705
384,15014,,,0.865544855594635,0.4319821000099182,,
385,15053,,,,,1.4839493036270142,0.3936639726161957
385,15053,,,0.8795738220214844,0.46293962001800537,,
386,15092,,,,,1.4852466583251953,0.39413145184516907
386,15092,,,0.8312857151031494,0.46163445711135864,,
387,15131,,,,,1.4845305681228638,0.394953191280365
387,15131,,,0.8643919825553894,0.4690597653388977,,
388,15170,,,,,1.483154058456421,0.39816638827323914
388,15170,,,0.8372706770896912,0.5080762505531311,,
389,15209,,,,,1.4832713603973389,0.3984050750732422
389,15209,,,0.8484022617340088,0.4709683060646057,,
390,15248,,,,,1.4835140705108643,0.399290531873703
390,15248,,,0.8282684087753296,0.4793323576450348,,
391,15287,,,,,1.4833464622497559,0.39548584818840027
391,15287,,,0.8264129757881165,0.496073842048645,,
392,15326,,,,,1.483451247215271,0.3998258113861084
392,15326,,,0.8375283479690552,0.44181570410728455,,
393,15365,,,,,1.4846919775009155,0.40033119916915894
393,15365,,,0.8468164205551147,0.43646109104156494,,
394,15404,,,,,1.484722375869751,0.3989914655685425
394,15404,,,0.8497358560562134,0.4745006561279297,,
395,15443,,,,,1.482635736465454,0.4019743800163269
395,15443,,,0.8628497123718262,0.46757400035858154,,
396,15482,,,,,1.4799762964248657,0.4027335047721863
396,15482,,,0.873257577419281,0.44161394238471985,,
397,15521,,,,,1.4790120124816895,0.40424200892448425
397,15521,,,0.8655656576156616,0.439677357673645,,
398,15560,,,,,1.4809595346450806,0.4026365280151367
398,15560,,,0.8538364768028259,0.4363918900489807,,
399,15599,,,,,1.4828076362609863,0.4021073579788208
399,15599,,,0.8650966286659241,0.45268714427948,,
400,15638,,,,,1.4844118356704712,0.4003939926624298
400,15638,,,0.8538980484008789,0.466278612613678,,
401,15677,,,,,1.4822819232940674,0.4025569260120392
401,15677,,,0.8562585711479187,0.46023115515708923,,
402,15716,,,,,1.4806474447250366,0.4037573039531708
402,15716,,,0.8273621797561646,0.4785365164279938,,
403,15755,,,,,1.4809134006500244,0.40309783816337585
403,15755,,,0.8464363217353821,0.4706867039203644,,
404,15794,,,,,1.4825538396835327,0.4041198790073395
404,15794,,,0.8327282667160034,0.45528480410575867,,
405,15833,,,,,1.482492208480835,0.40106895565986633
405,15833,,,0.84832364320755,0.4947859048843384,,
406,15872,,,,,1.482985496520996,0.4010579288005829
406,15872,,,0.8207212686538696,0.48454979062080383,,
407,15911,,,,,1.4842511415481567,0.39935052394866943
407,15911,,,0.8543010354042053,0.45468252897262573,,
408,15950,,,,,1.4819837808609009,0.4012562036514282
408,15950,,,0.840298593044281,0.4837931990623474,,
409,15989,,,,,1.48452889919281,0.4026940166950226
409,15989,,,0.8580713272094727,0.4232098162174225,,
410,16028,,,,,1.4828637838363647,0.40208443999290466
410,16028,,,0.8254871964454651,0.4563245177268982,,
411,16067,,,,,1.4812860488891602,0.4031181335449219
411,16067,,,0.8323978781700134,0.46212998032569885,,
412,16106,,,,,1.4818205833435059,0.4023454189300537
412,16106,,,0.8543117046356201,0.4815816283226013,,
413,16145,,,,,1.483723521232605,0.39929986000061035
413,16145,,,0.8608641028404236,0.4728180766105652,,
414,16184,,,,,1.4856677055358887,0.3986019194126129
414,16184,,,0.8978535532951355,0.4526737928390503,,
415,16223,,,,,1.4856418371200562,0.3990381360054016
415,16223,,,0.8406834006309509,0.47927552461624146,,
416,16262,,,,,1.4857656955718994,0.3999828100204468
416,16262,,,0.8523283004760742,0.4677960276603699,,
417,16301,,,,,1.4842628240585327,0.4002269506454468
417,16301,,,0.8796725273132324,0.4604962170124054,,
418,16340,,,,,1.4858763217926025,0.39919033646583557
418,16340,,,0.8703456521034241,0.4793451726436615,,
419,16379,,,,,1.4845850467681885,0.399621844291687
419,16379,,,0.8606818914413452,0.45925986766815186,,
420,16418,,,,,1.485304594039917,0.39734596014022827
420,16418,,,0.8779336214065552,0.4357073903083801,,
421,16457,,,,,1.483177900314331,0.3996913731098175
421,16457,,,0.8561015725135803,0.45826128125190735,,
422,16496,,,,,1.485039234161377,0.3985554575920105
422,16496,,,0.8476228713989258,0.4285036623477936,,
423,16535,,,,,1.4864336252212524,0.39660435914993286
423,16535,,,0.842617928981781,0.4945521354675293,,
424,16574,,,,,1.487058401107788,0.39782193303108215
424,16574,,,0.862392008304596,0.43331846594810486,,
425,16613,,,,,1.4900182485580444,0.39843079447746277
425,16613,,,0.8609994649887085,0.4284469485282898,,
426,16652,,,,,1.4881370067596436,0.3940616250038147
426,16652,,,0.8361125588417053,0.5076554417610168,,
427,16691,,,,,1.4887428283691406,0.3922264873981476
427,16691,,,0.8221655488014221,0.45594847202301025,,
428,16730,,,,,1.4875507354736328,0.39296889305114746
428,16730,,,0.869555652141571,0.43441832065582275,,
429,16769,,,,,1.4869154691696167,0.3924866020679474
429,16769,,,0.838356614112854,0.4735560715198517,,
430,16808,,,,,1.487488865852356,0.391349732875824
430,16808,,,0.845892608165741,0.4585161507129669,,
431,16847,,,,,1.486739158630371,0.39448636770248413
431,16847,,,0.8612297177314758,0.46124130487442017,,
432,16886,,,,,1.4870436191558838,0.3926243484020233
432,16886,,,0.8543757796287537,0.47090721130371094,,
433,16925,,,,,1.4879062175750732,0.39270374178886414
433,16925,,,0.8767013549804688,0.4332267642021179,,
434,16964,,,,,1.4907371997833252,0.3925589621067047
434,16964,,,0.8457098603248596,0.46213003993034363,,
435,17003,,,,,1.4900825023651123,0.39499491453170776
435,17003,,,0.8269018530845642,0.472720205783844,,
436,17042,,,,,1.4900636672973633,0.39559027552604675
436,17042,,,0.8060333728790283,0.46685850620269775,,
437,17081,,,,,1.4894272089004517,0.39514994621276855
437,17081,,,0.8379387259483337,0.4746341109275818,,
438,17120,,,,,1.4865890741348267,0.396638423204422
438,17120,,,0.8557156324386597,0.4678821563720703,,
439,17159,,,,,1.4881361722946167,0.39514127373695374
439,17159,,,0.8791025876998901,0.4164526164531708,,
440,17198,,,,,1.4878764152526855,0.395488440990448
440,17198,,,0.82620769739151,0.4883174002170563,,
441,17237,,,,,1.4889568090438843,0.39250651001930237
441,17237,,,0.8511496186256409,0.4455299973487854,,
442,17276,,,,,1.4869743585586548,0.39429643750190735
442,17276,,,0.8166056275367737,0.46235716342926025,,
443,17315,,,,,1.4884651899337769,0.39407163858413696
443,17315,,,0.831794261932373,0.46332114934921265,,
444,17354,,,,,1.4881854057312012,0.39632269740104675
444,17354,,,0.8679342865943909,0.4358912706375122,,
445,17393,,,,,1.4882174730300903,0.3967023193836212
445,17393,,,0.8622958064079285,0.4037708044052124,,
446,17432,,,,,1.4875468015670776,0.39593836665153503
446,17432,,,0.8242154121398926,0.4692254066467285,,
447,17471,,,,,1.4880006313323975,0.3958881199359894
447,17471,,,0.8341240286827087,0.4574243724346161,,
448,17510,,,,,1.4888290166854858,0.39534637331962585
448,17510,,,0.8172969222068787,0.45527780055999756,,
449,17549,,,,,1.489953875541687,0.3931122124195099
449,17549,,,0.8617190718650818,0.48482397198677063,,
450,17588,,,,,1.488586664199829,0.3947105407714844
450,17588,,,0.8312075734138489,0.46467217803001404,,
451,17627,,,,,1.4871430397033691,0.3955204486846924
451,17627,,,0.8872654438018799,0.44965851306915283,,
452,17666,,,,,1.4876306056976318,0.3955720067024231
452,17666,,,0.8378010988235474,0.4544600546360016,,
453,17705,,,,,1.4860210418701172,0.39771366119384766
453,17705,,,0.856239914894104,0.46515801548957825,,
454,17744,,,,,1.4844145774841309,0.39919281005859375
454,17744,,,0.8352795243263245,0.4823187291622162,,
455,17783,,,,,1.4836570024490356,0.40056124329566956
455,17783,,,0.8776684999465942,0.46195656061172485,,
456,17822,,,,,1.4831976890563965,0.4023329019546509
456,17822,,,0.8446539640426636,0.4683424234390259,,
457,17861,,,,,1.4851425886154175,0.4028823971748352
457,17861,,,0.8195592164993286,0.45462068915367126,,
458,17900,,,,,1.487707257270813,0.40496236085891724
458,17900,,,0.8434540033340454,0.4363858699798584,,
459,17939,,,,,1.4876244068145752,0.40153154730796814
459,17939,,,0.8639225959777832,0.45647993683815,,
460,17978,,,,,1.4868993759155273,0.39913129806518555
460,17978,,,0.8488574028015137,0.47002366185188293,,
461,18017,,,,,1.4866687059402466,0.3996333181858063
461,18017,,,0.8603408932685852,0.4454766809940338,,
462,18056,,,,,1.4851337671279907,0.4005809426307678
462,18056,,,0.8620542883872986,0.4557831585407257,,
463,18095,,,,,1.4849649667739868,0.39942172169685364
463,18095,,,0.8358913064002991,0.48253172636032104,,
464,18134,,,,,1.482300877571106,0.40226367115974426
464,18134,,,0.8361915946006775,0.4933428168296814,,
465,18173,,,,,1.480781078338623,0.4055410623550415
465,18173,,,0.857620358467102,0.4689858853816986,,
466,18212,,,,,1.483796238899231,0.40152859687805176
466,18212,,,0.8450958132743835,0.49502867460250854,,
467,18251,,,,,1.4849555492401123,0.40221479535102844
467,18251,,,0.8434245586395264,0.4743958115577698,,
468,18290,,,,,1.4838844537734985,0.4033108949661255
468,18290,,,0.8783790469169617,0.44702452421188354,,
469,18329,,,,,1.485376000404358,0.40184730291366577
469,18329,,,0.8716124296188354,0.4214576184749603,,
470,18368,,,,,1.4857888221740723,0.40138137340545654
470,18368,,,0.8514847159385681,0.44529449939727783,,
471,18407,,,,,1.4888529777526855,0.4005759060382843
471,18407,,,0.8331298828125,0.4941628873348236,,
472,18446,,,,,1.4855120182037354,0.4011518061161041
472,18446,,,0.8783320784568787,0.4414220452308655,,
473,18485,,,,,1.4841015338897705,0.4021136462688446
473,18485,,,0.8441476225852966,0.49390479922294617,,
474,18524,,,,,1.4825856685638428,0.40567463636398315
474,18524,,,0.8572492599487305,0.46547210216522217,,
475,18563,,,,,1.4840428829193115,0.4057909846305847
475,18563,,,0.8512753248214722,0.4945802390575409,,
476,18602,,,,,1.4819693565368652,0.40700122714042664
476,18602,,,0.8523150682449341,0.4824005663394928,,
477,18641,,,,,1.482291579246521,0.4075537919998169
477,18641,,,0.8439356684684753,0.489646315574646,,
478,18680,,,,,1.4828709363937378,0.407121866941452
478,18680,,,0.8510250449180603,0.4953089952468872,,
479,18719,,,,,1.4824347496032715,0.40775197744369507
479,18719,,,0.8457104563713074,0.4296739995479584,,
480,18758,,,,,1.4835553169250488,0.40645596385002136
480,18758,,,0.8635929822921753,0.45860692858695984,,
481,18797,,,,,1.4820743799209595,0.4074743688106537
481,18797,,,0.854178786277771,0.4637870788574219,,
482,18836,,,,,1.4813642501831055,0.40770384669303894
482,18836,,,0.8179114460945129,0.514254629611969,,
483,18875,,,,,1.481092929840088,0.4063495993614197
483,18875,,,0.8506588339805603,0.45811712741851807,,
484,18914,,,,,1.4804539680480957,0.4089546501636505
484,18914,,,0.8589003086090088,0.47083643078804016,,
485,18953,,,,,1.4799445867538452,0.4092199206352234
485,18953,,,0.8309640288352966,0.49344491958618164,,
486,18992,,,,,1.4798388481140137,0.40826645493507385
486,18992,,,0.8407046794891357,0.46732091903686523,,
487,19031,,,,,1.4788751602172852,0.40880054235458374
487,19031,,,0.8431503176689148,0.4817427694797516,,
488,19070,,,,,1.478945016860962,0.40741607546806335
488,19070,,,0.8403590321540833,0.4960884749889374,,
489,19109,,,,,1.4776742458343506,0.40760180354118347
489,19109,,,0.8517153859138489,0.4784538447856903,,
490,19148,,,,,1.480117678642273,0.4079465866088867
490,19148,,,0.8693342804908752,0.4350086748600006,,
491,19187,,,,,1.482559323310852,0.40591317415237427
491,19187,,,0.8305047154426575,0.4388568103313446,,
492,19226,,,,,1.4850414991378784,0.4027666449546814
492,19226,,,0.8411151170730591,0.4614941477775574,,
493,19265,,,,,1.4854800701141357,0.40475964546203613
493,19265,,,0.8441157341003418,0.44026222825050354,,
494,19304,,,,,1.4831883907318115,0.4070611596107483
494,19304,,,0.849035382270813,0.48852041363716125,,
495,19343,,,,,1.4832366704940796,0.4075869917869568
495,19343,,,0.8476265072822571,0.4958725869655609,,
496,19382,,,,,1.4809679985046387,0.4093649089336395
496,19382,,,0.841810941696167,0.49865975975990295,,
497,19421,,,,,1.4806694984436035,0.4092748463153839
497,19421,,,0.8676235675811768,0.45875269174575806,,
498,19460,,,,,1.4804307222366333,0.4102984666824341
498,19460,,,0.825816810131073,0.4975574314594269,,
499,19499,,,,,1.478859305381775,0.4113461673259735
499,19499,,,0.849252462387085,0.47735580801963806,,
500,19538,,,,,1.4793365001678467,0.41060197353363037
500,19538,,,0.8539609909057617,0.46838510036468506,,
501,19577,,,,,1.4809165000915527,0.40910038352012634
501,19577,,,0.8446815609931946,0.47868263721466064,,
502,19616,,,,,1.4788105487823486,0.41187459230422974
502,19616,,,0.8327951431274414,0.46784406900405884,,
503,19655,,,,,1.4795700311660767,0.4111429750919342
503,19655,,,0.8249369859695435,0.486460417509079,,
504,19694,,,,,1.4808259010314941,0.4102023243904114
504,19694,,,0.856864333152771,0.46507370471954346,,
505,19733,,,,,1.4799479246139526,0.41009780764579773
505,19733,,,0.8536751866340637,0.4512346684932709,,
506,19772,,,,,1.47877037525177,0.41172394156455994
506,19772,,,0.8528990149497986,0.4644247591495514,,
507,19811,,,,,1.4792438745498657,0.4114547371864319
507,19811,,,0.844380795955658,0.4778099060058594,,
508,19850,,,,,1.478981375694275,0.4107777178287506
508,19850,,,0.8410999774932861,0.4984947144985199,,
509,19889,,,,,1.4779709577560425,0.41075047850608826
509,19889,,,0.8224559426307678,0.4776531755924225,,
510,19928,,,,,1.4821871519088745,0.4072558581829071
510,19928,,,0.8565438389778137,0.48752516508102417,,
511,19967,,,,,1.479889154434204,0.4093043804168701
511,19967,,,0.8420100212097168,0.45449745655059814,,
512,20006,,,,,1.479446291923523,0.4101557731628418
512,20006,,,0.8683599829673767,0.45011627674102783,,
513,20045,,,,,1.4837249517440796,0.40681207180023193
513,20045,,,0.8447456359863281,0.5186210870742798,,
514,20084,,,,,1.4817149639129639,0.4068819284439087
514,20084,,,0.8477804660797119,0.45957237482070923,,
515,20123,,,,,1.480347990989685,0.40777549147605896
515,20123,,,0.8502590656280518,0.4663945138454437,,
516,20162,,,,,1.4816266298294067,0.4073839485645294
516,20162,,,0.8419269919395447,0.5053532719612122,,
517,20201,,,,,1.4801353216171265,0.40783247351646423
517,20201,,,0.8101521730422974,0.4877556562423706,,
518,20240,,,,,1.4788730144500732,0.40793099999427795
518,20240,,,0.8225274682044983,0.4595828950405121,,
519,20279,,,,,1.4781938791275024,0.40890640020370483
519,20279,,,0.8478487730026245,0.42951178550720215,,
520,20318,,,,,1.4788453578948975,0.40890175104141235
520,20318,,,0.8554408550262451,0.47952112555503845,,
521,20357,,,,,1.4824317693710327,0.4062891900539398
521,20357,,,0.8436123728752136,0.4585203528404236,,
522,20396,,,,,1.483491063117981,0.4043971002101898
522,20396,,,0.8485512137413025,0.44422394037246704,,
523,20435,,,,,1.4826761484146118,0.40398919582366943
523,20435,,,0.8313654661178589,0.4795338213443756,,
524,20474,,,,,1.4833406209945679,0.40291738510131836
524,20474,,,0.8206890821456909,0.47919294238090515,,
525,20513,,,,,1.4860996007919312,0.40187832713127136
525,20513,,,0.857446014881134,0.45886319875717163,,
526,20552,,,,,1.4812253713607788,0.4036850929260254
526,20552,,,0.8438021540641785,0.48541054129600525,,
527,20591,,,,,1.4795809984207153,0.40643250942230225
527,20591,,,0.8729512095451355,0.4436245560646057,,
528,20630,,,,,1.4795295000076294,0.40790581703186035
528,20630,,,0.8367360234260559,0.4768921732902527,,
529,20669,,,,,1.4810020923614502,0.407241553068161
529,20669,,,0.8730514645576477,0.47461602091789246,,
530,20708,,,,,1.4790092706680298,0.40751877427101135
530,20708,,,0.828709065914154,0.43715226650238037,,
531,20747,,,,,1.478478193283081,0.40885981917381287
531,20747,,,0.8464943170547485,0.48363715410232544,,
532,20786,,,,,1.4797238111495972,0.407536119222641
532,20786,,,0.8311038017272949,0.48680588603019714,,
533,20825,,,,,1.4819451570510864,0.40629225969314575
533,20825,,,0.8491476774215698,0.45529159903526306,,
534,20864,,,,,1.4827706813812256,0.4058033227920532
534,20864,,,0.8719026446342468,0.4508301615715027,,
535,20903,,,,,1.4829891920089722,0.4050416052341461
535,20903,,,0.8505435585975647,0.4895181953907013,,
536,20942,,,,,1.4804556369781494,0.406188040971756
536,20942,,,0.8359804153442383,0.4611191749572754,,
537,20981,,,,,1.4819531440734863,0.40593069791793823
537,20981,,,0.8552229404449463,0.43428757786750793,,
538,21020,,,,,1.4822827577590942,0.4059324860572815
538,21020,,,0.8434858322143555,0.48053839802742004,,
539,21059,,,,,1.4815807342529297,0.40637314319610596
539,21059,,,0.8469056487083435,0.47050756216049194,,
540,21098,,,,,1.4785962104797363,0.4078652262687683
540,21098,,,0.8397010564804077,0.43084031343460083,,
541,21137,,,,,1.4790986776351929,0.40802350640296936
541,21137,,,0.8335843086242676,0.4726319909095764,,
542,21176,,,,,1.4773330688476562,0.411491334438324
542,21176,,,0.8495969772338867,0.4999951720237732,,
543,21215,,,,,1.4751986265182495,0.4121791124343872
543,21215,,,0.8211587071418762,0.47267067432403564,,
544,21254,,,,,1.4765024185180664,0.4098571538925171
544,21254,,,0.8362852334976196,0.47518232464790344,,
545,21293,,,,,1.4797078371047974,0.40967199206352234
545,21293,,,0.8397647142410278,0.47044837474823,,
546,21332,,,,,1.479178786277771,0.4090791344642639
546,21332,,,0.8264076113700867,0.4899141490459442,,
547,21371,,,,,1.4786237478256226,0.4100247919559479
547,21371,,,0.8549436926841736,0.4875013828277588,,
548,21410,,,,,1.4763773679733276,0.4114443063735962
548,21410,,,0.8217924237251282,0.481589674949646,,
549,21449,,,,,1.4789042472839355,0.40989750623703003
549,21449,,,0.8720918297767639,0.45580390095710754,,
550,21488,,,,,1.479845643043518,0.41033390164375305
550,21488,,,0.8509145975112915,0.4834413230419159,,
551,21527,,,,,1.4812374114990234,0.4083930552005768
551,21527,,,0.8748489618301392,0.4467266798019409,,
552,21566,,,,,1.4811514616012573,0.4086016118526459
552,21566,,,0.8053791522979736,0.5069594979286194,,
553,21605,,,,,1.4813227653503418,0.4090304672718048
553,21605,,,0.8513177037239075,0.48738953471183777,,
554,21644,,,,,1.480668306350708,0.4099954068660736
554,21644,,,0.8452050685882568,0.49337905645370483,,
555,21683,,,,,1.477971076965332,0.41122889518737793
555,21683,,,0.8474975228309631,0.45728883147239685,,
556,21722,,,,,1.4767581224441528,0.412299782037735
556,21722,,,0.8400152325630188,0.48509812355041504,,
557,21761,,,,,1.475970983505249,0.4135197699069977
557,21761,,,0.8642382621765137,0.5044387578964233,,
558,21800,,,,,1.4745128154754639,0.413921594619751
558,21800,,,0.8657034635543823,0.49508407711982727,,
559,21839,,,,,1.4778838157653809,0.4121037721633911
559,21839,,,0.8587663173675537,0.42243966460227966,,
560,21878,,,,,1.4765115976333618,0.41329655051231384
560,21878,,,0.8338485956192017,0.4741556644439697,,
561,21917,,,,,1.476737380027771,0.41340509057044983
561,21917,,,0.8611476421356201,0.47811517119407654,,
562,21956,,,,,1.4757965803146362,0.4153643250465393
562,21956,,,0.8370286822319031,0.47014114260673523,,
563,21995,,,,,1.4767704010009766,0.41443130373954773
563,21995,,,0.8398980498313904,0.48740339279174805,,
564,22034,,,,,1.4780679941177368,0.4134526550769806
564,22034,,,0.86589115858078,0.4552375078201294,,
565,22073,,,,,1.47864830493927,0.4127417802810669
565,22073,,,0.8442660570144653,0.5056759119033813,,
566,22112,,,,,1.477367639541626,0.4135979115962982
566,22112,,,0.8282461166381836,0.4852403402328491,,
567,22151,,,,,1.4771374464035034,0.4142776429653168
567,22151,,,0.8517947196960449,0.477466881275177,,
568,22190,,,,,1.476548671722412,0.4144560694694519
568,22190,,,0.8558580279350281,0.4723988175392151,,
569,22229,,,,,1.475815773010254,0.41503259539604187
569,22229,,,0.858058750629425,0.43826645612716675,,
570,22268,,,,,1.4758800268173218,0.41506844758987427
570,22268,,,0.830773651599884,0.4706837236881256,,
571,22307,,,,,1.4765865802764893,0.41455522179603577
571,22307,,,0.8458987474441528,0.47952035069465637,,
572,22346,,,,,1.4787424802780151,0.4132731556892395
572,22346,,,0.8438454866409302,0.520315945148468,,
573,22385,,,,,1.4778611660003662,0.41346603631973267
573,22385,,,0.8517284989356995,0.4290069043636322,,
574,22424,,,,,1.4778646230697632,0.414255827665329
574,22424,,,0.8361120820045471,0.47205764055252075,,
575,22463,,,,,1.479190707206726,0.4134947657585144
575,22463,,,0.8453433513641357,0.4634561836719513,,
576,22502,,,,,1.478002905845642,0.4130556583404541
576,22502,,,0.8261013627052307,0.4537582993507385,,
577,22541,,,,,1.4767003059387207,0.41404905915260315
577,22541,,,0.855992317199707,0.45706191658973694,,
578,22580,,,,,1.4756792783737183,0.4158805012702942
578,22580,,,0.8145685195922852,0.4633643329143524,,
579,22619,,,,,1.4785561561584473,0.41439664363861084
579,22619,,,0.8602486848831177,0.4872232675552368,,
580,22658,,,,,1.4781241416931152,0.41480302810668945
580,22658,,,0.8243319392204285,0.496751993894577,,
581,22697,,,,,1.4775700569152832,0.41515442728996277
581,22697,,,0.8403980731964111,0.4552362263202667,,
582,22736,,,,,1.4758919477462769,0.41655173897743225
582,22736,,,0.8400413393974304,0.47633177042007446,,
583,22775,,,,,1.476195216178894,0.41622981429100037
583,22775,,,0.8540945649147034,0.4818897843360901,,
584,22814,,,,,1.4756925106048584,0.4153563976287842
584,22814,,,0.8342576622962952,0.49446889758110046,,
585,22853,,,,,1.4759681224822998,0.41469332575798035
585,22853,,,0.8320780992507935,0.4827205538749695,,
586,22892,,,,,1.4757462739944458,0.41531744599342346
586,22892,,,0.8295901417732239,0.48752233386039734,,
587,22931,,,,,1.4752980470657349,0.4147181808948517
587,22931,,,0.8874468803405762,0.4359855055809021,,
588,22970,,,,,1.4759726524353027,0.41495996713638306
588,22970,,,0.8505273461341858,0.45160216093063354,,
589,23009,,,,,1.4784713983535767,0.41419145464897156
589,23009,,,0.8515844345092773,0.4717225730419159,,
590,23048,,,,,1.4780758619308472,0.4157070815563202
590,23048,,,0.82768315076828,0.4835931360721588,,
591,23087,,,,,1.4764970541000366,0.41563937067985535
591,23087,,,0.8243441581726074,0.47915247082710266,,
592,23126,,,,,1.4779993295669556,0.41482430696487427
592,23126,,,0.8625496029853821,0.4700005352497101,,
593,23165,,,,,1.4773863554000854,0.4152269661426544
593,23165,,,0.8475378155708313,0.46333175897598267,,
594,23204,,,,,1.4762266874313354,0.4162496030330658
594,23204,,,0.8624107241630554,0.46134841442108154,,
595,23243,,,,,1.4768644571304321,0.41617316007614136
595,23243,,,0.853963315486908,0.47446227073669434,,
596,23282,,,,,1.478211522102356,0.41412824392318726
596,23282,,,0.8455626368522644,0.4749246835708618,,
597,23321,,,,,1.4773331880569458,0.4155734181404114
597,23321,,,0.8639042973518372,0.4750846326351166,,
598,23360,,,,,1.4779257774353027,0.41523507237434387
598,23360,,,0.8457236886024475,0.5053588151931763,,
599,23399,,,,,1.4771231412887573,0.41553187370300293
599,23399,,,0.842291533946991,0.47329482436180115,,
600,23438,,,,,1.4785183668136597,0.4146246910095215
600,23438,,,0.8396157622337341,0.4441014230251312,,
601,23477,,,,,1.4768868684768677,0.41628095507621765
601,23477,,,0.8500717282295227,0.4778355360031128,,
602,23516,,,,,1.4792662858963013,0.41640016436576843
602,23516,,,0.8220820426940918,0.46732261776924133,,
603,23555,,,,,1.4797731637954712,0.41603291034698486
603,23555,,,0.8178661465644836,0.46528807282447815,,
604,23594,,,,,1.4779614210128784,0.41657310724258423
604,23594,,,0.8425970077514648,0.47374260425567627,,
605,23633,,,,,1.4794337749481201,0.41580188274383545
605,23633,,,0.8456916809082031,0.4540390968322754,,
606,23672,,,,,1.4810930490493774,0.4156217575073242
606,23672,,,0.8524316549301147,0.46882927417755127,,
607,23711,,,,,1.4801123142242432,0.41431695222854614
607,23711,,,0.8661390542984009,0.45642945170402527,,
608,23750,,,,,1.4814022779464722,0.4123808443546295
608,23750,,,0.8241485357284546,0.5062962770462036,,
609,23789,,,,,1.476776361465454,0.41554078459739685
609,23789,,,0.8570324778556824,0.4458402395248413,,
610,23828,,,,,1.4768226146697998,0.4171164035797119
610,23828,,,0.817196249961853,0.47225189208984375,,
611,23867,,,,,1.478651762008667,0.41687819361686707
611,23867,,,0.8699510097503662,0.4583185613155365,,
612,23906,,,,,1.4778965711593628,0.41745686531066895
612,23906,,,0.8584919571876526,0.46711188554763794,,
613,23945,,,,,1.4778932332992554,0.41815608739852905
613,23945,,,0.835979163646698,0.47749239206314087,,
614,23984,,,,,1.4771556854248047,0.41921499371528625
614,23984,,,0.8369085788726807,0.5027709603309631,,
615,24023,,,,,1.475506067276001,0.4213590621948242
615,24023,,,0.854732096195221,0.4913632273674011,,
616,24062,,,,,1.4736857414245605,0.4220925569534302
616,24062,,,0.8472896218299866,0.46123307943344116,,
617,24101,,,,,1.4745707511901855,0.42113858461380005
617,24101,,,0.8315515518188477,0.44458824396133423,,
618,24140,,,,,1.4770512580871582,0.4204006493091583
618,24140,,,0.8397371172904968,0.4545353651046753,,
619,24179,,,,,1.474975347518921,0.42256274819374084
619,24179,,,0.8250410556793213,0.4911052882671356,,
620,24218,,,,,1.4732606410980225,0.42494744062423706
620,24218,,,0.8197044730186462,0.5105429887771606,,
621,24257,,,,,1.472564458847046,0.42428457736968994
621,24257,,,0.8481183052062988,0.48454749584198,,
622,24296,,,,,1.4756027460098267,0.4219062924385071
622,24296,,,0.8346287608146667,0.48172491788864136,,
623,24335,,,,,1.476722240447998,0.4200729727745056
623,24335,,,0.8506281971931458,0.48751214146614075,,
624,24374,,,,,1.4770336151123047,0.4189525842666626
624,24374,,,0.8497951030731201,0.4736429750919342,,
625,24413,,,,,1.475396752357483,0.4192728102207184
625,24413,,,0.8300632834434509,0.4613848924636841,,
626,24452,,,,,1.4750502109527588,0.41944199800491333
626,24452,,,0.8211175799369812,0.5217129588127136,,
627,24491,,,,,1.4766345024108887,0.41872432827949524
627,24491,,,0.8417286276817322,0.48193788528442383,,
628,24530,,,,,1.4754940271377563,0.4197840392589569
628,24530,,,0.8404542207717896,0.4805450439453125,,
629,24569,,,,,1.4743753671646118,0.4203847348690033
629,24569,,,0.8447631597518921,0.4849662780761719,,
630,24608,,,,,1.4749221801757812,0.4197321832180023
630,24608,,,0.8579840064048767,0.4918191432952881,,
631,24647,,,,,1.472872018814087,0.42118024826049805
631,24647,,,0.840586245059967,0.4911186099052429,,
632,24686,,,,,1.4732215404510498,0.42083895206451416
632,24686,,,0.8682470321655273,0.45760321617126465,,
633,24725,,,,,1.4734292030334473,0.4226917624473572
633,24725,,,0.8492437601089478,0.47324201464653015,,
634,24764,,,,,1.474246859550476,0.4225361943244934
634,24764,,,0.8482972979545593,0.48088324069976807,,
635,24803,,,,,1.4736262559890747,0.42350077629089355
635,24803,,,0.8146764636039734,0.5104867815971375,,
636,24842,,,,,1.474584937095642,0.4226720631122589
636,24842,,,0.8223687410354614,0.48091092705726624,,
637,24881,,,,,1.4762035608291626,0.4236474633216858
637,24881,,,0.8254139423370361,0.45990312099456787,,
638,24920,,,,,1.4772213697433472,0.42155328392982483
638,24920,,,0.8256158828735352,0.48913466930389404,,
639,24959,,,,,1.4748549461364746,0.42303577065467834
639,24959,,,0.8459357023239136,0.4499775767326355,,
640,24998,,,,,1.4749441146850586,0.42339810729026794
640,24998,,,0.816959023475647,0.5031037926673889,,
641,25037,,,,,1.4746354818344116,0.423145055770874
641,25037,,,0.8252363204956055,0.47647759318351746,,
642,25076,,,,,1.475081443786621,0.4224710464477539
642,25076,,,0.8233718872070312,0.4852732717990875,,
643,25115,,,,,1.4723392724990845,0.4233933687210083
643,25115,,,0.8561303615570068,0.4665535092353821,,
644,25154,,,,,1.4763368368148804,0.42036211490631104
644,25154,,,0.853700578212738,0.47821661829948425,,
645,25193,,,,,1.4773794412612915,0.4195708930492401
645,25193,,,0.8432288765907288,0.4828945994377136,,
646,25232,,,,,1.47552490234375,0.4195685088634491
646,25232,,,0.8370500206947327,0.44724151492118835,,
647,25271,,,,,1.475618839263916,0.419109046459198
647,25271,,,0.8169997930526733,0.49982941150665283,,
648,25310,,,,,1.4747974872589111,0.420043021440506
648,25310,,,0.8439610600471497,0.4911049008369446,,
649,25349,,,,,1.4758639335632324,0.42017418146133423
649,25349,,,0.8525704741477966,0.4597894847393036,,
650,25388,,,,,1.4745773077011108,0.41930127143859863
650,25388,,,0.8512559533119202,0.4416484236717224,,
651,25427,,,,,1.475402593612671,0.4196759760379791
651,25427,,,0.8293451070785522,0.5099093317985535,,
652,25466,,,,,1.4764832258224487,0.41837412118911743
652,25466,,,0.8237848281860352,0.4985174536705017,,
653,25505,,,,,1.4769519567489624,0.41831710934638977
653,25505,,,0.8004328608512878,0.49425116181373596,,
654,25544,,,,,1.4774037599563599,0.41867923736572266
654,25544,,,0.862455427646637,0.47875550389289856,,
655,25583,,,,,1.4763139486312866,0.41915827989578247
655,25583,,,0.8400818109512329,0.4550105929374695,,
656,25622,,,,,1.4750219583511353,0.4199143350124359
656,25622,,,0.869055449962616,0.47081243991851807,,
657,25661,,,,,1.4762935638427734,0.41952571272850037
657,25661,,,0.8337393403053284,0.4951598346233368,,
658,25700,,,,,1.4767203330993652,0.41991502046585083
658,25700,,,0.822750985622406,0.48222067952156067,,
659,25739,,,,,1.477520227432251,0.4192497134208679
659,25739,,,0.823826014995575,0.4646007716655731,,
660,25778,,,,,1.4758245944976807,0.4199736714363098
660,25778,,,0.8293731808662415,0.47407102584838867,,
661,25817,,,,,1.4771721363067627,0.41955745220184326
661,25817,,,0.8444657921791077,0.48911768198013306,,
662,25856,,,,,1.4767104387283325,0.42095130681991577
662,25856,,,0.8339109420776367,0.50528883934021,,
663,25895,,,,,1.4751845598220825,0.4211847484111786
663,25895,,,0.8356685042381287,0.47895491123199463,,
664,25934,,,,,1.4730184078216553,0.4218788743019104
664,25934,,,0.8489593863487244,0.4823746681213379,,
665,25973,,,,,1.474968671798706,0.421032190322876
665,25973,,,0.8419480919837952,0.506855309009552,,
666,26012,,,,,1.475110411643982,0.421102911233902
666,26012,,,0.8495537042617798,0.4950862228870392,,
667,26051,,,,,1.4750736951828003,0.4215770363807678
667,26051,,,0.8444554209709167,0.4869782328605652,,
668,26090,,,,,1.4737895727157593,0.4223451018333435
668,26090,,,0.8332576155662537,0.49681928753852844,,
669,26129,,,,,1.4721908569335938,0.42309993505477905
669,26129,,,0.8302634954452515,0.47187867760658264,,
670,26168,,,,,1.4721423387527466,0.42251187562942505
670,26168,,,0.8488044738769531,0.4841423034667969,,
671,26207,,,,,1.4733115434646606,0.42192506790161133
671,26207,,,0.8526599407196045,0.46555429697036743,,
672,26246,,,,,1.4745702743530273,0.42227795720100403
672,26246,,,0.8468550443649292,0.436777263879776,,
673,26285,,,,,1.4744508266448975,0.4231228828430176
673,26285,,,0.8448271155357361,0.4670831263065338,,
674,26324,,,,,1.476609706878662,0.4214988946914673
674,26324,,,0.828425943851471,0.45433181524276733,,
675,26363,,,,,1.4733177423477173,0.4236440062522888
675,26363,,,0.8383636474609375,0.48239442706108093,,
676,26402,,,,,1.4735877513885498,0.4252001941204071
676,26402,,,0.8088603019714355,0.4886828660964966,,
677,26441,,,,,1.4744819402694702,0.4244173765182495
677,26441,,,0.8299692869186401,0.5123493671417236,,
678,26480,,,,,1.4728355407714844,0.4247526228427887
678,26480,,,0.8235461115837097,0.48714593052864075,,
679,26519,,,,,1.4745539426803589,0.424739271402359
679,26519,,,0.8642539978027344,0.44915643334388733,,
680,26558,,,,,1.4734289646148682,0.42484790086746216
680,26558,,,0.8656206130981445,0.48576730489730835,,
681,26597,,,,,1.4729199409484863,0.42479732632637024
681,26597,,,0.8445655703544617,0.46902284026145935,,
682,26636,,,,,1.4736078977584839,0.42409002780914307
682,26636,,,0.8457626104354858,0.464490681886673,,
683,26675,,,,,1.4738996028900146,0.42498788237571716
683,26675,,,0.8515987992286682,0.47860342264175415,,
684,26714,,,,,1.4754244089126587,0.4229332208633423
684,26714,,,0.851303219795227,0.4986453950405121,,
685,26753,,,,,1.4722630977630615,0.42430418729782104
685,26753,,,0.8241593837738037,0.5000653862953186,,
686,26792,,,,,1.474157691001892,0.4246571362018585
686,26792,,,0.8326820135116577,0.4629267752170563,,
687,26831,,,,,1.472904086112976,0.42517906427383423
687,26831,,,0.8133071660995483,0.5097149610519409,,
688,26870,,,,,1.4721649885177612,0.4265426695346832
688,26870,,,0.8343477249145508,0.49001333117485046,,
689,26909,,,,,1.471695899963379,0.4271678626537323
689,26909,,,0.8469224572181702,0.48502030968666077,,
690,26948,,,,,1.47211492061615,0.4276426434516907
690,26948,,,0.8541755676269531,0.46574968099594116,,
691,26987,,,,,1.4729340076446533,0.4279910922050476
691,26987,,,0.8561471104621887,0.46103620529174805,,
692,27026,,,,,1.473827600479126,0.42861005663871765
692,27026,,,0.8410472273826599,0.481222003698349,,
693,27065,,,,,1.4743189811706543,0.4276982843875885
693,27065,,,0.8762341737747192,0.4735333323478699,,
694,27104,,,,,1.4727413654327393,0.4282052218914032
694,27104,,,0.7942388653755188,0.5003739595413208,,
695,27143,,,,,1.4731543064117432,0.42935293912887573
695,27143,,,0.8390001058578491,0.48942869901657104,,
696,27182,,,,,1.4737144708633423,0.42859625816345215
696,27182,,,0.8255355954170227,0.46713072061538696,,
697,27221,,,,,1.4728734493255615,0.42907193303108215
697,27221,,,0.8654699921607971,0.4881477952003479,,
698,27260,,,,,1.4743207693099976,0.4269726276397705
698,27260,,,0.8364323377609253,0.5160335898399353,,
699,27299,,,,,1.475733757019043,0.4254385828971863
699,27299,,,0.8276811242103577,0.48087751865386963,,
700,27338,,,,,1.4765819311141968,0.4260481297969818
700,27338,,,0.843056321144104,0.46109694242477417,,
701,27377,,,,,1.47820246219635,0.4253588318824768
701,27377,,,0.8653916716575623,0.4670140743255615,,
702,27416,,,,,1.4791579246520996,0.4240427017211914
702,27416,,,0.8440672755241394,0.5287497043609619,,
703,27455,,,,,1.4755858182907104,0.4260677993297577
703,27455,,,0.8211442828178406,0.5230579972267151,,
704,27494,,,,,1.474456787109375,0.4260815978050232
704,27494,,,0.833649754524231,0.4680377244949341,,
705,27533,,,,,1.4731738567352295,0.4268018901348114
705,27533,,,0.8235464096069336,0.492769718170166,,
706,27572,,,,,1.4687684774398804,0.4287370443344116
706,27572,,,0.8167887926101685,0.47479718923568726,,
707,27611,,,,,1.4697941541671753,0.4276537597179413
707,27611,,,0.8511267304420471,0.48712682723999023,,
708,27650,,,,,1.4683496952056885,0.42896801233291626
708,27650,,,0.83543461561203,0.4911801815032959,,
709,27689,,,,,1.4687016010284424,0.42888399958610535
709,27689,,,0.8272134065628052,0.5037508010864258,,
710,27728,,,,,1.4705514907836914,0.4274595379829407
710,27728,,,0.8598229885101318,0.43559813499450684,,
711,27767,,,,,1.4725239276885986,0.427623987197876
711,27767,,,0.8393217921257019,0.456714928150177,,
712,27806,,,,,1.4713062047958374,0.4288928806781769
712,27806,,,0.8419918417930603,0.48373663425445557,,
713,27845,,,,,1.4706791639328003,0.4294549226760864
713,27845,,,0.8416177034378052,0.4823136329650879,,
714,27884,,,,,1.4722617864608765,0.4275887906551361
714,27884,,,0.8202463984489441,0.49476271867752075,,
715,27923,,,,,1.472656011581421,0.4271039068698883
715,27923,,,0.8461632132530212,0.47402504086494446,,
716,27962,,,,,1.473169207572937,0.4277438223361969
716,27962,,,0.8489158749580383,0.4752361476421356,,
717,28001,,,,,1.4725583791732788,0.4283813238143921
717,28001,,,0.825583815574646,0.5171517729759216,,
718,28040,,,,,1.4750683307647705,0.42721784114837646
718,28040,,,0.814971923828125,0.5263179540634155,,
719,28079,,,,,1.4730786085128784,0.42756974697113037
719,28079,,,0.8377493619918823,0.4873177409172058,,
720,28118,,,,,1.4704065322875977,0.4295979142189026
720,28118,,,0.8584176898002625,0.4891831874847412,,
721,28157,,,,,1.4693973064422607,0.4306531846523285
721,28157,,,0.845237135887146,0.4965800642967224,,
722,28196,,,,,1.469314694404602,0.43097609281539917
722,28196,,,0.832341730594635,0.4693622589111328,,
723,28235,,,,,1.468873381614685,0.4312296211719513
723,28235,,,0.8366454839706421,0.4512433409690857,,
724,28274,,,,,1.467883825302124,0.4318818747997284
724,28274,,,0.8446520566940308,0.5323147177696228,,
725,28313,,,,,1.4697074890136719,0.43032512068748474
725,28313,,,0.8426582217216492,0.5103229284286499,,
726,28352,,,,,1.4674626588821411,0.43013355135917664
726,28352,,,0.8139025568962097,0.45747247338294983,,
727,28391,,,,,1.47018563747406,0.4276750683784485
727,28391,,,0.8472954034805298,0.4625006914138794,,
728,28430,,,,,1.4718014001846313,0.42727231979370117
728,28430,,,0.8620628714561462,0.4728018045425415,,
729,28469,,,,,1.4695358276367188,0.4291825592517853
729,28469,,,0.8354102969169617,0.4717952609062195,,
730,28508,,,,,1.4707324504852295,0.42881345748901367
730,28508,,,0.845829963684082,0.4636497497558594,,
731,28547,,,,,1.4711663722991943,0.42823806405067444
731,28547,,,0.8332701325416565,0.5054420232772827,,
732,28586,,,,,1.470446228981018,0.4287482798099518
732,28586,,,0.824845016002655,0.4924813210964203,,
733,28625,,,,,1.4712231159210205,0.4290628433227539
733,28625,,,0.8464918732643127,0.4795916974544525,,
734,28664,,,,,1.4706755876541138,0.4283333718776703
734,28664,,,0.8175896406173706,0.5220808982849121,,
735,28703,,,,,1.4712140560150146,0.42883896827697754
735,28703,,,0.8412582278251648,0.4911406934261322,,
736,28742,,,,,1.4705049991607666,0.42933720350265503
736,28742,,,0.8458441495895386,0.5208896398544312,,
737,28781,,,,,1.4719452857971191,0.42754602432250977
737,28781,,,0.8210978507995605,0.49734941124916077,,
738,28820,,,,,1.4702647924423218,0.4280755817890167
738,28820,,,0.827346920967102,0.49733656644821167,,
739,28859,,,,,1.4682207107543945,0.429067999124527
739,28859,,,0.8290313482284546,0.4749526083469391,,
740,28898,,,,,1.4702104330062866,0.42980489134788513
740,28898,,,0.8337246775627136,0.47380369901657104,,
741,28937,,,,,1.4700487852096558,0.4292376935482025
741,28937,,,0.807452917098999,0.5015721321105957,,
742,28976,,,,,1.4684252738952637,0.4309312105178833
742,28976,,,0.8624096512794495,0.45385581254959106,,
743,29015,,,,,1.468189001083374,0.43082648515701294
743,29015,,,0.8351733684539795,0.4777712821960449,,
744,29054,,,,,1.4695794582366943,0.4286576509475708
744,29054,,,0.8422350883483887,0.4949563443660736,,
745,29093,,,,,1.4711822271347046,0.42833244800567627
745,29093,,,0.8358374238014221,0.5048629641532898,,
746,29132,,,,,1.47197687625885,0.4277941882610321
746,29132,,,0.840333878993988,0.48522070050239563,,
747,29171,,,,,1.4692515134811401,0.4292486011981964
747,29171,,,0.8415918350219727,0.47093358635902405,,
748,29210,,,,,1.4714027643203735,0.4292241036891937
748,29210,,,0.836590588092804,0.46690407395362854,,
749,29249,,,,,1.472353219985962,0.42836230993270874
749,29249,,,0.849578857421875,0.4699440896511078,,
750,29288,,,,,1.4716300964355469,0.4289616346359253
750,29288,,,0.8502630591392517,0.4783993661403656,,
751,29327,,,,,1.4719980955123901,0.428819477558136
751,29327,,,0.8378215432167053,0.47518134117126465,,
752,29366,,,,,1.4717745780944824,0.4290374517440796
752,29366,,,0.826286792755127,0.4786681532859802,,
753,29405,,,,,1.4711461067199707,0.43004071712493896
753,29405,,,0.8505720496177673,0.49159476161003113,,
754,29444,,,,,1.4706701040267944,0.4305137097835541
754,29444,,,0.8363661170005798,0.47427260875701904,,
755,29483,,,,,1.4679150581359863,0.4330199658870697
755,29483,,,0.8177046179771423,0.479850172996521,,
756,29522,,,,,1.4713000059127808,0.430042564868927
756,29522,,,0.8255430459976196,0.5031601786613464,,
757,29561,,,,,1.4700263738632202,0.43066659569740295
757,29561,,,0.8173626661300659,0.5094993710517883,,
758,29600,,,,,1.4671293497085571,0.4311896562576294
758,29600,,,0.816831648349762,0.5078172087669373,,
759,29639,,,,,1.4661853313446045,0.43144628405570984
759,29639,,,0.8218110203742981,0.48924383521080017,,
760,29678,,,,,1.4659346342086792,0.4319797158241272
760,29678,,,0.8049658536911011,0.490764319896698,,
761,29717,,,,,1.4693505764007568,0.4306377172470093
761,29717,,,0.8223127722740173,0.5248113870620728,,
762,29756,,,,,1.469672441482544,0.43034160137176514
762,29756,,,0.8238758444786072,0.4641781449317932,,
763,29795,,,,,1.4711085557937622,0.4294847548007965
763,29795,,,0.810187041759491,0.4988025724887848,,
764,29834,,,,,1.4721661806106567,0.42912283539772034
764,29834,,,0.86208575963974,0.45450299978256226,,
765,29873,,,,,1.4755165576934814,0.42911607027053833
765,29873,,,0.8849612474441528,0.4611041247844696,,
766,29912,,,,,1.4700798988342285,0.4299648404121399
766,29912,,,0.8233763575553894,0.4898989796638489,,
767,29951,,,,,1.4715145826339722,0.42959293723106384
767,29951,,,0.8402128219604492,0.5224164128303528,,
768,29990,,,,,1.4674930572509766,0.4307384490966797
768,29990,,,0.8261706829071045,0.48756247758865356,,
769,30029,,,,,1.466455101966858,0.43148544430732727
769,30029,,,0.8347589373588562,0.4911139905452728,,
770,30068,,,,,1.4678736925125122,0.4310078024864197
770,30068,,,0.8274153470993042,0.49703842401504517,,
771,30107,,,,,1.4696978330612183,0.42984750866889954
771,30107,,,0.8145163059234619,0.4623437523841858,,
772,30146,,,,,1.4719555377960205,0.42790400981903076
772,30146,,,0.823257327079773,0.5097060203552246,,
773,30185,,,,,1.4719552993774414,0.42808929085731506
773,30185,,,0.8104524612426758,0.5100637674331665,,
774,30224,,,,,1.4686187505722046,0.4294920861721039
774,30224,,,0.818466067314148,0.4923142194747925,,
775,30263,,,,,1.4693362712860107,0.4290510416030884
775,30263,,,0.8257015943527222,0.49343833327293396,,
776,30302,,,,,1.4687683582305908,0.4297022819519043
776,30302,,,0.8070123791694641,0.5036836862564087,,
777,30341,,,,,1.4680976867675781,0.4301060736179352
777,30341,,,0.8167330622673035,0.47137701511383057,,
778,30380,,,,,1.4669787883758545,0.430447518825531
778,30380,,,0.8259362578392029,0.49073517322540283,,
779,30419,,,,,1.468606948852539,0.42977556586265564
779,30419,,,0.8653350472450256,0.49461549520492554,,
780,30458,,,,,1.4701775312423706,0.4294366240501404
780,30458,,,0.7906715869903564,0.49677774310112,,
781,30497,,,,,1.470997929573059,0.4291936755180359
781,30497,,,0.8151102066040039,0.5379484295845032,,
782,30536,,,,,1.4705309867858887,0.4299514889717102
782,30536,,,0.8375634551048279,0.5056433081626892,,
783,30575,,,,,1.468947410583496,0.43096596002578735
783,30575,,,0.8241181969642639,0.46365898847579956,,
784,30614,,,,,1.467969298362732,0.42989805340766907
784,30614,,,0.8235548138618469,0.5045033097267151,,
785,30653,,,,,1.46705162525177,0.4301755130290985
785,30653,,,0.8307072520256042,0.4856034815311432,,
786,30692,,,,,1.4690653085708618,0.4293542504310608
786,30692,,,0.8224793672561646,0.4783479869365692,,
787,30731,,,,,1.470596194267273,0.42885714769363403
787,30731,,,0.8194518685340881,0.49536043405532837,,
788,30770,,,,,1.471088171005249,0.4281036853790283
788,30770,,,0.8185390830039978,0.5215157866477966,,
789,30809,,,,,1.4699256420135498,0.4292804002761841
789,30809,,,0.8469209671020508,0.5042668581008911,,
790,30848,,,,,1.4697511196136475,0.430189847946167
790,30848,,,0.8371101021766663,0.5057864785194397,,
791,30887,,,,,1.4699324369430542,0.4289339482784271
791,30887,,,0.8314381241798401,0.4901351034641266,,
792,30926,,,,,1.4697818756103516,0.4278777539730072
792,30926,,,0.8084805607795715,0.5301063656806946,,
793,30965,,,,,1.4713371992111206,0.4281972646713257
793,30965,,,0.8400852680206299,0.49911972880363464,,
794,31004,,,,,1.4700570106506348,0.42863109707832336
794,31004,,,0.8336406350135803,0.48827117681503296,,
795,31043,,,,,1.4688310623168945,0.42914941906929016
795,31043,,,0.8312546014785767,0.46856454014778137,,
796,31082,,,,,1.4692803621292114,0.4282051622867584
796,31082,,,0.8202940821647644,0.4836523234844208,,
797,31121,,,,,1.4725048542022705,0.4278981685638428
797,31121,,,0.847868800163269,0.5023189783096313,,
798,31160,,,,,1.4708061218261719,0.4292927384376526
798,31160,,,0.7876362800598145,0.5324825644493103,,
799,31199,,,,,1.4686317443847656,0.43087539076805115
799,31199,,,0.8241109848022461,0.5028296113014221,,
800,31238,,,,,1.466259241104126,0.43113061785697937
800,31238,,,0.8284902572631836,0.4935401976108551,,
801,31277,,,,,1.464191198348999,0.4322815537452698
801,31277,,,0.8212648034095764,0.5291044116020203,,
802,31316,,,,,1.4653456211090088,0.43185725808143616
802,31316,,,0.8250209093093872,0.5150355100631714,,
803,31355,,,,,1.4667973518371582,0.431112676858902
803,31355,,,0.8356595039367676,0.49001243710517883,,
804,31394,,,,,1.4688727855682373,0.4307589530944824
804,31394,,,0.7887340784072876,0.5239724516868591,,
805,31433,,,,,1.4688422679901123,0.43053731322288513
805,31433,,,0.8229779005050659,0.49146896600723267,,
806,31472,,,,,1.466281533241272,0.432661235332489
806,31472,,,0.8245313763618469,0.5295884609222412,,
807,31511,,,,,1.4669280052185059,0.43304768204689026
807,31511,,,0.8357520699501038,0.4435375928878784,,
808,31550,,,,,1.4662442207336426,0.43387752771377563
808,31550,,,0.8414073586463928,0.4894375503063202,,
809,31589,,,,,1.4695854187011719,0.43185627460479736
809,31589,,,0.8511274456977844,0.4772542417049408,,
810,31628,,,,,1.4684251546859741,0.43246158957481384
810,31628,,,0.8224107623100281,0.47374045848846436,,
811,31667,,,,,1.46834397315979,0.4326865077018738
811,31667,,,0.8222963213920593,0.47166162729263306,,
812,31706,,,,,1.4712764024734497,0.4306503236293793
812,31706,,,0.831438422203064,0.4914984703063965,,
813,31745,,,,,1.4719468355178833,0.4287312924861908
813,31745,,,0.8213398456573486,0.5157873630523682,,
814,31784,,,,,1.472263216972351,0.42954307794570923
814,31784,,,0.8606123328208923,0.4683454930782318,,
815,31823,,,,,1.4701699018478394,0.4317730963230133
815,31823,,,0.8227830529212952,0.4929879903793335,,
816,31862,,,,,1.4710121154785156,0.4303160607814789
816,31862,,,0.8318080306053162,0.5329570770263672,,
817,31901,,,,,1.472049355506897,0.4301842451095581
817,31901,,,0.8382120132446289,0.4814855754375458,,
818,31940,,,,,1.4682998657226562,0.4320419728755951
818,31940,,,0.8566244840621948,0.5117285847663879,,
819,31979,,,,,1.4674766063690186,0.43204453587532043
819,31979,,,0.8116697669029236,0.48875799775123596,,
820,32018,,,,,1.4700325727462769,0.42903172969818115
820,32018,,,0.8467386960983276,0.47052687406539917,,
821,32057,,,,,1.470076560974121,0.4277781546115875
821,32057,,,0.8241357803344727,0.4831148684024811,,
822,32096,,,,,1.4729539155960083,0.4264571964740753
822,32096,,,0.8110118508338928,0.47244805097579956,,
823,32135,,,,,1.4739302396774292,0.4272489845752716
823,32135,,,0.8369245529174805,0.49742135405540466,,
824,32174,,,,,1.4713462591171265,0.4298844635486603
824,32174,,,0.8165417313575745,0.5252245664596558,,
825,32213,,,,,1.4711841344833374,0.42895784974098206
825,32213,,,0.7932761907577515,0.5052351951599121,,
826,32252,,,,,1.4721251726150513,0.4286680519580841
826,32252,,,0.8342016339302063,0.5105379223823547,,
827,32291,,,,,1.4695249795913696,0.4297037422657013
827,32291,,,0.8470158576965332,0.4771639406681061,,
828,32330,,,,,1.4692673683166504,0.4292619228363037
828,32330,,,0.8155974745750427,0.49351930618286133,,
829,32369,,,,,1.468544363975525,0.4282844662666321
829,32369,,,0.8500640988349915,0.4679907262325287,,
830,32408,,,,,1.470499873161316,0.4275798201560974
830,32408,,,0.853910505771637,0.4557042121887207,,
831,32447,,,,,1.4711612462997437,0.42739349603652954
831,32447,,,0.8068299889564514,0.4911865293979645,,
832,32486,,,,,1.4731773138046265,0.42499658465385437
832,32486,,,0.8472270369529724,0.4861508011817932,,
833,32525,,,,,1.4703562259674072,0.4284161329269409
833,32525,,,0.801389753818512,0.5021859407424927,,
834,32564,,,,,1.4724572896957397,0.42793601751327515
834,32564,,,0.8271515965461731,0.48968908190727234,,
835,32603,,,,,1.4724464416503906,0.4284542202949524
835,32603,,,0.8240352272987366,0.5129204988479614,,
836,32642,,,,,1.4715195894241333,0.4290401339530945
836,32642,,,0.8302395343780518,0.506964385509491,,
837,32681,,,,,1.4717386960983276,0.4287470281124115
837,32681,,,0.8371951580047607,0.488617479801178,,
838,32720,,,,,1.4704604148864746,0.4304715394973755
838,32720,,,0.8270142674446106,0.4991627335548401,,
839,32759,,,,,1.4698489904403687,0.43016982078552246
839,32759,,,0.8351094126701355,0.500067412853241,,
840,32798,,,,,1.4705833196640015,0.42946910858154297
840,32798,,,0.8264398574829102,0.4835681915283203,,
841,32837,,,,,1.4694557189941406,0.42981886863708496
841,32837,,,0.822548508644104,0.5129052400588989,,
842,32876,,,,,1.4673473834991455,0.43152180314064026
842,32876,,,0.839410662651062,0.46025437116622925,,
843,32915,,,,,1.468497633934021,0.432498037815094
843,32915,,,0.8304697871208191,0.45824846625328064,,
844,32954,,,,,1.466545581817627,0.4323189854621887
844,32954,,,0.8270022869110107,0.5087813138961792,,
845,32993,,,,,1.4669044017791748,0.43156564235687256
845,32993,,,0.8277752995491028,0.48568159341812134,,
846,33032,,,,,1.4673272371292114,0.4324198365211487
846,33032,,,0.8419073820114136,0.45773109793663025,,
847,33071,,,,,1.4668947458267212,0.4321577548980713
847,33071,,,0.8309361338615417,0.49210435152053833,,
848,33110,,,,,1.4647635221481323,0.4325979948043823
848,33110,,,0.8032734990119934,0.49753502011299133,,
849,33149,,,,,1.465032696723938,0.4317833185195923
849,33149,,,0.8418498039245605,0.48060616850852966,,
850,33188,,,,,1.4681545495986938,0.4291457533836365
850,33188,,,0.803067147731781,0.5569307208061218,,
851,33227,,,,,1.4699496030807495,0.42987221479415894
851,33227,,,0.8037511110305786,0.5151691436767578,,
852,33266,,,,,1.4658823013305664,0.432883620262146
852,33266,,,0.8306657671928406,0.4826701581478119,,
853,33305,,,,,1.46477472782135,0.433335542678833
853,33305,,,0.8216518759727478,0.5224335789680481,,
854,33344,,,,,1.465691089630127,0.4330522119998932
854,33344,,,0.8320221304893494,0.4923563301563263,,
855,33383,,,,,1.4650202989578247,0.43326863646507263
855,33383,,,0.8213087320327759,0.5091696977615356,,
856,33422,,,,,1.4647626876831055,0.43413496017456055
856,33422,,,0.8453841805458069,0.46011659502983093,,
857,33461,,,,,1.4617829322814941,0.4360646605491638
857,33461,,,0.8245313763618469,0.5093008875846863,,
858,33500,,,,,1.462087869644165,0.43655452132225037
858,33500,,,0.8133767247200012,0.49587997794151306,,
859,33539,,,,,1.4608309268951416,0.4374920427799225
859,33539,,,0.8395028710365295,0.4984600245952606,,
860,33578,,,,,1.4601811170578003,0.4380183517932892
860,33578,,,0.8144300580024719,0.5171779990196228,,
861,33617,,,,,1.4614368677139282,0.43775951862335205
861,33617,,,0.8133813142776489,0.5138508677482605,,
862,33656,,,,,1.461296558380127,0.43775224685668945
862,33656,,,0.800221860408783,0.5399330258369446,,
863,33695,,,,,1.461918592453003,0.4374735355377197
863,33695,,,0.8281504511833191,0.4701807498931885,,
864,33734,,,,,1.4615848064422607,0.4384347200393677
864,33734,,,0.8550294041633606,0.4847903251647949,,
865,33773,,,,,1.4614418745040894,0.4383050799369812
865,33773,,,0.8564724922180176,0.5089573264122009,,
866,33812,,,,,1.4641443490982056,0.4384169280529022
866,33812,,,0.8089543581008911,0.5612961053848267,,
867,33851,,,,,1.4633160829544067,0.43905404210090637
867,33851,,,0.8444909453392029,0.4916033148765564,,
868,33890,,,,,1.4639146327972412,0.4381054937839508
868,33890,,,0.8276695609092712,0.489033967256546,,
869,33929,,,,,1.4672023057937622,0.4352247714996338
869,33929,,,0.8129735589027405,0.482043981552124,,
870,33968,,,,,1.4670988321304321,0.4351007342338562
870,33968,,,0.8294561505317688,0.5137551426887512,,
871,34007,,,,,1.4646245241165161,0.4364287555217743
871,34007,,,0.8209822177886963,0.4926005005836487,,
872,34046,,,,,1.4639866352081299,0.4363323152065277
872,34046,,,0.8214332461357117,0.5131431818008423,,
873,34085,,,,,1.4644898176193237,0.4360806941986084
873,34085,,,0.8510928153991699,0.4944351315498352,,
874,34124,,,,,1.469520092010498,0.4350246489048004
874,34124,,,0.8192393183708191,0.5256496071815491,,
875,34163,,,,,1.4676927328109741,0.43483391404151917
875,34163,,,0.8385015726089478,0.4871901571750641,,
876,34202,,,,,1.4661414623260498,0.4360195994377136
876,34202,,,0.8199788331985474,0.49470382928848267,,
877,34241,,,,,1.467378854751587,0.43558067083358765
877,34241,,,0.8248973488807678,0.5239494442939758,,
878,34280,,,,,1.4667245149612427,0.43629249930381775
878,34280,,,0.8138316869735718,0.46425673365592957,,
879,34319,,,,,1.4669625759124756,0.4375421106815338
879,34319,,,0.8262227177619934,0.5063732862472534,,
880,34358,,,,,1.465790867805481,0.4374035596847534
880,34358,,,0.8111401796340942,0.511824905872345,,
881,34397,,,,,1.4645521640777588,0.43721386790275574
881,34397,,,0.8247553706169128,0.527705729007721,,
882,34436,,,,,1.4641934633255005,0.43889811635017395
882,34436,,,0.8403584361076355,0.5268359184265137,,
883,34475,,,,,1.4629476070404053,0.4399770498275757
883,34475,,,0.8226420283317566,0.5281099081039429,,
884,34514,,,,,1.4613327980041504,0.44068166613578796
884,34514,,,0.8186290860176086,0.519826352596283,,
885,34553,,,,,1.4613443613052368,0.4406956732273102
885,34553,,,0.8097003102302551,0.5256928205490112,,
886,34592,,,,,1.4575414657592773,0.44208064675331116
886,34592,,,0.8131310939788818,0.49348852038383484,,
887,34631,,,,,1.457499384880066,0.44349294900894165
887,34631,,,0.8158538937568665,0.5120962858200073,,
888,34670,,,,,1.459019422531128,0.44299814105033875
888,34670,,,0.8241661190986633,0.49175843596458435,,
889,34709,,,,,1.459897518157959,0.44390568137168884
889,34709,,,0.808624267578125,0.5264235138893127,,
890,34748,,,,,1.4617266654968262,0.44323521852493286
890,34748,,,0.835295557975769,0.48044252395629883,,
891,34787,,,,,1.4613265991210938,0.4443027377128601
891,34787,,,0.8430324196815491,0.484112948179245,,
892,34826,,,,,1.460160732269287,0.44465914368629456
892,34826,,,0.8117061257362366,0.53738933801651,,
893,34865,,,,,1.4578489065170288,0.4456990361213684
893,34865,,,0.8308185935020447,0.49214261770248413,,
894,34904,,,,,1.4589473009109497,0.44678929448127747
894,34904,,,0.8167918920516968,0.4878082871437073,,
895,34943,,,,,1.4595541954040527,0.4454900324344635
895,34943,,,0.8418043255805969,0.45184409618377686,,
896,34982,,,,,1.4606292247772217,0.4450779855251312
896,34982,,,0.828300952911377,0.4972035884857178,,
897,35021,,,,,1.462494969367981,0.44307026267051697
897,35021,,,0.8448871970176697,0.4979388415813446,,
898,35060,,,,,1.4646079540252686,0.4420960247516632
898,35060,,,0.8145283460617065,0.5161919593811035,,
899,35099,,,,,1.462437629699707,0.4415099322795868
899,35099,,,0.8296381831169128,0.48683592677116394,,
900,35138,,,,,1.461594820022583,0.44185587763786316
900,35138,,,0.8185132145881653,0.5278180837631226,,
901,35177,,,,,1.4613503217697144,0.44188496470451355
901,35177,,,0.8309686183929443,0.48967117071151733,,
902,35216,,,,,1.4654383659362793,0.440185010433197
902,35216,,,0.8383485674858093,0.4986993372440338,,
903,35255,,,,,1.460263967514038,0.4413648545742035
903,35255,,,0.8037249445915222,0.5158689022064209,,
904,35294,,,,,1.4609971046447754,0.4404163062572479
904,35294,,,0.8034569025039673,0.5410580635070801,,
905,35333,,,,,1.461195468902588,0.44068247079849243
905,35333,,,0.829828143119812,0.5052310228347778,,
906,35372,,,,,1.4594782590866089,0.44143882393836975
906,35372,,,0.8391435146331787,0.4756014943122864,,
907,35411,,,,,1.4602240324020386,0.44294679164886475
907,35411,,,0.8275958299636841,0.4835491180419922,,
908,35450,,,,,1.4608063697814941,0.4425874948501587
908,35450,,,0.8287348747253418,0.5383045673370361,,
909,35489,,,,,1.4632012844085693,0.4415190815925598
909,35489,,,0.8355174660682678,0.525619387626648,,
910,35528,,,,,1.4631584882736206,0.4405665993690491
910,35528,,,0.8253698945045471,0.5107081532478333,,
911,35567,,,,,1.4631017446517944,0.43999555706977844
911,35567,,,0.7871250510215759,0.5145703554153442,,
912,35606,,,,,1.462017297744751,0.4410945475101471
912,35606,,,0.8272408843040466,0.5202438235282898,,
913,35645,,,,,1.460773229598999,0.44130218029022217
913,35645,,,0.8052842617034912,0.5121211409568787,,
914,35684,,,,,1.4593878984451294,0.4407746493816376
914,35684,,,0.82303786277771,0.4871678948402405,,
915,35723,,,,,1.4613113403320312,0.43959444761276245
915,35723,,,0.8301643133163452,0.46829673647880554,,
916,35762,,,,,1.4668400287628174,0.4367534816265106
916,35762,,,0.8184641003608704,0.513595700263977,,
917,35801,,,,,1.462737798690796,0.4386761486530304
917,35801,,,0.818617045879364,0.5385372638702393,,
918,35840,,,,,1.4618254899978638,0.4383174180984497
918,35840,,,0.8165152072906494,0.5298607349395752,,
919,35879,,,,,1.4601008892059326,0.4393967092037201
919,35879,,,0.8285379409790039,0.5279065370559692,,
920,35918,,,,,1.4574602842330933,0.4406519830226898
920,35918,,,0.8302696347236633,0.49656739830970764,,
921,35957,,,,,1.4576313495635986,0.4403229057788849
921,35957,,,0.7927824258804321,0.5679254531860352,,
922,35996,,,,,1.458011269569397,0.4404541254043579
922,35996,,,0.8096674680709839,0.5366501212120056,,
923,36035,,,,,1.4582891464233398,0.4416535198688507
923,36035,,,0.8205358982086182,0.4989115297794342,,
924,36074,,,,,1.4586762189865112,0.44204631447792053
924,36074,,,0.8423852324485779,0.46210044622421265,,
925,36113,,,,,1.4573545455932617,0.44357049465179443
925,36113,,,0.8547326922416687,0.4912531077861786,,
926,36152,,,,,1.4578169584274292,0.4430178105831146
926,36152,,,0.8251693844795227,0.4943496882915497,,
927,36191,,,,,1.4598007202148438,0.4429612457752228
927,36191,,,0.8250962495803833,0.5005664229393005,,
928,36230,,,,,1.4594871997833252,0.443051278591156
928,36230,,,0.8259011507034302,0.49997857213020325,,
929,36269,,,,,1.4583585262298584,0.4433669149875641
929,36269,,,0.8277372717857361,0.4985044002532959,,
930,36308,,,,,1.4600952863693237,0.4431513249874115
930,36308,,,0.8028950691223145,0.5306252837181091,,
931,36347,,,,,1.4581565856933594,0.44291988015174866
931,36347,,,0.8141433596611023,0.4891364872455597,,
932,36386,,,,,1.4608862400054932,0.4414214491844177
932,36386,,,0.8172569870948792,0.5131638646125793,,
933,36425,,,,,1.4602993726730347,0.44257092475891113
933,36425,,,0.8344215154647827,0.4960038661956787,,
934,36464,,,,,1.4589998722076416,0.44308364391326904
934,36464,,,0.8049742579460144,0.5097537636756897,,
935,36503,,,,,1.4585518836975098,0.44282135367393494
935,36503,,,0.8290524482727051,0.5083994269371033,,
936,36542,,,,,1.4593015909194946,0.4428049325942993
936,36542,,,0.8063989877700806,0.5170647501945496,,
937,36581,,,,,1.4568990468978882,0.44338953495025635
937,36581,,,0.8474867343902588,0.4913784861564636,,
938,36620,,,,,1.4550052881240845,0.44384825229644775
938,36620,,,0.8382186889648438,0.5044441819190979,,
939,36659,,,,,1.456229567527771,0.44480928778648376
939,36659,,,0.8194168210029602,0.5020140409469604,,
940,36698,,,,,1.456270694732666,0.44559744000434875
940,36698,,,0.7935259938240051,0.5627632737159729,,
941,36737,,,,,1.4550981521606445,0.4464818835258484
941,36737,,,0.8291592597961426,0.5132902264595032,,
942,36776,,,,,1.4562468528747559,0.446794331073761
942,36776,,,0.8319537043571472,0.4970244765281677,,
943,36815,,,,,1.4576683044433594,0.4460158348083496
943,36815,,,0.843515932559967,0.4931703805923462,,
944,36854,,,,,1.4583032131195068,0.4458329677581787
944,36854,,,0.8529433012008667,0.4870547652244568,,
945,36893,,,,,1.454816222190857,0.4464637339115143
945,36893,,,0.8032470345497131,0.523118793964386,,
946,36932,,,,,1.456932783126831,0.4454786479473114
946,36932,,,0.8242181539535522,0.5232999920845032,,
947,36971,,,,,1.455826759338379,0.4460735321044922
947,36971,,,0.7875656485557556,0.5541455745697021,,
948,37010,,,,,1.4563273191452026,0.4453311860561371
948,37010,,,0.8192467093467712,0.5236334800720215,,
949,37049,,,,,1.4587832689285278,0.44553786516189575
949,37049,,,0.8233392238616943,0.4855996072292328,,
950,37088,,,,,1.455539584159851,0.44627779722213745
950,37088,,,0.8057443499565125,0.5329076051712036,,
951,37127,,,,,1.4518109560012817,0.4488292336463928
951,37127,,,0.8522882461547852,0.48779189586639404,,
952,37166,,,,,1.4537044763565063,0.44808515906333923
952,37166,,,0.8440495133399963,0.49934813380241394,,
953,37205,,,,,1.4534107446670532,0.44865185022354126
953,37205,,,0.7994850873947144,0.5306911468505859,,
954,37244,,,,,1.4539501667022705,0.44833528995513916
954,37244,,,0.8068124055862427,0.49969911575317383,,
955,37283,,,,,1.4555883407592773,0.447709858417511
955,37283,,,0.8436282277107239,0.5004081726074219,,
956,37322,,,,,1.4566887617111206,0.44644924998283386
956,37322,,,0.8209956288337708,0.4964812397956848,,
957,37361,,,,,1.457626461982727,0.4455247223377228
957,37361,,,0.8250296115875244,0.5146304965019226,,
958,37400,,,,,1.4585965871810913,0.44601282477378845
958,37400,,,0.8377431035041809,0.5322081446647644,,
959,37439,,,,,1.456153154373169,0.44616952538490295
959,37439,,,0.8288557529449463,0.48016661405563354,,
960,37478,,,,,1.456299901008606,0.44615286588668823
960,37478,,,0.8002080321311951,0.522872269153595,,
961,37517,,,,,1.457512617111206,0.445854127407074
961,37517,,,0.8001387119293213,0.5117848515510559,,
962,37556,,,,,1.4545209407806396,0.44598978757858276
962,37556,,,0.8264715671539307,0.5029090046882629,,
963,37595,,,,,1.4560799598693848,0.4458943009376526
963,37595,,,0.8259954452514648,0.5269119739532471,,
964,37634,,,,,1.4567914009094238,0.44617655873298645
964,37634,,,0.8185688257217407,0.5149259567260742,,
965,37673,,,,,1.455514907836914,0.4470350444316864
965,37673,,,0.8327479362487793,0.475788950920105,,
966,37712,,,,,1.4570112228393555,0.4470324218273163
966,37712,,,0.823190450668335,0.5302705764770508,,
967,37751,,,,,1.4568229913711548,0.44749778509140015
967,37751,,,0.8083089590072632,0.5232182145118713,,
968,37790,,,,,1.4563699960708618,0.4475459158420563
968,37790,,,0.8133871555328369,0.5062984824180603,,
969,37829,,,,,1.4522926807403564,0.4481882154941559
969,37829,,,0.8045313954353333,0.5411609411239624,,
970,37868,,,,,1.4526039361953735,0.4482443630695343
970,37868,,,0.8239706754684448,0.4852088987827301,,
971,37907,,,,,1.45144522190094,0.44909152388572693
971,37907,,,0.7989889979362488,0.47652098536491394,,
972,37946,,,,,1.4536350965499878,0.448708713054657
972,37946,,,0.8169395327568054,0.4813946485519409,,
973,37985,,,,,1.4570530652999878,0.4473682940006256
973,37985,,,0.8264433741569519,0.507318377494812,,
974,38024,,,,,1.456693172454834,0.44741496443748474
974,38024,,,0.8196227550506592,0.5334833860397339,,
975,38063,,,,,1.4578405618667603,0.4471646547317505
975,38063,,,0.8155840635299683,0.5025376677513123,,
976,38102,,,,,1.458109736442566,0.44642889499664307
976,38102,,,0.8151825666427612,0.49726319313049316,,
977,38141,,,,,1.4578924179077148,0.44678351283073425
977,38141,,,0.838832437992096,0.49703720211982727,,
978,38180,,,,,1.4580494165420532,0.44672298431396484
978,38180,,,0.7943353652954102,0.5213748812675476,,
979,38219,,,,,1.4571195840835571,0.44643133878707886
979,38219,,,0.7983967661857605,0.5371274352073669,,
980,38258,,,,,1.4600204229354858,0.44593510031700134
980,38258,,,0.8387418985366821,0.4946345388889313,,
981,38297,,,,,1.4580882787704468,0.4454604685306549
981,38297,,,0.8400317430496216,0.5112213492393494,,
982,38336,,,,,1.4552280902862549,0.44704487919807434
982,38336,,,0.8146494030952454,0.5016156435012817,,
983,38375,,,,,1.4549890756607056,0.44685906171798706
983,38375,,,0.8203796148300171,0.494676798582077,,
984,38414,,,,,1.4529774188995361,0.447218656539917
984,38414,,,0.8190997838973999,0.49891579151153564,,
985,38453,,,,,1.4523155689239502,0.44849851727485657
985,38453,,,0.8326950073242188,0.4931577146053314,,
986,38492,,,,,1.4520798921585083,0.44777411222457886
986,38492,,,0.8055786490440369,0.5004426836967468,,
987,38531,,,,,1.454512357711792,0.44648227095603943
987,38531,,,0.8327740430831909,0.4724087417125702,,
988,38570,,,,,1.4544925689697266,0.4457486867904663
988,38570,,,0.8260112404823303,0.5265065431594849,,
989,38609,,,,,1.4556068181991577,0.44495946168899536
989,38609,,,0.809474527835846,0.549362063407898,,
990,38648,,,,,1.4549578428268433,0.44499197602272034
990,38648,,,0.852716863155365,0.48301759362220764,,
991,38687,,,,,1.4569441080093384,0.44512856006622314
991,38687,,,0.8091564178466797,0.5462350249290466,,
992,38726,,,,,1.4525625705718994,0.446073442697525
992,38726,,,0.8017287850379944,0.5117084383964539,,
993,38765,,,,,1.4523545503616333,0.4465504288673401
993,38765,,,0.8002980351448059,0.5100681781768799,,
994,38804,,,,,1.4538280963897705,0.44608747959136963
994,38804,,,0.8026768565177917,0.5478013157844543,,
995,38843,,,,,1.4537428617477417,0.4458865523338318
995,38843,,,0.8207022547721863,0.5087286829948425,,
996,38882,,,,,1.4534934759140015,0.44607964158058167
996,38882,,,0.8460728526115417,0.4733462631702423,,
997,38921,,,,,1.454891324043274,0.4464995265007019
997,38921,,,0.8015546202659607,0.5098089575767517,,
998,38960,,,,,1.4546430110931396,0.4465077817440033
998,38960,,,0.8035694360733032,0.514489471912384,,
999,38999,,,,,1.4541548490524292,0.4460018277168274
999,38999,,,0.8143796920776367,0.5150959491729736,,
1000,39038,,,,,1.4533559083938599,0.4462394118309021
1000,39038,,,0.8101431727409363,0.5032325387001038,,
1001,39077,,,,,1.4534554481506348,0.44550248980522156
1001,39077,,,0.8002214431762695,0.5359535217285156,,
1002,39116,,,,,1.451313853263855,0.4468890130519867
1002,39116,,,0.8109738230705261,0.5108284950256348,,
1003,39155,,,,,1.4522161483764648,0.4470841884613037
1003,39155,,,0.8581305146217346,0.47256559133529663,,
1004,39194,,,,,1.4539310932159424,0.4464956820011139
1004,39194,,,0.8449269533157349,0.5167157649993896,,
1005,39233,,,,,1.4548646211624146,0.44688689708709717
1005,39233,,,0.8030203580856323,0.5363721251487732,,
1006,39272,,,,,1.457366943359375,0.446268230676651
1006,39272,,,0.8101866245269775,0.5360807180404663,,
1007,39311,,,,,1.4575639963150024,0.44540348649024963
1007,39311,,,0.791538655757904,0.5293283462524414,,
1008,39350,,,,,1.4541876316070557,0.44633686542510986
1008,39350,,,0.8203892707824707,0.4916819632053375,,
1009,39389,,,,,1.4526851177215576,0.447208046913147
1009,39389,,,0.7900956869125366,0.5395669937133789,,
1010,39428,,,,,1.4532742500305176,0.446720689535141
1010,39428,,,0.8051361441612244,0.5128481388092041,,
1011,39467,,,,,1.453574776649475,0.44723984599113464
1011,39467,,,0.7971948385238647,0.4973451793193817,,
1012,39506,,,,,1.4535828828811646,0.44699493050575256
1012,39506,,,0.8011837005615234,0.5289565324783325,,
1013,39545,,,,,1.4522418975830078,0.44635337591171265
1013,39545,,,0.8205327987670898,0.5215177536010742,,
1014,39584,,,,,1.4531307220458984,0.44667986035346985
1014,39584,,,0.8314111232757568,0.48091986775398254,,
1015,39623,,,,,1.4498381614685059,0.446548193693161
1015,39623,,,0.8269795179367065,0.513268232345581,,
1016,39662,,,,,1.4520083665847778,0.4455932378768921
1016,39662,,,0.8173747062683105,0.5426054000854492,,
1017,39701,,,,,1.4531519412994385,0.4447513222694397
1017,39701,,,0.7946986556053162,0.5336025357246399,,
1018,39740,,,,,1.4516345262527466,0.44564712047576904
1018,39740,,,0.8281251788139343,0.5299257040023804,,
1019,39779,,,,,1.4546281099319458,0.44535601139068604
1019,39779,,,0.8032915592193604,0.5061714053153992,,
1020,39818,,,,,1.4524288177490234,0.4451947808265686
1020,39818,,,0.7950930595397949,0.5089647173881531,,
1021,39857,,,,,1.4526015520095825,0.44557949900627136
1021,39857,,,0.8310264348983765,0.4871163070201874,,
1022,39896,,,,,1.4525130987167358,0.4469428062438965
1022,39896,,,0.7999492287635803,0.5292645692825317,,
1023,39935,,,,,1.4491524696350098,0.44820401072502136
1023,39935,,,0.829559326171875,0.5134903192520142,,
1024,39974,,,,,1.4496846199035645,0.4492994546890259
1024,39974,,,0.8416177034378052,0.511487603187561,,
1025,40013,,,,,1.4513421058654785,0.4484655559062958
1025,40013,,,0.7990108728408813,0.514248251914978,,
1026,40052,,,,,1.4481221437454224,0.44979429244995117
1026,40052,,,0.8207727074623108,0.5375463962554932,,
1027,40091,,,,,1.4494801759719849,0.44941234588623047
1027,40091,,,0.8026318550109863,0.5168725848197937,,
1028,40130,,,,,1.449604868888855,0.44940853118896484
1028,40130,,,0.8123130798339844,0.5542340278625488,,
1029,40169,,,,,1.452402114868164,0.44826236367225647
1029,40169,,,0.8101703524589539,0.5428131222724915,,
1030,40208,,,,,1.4518896341323853,0.44990622997283936
1030,40208,,,0.8340727090835571,0.5338383913040161,,
1031,40247,,,,,1.4517704248428345,0.45063841342926025
1031,40247,,,0.8200660347938538,0.5439587831497192,,
1032,40286,,,,,1.450478196144104,0.4503304660320282
1032,40286,,,0.8134734630584717,0.5527364015579224,,
1033,40325,,,,,1.4517649412155151,0.4496057629585266
1033,40325,,,0.8261193633079529,0.4936876595020294,,
1034,40364,,,,,1.4536848068237305,0.4496673047542572
1034,40364,,,0.8183426260948181,0.5181887149810791,,
1035,40403,,,,,1.4568047523498535,0.44838058948516846
1035,40403,,,0.8262919187545776,0.5551008582115173,,
1036,40442,,,,,1.4546295404434204,0.44899848103523254
1036,40442,,,0.8296930193901062,0.5162543058395386,,
1037,40481,,,,,1.45305335521698,0.4497247040271759
1037,40481,,,0.7980028986930847,0.5321738123893738,,
1038,40520,,,,,1.4529556035995483,0.449950248003006
1038,40520,,,0.841082751750946,0.4797891080379486,,
1039,40559,,,,,1.4529200792312622,0.44942736625671387
1039,40559,,,0.8436766266822815,0.5315073728561401,,
1040,40598,,,,,1.456580638885498,0.4483977258205414
1040,40598,,,0.8124477863311768,0.5308430790901184,,
1041,40637,,,,,1.4531326293945312,0.44937101006507874
1041,40637,,,0.8331130743026733,0.5092177987098694,,
1042,40676,,,,,1.4557445049285889,0.4475769102573395
1042,40676,,,0.7917255759239197,0.5204254388809204,,
1043,40715,,,,,1.4557198286056519,0.4471798837184906
1043,40715,,,0.7952694892883301,0.5316200256347656,,
1044,40754,,,,,1.457679271697998,0.44650042057037354
1044,40754,,,0.8034488558769226,0.5164760947227478,,
1045,40793,,,,,1.4559675455093384,0.44604599475860596
1045,40793,,,0.8100093603134155,0.5222949981689453,,
1046,40832,,,,,1.4536595344543457,0.44778066873550415
1046,40832,,,0.7989667654037476,0.5060892105102539,,
1047,40871,,,,,1.4507724046707153,0.4485790729522705
1047,40871,,,0.8257733583450317,0.5127347111701965,,
1048,40910,,,,,1.450546145439148,0.4478892683982849
1048,40910,,,0.7894307374954224,0.5067889094352722,,
1049,40949,,,,,1.453904628753662,0.447075754404068
1049,40949,,,0.8059285283088684,0.5311828851699829,,
1050,40988,,,,,1.4550490379333496,0.4472123980522156
1050,40988,,,0.808111310005188,0.5217000246047974,,
1051,41027,,,,,1.4548262357711792,0.4468451142311096
1051,41027,,,0.8522119522094727,0.4477396607398987,,
1052,41066,,,,,1.4546897411346436,0.4466709792613983
1052,41066,,,0.811804473400116,0.5338883399963379,,
1053,41105,,,,,1.4560045003890991,0.4458490014076233
1053,41105,,,0.8298953175544739,0.5071227550506592,,
1054,41144,,,,,1.4526538848876953,0.4474395513534546
1054,41144,,,0.7936593294143677,0.5486475229263306,,
1055,41183,,,,,1.4536492824554443,0.44801485538482666
1055,41183,,,0.8138953447341919,0.4984910488128662,,
1056,41222,,,,,1.4521236419677734,0.4484233856201172
1056,41222,,,0.7998935580253601,0.5089160203933716,,
1057,41261,,,,,1.4513282775878906,0.44896286725997925
1057,41261,,,0.8094147443771362,0.503548264503479,,
1058,41300,,,,,1.4507561922073364,0.4488850235939026
1058,41300,,,0.799350917339325,0.542096734046936,,
1059,41339,,,,,1.4499170780181885,0.449881911277771
1059,41339,,,0.8351973295211792,0.4869723320007324,,
1060,41378,,,,,1.4481770992279053,0.4504685699939728
1060,41378,,,0.8030546307563782,0.5039112567901611,,
1061,41417,,,,,1.4482961893081665,0.45096197724342346
1061,41417,,,0.8205451965332031,0.4820825159549713,,
1062,41456,,,,,1.4493992328643799,0.45054852962493896
1062,41456,,,0.8289642333984375,0.5146738886833191,,
1063,41495,,,,,1.45114004611969,0.44986575841903687
1063,41495,,,0.8367893695831299,0.5102057456970215,,
1064,41534,,,,,1.451155662536621,0.44945356249809265
1064,41534,,,0.8339585661888123,0.5062850713729858,,
1065,41573,,,,,1.450577974319458,0.4496522843837738
1065,41573,,,0.7928961515426636,0.5288095474243164,,
1066,41612,,,,,1.4522053003311157,0.4495578706264496
1066,41612,,,0.8373308181762695,0.5347423553466797,,
1067,41651,,,,,1.4492442607879639,0.45163121819496155
1067,41651,,,0.8002930879592896,0.5095020532608032,,
1068,41690,,,,,1.4494022130966187,0.4516286253929138
1068,41690,,,0.8300482630729675,0.5093163847923279,,
1069,41729,,,,,1.4485433101654053,0.4511178135871887
1069,41729,,,0.8030890226364136,0.5082911849021912,,
1070,41768,,,,,1.4506865739822388,0.45052167773246765
1070,41768,,,0.8039829730987549,0.5314648747444153,,
1071,41807,,,,,1.4505071640014648,0.4499998688697815
1071,41807,,,0.817980170249939,0.5233397483825684,,
1072,41846,,,,,1.452113151550293,0.449325293302536
1072,41846,,,0.814341127872467,0.5369322299957275,,
1073,41885,,,,,1.4507884979248047,0.4494920074939728
1073,41885,,,0.8116471767425537,0.5280213356018066,,
1074,41924,,,,,1.4502954483032227,0.4488607347011566
1074,41924,,,0.7934560775756836,0.4991518557071686,,
1075,41963,,,,,1.4507277011871338,0.44881555438041687
1075,41963,,,0.7866525650024414,0.5202202200889587,,
1076,42002,,,,,1.4500417709350586,0.4493689239025116
1076,42002,,,0.8163350224494934,0.5053188800811768,,
1077,42041,,,,,1.449400544166565,0.4498881995677948
1077,42041,,,0.8100786209106445,0.5237309336662292,,
1078,42080,,,,,1.4502099752426147,0.448996901512146
1078,42080,,,0.8167270421981812,0.5199952125549316,,
1079,42119,,,,,1.4493577480316162,0.4488362669944763
1079,42119,,,0.8059443831443787,0.5118807554244995,,
1080,42158,,,,,1.4492802619934082,0.44883474707603455
1080,42158,,,0.8077949285507202,0.5243815183639526,,
1081,42197,,,,,1.4485974311828613,0.4490022659301758
1081,42197,,,0.8102988004684448,0.514011800289154,,
1082,42236,,,,,1.448500156402588,0.44918137788772583
1082,42236,,,0.8073050379753113,0.5224283933639526,,
1083,42275,,,,,1.4473330974578857,0.449764221906662
1083,42275,,,0.8045807480812073,0.5409263372421265,,
1084,42314,,,,,1.4492061138153076,0.4498973786830902
1084,42314,,,0.7997773885726929,0.48909807205200195,,
1085,42353,,,,,1.449698805809021,0.44996118545532227
1085,42353,,,0.8192270994186401,0.5297272205352783,,
1086,42392,,,,,1.4480905532836914,0.4500281810760498
1086,42392,,,0.8311684727668762,0.5002487897872925,,
1087,42431,,,,,1.4499831199645996,0.44925010204315186
1087,42431,,,0.8103790879249573,0.5185345411300659,,
1088,42470,,,,,1.4515937566757202,0.44867709279060364
1088,42470,,,0.7990231513977051,0.5264803767204285,,
1089,42509,,,,,1.4523776769638062,0.44831767678260803
1089,42509,,,0.7970199584960938,0.5381917357444763,,
1090,42548,,,,,1.4489693641662598,0.4487864077091217
1090,42548,,,0.8023281693458557,0.5219312310218811,,
1091,42587,,,,,1.4495927095413208,0.44929802417755127
1091,42587,,,0.7968419194221497,0.5243501663208008,,
1092,42626,,,,,1.4502959251403809,0.4486410915851593
1092,42626,,,0.8237390518188477,0.5231389403343201,,
1093,42665,,,,,1.4500564336776733,0.4475558400154114
1093,42665,,,0.7891748547554016,0.5049183964729309,,
1094,42704,,,,,1.4496632814407349,0.44787487387657166
1094,42704,,,0.8077265024185181,0.5013704299926758,,
1095,42743,,,,,1.4509519338607788,0.44794416427612305
1095,42743,,,0.8014011383056641,0.5223338007926941,,
1096,42782,,,,,1.4504480361938477,0.4481102228164673
1096,42782,,,0.8192468285560608,0.501682698726654,,
1097,42821,,,,,1.4488234519958496,0.44886818528175354
1097,42821,,,0.8085663914680481,0.524921715259552,,
1098,42860,,,,,1.4476805925369263,0.4488525986671448
1098,42860,,,0.7974461913108826,0.5321981310844421,,
1099,42899,,,,,1.4491777420043945,0.4484443664550781
1099,42899,,,0.8418391346931458,0.5036524534225464,,
1100,42938,,,,,1.4503388404846191,0.44864457845687866
1100,42938,,,0.8180916905403137,0.5322180986404419,,
1101,42977,,,,,1.4517766237258911,0.44785380363464355
1101,42977,,,0.8051944375038147,0.5138611793518066,,
1102,43016,,,,,1.452951431274414,0.44794782996177673
1102,43016,,,0.8153700232505798,0.5315126180648804,,
1103,43055,,,,,1.452986717224121,0.44742727279663086
1103,43055,,,0.8231910467147827,0.5162761807441711,,
1104,43094,,,,,1.4517393112182617,0.44776439666748047
1104,43094,,,0.8189017176628113,0.5151627659797668,,
1105,43133,,,,,1.450685739517212,0.4481361210346222
1105,43133,,,0.805749237537384,0.4891292452812195,,
1106,43172,,,,,1.4502558708190918,0.44827502965927124
1106,43172,,,0.8157783150672913,0.5434994101524353,,
1107,43211,,,,,1.450899362564087,0.44791293144226074
1107,43211,,,0.7961024641990662,0.5079718232154846,,
1108,43250,,,,,1.4472981691360474,0.44883993268013
1108,43250,,,0.8128765225410461,0.49615198373794556,,
1109,43289,,,,,1.4458777904510498,0.44974851608276367
1109,43289,,,0.8128392100334167,0.5487377047538757,,
1110,43328,,,,,1.4475045204162598,0.44951361417770386
1110,43328,,,0.7948250770568848,0.5159212350845337,,
1111,43367,,,,,1.4468554258346558,0.4498937427997589
1111,43367,,,0.8149903416633606,0.5304364562034607,,
1112,43406,,,,,1.4462090730667114,0.4497829079627991
1112,43406,,,0.8159838318824768,0.5053942799568176,,
1113,43445,,,,,1.4464472532272339,0.4496462643146515
1113,43445,,,0.8525604605674744,0.469510942697525,,
1114,43484,,,,,1.447251796722412,0.4491931200027466
1114,43484,,,0.8297041654586792,0.5250420570373535,,
1115,43523,,,,,1.4467512369155884,0.44868674874305725
1115,43523,,,0.8316294550895691,0.5171719789505005,,
1116,43562,,,,,1.445218801498413,0.44936469197273254
1116,43562,,,0.78480064868927,0.5417503118515015,,
1117,43601,,,,,1.4445819854736328,0.45039644837379456
1117,43601,,,0.8160644173622131,0.5357040762901306,,
1118,43640,,,,,1.4448953866958618,0.4513096213340759
1118,43640,,,0.7972899079322815,0.5038021206855774,,
1119,43679,,,,,1.4446511268615723,0.4517749845981598
1119,43679,,,0.829552948474884,0.5025712847709656,,
1120,43718,,,,,1.4441235065460205,0.45116403698921204
1120,43718,,,0.8047018647193909,0.5531342625617981,,
1121,43757,,,,,1.445438265800476,0.450975626707077
1121,43757,,,0.8214242458343506,0.48910483717918396,,
1122,43796,,,,,1.4434112310409546,0.45074617862701416
1122,43796,,,0.8111380338668823,0.5230891108512878,,
1123,43835,,,,,1.4445888996124268,0.4497101604938507
1123,43835,,,0.7756242752075195,0.5635349154472351,,
1124,43874,,,,,1.4460679292678833,0.4483587443828583
1124,43874,,,0.8231587409973145,0.5480173826217651,,
1125,43913,,,,,1.4481676816940308,0.4460872411727905
1125,43913,,,0.8156456351280212,0.50237637758255,,
1126,43952,,,,,1.4489433765411377,0.4462176561355591
1126,43952,,,0.8113250732421875,0.5182551741600037,,
1127,43991,,,,,1.449796438217163,0.4449079632759094
1127,43991,,,0.804063081741333,0.5362197756767273,,
1128,44030,,,,,1.4488329887390137,0.44507572054862976
1128,44030,,,0.8207088112831116,0.49374473094940186,,
1129,44069,,,,,1.4496694803237915,0.4444511830806732
1129,44069,,,0.7797471284866333,0.5593075156211853,,
1130,44108,,,,,1.4504427909851074,0.4429803788661957
1130,44108,,,0.8158835768699646,0.5132790803909302,,
1131,44147,,,,,1.451204776763916,0.44206082820892334
1131,44147,,,0.8169751763343811,0.5413827300071716,,
1132,44186,,,,,1.4520418643951416,0.44183772802352905
1132,44186,,,0.800960123538971,0.521341860294342,,
1133,44225,,,,,1.4535038471221924,0.4406846761703491
1133,44225,,,0.7826918363571167,0.5329465866088867,,
1134,44264,,,,,1.4517090320587158,0.44268760085105896
1134,44264,,,0.7901206016540527,0.5559784173965454,,
1135,44303,,,,,1.4507819414138794,0.4419187307357788
1135,44303,,,0.8087130188941956,0.5371002554893494,,
1136,44342,,,,,1.4517158269882202,0.4414101839065552
1136,44342,,,0.7857488989830017,0.5498691201210022,,
1137,44381,,,,,1.4503650665283203,0.441602498292923
1137,44381,,,0.8203518390655518,0.5078933835029602,,
1138,44420,,,,,1.4513723850250244,0.441649466753006
1138,44420,,,0.7937564849853516,0.5030917525291443,,
1139,44459,,,,,1.4521723985671997,0.4430725574493408
1139,44459,,,0.8170683979988098,0.5538772344589233,,
1140,44498,,,,,1.4500497579574585,0.44221851229667664
1140,44498,,,0.8044162392616272,0.5508222579956055,,
1141,44537,,,,,1.4478429555892944,0.4429928958415985
1141,44537,,,0.8045713305473328,0.5514594316482544,,
1142,44576,,,,,1.4479092359542847,0.44362443685531616
1142,44576,,,0.776385486125946,0.5472092032432556,,
1143,44615,,,,,1.4462051391601562,0.4441961348056793
1143,44615,,,0.8106681704521179,0.5204331874847412,,
1144,44654,,,,,1.4474692344665527,0.4432874023914337
1144,44654,,,0.7989371418952942,0.5413309931755066,,
1145,44693,,,,,1.4475369453430176,0.44303491711616516
1145,44693,,,0.8242692351341248,0.5211070775985718,,
1146,44732,,,,,1.4487838745117188,0.4436182677745819
1146,44732,,,0.8227874636650085,0.5117314457893372,,
1147,44771,,,,,1.4492753744125366,0.44406038522720337
1147,44771,,,0.8051753640174866,0.5311098098754883,,
1148,44810,,,,,1.4504109621047974,0.4424058198928833
1148,44810,,,0.7964999675750732,0.5005443692207336,,
1149,44849,,,,,1.4506540298461914,0.4425889849662781
1149,44849,,,0.8242103457450867,0.5197271704673767,,
1150,44888,,,,,1.449671745300293,0.4438687562942505
1150,44888,,,0.8113669753074646,0.5383986234664917,,
1151,44927,,,,,1.4499977827072144,0.444393515586853
1151,44927,,,0.7800258994102478,0.564061164855957,,
1152,44966,,,,,1.4503148794174194,0.4434438645839691
1152,44966,,,0.8208111524581909,0.519916832447052,,
1153,45005,,,,,1.453676462173462,0.44277191162109375
1153,45005,,,0.8086085915565491,0.5285495519638062,,
1154,45044,,,,,1.4496501684188843,0.44263923168182373
1154,45044,,,0.8128581643104553,0.5014017820358276,,
1155,45083,,,,,1.4475828409194946,0.4449278712272644
1155,45083,,,0.7990643382072449,0.515204131603241,,
1156,45122,,,,,1.447204351425171,0.4459184408187866
1156,45122,,,0.8144955635070801,0.48438790440559387,,
1157,45161,,,,,1.447266697883606,0.44585350155830383
1157,45161,,,0.7906811237335205,0.5150719881057739,,
1158,45200,,,,,1.4479151964187622,0.44575074315071106
1158,45200,,,0.8234695196151733,0.5202655792236328,,
1159,45239,,,,,1.4460159540176392,0.447101354598999
1159,45239,,,0.8443154692649841,0.5077049732208252,,
1160,45278,,,,,1.4481565952301025,0.4464663565158844
1160,45278,,,0.8306886553764343,0.5166045427322388,,
1161,45317,,,,,1.4478349685668945,0.4459056258201599
1161,45317,,,0.8259297013282776,0.5036417841911316,,
1162,45356,,,,,1.4466906785964966,0.4460461437702179
1162,45356,,,0.8324093222618103,0.5192949771881104,,
1163,45395,,,,,1.4475377798080444,0.44610971212387085
1163,45395,,,0.8371027708053589,0.5265763401985168,,
1164,45434,,,,,1.4462053775787354,0.4462258517742157
1164,45434,,,0.8148271441459656,0.5244576930999756,,
1165,45473,,,,,1.4446262121200562,0.4469582438468933
1165,45473,,,0.8130788207054138,0.5257539749145508,,
1166,45512,,,,,1.4454392194747925,0.4463598132133484
1166,45512,,,0.8025292158126831,0.5394900441169739,,
1167,45551,,,,,1.44666588306427,0.4460071623325348
1167,45551,,,0.8188143968582153,0.5285155177116394,,
1168,45590,,,,,1.4452546834945679,0.44615983963012695
1168,45590,,,0.8077502846717834,0.538496196269989,,
1169,45629,,,,,1.446727991104126,0.447057843208313
1169,45629,,,0.8219699263572693,0.5259948372840881,,
1170,45668,,,,,1.4462510347366333,0.44757649302482605
1170,45668,,,0.7854808568954468,0.5375433564186096,,
1171,45707,,,,,1.4454371929168701,0.4473172724246979
1171,45707,,,0.8172418475151062,0.5196870565414429,,
1172,45746,,,,,1.4465798139572144,0.4475540816783905
1172,45746,,,0.7783467173576355,0.5284578800201416,,
1173,45785,,,,,1.4460581541061401,0.4471266567707062
1173,45785,,,0.8262631297111511,0.49484726786613464,,
1174,45824,,,,,1.445697546005249,0.4468404948711395
1174,45824,,,0.7856311202049255,0.5505911111831665,,
1175,45863,,,,,1.4464943408966064,0.4470246434211731
1175,45863,,,0.8166717290878296,0.5424333810806274,,
1176,45902,,,,,1.4461615085601807,0.44766297936439514
1176,45902,,,0.81142657995224,0.5081874132156372,,
1177,45941,,,,,1.4448829889297485,0.44737565517425537
1177,45941,,,0.8035334944725037,0.5116097331047058,,
1178,45980,,,,,1.4454941749572754,0.4475884437561035
1178,45980,,,0.8059395551681519,0.5182752013206482,,
1179,46019,,,,,1.4458461999893188,0.44749686121940613
1179,46019,,,0.7946524024009705,0.5690974593162537,,
1180,46058,,,,,1.4481030702590942,0.4478870928287506
1180,46058,,,0.8001852035522461,0.5304790139198303,,
1181,46097,,,,,1.448392629623413,0.44687432050704956
1181,46097,,,0.7971876263618469,0.5471091270446777,,
1182,46136,,,,,1.4504631757736206,0.44581618905067444
1182,46136,,,0.8007470965385437,0.5365879535675049,,
1183,46175,,,,,1.4519380331039429,0.4460030198097229
1183,46175,,,0.8131989240646362,0.5381476879119873,,
1184,46214,,,,,1.4500486850738525,0.4463270902633667
1184,46214,,,0.8204799294471741,0.5069120526313782,,
1185,46253,,,,,1.4485161304473877,0.44672030210494995
1185,46253,,,0.8099391460418701,0.5067515969276428,,
1186,46292,,,,,1.4472949504852295,0.4468784034252167
1186,46292,,,0.812128484249115,0.5034534931182861,,
1187,46331,,,,,1.44833505153656,0.44727784395217896
1187,46331,,,0.8026425242424011,0.5405526757240295,,
1188,46370,,,,,1.4490885734558105,0.4470480978488922
1188,46370,,,0.8023064136505127,0.5043641924858093,,
1189,46409,,,,,1.447609305381775,0.44770708680152893
1189,46409,,,0.8068984150886536,0.5327828526496887,,
1190,46448,,,,,1.448362112045288,0.4475909173488617
1190,46448,,,0.8148444294929504,0.5253585577011108,,
1191,46487,,,,,1.446904182434082,0.44756579399108887
1191,46487,,,0.7734136581420898,0.5780730247497559,,
1192,46526,,,,,1.4461387395858765,0.4480930268764496
1192,46526,,,0.7917176485061646,0.5290076732635498,,
1193,46565,,,,,1.445232629776001,0.44779273867607117
1193,46565,,,0.7974418997764587,0.5540621280670166,,
1194,46604,,,,,1.4486749172210693,0.44733506441116333
1194,46604,,,0.7821310758590698,0.5861076712608337,,
1195,46643,,,,,1.4475778341293335,0.4470985531806946
1195,46643,,,0.7882038354873657,0.5415821671485901,,
1196,46682,,,,,1.4483715295791626,0.4471364915370941
1196,46682,,,0.7914602756500244,0.5396086573600769,,
1197,46721,,,,,1.4494050741195679,0.44726771116256714
1197,46721,,,0.8061596751213074,0.5125521421432495,,
1198,46760,,,,,1.448057770729065,0.44662848114967346
1198,46760,,,0.817482054233551,0.5161918997764587,,
1199,46799,,,,,1.4479186534881592,0.446796178817749
1199,46799,,,0.7834771275520325,0.5405501127243042,,
1200,46838,,,,,1.4472821950912476,0.4461234509944916
1200,46838,,,0.8150566220283508,0.5188044309616089,,
1201,46877,,,,,1.4474785327911377,0.4455830454826355
1201,46877,,,0.8059172034263611,0.5361185073852539,,
1202,46916,,,,,1.4482355117797852,0.44526585936546326
1202,46916,,,0.7987456917762756,0.512394905090332,,
1203,46955,,,,,1.448351502418518,0.4449857175350189
1203,46955,,,0.818556010723114,0.5276126861572266,,
1204,46994,,,,,1.44912850856781,0.4455762803554535
1204,46994,,,0.8093047142028809,0.5036817789077759,,
1205,47033,,,,,1.4487024545669556,0.44501805305480957
1205,47033,,,0.7899021506309509,0.5145853757858276,,
1206,47072,,,,,1.4467965364456177,0.4445955455303192
1206,47072,,,0.8108611702919006,0.5370343923568726,,
1207,47111,,,,,1.445912480354309,0.44496268033981323
1207,47111,,,0.8028751015663147,0.49423667788505554,,
1208,47150,,,,,1.446409821510315,0.4449872374534607
1208,47150,,,0.7830941677093506,0.5503299236297607,,
1209,47189,,,,,1.446103811264038,0.444799542427063
1209,47189,,,0.8038639426231384,0.5194704532623291,,
1210,47228,,,,,1.4493376016616821,0.44440722465515137
1210,47228,,,0.8383331298828125,0.5133753418922424,,
1211,47267,,,,,1.4516043663024902,0.44329848885536194
1211,47267,,,0.8008023500442505,0.5325930714607239,,
1212,47306,,,,,1.4508014917373657,0.4426760971546173
1212,47306,,,0.8094274997711182,0.5486377477645874,,
1213,47345,,,,,1.4490920305252075,0.44312822818756104
1213,47345,,,0.781538724899292,0.5043377876281738,,
1214,47384,,,,,1.4473367929458618,0.4438712000846863
1214,47384,,,0.8117918968200684,0.5150107741355896,,
1215,47423,,,,,1.4476739168167114,0.4440370202064514
1215,47423,,,0.8038005828857422,0.5464286804199219,,
1216,47462,,,,,1.4483487606048584,0.4439406394958496
1216,47462,,,0.7940778732299805,0.5554527640342712,,
1217,47501,,,,,1.4481992721557617,0.44342008233070374
1217,47501,,,0.8085366487503052,0.5134453773498535,,
1218,47540,,,,,1.4496235847473145,0.44402000308036804
1218,47540,,,0.8182433843612671,0.5160710215568542,,
1219,47579,,,,,1.4497913122177124,0.44388172030448914
1219,47579,,,0.7844312787055969,0.53416508436203,,
1220,47618,,,,,1.4478062391281128,0.44410717487335205
1220,47618,,,0.810465395450592,0.515921950340271,,
1221,47657,,,,,1.4470393657684326,0.44478869438171387
1221,47657,,,0.803543746471405,0.5367318391799927,,
1222,47696,,,,,1.4464269876480103,0.4441448748111725
1222,47696,,,0.8111925721168518,0.5272697806358337,,
1223,47697,1.5554392337799072,0.35580965876579285,,,,
