epoch,step,test_loss,test_pcc,train_loss_epoch,train_pcc_epoch,val_loss,val_pcc
0,38,,,,,1.6365665197372437,0.257036954164505
0,38,,,1.0427443981170654,0.05615685507655144,,
1,77,,,,,1.6406043767929077,0.31063342094421387
1,77,,,1.0101373195648193,0.03682326525449753,,
2,116,,,,,1.6359153985977173,0.32042571902275085
2,116,,,0.990302562713623,0.022820765152573586,,
3,155,,,,,1.6361788511276245,0.3223300278186798
3,155,,,0.9934280514717102,0.031001649796962738,,
4,194,,,,,1.6415448188781738,0.3333338499069214
4,194,,,1.0192557573318481,0.0016678273677825928,,
5,233,,,,,1.6364191770553589,0.3217562735080719
5,233,,,0.9860438108444214,0.03199126198887825,,
6,272,,,,,1.6370612382888794,0.31813839077949524
6,272,,,0.9708666801452637,0.06395471841096878,,
7,311,,,,,1.6410903930664062,0.30824804306030273
7,311,,,0.992347240447998,0.02511388063430786,,
8,350,,,,,1.6367994546890259,0.3101429343223572
8,350,,,0.9786544442176819,0.07953311502933502,,
9,389,,,,,1.6356122493743896,0.30796879529953003
9,389,,,0.9973364472389221,0.06196049973368645,,
10,428,,,,,1.6321810483932495,0.30720025300979614
10,428,,,0.9800153970718384,0.09080527722835541,,
11,467,,,,,1.6327801942825317,0.29873162508010864
11,467,,,0.9668768048286438,0.09763633459806442,,
12,506,,,,,1.635207176208496,0.2836362421512604
12,506,,,0.9612032771110535,0.056583721190690994,,
13,545,,,,,1.6296517848968506,0.2853248417377472
13,545,,,1.0101654529571533,0.05606609210371971,,
14,584,,,,,1.6332554817199707,0.28498396277427673
14,584,,,1.0002268552780151,0.05339658632874489,,
15,623,,,,,1.6268136501312256,0.27879276871681213
15,623,,,0.9899702072143555,0.057630110532045364,,
16,662,,,,,1.6254043579101562,0.282924085855484
16,662,,,0.9694756865501404,0.11804630607366562,,
17,701,,,,,1.6220067739486694,0.2835005819797516
17,701,,,0.9722453355789185,0.08545319736003876,,
18,740,,,,,1.623801827430725,0.2828790247440338
18,740,,,1.0000317096710205,0.10141760855913162,,
19,779,,,,,1.6183948516845703,0.2743390202522278
19,779,,,0.9836928248405457,0.1379530429840088,,
20,818,,,,,1.6141663789749146,0.27620744705200195
20,818,,,0.95624178647995,0.16237342357635498,,
21,857,,,,,1.6174192428588867,0.2660887539386749
21,857,,,0.9284580945968628,0.18365128338336945,,
22,896,,,,,1.6051470041275024,0.268876314163208
22,896,,,0.9466820955276489,0.2023259997367859,,
23,935,,,,,1.5979784727096558,0.2700352370738983
23,935,,,0.9368629455566406,0.23529641330242157,,
24,974,,,,,1.5938215255737305,0.27724283933639526
24,974,,,0.9586243033409119,0.22900713980197906,,
25,1013,,,,,1.5874826908111572,0.2838461697101593
25,1013,,,0.9551376104354858,0.24551169574260712,,
26,1052,,,,,1.5814200639724731,0.2890864908695221
26,1052,,,0.9439653158187866,0.27616003155708313,,
27,1091,,,,,1.5776455402374268,0.28225237131118774
27,1091,,,0.915742814540863,0.2961968183517456,,
28,1130,,,,,1.5734899044036865,0.2878879904747009
28,1130,,,0.928299069404602,0.2533666789531708,,
29,1169,,,,,1.5730141401290894,0.28615593910217285
29,1169,,,0.8995939493179321,0.32582762837409973,,
30,1208,,,,,1.5713368654251099,0.28706371784210205
30,1208,,,0.9074395895004272,0.2997627854347229,,
31,1247,,,,,1.5684177875518799,0.2861865758895874
31,1247,,,0.9433998465538025,0.2723434865474701,,
32,1286,,,,,1.5643227100372314,0.28543582558631897
32,1286,,,0.9253320097923279,0.29090818762779236,,
33,1325,,,,,1.5598214864730835,0.29102370142936707
33,1325,,,0.9018539786338806,0.3491159975528717,,
34,1364,,,,,1.5591299533843994,0.2937316596508026
34,1364,,,0.9100908041000366,0.33586522936820984,,
35,1403,,,,,1.5566339492797852,0.29704487323760986
35,1403,,,0.8913905620574951,0.316169798374176,,
36,1442,,,,,1.5560548305511475,0.3009587824344635
36,1442,,,0.9028071165084839,0.3196398615837097,,
37,1481,,,,,1.5518304109573364,0.3021654784679413
37,1481,,,0.9179720878601074,0.3556148111820221,,
38,1520,,,,,1.548478126525879,0.30545398592948914
38,1520,,,0.9334237575531006,0.3587944507598877,,
39,1559,,,,,1.548521637916565,0.3026463985443115
39,1559,,,0.9143867492675781,0.3558915853500366,,
40,1598,,,,,1.5461180210113525,0.308325856924057
40,1598,,,0.9113849997520447,0.3641858994960785,,
41,1637,,,,,1.5477430820465088,0.30828574299812317
41,1637,,,0.9222282767295837,0.3789927661418915,,
42,1676,,,,,1.5425631999969482,0.31343692541122437
42,1676,,,0.892256498336792,0.37557050585746765,,
43,1715,,,,,1.5409519672393799,0.32003116607666016
43,1715,,,0.9212837219238281,0.33695662021636963,,
44,1754,,,,,1.538885235786438,0.3212321698665619
44,1754,,,0.9134423732757568,0.3776375651359558,,
45,1793,,,,,1.5375580787658691,0.3239977955818176
45,1793,,,0.8889352679252625,0.3675517737865448,,
46,1832,,,,,1.5363131761550903,0.3278653025627136
46,1832,,,0.9069059491157532,0.39617490768432617,,
47,1871,,,,,1.5334148406982422,0.3353970944881439
47,1871,,,0.8889597654342651,0.36414462327957153,,
48,1910,,,,,1.5320494174957275,0.3374258279800415
48,1910,,,0.8720863461494446,0.4049161672592163,,
49,1949,,,,,1.531693458557129,0.3392344117164612
49,1949,,,0.8939535617828369,0.3762500584125519,,
50,1988,,,,,1.5291564464569092,0.34424105286598206
50,1988,,,0.8614680767059326,0.4431089758872986,,
51,2027,,,,,1.5271822214126587,0.34516721963882446
51,2027,,,0.9149110317230225,0.39565110206604004,,
52,2066,,,,,1.5263675451278687,0.3477601110935211
52,2066,,,0.8764989972114563,0.3797827363014221,,
53,2105,,,,,1.525165319442749,0.3530219495296478
53,2105,,,0.8710406422615051,0.397445410490036,,
54,2144,,,,,1.5237687826156616,0.3578391969203949
54,2144,,,0.8752015233039856,0.39330869913101196,,
55,2183,,,,,1.5215321779251099,0.35796329379081726
55,2183,,,0.8753906488418579,0.3958468437194824,,
56,2222,,,,,1.5228266716003418,0.3608361780643463
56,2222,,,0.8717285394668579,0.427176833152771,,
57,2261,,,,,1.5191256999969482,0.35902076959609985
57,2261,,,0.8530462980270386,0.438677579164505,,
58,2300,,,,,1.5177944898605347,0.3619890809059143
58,2300,,,0.8884493708610535,0.39866402745246887,,
59,2339,,,,,1.5181221961975098,0.36027011275291443
59,2339,,,0.8566524982452393,0.42804473638534546,,
60,2378,,,,,1.5176626443862915,0.3636512756347656
60,2378,,,0.8713541030883789,0.40937384963035583,,
61,2417,,,,,1.5165425539016724,0.36649173498153687
61,2417,,,0.8990383744239807,0.42790427803993225,,
62,2456,,,,,1.5157030820846558,0.36607083678245544
62,2456,,,0.8951960802078247,0.389143705368042,,
63,2495,,,,,1.514713168144226,0.36506831645965576
63,2495,,,0.861971914768219,0.3974747955799103,,
64,2534,,,,,1.514732003211975,0.3629627227783203
64,2534,,,0.8426074385643005,0.42985114455223083,,
65,2573,,,,,1.5140119791030884,0.3621040880680084
65,2573,,,0.8696144223213196,0.42405202984809875,,
66,2612,,,,,1.5130560398101807,0.36601999402046204
66,2612,,,0.8797934055328369,0.4417482614517212,,
67,2651,,,,,1.5123471021652222,0.3659329116344452
67,2651,,,0.8747643828392029,0.43031004071235657,,
68,2690,,,,,1.5119646787643433,0.3672458231449127
68,2690,,,0.8694601655006409,0.43548712134361267,,
69,2729,,,,,1.5112940073013306,0.36570456624031067
69,2729,,,0.8691973686218262,0.4485410451889038,,
70,2768,,,,,1.5112848281860352,0.36884841322898865
70,2768,,,0.8543920516967773,0.4386398196220398,,
71,2807,,,,,1.510479211807251,0.36874887347221375
71,2807,,,0.8492074608802795,0.43968698382377625,,
72,2846,,,,,1.512216567993164,0.37291190028190613
72,2846,,,0.8481587171554565,0.4108593165874481,,
73,2885,,,,,1.5087885856628418,0.37126049399375916
73,2885,,,0.8559678792953491,0.4108160436153412,,
74,2924,,,,,1.5109020471572876,0.3706122040748596
74,2924,,,0.8491270542144775,0.41426706314086914,,
75,2963,,,,,1.508202075958252,0.36987826228141785
75,2963,,,0.8631533980369568,0.4303036630153656,,
76,3002,,,,,1.5075318813323975,0.37138792872428894
76,3002,,,0.8734957575798035,0.42873305082321167,,
77,3041,,,,,1.5072457790374756,0.3752252161502838
77,3041,,,0.8621580600738525,0.41277894377708435,,
78,3080,,,,,1.5058258771896362,0.3717212677001953
78,3080,,,0.8496434092521667,0.4562569260597229,,
79,3119,,,,,1.5048346519470215,0.37455442547798157
79,3119,,,0.8395103812217712,0.42965346574783325,,
80,3158,,,,,1.5077720880508423,0.3807954788208008
80,3158,,,0.8556715846061707,0.43018659949302673,,
81,3197,,,,,1.5034809112548828,0.37634044885635376
81,3197,,,0.8661627173423767,0.43262192606925964,,
82,3236,,,,,1.5037298202514648,0.3796067535877228
82,3236,,,0.8499558568000793,0.4186457693576813,,
83,3275,,,,,1.5011212825775146,0.38104116916656494
83,3275,,,0.8341252207756042,0.4405568540096283,,
84,3314,,,,,1.5000793933868408,0.38462287187576294
84,3314,,,0.8692688345909119,0.44582220911979675,,
85,3353,,,,,1.4996211528778076,0.38882845640182495
85,3353,,,0.8534373641014099,0.4539002776145935,,
86,3392,,,,,1.4996675252914429,0.3883718252182007
86,3392,,,0.8469224572181702,0.4364965856075287,,
87,3431,,,,,1.4990754127502441,0.38924360275268555
87,3431,,,0.8710317611694336,0.42607682943344116,,
88,3470,,,,,1.5008680820465088,0.3898228704929352
88,3470,,,0.8663908839225769,0.4501577615737915,,
89,3509,,,,,1.500942587852478,0.3913734555244446
89,3509,,,0.8881993293762207,0.3999927341938019,,
90,3548,,,,,1.5002952814102173,0.39065980911254883
90,3548,,,0.8631607294082642,0.44296637177467346,,
91,3587,,,,,1.4961086511611938,0.3884580433368683
91,3587,,,0.8351571559906006,0.4581916630268097,,
92,3626,,,,,1.4939911365509033,0.38665175437927246
92,3626,,,0.8541268706321716,0.4891807436943054,,
93,3665,,,,,1.494625449180603,0.386752724647522
93,3665,,,0.8385223746299744,0.4299302101135254,,
94,3704,,,,,1.4975080490112305,0.38967812061309814
94,3704,,,0.8724772930145264,0.45766687393188477,,
95,3743,,,,,1.494986891746521,0.3909572958946228
95,3743,,,0.8456599116325378,0.4506283700466156,,
96,3782,,,,,1.494269847869873,0.3921440839767456
96,3782,,,0.8393182754516602,0.43575334548950195,,
97,3821,,,,,1.4921599626541138,0.38791975378990173
97,3821,,,0.8874923586845398,0.427103191614151,,
98,3860,,,,,1.4923251867294312,0.3886323571205139
98,3860,,,0.8631759881973267,0.4428049623966217,,
99,3899,,,,,1.4933632612228394,0.3922460079193115
99,3899,,,0.8597368001937866,0.42639875411987305,,
100,3938,,,,,1.4910643100738525,0.3926587402820587
100,3938,,,0.8528900146484375,0.4672955870628357,,
101,3977,,,,,1.491537094116211,0.390554815530777
101,3977,,,0.8767920136451721,0.4595651924610138,,
102,4016,,,,,1.4919209480285645,0.395999550819397
102,4016,,,0.846310555934906,0.4470260441303253,,
103,4055,,,,,1.4930710792541504,0.3990633189678192
103,4055,,,0.8577834963798523,0.4715370833873749,,
104,4094,,,,,1.494377851486206,0.4008660912513733
104,4094,,,0.8530746698379517,0.45792341232299805,,
105,4133,,,,,1.4895120859146118,0.3992772102355957
105,4133,,,0.864964485168457,0.4680866301059723,,
106,4172,,,,,1.4886760711669922,0.39864009618759155
106,4172,,,0.892828106880188,0.4281783103942871,,
107,4211,,,,,1.4891256093978882,0.4012950360774994
107,4211,,,0.8731914162635803,0.43016740679740906,,
108,4250,,,,,1.4884706735610962,0.4051216244697571
108,4250,,,0.8236342072486877,0.4775264859199524,,
109,4289,,,,,1.4894015789031982,0.4070160388946533
109,4289,,,0.8527994155883789,0.393260657787323,,
110,4328,,,,,1.4878442287445068,0.40768882632255554
110,4328,,,0.8456928730010986,0.4491976201534271,,
111,4367,,,,,1.4902549982070923,0.41380932927131653
111,4367,,,0.8700767755508423,0.4323165714740753,,
112,4406,,,,,1.486168622970581,0.4083919823169708
112,4406,,,0.8508468866348267,0.432777464389801,,
113,4445,,,,,1.4866676330566406,0.4091132879257202
113,4445,,,0.8438006639480591,0.4274613857269287,,
114,4484,,,,,1.486398458480835,0.4110655188560486
114,4484,,,0.8154265284538269,0.48761019110679626,,
115,4523,,,,,1.4860783815383911,0.41251954436302185
115,4523,,,0.8724080324172974,0.4041844606399536,,
116,4562,,,,,1.4851018190383911,0.414477676153183
116,4562,,,0.846244215965271,0.4824419617652893,,
117,4601,,,,,1.4850953817367554,0.4121537506580353
117,4601,,,0.853277325630188,0.43709227442741394,,
118,4640,,,,,1.4884345531463623,0.4161701798439026
118,4640,,,0.8325181603431702,0.449696809053421,,
119,4679,,,,,1.484068512916565,0.4110253155231476
119,4679,,,0.8358624577522278,0.48657044768333435,,
120,4718,,,,,1.484777569770813,0.41261592507362366
120,4718,,,0.8600673079490662,0.46147626638412476,,
121,4757,,,,,1.4846440553665161,0.40818026661872864
121,4757,,,0.8395636081695557,0.45720604062080383,,
122,4796,,,,,1.4870481491088867,0.41538435220718384
122,4796,,,0.8509738445281982,0.4496782720088959,,
123,4835,,,,,1.48418390750885,0.4098700284957886
123,4835,,,0.8336172103881836,0.49535071849823,,
124,4874,,,,,1.4843977689743042,0.41259896755218506
124,4874,,,0.8589526414871216,0.48094525933265686,,
125,4913,,,,,1.4843350648880005,0.4094736576080322
125,4913,,,0.8276689052581787,0.4504130482673645,,
126,4952,,,,,1.4844030141830444,0.4153899848461151
126,4952,,,0.8372789025306702,0.4826083183288574,,
127,4991,,,,,1.4823929071426392,0.4146477282047272
127,4991,,,0.8318324685096741,0.47385475039482117,,
128,5030,,,,,1.4820029735565186,0.4149456322193146
128,5030,,,0.8549605011940002,0.5048035383224487,,
129,5069,,,,,1.4803959131240845,0.41769546270370483
129,5069,,,0.8361436724662781,0.48465317487716675,,
130,5108,,,,,1.4840160608291626,0.4208095669746399
130,5108,,,0.848646879196167,0.44429680705070496,,
131,5147,,,,,1.4820382595062256,0.4192037284374237
131,5147,,,0.8486852645874023,0.4485665261745453,,
132,5186,,,,,1.4814530611038208,0.4185430109500885
132,5186,,,0.8648363947868347,0.45641037821769714,,
133,5225,,,,,1.4808881282806396,0.4181404709815979
133,5225,,,0.8511433005332947,0.4601081907749176,,
134,5264,,,,,1.483677625656128,0.42098620533943176
134,5264,,,0.8538694381713867,0.4352922737598419,,
135,5303,,,,,1.4818336963653564,0.4210881292819977
135,5303,,,0.8603245615959167,0.48761969804763794,,
136,5342,,,,,1.4808506965637207,0.42229050397872925
136,5342,,,0.8454465866088867,0.45765015482902527,,
137,5381,,,,,1.479919672012329,0.42140358686447144
137,5381,,,0.8393762111663818,0.4783620536327362,,
138,5420,,,,,1.477264642715454,0.4235970377922058
138,5420,,,0.8695268630981445,0.4735356271266937,,
139,5459,,,,,1.477538824081421,0.4265955686569214
139,5459,,,0.8354560732841492,0.48989424109458923,,
140,5498,,,,,1.4779361486434937,0.42600134015083313
140,5498,,,0.847874641418457,0.4569886028766632,,
141,5537,,,,,1.4779188632965088,0.4247589707374573
141,5537,,,0.8431890606880188,0.45130646228790283,,
142,5576,,,,,1.4776407480239868,0.4256706237792969
142,5576,,,0.8305474519729614,0.4836859703063965,,
143,5615,,,,,1.477410912513733,0.42406636476516724
143,5615,,,0.8303807377815247,0.4639933109283447,,
144,5654,,,,,1.4794591665267944,0.4294874668121338
144,5654,,,0.8577748537063599,0.45003542304039,,
145,5693,,,,,1.4766757488250732,0.42743635177612305
145,5693,,,0.8436378836631775,0.5012938976287842,,
146,5732,,,,,1.4766299724578857,0.43064460158348083
146,5732,,,0.8596624732017517,0.46271657943725586,,
147,5771,,,,,1.4764453172683716,0.4339291751384735
147,5771,,,0.8673080205917358,0.44757360219955444,,
148,5810,,,,,1.475942611694336,0.434179425239563
148,5810,,,0.8261570930480957,0.4745333790779114,,
149,5849,,,,,1.4764084815979004,0.4324305057525635
149,5849,,,0.838791012763977,0.46426957845687866,,
150,5888,,,,,1.4741015434265137,0.43659454584121704
150,5888,,,0.8342798948287964,0.4792816936969757,,
151,5927,,,,,1.4744489192962646,0.43687576055526733
151,5927,,,0.8416978716850281,0.4775790572166443,,
152,5966,,,,,1.47331702709198,0.43495526909828186
152,5966,,,0.8397619724273682,0.4583362638950348,,
153,6005,,,,,1.4734159708023071,0.4340381622314453
153,6005,,,0.8273500204086304,0.49402350187301636,,
154,6044,,,,,1.4735544919967651,0.43358784914016724
154,6044,,,0.8365779519081116,0.4565940201282501,,
155,6083,,,,,1.4748268127441406,0.43189510703086853
155,6083,,,0.8590696454048157,0.4834389388561249,,
156,6122,,,,,1.472598910331726,0.43357425928115845
156,6122,,,0.8418704271316528,0.48613637685775757,,
157,6161,,,,,1.4727014303207397,0.43550345301628113
157,6161,,,0.8365583419799805,0.4612612724304199,,
158,6200,,,,,1.4721505641937256,0.43428435921669006
158,6200,,,0.8679672479629517,0.4495178759098053,,
159,6239,,,,,1.4720733165740967,0.43390339612960815
159,6239,,,0.8290745615959167,0.5028693675994873,,
160,6278,,,,,1.4747766256332397,0.4368098974227905
160,6278,,,0.8406621217727661,0.4754107892513275,,
161,6317,,,,,1.473990797996521,0.43818405270576477
161,6317,,,0.8178414702415466,0.4836336672306061,,
162,6356,,,,,1.4750945568084717,0.43559202551841736
162,6356,,,0.8422827124595642,0.48567289113998413,,
163,6395,,,,,1.4765918254852295,0.438496470451355
163,6395,,,0.8364335894584656,0.46160194277763367,,
164,6434,,,,,1.474754810333252,0.43736183643341064
164,6434,,,0.8249662518501282,0.4800478219985962,,
165,6473,,,,,1.473415732383728,0.4351170063018799
165,6473,,,0.8272779583930969,0.46834367513656616,,
166,6512,,,,,1.4735065698623657,0.43809646368026733
166,6512,,,0.8557285666465759,0.4249410033226013,,
167,6551,,,,,1.4728062152862549,0.43617042899131775
167,6551,,,0.8613268733024597,0.4961995482444763,,
168,6590,,,,,1.4724953174591064,0.43862059712409973
168,6590,,,0.8753543496131897,0.4492376148700714,,
169,6629,,,,,1.4750559329986572,0.43485090136528015
169,6629,,,0.8540428280830383,0.49079498648643494,,
170,6668,,,,,1.4733878374099731,0.4363870918750763
170,6668,,,0.8501728773117065,0.4703756868839264,,
171,6707,,,,,1.4739934206008911,0.4393957853317261
171,6707,,,0.859057605266571,0.4726483225822449,,
172,6746,,,,,1.4756516218185425,0.44069260358810425
172,6746,,,0.853659987449646,0.4745543897151947,,
173,6785,,,,,1.4744669198989868,0.43718740344047546
173,6785,,,0.8347395062446594,0.4735516309738159,,
174,6824,,,,,1.4749910831451416,0.43471264839172363
174,6824,,,0.8297669887542725,0.46800538897514343,,
175,6863,,,,,1.472595453262329,0.43757036328315735
175,6863,,,0.8488381505012512,0.4741035997867584,,
176,6902,,,,,1.4766075611114502,0.4319933354854584
176,6902,,,0.849945068359375,0.4673181176185608,,
177,6941,,,,,1.4749314785003662,0.43087291717529297
177,6941,,,0.8368841409683228,0.4988972246646881,,
178,6980,,,,,1.4733935594558716,0.43704843521118164
178,6980,,,0.8321545124053955,0.47480323910713196,,
179,7019,,,,,1.4730969667434692,0.43630775809288025
179,7019,,,0.8262128829956055,0.4717251658439636,,
180,7058,,,,,1.4726696014404297,0.43607965111732483
180,7058,,,0.8132990598678589,0.48823386430740356,,
181,7097,,,,,1.473078727722168,0.4352189302444458
181,7097,,,0.8263230919837952,0.4771180748939514,,
182,7136,,,,,1.4726892709732056,0.4364505410194397
182,7136,,,0.8259486556053162,0.4706330895423889,,
183,7175,,,,,1.4728355407714844,0.43751299381256104
183,7175,,,0.8444555997848511,0.48839113116264343,,
184,7214,,,,,1.472838044166565,0.4363512098789215
184,7214,,,0.8302145004272461,0.48277243971824646,,
185,7253,,,,,1.4723711013793945,0.4366893470287323
185,7253,,,0.8537219166755676,0.45672178268432617,,
186,7292,,,,,1.472957730293274,0.437293142080307
186,7292,,,0.8292376399040222,0.45628541707992554,,
187,7331,,,,,1.472579002380371,0.4369073212146759
187,7331,,,0.8338533043861389,0.48935675621032715,,
188,7370,,,,,1.4755975008010864,0.43376854062080383
188,7370,,,0.8473866581916809,0.5184982419013977,,
189,7409,,,,,1.4723693132400513,0.4346045255661011
189,7409,,,0.8259730935096741,0.49224451184272766,,
190,7448,,,,,1.4760621786117554,0.4332019090652466
190,7448,,,0.8684769868850708,0.4755505323410034,,
191,7487,,,,,1.4738779067993164,0.43292850255966187
191,7487,,,0.8286548256874084,0.48387107253074646,,
192,7526,,,,,1.475117564201355,0.44050654768943787
192,7526,,,0.8758516311645508,0.4359961748123169,,
193,7565,,,,,1.4729361534118652,0.43794965744018555
193,7565,,,0.8522973656654358,0.43948593735694885,,
194,7604,,,,,1.4750206470489502,0.4359479546546936
194,7604,,,0.834482729434967,0.451579749584198,,
195,7643,,,,,1.474179744720459,0.43510645627975464
195,7643,,,0.8125339150428772,0.49290090799331665,,
196,7682,,,,,1.472801685333252,0.4381614327430725
196,7682,,,0.8190301060676575,0.473665714263916,,
197,7721,,,,,1.4729547500610352,0.43728166818618774
197,7721,,,0.8396735787391663,0.4941512942314148,,
198,7760,,,,,1.474371075630188,0.4378613531589508
198,7760,,,0.851285994052887,0.44828763604164124,,
199,7799,,,,,1.4710938930511475,0.44009193778038025
199,7799,,,0.823272705078125,0.4995625913143158,,
200,7838,,,,,1.4713945388793945,0.44068166613578796
200,7838,,,0.8259422183036804,0.4866446852684021,,
201,7877,,,,,1.4714301824569702,0.4381731152534485
201,7877,,,0.8426501750946045,0.45605340600013733,,
202,7916,,,,,1.4716650247573853,0.44184380769729614
202,7916,,,0.8488324284553528,0.43715912103652954,,
203,7955,,,,,1.4716426134109497,0.4373294711112976
203,7955,,,0.8305302262306213,0.48295554518699646,,
204,7994,,,,,1.469691276550293,0.44078701734542847
204,7994,,,0.8232191205024719,0.5076156258583069,,
205,8033,,,,,1.4707764387130737,0.4396708607673645
205,8033,,,0.8635580539703369,0.46784448623657227,,
206,8072,,,,,1.4723684787750244,0.43924766778945923
206,8072,,,0.84312504529953,0.4618213474750519,,
207,8111,,,,,1.469977855682373,0.4405834674835205
207,8111,,,0.8467349410057068,0.4938499331474304,,
208,8150,,,,,1.4705339670181274,0.43879827857017517
208,8150,,,0.8206270933151245,0.4777602255344391,,
209,8189,,,,,1.4724761247634888,0.44419148564338684
209,8189,,,0.8518362641334534,0.4780597686767578,,
210,8228,,,,,1.4696722030639648,0.44282326102256775
210,8228,,,0.8128846883773804,0.48611214756965637,,
211,8267,,,,,1.4708855152130127,0.4398084282875061
211,8267,,,0.8354847431182861,0.4649699330329895,,
212,8306,,,,,1.4701279401779175,0.4415760934352875
212,8306,,,0.8523066639900208,0.46964776515960693,,
213,8345,,,,,1.4694163799285889,0.4419054090976715
213,8345,,,0.848180890083313,0.49240708351135254,,
214,8384,,,,,1.4683688879013062,0.44177061319351196
214,8384,,,0.8207076787948608,0.49626561999320984,,
215,8423,,,,,1.4690065383911133,0.4415314495563507
215,8423,,,0.8686679005622864,0.4668530821800232,,
216,8462,,,,,1.469969391822815,0.44138312339782715
216,8462,,,0.8379213213920593,0.4684412479400635,,
217,8501,,,,,1.4692537784576416,0.44004231691360474
217,8501,,,0.8549824953079224,0.4824192225933075,,
218,8540,,,,,1.468271017074585,0.4411686062812805
218,8540,,,0.8318261504173279,0.49969422817230225,,
219,8579,,,,,1.4686299562454224,0.44281038641929626
219,8579,,,0.8305902481079102,0.5028946995735168,,
220,8618,,,,,1.4720672369003296,0.437961220741272
220,8618,,,0.8256912231445312,0.5134767293930054,,
221,8657,,,,,1.4700093269348145,0.4405973553657532
221,8657,,,0.8198111653327942,0.48832786083221436,,
222,8696,,,,,1.472439169883728,0.4379737377166748
222,8696,,,0.8429165482521057,0.4717875123023987,,
223,8735,,,,,1.4717607498168945,0.4372331202030182
223,8735,,,0.8381831049919128,0.4854843318462372,,
224,8774,,,,,1.4723150730133057,0.43911615014076233
224,8774,,,0.8423547148704529,0.4553574323654175,,
225,8813,,,,,1.4709733724594116,0.4398706257343292
225,8813,,,0.8292714357376099,0.48153337836265564,,
226,8852,,,,,1.4706815481185913,0.4385867118835449
226,8852,,,0.858255922794342,0.5047926902770996,,
227,8891,,,,,1.4703874588012695,0.4399149715900421
227,8891,,,0.8376224040985107,0.49244895577430725,,
228,8930,,,,,1.469140648841858,0.4424838125705719
228,8930,,,0.823397696018219,0.5116510391235352,,
229,8969,,,,,1.470704197883606,0.43643051385879517
229,8969,,,0.8010770678520203,0.48919394612312317,,
230,9008,,,,,1.4704201221466064,0.43739935755729675
230,9008,,,0.8774651885032654,0.4403893053531647,,
231,9047,,,,,1.469909429550171,0.43854954838752747
231,9047,,,0.8312082290649414,0.48154717683792114,,
232,9086,,,,,1.4696053266525269,0.4413074254989624
232,9086,,,0.8711677193641663,0.46850356459617615,,
233,9125,,,,,1.4691835641860962,0.44191795587539673
233,9125,,,0.8283175230026245,0.4699166715145111,,
234,9164,,,,,1.4700738191604614,0.4464532732963562
234,9164,,,0.8351327776908875,0.4720417559146881,,
235,9203,,,,,1.4709054231643677,0.4433266818523407
235,9203,,,0.8487046360969543,0.46942704916000366,,
236,9242,,,,,1.4712135791778564,0.44394031167030334
236,9242,,,0.8486805558204651,0.44504889845848083,,
237,9281,,,,,1.4700901508331299,0.4437272846698761
237,9281,,,0.8255453109741211,0.5010461807250977,,
238,9320,,,,,1.470058560371399,0.4441036880016327
238,9320,,,0.8197546005249023,0.4905188977718353,,
239,9359,,,,,1.4700918197631836,0.4445860683917999
239,9359,,,0.849424421787262,0.4635710120201111,,
240,9398,,,,,1.4711158275604248,0.4482211470603943
240,9398,,,0.8420825600624084,0.4632260203361511,,
241,9437,,,,,1.4696539640426636,0.44451043009757996
241,9437,,,0.8228428959846497,0.484245240688324,,
242,9476,,,,,1.4682488441467285,0.445311576128006
242,9476,,,0.83022540807724,0.47873708605766296,,
243,9515,,,,,1.470611333847046,0.44238755106925964
243,9515,,,0.8537172079086304,0.4872457981109619,,
244,9554,,,,,1.4755146503448486,0.43796077370643616
244,9554,,,0.8353545069694519,0.5024697184562683,,
245,9593,,,,,1.4677999019622803,0.44384366273880005
245,9593,,,0.8162116408348083,0.4575851559638977,,
246,9632,,,,,1.467842698097229,0.44313400983810425
246,9632,,,0.8206567764282227,0.4920165240764618,,
247,9671,,,,,1.468817949295044,0.4421899616718292
247,9671,,,0.8433250784873962,0.47805044054985046,,
248,9710,,,,,1.4673110246658325,0.4424745738506317
248,9710,,,0.8453854322433472,0.46278512477874756,,
249,9749,,,,,1.4686954021453857,0.4408557713031769
249,9749,,,0.8492059707641602,0.5052849054336548,,
250,9788,,,,,1.4676512479782104,0.4485618472099304
250,9788,,,0.8431822061538696,0.4521036446094513,,
251,9827,,,,,1.4676941633224487,0.4448198080062866
251,9827,,,0.8347311019897461,0.4945112466812134,,
252,9866,,,,,1.4666860103607178,0.4481079876422882
252,9866,,,0.8441978096961975,0.4878518879413605,,
253,9905,,,,,1.4730730056762695,0.44045552611351013
253,9905,,,0.8420172333717346,0.4816639721393585,,
254,9944,,,,,1.4665619134902954,0.445272833108902
254,9944,,,0.8498812913894653,0.4837097227573395,,
255,9983,,,,,1.4681984186172485,0.4434739649295807
255,9983,,,0.8237202763557434,0.5079607963562012,,
256,10022,,,,,1.4686437845230103,0.4441481828689575
256,10022,,,0.8135927319526672,0.4920327663421631,,
257,10061,,,,,1.4674257040023804,0.4514237344264984
257,10061,,,0.8359639048576355,0.46600770950317383,,
258,10100,,,,,1.4683482646942139,0.44789209961891174
258,10100,,,0.8181465268135071,0.48124024271965027,,
259,10139,,,,,1.4687079191207886,0.44568294286727905
259,10139,,,0.8523865938186646,0.479654997587204,,
260,10178,,,,,1.466638445854187,0.44792860746383667
260,10178,,,0.8415432572364807,0.4652882218360901,,
261,10217,,,,,1.4682981967926025,0.44747889041900635
261,10217,,,0.8500326871871948,0.4736681580543518,,
262,10256,,,,,1.4680150747299194,0.44474130868911743
262,10256,,,0.8404051661491394,0.5044456720352173,,
263,10295,,,,,1.4692838191986084,0.44528844952583313
263,10295,,,0.8253065347671509,0.48582491278648376,,
264,10334,,,,,1.468869686126709,0.4464423656463623
264,10334,,,0.8351115584373474,0.49471014738082886,,
265,10373,,,,,1.4688559770584106,0.44781816005706787
265,10373,,,0.8129218816757202,0.4991750419139862,,
266,10412,,,,,1.4680209159851074,0.44625145196914673
266,10412,,,0.8294575214385986,0.514363169670105,,
267,10451,,,,,1.4673271179199219,0.4473402202129364
267,10451,,,0.860910952091217,0.4889449179172516,,
268,10490,,,,,1.4692531824111938,0.44675731658935547
268,10490,,,0.8437684178352356,0.4607338607311249,,
269,10529,,,,,1.4697269201278687,0.4446304440498352
269,10529,,,0.8147119879722595,0.48142561316490173,,
270,10568,,,,,1.4685910940170288,0.44443538784980774
270,10568,,,0.8572584986686707,0.4923642873764038,,
271,10607,,,,,1.4664766788482666,0.44676241278648376
271,10607,,,0.8338499069213867,0.5065312385559082,,
272,10646,,,,,1.468814492225647,0.44496482610702515
272,10646,,,0.8135149478912354,0.5150995254516602,,
273,10685,,,,,1.468876600265503,0.4446960985660553
273,10685,,,0.822171151638031,0.4841722846031189,,
274,10724,,,,,1.4682116508483887,0.44540873169898987
274,10724,,,0.8357589840888977,0.46372559666633606,,
275,10763,,,,,1.4696155786514282,0.4470566511154175
275,10763,,,0.8451647758483887,0.48698675632476807,,
276,10802,,,,,1.4682337045669556,0.4470898509025574
276,10802,,,0.8648472428321838,0.4594186544418335,,
277,10841,,,,,1.4670542478561401,0.44822725653648376
277,10841,,,0.8465016484260559,0.4819282591342926,,
278,10880,,,,,1.4678313732147217,0.4489935636520386
278,10880,,,0.8337806463241577,0.4640330374240875,,
279,10919,,,,,1.467059850692749,0.44604364037513733
279,10919,,,0.8248701095581055,0.519650936126709,,
280,10958,,,,,1.4665579795837402,0.4474739134311676
280,10958,,,0.8412269949913025,0.47032430768013,,
281,10997,,,,,1.4690358638763428,0.4463646411895752
281,10997,,,0.8311436772346497,0.4676603674888611,,
282,11036,,,,,1.4676109552383423,0.4468972384929657
282,11036,,,0.8446054458618164,0.4896317422389984,,
283,11075,,,,,1.471026062965393,0.4415092170238495
283,11075,,,0.8085683584213257,0.5045322775840759,,
284,11114,,,,,1.4667431116104126,0.4453681707382202
284,11114,,,0.8458438515663147,0.4682249426841736,,
285,11153,,,,,1.467086911201477,0.4492708146572113
285,11153,,,0.8439810276031494,0.4780721962451935,,
286,11192,,,,,1.4670276641845703,0.44692355394363403
286,11192,,,0.8393408060073853,0.4876827299594879,,
287,11231,,,,,1.4693388938903809,0.44864127039909363
287,11231,,,0.8455510139465332,0.4375615119934082,,
288,11270,,,,,1.4690797328948975,0.4456377327442169
288,11270,,,0.8397337794303894,0.4879606068134308,,
289,11309,,,,,1.4683022499084473,0.44623619318008423
289,11309,,,0.8318411707878113,0.4772666394710541,,
290,11348,,,,,1.4681477546691895,0.4459426999092102
290,11348,,,0.8322058320045471,0.4690825045108795,,
291,11387,,,,,1.4693262577056885,0.44313737750053406
291,11387,,,0.8266752362251282,0.5045198202133179,,
292,11426,,,,,1.4696828126907349,0.44600680470466614
292,11426,,,0.8222251534461975,0.47388383746147156,,
293,11465,,,,,1.4660214185714722,0.44998905062675476
293,11465,,,0.8039423823356628,0.5242896676063538,,
294,11504,,,,,1.465381383895874,0.4506010115146637
294,11504,,,0.8572025895118713,0.4753924608230591,,
295,11543,,,,,1.467045783996582,0.44930535554885864
295,11543,,,0.8283646702766418,0.503216564655304,,
296,11582,,,,,1.4696403741836548,0.4457147717475891
296,11582,,,0.8341373801231384,0.4905581474304199,,
297,11621,,,,,1.4686559438705444,0.4480202794075012
297,11621,,,0.8231586813926697,0.5174915790557861,,
298,11660,,,,,1.464669942855835,0.452064573764801
298,11660,,,0.8343485593795776,0.4673343002796173,,
299,11699,,,,,1.467366337776184,0.45000267028808594
299,11699,,,0.8186388611793518,0.4856102168560028,,
300,11738,,,,,1.4689013957977295,0.4475467801094055
300,11738,,,0.8419195413589478,0.4954478442668915,,
301,11777,,,,,1.463865876197815,0.45178768038749695
301,11777,,,0.8211448788642883,0.5031270980834961,,
302,11816,,,,,1.4666078090667725,0.4496000409126282
302,11816,,,0.8243235349655151,0.4815708100795746,,
303,11855,,,,,1.4661160707473755,0.45245361328125
303,11855,,,0.8478699922561646,0.4700238108634949,,
304,11894,,,,,1.4674251079559326,0.4490561783313751
304,11894,,,0.840140700340271,0.4924342930316925,,
305,11933,,,,,1.466833472251892,0.4501083195209503
305,11933,,,0.8172264099121094,0.49305617809295654,,
306,11972,,,,,1.4663920402526855,0.450025349855423
306,11972,,,0.8142254948616028,0.5169777870178223,,
307,12011,,,,,1.465200662612915,0.4546267092227936
307,12011,,,0.822638213634491,0.5160357356071472,,
308,12050,,,,,1.4638140201568604,0.45364490151405334
308,12050,,,0.8415194749832153,0.48889532685279846,,
309,12089,,,,,1.466267704963684,0.4521070718765259
309,12089,,,0.8095718622207642,0.5126391649246216,,
310,12128,,,,,1.463992953300476,0.4558779299259186
310,12128,,,0.8536706566810608,0.4796716272830963,,
311,12167,,,,,1.4653342962265015,0.45537301898002625
311,12167,,,0.8300947546958923,0.47119882702827454,,
312,12206,,,,,1.464586853981018,0.4568367004394531
312,12206,,,0.8163889050483704,0.4809120297431946,,
313,12245,,,,,1.4663078784942627,0.45671436190605164
313,12245,,,0.842418372631073,0.47132208943367004,,
314,12284,,,,,1.4632982015609741,0.4561443626880646
314,12284,,,0.831131637096405,0.4860478341579437,,
315,12323,,,,,1.4655003547668457,0.45330876111984253
315,12323,,,0.8422680497169495,0.5053285360336304,,
316,12362,,,,,1.4644548892974854,0.4561207592487335
316,12362,,,0.8270742893218994,0.5020818710327148,,
317,12401,,,,,1.466251015663147,0.4536482095718384
317,12401,,,0.8300825953483582,0.5009346604347229,,
318,12440,,,,,1.4657957553863525,0.45171746611595154
318,12440,,,0.8542115688323975,0.4953131079673767,,
319,12479,,,,,1.4642016887664795,0.4536515176296234
319,12479,,,0.8140479922294617,0.5059810280799866,,
320,12518,,,,,1.4639030694961548,0.4558200240135193
320,12518,,,0.8188042044639587,0.49217355251312256,,
321,12557,,,,,1.4634051322937012,0.45545151829719543
321,12557,,,0.8514520525932312,0.48288771510124207,,
322,12596,,,,,1.4623794555664062,0.4534430503845215
322,12596,,,0.8406162858009338,0.5333601832389832,,
323,12635,,,,,1.4635967016220093,0.45240816473960876
323,12635,,,0.8261093497276306,0.48177942633628845,,
324,12674,,,,,1.4640138149261475,0.4534178674221039
324,12674,,,0.8149935603141785,0.5065233707427979,,
325,12713,,,,,1.4660208225250244,0.4520910978317261
325,12713,,,0.8766322731971741,0.47063887119293213,,
326,12752,,,,,1.4641531705856323,0.45027077198028564
326,12752,,,0.8157027363777161,0.5274443626403809,,
327,12791,,,,,1.4629833698272705,0.45306122303009033
327,12791,,,0.8133510947227478,0.46596360206604004,,
328,12830,,,,,1.4658797979354858,0.4503716826438904
328,12830,,,0.8348637223243713,0.4976117014884949,,
329,12869,,,,,1.4650683403015137,0.4486953914165497
329,12869,,,0.8370471596717834,0.48477041721343994,,
330,12908,,,,,1.466966152191162,0.446458101272583
330,12908,,,0.8037981390953064,0.5072180032730103,,
331,12947,,,,,1.4636898040771484,0.4498877227306366
331,12947,,,0.8326044082641602,0.48483139276504517,,
332,12986,,,,,1.4646852016448975,0.4483329951763153
332,12986,,,0.8203727602958679,0.5051836371421814,,
333,13025,,,,,1.4659740924835205,0.446372926235199
333,13025,,,0.832685112953186,0.4770863354206085,,
334,13064,,,,,1.4650756120681763,0.4489651024341583
334,13064,,,0.823786199092865,0.507055401802063,,
335,13103,,,,,1.4650883674621582,0.44939881563186646
335,13103,,,0.8314523696899414,0.47569090127944946,,
336,13142,,,,,1.4643268585205078,0.44984546303749084
336,13142,,,0.8079121112823486,0.4898851215839386,,
337,13181,,,,,1.4697422981262207,0.4464063346385956
337,13181,,,0.8379788398742676,0.4933992624282837,,
338,13220,,,,,1.4631141424179077,0.45024120807647705
338,13220,,,0.8252319693565369,0.5006440877914429,,
339,13259,,,,,1.4679625034332275,0.4468965232372284
339,13259,,,0.8353778123855591,0.4978906810283661,,
340,13298,,,,,1.4668538570404053,0.44609400629997253
340,13298,,,0.8363999724388123,0.49221107363700867,,
341,13337,,,,,1.4698055982589722,0.44441431760787964
341,13337,,,0.830271303653717,0.46413031220436096,,
342,13376,,,,,1.4658986330032349,0.44849392771720886
342,13376,,,0.8237045407295227,0.4820057451725006,,
343,13415,,,,,1.4668036699295044,0.44925612211227417
343,13415,,,0.8472002744674683,0.4892864227294922,,
344,13454,,,,,1.4637819528579712,0.4499857723712921
344,13454,,,0.8307235836982727,0.4808620512485504,,
345,13493,,,,,1.4634623527526855,0.4514092206954956
345,13493,,,0.815917432308197,0.5081349611282349,,
346,13532,,,,,1.4662649631500244,0.4487810432910919
346,13532,,,0.8143138289451599,0.5065877437591553,,
347,13571,,,,,1.4665888547897339,0.4477037787437439
347,13571,,,0.8486294150352478,0.4822891354560852,,
348,13610,,,,,1.4651236534118652,0.45034366846084595
348,13610,,,0.8178901672363281,0.5075074434280396,,
349,13649,,,,,1.4672805070877075,0.44784727692604065
349,13649,,,0.8642848134040833,0.5004252195358276,,
350,13688,,,,,1.4646493196487427,0.4502137303352356
350,13688,,,0.835911750793457,0.5051403641700745,,
351,13727,,,,,1.466106653213501,0.45087772607803345
351,13727,,,0.848414421081543,0.47827497124671936,,
352,13766,,,,,1.4619054794311523,0.4519704580307007
352,13766,,,0.8211764693260193,0.5035628080368042,,
353,13805,,,,,1.464504361152649,0.4509193003177643
353,13805,,,0.8285883665084839,0.491169810295105,,
354,13844,,,,,1.465207815170288,0.4514865279197693
354,13844,,,0.8264088034629822,0.5217121839523315,,
355,13883,,,,,1.4631019830703735,0.45160967111587524
355,13883,,,0.8191848993301392,0.5019612908363342,,
356,13922,,,,,1.4653260707855225,0.4488149583339691
356,13922,,,0.8399153351783752,0.4867033362388611,,
357,13961,,,,,1.4618861675262451,0.4539424479007721
357,13961,,,0.8311423063278198,0.5002596974372864,,
358,14000,,,,,1.4688115119934082,0.4481758773326874
358,14000,,,0.829330325126648,0.5070538520812988,,
359,14039,,,,,1.4655277729034424,0.44836437702178955
359,14039,,,0.8366871476173401,0.503046989440918,,
360,14078,,,,,1.4624675512313843,0.4504343867301941
360,14078,,,0.856095016002655,0.44791778922080994,,
361,14117,,,,,1.4617754220962524,0.4518791139125824
361,14117,,,0.836030900478363,0.5460433959960938,,
362,14156,,,,,1.4640161991119385,0.45341578125953674
362,14156,,,0.800119936466217,0.49520403146743774,,
363,14195,,,,,1.4658538103103638,0.4488831162452698
363,14195,,,0.833433985710144,0.4726923406124115,,
364,14234,,,,,1.460781455039978,0.45380130410194397
364,14234,,,0.8178308606147766,0.486278772354126,,
365,14273,,,,,1.4644546508789062,0.44959917664527893
365,14273,,,0.8374866843223572,0.5159407258033752,,
366,14312,,,,,1.4636377096176147,0.4474247694015503
366,14312,,,0.8304052948951721,0.5007368922233582,,
367,14351,,,,,1.465218186378479,0.44698068499565125
367,14351,,,0.8464045524597168,0.49134528636932373,,
368,14390,,,,,1.4649417400360107,0.4495358169078827
368,14390,,,0.817521333694458,0.4805562496185303,,
369,14429,,,,,1.464478611946106,0.4504152834415436
369,14429,,,0.8199554681777954,0.503716766834259,,
370,14468,,,,,1.4639394283294678,0.4525432288646698
370,14468,,,0.8393968343734741,0.4922873079776764,,
371,14507,,,,,1.4668002128601074,0.4508766531944275
371,14507,,,0.8098606467247009,0.49181848764419556,,
372,14546,,,,,1.4668654203414917,0.4496873915195465
372,14546,,,0.8489781618118286,0.490518718957901,,
373,14585,,,,,1.4641644954681396,0.4527989625930786
373,14585,,,0.8284040689468384,0.5079968571662903,,
374,14624,,,,,1.4635541439056396,0.4537608325481415
374,14624,,,0.8298730850219727,0.496640682220459,,
375,14663,,,,,1.4633989334106445,0.45287784934043884
375,14663,,,0.8261134028434753,0.5125594735145569,,
376,14702,,,,,1.465997338294983,0.45007458329200745
376,14702,,,0.8390499949455261,0.4817483723163605,,
377,14741,,,,,1.4670661687850952,0.4499658942222595
377,14741,,,0.8230723738670349,0.5024989247322083,,
378,14780,,,,,1.4654420614242554,0.4506477117538452
378,14780,,,0.8231980800628662,0.47429710626602173,,
379,14819,,,,,1.4650322198867798,0.4511356055736542
379,14819,,,0.8313223123550415,0.48618119955062866,,
380,14858,,,,,1.4656373262405396,0.45464760065078735
380,14858,,,0.8830284476280212,0.4800453186035156,,
381,14897,,,,,1.465431809425354,0.4528883993625641
381,14897,,,0.8358476161956787,0.4856105148792267,,
382,14936,,,,,1.4653831720352173,0.4526025056838989
382,14936,,,0.8445443511009216,0.51790851354599,,
383,14975,,,,,1.4646648168563843,0.4537002444267273
383,14975,,,0.8234431147575378,0.5091744661331177,,
384,15014,,,,,1.4673619270324707,0.4525949954986572
384,15014,,,0.8346182107925415,0.524160623550415,,
385,15053,,,,,1.4633890390396118,0.45650961995124817
385,15053,,,0.8191606402397156,0.475320428609848,,
386,15092,,,,,1.4638193845748901,0.4531954824924469
386,15092,,,0.8108592629432678,0.5513535141944885,,
387,15131,,,,,1.4635711908340454,0.45326656103134155
387,15131,,,0.814210832118988,0.5108805894851685,,
388,15170,,,,,1.4667763710021973,0.45220455527305603
388,15170,,,0.8372800946235657,0.49604806303977966,,
389,15209,,,,,1.468698501586914,0.45014622807502747
389,15209,,,0.8260456919670105,0.5079519748687744,,
390,15248,,,,,1.4613945484161377,0.45288482308387756
390,15248,,,0.8126193881034851,0.520456075668335,,
391,15287,,,,,1.4647932052612305,0.4532841742038727
391,15287,,,0.8141027688980103,0.4725249409675598,,
392,15326,,,,,1.4648674726486206,0.45193561911582947
392,15326,,,0.803862988948822,0.49008721113204956,,
393,15365,,,,,1.462193489074707,0.45490387082099915
393,15365,,,0.8388112187385559,0.4849202036857605,,
394,15404,,,,,1.4632606506347656,0.45401737093925476
394,15404,,,0.8268941044807434,0.5067074298858643,,
395,15443,,,,,1.4635088443756104,0.45189252495765686
395,15443,,,0.8069133162498474,0.5184417366981506,,
396,15482,,,,,1.4651448726654053,0.4506080448627472
396,15482,,,0.8095616102218628,0.504968523979187,,
397,15521,,,,,1.4647879600524902,0.45194336771965027
397,15521,,,0.8123209476470947,0.49983635544776917,,
398,15560,,,,,1.4638720750808716,0.45496469736099243
398,15560,,,0.8304948210716248,0.48744720220565796,,
399,15599,,,,,1.4650468826293945,0.45219728350639343
399,15599,,,0.8319846987724304,0.4796207547187805,,
400,15638,,,,,1.4619454145431519,0.4522186815738678
400,15638,,,0.8482515215873718,0.5064343214035034,,
401,15677,,,,,1.4637683629989624,0.45233169198036194
401,15677,,,0.8059446215629578,0.5456973910331726,,
402,15716,,,,,1.460322618484497,0.4550330638885498
402,15716,,,0.8253167271614075,0.5096039175987244,,
403,15755,,,,,1.462067723274231,0.4513802230358124
403,15755,,,0.8037760853767395,0.5156691670417786,,
404,15794,,,,,1.4635114669799805,0.4514197111129761
404,15794,,,0.8304224014282227,0.5237968564033508,,
405,15833,,,,,1.4635801315307617,0.4510093629360199
405,15833,,,0.79888516664505,0.514083206653595,,
406,15872,,,,,1.4624388217926025,0.450517475605011
406,15872,,,0.8366624712944031,0.5032922625541687,,
407,15911,,,,,1.4689306020736694,0.44666287302970886
407,15911,,,0.8290676474571228,0.5075910687446594,,
408,15950,,,,,1.46649968624115,0.4488983154296875
408,15950,,,0.8178822994232178,0.4849066138267517,,
409,15989,,,,,1.4668508768081665,0.4489951431751251
409,15989,,,0.8165676593780518,0.5094559788703918,,
410,16028,,,,,1.4650660753250122,0.4483530819416046
410,16028,,,0.8192445635795593,0.5002444386482239,,
411,16067,,,,,1.4643694162368774,0.4502444863319397
411,16067,,,0.8202494382858276,0.5015987157821655,,
412,16106,,,,,1.4630237817764282,0.4522542357444763
412,16106,,,0.8333152532577515,0.5039780735969543,,
413,16145,,,,,1.463226079940796,0.45010483264923096
413,16145,,,0.8161625862121582,0.47972726821899414,,
414,16184,,,,,1.4659764766693115,0.44874247908592224
414,16184,,,0.8473759293556213,0.5014837980270386,,
415,16223,,,,,1.4638561010360718,0.45115169882774353
415,16223,,,0.8096411824226379,0.5153117179870605,,
416,16262,,,,,1.4628932476043701,0.45229265093803406
416,16262,,,0.836557924747467,0.5145465135574341,,
417,16301,,,,,1.463758945465088,0.4501940906047821
417,16301,,,0.8256727457046509,0.48118093609809875,,
418,16340,,,,,1.465678334236145,0.44845080375671387
418,16340,,,0.8225428462028503,0.5032029747962952,,
419,16379,,,,,1.4624543190002441,0.45228248834609985
419,16379,,,0.8187667727470398,0.5034174919128418,,
420,16418,,,,,1.4626694917678833,0.4512152671813965
420,16418,,,0.812136173248291,0.5181713700294495,,
421,16457,,,,,1.4660159349441528,0.4494682848453522
421,16457,,,0.8112698793411255,0.49190667271614075,,
422,16496,,,,,1.4627765417099,0.4499264061450958
422,16496,,,0.8086296916007996,0.5366809368133545,,
423,16535,,,,,1.4662293195724487,0.4487726390361786
423,16535,,,0.8275983929634094,0.5266329646110535,,
424,16574,,,,,1.4656094312667847,0.4504091739654541
424,16574,,,0.8083366751670837,0.49405327439308167,,
425,16613,,,,,1.46442449092865,0.45134520530700684
425,16613,,,0.810195803642273,0.503271222114563,,
426,16652,,,,,1.4625535011291504,0.4512609839439392
426,16652,,,0.8093578219413757,0.5411520004272461,,
427,16691,,,,,1.4609308242797852,0.4519639313220978
427,16691,,,0.7977059483528137,0.5122312903404236,,
428,16730,,,,,1.4638829231262207,0.450488805770874
428,16730,,,0.821110725402832,0.5406848192214966,,
429,16769,,,,,1.4612075090408325,0.4546854794025421
429,16769,,,0.831836998462677,0.5161307454109192,,
430,16808,,,,,1.4602956771850586,0.45384496450424194
430,16808,,,0.7913723587989807,0.5347909927368164,,
431,16847,,,,,1.4595178365707397,0.4565104842185974
431,16847,,,0.8048692941665649,0.4867435395717621,,
432,16886,,,,,1.461743712425232,0.45610764622688293
432,16886,,,0.8207957148551941,0.5226801633834839,,
433,16925,,,,,1.4610564708709717,0.45578503608703613
433,16925,,,0.8232942223548889,0.5125622153282166,,
434,16964,,,,,1.4604318141937256,0.4562714099884033
434,16964,,,0.8309487700462341,0.4668499529361725,,
435,17003,,,,,1.4600296020507812,0.4564776122570038
435,17003,,,0.8182502388954163,0.5210331678390503,,
436,17042,,,,,1.4626892805099487,0.4553011655807495
436,17042,,,0.799747109413147,0.5234567523002625,,
437,17081,,,,,1.4585329294204712,0.4587824046611786
437,17081,,,0.832419753074646,0.4817620813846588,,
438,17120,,,,,1.4577921628952026,0.4587169587612152
438,17120,,,0.8032422065734863,0.5111254453659058,,
439,17159,,,,,1.4609975814819336,0.4564189016819
439,17159,,,0.8011432886123657,0.49668365716934204,,
440,17198,,,,,1.4591773748397827,0.4572390019893646
440,17198,,,0.7990990877151489,0.5436992049217224,,
441,17237,,,,,1.462349534034729,0.45646050572395325
441,17237,,,0.8484570384025574,0.5059102773666382,,
442,17276,,,,,1.4585139751434326,0.4579996168613434
442,17276,,,0.8164682388305664,0.5154616236686707,,
443,17315,,,,,1.4573156833648682,0.45897212624549866
443,17315,,,0.8000859618186951,0.5498688817024231,,
444,17354,,,,,1.459477186203003,0.4572969973087311
444,17354,,,0.8047367334365845,0.49702638387680054,,
445,17393,,,,,1.4611531496047974,0.45546475052833557
445,17393,,,0.7905797958374023,0.5391543507575989,,
446,17432,,,,,1.4561678171157837,0.45924901962280273
446,17432,,,0.8181840181350708,0.48828935623168945,,
447,17471,,,,,1.4589641094207764,0.45869117975234985
447,17471,,,0.8103123903274536,0.4950961470603943,,
448,17510,,,,,1.4568742513656616,0.4596737325191498
448,17510,,,0.784920334815979,0.5549001693725586,,
449,17549,,,,,1.458577275276184,0.4588451087474823
449,17549,,,0.8127679228782654,0.5359468460083008,,
450,17588,,,,,1.4574767351150513,0.4615340828895569
450,17588,,,0.8049831390380859,0.5318505764007568,,
451,17627,,,,,1.4604789018630981,0.4593500792980194
451,17627,,,0.8209558129310608,0.5278018712997437,,
452,17666,,,,,1.4557729959487915,0.4613097012042999
452,17666,,,0.7952069640159607,0.5141454935073853,,
453,17705,,,,,1.4575058221817017,0.4619103968143463
453,17705,,,0.8366073369979858,0.455658882856369,,
454,17744,,,,,1.4573673009872437,0.46155837178230286
454,17744,,,0.8095722198486328,0.5324762463569641,,
455,17783,,,,,1.4582146406173706,0.4630095362663269
455,17783,,,0.832635223865509,0.49387046694755554,,
456,17822,,,,,1.4581061601638794,0.4640286862850189
456,17822,,,0.8229356408119202,0.5014125108718872,,
457,17861,,,,,1.4611589908599854,0.46242618560791016
457,17861,,,0.8125703930854797,0.48616349697113037,,
458,17900,,,,,1.459606409072876,0.46369466185569763
458,17900,,,0.8247373700141907,0.4845329225063324,,
459,17939,,,,,1.455645203590393,0.46564191579818726
459,17939,,,0.8042837977409363,0.5204027891159058,,
460,17978,,,,,1.4573023319244385,0.46491172909736633
460,17978,,,0.810919463634491,0.5124397873878479,,
461,18017,,,,,1.4590338468551636,0.4645591974258423
461,18017,,,0.8281084895133972,0.5046935677528381,,
462,18056,,,,,1.4667822122573853,0.4610511362552643
462,18056,,,0.856911301612854,0.5064555406570435,,
463,18095,,,,,1.459327220916748,0.46425020694732666
463,18095,,,0.8120037913322449,0.517767071723938,,
464,18134,,,,,1.4588409662246704,0.4655100107192993
464,18134,,,0.8250959515571594,0.5000224709510803,,
465,18173,,,,,1.4619381427764893,0.4652012586593628
465,18173,,,0.8292312622070312,0.5068281292915344,,
466,18212,,,,,1.4568095207214355,0.46629640460014343
466,18212,,,0.8370367288589478,0.5032530426979065,,
467,18251,,,,,1.4570039510726929,0.4653218984603882
467,18251,,,0.8088338971138,0.5474538803100586,,
468,18290,,,,,1.4576138257980347,0.46538981795310974
468,18290,,,0.7996262907981873,0.5277522802352905,,
469,18329,,,,,1.4580413103103638,0.4647158682346344
469,18329,,,0.8263420462608337,0.5113064646720886,,
470,18368,,,,,1.4576321840286255,0.46450552344322205
470,18368,,,0.8067039847373962,0.4991554915904999,,
471,18407,,,,,1.4559299945831299,0.466558575630188
471,18407,,,0.8461692929267883,0.48405060172080994,,
472,18446,,,,,1.458060622215271,0.46573981642723083
472,18446,,,0.8207047581672668,0.4951164126396179,,
473,18485,,,,,1.4547913074493408,0.4668194055557251
473,18485,,,0.7987257838249207,0.5186637043952942,,
474,18524,,,,,1.4578888416290283,0.46635764837265015
474,18524,,,0.8254694938659668,0.53189617395401,,
475,18563,,,,,1.4599409103393555,0.46495169401168823
475,18563,,,0.8276617527008057,0.5068582892417908,,
476,18602,,,,,1.4574086666107178,0.4673193693161011
476,18602,,,0.8185359239578247,0.5227985382080078,,
477,18641,,,,,1.4547208547592163,0.4692179560661316
477,18641,,,0.8470533490180969,0.5075865983963013,,
478,18680,,,,,1.4558193683624268,0.4696863293647766
478,18680,,,0.8568440675735474,0.508362889289856,,
479,18719,,,,,1.4539058208465576,0.4701104164123535
479,18719,,,0.7732112407684326,0.5144733190536499,,
480,18758,,,,,1.4535095691680908,0.47041821479797363
480,18758,,,0.8069666028022766,0.5228337049484253,,
481,18797,,,,,1.4589552879333496,0.4684284031391144
481,18797,,,0.8277514576911926,0.501410186290741,,
482,18836,,,,,1.4554028511047363,0.47145864367485046
482,18836,,,0.7794999480247498,0.5360833406448364,,
483,18875,,,,,1.4560776948928833,0.46800464391708374
483,18875,,,0.79965740442276,0.5069210529327393,,
484,18914,,,,,1.4575835466384888,0.4666864573955536
484,18914,,,0.816672146320343,0.5176122784614563,,
485,18953,,,,,1.455026626586914,0.4674142003059387
485,18953,,,0.8154810667037964,0.5150546431541443,,
486,18992,,,,,1.4547889232635498,0.46804797649383545
486,18992,,,0.8121163249015808,0.525864839553833,,
487,19031,,,,,1.4539979696273804,0.46785086393356323
487,19031,,,0.8183262944221497,0.5241602659225464,,
488,19070,,,,,1.4525632858276367,0.4684920310974121
488,19070,,,0.8015283942222595,0.5273805260658264,,
489,19109,,,,,1.453114628791809,0.4712217152118683
489,19109,,,0.8326770067214966,0.5003926157951355,,
490,19148,,,,,1.456064224243164,0.4711483120918274
490,19148,,,0.8307948112487793,0.47429656982421875,,
491,19187,,,,,1.4563930034637451,0.46916303038597107
491,19187,,,0.816641092300415,0.5061087608337402,,
492,19226,,,,,1.4586297273635864,0.4668070077896118
492,19226,,,0.8392993211746216,0.5138586163520813,,
493,19265,,,,,1.455418586730957,0.4682351350784302
493,19265,,,0.820941150188446,0.5421776175498962,,
494,19304,,,,,1.4561762809753418,0.46859684586524963
494,19304,,,0.8269787430763245,0.48764556646347046,,
495,19343,,,,,1.4568207263946533,0.46866318583488464
495,19343,,,0.8215002417564392,0.5321446657180786,,
496,19382,,,,,1.4599008560180664,0.46626031398773193
496,19382,,,0.8013514280319214,0.553911030292511,,
497,19421,,,,,1.4551573991775513,0.4689372479915619
497,19421,,,0.8073797225952148,0.5180181860923767,,
498,19460,,,,,1.4545276165008545,0.4708905518054962
498,19460,,,0.823144793510437,0.47346991300582886,,
499,19499,,,,,1.455054521560669,0.4705197215080261
499,19499,,,0.8131460547447205,0.5342036485671997,,
500,19538,,,,,1.453073263168335,0.47180336713790894
500,19538,,,0.8073645830154419,0.5269894003868103,,
501,19577,,,,,1.4547538757324219,0.4727689027786255
501,19577,,,0.7952100038528442,0.5207093358039856,,
502,19616,,,,,1.4526697397232056,0.47059568762779236
502,19616,,,0.7969416379928589,0.5216771960258484,,
503,19655,,,,,1.4550557136535645,0.46950462460517883
503,19655,,,0.7999775409698486,0.5484105348587036,,
504,19694,,,,,1.4536210298538208,0.4704441428184509
504,19694,,,0.7873944044113159,0.5543330311775208,,
505,19733,,,,,1.451728105545044,0.470852255821228
505,19733,,,0.8058862686157227,0.5584014058113098,,
506,19772,,,,,1.4535191059112549,0.4704809784889221
506,19772,,,0.8084171414375305,0.5261911153793335,,
507,19811,,,,,1.4539636373519897,0.4706049859523773
507,19811,,,0.8112663626670837,0.5069472789764404,,
508,19850,,,,,1.4497874975204468,0.47154557704925537
508,19850,,,0.8114347457885742,0.48373138904571533,,
509,19889,,,,,1.4539605379104614,0.46956866979599
509,19889,,,0.8165574669837952,0.5095193982124329,,
510,19928,,,,,1.455057144165039,0.4693082273006439
510,19928,,,0.8228184580802917,0.48800963163375854,,
511,19967,,,,,1.4523979425430298,0.46972471475601196
511,19967,,,0.800298810005188,0.5138120055198669,,
512,20006,,,,,1.453190803527832,0.47012442350387573
512,20006,,,0.8017182946205139,0.5185099244117737,,
513,20045,,,,,1.4535276889801025,0.46901413798332214
513,20045,,,0.8293015956878662,0.5375678539276123,,
514,20084,,,,,1.4525686502456665,0.4685378670692444
514,20084,,,0.789212703704834,0.5615437030792236,,
515,20123,,,,,1.452506422996521,0.47025859355926514
515,20123,,,0.7962015867233276,0.5108467936515808,,
516,20162,,,,,1.4545818567276,0.4686528146266937
516,20162,,,0.8039976954460144,0.5287443399429321,,
517,20201,,,,,1.453323245048523,0.46972551941871643
517,20201,,,0.8057241439819336,0.5257371068000793,,
518,20240,,,,,1.4547092914581299,0.4706645905971527
518,20240,,,0.8246579170227051,0.516991138458252,,
519,20279,,,,,1.452065110206604,0.4723844528198242
519,20279,,,0.8235949873924255,0.5125738382339478,,
520,20318,,,,,1.452919602394104,0.4744667708873749
520,20318,,,0.8047971725463867,0.49681001901626587,,
521,20357,,,,,1.4516838788986206,0.47229743003845215
521,20357,,,0.8188148736953735,0.5116464495658875,,
522,20396,,,,,1.4525444507598877,0.47055584192276
522,20396,,,0.7873991131782532,0.5177057981491089,,
523,20435,,,,,1.455104947090149,0.4694194495677948
523,20435,,,0.7893537878990173,0.5552346706390381,,
524,20474,,,,,1.4519398212432861,0.4715445339679718
524,20474,,,0.8271912932395935,0.5524397492408752,,
525,20513,,,,,1.45513916015625,0.4692004323005676
525,20513,,,0.8004067540168762,0.5367299318313599,,
526,20552,,,,,1.454445481300354,0.47147560119628906
526,20552,,,0.7946288585662842,0.5216452479362488,,
527,20591,,,,,1.4548231363296509,0.47077175974845886
527,20591,,,0.817785918712616,0.5291967391967773,,
528,20630,,,,,1.452628493309021,0.4693806767463684
528,20630,,,0.8014897704124451,0.511235237121582,,
529,20669,,,,,1.4574084281921387,0.4677446484565735
529,20669,,,0.7950044274330139,0.5303068161010742,,
530,20708,,,,,1.453006386756897,0.4698468744754791
530,20708,,,0.7992443442344666,0.5461068749427795,,
531,20747,,,,,1.4518872499465942,0.4709918200969696
531,20747,,,0.8205021619796753,0.5153415203094482,,
532,20786,,,,,1.4513040781021118,0.4719577133655548
532,20786,,,0.8242131471633911,0.5230081677436829,,
533,20825,,,,,1.4532127380371094,0.4706876873970032
533,20825,,,0.7929037809371948,0.5405157804489136,,
534,20864,,,,,1.4566845893859863,0.4699489176273346
534,20864,,,0.8088090419769287,0.4811442494392395,,
535,20903,,,,,1.4550037384033203,0.47088122367858887
535,20903,,,0.7946775555610657,0.5198631286621094,,
536,20942,,,,,1.453923225402832,0.4708601236343384
536,20942,,,0.8284992575645447,0.5164180397987366,,
537,20981,,,,,1.4530349969863892,0.47057607769966125
537,20981,,,0.7972750663757324,0.545900821685791,,
538,21020,,,,,1.4500905275344849,0.4718848466873169
538,21020,,,0.8146075010299683,0.48898500204086304,,
539,21059,,,,,1.4535962343215942,0.4730772078037262
539,21059,,,0.8016745448112488,0.5014177560806274,,
540,21098,,,,,1.4553654193878174,0.47144246101379395
540,21098,,,0.7969895601272583,0.5322503447532654,,
541,21137,,,,,1.4513225555419922,0.47239378094673157
541,21137,,,0.813751220703125,0.540869414806366,,
542,21176,,,,,1.453119158744812,0.4716099500656128
542,21176,,,0.8161016702651978,0.5210251212120056,,
543,21215,,,,,1.4522382020950317,0.47212064266204834
543,21215,,,0.8228980898857117,0.5225446820259094,,
544,21254,,,,,1.4524788856506348,0.47178366780281067
544,21254,,,0.7972492575645447,0.5382676124572754,,
545,21293,,,,,1.4510732889175415,0.47119584679603577
545,21293,,,0.8065873980522156,0.5628033876419067,,
546,21332,,,,,1.4524879455566406,0.47125712037086487
546,21332,,,0.7759516835212708,0.5413034558296204,,
547,21371,,,,,1.4515256881713867,0.47353434562683105
547,21371,,,0.7857756018638611,0.5178610682487488,,
548,21410,,,,,1.4525765180587769,0.47323501110076904
548,21410,,,0.8163112998008728,0.521863579750061,,
549,21449,,,,,1.4541200399398804,0.4708748757839203
549,21449,,,0.8126534819602966,0.5180705785751343,,
550,21488,,,,,1.4497637748718262,0.4735332429409027
550,21488,,,0.811732828617096,0.5160995721817017,,
551,21527,,,,,1.4515645503997803,0.4719870388507843
551,21527,,,0.7963494062423706,0.5313481092453003,,
552,21566,,,,,1.45406174659729,0.47068092226982117
552,21566,,,0.7901051640510559,0.5228185057640076,,
553,21605,,,,,1.453903317451477,0.47082990407943726
553,21605,,,0.8170633912086487,0.4961208999156952,,
554,21644,,,,,1.4501218795776367,0.4712184965610504
554,21644,,,0.8031730651855469,0.5318087935447693,,
555,21683,,,,,1.453809142112732,0.4704933166503906
555,21683,,,0.8264193534851074,0.51419997215271,,
556,21722,,,,,1.4526615142822266,0.4703424870967865
556,21722,,,0.7836430668830872,0.5292123556137085,,
557,21761,,,,,1.4510681629180908,0.47117045521736145
557,21761,,,0.7958263754844666,0.5146124958992004,,
558,21800,,,,,1.4519654512405396,0.4709584414958954
558,21800,,,0.7948132157325745,0.5327702760696411,,
559,21839,,,,,1.4512649774551392,0.4716053307056427
559,21839,,,0.8228247165679932,0.5245674252510071,,
560,21878,,,,,1.4511301517486572,0.4728919565677643
560,21878,,,0.8280358910560608,0.5259010195732117,,
561,21917,,,,,1.4520810842514038,0.4717887341976166
561,21917,,,0.803290069103241,0.5379090309143066,,
562,21956,,,,,1.453446626663208,0.47022297978401184
562,21956,,,0.785344660282135,0.560680627822876,,
563,21995,,,,,1.4519881010055542,0.4714834690093994
563,21995,,,0.7840157747268677,0.5362406373023987,,
564,22034,,,,,1.4530001878738403,0.47093430161476135
564,22034,,,0.8041790723800659,0.5527536273002625,,
565,22073,,,,,1.4485974311828613,0.4717273712158203
565,22073,,,0.8003803491592407,0.5190768241882324,,
566,22112,,,,,1.4501301050186157,0.47108402848243713
566,22112,,,0.7991840243339539,0.5348555445671082,,
567,22151,,,,,1.451609492301941,0.47092321515083313
567,22151,,,0.8188619613647461,0.5247859954833984,,
568,22190,,,,,1.4490013122558594,0.4718380570411682
568,22190,,,0.8016771674156189,0.5513290762901306,,
569,22229,,,,,1.4500422477722168,0.4706251621246338
569,22229,,,0.7769458889961243,0.5494089126586914,,
570,22268,,,,,1.449983835220337,0.4721279740333557
570,22268,,,0.8157044649124146,0.5162450075149536,,
571,22307,,,,,1.4500055313110352,0.47233864665031433
571,22307,,,0.7705986499786377,0.5280618667602539,,
572,22346,,,,,1.4488459825515747,0.47289133071899414
572,22346,,,0.818450927734375,0.5513909459114075,,
573,22385,,,,,1.447392463684082,0.4745739698410034
573,22385,,,0.7858820557594299,0.5084376335144043,,
574,22424,,,,,1.447141170501709,0.47549811005592346
574,22424,,,0.8252650499343872,0.5196671485900879,,
575,22463,,,,,1.4479676485061646,0.475301593542099
575,22463,,,0.7881547808647156,0.5557219386100769,,
576,22502,,,,,1.4477789402008057,0.47613927721977234
576,22502,,,0.7777490019798279,0.5360482335090637,,
577,22541,,,,,1.445068359375,0.47804126143455505
577,22541,,,0.7622610926628113,0.5403560996055603,,
578,22580,,,,,1.4471545219421387,0.47812479734420776
578,22580,,,0.779589831829071,0.5666191577911377,,
579,22619,,,,,1.4460614919662476,0.47903427481651306
579,22619,,,0.7990317940711975,0.5433483719825745,,
580,22658,,,,,1.4480504989624023,0.47771865129470825
580,22658,,,0.7724114060401917,0.5352098941802979,,
581,22697,,,,,1.4483064413070679,0.4776070713996887
581,22697,,,0.803255558013916,0.540769636631012,,
582,22736,,,,,1.4511834383010864,0.4761875867843628
582,22736,,,0.8137465119361877,0.5098972320556641,,
583,22775,,,,,1.449508547782898,0.4771328568458557
583,22775,,,0.8085855841636658,0.5244726538658142,,
584,22814,,,,,1.4507919549942017,0.47992998361587524
584,22814,,,0.8035715222358704,0.5176436305046082,,
585,22853,,,,,1.449547529220581,0.4788336157798767
585,22853,,,0.8090988397598267,0.5316544771194458,,
586,22892,,,,,1.4493485689163208,0.4785926342010498
586,22892,,,0.7872042059898376,0.5315543413162231,,
587,22931,,,,,1.4483017921447754,0.4795629382133484
587,22931,,,0.8117580413818359,0.5190597176551819,,
588,22970,,,,,1.4501897096633911,0.47782453894615173
588,22970,,,0.7972741723060608,0.5236901640892029,,
589,23009,,,,,1.449957251548767,0.4786079227924347
589,23009,,,0.8322281241416931,0.4810824394226074,,
590,23048,,,,,1.4491305351257324,0.4778957962989807
590,23048,,,0.7903684973716736,0.5378135442733765,,
591,23087,,,,,1.44846510887146,0.47751742601394653
591,23087,,,0.7972719073295593,0.5821225643157959,,
592,23126,,,,,1.4508259296417236,0.4778488576412201
592,23126,,,0.7916408181190491,0.5497235655784607,,
593,23165,,,,,1.4499773979187012,0.47922876477241516
593,23165,,,0.7954437732696533,0.5413450002670288,,
594,23204,,,,,1.450053095817566,0.4797403812408447
594,23204,,,0.7943727970123291,0.5552631616592407,,
595,23243,,,,,1.4485059976577759,0.47930875420570374
595,23243,,,0.8009599447250366,0.544093132019043,,
596,23282,,,,,1.4511562585830688,0.4792076051235199
596,23282,,,0.8291211128234863,0.5176343321800232,,
597,23321,,,,,1.4495012760162354,0.47881272435188293
597,23321,,,0.7833778262138367,0.5564240217208862,,
598,23360,,,,,1.4476717710494995,0.4787657856941223
598,23360,,,0.8131886124610901,0.535143256187439,,
599,23399,,,,,1.448468565940857,0.47935038805007935
599,23399,,,0.797972559928894,0.5327141284942627,,
600,23438,,,,,1.448150396347046,0.4791344404220581
600,23438,,,0.809485137462616,0.5095170140266418,,
601,23477,,,,,1.4474434852600098,0.479137659072876
601,23477,,,0.7724447250366211,0.5366290211677551,,
602,23516,,,,,1.447630763053894,0.47863030433654785
602,23516,,,0.7791308164596558,0.5461093187332153,,
603,23555,,,,,1.4499715566635132,0.47851887345314026
603,23555,,,0.792976975440979,0.5720894932746887,,
604,23594,,,,,1.4525315761566162,0.4774443209171295
604,23594,,,0.797202467918396,0.5306710004806519,,
605,23633,,,,,1.4526323080062866,0.4770868420600891
605,23633,,,0.8280921578407288,0.49730321764945984,,
606,23672,,,,,1.4520756006240845,0.47716936469078064
606,23672,,,0.7753307223320007,0.5194345116615295,,
607,23711,,,,,1.4517267942428589,0.4776016175746918
607,23711,,,0.8065778017044067,0.545510470867157,,
608,23750,,,,,1.4540797472000122,0.47466641664505005
608,23750,,,0.8056828379631042,0.5374794602394104,,
609,23789,,,,,1.4525957107543945,0.4736957252025604
609,23789,,,0.7895368337631226,0.5368483066558838,,
610,23828,,,,,1.4513119459152222,0.47348466515541077
610,23828,,,0.7875029444694519,0.5507745742797852,,
611,23867,,,,,1.4520145654678345,0.4726073443889618
611,23867,,,0.7835221886634827,0.5154610872268677,,
612,23906,,,,,1.4508588314056396,0.47433197498321533
612,23906,,,0.806727409362793,0.5389043092727661,,
613,23945,,,,,1.4502180814743042,0.4762604534626007
613,23945,,,0.7897067666053772,0.5469841361045837,,
614,23984,,,,,1.4460864067077637,0.4768539369106293
614,23984,,,0.7775260806083679,0.5477508306503296,,
615,24023,,,,,1.451582670211792,0.4753721058368683
615,24023,,,0.8166513442993164,0.5136879682540894,,
616,24062,,,,,1.4512872695922852,0.47467589378356934
616,24062,,,0.7964910268783569,0.5515307784080505,,
617,24101,,,,,1.4517501592636108,0.4714730978012085
617,24101,,,0.7893481254577637,0.5450354814529419,,
618,24140,,,,,1.4513028860092163,0.4717712104320526
618,24140,,,0.8036705851554871,0.5371691584587097,,
619,24179,,,,,1.4503912925720215,0.4730319380760193
619,24179,,,0.8018089532852173,0.5079939961433411,,
620,24218,,,,,1.4507344961166382,0.47457900643348694
620,24218,,,0.7781680226325989,0.552535355091095,,
621,24257,,,,,1.4504168033599854,0.47377175092697144
621,24257,,,0.8008525967597961,0.5458465218544006,,
622,24296,,,,,1.4489526748657227,0.47559621930122375
622,24296,,,0.8148840665817261,0.5247722864151001,,
623,24335,,,,,1.4498182535171509,0.47779664397239685
623,24335,,,0.7931718826293945,0.5358058214187622,,
624,24374,,,,,1.4509741067886353,0.4783601760864258
624,24374,,,0.8224180936813354,0.5667605996131897,,
625,24413,,,,,1.4493728876113892,0.476438045501709
625,24413,,,0.7973078489303589,0.5271692872047424,,
626,24452,,,,,1.4482048749923706,0.4772736132144928
626,24452,,,0.789729654788971,0.5704874992370605,,
627,24491,,,,,1.4510104656219482,0.4768398106098175
627,24491,,,0.7759969830513,0.5594537854194641,,
628,24530,,,,,1.4492994546890259,0.47802186012268066
628,24530,,,0.8145477175712585,0.5613505840301514,,
629,24569,,,,,1.450116515159607,0.4789097309112549
629,24569,,,0.7990592122077942,0.5151391625404358,,
630,24608,,,,,1.449761152267456,0.4783644676208496
630,24608,,,0.7920036315917969,0.5296348929405212,,
631,24647,,,,,1.4461040496826172,0.47969281673431396
631,24647,,,0.8013814687728882,0.5334188342094421,,
632,24686,,,,,1.4473636150360107,0.47816693782806396
632,24686,,,0.8046753406524658,0.5169810652732849,,
633,24725,,,,,1.4488825798034668,0.4788722097873688
633,24725,,,0.8067280650138855,0.5290720462799072,,
634,24764,,,,,1.4504402875900269,0.4794473648071289
634,24764,,,0.8163375854492188,0.5106091499328613,,
635,24803,,,,,1.4480595588684082,0.4798348844051361
635,24803,,,0.8200007677078247,0.5279383659362793,,
636,24842,,,,,1.4490433931350708,0.47907403111457825
636,24842,,,0.8048540949821472,0.5365790128707886,,
637,24881,,,,,1.448405385017395,0.4797678291797638
637,24881,,,0.8122287392616272,0.5477105379104614,,
638,24920,,,,,1.4490134716033936,0.47944363951683044
638,24920,,,0.8174540400505066,0.558135449886322,,
639,24959,,,,,1.444336175918579,0.47925111651420593
639,24959,,,0.7741954922676086,0.574364960193634,,
640,24998,,,,,1.4432878494262695,0.4784347116947174
640,24998,,,0.8032148480415344,0.5351210236549377,,
641,25037,,,,,1.4462759494781494,0.4777075946331024
641,25037,,,0.793910562992096,0.5353631377220154,,
642,25076,,,,,1.4465539455413818,0.4778161942958832
642,25076,,,0.7995596528053284,0.5523999929428101,,
643,25115,,,,,1.448395848274231,0.4772607088088989
643,25115,,,0.8130195736885071,0.5301722288131714,,
644,25154,,,,,1.4459567070007324,0.4790792763233185
644,25154,,,0.7960177063941956,0.5272303819656372,,
645,25193,,,,,1.4455004930496216,0.4802824556827545
645,25193,,,0.8129651546478271,0.5196859836578369,,
646,25232,,,,,1.4472993612289429,0.48037809133529663
646,25232,,,0.8088905811309814,0.5360327363014221,,
647,25271,,,,,1.4476699829101562,0.4797595739364624
647,25271,,,0.75063556432724,0.5354938507080078,,
648,25310,,,,,1.4463425874710083,0.48051905632019043
648,25310,,,0.8271706700325012,0.5213743448257446,,
649,25349,,,,,1.4453386068344116,0.4823719263076782
649,25349,,,0.7804546356201172,0.5594520568847656,,
650,25388,,,,,1.4439990520477295,0.48098456859588623
650,25388,,,0.8108704090118408,0.5587294697761536,,
651,25427,,,,,1.4430088996887207,0.48065921664237976
651,25427,,,0.791748583316803,0.5676676630973816,,
652,25466,,,,,1.441954255104065,0.48275768756866455
652,25466,,,0.788845419883728,0.5349369049072266,,
653,25505,,,,,1.443774938583374,0.4819885790348053
653,25505,,,0.7880926132202148,0.5351114869117737,,
654,25544,,,,,1.4420406818389893,0.48123013973236084
654,25544,,,0.8250257968902588,0.5464969873428345,,
655,25583,,,,,1.4410208463668823,0.4813264012336731
655,25583,,,0.7824471592903137,0.5402932167053223,,
656,25622,,,,,1.440367579460144,0.4824313223361969
656,25622,,,0.7845084071159363,0.5450516939163208,,
657,25661,,,,,1.4430350065231323,0.48247212171554565
657,25661,,,0.7649058103561401,0.6024583578109741,,
658,25700,,,,,1.4412729740142822,0.48223671317100525
658,25700,,,0.8101826906204224,0.54295814037323,,
659,25739,,,,,1.4421861171722412,0.4829668402671814
659,25739,,,0.7944874167442322,0.5367413759231567,,
660,25778,,,,,1.4412837028503418,0.48219195008277893
660,25778,,,0.7892462611198425,0.527405858039856,,
661,25817,,,,,1.4418565034866333,0.4800097346305847
661,25817,,,0.788969874382019,0.54618901014328,,
662,25856,,,,,1.4420888423919678,0.4797428846359253
662,25856,,,0.7727167010307312,0.5621809363365173,,
663,25895,,,,,1.4445734024047852,0.48017433285713196
663,25895,,,0.8120115399360657,0.5545497536659241,,
664,25934,,,,,1.440457820892334,0.481891930103302
664,25934,,,0.7869183421134949,0.571779191493988,,
665,25973,,,,,1.4419816732406616,0.48159608244895935
665,25973,,,0.8046634793281555,0.500941812992096,,
666,26012,,,,,1.442976713180542,0.4811667203903198
666,26012,,,0.7776365280151367,0.5556799173355103,,
667,26051,,,,,1.4453834295272827,0.47874969244003296
667,26051,,,0.786786675453186,0.5436042547225952,,
668,26090,,,,,1.4429692029953003,0.4778493046760559
668,26090,,,0.7664430141448975,0.5655296444892883,,
669,26129,,,,,1.445899486541748,0.47628140449523926
669,26129,,,0.8004017472267151,0.5601201057434082,,
670,26168,,,,,1.446463942527771,0.4774535298347473
670,26168,,,0.792826771736145,0.5389537215232849,,
671,26207,,,,,1.4463571310043335,0.4754562973976135
671,26207,,,0.7838775515556335,0.5568879246711731,,
672,26246,,,,,1.4478590488433838,0.47461581230163574
672,26246,,,0.7846296429634094,0.5591257810592651,,
673,26285,,,,,1.4478169679641724,0.473185271024704
673,26285,,,0.8047363758087158,0.5303966999053955,,
674,26324,,,,,1.4478504657745361,0.4729193449020386
674,26324,,,0.7875221371650696,0.537956178188324,,
675,26363,,,,,1.4470939636230469,0.47359105944633484
675,26363,,,0.7964684963226318,0.5355548858642578,,
676,26402,,,,,1.4439798593521118,0.4747295677661896
676,26402,,,0.7837336659431458,0.5854011178016663,,
677,26441,,,,,1.4439897537231445,0.4755876660346985
677,26441,,,0.7769585847854614,0.5405962467193604,,
678,26480,,,,,1.4465206861495972,0.47486573457717896
678,26480,,,0.7967489957809448,0.5210838913917542,,
679,26519,,,,,1.4448378086090088,0.4751054048538208
679,26519,,,0.7837749123573303,0.5618303418159485,,
680,26558,,,,,1.4456164836883545,0.4753156006336212
680,26558,,,0.7900472283363342,0.5342574715614319,,
681,26597,,,,,1.4437565803527832,0.47524264454841614
681,26597,,,0.7786046266555786,0.572108268737793,,
682,26636,,,,,1.4453190565109253,0.47421830892562866
682,26636,,,0.7789943218231201,0.519332766532898,,
683,26675,,,,,1.4441730976104736,0.4750159680843353
683,26675,,,0.800424337387085,0.5467485189437866,,
684,26714,,,,,1.4454039335250854,0.4742383062839508
684,26714,,,0.7952789664268494,0.5442846417427063,,
685,26753,,,,,1.445429801940918,0.4737143814563751
685,26753,,,0.7816623449325562,0.5667299628257751,,
686,26792,,,,,1.445245385169983,0.47358185052871704
686,26792,,,0.8196723461151123,0.5352904796600342,,
687,26831,,,,,1.4426132440567017,0.4747481048107147
687,26831,,,0.7882298231124878,0.5745965242385864,,
688,26870,,,,,1.4424299001693726,0.4768272042274475
688,26870,,,0.81099933385849,0.5673063397407532,,
689,26909,,,,,1.4442229270935059,0.4773712754249573
689,26909,,,0.8024334907531738,0.5320066213607788,,
690,26948,,,,,1.4440841674804688,0.47701624035835266
690,26948,,,0.7856131196022034,0.5770849585533142,,
691,26987,,,,,1.44491446018219,0.47621724009513855
691,26987,,,0.7890378832817078,0.5616607666015625,,
692,27026,,,,,1.443373680114746,0.47836965322494507
692,27026,,,0.7917503714561462,0.53140789270401,,
693,27065,,,,,1.4443484544754028,0.47826868295669556
693,27065,,,0.7840839624404907,0.546274721622467,,
694,27104,,,,,1.4435886144638062,0.477851927280426
694,27104,,,0.8145451545715332,0.5253937244415283,,
695,27143,,,,,1.4431895017623901,0.47763127088546753
695,27143,,,0.7893365025520325,0.5488384962081909,,
696,27182,,,,,1.4436619281768799,0.47748443484306335
696,27182,,,0.79238361120224,0.5636519193649292,,
697,27221,,,,,1.4421966075897217,0.47833502292633057
697,27221,,,0.8030515313148499,0.5344513058662415,,
698,27260,,,,,1.4434919357299805,0.4767254889011383
698,27260,,,0.8109502196311951,0.5168620944023132,,
699,27299,,,,,1.4460152387619019,0.4760715365409851
699,27299,,,0.7735730409622192,0.5388107299804688,,
700,27338,,,,,1.4440540075302124,0.4751001000404358
700,27338,,,0.764893651008606,0.5709094405174255,,
701,27377,,,,,1.443793773651123,0.47504743933677673
701,27377,,,0.778760552406311,0.5451206564903259,,
702,27416,,,,,1.4408841133117676,0.47557249665260315
702,27416,,,0.8169368505477905,0.5442267060279846,,
703,27455,,,,,1.4399203062057495,0.4757513999938965
703,27455,,,0.8052674531936646,0.5566279292106628,,
704,27494,,,,,1.4421182870864868,0.4753241539001465
704,27494,,,0.7819890379905701,0.5748416781425476,,
705,27533,,,,,1.4403965473175049,0.4746812582015991
705,27533,,,0.777365505695343,0.5501574277877808,,
706,27572,,,,,1.4417688846588135,0.4736698865890503
706,27572,,,0.7770761251449585,0.5494133234024048,,
707,27611,,,,,1.4414937496185303,0.47401413321495056
707,27611,,,0.799222469329834,0.5788192749023438,,
708,27650,,,,,1.4429734945297241,0.47482314705848694
708,27650,,,0.8211231827735901,0.5462519526481628,,
709,27689,,,,,1.4435930252075195,0.4754854738712311
709,27689,,,0.7761543393135071,0.5611191391944885,,
710,27728,,,,,1.4422475099563599,0.47489577531814575
710,27728,,,0.7812291979789734,0.5844795107841492,,
711,27767,,,,,1.4433590173721313,0.47288477420806885
711,27767,,,0.7822784781455994,0.5447781682014465,,
712,27806,,,,,1.443394660949707,0.4739758372306824
712,27806,,,0.8054239749908447,0.5373810529708862,,
713,27845,,,,,1.4447661638259888,0.47329187393188477
713,27845,,,0.8021658062934875,0.5793127417564392,,
714,27884,,,,,1.4425684213638306,0.47334372997283936
714,27884,,,0.8006519079208374,0.5477307438850403,,
715,27923,,,,,1.4439984560012817,0.4726341962814331
715,27923,,,0.8069236874580383,0.5486377477645874,,
716,27962,,,,,1.442799687385559,0.472939133644104
716,27962,,,0.7903566360473633,0.5354278683662415,,
717,28001,,,,,1.4422091245651245,0.4748176634311676
717,28001,,,0.7814252972602844,0.5832119584083557,,
718,28040,,,,,1.4394563436508179,0.4743826687335968
718,28040,,,0.7750086188316345,0.5873022675514221,,
719,28079,,,,,1.4413753747940063,0.47334903478622437
719,28079,,,0.7922987341880798,0.561507523059845,,
720,28118,,,,,1.4423896074295044,0.4735509157180786
720,28118,,,0.8041249513626099,0.530959963798523,,
721,28157,,,,,1.445372223854065,0.47075730562210083
721,28157,,,0.7805874943733215,0.5445208549499512,,
722,28196,,,,,1.4476678371429443,0.4693142771720886
722,28196,,,0.7861281037330627,0.5524408221244812,,
723,28235,,,,,1.4439414739608765,0.4703991413116455
723,28235,,,0.7881560921669006,0.5501018762588501,,
724,28274,,,,,1.4444795846939087,0.4707351624965668
724,28274,,,0.7981138825416565,0.5599135756492615,,
725,28313,,,,,1.4415181875228882,0.47246676683425903
725,28313,,,0.7629028558731079,0.5705624222755432,,
726,28352,,,,,1.4418483972549438,0.4734508693218231
726,28352,,,0.7985029220581055,0.5692135691642761,,
727,28391,,,,,1.443334698677063,0.47338834404945374
727,28391,,,0.8172886967658997,0.5198447108268738,,
728,28430,,,,,1.4413015842437744,0.47401586174964905
728,28430,,,0.7813242673873901,0.5490499138832092,,
729,28469,,,,,1.440382957458496,0.47547340393066406
729,28469,,,0.7774372100830078,0.5558221340179443,,
730,28508,,,,,1.4390448331832886,0.4748595952987671
730,28508,,,0.7842773199081421,0.5597602128982544,,
731,28547,,,,,1.43934166431427,0.47462111711502075
731,28547,,,0.7638511657714844,0.5692479014396667,,
732,28586,,,,,1.4407116174697876,0.47204044461250305
732,28586,,,0.7825313210487366,0.5678674578666687,,
733,28625,,,,,1.4419523477554321,0.47272491455078125
733,28625,,,0.7714278101921082,0.5699519515037537,,
734,28664,,,,,1.4407380819320679,0.4726119339466095
734,28664,,,0.7766044735908508,0.5729774832725525,,
735,28703,,,,,1.442726731300354,0.4718872308731079
735,28703,,,0.7866989970207214,0.5575396418571472,,
736,28742,,,,,1.44386887550354,0.471164733171463
736,28742,,,0.7782348990440369,0.5760070085525513,,
737,28781,,,,,1.4442462921142578,0.47032713890075684
737,28781,,,0.772342324256897,0.5472233891487122,,
738,28820,,,,,1.4443882703781128,0.4700187146663666
738,28820,,,0.7756904363632202,0.5626339316368103,,
739,28859,,,,,1.446522831916809,0.4698393642902374
739,28859,,,0.7717809677124023,0.5554375052452087,,
740,28898,,,,,1.4449154138565063,0.4694862365722656
740,28898,,,0.7844688892364502,0.5579540133476257,,
741,28937,,,,,1.4435399770736694,0.4702240824699402
741,28937,,,0.7612445950508118,0.5989671349525452,,
742,28976,,,,,1.445139765739441,0.46756166219711304
742,28976,,,0.759693443775177,0.5751941204071045,,
743,29015,,,,,1.4459178447723389,0.4696223735809326
743,29015,,,0.7866039872169495,0.5466052889823914,,
744,29054,,,,,1.444916009902954,0.47013765573501587
744,29054,,,0.773716926574707,0.5624914765357971,,
745,29093,,,,,1.44428288936615,0.46807146072387695
745,29093,,,0.7841787338256836,0.5912362933158875,,
746,29132,,,,,1.4443351030349731,0.46899813413619995
746,29132,,,0.7923372387886047,0.575049877166748,,
747,29171,,,,,1.4450246095657349,0.4673110246658325
747,29171,,,0.7897088527679443,0.5305753350257874,,
748,29210,,,,,1.4468023777008057,0.4659646451473236
748,29210,,,0.799750030040741,0.5647258758544922,,
749,29249,,,,,1.4495431184768677,0.4665847420692444
749,29249,,,0.783941388130188,0.5348486304283142,,
750,29288,,,,,1.4482263326644897,0.46685776114463806
750,29288,,,0.7553246021270752,0.5612679719924927,,
751,29327,,,,,1.4426321983337402,0.470682829618454
751,29327,,,0.7815160751342773,0.5390604138374329,,
752,29366,,,,,1.443251371383667,0.47128114104270935
752,29366,,,0.7777881622314453,0.5724082589149475,,
753,29405,,,,,1.4441741704940796,0.4723173975944519
753,29405,,,0.7897704243659973,0.5712090730667114,,
754,29444,,,,,1.4410477876663208,0.4735439717769623
754,29444,,,0.8110138773918152,0.550987184047699,,
755,29483,,,,,1.4443765878677368,0.4726565480232239
755,29483,,,0.7807267308235168,0.5554084777832031,,
756,29522,,,,,1.4412310123443604,0.47335582971572876
756,29522,,,0.761677622795105,0.5880110263824463,,
757,29561,,,,,1.441529393196106,0.4731046259403229
757,29561,,,0.7943446636199951,0.5361164808273315,,
758,29600,,,,,1.4392145872116089,0.4753166735172272
758,29600,,,0.7502843141555786,0.6077454090118408,,
759,29639,,,,,1.4390466213226318,0.4753442704677582
759,29639,,,0.7890732884407043,0.5444860458374023,,
760,29678,,,,,1.4398095607757568,0.47538232803344727
760,29678,,,0.7720648646354675,0.5525251030921936,,
761,29717,,,,,1.4411288499832153,0.47588208317756653
761,29717,,,0.7759131193161011,0.541725218296051,,
762,29756,,,,,1.4397180080413818,0.47508442401885986
762,29756,,,0.7719349265098572,0.5692461729049683,,
763,29795,,,,,1.4391297101974487,0.47398829460144043
763,29795,,,0.8032371997833252,0.5591958165168762,,
764,29834,,,,,1.442983865737915,0.4724064767360687
764,29834,,,0.7834102511405945,0.5367413759231567,,
765,29873,,,,,1.4426707029342651,0.4724747836589813
765,29873,,,0.7976599335670471,0.5475381016731262,,
766,29912,,,,,1.44464111328125,0.4715852737426758
766,29912,,,0.7834578156471252,0.551575779914856,,
767,29951,,,,,1.4407429695129395,0.4714922308921814
767,29951,,,0.797987699508667,0.552226722240448,,
768,29990,,,,,1.4423348903656006,0.47147610783576965
768,29990,,,0.7660496234893799,0.5287981629371643,,
769,30029,,,,,1.4423476457595825,0.4697326421737671
769,30029,,,0.7492620944976807,0.5897329449653625,,
770,30068,,,,,1.4428181648254395,0.47120431065559387
770,30068,,,0.7606701850891113,0.5826190114021301,,
771,30107,,,,,1.4414368867874146,0.4713270366191864
771,30107,,,0.7617689371109009,0.5846360325813293,,
772,30146,,,,,1.440354585647583,0.47278454899787903
772,30146,,,0.7920444011688232,0.5518549680709839,,
773,30185,,,,,1.4395264387130737,0.4746134281158447
773,30185,,,0.7818783521652222,0.5701807737350464,,
774,30224,,,,,1.4384368658065796,0.47534453868865967
774,30224,,,0.7702601552009583,0.5870444178581238,,
775,30263,,,,,1.4419161081314087,0.47301018238067627
775,30263,,,0.8012954592704773,0.5456734895706177,,
776,30302,,,,,1.4411622285842896,0.4704115390777588
776,30302,,,0.7788162231445312,0.58439701795578,,
777,30341,,,,,1.4449493885040283,0.46918606758117676
777,30341,,,0.7818536758422852,0.5779178142547607,,
778,30380,,,,,1.4436622858047485,0.4698410630226135
778,30380,,,0.7788126468658447,0.5666254758834839,,
779,30419,,,,,1.4452444314956665,0.46923691034317017
779,30419,,,0.784699559211731,0.5520772337913513,,
780,30458,,,,,1.4456111192703247,0.4708106815814972
780,30458,,,0.7581759691238403,0.5454703569412231,,
781,30497,,,,,1.442755937576294,0.47243520617485046
781,30497,,,0.7631896734237671,0.5992938876152039,,
782,30536,,,,,1.4442700147628784,0.47162631154060364
782,30536,,,0.7858814597129822,0.5367336273193359,,
783,30575,,,,,1.4427772760391235,0.4729088246822357
783,30575,,,0.7810221910476685,0.5590153932571411,,
784,30614,,,,,1.4423435926437378,0.47354206442832947
784,30614,,,0.7611412405967712,0.5807054042816162,,
785,30653,,,,,1.4430732727050781,0.4717217683792114
785,30653,,,0.7698585391044617,0.5856116414070129,,
786,30692,,,,,1.4428373575210571,0.47151482105255127
786,30692,,,0.7731013894081116,0.5757744908332825,,
787,30731,,,,,1.4406516551971436,0.4732429087162018
787,30731,,,0.7629627585411072,0.5620859265327454,,
788,30770,,,,,1.442359447479248,0.4723203778266907
788,30770,,,0.7968941926956177,0.5591664910316467,,
789,30809,,,,,1.4413317441940308,0.4722402095794678
789,30809,,,0.778527021408081,0.5808061957359314,,
790,30848,,,,,1.4416804313659668,0.47173401713371277
790,30848,,,0.7891672849655151,0.5736872553825378,,
791,30887,,,,,1.438412070274353,0.4722333550453186
791,30887,,,0.7587143778800964,0.5704594254493713,,
792,30926,,,,,1.441469669342041,0.4706639051437378
792,30926,,,0.7715210318565369,0.5563093423843384,,
793,30965,,,,,1.444891095161438,0.46766790747642517
793,30965,,,0.7807877659797668,0.5407444834709167,,
794,31004,,,,,1.443475365638733,0.4680553078651428
794,31004,,,0.7725793123245239,0.5396699905395508,,
795,31043,,,,,1.4430311918258667,0.46941524744033813
795,31043,,,0.7680581212043762,0.5718264579772949,,
796,31082,,,,,1.442036509513855,0.4696998596191406
796,31082,,,0.7950494289398193,0.5536215305328369,,
797,31121,,,,,1.4420896768569946,0.4704107344150543
797,31121,,,0.7782891988754272,0.5464679002761841,,
798,31160,,,,,1.4413150548934937,0.47157856822013855
798,31160,,,0.7883449196815491,0.5678098797798157,,
799,31199,,,,,1.439275860786438,0.4725387990474701
799,31199,,,0.7643998265266418,0.5614722371101379,,
800,31238,,,,,1.4407882690429688,0.47302842140197754
800,31238,,,0.7744232416152954,0.5707693696022034,,
801,31277,,,,,1.438209056854248,0.4738316535949707
801,31277,,,0.7844588160514832,0.5728795528411865,,
802,31316,,,,,1.4398813247680664,0.4720837473869324
802,31316,,,0.776698887348175,0.5611567497253418,,
803,31355,,,,,1.439025640487671,0.4722895920276642
803,31355,,,0.7524639964103699,0.6277542114257812,,
804,31394,,,,,1.4398759603500366,0.4727685749530792
804,31394,,,0.7705453038215637,0.5754224061965942,,
805,31433,,,,,1.4411258697509766,0.47263845801353455
805,31433,,,0.7659799456596375,0.5805206298828125,,
806,31472,,,,,1.4423142671585083,0.47056564688682556
806,31472,,,0.8099941611289978,0.5564529895782471,,
807,31511,,,,,1.443127989768982,0.47160646319389343
807,31511,,,0.8063108325004578,0.5723214745521545,,
808,31550,,,,,1.4403249025344849,0.4707866907119751
808,31550,,,0.7639126777648926,0.5961616039276123,,
809,31589,,,,,1.438658595085144,0.4709548056125641
809,31589,,,0.7699630856513977,0.5889289975166321,,
810,31628,,,,,1.443781852722168,0.4689374268054962
810,31628,,,0.7708600759506226,0.5299105644226074,,
811,31667,,,,,1.442441463470459,0.46691837906837463
811,31667,,,0.7898287177085876,0.5307909250259399,,
812,31706,,,,,1.445151686668396,0.4667486846446991
812,31706,,,0.77022784948349,0.5843303799629211,,
813,31745,,,,,1.4450114965438843,0.46517232060432434
813,31745,,,0.7793892025947571,0.5880400538444519,,
814,31784,,,,,1.4455249309539795,0.4658190608024597
814,31784,,,0.7815414071083069,0.5449548363685608,,
815,31823,,,,,1.443627953529358,0.4669758081436157
815,31823,,,0.7742953896522522,0.5468650460243225,,
816,31862,,,,,1.4430108070373535,0.4664437472820282
816,31862,,,0.7982473373413086,0.5619490146636963,,
817,31901,,,,,1.4411530494689941,0.46772390604019165
817,31901,,,0.779428243637085,0.5383564233779907,,
818,31940,,,,,1.443885087966919,0.46659767627716064
818,31940,,,0.7872694730758667,0.5733955502510071,,
819,31979,,,,,1.4427369832992554,0.46676334738731384
819,31979,,,0.7657648921012878,0.6112228035926819,,
820,32018,,,,,1.443513035774231,0.4660514295101166
820,32018,,,0.8235592842102051,0.5392645001411438,,
821,32057,,,,,1.444569706916809,0.466857373714447
821,32057,,,0.7738597393035889,0.5705695748329163,,
822,32096,,,,,1.4419684410095215,0.46864017844200134
822,32096,,,0.7872858047485352,0.5870594382286072,,
823,32135,,,,,1.4427802562713623,0.46760648488998413
823,32135,,,0.7796290516853333,0.5506385564804077,,
824,32174,,,,,1.4448097944259644,0.46650806069374084
824,32174,,,0.7570275068283081,0.5725885033607483,,
825,32213,,,,,1.444172978401184,0.4665908217430115
825,32213,,,0.7962489128112793,0.572762668132782,,
826,32252,,,,,1.4423712491989136,0.4669479429721832
826,32252,,,0.7522932887077332,0.5827191472053528,,
827,32291,,,,,1.4410544633865356,0.4685211181640625
827,32291,,,0.767893373966217,0.5572625994682312,,
828,32330,,,,,1.440798282623291,0.4695749580860138
828,32330,,,0.7781198024749756,0.5567817091941833,,
829,32369,,,,,1.4409878253936768,0.47022804617881775
829,32369,,,0.7899806499481201,0.5859436392784119,,
830,32408,,,,,1.4396517276763916,0.4712565541267395
830,32408,,,0.7883540391921997,0.5490754246711731,,
831,32447,,,,,1.4399006366729736,0.47039464116096497
831,32447,,,0.7815855145454407,0.5742971301078796,,
832,32486,,,,,1.4372968673706055,0.47229620814323425
832,32486,,,0.756194531917572,0.5745354890823364,,
833,32525,,,,,1.4395054578781128,0.4713914394378662
833,32525,,,0.7822710871696472,0.5513752102851868,,
834,32564,,,,,1.4389415979385376,0.47309988737106323
834,32564,,,0.769257128238678,0.5832827687263489,,
835,32603,,,,,1.4404191970825195,0.47126203775405884
835,32603,,,0.7583216428756714,0.593597948551178,,
836,32642,,,,,1.4389684200286865,0.47197702527046204
836,32642,,,0.7629646062850952,0.5899930000305176,,
837,32681,,,,,1.4387491941452026,0.4714393615722656
837,32681,,,0.8066434860229492,0.5662607550621033,,
838,32720,,,,,1.4390394687652588,0.47061586380004883
838,32720,,,0.7555801868438721,0.587513267993927,,
839,32759,,,,,1.4402942657470703,0.47165659070014954
839,32759,,,0.7710712552070618,0.5914817452430725,,
840,32798,,,,,1.4409672021865845,0.47113388776779175
840,32798,,,0.7502467036247253,0.5895494818687439,,
841,32837,,,,,1.4393601417541504,0.47315874695777893
841,32837,,,0.7744506597518921,0.5687585473060608,,
842,32876,,,,,1.442221999168396,0.4692883789539337
842,32876,,,0.7706947922706604,0.5780999660491943,,
843,32915,,,,,1.4423911571502686,0.4692085087299347
843,32915,,,0.756119430065155,0.5685528516769409,,
844,32954,,,,,1.4419788122177124,0.4674076735973358
844,32954,,,0.7871273756027222,0.5866068601608276,,
845,32993,,,,,1.4429985284805298,0.46632832288742065
845,32993,,,0.7918711304664612,0.5738661289215088,,
846,33032,,,,,1.4404569864273071,0.46739712357521057
846,33032,,,0.7713261246681213,0.5961126089096069,,
847,33071,,,,,1.4395577907562256,0.4681411385536194
847,33071,,,0.7570920586585999,0.5696983337402344,,
848,33110,,,,,1.4413363933563232,0.46708011627197266
848,33110,,,0.778685450553894,0.5704288482666016,,
849,33149,,,,,1.4400324821472168,0.4667969346046448
849,33149,,,0.7781152725219727,0.5883777141571045,,
850,33188,,,,,1.4397108554840088,0.4683103859424591
850,33188,,,0.7835850119590759,0.5738210678100586,,
851,33227,,,,,1.4422506093978882,0.4661862254142761
851,33227,,,0.748063325881958,0.6139913201332092,,
852,33266,,,,,1.443852424621582,0.466467022895813
852,33266,,,0.7725785374641418,0.5785372853279114,,
853,33305,,,,,1.4451526403427124,0.46608826518058777
853,33305,,,0.79056316614151,0.5493159890174866,,
854,33344,,,,,1.4426705837249756,0.46605268120765686
854,33344,,,0.7889872789382935,0.5654647946357727,,
855,33383,,,,,1.4428961277008057,0.4663133919239044
855,33383,,,0.7591423988342285,0.5562344193458557,,
856,33422,,,,,1.4427415132522583,0.46706634759902954
856,33422,,,0.8021286725997925,0.5531395673751831,,
857,33461,,,,,1.4422087669372559,0.4653627872467041
857,33461,,,0.7833840847015381,0.6034800410270691,,
858,33500,,,,,1.439293622970581,0.4663589298725128
858,33500,,,0.7751875519752502,0.600082278251648,,
859,33539,,,,,1.4387640953063965,0.46829742193222046
859,33539,,,0.7754478454589844,0.5414523482322693,,
860,33578,,,,,1.4396981000900269,0.467470645904541
860,33578,,,0.7412269711494446,0.5906543731689453,,
861,33617,,,,,1.4410172700881958,0.4659859836101532
861,33617,,,0.7610265612602234,0.5867458581924438,,
862,33656,,,,,1.4423801898956299,0.46453800797462463
862,33656,,,0.7621622681617737,0.5728405117988586,,
863,33695,,,,,1.444191336631775,0.46397605538368225
863,33695,,,0.7513524889945984,0.5443495512008667,,
864,33734,,,,,1.442094087600708,0.46592000126838684
864,33734,,,0.7620768547058105,0.5832442045211792,,
865,33773,,,,,1.44175124168396,0.4675426185131073
865,33773,,,0.7874721884727478,0.6168549656867981,,
866,33812,,,,,1.4407380819320679,0.4681694209575653
866,33812,,,0.7600835561752319,0.5841561555862427,,
867,33851,,,,,1.4402521848678589,0.4677810072898865
867,33851,,,0.7765339612960815,0.5875170826911926,,
868,33890,,,,,1.4389903545379639,0.46742644906044006
868,33890,,,0.757585883140564,0.5972194671630859,,
869,33929,,,,,1.4409373998641968,0.46669918298721313
869,33929,,,0.7901158332824707,0.5848972797393799,,
870,33968,,,,,1.441451072692871,0.46706509590148926
870,33968,,,0.7874369025230408,0.5596023797988892,,
871,34007,,,,,1.439502477645874,0.4684852957725525
871,34007,,,0.7815507650375366,0.5791071057319641,,
872,34046,,,,,1.4402519464492798,0.4670718014240265
872,34046,,,0.7538195848464966,0.59988933801651,,
873,34085,,,,,1.442132592201233,0.464016854763031
873,34085,,,0.7504075169563293,0.6356634497642517,,
874,34124,,,,,1.4448555707931519,0.4608861207962036
874,34124,,,0.7490126490592957,0.5847015976905823,,
875,34163,,,,,1.444358229637146,0.4607044756412506
875,34163,,,0.7786684036254883,0.5969999432563782,,
876,34202,,,,,1.44222891330719,0.4607302248477936
876,34202,,,0.767270028591156,0.5958470106124878,,
877,34241,,,,,1.442899465560913,0.4606465697288513
877,34241,,,0.7908033728599548,0.579278290271759,,
878,34280,,,,,1.4400194883346558,0.46108633279800415
878,34280,,,0.7720965147018433,0.5555208921432495,,
879,34319,,,,,1.4416314363479614,0.46129360795021057
879,34319,,,0.7856537699699402,0.5721972584724426,,
880,34358,,,,,1.440108060836792,0.4633854925632477
880,34358,,,0.75700443983078,0.6205416917800903,,
881,34397,,,,,1.4414784908294678,0.4619865417480469
881,34397,,,0.7731218934059143,0.5780836939811707,,
882,34436,,,,,1.4422377347946167,0.4611387252807617
882,34436,,,0.7690972089767456,0.5877412557601929,,
883,34475,,,,,1.4433436393737793,0.46014976501464844
883,34475,,,0.7737081050872803,0.5597232580184937,,
884,34514,,,,,1.4430135488510132,0.460862934589386
884,34514,,,0.7756641507148743,0.581908106803894,,
885,34553,,,,,1.4407020807266235,0.46187514066696167
885,34553,,,0.7527982592582703,0.5967833995819092,,
886,34592,,,,,1.4396287202835083,0.46299800276756287
886,34592,,,0.7775994539260864,0.5675231218338013,,
887,34631,,,,,1.4410958290100098,0.46133875846862793
887,34631,,,0.7563489079475403,0.5953395962715149,,
888,34670,,,,,1.4395790100097656,0.4627322852611542
888,34670,,,0.7580011487007141,0.5907805562019348,,
889,34709,,,,,1.4380384683609009,0.46237626671791077
889,34709,,,0.7528067231178284,0.6194553971290588,,
890,34748,,,,,1.4382511377334595,0.4621359705924988
890,34748,,,0.7874657511711121,0.5723869800567627,,
891,34787,,,,,1.441379189491272,0.4628954231739044
891,34787,,,0.7806991338729858,0.5588260293006897,,
892,34826,,,,,1.4416533708572388,0.4620908498764038
892,34826,,,0.7919658422470093,0.5428592562675476,,
893,34865,,,,,1.4408740997314453,0.4608033299446106
893,34865,,,0.7734181880950928,0.5863816738128662,,
894,34904,,,,,1.4416074752807617,0.4599909782409668
894,34904,,,0.7798282504081726,0.5876208543777466,,
895,34943,,,,,1.4406415224075317,0.46024128794670105
895,34943,,,0.7484681606292725,0.6089499592781067,,
896,34982,,,,,1.4394091367721558,0.46157002449035645
896,34982,,,0.7791719436645508,0.5598325729370117,,
897,35021,,,,,1.4394795894622803,0.46089330315589905
897,35021,,,0.7716651558876038,0.5687915682792664,,
898,35060,,,,,1.4406059980392456,0.4595508575439453
898,35060,,,0.7602028250694275,0.5782684087753296,,
899,35099,,,,,1.4400231838226318,0.45979395508766174
899,35099,,,0.7690182328224182,0.5885505080223083,,
900,35138,,,,,1.4409745931625366,0.45877137780189514
900,35138,,,0.7520667910575867,0.6208922266960144,,
901,35177,,,,,1.4385496377944946,0.46022355556488037
901,35177,,,0.765436053276062,0.6183041930198669,,
902,35216,,,,,1.4406962394714355,0.4602952301502228
902,35216,,,0.7622179388999939,0.5935006737709045,,
903,35255,,,,,1.439853549003601,0.4608500301837921
903,35255,,,0.7658318877220154,0.565690815448761,,
904,35294,,,,,1.439773440361023,0.4601958096027374
904,35294,,,0.7762613296508789,0.5784673690795898,,
905,35333,,,,,1.4411991834640503,0.4593963027000427
905,35333,,,0.7530292272567749,0.590405285358429,,
906,35372,,,,,1.441274642944336,0.4606035649776459
906,35372,,,0.7662695646286011,0.5975340008735657,,
907,35411,,,,,1.4417344331741333,0.45846396684646606
907,35411,,,0.7492595911026001,0.5722808837890625,,
908,35450,,,,,1.441003441810608,0.4602356255054474
908,35450,,,0.7685217261314392,0.6048942804336548,,
909,35489,,,,,1.4404504299163818,0.4601438045501709
909,35489,,,0.7515627145767212,0.6026391983032227,,
910,35528,,,,,1.4392248392105103,0.4618320167064667
910,35528,,,0.7553239464759827,0.5900654196739197,,
911,35567,,,,,1.440502405166626,0.46063345670700073
911,35567,,,0.7753983736038208,0.6008780598640442,,
912,35606,,,,,1.4390432834625244,0.46246910095214844
912,35606,,,0.7586949467658997,0.5964480042457581,,
913,35645,,,,,1.4385786056518555,0.46304038166999817
913,35645,,,0.7835716605186462,0.6017287969589233,,
914,35684,,,,,1.4381190538406372,0.46208927035331726
914,35684,,,0.724750280380249,0.6238020658493042,,
915,35723,,,,,1.437384009361267,0.46259182691574097
915,35723,,,0.7531952857971191,0.6168951392173767,,
916,35762,,,,,1.4389660358428955,0.4614763557910919
916,35762,,,0.7634438872337341,0.599077582359314,,
917,35801,,,,,1.438817024230957,0.4611209034919739
917,35801,,,0.7524963021278381,0.5713217258453369,,
918,35840,,,,,1.4399809837341309,0.4601617157459259
918,35840,,,0.7549715042114258,0.6030710339546204,,
919,35879,,,,,1.437933087348938,0.46188369393348694
919,35879,,,0.7883347868919373,0.5690250992774963,,
920,35918,,,,,1.4355891942977905,0.46258866786956787
920,35918,,,0.7693454027175903,0.6025711297988892,,
921,35957,,,,,1.4368391036987305,0.4622802436351776
921,35957,,,0.7684998512268066,0.5887495875358582,,
922,35996,,,,,1.4379875659942627,0.46052655577659607
922,35996,,,0.7686821818351746,0.606425940990448,,
923,36035,,,,,1.4395618438720703,0.46027234196662903
923,36035,,,0.7450810670852661,0.6158621907234192,,
924,36074,,,,,1.4372345209121704,0.46254804730415344
924,36074,,,0.7597054839134216,0.5896376967430115,,
925,36113,,,,,1.4394711256027222,0.46231865882873535
925,36113,,,0.7630267143249512,0.6472423672676086,,
926,36152,,,,,1.4388924837112427,0.461868017911911
926,36152,,,0.7791245579719543,0.5986961722373962,,
927,36191,,,,,1.4393943548202515,0.4604243040084839
927,36191,,,0.7672168612480164,0.5724278688430786,,
928,36230,,,,,1.4420405626296997,0.45811325311660767
928,36230,,,0.7947308421134949,0.5723027586936951,,
929,36269,,,,,1.4436085224151611,0.45598021149635315
929,36269,,,0.7587389945983887,0.607479989528656,,
930,36308,,,,,1.443852424621582,0.45492178201675415
930,36308,,,0.7538387775421143,0.615029513835907,,
931,36347,,,,,1.4426506757736206,0.45500773191452026
931,36347,,,0.7797267436981201,0.5623016953468323,,
932,36386,,,,,1.4401559829711914,0.45751816034317017
932,36386,,,0.7202178239822388,0.6267384886741638,,
933,36425,,,,,1.4400287866592407,0.4567815363407135
933,36425,,,0.7542045712471008,0.6214056611061096,,
934,36464,,,,,1.439652919769287,0.45590463280677795
934,36464,,,0.7599519491195679,0.5773085355758667,,
935,36503,,,,,1.4405198097229004,0.4554591774940491
935,36503,,,0.7681401968002319,0.5914945602416992,,
936,36542,,,,,1.4399614334106445,0.45502299070358276
936,36542,,,0.7524590492248535,0.6079585552215576,,
937,36581,,,,,1.4399644136428833,0.45468708872795105
937,36581,,,0.7506843209266663,0.6350758671760559,,
938,36620,,,,,1.441290020942688,0.45644837617874146
938,36620,,,0.7327276468276978,0.6225382685661316,,
939,36659,,,,,1.4406558275222778,0.45733433961868286
939,36659,,,0.7754026055335999,0.5834836959838867,,
940,36698,,,,,1.438960313796997,0.45625561475753784
940,36698,,,0.7666069269180298,0.5729050040245056,,
941,36737,,,,,1.4408539533615112,0.45441362261772156
941,36737,,,0.7204242944717407,0.632178783416748,,
942,36776,,,,,1.4391597509384155,0.456597238779068
942,36776,,,0.7997653484344482,0.575811505317688,,
943,36815,,,,,1.4426389932632446,0.45312613248825073
943,36815,,,0.7579234838485718,0.591795802116394,,
944,36854,,,,,1.4410920143127441,0.4522288739681244
944,36854,,,0.7852379083633423,0.5700065493583679,,
945,36893,,,,,1.4419186115264893,0.4515708088874817
945,36893,,,0.7866479158401489,0.5745859146118164,,
946,36932,,,,,1.4394962787628174,0.4533829092979431
946,36932,,,0.7706997990608215,0.5711172819137573,,
947,36971,,,,,1.441929817199707,0.45236390829086304
947,36971,,,0.7800019979476929,0.6031304597854614,,
948,37010,,,,,1.4424623250961304,0.45211800932884216
948,37010,,,0.7741737961769104,0.6028649210929871,,
949,37049,,,,,1.4445644617080688,0.4488663971424103
949,37049,,,0.775606632232666,0.6003627181053162,,
950,37088,,,,,1.4464504718780518,0.44793397188186646
950,37088,,,0.7792680263519287,0.5624279379844666,,
951,37127,,,,,1.4430797100067139,0.45069435238838196
951,37127,,,0.753879964351654,0.6218964457511902,,
952,37166,,,,,1.4427651166915894,0.4532545208930969
952,37166,,,0.7524988651275635,0.6228843331336975,,
953,37205,,,,,1.4408860206604004,0.45426541566848755
953,37205,,,0.7759506106376648,0.6030581593513489,,
954,37244,,,,,1.4417438507080078,0.45450013875961304
954,37244,,,0.7708868384361267,0.5771525502204895,,
955,37283,,,,,1.442876935005188,0.45408350229263306
955,37283,,,0.767837643623352,0.598629355430603,,
956,37322,,,,,1.4385639429092407,0.4555329978466034
956,37322,,,0.7659545540809631,0.6066246032714844,,
957,37361,,,,,1.43974769115448,0.4548696279525757
957,37361,,,0.7369590401649475,0.6174650192260742,,
958,37400,,,,,1.4416024684906006,0.4550895094871521
958,37400,,,0.7807574272155762,0.5833098888397217,,
959,37439,,,,,1.4405776262283325,0.45344027876853943
959,37439,,,0.7514092922210693,0.5964634418487549,,
960,37478,,,,,1.440297245979309,0.4552205502986908
960,37478,,,0.776408314704895,0.5616722106933594,,
961,37517,,,,,1.4435198307037354,0.45238760113716125
961,37517,,,0.7893530130386353,0.557429313659668,,
962,37556,,,,,1.4435184001922607,0.4526497423648834
962,37556,,,0.7358434796333313,0.5648617744445801,,
963,37595,,,,,1.4420653581619263,0.45295989513397217
963,37595,,,0.7540063858032227,0.5823554992675781,,
964,37634,,,,,1.4448367357254028,0.4523807764053345
964,37634,,,0.7749411463737488,0.5761232376098633,,
965,37673,,,,,1.4424608945846558,0.45411500334739685
965,37673,,,0.7630656361579895,0.6181877851486206,,
966,37712,,,,,1.442681074142456,0.4534025490283966
966,37712,,,0.7668097615242004,0.5707869529724121,,
967,37751,,,,,1.4428054094314575,0.45243674516677856
967,37751,,,0.7775716185569763,0.5702789425849915,,
968,37790,,,,,1.4433881044387817,0.4517587125301361
968,37790,,,0.7459208369255066,0.607234537601471,,
969,37829,,,,,1.4412297010421753,0.45503944158554077
969,37829,,,0.7486421465873718,0.6040459871292114,,
970,37868,,,,,1.4399462938308716,0.4562006890773773
970,37868,,,0.7767115235328674,0.625510573387146,,
971,37907,,,,,1.4405447244644165,0.4566529095172882
971,37907,,,0.7525907754898071,0.6160439252853394,,
972,37946,,,,,1.4405136108398438,0.4567049741744995
972,37946,,,0.7826172113418579,0.5718942284584045,,
973,37985,,,,,1.4394744634628296,0.4574255645275116
973,37985,,,0.7913593053817749,0.5980000495910645,,
974,38024,,,,,1.4400938749313354,0.456548273563385
974,38024,,,0.7815276980400085,0.5669713020324707,,
975,38063,,,,,1.4414191246032715,0.4544447064399719
975,38063,,,0.7560602426528931,0.619155764579773,,
976,38102,,,,,1.4394724369049072,0.4555627107620239
976,38102,,,0.7551633715629578,0.6230596899986267,,
977,38141,,,,,1.4369182586669922,0.4567965269088745
977,38141,,,0.7394578456878662,0.6442198157310486,,
978,38180,,,,,1.4393755197525024,0.4559830129146576
978,38180,,,0.7663014531135559,0.6019002199172974,,
979,38219,,,,,1.4383693933486938,0.45594242215156555
979,38219,,,0.7574630379676819,0.6082189679145813,,
980,38258,,,,,1.4395465850830078,0.45614269375801086
980,38258,,,0.7575149536132812,0.5893374681472778,,
981,38297,,,,,1.440989375114441,0.45379623770713806
981,38297,,,0.7727948427200317,0.5862427353858948,,
982,38336,,,,,1.4404093027114868,0.45331326127052307
982,38336,,,0.7583717107772827,0.5974252820014954,,
983,38375,,,,,1.441710352897644,0.45304515957832336
983,38375,,,0.7670572996139526,0.5612806081771851,,
984,38414,,,,,1.441377878189087,0.45240887999534607
984,38414,,,0.7564558982849121,0.6069735288619995,,
985,38453,,,,,1.4423651695251465,0.44974592328071594
985,38453,,,0.759087085723877,0.6022217869758606,,
986,38492,,,,,1.443854808807373,0.44965848326683044
986,38492,,,0.753463864326477,0.6079410314559937,,
987,38531,,,,,1.4442744255065918,0.4473823010921478
987,38531,,,0.769236147403717,0.5873805284500122,,
988,38570,,,,,1.4442567825317383,0.44820985198020935
988,38570,,,0.7499191761016846,0.5959579348564148,,
989,38609,,,,,1.4426692724227905,0.4484593868255615
989,38609,,,0.7563368082046509,0.5896356105804443,,
990,38648,,,,,1.4450243711471558,0.45103615522384644
990,38648,,,0.739169716835022,0.615038275718689,,
991,38687,,,,,1.4421982765197754,0.4516206979751587
991,38687,,,0.7592126131057739,0.6207020282745361,,
992,38726,,,,,1.4406551122665405,0.453072190284729
992,38726,,,0.7494089007377625,0.5881049036979675,,
993,38765,,,,,1.4393985271453857,0.4547249674797058
993,38765,,,0.7661885023117065,0.6156572103500366,,
994,38804,,,,,1.4411286115646362,0.45524048805236816
994,38804,,,0.749822735786438,0.6255545020103455,,
995,38843,,,,,1.4379212856292725,0.4562549591064453
995,38843,,,0.7936211824417114,0.5761672258377075,,
996,38882,,,,,1.4389197826385498,0.45583000779151917
996,38882,,,0.7389474511146545,0.5805172920227051,,
997,38921,,,,,1.4393608570098877,0.45493170619010925
997,38921,,,0.7560725212097168,0.6249943971633911,,
998,38960,,,,,1.440605878829956,0.45503416657447815
998,38960,,,0.7725058197975159,0.6253823637962341,,
999,38999,,,,,1.4394954442977905,0.4531993269920349
999,38999,,,0.7435852289199829,0.6058729887008667,,
1000,39038,,,,,1.4396770000457764,0.4520888328552246
1000,39038,,,0.748457133769989,0.61222904920578,,
1001,39077,,,,,1.4406098127365112,0.4504986107349396
1001,39077,,,0.7324644327163696,0.6163813471794128,,
1002,39116,,,,,1.4399864673614502,0.449007511138916
1002,39116,,,0.7375114560127258,0.643142819404602,,
1003,39155,,,,,1.4424891471862793,0.44943884015083313
1003,39155,,,0.7462562322616577,0.591831624507904,,
1004,39194,,,,,1.4422889947891235,0.4495275616645813
1004,39194,,,0.7540977001190186,0.5930961966514587,,
1005,39233,,,,,1.4411183595657349,0.44791319966316223
1005,39233,,,0.7466800212860107,0.6004350185394287,,
1006,39272,,,,,1.442255973815918,0.44758787751197815
1006,39272,,,0.7564902305603027,0.61541748046875,,
1007,39311,,,,,1.4411898851394653,0.44763368368148804
1007,39311,,,0.7520491480827332,0.5798598527908325,,
1008,39350,,,,,1.4409880638122559,0.44763821363449097
1008,39350,,,0.7616714835166931,0.5739423036575317,,
1009,39389,,,,,1.4425265789031982,0.4473053514957428
1009,39389,,,0.7475312948226929,0.6138086318969727,,
1010,39428,,,,,1.4421979188919067,0.4444892704486847
1010,39428,,,0.7681861519813538,0.600195586681366,,
1011,39467,,,,,1.4438081979751587,0.4438026249408722
1011,39467,,,0.7272053956985474,0.6116481423377991,,
1012,39506,,,,,1.442583680152893,0.44614601135253906
1012,39506,,,0.7479549050331116,0.6154355406761169,,
1013,39545,,,,,1.4429244995117188,0.44868266582489014
1013,39545,,,0.7510308623313904,0.6015157699584961,,
1014,39584,,,,,1.4419585466384888,0.4473990201950073
1014,39584,,,0.7460503578186035,0.6149037480354309,,
1015,39623,,,,,1.4415513277053833,0.4482261836528778
1015,39623,,,0.7316705584526062,0.6526501178741455,,
1016,39662,,,,,1.4411877393722534,0.4471668004989624
1016,39662,,,0.7564956545829773,0.6060590744018555,,
1017,39701,,,,,1.4421026706695557,0.4462016224861145
1017,39701,,,0.7860246896743774,0.5604985952377319,,
1018,39740,,,,,1.4426753520965576,0.44427916407585144
1018,39740,,,0.7673959136009216,0.6020914912223816,,
1019,39779,,,,,1.4420852661132812,0.4460092782974243
1019,39779,,,0.7669037580490112,0.6122866272926331,,
1020,39818,,,,,1.4417341947555542,0.4467400014400482
1020,39818,,,0.7762625217437744,0.6137435436248779,,
1021,39819,1.5519407987594604,0.36241990327835083,,,,
