epoch,step,test_loss,test_pcc,train_loss_epoch,train_pcc_epoch,val_loss,val_pcc
0,38,,,,,0.7667624354362488,0.28676262497901917
0,38,,,1.3695135116577148,-0.02617194689810276,,
1,77,,,,,0.7536180019378662,0.2731098234653473
1,77,,,1.3262543678283691,-0.02376188524067402,,
2,116,,,,,0.7759832143783569,0.2632732391357422
2,116,,,1.3267682790756226,0.019281944260001183,,
3,155,,,,,0.7436052560806274,0.2552341818809509
3,155,,,1.3017891645431519,-0.01691688410937786,,
4,194,,,,,0.7256821393966675,0.2583787441253662
4,194,,,1.2954010963439941,0.04730626195669174,,
5,233,,,,,0.7470149993896484,0.25824588537216187
5,233,,,1.3212897777557373,0.07440880686044693,,
6,272,,,,,0.7762774229049683,0.24672676622867584
6,272,,,1.2863339185714722,0.08141915500164032,,
7,311,,,,,0.732241690158844,0.23824402689933777
7,311,,,1.2634379863739014,0.0866689458489418,,
8,350,,,,,0.7639433741569519,0.23384417593479156
8,350,,,1.2817821502685547,0.09577836096286774,,
9,389,,,,,0.7455143332481384,0.23499102890491486
9,389,,,1.300194263458252,0.1342659294605255,,
10,428,,,,,0.7669423818588257,0.23903262615203857
10,428,,,1.2990083694458008,0.18183568120002747,,
11,467,,,,,0.771982729434967,0.24011842906475067
11,467,,,1.2693592309951782,0.2603447139263153,,
12,506,,,,,0.744127094745636,0.2406269758939743
12,506,,,1.2228740453720093,0.2684568166732788,,
13,545,,,,,0.7301151156425476,0.2448347508907318
13,545,,,1.230530858039856,0.2956089377403259,,
14,584,,,,,0.7550279498100281,0.2500150203704834
14,584,,,1.2335556745529175,0.3314870297908783,,
15,623,,,,,0.7612173557281494,0.25207677483558655
15,623,,,1.1957836151123047,0.3382813632488251,,
16,662,,,,,0.7303860783576965,0.2605505883693695
16,662,,,1.2008306980133057,0.3763924539089203,,
17,701,,,,,0.8010936975479126,0.25954487919807434
17,701,,,1.2296937704086304,0.35434475541114807,,
18,740,,,,,0.7837802767753601,0.266582727432251
18,740,,,1.2051506042480469,0.38932254910469055,,
19,779,,,,,0.8419274687767029,0.27011385560035706
19,779,,,1.1927183866500854,0.40688419342041016,,
20,818,,,,,0.7850868105888367,0.2774572968482971
20,818,,,1.1870064735412598,0.40103286504745483,,
21,857,,,,,0.8369079232215881,0.2809861898422241
21,857,,,1.1951138973236084,0.42573219537734985,,
22,896,,,,,0.7796471118927002,0.28377634286880493
22,896,,,1.207682728767395,0.41754356026649475,,
23,935,,,,,0.7834609746932983,0.2873663306236267
23,935,,,1.1763578653335571,0.41153478622436523,,
24,974,,,,,0.7407978773117065,0.2904263734817505
24,974,,,1.192366600036621,0.44034600257873535,,
25,1013,,,,,0.8122537732124329,0.29194051027297974
25,1013,,,1.2062101364135742,0.3906262516975403,,
26,1052,,,,,0.8076587915420532,0.29407066106796265
26,1052,,,1.1146901845932007,0.4629508852958679,,
27,1091,,,,,0.7670063376426697,0.29669997096061707
27,1091,,,1.180124282836914,0.38704484701156616,,
28,1130,,,,,0.7681289911270142,0.2995406687259674
28,1130,,,1.130720853805542,0.43499505519866943,,
29,1169,,,,,0.7979583144187927,0.3023577332496643
29,1169,,,1.1504706144332886,0.43891090154647827,,
30,1208,,,,,0.7941964864730835,0.3039435148239136
30,1208,,,1.1145377159118652,0.4572144150733948,,
31,1247,,,,,0.8220250010490417,0.30499473214149475
31,1247,,,1.1973451375961304,0.4580957591533661,,
32,1286,,,,,0.8060550093650818,0.30636873841285706
32,1286,,,1.1269923448562622,0.4342082142829895,,
33,1325,,,,,0.807457447052002,0.3105684518814087
33,1325,,,1.1485687494277954,0.46089133620262146,,
34,1364,,,,,0.8140774369239807,0.31454429030418396
34,1364,,,1.1566455364227295,0.4359901547431946,,
35,1403,,,,,0.7825492024421692,0.3176800012588501
35,1403,,,1.1506459712982178,0.4299267530441284,,
36,1442,,,,,0.8411208987236023,0.3187720775604248
36,1442,,,1.1384227275848389,0.46669191122055054,,
37,1481,,,,,0.7689769268035889,0.3227062523365021
37,1481,,,1.1378765106201172,0.44502946734428406,,
38,1520,,,,,0.7485321760177612,0.3238687217235565
38,1520,,,1.143633246421814,0.4670296609401703,,
39,1559,,,,,0.7876889705657959,0.3251575827598572
39,1559,,,1.1646000146865845,0.4378461241722107,,
40,1598,,,,,0.7981602549552917,0.3244592845439911
40,1598,,,1.126383900642395,0.45976415276527405,,
41,1637,,,,,0.7430175542831421,0.3263920843601227
41,1637,,,1.1443841457366943,0.4441269040107727,,
42,1676,,,,,0.8329452872276306,0.3288891017436981
42,1676,,,1.136566400527954,0.48607343435287476,,
43,1715,,,,,0.7542827129364014,0.33200952410697937
43,1715,,,1.1542288064956665,0.44136208295822144,,
44,1754,,,,,0.7503437399864197,0.33117038011550903
44,1754,,,1.1149787902832031,0.4685489535331726,,
45,1793,,,,,0.7603372931480408,0.33308079838752747
45,1793,,,1.0947659015655518,0.46800702810287476,,
46,1832,,,,,0.7717001438140869,0.3361247479915619
46,1832,,,1.134135127067566,0.45910462737083435,,
47,1871,,,,,0.7920111417770386,0.337781697511673
47,1871,,,1.121974229812622,0.47920358180999756,,
48,1910,,,,,0.811614453792572,0.33974963426589966
48,1910,,,1.1090456247329712,0.4420330226421356,,
49,1949,,,,,0.7769629955291748,0.3406051695346832
49,1949,,,1.137939691543579,0.48783600330352783,,
50,1988,,,,,0.7929214835166931,0.3424670398235321
50,1988,,,1.1125823259353638,0.4838816821575165,,
51,2027,,,,,0.810344934463501,0.3429488241672516
51,2027,,,1.1120625734329224,0.509859025478363,,
52,2066,,,,,0.7579442858695984,0.34160730242729187
52,2066,,,1.1119095087051392,0.4737806022167206,,
53,2105,,,,,0.76080322265625,0.3417898416519165
53,2105,,,1.1228106021881104,0.4769849181175232,,
54,2144,,,,,0.7840380072593689,0.3437484800815582
54,2144,,,1.1214162111282349,0.49938255548477173,,
55,2183,,,,,0.8267894387245178,0.3441504240036011
55,2183,,,1.1524111032485962,0.4758969843387604,,
56,2222,,,,,0.788373589515686,0.3432663083076477
56,2222,,,1.136365294456482,0.4741560220718384,,
57,2261,,,,,0.780981719493866,0.34635481238365173
57,2261,,,1.1338791847229004,0.4698124825954437,,
58,2300,,,,,0.7835432887077332,0.34741491079330444
58,2300,,,1.145135521888733,0.47109222412109375,,
59,2339,,,,,0.74079829454422,0.3451388478279114
59,2339,,,1.1063199043273926,0.49955475330352783,,
60,2378,,,,,0.8088933229446411,0.34708601236343384
60,2378,,,1.091802954673767,0.4771292209625244,,
61,2417,,,,,0.7826310992240906,0.3481505215167999
61,2417,,,1.1140216588974,0.5213261842727661,,
62,2456,,,,,0.7533432245254517,0.35086342692375183
62,2456,,,1.1137713193893433,0.47352156043052673,,
63,2495,,,,,0.7748280167579651,0.3525339365005493
63,2495,,,1.172931432723999,0.45745712518692017,,
64,2534,,,,,0.799022912979126,0.35414618253707886
64,2534,,,1.117339015007019,0.4778333306312561,,
65,2573,,,,,0.7827757596969604,0.3554433286190033
65,2573,,,1.103585124015808,0.4848625957965851,,
66,2612,,,,,0.7656315565109253,0.35613521933555603
66,2612,,,1.1196353435516357,0.451373815536499,,
67,2651,,,,,0.7998204231262207,0.3570224344730377
67,2651,,,1.1082139015197754,0.4716261923313141,,
68,2690,,,,,0.8236203193664551,0.35813575983047485
68,2690,,,1.1073373556137085,0.48459845781326294,,
69,2729,,,,,0.780788242816925,0.358743280172348
69,2729,,,1.0841596126556396,0.5010402798652649,,
70,2768,,,,,0.7868550419807434,0.35856667160987854
70,2768,,,1.0817352533340454,0.49921685457229614,,
71,2807,,,,,0.777912974357605,0.3587664067745209
71,2807,,,1.0742521286010742,0.4948137104511261,,
72,2846,,,,,0.8034613728523254,0.35905131697654724
72,2846,,,1.1211142539978027,0.4585464596748352,,
73,2885,,,,,0.7784371972084045,0.3593944013118744
73,2885,,,1.126486897468567,0.4787793755531311,,
74,2924,,,,,0.7367473244667053,0.3610250651836395
74,2924,,,1.1046488285064697,0.4320320188999176,,
75,2963,,,,,0.7965402603149414,0.3641226589679718
75,2963,,,1.1121220588684082,0.4916953444480896,,
76,3002,,,,,0.7439269423484802,0.36459800601005554
76,3002,,,1.0990606546401978,0.4799252152442932,,
77,3041,,,,,0.7500316500663757,0.3660181164741516
77,3041,,,1.1282548904418945,0.4476673901081085,,
78,3080,,,,,0.7401729226112366,0.366574227809906
78,3080,,,1.1245040893554688,0.441683828830719,,
79,3119,,,,,0.7721992135047913,0.366605281829834
79,3119,,,1.095000982284546,0.49086806178092957,,
80,3158,,,,,0.7769024968147278,0.36745622754096985
80,3158,,,1.0893279314041138,0.4670172333717346,,
81,3197,,,,,0.777971088886261,0.36726856231689453
81,3197,,,1.092417597770691,0.4893052875995636,,
82,3236,,,,,0.7671907544136047,0.3683648407459259
82,3236,,,1.1421762704849243,0.4687466621398926,,
83,3275,,,,,0.78668612241745,0.3684276044368744
83,3275,,,1.1606053113937378,0.4613409638404846,,
84,3314,,,,,0.7650180459022522,0.3697652816772461
84,3314,,,1.0753467082977295,0.519099235534668,,
85,3353,,,,,0.7301161289215088,0.3717055320739746
85,3353,,,1.1056362390518188,0.4650212228298187,,
86,3392,,,,,0.7903853058815002,0.37205907702445984
86,3392,,,1.108299732208252,0.46590590476989746,,
87,3431,,,,,0.7906111478805542,0.3721410930156708
87,3431,,,1.108258605003357,0.4923100173473358,,
88,3470,,,,,0.7641985416412354,0.3732355237007141
88,3470,,,1.1355246305465698,0.4535832405090332,,
89,3509,,,,,0.7999978065490723,0.3736859858036041
89,3509,,,1.091127872467041,0.5170028805732727,,
90,3548,,,,,0.772273063659668,0.3739367127418518
90,3548,,,1.0718286037445068,0.48643240332603455,,
91,3587,,,,,0.7748984098434448,0.37416911125183105
91,3587,,,1.124969244003296,0.4559129476547241,,
92,3626,,,,,0.7932948470115662,0.3749772608280182
92,3626,,,1.0907230377197266,0.4865937829017639,,
93,3665,,,,,0.7847195267677307,0.37501147389411926
93,3665,,,1.1477364301681519,0.4775049686431885,,
94,3704,,,,,0.7697027921676636,0.3749811053276062
94,3704,,,1.11813485622406,0.48612892627716064,,
95,3743,,,,,0.7634085416793823,0.37438735365867615
95,3743,,,1.1183085441589355,0.4716514050960541,,
96,3782,,,,,0.7422710657119751,0.3755432069301605
96,3782,,,1.1412456035614014,0.46180763840675354,,
97,3821,,,,,0.774321973323822,0.3775237798690796
97,3821,,,1.0829116106033325,0.5052952170372009,,
98,3860,,,,,0.7867206335067749,0.3787039518356323
98,3860,,,1.1408746242523193,0.4937954545021057,,
99,3899,,,,,0.75253826379776,0.37771880626678467
99,3899,,,1.0842517614364624,0.47524750232696533,,
100,3938,,,,,0.7616238594055176,0.37659016251564026
100,3938,,,1.1145398616790771,0.46761736273765564,,
101,3977,,,,,0.800528883934021,0.3785739243030548
101,3977,,,1.0867401361465454,0.4767600893974304,,
102,4016,,,,,0.7375255823135376,0.3793288767337799
102,4016,,,1.096598744392395,0.49150726199150085,,
103,4055,,,,,0.7714846134185791,0.3786100745201111
103,4055,,,1.1211400032043457,0.4870896339416504,,
104,4094,,,,,0.7781440615653992,0.37830954790115356
104,4094,,,1.1092783212661743,0.5044268369674683,,
105,4133,,,,,0.7538889050483704,0.3783073127269745
105,4133,,,1.081671953201294,0.47255608439445496,,
106,4172,,,,,0.7653307318687439,0.3794674873352051
106,4172,,,1.0828144550323486,0.5150278806686401,,
107,4211,,,,,0.7715951800346375,0.3784888982772827
107,4211,,,1.1164320707321167,0.4857315719127655,,
108,4250,,,,,0.7567247748374939,0.3791232705116272
108,4250,,,1.0845736265182495,0.5327954888343811,,
109,4289,,,,,0.7856169939041138,0.3805546164512634
109,4289,,,1.0875989198684692,0.4864398241043091,,
110,4328,,,,,0.7856400609016418,0.3809947967529297
110,4328,,,1.0797250270843506,0.4667111039161682,,
111,4367,,,,,0.737790048122406,0.37934914231300354
111,4367,,,1.075991153717041,0.46737441420555115,,
112,4406,,,,,0.8290116190910339,0.3815068304538727
112,4406,,,1.1065235137939453,0.48355942964553833,,
113,4445,,,,,0.7663590908050537,0.37907713651657104
113,4445,,,1.0992465019226074,0.4975717067718506,,
114,4484,,,,,0.7398515939712524,0.38041216135025024
114,4484,,,1.0752915143966675,0.494062215089798,,
115,4523,,,,,0.8135054111480713,0.38100695610046387
115,4523,,,1.0709775686264038,0.5032144784927368,,
116,4562,,,,,0.7890762686729431,0.38188713788986206
116,4562,,,1.1413198709487915,0.49208977818489075,,
117,4601,,,,,0.7539179921150208,0.38372471928596497
117,4601,,,1.1217868328094482,0.4980255663394928,,
118,4640,,,,,0.8388803005218506,0.38522595167160034
118,4640,,,1.0716413259506226,0.5070655345916748,,
119,4679,,,,,0.7893741130828857,0.38647475838661194
119,4679,,,1.1137186288833618,0.4729367792606354,,
120,4718,,,,,0.7640867829322815,0.38683488965034485
120,4718,,,1.1088446378707886,0.4946765899658203,,
121,4757,,,,,0.7848824858665466,0.38556069135665894
121,4757,,,1.0734601020812988,0.49428611993789673,,
122,4796,,,,,0.8056500554084778,0.3847522735595703
122,4796,,,1.0893056392669678,0.4795985221862793,,
123,4835,,,,,0.802523672580719,0.3842427432537079
123,4835,,,1.1090166568756104,0.49750036001205444,,
124,4874,,,,,0.7914485335350037,0.3851087987422943
124,4874,,,1.0916070938110352,0.5011535286903381,,
125,4913,,,,,0.79616779088974,0.38544774055480957
125,4913,,,1.108947515487671,0.47004348039627075,,
126,4952,,,,,0.8020032048225403,0.38370785117149353
126,4952,,,1.099929928779602,0.4874010384082794,,
127,4991,,,,,0.7988231182098389,0.38347047567367554
127,4991,,,1.0788376331329346,0.5087788105010986,,
128,5030,,,,,0.7767193913459778,0.3848879933357239
128,5030,,,1.111218810081482,0.4758962392807007,,
129,5069,,,,,0.7797896862030029,0.3842393159866333
129,5069,,,1.0635135173797607,0.5052671432495117,,
130,5108,,,,,0.7705155611038208,0.38770508766174316
130,5108,,,1.0972201824188232,0.47125351428985596,,
131,5147,,,,,0.7455697655677795,0.386833518743515
131,5147,,,1.1123895645141602,0.4962620735168457,,
132,5186,,,,,0.7806110978126526,0.38741210103034973
132,5186,,,1.1178007125854492,0.4948863387107849,,
133,5225,,,,,0.7733662724494934,0.38695332407951355
133,5225,,,1.0926992893218994,0.5140501260757446,,
134,5264,,,,,0.8009095191955566,0.38627830147743225
134,5264,,,1.1049319505691528,0.4824215769767761,,
135,5303,,,,,0.7707816362380981,0.3857298791408539
135,5303,,,1.1180428266525269,0.4902394115924835,,
136,5342,,,,,0.7317546606063843,0.3864750862121582
136,5342,,,1.0897901058197021,0.48599982261657715,,
137,5381,,,,,0.7513709664344788,0.3858455717563629
137,5381,,,1.1088885068893433,0.5079061388969421,,
138,5420,,,,,0.7482209801673889,0.3861576318740845
138,5420,,,1.1324079036712646,0.49277129769325256,,
139,5459,,,,,0.6971766352653503,0.38505318760871887
139,5459,,,1.1032308340072632,0.47606462240219116,,
140,5498,,,,,0.7647534608840942,0.3872586786746979
140,5498,,,1.0754358768463135,0.5286970138549805,,
141,5537,,,,,0.7825186848640442,0.3872348964214325
141,5537,,,1.0684481859207153,0.5178186893463135,,
142,5576,,,,,0.7624620795249939,0.3868637979030609
142,5576,,,1.0923088788986206,0.49719786643981934,,
143,5615,,,,,0.7994655966758728,0.3879448175430298
143,5615,,,1.0649867057800293,0.4917778968811035,,
144,5654,,,,,0.774448812007904,0.3888918161392212
144,5654,,,1.0966103076934814,0.4916301667690277,,
145,5693,,,,,0.7374429106712341,0.38812118768692017
145,5693,,,1.1242865324020386,0.44640472531318665,,
146,5732,,,,,0.7468327283859253,0.3874910771846771
146,5732,,,1.0939793586730957,0.4920143783092499,,
147,5771,,,,,0.7881401777267456,0.38742494583129883
147,5771,,,1.0707594156265259,0.5175109505653381,,
148,5810,,,,,0.7113038301467896,0.38629257678985596
148,5810,,,1.0894269943237305,0.49594467878341675,,
149,5849,,,,,0.744665265083313,0.38759171962738037
149,5849,,,1.0641824007034302,0.4937184154987335,,
150,5888,,,,,0.7420278787612915,0.3871934115886688
150,5888,,,1.1057720184326172,0.48715341091156006,,
151,5927,,,,,0.7403863072395325,0.387906014919281
151,5927,,,1.0842230319976807,0.4857768416404724,,
152,5966,,,,,0.7478458881378174,0.38824886083602905
152,5966,,,1.1162281036376953,0.4974731504917145,,
153,6005,,,,,0.7654998302459717,0.38857248425483704
153,6005,,,1.1120160818099976,0.5134866833686829,,
154,6044,,,,,0.7568937540054321,0.388820081949234
154,6044,,,1.0731477737426758,0.508054256439209,,
155,6083,,,,,0.7739671468734741,0.3892952501773834
155,6083,,,1.0767254829406738,0.48343202471733093,,
156,6122,,,,,0.7904810309410095,0.38940882682800293
156,6122,,,1.0440609455108643,0.5029784440994263,,
157,6161,,,,,0.7353564500808716,0.3877476751804352
157,6161,,,1.1158578395843506,0.5027725696563721,,
158,6200,,,,,0.7917677164077759,0.3896849453449249
158,6200,,,1.0937374830245972,0.47722741961479187,,
159,6239,,,,,0.7363684773445129,0.387788325548172
159,6239,,,1.1373251676559448,0.49033838510513306,,
160,6278,,,,,0.8320938348770142,0.3879501223564148
160,6278,,,1.0837076902389526,0.5315222144126892,,
161,6317,,,,,0.740688145160675,0.3856589198112488
161,6317,,,1.0954935550689697,0.49876394867897034,,
162,6356,,,,,0.7711931467056274,0.38702231645584106
162,6356,,,1.0809574127197266,0.4987849295139313,,
163,6395,,,,,0.7555797696113586,0.3863125741481781
163,6395,,,1.0938868522644043,0.49402379989624023,,
164,6434,,,,,0.7753934264183044,0.3857862651348114
164,6434,,,1.1152716875076294,0.5047040581703186,,
165,6473,,,,,0.7628756165504456,0.38491737842559814
165,6473,,,1.0452882051467896,0.5100582242012024,,
166,6512,,,,,0.768334150314331,0.38593974709510803
166,6512,,,1.0837633609771729,0.5133951902389526,,
167,6551,,,,,0.7346894145011902,0.3859124779701233
167,6551,,,1.109637975692749,0.4776868224143982,,
168,6590,,,,,0.7425796985626221,0.38614100217819214
168,6590,,,1.0962035655975342,0.4932498037815094,,
169,6629,,,,,0.7759330868721008,0.3865963816642761
169,6629,,,1.0768990516662598,0.5107036828994751,,
170,6668,,,,,0.7657458186149597,0.3883049786090851
170,6668,,,1.1099445819854736,0.5028284788131714,,
171,6707,,,,,0.758625864982605,0.3884517252445221
171,6707,,,1.0568689107894897,0.5168845057487488,,
172,6746,,,,,0.7560089826583862,0.38885894417762756
172,6746,,,1.080221176147461,0.4960939884185791,,
173,6785,,,,,0.7590770125389099,0.3880413770675659
173,6785,,,1.127240777015686,0.503656804561615,,
174,6824,,,,,0.7604659199714661,0.3867165446281433
174,6824,,,1.0920827388763428,0.4828941524028778,,
175,6863,,,,,0.714895486831665,0.3853408098220825
175,6863,,,1.1238523721694946,0.4838183522224426,,
176,6902,,,,,0.7509775161743164,0.38710537552833557
176,6902,,,1.0748746395111084,0.5106465220451355,,
177,6941,,,,,0.7558637857437134,0.38696208596229553
177,6941,,,1.092142939567566,0.5131044387817383,,
178,6980,,,,,0.7903693914413452,0.3881431519985199
178,6980,,,1.0805835723876953,0.5063028335571289,,
179,7019,,,,,0.7598623633384705,0.3871098756790161
179,7019,,,1.0557706356048584,0.518047034740448,,
180,7058,,,,,0.7602742314338684,0.3867173492908478
180,7058,,,1.0591269731521606,0.5344257950782776,,
181,7097,,,,,0.7965662479400635,0.3895857334136963
181,7097,,,1.0789403915405273,0.5027185678482056,,
182,7136,,,,,0.748212456703186,0.38931673765182495
182,7136,,,1.1196647882461548,0.4908548891544342,,
183,7175,,,,,0.7450821399688721,0.38911008834838867
183,7175,,,1.0876024961471558,0.49494993686676025,,
184,7214,,,,,0.7474343180656433,0.39005136489868164
184,7214,,,1.0640960931777954,0.4958052933216095,,
185,7253,,,,,0.742608368396759,0.38929247856140137
185,7253,,,1.0861116647720337,0.5063589215278625,,
186,7292,,,,,0.7513868808746338,0.38889455795288086
186,7292,,,1.0738143920898438,0.5019468069076538,,
187,7331,,,,,0.7565776705741882,0.38777410984039307
187,7331,,,1.0757312774658203,0.4950943887233734,,
188,7370,,,,,0.7923555970191956,0.38892143964767456
188,7370,,,1.0538899898529053,0.5197083353996277,,
189,7409,,,,,0.7648161053657532,0.38880807161331177
189,7409,,,1.1063745021820068,0.48707443475723267,,
190,7448,,,,,0.76832115650177,0.3889707028865814
190,7448,,,1.0830014944076538,0.5186805725097656,,
191,7487,,,,,0.7610236406326294,0.3886623978614807
191,7487,,,1.0566613674163818,0.5099095106124878,,
192,7526,,,,,0.7607370615005493,0.3879568874835968
192,7526,,,1.0854843854904175,0.5124406814575195,,
193,7565,,,,,0.7542506456375122,0.3869307041168213
193,7565,,,1.101879358291626,0.49265676736831665,,
194,7604,,,,,0.7643030881881714,0.38653042912483215
194,7604,,,1.087124228477478,0.4913684129714966,,
195,7643,,,,,0.808079183101654,0.3873126804828644
195,7643,,,1.1098233461380005,0.5442026853561401,,
196,7682,,,,,0.7582850456237793,0.38473954796791077
196,7682,,,1.0564844608306885,0.5091348886489868,,
197,7721,,,,,0.7758100032806396,0.38628652691841125
197,7721,,,1.0864242315292358,0.5183889865875244,,
198,7760,,,,,0.7802783250808716,0.3875904977321625
198,7760,,,1.074704885482788,0.5452665090560913,,
199,7799,,,,,0.8060333728790283,0.388495534658432
199,7799,,,1.0608354806900024,0.5212653279304504,,
200,7838,,,,,0.7847812175750732,0.3869578540325165
200,7838,,,1.0840975046157837,0.5023419260978699,,
201,7877,,,,,0.7551113367080688,0.38579994440078735
201,7877,,,1.1431571245193481,0.4780408442020416,,
202,7916,,,,,0.7747909426689148,0.38613077998161316
202,7916,,,1.0895029306411743,0.5041744112968445,,
203,7955,,,,,0.7541943788528442,0.3852916657924652
203,7955,,,1.086572527885437,0.48664674162864685,,
204,7994,,,,,0.7754881978034973,0.3848762810230255
204,7994,,,1.0921252965927124,0.5109539031982422,,
205,8033,,,,,0.783359944820404,0.38483843207359314
205,8033,,,1.090921401977539,0.5074380040168762,,
206,8072,,,,,0.8077354431152344,0.387119323015213
206,8072,,,1.0451641082763672,0.558721125125885,,
207,8111,,,,,0.77095627784729,0.38666054606437683
207,8111,,,1.0779622793197632,0.4972282350063324,,
208,8150,,,,,0.7957131862640381,0.386936217546463
208,8150,,,1.0972354412078857,0.5232565999031067,,
209,8189,,,,,0.747981071472168,0.3864520192146301
209,8189,,,1.072767734527588,0.5019708871841431,,
210,8228,,,,,0.7609817981719971,0.3873078227043152
210,8228,,,1.0753482580184937,0.5047616958618164,,
211,8267,,,,,0.7601816058158875,0.38579127192497253
211,8267,,,1.068986415863037,0.5419141054153442,,
212,8306,,,,,0.7904409766197205,0.38716745376586914
212,8306,,,1.0817385911941528,0.5205687880516052,,
213,8345,,,,,0.7515056729316711,0.3852895200252533
213,8345,,,1.135221004486084,0.5191367268562317,,
214,8384,,,,,0.7584370970726013,0.38612061738967896
214,8384,,,1.1126493215560913,0.5276099443435669,,
215,8423,,,,,0.7554023861885071,0.3860345780849457
215,8423,,,1.068677306175232,0.5001915693283081,,
216,8462,,,,,0.7775423526763916,0.38732099533081055
216,8462,,,1.0520541667938232,0.523949146270752,,
217,8501,,,,,0.7883620858192444,0.38788336515426636
217,8501,,,1.0775870084762573,0.4952554404735565,,
218,8540,,,,,0.7838598489761353,0.3871847689151764
218,8540,,,1.111452579498291,0.49255508184432983,,
219,8579,,,,,0.7561569809913635,0.38573750853538513
219,8579,,,1.0792806148529053,0.4803474247455597,,
220,8618,,,,,0.7595861554145813,0.3858667314052582
220,8618,,,1.1344131231307983,0.48430579900741577,,
221,8657,,,,,0.7973564863204956,0.3885170519351959
221,8657,,,1.0753827095031738,0.5105336904525757,,
222,8696,,,,,0.7710576057434082,0.38714390993118286
222,8696,,,1.057289958000183,0.5382832288742065,,
223,8735,,,,,0.7675345540046692,0.3865816593170166
223,8735,,,1.0336289405822754,0.5686735510826111,,
224,8774,,,,,0.7868157029151917,0.3868594467639923
224,8774,,,1.084323763847351,0.5306511521339417,,
225,8813,,,,,0.7799083590507507,0.38642001152038574
225,8813,,,1.0645034313201904,0.509751558303833,,
226,8852,,,,,0.7695300579071045,0.3839496374130249
226,8852,,,1.1113994121551514,0.5224154591560364,,
227,8891,,,,,0.7356144189834595,0.37952154874801636
227,8891,,,1.0687531232833862,0.5272558927536011,,
228,8930,,,,,0.8314000964164734,0.38468116521835327
228,8930,,,1.0800914764404297,0.5343880653381348,,
229,8969,,,,,0.7689725756645203,0.38145822286605835
229,8969,,,1.0516144037246704,0.505035400390625,,
230,9008,,,,,0.7731536030769348,0.3820839822292328
230,9008,,,1.102498173713684,0.49186673760414124,,
231,9047,,,,,0.7427957653999329,0.3800841271877289
231,9047,,,1.0498226881027222,0.5123379230499268,,
232,9086,,,,,0.7553956508636475,0.3791276812553406
232,9086,,,1.072089433670044,0.5293365716934204,,
233,9125,,,,,0.804265558719635,0.38318079710006714
233,9125,,,1.068075180053711,0.524793803691864,,
234,9164,,,,,0.7749305367469788,0.38037627935409546
234,9164,,,1.072996735572815,0.5379582643508911,,
235,9203,,,,,0.7869616150856018,0.38330692052841187
235,9203,,,1.0721160173416138,0.5049753189086914,,
236,9242,,,,,0.7999410033226013,0.3844767212867737
236,9242,,,1.051746129989624,0.528579831123352,,
237,9281,,,,,0.8030656576156616,0.38339221477508545
237,9281,,,1.0990365743637085,0.49342378973960876,,
238,9320,,,,,0.7593010067939758,0.38166069984436035
238,9320,,,1.0722416639328003,0.5292352437973022,,
239,9359,,,,,0.7513751983642578,0.3817031681537628
239,9359,,,1.0477440357208252,0.526539146900177,,
240,9398,,,,,0.7951951622962952,0.3847942650318146
240,9398,,,1.1138134002685547,0.504328191280365,,
241,9437,,,,,0.786350429058075,0.3840638995170593
241,9437,,,1.051858901977539,0.5519797205924988,,
242,9476,,,,,0.7658820748329163,0.382427841424942
242,9476,,,1.0838732719421387,0.5067259073257446,,
243,9515,,,,,0.7755550146102905,0.3836584687232971
243,9515,,,1.0718995332717896,0.5159773826599121,,
244,9554,,,,,0.7626538276672363,0.3832181394100189
244,9554,,,1.0535537004470825,0.5230087637901306,,
245,9593,,,,,0.7877888083457947,0.384978324174881
245,9593,,,1.0776740312576294,0.5096940994262695,,
246,9632,,,,,0.7718429565429688,0.3852121829986572
246,9632,,,1.0526018142700195,0.5422981381416321,,
247,9671,,,,,0.7828418016433716,0.38490039110183716
247,9671,,,1.0604379177093506,0.5222596526145935,,
248,9710,,,,,0.7531833052635193,0.38230013847351074
248,9710,,,1.0540294647216797,0.5129688382148743,,
249,9749,,,,,0.778266429901123,0.38425305485725403
249,9749,,,1.043845772743225,0.5002145767211914,,
250,9788,,,,,0.7663204669952393,0.3856700360774994
250,9788,,,1.0541974306106567,0.5430287718772888,,
251,9827,,,,,0.8091250061988831,0.3879571557044983
251,9827,,,1.0808064937591553,0.5370193123817444,,
252,9866,,,,,0.7723811864852905,0.3852541446685791
252,9866,,,1.0609995126724243,0.5195584297180176,,
253,9905,,,,,0.7692376375198364,0.38459038734436035
253,9905,,,1.0754610300064087,0.521804690361023,,
254,9944,,,,,0.77154940366745,0.38484621047973633
254,9944,,,1.0940632820129395,0.5200125575065613,,
255,9983,,,,,0.7633948922157288,0.3834919035434723
255,9983,,,1.0621734857559204,0.5189782381057739,,
256,10022,,,,,0.8115265965461731,0.3847545385360718
256,10022,,,1.070509433746338,0.5066093802452087,,
257,10061,,,,,0.7732487916946411,0.3823759853839874
257,10061,,,1.0858919620513916,0.5350542664527893,,
258,10100,,,,,0.7727783918380737,0.3836818039417267
258,10100,,,1.07842218875885,0.5203673243522644,,
259,10139,,,,,0.7787492275238037,0.3847287595272064
259,10139,,,1.0600237846374512,0.5035162568092346,,
260,10178,,,,,0.7661669254302979,0.3837087154388428
260,10178,,,1.06181001663208,0.505748450756073,,
261,10217,,,,,0.7669851183891296,0.383004754781723
261,10217,,,1.07024085521698,0.48038679361343384,,
262,10256,,,,,0.7658964395523071,0.37969714403152466
262,10256,,,1.0779540538787842,0.5192305445671082,,
263,10295,,,,,0.76732337474823,0.3798386752605438
263,10295,,,1.0604420900344849,0.5427879691123962,,
264,10334,,,,,0.7579683661460876,0.37992915511131287
264,10334,,,1.0641814470291138,0.5110822916030884,,
265,10373,,,,,0.7757468223571777,0.38059744238853455
265,10373,,,1.0850214958190918,0.5469310283660889,,
266,10412,,,,,0.7708442211151123,0.37847650051116943
266,10412,,,1.0380327701568604,0.5746011137962341,,
267,10451,,,,,0.7615771889686584,0.37910178303718567
267,10451,,,1.0812342166900635,0.5154616832733154,,
268,10490,,,,,0.7734622955322266,0.37950196862220764
268,10490,,,1.0665956735610962,0.4906911551952362,,
269,10529,,,,,0.7866580486297607,0.3805035650730133
269,10529,,,1.0815702676773071,0.5223562717437744,,
270,10568,,,,,0.784792959690094,0.38185107707977295
270,10568,,,1.0357608795166016,0.516442596912384,,
271,10607,,,,,0.7696235179901123,0.38172128796577454
271,10607,,,1.0480992794036865,0.5319951176643372,,
272,10646,,,,,0.7945552468299866,0.3828720450401306
272,10646,,,1.0918569564819336,0.5435864329338074,,
273,10685,,,,,0.7832063436508179,0.3811134099960327
273,10685,,,1.0709986686706543,0.5235497951507568,,
274,10724,,,,,0.7656798958778381,0.3816121518611908
274,10724,,,1.0724753141403198,0.5253782868385315,,
275,10763,,,,,0.7777244448661804,0.3822234869003296
275,10763,,,1.0415064096450806,0.5622640252113342,,
276,10802,,,,,0.7636951208114624,0.381840318441391
276,10802,,,1.0545461177825928,0.5147395730018616,,
277,10841,,,,,0.759922981262207,0.3808445930480957
277,10841,,,1.0390762090682983,0.5288681387901306,,
278,10880,,,,,0.7842928767204285,0.3811795115470886
278,10880,,,1.061992883682251,0.5475659370422363,,
279,10919,,,,,0.7781267762184143,0.38099405169487
279,10919,,,1.0526459217071533,0.5543051362037659,,
280,10958,,,,,0.7686246633529663,0.3800300061702728
280,10958,,,1.0592436790466309,0.5203407406806946,,
281,10997,,,,,0.7727579474449158,0.382195383310318
281,10997,,,1.0426969528198242,0.5244736075401306,,
282,11036,,,,,0.7922055721282959,0.38291123509407043
282,11036,,,1.0152615308761597,0.5338211059570312,,
283,11075,,,,,0.7862297892570496,0.3824830651283264
283,11075,,,1.084533452987671,0.5249860882759094,,
284,11114,,,,,0.7744579315185547,0.3782878816127777
284,11114,,,1.0633870363235474,0.5325585603713989,,
285,11153,,,,,0.771550178527832,0.37993332743644714
285,11153,,,1.0662440061569214,0.49653396010398865,,
286,11192,,,,,0.7874606847763062,0.3809433579444885
286,11192,,,1.0918575525283813,0.5246089100837708,,
287,11231,,,,,0.8012031316757202,0.3829442858695984
287,11231,,,1.0585027933120728,0.5757607817649841,,
288,11270,,,,,0.7840332388877869,0.3806740343570709
288,11270,,,1.0811318159103394,0.5079469680786133,,
289,11309,,,,,0.8046740889549255,0.3851315975189209
289,11309,,,1.0850263833999634,0.5444862842559814,,
290,11348,,,,,0.7561721801757812,0.3815377652645111
290,11348,,,1.0683674812316895,0.5131159424781799,,
291,11387,,,,,0.7842977643013,0.38329386711120605
291,11387,,,1.0275689363479614,0.5691893696784973,,
292,11426,,,,,0.764335572719574,0.3834998309612274
292,11426,,,1.0583730936050415,0.5386629104614258,,
293,11465,,,,,0.7978824377059937,0.38787850737571716
293,11465,,,1.0478790998458862,0.5538650751113892,,
294,11504,,,,,0.7596695423126221,0.38211822509765625
294,11504,,,1.0747178792953491,0.511288046836853,,
295,11543,,,,,0.7587419152259827,0.3801429569721222
295,11543,,,1.048584222793579,0.5181349515914917,,
296,11582,,,,,0.7852725386619568,0.383370578289032
296,11582,,,1.0707277059555054,0.533919095993042,,
297,11621,,,,,0.7603873014450073,0.3809445798397064
297,11621,,,1.0193368196487427,0.5507177114486694,,
298,11660,,,,,0.7679151296615601,0.3828531801700592
298,11660,,,1.0235949754714966,0.579706609249115,,
299,11699,,,,,0.7882541418075562,0.38595372438430786
299,11699,,,1.0398497581481934,0.5635653138160706,,
300,11738,,,,,0.7738194465637207,0.38386815786361694
300,11738,,,1.0394564867019653,0.5480590462684631,,
301,11777,,,,,0.7852824926376343,0.3846551179885864
301,11777,,,1.0356087684631348,0.5563143491744995,,
302,11816,,,,,0.7584925293922424,0.3809683322906494
302,11816,,,1.0605562925338745,0.5271046161651611,,
303,11855,,,,,0.7474417090415955,0.37796756625175476
303,11855,,,1.036882996559143,0.5563058257102966,,
304,11894,,,,,0.7607322931289673,0.3780742287635803
304,11894,,,1.0783015489578247,0.5332509279251099,,
305,11933,,,,,0.7871056199073792,0.38207921385765076
305,11933,,,1.0401948690414429,0.5715782642364502,,
306,11972,,,,,0.7697342038154602,0.37769457697868347
306,11972,,,1.0698351860046387,0.5410922765731812,,
307,12011,,,,,0.806169331073761,0.3833789527416229
307,12011,,,1.0549843311309814,0.5163833498954773,,
308,12050,,,,,0.7971769571304321,0.3818061649799347
308,12050,,,1.0726348161697388,0.5540935397148132,,
309,12089,,,,,0.7604593634605408,0.37650904059410095
309,12089,,,1.0122531652450562,0.5731216073036194,,
310,12128,,,,,0.769102931022644,0.3766927719116211
310,12128,,,1.0386911630630493,0.580130934715271,,
311,12167,,,,,0.7445830702781677,0.3724592328071594
311,12167,,,1.0584129095077515,0.4918081760406494,,
312,12206,,,,,0.7826657295227051,0.37868213653564453
312,12206,,,1.0835318565368652,0.5406268239021301,,
313,12245,,,,,0.7698788642883301,0.37492311000823975
313,12245,,,1.0231976509094238,0.5383123755455017,,
314,12284,,,,,0.7677289843559265,0.37708863615989685
314,12284,,,1.051121473312378,0.5546082854270935,,
315,12323,,,,,0.7649783492088318,0.37676870822906494
315,12323,,,1.0514498949050903,0.5465413928031921,,
316,12362,,,,,0.7946890592575073,0.3750970959663391
316,12362,,,1.0374139547348022,0.5445154309272766,,
317,12401,,,,,0.7690187096595764,0.3755160868167877
317,12401,,,1.0549390316009521,0.5238015651702881,,
318,12440,,,,,0.749857485294342,0.3727306127548218
318,12440,,,1.0442683696746826,0.5488947629928589,,
319,12479,,,,,0.7538707256317139,0.3707822859287262
319,12479,,,1.056396245956421,0.5581140518188477,,
320,12518,,,,,0.7463515996932983,0.372102290391922
320,12518,,,1.0094751119613647,0.5654656291007996,,
321,12557,,,,,0.7509329319000244,0.37339597940444946
321,12557,,,1.0286022424697876,0.5505154132843018,,
322,12596,,,,,0.7621972560882568,0.37549731135368347
322,12596,,,1.0446901321411133,0.5409871339797974,,
323,12635,,,,,0.7619487643241882,0.3736993968486786
323,12635,,,1.045532464981079,0.5599481463432312,,
324,12674,,,,,0.750840961933136,0.3725490868091583
324,12674,,,1.0485814809799194,0.566220223903656,,
325,12713,,,,,0.7541833519935608,0.374602347612381
325,12713,,,1.0274839401245117,0.5665489435195923,,
326,12752,,,,,0.7691659927368164,0.3780416250228882
326,12752,,,1.0470725297927856,0.5925697088241577,,
327,12791,,,,,0.75144362449646,0.37449583411216736
327,12791,,,1.0313549041748047,0.5703427791595459,,
328,12830,,,,,0.7625986337661743,0.37496301531791687
328,12830,,,1.0338550806045532,0.5697693824768066,,
329,12869,,,,,0.7772531509399414,0.3777742385864258
329,12869,,,1.0458115339279175,0.5711616277694702,,
330,12908,,,,,0.7403479218482971,0.3716672658920288
330,12908,,,1.0492277145385742,0.5648518204689026,,
331,12947,,,,,0.7374563813209534,0.37408629059791565
331,12947,,,1.0521267652511597,0.5172246098518372,,
332,12986,,,,,0.7518259286880493,0.3742211163043976
332,12986,,,1.0756877660751343,0.5710461139678955,,
333,13025,,,,,0.7558600306510925,0.37487974762916565
333,13025,,,1.0049406290054321,0.5557467341423035,,
334,13064,,,,,0.7666887640953064,0.37738677859306335
334,13064,,,1.0151395797729492,0.5924264788627625,,
335,13103,,,,,0.7619515061378479,0.3749336004257202
335,13103,,,1.0481412410736084,0.5559594631195068,,
336,13142,,,,,0.7743191123008728,0.3776116371154785
336,13142,,,1.0783640146255493,0.5161005258560181,,
337,13181,,,,,0.7616015076637268,0.37413397431373596
337,13181,,,1.015613317489624,0.6113898158073425,,
338,13220,,,,,0.7799525260925293,0.37719446420669556
338,13220,,,1.0103347301483154,0.561680018901825,,
339,13259,,,,,0.7825873494148254,0.37679505348205566
339,13259,,,1.0259299278259277,0.5926411151885986,,
340,13298,,,,,0.7599968910217285,0.37233659625053406
340,13298,,,1.016905426979065,0.5634644627571106,,
341,13337,,,,,0.7703125476837158,0.3747219443321228
341,13337,,,1.008939504623413,0.5756840109825134,,
342,13376,,,,,0.7495639324188232,0.3696431517601013
342,13376,,,1.0732604265213013,0.541119396686554,,
343,13415,,,,,0.7780237197875977,0.37461432814598083
343,13415,,,1.024829626083374,0.5982840061187744,,
344,13454,,,,,0.7329627871513367,0.36559978127479553
344,13454,,,1.0168508291244507,0.6046566963195801,,
345,13493,,,,,0.7581135630607605,0.37225979566574097
345,13493,,,1.0437248945236206,0.5701910257339478,,
346,13532,,,,,0.7480469346046448,0.36988627910614014
346,13532,,,1.0007847547531128,0.5678713321685791,,
347,13571,,,,,0.7939369082450867,0.37740588188171387
347,13571,,,1.0334960222244263,0.5871321558952332,,
348,13610,,,,,0.7717611193656921,0.3754473030567169
348,13610,,,1.0130664110183716,0.5926707983016968,,
349,13649,,,,,0.7554171085357666,0.37388119101524353
349,13649,,,1.0259815454483032,0.570466160774231,,
350,13688,,,,,0.7396096587181091,0.3680826723575592
350,13688,,,1.0189238786697388,0.5853974223136902,,
351,13727,,,,,0.7708925008773804,0.37476861476898193
351,13727,,,0.9958044290542603,0.5741415023803711,,
352,13766,,,,,0.7623181939125061,0.3733696937561035
352,13766,,,1.035902500152588,0.5853729844093323,,
353,13805,,,,,0.7552808523178101,0.3712894320487976
353,13805,,,1.0342864990234375,0.5739420652389526,,
354,13844,,,,,0.7279049754142761,0.36579087376594543
354,13844,,,1.0344370603561401,0.5521769523620605,,
355,13883,,,,,0.7739551067352295,0.37683215737342834
355,13883,,,1.0412517786026,0.5622590780258179,,
356,13922,,,,,0.7467662692070007,0.37049558758735657
356,13922,,,1.0430792570114136,0.5656636953353882,,
357,13961,,,,,0.7678879499435425,0.37392154335975647
357,13961,,,1.0374664068222046,0.561843991279602,,
358,14000,,,,,0.7605258822441101,0.3720897436141968
358,14000,,,1.0150986909866333,0.5894317626953125,,
359,14039,,,,,0.7775676250457764,0.3769777715206146
359,14039,,,0.9962704181671143,0.5831283926963806,,
360,14078,,,,,0.738873302936554,0.36890536546707153
360,14078,,,1.014484167098999,0.598078727722168,,
361,14117,,,,,0.7421317100524902,0.37054547667503357
361,14117,,,1.031326174736023,0.5560296773910522,,
362,14156,,,,,0.756865918636322,0.37325650453567505
362,14156,,,0.9834612607955933,0.6168264150619507,,
363,14195,,,,,0.7783076763153076,0.3762436807155609
363,14195,,,1.0266278982162476,0.5730816721916199,,
364,14234,,,,,0.755764901638031,0.37112903594970703
364,14234,,,1.0212974548339844,0.5717698931694031,,
365,14273,,,,,0.7822398543357849,0.3770754039287567
365,14273,,,0.9999871850013733,0.5832852125167847,,
366,14312,,,,,0.742385745048523,0.36978089809417725
366,14312,,,1.0129073858261108,0.5736683011054993,,
367,14351,,,,,0.7320663928985596,0.36604997515678406
367,14351,,,1.0450295209884644,0.5858124494552612,,
368,14390,,,,,0.7526233196258545,0.368789404630661
368,14390,,,0.989254891872406,0.5741949081420898,,
369,14429,,,,,0.7692046165466309,0.3713059425354004
369,14429,,,1.0183926820755005,0.599871814250946,,
370,14468,,,,,0.757785975933075,0.36793723702430725
370,14468,,,1.0107930898666382,0.5638552904129028,,
371,14507,,,,,0.7319011092185974,0.36295679211616516
371,14507,,,1.022915005683899,0.5867483615875244,,
372,14546,,,,,0.7490841150283813,0.36528804898262024
372,14546,,,0.9999951124191284,0.5676174759864807,,
373,14585,,,,,0.7512609958648682,0.36550983786582947
373,14585,,,0.965001106262207,0.5962413549423218,,
374,14624,,,,,0.7477114200592041,0.36261609196662903
374,14624,,,0.9913424849510193,0.5481266379356384,,
375,14663,,,,,0.7435193657875061,0.3629578948020935
375,14663,,,1.0472651720046997,0.5798202753067017,,
376,14702,,,,,0.7580698132514954,0.3644832372665405
376,14702,,,1.0179965496063232,0.5783000588417053,,
377,14741,,,,,0.748004674911499,0.3623931109905243
377,14741,,,0.9938177466392517,0.5741474032402039,,
378,14780,,,,,0.7628865242004395,0.36466702818870544
378,14780,,,0.9917483329772949,0.5838149189949036,,
379,14819,,,,,0.7563456296920776,0.36136382818222046
379,14819,,,1.0349425077438354,0.5665327906608582,,
380,14858,,,,,0.766657829284668,0.3645397424697876
380,14858,,,0.997746467590332,0.5734313130378723,,
381,14897,,,,,0.7471499443054199,0.36106133460998535
381,14897,,,1.0470536947250366,0.5407946705818176,,
382,14936,,,,,0.750432014465332,0.3574511408805847
382,14936,,,0.96189945936203,0.5972894430160522,,
383,14975,,,,,0.7679166793823242,0.3595045208930969
383,14975,,,1.0079301595687866,0.5638930797576904,,
384,15014,,,,,0.7701619863510132,0.36228248476982117
384,15014,,,1.0290470123291016,0.5853447318077087,,
385,15053,,,,,0.7573126554489136,0.35652509331703186
385,15053,,,1.0103473663330078,0.596458911895752,,
386,15092,,,,,0.7650383710861206,0.3586396276950836
386,15092,,,1.0230635404586792,0.5172872543334961,,
387,15131,,,,,0.7564210295677185,0.35772427916526794
387,15131,,,0.9869258403778076,0.5941895842552185,,
388,15170,,,,,0.7601935863494873,0.36222779750823975
388,15170,,,0.989270806312561,0.5977862477302551,,
389,15209,,,,,0.7830513119697571,0.36645135283470154
389,15209,,,1.0218186378479004,0.5744048953056335,,
390,15248,,,,,0.7562124729156494,0.36098232865333557
390,15248,,,0.9977608919143677,0.583501398563385,,
391,15287,,,,,0.7549545764923096,0.35892918705940247
391,15287,,,1.0295846462249756,0.570740282535553,,
392,15326,,,,,0.7573838829994202,0.3621538579463959
392,15326,,,1.0262465476989746,0.5978541970252991,,
393,15365,,,,,0.7413831949234009,0.363761842250824
393,15365,,,0.9856007695198059,0.6007657647132874,,
394,15404,,,,,0.7726618051528931,0.36965927481651306
394,15404,,,1.0006999969482422,0.5989584922790527,,
395,15443,,,,,0.7565595507621765,0.36477574706077576
395,15443,,,1.0074567794799805,0.6075544953346252,,
396,15482,,,,,0.7380746006965637,0.3572463393211365
396,15482,,,1.0254087448120117,0.57951819896698,,
397,15521,,,,,0.7696871757507324,0.3672032952308655
397,15521,,,1.035433292388916,0.5623472332954407,,
398,15560,,,,,0.7528537511825562,0.3666488826274872
398,15560,,,1.0044260025024414,0.5916109085083008,,
399,15599,,,,,0.7356670498847961,0.3602808713912964
399,15599,,,0.9972125291824341,0.5955246090888977,,
400,15638,,,,,0.758955180644989,0.36479708552360535
400,15638,,,0.9911851286888123,0.5953071117401123,,
401,15677,,,,,0.7635356783866882,0.3650212585926056
401,15677,,,1.0018624067306519,0.5931755304336548,,
402,15716,,,,,0.7474183440208435,0.3632136285305023
402,15716,,,0.9998327493667603,0.5876376628875732,,
403,15755,,,,,0.7462027072906494,0.3603978753089905
403,15755,,,1.0052661895751953,0.5990724563598633,,
404,15794,,,,,0.7755892872810364,0.3676395118236542
404,15794,,,1.0111546516418457,0.5859394669532776,,
405,15833,,,,,0.7846419811248779,0.3691719174385071
405,15833,,,0.9907708764076233,0.5920261740684509,,
406,15872,,,,,0.757354199886322,0.3636096119880676
406,15872,,,0.9881764054298401,0.6126078367233276,,
407,15911,,,,,0.7271131277084351,0.3483920097351074
407,15911,,,1.0259844064712524,0.5538508296012878,,
408,15950,,,,,0.7709143757820129,0.3637006878852844
408,15950,,,1.0369967222213745,0.5855357646942139,,
409,15989,,,,,0.7386995553970337,0.3566734790802002
409,15989,,,0.9851776361465454,0.5982857942581177,,
410,16028,,,,,0.7334403991699219,0.3520858883857727
410,16028,,,1.0445257425308228,0.5348383188247681,,
411,16067,,,,,0.7726643085479736,0.36309394240379333
411,16067,,,0.9746878147125244,0.6024479269981384,,
412,16106,,,,,0.7531330585479736,0.36329779028892517
412,16106,,,0.9915720820426941,0.5949093103408813,,
413,16145,,,,,0.7580388188362122,0.36159300804138184
413,16145,,,1.0146986246109009,0.5840250253677368,,
414,16184,,,,,0.778592050075531,0.3693327307701111
414,16184,,,1.0001648664474487,0.5964220762252808,,
415,16223,,,,,0.7884114980697632,0.36892279982566833
415,16223,,,1.003030776977539,0.6097636818885803,,
416,16262,,,,,0.7302249670028687,0.35269805788993835
416,16262,,,1.015306830406189,0.5674887299537659,,
417,16301,,,,,0.7310261130332947,0.35579660534858704
417,16301,,,1.0011954307556152,0.5647487640380859,,
418,16340,,,,,0.740355908870697,0.35806193947792053
418,16340,,,1.0252540111541748,0.5642459392547607,,
419,16379,,,,,0.7415707111358643,0.35917243361473083
419,16379,,,0.9891317486763,0.595120906829834,,
420,16418,,,,,0.7315263748168945,0.34991833567619324
420,16418,,,0.9796400666236877,0.5842278599739075,,
421,16457,,,,,0.7516893148422241,0.35881417989730835
421,16457,,,0.9862789511680603,0.5972222685813904,,
422,16496,,,,,0.7513223886489868,0.3575995862483978
422,16496,,,1.012726068496704,0.6036745309829712,,
423,16535,,,,,0.7598624229431152,0.35691702365875244
423,16535,,,0.9935945272445679,0.6104555130004883,,
424,16574,,,,,0.7664352059364319,0.36203789710998535
424,16574,,,0.9997955560684204,0.5983365178108215,,
425,16613,,,,,0.7437881231307983,0.3502005934715271
425,16613,,,0.9783168435096741,0.587977409362793,,
426,16652,,,,,0.7780663371086121,0.3604903221130371
426,16652,,,0.9864228963851929,0.6168280243873596,,
427,16691,,,,,0.7523941397666931,0.35625895857810974
427,16691,,,0.9931953549385071,0.5733686089515686,,
428,16730,,,,,0.754761278629303,0.3552096486091614
428,16730,,,0.9809759855270386,0.6275783181190491,,
429,16769,,,,,0.7582758665084839,0.3542810082435608
429,16769,,,1.008238434791565,0.5790508389472961,,
430,16808,,,,,0.7647628784179688,0.36299172043800354
430,16808,,,0.9916680455207825,0.6068626046180725,,
431,16847,,,,,0.7525314688682556,0.35255908966064453
431,16847,,,1.033796787261963,0.5752688050270081,,
432,16886,,,,,0.7508474588394165,0.349465012550354
432,16886,,,1.0177088975906372,0.5594868659973145,,
433,16925,,,,,0.7503759264945984,0.35071051120758057
433,16925,,,0.9750160574913025,0.5948506593704224,,
434,16964,,,,,0.7438432574272156,0.3441656529903412
434,16964,,,1.0105868577957153,0.5922684669494629,,
435,17003,,,,,0.7449455261230469,0.3477672338485718
435,17003,,,1.0067496299743652,0.5776177048683167,,
436,17042,,,,,0.7673753499984741,0.3524419963359833
436,17042,,,1.0209298133850098,0.55888831615448,,
437,17081,,,,,0.7684187889099121,0.35870063304901123
437,17081,,,1.0163828134536743,0.6102104783058167,,
438,17120,,,,,0.7436968684196472,0.34971827268600464
438,17120,,,1.0012916326522827,0.5687968134880066,,
439,17159,,,,,0.7574620842933655,0.3554914891719818
439,17159,,,1.0415761470794678,0.5499991178512573,,
440,17198,,,,,0.754003643989563,0.35317692160606384
440,17198,,,0.9775703549385071,0.6131671071052551,,
441,17237,,,,,0.7550039887428284,0.35438162088394165
441,17237,,,0.9707604646682739,0.6120094656944275,,
442,17276,,,,,0.7520791292190552,0.3541749119758606
442,17276,,,1.005979061126709,0.5867164731025696,,
443,17315,,,,,0.7491803765296936,0.35282012820243835
443,17315,,,1.0087634325027466,0.5941551327705383,,
444,17354,,,,,0.7562551498413086,0.3559744656085968
444,17354,,,0.9946895241737366,0.597312867641449,,
445,17393,,,,,0.7756018042564392,0.3600071370601654
445,17393,,,0.974871039390564,0.5871511697769165,,
446,17432,,,,,0.7500173449516296,0.35438376665115356
446,17432,,,0.996776282787323,0.5980225801467896,,
447,17471,,,,,0.7717358469963074,0.35621151328086853
447,17471,,,1.0081809759140015,0.5795090794563293,,
448,17510,,,,,0.7673408389091492,0.3587222397327423
448,17510,,,0.9847133159637451,0.5949828028678894,,
449,17549,,,,,0.7594221830368042,0.36093786358833313
449,17549,,,0.9694299697875977,0.6126794815063477,,
450,17588,,,,,0.7623804807662964,0.35736727714538574
450,17588,,,1.0200334787368774,0.593522310256958,,
451,17627,,,,,0.7507152557373047,0.3570018410682678
451,17627,,,0.9921536445617676,0.5870871543884277,,
452,17666,,,,,0.743780255317688,0.3531320095062256
452,17666,,,0.9681386947631836,0.5870338678359985,,
453,17705,,,,,0.7442746162414551,0.3534599542617798
453,17705,,,0.9743527173995972,0.5993474721908569,,
454,17744,,,,,0.7471062541007996,0.3582572937011719
454,17744,,,0.9835821986198425,0.5905393362045288,,
455,17783,,,,,0.7309683561325073,0.3480914831161499
455,17783,,,1.0151673555374146,0.5808285474777222,,
456,17822,,,,,0.7552613019943237,0.3606768846511841
456,17822,,,1.0000972747802734,0.5970019102096558,,
457,17861,,,,,0.7508743405342102,0.3633049726486206
457,17861,,,1.0130112171173096,0.5836660265922546,,
458,17900,,,,,0.7299951910972595,0.3587504029273987
458,17900,,,0.9990173578262329,0.5943059921264648,,
459,17939,,,,,0.7517215609550476,0.36828774213790894
459,17939,,,0.9892067313194275,0.6138997673988342,,
460,17978,,,,,0.7476832270622253,0.3636138439178467
460,17978,,,0.9712567329406738,0.6047037839889526,,
461,18017,,,,,0.7545640468597412,0.36650338768959045
461,18017,,,0.9939619302749634,0.5732359886169434,,
462,18056,,,,,0.7467687726020813,0.36237633228302
462,18056,,,0.9992425441741943,0.5845218300819397,,
463,18095,,,,,0.7678355574607849,0.3717350363731384
463,18095,,,1.0113348960876465,0.5659483671188354,,
464,18134,,,,,0.75126713514328,0.36217835545539856
464,18134,,,1.0339664220809937,0.5832691192626953,,
465,18173,,,,,0.7613741755485535,0.36396658420562744
465,18173,,,0.9791955351829529,0.623805582523346,,
466,18212,,,,,0.7566201686859131,0.3592030704021454
466,18212,,,1.0165761709213257,0.5930837988853455,,
467,18251,,,,,0.740170419216156,0.3578365445137024
467,18251,,,0.9546107649803162,0.626936674118042,,
468,18290,,,,,0.7296475768089294,0.34420230984687805
468,18290,,,1.0424845218658447,0.5752713680267334,,
469,18329,,,,,0.7495781183242798,0.35547956824302673
469,18329,,,1.0049103498458862,0.5904893279075623,,
470,18368,,,,,0.7466362118721008,0.3545720875263214
470,18368,,,1.00272798538208,0.6101778745651245,,
471,18407,,,,,0.764729380607605,0.3634197413921356
471,18407,,,1.0230677127838135,0.5956496000289917,,
472,18446,,,,,0.7651724815368652,0.35985150933265686
472,18446,,,0.9794323444366455,0.5888092517852783,,
473,18485,,,,,0.7518751621246338,0.3539949655532837
473,18485,,,0.9838859438896179,0.6179436445236206,,
474,18524,,,,,0.7559801936149597,0.3562694489955902
474,18524,,,0.9741166234016418,0.6023383736610413,,
475,18563,,,,,0.7452108860015869,0.34981077909469604
475,18563,,,1.0091818571090698,0.5866849422454834,,
476,18602,,,,,0.7548434138298035,0.3533064126968384
476,18602,,,0.9956732392311096,0.6021561026573181,,
477,18641,,,,,0.7504822611808777,0.3528299331665039
477,18641,,,0.9736565947532654,0.6188665628433228,,
478,18680,,,,,0.7623422145843506,0.35979774594306946
478,18680,,,1.0149749517440796,0.5832924246788025,,
479,18719,,,,,0.7742704153060913,0.3663282096385956
479,18719,,,0.987554669380188,0.5680628418922424,,
480,18758,,,,,0.7550942897796631,0.3590087890625
480,18758,,,1.0105876922607422,0.566187858581543,,
481,18797,,,,,0.7481147646903992,0.3627021610736847
481,18797,,,0.9645291566848755,0.6234965920448303,,
482,18836,,,,,0.7543479800224304,0.35651344060897827
482,18836,,,0.9761751890182495,0.6176363825798035,,
483,18875,,,,,0.7571219801902771,0.3556816279888153
483,18875,,,0.9899813532829285,0.5775270462036133,,
484,18914,,,,,0.7594473361968994,0.362032413482666
484,18914,,,0.9802899360656738,0.6050405502319336,,
485,18953,,,,,0.7611823678016663,0.36121055483818054
485,18953,,,0.9579829573631287,0.6167953014373779,,
486,18992,,,,,0.7765828371047974,0.37257006764411926
486,18992,,,1.0040168762207031,0.5828744173049927,,
487,19031,,,,,0.7571062445640564,0.3691934049129486
487,19031,,,0.9508230686187744,0.659918487071991,,
488,19070,,,,,0.7491995692253113,0.36308637261390686
488,19070,,,0.9669710993766785,0.6268447041511536,,
489,19109,,,,,0.7509034872055054,0.36120861768722534
489,19109,,,0.9796185493469238,0.5993016362190247,,
490,19148,,,,,0.7697924971580505,0.3662709593772888
490,19148,,,0.9925865530967712,0.5975819826126099,,
491,19187,,,,,0.7501410841941833,0.35629507899284363
491,19187,,,0.9846619963645935,0.5964036583900452,,
492,19226,,,,,0.7479939460754395,0.35255035758018494
492,19226,,,0.9782533049583435,0.614020824432373,,
493,19265,,,,,0.7606672048568726,0.3598754107952118
493,19265,,,0.9391563534736633,0.5930261611938477,,
494,19304,,,,,0.7472279071807861,0.35056301951408386
494,19304,,,1.004703402519226,0.5919582843780518,,
495,19343,,,,,0.7549418807029724,0.35505878925323486
495,19343,,,0.97239089012146,0.5982434749603271,,
496,19382,,,,,0.732964277267456,0.3485463261604309
496,19382,,,0.9786229133605957,0.5940966606140137,,
497,19421,,,,,0.7632516622543335,0.35396698117256165
497,19421,,,0.9838162064552307,0.6097086668014526,,
498,19460,,,,,0.7518063187599182,0.3494166433811188
498,19460,,,1.0094672441482544,0.5559412837028503,,
499,19499,,,,,0.7576532363891602,0.3555714190006256
499,19499,,,0.9864770174026489,0.6048961281776428,,
500,19538,,,,,0.7578036785125732,0.35834401845932007
500,19538,,,0.9786433577537537,0.6183541417121887,,
501,19577,,,,,0.7397586703300476,0.3539987802505493
501,19577,,,0.9878608584403992,0.6161717176437378,,
502,19616,,,,,0.742823600769043,0.3506394922733307
502,19616,,,0.9697860479354858,0.5901743769645691,,
503,19655,,,,,0.7419432997703552,0.3485800325870514
503,19655,,,1.0004140138626099,0.5762177109718323,,
504,19694,,,,,0.7592015862464905,0.35656261444091797
504,19694,,,0.9554083347320557,0.614745020866394,,
505,19733,,,,,0.773285448551178,0.3574754297733307
505,19733,,,0.995143473148346,0.601361870765686,,
506,19772,,,,,0.7610759735107422,0.3569730222225189
506,19772,,,0.9972516298294067,0.6055985689163208,,
507,19811,,,,,0.7593968510627747,0.3610175848007202
507,19811,,,0.9876400828361511,0.5921476483345032,,
508,19850,,,,,0.7500367760658264,0.3493838608264923
508,19850,,,0.9752638339996338,0.5939059853553772,,
509,19889,,,,,0.7658879160881042,0.35705241560935974
509,19889,,,0.9994219541549683,0.5922026038169861,,
510,19928,,,,,0.7502962946891785,0.3527263402938843
510,19928,,,1.0063495635986328,0.5675073862075806,,
511,19967,,,,,0.7397904396057129,0.35477355122566223
511,19967,,,0.9967358708381653,0.5967373847961426,,
512,20006,,,,,0.7516463994979858,0.35815155506134033
512,20006,,,0.9879530072212219,0.5999173521995544,,
513,20045,,,,,0.7583305835723877,0.35862600803375244
513,20045,,,1.0199557542800903,0.5918936729431152,,
514,20084,,,,,0.7636215686798096,0.362562358379364
514,20084,,,0.9917563199996948,0.6168971657752991,,
515,20123,,,,,0.7520349025726318,0.35928332805633545
515,20123,,,0.9692332148551941,0.6168350577354431,,
516,20162,,,,,0.7519407868385315,0.3596418499946594
516,20162,,,0.9691206812858582,0.6317875385284424,,
517,20201,,,,,0.7525684833526611,0.3563017249107361
517,20201,,,0.985529363155365,0.595889151096344,,
518,20240,,,,,0.7356604337692261,0.34405794739723206
518,20240,,,0.9801963567733765,0.6227279305458069,,
519,20279,,,,,0.7729957103729248,0.35729923844337463
519,20279,,,0.9666228890419006,0.6103152632713318,,
520,20318,,,,,0.7458029389381409,0.34817200899124146
520,20318,,,0.9810789227485657,0.6253543496131897,,
521,20357,,,,,0.7564897537231445,0.3546852171421051
521,20357,,,0.9681930541992188,0.6347507834434509,,
522,20396,,,,,0.7488146424293518,0.3454717993736267
522,20396,,,0.9906379580497742,0.6117287278175354,,
523,20435,,,,,0.751289427280426,0.3380705714225769
523,20435,,,0.9543138146400452,0.5960103273391724,,
524,20474,,,,,0.7444981932640076,0.3389163315296173
524,20474,,,0.987375795841217,0.5957165956497192,,
525,20513,,,,,0.7498693466186523,0.3440451920032501
525,20513,,,0.966123640537262,0.6218962669372559,,
526,20552,,,,,0.76673823595047,0.3503139615058899
526,20552,,,0.9737474322319031,0.6174929738044739,,
527,20591,,,,,0.7812589406967163,0.3617641031742096
527,20591,,,0.9541426301002502,0.6097731590270996,,
528,20630,,,,,0.7652449607849121,0.36195871233940125
528,20630,,,0.9705784320831299,0.6230960488319397,,
529,20669,,,,,0.7520750761032104,0.3562431335449219
529,20669,,,0.9543386697769165,0.625829815864563,,
530,20708,,,,,0.755429208278656,0.35518354177474976
530,20708,,,0.9600107073783875,0.6195206046104431,,
531,20747,,,,,0.7385462522506714,0.3502975404262543
531,20747,,,0.9869586229324341,0.5996695756912231,,
532,20786,,,,,0.7538130879402161,0.3522898852825165
532,20786,,,0.9741864204406738,0.6013652682304382,,
533,20825,,,,,0.7570747137069702,0.357040137052536
533,20825,,,0.9889426827430725,0.6036285758018494,,
534,20864,,,,,0.7630566358566284,0.36261889338493347
534,20864,,,0.9939427375793457,0.6290412545204163,,
535,20903,,,,,0.7752678990364075,0.36639827489852905
535,20903,,,0.9689938426017761,0.617455005645752,,
536,20942,,,,,0.7521542906761169,0.355038046836853
536,20942,,,0.9780272245407104,0.6216480731964111,,
537,20981,,,,,0.737873911857605,0.34434396028518677
537,20981,,,0.9640528559684753,0.6286479234695435,,
538,21020,,,,,0.7361153960227966,0.3483486473560333
538,21020,,,0.9962896704673767,0.5831581950187683,,
539,21059,,,,,0.7551540732383728,0.3608059585094452
539,21059,,,0.9828506708145142,0.6097095608711243,,
540,21098,,,,,0.739146888256073,0.35129767656326294
540,21098,,,0.9943472743034363,0.6055101752281189,,
541,21137,,,,,0.735197901725769,0.3452760875225067
541,21137,,,0.9590265154838562,0.6001028418540955,,
542,21176,,,,,0.7475278377532959,0.35082292556762695
542,21176,,,0.9620407223701477,0.6152306795120239,,
543,21215,,,,,0.7552409172058105,0.35013508796691895
543,21215,,,0.9604893922805786,0.6320245862007141,,
544,21254,,,,,0.749618411064148,0.351181298494339
544,21254,,,0.9391154050827026,0.6513986587524414,,
545,21293,,,,,0.757750391960144,0.3539287745952606
545,21293,,,1.0012634992599487,0.607978105545044,,
546,21332,,,,,0.7485494613647461,0.3444312810897827
546,21332,,,0.9914821982383728,0.604418158531189,,
547,21371,,,,,0.7526118159294128,0.35323941707611084
547,21371,,,0.9584240317344666,0.6187887787818909,,
548,21410,,,,,0.7456411719322205,0.3485111594200134
548,21410,,,0.9612506031990051,0.6185308694839478,,
549,21449,,,,,0.758723258972168,0.3514690697193146
549,21449,,,1.0033485889434814,0.5786682963371277,,
550,21488,,,,,0.7575220465660095,0.34865134954452515
550,21488,,,0.9449665546417236,0.6235194802284241,,
551,21527,,,,,0.7388917207717896,0.3413667380809784
551,21527,,,0.994435727596283,0.6019675135612488,,
552,21566,,,,,0.7637397050857544,0.3507816195487976
552,21566,,,1.0427221059799194,0.5931144952774048,,
553,21605,,,,,0.7477966547012329,0.34820058941841125
553,21605,,,0.9740298390388489,0.6299631595611572,,
554,21644,,,,,0.752588152885437,0.3530600965023041
554,21644,,,0.9427983164787292,0.6288226842880249,,
555,21683,,,,,0.74178147315979,0.34563764929771423
555,21683,,,0.9735250473022461,0.6334760785102844,,
556,21722,,,,,0.7629880309104919,0.35196229815483093
556,21722,,,0.9361038208007812,0.6167032122612,,
557,21761,,,,,0.7541559934616089,0.35401061177253723
557,21761,,,1.0040258169174194,0.5952799916267395,,
558,21800,,,,,0.7635482549667358,0.35837772488594055
558,21800,,,0.986380934715271,0.5908801555633545,,
559,21839,,,,,0.7592267990112305,0.35805249214172363
559,21839,,,0.9668861627578735,0.6255797743797302,,
560,21878,,,,,0.7430545687675476,0.3510874807834625
560,21878,,,0.9628220796585083,0.6193954348564148,,
561,21917,,,,,0.7541673183441162,0.35327500104904175
561,21917,,,0.9893450736999512,0.6325759887695312,,
562,21956,,,,,0.7622177600860596,0.35333287715911865
562,21956,,,0.9846408367156982,0.6244868040084839,,
563,21995,,,,,0.7655155062675476,0.35432541370391846
563,21995,,,0.9541769623756409,0.6473418474197388,,
564,22034,,,,,0.7497140765190125,0.3447323143482208
564,22034,,,0.9592788815498352,0.6335182189941406,,
565,22073,,,,,0.7570673823356628,0.3534257113933563
565,22073,,,0.9557856917381287,0.5900259017944336,,
566,22112,,,,,0.7501835227012634,0.35282012820243835
566,22112,,,0.9401736259460449,0.6435075402259827,,
567,22151,,,,,0.7500356435775757,0.35294628143310547
567,22151,,,0.9711380004882812,0.6185607314109802,,
568,22190,,,,,0.7453581690788269,0.3501465618610382
568,22190,,,0.986709475517273,0.6061000227928162,,
569,22229,,,,,0.7485973834991455,0.3475934863090515
569,22229,,,0.9546117782592773,0.6264687180519104,,
570,22268,,,,,0.7395128011703491,0.34553036093711853
570,22268,,,0.9692356586456299,0.6242672801017761,,
571,22307,,,,,0.7388036251068115,0.3472360670566559
571,22307,,,0.9513848423957825,0.6470146775245667,,
572,22346,,,,,0.7544487714767456,0.3542749285697937
572,22346,,,0.9623756408691406,0.6081966161727905,,
573,22385,,,,,0.7486050724983215,0.35741573572158813
573,22385,,,0.9667865037918091,0.6227717399597168,,
574,22424,,,,,0.7265042662620544,0.34648433327674866
574,22424,,,0.9739246964454651,0.6304681897163391,,
575,22463,,,,,0.7422212958335876,0.35187670588493347
575,22463,,,0.9694278240203857,0.5910771489143372,,
576,22502,,,,,0.7481896281242371,0.3515736758708954
576,22502,,,0.9786019921302795,0.6363939046859741,,
577,22541,,,,,0.7674337029457092,0.3600427508354187
577,22541,,,0.9527807235717773,0.6417657732963562,,
578,22580,,,,,0.766571581363678,0.3587914705276489
578,22580,,,0.9502416849136353,0.6255859136581421,,
579,22619,,,,,0.7457980513572693,0.3480955958366394
579,22619,,,1.0060206651687622,0.6148799061775208,,
580,22658,,,,,0.7385082840919495,0.3496333062648773
580,22658,,,0.9668809175491333,0.6110941171646118,,
581,22697,,,,,0.7515547275543213,0.34908029437065125
581,22697,,,0.9761918783187866,0.6270872950553894,,
582,22736,,,,,0.7370350360870361,0.3410976529121399
582,22736,,,0.947504460811615,0.5926242470741272,,
583,22775,,,,,0.7561932802200317,0.3500000834465027
583,22775,,,0.96340411901474,0.64060378074646,,
584,22814,,,,,0.7648622989654541,0.3588159382343292
584,22814,,,1.0063884258270264,0.6109784245491028,,
585,22853,,,,,0.7570462822914124,0.3539654612541199
585,22853,,,0.9292057752609253,0.6407870650291443,,
586,22892,,,,,0.7490971684455872,0.3503939211368561
586,22892,,,0.920660138130188,0.653355598449707,,
587,22931,,,,,0.7560367584228516,0.3589037358760834
587,22931,,,0.9313533306121826,0.6520547866821289,,
588,22970,,,,,0.7627735733985901,0.3568853437900543
588,22970,,,0.9737737774848938,0.6411870718002319,,
589,23009,,,,,0.7611275911331177,0.35553228855133057
589,23009,,,0.9652461409568787,0.6500509977340698,,
590,23048,,,,,0.7645096778869629,0.3547512888908386
590,23048,,,0.9784716367721558,0.6284650564193726,,
591,23087,,,,,0.754438579082489,0.35471269488334656
591,23087,,,0.9322189688682556,0.6289137601852417,,
592,23126,,,,,0.7500590682029724,0.3512451946735382
592,23126,,,0.9282442927360535,0.646880030632019,,
593,23165,,,,,0.7431180477142334,0.34822317957878113
593,23165,,,0.9737783670425415,0.623877763748169,,
594,23204,,,,,0.7574936151504517,0.35507839918136597
594,23204,,,0.9485419988632202,0.6328773498535156,,
595,23243,,,,,0.7673730850219727,0.35755017399787903
595,23243,,,0.9692693948745728,0.6215134263038635,,
596,23282,,,,,0.7403548955917358,0.34182238578796387
596,23282,,,0.9286518692970276,0.629832923412323,,
597,23321,,,,,0.7532618045806885,0.34449630975723267
597,23321,,,0.9811143279075623,0.621356725692749,,
598,23360,,,,,0.7638142704963684,0.3504870533943176
598,23360,,,0.9734671115875244,0.623001754283905,,
599,23399,,,,,0.7473869919776917,0.3458922207355499
599,23399,,,0.9431199431419373,0.6540959477424622,,
600,23438,,,,,0.7462997436523438,0.3366474211215973
600,23438,,,0.960862398147583,0.6170681715011597,,
601,23477,,,,,0.7562897801399231,0.3472045361995697
601,23477,,,0.9649122953414917,0.5964903235435486,,
602,23516,,,,,0.7461044192314148,0.3445221185684204
602,23516,,,0.983380913734436,0.5882195830345154,,
603,23555,,,,,0.7501116394996643,0.3404371440410614
603,23555,,,0.9907238483428955,0.6084327697753906,,
604,23594,,,,,0.7439709901809692,0.3435218632221222
604,23594,,,0.9836614727973938,0.6175195574760437,,
605,23633,,,,,0.7842444777488708,0.3618115186691284
605,23633,,,0.9278279542922974,0.6610065698623657,,
606,23672,,,,,0.7622887492179871,0.3520883023738861
606,23672,,,0.9503654837608337,0.6216772198677063,,
607,23711,,,,,0.7464881539344788,0.347461074590683
607,23711,,,0.9854947328567505,0.6188393831253052,,
608,23750,,,,,0.7502050995826721,0.338251531124115
608,23750,,,0.970814049243927,0.613959014415741,,
609,23789,,,,,0.7456408739089966,0.34309113025665283
609,23789,,,0.9369110465049744,0.6322362422943115,,
610,23828,,,,,0.748462438583374,0.3494688868522644
610,23828,,,0.9595568776130676,0.6314231157302856,,
611,23867,,,,,0.7585757970809937,0.35524341464042664
611,23867,,,0.9551964998245239,0.6219813227653503,,
612,23906,,,,,0.7409444451332092,0.34507399797439575
612,23906,,,0.9748409986495972,0.6200268864631653,,
613,23945,,,,,0.7323654294013977,0.35141655802726746
613,23945,,,0.9370953440666199,0.62127685546875,,
614,23984,,,,,0.7672780752182007,0.3644867539405823
614,23984,,,0.9875805377960205,0.6219963431358337,,
615,24023,,,,,0.7434762120246887,0.3533042371273041
615,24023,,,0.92999267578125,0.644766628742218,,
616,24062,,,,,0.7504761219024658,0.35193780064582825
616,24062,,,0.934693455696106,0.660151481628418,,
617,24101,,,,,0.7548380494117737,0.3543831408023834
617,24101,,,0.9406248927116394,0.6374387741088867,,
618,24140,,,,,0.7543975114822388,0.3555252254009247
618,24140,,,0.9699235558509827,0.6364701986312866,,
619,24179,,,,,0.758185863494873,0.35737839341163635
619,24179,,,0.9706082344055176,0.6231365203857422,,
620,24218,,,,,0.7513784170150757,0.349614679813385
620,24218,,,0.9599584937095642,0.6429468393325806,,
621,24257,,,,,0.757262110710144,0.3514677584171295
621,24257,,,0.961726725101471,0.611867368221283,,
622,24296,,,,,0.756912887096405,0.35349011421203613
622,24296,,,0.9521421790122986,0.6161999106407166,,
623,24335,,,,,0.7263553738594055,0.346079558134079
623,24335,,,0.9703953266143799,0.6212811470031738,,
624,24374,,,,,0.7426096200942993,0.35063934326171875
624,24374,,,0.937551736831665,0.6290578842163086,,
625,24413,,,,,0.7485995292663574,0.35125279426574707
625,24413,,,0.9717446565628052,0.6077206134796143,,
626,24452,,,,,0.7659334540367126,0.36228102445602417
626,24452,,,0.9467599391937256,0.6309220790863037,,
627,24491,,,,,0.7454239130020142,0.35485613346099854
627,24491,,,0.9430654644966125,0.6461471915245056,,
628,24530,,,,,0.7289425134658813,0.34449562430381775
628,24530,,,0.9444919228553772,0.6484457850456238,,
629,24569,,,,,0.7351328134536743,0.3485150635242462
629,24569,,,0.9646705389022827,0.6327553987503052,,
630,24608,,,,,0.7644910216331482,0.36564013361930847
630,24608,,,0.9525244235992432,0.6325868368148804,,
631,24647,,,,,0.7424898743629456,0.35411468148231506
631,24647,,,0.9692303538322449,0.5972939729690552,,
632,24686,,,,,0.7504456043243408,0.35643839836120605
632,24686,,,0.9581973552703857,0.62093186378479,,
633,24725,,,,,0.7489754557609558,0.3498912751674652
633,24725,,,0.9409903287887573,0.6276376843452454,,
634,24764,,,,,0.7442259192466736,0.3466843366622925
634,24764,,,0.946429431438446,0.6369540095329285,,
635,24803,,,,,0.7544788718223572,0.35186076164245605
635,24803,,,0.9447588920593262,0.6357475519180298,,
636,24842,,,,,0.7466433048248291,0.35118913650512695
636,24842,,,0.9569846987724304,0.6387724280357361,,
637,24881,,,,,0.7696382403373718,0.36508986353874207
637,24881,,,0.9244292974472046,0.6304605007171631,,
638,24920,,,,,0.7486677169799805,0.35799407958984375
638,24920,,,0.9163484573364258,0.6465469598770142,,
639,24959,,,,,0.73133385181427,0.35106390714645386
639,24959,,,0.9506161212921143,0.6294373869895935,,
640,24998,,,,,0.7537894248962402,0.3614000380039215
640,24998,,,0.9485289454460144,0.6258314847946167,,
641,25037,,,,,0.7689694166183472,0.3547363579273224
641,25037,,,0.977681577205658,0.6374276280403137,,
642,25076,,,,,0.7331632375717163,0.3448850214481354
642,25076,,,0.9276670813560486,0.6526150703430176,,
643,25115,,,,,0.757042407989502,0.35373586416244507
643,25115,,,0.9574573040008545,0.6324772238731384,,
644,25154,,,,,0.7529659867286682,0.358330100774765
644,25154,,,0.8877734541893005,0.6431469917297363,,
645,25193,,,,,0.7252710461616516,0.35813769698143005
645,25193,,,0.9787861704826355,0.6531985402107239,,
646,25232,,,,,0.7470426559448242,0.36488619446754456
646,25232,,,0.9605662226676941,0.6456082463264465,,
647,25271,,,,,0.7538513541221619,0.3634766936302185
647,25271,,,0.9516178965568542,0.623935878276825,,
648,25310,,,,,0.7570386528968811,0.3577517569065094
648,25310,,,0.9516440033912659,0.6327919363975525,,
649,25349,,,,,0.7498546838760376,0.3524393141269684
649,25349,,,0.9534144401550293,0.6453986167907715,,
650,25388,,,,,0.76358962059021,0.3522784113883972
650,25388,,,0.9123408794403076,0.6543557047843933,,
651,25427,,,,,0.7434432506561279,0.3474659323692322
651,25427,,,0.9740528464317322,0.6343092322349548,,
652,25466,,,,,0.7629939913749695,0.3572099804878235
652,25466,,,0.9489288330078125,0.6484875082969666,,
653,25505,,,,,0.7506511807441711,0.35414960980415344
653,25505,,,0.9425178170204163,0.6264840364456177,,
654,25544,,,,,0.7553008198738098,0.3617974519729614
654,25544,,,0.953388512134552,0.6538737416267395,,
655,25583,,,,,0.7447054386138916,0.3493860065937042
655,25583,,,0.9957887530326843,0.613690972328186,,
656,25622,,,,,0.7461877465248108,0.35216376185417175
656,25622,,,0.923181414604187,0.6481703519821167,,
657,25661,,,,,0.7441821098327637,0.3470350205898285
657,25661,,,0.9580895900726318,0.6600213646888733,,
658,25700,,,,,0.7566759586334229,0.35775214433670044
658,25700,,,0.9560470581054688,0.6454916596412659,,
659,25739,,,,,0.7533366680145264,0.3560316562652588
659,25739,,,0.9576916694641113,0.635452151298523,,
660,25778,,,,,0.7425041198730469,0.35644227266311646
660,25778,,,0.9177088737487793,0.6486033797264099,,
661,25817,,,,,0.755172610282898,0.3636462986469269
661,25817,,,0.8925396800041199,0.6650818586349487,,
662,25856,,,,,0.74677574634552,0.35128554701805115
662,25856,,,0.973710298538208,0.6218273639678955,,
663,25895,,,,,0.7323462963104248,0.3495711386203766
663,25895,,,0.9451167583465576,0.6334729194641113,,
664,25934,,,,,0.7376299500465393,0.34888607263565063
664,25934,,,0.930687427520752,0.646835446357727,,
665,25973,,,,,0.7446286082267761,0.3592824637889862
665,25973,,,0.977617621421814,0.6295573115348816,,
666,26012,,,,,0.7458083629608154,0.3578931987285614
666,26012,,,0.9242509007453918,0.6623474359512329,,
667,26051,,,,,0.7432026267051697,0.35275518894195557
667,26051,,,0.9406415224075317,0.6359857320785522,,
668,26090,,,,,0.7327985763549805,0.3549429178237915
668,26090,,,0.9604530334472656,0.6312325596809387,,
669,26129,,,,,0.7225680351257324,0.35223937034606934
669,26129,,,0.9055364727973938,0.6637099981307983,,
670,26168,,,,,0.7314174771308899,0.3548688590526581
670,26168,,,0.9579904079437256,0.6460708379745483,,
671,26207,,,,,0.7404433488845825,0.3509875237941742
671,26207,,,0.9261060953140259,0.6421489715576172,,
672,26246,,,,,0.7363449335098267,0.34906044602394104
672,26246,,,0.9370193481445312,0.6592337489128113,,
673,26285,,,,,0.7372928857803345,0.356401652097702
673,26285,,,0.9179083704948425,0.6698567271232605,,
674,26324,,,,,0.7243252992630005,0.35719388723373413
674,26324,,,0.9431042075157166,0.6264786124229431,,
675,26363,,,,,0.7411350011825562,0.36372441053390503
675,26363,,,0.9544876217842102,0.626388669013977,,
676,26402,,,,,0.7412980794906616,0.3578501343727112
676,26402,,,0.9253207445144653,0.635897159576416,,
677,26441,,,,,0.760378360748291,0.3644833564758301
677,26441,,,0.9517602920532227,0.6276483535766602,,
678,26480,,,,,0.7485382556915283,0.3584238588809967
678,26480,,,0.9228004813194275,0.6371818780899048,,
679,26519,,,,,0.7416356801986694,0.3556461036205292
679,26519,,,0.9557708501815796,0.6403246521949768,,
680,26558,,,,,0.7456830143928528,0.35996493697166443
680,26558,,,0.9104112386703491,0.6621286273002625,,
681,26597,,,,,0.7406753897666931,0.35519349575042725
681,26597,,,0.9536879062652588,0.6274314522743225,,
682,26636,,,,,0.7369465827941895,0.3560788929462433
682,26636,,,0.9312140345573425,0.6477287411689758,,
683,26675,,,,,0.7549340724945068,0.35664474964141846
683,26675,,,0.9495078921318054,0.6461672782897949,,
684,26714,,,,,0.759395182132721,0.35971003770828247
684,26714,,,0.9307676553726196,0.6212719082832336,,
685,26753,,,,,0.7354987859725952,0.35568124055862427
685,26753,,,0.9267972111701965,0.6319023966789246,,
686,26792,,,,,0.7280390858650208,0.35275381803512573
686,26792,,,0.9357449412345886,0.63628751039505,,
687,26831,,,,,0.7518631219863892,0.3599662184715271
687,26831,,,0.9384768605232239,0.6504631638526917,,
688,26870,,,,,0.7443946599960327,0.34941959381103516
688,26870,,,0.9069706797599792,0.6638484597206116,,
689,26909,,,,,0.7477668523788452,0.35806214809417725
689,26909,,,0.9353402256965637,0.6521185636520386,,
690,26948,,,,,0.7463037371635437,0.35268715023994446
690,26948,,,0.9324143528938293,0.662090003490448,,
691,26987,,,,,0.7372973561286926,0.34964555501937866
691,26987,,,0.9544232487678528,0.6453419923782349,,
692,27026,,,,,0.7359915375709534,0.3505500257015228
692,27026,,,0.9428600668907166,0.6039882898330688,,
693,27065,,,,,0.737500786781311,0.34826359152793884
693,27065,,,0.961940348148346,0.6347669959068298,,
694,27104,,,,,0.7606515884399414,0.35714295506477356
694,27104,,,0.9278261065483093,0.6339884996414185,,
695,27143,,,,,0.7465401887893677,0.3518487215042114
695,27143,,,0.9258536100387573,0.6530361771583557,,
696,27182,,,,,0.7542670369148254,0.35703134536743164
696,27182,,,0.9303506016731262,0.6453935503959656,,
697,27221,,,,,0.7450381517410278,0.35164761543273926
697,27221,,,0.9468676447868347,0.6304650902748108,,
698,27260,,,,,0.7448349595069885,0.3546661138534546
698,27260,,,0.9517266750335693,0.621381402015686,,
699,27299,,,,,0.7278246283531189,0.35122135281562805
699,27299,,,0.925359308719635,0.6465776562690735,,
700,27338,,,,,0.738987922668457,0.3568802773952484
700,27338,,,0.9624457955360413,0.6233927607536316,,
701,27377,,,,,0.7388467192649841,0.3526228666305542
701,27377,,,0.9479184150695801,0.640101969242096,,
702,27416,,,,,0.7429667115211487,0.3588555157184601
702,27416,,,0.920718252658844,0.6627358198165894,,
703,27455,,,,,0.7454842329025269,0.3560076057910919
703,27455,,,0.9218173027038574,0.6611683964729309,,
704,27494,,,,,0.7403141260147095,0.35076016187667847
704,27494,,,0.9104820489883423,0.6496766209602356,,
705,27533,,,,,0.7610263228416443,0.3645467162132263
705,27533,,,0.9111056327819824,0.6765428185462952,,
706,27572,,,,,0.7492977976799011,0.36088189482688904
706,27572,,,0.9227972626686096,0.6526500582695007,,
707,27611,,,,,0.7304145693778992,0.34984296560287476
707,27611,,,0.9339796900749207,0.6310226321220398,,
708,27650,,,,,0.7438375353813171,0.36343514919281006
708,27650,,,0.9366192817687988,0.6628947257995605,,
709,27689,,,,,0.7432903051376343,0.3621933162212372
709,27689,,,0.9375352263450623,0.6415812373161316,,
710,27728,,,,,0.7470033168792725,0.3606966435909271
710,27728,,,0.9295512437820435,0.6701729893684387,,
711,27767,,,,,0.7394044399261475,0.36080852150917053
711,27767,,,0.9335092306137085,0.6341990232467651,,
712,27806,,,,,0.7324255704879761,0.3575249910354614
712,27806,,,0.9164091348648071,0.6468285322189331,,
713,27845,,,,,0.7435157299041748,0.3572472929954529
713,27845,,,0.9259033203125,0.625968873500824,,
714,27884,,,,,0.7215501666069031,0.3535994589328766
714,27884,,,0.9252650737762451,0.656215488910675,,
715,27923,,,,,0.7256864905357361,0.36212289333343506
715,27923,,,0.945004403591156,0.6246849298477173,,
716,27962,,,,,0.7323418259620667,0.36780625581741333
716,27962,,,0.9527398943901062,0.656814455986023,,
717,28001,,,,,0.7435358166694641,0.36799633502960205
717,28001,,,0.9244982600212097,0.6375563144683838,,
718,28040,,,,,0.7492899894714355,0.3674916923046112
718,28040,,,0.9232532978057861,0.6476515531539917,,
719,28079,,,,,0.741554856300354,0.36326682567596436
719,28079,,,0.9443783760070801,0.6215445399284363,,
720,28118,,,,,0.7381724715232849,0.3575543761253357
720,28118,,,0.9141680598258972,0.6478005051612854,,
721,28157,,,,,0.7257644534111023,0.35633766651153564
721,28157,,,0.9140247702598572,0.6267749071121216,,
722,28196,,,,,0.7298599481582642,0.36108267307281494
722,28196,,,0.93743896484375,0.6440666317939758,,
723,28235,,,,,0.7219219207763672,0.3530598282814026
723,28235,,,0.9183816313743591,0.6510562300682068,,
724,28274,,,,,0.7399057149887085,0.3556113541126251
724,28274,,,0.924979567527771,0.6829233765602112,,
725,28313,,,,,0.7369200587272644,0.35067692399024963
725,28313,,,0.9054902791976929,0.6735456585884094,,
726,28352,,,,,0.7511855959892273,0.35850951075553894
726,28352,,,0.9420120120048523,0.6401293277740479,,
727,28391,,,,,0.7230815291404724,0.35033848881721497
727,28391,,,0.9334016442298889,0.6406791806221008,,
728,28430,,,,,0.7349914908409119,0.35023367404937744
728,28430,,,0.9162445068359375,0.6413628458976746,,
729,28469,,,,,0.7244310975074768,0.3411211371421814
729,28469,,,0.9419385194778442,0.6245099306106567,,
730,28508,,,,,0.7270272374153137,0.3444357216358185
730,28508,,,0.9285207986831665,0.6394572257995605,,
731,28547,,,,,0.7326880097389221,0.3481675684452057
731,28547,,,0.9172496199607849,0.6681093573570251,,
732,28586,,,,,0.7315112352371216,0.3463897109031677
732,28586,,,0.9320613145828247,0.6387827396392822,,
733,28625,,,,,0.731273889541626,0.3567259609699249
733,28625,,,0.9282793998718262,0.6531123518943787,,
734,28664,,,,,0.7239803075790405,0.3503477871417999
734,28664,,,0.897225022315979,0.660834014415741,,
735,28703,,,,,0.7294172644615173,0.3600921332836151
735,28703,,,0.9167473912239075,0.6576079726219177,,
736,28742,,,,,0.744042694568634,0.3593181371688843
736,28742,,,0.9138025045394897,0.6862244009971619,,
737,28781,,,,,0.7386573553085327,0.3530700206756592
737,28781,,,0.9105333089828491,0.660874605178833,,
738,28820,,,,,0.740146815776825,0.35181987285614014
738,28820,,,0.9528763890266418,0.6604055762290955,,
739,28859,,,,,0.7267608046531677,0.34834957122802734
739,28859,,,0.8847969174385071,0.6780634522438049,,
740,28898,,,,,0.7287513017654419,0.36097320914268494
740,28898,,,0.9252163767814636,0.6445804834365845,,
741,28937,,,,,0.7289170026779175,0.35752272605895996
741,28937,,,0.9193928241729736,0.6430039405822754,,
742,28976,,,,,0.7310465574264526,0.35786908864974976
742,28976,,,0.9595779180526733,0.6301235556602478,,
743,29015,,,,,0.7335851788520813,0.35957756638526917
743,29015,,,0.9387275576591492,0.651791512966156,,
744,29054,,,,,0.7403226494789124,0.3634004294872284
744,29054,,,0.894607663154602,0.6408920288085938,,
745,29093,,,,,0.7637381553649902,0.3748363256454468
745,29093,,,0.9476240873336792,0.6748166084289551,,
746,29132,,,,,0.7180184125900269,0.3662654757499695
746,29132,,,0.937229335308075,0.640353798866272,,
747,29171,,,,,0.7274582386016846,0.37081095576286316
747,29171,,,0.9109416604042053,0.647400975227356,,
748,29210,,,,,0.7159898281097412,0.3625347316265106
748,29210,,,0.9201028347015381,0.6362437605857849,,
749,29249,,,,,0.7225862145423889,0.36019039154052734
749,29249,,,0.9882872104644775,0.6040582060813904,,
750,29288,,,,,0.726619303226471,0.35894936323165894
750,29288,,,0.8928854465484619,0.6620833277702332,,
751,29327,,,,,0.7343852519989014,0.36342814564704895
751,29327,,,0.9308430552482605,0.6476264595985413,,
752,29366,,,,,0.7215677499771118,0.3662317991256714
752,29366,,,0.9436396956443787,0.6586423516273499,,
753,29405,,,,,0.7251110672950745,0.36336785554885864
753,29405,,,0.9160727262496948,0.6643883585929871,,
754,29444,,,,,0.7177860736846924,0.36606788635253906
754,29444,,,0.9017118811607361,0.6673255562782288,,
755,29483,,,,,0.7160062193870544,0.356843501329422
755,29483,,,0.9381967186927795,0.6381511092185974,,
756,29522,,,,,0.7345002293586731,0.3587174415588379
756,29522,,,0.9147047400474548,0.6832452416419983,,
757,29561,,,,,0.7286418676376343,0.3610330820083618
757,29561,,,0.9023041129112244,0.6663922071456909,,
758,29600,,,,,0.7385188937187195,0.3607152998447418
758,29600,,,0.9122880697250366,0.6637642979621887,,
759,29639,,,,,0.7386693358421326,0.36207765340805054
759,29639,,,0.9134495258331299,0.6558813452720642,,
760,29678,,,,,0.7536457180976868,0.36420881748199463
760,29678,,,0.9142250418663025,0.6914438605308533,,
761,29717,,,,,0.7264737486839294,0.3599230945110321
761,29717,,,0.9435725212097168,0.6457169651985168,,
762,29756,,,,,0.7325490713119507,0.3611960709095001
762,29756,,,0.911413311958313,0.6442258954048157,,
763,29795,,,,,0.7250601053237915,0.3589184880256653
763,29795,,,0.9432907104492188,0.6517361998558044,,
764,29834,,,,,0.7395560145378113,0.3684293031692505
764,29834,,,0.9304665923118591,0.6292017698287964,,
765,29873,,,,,0.729041337966919,0.373745322227478
765,29873,,,0.9209944605827332,0.6596144437789917,,
766,29912,,,,,0.7332441210746765,0.368156373500824
766,29912,,,0.9233213663101196,0.6764971613883972,,
767,29951,,,,,0.7435418367385864,0.3710903823375702
767,29951,,,0.9195283651351929,0.667171835899353,,
768,29990,,,,,0.731763482093811,0.36782610416412354
768,29990,,,0.9128758311271667,0.6392032504081726,,
769,30029,,,,,0.7503136992454529,0.3665464520454407
769,30029,,,0.913741409778595,0.6413370966911316,,
770,30068,,,,,0.7299341559410095,0.35259121656417847
770,30068,,,0.920791745185852,0.6402701735496521,,
771,30107,,,,,0.7232787609100342,0.3609689474105835
771,30107,,,0.9180227518081665,0.6511335968971252,,
772,30146,,,,,0.755343496799469,0.3651833236217499
772,30146,,,0.9561985731124878,0.6598588824272156,,
773,30185,,,,,0.733802080154419,0.3647019863128662
773,30185,,,0.8867905735969543,0.69181889295578,,
774,30224,,,,,0.7348963618278503,0.3641972839832306
774,30224,,,0.9556706547737122,0.6162140369415283,,
775,30263,,,,,0.7280197739601135,0.3632715046405792
775,30263,,,0.9234612584114075,0.6625092625617981,,
776,30302,,,,,0.7256883382797241,0.35960474610328674
776,30302,,,0.9163109064102173,0.6155664324760437,,
777,30341,,,,,0.7199804782867432,0.35862022638320923
777,30341,,,0.9085932970046997,0.6589723229408264,,
778,30380,,,,,0.720619797706604,0.3605010211467743
778,30380,,,0.9274193048477173,0.6445218324661255,,
779,30419,,,,,0.7168289422988892,0.3645707368850708
779,30419,,,0.8972989320755005,0.6641460061073303,,
780,30458,,,,,0.7163493633270264,0.3633892238140106
780,30458,,,0.9102168083190918,0.6682771444320679,,
781,30497,,,,,0.7179687023162842,0.3584955334663391
781,30497,,,0.8811625838279724,0.678490400314331,,
782,30536,,,,,0.7093591690063477,0.3544142544269562
782,30536,,,0.894282877445221,0.6606024503707886,,
783,30575,,,,,0.7186143398284912,0.35993123054504395
783,30575,,,0.9132887125015259,0.6486257314682007,,
784,30614,,,,,0.7212223410606384,0.35223495960235596
784,30614,,,0.936549961566925,0.649577796459198,,
785,30653,,,,,0.7335090041160583,0.35688960552215576
785,30653,,,0.9264044165611267,0.6611737608909607,,
786,30692,,,,,0.7209061980247498,0.3531687259674072
786,30692,,,0.9237151741981506,0.6405165195465088,,
787,30731,,,,,0.737879753112793,0.3614645302295685
787,30731,,,0.9204400777816772,0.6737890243530273,,
788,30770,,,,,0.7155383229255676,0.3587585687637329
788,30770,,,0.9127287268638611,0.6379480361938477,,
789,30809,,,,,0.7162493467330933,0.3600974678993225
789,30809,,,0.9100319147109985,0.6723253130912781,,
790,30848,,,,,0.7109408974647522,0.356028288602829
790,30848,,,0.9481985569000244,0.631844162940979,,
791,30887,,,,,0.7349081039428711,0.36564481258392334
791,30887,,,0.9212794303894043,0.6731097102165222,,
792,30926,,,,,0.719162106513977,0.3549235165119171
792,30926,,,0.9421029686927795,0.6223341226577759,,
793,30965,,,,,0.7310165166854858,0.3621967136859894
793,30965,,,0.9111570715904236,0.6521164178848267,,
794,31004,,,,,0.72889643907547,0.3572729527950287
794,31004,,,0.8980122208595276,0.6615471243858337,,
795,31043,,,,,0.7335889935493469,0.3587961494922638
795,31043,,,0.9142737984657288,0.6542774438858032,,
796,31082,,,,,0.7171627879142761,0.3649797737598419
796,31082,,,0.912806510925293,0.6686650514602661,,
797,31121,,,,,0.7207156419754028,0.36911678314208984
797,31121,,,0.9176114201545715,0.6582606434822083,,
798,31160,,,,,0.7246731519699097,0.3710082769393921
798,31160,,,0.8906474113464355,0.674100399017334,,
799,31199,,,,,0.7218956351280212,0.36940816044807434
799,31199,,,0.9098928570747375,0.6776703000068665,,
800,31238,,,,,0.7181506156921387,0.3659319579601288
800,31238,,,0.9111796617507935,0.6900718808174133,,
801,31277,,,,,0.7107104063034058,0.37048202753067017
801,31277,,,0.8825134038925171,0.662584662437439,,
802,31316,,,,,0.7135445475578308,0.3707214891910553
802,31316,,,0.92015141248703,0.6533570289611816,,
803,31355,,,,,0.7326458096504211,0.3728950321674347
803,31355,,,0.8730711340904236,0.7029097676277161,,
804,31394,,,,,0.7375679016113281,0.3692297041416168
804,31394,,,0.9007241725921631,0.6682708263397217,,
805,31433,,,,,0.7331599593162537,0.3667430877685547
805,31433,,,0.8973996043205261,0.6697022318840027,,
806,31472,,,,,0.7417077422142029,0.37157297134399414
806,31472,,,0.9245282411575317,0.6539048552513123,,
807,31511,,,,,0.7465155720710754,0.3734811842441559
807,31511,,,0.9304664731025696,0.6596629023551941,,
808,31550,,,,,0.7190954089164734,0.36532291769981384
808,31550,,,0.9052000641822815,0.6858710646629333,,
809,31589,,,,,0.7322638630867004,0.3706646263599396
809,31589,,,0.9196116924285889,0.7004573345184326,,
810,31628,,,,,0.7121211886405945,0.36476874351501465
810,31628,,,0.8997030258178711,0.6563201546669006,,
811,31667,,,,,0.7293842434883118,0.37576019763946533
811,31667,,,0.9398306608200073,0.6509475708007812,,
812,31706,,,,,0.722057044506073,0.36716073751449585
812,31706,,,0.9051147699356079,0.6873821020126343,,
813,31745,,,,,0.7246984839439392,0.36590462923049927
813,31745,,,0.8738978505134583,0.683102011680603,,
814,31784,,,,,0.7193110585212708,0.3686561584472656
814,31784,,,0.933716893196106,0.6343441009521484,,
815,31823,,,,,0.7174168229103088,0.36686843633651733
815,31823,,,0.8884498476982117,0.6998087167739868,,
816,31862,,,,,0.717756450176239,0.37589529156684875
816,31862,,,0.9170262217521667,0.6414175629615784,,
817,31901,,,,,0.7108247876167297,0.37199267745018005
817,31901,,,0.9336320161819458,0.6680419445037842,,
818,31940,,,,,0.7174938321113586,0.3695424199104309
818,31940,,,0.9094588160514832,0.6600163578987122,,
819,31979,,,,,0.7135796546936035,0.3636602759361267
819,31979,,,0.9082338213920593,0.666692852973938,,
820,32018,,,,,0.7167781591415405,0.3662051558494568
820,32018,,,0.8975048661231995,0.6484079360961914,,
821,32057,,,,,0.7133779525756836,0.3661189079284668
821,32057,,,0.8854125738143921,0.6512207388877869,,
822,32096,,,,,0.7232372164726257,0.3654768466949463
822,32096,,,0.900076150894165,0.6618668437004089,,
823,32135,,,,,0.728011965751648,0.36765390634536743
823,32135,,,0.9113460183143616,0.6695311069488525,,
824,32174,,,,,0.740478515625,0.3794805407524109
824,32174,,,0.8534252643585205,0.6941959261894226,,
825,32213,,,,,0.7168649435043335,0.36830222606658936
825,32213,,,0.9038838148117065,0.683961033821106,,
826,32252,,,,,0.7102884650230408,0.3591453731060028
826,32252,,,0.9286988377571106,0.6548877358436584,,
827,32291,,,,,0.7316145896911621,0.36172589659690857
827,32291,,,0.9037381410598755,0.6782194375991821,,
828,32330,,,,,0.7288176417350769,0.36329618096351624
828,32330,,,0.9012172222137451,0.6844851970672607,,
829,32369,,,,,0.7278873324394226,0.36617109179496765
829,32369,,,0.9200187921524048,0.6675660014152527,,
830,32408,,,,,0.7192222476005554,0.36635926365852356
830,32408,,,0.9154754877090454,0.6551517844200134,,
831,32447,,,,,0.7258612513542175,0.3650808334350586
831,32447,,,0.8983572721481323,0.6768690347671509,,
832,32486,,,,,0.7206990122795105,0.3657430410385132
832,32486,,,0.921191394329071,0.6290802359580994,,
833,32525,,,,,0.7147071361541748,0.3671209216117859
833,32525,,,0.9239616394042969,0.6490615010261536,,
834,32564,,,,,0.7196400165557861,0.3764325678348541
834,32564,,,0.8979405164718628,0.6838350892066956,,
835,32603,,,,,0.710060179233551,0.373047798871994
835,32603,,,0.9069498777389526,0.6736552119255066,,
836,32642,,,,,0.7161809802055359,0.3787815570831299
836,32642,,,0.9080495834350586,0.6434217095375061,,
837,32681,,,,,0.7134257555007935,0.3695395588874817
837,32681,,,0.8824710249900818,0.6740251183509827,,
838,32720,,,,,0.7216740250587463,0.37154993414878845
838,32720,,,0.9082998633384705,0.6630550026893616,,
839,32759,,,,,0.7198078036308289,0.371205598115921
839,32759,,,0.9052006602287292,0.6704099774360657,,
840,32798,,,,,0.7261330485343933,0.3713688552379608
840,32798,,,0.9098572134971619,0.6745696067810059,,
841,32837,,,,,0.7257644534111023,0.37011104822158813
841,32837,,,0.8951324820518494,0.6838898062705994,,
842,32876,,,,,0.71409010887146,0.37242281436920166
842,32876,,,0.9159058928489685,0.6483229994773865,,
843,32915,,,,,0.7203152179718018,0.36712509393692017
843,32915,,,0.9101353883743286,0.6597752571105957,,
844,32954,,,,,0.7209687829017639,0.3729061186313629
844,32954,,,0.9077326655387878,0.6522851586341858,,
845,32993,,,,,0.7124280333518982,0.36840400099754333
845,32993,,,0.9034494161605835,0.6450016498565674,,
846,33032,,,,,0.7378968596458435,0.37150904536247253
846,33032,,,0.8945006132125854,0.6674933433532715,,
847,33071,,,,,0.7433405518531799,0.37362411618232727
847,33071,,,0.8892205953598022,0.6910905838012695,,
848,33110,,,,,0.7247508764266968,0.3654628098011017
848,33110,,,0.9108005166053772,0.6600753664970398,,
849,33149,,,,,0.7130557298660278,0.36544620990753174
849,33149,,,0.9439660906791687,0.6538357138633728,,
850,33188,,,,,0.7059296369552612,0.36802560091018677
850,33188,,,0.9038107395172119,0.6797274351119995,,
851,33227,,,,,0.7171076536178589,0.35998544096946716
851,33227,,,0.9035894870758057,0.6779680252075195,,
852,33266,,,,,0.7265312075614929,0.3732953369617462
852,33266,,,0.9390426874160767,0.6566662788391113,,
853,33305,,,,,0.7308318614959717,0.3727087378501892
853,33305,,,0.9075502157211304,0.6863409876823425,,
854,33344,,,,,0.7244829535484314,0.37487566471099854
854,33344,,,0.8972995281219482,0.6747018098831177,,
855,33383,,,,,0.7114292979240417,0.3852930963039398
855,33383,,,0.9233694076538086,0.6647243499755859,,
856,33422,,,,,0.7230045199394226,0.3863030970096588
856,33422,,,0.8868812322616577,0.6684289574623108,,
857,33461,,,,,0.7171236872673035,0.3741198182106018
857,33461,,,0.8759025931358337,0.7012744545936584,,
858,33500,,,,,0.7060520052909851,0.361558198928833
858,33500,,,0.897100031375885,0.6631002426147461,,
859,33539,,,,,0.71541827917099,0.36759665608406067
859,33539,,,0.8851590156555176,0.6905695199966431,,
860,33578,,,,,0.7094118595123291,0.36740511655807495
860,33578,,,0.8998516798019409,0.6458396911621094,,
861,33617,,,,,0.7138526439666748,0.37016561627388
861,33617,,,0.9349564909934998,0.6599410772323608,,
862,33656,,,,,0.7262270450592041,0.37327003479003906
862,33656,,,0.9006445407867432,0.6771068572998047,,
863,33695,,,,,0.7164629101753235,0.37412378191947937
863,33695,,,0.8991631865501404,0.6717811226844788,,
864,33734,,,,,0.6983293294906616,0.3758693039417267
864,33734,,,0.8952851891517639,0.6586362719535828,,
865,33773,,,,,0.7217932939529419,0.3752959668636322
865,33773,,,0.9053179621696472,0.6760147213935852,,
866,33812,,,,,0.7166424989700317,0.3706172704696655
866,33812,,,0.8775551915168762,0.6834492683410645,,
867,33851,,,,,0.7216928601264954,0.3731188476085663
867,33851,,,0.9080970883369446,0.6736294627189636,,
868,33890,,,,,0.7098357081413269,0.36799225211143494
868,33890,,,0.9220803380012512,0.6434375047683716,,
869,33929,,,,,0.7211925387382507,0.3665332794189453
869,33929,,,0.9212338328361511,0.6556946039199829,,
870,33968,,,,,0.7174602150917053,0.3638721704483032
870,33968,,,0.9056182503700256,0.6474449634552002,,
871,34007,,,,,0.720029354095459,0.373572438955307
871,34007,,,0.8820805549621582,0.6772860884666443,,
872,34046,,,,,0.7205113172531128,0.3742924928665161
872,34046,,,0.8887813091278076,0.6706721186637878,,
873,34085,,,,,0.7065707445144653,0.38019710779190063
873,34085,,,0.8885289430618286,0.6692277193069458,,
874,34124,,,,,0.7157819867134094,0.37224167585372925
874,34124,,,0.9046996831893921,0.6708158254623413,,
875,34163,,,,,0.7169936895370483,0.3829650282859802
875,34163,,,0.9409562349319458,0.6462697982788086,,
876,34202,,,,,0.7085107564926147,0.37678083777427673
876,34202,,,0.8530371189117432,0.7148103713989258,,
877,34241,,,,,0.7269112467765808,0.37516021728515625
877,34241,,,0.9093464612960815,0.6891940236091614,,
878,34280,,,,,0.719623863697052,0.37022507190704346
878,34280,,,0.8915172219276428,0.675213634967804,,
879,34319,,,,,0.7091400623321533,0.3781058192253113
879,34319,,,0.8845102190971375,0.6906541585922241,,
880,34358,,,,,0.7088692784309387,0.3756762444972992
880,34358,,,0.8982278108596802,0.6693031191825867,,
881,34397,,,,,0.7159112095832825,0.3772483170032501
881,34397,,,0.9005367755889893,0.6901884078979492,,
882,34436,,,,,0.7218461036682129,0.37119409441947937
882,34436,,,0.9079829454421997,0.6779051423072815,,
883,34475,,,,,0.7157601714134216,0.37356245517730713
883,34475,,,0.8779079914093018,0.6942933797836304,,
884,34514,,,,,0.7044839262962341,0.37081384658813477
884,34514,,,0.8868151903152466,0.6620708107948303,,
885,34553,,,,,0.7083000540733337,0.3729408383369446
885,34553,,,0.8649628758430481,0.7180103659629822,,
886,34592,,,,,0.7108092904090881,0.373333603143692
886,34592,,,0.919077455997467,0.6402831673622131,,
887,34631,,,,,0.7106330394744873,0.37253811955451965
887,34631,,,0.901110827922821,0.6802704930305481,,
888,34670,,,,,0.7058218717575073,0.3645152747631073
888,34670,,,0.9211808443069458,0.6628249287605286,,
889,34709,,,,,0.7237834930419922,0.37331122159957886
889,34709,,,0.9170434474945068,0.67437744140625,,
890,34748,,,,,0.7120994925498962,0.36930039525032043
890,34748,,,0.8876901268959045,0.6745519638061523,,
891,34787,,,,,0.7015052437782288,0.37000006437301636
891,34787,,,0.9363546371459961,0.6564561128616333,,
892,34826,,,,,0.6974974274635315,0.3741854727268219
892,34826,,,0.8903314471244812,0.6858707666397095,,
893,34865,,,,,0.6955181360244751,0.3751682937145233
893,34865,,,0.9087329506874084,0.6558602452278137,,
894,34904,,,,,0.6976146697998047,0.37971070408821106
894,34904,,,0.9163951277732849,0.6438014507293701,,
895,34943,,,,,0.7122341394424438,0.376874178647995
895,34943,,,0.888814389705658,0.6925031542778015,,
896,34982,,,,,0.7201575636863708,0.37478768825531006
896,34982,,,0.9011755585670471,0.6935409307479858,,
897,35021,,,,,0.7083472609519958,0.37569841742515564
897,35021,,,0.8810158967971802,0.7059171795845032,,
898,35060,,,,,0.7002357244491577,0.36887326836586
898,35060,,,0.9095480442047119,0.664059579372406,,
899,35099,,,,,0.7181071639060974,0.37679100036621094
899,35099,,,0.8868681788444519,0.6752750277519226,,
900,35138,,,,,0.71342933177948,0.3781901001930237
900,35138,,,0.874630868434906,0.6894051432609558,,
901,35177,,,,,0.7134122252464294,0.3759284019470215
901,35177,,,0.8923442363739014,0.655045747756958,,
902,35216,,,,,0.7178184390068054,0.3803200423717499
902,35216,,,0.8653677701950073,0.6828150749206543,,
903,35255,,,,,0.7093347311019897,0.3813731074333191
903,35255,,,0.8714512586593628,0.6816750764846802,,
904,35294,,,,,0.7139135003089905,0.3892255127429962
904,35294,,,0.9093235731124878,0.6696757078170776,,
905,35333,,,,,0.7124922275543213,0.3831275403499603
905,35333,,,0.8924611210823059,0.6911624073982239,,
906,35372,,,,,0.7020360231399536,0.3770637512207031
906,35372,,,0.87258380651474,0.686643660068512,,
907,35411,,,,,0.6979066133499146,0.3837797939777374
907,35411,,,0.8732172846794128,0.6802660226821899,,
908,35450,,,,,0.7126303315162659,0.3889220952987671
908,35450,,,0.9391897916793823,0.6673800349235535,,
909,35489,,,,,0.7033772468566895,0.3805214762687683
909,35489,,,0.8976283669471741,0.6721705198287964,,
910,35528,,,,,0.707764208316803,0.3837258517742157
910,35528,,,0.8694196939468384,0.7078978419303894,,
911,35567,,,,,0.7160205841064453,0.3869808316230774
911,35567,,,0.89227694272995,0.6745738983154297,,
912,35606,,,,,0.7079256772994995,0.3887997567653656
912,35606,,,0.8668432831764221,0.6727796792984009,,
913,35645,,,,,0.7142772078514099,0.3840751349925995
913,35645,,,0.8821743726730347,0.6568689346313477,,
914,35684,,,,,0.7211600542068481,0.3836321532726288
914,35684,,,0.8897790908813477,0.70186847448349,,
915,35723,,,,,0.7246082425117493,0.38682258129119873
915,35723,,,0.878272533416748,0.6786018013954163,,
916,35762,,,,,0.7078937888145447,0.3857768177986145
916,35762,,,0.8838405013084412,0.6963618397712708,,
917,35801,,,,,0.7068144679069519,0.3844112753868103
917,35801,,,0.8863641023635864,0.663295567035675,,
918,35840,,,,,0.7058281302452087,0.38526132702827454
918,35840,,,0.9062615633010864,0.6892980337142944,,
919,35879,,,,,0.7101655006408691,0.3891201615333557
919,35879,,,0.9239414930343628,0.6575819253921509,,
920,35918,,,,,0.7021268010139465,0.3876130282878876
920,35918,,,0.9080942869186401,0.6655173897743225,,
921,35957,,,,,0.7027698755264282,0.38771897554397583
921,35957,,,0.9089836478233337,0.6776193976402283,,
922,35996,,,,,0.6990950107574463,0.3847159147262573
922,35996,,,0.9149454832077026,0.6733607649803162,,
923,36035,,,,,0.7039709687232971,0.37789711356163025
923,36035,,,0.8951798677444458,0.6878404021263123,,
924,36074,,,,,0.7097687721252441,0.3860825300216675
924,36074,,,0.9116641283035278,0.6477589011192322,,
925,36113,,,,,0.7045247554779053,0.3836122453212738
925,36113,,,0.9038999676704407,0.6764013767242432,,
926,36152,,,,,0.7026453614234924,0.384005606174469
926,36152,,,0.8797445297241211,0.6702741384506226,,
927,36191,,,,,0.7051360607147217,0.3826618790626526
927,36191,,,0.903989851474762,0.6795300245285034,,
928,36230,,,,,0.6963860392570496,0.39200371503829956
928,36230,,,0.8746337890625,0.6810115575790405,,
929,36269,,,,,0.6975303888320923,0.3873491883277893
929,36269,,,0.9006398320198059,0.6518541574478149,,
930,36308,,,,,0.7024311423301697,0.3829428553581238
930,36308,,,0.8874161839485168,0.6742529273033142,,
931,36347,,,,,0.7180202603340149,0.3907898962497711
931,36347,,,0.8951296806335449,0.6780178546905518,,
932,36386,,,,,0.7013546228408813,0.3895135521888733
932,36386,,,0.8645573258399963,0.6807865500450134,,
933,36425,,,,,0.7010684013366699,0.3829750418663025
933,36425,,,0.8943000435829163,0.6673688888549805,,
934,36464,,,,,0.7046290636062622,0.3886556029319763
934,36464,,,0.8993179202079773,0.6802158355712891,,
935,36503,,,,,0.7082198262214661,0.3918679654598236
935,36503,,,0.8859354853630066,0.707101583480835,,
936,36542,,,,,0.6957046985626221,0.38980981707572937
936,36542,,,0.8343084454536438,0.7041745185852051,,
937,36581,,,,,0.7126980423927307,0.39703798294067383
937,36581,,,0.897440493106842,0.7037524580955505,,
938,36620,,,,,0.7241960763931274,0.3959881663322449
938,36620,,,0.887503981590271,0.6901988387107849,,
939,36659,,,,,0.6975520253181458,0.3917213976383209
939,36659,,,0.8795403838157654,0.7027422785758972,,
940,36698,,,,,0.7234245538711548,0.39854922890663147
940,36698,,,0.8923831582069397,0.697564423084259,,
941,36737,,,,,0.7071309685707092,0.3934618830680847
941,36737,,,0.8870487809181213,0.6851621866226196,,
942,36776,,,,,0.7036044001579285,0.3973471522331238
942,36776,,,0.8826773166656494,0.6755036115646362,,
943,36815,,,,,0.70713210105896,0.3950619101524353
943,36815,,,0.9015971422195435,0.6631553173065186,,
944,36854,,,,,0.6981446743011475,0.39542707800865173
944,36854,,,0.8878224492073059,0.6994876265525818,,
945,36893,,,,,0.708544135093689,0.3887009620666504
945,36893,,,0.917878270149231,0.6556790471076965,,
946,36932,,,,,0.712229311466217,0.3880879580974579
946,36932,,,0.9011752605438232,0.6719831824302673,,
947,36971,,,,,0.7003637552261353,0.38164275884628296
947,36971,,,0.869508683681488,0.6722351312637329,,
948,37010,,,,,0.7084572911262512,0.38558802008628845
948,37010,,,0.890543520450592,0.6878244876861572,,
949,37049,,,,,0.7007178068161011,0.3796732723712921
949,37049,,,0.8795426487922668,0.6784214377403259,,
950,37088,,,,,0.7202901840209961,0.3856264054775238
950,37088,,,0.9079465866088867,0.6638141870498657,,
951,37127,,,,,0.7048739194869995,0.38503962755203247
951,37127,,,0.8723952174186707,0.6733866333961487,,
952,37166,,,,,0.7007144689559937,0.3891116976737976
952,37166,,,0.8807592391967773,0.6904875636100769,,
953,37205,,,,,0.7057483792304993,0.3928452432155609
953,37205,,,0.8617392182350159,0.7078291177749634,,
954,37244,,,,,0.7009890675544739,0.38879793882369995
954,37244,,,0.88636714220047,0.6749570965766907,,
955,37283,,,,,0.7059089541435242,0.38743552565574646
955,37283,,,0.8846646547317505,0.6845188736915588,,
956,37322,,,,,0.7032968401908875,0.381696879863739
956,37322,,,0.9068490862846375,0.644647479057312,,
957,37361,,,,,0.7110496759414673,0.3817982077598572
957,37361,,,0.9049476385116577,0.664215624332428,,
958,37400,,,,,0.7059717774391174,0.38583657145500183
958,37400,,,0.8853746056556702,0.6576539278030396,,
959,37439,,,,,0.6984699368476868,0.38747093081474304
959,37439,,,0.8929872512817383,0.6763693690299988,,
960,37478,,,,,0.7011597156524658,0.38604357838630676
960,37478,,,0.8683465123176575,0.6801192164421082,,
961,37517,,,,,0.7021092772483826,0.3878958821296692
961,37517,,,0.8622905015945435,0.696199357509613,,
962,37556,,,,,0.7141287326812744,0.3902032971382141
962,37556,,,0.8612859845161438,0.7004814147949219,,
963,37595,,,,,0.7078156471252441,0.3922061324119568
963,37595,,,0.8834614753723145,0.6790861487388611,,
964,37634,,,,,0.7066773176193237,0.39517444372177124
964,37634,,,0.8974629044532776,0.669498860836029,,
965,37673,,,,,0.7065644860267639,0.39038217067718506
965,37673,,,0.8755896091461182,0.6848767399787903,,
966,37712,,,,,0.7082489728927612,0.38739699125289917
966,37712,,,0.8631331324577332,0.683110237121582,,
967,37751,,,,,0.7012230157852173,0.3946349620819092
967,37751,,,0.8614984154701233,0.7059337496757507,,
968,37790,,,,,0.703187108039856,0.39829158782958984
968,37790,,,0.8816511631011963,0.6784011125564575,,
969,37829,,,,,0.6916790008544922,0.395175963640213
969,37829,,,0.8783145546913147,0.679661214351654,,
970,37868,,,,,0.6939584612846375,0.39574363827705383
970,37868,,,0.8555180430412292,0.709996223449707,,
971,37907,,,,,0.6910192370414734,0.3925766944885254
971,37907,,,0.9002684354782104,0.6782886385917664,,
972,37946,,,,,0.6929082274436951,0.3932413160800934
972,37946,,,0.8531627058982849,0.6903589367866516,,
973,37985,,,,,0.7007243633270264,0.38975098729133606
973,37985,,,0.8872489929199219,0.6726424694061279,,
974,38024,,,,,0.703790545463562,0.39444437623023987
974,38024,,,0.8865358233451843,0.6705510020256042,,
975,38063,,,,,0.6920762658119202,0.3899637460708618
975,38063,,,0.8753072023391724,0.6933608055114746,,
976,38102,,,,,0.6907169222831726,0.3937819302082062
976,38102,,,0.8906862139701843,0.7143644690513611,,
977,38141,,,,,0.7058445811271667,0.39573952555656433
977,38141,,,0.9064509272575378,0.6910260915756226,,
978,38180,,,,,0.6971238851547241,0.3988834619522095
978,38180,,,0.887781023979187,0.669053316116333,,
979,38219,,,,,0.6974983215332031,0.403776615858078
979,38219,,,0.8930738568305969,0.6883508563041687,,
980,38258,,,,,0.7007596492767334,0.40244385600090027
980,38258,,,0.9122000336647034,0.6493769884109497,,
981,38297,,,,,0.6907951235771179,0.3981607258319855
981,38297,,,0.8964143395423889,0.686116635799408,,
982,38336,,,,,0.6869224905967712,0.3902043104171753
982,38336,,,0.8866544961929321,0.660138726234436,,
983,38375,,,,,0.7012292742729187,0.3895466923713684
983,38375,,,0.8475266695022583,0.7006444931030273,,
984,38414,,,,,0.7030199766159058,0.3865889310836792
984,38414,,,0.8797817826271057,0.6895676851272583,,
985,38453,,,,,0.7017583847045898,0.38342270255088806
985,38453,,,0.8686633706092834,0.6959763765335083,,
986,38492,,,,,0.6906224489212036,0.38247987627983093
986,38492,,,0.8849595189094543,0.6843889951705933,,
987,38531,,,,,0.6926354765892029,0.39365246891975403
987,38531,,,0.9012343287467957,0.6801320910453796,,
988,38570,,,,,0.6821646690368652,0.39459264278411865
988,38570,,,0.879041314125061,0.6804437041282654,,
989,38609,,,,,0.6941755414009094,0.3927759528160095
989,38609,,,0.8741341829299927,0.6803349256515503,,
990,38648,,,,,0.6951603889465332,0.39927640557289124
990,38648,,,0.8529564142227173,0.7022097110748291,,
991,38687,,,,,0.7088422775268555,0.39978718757629395
991,38687,,,0.8829360604286194,0.6993633508682251,,
992,38726,,,,,0.6991960406303406,0.393038272857666
992,38726,,,0.8966421484947205,0.7014086246490479,,
993,38765,,,,,0.7062474489212036,0.3901464641094208
993,38765,,,0.8947346210479736,0.6916024684906006,,
994,38804,,,,,0.7136406898498535,0.3970687985420227
994,38804,,,0.8691021800041199,0.6956647634506226,,
995,38843,,,,,0.6979761123657227,0.3885479271411896
995,38843,,,0.8641877770423889,0.6776511073112488,,
996,38882,,,,,0.7075802683830261,0.38988929986953735
996,38882,,,0.883830726146698,0.6797820925712585,,
997,38921,,,,,0.7000500559806824,0.38205578923225403
997,38921,,,0.897245466709137,0.6677677631378174,,
998,38960,,,,,0.707737386226654,0.38348445296287537
998,38960,,,0.8402757048606873,0.7167959809303284,,
999,38999,,,,,0.7095019817352295,0.3889451324939728
999,38999,,,0.8942146301269531,0.6874397993087769,,
1000,39038,,,,,0.6986216902732849,0.38920843601226807
1000,39038,,,0.8632137775421143,0.7060667276382446,,
1001,39077,,,,,0.7051004767417908,0.3922558128833771
1001,39077,,,0.8649577498435974,0.6963319778442383,,
1002,39116,,,,,0.7091909646987915,0.39449959993362427
1002,39116,,,0.8824564814567566,0.6948297023773193,,
1003,39155,,,,,0.6985236406326294,0.3916350305080414
1003,39155,,,0.8862263560295105,0.6801737546920776,,
1004,39194,,,,,0.6950336694717407,0.3982468247413635
1004,39194,,,0.8788204789161682,0.7094099521636963,,
1005,39233,,,,,0.7083955407142639,0.3949774205684662
1005,39233,,,0.8522884845733643,0.7095040082931519,,
1006,39272,,,,,0.7022073268890381,0.39692041277885437
1006,39272,,,0.8868809342384338,0.675464391708374,,
1007,39311,,,,,0.6972124576568604,0.39830151200294495
1007,39311,,,0.8421949744224548,0.7063550353050232,,
1008,39350,,,,,0.7008801698684692,0.3975037932395935
1008,39350,,,0.8810510635375977,0.6939098238945007,,
1009,39389,,,,,0.7025967836380005,0.40310773253440857
1009,39389,,,0.8619758486747742,0.7087888717651367,,
1010,39428,,,,,0.6952164173126221,0.39657291769981384
1010,39428,,,0.879840075969696,0.6826941967010498,,
1011,39467,,,,,0.7088940739631653,0.39728301763534546
1011,39467,,,0.8793896436691284,0.7112798690795898,,
1012,39506,,,,,0.6962181329727173,0.39385974407196045
1012,39506,,,0.8524778485298157,0.7199895977973938,,
1013,39545,,,,,0.7024205923080444,0.39555060863494873
1013,39545,,,0.8529307842254639,0.6921988725662231,,
1014,39584,,,,,0.6915101408958435,0.39431512355804443
1014,39584,,,0.868097186088562,0.6993301510810852,,
1015,39623,,,,,0.6866707801818848,0.39964717626571655
1015,39623,,,0.8681851029396057,0.7032425999641418,,
1016,39662,,,,,0.6963086128234863,0.39456433057785034
1016,39662,,,0.8866173028945923,0.6913406252861023,,
1017,39701,,,,,0.6938544511795044,0.3954823911190033
1017,39701,,,0.8880589008331299,0.6820533871650696,,
1018,39740,,,,,0.7141832113265991,0.399675577878952
1018,39740,,,0.8613858222961426,0.7145127654075623,,
1019,39779,,,,,0.7086601853370667,0.40551304817199707
1019,39779,,,0.8604260683059692,0.7115645408630371,,
1020,39818,,,,,0.7097057700157166,0.4056096076965332
1020,39818,,,0.8799110054969788,0.6935523152351379,,
1021,39857,,,,,0.6906001567840576,0.4018011689186096
1021,39857,,,0.836654782295227,0.6987481117248535,,
1022,39896,,,,,0.6905121803283691,0.39647990465164185
1022,39896,,,0.8959752321243286,0.6720126271247864,,
1023,39935,,,,,0.7072646617889404,0.3941141366958618
1023,39935,,,0.8446030020713806,0.7229452133178711,,
1024,39974,,,,,0.6955004930496216,0.39349690079689026
1024,39974,,,0.8597295880317688,0.6923779845237732,,
1025,40013,,,,,0.6852719783782959,0.3986605703830719
1025,40013,,,0.8687517046928406,0.6859593391418457,,
1026,40052,,,,,0.6932516694068909,0.4044470489025116
1026,40052,,,0.8656985759735107,0.6840242147445679,,
1027,40091,,,,,0.698061466217041,0.4025282561779022
1027,40091,,,0.864003598690033,0.7194105386734009,,
1028,40130,,,,,0.697166383266449,0.40282097458839417
1028,40130,,,0.8483014106750488,0.713995099067688,,
1029,40169,,,,,0.6921188831329346,0.39989444613456726
1029,40169,,,0.9046316146850586,0.680941104888916,,
1030,40208,,,,,0.6932719945907593,0.3932602107524872
1030,40208,,,0.8608807325363159,0.6960997581481934,,
1031,40247,,,,,0.6987302303314209,0.40253546833992004
1031,40247,,,0.8321188688278198,0.7126973271369934,,
1032,40286,,,,,0.6943081617355347,0.40799862146377563
1032,40286,,,0.8710129857063293,0.7030234932899475,,
1033,40325,,,,,0.6784418821334839,0.40100380778312683
1033,40325,,,0.905289351940155,0.690190315246582,,
1034,40364,,,,,0.6802307367324829,0.3977872431278229
1034,40364,,,0.8776799440383911,0.703350841999054,,
1035,40403,,,,,0.6892293691635132,0.4010492265224457
1035,40403,,,0.8935232162475586,0.6943033337593079,,
1036,40442,,,,,0.7104665637016296,0.40773946046829224
1036,40442,,,0.8385918736457825,0.7347644567489624,,
1037,40481,,,,,0.6904045343399048,0.39653271436691284
1037,40481,,,0.8535322546958923,0.7147631049156189,,
1038,40520,,,,,0.6917604207992554,0.3977885842323303
1038,40520,,,0.8881945610046387,0.6686504483222961,,
1039,40559,,,,,0.6880805492401123,0.40394845604896545
1039,40559,,,0.882163405418396,0.6638266444206238,,
1040,40598,,,,,0.7001716494560242,0.40327543020248413
1040,40598,,,0.8685122728347778,0.7106545567512512,,
1041,40637,,,,,0.709382176399231,0.4019826650619507
1041,40637,,,0.8597694039344788,0.7131880521774292,,
1042,40676,,,,,0.6949998736381531,0.4054112434387207
1042,40676,,,0.8539677858352661,0.7037721872329712,,
1043,40715,,,,,0.6874809861183167,0.4080977141857147
1043,40715,,,0.8312193751335144,0.6907017230987549,,
1044,40754,,,,,0.6955835819244385,0.4078952968120575
1044,40754,,,0.8742071390151978,0.712138831615448,,
1045,40793,,,,,0.6874023079872131,0.40905365347862244
1045,40793,,,0.8831505179405212,0.6879000663757324,,
1046,40832,,,,,0.6871110200881958,0.4052444398403168
1046,40832,,,0.8379929661750793,0.7069913744926453,,
1047,40871,,,,,0.6987712383270264,0.40590378642082214
1047,40871,,,0.8585304617881775,0.7036246061325073,,
1048,40910,,,,,0.6927139759063721,0.4088278114795685
1048,40910,,,0.8606735467910767,0.7067334055900574,,
1049,40949,,,,,0.6834886074066162,0.405582070350647
1049,40949,,,0.8610116839408875,0.7036870121955872,,
1050,40988,,,,,0.6908519864082336,0.40505561232566833
1050,40988,,,0.8847773671150208,0.694236695766449,,
1051,41027,,,,,0.6969232559204102,0.40873193740844727
1051,41027,,,0.8941240310668945,0.6985289454460144,,
1052,41066,,,,,0.697346031665802,0.4052383601665497
1052,41066,,,0.8898428082466125,0.6932201981544495,,
1053,41105,,,,,0.6905716061592102,0.40480461716651917
1053,41105,,,0.8536005020141602,0.7158392071723938,,
1054,41144,,,,,0.6837731003761292,0.4078974425792694
1054,41144,,,0.8540461659431458,0.6933664679527283,,
1055,41183,,,,,0.6845415830612183,0.40672701597213745
1055,41183,,,0.8567190766334534,0.7087828516960144,,
1056,41222,,,,,0.691146969795227,0.40698203444480896
1056,41222,,,0.8953198194503784,0.6962794065475464,,
1057,41261,,,,,0.6957605481147766,0.4048793613910675
1057,41261,,,0.8351579308509827,0.6846234202384949,,
1058,41300,,,,,0.6973327994346619,0.4029427170753479
1058,41300,,,0.8775078058242798,0.692664384841919,,
1059,41339,,,,,0.6953229904174805,0.40685954689979553
1059,41339,,,0.8873501420021057,0.6870282292366028,,
1060,41378,,,,,0.6948176026344299,0.4123711585998535
1060,41378,,,0.9061108827590942,0.6826443672180176,,
1061,41417,,,,,0.6805405020713806,0.40924522280693054
1061,41417,,,0.8600838780403137,0.7322366237640381,,
1062,41456,,,,,0.6797366142272949,0.4035990238189697
1062,41456,,,0.8494511842727661,0.690649688243866,,
1063,41495,,,,,0.6838105916976929,0.4028511643409729
1063,41495,,,0.8735368251800537,0.7047004699707031,,
1064,41534,,,,,0.6937169432640076,0.3972991108894348
1064,41534,,,0.8781739473342896,0.7129024863243103,,
1065,41573,,,,,0.6972626447677612,0.4097983241081238
1065,41573,,,0.8753123879432678,0.6989051103591919,,
1066,41612,,,,,0.6914657354354858,0.41287657618522644
1066,41612,,,0.868789553642273,0.678239643573761,,
1067,41651,,,,,0.6837364435195923,0.4059702157974243
1067,41651,,,0.8871716260910034,0.6868098974227905,,
1068,41690,,,,,0.6847423911094666,0.40552905201911926
1068,41690,,,0.8540292382240295,0.7115942239761353,,
1069,41729,,,,,0.6903476119041443,0.40075668692588806
1069,41729,,,0.868116021156311,0.7013017535209656,,
1070,41768,,,,,0.6864031553268433,0.40561169385910034
1070,41768,,,0.8722397089004517,0.7165164947509766,,
1071,41807,,,,,0.6858838796615601,0.4038206934928894
1071,41807,,,0.8395113945007324,0.7180819511413574,,
1072,41846,,,,,0.6863314509391785,0.41069456934928894
1072,41846,,,0.8808441162109375,0.6984262466430664,,
1073,41885,,,,,0.6826347708702087,0.4137633144855499
1073,41885,,,0.8916705250740051,0.6964453458786011,,
1074,41924,,,,,0.6824331283569336,0.408221572637558
1074,41924,,,0.8663085699081421,0.6906980276107788,,
1075,41963,,,,,0.6876131296157837,0.41099071502685547
1075,41963,,,0.8446885943412781,0.7119631767272949,,
1076,42002,,,,,0.6829785108566284,0.41168010234832764
1076,42002,,,0.8875519037246704,0.6828945279121399,,
1077,42041,,,,,0.6920239329338074,0.4073317348957062
1077,42041,,,0.8745937943458557,0.6845906972885132,,
1078,42080,,,,,0.6954193711280823,0.4085027873516083
1078,42080,,,0.8343267440795898,0.7215292453765869,,
1079,42119,,,,,0.6907181143760681,0.41010287404060364
1079,42119,,,0.8538955450057983,0.7110673785209656,,
1080,42158,,,,,0.6894095540046692,0.4100545346736908
1080,42158,,,0.8456578254699707,0.6867467761039734,,
1081,42197,,,,,0.6951188445091248,0.4072968065738678
1081,42197,,,0.8451425433158875,0.7130123376846313,,
1082,42236,,,,,0.6887006759643555,0.40563198924064636
1082,42236,,,0.8601069450378418,0.6880289316177368,,
1083,42275,,,,,0.6885717511177063,0.40376079082489014
1083,42275,,,0.9038661122322083,0.6632362604141235,,
1084,42314,,,,,0.6917636394500732,0.40919414162635803
1084,42314,,,0.8629435896873474,0.700546145439148,,
1085,42353,,,,,0.6858033537864685,0.4070788621902466
1085,42353,,,0.8681771755218506,0.7037609815597534,,
1086,42392,,,,,0.6920815706253052,0.41438865661621094
1086,42392,,,0.8678285479545593,0.6916733384132385,,
1087,42431,,,,,0.6829904317855835,0.4098187983036041
1087,42431,,,0.8593320846557617,0.6967273354530334,,
1088,42470,,,,,0.6917940974235535,0.4168979823589325
1088,42470,,,0.87596195936203,0.703770101070404,,
1089,42509,,,,,0.685060977935791,0.4138064384460449
1089,42509,,,0.8720243573188782,0.6915249228477478,,
1090,42548,,,,,0.6820032000541687,0.4184248745441437
1090,42548,,,0.8725845217704773,0.703033983707428,,
1091,42587,,,,,0.6889921426773071,0.41701540350914
1091,42587,,,0.872287929058075,0.6972810626029968,,
1092,42626,,,,,0.6956711411476135,0.4167645275592804
1092,42626,,,0.8460991978645325,0.6979423761367798,,
1093,42665,,,,,0.6802100539207458,0.405118465423584
1093,42665,,,0.8807746767997742,0.7057660818099976,,
1094,42704,,,,,0.6884375214576721,0.40527331829071045
1094,42704,,,0.841633141040802,0.7269768118858337,,
1095,42743,,,,,0.6876044273376465,0.40497738122940063
1095,42743,,,0.8559767007827759,0.6963017582893372,,
1096,42782,,,,,0.6904057860374451,0.4040440022945404
1096,42782,,,0.8722476363182068,0.686680257320404,,
1097,42821,,,,,0.6822544932365417,0.40531930327415466
1097,42821,,,0.8597784638404846,0.6862704753875732,,
1098,42860,,,,,0.6893590688705444,0.4100838303565979
1098,42860,,,0.8299981951713562,0.7230988144874573,,
1099,42899,,,,,0.6923031806945801,0.4111853837966919
1099,42899,,,0.8692867755889893,0.6890328526496887,,
1100,42938,,,,,0.6862435340881348,0.4070603549480438
1100,42938,,,0.8545373678207397,0.7162349224090576,,
1101,42977,,,,,0.6901009678840637,0.40956005454063416
1101,42977,,,0.8407230973243713,0.703263521194458,,
1102,43016,,,,,0.6881548166275024,0.41283905506134033
1102,43016,,,0.8648170828819275,0.716812789440155,,
1103,43055,,,,,0.6741176843643188,0.41083061695098877
1103,43055,,,0.8501759767532349,0.7112147212028503,,
1104,43094,,,,,0.6772561073303223,0.41481995582580566
1104,43094,,,0.8621139526367188,0.6810993552207947,,
1105,43133,,,,,0.6874231696128845,0.4169153869152069
1105,43133,,,0.8573333621025085,0.6940566301345825,,
1106,43172,,,,,0.6833199262619019,0.4154486060142517
1106,43172,,,0.8719000220298767,0.7084311842918396,,
1107,43211,,,,,0.6821154356002808,0.41149580478668213
1107,43211,,,0.8486607670783997,0.7226560115814209,,
1108,43250,,,,,0.6823734045028687,0.40992090106010437
1108,43250,,,0.8470020890235901,0.7128402590751648,,
1109,43289,,,,,0.6831958889961243,0.41605034470558167
1109,43289,,,0.8446958661079407,0.7117337584495544,,
1110,43328,,,,,0.6863977313041687,0.4156985282897949
1110,43328,,,0.8320977687835693,0.7148719429969788,,
1111,43367,,,,,0.6753276586532593,0.41237425804138184
1111,43367,,,0.8731878995895386,0.6863943934440613,,
1112,43406,,,,,0.6767153739929199,0.4116327464580536
1112,43406,,,0.8518759608268738,0.703831136226654,,
1113,43445,,,,,0.6829536557197571,0.40872836112976074
1113,43445,,,0.8527595400810242,0.7317541837692261,,
1114,43484,,,,,0.6823346614837646,0.415432870388031
1114,43484,,,0.8671252727508545,0.7080541849136353,,
1115,43523,,,,,0.6723952889442444,0.4168967008590698
1115,43523,,,0.8842495679855347,0.6865763664245605,,
1116,43562,,,,,0.6799532175064087,0.4207910895347595
1116,43562,,,0.8483908176422119,0.7234001755714417,,
1117,43601,,,,,0.6772116422653198,0.41286882758140564
1117,43601,,,0.8951658606529236,0.6922504901885986,,
1118,43640,,,,,0.6955443620681763,0.4154036045074463
1118,43640,,,0.8378978371620178,0.7424399256706238,,
1119,43679,,,,,0.6841496825218201,0.41574835777282715
1119,43679,,,0.8838791251182556,0.7070788741111755,,
1120,43718,,,,,0.6790363788604736,0.4167886972427368
1120,43718,,,0.8414732217788696,0.6941467523574829,,
1121,43757,,,,,0.679500162601471,0.4220941662788391
1121,43757,,,0.838333010673523,0.7211340665817261,,
1122,43796,,,,,0.6844896078109741,0.41450247168540955
1122,43796,,,0.8937383890151978,0.6910919547080994,,
1123,43835,,,,,0.6791760921478271,0.42003151774406433
1123,43835,,,0.8598436117172241,0.7052820920944214,,
1124,43874,,,,,0.6788888573646545,0.4214792549610138
1124,43874,,,0.8577131628990173,0.7190358638763428,,
1125,43913,,,,,0.6725928783416748,0.4207526445388794
1125,43913,,,0.8692022562026978,0.7081201672554016,,
1126,43952,,,,,0.6752083897590637,0.41730085015296936
1126,43952,,,0.8339779376983643,0.6909037232398987,,
1127,43991,,,,,0.6842988133430481,0.4178006947040558
1127,43991,,,0.8418130278587341,0.727109968662262,,
1128,44030,,,,,0.6768299341201782,0.4129926264286041
1128,44030,,,0.804692268371582,0.7307910323143005,,
1129,44069,,,,,0.6847664713859558,0.4203910231590271
1129,44069,,,0.8353169560432434,0.7375177145004272,,
1130,44108,,,,,0.688118040561676,0.42086970806121826
1130,44108,,,0.853825032711029,0.7218376398086548,,
1131,44147,,,,,0.6791643500328064,0.4226219356060028
1131,44147,,,0.8277780413627625,0.7088698744773865,,
1132,44186,,,,,0.6743958592414856,0.42075446248054504
1132,44186,,,0.8350287079811096,0.7375712394714355,,
1133,44225,,,,,0.6804216504096985,0.41616395115852356
1133,44225,,,0.8454904556274414,0.7169911861419678,,
1134,44264,,,,,0.6931267976760864,0.4167037010192871
1134,44264,,,0.8415226936340332,0.7259922623634338,,
1135,44303,,,,,0.67909836769104,0.41333872079849243
1135,44303,,,0.8665480017662048,0.7000020146369934,,
1136,44342,,,,,0.673775315284729,0.4123302102088928
1136,44342,,,0.8286755084991455,0.7461915016174316,,
1137,44381,,,,,0.6784532070159912,0.4046245813369751
1137,44381,,,0.8517619371414185,0.7114458680152893,,
1138,44420,,,,,0.6822272539138794,0.4107774794101715
1138,44420,,,0.8627186417579651,0.7163321375846863,,
1139,44459,,,,,0.6788445711135864,0.409589946269989
1139,44459,,,0.8682129979133606,0.6839208006858826,,
1140,44498,,,,,0.6752232313156128,0.4111148715019226
1140,44498,,,0.8500305414199829,0.692780077457428,,
1141,44537,,,,,0.6813312768936157,0.4193022549152374
1141,44537,,,0.8532297015190125,0.7082133889198303,,
1142,44576,,,,,0.6738755702972412,0.4156184792518616
1142,44576,,,0.8329437375068665,0.7250114679336548,,
1143,44615,,,,,0.6843408346176147,0.41368091106414795
1143,44615,,,0.8215006589889526,0.7343345880508423,,
1144,44654,,,,,0.68372642993927,0.4122895300388336
1144,44654,,,0.8533849716186523,0.7098057270050049,,
1145,44693,,,,,0.6872732639312744,0.4157041907310486
1145,44693,,,0.8581100106239319,0.7334957718849182,,
1146,44732,,,,,0.6842424869537354,0.41821378469467163
1146,44732,,,0.8406707644462585,0.7212978601455688,,
1147,44771,,,,,0.6729961037635803,0.41090765595436096
1147,44771,,,0.8659154176712036,0.7108557224273682,,
1148,44810,,,,,0.6814593076705933,0.40727970004081726
1148,44810,,,0.8570579886436462,0.7103862166404724,,
1149,44849,,,,,0.6798251867294312,0.40470242500305176
1149,44849,,,0.8615536689758301,0.7104211449623108,,
1150,44888,,,,,0.6808711290359497,0.40908533334732056
1150,44888,,,0.8465167284011841,0.7056150436401367,,
1151,44927,,,,,0.6773162484169006,0.4080047607421875
1151,44927,,,0.8426908850669861,0.7241509556770325,,
1152,44966,,,,,0.6839021444320679,0.41652005910873413
1152,44966,,,0.8799322247505188,0.7051929235458374,,
1153,45005,,,,,0.669838011264801,0.4101203978061676
1153,45005,,,0.8735622763633728,0.6916347146034241,,
1154,45044,,,,,0.675358772277832,0.4130527973175049
1154,45044,,,0.8527528047561646,0.7220149040222168,,
1155,45083,,,,,0.6742838025093079,0.4103594720363617
1155,45083,,,0.8577483892440796,0.7205070853233337,,
1156,45122,,,,,0.6734721064567566,0.4072515070438385
1156,45122,,,0.841636061668396,0.7012220025062561,,
1157,45161,,,,,0.6826343536376953,0.4131956398487091
1157,45161,,,0.875155508518219,0.7058029174804688,,
1158,45200,,,,,0.6811107397079468,0.40703296661376953
1158,45200,,,0.8646129965782166,0.7055529356002808,,
1159,45239,,,,,0.685897707939148,0.40871211886405945
1159,45239,,,0.8362888693809509,0.7063431143760681,,
1160,45278,,,,,0.6891250610351562,0.41463541984558105
1160,45278,,,0.8242580890655518,0.7195621132850647,,
1161,45317,,,,,0.6886144280433655,0.4116297662258148
1161,45317,,,0.8890829682350159,0.6880665421485901,,
1162,45356,,,,,0.6779965162277222,0.40590012073516846
1162,45356,,,0.831301748752594,0.7018855214118958,,
1163,45395,,,,,0.6817812919616699,0.4123198091983795
1163,45395,,,0.8299573063850403,0.7323123812675476,,
1164,45434,,,,,0.6774247288703918,0.4098939001560211
1164,45434,,,0.8886227607727051,0.7052876353263855,,
1165,45473,,,,,0.681113600730896,0.4105464220046997
1165,45473,,,0.8266934156417847,0.7212318778038025,,
1166,45512,,,,,0.6835843324661255,0.41228026151657104
1166,45512,,,0.8254927396774292,0.7092892527580261,,
1167,45551,,,,,0.6909945011138916,0.4232543110847473
1167,45551,,,0.8522084355354309,0.7162326574325562,,
1168,45590,,,,,0.681973934173584,0.41844257712364197
1168,45590,,,0.844951331615448,0.7174192070960999,,
1169,45629,,,,,0.6778337359428406,0.4132080376148224
1169,45629,,,0.8160666227340698,0.7183346152305603,,
1170,45668,,,,,0.6778361201286316,0.4145108461380005
1170,45668,,,0.8481749296188354,0.7182762026786804,,
1171,45707,,,,,0.6828040480613708,0.4199102818965912
1171,45707,,,0.811896026134491,0.7345256209373474,,
1172,45746,,,,,0.6707466244697571,0.4163912236690521
1172,45746,,,0.8372122049331665,0.7331212162971497,,
1173,45785,,,,,0.6706035137176514,0.41506752371788025
1173,45785,,,0.8711782693862915,0.6939378976821899,,
1174,45824,,,,,0.6706220507621765,0.4142678380012512
1174,45824,,,0.8520617485046387,0.6952847242355347,,
1175,45863,,,,,0.6769852638244629,0.41763579845428467
1175,45863,,,0.8673782348632812,0.7086025476455688,,
1176,45902,,,,,0.6750877499580383,0.4147779941558838
1176,45902,,,0.843725323677063,0.7138270139694214,,
1177,45941,,,,,0.6754745244979858,0.4180494248867035
1177,45941,,,0.8541485667228699,0.7206144332885742,,
1178,45980,,,,,0.681850016117096,0.42210713028907776
1178,45980,,,0.7996636629104614,0.7271098494529724,,
1179,46019,,,,,0.6816110610961914,0.4125029146671295
1179,46019,,,0.8812047243118286,0.6803554892539978,,
1180,46058,,,,,0.671760618686676,0.4100646376609802
1180,46058,,,0.8198500275611877,0.71023029088974,,
1181,46097,,,,,0.6758213639259338,0.4149691164493561
1181,46097,,,0.8657601475715637,0.7176065444946289,,
1182,46136,,,,,0.6714484691619873,0.41507771611213684
1182,46136,,,0.8544803261756897,0.7110024094581604,,
1183,46175,,,,,0.6681594848632812,0.4153555929660797
1183,46175,,,0.8432447910308838,0.7063002586364746,,
1184,46214,,,,,0.6830759048461914,0.4168940782546997
1184,46214,,,0.8520922660827637,0.7320418953895569,,
1185,46253,,,,,0.6755807995796204,0.40843749046325684
1185,46253,,,0.8229809999465942,0.7369177341461182,,
1186,46292,,,,,0.6727941632270813,0.4163132309913635
1186,46292,,,0.8546553254127502,0.7165422439575195,,
1187,46331,,,,,0.6840006113052368,0.42110463976860046
1187,46331,,,0.8181941509246826,0.7134544253349304,,
1188,46370,,,,,0.6866604685783386,0.4137329161167145
1188,46370,,,0.8132987022399902,0.7194021344184875,,
1189,46409,,,,,0.6820624470710754,0.4139474928379059
1189,46409,,,0.8351047039031982,0.7152783274650574,,
1190,46448,,,,,0.6758215427398682,0.4157577157020569
1190,46448,,,0.8588210940361023,0.7196993231773376,,
1191,46487,,,,,0.6733057498931885,0.41941919922828674
1191,46487,,,0.8658514022827148,0.7220839262008667,,
1192,46526,,,,,0.6750438809394836,0.41228795051574707
1192,46526,,,0.8696348667144775,0.6954542994499207,,
1193,46565,,,,,0.6721784472465515,0.41563016176223755
1193,46565,,,0.8332909941673279,0.7193000316619873,,
1194,46604,,,,,0.6797367334365845,0.42103976011276245
1194,46604,,,0.8572984337806702,0.7231624126434326,,
1195,46643,,,,,0.6809260845184326,0.42483556270599365
1195,46643,,,0.8189335465431213,0.7334811091423035,,
1196,46682,,,,,0.672450840473175,0.41943129897117615
1196,46682,,,0.8374732732772827,0.7027736306190491,,
1197,46721,,,,,0.6751598119735718,0.4227428138256073
1197,46721,,,0.8411152958869934,0.7414775490760803,,
1198,46760,,,,,0.669317364692688,0.4195394814014435
1198,46760,,,0.8717564344406128,0.7224987745285034,,
1199,46799,,,,,0.6721320748329163,0.4173627495765686
1199,46799,,,0.8317837119102478,0.7216848134994507,,
1200,46838,,,,,0.6788107752799988,0.41456592082977295
1200,46838,,,0.8618603348731995,0.7108843922615051,,
1201,46877,,,,,0.6835004091262817,0.42333897948265076
1201,46877,,,0.8272570967674255,0.7181360721588135,,
1202,46916,,,,,0.678287923336029,0.4199901819229126
1202,46916,,,0.839885413646698,0.7198536396026611,,
1203,46955,,,,,0.6736191511154175,0.4230702519416809
1203,46955,,,0.8197908401489258,0.7450171113014221,,
1204,46994,,,,,0.6753988265991211,0.4223928153514862
1204,46994,,,0.829407811164856,0.7268654704093933,,
1205,47033,,,,,0.6737751960754395,0.4216409921646118
1205,47033,,,0.8375201225280762,0.7128221988677979,,
1206,47072,,,,,0.6791694760322571,0.41846486926078796
1206,47072,,,0.8511865139007568,0.7043026089668274,,
1207,47111,,,,,0.6817764043807983,0.4252137541770935
1207,47111,,,0.8590342402458191,0.6989524960517883,,
1208,47150,,,,,0.6738078594207764,0.4235115051269531
1208,47150,,,0.8365771174430847,0.712144136428833,,
1209,47189,,,,,0.6733759045600891,0.42719730734825134
1209,47189,,,0.8323087692260742,0.7150711417198181,,
1210,47228,,,,,0.6782437562942505,0.4266427159309387
1210,47228,,,0.8139712810516357,0.7318629026412964,,
1211,47267,,,,,0.6728582382202148,0.41696083545684814
1211,47267,,,0.8208611607551575,0.7229040861129761,,
1212,47306,,,,,0.6891215443611145,0.41905009746551514
1212,47306,,,0.8556808233261108,0.6999039053916931,,
1213,47345,,,,,0.6775808334350586,0.41481199860572815
1213,47345,,,0.8683261275291443,0.6933889985084534,,
1214,47384,,,,,0.6822289228439331,0.41542506217956543
1214,47384,,,0.8303747773170471,0.7347507476806641,,
1215,47423,,,,,0.6891300678253174,0.417088121175766
1215,47423,,,0.8196718692779541,0.7399792671203613,,
1216,47462,,,,,0.6845506429672241,0.41760432720184326
1216,47462,,,0.8059759140014648,0.7103016376495361,,
1217,47501,,,,,0.6714125871658325,0.41328737139701843
1217,47501,,,0.8521566987037659,0.7113713026046753,,
1218,47540,,,,,0.6787731647491455,0.4207274913787842
1218,47540,,,0.8579234480857849,0.7025839686393738,,
1219,47579,,,,,0.6734074950218201,0.4179237186908722
1219,47579,,,0.8321780562400818,0.7147130966186523,,
1220,47618,,,,,0.6719886660575867,0.41805192828178406
1220,47618,,,0.8182560205459595,0.7418947815895081,,
1221,47657,,,,,0.6800187230110168,0.41761794686317444
1221,47657,,,0.7960541844367981,0.7496318817138672,,
1222,47696,,,,,0.6751887798309326,0.42371317744255066
1222,47696,,,0.8218339085578918,0.729140043258667,,
1223,47735,,,,,0.6846829652786255,0.4213385581970215
1223,47735,,,0.827044665813446,0.7425703406333923,,
1224,47774,,,,,0.6824343204498291,0.4145764112472534
1224,47774,,,0.8442512154579163,0.7161281108856201,,
1225,47813,,,,,0.6726984977722168,0.41953086853027344
1225,47813,,,0.8084679245948792,0.7296290993690491,,
1226,47852,,,,,0.6727327704429626,0.4186650514602661
1226,47852,,,0.8412193059921265,0.7106919884681702,,
1227,47891,,,,,0.6885595917701721,0.42065057158470154
1227,47891,,,0.8537150621414185,0.7218283414840698,,
1228,47930,,,,,0.6972498297691345,0.41895419359207153
1228,47930,,,0.8589093089103699,0.7143045663833618,,
1229,47969,,,,,0.693144679069519,0.4235943853855133
1229,47969,,,0.829901397228241,0.7180681228637695,,
1230,48008,,,,,0.6734402775764465,0.4150350093841553
1230,48008,,,0.8526630997657776,0.7072787880897522,,
1231,48047,,,,,0.6771571040153503,0.41898977756500244
1231,48047,,,0.8231593370437622,0.7269787192344666,,
1232,48086,,,,,0.6747329831123352,0.4250549077987671
1232,48086,,,0.8357714414596558,0.685382068157196,,
1233,48125,,,,,0.6695144176483154,0.4246496856212616
1233,48125,,,0.8258787989616394,0.7232450842857361,,
1234,48164,,,,,0.6814941763877869,0.42695632576942444
1234,48164,,,0.867965817451477,0.7016989588737488,,
1235,48203,,,,,0.6816757917404175,0.4243426024913788
1235,48203,,,0.8370206952095032,0.716019868850708,,
1236,48242,,,,,0.6729825139045715,0.42071670293807983
1236,48242,,,0.8643588423728943,0.7141053080558777,,
1237,48281,,,,,0.6815952062606812,0.4216618537902832
1237,48281,,,0.8097482323646545,0.7338435649871826,,
1238,48320,,,,,0.6811826229095459,0.4240807890892029
1238,48320,,,0.8281393647193909,0.7164093852043152,,
1239,48359,,,,,0.6746146082878113,0.42063838243484497
1239,48359,,,0.8465826511383057,0.7160797119140625,,
1240,48398,,,,,0.6756018996238708,0.42430317401885986
1240,48398,,,0.8285455703735352,0.689400315284729,,
1241,48437,,,,,0.675294041633606,0.4228699207305908
1241,48437,,,0.8302173018455505,0.736372709274292,,
1242,48476,,,,,0.6803142428398132,0.4191729724407196
1242,48476,,,0.8486817479133606,0.6920367479324341,,
1243,48515,,,,,0.6781065464019775,0.42145875096321106
1243,48515,,,0.8340935111045837,0.742049515247345,,
1244,48554,,,,,0.6811593174934387,0.41696664690971375
1244,48554,,,0.8250831961631775,0.7309463620185852,,
1245,48593,,,,,0.6854130625724792,0.417618066072464
1245,48593,,,0.8073211908340454,0.7372203469276428,,
1246,48632,,,,,0.6963632106781006,0.4192258417606354
1246,48632,,,0.8648272752761841,0.7433789968490601,,
1247,48671,,,,,0.6854866743087769,0.41950035095214844
1247,48671,,,0.8431519865989685,0.7182909846305847,,
1248,48710,,,,,0.6790750622749329,0.423435240983963
1248,48710,,,0.8326120376586914,0.7288147211074829,,
1249,48749,,,,,0.6831343173980713,0.4219822585582733
1249,48749,,,0.8493177890777588,0.7005437612533569,,
1250,48788,,,,,0.668420135974884,0.42081668972969055
1250,48788,,,0.8601880073547363,0.721691370010376,,
1251,48827,,,,,0.6734298467636108,0.42086949944496155
1251,48827,,,0.8491283059120178,0.7113392949104309,,
1252,48866,,,,,0.6804574728012085,0.42389532923698425
1252,48866,,,0.8070898056030273,0.7343687415122986,,
1253,48905,,,,,0.6844295263290405,0.428283154964447
1253,48905,,,0.8181697130203247,0.7195962071418762,,
1254,48944,,,,,0.6734959483146667,0.4259440004825592
1254,48944,,,0.8497442603111267,0.7324046492576599,,
1255,48983,,,,,0.6742996573448181,0.4184282720088959
1255,48983,,,0.8616302609443665,0.701626181602478,,
1256,49022,,,,,0.6717106103897095,0.4170035421848297
1256,49022,,,0.8544064164161682,0.7227194905281067,,
1257,49061,,,,,0.6712484955787659,0.41801196336746216
1257,49061,,,0.8362193703651428,0.7212933301925659,,
1258,49100,,,,,0.6771862506866455,0.41999611258506775
1258,49100,,,0.8349599838256836,0.7080519199371338,,
1259,49139,,,,,0.6772372722625732,0.41815024614334106
1259,49139,,,0.8169320225715637,0.7174274325370789,,
1260,49178,,,,,0.6741740107536316,0.4230719208717346
1260,49178,,,0.8403807282447815,0.7407535910606384,,
1261,49217,,,,,0.6736211180686951,0.41878342628479004
1261,49217,,,0.8660064339637756,0.7054459452629089,,
1262,49256,,,,,0.6704679727554321,0.4141051173210144
1262,49256,,,0.8405880928039551,0.7252102494239807,,
1263,49295,,,,,0.6696476936340332,0.4150601327419281
1263,49295,,,0.8342199325561523,0.7332929968833923,,
1264,49334,,,,,0.6721850633621216,0.41611555218696594
1264,49334,,,0.8095613121986389,0.7300854325294495,,
1265,49373,,,,,0.6708692908287048,0.4170839190483093
1265,49373,,,0.8314813375473022,0.7026995420455933,,
1266,49412,,,,,0.6778685450553894,0.42139923572540283
1266,49412,,,0.8670142889022827,0.7292277216911316,,
1267,49451,,,,,0.6721216440200806,0.4200937747955322
1267,49451,,,0.8553659319877625,0.7278003692626953,,
1268,49490,,,,,0.6664697527885437,0.4181619882583618
1268,49490,,,0.8242173790931702,0.7532641291618347,,
1269,49529,,,,,0.6730530261993408,0.41655823588371277
1269,49529,,,0.8139597177505493,0.7394511699676514,,
1270,49568,,,,,0.6695084571838379,0.42316100001335144
1270,49568,,,0.858338475227356,0.7088648676872253,,
1271,49607,,,,,0.6809521317481995,0.42551517486572266
1271,49607,,,0.8073877692222595,0.7427037358283997,,
1272,49646,,,,,0.6746179461479187,0.42484694719314575
1272,49646,,,0.8271408081054688,0.721807599067688,,
1273,49685,,,,,0.6779479384422302,0.4168354570865631
1273,49685,,,0.8148728609085083,0.7296508550643921,,
1274,49724,,,,,0.6799777746200562,0.42316702008247375
1274,49724,,,0.8117257952690125,0.7333152890205383,,
1275,49763,,,,,0.6762291193008423,0.4264028072357178
1275,49763,,,0.8155230283737183,0.7099412679672241,,
1276,49802,,,,,0.6711446046829224,0.4227750599384308
1276,49802,,,0.8212802410125732,0.7212031483650208,,
1277,49841,,,,,0.6693819761276245,0.4292134642601013
1277,49841,,,0.8215188384056091,0.733302891254425,,
1278,49880,,,,,0.6723975539207458,0.4238690137863159
1278,49880,,,0.8610910177230835,0.7079415321350098,,
1279,49919,,,,,0.6773561239242554,0.4234897494316101
1279,49919,,,0.8301773071289062,0.7166929244995117,,
1280,49958,,,,,0.6692700982093811,0.41620463132858276
1280,49958,,,0.8436947464942932,0.7232191562652588,,
1281,49997,,,,,0.6742144227027893,0.4159702956676483
1281,49997,,,0.8296698331832886,0.7131483554840088,,
1282,50036,,,,,0.6769862174987793,0.4209785461425781
1282,50036,,,0.8055123686790466,0.7482814192771912,,
1283,50075,,,,,0.6747855544090271,0.4175887405872345
1283,50075,,,0.8042457699775696,0.7266243696212769,,
1284,50114,,,,,0.6765646934509277,0.4177013337612152
1284,50114,,,0.8261587619781494,0.7390815615653992,,
1285,50153,,,,,0.675693690776825,0.41914525628089905
1285,50153,,,0.8488520979881287,0.702885091304779,,
1286,50192,,,,,0.6883927583694458,0.4177843928337097
1286,50192,,,0.831803023815155,0.7444605231285095,,
1287,50231,,,,,0.6803227663040161,0.4195205569267273
1287,50231,,,0.8089023232460022,0.7424556016921997,,
1288,50270,,,,,0.6749570369720459,0.4195106327533722
1288,50270,,,0.8583595156669617,0.7002667784690857,,
1289,50309,,,,,0.6832506060600281,0.4213206470012665
1289,50309,,,0.8523759245872498,0.7106738686561584,,
1290,50348,,,,,0.6745719909667969,0.4250355362892151
1290,50348,,,0.82232266664505,0.7492733001708984,,
1291,50387,,,,,0.6644359827041626,0.41654425859451294
1291,50387,,,0.8247758150100708,0.7284719944000244,,
1292,50426,,,,,0.6710335612297058,0.41942116618156433
1292,50426,,,0.8301613926887512,0.739453136920929,,
1293,50465,,,,,0.6757595539093018,0.4199024438858032
1293,50465,,,0.842795729637146,0.7168392539024353,,
1294,50504,,,,,0.6751781702041626,0.4189411401748657
1294,50504,,,0.8272587656974792,0.7459445595741272,,
1295,50543,,,,,0.6772019863128662,0.4225471019744873
1295,50543,,,0.8102573752403259,0.7442099452018738,,
1296,50582,,,,,0.6748376488685608,0.42173537611961365
1296,50582,,,0.8296119570732117,0.7377955913543701,,
1297,50621,,,,,0.6729914546012878,0.4175572693347931
1297,50621,,,0.8390864133834839,0.7169215083122253,,
1298,50660,,,,,0.6830199956893921,0.4190891683101654
1298,50660,,,0.8224846124649048,0.6923820376396179,,
1299,50699,,,,,0.6836006045341492,0.4179561138153076
1299,50699,,,0.842863142490387,0.7256166338920593,,
1300,50738,,,,,0.6735934615135193,0.4266304671764374
1300,50738,,,0.8619198799133301,0.7231526970863342,,
1301,50777,,,,,0.6664888262748718,0.4219951629638672
1301,50777,,,0.862231433391571,0.7052024602890015,,
1302,50816,,,,,0.6785377264022827,0.43166738748550415
1302,50816,,,0.8184671401977539,0.737343430519104,,
1303,50855,,,,,0.681348979473114,0.4332216680049896
1303,50855,,,0.8590412735939026,0.7408156394958496,,
1304,50894,,,,,0.6752234697341919,0.4305465817451477
1304,50894,,,0.7987498044967651,0.7564079761505127,,
1305,50933,,,,,0.667403519153595,0.4255416691303253
1305,50933,,,0.8253653049468994,0.7051964998245239,,
1306,50972,,,,,0.6655644178390503,0.4195740222930908
1306,50972,,,0.838963508605957,0.7251991033554077,,
1307,51011,,,,,0.675029993057251,0.4262234568595886
1307,51011,,,0.8037191033363342,0.7317067384719849,,
1308,51050,,,,,0.6769817471504211,0.4258726239204407
1308,51050,,,0.8013198375701904,0.7813637256622314,,
1309,51089,,,,,0.6774723529815674,0.4261970818042755
1309,51089,,,0.8127477765083313,0.7530257701873779,,
1310,51128,,,,,0.6795979142189026,0.42790892720222473
1310,51128,,,0.817221462726593,0.724421501159668,,
1311,51167,,,,,0.6744711995124817,0.42928701639175415
1311,51167,,,0.8638337850570679,0.726179301738739,,
1312,51206,,,,,0.66599440574646,0.43628668785095215
1312,51206,,,0.8281381130218506,0.7424526810646057,,
1313,51245,,,,,0.6606042981147766,0.44015493988990784
1313,51245,,,0.8166128993034363,0.7570427060127258,,
1314,51284,,,,,0.6612586379051208,0.4414248466491699
1314,51284,,,0.8324063420295715,0.7329674959182739,,
1315,51323,,,,,0.6647985577583313,0.43555834889411926
1315,51323,,,0.8117175698280334,0.7118690013885498,,
1316,51362,,,,,0.6620369553565979,0.4384293556213379
1316,51362,,,0.8335556387901306,0.7180474996566772,,
1317,51401,,,,,0.6686517000198364,0.4419219493865967
1317,51401,,,0.8295331001281738,0.7241060137748718,,
1318,51440,,,,,0.675220787525177,0.4400501847267151
1318,51440,,,0.8603752255439758,0.7173362970352173,,
1319,51479,,,,,0.6677901744842529,0.43364259600639343
1319,51479,,,0.8043688535690308,0.7451649904251099,,
1320,51518,,,,,0.6633588075637817,0.43184658885002136
1320,51518,,,0.8102203607559204,0.7381635308265686,,
1321,51557,,,,,0.6689470410346985,0.4309096038341522
1321,51557,,,0.8363488912582397,0.7321805953979492,,
1322,51596,,,,,0.6677950024604797,0.431692898273468
1322,51596,,,0.8500125408172607,0.7291261553764343,,
1323,51635,,,,,0.6733829975128174,0.43619272112846375
1323,51635,,,0.8101704120635986,0.7401933670043945,,
1324,51674,,,,,0.6696142554283142,0.4355238974094391
1324,51674,,,0.8437677025794983,0.7241121530532837,,
1325,51713,,,,,0.6683003902435303,0.43244314193725586
1325,51713,,,0.8292466402053833,0.7355030179023743,,
1326,51752,,,,,0.6672515273094177,0.4325462579727173
1326,51752,,,0.8067548274993896,0.7245994806289673,,
1327,51791,,,,,0.6751893162727356,0.4408770203590393
1327,51791,,,0.8223221898078918,0.7290715575218201,,
1328,51830,,,,,0.6672112345695496,0.43101680278778076
1328,51830,,,0.8544201254844666,0.725052535533905,,
1329,51869,,,,,0.6690560579299927,0.4298916757106781
1329,51869,,,0.8049033880233765,0.7339156866073608,,
1330,51908,,,,,0.6697871088981628,0.435120165348053
1330,51908,,,0.7908121347427368,0.7435362339019775,,
1331,51947,,,,,0.6762993335723877,0.43123170733451843
1331,51947,,,0.8196409940719604,0.7281316518783569,,
1332,51986,,,,,0.6753791570663452,0.42663300037384033
1332,51986,,,0.8352944850921631,0.7080564498901367,,
1333,52025,,,,,0.679564893245697,0.4342725872993469
1333,52025,,,0.8219628930091858,0.7241268157958984,,
1334,52064,,,,,0.6702349185943604,0.43227773904800415
1334,52064,,,0.8010032773017883,0.7599686980247498,,
1335,52103,,,,,0.673294186592102,0.4335484802722931
1335,52103,,,0.8397011160850525,0.7184796333312988,,
1336,52142,,,,,0.6807504892349243,0.4398850202560425
1336,52142,,,0.8291683793067932,0.7375863194465637,,
1337,52181,,,,,0.673123836517334,0.4343101382255554
1337,52181,,,0.847051739692688,0.7378544211387634,,
1338,52220,,,,,0.6755033731460571,0.4347282350063324
1338,52220,,,0.8342248201370239,0.7312430739402771,,
1339,52259,,,,,0.6682935953140259,0.4335940480232239
1339,52259,,,0.84979248046875,0.7209822535514832,,
1340,52298,,,,,0.6622630953788757,0.42943239212036133
1340,52298,,,0.8288728594779968,0.723209798336029,,
1341,52337,,,,,0.6634565591812134,0.42803043127059937
1341,52337,,,0.8017920255661011,0.7204785346984863,,
1342,52376,,,,,0.6677889227867126,0.4252208471298218
1342,52376,,,0.8232375979423523,0.7418493628501892,,
1343,52415,,,,,0.6631041765213013,0.4268874526023865
1343,52415,,,0.792490541934967,0.7139569520950317,,
1344,52454,,,,,0.6775755286216736,0.4274587333202362
1344,52454,,,0.8152844309806824,0.7636329531669617,,
1345,52493,,,,,0.6687063574790955,0.4294501841068268
1345,52493,,,0.7824122309684753,0.7385231852531433,,
1346,52532,,,,,0.6645467281341553,0.4247288405895233
1346,52532,,,0.829865574836731,0.7140446901321411,,
1347,52571,,,,,0.6729745864868164,0.4297961890697479
1347,52571,,,0.8193209767341614,0.744547963142395,,
1348,52610,,,,,0.6785487532615662,0.4284560978412628
1348,52610,,,0.8269706964492798,0.7235403656959534,,
1349,52649,,,,,0.6721607446670532,0.4286850690841675
1349,52649,,,0.817212700843811,0.7485622763633728,,
1350,52688,,,,,0.6724474430084229,0.4325390160083771
1350,52688,,,0.8316429257392883,0.7284097671508789,,
1351,52727,,,,,0.671001136302948,0.4343443214893341
1351,52727,,,0.7853173613548279,0.7277242541313171,,
1352,52766,,,,,0.663580060005188,0.4345276653766632
1352,52766,,,0.8399867415428162,0.7328711152076721,,
1353,52805,,,,,0.6702619791030884,0.43564021587371826
1353,52805,,,0.8259918093681335,0.7477306723594666,,
1354,52844,,,,,0.6682915091514587,0.43463268876075745
1354,52844,,,0.8071715831756592,0.750272810459137,,
1355,52883,,,,,0.6612376570701599,0.42682215571403503
1355,52883,,,0.7980659008026123,0.7376167178153992,,
1356,52922,,,,,0.6720157861709595,0.43449658155441284
1356,52922,,,0.8077980279922485,0.7455917596817017,,
1357,52961,,,,,0.6656062006950378,0.43137243390083313
1357,52961,,,0.8207835555076599,0.7270880341529846,,
1358,53000,,,,,0.6690475344657898,0.43088576197624207
1358,53000,,,0.8241289854049683,0.72467041015625,,
1359,53039,,,,,0.666361927986145,0.4305199980735779
1359,53039,,,0.8214119076728821,0.6937216520309448,,
1360,53078,,,,,0.6575947403907776,0.42954540252685547
1360,53078,,,0.8213502168655396,0.7294546961784363,,
1361,53117,,,,,0.6723523736000061,0.42619284987449646
1361,53117,,,0.8436694145202637,0.7097728848457336,,
1362,53156,,,,,0.6681509017944336,0.42841172218322754
1362,53156,,,0.8221307396888733,0.7426066994667053,,
1363,53195,,,,,0.6672557592391968,0.4239178001880646
1363,53195,,,0.8222085237503052,0.725236177444458,,
1364,53234,,,,,0.6731196045875549,0.4243748188018799
1364,53234,,,0.8119030594825745,0.7568812966346741,,
1365,53273,,,,,0.6809678673744202,0.43047210574150085
1365,53273,,,0.8160979151725769,0.7407145500183105,,
1366,53312,,,,,0.6651911735534668,0.42353615164756775
1366,53312,,,0.8057308197021484,0.7145006656646729,,
1367,53351,,,,,0.6601421236991882,0.4289872944355011
1367,53351,,,0.8218274116516113,0.7522796392440796,,
1368,53390,,,,,0.6678869128227234,0.43089887499809265
1368,53390,,,0.8145851492881775,0.7597615122795105,,
1369,53429,,,,,0.669966995716095,0.4270496368408203
1369,53429,,,0.8157452940940857,0.7056828141212463,,
1370,53468,,,,,0.6659456491470337,0.4225235879421234
1370,53468,,,0.8373945355415344,0.6908892393112183,,
1371,53507,,,,,0.6766427755355835,0.42861008644104004
1371,53507,,,0.8321301341056824,0.7296240925788879,,
1372,53546,,,,,0.6720128655433655,0.42796507477760315
1372,53546,,,0.8205896019935608,0.7496595978736877,,
1373,53585,,,,,0.6764702796936035,0.43222129344940186
1373,53585,,,0.8681756258010864,0.71396404504776,,
1374,53624,,,,,0.680486261844635,0.43437111377716064
1374,53624,,,0.7925027012825012,0.7566454410552979,,
1375,53663,,,,,0.663263738155365,0.43155375123023987
1375,53663,,,0.8434086441993713,0.7223961353302002,,
1376,53702,,,,,0.6667430400848389,0.4295276701450348
1376,53702,,,0.8119344711303711,0.7367187142372131,,
1377,53741,,,,,0.6728901863098145,0.4328514635562897
1377,53741,,,0.8105717897415161,0.7424943447113037,,
1378,53780,,,,,0.6649046540260315,0.43124985694885254
1378,53780,,,0.8121049404144287,0.7441548109054565,,
1379,53819,,,,,0.6777747273445129,0.4319149851799011
1379,53819,,,0.7956965565681458,0.7543017268180847,,
1380,53858,,,,,0.6624987721443176,0.4358232915401459
1380,53858,,,0.8064885139465332,0.7245762944221497,,
1381,53897,,,,,0.676501989364624,0.4291694462299347
1381,53897,,,0.846591055393219,0.7332673668861389,,
1382,53936,,,,,0.6791410446166992,0.4305431544780731
1382,53936,,,0.8364697098731995,0.7088243365287781,,
1383,53975,,,,,0.6689146757125854,0.42723628878593445
1383,53975,,,0.8362408876419067,0.7222914695739746,,
1384,54014,,,,,0.6714497208595276,0.4270593225955963
1384,54014,,,0.8431714177131653,0.7029381394386292,,
1385,54053,,,,,0.6733914613723755,0.42627406120300293
1385,54053,,,0.8141870498657227,0.7489989995956421,,
1386,54092,,,,,0.6763313412666321,0.42951035499572754
1386,54092,,,0.8029113411903381,0.7322657108306885,,
1387,54131,,,,,0.6658092737197876,0.42724084854125977
1387,54131,,,0.8286540508270264,0.7247048616409302,,
1388,54170,,,,,0.6759701371192932,0.43358558416366577
1388,54170,,,0.8265504240989685,0.7491984963417053,,
1389,54209,,,,,0.6691382527351379,0.43226391077041626
1389,54209,,,0.8135625123977661,0.7416240572929382,,
1390,54248,,,,,0.672489583492279,0.441697359085083
1390,54248,,,0.8106982111930847,0.7559570074081421,,
1391,54287,,,,,0.6662669777870178,0.4357176125049591
1391,54287,,,0.7966197729110718,0.7452061772346497,,
1392,54326,,,,,0.6693416833877563,0.4350661635398865
1392,54326,,,0.8119771480560303,0.7426667809486389,,
1393,54365,,,,,0.6766437888145447,0.43820706009864807
1393,54365,,,0.8288227915763855,0.7124056220054626,,
1394,54404,,,,,0.665081262588501,0.4337847828865051
1394,54404,,,0.8336066007614136,0.7201389670372009,,
1395,54443,,,,,0.6795381903648376,0.43786853551864624
1395,54443,,,0.8147236704826355,0.7511752247810364,,
1396,54482,,,,,0.6640475988388062,0.4337860345840454
1396,54482,,,0.837956964969635,0.7273762226104736,,
1397,54521,,,,,0.6598061919212341,0.4284718334674835
1397,54521,,,0.8217940926551819,0.7473546266555786,,
1398,54560,,,,,0.661097526550293,0.43065541982650757
1398,54560,,,0.7920399904251099,0.7272304892539978,,
1399,54599,,,,,0.6680070161819458,0.4329133927822113
1399,54599,,,0.8445172309875488,0.7380593419075012,,
1400,54638,,,,,0.6563602089881897,0.4315907061100006
1400,54638,,,0.8056206703186035,0.7346592545509338,,
1401,54677,,,,,0.652927577495575,0.4342491626739502
1401,54677,,,0.8016092777252197,0.7417912483215332,,
1402,54716,,,,,0.6620893478393555,0.430569589138031
1402,54716,,,0.8114028573036194,0.7256572246551514,,
1403,54755,,,,,0.6632472276687622,0.4297579824924469
1403,54755,,,0.8225146532058716,0.7430284023284912,,
1404,54794,,,,,0.6697103381156921,0.4356893002986908
1404,54794,,,0.8334884643554688,0.742242693901062,,
1405,54833,,,,,0.6626787781715393,0.4328024685382843
1405,54833,,,0.8368495106697083,0.726352870464325,,
1406,54872,,,,,0.6681821346282959,0.4330415427684784
1406,54872,,,0.8215713500976562,0.7468287944793701,,
1407,54911,,,,,0.6788575053215027,0.42413002252578735
1407,54911,,,0.8306329250335693,0.7259693145751953,,
1408,54950,,,,,0.6705814599990845,0.4209040403366089
1408,54950,,,0.8038590550422668,0.7352003455162048,,
1409,54989,,,,,0.6653783917427063,0.42366692423820496
1409,54989,,,0.7949655652046204,0.7366137504577637,,
1410,55028,,,,,0.6643723249435425,0.42167410254478455
1410,55028,,,0.8413095474243164,0.7150231599807739,,
1411,55067,,,,,0.6664057970046997,0.42581844329833984
1411,55067,,,0.8175508379936218,0.7311398983001709,,
1412,55106,,,,,0.6651743054389954,0.42221397161483765
1412,55106,,,0.8107452988624573,0.7307344079017639,,
1413,55145,,,,,0.6703042387962341,0.4213769733905792
1413,55145,,,0.7990473508834839,0.7423244118690491,,
1414,55184,,,,,0.6622155904769897,0.4215553104877472
1414,55184,,,0.8035811185836792,0.7298879623413086,,
1415,55223,,,,,0.6728491187095642,0.4255577325820923
1415,55223,,,0.8175449371337891,0.7210867404937744,,
1416,55262,,,,,0.6743542551994324,0.4318103492259979
1416,55262,,,0.8226523995399475,0.7400277256965637,,
1417,55301,,,,,0.6721512675285339,0.4304583966732025
1417,55301,,,0.8274229168891907,0.7232986092567444,,
1418,55340,,,,,0.6680522561073303,0.4257831573486328
1418,55340,,,0.8073446154594421,0.7426895499229431,,
1419,55379,,,,,0.6655168533325195,0.4279308319091797
1419,55379,,,0.8189442753791809,0.7368908524513245,,
1420,55418,,,,,0.6692402958869934,0.4304490387439728
1420,55418,,,0.8008116483688354,0.7234315276145935,,
1421,55457,,,,,0.6687610745429993,0.4325689971446991
1421,55457,,,0.8327202200889587,0.7328127026557922,,
1422,55496,,,,,0.6683533191680908,0.43410420417785645
1422,55496,,,0.7961782813072205,0.760013997554779,,
1423,55535,,,,,0.6679810285568237,0.4317742884159088
1423,55535,,,0.8138388395309448,0.7360765933990479,,
1424,55574,,,,,0.6707115173339844,0.42563045024871826
1424,55574,,,0.8201395273208618,0.7495033740997314,,
1425,55613,,,,,0.6608496308326721,0.4276440143585205
1425,55613,,,0.8437585234642029,0.7335340976715088,,
1426,55652,,,,,0.6710861325263977,0.4318702220916748
1426,55652,,,0.7937577962875366,0.756730854511261,,
1427,55691,,,,,0.6666067838668823,0.4288489818572998
1427,55691,,,0.8363496661186218,0.748799204826355,,
1428,55730,,,,,0.65997314453125,0.42721113562583923
1428,55730,,,0.8312300443649292,0.6969155073165894,,
1429,55769,,,,,0.6712329387664795,0.43433934450149536
1429,55769,,,0.8350324630737305,0.7284626960754395,,
1430,55808,,,,,0.6733207106590271,0.43183013796806335
1430,55808,,,0.8285769820213318,0.7347519397735596,,
1431,55847,,,,,0.6688735485076904,0.42948392033576965
1431,55847,,,0.8337657451629639,0.6992913484573364,,
1432,55886,,,,,0.6668491959571838,0.42942026257514954
1432,55886,,,0.826395571231842,0.725974977016449,,
1433,55925,,,,,0.6698808073997498,0.429934561252594
1433,55925,,,0.8018220067024231,0.7212022542953491,,
1434,55964,,,,,0.6698194742202759,0.4289354383945465
1434,55964,,,0.797919511795044,0.7579401731491089,,
1435,56003,,,,,0.6766296029090881,0.4330568313598633
1435,56003,,,0.8401443362236023,0.719333291053772,,
1436,56042,,,,,0.6737854480743408,0.429243803024292
1436,56042,,,0.8186768889427185,0.7454423904418945,,
1437,56081,,,,,0.6732655167579651,0.4253677725791931
1437,56081,,,0.7868039608001709,0.7415884137153625,,
1438,56120,,,,,0.667352020740509,0.43071359395980835
1438,56120,,,0.7901449203491211,0.7430879473686218,,
1439,56159,,,,,0.6638920903205872,0.42966026067733765
1439,56159,,,0.8054525852203369,0.7473167777061462,,
1440,56198,,,,,0.6702130436897278,0.4378403127193451
1440,56198,,,0.83246248960495,0.7298464179039001,,
1441,56237,,,,,0.6661047339439392,0.4361324608325958
1441,56237,,,0.8465292453765869,0.7144179344177246,,
1442,56276,,,,,0.6706452965736389,0.4364762306213379
1442,56276,,,0.8300202488899231,0.7371268272399902,,
1443,56315,,,,,0.672555685043335,0.4351447820663452
1443,56315,,,0.8127832412719727,0.7409082055091858,,
1444,56354,,,,,0.679562509059906,0.4287105202674866
1444,56354,,,0.8215208053588867,0.7435609698295593,,
1445,56393,,,,,0.6866775751113892,0.43377360701560974
1445,56393,,,0.8104042410850525,0.7465658187866211,,
1446,56432,,,,,0.6769903898239136,0.4367808997631073
1446,56432,,,0.7631564140319824,0.7683383226394653,,
1447,56471,,,,,0.6681081652641296,0.434588760137558
1447,56471,,,0.8085657954216003,0.731047511100769,,
1448,56510,,,,,0.6665791869163513,0.43411844968795776
1448,56510,,,0.76566082239151,0.7501707077026367,,
1449,56549,,,,,0.6650736927986145,0.4344791769981384
1449,56549,,,0.7770631909370422,0.7555457949638367,,
1450,56588,,,,,0.6593942642211914,0.4318683445453644
1450,56588,,,0.8143565654754639,0.7465263605117798,,
1451,56627,,,,,0.6592901945114136,0.43313682079315186
1451,56627,,,0.8097853064537048,0.7296480536460876,,
1452,56666,,,,,0.6679287552833557,0.43661433458328247
1452,56666,,,0.7803741693496704,0.7826051712036133,,
1453,56705,,,,,0.6681247353553772,0.43674221634864807
1453,56705,,,0.8279876708984375,0.7334770560264587,,
1454,56744,,,,,0.6616531014442444,0.43263372778892517
1454,56744,,,0.829592764377594,0.7180705666542053,,
1455,56783,,,,,0.6657426953315735,0.43462511897087097
1455,56783,,,0.8151662945747375,0.738517701625824,,
1456,56822,,,,,0.6718859076499939,0.4384460151195526
1456,56822,,,0.7974674105644226,0.7582504153251648,,
1457,56861,,,,,0.6651633381843567,0.4449252784252167
1457,56861,,,0.8042846918106079,0.7457777261734009,,
1458,56900,,,,,0.6707524657249451,0.44124025106430054
1458,56900,,,0.8091513514518738,0.745563268661499,,
1459,56939,,,,,0.6619231104850769,0.4450622498989105
1459,56939,,,0.7904790043830872,0.7591018080711365,,
1460,56978,,,,,0.6661607623100281,0.44564205408096313
1460,56978,,,0.8040981888771057,0.727401852607727,,
1461,57017,,,,,0.6689374446868896,0.445403128862381
1461,57017,,,0.8163352608680725,0.734042763710022,,
1462,57056,,,,,0.664490818977356,0.44539904594421387
1462,57056,,,0.8147282004356384,0.729749858379364,,
1463,57095,,,,,0.6589879989624023,0.4465137720108032
1463,57095,,,0.7792180180549622,0.7428690791130066,,
1464,57134,,,,,0.6674095988273621,0.4482141137123108
1464,57134,,,0.82505863904953,0.7409666776657104,,
1465,57173,,,,,0.6634053587913513,0.4443020820617676
1465,57173,,,0.8289592266082764,0.726560652256012,,
1466,57212,,,,,0.6641515493392944,0.4424131214618683
1466,57212,,,0.7979100942611694,0.7652230858802795,,
1467,57251,,,,,0.6649177074432373,0.442119836807251
1467,57251,,,0.772466242313385,0.7707188725471497,,
1468,57290,,,,,0.6599218249320984,0.444931298494339
1468,57290,,,0.8273605704307556,0.7347549796104431,,
1469,57329,,,,,0.6590526700019836,0.44502750039100647
1469,57329,,,0.7968853116035461,0.7536086440086365,,
1470,57368,,,,,0.661017894744873,0.44375863671302795
1470,57368,,,0.8013441562652588,0.7479948401451111,,
1471,57407,,,,,0.662164032459259,0.4471556544303894
1471,57407,,,0.7900506854057312,0.7551729083061218,,
1472,57446,,,,,0.6601758599281311,0.4402962923049927
1472,57446,,,0.8008360266685486,0.7405664920806885,,
1473,57485,,,,,0.6553373336791992,0.43963736295700073
1473,57485,,,0.8107621669769287,0.741759181022644,,
1474,57524,,,,,0.6645222902297974,0.44333788752555847
1474,57524,,,0.8121750950813293,0.7468884587287903,,
1475,57563,,,,,0.6682608723640442,0.44584953784942627
1475,57563,,,0.7872531414031982,0.7602673768997192,,
1476,57602,,,,,0.6574872732162476,0.4356032907962799
1476,57602,,,0.8230108618736267,0.7264304757118225,,
1477,57641,,,,,0.6630887389183044,0.43575334548950195
1477,57641,,,0.83171147108078,0.7304657101631165,,
1478,57680,,,,,0.6584434509277344,0.4338357150554657
1478,57680,,,0.8091197609901428,0.7427446842193604,,
1479,57719,,,,,0.6679280996322632,0.4329383373260498
1479,57719,,,0.804042637348175,0.7415021657943726,,
1480,57758,,,,,0.6639754772186279,0.4285174310207367
1480,57758,,,0.7961078882217407,0.749338686466217,,
1481,57797,,,,,0.6646109223365784,0.43488574028015137
1481,57797,,,0.7877054214477539,0.7359655499458313,,
1482,57836,,,,,0.6600762009620667,0.433871328830719
1482,57836,,,0.7823867201805115,0.7606474161148071,,
1483,57875,,,,,0.6603085398674011,0.4322280287742615
1483,57875,,,0.789991021156311,0.7394197583198547,,
1484,57914,,,,,0.6669405698776245,0.4333328604698181
1484,57914,,,0.824188232421875,0.7496430277824402,,
1485,57953,,,,,0.6704633831977844,0.43823298811912537
1485,57953,,,0.8061065673828125,0.7343646883964539,,
1486,57992,,,,,0.6640263199806213,0.4352695047855377
1486,57992,,,0.7883424162864685,0.7443539500236511,,
1487,58031,,,,,0.6636888980865479,0.4303562641143799
1487,58031,,,0.8002650141716003,0.7404821515083313,,
1488,58070,,,,,0.6608408093452454,0.43587666749954224
1488,58070,,,0.7828269600868225,0.7229230999946594,,
1489,58109,,,,,0.6582852005958557,0.4391174018383026
1489,58109,,,0.7997277975082397,0.7629331946372986,,
1490,58148,,,,,0.6613888144493103,0.43554458022117615
1490,58148,,,0.8254783749580383,0.7201859354972839,,
1491,58187,,,,,0.6624429821968079,0.4292764961719513
1491,58187,,,0.8079891204833984,0.7371221780776978,,
1492,58226,,,,,0.6584535241127014,0.4312096834182739
1492,58226,,,0.7971025109291077,0.7563582062721252,,
1493,58265,,,,,0.6569821834564209,0.42787399888038635
1493,58265,,,0.8188347220420837,0.7171493172645569,,
1494,58304,,,,,0.6677495241165161,0.42897748947143555
1494,58304,,,0.8325405716896057,0.7420293092727661,,
1495,58343,,,,,0.6603764295578003,0.43528231978416443
1495,58343,,,0.7938828468322754,0.7382001876831055,,
1496,58382,,,,,0.6607984900474548,0.43962931632995605
1496,58382,,,0.7774293422698975,0.7561725974082947,,
1497,58421,,,,,0.6634092926979065,0.43418729305267334
1497,58421,,,0.8254983425140381,0.7346235513687134,,
1498,58460,,,,,0.6622663736343384,0.43504518270492554
1498,58460,,,0.8123797178268433,0.7383794784545898,,
1499,58499,,,,,0.6633976697921753,0.43267759680747986
1499,58499,,,0.8310708999633789,0.7195464968681335,,
1500,58538,,,,,0.6692035794258118,0.4358891546726227
1500,58538,,,0.8585169911384583,0.7088496088981628,,
1501,58577,,,,,0.6612368822097778,0.4373141825199127
1501,58577,,,0.7922062277793884,0.7548109292984009,,
1502,58578,1.555813193321228,0.09056790173053741,,,,
