epoch,step,test_loss,test_pcc,train_loss_epoch,train_pcc_epoch,val_loss,val_pcc
0,38,,,,,0.6663078665733337,0.036296576261520386
0,38,,,1.5155971050262451,-0.030809001997113228,,
1,77,,,,,0.6877669095993042,0.06362707912921906
1,77,,,1.4098899364471436,-0.04009053483605385,,
2,116,,,,,0.6990673542022705,0.11127070337533951
2,116,,,1.336389183998108,0.0674118772149086,,
3,155,,,,,0.701446533203125,0.14486227929592133
3,155,,,1.361818790435791,-0.004696681164205074,,
4,194,,,,,0.715522289276123,0.16996818780899048
4,194,,,1.3384164571762085,0.012493954971432686,,
5,233,,,,,0.7150605916976929,0.19459491968154907
5,233,,,1.34022057056427,0.007632354740053415,,
6,272,,,,,0.7166841626167297,0.21572726964950562
6,272,,,1.3384881019592285,0.05207788199186325,,
7,311,,,,,0.7125285863876343,0.22777850925922394
7,311,,,1.3208051919937134,0.013466990552842617,,
8,350,,,,,0.7145964503288269,0.23778598010540009
8,350,,,1.337411880493164,0.03058246523141861,,
9,389,,,,,0.7075801491737366,0.24722754955291748
9,389,,,1.3332284688949585,0.05015004798769951,,
10,428,,,,,0.7073616981506348,0.25563913583755493
10,428,,,1.3167297840118408,0.0369143970310688,,
11,467,,,,,0.7064024209976196,0.2565357983112335
11,467,,,1.2974321842193604,0.09365633130073547,,
12,506,,,,,0.7015295028686523,0.2588219940662384
12,506,,,1.3163657188415527,0.026589518412947655,,
13,545,,,,,0.7075213193893433,0.2635906934738159
13,545,,,1.2837945222854614,0.07945974171161652,,
14,584,,,,,0.7045676112174988,0.2666967213153839
14,584,,,1.256682276725769,0.09224123507738113,,
15,623,,,,,0.7090611457824707,0.2668810188770294
15,623,,,1.2854809761047363,0.06453532725572586,,
16,662,,,,,0.7052221298217773,0.26793891191482544
16,662,,,1.2956796884536743,0.12751486897468567,,
17,701,,,,,0.7052892446517944,0.27227839827537537
17,701,,,1.2897839546203613,0.10957952588796616,,
18,740,,,,,0.7067779898643494,0.273822546005249
18,740,,,1.320666790008545,0.045277804136276245,,
19,779,,,,,0.7061541080474854,0.27414071559906006
19,779,,,1.293226957321167,0.1273367553949356,,
20,818,,,,,0.7148487567901611,0.2763308584690094
20,818,,,1.332523226737976,0.06534443795681,,
21,857,,,,,0.7116214632987976,0.27593687176704407
21,857,,,1.2773351669311523,0.06226929649710655,,
22,896,,,,,0.7067810893058777,0.2761823534965515
22,896,,,1.3038493394851685,0.06306508183479309,,
23,935,,,,,0.7052993774414062,0.2783590853214264
23,935,,,1.284626841545105,0.07936466485261917,,
24,974,,,,,0.7080559730529785,0.27926504611968994
24,974,,,1.2886124849319458,0.09287068247795105,,
25,1013,,,,,0.7066314220428467,0.27939164638519287
25,1013,,,1.3009717464447021,0.11601123958826065,,
26,1052,,,,,0.7062856554985046,0.27948179841041565
26,1052,,,1.2584662437438965,0.1482670158147812,,
27,1091,,,,,0.7102445960044861,0.2799132764339447
27,1091,,,1.2921421527862549,0.13048982620239258,,
28,1130,,,,,0.7008784413337708,0.2810547351837158
28,1130,,,1.269761323928833,0.12419933825731277,,
29,1169,,,,,0.7078835964202881,0.28197789192199707
29,1169,,,1.2517333030700684,0.15440519154071808,,
30,1208,,,,,0.7112669348716736,0.28359749913215637
30,1208,,,1.2880645990371704,0.10106904804706573,,
31,1247,,,,,0.7042273879051208,0.2856227457523346
31,1247,,,1.2855571508407593,0.12449159473180771,,
32,1286,,,,,0.6990357041358948,0.28636398911476135
32,1286,,,1.2832998037338257,0.11732181906700134,,
33,1325,,,,,0.704765796661377,0.2875031530857086
33,1325,,,1.225828766822815,0.20462127029895782,,
34,1364,,,,,0.7054715752601624,0.2877378463745117
34,1364,,,1.2934173345565796,0.13895268738269806,,
35,1403,,,,,0.6976508498191833,0.2876780331134796
35,1403,,,1.239405632019043,0.1508484184741974,,
36,1442,,,,,0.7023607492446899,0.288129061460495
36,1442,,,1.2742867469787598,0.21074612438678741,,
37,1481,,,,,0.7057305574417114,0.28988900780677795
37,1481,,,1.297787070274353,0.1893560141324997,,
38,1520,,,,,0.7026256918907166,0.29199257493019104
38,1520,,,1.2483165264129639,0.18154413998126984,,
39,1559,,,,,0.6902792453765869,0.29287904500961304
39,1559,,,1.2976499795913696,0.16735073924064636,,
40,1598,,,,,0.6994794011116028,0.2943500280380249
40,1598,,,1.2948232889175415,0.17160606384277344,,
41,1637,,,,,0.7016837000846863,0.2951504588127136
41,1637,,,1.293091058731079,0.19520653784275055,,
42,1676,,,,,0.6976714134216309,0.29492273926734924
42,1676,,,1.2172200679779053,0.19197331368923187,,
43,1715,,,,,0.6981892585754395,0.29543256759643555
43,1715,,,1.2598674297332764,0.16797886788845062,,
44,1754,,,,,0.702067494392395,0.29631710052490234
44,1754,,,1.26388680934906,0.18919157981872559,,
45,1793,,,,,0.7017353177070618,0.29601889848709106
45,1793,,,1.2770557403564453,0.15049217641353607,,
46,1832,,,,,0.6935247182846069,0.29620060324668884
46,1832,,,1.2650995254516602,0.20996704697608948,,
47,1871,,,,,0.6895667910575867,0.2972522974014282
47,1871,,,1.2285592555999756,0.22508537769317627,,
48,1910,,,,,0.6999344825744629,0.2973785102367401
48,1910,,,1.2511307001113892,0.2413581907749176,,
49,1949,,,,,0.7019819021224976,0.2985992133617401
49,1949,,,1.2714804410934448,0.22125960886478424,,
50,1988,,,,,0.7016361951828003,0.3003838360309601
50,1988,,,1.265371322631836,0.24280846118927002,,
51,2027,,,,,0.6938724517822266,0.3013363480567932
51,2027,,,1.2396302223205566,0.1977018266916275,,
52,2066,,,,,0.6959450840950012,0.30069246888160706
52,2066,,,1.2416609525680542,0.25593942403793335,,
53,2105,,,,,0.6913062930107117,0.3009001612663269
53,2105,,,1.2583122253417969,0.2325417697429657,,
54,2144,,,,,0.6981778144836426,0.3016435503959656
54,2144,,,1.26314377784729,0.24701598286628723,,
55,2183,,,,,0.705943763256073,0.3018958866596222
55,2183,,,1.233651041984558,0.22029930353164673,,
56,2222,,,,,0.698790431022644,0.30227845907211304
56,2222,,,1.2300045490264893,0.21120040118694305,,
57,2261,,,,,0.6971523761749268,0.3023858070373535
57,2261,,,1.2479197978973389,0.23876118659973145,,
58,2300,,,,,0.7064976692199707,0.3024982810020447
58,2300,,,1.2434234619140625,0.27590805292129517,,
59,2339,,,,,0.7089588046073914,0.30321237444877625
59,2339,,,1.252209186553955,0.24062293767929077,,
60,2378,,,,,0.7006372213363647,0.30378755927085876
60,2378,,,1.2214792966842651,0.2398286759853363,,
61,2417,,,,,0.7027890086174011,0.30385348200798035
61,2417,,,1.2604349851608276,0.2186480611562729,,
62,2456,,,,,0.7038791179656982,0.30378952622413635
62,2456,,,1.2538517713546753,0.2392614632844925,,
63,2495,,,,,0.7031594514846802,0.3040837347507477
63,2495,,,1.2464814186096191,0.26903510093688965,,
64,2534,,,,,0.7005339860916138,0.30473536252975464
64,2534,,,1.2577980756759644,0.2607250511646271,,
65,2573,,,,,0.6996886730194092,0.3065146505832672
65,2573,,,1.2291330099105835,0.2814747989177704,,
66,2612,,,,,0.6942551136016846,0.3069145977497101
66,2612,,,1.250196099281311,0.22046294808387756,,
67,2651,,,,,0.7054283022880554,0.3082387447357178
67,2651,,,1.2427480220794678,0.25668463110923767,,
68,2690,,,,,0.7035653591156006,0.30913877487182617
68,2690,,,1.2115514278411865,0.2538002133369446,,
69,2729,,,,,0.7005448937416077,0.30991724133491516
69,2729,,,1.2523255348205566,0.27551931142807007,,
70,2768,,,,,0.7016779780387878,0.31073200702667236
70,2768,,,1.2032060623168945,0.273174524307251,,
71,2807,,,,,0.6984077095985413,0.31203344464302063
71,2807,,,1.2355419397354126,0.2934015393257141,,
72,2846,,,,,0.6937029361724854,0.3125849962234497
72,2846,,,1.2409958839416504,0.2758995592594147,,
73,2885,,,,,0.7051805257797241,0.31329166889190674
73,2885,,,1.1933002471923828,0.288840115070343,,
74,2924,,,,,0.6940527558326721,0.31359538435935974
74,2924,,,1.2500159740447998,0.24846027791500092,,
75,2963,,,,,0.6942561268806458,0.31432193517684937
75,2963,,,1.222101092338562,0.2786954641342163,,
76,3002,,,,,0.6958264112472534,0.3150293827056885
76,3002,,,1.2314088344573975,0.293922483921051,,
77,3041,,,,,0.6967294216156006,0.3157079815864563
77,3041,,,1.2295949459075928,0.2261519730091095,,
78,3080,,,,,0.6974923014640808,0.31637656688690186
78,3080,,,1.2285507917404175,0.2681446671485901,,
79,3119,,,,,0.7008028626441956,0.31683504581451416
79,3119,,,1.2529352903366089,0.2840304970741272,,
80,3158,,,,,0.696755051612854,0.3176382780075073
80,3158,,,1.244288682937622,0.2631245255470276,,
81,3197,,,,,0.6904063820838928,0.3171686828136444
81,3197,,,1.224226474761963,0.31239694356918335,,
82,3236,,,,,0.6950851082801819,0.3185115158557892
82,3236,,,1.2245129346847534,0.2883644700050354,,
83,3275,,,,,0.6893736720085144,0.31912702322006226
83,3275,,,1.1940561532974243,0.2820097804069519,,
84,3314,,,,,0.6908071637153625,0.31956759095191956
84,3314,,,1.2192715406417847,0.279792457818985,,
85,3353,,,,,0.6974332332611084,0.32062432169914246
85,3353,,,1.208984613418579,0.31246817111968994,,
86,3392,,,,,0.6943681836128235,0.32169732451438904
86,3392,,,1.243516206741333,0.3002481758594513,,
87,3431,,,,,0.6990905404090881,0.3230293393135071
87,3431,,,1.184508204460144,0.2969450354576111,,
88,3470,,,,,0.6924575567245483,0.32361316680908203
88,3470,,,1.2228634357452393,0.29209184646606445,,
89,3509,,,,,0.6931678056716919,0.32401010394096375
89,3509,,,1.2071081399917603,0.2981913089752197,,
90,3548,,,,,0.6893349885940552,0.32403987646102905
90,3548,,,1.2201764583587646,0.3114585280418396,,
91,3587,,,,,0.6925512552261353,0.324950635433197
91,3587,,,1.193631649017334,0.333120197057724,,
92,3626,,,,,0.7057196497917175,0.3254104554653168
92,3626,,,1.2248690128326416,0.2898227274417877,,
93,3665,,,,,0.692620038986206,0.3252370357513428
93,3665,,,1.2077207565307617,0.3008422255516052,,
94,3704,,,,,0.7011205554008484,0.3265261650085449
94,3704,,,1.18889582157135,0.3246382176876068,,
95,3743,,,,,0.6904522180557251,0.32739517092704773
95,3743,,,1.2322311401367188,0.27397421002388,,
96,3782,,,,,0.7019078731536865,0.32892483472824097
96,3782,,,1.2181313037872314,0.3346962034702301,,
97,3821,,,,,0.7098503112792969,0.3297688663005829
97,3821,,,1.2018014192581177,0.30648088455200195,,
98,3860,,,,,0.7096045613288879,0.32999786734580994
98,3860,,,1.209874153137207,0.34358930587768555,,
99,3899,,,,,0.700391411781311,0.330462783575058
99,3899,,,1.2253499031066895,0.30379560589790344,,
100,3938,,,,,0.6986539363861084,0.3313291668891907
100,3938,,,1.2043477296829224,0.31908926367759705,,
101,3977,,,,,0.6930274963378906,0.3322310745716095
101,3977,,,1.205864429473877,0.29861539602279663,,
102,4016,,,,,0.6935285925865173,0.3331433832645416
102,4016,,,1.191083550453186,0.348773330450058,,
103,4055,,,,,0.6898919343948364,0.33319908380508423
103,4055,,,1.2022035121917725,0.2954212427139282,,
104,4094,,,,,0.695503830909729,0.33335816860198975
104,4094,,,1.210628867149353,0.3128911554813385,,
105,4133,,,,,0.6991175413131714,0.3342704474925995
105,4133,,,1.223361849784851,0.3333279490470886,,
106,4172,,,,,0.6984269022941589,0.33450815081596375
106,4172,,,1.2380046844482422,0.3251838982105255,,
107,4211,,,,,0.7002680897712708,0.33460733294487
107,4211,,,1.1733815670013428,0.3370865285396576,,
108,4250,,,,,0.6971196532249451,0.3356080949306488
108,4250,,,1.210058331489563,0.31128358840942383,,
109,4289,,,,,0.6990571022033691,0.3360806405544281
109,4289,,,1.2099043130874634,0.3135300576686859,,
110,4328,,,,,0.6972188949584961,0.3367801606655121
110,4328,,,1.21811842918396,0.36876562237739563,,
111,4367,,,,,0.6983838677406311,0.3378432095050812
111,4367,,,1.1879541873931885,0.29561761021614075,,
112,4406,,,,,0.6965058445930481,0.33886775374412537
112,4406,,,1.2194037437438965,0.36123812198638916,,
113,4445,,,,,0.6972079873085022,0.33863914012908936
113,4445,,,1.2219971418380737,0.27551549673080444,,
114,4484,,,,,0.6990696787834167,0.3390657901763916
114,4484,,,1.1945468187332153,0.3131766617298126,,
115,4523,,,,,0.6997742056846619,0.340155690908432
115,4523,,,1.2008463144302368,0.3404688239097595,,
116,4562,,,,,0.6971039175987244,0.340337872505188
116,4562,,,1.1684799194335938,0.37886157631874084,,
117,4601,,,,,0.6970442533493042,0.3408239483833313
117,4601,,,1.1886465549468994,0.3482063412666321,,
118,4640,,,,,0.6977466344833374,0.3412688672542572
118,4640,,,1.1845896244049072,0.34804221987724304,,
119,4679,,,,,0.6975499987602234,0.3419167697429657
119,4679,,,1.2039904594421387,0.31998366117477417,,
120,4718,,,,,0.6986239552497864,0.34221524000167847
120,4718,,,1.1896916627883911,0.34280019998550415,,
121,4757,,,,,0.6990300416946411,0.34260094165802
121,4757,,,1.1990777254104614,0.3329441249370575,,
122,4796,,,,,0.6982433795928955,0.34323301911354065
122,4796,,,1.1983914375305176,0.33370843529701233,,
123,4835,,,,,0.6955736875534058,0.344431072473526
123,4835,,,1.1896247863769531,0.3637444078922272,,
124,4874,,,,,0.7070490121841431,0.345721036195755
124,4874,,,1.1813629865646362,0.3717631697654724,,
125,4913,,,,,0.7121690511703491,0.34599852561950684
125,4913,,,1.197396159172058,0.3746524751186371,,
126,4952,,,,,0.7060051560401917,0.3463701605796814
126,4952,,,1.1976791620254517,0.36166974902153015,,
127,4991,,,,,0.6946799159049988,0.34638240933418274
127,4991,,,1.1980663537979126,0.3250860273838043,,
128,5030,,,,,0.6948233246803284,0.3463000953197479
128,5030,,,1.1930795907974243,0.31847280263900757,,
129,5069,,,,,0.7007874846458435,0.34743329882621765
129,5069,,,1.1513336896896362,0.38946279883384705,,
130,5108,,,,,0.694474995136261,0.3468712568283081
130,5108,,,1.2030552625656128,0.3377375304698944,,
131,5147,,,,,0.6956612467765808,0.3474079966545105
131,5147,,,1.2163505554199219,0.3431077301502228,,
132,5186,,,,,0.696752667427063,0.34768378734588623
132,5186,,,1.18014395236969,0.38663873076438904,,
133,5225,,,,,0.6946122646331787,0.3482092022895813
133,5225,,,1.1836618185043335,0.3811352849006653,,
134,5264,,,,,0.6976053714752197,0.3489972651004791
134,5264,,,1.1982120275497437,0.3403182625770569,,
135,5303,,,,,0.697032630443573,0.3490838408470154
135,5303,,,1.1452813148498535,0.3515298068523407,,
136,5342,,,,,0.6979093551635742,0.34994110465049744
136,5342,,,1.1853983402252197,0.3478449881076813,,
137,5381,,,,,0.6932684779167175,0.35039404034614563
137,5381,,,1.1920965909957886,0.3703705668449402,,
138,5420,,,,,0.6931568384170532,0.3513554036617279
138,5420,,,1.2217506170272827,0.32512590289115906,,
139,5459,,,,,0.6888892650604248,0.35167568922042847
139,5459,,,1.1590279340744019,0.358456015586853,,
140,5498,,,,,0.6944661140441895,0.3525211811065674
140,5498,,,1.1934704780578613,0.34690776467323303,,
141,5537,,,,,0.6912433505058289,0.3524514138698578
141,5537,,,1.2113018035888672,0.329624742269516,,
142,5576,,,,,0.6909773349761963,0.3529614508152008
142,5576,,,1.1755664348602295,0.35115522146224976,,
143,5615,,,,,0.6910672783851624,0.35291168093681335
143,5615,,,1.1888431310653687,0.3685639798641205,,
144,5654,,,,,0.6981524229049683,0.35359838604927063
144,5654,,,1.2081505060195923,0.3637511432170868,,
145,5693,,,,,0.6989701986312866,0.353661447763443
145,5693,,,1.1982481479644775,0.3586816191673279,,
146,5732,,,,,0.6941564083099365,0.35385662317276
146,5732,,,1.2115205526351929,0.3474206328392029,,
147,5771,,,,,0.692401647567749,0.35364434123039246
147,5771,,,1.1867705583572388,0.3592979311943054,,
148,5810,,,,,0.6983004212379456,0.35411328077316284
148,5810,,,1.195592999458313,0.35945451259613037,,
149,5849,,,,,0.699661910533905,0.35493960976600647
149,5849,,,1.1653966903686523,0.41176918148994446,,
150,5888,,,,,0.7029568552970886,0.3555622398853302
150,5888,,,1.1808534860610962,0.3948422968387604,,
151,5927,,,,,0.6959986686706543,0.3558586835861206
151,5927,,,1.1628592014312744,0.3223660886287689,,
152,5966,,,,,0.6945438385009766,0.35615479946136475
152,5966,,,1.1950856447219849,0.3479268252849579,,
153,6005,,,,,0.704416036605835,0.3566340208053589
153,6005,,,1.2002702951431274,0.35592782497406006,,
154,6044,,,,,0.6963215470314026,0.3563482165336609
154,6044,,,1.1925021409988403,0.31724056601524353,,
155,6083,,,,,0.6910054087638855,0.35584819316864014
155,6083,,,1.206807017326355,0.3294612467288971,,
156,6122,,,,,0.6965824365615845,0.35662534832954407
156,6122,,,1.188325047492981,0.36948293447494507,,
157,6161,,,,,0.6966513395309448,0.3569808602333069
157,6161,,,1.1809096336364746,0.3738991320133209,,
158,6200,,,,,0.702336311340332,0.35707902908325195
158,6200,,,1.1582010984420776,0.3846988081932068,,
159,6239,,,,,0.7017172574996948,0.35720667243003845
159,6239,,,1.1784076690673828,0.36947497725486755,,
160,6278,,,,,0.7001729607582092,0.35755258798599243
160,6278,,,1.1673059463500977,0.3985039293766022,,
161,6317,,,,,0.6983821988105774,0.35739609599113464
161,6317,,,1.2018651962280273,0.3632158935070038,,
162,6356,,,,,0.6948445439338684,0.35791268944740295
162,6356,,,1.1693639755249023,0.35036247968673706,,
163,6395,,,,,0.6905175447463989,0.3580766022205353
163,6395,,,1.1854300498962402,0.37582486867904663,,
164,6434,,,,,0.6890302300453186,0.35785964131355286
164,6434,,,1.1737128496170044,0.36667534708976746,,
165,6473,,,,,0.6954176425933838,0.35829171538352966
165,6473,,,1.1706873178482056,0.42856186628341675,,
166,6512,,,,,0.6957501769065857,0.35877639055252075
166,6512,,,1.1818299293518066,0.4097268879413605,,
167,6551,,,,,0.6913884878158569,0.3591254651546478
167,6551,,,1.183791995048523,0.35077133774757385,,
168,6590,,,,,0.6935579776763916,0.35963672399520874
168,6590,,,1.143502116203308,0.39642390608787537,,
169,6629,,,,,0.6901661157608032,0.3596815764904022
169,6629,,,1.194748878479004,0.34370991587638855,,
170,6668,,,,,0.6928483843803406,0.3602907657623291
170,6668,,,1.2008297443389893,0.38109514117240906,,
171,6707,,,,,0.6964117884635925,0.36066287755966187
171,6707,,,1.1438066959381104,0.399288147687912,,
172,6746,,,,,0.6989330649375916,0.36077970266342163
172,6746,,,1.1595745086669922,0.3680568039417267,,
173,6785,,,,,0.698218822479248,0.3612874150276184
173,6785,,,1.1873809099197388,0.393356055021286,,
174,6824,,,,,0.6957486867904663,0.3611622452735901
174,6824,,,1.1839491128921509,0.3432651460170746,,
175,6863,,,,,0.6991846561431885,0.3615990877151489
175,6863,,,1.1657872200012207,0.3687596917152405,,
176,6902,,,,,0.7021070718765259,0.3619440793991089
176,6902,,,1.1695988178253174,0.4219667613506317,,
177,6941,,,,,0.7057919502258301,0.36255109310150146
177,6941,,,1.194152593612671,0.36016637086868286,,
178,6980,,,,,0.7001358270645142,0.3625594675540924
178,6980,,,1.1965556144714355,0.3660227358341217,,
179,7019,,,,,0.6913790702819824,0.36270391941070557
179,7019,,,1.2187854051589966,0.37085333466529846,,
180,7058,,,,,0.6901291608810425,0.36362436413764954
180,7058,,,1.1803003549575806,0.3754279911518097,,
181,7097,,,,,0.691504180431366,0.3643699288368225
181,7097,,,1.1748557090759277,0.36606624722480774,,
182,7136,,,,,0.686696469783783,0.3641701340675354
182,7136,,,1.1745448112487793,0.383807897567749,,
183,7175,,,,,0.6859563589096069,0.36487647891044617
183,7175,,,1.1842161417007446,0.3749546706676483,,
184,7214,,,,,0.6909021735191345,0.3658221364021301
184,7214,,,1.1841657161712646,0.35939347743988037,,
185,7253,,,,,0.6884923577308655,0.3659692108631134
185,7253,,,1.12928307056427,0.381393700838089,,
186,7292,,,,,0.685441792011261,0.3662374019622803
186,7292,,,1.1651138067245483,0.37990227341651917,,
187,7331,,,,,0.6836737990379333,0.36648795008659363
187,7331,,,1.1630847454071045,0.38951343297958374,,
188,7370,,,,,0.6846323013305664,0.36690208315849304
188,7370,,,1.1741445064544678,0.3918781280517578,,
189,7409,,,,,0.6924119591712952,0.36734890937805176
189,7409,,,1.1982173919677734,0.3680781424045563,,
190,7448,,,,,0.6988261342048645,0.36834439635276794
190,7448,,,1.210020661354065,0.3637712299823761,,
191,7487,,,,,0.6945807933807373,0.36861681938171387
191,7487,,,1.2029653787612915,0.3593873381614685,,
192,7526,,,,,0.6952993273735046,0.36909493803977966
192,7526,,,1.1570590734481812,0.40962523221969604,,
193,7565,,,,,0.6981754899024963,0.36951500177383423
193,7565,,,1.1828521490097046,0.3897876739501953,,
194,7604,,,,,0.7011913657188416,0.36995717883110046
194,7604,,,1.1742719411849976,0.41677573323249817,,
195,7643,,,,,0.6838127374649048,0.3699088990688324
195,7643,,,1.1659085750579834,0.38568904995918274,,
196,7682,,,,,0.6877767443656921,0.37056979537010193
196,7682,,,1.1669777631759644,0.3704795241355896,,
197,7721,,,,,0.68894362449646,0.370826780796051
197,7721,,,1.1783630847930908,0.3846980035305023,,
198,7760,,,,,0.6879071593284607,0.3711015284061432
198,7760,,,1.207713007926941,0.3928130567073822,,
199,7799,,,,,0.6892378926277161,0.3714417517185211
199,7799,,,1.1566942930221558,0.39651721715927124,,
200,7838,,,,,0.6888265013694763,0.37172314524650574
200,7838,,,1.186712622642517,0.38848474621772766,,
201,7877,,,,,0.6909492611885071,0.37298354506492615
201,7877,,,1.1630812883377075,0.3843478262424469,,
202,7916,,,,,0.695810854434967,0.3737804889678955
202,7916,,,1.1534287929534912,0.402651309967041,,
203,7955,,,,,0.6915749907493591,0.37434181571006775
203,7955,,,1.141491413116455,0.3802776336669922,,
204,7994,,,,,0.6899311542510986,0.37448304891586304
204,7994,,,1.1733942031860352,0.37646329402923584,,
205,8033,,,,,0.692137598991394,0.37473705410957336
205,8033,,,1.1648194789886475,0.43247756361961365,,
206,8072,,,,,0.6849400997161865,0.3746664226055145
206,8072,,,1.1681313514709473,0.41340842843055725,,
207,8111,,,,,0.6854118704795837,0.3745773732662201
207,8111,,,1.1631652116775513,0.36686059832572937,,
208,8150,,,,,0.6861850619316101,0.37504976987838745
208,8150,,,1.1483608484268188,0.4111305773258209,,
209,8189,,,,,0.6825096607208252,0.37526461482048035
209,8189,,,1.1610881090164185,0.4139339327812195,,
210,8228,,,,,0.6801757216453552,0.3753390312194824
210,8228,,,1.1497931480407715,0.4009127914905548,,
211,8267,,,,,0.6861177086830139,0.3760712742805481
211,8267,,,1.1662311553955078,0.4009284973144531,,
212,8306,,,,,0.6885532140731812,0.37613049149513245
212,8306,,,1.157989263534546,0.4482009708881378,,
213,8345,,,,,0.6885734796524048,0.3766345679759979
213,8345,,,1.140910267829895,0.4219685196876526,,
214,8384,,,,,0.6879871487617493,0.37723228335380554
214,8384,,,1.1282645463943481,0.3773108422756195,,
215,8423,,,,,0.6890459060668945,0.377384215593338
215,8423,,,1.1695162057876587,0.38501283526420593,,
216,8462,,,,,0.6832324862480164,0.3767317831516266
216,8462,,,1.1551333665847778,0.3947521448135376,,
217,8501,,,,,0.6835355758666992,0.3771294951438904
217,8501,,,1.1701700687408447,0.4015099108219147,,
218,8540,,,,,0.6846884489059448,0.377437025308609
218,8540,,,1.1588135957717896,0.41536566615104675,,
219,8579,,,,,0.6842058897018433,0.37799158692359924
219,8579,,,1.1571218967437744,0.41032660007476807,,
220,8618,,,,,0.6826736330986023,0.37779906392097473
220,8618,,,1.1620633602142334,0.4067014455795288,,
221,8657,,,,,0.6851581931114197,0.37808957695961
221,8657,,,1.1371772289276123,0.40079647302627563,,
222,8696,,,,,0.6883484721183777,0.37869855761528015
222,8696,,,1.1517058610916138,0.4259149730205536,,
223,8735,,,,,0.6888014078140259,0.3793747127056122
223,8735,,,1.1752806901931763,0.4048800468444824,,
224,8774,,,,,0.6868157386779785,0.3800586760044098
224,8774,,,1.155728816986084,0.42238733172416687,,
225,8813,,,,,0.6852823495864868,0.3796236217021942
225,8813,,,1.1699604988098145,0.40787556767463684,,
226,8852,,,,,0.6837726831436157,0.37980031967163086
226,8852,,,1.1515895128250122,0.37071990966796875,,
227,8891,,,,,0.6820073127746582,0.38039934635162354
227,8891,,,1.1467207670211792,0.3944878578186035,,
228,8930,,,,,0.6838778853416443,0.3816610276699066
228,8930,,,1.1530349254608154,0.3803270161151886,,
229,8969,,,,,0.6894887685775757,0.38286292552948
229,8969,,,1.1761618852615356,0.429751455783844,,
230,9008,,,,,0.6903808116912842,0.3829130530357361
230,9008,,,1.1310819387435913,0.40449801087379456,,
231,9047,,,,,0.6863139271736145,0.3829435408115387
231,9047,,,1.170194387435913,0.38651666045188904,,
232,9086,,,,,0.683754563331604,0.38296666741371155
232,9086,,,1.1956729888916016,0.379538893699646,,
233,9125,,,,,0.6803296804428101,0.38349997997283936
233,9125,,,1.1573892831802368,0.39546501636505127,,
234,9164,,,,,0.6828525066375732,0.3843455910682678
234,9164,,,1.180968999862671,0.42550429701805115,,
235,9203,,,,,0.6866227388381958,0.38434645533561707
235,9203,,,1.1542645692825317,0.384237140417099,,
236,9242,,,,,0.6848034262657166,0.3845653533935547
236,9242,,,1.1838773488998413,0.4314489960670471,,
237,9281,,,,,0.682578444480896,0.38474538922309875
237,9281,,,1.146386742591858,0.4380534589290619,,
238,9320,,,,,0.6845769882202148,0.3851839303970337
238,9320,,,1.2046654224395752,0.437594473361969,,
239,9359,,,,,0.6816356182098389,0.38532555103302
239,9359,,,1.1453065872192383,0.41920334100723267,,
240,9398,,,,,0.6770585179328918,0.3853248357772827
240,9398,,,1.1624749898910522,0.3828234374523163,,
241,9437,,,,,0.6796701550483704,0.38605284690856934
241,9437,,,1.124163269996643,0.4509672522544861,,
242,9476,,,,,0.680389404296875,0.3860562741756439
242,9476,,,1.1557538509368896,0.4313037693500519,,
243,9515,,,,,0.6802522540092468,0.38647976517677307
243,9515,,,1.1574608087539673,0.4370218515396118,,
244,9554,,,,,0.6830168962478638,0.38758423924446106
244,9554,,,1.1964517831802368,0.40833213925361633,,
245,9593,,,,,0.6833524107933044,0.3878485858440399
245,9593,,,1.1336333751678467,0.44374528527259827,,
246,9632,,,,,0.6874380707740784,0.3887508511543274
246,9632,,,1.13912832736969,0.42522186040878296,,
247,9671,,,,,0.685526430606842,0.3890049457550049
247,9671,,,1.1238229274749756,0.416409969329834,,
248,9710,,,,,0.6826777458190918,0.3890446722507477
248,9710,,,1.1573632955551147,0.39269745349884033,,
249,9749,,,,,0.6825423240661621,0.38951411843299866
249,9749,,,1.1620128154754639,0.4033273458480835,,
250,9788,,,,,0.6786799430847168,0.38977083563804626
250,9788,,,1.1309961080551147,0.42366349697113037,,
251,9827,,,,,0.6819714307785034,0.3903844654560089
251,9827,,,1.1603457927703857,0.40038514137268066,,
252,9866,,,,,0.6767680644989014,0.3906587064266205
252,9866,,,1.142338514328003,0.41608473658561707,,
253,9905,,,,,0.6748073697090149,0.3912873864173889
253,9905,,,1.1678640842437744,0.42148447036743164,,
254,9944,,,,,0.6766996383666992,0.391414612531662
254,9944,,,1.157189130783081,0.4049375355243683,,
255,9983,,,,,0.6790894269943237,0.3917364776134491
255,9983,,,1.1938260793685913,0.3779725432395935,,
256,10022,,,,,0.6747284531593323,0.3913640081882477
256,10022,,,1.1823632717132568,0.373533695936203,,
257,10061,,,,,0.6711441278457642,0.3908444941043854
257,10061,,,1.1527643203735352,0.389081209897995,,
258,10100,,,,,0.6693378686904907,0.39087310433387756
258,10100,,,1.1407305002212524,0.4158124327659607,,
259,10139,,,,,0.6737468242645264,0.3910215198993683
259,10139,,,1.13717520236969,0.44577673077583313,,
260,10178,,,,,0.673639714717865,0.3917873501777649
260,10178,,,1.1481679677963257,0.4026367962360382,,
261,10217,,,,,0.6773558259010315,0.39243900775909424
261,10217,,,1.1571613550186157,0.40185919404029846,,
262,10256,,,,,0.6784220933914185,0.3929918110370636
262,10256,,,1.1958658695220947,0.4018971025943756,,
263,10295,,,,,0.6775183081626892,0.39320844411849976
263,10295,,,1.1546272039413452,0.42013633251190186,,
264,10334,,,,,0.6811515688896179,0.3933349549770355
264,10334,,,1.118108868598938,0.42491424083709717,,
265,10373,,,,,0.6807785630226135,0.3934299051761627
265,10373,,,1.1840505599975586,0.42950159311294556,,
266,10412,,,,,0.6818229556083679,0.3941397964954376
266,10412,,,1.1681807041168213,0.4165061414241791,,
267,10451,,,,,0.6764798760414124,0.3939380645751953
267,10451,,,1.1797901391983032,0.3960585594177246,,
268,10490,,,,,0.6736653447151184,0.39399582147598267
268,10490,,,1.1293178796768188,0.42517539858818054,,
269,10529,,,,,0.6733513474464417,0.39424917101860046
269,10529,,,1.1495767831802368,0.4064564108848572,,
270,10568,,,,,0.6808227300643921,0.39525824785232544
270,10568,,,1.1587568521499634,0.4138162136077881,,
271,10607,,,,,0.681194007396698,0.3956276774406433
271,10607,,,1.1675564050674438,0.41507720947265625,,
272,10646,,,,,0.6793683767318726,0.39568325877189636
272,10646,,,1.1385985612869263,0.391164094209671,,
273,10685,,,,,0.6762175559997559,0.3955720365047455
273,10685,,,1.171706199645996,0.3969961702823639,,
274,10724,,,,,0.6747709512710571,0.39637452363967896
274,10724,,,1.1868306398391724,0.41261550784111023,,
275,10763,,,,,0.6748643517494202,0.3964689373970032
275,10763,,,1.1634637117385864,0.4228939712047577,,
276,10802,,,,,0.676559329032898,0.39643925428390503
276,10802,,,1.127218246459961,0.4014560580253601,,
277,10841,,,,,0.680812656879425,0.39664822816848755
277,10841,,,1.136476755142212,0.4296607971191406,,
278,10880,,,,,0.6813980937004089,0.3969343602657318
278,10880,,,1.1582920551300049,0.4160948395729065,,
279,10919,,,,,0.6819547414779663,0.3979669213294983
279,10919,,,1.170889139175415,0.4096560478210449,,
280,10958,,,,,0.6793569922447205,0.3983254134654999
280,10958,,,1.1551058292388916,0.3747611343860626,,
281,10997,,,,,0.6724495887756348,0.39846816658973694
281,10997,,,1.174618124961853,0.41841986775398254,,
282,11036,,,,,0.6687714457511902,0.39870211482048035
282,11036,,,1.1613389253616333,0.3880571126937866,,
283,11075,,,,,0.6742798089981079,0.3987374007701874
283,11075,,,1.1157190799713135,0.45016738772392273,,
284,11114,,,,,0.6774619221687317,0.39965325593948364
284,11114,,,1.145190954208374,0.4474015235900879,,
285,11153,,,,,0.6810922622680664,0.39931899309158325
285,11153,,,1.1275705099105835,0.4340271055698395,,
286,11192,,,,,0.6791964769363403,0.39897286891937256
286,11192,,,1.1562484502792358,0.40038207173347473,,
287,11231,,,,,0.6724333763122559,0.39861926436424255
287,11231,,,1.1534414291381836,0.40801507234573364,,
288,11270,,,,,0.6778170466423035,0.3992227613925934
288,11270,,,1.164162039756775,0.4248248338699341,,
289,11309,,,,,0.6759899258613586,0.39893215894699097
289,11309,,,1.163574457168579,0.38197988271713257,,
290,11348,,,,,0.6806648373603821,0.39970123767852783
290,11348,,,1.1294195652008057,0.4423089623451233,,
291,11387,,,,,0.6761574745178223,0.3997911214828491
291,11387,,,1.1647835969924927,0.43801939487457275,,
292,11426,,,,,0.6728382706642151,0.3995945453643799
292,11426,,,1.1547516584396362,0.4122629463672638,,
293,11465,,,,,0.668968141078949,0.39946648478507996
293,11465,,,1.1777825355529785,0.40723761916160583,,
294,11504,,,,,0.667759895324707,0.39972707629203796
294,11504,,,1.1545883417129517,0.41293588280677795,,
295,11543,,,,,0.6706188321113586,0.40046656131744385
295,11543,,,1.1608960628509521,0.4017345607280731,,
296,11582,,,,,0.665524959564209,0.4005272388458252
296,11582,,,1.1211717128753662,0.44390687346458435,,
297,11621,,,,,0.6688252687454224,0.4009489119052887
297,11621,,,1.1383136510849,0.4821431040763855,,
298,11660,,,,,0.6728218197822571,0.4013667404651642
298,11660,,,1.134012222290039,0.4007699489593506,,
299,11699,,,,,0.676214337348938,0.4015849232673645
299,11699,,,1.1393108367919922,0.46694695949554443,,
300,11738,,,,,0.6727936863899231,0.40184178948402405
300,11738,,,1.1607826948165894,0.4593956172466278,,
301,11777,,,,,0.6692465543746948,0.40166783332824707
301,11777,,,1.1473418474197388,0.42656564712524414,,
302,11816,,,,,0.6729626059532166,0.40265148878097534
302,11816,,,1.1430931091308594,0.43263328075408936,,
303,11855,,,,,0.6703351736068726,0.40278640389442444
303,11855,,,1.1642231941223145,0.41083982586860657,,
304,11894,,,,,0.6718738079071045,0.4036288261413574
304,11894,,,1.142818808555603,0.4239875078201294,,
305,11933,,,,,0.6650368571281433,0.40305644273757935
305,11933,,,1.1564332246780396,0.42751532793045044,,
306,11972,,,,,0.6680479645729065,0.40313512086868286
306,11972,,,1.1233141422271729,0.4311103820800781,,
307,12011,,,,,0.6691408753395081,0.4032111167907715
307,12011,,,1.150289535522461,0.41675835847854614,,
308,12050,,,,,0.667963445186615,0.4034726917743683
308,12050,,,1.1575626134872437,0.42245572805404663,,
309,12089,,,,,0.6688086986541748,0.40267428755760193
309,12089,,,1.1522177457809448,0.4238343834877014,,
310,12128,,,,,0.6678804755210876,0.402713805437088
310,12128,,,1.1492503881454468,0.44451797008514404,,
311,12167,,,,,0.6635947227478027,0.4025860130786896
311,12167,,,1.1521276235580444,0.41652679443359375,,
312,12206,,,,,0.6606723666191101,0.40282490849494934
312,12206,,,1.1828868389129639,0.41506537795066833,,
313,12245,,,,,0.6656343936920166,0.403182715177536
313,12245,,,1.1672502756118774,0.45337745547294617,,
314,12284,,,,,0.6666775345802307,0.40326905250549316
314,12284,,,1.1351383924484253,0.41439729928970337,,
315,12323,,,,,0.6680448651313782,0.40363335609436035
315,12323,,,1.1426979303359985,0.40001872181892395,,
316,12362,,,,,0.6704045534133911,0.40408381819725037
316,12362,,,1.1120489835739136,0.4192257821559906,,
317,12401,,,,,0.6758553981781006,0.4050474762916565
317,12401,,,1.117590069770813,0.45153528451919556,,
318,12440,,,,,0.6754809021949768,0.4052794575691223
318,12440,,,1.1343756914138794,0.45211273431777954,,
319,12479,,,,,0.6725435853004456,0.40524402260780334
319,12479,,,1.1390069723129272,0.4494406282901764,,
320,12518,,,,,0.6718842387199402,0.4054233133792877
320,12518,,,1.1731679439544678,0.3916178345680237,,
321,12557,,,,,0.6699702739715576,0.4060419499874115
321,12557,,,1.1569939851760864,0.408001571893692,,
322,12596,,,,,0.6710880398750305,0.4061746299266815
322,12596,,,1.1197617053985596,0.4206169843673706,,
323,12635,,,,,0.6644014716148376,0.40583157539367676
323,12635,,,1.1519701480865479,0.4283992052078247,,
324,12674,,,,,0.6621071696281433,0.4061654210090637
324,12674,,,1.1597213745117188,0.4165716767311096,,
325,12713,,,,,0.6650487184524536,0.40662845969200134
325,12713,,,1.117590308189392,0.46507376432418823,,
326,12752,,,,,0.6678972840309143,0.40692833065986633
326,12752,,,1.1536847352981567,0.44911330938339233,,
327,12791,,,,,0.669757604598999,0.40717920660972595
327,12791,,,1.1715223789215088,0.4342491030693054,,
328,12830,,,,,0.6745747923851013,0.4078066647052765
328,12830,,,1.1699957847595215,0.413188636302948,,
329,12869,,,,,0.6698889136314392,0.4072084128856659
329,12869,,,1.123950719833374,0.4378131926059723,,
330,12908,,,,,0.6728091239929199,0.40697193145751953
330,12908,,,1.1861761808395386,0.40664809942245483,,
331,12947,,,,,0.6694442629814148,0.4069143533706665
331,12947,,,1.1253349781036377,0.46359503269195557,,
332,12986,,,,,0.6701045632362366,0.40721943974494934
332,12986,,,1.1384621858596802,0.41078028082847595,,
333,13025,,,,,0.6705939173698425,0.4074711799621582
333,13025,,,1.1750376224517822,0.3883286118507385,,
334,13064,,,,,0.6662952303886414,0.4077039957046509
334,13064,,,1.136732578277588,0.4132933020591736,,
335,13103,,,,,0.6644886136054993,0.4069236218929291
335,13103,,,1.1761668920516968,0.4268685281276703,,
336,13142,,,,,0.6629198789596558,0.40696069598197937
336,13142,,,1.1645162105560303,0.4327622950077057,,
337,13181,,,,,0.6684073805809021,0.4071543216705322
337,13181,,,1.1377283334732056,0.4374653697013855,,
338,13220,,,,,0.663128137588501,0.40710046887397766
338,13220,,,1.133459448814392,0.42042526602745056,,
339,13259,,,,,0.6625147461891174,0.4072250723838806
339,13259,,,1.1475987434387207,0.42813026905059814,,
340,13298,,,,,0.663252055644989,0.4081653654575348
340,13298,,,1.1602026224136353,0.40574097633361816,,
341,13337,,,,,0.665349543094635,0.40833449363708496
341,13337,,,1.1409353017807007,0.44255951046943665,,
342,13376,,,,,0.6642305850982666,0.40824392437934875
342,13376,,,1.1583616733551025,0.4263232350349426,,
343,13415,,,,,0.657090961933136,0.40814727544784546
343,13415,,,1.176603078842163,0.38277238607406616,,
344,13454,,,,,0.6595890522003174,0.4091542661190033
344,13454,,,1.1471192836761475,0.46023446321487427,,
345,13493,,,,,0.6591081619262695,0.4087117910385132
345,13493,,,1.1197582483291626,0.43737587332725525,,
346,13532,,,,,0.6620035171508789,0.40879955887794495
346,13532,,,1.1514679193496704,0.4410497844219208,,
347,13571,,,,,0.663914680480957,0.40924596786499023
347,13571,,,1.1793259382247925,0.422619104385376,,
348,13610,,,,,0.6630684733390808,0.4086172580718994
348,13610,,,1.1684495210647583,0.4223400056362152,,
349,13649,,,,,0.6623446941375732,0.4089135527610779
349,13649,,,1.1299039125442505,0.4187904894351959,,
350,13688,,,,,0.6631274223327637,0.40917810797691345
350,13688,,,1.1134878396987915,0.43354544043540955,,
351,13727,,,,,0.6621781587600708,0.40914198756217957
351,13727,,,1.1327883005142212,0.4340474605560303,,
352,13766,,,,,0.6658151745796204,0.4094417989253998
352,13766,,,1.1530059576034546,0.40584176778793335,,
353,13805,,,,,0.6716349124908447,0.40949589014053345
353,13805,,,1.142009973526001,0.46017974615097046,,
354,13844,,,,,0.6669959425926208,0.40955621004104614
354,13844,,,1.1500049829483032,0.429023414850235,,
355,13883,,,,,0.6636918783187866,0.40946850180625916
355,13883,,,1.1728572845458984,0.39648962020874023,,
356,13922,,,,,0.6654306054115295,0.4098816514015198
356,13922,,,1.1335980892181396,0.4195462763309479,,
357,13961,,,,,0.666345477104187,0.40989866852760315
357,13961,,,1.1445657014846802,0.431895911693573,,
358,14000,,,,,0.6707137823104858,0.4103546440601349
358,14000,,,1.1518521308898926,0.48808562755584717,,
359,14039,,,,,0.6686931848526001,0.4100287854671478
359,14039,,,1.1397625207901,0.46313729882240295,,
360,14078,,,,,0.6663106679916382,0.4099286198616028
360,14078,,,1.1622490882873535,0.3895978331565857,,
361,14117,,,,,0.6612775921821594,0.4098713994026184
361,14117,,,1.1252964735031128,0.4865690767765045,,
362,14156,,,,,0.6636082530021667,0.41019758582115173
362,14156,,,1.1421160697937012,0.4325414299964905,,
363,14195,,,,,0.6646186709403992,0.41071006655693054
363,14195,,,1.1661055088043213,0.4354340136051178,,
364,14234,,,,,0.6626091599464417,0.4106944799423218
364,14234,,,1.1327283382415771,0.41041243076324463,,
365,14273,,,,,0.6569324731826782,0.4096980094909668
365,14273,,,1.1251977682113647,0.40435144305229187,,
366,14312,,,,,0.6578798890113831,0.4098697006702423
366,14312,,,1.129092812538147,0.4569907486438751,,
367,14351,,,,,0.6593387126922607,0.41017818450927734
367,14351,,,1.1081708669662476,0.4427452087402344,,
368,14390,,,,,0.6607825756072998,0.4102604389190674
368,14390,,,1.1435359716415405,0.44663840532302856,,
369,14429,,,,,0.6607762575149536,0.4105913043022156
369,14429,,,1.136292815208435,0.45053336024284363,,
370,14468,,,,,0.6634947657585144,0.41119179129600525
370,14468,,,1.1177560091018677,0.41868856549263,,
371,14507,,,,,0.6594870090484619,0.4111497104167938
371,14507,,,1.1273289918899536,0.4442555010318756,,
372,14546,,,,,0.6590332388877869,0.4112706184387207
372,14546,,,1.1598402261734009,0.43265053629875183,,
373,14585,,,,,0.6529373526573181,0.41087374091148376
373,14585,,,1.1336029767990112,0.42336052656173706,,
374,14624,,,,,0.6581376194953918,0.4114380180835724
374,14624,,,1.1425058841705322,0.45935529470443726,,
375,14663,,,,,0.6615316271781921,0.4123435616493225
375,14663,,,1.16097891330719,0.46037575602531433,,
376,14702,,,,,0.6620579957962036,0.4131534695625305
376,14702,,,1.1357417106628418,0.43020865321159363,,
377,14741,,,,,0.6621447801589966,0.41337651014328003
377,14741,,,1.173564076423645,0.41672685742378235,,
378,14780,,,,,0.6573665738105774,0.4128868877887726
378,14780,,,1.1399058103561401,0.40672633051872253,,
379,14819,,,,,0.657646119594574,0.41316601634025574
379,14819,,,1.1259602308273315,0.4732617139816284,,
380,14858,,,,,0.6599600911140442,0.413919061422348
380,14858,,,1.1405740976333618,0.40704694390296936,,
381,14897,,,,,0.6562297940254211,0.41331204771995544
381,14897,,,1.1637390851974487,0.41363760828971863,,
382,14936,,,,,0.6586427092552185,0.4136539101600647
382,14936,,,1.1479952335357666,0.4510728418827057,,
383,14975,,,,,0.6617852449417114,0.4142259657382965
383,14975,,,1.1276135444641113,0.4482184648513794,,
384,15014,,,,,0.6610956788063049,0.4152209162712097
384,15014,,,1.1436035633087158,0.46201032400131226,,
385,15053,,,,,0.6570038199424744,0.41521140933036804
385,15053,,,1.139066219329834,0.4576168656349182,,
386,15092,,,,,0.6567142009735107,0.41472041606903076
386,15092,,,1.1511281728744507,0.44801515340805054,,
387,15131,,,,,0.6545844674110413,0.4147317409515381
387,15131,,,1.1328301429748535,0.46233734488487244,,
388,15170,,,,,0.6567826271057129,0.4148215651512146
388,15170,,,1.1435514688491821,0.4491153657436371,,
389,15209,,,,,0.6626054048538208,0.4158414900302887
389,15209,,,1.172500729560852,0.4377387464046478,,
390,15248,,,,,0.6622851490974426,0.41638240218162537
390,15248,,,1.1344693899154663,0.45262590050697327,,
391,15287,,,,,0.663375735282898,0.41666868329048157
391,15287,,,1.1381593942642212,0.4752523601055145,,
392,15326,,,,,0.6619023680686951,0.4168476462364197
392,15326,,,1.1644095182418823,0.40344876050949097,,
393,15365,,,,,0.6604235768318176,0.4174070358276367
393,15365,,,1.1261053085327148,0.42030441761016846,,
394,15404,,,,,0.6584920883178711,0.41769400238990784
394,15404,,,1.1378391981124878,0.46078458428382874,,
395,15443,,,,,0.656423807144165,0.41758495569229126
395,15443,,,1.1600316762924194,0.4486158788204193,,
396,15482,,,,,0.6573759913444519,0.4175359904766083
396,15482,,,1.115296721458435,0.45118409395217896,,
397,15521,,,,,0.6587637662887573,0.4174427390098572
397,15521,,,1.094821810722351,0.45616239309310913,,
398,15560,,,,,0.6577824354171753,0.41697782278060913
398,15560,,,1.13008713722229,0.4632926285266876,,
399,15599,,,,,0.6581991910934448,0.4172652065753937
399,15599,,,1.1369292736053467,0.45880523324012756,,
400,15638,,,,,0.6589348912239075,0.41758960485458374
400,15638,,,1.0925580263137817,0.4814547598361969,,
401,15677,,,,,0.6607121825218201,0.41816627979278564
401,15677,,,1.1326528787612915,0.4507754445075989,,
402,15716,,,,,0.6581214666366577,0.4172033667564392
402,15716,,,1.1549590826034546,0.4272644817829132,,
403,15755,,,,,0.660153329372406,0.41762006282806396
403,15755,,,1.1435412168502808,0.42373114824295044,,
404,15794,,,,,0.6566084027290344,0.4177522659301758
404,15794,,,1.1412595510482788,0.43684685230255127,,
405,15833,,,,,0.6571972370147705,0.4177855849266052
405,15833,,,1.1530156135559082,0.40440627932548523,,
406,15872,,,,,0.6505466103553772,0.4178943336009979
406,15872,,,1.124370813369751,0.41372373700141907,,
407,15911,,,,,0.6517142057418823,0.4184146225452423
407,15911,,,1.1502151489257812,0.47121796011924744,,
408,15950,,,,,0.6509894728660583,0.41871511936187744
408,15950,,,1.1239584684371948,0.440888911485672,,
409,15989,,,,,0.6541658639907837,0.419692724943161
409,15989,,,1.1360665559768677,0.4637773334980011,,
410,16028,,,,,0.6535012125968933,0.4197787344455719
410,16028,,,1.1179338693618774,0.44131818413734436,,
411,16067,,,,,0.6525364518165588,0.41984379291534424
411,16067,,,1.104716420173645,0.4695574939250946,,
412,16106,,,,,0.6549832820892334,0.420174241065979
412,16106,,,1.1270281076431274,0.4423578679561615,,
413,16145,,,,,0.6519632935523987,0.4198886454105377
413,16145,,,1.128766655921936,0.46849748492240906,,
414,16184,,,,,0.648853600025177,0.4190673232078552
414,16184,,,1.1435267925262451,0.4310746192932129,,
415,16223,,,,,0.6498458981513977,0.41921526193618774
415,16223,,,1.155829668045044,0.4150797426700592,,
416,16262,,,,,0.6521686315536499,0.4196802079677582
416,16262,,,1.121347427368164,0.45125702023506165,,
417,16301,,,,,0.6482129693031311,0.4192259609699249
417,16301,,,1.122194528579712,0.47240349650382996,,
418,16340,,,,,0.6529431939125061,0.4199558198451996
418,16340,,,1.128308653831482,0.48398271203041077,,
419,16379,,,,,0.6562726497650146,0.4205205738544464
419,16379,,,1.106596827507019,0.46902045607566833,,
420,16418,,,,,0.6572614908218384,0.4202723205089569
420,16418,,,1.1100900173187256,0.427854061126709,,
421,16457,,,,,0.6560069918632507,0.4202841818332672
421,16457,,,1.1079496145248413,0.45307889580726624,,
422,16496,,,,,0.6521465182304382,0.4196220338344574
422,16496,,,1.1603096723556519,0.42964261770248413,,
423,16535,,,,,0.6532343626022339,0.42029324173927307
423,16535,,,1.1619820594787598,0.4517347812652588,,
424,16574,,,,,0.6525869369506836,0.4209384322166443
424,16574,,,1.145362377166748,0.4090680778026581,,
425,16613,,,,,0.6533787846565247,0.4213941693305969
425,16613,,,1.1572331190109253,0.45441293716430664,,
426,16652,,,,,0.6497827172279358,0.42057397961616516
426,16652,,,1.1455086469650269,0.4085555374622345,,
427,16691,,,,,0.6527482271194458,0.42118585109710693
427,16691,,,1.1170272827148438,0.46655982732772827,,
428,16730,,,,,0.6515824794769287,0.42067819833755493
428,16730,,,1.1572978496551514,0.45250990986824036,,
429,16769,,,,,0.6512592434883118,0.4206100106239319
429,16769,,,1.1417582035064697,0.4552495777606964,,
430,16808,,,,,0.6530436277389526,0.4207996129989624
430,16808,,,1.1601022481918335,0.46653836965560913,,
431,16847,,,,,0.6505504846572876,0.42022013664245605
431,16847,,,1.150040626525879,0.4461438059806824,,
432,16886,,,,,0.6513171792030334,0.4199312627315521
432,16886,,,1.1545286178588867,0.4222547709941864,,
433,16925,,,,,0.6490524411201477,0.42001619935035706
433,16925,,,1.1238155364990234,0.42003312706947327,,
434,16964,,,,,0.6545521020889282,0.4203175902366638
434,16964,,,1.136439323425293,0.4618714153766632,,
435,17003,,,,,0.6559494137763977,0.42105963826179504
435,17003,,,1.1337136030197144,0.4577242434024811,,
436,17042,,,,,0.6551012992858887,0.4216190278530121
436,17042,,,1.1494808197021484,0.4614604115486145,,
437,17081,,,,,0.6542510390281677,0.42179015278816223
437,17081,,,1.1403473615646362,0.43191346526145935,,
438,17120,,,,,0.6504377126693726,0.4216170907020569
438,17120,,,1.1391069889068604,0.4571210443973541,,
439,17159,,,,,0.6526750326156616,0.422050416469574
439,17159,,,1.1467043161392212,0.45892176032066345,,
440,17198,,,,,0.6515436768531799,0.4219711124897003
440,17198,,,1.112568736076355,0.4393218457698822,,
441,17237,,,,,0.652821958065033,0.42274317145347595
441,17237,,,1.1489942073822021,0.4582309126853943,,
442,17276,,,,,0.6532042026519775,0.4229544997215271
442,17276,,,1.1599994897842407,0.42309385538101196,,
443,17315,,,,,0.6511296033859253,0.42302578687667847
443,17315,,,1.138458490371704,0.4566107988357544,,
444,17354,,,,,0.6534152626991272,0.4236942231655121
444,17354,,,1.1551849842071533,0.4600839912891388,,
445,17393,,,,,0.6530244946479797,0.42402616143226624
445,17393,,,1.1120346784591675,0.4576264023780823,,
446,17432,,,,,0.6510480046272278,0.4240548610687256
446,17432,,,1.15255868434906,0.4311869740486145,,
447,17471,,,,,0.6499594449996948,0.4249589741230011
447,17471,,,1.1500059366226196,0.4059985280036926,,
448,17510,,,,,0.6437051296234131,0.42424508929252625
448,17510,,,1.1608914136886597,0.4364323318004608,,
449,17549,,,,,0.6450594663619995,0.42436090111732483
449,17549,,,1.129093050956726,0.4498338997364044,,
450,17588,,,,,0.6449607014656067,0.42464348673820496
450,17588,,,1.1769999265670776,0.4349137246608734,,
451,17627,,,,,0.6434851288795471,0.4246584475040436
451,17627,,,1.1212173700332642,0.47036507725715637,,
452,17666,,,,,0.6419154405593872,0.42484477162361145
452,17666,,,1.1422171592712402,0.4559055268764496,,
453,17705,,,,,0.6436658501625061,0.42660099267959595
453,17705,,,1.0904057025909424,0.46242135763168335,,
454,17744,,,,,0.6438626646995544,0.4263211786746979
454,17744,,,1.120001196861267,0.4910339415073395,,
455,17783,,,,,0.6450705528259277,0.42593151330947876
455,17783,,,1.1867427825927734,0.4415438175201416,,
456,17822,,,,,0.6461731195449829,0.42572450637817383
456,17822,,,1.1391538381576538,0.4721700847148895,,
457,17861,,,,,0.6469662189483643,0.4259360134601593
457,17861,,,1.1298575401306152,0.4547406733036041,,
458,17900,,,,,0.6460939049720764,0.4258333146572113
458,17900,,,1.1492656469345093,0.4491432309150696,,
459,17939,,,,,0.6475560069084167,0.4263746440410614
459,17939,,,1.131366491317749,0.4547841548919678,,
460,17978,,,,,0.6489942073822021,0.42689719796180725
460,17978,,,1.11690092086792,0.4622379243373871,,
461,18017,,,,,0.6493469476699829,0.42751258611679077
461,18017,,,1.1339772939682007,0.4764997065067291,,
462,18056,,,,,0.6460334062576294,0.42762577533721924
462,18056,,,1.1396801471710205,0.4323731064796448,,
463,18095,,,,,0.644137442111969,0.4271374046802521
463,18095,,,1.134278655052185,0.460176557302475,,
464,18134,,,,,0.6462010145187378,0.4276770055294037
464,18134,,,1.1223009824752808,0.44372978806495667,,
465,18173,,,,,0.6465965509414673,0.42788270115852356
465,18173,,,1.1168292760849,0.4861862063407898,,
466,18212,,,,,0.6475012898445129,0.428311824798584
466,18212,,,1.1266160011291504,0.46256113052368164,,
467,18251,,,,,0.6453091502189636,0.4279245138168335
467,18251,,,1.1351854801177979,0.47073671221733093,,
468,18290,,,,,0.6425401568412781,0.42746955156326294
468,18290,,,1.118499994277954,0.4656524658203125,,
469,18329,,,,,0.6446636319160461,0.42825382947921753
469,18329,,,1.1163127422332764,0.43071243166923523,,
470,18368,,,,,0.6457846760749817,0.4290645122528076
470,18368,,,1.1131260395050049,0.4513361155986786,,
471,18407,,,,,0.6458310484886169,0.42867934703826904
471,18407,,,1.1312676668167114,0.42860671877861023,,
472,18446,,,,,0.6454653739929199,0.4284161627292633
472,18446,,,1.115548014640808,0.473675012588501,,
473,18485,,,,,0.6436532735824585,0.42765915393829346
473,18485,,,1.1421741247177124,0.43168607354164124,,
474,18524,,,,,0.6414973139762878,0.42783278226852417
474,18524,,,1.13014554977417,0.4776773154735565,,
475,18563,,,,,0.6407425999641418,0.42842698097229004
475,18563,,,1.154309630393982,0.446065217256546,,
476,18602,,,,,0.6427713632583618,0.4289941191673279
476,18602,,,1.1040136814117432,0.4697771370410919,,
477,18641,,,,,0.6417977809906006,0.4284611642360687
477,18641,,,1.1824485063552856,0.4566371738910675,,
478,18680,,,,,0.6423079967498779,0.4283686876296997
478,18680,,,1.117132306098938,0.44374632835388184,,
479,18719,,,,,0.6464322209358215,0.42949584126472473
479,18719,,,1.1329171657562256,0.4690530598163605,,
480,18758,,,,,0.6473206281661987,0.42963260412216187
480,18758,,,1.1314290761947632,0.4651838541030884,,
481,18797,,,,,0.6471659541130066,0.4297710657119751
481,18797,,,1.1477816104888916,0.43077149987220764,,
482,18836,,,,,0.6462525129318237,0.42954471707344055
482,18836,,,1.1254178285598755,0.46655288338661194,,
483,18875,,,,,0.6485945582389832,0.43043580651283264
483,18875,,,1.1274467706680298,0.46687889099121094,,
484,18914,,,,,0.6438581347465515,0.43000951409339905
484,18914,,,1.1188734769821167,0.4553479850292206,,
485,18953,,,,,0.6452476382255554,0.4295872747898102
485,18953,,,1.1368533372879028,0.47806793451309204,,
486,18992,,,,,0.6462634205818176,0.4289006292819977
486,18992,,,1.1648279428482056,0.43528860807418823,,
487,19031,,,,,0.6464537382125854,0.4287533164024353
487,19031,,,1.1404019594192505,0.42720550298690796,,
488,19070,,,,,0.6423606872558594,0.42754867672920227
488,19070,,,1.1252154111862183,0.4753212034702301,,
489,19109,,,,,0.6460843086242676,0.42779767513275146
489,19109,,,1.141719102859497,0.4414787292480469,,
490,19148,,,,,0.6458176374435425,0.4274989366531372
490,19148,,,1.1396564245224,0.46570998430252075,,
491,19187,,,,,0.6448981761932373,0.42720791697502136
491,19187,,,1.1349307298660278,0.4156975746154785,,
492,19226,,,,,0.6444336771965027,0.42687687277793884
492,19226,,,1.1460051536560059,0.43318870663642883,,
493,19265,,,,,0.6464678049087524,0.42763763666152954
493,19265,,,1.1293926239013672,0.48957139253616333,,
494,19304,,,,,0.6491996645927429,0.428337037563324
494,19304,,,1.1209750175476074,0.4439387321472168,,
495,19343,,,,,0.6478028893470764,0.42878928780555725
495,19343,,,1.1441045999526978,0.4766661822795868,,
496,19382,,,,,0.6462796330451965,0.4293329417705536
496,19382,,,1.1206263303756714,0.467334508895874,,
497,19421,,,,,0.645028829574585,0.4299851059913635
497,19421,,,1.1350653171539307,0.437214732170105,,
498,19460,,,,,0.6434218883514404,0.4295288324356079
498,19460,,,1.162853479385376,0.43969297409057617,,
499,19499,,,,,0.6408964395523071,0.42931345105171204
499,19499,,,1.16371488571167,0.42156195640563965,,
500,19538,,,,,0.6400038003921509,0.42969927191734314
500,19538,,,1.1452456712722778,0.4259963035583496,,
501,19577,,,,,0.6384521126747131,0.4289393126964569
501,19577,,,1.1098419427871704,0.4326055347919464,,
502,19616,,,,,0.6420746445655823,0.4290149509906769
502,19616,,,1.1576279401779175,0.47670114040374756,,
503,19655,,,,,0.6452062129974365,0.42940202355384827
503,19655,,,1.1231025457382202,0.46352419257164,,
504,19694,,,,,0.6429346203804016,0.4292445182800293
504,19694,,,1.0962960720062256,0.5004004240036011,,
505,19733,,,,,0.6442545652389526,0.42952319979667664
505,19733,,,1.131975531578064,0.4730673134326935,,
506,19772,,,,,0.6402745842933655,0.429282546043396
506,19772,,,1.1375148296356201,0.4421267509460449,,
507,19811,,,,,0.6414969563484192,0.42981889843940735
507,19811,,,1.1029402017593384,0.493563711643219,,
508,19850,,,,,0.6409685015678406,0.42975348234176636
508,19850,,,1.1578885316848755,0.4400266110897064,,
509,19889,,,,,0.6395674347877502,0.4295652508735657
509,19889,,,1.1085305213928223,0.501991331577301,,
510,19928,,,,,0.6400521993637085,0.4294767677783966
510,19928,,,1.1289119720458984,0.46479490399360657,,
511,19967,,,,,0.6376579999923706,0.4291212558746338
511,19967,,,1.1426279544830322,0.40083006024360657,,
512,20006,,,,,0.6399849057197571,0.42963293194770813
512,20006,,,1.1510472297668457,0.4316357970237732,,
513,20045,,,,,0.640720784664154,0.4297936260700226
513,20045,,,1.130418062210083,0.4703952670097351,,
514,20084,,,,,0.6406953930854797,0.4301658868789673
514,20084,,,1.0941284894943237,0.44429847598075867,,
515,20123,,,,,0.6386584639549255,0.43020468950271606
515,20123,,,1.1419243812561035,0.4702928066253662,,
516,20162,,,,,0.6376376748085022,0.4300183355808258
516,20162,,,1.1130411624908447,0.4883352816104889,,
517,20201,,,,,0.6388583183288574,0.4306724965572357
517,20201,,,1.119782567024231,0.48791199922561646,,
518,20240,,,,,0.638965904712677,0.43065792322158813
518,20240,,,1.1488585472106934,0.44709014892578125,,
519,20279,,,,,0.6392305493354797,0.4305342733860016
519,20279,,,1.1452789306640625,0.438262939453125,,
520,20318,,,,,0.6386629343032837,0.4297124445438385
520,20318,,,1.1469943523406982,0.42499205470085144,,
521,20357,,,,,0.6370852589607239,0.43045011162757874
521,20357,,,1.1688183546066284,0.4519045352935791,,
522,20396,,,,,0.6389612555503845,0.4313637614250183
522,20396,,,1.1373920440673828,0.5065063834190369,,
523,20435,,,,,0.6413959264755249,0.432053804397583
523,20435,,,1.1141437292099,0.42271164059638977,,
524,20474,,,,,0.6383455395698547,0.4322381019592285
524,20474,,,1.1133486032485962,0.4765119254589081,,
525,20513,,,,,0.6386836171150208,0.4325115382671356
525,20513,,,1.1458951234817505,0.4204733371734619,,
526,20552,,,,,0.6412484049797058,0.43254825472831726
526,20552,,,1.126322627067566,0.4648657441139221,,
527,20591,,,,,0.6399919986724854,0.4325764775276184
527,20591,,,1.141300916671753,0.4511130452156067,,
528,20630,,,,,0.6388013362884521,0.4329650104045868
528,20630,,,1.114717721939087,0.46681174635887146,,
529,20669,,,,,0.6419547200202942,0.4337771236896515
529,20669,,,1.1130478382110596,0.47958624362945557,,
530,20708,,,,,0.643742024898529,0.43389421701431274
530,20708,,,1.1162022352218628,0.4827660918235779,,
531,20747,,,,,0.6460164189338684,0.4341031610965729
531,20747,,,1.1079144477844238,0.4713437855243683,,
532,20786,,,,,0.6461555361747742,0.43387240171432495
532,20786,,,1.1102869510650635,0.5020683407783508,,
533,20825,,,,,0.6429010629653931,0.4341055750846863
533,20825,,,1.1339735984802246,0.48166364431381226,,
534,20864,,,,,0.642978847026825,0.4341604709625244
534,20864,,,1.1329572200775146,0.44668999314308167,,
535,20903,,,,,0.6412109136581421,0.4344320595264435
535,20903,,,1.1273610591888428,0.41257017850875854,,
536,20942,,,,,0.6405146718025208,0.43435344099998474
536,20942,,,1.1104514598846436,0.45341208577156067,,
537,20981,,,,,0.6395690441131592,0.4336821436882019
537,20981,,,1.1104596853256226,0.43890783190727234,,
538,21020,,,,,0.6376566886901855,0.43335968255996704
538,21020,,,1.09302818775177,0.453321248292923,,
539,21059,,,,,0.6386355757713318,0.43343955278396606
539,21059,,,1.1413733959197998,0.4564400613307953,,
540,21098,,,,,0.6398818492889404,0.4336308240890503
540,21098,,,1.1239229440689087,0.4774136245250702,,
541,21137,,,,,0.6412554383277893,0.4336814284324646
541,21137,,,1.1169391870498657,0.4732007384300232,,
542,21176,,,,,0.6421084403991699,0.4338492453098297
542,21176,,,1.0869600772857666,0.49546074867248535,,
543,21215,,,,,0.6415913701057434,0.434673547744751
543,21215,,,1.126768946647644,0.4682239592075348,,
544,21254,,,,,0.6441966891288757,0.43500837683677673
544,21254,,,1.1164567470550537,0.490456759929657,,
545,21293,,,,,0.6465837955474854,0.43511244654655457
545,21293,,,1.1141493320465088,0.5021493434906006,,
546,21332,,,,,0.6451239585876465,0.43480175733566284
546,21332,,,1.1177918910980225,0.47223418951034546,,
547,21371,,,,,0.6435428261756897,0.4345206618309021
547,21371,,,1.130981683731079,0.44279319047927856,,
548,21410,,,,,0.6483310461044312,0.4353907108306885
548,21410,,,1.141580581665039,0.46760353446006775,,
549,21449,,,,,0.6458813548088074,0.43566182255744934
549,21449,,,1.1166220903396606,0.46586981415748596,,
550,21488,,,,,0.6443120241165161,0.4354565441608429
550,21488,,,1.1086087226867676,0.516183614730835,,
551,21527,,,,,0.6407789587974548,0.4358255863189697
551,21527,,,1.1566636562347412,0.46606993675231934,,
552,21566,,,,,0.637482762336731,0.4361221194267273
552,21566,,,1.1461966037750244,0.43697389960289,,
553,21605,,,,,0.638317883014679,0.43658480048179626
553,21605,,,1.121349573135376,0.4835154116153717,,
554,21644,,,,,0.6383712887763977,0.4358392357826233
554,21644,,,1.1226755380630493,0.4382314383983612,,
555,21683,,,,,0.6397748589515686,0.4358551502227783
555,21683,,,1.1273914575576782,0.468016654253006,,
556,21722,,,,,0.6396538615226746,0.43636003136634827
556,21722,,,1.0840251445770264,0.5159812569618225,,
557,21761,,,,,0.6416882276535034,0.4369707703590393
557,21761,,,1.1264066696166992,0.46757858991622925,,
558,21800,,,,,0.6374715566635132,0.4366277754306793
558,21800,,,1.1245070695877075,0.4392523169517517,,
559,21839,,,,,0.6374338269233704,0.436885267496109
559,21839,,,1.1108468770980835,0.4753507077693939,,
560,21878,,,,,0.639157235622406,0.4372793734073639
560,21878,,,1.119600772857666,0.48545509576797485,,
561,21917,,,,,0.6410083174705505,0.43781906366348267
561,21917,,,1.1714155673980713,0.4454737901687622,,
562,21956,,,,,0.6452779173851013,0.4382076859474182
562,21956,,,1.1082258224487305,0.5114523768424988,,
563,21995,,,,,0.6408863663673401,0.4377340078353882
563,21995,,,1.1389027833938599,0.43383514881134033,,
564,22034,,,,,0.638520359992981,0.43678948283195496
564,22034,,,1.1489136219024658,0.4613860249519348,,
565,22073,,,,,0.6389355659484863,0.4375585913658142
565,22073,,,1.1586849689483643,0.4713902473449707,,
566,22112,,,,,0.6377952694892883,0.4371885657310486
566,22112,,,1.1488107442855835,0.4424169063568115,,
567,22151,,,,,0.6353222727775574,0.4366539716720581
567,22151,,,1.103986144065857,0.4507583677768707,,
568,22190,,,,,0.6372880339622498,0.4372522234916687
568,22190,,,1.0972952842712402,0.4688699543476105,,
569,22229,,,,,0.6332160830497742,0.43621569871902466
569,22229,,,1.1487975120544434,0.4626323878765106,,
570,22268,,,,,0.6342700719833374,0.4370308518409729
570,22268,,,1.1087522506713867,0.45840543508529663,,
571,22307,,,,,0.6333341598510742,0.43721291422843933
571,22307,,,1.1358596086502075,0.4490639269351959,,
572,22346,,,,,0.635486900806427,0.4368712306022644
572,22346,,,1.1194957494735718,0.4802381992340088,,
573,22385,,,,,0.633019208908081,0.4365096390247345
573,22385,,,1.1336839199066162,0.48267996311187744,,
574,22424,,,,,0.6324059367179871,0.43607527017593384
574,22424,,,1.085059404373169,0.46771788597106934,,
575,22463,,,,,0.6326769590377808,0.4359149932861328
575,22463,,,1.1335724592208862,0.4303848147392273,,
576,22502,,,,,0.6321066617965698,0.43513616919517517
576,22502,,,1.0999234914779663,0.5157097578048706,,
577,22541,,,,,0.6352105140686035,0.43529120087623596
577,22541,,,1.151423454284668,0.44236236810684204,,
578,22580,,,,,0.638750433921814,0.4366036057472229
578,22580,,,1.100229024887085,0.4608074724674225,,
579,22619,,,,,0.636217474937439,0.4365839660167694
579,22619,,,1.101929783821106,0.4546436369419098,,
580,22658,,,,,0.633301854133606,0.4360336661338806
580,22658,,,1.13002347946167,0.42284178733825684,,
581,22697,,,,,0.6314893364906311,0.4357025921344757
581,22697,,,1.110872507095337,0.45428717136383057,,
582,22736,,,,,0.6320245862007141,0.4361972510814667
582,22736,,,1.1494696140289307,0.46256187558174133,,
583,22775,,,,,0.6311284899711609,0.436014324426651
583,22775,,,1.152901530265808,0.43310874700546265,,
584,22814,,,,,0.6318148970603943,0.4358634054660797
584,22814,,,1.153493881225586,0.4775875210762024,,
585,22853,,,,,0.6326519250869751,0.4358879327774048
585,22853,,,1.1094880104064941,0.4437280297279358,,
586,22892,,,,,0.6332882046699524,0.43608373403549194
586,22892,,,1.1096640825271606,0.4681643545627594,,
587,22931,,,,,0.6319149732589722,0.43529850244522095
587,22931,,,1.1254884004592896,0.4599871039390564,,
588,22970,,,,,0.633224606513977,0.43588170409202576
588,22970,,,1.11561119556427,0.44922468066215515,,
589,23009,,,,,0.6339728236198425,0.4362896978855133
589,23009,,,1.1118321418762207,0.4560369849205017,,
590,23048,,,,,0.6341540217399597,0.4366612136363983
590,23048,,,1.1161547899246216,0.4606052339076996,,
591,23087,,,,,0.6371455192565918,0.43693751096725464
591,23087,,,1.0929920673370361,0.5162672996520996,,
592,23126,,,,,0.6339564323425293,0.43662673234939575
592,23126,,,1.0820598602294922,0.49244195222854614,,
593,23165,,,,,0.6337928771972656,0.4364473819732666
593,23165,,,1.0867491960525513,0.4783962070941925,,
594,23204,,,,,0.6357192993164062,0.43699565529823303
594,23204,,,1.1008840799331665,0.4488477408885956,,
595,23243,,,,,0.6363282203674316,0.4370580017566681
595,23243,,,1.1331238746643066,0.48770856857299805,,
596,23282,,,,,0.6358454823493958,0.4368232786655426
596,23282,,,1.1130499839782715,0.44682130217552185,,
597,23321,,,,,0.6355833411216736,0.4366750717163086
597,23321,,,1.1679892539978027,0.4327220320701599,,
598,23360,,,,,0.6352697014808655,0.4367937445640564
598,23360,,,1.1538124084472656,0.4455346465110779,,
599,23399,,,,,0.6348429322242737,0.4363076388835907
599,23399,,,1.1038793325424194,0.4661882221698761,,
600,23438,,,,,0.6355106234550476,0.4363690912723541
600,23438,,,1.1061930656433105,0.4755449593067169,,
601,23477,,,,,0.6341886520385742,0.4365138113498688
601,23477,,,1.12734854221344,0.4464981257915497,,
602,23516,,,,,0.6379960179328918,0.4374333918094635
602,23516,,,1.118451714515686,0.46093153953552246,,
603,23555,,,,,0.6387256383895874,0.4367670714855194
603,23555,,,1.1072320938110352,0.4783990681171417,,
604,23594,,,,,0.6375877857208252,0.43693190813064575
604,23594,,,1.139286994934082,0.4767659604549408,,
605,23633,,,,,0.6388623714447021,0.43662548065185547
605,23633,,,1.1184529066085815,0.46392783522605896,,
606,23672,,,,,0.6364426016807556,0.4356754720211029
606,23672,,,1.1192450523376465,0.5009812712669373,,
607,23711,,,,,0.6383222937583923,0.436330109834671
607,23711,,,1.1276051998138428,0.4661904275417328,,
608,23750,,,,,0.6360533833503723,0.4358292520046234
608,23750,,,1.1347509622573853,0.4539870619773865,,
609,23789,,,,,0.6355333924293518,0.4360591173171997
609,23789,,,1.1178046464920044,0.4735860228538513,,
610,23828,,,,,0.6351373791694641,0.4363752007484436
610,23828,,,1.1200205087661743,0.4446820914745331,,
611,23867,,,,,0.6348188519477844,0.4366662800312042
611,23867,,,1.1030809879302979,0.49406394362449646,,
612,23906,,,,,0.6334444880485535,0.43663743138313293
612,23906,,,1.119781732559204,0.4484318494796753,,
613,23945,,,,,0.6376691460609436,0.43721210956573486
613,23945,,,1.1527577638626099,0.49620485305786133,,
614,23984,,,,,0.6402750611305237,0.43780985474586487
614,23984,,,1.1490389108657837,0.485939085483551,,
615,24023,,,,,0.6392533779144287,0.43795841932296753
615,24023,,,1.12809157371521,0.46253615617752075,,
616,24062,,,,,0.6375570297241211,0.4381604790687561
616,24062,,,1.1280810832977295,0.46683013439178467,,
617,24101,,,,,0.6406779885292053,0.43854886293411255
617,24101,,,1.117569923400879,0.46054571866989136,,
618,24140,,,,,0.6408658027648926,0.4385049641132355
618,24140,,,1.167938470840454,0.4496118724346161,,
619,24179,,,,,0.6374861598014832,0.43792909383773804
619,24179,,,1.1386960744857788,0.4329153299331665,,
620,24218,,,,,0.6376413106918335,0.43784016370773315
620,24218,,,1.0973776578903198,0.4778044819831848,,
621,24257,,,,,0.6367655396461487,0.43793922662734985
621,24257,,,1.0936402082443237,0.48822295665740967,,
622,24296,,,,,0.6370220184326172,0.4379073977470398
622,24296,,,1.1230885982513428,0.5019723176956177,,
623,24335,,,,,0.6377336978912354,0.4377461373806
623,24335,,,1.1382390260696411,0.464578777551651,,
624,24374,,,,,0.6356379389762878,0.43753257393836975
624,24374,,,1.1226195096969604,0.45479682087898254,,
625,24413,,,,,0.6381649971008301,0.43769681453704834
625,24413,,,1.1245031356811523,0.4818376302719116,,
626,24452,,,,,0.6380534172058105,0.4380311071872711
626,24452,,,1.1485248804092407,0.4689082205295563,,
627,24491,,,,,0.6348355412483215,0.4383452832698822
627,24491,,,1.139171838760376,0.47628167271614075,,
628,24530,,,,,0.6348444223403931,0.43889737129211426
628,24530,,,1.143507957458496,0.4951130449771881,,
629,24569,,,,,0.6340709924697876,0.4391113817691803
629,24569,,,1.1299479007720947,0.5268722772598267,,
630,24608,,,,,0.6358688473701477,0.4392436742782593
630,24608,,,1.1415600776672363,0.4835507273674011,,
631,24647,,,,,0.6350324749946594,0.4395245313644409
631,24647,,,1.144639015197754,0.4395636022090912,,
632,24686,,,,,0.6362231969833374,0.4397564232349396
632,24686,,,1.1238555908203125,0.46761369705200195,,
633,24725,,,,,0.6324213147163391,0.44000259041786194
633,24725,,,1.1071938276290894,0.4482254981994629,,
634,24764,,,,,0.6306742429733276,0.43981772661209106
634,24764,,,1.1308746337890625,0.4731047749519348,,
635,24803,,,,,0.6303881406784058,0.4392697811126709
635,24803,,,1.0867892503738403,0.5004652738571167,,
636,24842,,,,,0.6292821168899536,0.4389897286891937
636,24842,,,1.1064481735229492,0.48278024792671204,,
637,24881,,,,,0.6321620345115662,0.4395252466201782
637,24881,,,1.1423943042755127,0.4613298177719116,,
638,24920,,,,,0.6330376863479614,0.4397243559360504
638,24920,,,1.1309398412704468,0.474852055311203,,
639,24959,,,,,0.6350709199905396,0.43959543108940125
639,24959,,,1.138218879699707,0.4777236878871918,,
640,24998,,,,,0.6364039182662964,0.4403369426727295
640,24998,,,1.1175286769866943,0.4824754297733307,,
641,25037,,,,,0.6369635462760925,0.4405864477157593
641,25037,,,1.1319358348846436,0.45802435278892517,,
642,25076,,,,,0.6362516283988953,0.4403059780597687
642,25076,,,1.1242562532424927,0.43970754742622375,,
643,25115,,,,,0.6351803541183472,0.4401775300502777
643,25115,,,1.107168436050415,0.479744017124176,,
644,25154,,,,,0.6357661485671997,0.4398772716522217
644,25154,,,1.1123063564300537,0.43989014625549316,,
645,25193,,,,,0.6363927125930786,0.4398839771747589
645,25193,,,1.1261545419692993,0.48412781953811646,,
646,25232,,,,,0.6372573971748352,0.43993663787841797
646,25232,,,1.1276321411132812,0.46219030022621155,,
647,25271,,,,,0.6364501714706421,0.44001924991607666
647,25271,,,1.1338531970977783,0.4640181064605713,,
648,25310,,,,,0.6342251300811768,0.440054327249527
648,25310,,,1.1378942728042603,0.44973745942115784,,
649,25349,,,,,0.6320016384124756,0.4394145905971527
649,25349,,,1.1106741428375244,0.5069009065628052,,
650,25388,,,,,0.6308870315551758,0.4388117790222168
650,25388,,,1.1064869165420532,0.4862615168094635,,
651,25427,,,,,0.6295654773712158,0.43790262937545776
651,25427,,,1.1281659603118896,0.44186925888061523,,
652,25466,,,,,0.6276611089706421,0.4373478889465332
652,25466,,,1.0799798965454102,0.49028295278549194,,
653,25505,,,,,0.628407895565033,0.4374419152736664
653,25505,,,1.1343084573745728,0.4284449815750122,,
654,25544,,,,,0.6295050978660583,0.4376886188983917
654,25544,,,1.1462050676345825,0.4626862406730652,,
655,25583,,,,,0.6298761367797852,0.43800342082977295
655,25583,,,1.1144139766693115,0.4520151615142822,,
656,25622,,,,,0.6308131217956543,0.43797507882118225
656,25622,,,1.1060621738433838,0.4322468340396881,,
657,25661,,,,,0.6308223009109497,0.4387460947036743
657,25661,,,1.0935982465744019,0.49024146795272827,,
658,25700,,,,,0.6329542398452759,0.43963536620140076
658,25700,,,1.1193487644195557,0.463593989610672,,
659,25739,,,,,0.6331717371940613,0.43947410583496094
659,25739,,,1.1355963945388794,0.44179731607437134,,
660,25778,,,,,0.6318377256393433,0.4395827651023865
660,25778,,,1.115949273109436,0.4563462734222412,,
661,25817,,,,,0.6299629807472229,0.43868666887283325
661,25817,,,1.1404396295547485,0.46198511123657227,,
662,25856,,,,,0.6308568120002747,0.4392358660697937
662,25856,,,1.0939089059829712,0.4878058433532715,,
663,25895,,,,,0.6311842203140259,0.4389391541481018
663,25895,,,1.103249192237854,0.5025794506072998,,
664,25934,,,,,0.6324199438095093,0.4391162395477295
664,25934,,,1.1265233755111694,0.47580215334892273,,
665,25973,,,,,0.6300333142280579,0.438694030046463
665,25973,,,1.1134461164474487,0.4709396958351135,,
666,26012,,,,,0.6293782591819763,0.4392445981502533
666,26012,,,1.143776535987854,0.46845749020576477,,
667,26051,,,,,0.6278460025787354,0.43944481015205383
667,26051,,,1.1337398290634155,0.44054847955703735,,
668,26090,,,,,0.6313296556472778,0.4392918348312378
668,26090,,,1.1073297262191772,0.5323516130447388,,
669,26129,,,,,0.6309506893157959,0.43941670656204224
669,26129,,,1.1027804613113403,0.4907000958919525,,
670,26168,,,,,0.6308386921882629,0.4397526979446411
670,26168,,,1.1352107524871826,0.4635513424873352,,
671,26207,,,,,0.6286951899528503,0.43980199098587036
671,26207,,,1.0881372690200806,0.475789338350296,,
672,26246,,,,,0.6274014711380005,0.4392232894897461
672,26246,,,1.1062897443771362,0.42525985836982727,,
673,26285,,,,,0.6293258666992188,0.4388938248157501
673,26285,,,1.1467077732086182,0.4470781087875366,,
674,26324,,,,,0.6276880502700806,0.43830394744873047
674,26324,,,1.0943106412887573,0.4923809766769409,,
675,26363,,,,,0.6264703869819641,0.43809303641319275
675,26363,,,1.1263689994812012,0.4667946398258209,,
676,26402,,,,,0.6287013292312622,0.43821901082992554
676,26402,,,1.0786411762237549,0.4655520021915436,,
677,26441,,,,,0.6274576187133789,0.43861138820648193
677,26441,,,1.1054829359054565,0.4975816309452057,,
678,26480,,,,,0.626872181892395,0.43866151571273804
678,26480,,,1.1151751279830933,0.454130619764328,,
679,26519,,,,,0.6288198232650757,0.43900421261787415
679,26519,,,1.1403888463974,0.46622803807258606,,
680,26558,,,,,0.6305498480796814,0.43894851207733154
680,26558,,,1.0791698694229126,0.46568769216537476,,
681,26597,,,,,0.631023108959198,0.4397823214530945
681,26597,,,1.1457608938217163,0.4401683807373047,,
682,26636,,,,,0.6287114024162292,0.43938642740249634
682,26636,,,1.1301586627960205,0.468036025762558,,
683,26675,,,,,0.6285309195518494,0.4394410252571106
683,26675,,,1.1298961639404297,0.4765050709247589,,
684,26714,,,,,0.6277876496315002,0.4392070174217224
684,26714,,,1.0913379192352295,0.49548712372779846,,
685,26753,,,,,0.6290339231491089,0.4389840066432953
685,26753,,,1.1270649433135986,0.4738347828388214,,
686,26792,,,,,0.6303297281265259,0.43874070048332214
686,26792,,,1.1292073726654053,0.43837815523147583,,
687,26831,,,,,0.6303269863128662,0.4382084012031555
687,26831,,,1.0946096181869507,0.48920226097106934,,
688,26870,,,,,0.6315349340438843,0.4386599361896515
688,26870,,,1.1104915142059326,0.4710119664669037,,
689,26909,,,,,0.6301514506340027,0.4387313723564148
689,26909,,,1.1586507558822632,0.46063703298568726,,
690,26948,,,,,0.6316524147987366,0.4396609961986542
690,26948,,,1.1037254333496094,0.4818115830421448,,
691,26987,,,,,0.62992262840271,0.439210444688797
691,26987,,,1.1051642894744873,0.4814905524253845,,
692,27026,,,,,0.6298189759254456,0.4390270709991455
692,27026,,,1.0816102027893066,0.46897920966148376,,
693,27065,,,,,0.6321606040000916,0.4400095045566559
693,27065,,,1.1551449298858643,0.4454701840877533,,
694,27104,,,,,0.635657548904419,0.44019585847854614
694,27104,,,1.133230209350586,0.48748475313186646,,
695,27143,,,,,0.6329870820045471,0.4402630925178528
695,27143,,,1.1109018325805664,0.48776352405548096,,
696,27182,,,,,0.6324714422225952,0.4401772916316986
696,27182,,,1.1295201778411865,0.4981893002986908,,
697,27221,,,,,0.6328622102737427,0.4407412111759186
697,27221,,,1.1384176015853882,0.43817296624183655,,
698,27260,,,,,0.6310510039329529,0.4400596022605896
698,27260,,,1.1204537153244019,0.41105347871780396,,
699,27299,,,,,0.6306769847869873,0.4405469596385956
699,27299,,,1.1093207597732544,0.47271910309791565,,
700,27338,,,,,0.6289615035057068,0.440838098526001
700,27338,,,1.1417852640151978,0.4414985775947571,,
701,27377,,,,,0.6278877258300781,0.4405933618545532
701,27377,,,1.1203058958053589,0.4812210202217102,,
702,27416,,,,,0.630254328250885,0.4415908455848694
702,27416,,,1.093005895614624,0.4799025058746338,,
703,27455,,,,,0.6302641034126282,0.44223955273628235
703,27455,,,1.1151959896087646,0.4687768518924713,,
704,27494,,,,,0.6296418905258179,0.4419213831424713
704,27494,,,1.1320164203643799,0.457836389541626,,
705,27533,,,,,0.6267191171646118,0.4420226216316223
705,27533,,,1.1144229173660278,0.45307397842407227,,
706,27572,,,,,0.6271644234657288,0.44162696599960327
706,27572,,,1.1014243364334106,0.4885309636592865,,
707,27611,,,,,0.6273543238639832,0.4421420991420746
707,27611,,,1.1231813430786133,0.4757293164730072,,
708,27650,,,,,0.6289957165718079,0.4426175653934479
708,27650,,,1.0748227834701538,0.4445134699344635,,
709,27689,,,,,0.6274368166923523,0.4425993263721466
709,27689,,,1.0865578651428223,0.4435447156429291,,
710,27728,,,,,0.627298891544342,0.442668080329895
710,27728,,,1.083733081817627,0.5058525800704956,,
711,27767,,,,,0.6255196332931519,0.4425536096096039
711,27767,,,1.1205555200576782,0.453767329454422,,
712,27806,,,,,0.6265637278556824,0.44216102361679077
712,27806,,,1.1139153242111206,0.4865317642688751,,
713,27845,,,,,0.6289889216423035,0.44176435470581055
713,27845,,,1.1531485319137573,0.48783811926841736,,
714,27884,,,,,0.6297815442085266,0.4422716796398163
714,27884,,,1.1057263612747192,0.482523113489151,,
715,27923,,,,,0.6302509903907776,0.4426927864551544
715,27923,,,1.1275898218154907,0.47893884778022766,,
716,27962,,,,,0.6306613087654114,0.4427996873855591
716,27962,,,1.0888497829437256,0.5073623061180115,,
717,28001,,,,,0.6291812658309937,0.4421025812625885
717,28001,,,1.1493843793869019,0.46610674262046814,,
718,28040,,,,,0.6278678178787231,0.4416491985321045
718,28040,,,1.1500166654586792,0.4540044963359833,,
719,28079,,,,,0.626934826374054,0.44196203351020813
719,28079,,,1.1032956838607788,0.49743521213531494,,
720,28118,,,,,0.6266121864318848,0.4423462450504303
720,28118,,,1.141396164894104,0.46352148056030273,,
721,28157,,,,,0.6251083612442017,0.4420318007469177
721,28157,,,1.0982085466384888,0.46848204731941223,,
722,28196,,,,,0.6267309188842773,0.44209033250808716
722,28196,,,1.0917057991027832,0.5075360536575317,,
723,28235,,,,,0.6267053484916687,0.44251012802124023
723,28235,,,1.165982723236084,0.47111251950263977,,
724,28274,,,,,0.6265872120857239,0.4423353374004364
724,28274,,,1.1252089738845825,0.47440454363822937,,
725,28313,,,,,0.6270845532417297,0.44221335649490356
725,28313,,,1.125617265701294,0.4651840031147003,,
726,28352,,,,,0.6253555417060852,0.4412728548049927
726,28352,,,1.1235672235488892,0.4700063467025757,,
727,28391,,,,,0.6274924278259277,0.4417235851287842
727,28391,,,1.118094801902771,0.46701347827911377,,
728,28430,,,,,0.627158522605896,0.4410136640071869
728,28430,,,1.1214747428894043,0.4612736403942108,,
729,28469,,,,,0.6261600255966187,0.4408966898918152
729,28469,,,1.1248154640197754,0.4336368441581726,,
730,28508,,,,,0.6251658797264099,0.44099801778793335
730,28508,,,1.1316686868667603,0.4411647617816925,,
731,28547,,,,,0.6238417029380798,0.440715491771698
731,28547,,,1.0959573984146118,0.4604571461677551,,
732,28586,,,,,0.6258096098899841,0.4414507746696472
732,28586,,,1.114139199256897,0.44691330194473267,,
733,28625,,,,,0.6300842761993408,0.4425922632217407
733,28625,,,1.1045156717300415,0.4803350865840912,,
734,28664,,,,,0.6308193802833557,0.44247663021087646
734,28664,,,1.0987699031829834,0.47950777411460876,,
735,28703,,,,,0.6302353143692017,0.44170159101486206
735,28703,,,1.132012128829956,0.4802175760269165,,
736,28742,,,,,0.628570020198822,0.4413791000843048
736,28742,,,1.1148072481155396,0.49076759815216064,,
737,28781,,,,,0.6301487684249878,0.44225725531578064
737,28781,,,1.156748652458191,0.44056496024131775,,
738,28820,,,,,0.6280091404914856,0.44175636768341064
738,28820,,,1.1515790224075317,0.46092888712882996,,
739,28859,,,,,0.6307663321495056,0.4417562186717987
739,28859,,,1.1388288736343384,0.4749489724636078,,
740,28898,,,,,0.6295061111450195,0.44121652841567993
740,28898,,,1.1101369857788086,0.4697449505329132,,
741,28937,,,,,0.6268046498298645,0.44056186079978943
741,28937,,,1.1419800519943237,0.4399482011795044,,
742,28976,,,,,0.6296044588088989,0.4404296875
742,28976,,,1.1021640300750732,0.48057126998901367,,
743,29015,,,,,0.6315022706985474,0.4403928220272064
743,29015,,,1.1392797231674194,0.46015191078186035,,
744,29054,,,,,0.63057541847229,0.43994179368019104
744,29054,,,1.1053578853607178,0.49265068769454956,,
745,29093,,,,,0.6313671469688416,0.4397190809249878
745,29093,,,1.141835331916809,0.4671613872051239,,
746,29132,,,,,0.6315836906433105,0.43921467661857605
746,29132,,,1.1111903190612793,0.458536297082901,,
747,29171,,,,,0.62944096326828,0.43799450993537903
747,29171,,,1.1579655408859253,0.4483892023563385,,
748,29210,,,,,0.6290897130966187,0.43813422322273254
748,29210,,,1.1276623010635376,0.4427964687347412,,
749,29249,,,,,0.6281375288963318,0.43818503618240356
749,29249,,,1.0781924724578857,0.5049670934677124,,
750,29288,,,,,0.6280643343925476,0.43753427267074585
750,29288,,,1.1292747259140015,0.441872775554657,,
751,29327,,,,,0.6283208727836609,0.43717411160469055
751,29327,,,1.1367443799972534,0.4677852690219879,,
752,29366,,,,,0.6287813782691956,0.4370291829109192
752,29366,,,1.1154776811599731,0.49128592014312744,,
753,29405,,,,,0.6276100277900696,0.4363810420036316
753,29405,,,1.0937122106552124,0.48650339245796204,,
754,29444,,,,,0.62711101770401,0.43614456057548523
754,29444,,,1.1534682512283325,0.45556387305259705,,
755,29483,,,,,0.626250684261322,0.43518808484077454
755,29483,,,1.1176602840423584,0.4379875361919403,,
756,29522,,,,,0.627672553062439,0.43540993332862854
756,29522,,,1.1277166604995728,0.47709763050079346,,
757,29561,,,,,0.6277841329574585,0.43559977412223816
757,29561,,,1.1499541997909546,0.4623059928417206,,
758,29600,,,,,0.6273021101951599,0.435427188873291
758,29600,,,1.115018606185913,0.4356759488582611,,
759,29639,,,,,0.6284102201461792,0.4350891709327698
759,29639,,,1.1265249252319336,0.4983671009540558,,
760,29678,,,,,0.631626546382904,0.43613582849502563
760,29678,,,1.1267750263214111,0.4825119972229004,,
761,29717,,,,,0.6321719884872437,0.4368904232978821
761,29717,,,1.1137585639953613,0.4917282164096832,,
762,29756,,,,,0.6307163834571838,0.4372901916503906
762,29756,,,1.1131324768066406,0.45943090319633484,,
763,29795,,,,,0.6299712061882019,0.4376806616783142
763,29795,,,1.108838438987732,0.47751519083976746,,
764,29834,,,,,0.6302692294120789,0.4382930099964142
764,29834,,,1.1127870082855225,0.4814164936542511,,
765,29873,,,,,0.630810022354126,0.4389028549194336
765,29873,,,1.0990588665008545,0.4881557524204254,,
766,29912,,,,,0.6299598217010498,0.43869638442993164
766,29912,,,1.1357375383377075,0.45652398467063904,,
767,29951,,,,,0.6288233995437622,0.43880751729011536
767,29951,,,1.1267757415771484,0.5038072466850281,,
768,29990,,,,,0.6288178563117981,0.4390365481376648
768,29990,,,1.1112862825393677,0.48214828968048096,,
769,30029,,,,,0.6294023990631104,0.43932363390922546
769,30029,,,1.0992960929870605,0.46608319878578186,,
770,30068,,,,,0.6299093961715698,0.43961101770401
770,30068,,,1.1607261896133423,0.47026628255844116,,
771,30107,,,,,0.6291691660881042,0.43968045711517334
771,30107,,,1.1346198320388794,0.4996376931667328,,
772,30146,,,,,0.6287248730659485,0.4400724768638611
772,30146,,,1.1340694427490234,0.4799270033836365,,
773,30185,,,,,0.6278316974639893,0.43983128666877747
773,30185,,,1.1429853439331055,0.4724784195423126,,
774,30224,,,,,0.6274034976959229,0.4401364028453827
774,30224,,,1.125868797302246,0.4643544554710388,,
775,30263,,,,,0.6293608546257019,0.440417617559433
775,30263,,,1.0813498497009277,0.4652329385280609,,
776,30302,,,,,0.628801703453064,0.44096624851226807
776,30302,,,1.1024292707443237,0.5081965327262878,,
777,30341,,,,,0.6298112273216248,0.44187667965888977
777,30341,,,1.1299223899841309,0.4765383303165436,,
778,30380,,,,,0.6287409067153931,0.44091713428497314
778,30380,,,1.1099939346313477,0.494852751493454,,
779,30419,,,,,0.6297702193260193,0.4410020411014557
779,30419,,,1.1368128061294556,0.43066680431365967,,
780,30458,,,,,0.627484142780304,0.44065073132514954
780,30458,,,1.0822482109069824,0.49543920159339905,,
781,30497,,,,,0.6289058327674866,0.4405490458011627
781,30497,,,1.1255513429641724,0.47996240854263306,,
782,30536,,,,,0.6300053000450134,0.4409031867980957
782,30536,,,1.1032021045684814,0.47920724749565125,,
783,30575,,,,,0.6289750933647156,0.441541850566864
783,30575,,,1.0949420928955078,0.5216171741485596,,
784,30614,,,,,0.628832995891571,0.44124463200569153
784,30614,,,1.136029839515686,0.4897896349430084,,
785,30653,,,,,0.6292557716369629,0.44102388620376587
785,30653,,,1.0876855850219727,0.5231319665908813,,
786,30692,,,,,0.6281803846359253,0.44014737010002136
786,30692,,,1.0812619924545288,0.46782469749450684,,
787,30731,,,,,0.6278524398803711,0.4397679567337036
787,30731,,,1.1353703737258911,0.4811132252216339,,
788,30770,,,,,0.6287246942520142,0.4402623772621155
788,30770,,,1.1460388898849487,0.46004730463027954,,
789,30809,,,,,0.6287361979484558,0.44043511152267456
789,30809,,,1.1217460632324219,0.45331525802612305,,
790,30848,,,,,0.6288970112800598,0.4401785731315613
790,30848,,,1.131328821182251,0.44924142956733704,,
791,30887,,,,,0.6287598013877869,0.44048628211021423
791,30887,,,1.0953596830368042,0.5065733790397644,,
792,30926,,,,,0.6293930411338806,0.44138967990875244
792,30926,,,1.136449933052063,0.47081872820854187,,
793,30965,,,,,0.6267111897468567,0.441355437040329
793,30965,,,1.088936686515808,0.477264404296875,,
794,31004,,,,,0.6262010335922241,0.4412488639354706
794,31004,,,1.1605534553527832,0.45404985547065735,,
795,31043,,,,,0.6255431771278381,0.44125545024871826
795,31043,,,1.1054699420928955,0.4650012254714966,,
796,31082,,,,,0.6214232444763184,0.4406471252441406
796,31082,,,1.1330701112747192,0.4702168107032776,,
797,31121,,,,,0.6229190230369568,0.4409771263599396
797,31121,,,1.0958621501922607,0.4720901548862457,,
798,31160,,,,,0.6239048838615417,0.4408661425113678
798,31160,,,1.131932258605957,0.48771798610687256,,
799,31199,,,,,0.6248502135276794,0.4406614303588867
799,31199,,,1.1354504823684692,0.5137326121330261,,
800,31238,,,,,0.6287155151367188,0.44188717007637024
800,31238,,,1.1170891523361206,0.4754696786403656,,
801,31277,,,,,0.6282538771629333,0.442337304353714
801,31277,,,1.095154047012329,0.5137438774108887,,
802,31316,,,,,0.6296837329864502,0.4428679943084717
802,31316,,,1.085694670677185,0.5056037902832031,,
803,31355,,,,,0.6276745200157166,0.4427335262298584
803,31355,,,1.1373416185379028,0.4576936364173889,,
804,31394,,,,,0.6252530217170715,0.44151633977890015
804,31394,,,1.0765689611434937,0.46784576773643494,,
805,31433,,,,,0.6282378435134888,0.44245445728302
805,31433,,,1.1081098318099976,0.4984789192676544,,
806,31472,,,,,0.62563157081604,0.44198471307754517
806,31472,,,1.0968271493911743,0.4801527261734009,,
807,31511,,,,,0.6268364787101746,0.4414921700954437
807,31511,,,1.105141043663025,0.46609947085380554,,
808,31550,,,,,0.6269656419754028,0.44186151027679443
808,31550,,,1.1144239902496338,0.4559204876422882,,
809,31589,,,,,0.6260411739349365,0.4415630102157593
809,31589,,,1.136850357055664,0.4670657515525818,,
810,31628,,,,,0.6240174770355225,0.44155153632164
810,31628,,,1.1413766145706177,0.45420435070991516,,
811,31667,,,,,0.6243612766265869,0.4420064687728882
811,31667,,,1.1415694952011108,0.48339134454727173,,
812,31706,,,,,0.6252037882804871,0.4416678249835968
812,31706,,,1.1291921138763428,0.471853643655777,,
813,31745,,,,,0.6243119239807129,0.4412837326526642
813,31745,,,1.122192621231079,0.45347708463668823,,
814,31784,,,,,0.6237867474555969,0.44167059659957886
814,31784,,,1.1140087842941284,0.46806955337524414,,
815,31823,,,,,0.6241012811660767,0.4418073892593384
815,31823,,,1.116125464439392,0.47935980558395386,,
816,31862,,,,,0.6238309144973755,0.4410349726676941
816,31862,,,1.1262131929397583,0.4678208827972412,,
817,31901,,,,,0.6250534653663635,0.4417722821235657
817,31901,,,1.0985780954360962,0.5042887330055237,,
818,31940,,,,,0.6265454888343811,0.44299525022506714
818,31940,,,1.130856990814209,0.4232901632785797,,
819,31979,,,,,0.624792218208313,0.4424653947353363
819,31979,,,1.1246546506881714,0.48704099655151367,,
820,32018,,,,,0.6244760155677795,0.4422706961631775
820,32018,,,1.11214017868042,0.5230589509010315,,
821,32057,,,,,0.6254832744598389,0.4430091679096222
821,32057,,,1.131730556488037,0.5069705843925476,,
822,32096,,,,,0.6285065412521362,0.444166362285614
822,32096,,,1.1152085065841675,0.47004684805870056,,
823,32135,,,,,0.6310228705406189,0.44503405690193176
823,32135,,,1.1119447946548462,0.5113652348518372,,
824,32174,,,,,0.6317185163497925,0.4447992146015167
824,32174,,,1.0780558586120605,0.5193871259689331,,
825,32213,,,,,0.6308724284172058,0.44532862305641174
825,32213,,,1.0876015424728394,0.48531395196914673,,
826,32252,,,,,0.630058765411377,0.4448382258415222
826,32252,,,1.1281790733337402,0.49037039279937744,,
827,32291,,,,,0.6282259821891785,0.44419464468955994
827,32291,,,1.1035703420639038,0.4903602600097656,,
828,32330,,,,,0.6264705657958984,0.4439949691295624
828,32330,,,1.132111668586731,0.4491361081600189,,
829,32369,,,,,0.6248437166213989,0.4438328444957733
829,32369,,,1.09951913356781,0.46616289019584656,,
830,32408,,,,,0.6262487769126892,0.443930983543396
830,32408,,,1.1091187000274658,0.46423661708831787,,
831,32447,,,,,0.6274023056030273,0.4443250000476837
831,32447,,,1.1183844804763794,0.4984484016895294,,
832,32486,,,,,0.6277058124542236,0.4446186125278473
832,32486,,,1.146445631980896,0.440411776304245,,
833,32525,,,,,0.6253514885902405,0.4436996281147003
833,32525,,,1.100838541984558,0.4909093677997589,,
834,32564,,,,,0.6258261203765869,0.4435500204563141
834,32564,,,1.1075867414474487,0.5136231184005737,,
835,32603,,,,,0.6251501441001892,0.4435984194278717
835,32603,,,1.1111246347427368,0.4837605953216553,,
836,32642,,,,,0.6239005923271179,0.443611741065979
836,32642,,,1.0923517942428589,0.4462273418903351,,
837,32681,,,,,0.6244617700576782,0.44340190291404724
837,32681,,,1.0997158288955688,0.5100250244140625,,
838,32720,,,,,0.622611939907074,0.44269007444381714
838,32720,,,1.1372601985931396,0.4352341294288635,,
839,32759,,,,,0.6244015097618103,0.44318991899490356
839,32759,,,1.096063256263733,0.5025140643119812,,
840,32798,,,,,0.6225641369819641,0.44366568326950073
840,32798,,,1.1004220247268677,0.4795677065849304,,
841,32837,,,,,0.6238162517547607,0.4441981911659241
841,32837,,,1.112783432006836,0.5010440349578857,,
842,32876,,,,,0.6254621744155884,0.44489508867263794
842,32876,,,1.1306489706039429,0.4545045495033264,,
843,32915,,,,,0.6239053606987,0.4444414973258972
843,32915,,,1.1104602813720703,0.4703042507171631,,
844,32954,,,,,0.6236632466316223,0.4451075792312622
844,32954,,,1.099088430404663,0.5033974051475525,,
845,32993,,,,,0.6264249086380005,0.4450656771659851
845,32993,,,1.122904896736145,0.516095757484436,,
846,33032,,,,,0.628868579864502,0.44515424966812134
846,33032,,,1.1049355268478394,0.518988847732544,,
847,33071,,,,,0.6264868974685669,0.4449542164802551
847,33071,,,1.148131012916565,0.484651118516922,,
848,33110,,,,,0.6250520944595337,0.44492051005363464
848,33110,,,1.1423814296722412,0.48155662417411804,,
849,33149,,,,,0.6240416169166565,0.4448244571685791
849,33149,,,1.0842593908309937,0.5052191615104675,,
850,33188,,,,,0.6215851902961731,0.4438990354537964
850,33188,,,1.0988341569900513,0.4678630828857422,,
851,33227,,,,,0.6204758286476135,0.4441336989402771
851,33227,,,1.1206742525100708,0.46208661794662476,,
852,33266,,,,,0.6211504340171814,0.44437816739082336
852,33266,,,1.110047698020935,0.504136860370636,,
853,33305,,,,,0.6227190494537354,0.4440018832683563
853,33305,,,1.1117857694625854,0.492645263671875,,
854,33344,,,,,0.6232739090919495,0.4435223639011383
854,33344,,,1.114963412284851,0.45612725615501404,,
855,33383,,,,,0.62333744764328,0.44327616691589355
855,33383,,,1.0996700525283813,0.4904181659221649,,
856,33422,,,,,0.622109055519104,0.4435235559940338
856,33422,,,1.1117502450942993,0.5080017447471619,,
857,33461,,,,,0.620559811592102,0.4441659450531006
857,33461,,,1.1571459770202637,0.4764162302017212,,
858,33500,,,,,0.6213470101356506,0.44392281770706177
858,33500,,,1.1271294355392456,0.48256173729896545,,
859,33539,,,,,0.6227779388427734,0.4449012875556946
859,33539,,,1.0885971784591675,0.5250223875045776,,
860,33578,,,,,0.6216487884521484,0.4441193640232086
860,33578,,,1.1389671564102173,0.446451872587204,,
861,33617,,,,,0.6223686933517456,0.44429802894592285
861,33617,,,1.1259117126464844,0.4892086982727051,,
862,33656,,,,,0.6230441331863403,0.4435075521469116
862,33656,,,1.1277788877487183,0.44518640637397766,,
863,33695,,,,,0.6238069534301758,0.444505512714386
863,33695,,,1.0907834768295288,0.49677902460098267,,
864,33734,,,,,0.6251835227012634,0.44618239998817444
864,33734,,,1.0960679054260254,0.5065643191337585,,
865,33773,,,,,0.6271785497665405,0.4466911554336548
865,33773,,,1.1301337480545044,0.5026625990867615,,
866,33812,,,,,0.6258922219276428,0.44644710421562195
866,33812,,,1.1298408508300781,0.5021817088127136,,
867,33851,,,,,0.6253654360771179,0.4457046687602997
867,33851,,,1.0801126956939697,0.5131415128707886,,
868,33890,,,,,0.6227825284004211,0.44515854120254517
868,33890,,,1.1289026737213135,0.4964909255504608,,
869,33929,,,,,0.6233028769493103,0.4450961649417877
869,33929,,,1.0932600498199463,0.5164278149604797,,
870,33968,,,,,0.6243159174919128,0.445556104183197
870,33968,,,1.1147801876068115,0.48057815432548523,,
871,34007,,,,,0.6226258277893066,0.44488146901130676
871,34007,,,1.1065545082092285,0.48006463050842285,,
872,34046,,,,,0.6238272190093994,0.445170134305954
872,34046,,,1.0800188779830933,0.5075128674507141,,
873,34085,,,,,0.6227708458900452,0.44460952281951904
873,34085,,,1.1342737674713135,0.4714636206626892,,
874,34124,,,,,0.621845006942749,0.44369569420814514
874,34124,,,1.1022075414657593,0.4947696030139923,,
875,34163,,,,,0.6214970350265503,0.44409725069999695
875,34163,,,1.130403757095337,0.450772762298584,,
876,34202,,,,,0.6215174794197083,0.44401413202285767
876,34202,,,1.090279459953308,0.47850197553634644,,
877,34241,,,,,0.6221566796302795,0.4449670612812042
877,34241,,,1.0869818925857544,0.5168675184249878,,
878,34280,,,,,0.6218631863594055,0.4444721043109894
878,34280,,,1.1152993440628052,0.507856011390686,,
879,34319,,,,,0.6222088932991028,0.4442760944366455
879,34319,,,1.1129943132400513,0.46593132615089417,,
880,34358,,,,,0.6236162185668945,0.44411802291870117
880,34358,,,1.1203104257583618,0.4758707582950592,,
881,34397,,,,,0.625760555267334,0.44435054063796997
881,34397,,,1.1064006090164185,0.5208853483200073,,
882,34436,,,,,0.6231859922409058,0.4436781704425812
882,34436,,,1.130635380744934,0.4760815501213074,,
883,34475,,,,,0.624131977558136,0.4443455636501312
883,34475,,,1.0990558862686157,0.5109895467758179,,
884,34514,,,,,0.6240501403808594,0.4441055655479431
884,34514,,,1.0965291261672974,0.4644393026828766,,
885,34553,,,,,0.6250981688499451,0.4449150562286377
885,34553,,,1.1124359369277954,0.478840172290802,,
886,34592,,,,,0.6239059567451477,0.4446008503437042
886,34592,,,1.1204019784927368,0.44483330845832825,,
887,34631,,,,,0.6230364441871643,0.4445194900035858
887,34631,,,1.07892644405365,0.48944947123527527,,
888,34670,,,,,0.6233821511268616,0.444611132144928
888,34670,,,1.1514253616333008,0.46514061093330383,,
889,34709,,,,,0.6238738298416138,0.44410818815231323
889,34709,,,1.1029951572418213,0.49990102648735046,,
890,34748,,,,,0.6251301765441895,0.44390928745269775
890,34748,,,1.1308966875076294,0.47586098313331604,,
891,34787,,,,,0.6230146884918213,0.44410842657089233
891,34787,,,1.1100929975509644,0.47434958815574646,,
892,34826,,,,,0.6221054196357727,0.44410595297813416
892,34826,,,1.103533148765564,0.4591827392578125,,
893,34865,,,,,0.6216166615486145,0.4445178806781769
893,34865,,,1.0710175037384033,0.4700514078140259,,
894,34904,,,,,0.6199871301651001,0.44479677081108093
894,34904,,,1.0889989137649536,0.5063101053237915,,
895,34943,,,,,0.6214750409126282,0.4450546205043793
895,34943,,,1.127504587173462,0.49126482009887695,,
896,34982,,,,,0.621577262878418,0.44502556324005127
896,34982,,,1.1359295845031738,0.4648857116699219,,
897,35021,,,,,0.62079918384552,0.4444342255592346
897,35021,,,1.1249693632125854,0.47709405422210693,,
898,35060,,,,,0.6211487650871277,0.44447600841522217
898,35060,,,1.0841426849365234,0.4763104319572449,,
899,35099,,,,,0.6219685077667236,0.44450998306274414
899,35099,,,1.0925824642181396,0.48184606432914734,,
900,35138,,,,,0.6210613250732422,0.4440740942955017
900,35138,,,1.1089342832565308,0.4775010049343109,,
901,35177,,,,,0.6211764812469482,0.44402509927749634
901,35177,,,1.1503757238388062,0.4541167616844177,,
902,35216,,,,,0.6211953163146973,0.4433564841747284
902,35216,,,1.085195541381836,0.5136465430259705,,
903,35255,,,,,0.6216925978660583,0.44303011894226074
903,35255,,,1.1176055669784546,0.4653867483139038,,
904,35294,,,,,0.6242728233337402,0.4434744715690613
904,35294,,,1.1133605241775513,0.5020925998687744,,
905,35333,,,,,0.6248048543930054,0.4439128041267395
905,35333,,,1.1442949771881104,0.4738834500312805,,
906,35372,,,,,0.6264196038246155,0.4447377324104309
906,35372,,,1.0968230962753296,0.47999387979507446,,
907,35411,,,,,0.6264175772666931,0.44438886642456055
907,35411,,,1.1003494262695312,0.47174936532974243,,
908,35450,,,,,0.6263070106506348,0.4446551501750946
908,35450,,,1.110320806503296,0.4711437225341797,,
909,35489,,,,,0.6266356706619263,0.44574275612831116
909,35489,,,1.1049922704696655,0.47013771533966064,,
910,35528,,,,,0.6273404359817505,0.44602087140083313
910,35528,,,1.105725646018982,0.5044136643409729,,
911,35567,,,,,0.6259957551956177,0.44536271691322327
911,35567,,,1.1072932481765747,0.4596213698387146,,
912,35606,,,,,0.626111626625061,0.4452841579914093
912,35606,,,1.1170564889907837,0.4612884521484375,,
913,35645,,,,,0.6214356422424316,0.4441249370574951
913,35645,,,1.1211878061294556,0.46133604645729065,,
914,35684,,,,,0.6216870546340942,0.4438905417919159
914,35684,,,1.1241976022720337,0.47186750173568726,,
915,35723,,,,,0.6222152709960938,0.44420158863067627
915,35723,,,1.1341716051101685,0.44730302691459656,,
916,35762,,,,,0.620405375957489,0.4440183639526367
916,35762,,,1.1241872310638428,0.48674455285072327,,
917,35801,,,,,0.6207858920097351,0.4436672329902649
917,35801,,,1.0944817066192627,0.505291759967804,,
918,35840,,,,,0.6224132776260376,0.4435952603816986
918,35840,,,1.0951372385025024,0.5008397102355957,,
919,35879,,,,,0.6224804520606995,0.44431132078170776
919,35879,,,1.1078526973724365,0.47453010082244873,,
920,35918,,,,,0.6219311356544495,0.4433843791484833
920,35918,,,1.1075975894927979,0.4642316997051239,,
921,35957,,,,,0.6219013333320618,0.4442662298679352
921,35957,,,1.1165519952774048,0.46431198716163635,,
922,35996,,,,,0.6218573451042175,0.4450852572917938
922,35996,,,1.100586175918579,0.4836421012878418,,
923,36035,,,,,0.6208105087280273,0.4451640844345093
923,36035,,,1.092986822128296,0.48850080370903015,,
924,36074,,,,,0.619793713092804,0.44468533992767334
924,36074,,,1.0898783206939697,0.5144152641296387,,
925,36113,,,,,0.6218767762184143,0.44490697979927063
925,36113,,,1.1136561632156372,0.47825852036476135,,
926,36152,,,,,0.622022271156311,0.4444352090358734
926,36152,,,1.1231482028961182,0.4739762246608734,,
927,36191,,,,,0.6227655410766602,0.44408118724823
927,36191,,,1.1340409517288208,0.513678252696991,,
928,36230,,,,,0.6221321225166321,0.4439902901649475
928,36230,,,1.1090487241744995,0.45238494873046875,,
929,36269,,,,,0.621620237827301,0.44372883439064026
929,36269,,,1.0590397119522095,0.5355584025382996,,
930,36308,,,,,0.6197366714477539,0.4433313310146332
930,36308,,,1.1403560638427734,0.521654486656189,,
931,36347,,,,,0.6192301511764526,0.44329720735549927
931,36347,,,1.0852233171463013,0.4980293810367584,,
932,36386,,,,,0.6190177202224731,0.4425176680088043
932,36386,,,1.0744898319244385,0.47345632314682007,,
933,36425,,,,,0.6195926666259766,0.44379904866218567
933,36425,,,1.1164194345474243,0.4890435039997101,,
934,36464,,,,,0.6213821172714233,0.4448397755622864
934,36464,,,1.076164960861206,0.4881073534488678,,
935,36503,,,,,0.6220915913581848,0.44494861364364624
935,36503,,,1.1052343845367432,0.5253236889839172,,
936,36542,,,,,0.6244500279426575,0.4448823928833008
936,36542,,,1.097076654434204,0.5119450688362122,,
937,36581,,,,,0.6255630254745483,0.44486650824546814
937,36581,,,1.1490179300308228,0.4842827618122101,,
938,36620,,,,,0.6248135566711426,0.4450640082359314
938,36620,,,1.1083372831344604,0.4741237759590149,,
939,36659,,,,,0.6252157092094421,0.44554057717323303
939,36659,,,1.1219135522842407,0.4860347807407379,,
940,36698,,,,,0.6231119632720947,0.4452054798603058
940,36698,,,1.1032737493515015,0.4957822561264038,,
941,36737,,,,,0.6236270070075989,0.44459447264671326
941,36737,,,1.123020887374878,0.4789852201938629,,
942,36776,,,,,0.6219482421875,0.44406697154045105
942,36776,,,1.122951626777649,0.4708745777606964,,
943,36815,,,,,0.6220863461494446,0.44464507699012756
943,36815,,,1.1254090070724487,0.4697467088699341,,
944,36854,,,,,0.6254555583000183,0.4451501667499542
944,36854,,,1.1084014177322388,0.4959760904312134,,
945,36893,,,,,0.6251974701881409,0.4447409510612488
945,36893,,,1.0592354536056519,0.4811337888240814,,
946,36932,,,,,0.6258163452148438,0.44520577788352966
946,36932,,,1.1332825422286987,0.4887934923171997,,
947,36971,,,,,0.6222091317176819,0.44450610876083374
947,36971,,,1.0993239879608154,0.45832765102386475,,
948,37010,,,,,0.6227290034294128,0.444766640663147
948,37010,,,1.0636285543441772,0.47589483857154846,,
949,37049,,,,,0.6221910119056702,0.4448159635066986
949,37049,,,1.1042523384094238,0.4627673327922821,,
950,37088,,,,,0.6212947964668274,0.4449307322502136
950,37088,,,1.0966205596923828,0.48023614287376404,,
951,37127,,,,,0.6222608089447021,0.4450782239437103
951,37127,,,1.1230192184448242,0.5061805844306946,,
952,37166,,,,,0.6221400499343872,0.4454318881034851
952,37166,,,1.063180685043335,0.4855399429798126,,
953,37205,,,,,0.6232125163078308,0.44520246982574463
953,37205,,,1.1332721710205078,0.5147919058799744,,
954,37244,,,,,0.6225134134292603,0.4451179802417755
954,37244,,,1.1387027502059937,0.48123297095298767,,
955,37283,,,,,0.6226363182067871,0.44505706429481506
955,37283,,,1.0782668590545654,0.49237340688705444,,
956,37322,,,,,0.6254008412361145,0.44563740491867065
956,37322,,,1.1349512338638306,0.5106316804885864,,
957,37361,,,,,0.6253992319107056,0.44459468126296997
957,37361,,,1.162447214126587,0.4268241226673126,,
958,37400,,,,,0.6256815791130066,0.44490256905555725
958,37400,,,1.1020206212997437,0.5139453411102295,,
959,37439,,,,,0.6262186169624329,0.4457733631134033
959,37439,,,1.0548268556594849,0.5404217839241028,,
960,37478,,,,,0.6235299706459045,0.44560930132865906
960,37478,,,1.1111377477645874,0.503301203250885,,
961,37517,,,,,0.6246561408042908,0.44612351059913635
961,37517,,,1.1066092252731323,0.5016347765922546,,
962,37556,,,,,0.6205615401268005,0.44516700506210327
962,37556,,,1.1086565256118774,0.49026772379875183,,
963,37595,,,,,0.6209576725959778,0.44534921646118164
963,37595,,,1.0923988819122314,0.4922618269920349,,
964,37634,,,,,0.6209559440612793,0.4454334080219269
964,37634,,,1.1183348894119263,0.47485366463661194,,
965,37673,,,,,0.6227492690086365,0.4460963308811188
965,37673,,,1.0670511722564697,0.49765923619270325,,
966,37712,,,,,0.6252517700195312,0.44785720109939575
966,37712,,,1.1211479902267456,0.4992045760154724,,
967,37751,,,,,0.6255215406417847,0.4477572739124298
967,37751,,,1.133840560913086,0.4563911557197571,,
968,37790,,,,,0.624725878238678,0.44712457060813904
968,37790,,,1.140709638595581,0.48382896184921265,,
969,37829,,,,,0.622687816619873,0.4468544125556946
969,37829,,,1.1141207218170166,0.4950701892375946,,
970,37868,,,,,0.6224242448806763,0.44674018025398254
970,37868,,,1.1286523342132568,0.506725013256073,,
971,37907,,,,,0.622390627861023,0.4468561112880707
971,37907,,,1.0978025197982788,0.5385498404502869,,
972,37946,,,,,0.6210849285125732,0.44683894515037537
972,37946,,,1.138873815536499,0.4856896996498108,,
973,37985,,,,,0.6223440170288086,0.44711971282958984
973,37985,,,1.0776240825653076,0.4877771735191345,,
974,38024,,,,,0.6197139024734497,0.4457952082157135
974,38024,,,1.1022342443466187,0.4705330431461334,,
975,38063,,,,,0.6208223700523376,0.44582313299179077
975,38063,,,1.0941181182861328,0.5010115504264832,,
976,38102,,,,,0.6208570003509521,0.44673293828964233
976,38102,,,1.1202833652496338,0.4829402267932892,,
977,38141,,,,,0.6206598877906799,0.44668129086494446
977,38141,,,1.0767475366592407,0.5308555364608765,,
978,38180,,,,,0.6198480725288391,0.4465614855289459
978,38180,,,1.066686987876892,0.5072758793830872,,
979,38219,,,,,0.6206831932067871,0.44680389761924744
979,38219,,,1.090511441230774,0.5050852298736572,,
980,38258,,,,,0.6195254921913147,0.4466456174850464
980,38258,,,1.0868881940841675,0.5182753801345825,,
981,38297,,,,,0.6201356053352356,0.44761520624160767
981,38297,,,1.1573649644851685,0.4639762341976166,,
982,38336,,,,,0.6190562844276428,0.4465971887111664
982,38336,,,1.068647027015686,0.4927559792995453,,
983,38375,,,,,0.6193591356277466,0.446355938911438
983,38375,,,1.121286392211914,0.4821603298187256,,
984,38414,,,,,0.6184579730033875,0.4457191228866577
984,38414,,,1.132454514503479,0.4840715229511261,,
985,38453,,,,,0.6205506920814514,0.44603031873703003
985,38453,,,1.1176351308822632,0.5104248523712158,,
986,38492,,,,,0.6204320192337036,0.4450547695159912
986,38492,,,1.0899217128753662,0.5184509754180908,,
987,38531,,,,,0.620555579662323,0.4451513886451721
987,38531,,,1.1169676780700684,0.4859847128391266,,
988,38570,,,,,0.6201640367507935,0.44413042068481445
988,38570,,,1.1260844469070435,0.4840445816516876,,
989,38609,,,,,0.6214951276779175,0.44414982199668884
989,38609,,,1.1017965078353882,0.5458873510360718,,
990,38648,,,,,0.6216492652893066,0.4436214566230774
990,38648,,,1.1082789897918701,0.5077989101409912,,
991,38687,,,,,0.6210135221481323,0.4434153139591217
991,38687,,,1.1104413270950317,0.489338755607605,,
992,38726,,,,,0.6190783977508545,0.44219881296157837
992,38726,,,1.0809261798858643,0.5234946012496948,,
993,38765,,,,,0.6184424161911011,0.44216156005859375
993,38765,,,1.1040209531784058,0.48583924770355225,,
994,38804,,,,,0.6179381012916565,0.44213345646858215
994,38804,,,1.1140310764312744,0.4763893187046051,,
995,38843,,,,,0.6195662021636963,0.44230639934539795
995,38843,,,1.0919060707092285,0.4798703193664551,,
996,38882,,,,,0.6193941235542297,0.4425744414329529
996,38882,,,1.086427092552185,0.46992355585098267,,
997,38921,,,,,0.6199566125869751,0.4428195059299469
997,38921,,,1.0882465839385986,0.5021503567695618,,
998,38960,,,,,0.619057297706604,0.4433653652667999
998,38960,,,1.1033040285110474,0.4609677195549011,,
999,38999,,,,,0.6209366917610168,0.4443821310997009
999,38999,,,1.1007016897201538,0.4996930658817291,,
1000,39038,,,,,0.6213864088058472,0.44489139318466187
1000,39038,,,1.1189600229263306,0.4730592370033264,,
1001,39077,,,,,0.6225602626800537,0.4448218047618866
1001,39077,,,1.1137207746505737,0.479127436876297,,
1002,39116,,,,,0.6235584020614624,0.44488197565078735
1002,39116,,,1.074339509010315,0.5064636468887329,,
1003,39155,,,,,0.6250046491622925,0.44558531045913696
1003,39155,,,1.1041284799575806,0.503891110420227,,
1004,39194,,,,,0.6226102113723755,0.4453435242176056
1004,39194,,,1.0988025665283203,0.4532677233219147,,
1005,39233,,,,,0.6233315467834473,0.44549474120140076
1005,39233,,,1.1197341680526733,0.46567603945732117,,
1006,39272,,,,,0.6219935417175293,0.44589149951934814
1006,39272,,,1.0873370170593262,0.5017975568771362,,
1007,39311,,,,,0.6227609515190125,0.44604718685150146
1007,39311,,,1.130372405052185,0.4978255331516266,,
1008,39350,,,,,0.6227763891220093,0.44596996903419495
1008,39350,,,1.1200083494186401,0.463164359331131,,
1009,39389,,,,,0.6223796010017395,0.44574984908103943
1009,39389,,,1.0663620233535767,0.5120478272438049,,
1010,39428,,,,,0.619918942451477,0.44625306129455566
1010,39428,,,1.1148253679275513,0.43449118733406067,,
1011,39467,,,,,0.6199896931648254,0.44645893573760986
1011,39467,,,1.1326966285705566,0.48763009905815125,,
1012,39506,,,,,0.6182110905647278,0.4460435211658478
1012,39506,,,1.0989933013916016,0.5144330263137817,,
1013,39545,,,,,0.6193917393684387,0.445574551820755
1013,39545,,,1.1213099956512451,0.4717738926410675,,
1014,39584,,,,,0.6202165484428406,0.4456406533718109
1014,39584,,,1.0682048797607422,0.5141081809997559,,
1015,39623,,,,,0.6205639839172363,0.4456211030483246
1015,39623,,,1.1108742952346802,0.4491516053676605,,
1016,39662,,,,,0.6197947859764099,0.44495829939842224
1016,39662,,,1.0743764638900757,0.5430060625076294,,
1017,39701,,,,,0.6204427480697632,0.4452260136604309
1017,39701,,,1.1337536573410034,0.5091516971588135,,
1018,39740,,,,,0.6214008331298828,0.44569772481918335
1018,39740,,,1.0986307859420776,0.5274639129638672,,
1019,39779,,,,,0.6200709342956543,0.4453330934047699
1019,39779,,,1.120269536972046,0.4823928773403168,,
1020,39818,,,,,0.6194713115692139,0.4451886713504791
1020,39818,,,1.0829728841781616,0.5137813091278076,,
1021,39857,,,,,0.6200540065765381,0.44492244720458984
1021,39857,,,1.102044701576233,0.4954090714454651,,
1022,39896,,,,,0.6198715567588806,0.44519370794296265
1022,39896,,,1.1348416805267334,0.4927845597267151,,
1023,39935,,,,,0.6214891672134399,0.44558945298194885
1023,39935,,,1.1262582540512085,0.48452749848365784,,
1024,39974,,,,,0.6218656301498413,0.44583430886268616
1024,39974,,,1.133371353149414,0.446685791015625,,
1025,40013,,,,,0.6214888691902161,0.44716402888298035
1025,40013,,,1.1227413415908813,0.4789048731327057,,
1026,40052,,,,,0.621635377407074,0.44751766324043274
1026,40052,,,1.1207408905029297,0.4638410806655884,,
1027,40091,,,,,0.6225366592407227,0.44760218262672424
1027,40091,,,1.1166034936904907,0.4915195405483246,,
1028,40130,,,,,0.6200166940689087,0.4470844566822052
1028,40130,,,1.0705233812332153,0.5169256329536438,,
1029,40169,,,,,0.6213933825492859,0.44702234864234924
1029,40169,,,1.113423466682434,0.459168404340744,,
1030,40208,,,,,0.620476484298706,0.44676798582077026
1030,40208,,,1.1036162376403809,0.5156979560852051,,
1031,40247,,,,,0.6193559765815735,0.4464702904224396
1031,40247,,,1.103558897972107,0.48422250151634216,,
1032,40286,,,,,0.6197847127914429,0.44716769456863403
1032,40286,,,1.1104880571365356,0.474627286195755,,
1033,40325,,,,,0.6190439462661743,0.44683200120925903
1033,40325,,,1.0796372890472412,0.5089709162712097,,
1034,40364,,,,,0.6157199144363403,0.44607600569725037
1034,40364,,,1.1084848642349243,0.5044751167297363,,
1035,40403,,,,,0.6179009675979614,0.44688743352890015
1035,40403,,,1.1093297004699707,0.48071661591529846,,
1036,40442,,,,,0.6174195408821106,0.4468923807144165
1036,40442,,,1.0903452634811401,0.5061224102973938,,
1037,40481,,,,,0.6183326244354248,0.44754672050476074
1037,40481,,,1.0865387916564941,0.5032129287719727,,
1038,40520,,,,,0.6170754432678223,0.4465392827987671
1038,40520,,,1.113989233970642,0.5032789707183838,,
1039,40559,,,,,0.6184155344963074,0.4473387598991394
1039,40559,,,1.0915082693099976,0.5232998728752136,,
1040,40598,,,,,0.6187720894813538,0.4474875330924988
1040,40598,,,1.1341421604156494,0.48473432660102844,,
1041,40637,,,,,0.6184659004211426,0.4473934471607208
1041,40637,,,1.1025571823120117,0.48498260974884033,,
1042,40676,,,,,0.6194086074829102,0.44796332716941833
1042,40676,,,1.14859139919281,0.4798215329647064,,
1043,40715,,,,,0.6192964315414429,0.4484151601791382
1043,40715,,,1.1030921936035156,0.48804357647895813,,
1044,40754,,,,,0.61902916431427,0.448860228061676
1044,40754,,,1.0510185956954956,0.4944460391998291,,
1045,40793,,,,,0.6188777685165405,0.44843316078186035
1045,40793,,,1.1427741050720215,0.45240846276283264,,
1046,40832,,,,,0.6194145083427429,0.4483928084373474
1046,40832,,,1.0802769660949707,0.4788627624511719,,
1047,40871,,,,,0.6177099943161011,0.4484451413154602
1047,40871,,,1.0987533330917358,0.4874469041824341,,
1048,40910,,,,,0.6169779896736145,0.44865408539772034
1048,40910,,,1.1205675601959229,0.49035879969596863,,
1049,40949,,,,,0.6175305247306824,0.4480132460594177
1049,40949,,,1.1122968196868896,0.4791013300418854,,
1050,40988,,,,,0.6172281503677368,0.44832944869995117
1050,40988,,,1.07344388961792,0.4936271011829376,,
1051,41027,,,,,0.6174991130828857,0.4485388398170471
1051,41027,,,1.0991793870925903,0.4798896908760071,,
1052,41066,,,,,0.6188203692436218,0.4486655294895172
1052,41066,,,1.123782992362976,0.4973084032535553,,
1053,41105,,,,,0.6193875074386597,0.4483835697174072
1053,41105,,,1.0935903787612915,0.5047885179519653,,
1054,41144,,,,,0.6198657155036926,0.44785985350608826
1054,41144,,,1.0901165008544922,0.4962609112262726,,
1055,41183,,,,,0.6188697814941406,0.44682785868644714
1055,41183,,,1.0744019746780396,0.4966751039028168,,
1056,41222,,,,,0.6197712421417236,0.4468671381473541
1056,41222,,,1.1183533668518066,0.46577873826026917,,
1057,41261,,,,,0.6186303496360779,0.4461517632007599
1057,41261,,,1.133009910583496,0.4680636525154114,,
1058,41300,,,,,0.6195642948150635,0.44681596755981445
1058,41300,,,1.108482003211975,0.4826197028160095,,
1059,41339,,,,,0.6188774704933167,0.4463992416858673
1059,41339,,,1.0880402326583862,0.4854331314563751,,
1060,41378,,,,,0.6182072162628174,0.445634126663208
1060,41378,,,1.1116472482681274,0.5048469305038452,,
1061,41417,,,,,0.6177883744239807,0.4450300931930542
1061,41417,,,1.1035423278808594,0.5195521116256714,,
1062,41456,,,,,0.6167489290237427,0.44489529728889465
1062,41456,,,1.1048799753189087,0.494935005903244,,
1063,41495,,,,,0.618774950504303,0.4456637501716614
1063,41495,,,1.1438379287719727,0.48677048087120056,,
1064,41534,,,,,0.6197618246078491,0.44575443863868713
1064,41534,,,1.1352314949035645,0.4885457754135132,,
1065,41573,,,,,0.6191614866256714,0.4461972117424011
1065,41573,,,1.1019139289855957,0.48992690443992615,,
1066,41612,,,,,0.6188895106315613,0.4460325241088867
1066,41612,,,1.1116089820861816,0.5180557370185852,,
1067,41651,,,,,0.6180229783058167,0.44685813784599304
1067,41651,,,1.1420459747314453,0.47940605878829956,,
1068,41690,,,,,0.6178428530693054,0.44696396589279175
1068,41690,,,1.069327473640442,0.5378888249397278,,
1069,41729,,,,,0.6162573099136353,0.44658538699150085
1069,41729,,,1.1330715417861938,0.46085304021835327,,
1070,41768,,,,,0.6177936792373657,0.4464634954929352
1070,41768,,,1.1083611249923706,0.5050069093704224,,
1071,41807,,,,,0.6193912625312805,0.4464104473590851
1071,41807,,,1.1275957822799683,0.4927377998828888,,
1072,41846,,,,,0.617395281791687,0.44521084427833557
1072,41846,,,1.1144592761993408,0.4776075780391693,,
1073,41885,,,,,0.6172755360603333,0.4458475708961487
1073,41885,,,1.0719166994094849,0.5036945939064026,,
1074,41924,,,,,0.6192312836647034,0.44664785265922546
1074,41924,,,1.0977435111999512,0.5448576211929321,,
1075,41963,,,,,0.6200869083404541,0.44659045338630676
1075,41963,,,1.1474746465682983,0.46346741914749146,,
1076,42002,,,,,0.6217292547225952,0.44752195477485657
1076,42002,,,1.0850515365600586,0.5350146293640137,,
1077,42041,,,,,0.6190527081489563,0.4475668668746948
1077,42041,,,1.0857069492340088,0.5268149971961975,,
1078,42080,,,,,0.6191517114639282,0.44833904504776
1078,42080,,,1.0872344970703125,0.4529193341732025,,
1079,42119,,,,,0.617396891117096,0.4483713209629059
1079,42119,,,1.0838432312011719,0.5155878067016602,,
1080,42158,,,,,0.6165556907653809,0.44777974486351013
1080,42158,,,1.1168721914291382,0.49014943838119507,,
1081,42197,,,,,0.6176436543464661,0.4484017789363861
1081,42197,,,1.0985900163650513,0.5074952840805054,,
1082,42236,,,,,0.6204156875610352,0.4485700726509094
1082,42236,,,1.1224535703659058,0.5031102299690247,,
1083,42275,,,,,0.6191881895065308,0.4474045932292938
1083,42275,,,1.1148005723953247,0.48958098888397217,,
1084,42314,,,,,0.6182422041893005,0.44649484753608704
1084,42314,,,1.1150052547454834,0.4559445083141327,,
1085,42353,,,,,0.6180343627929688,0.44608619809150696
1085,42353,,,1.1066786050796509,0.4690976142883301,,
1086,42392,,,,,0.6170048713684082,0.44615262746810913
1086,42392,,,1.1111136674880981,0.47357919812202454,,
1087,42431,,,,,0.6161227822303772,0.4464341402053833
1087,42431,,,1.145351529121399,0.46624213457107544,,
1088,42470,,,,,0.616058349609375,0.4467218518257141
1088,42470,,,1.0840486288070679,0.4889424741268158,,
1089,42509,,,,,0.6159616112709045,0.4469637870788574
1089,42509,,,1.096130609512329,0.5013317465782166,,
1090,42548,,,,,0.619452953338623,0.4473245441913605
1090,42548,,,1.0772314071655273,0.5210365056991577,,
1091,42587,,,,,0.6183472871780396,0.4465264081954956
1091,42587,,,1.08700692653656,0.5090968012809753,,
1092,42626,,,,,0.6162026524543762,0.4469183683395386
1092,42626,,,1.1270639896392822,0.4913175404071808,,
1093,42665,,,,,0.6139202117919922,0.44691553711891174
1093,42665,,,1.1046369075775146,0.49379876255989075,,
1094,42704,,,,,0.6152226328849792,0.4477563798427582
1094,42704,,,1.1320436000823975,0.47086235880851746,,
1095,42743,,,,,0.6153291463851929,0.4484373927116394
1095,42743,,,1.0738993883132935,0.47860845923423767,,
1096,42782,,,,,0.6143439412117004,0.44745805859565735
1096,42782,,,1.0880446434020996,0.4670526683330536,,
1097,42821,,,,,0.6156371831893921,0.4475131034851074
1097,42821,,,1.1110351085662842,0.4631710648536682,,
1098,42860,,,,,0.614647626876831,0.447393536567688
1098,42860,,,1.1065032482147217,0.4660814702510834,,
1099,42899,,,,,0.6155972480773926,0.44795873761177063
1099,42899,,,1.1023709774017334,0.4585546851158142,,
1100,42938,,,,,0.6166111826896667,0.44846174120903015
1100,42938,,,1.1208174228668213,0.5049270391464233,,
1101,42977,,,,,0.617350697517395,0.4492342174053192
1101,42977,,,1.1502971649169922,0.4728669822216034,,
1102,43016,,,,,0.616455614566803,0.4493171274662018
1102,43016,,,1.0933278799057007,0.4789222180843353,,
1103,43055,,,,,0.6160579919815063,0.4489038586616516
1103,43055,,,1.104849934577942,0.4222986400127411,,
1104,43094,,,,,0.6147029399871826,0.4476889669895172
1104,43094,,,1.1205871105194092,0.46031099557876587,,
1105,43133,,,,,0.6158828735351562,0.44752517342567444
1105,43133,,,1.123774766921997,0.46147093176841736,,
1106,43172,,,,,0.6168534755706787,0.4471559524536133
1106,43172,,,1.1060075759887695,0.4992106556892395,,
1107,43211,,,,,0.617666482925415,0.44709688425064087
1107,43211,,,1.1358678340911865,0.4372958540916443,,
1108,43250,,,,,0.6180639266967773,0.44673725962638855
1108,43250,,,1.12078058719635,0.45963728427886963,,
1109,43289,,,,,0.6175798177719116,0.44673773646354675
1109,43289,,,1.0994011163711548,0.5066729187965393,,
1110,43328,,,,,0.6190193891525269,0.4471331536769867
1110,43328,,,1.0750986337661743,0.5129890441894531,,
1111,43367,,,,,0.6203243732452393,0.4468979239463806
1111,43367,,,1.1197453737258911,0.49450117349624634,,
1112,43406,,,,,0.6215066313743591,0.4474303126335144
1112,43406,,,1.1152983903884888,0.4876234233379364,,
1113,43445,,,,,0.6216964721679688,0.447295218706131
1113,43445,,,1.0810564756393433,0.5341777801513672,,
1114,43484,,,,,0.6235303282737732,0.4479776918888092
1114,43484,,,1.118791937828064,0.4759422838687897,,
1115,43523,,,,,0.619659960269928,0.44724923372268677
1115,43523,,,1.1083334684371948,0.4781387150287628,,
1116,43562,,,,,0.6214828491210938,0.4479663670063019
1116,43562,,,1.1160279512405396,0.530139148235321,,
1117,43601,,,,,0.6201921701431274,0.4473680555820465
1117,43601,,,1.0703730583190918,0.4872012138366699,,
1118,43640,,,,,0.6219649314880371,0.44769856333732605
1118,43640,,,1.0701665878295898,0.5027684569358826,,
1119,43679,,,,,0.6231518983840942,0.44768664240837097
1119,43679,,,1.1166788339614868,0.507586658000946,,
1120,43718,,,,,0.6238948702812195,0.4474756419658661
1120,43718,,,1.0906703472137451,0.4986801743507385,,
1121,43757,,,,,0.6236096620559692,0.4473738968372345
1121,43757,,,1.121694564819336,0.4894881248474121,,
1122,43796,,,,,0.622292160987854,0.4472944438457489
1122,43796,,,1.083007574081421,0.5194849967956543,,
1123,43835,,,,,0.621727466583252,0.4468199908733368
1123,43835,,,1.08234441280365,0.5259679555892944,,
1124,43874,,,,,0.6224768161773682,0.4475274384021759
1124,43874,,,1.0978827476501465,0.5167627334594727,,
1125,43913,,,,,0.6225914359092712,0.44761088490486145
1125,43913,,,1.0525957345962524,0.5443779826164246,,
1126,43952,,,,,0.6216592788696289,0.44683438539505005
1126,43952,,,1.0553635358810425,0.4928038716316223,,
1127,43991,,,,,0.620820164680481,0.4468560516834259
1127,43991,,,1.0936429500579834,0.4906185269355774,,
1128,44030,,,,,0.6191590428352356,0.44694626331329346
1128,44030,,,1.1129090785980225,0.4748194217681885,,
1129,44069,,,,,0.618354856967926,0.44649752974510193
1129,44069,,,1.1134138107299805,0.52952641248703,,
1130,44108,,,,,0.6185725331306458,0.44685229659080505
1130,44108,,,1.1010396480560303,0.4959096312522888,,
1131,44147,,,,,0.6172367930412292,0.44630542397499084
1131,44147,,,1.0667803287506104,0.5029797554016113,,
1132,44186,,,,,0.6171650886535645,0.446447491645813
1132,44186,,,1.1174691915512085,0.4706112742424011,,
1133,44225,,,,,0.6176351308822632,0.44609564542770386
1133,44225,,,1.1062045097351074,0.4898858666419983,,
1134,44264,,,,,0.6165865063667297,0.44589921832084656
1134,44264,,,1.1411261558532715,0.48156166076660156,,
1135,44303,,,,,0.618675172328949,0.44624611735343933
1135,44303,,,1.0931044816970825,0.47990357875823975,,
1136,44342,,,,,0.6187207698822021,0.4456312358379364
1136,44342,,,1.0995221138000488,0.46501290798187256,,
1137,44381,,,,,0.6204243302345276,0.44661855697631836
1137,44381,,,1.0993032455444336,0.5057711005210876,,
1138,44420,,,,,0.6205196380615234,0.4460078775882721
1138,44420,,,1.1634541749954224,0.47131842374801636,,
1139,44459,,,,,0.6207955479621887,0.44552984833717346
1139,44459,,,1.079955816268921,0.4992910623550415,,
1140,44498,,,,,0.6196050643920898,0.44643357396125793
1140,44498,,,1.080148696899414,0.5063267946243286,,
1141,44537,,,,,0.6217744946479797,0.4467166066169739
1141,44537,,,1.115346074104309,0.45623984932899475,,
1142,44576,,,,,0.6211103796958923,0.4466075003147125
1142,44576,,,1.0623819828033447,0.5235048532485962,,
1143,44615,,,,,0.6207095384597778,0.44701558351516724
1143,44615,,,1.1245921850204468,0.5248724818229675,,
1144,44654,,,,,0.6221810579299927,0.4477851092815399
1144,44654,,,1.0772536993026733,0.5211023688316345,,
1145,44693,,,,,0.6209220886230469,0.4472833573818207
1145,44693,,,1.1057171821594238,0.49495241045951843,,
1146,44732,,,,,0.6197240352630615,0.4475799798965454
1146,44732,,,1.09829580783844,0.4675786793231964,,
1147,44771,,,,,0.6206560730934143,0.4478099048137665
1147,44771,,,1.0800880193710327,0.47901567816734314,,
1148,44810,,,,,0.6206134557723999,0.4477870762348175
1148,44810,,,1.098121166229248,0.5042423605918884,,
1149,44849,,,,,0.6196096539497375,0.44737082719802856
1149,44849,,,1.1181071996688843,0.47619158029556274,,
1150,44888,,,,,0.6176482439041138,0.4471801817417145
1150,44888,,,1.1180776357650757,0.521880567073822,,
1151,44927,,,,,0.61612468957901,0.44645729660987854
1151,44927,,,1.139796257019043,0.4803570508956909,,
1152,44966,,,,,0.6160027384757996,0.44647136330604553
1152,44966,,,1.101597547531128,0.49358969926834106,,
1153,45005,,,,,0.6173331141471863,0.44674891233444214
1153,45005,,,1.104312539100647,0.47585710883140564,,
1154,45044,,,,,0.6170154809951782,0.44747301936149597
1154,45044,,,1.0810120105743408,0.5440624952316284,,
1155,45083,,,,,0.61865234375,0.4474000334739685
1155,45083,,,1.1306335926055908,0.5067726373672485,,
1156,45122,,,,,0.6183597445487976,0.44853582978248596
1156,45122,,,1.099421501159668,0.5155589580535889,,
1157,45161,,,,,0.6170147061347961,0.4493873417377472
1157,45161,,,1.0830576419830322,0.478677898645401,,
1158,45200,,,,,0.617545485496521,0.4495471715927124
1158,45200,,,1.1035443544387817,0.4456912875175476,,
1159,45239,,,,,0.616224467754364,0.44940289855003357
1159,45239,,,1.083754539489746,0.49296441674232483,,
1160,45278,,,,,0.616499125957489,0.44973310828208923
1160,45278,,,1.0976108312606812,0.4866049885749817,,
1161,45317,,,,,0.618597149848938,0.4496059715747833
1161,45317,,,1.117476463317871,0.4900054335594177,,
1162,45356,,,,,0.6170645952224731,0.44864287972450256
1162,45356,,,1.0902156829833984,0.4874856472015381,,
1163,45395,,,,,0.6170065999031067,0.44809648394584656
1163,45395,,,1.0994575023651123,0.49425873160362244,,
1164,45434,,,,,0.6156262755393982,0.4478188455104828
1164,45434,,,1.12313973903656,0.4894983470439911,,
1165,45473,,,,,0.617739200592041,0.4483521580696106
1165,45473,,,1.1354669332504272,0.4451253414154053,,
1166,45512,,,,,0.6181941032409668,0.4481785297393799
1166,45512,,,1.0972506999969482,0.46530693769454956,,
1167,45551,,,,,0.6180424690246582,0.4472326636314392
1167,45551,,,1.115928292274475,0.5256882905960083,,
1168,45590,,,,,0.6178824305534363,0.447254478931427
1168,45590,,,1.0970239639282227,0.5228464007377625,,
1169,45629,,,,,0.6172431707382202,0.4466005265712738
1169,45629,,,1.1177932024002075,0.5134828090667725,,
1170,45668,,,,,0.6164771318435669,0.4463422894477844
1170,45668,,,1.0901786088943481,0.4809735119342804,,
1171,45707,,,,,0.6157051920890808,0.44615939259529114
1171,45707,,,1.103757381439209,0.507358729839325,,
1172,45746,,,,,0.617833137512207,0.4454501271247864
1172,45746,,,1.098312258720398,0.49566617608070374,,
1173,45785,,,,,0.6172460317611694,0.4456467926502228
1173,45785,,,1.1199597120285034,0.4698665738105774,,
1174,45824,,,,,0.618270754814148,0.44720911979675293
1174,45824,,,1.1480356454849243,0.4999091327190399,,
1175,45863,,,,,0.6202378869056702,0.4475553631782532
1175,45863,,,1.0936328172683716,0.4966103434562683,,
1176,45902,,,,,0.6191004514694214,0.4472053647041321
1176,45902,,,1.1037099361419678,0.49986234307289124,,
1177,45941,,,,,0.6186911463737488,0.4465394914150238
1177,45941,,,1.1139695644378662,0.5102872848510742,,
1178,45980,,,,,0.6178810000419617,0.4473778307437897
1178,45980,,,1.1022745370864868,0.5070934891700745,,
1179,46019,,,,,0.618667721748352,0.44887667894363403
1179,46019,,,1.1164861917495728,0.5151297450065613,,
1180,46058,,,,,0.6181700229644775,0.44865795969963074
1180,46058,,,1.1165258884429932,0.4917434751987457,,
1181,46097,,,,,0.6186830997467041,0.44940075278282166
1181,46097,,,1.108573079109192,0.4915979206562042,,
1182,46136,,,,,0.6184120178222656,0.44900062680244446
1182,46136,,,1.1152271032333374,0.511562705039978,,
1183,46175,,,,,0.6174008846282959,0.44871923327445984
1183,46175,,,1.1035186052322388,0.49738624691963196,,
1184,46214,,,,,0.6176350712776184,0.4486914277076721
1184,46214,,,1.1161739826202393,0.5126436352729797,,
1185,46253,,,,,0.6163116097450256,0.4485720694065094
1185,46253,,,1.0893902778625488,0.44944578409194946,,
1186,46292,,,,,0.616535484790802,0.4492512345314026
1186,46292,,,1.1150143146514893,0.4990544319152832,,
1187,46331,,,,,0.6176514625549316,0.44955384731292725
1187,46331,,,1.0644519329071045,0.5345107913017273,,
1188,46370,,,,,0.6160249710083008,0.4491456151008606
1188,46370,,,1.087180733680725,0.46823590993881226,,
1189,46409,,,,,0.6167822480201721,0.44863420724868774
1189,46409,,,1.0894116163253784,0.4840146005153656,,
1190,46448,,,,,0.6156468391418457,0.4491332769393921
1190,46448,,,1.1154357194900513,0.4934364855289459,,
1191,46487,,,,,0.6165456771850586,0.44952577352523804
1191,46487,,,1.101758360862732,0.47204893827438354,,
1192,46526,,,,,0.616215705871582,0.45053204894065857
1192,46526,,,1.1637178659439087,0.47103050351142883,,
1193,46565,,,,,0.6157829165458679,0.450369268655777
1193,46565,,,1.0971219539642334,0.4976048171520233,,
1194,46566,1.6233731508255005,0.3204832077026367,,,,
