epoch,step,test_loss,test_pcc,train_loss_epoch,train_pcc_epoch,val_loss,val_pcc
0,38,,,,,0.6669348478317261,-0.006139015778899193
0,38,,,1.4728275537490845,0.014420733787119389,,
1,77,,,,,0.7053004503250122,0.06683516502380371
1,77,,,1.3392016887664795,0.0074056172743439674,,
2,116,,,,,0.7591443657875061,0.13440294563770294
2,116,,,1.335510492324829,0.013928434811532497,,
3,155,,,,,0.7812784910202026,0.17827413976192474
3,155,,,1.3114583492279053,0.051270268857479095,,
4,194,,,,,0.7663667798042297,0.19440488517284393
4,194,,,1.283128261566162,0.012112381868064404,,
5,233,,,,,0.7703165411949158,0.20197631418704987
5,233,,,1.316825032234192,0.04021357744932175,,
6,272,,,,,0.7829979062080383,0.20370997488498688
6,272,,,1.3017059564590454,0.04293953999876976,,
7,311,,,,,0.7695455551147461,0.21047426760196686
7,311,,,1.300923228263855,-0.01247531920671463,,
8,350,,,,,0.8001238703727722,0.2121356874704361
8,350,,,1.345683217048645,0.032155927270650864,,
9,389,,,,,0.7771210670471191,0.21842974424362183
9,389,,,1.3157035112380981,-0.006875154096633196,,
10,428,,,,,0.7716509103775024,0.2173500955104828
10,428,,,1.3084666728973389,0.010778659954667091,,
11,467,,,,,0.7724809050559998,0.2161368578672409
11,467,,,1.289705753326416,0.05392502620816231,,
12,506,,,,,0.7488642334938049,0.2150578796863556
12,506,,,1.3021117448806763,0.05256173014640808,,
13,545,,,,,0.7665220499038696,0.21286489069461823
13,545,,,1.2740305662155151,0.056425876915454865,,
14,584,,,,,0.7855021357536316,0.21064358949661255
14,584,,,1.3307209014892578,0.00928262248635292,,
15,623,,,,,0.7554062008857727,0.20992720127105713
15,623,,,1.2851998805999756,0.09854284673929214,,
16,662,,,,,0.7395369410514832,0.21204541623592377
16,662,,,1.334303379058838,0.01034014392644167,,
17,701,,,,,0.76402348279953,0.21325691044330597
17,701,,,1.3034038543701172,0.10962196439504623,,
18,740,,,,,0.7478498220443726,0.21532653272151947
18,740,,,1.2797694206237793,0.09525122493505478,,
19,779,,,,,0.7570761442184448,0.21710310876369476
19,779,,,1.2949374914169312,0.14324647188186646,,
20,818,,,,,0.7437790036201477,0.22118520736694336
20,818,,,1.2346059083938599,0.1767602562904358,,
21,857,,,,,0.7453417778015137,0.21848513185977936
21,857,,,1.3120464086532593,0.1705671101808548,,
22,896,,,,,0.7528135776519775,0.21910057961940765
22,896,,,1.2882901430130005,0.23591797053813934,,
23,935,,,,,0.760707676410675,0.21934953331947327
23,935,,,1.2906533479690552,0.1966238021850586,,
24,974,,,,,0.7446786165237427,0.2220020890235901
24,974,,,1.3171921968460083,0.23872439563274384,,
25,1013,,,,,0.7724881768226624,0.22191330790519714
25,1013,,,1.2628321647644043,0.2961532473564148,,
26,1052,,,,,0.7631838917732239,0.2269190549850464
26,1052,,,1.2674381732940674,0.33346712589263916,,
27,1091,,,,,0.7583336234092712,0.22977417707443237
27,1091,,,1.2076796293258667,0.3099692463874817,,
28,1130,,,,,0.8058833479881287,0.23016470670700073
28,1130,,,1.2442944049835205,0.3361499607563019,,
29,1169,,,,,0.7856299877166748,0.23355764150619507
29,1169,,,1.2058825492858887,0.3284817039966583,,
30,1208,,,,,0.7805774807929993,0.2362724244594574
30,1208,,,1.2403253316879272,0.35677871108055115,,
31,1247,,,,,0.7878835797309875,0.2377307265996933
31,1247,,,1.2230783700942993,0.38713034987449646,,
32,1286,,,,,0.770003616809845,0.23965230584144592
32,1286,,,1.1635202169418335,0.40024247765541077,,
33,1325,,,,,0.7871729135513306,0.24204760789871216
33,1325,,,1.2040884494781494,0.37469735741615295,,
34,1364,,,,,0.8163164258003235,0.24431167542934418
34,1364,,,1.1984699964523315,0.39639315009117126,,
35,1403,,,,,0.80126953125,0.24773186445236206
35,1403,,,1.1644502878189087,0.39786767959594727,,
36,1442,,,,,0.7935214042663574,0.2504715025424957
36,1442,,,1.1756426095962524,0.3839040994644165,,
37,1481,,,,,0.8582808375358582,0.25179171562194824
37,1481,,,1.2021697759628296,0.42564842104911804,,
38,1520,,,,,0.8820042610168457,0.2525785565376282
38,1520,,,1.2346235513687134,0.3904946744441986,,
39,1559,,,,,0.8221434354782104,0.2574608623981476
39,1559,,,1.175700306892395,0.41467225551605225,,
40,1598,,,,,0.8242289423942566,0.2608904540538788
40,1598,,,1.1611886024475098,0.3889017105102539,,
41,1637,,,,,0.8059422969818115,0.2632964253425598
41,1637,,,1.1845989227294922,0.41941598057746887,,
42,1676,,,,,0.8331506252288818,0.2653961479663849
42,1676,,,1.1825957298278809,0.42392000555992126,,
43,1715,,,,,0.8608296513557434,0.2674523591995239
43,1715,,,1.2000508308410645,0.4095921516418457,,
44,1754,,,,,0.7826114892959595,0.2704041302204132
44,1754,,,1.1895861625671387,0.4309850335121155,,
45,1793,,,,,0.8240460753440857,0.2706175744533539
45,1793,,,1.1591919660568237,0.4182780385017395,,
46,1832,,,,,0.8045598268508911,0.2714935541152954
46,1832,,,1.185953140258789,0.4218122065067291,,
47,1871,,,,,0.8115897178649902,0.2728118896484375
47,1871,,,1.143480896949768,0.4162961542606354,,
48,1910,,,,,0.8102051615715027,0.2742564082145691
48,1910,,,1.1901270151138306,0.4037162959575653,,
49,1949,,,,,0.8371542692184448,0.27639907598495483
49,1949,,,1.1827313899993896,0.439248651266098,,
50,1988,,,,,0.8353626132011414,0.27712932229042053
50,1988,,,1.14674711227417,0.41385889053344727,,
51,2027,,,,,0.8300608992576599,0.27972716093063354
51,2027,,,1.1837880611419678,0.41018587350845337,,
52,2066,,,,,0.817198634147644,0.2827487289905548
52,2066,,,1.1548928022384644,0.42697617411613464,,
53,2105,,,,,0.8536211252212524,0.283491313457489
53,2105,,,1.1250377893447876,0.45605775713920593,,
54,2144,,,,,0.8395147323608398,0.2858922779560089
54,2144,,,1.1258370876312256,0.44674500823020935,,
55,2183,,,,,0.8075023889541626,0.2867826521396637
55,2183,,,1.171308994293213,0.4152235984802246,,
56,2222,,,,,0.8441958427429199,0.28787872195243835
56,2222,,,1.1632158756256104,0.44145476818084717,,
57,2261,,,,,0.8444913029670715,0.29005613923072815
57,2261,,,1.1702673435211182,0.4166027903556824,,
58,2300,,,,,0.813770592212677,0.2917831838130951
58,2300,,,1.1379730701446533,0.43964287638664246,,
59,2339,,,,,0.8042782545089722,0.2926686406135559
59,2339,,,1.165774941444397,0.42162400484085083,,
60,2378,,,,,0.8466931581497192,0.2929021418094635
60,2378,,,1.171271562576294,0.45327028632164,,
61,2417,,,,,0.8331473469734192,0.2931588292121887
61,2417,,,1.1599695682525635,0.4371832311153412,,
62,2456,,,,,0.8087653517723083,0.29372864961624146
62,2456,,,1.1399989128112793,0.4261147081851959,,
63,2495,,,,,0.8190440535545349,0.2952909469604492
63,2495,,,1.161632776260376,0.41629165410995483,,
64,2534,,,,,0.83034747838974,0.29672977328300476
64,2534,,,1.1347124576568604,0.44215354323387146,,
65,2573,,,,,0.8211750984191895,0.29792025685310364
65,2573,,,1.1669865846633911,0.42216581106185913,,
66,2612,,,,,0.829792857170105,0.2987014949321747
66,2612,,,1.1734302043914795,0.42570915818214417,,
67,2651,,,,,0.833733081817627,0.2995009422302246
67,2651,,,1.1635193824768066,0.4702211916446686,,
68,2690,,,,,0.8182758092880249,0.29881179332733154
68,2690,,,1.159065842628479,0.45440468192100525,,
69,2729,,,,,0.8409034013748169,0.29979270696640015
69,2729,,,1.1626830101013184,0.42517775297164917,,
70,2768,,,,,0.8051058650016785,0.3017776906490326
70,2768,,,1.1421533823013306,0.4544287919998169,,
71,2807,,,,,0.85307776927948,0.30237680673599243
71,2807,,,1.1380491256713867,0.4424852132797241,,
72,2846,,,,,0.8410850763320923,0.3043248653411865
72,2846,,,1.1470327377319336,0.4656938910484314,,
73,2885,,,,,0.8354121446609497,0.3057657480239868
73,2885,,,1.1223719120025635,0.4625963568687439,,
74,2924,,,,,0.8064075708389282,0.30681300163269043
74,2924,,,1.1645642518997192,0.45659658312797546,,
75,2963,,,,,0.8336482048034668,0.30860546231269836
75,2963,,,1.123178482055664,0.4500812590122223,,
76,3002,,,,,0.8473824262619019,0.3091747760772705
76,3002,,,1.1399174928665161,0.4794440269470215,,
77,3041,,,,,0.8390575051307678,0.3116604685783386
77,3041,,,1.131332516670227,0.4750986695289612,,
78,3080,,,,,0.8369095921516418,0.3135659396648407
78,3080,,,1.1268749237060547,0.4396555423736572,,
79,3119,,,,,0.8331989645957947,0.31356072425842285
79,3119,,,1.1177804470062256,0.46381643414497375,,
80,3158,,,,,0.849951446056366,0.3138625919818878
80,3158,,,1.14946711063385,0.4402802288532257,,
81,3197,,,,,0.8342040777206421,0.31422150135040283
81,3197,,,1.149833083152771,0.45920899510383606,,
82,3236,,,,,0.8375830054283142,0.3154947757720947
82,3236,,,1.0834325551986694,0.4410873353481293,,
83,3275,,,,,0.8409456014633179,0.3177378177642822
83,3275,,,1.1256153583526611,0.4705056846141815,,
84,3314,,,,,0.7889074683189392,0.31890344619750977
84,3314,,,1.155164122581482,0.43460777401924133,,
85,3353,,,,,0.8376680612564087,0.31884878873825073
85,3353,,,1.144651174545288,0.45607367157936096,,
86,3392,,,,,0.8350436091423035,0.3196083605289459
86,3392,,,1.136352300643921,0.47578591108322144,,
87,3431,,,,,0.8330307006835938,0.32026922702789307
87,3431,,,1.1016703844070435,0.4606383442878723,,
88,3470,,,,,0.8180664777755737,0.32037153840065
88,3470,,,1.1304301023483276,0.4297190010547638,,
89,3509,,,,,0.8006221055984497,0.3206886351108551
89,3509,,,1.1482633352279663,0.4394369423389435,,
90,3548,,,,,0.8444475531578064,0.32144835591316223
90,3548,,,1.0906829833984375,0.4710519313812256,,
91,3587,,,,,0.8239961862564087,0.32224199175834656
91,3587,,,1.1003186702728271,0.4727365970611572,,
92,3626,,,,,0.8328717947006226,0.3225466012954712
92,3626,,,1.0829260349273682,0.5035750269889832,,
93,3665,,,,,0.8031510710716248,0.3247281610965729
93,3665,,,1.1325781345367432,0.45560288429260254,,
94,3704,,,,,0.8447772860527039,0.3259071111679077
94,3704,,,1.126340627670288,0.4745447635650635,,
95,3743,,,,,0.8187460899353027,0.32689857482910156
95,3743,,,1.1268457174301147,0.4671962857246399,,
96,3782,,,,,0.826593279838562,0.3265402615070343
96,3782,,,1.1454981565475464,0.4637928605079651,,
97,3821,,,,,0.8099132180213928,0.3263656497001648
97,3821,,,1.1405625343322754,0.45807504653930664,,
98,3860,,,,,0.8163936734199524,0.32733872532844543
98,3860,,,1.1341835260391235,0.4528697431087494,,
99,3899,,,,,0.8276553153991699,0.32913875579833984
99,3899,,,1.1129027605056763,0.4909011125564575,,
100,3938,,,,,0.826438307762146,0.3295070230960846
100,3938,,,1.1282994747161865,0.4611107409000397,,
101,3977,,,,,0.8325749635696411,0.3306030333042145
101,3977,,,1.1281359195709229,0.4725781977176666,,
102,4016,,,,,0.8285053372383118,0.33144569396972656
102,4016,,,1.1120879650115967,0.47445908188819885,,
103,4055,,,,,0.8036796450614929,0.33213627338409424
103,4055,,,1.1662578582763672,0.47071436047554016,,
104,4094,,,,,0.8172622323036194,0.33319705724716187
104,4094,,,1.1165781021118164,0.4423608183860779,,
105,4133,,,,,0.8111423254013062,0.3338100016117096
105,4133,,,1.1296939849853516,0.4432657063007355,,
106,4172,,,,,0.8193047642707825,0.33366286754608154
106,4172,,,1.1244665384292603,0.427844762802124,,
107,4211,,,,,0.8207164406776428,0.33496585488319397
107,4211,,,1.111242651939392,0.4954429566860199,,
108,4250,,,,,0.8322514295578003,0.33510562777519226
108,4250,,,1.0989991426467896,0.48014160990715027,,
109,4289,,,,,0.839870035648346,0.33515435457229614
109,4289,,,1.0969215631484985,0.47974279522895813,,
110,4328,,,,,0.8107500076293945,0.3353026509284973
110,4328,,,1.1034678220748901,0.4722597599029541,,
111,4367,,,,,0.8177534937858582,0.3356536030769348
111,4367,,,1.0892395973205566,0.47844168543815613,,
112,4406,,,,,0.8210187554359436,0.3360491394996643
112,4406,,,1.174210786819458,0.46246337890625,,
113,4445,,,,,0.8184505105018616,0.3361559510231018
113,4445,,,1.1256091594696045,0.46983247995376587,,
114,4484,,,,,0.8356423377990723,0.33626869320869446
114,4484,,,1.093193531036377,0.49965521693229675,,
115,4523,,,,,0.8597188591957092,0.33591312170028687
115,4523,,,1.1328377723693848,0.48027753829956055,,
116,4562,,,,,0.8104093074798584,0.33659133315086365
116,4562,,,1.116155743598938,0.4644734263420105,,
117,4601,,,,,0.8425849676132202,0.3371957540512085
117,4601,,,1.1235237121582031,0.47899362444877625,,
118,4640,,,,,0.7950969934463501,0.3375641107559204
118,4640,,,1.1237151622772217,0.4506671726703644,,
119,4679,,,,,0.8214715123176575,0.3377973735332489
119,4679,,,1.0952140092849731,0.4872428774833679,,
120,4718,,,,,0.819693922996521,0.3395553231239319
120,4718,,,1.1652002334594727,0.4264380633831024,,
121,4757,,,,,0.8216533064842224,0.3403005599975586
121,4757,,,1.07899010181427,0.460396409034729,,
122,4796,,,,,0.8289806842803955,0.3406176269054413
122,4796,,,1.050032138824463,0.5054352879524231,,
123,4835,,,,,0.8291320204734802,0.34091562032699585
123,4835,,,1.0954407453536987,0.48214608430862427,,
124,4874,,,,,0.8346711993217468,0.34226101636886597
124,4874,,,1.1089316606521606,0.4919581413269043,,
125,4913,,,,,0.8221674561500549,0.34349003434181213
125,4913,,,1.1005910634994507,0.4906198978424072,,
126,4952,,,,,0.8260709047317505,0.3441320061683655
126,4952,,,1.1146187782287598,0.5111085176467896,,
127,4991,,,,,0.8054735660552979,0.34398096799850464
127,4991,,,1.12623131275177,0.49562081694602966,,
128,5030,,,,,0.8260534405708313,0.3443833291530609
128,5030,,,1.1166566610336304,0.4850943684577942,,
129,5069,,,,,0.8292838335037231,0.34454336762428284
129,5069,,,1.08949875831604,0.49946779012680054,,
130,5108,,,,,0.8375470638275146,0.34573981165885925
130,5108,,,1.109317660331726,0.47017431259155273,,
131,5147,,,,,0.8179374933242798,0.34541651606559753
131,5147,,,1.104028344154358,0.4933727979660034,,
132,5186,,,,,0.8165642619132996,0.3459944427013397
132,5186,,,1.134657859802246,0.4766005873680115,,
133,5225,,,,,0.835247814655304,0.34660544991493225
133,5225,,,1.0938540697097778,0.49375036358833313,,
134,5264,,,,,0.8516451120376587,0.34661662578582764
134,5264,,,1.0829191207885742,0.5106735825538635,,
135,5303,,,,,0.821063220500946,0.34653937816619873
135,5303,,,1.106799840927124,0.4695063829421997,,
136,5342,,,,,0.8463621735572815,0.3462328016757965
136,5342,,,1.1330310106277466,0.5097541213035583,,
137,5381,,,,,0.8503174781799316,0.34614673256874084
137,5381,,,1.146445393562317,0.4910065233707428,,
138,5420,,,,,0.8418318629264832,0.34650975465774536
138,5420,,,1.0916316509246826,0.5024756789207458,,
139,5459,,,,,0.8272002339363098,0.34621891379356384
139,5459,,,1.1058045625686646,0.4820155203342438,,
140,5498,,,,,0.823444664478302,0.34535953402519226
140,5498,,,1.0961806774139404,0.471606969833374,,
141,5537,,,,,0.818885326385498,0.3460163176059723
141,5537,,,1.123526930809021,0.4819425046443939,,
142,5576,,,,,0.8271353244781494,0.34569603204727173
142,5576,,,1.1104780435562134,0.452799916267395,,
143,5615,,,,,0.8653263449668884,0.3464990556240082
143,5615,,,1.121642827987671,0.48881834745407104,,
144,5654,,,,,0.8343234062194824,0.34726235270500183
144,5654,,,1.108831763267517,0.49592092633247375,,
145,5693,,,,,0.8173514604568481,0.3482208549976349
145,5693,,,1.0862631797790527,0.47679445147514343,,
146,5732,,,,,0.8273583650588989,0.3481343388557434
146,5732,,,1.079688549041748,0.47551780939102173,,
147,5771,,,,,0.8225487470626831,0.34792450070381165
147,5771,,,1.1001605987548828,0.4720088243484497,,
148,5810,,,,,0.8081509470939636,0.3481598496437073
148,5810,,,1.0820107460021973,0.45321890711784363,,
149,5849,,,,,0.8220266699790955,0.34864097833633423
149,5849,,,1.1207275390625,0.4781317710876465,,
150,5888,,,,,0.8192627429962158,0.34906768798828125
150,5888,,,1.149517297744751,0.4596392810344696,,
151,5927,,,,,0.8287089467048645,0.3494277596473694
151,5927,,,1.1108291149139404,0.4956369698047638,,
152,5966,,,,,0.8266482353210449,0.35016945004463196
152,5966,,,1.081615924835205,0.4837738573551178,,
153,6005,,,,,0.8242419362068176,0.350507915019989
153,6005,,,1.077170968055725,0.4762592911720276,,
154,6044,,,,,0.8429903388023376,0.35044580698013306
154,6044,,,1.1002932786941528,0.4906877875328064,,
155,6083,,,,,0.7955799698829651,0.35063686966896057
155,6083,,,1.1081578731536865,0.46800872683525085,,
156,6122,,,,,0.8438849449157715,0.35171863436698914
156,6122,,,1.0939568281173706,0.532558262348175,,
157,6161,,,,,0.8535452485084534,0.35293737053871155
157,6161,,,1.1300547122955322,0.47480759024620056,,
158,6200,,,,,0.8168736696243286,0.3536120057106018
158,6200,,,1.0946565866470337,0.4761279225349426,,
159,6239,,,,,0.8297742009162903,0.3537701368331909
159,6239,,,1.1254295110702515,0.4612109363079071,,
160,6278,,,,,0.8296228051185608,0.354331374168396
160,6278,,,1.100643515586853,0.4986707270145416,,
161,6317,,,,,0.7952600121498108,0.35415059328079224
161,6317,,,1.0849593877792358,0.45302557945251465,,
162,6356,,,,,0.8316810727119446,0.3538946509361267
162,6356,,,1.0758699178695679,0.4894281029701233,,
163,6395,,,,,0.8468506336212158,0.3529464304447174
163,6395,,,1.0693286657333374,0.48396486043930054,,
164,6434,,,,,0.8155278563499451,0.35284972190856934
164,6434,,,1.1107361316680908,0.49012115597724915,,
165,6473,,,,,0.8339501619338989,0.3539845645427704
165,6473,,,1.1054844856262207,0.4598159193992615,,
166,6512,,,,,0.8191038370132446,0.3545343279838562
166,6512,,,1.0968677997589111,0.4956361949443817,,
167,6551,,,,,0.8258336782455444,0.3541055917739868
167,6551,,,1.061601996421814,0.5077013969421387,,
168,6590,,,,,0.8640453815460205,0.35566645860671997
168,6590,,,1.0438685417175293,0.4883224368095398,,
169,6629,,,,,0.8240470290184021,0.3560241758823395
169,6629,,,1.1094390153884888,0.4759703278541565,,
170,6668,,,,,0.8424009680747986,0.3555935025215149
170,6668,,,1.130017876625061,0.44377371668815613,,
171,6707,,,,,0.8387643098831177,0.3566353917121887
171,6707,,,1.1046782732009888,0.5010853409767151,,
172,6746,,,,,0.8204895853996277,0.35737699270248413
172,6746,,,1.0889004468917847,0.5142537355422974,,
173,6785,,,,,0.8163245320320129,0.35723361372947693
173,6785,,,1.1583529710769653,0.47416025400161743,,
174,6824,,,,,0.8215497732162476,0.3568713068962097
174,6824,,,1.07968270778656,0.48252901434898376,,
175,6863,,,,,0.8225460052490234,0.35716739296913147
175,6863,,,1.0886197090148926,0.5030854344367981,,
176,6902,,,,,0.8109623789787292,0.3570822775363922
176,6902,,,1.1025434732437134,0.474913626909256,,
177,6941,,,,,0.802552342414856,0.35635796189308167
177,6941,,,1.1057568788528442,0.48192763328552246,,
178,6980,,,,,0.8137540817260742,0.35669538378715515
178,6980,,,1.082173466682434,0.48573461174964905,,
179,7019,,,,,0.8246408104896545,0.3566761612892151
179,7019,,,1.1159418821334839,0.4969027042388916,,
180,7058,,,,,0.8007392287254333,0.3567813038825989
180,7058,,,1.1170638799667358,0.45361146330833435,,
181,7097,,,,,0.8341000080108643,0.3577481806278229
181,7097,,,1.1127959489822388,0.48863935470581055,,
182,7136,,,,,0.811699390411377,0.35850828886032104
182,7136,,,1.1318308115005493,0.47459062933921814,,
183,7175,,,,,0.8456343412399292,0.3588840663433075
183,7175,,,1.0775858163833618,0.4827406406402588,,
184,7214,,,,,0.8089555501937866,0.3575425446033478
184,7214,,,1.1173980236053467,0.46478769183158875,,
185,7253,,,,,0.8078185319900513,0.3574616611003876
185,7253,,,1.105007529258728,0.47992372512817383,,
186,7292,,,,,0.8237168788909912,0.3567609488964081
186,7292,,,1.100975513458252,0.4892352223396301,,
187,7331,,,,,0.7907357215881348,0.35671621561050415
187,7331,,,1.1115366220474243,0.4460866451263428,,
188,7370,,,,,0.822616457939148,0.35620933771133423
188,7370,,,1.0999335050582886,0.47180360555648804,,
189,7409,,,,,0.8147565126419067,0.3561820387840271
189,7409,,,1.1143611669540405,0.4720509946346283,,
190,7448,,,,,0.8031607270240784,0.3566458225250244
190,7448,,,1.1294939517974854,0.4470648169517517,,
191,7487,,,,,0.8155936598777771,0.3569491505622864
191,7487,,,1.113434076309204,0.47924140095710754,,
192,7526,,,,,0.8432816863059998,0.3567444980144501
192,7526,,,1.050219178199768,0.5091415643692017,,
193,7565,,,,,0.8128893971443176,0.35692062973976135
193,7565,,,1.058842420578003,0.4981944262981415,,
194,7604,,,,,0.8269007802009583,0.35722053050994873
194,7604,,,1.1277506351470947,0.4879746437072754,,
195,7643,,,,,0.8171418905258179,0.35683318972587585
195,7643,,,1.0794646739959717,0.4965411424636841,,
196,7682,,,,,0.8304399251937866,0.3565328121185303
196,7682,,,1.112329125404358,0.46666303277015686,,
197,7721,,,,,0.877013087272644,0.3566538393497467
197,7721,,,1.1312103271484375,0.4757721722126007,,
198,7760,,,,,0.8646774291992188,0.35724392533302307
198,7760,,,1.1086559295654297,0.4960435628890991,,
199,7799,,,,,0.8548043370246887,0.3571120500564575
199,7799,,,1.0861306190490723,0.5168189406394958,,
200,7838,,,,,0.8297205567359924,0.35678741335868835
200,7838,,,1.1008753776550293,0.49958452582359314,,
201,7877,,,,,0.8420690298080444,0.3563661277294159
201,7877,,,1.0730713605880737,0.511049747467041,,
202,7916,,,,,0.8146631717681885,0.35636791586875916
202,7916,,,1.072411060333252,0.5273125767707825,,
203,7955,,,,,0.8112620711326599,0.3565709888935089
203,7955,,,1.066493272781372,0.5075909495353699,,
204,7994,,,,,0.8199766874313354,0.3578357398509979
204,7994,,,1.1239663362503052,0.4784068465232849,,
205,8033,,,,,0.8322383165359497,0.35866019129753113
205,8033,,,1.0904299020767212,0.5125025510787964,,
206,8072,,,,,0.8326621055603027,0.35874465107917786
206,8072,,,1.0785855054855347,0.5036482214927673,,
207,8111,,,,,0.8557402491569519,0.35949477553367615
207,8111,,,1.0723899602890015,0.4892164468765259,,
208,8150,,,,,0.8087101578712463,0.3591306507587433
208,8150,,,1.112725019454956,0.5073091387748718,,
209,8189,,,,,0.8095260858535767,0.35918304324150085
209,8189,,,1.1107419729232788,0.47716474533081055,,
210,8228,,,,,0.8167788982391357,0.35951313376426697
210,8228,,,1.118847370147705,0.4561745226383209,,
211,8267,,,,,0.8157365322113037,0.3601476550102234
211,8267,,,1.065385341644287,0.522729218006134,,
212,8306,,,,,0.7931858897209167,0.35911160707473755
212,8306,,,1.1188281774520874,0.46487367153167725,,
213,8345,,,,,0.8537009358406067,0.3600526452064514
213,8345,,,1.1066455841064453,0.5055955648422241,,
214,8384,,,,,0.8177915811538696,0.36030513048171997
214,8384,,,1.102398157119751,0.47971299290657043,,
215,8423,,,,,0.8336983323097229,0.3611301779747009
215,8423,,,1.0972203016281128,0.49889856576919556,,
216,8462,,,,,0.8168492913246155,0.36124300956726074
216,8462,,,1.0856540203094482,0.5116487741470337,,
217,8501,,,,,0.8090683221817017,0.362015962600708
217,8501,,,1.0659708976745605,0.4698750078678131,,
218,8540,,,,,0.8184800744056702,0.36179250478744507
218,8540,,,1.121990442276001,0.5000837445259094,,
219,8579,,,,,0.8191574811935425,0.36210116744041443
219,8579,,,1.0761374235153198,0.49601125717163086,,
220,8618,,,,,0.8268772959709167,0.3620041012763977
220,8618,,,1.094533085823059,0.5150917172431946,,
221,8657,,,,,0.7960698008537292,0.3611997067928314
221,8657,,,1.0768357515335083,0.5188804268836975,,
222,8696,,,,,0.8154107332229614,0.3606100082397461
222,8696,,,1.0731748342514038,0.5194677710533142,,
223,8735,,,,,0.811089038848877,0.361243337392807
223,8735,,,1.1200767755508423,0.4804131090641022,,
224,8774,,,,,0.8539652824401855,0.36171987652778625
224,8774,,,1.084691047668457,0.5064204335212708,,
225,8813,,,,,0.8081067204475403,0.3612971007823944
225,8813,,,1.1050301790237427,0.5085473656654358,,
226,8852,,,,,0.8307187557220459,0.3625289499759674
226,8852,,,1.085715413093567,0.5198158621788025,,
227,8891,,,,,0.8293251991271973,0.36292722821235657
227,8891,,,1.0403822660446167,0.517000675201416,,
228,8930,,,,,0.8334448337554932,0.3630906939506531
228,8930,,,1.1037534475326538,0.4598936438560486,,
229,8969,,,,,0.8379513621330261,0.36316820979118347
229,8969,,,1.0937485694885254,0.5208539962768555,,
230,9008,,,,,0.8473135232925415,0.3632694482803345
230,9008,,,1.07313871383667,0.5239640474319458,,
231,9047,,,,,0.8249237537384033,0.3627382814884186
231,9047,,,1.1210726499557495,0.4860819876194,,
232,9086,,,,,0.814543604850769,0.363081693649292
232,9086,,,1.0737171173095703,0.5217923521995544,,
233,9125,,,,,0.8371713161468506,0.3629268705844879
233,9125,,,1.0793274641036987,0.5143055319786072,,
234,9164,,,,,0.8214828968048096,0.36237555742263794
234,9164,,,1.0696194171905518,0.5085509419441223,,
235,9203,,,,,0.8010237216949463,0.36285772919654846
235,9203,,,1.0960476398468018,0.5173333883285522,,
236,9242,,,,,0.7935433983802795,0.3634185194969177
236,9242,,,1.07590913772583,0.48482367396354675,,
237,9281,,,,,0.8042077422142029,0.3639821410179138
237,9281,,,1.0656942129135132,0.5098111629486084,,
238,9320,,,,,0.8245086073875427,0.36431068181991577
238,9320,,,1.099039912223816,0.49886029958724976,,
239,9359,,,,,0.8180838823318481,0.3638850152492523
239,9359,,,1.064211130142212,0.4978179931640625,,
240,9398,,,,,0.8385221362113953,0.36333438754081726
240,9398,,,1.0889077186584473,0.5121438503265381,,
241,9437,,,,,0.8250918388366699,0.36284688115119934
241,9437,,,1.0881131887435913,0.47755470871925354,,
242,9476,,,,,0.8089686632156372,0.36320143938064575
242,9476,,,1.0761444568634033,0.5024539232254028,,
243,9515,,,,,0.8125127553939819,0.36389660835266113
243,9515,,,1.0790005922317505,0.5060421228408813,,
244,9554,,,,,0.8206074237823486,0.36341628432273865
244,9554,,,1.082232117652893,0.4784928262233734,,
245,9593,,,,,0.783496618270874,0.36260971426963806
245,9593,,,1.113769292831421,0.5017623901367188,,
246,9632,,,,,0.8009074926376343,0.36327165365219116
246,9632,,,1.0869786739349365,0.48648133873939514,,
247,9671,,,,,0.827244222164154,0.3645078241825104
247,9671,,,1.1118042469024658,0.4976857006549835,,
248,9710,,,,,0.8372642993927002,0.36496660113334656
248,9710,,,1.0820634365081787,0.4977003335952759,,
249,9749,,,,,0.8181017637252808,0.3641856610774994
249,9749,,,1.0927469730377197,0.4830467402935028,,
250,9788,,,,,0.8259363770484924,0.3647925853729248
250,9788,,,1.1035970449447632,0.4681949019432068,,
251,9827,,,,,0.8132055401802063,0.3644070327281952
251,9827,,,1.0850543975830078,0.5169367790222168,,
252,9866,,,,,0.8182174563407898,0.364087849855423
252,9866,,,1.0968071222305298,0.4961356222629547,,
253,9905,,,,,0.8249441385269165,0.36341869831085205
253,9905,,,1.0866928100585938,0.516747236251831,,
254,9944,,,,,0.8156226873397827,0.36380043625831604
254,9944,,,1.0816922187805176,0.5025550723075867,,
255,9983,,,,,0.8374037146568298,0.3642699718475342
255,9983,,,1.0718237161636353,0.5029950737953186,,
256,10022,,,,,0.8020583391189575,0.3640294671058655
256,10022,,,1.0903767347335815,0.5035198926925659,,
257,10061,,,,,0.7970572710037231,0.36410361528396606
257,10061,,,1.0993196964263916,0.49514341354370117,,
258,10100,,,,,0.813037633895874,0.3634836971759796
258,10100,,,1.0740712881088257,0.49487119913101196,,
259,10139,,,,,0.827379584312439,0.36409029364585876
259,10139,,,1.0574733018875122,0.5337735414505005,,
260,10178,,,,,0.8250172138214111,0.36395463347435
260,10178,,,1.1013222932815552,0.48981183767318726,,
261,10217,,,,,0.8298437595367432,0.36363908648490906
261,10217,,,1.053851842880249,0.5117529630661011,,
262,10256,,,,,0.8197859525680542,0.36358484625816345
262,10256,,,1.0682954788208008,0.49335426092147827,,
263,10295,,,,,0.8044114708900452,0.36321958899497986
263,10295,,,1.113922357559204,0.4793838560581207,,
264,10334,,,,,0.8143114447593689,0.36459797620773315
264,10334,,,1.0760473012924194,0.5095826387405396,,
265,10373,,,,,0.8278089761734009,0.36603057384490967
265,10373,,,1.1165238618850708,0.5069407224655151,,
266,10412,,,,,0.8177393674850464,0.36566436290740967
266,10412,,,1.0843815803527832,0.49320513010025024,,
267,10451,,,,,0.8306560516357422,0.3658396005630493
267,10451,,,1.072312831878662,0.5076395273208618,,
268,10490,,,,,0.8223261833190918,0.3664562702178955
268,10490,,,1.0798454284667969,0.4933982193470001,,
269,10529,,,,,0.825199544429779,0.3670941889286041
269,10529,,,1.0710995197296143,0.5006842613220215,,
270,10568,,,,,0.8009116053581238,0.3665810823440552
270,10568,,,1.0560603141784668,0.5446876883506775,,
271,10607,,,,,0.8307189345359802,0.3670484125614166
271,10607,,,1.0666626691818237,0.5233302116394043,,
272,10646,,,,,0.8343898057937622,0.3671749234199524
272,10646,,,1.0683904886245728,0.5051554441452026,,
273,10685,,,,,0.8311849236488342,0.36631080508232117
273,10685,,,1.0716105699539185,0.5112788081169128,,
274,10724,,,,,0.8386579751968384,0.3667975962162018
274,10724,,,1.0777919292449951,0.4995664954185486,,
275,10763,,,,,0.8342853784561157,0.36645767092704773
275,10763,,,1.0555132627487183,0.5225141644477844,,
276,10802,,,,,0.8489664793014526,0.3659631609916687
276,10802,,,1.0559935569763184,0.5227412581443787,,
277,10841,,,,,0.8046191930770874,0.36475878953933716
277,10841,,,1.0252050161361694,0.531221330165863,,
278,10880,,,,,0.8021097779273987,0.3642018139362335
278,10880,,,1.0840554237365723,0.5072765350341797,,
279,10919,,,,,0.8424112200737,0.36516714096069336
279,10919,,,1.0394890308380127,0.5242852568626404,,
280,10958,,,,,0.8051705956459045,0.3649480640888214
280,10958,,,1.0955216884613037,0.5179957151412964,,
281,10997,,,,,0.7937586903572083,0.3638620674610138
281,10997,,,1.0576791763305664,0.5044779181480408,,
282,11036,,,,,0.8391438722610474,0.36473023891448975
282,11036,,,1.071572184562683,0.529190182685852,,
283,11075,,,,,0.8052780628204346,0.36463576555252075
283,11075,,,1.0830576419830322,0.5251079201698303,,
284,11114,,,,,0.8189728856086731,0.3650458753108978
284,11114,,,1.1040637493133545,0.5085688233375549,,
285,11153,,,,,0.8108459115028381,0.36514177918434143
285,11153,,,1.057268500328064,0.5142523050308228,,
286,11192,,,,,0.817507266998291,0.36419039964675903
286,11192,,,1.0774954557418823,0.5039087533950806,,
287,11231,,,,,0.8356196880340576,0.3650175929069519
287,11231,,,1.0481069087982178,0.5512309670448303,,
288,11270,,,,,0.8601029515266418,0.3653339743614197
288,11270,,,1.0879143476486206,0.523371696472168,,
289,11309,,,,,0.7879740595817566,0.36389225721359253
289,11309,,,1.0557085275650024,0.5329422950744629,,
290,11348,,,,,0.8072355389595032,0.3643346130847931
290,11348,,,1.1294214725494385,0.5062695145606995,,
291,11387,,,,,0.7806153297424316,0.3629426956176758
291,11387,,,1.1106812953948975,0.45458778738975525,,
292,11426,,,,,0.8561434149742126,0.36457639932632446
292,11426,,,1.1083749532699585,0.5462123155593872,,
293,11465,,,,,0.856069803237915,0.36435890197753906
293,11465,,,1.073620319366455,0.527927577495575,,
294,11504,,,,,0.8255583643913269,0.3641705811023712
294,11504,,,1.0599297285079956,0.5176175832748413,,
295,11543,,,,,0.8263371586799622,0.3635248839855194
295,11543,,,1.0915127992630005,0.5207176208496094,,
296,11582,,,,,0.8551183938980103,0.3637060523033142
296,11582,,,1.0520919561386108,0.5414626002311707,,
297,11621,,,,,0.7874413728713989,0.36281126737594604
297,11621,,,1.1077734231948853,0.5276360511779785,,
298,11660,,,,,0.8052396178245544,0.3624618351459503
298,11660,,,1.0364185571670532,0.5135772824287415,,
299,11699,,,,,0.8040234446525574,0.3623139262199402
299,11699,,,1.0730831623077393,0.5386006236076355,,
300,11738,,,,,0.820638120174408,0.36354872584342957
300,11738,,,1.0390360355377197,0.514380156993866,,
301,11777,,,,,0.802962601184845,0.3636540472507477
301,11777,,,1.0753917694091797,0.4998098611831665,,
302,11816,,,,,0.8422549366950989,0.36438417434692383
302,11816,,,1.0700377225875854,0.5315641760826111,,
303,11855,,,,,0.8217477202415466,0.3637513518333435
303,11855,,,1.0417695045471191,0.5269991159439087,,
304,11894,,,,,0.8154858350753784,0.3624977469444275
304,11894,,,1.0936492681503296,0.5112866163253784,,
305,11933,,,,,0.8376534581184387,0.36368992924690247
305,11933,,,1.0465137958526611,0.5258440971374512,,
306,11972,,,,,0.7943945527076721,0.36253151297569275
306,11972,,,1.0691511631011963,0.510127067565918,,
307,12011,,,,,0.8154412508010864,0.3630293309688568
307,12011,,,1.0716943740844727,0.5120930671691895,,
308,12050,,,,,0.8053610324859619,0.3627554774284363
308,12050,,,1.0639647245407104,0.5266118049621582,,
309,12089,,,,,0.8237364888191223,0.3636486232280731
309,12089,,,1.060060977935791,0.5521165132522583,,
310,12128,,,,,0.8450919389724731,0.3638577461242676
310,12128,,,1.0545464754104614,0.5305681228637695,,
311,12167,,,,,0.8051105737686157,0.363529771566391
311,12167,,,1.0594507455825806,0.5407610535621643,,
312,12206,,,,,0.7922822833061218,0.3635142147541046
312,12206,,,1.0452196598052979,0.526482343673706,,
313,12245,,,,,0.8228537440299988,0.3642600476741791
313,12245,,,1.0556468963623047,0.5389370322227478,,
314,12284,,,,,0.8236860036849976,0.3641854226589203
314,12284,,,1.054761290550232,0.5425852537155151,,
315,12323,,,,,0.8218063116073608,0.3641376793384552
315,12323,,,1.0771392583847046,0.485568106174469,,
316,12362,,,,,0.7927019000053406,0.36265984177589417
316,12362,,,1.0462944507598877,0.5446581840515137,,
317,12401,,,,,0.8390746712684631,0.3627051115036011
317,12401,,,1.0414552688598633,0.527795135974884,,
318,12440,,,,,0.8016741275787354,0.3622630536556244
318,12440,,,1.059417486190796,0.5108463764190674,,
319,12479,,,,,0.7870724201202393,0.3626808226108551
319,12479,,,1.0403906106948853,0.5501208901405334,,
320,12518,,,,,0.8407847881317139,0.3638191223144531
320,12518,,,1.0512123107910156,0.5378614664077759,,
321,12557,,,,,0.838257908821106,0.3635607063770294
321,12557,,,1.0890247821807861,0.535565972328186,,
322,12596,,,,,0.8332015872001648,0.36404064297676086
322,12596,,,1.092896819114685,0.5345914959907532,,
323,12635,,,,,0.785245418548584,0.3611668348312378
323,12635,,,1.0813546180725098,0.49785012006759644,,
324,12674,,,,,0.7942750453948975,0.3606099486351013
324,12674,,,1.0850037336349487,0.5036168098449707,,
325,12713,,,,,0.824394166469574,0.36088570952415466
325,12713,,,1.045449137687683,0.544867217540741,,
326,12752,,,,,0.8255045413970947,0.3601531386375427
326,12752,,,1.02591073513031,0.5258482694625854,,
327,12791,,,,,0.8353794813156128,0.36010706424713135
327,12791,,,1.07020902633667,0.5298779606819153,,
328,12830,,,,,0.8207143545150757,0.3595069944858551
328,12830,,,1.0262454748153687,0.5218824148178101,,
329,12869,,,,,0.817001223564148,0.35844284296035767
329,12869,,,1.0511020421981812,0.5232828855514526,,
330,12908,,,,,0.8146379590034485,0.3580675721168518
330,12908,,,1.0548204183578491,0.526971697807312,,
331,12947,,,,,0.8286957144737244,0.3573850095272064
331,12947,,,1.0690759420394897,0.5437448620796204,,
332,12986,,,,,0.819445013999939,0.355787456035614
332,12986,,,1.0276777744293213,0.5605505704879761,,
333,13025,,,,,0.8100844621658325,0.35436439514160156
333,13025,,,1.0362277030944824,0.5104562640190125,,
334,13064,,,,,0.8091747760772705,0.3543620705604553
334,13064,,,1.031933069229126,0.5402810573577881,,
335,13103,,,,,0.805840790271759,0.3557050824165344
335,13103,,,1.0442190170288086,0.511503279209137,,
336,13142,,,,,0.7961164116859436,0.35505375266075134
336,13142,,,1.0224202871322632,0.5280416011810303,,
337,13181,,,,,0.7989277243614197,0.3547297716140747
337,13181,,,1.053996205329895,0.5282194018363953,,
338,13220,,,,,0.8061184883117676,0.35426345467567444
338,13220,,,1.0400445461273193,0.5328620672225952,,
339,13259,,,,,0.7960335612297058,0.3536819517612457
339,13259,,,1.0533807277679443,0.5220155715942383,,
340,13298,,,,,0.8011122941970825,0.3540066182613373
340,13298,,,1.0320706367492676,0.543093740940094,,
341,13337,,,,,0.822773814201355,0.3547784090042114
341,13337,,,1.0410124063491821,0.5550811886787415,,
342,13376,,,,,0.8176671862602234,0.3548760414123535
342,13376,,,1.0432698726654053,0.5258859395980835,,
343,13415,,,,,0.8060285449028015,0.3547830879688263
343,13415,,,1.0159865617752075,0.534778892993927,,
344,13454,,,,,0.822234034538269,0.3557705581188202
344,13454,,,1.0576969385147095,0.5454604029655457,,
345,13493,,,,,0.8207433223724365,0.3558872938156128
345,13493,,,1.0573029518127441,0.5295249819755554,,
346,13532,,,,,0.7972933053970337,0.3550660014152527
346,13532,,,1.0291550159454346,0.5467482209205627,,
347,13571,,,,,0.8149590492248535,0.35586586594581604
347,13571,,,1.0899105072021484,0.5413225889205933,,
348,13610,,,,,0.8114256262779236,0.3555149734020233
348,13610,,,1.0474635362625122,0.515935480594635,,
349,13649,,,,,0.8100607991218567,0.35392022132873535
349,13649,,,1.0646463632583618,0.5235876441001892,,
350,13688,,,,,0.8052700161933899,0.35284027457237244
350,13688,,,1.0320504903793335,0.5503378510475159,,
351,13727,,,,,0.8172175884246826,0.3534089922904968
351,13727,,,1.0680018663406372,0.5402002930641174,,
352,13766,,,,,0.8444521427154541,0.353804349899292
352,13766,,,1.0261400938034058,0.5534867644309998,,
353,13805,,,,,0.8236962556838989,0.35324734449386597
353,13805,,,1.0617778301239014,0.5436427593231201,,
354,13844,,,,,0.8012292981147766,0.3529508411884308
354,13844,,,1.0617231130599976,0.5090853571891785,,
355,13883,,,,,0.8095908164978027,0.35461971163749695
355,13883,,,1.030732274055481,0.5690261721611023,,
356,13922,,,,,0.808720588684082,0.3546120226383209
356,13922,,,1.032004475593567,0.5361384749412537,,
357,13961,,,,,0.8023650646209717,0.35371068120002747
357,13961,,,1.0397777557373047,0.55735844373703,,
358,14000,,,,,0.8103969693183899,0.35345152020454407
358,14000,,,1.0539640188217163,0.5357252955436707,,
359,14039,,,,,0.8133847117424011,0.35311058163642883
359,14039,,,1.058807611465454,0.5353360176086426,,
360,14078,,,,,0.838096022605896,0.3551959991455078
360,14078,,,1.0591070652008057,0.5334988832473755,,
361,14117,,,,,0.8057252168655396,0.352986216545105
361,14117,,,1.0328683853149414,0.5261949896812439,,
362,14156,,,,,0.8065356016159058,0.3516715168952942
362,14156,,,1.0272842645645142,0.5593817830085754,,
363,14195,,,,,0.8252625465393066,0.3518121540546417
363,14195,,,1.0107752084732056,0.5643300414085388,,
364,14234,,,,,0.825114905834198,0.3518019914627075
364,14234,,,1.0066627264022827,0.5593502521514893,,
365,14273,,,,,0.8045659065246582,0.35108745098114014
365,14273,,,1.0355596542358398,0.5655520558357239,,
366,14312,,,,,0.8383169174194336,0.3510107398033142
366,14312,,,1.0094231367111206,0.5520564913749695,,
367,14351,,,,,0.8303717970848083,0.35002413392066956
367,14351,,,1.033109188079834,0.5852580070495605,,
368,14390,,,,,0.803234338760376,0.3476463258266449
368,14390,,,1.0422921180725098,0.5597853064537048,,
369,14429,,,,,0.8188521265983582,0.34973660111427307
369,14429,,,1.0481133460998535,0.5397647619247437,,
370,14468,,,,,0.8133735656738281,0.3489295542240143
370,14468,,,1.0590823888778687,0.5438336133956909,,
371,14507,,,,,0.8185830116271973,0.348029226064682
371,14507,,,1.0536766052246094,0.5609531402587891,,
372,14546,,,,,0.8137704133987427,0.34671521186828613
372,14546,,,1.0566436052322388,0.5530742406845093,,
373,14585,,,,,0.8012067675590515,0.34498149156570435
373,14585,,,1.073413372039795,0.5153215527534485,,
374,14624,,,,,0.840739369392395,0.3461235463619232
374,14624,,,1.0461385250091553,0.551304280757904,,
375,14663,,,,,0.8166050910949707,0.34638285636901855
375,14663,,,1.061376929283142,0.5551645159721375,,
376,14702,,,,,0.8161731958389282,0.3477810323238373
376,14702,,,1.0347703695297241,0.567630410194397,,
377,14741,,,,,0.8109668493270874,0.3467298150062561
377,14741,,,1.0001364946365356,0.5748246312141418,,
378,14780,,,,,0.8134469389915466,0.34670934081077576
378,14780,,,1.035500407218933,0.5759913921356201,,
379,14819,,,,,0.814142644405365,0.3466367721557617
379,14819,,,1.0441335439682007,0.5639190673828125,,
380,14858,,,,,0.8141509294509888,0.34532514214515686
380,14858,,,1.0003093481063843,0.5643916726112366,,
381,14897,,,,,0.7973300814628601,0.34612447023391724
381,14897,,,1.040627360343933,0.5528304576873779,,
382,14936,,,,,0.7964315414428711,0.3470934331417084
382,14936,,,1.0125609636306763,0.5709777474403381,,
383,14975,,,,,0.8033177256584167,0.34849369525909424
383,14975,,,1.023090124130249,0.5898646116256714,,
384,15014,,,,,0.8028613924980164,0.34906208515167236
384,15014,,,1.030584454536438,0.5480278134346008,,
385,15053,,,,,0.8082743883132935,0.3486981987953186
385,15053,,,1.0090993642807007,0.5733096599578857,,
386,15092,,,,,0.7906049489974976,0.3474656641483307
386,15092,,,1.0262035131454468,0.5573580265045166,,
387,15131,,,,,0.7976837754249573,0.3473593592643738
387,15131,,,0.969845712184906,0.5752831697463989,,
388,15170,,,,,0.7813929915428162,0.3438812494277954
388,15170,,,1.078587293624878,0.56052166223526,,
389,15209,,,,,0.8068364858627319,0.3457914888858795
389,15209,,,1.0023233890533447,0.5668491125106812,,
390,15248,,,,,0.8245829343795776,0.3477650582790375
390,15248,,,1.0416826009750366,0.5866639614105225,,
391,15287,,,,,0.8055874109268188,0.3459051251411438
391,15287,,,1.0300194025039673,0.573144257068634,,
392,15326,,,,,0.7958419919013977,0.3436847925186157
392,15326,,,1.0379430055618286,0.5276098251342773,,
393,15365,,,,,0.7938904762268066,0.34231746196746826
393,15365,,,1.0204294919967651,0.5633648037910461,,
394,15404,,,,,0.8178298473358154,0.34526821970939636
394,15404,,,1.059342622756958,0.5389358401298523,,
395,15443,,,,,0.8022686243057251,0.34481915831565857
395,15443,,,1.0295740365982056,0.569966197013855,,
396,15482,,,,,0.8113148212432861,0.34473082423210144
396,15482,,,1.0202181339263916,0.5331805348396301,,
397,15521,,,,,0.8105140328407288,0.34459882974624634
397,15521,,,0.9937390089035034,0.5957213640213013,,
398,15560,,,,,0.8338281512260437,0.3454611599445343
398,15560,,,1.0532861948013306,0.5132289528846741,,
399,15599,,,,,0.7982194423675537,0.34607067704200745
399,15599,,,1.0471385717391968,0.5322122573852539,,
400,15638,,,,,0.8066384792327881,0.3462551236152649
400,15638,,,1.032668113708496,0.5427460670471191,,
401,15677,,,,,0.836895227432251,0.3475366532802582
401,15677,,,1.0123462677001953,0.565038800239563,,
402,15716,,,,,0.835773766040802,0.34848734736442566
402,15716,,,1.0165354013442993,0.617577850818634,,
403,15755,,,,,0.8116704821586609,0.34656965732574463
403,15755,,,1.0553553104400635,0.5493402481079102,,
404,15794,,,,,0.7984094619750977,0.34391722083091736
404,15794,,,1.0397799015045166,0.558925449848175,,
405,15833,,,,,0.785628616809845,0.34374508261680603
405,15833,,,1.0161341428756714,0.5721660256385803,,
406,15872,,,,,0.8148927092552185,0.3457896411418915
406,15872,,,1.017965316772461,0.5669494867324829,,
407,15911,,,,,0.7795759439468384,0.344098836183548
407,15911,,,1.0085399150848389,0.5696923732757568,,
408,15950,,,,,0.7944056391716003,0.34290841221809387
408,15950,,,1.0333293676376343,0.548674464225769,,
409,15989,,,,,0.8010721206665039,0.34228432178497314
409,15989,,,1.0171183347702026,0.5756002068519592,,
410,16028,,,,,0.7940157055854797,0.3404107391834259
410,16028,,,1.041272759437561,0.5399923324584961,,
411,16067,,,,,0.7871981263160706,0.33904334902763367
411,16067,,,1.0564327239990234,0.5498553514480591,,
412,16106,,,,,0.8079878091812134,0.34166261553764343
412,16106,,,1.0424505472183228,0.5701667070388794,,
413,16145,,,,,0.8047704696655273,0.3410772383213043
413,16145,,,0.9956094026565552,0.5944092869758606,,
414,16184,,,,,0.7970454096794128,0.34076833724975586
414,16184,,,1.0349953174591064,0.5624651312828064,,
415,16223,,,,,0.8017075061798096,0.34030234813690186
415,16223,,,1.0360229015350342,0.573206901550293,,
416,16262,,,,,0.8059892058372498,0.3416242301464081
416,16262,,,1.008398413658142,0.5764543414115906,,
417,16301,,,,,0.7999930381774902,0.33993473649024963
417,16301,,,0.9932560324668884,0.5876315832138062,,
418,16340,,,,,0.7992080450057983,0.33960819244384766
418,16340,,,1.0253877639770508,0.5734373331069946,,
419,16379,,,,,0.8022698163986206,0.3401148021221161
419,16379,,,1.0497314929962158,0.5772724151611328,,
420,16418,,,,,0.8110313415527344,0.34089064598083496
420,16418,,,0.9974653720855713,0.6059170365333557,,
421,16457,,,,,0.7937061786651611,0.3415147662162781
421,16457,,,1.0084847211837769,0.5926178097724915,,
422,16496,,,,,0.8185927867889404,0.3438129127025604
422,16496,,,1.0233879089355469,0.5751622319221497,,
423,16535,,,,,0.8009086847305298,0.3426452875137329
423,16535,,,1.0056076049804688,0.573253333568573,,
424,16574,,,,,0.8320101499557495,0.34288540482521057
424,16574,,,1.04491126537323,0.5660644769668579,,
425,16613,,,,,0.8090621829032898,0.34139543771743774
425,16613,,,0.9753323197364807,0.5998260378837585,,
426,16652,,,,,0.811507523059845,0.3415415585041046
426,16652,,,1.0434468984603882,0.5679594278335571,,
427,16691,,,,,0.7896605730056763,0.3406376242637634
427,16691,,,0.9958279132843018,0.5921424627304077,,
428,16730,,,,,0.8116881251335144,0.3419688642024994
428,16730,,,0.984857439994812,0.6034767031669617,,
429,16769,,,,,0.8059329390525818,0.34257206320762634
429,16769,,,1.0252137184143066,0.5734791159629822,,
430,16808,,,,,0.7948316335678101,0.34299832582473755
430,16808,,,1.0268480777740479,0.5770689845085144,,
431,16847,,,,,0.7915176749229431,0.34271350502967834
431,16847,,,0.988598644733429,0.613568127155304,,
432,16886,,,,,0.8049311637878418,0.34457871317863464
432,16886,,,1.0187674760818481,0.5702418684959412,,
433,16925,,,,,0.8244336843490601,0.34631913900375366
433,16925,,,1.0157179832458496,0.5988004803657532,,
434,16964,,,,,0.7978742718696594,0.34463998675346375
434,16964,,,1.0126909017562866,0.5630083680152893,,
435,17003,,,,,0.8025432825088501,0.3437280058860779
435,17003,,,1.0183160305023193,0.5466468930244446,,
436,17042,,,,,0.8340269327163696,0.3438400328159332
436,17042,,,1.0121673345565796,0.586588978767395,,
437,17081,,,,,0.7923671007156372,0.34174084663391113
437,17081,,,0.9619109034538269,0.6092529296875,,
438,17120,,,,,0.7974058985710144,0.34165647625923157
438,17120,,,1.007874846458435,0.6032882332801819,,
439,17159,,,,,0.8068404197692871,0.34106990694999695
439,17159,,,1.0002950429916382,0.5993208289146423,,
440,17198,,,,,0.7961370348930359,0.3416818082332611
440,17198,,,1.0009419918060303,0.5670289993286133,,
441,17237,,,,,0.801256000995636,0.3422006666660309
441,17237,,,1.0071628093719482,0.5973377227783203,,
442,17276,,,,,0.8161720037460327,0.3425372540950775
442,17276,,,0.9999847412109375,0.5872406363487244,,
443,17315,,,,,0.8100287318229675,0.3435697555541992
443,17315,,,1.0131454467773438,0.5658377408981323,,
444,17354,,,,,0.7882996201515198,0.34125030040740967
444,17354,,,0.9977062940597534,0.5796030163764954,,
445,17393,,,,,0.7983696460723877,0.3395863473415375
445,17393,,,0.9812754392623901,0.5872103571891785,,
446,17432,,,,,0.8137378692626953,0.3419644832611084
446,17432,,,0.9919566512107849,0.6206937432289124,,
447,17471,,,,,0.7935366630554199,0.3400546610355377
447,17471,,,1.0562511682510376,0.56996089220047,,
448,17510,,,,,0.8005930185317993,0.3418239653110504
448,17510,,,1.0404727458953857,0.547920823097229,,
449,17549,,,,,0.7805821299552917,0.3407834768295288
449,17549,,,1.0179166793823242,0.5836507081985474,,
450,17588,,,,,0.7766046524047852,0.340202659368515
450,17588,,,1.0117366313934326,0.5895311832427979,,
451,17627,,,,,0.8073320984840393,0.3402489423751831
451,17627,,,0.9914757013320923,0.5959022045135498,,
452,17666,,,,,0.7980882525444031,0.34038305282592773
452,17666,,,0.9919508695602417,0.5797865986824036,,
453,17705,,,,,0.7832103967666626,0.3389187753200531
453,17705,,,1.0147705078125,0.5746738314628601,,
454,17744,,,,,0.7747236490249634,0.33825597167015076
454,17744,,,1.0468741655349731,0.555200457572937,,
455,17783,,,,,0.8098853826522827,0.3379894196987152
455,17783,,,1.0224376916885376,0.5571581125259399,,
456,17822,,,,,0.8011123538017273,0.33809274435043335
456,17822,,,1.0064512491226196,0.5926694273948669,,
457,17861,,,,,0.7706387042999268,0.3376708924770355
457,17861,,,1.0307608842849731,0.559690535068512,,
458,17900,,,,,0.7907143831253052,0.3404461145401001
458,17900,,,1.0404877662658691,0.5332610607147217,,
459,17939,,,,,0.8093558549880981,0.3432694673538208
459,17939,,,1.0134228467941284,0.5914071798324585,,
460,17978,,,,,0.7904919385910034,0.3424049913883209
460,17978,,,1.0259249210357666,0.5613712072372437,,
461,18017,,,,,0.7850939631462097,0.3400883078575134
461,18017,,,0.9913049340248108,0.590093731880188,,
462,18056,,,,,0.7995734214782715,0.3415278196334839
462,18056,,,1.0445892810821533,0.5815461874008179,,
463,18095,,,,,0.7837626934051514,0.33931368589401245
463,18095,,,0.9726271033287048,0.5946776270866394,,
464,18134,,,,,0.7945992946624756,0.33945202827453613
464,18134,,,0.9487742185592651,0.6044407486915588,,
465,18173,,,,,0.7623535990715027,0.33754658699035645
465,18173,,,1.0323162078857422,0.5459572076797485,,
466,18212,,,,,0.7814192175865173,0.33870935440063477
466,18212,,,1.0272835493087769,0.5686001777648926,,
467,18251,,,,,0.7927627563476562,0.33856266736984253
467,18251,,,1.044857382774353,0.6084011793136597,,
468,18290,,,,,0.7860482931137085,0.3361995220184326
468,18290,,,1.0015016794204712,0.5758893489837646,,
469,18329,,,,,0.7800116539001465,0.33375051617622375
469,18329,,,0.9990630745887756,0.5841662883758545,,
470,18368,,,,,0.7861393690109253,0.33613404631614685
470,18368,,,0.9818519949913025,0.6059717535972595,,
471,18407,,,,,0.7837052345275879,0.3334713876247406
471,18407,,,0.9919353127479553,0.6020517945289612,,
472,18446,,,,,0.7695435881614685,0.33220532536506653
472,18446,,,0.9829779267311096,0.5677076578140259,,
473,18485,,,,,0.7838626503944397,0.33186203241348267
473,18485,,,1.0140056610107422,0.5848928689956665,,
474,18524,,,,,0.7816083431243896,0.32936471700668335
474,18524,,,0.977576732635498,0.5666723251342773,,
475,18563,,,,,0.7744623422622681,0.32648172974586487
475,18563,,,0.9442554116249084,0.6230525374412537,,
476,18602,,,,,0.7765823602676392,0.32686924934387207
476,18602,,,1.0073158740997314,0.5864437818527222,,
477,18641,,,,,0.7892468571662903,0.3285227119922638
477,18641,,,0.9761947989463806,0.5990034937858582,,
478,18680,,,,,0.7668595314025879,0.3287077844142914
478,18680,,,0.9981502890586853,0.5834439396858215,,
479,18719,,,,,0.7836278080940247,0.3286161720752716
479,18719,,,1.0105500221252441,0.5930867195129395,,
480,18758,,,,,0.7983785271644592,0.3308682441711426
480,18758,,,0.9873115420341492,0.6006380915641785,,
481,18797,,,,,0.7709387540817261,0.33086544275283813
481,18797,,,1.0123767852783203,0.5992969870567322,,
482,18836,,,,,0.7953938841819763,0.3333841562271118
482,18836,,,0.9927462339401245,0.5921757817268372,,
483,18875,,,,,0.7755088806152344,0.3332085609436035
483,18875,,,1.0355031490325928,0.5639058351516724,,
484,18914,,,,,0.7750015258789062,0.333834707736969
484,18914,,,0.9858217239379883,0.566582202911377,,
485,18953,,,,,0.7809708118438721,0.3339489996433258
485,18953,,,1.000025987625122,0.563191294670105,,
486,18992,,,,,0.7844804525375366,0.33354508876800537
486,18992,,,0.9834877252578735,0.5859259963035583,,
487,19031,,,,,0.7961539030075073,0.33479300141334534
487,19031,,,0.9953873753547668,0.5884313583374023,,
488,19070,,,,,0.7779684662818909,0.3341982662677765
488,19070,,,1.0418764352798462,0.5542094707489014,,
489,19109,,,,,0.7796034216880798,0.33573785424232483
489,19109,,,0.9578511118888855,0.602209210395813,,
490,19148,,,,,0.790837287902832,0.3383479416370392
490,19148,,,1.023482322692871,0.6014069318771362,,
491,19187,,,,,0.7594596743583679,0.33824294805526733
491,19187,,,1.0064245462417603,0.5504493713378906,,
492,19226,,,,,0.786323606967926,0.3397945761680603
492,19226,,,0.99418044090271,0.6012361645698547,,
493,19265,,,,,0.7978259325027466,0.3395020365715027
493,19265,,,0.982222318649292,0.6087301969528198,,
494,19304,,,,,0.7864865660667419,0.3389493227005005
494,19304,,,1.0473092794418335,0.5814412236213684,,
495,19343,,,,,0.7781810164451599,0.3358990252017975
495,19343,,,1.012604832649231,0.5894795060157776,,
496,19382,,,,,0.7969364523887634,0.3398931920528412
496,19382,,,1.0185925960540771,0.6006399989128113,,
497,19421,,,,,0.770488977432251,0.34050461649894714
497,19421,,,1.0017377138137817,0.5783975720405579,,
498,19460,,,,,0.798744261264801,0.3461034595966339
498,19460,,,0.9906407594680786,0.5898315906524658,,
499,19499,,,,,0.7699650526046753,0.3440318703651428
499,19499,,,0.9950183033943176,0.5932921171188354,,
500,19538,,,,,0.7743984460830688,0.34249037504196167
500,19538,,,1.0019922256469727,0.5549331307411194,,
501,19577,,,,,0.7643367052078247,0.34126016497612
501,19577,,,1.0459051132202148,0.5670896768569946,,
502,19616,,,,,0.7726138234138489,0.34325486421585083
502,19616,,,0.9865415692329407,0.6054551005363464,,
503,19655,,,,,0.7859410643577576,0.34316712617874146
503,19655,,,0.9824411273002625,0.591832160949707,,
504,19694,,,,,0.770677387714386,0.3410443961620331
504,19694,,,1.0049470663070679,0.6108707785606384,,
505,19733,,,,,0.7485218644142151,0.3385959565639496
505,19733,,,0.9942238926887512,0.5830363035202026,,
506,19772,,,,,0.7779223322868347,0.33998608589172363
506,19772,,,0.9575312733650208,0.584405243396759,,
507,19811,,,,,0.7800378203392029,0.341175377368927
507,19811,,,0.966519296169281,0.5911524891853333,,
508,19850,,,,,0.7636937499046326,0.3406246304512024
508,19850,,,0.9786262512207031,0.5964656472206116,,
509,19889,,,,,0.7635887861251831,0.3405487835407257
509,19889,,,1.0103931427001953,0.580445408821106,,
510,19928,,,,,0.7638168334960938,0.3397948443889618
510,19928,,,0.9868898391723633,0.5984897613525391,,
511,19967,,,,,0.7698022127151489,0.3402371108531952
511,19967,,,1.0197923183441162,0.5825676918029785,,
512,20006,,,,,0.7723273038864136,0.3419080078601837
512,20006,,,1.0289191007614136,0.5900532007217407,,
513,20045,,,,,0.745318591594696,0.3402077555656433
513,20045,,,0.9916418194770813,0.6036136746406555,,
514,20084,,,,,0.7586503624916077,0.34022843837738037
514,20084,,,0.976288914680481,0.5804771780967712,,
515,20123,,,,,0.74655681848526,0.33835315704345703
515,20123,,,1.0004284381866455,0.5728226900100708,,
516,20162,,,,,0.7588055729866028,0.33821314573287964
516,20162,,,1.004149079322815,0.5653923153877258,,
517,20201,,,,,0.7643529772758484,0.3388919532299042
517,20201,,,0.9828976392745972,0.5872291922569275,,
518,20240,,,,,0.7952530980110168,0.34184351563453674
518,20240,,,0.9989693760871887,0.6076118350028992,,
519,20279,,,,,0.7601416110992432,0.3426215350627899
519,20279,,,0.9892944693565369,0.6022598147392273,,
520,20318,,,,,0.7513449192047119,0.34172073006629944
520,20318,,,0.9458594918251038,0.6338188052177429,,
521,20357,,,,,0.746452808380127,0.3403693437576294
521,20357,,,1.0135235786437988,0.577125072479248,,
522,20396,,,,,0.7624187469482422,0.34088119864463806
522,20396,,,0.9863526821136475,0.6301392316818237,,
523,20435,,,,,0.7595934867858887,0.339700311422348
523,20435,,,0.9783850312232971,0.5777446031570435,,
524,20474,,,,,0.7547363638877869,0.3392072916030884
524,20474,,,0.9755180478096008,0.5914741158485413,,
525,20513,,,,,0.7551203966140747,0.3396841883659363
525,20513,,,0.9923737645149231,0.5920795202255249,,
526,20552,,,,,0.7622078657150269,0.34096941351890564
526,20552,,,1.0131419897079468,0.5845438838005066,,
527,20591,,,,,0.7600131034851074,0.3403206467628479
527,20591,,,0.9825716018676758,0.5983724594116211,,
528,20630,,,,,0.7570408582687378,0.3405240774154663
528,20630,,,0.9982151389122009,0.5928868055343628,,
529,20669,,,,,0.7630603909492493,0.3387911021709442
529,20669,,,0.9606603980064392,0.6005196571350098,,
530,20708,,,,,0.7782729864120483,0.3388693332672119
530,20708,,,1.0013314485549927,0.5934502482414246,,
531,20747,,,,,0.7563015818595886,0.33948540687561035
531,20747,,,1.0186595916748047,0.5998443365097046,,
532,20786,,,,,0.7731842398643494,0.33858510851860046
532,20786,,,0.9424450993537903,0.6198989748954773,,
533,20825,,,,,0.7685720324516296,0.3401467502117157
533,20825,,,0.9816410541534424,0.6224313378334045,,
534,20864,,,,,0.7647708058357239,0.33927738666534424
534,20864,,,1.0047214031219482,0.5880236029624939,,
535,20903,,,,,0.7531744837760925,0.3409683108329773
535,20903,,,0.9881545901298523,0.6127292513847351,,
536,20942,,,,,0.7681229710578918,0.3432108163833618
536,20942,,,0.991670548915863,0.6099623441696167,,
537,20981,,,,,0.7747620940208435,0.34193485975265503
537,20981,,,0.9865157008171082,0.600690484046936,,
538,21020,,,,,0.7597374320030212,0.33921152353286743
538,21020,,,0.991639256477356,0.591187059879303,,
539,21059,,,,,0.764096736907959,0.337648868560791
539,21059,,,0.9893606901168823,0.6236647367477417,,
540,21098,,,,,0.7832838296890259,0.3408525288105011
540,21098,,,0.9478442072868347,0.6211552023887634,,
541,21137,,,,,0.7704131603240967,0.34147316217422485
541,21137,,,0.9843416213989258,0.6257256865501404,,
542,21176,,,,,0.7665910720825195,0.34156298637390137
542,21176,,,0.9749346971511841,0.6130009889602661,,
543,21215,,,,,0.7415784001350403,0.34229180216789246
543,21215,,,1.0026122331619263,0.5886828899383545,,
544,21254,,,,,0.7638747692108154,0.34342721104621887
544,21254,,,1.0064657926559448,0.600030243396759,,
545,21293,,,,,0.7697063088417053,0.344979465007782
545,21293,,,1.000697374343872,0.5992108583450317,,
546,21332,,,,,0.7555044889450073,0.3427729308605194
546,21332,,,0.9482649564743042,0.6093348264694214,,
547,21371,,,,,0.7604146599769592,0.3421655595302582
547,21371,,,0.9811100363731384,0.6090063452720642,,
548,21410,,,,,0.7736600637435913,0.34321728348731995
548,21410,,,0.9806240797042847,0.6289927363395691,,
549,21449,,,,,0.7546944618225098,0.3407747447490692
549,21449,,,0.9672672748565674,0.5885232090950012,,
550,21488,,,,,0.758659303188324,0.3423721194267273
550,21488,,,1.0077563524246216,0.6046450734138489,,
551,21527,,,,,0.7383615374565125,0.33950087428092957
551,21527,,,0.9488723874092102,0.6058259010314941,,
552,21566,,,,,0.7700749039649963,0.3414914309978485
552,21566,,,0.9656385779380798,0.6150954961776733,,
553,21605,,,,,0.7519373297691345,0.34006267786026
553,21605,,,0.9711121916770935,0.6210213899612427,,
554,21644,,,,,0.7557232975959778,0.33991673588752747
554,21644,,,0.9850190281867981,0.587145984172821,,
555,21683,,,,,0.7782613039016724,0.33957022428512573
555,21683,,,0.9782925844192505,0.6298245191574097,,
556,21722,,,,,0.7560223937034607,0.3371179401874542
556,21722,,,0.9580627679824829,0.6150532364845276,,
557,21761,,,,,0.7555363178253174,0.3357289135456085
557,21761,,,0.9817444086074829,0.6074337363243103,,
558,21800,,,,,0.7578757405281067,0.3361719250679016
558,21800,,,0.9551815390586853,0.6266762018203735,,
559,21839,,,,,0.74327552318573,0.33420330286026
559,21839,,,0.9447863698005676,0.6129331588745117,,
560,21878,,,,,0.7547006607055664,0.33251938223838806
560,21878,,,0.9584439396858215,0.6039832234382629,,
561,21917,,,,,0.7615180611610413,0.3345296382904053
561,21917,,,0.9534009099006653,0.6477186679840088,,
562,21956,,,,,0.7532377243041992,0.3332248628139496
562,21956,,,0.9532126188278198,0.6392385363578796,,
563,21995,,,,,0.7444543242454529,0.3326341211795807
563,21995,,,0.9613789319992065,0.6036904454231262,,
564,22034,,,,,0.7386868000030518,0.33149629831314087
564,22034,,,0.99643474817276,0.5910757780075073,,
565,22073,,,,,0.754207193851471,0.3339158892631531
565,22073,,,0.9503552317619324,0.5914942622184753,,
566,22112,,,,,0.7495447993278503,0.33179566264152527
566,22112,,,0.9484918117523193,0.611034095287323,,
567,22151,,,,,0.7443905472755432,0.33390113711357117
567,22151,,,0.9733445644378662,0.6166643500328064,,
568,22190,,,,,0.7612870931625366,0.3370441496372223
568,22190,,,0.9620365500450134,0.6285139918327332,,
569,22229,,,,,0.7368006110191345,0.3345848619937897
569,22229,,,1.0202096700668335,0.5809189081192017,,
570,22268,,,,,0.7593497037887573,0.33663198351860046
570,22268,,,0.987309992313385,0.6230022311210632,,
571,22307,,,,,0.7351552844047546,0.33491939306259155
571,22307,,,0.992242157459259,0.5910895466804504,,
572,22346,,,,,0.7442105412483215,0.3380916714668274
572,22346,,,0.9798928499221802,0.6365710496902466,,
573,22385,,,,,0.7591512799263,0.34132328629493713
573,22385,,,0.9762738347053528,0.6151738166809082,,
574,22424,,,,,0.765640377998352,0.3401029706001282
574,22424,,,0.9693307280540466,0.6042216420173645,,
575,22463,,,,,0.751824140548706,0.3385993242263794
575,22463,,,0.9705087542533875,0.631619393825531,,
576,22502,,,,,0.7396659255027771,0.33570247888565063
576,22502,,,1.0060762166976929,0.5903153419494629,,
577,22541,,,,,0.7504938244819641,0.3369213044643402
577,22541,,,0.9884388446807861,0.5873575210571289,,
578,22580,,,,,0.752458930015564,0.338111937046051
578,22580,,,0.9747923016548157,0.6224126815795898,,
579,22619,,,,,0.7579268217086792,0.3391795754432678
579,22619,,,0.9279457330703735,0.6158443093299866,,
580,22658,,,,,0.7501296997070312,0.3403116762638092
580,22658,,,0.9658167958259583,0.6267279982566833,,
581,22697,,,,,0.7569315433502197,0.3398590683937073
581,22697,,,0.9731994271278381,0.6078251600265503,,
582,22736,,,,,0.7494523525238037,0.33982306718826294
582,22736,,,0.937425971031189,0.6151762008666992,,
583,22775,,,,,0.7502568960189819,0.3397288918495178
583,22775,,,0.9675767421722412,0.5958060622215271,,
584,22814,,,,,0.7440202236175537,0.3397100567817688
584,22814,,,1.0062830448150635,0.6173653602600098,,
585,22853,,,,,0.7509457468986511,0.33734041452407837
585,22853,,,0.944334864616394,0.6127278804779053,,
586,22892,,,,,0.7463326454162598,0.33855679631233215
586,22892,,,0.950183093547821,0.6113654375076294,,
587,22931,,,,,0.7499150037765503,0.33902981877326965
587,22931,,,0.9696890711784363,0.6227447390556335,,
588,22970,,,,,0.7497212290763855,0.34025683999061584
588,22970,,,0.9516401886940002,0.6047845482826233,,
589,23009,,,,,0.7530187964439392,0.3401433825492859
589,23009,,,0.94657301902771,0.6342581510543823,,
590,23048,,,,,0.7363386750221252,0.3375464379787445
590,23048,,,0.9278219938278198,0.6496016383171082,,
591,23087,,,,,0.7508578300476074,0.3379528224468231
591,23087,,,0.9693306088447571,0.6073629856109619,,
592,23126,,,,,0.7530652284622192,0.33767813444137573
592,23126,,,0.921431303024292,0.6169080138206482,,
593,23165,,,,,0.7501528263092041,0.33570894598960876
593,23165,,,0.991093635559082,0.6104628443717957,,
594,23204,,,,,0.7489259243011475,0.3369360864162445
594,23204,,,0.9657729864120483,0.6265905499458313,,
595,23243,,,,,0.7401695847511292,0.33631637692451477
595,23243,,,0.9364001750946045,0.6339205503463745,,
596,23282,,,,,0.7695323824882507,0.3382113575935364
596,23282,,,0.9704446792602539,0.5918692946434021,,
597,23321,,,,,0.7436535358428955,0.3361927568912506
597,23321,,,0.9936631321907043,0.5975167155265808,,
598,23360,,,,,0.7568073868751526,0.3385835886001587
598,23360,,,0.9907966256141663,0.6224135756492615,,
599,23399,,,,,0.7387291193008423,0.33746930956840515
599,23399,,,0.9822851419448853,0.5904422402381897,,
600,23438,,,,,0.7472211718559265,0.3386073112487793
600,23438,,,0.9823217988014221,0.6015629768371582,,
601,23477,,,,,0.757494330406189,0.3374702036380768
601,23477,,,0.9660049080848694,0.6213794350624084,,
602,23516,,,,,0.7514447569847107,0.33690232038497925
602,23516,,,0.9430731534957886,0.6226208806037903,,
603,23555,,,,,0.7427763342857361,0.3385942280292511
603,23555,,,0.9709752202033997,0.6241868734359741,,
604,23594,,,,,0.7476704716682434,0.3399365544319153
604,23594,,,0.9248070120811462,0.6201934814453125,,
605,23633,,,,,0.7412175536155701,0.3408471345901489
605,23633,,,0.9568182826042175,0.601882815361023,,
606,23672,,,,,0.7499730587005615,0.34162789583206177
606,23672,,,0.9676939845085144,0.6139770150184631,,
607,23711,,,,,0.7539196014404297,0.34360218048095703
607,23711,,,0.9274900555610657,0.6060539484024048,,
608,23750,,,,,0.7425952553749084,0.342102587223053
608,23750,,,0.9712480306625366,0.6130713224411011,,
609,23789,,,,,0.742713212966919,0.3436300754547119
609,23789,,,0.959901750087738,0.635069727897644,,
610,23828,,,,,0.736426830291748,0.34276774525642395
610,23828,,,0.9914419651031494,0.6128723621368408,,
611,23867,,,,,0.7412527799606323,0.3421926200389862
611,23867,,,0.9710116386413574,0.6196598410606384,,
612,23906,,,,,0.7441760897636414,0.34249237179756165
612,23906,,,1.0017963647842407,0.6022142767906189,,
613,23945,,,,,0.7422250509262085,0.3419618308544159
613,23945,,,0.949030339717865,0.6465446949005127,,
614,23984,,,,,0.7351900339126587,0.34029605984687805
614,23984,,,0.9472842216491699,0.6308292150497437,,
615,24023,,,,,0.746990978717804,0.34064486622810364
615,24023,,,0.9626526236534119,0.6219107508659363,,
616,24062,,,,,0.7478196620941162,0.3402025103569031
616,24062,,,0.958459734916687,0.6278146505355835,,
617,24101,,,,,0.7404084205627441,0.34071826934814453
617,24101,,,0.967349112033844,0.6137418746948242,,
618,24140,,,,,0.7380716800689697,0.34124279022216797
618,24140,,,0.93399578332901,0.6256942749023438,,
619,24179,,,,,0.7458482980728149,0.33967044949531555
619,24179,,,0.9592487812042236,0.6290796995162964,,
620,24218,,,,,0.7608903050422668,0.3393622040748596
620,24218,,,0.962938666343689,0.6278747916221619,,
621,24257,,,,,0.7392640113830566,0.3385571837425232
621,24257,,,0.9273300170898438,0.6579580307006836,,
622,24296,,,,,0.7432630658149719,0.3381878137588501
622,24296,,,0.9561591744422913,0.6279799342155457,,
623,24335,,,,,0.7402071356773376,0.3373977243900299
623,24335,,,0.9476353526115417,0.6429733633995056,,
624,24374,,,,,0.7422311305999756,0.33611851930618286
624,24374,,,0.9605810642242432,0.6522808074951172,,
625,24413,,,,,0.7588413953781128,0.3393435478210449
625,24413,,,0.9545466899871826,0.633219301700592,,
626,24452,,,,,0.7400341629981995,0.3392013907432556
626,24452,,,0.9704980850219727,0.6137034296989441,,
627,24491,,,,,0.7712975144386292,0.34379929304122925
627,24491,,,0.9733419418334961,0.6154056191444397,,
628,24530,,,,,0.7396312355995178,0.34269633889198303
628,24530,,,0.9379504323005676,0.6155077815055847,,
629,24569,,,,,0.7349975109100342,0.33891022205352783
629,24569,,,0.9391636252403259,0.6547250747680664,,
630,24608,,,,,0.729873538017273,0.33556848764419556
630,24608,,,0.9551090598106384,0.6250799298286438,,
631,24647,,,,,0.7425113916397095,0.3360656201839447
631,24647,,,0.9618949890136719,0.6202617287635803,,
632,24686,,,,,0.7503048777580261,0.33679524064064026
632,24686,,,0.9758871793746948,0.6347054243087769,,
633,24725,,,,,0.7315322160720825,0.335408091545105
633,24725,,,0.9324877858161926,0.6233991384506226,,
634,24764,,,,,0.7414804697036743,0.3379485607147217
634,24764,,,0.9562035799026489,0.6276381015777588,,
635,24803,,,,,0.7487719655036926,0.33764541149139404
635,24803,,,0.9693750143051147,0.6153698563575745,,
636,24842,,,,,0.7519164681434631,0.33868351578712463
636,24842,,,0.9286556839942932,0.6415646076202393,,
637,24881,,,,,0.7503654360771179,0.3400588929653168
637,24881,,,0.9535233974456787,0.5666387677192688,,
638,24920,,,,,0.7518930435180664,0.3385692834854126
638,24920,,,0.9756540060043335,0.628167450428009,,
639,24959,,,,,0.7422244548797607,0.3373710513114929
639,24959,,,0.9790999293327332,0.6321213841438293,,
640,24998,,,,,0.7519076466560364,0.3387351334095001
640,24998,,,0.9416336417198181,0.6301019191741943,,
641,25037,,,,,0.7447500824928284,0.33971360325813293
641,25037,,,0.9658287167549133,0.6308459639549255,,
642,25076,,,,,0.7474569082260132,0.33891236782073975
642,25076,,,0.9514515995979309,0.6405381560325623,,
643,25115,,,,,0.7398560643196106,0.3359532356262207
643,25115,,,0.9300588965415955,0.6195054054260254,,
644,25154,,,,,0.7486168146133423,0.3377895653247833
644,25154,,,0.9573513865470886,0.6458970904350281,,
645,25193,,,,,0.7545269131660461,0.338884174823761
645,25193,,,0.9765270948410034,0.6168956160545349,,
646,25232,,,,,0.7475904226303101,0.3365669846534729
646,25232,,,0.9233053922653198,0.6496758460998535,,
647,25271,,,,,0.7466031312942505,0.33376723527908325
647,25271,,,0.9194613695144653,0.6466873288154602,,
648,25310,,,,,0.7402982711791992,0.33234885334968567
648,25310,,,0.9608355760574341,0.6254479885101318,,
649,25349,,,,,0.7524426579475403,0.3343445956707001
649,25349,,,0.9750044345855713,0.6263766884803772,,
650,25388,,,,,0.734258234500885,0.33554142713546753
650,25388,,,0.9866326451301575,0.6182194352149963,,
651,25427,,,,,0.7347412109375,0.3368549346923828
651,25427,,,0.9604300260543823,0.6278058290481567,,
652,25466,,,,,0.7549939155578613,0.3380722105503082
652,25466,,,0.952359139919281,0.6370208263397217,,
653,25505,,,,,0.7387070059776306,0.3365887701511383
653,25505,,,0.95899897813797,0.6307004690170288,,
654,25544,,,,,0.7388685345649719,0.33679190278053284
654,25544,,,0.9500777125358582,0.6377072334289551,,
655,25583,,,,,0.736659824848175,0.3351656198501587
655,25583,,,0.9333145022392273,0.6203141808509827,,
656,25622,,,,,0.7363713979721069,0.337039589881897
656,25622,,,0.9818192720413208,0.6090437769889832,,
657,25661,,,,,0.7426748275756836,0.3384445309638977
657,25661,,,0.9497218728065491,0.6305885910987854,,
658,25700,,,,,0.7310003042221069,0.3380136489868164
658,25700,,,0.9315803647041321,0.6190391778945923,,
659,25739,,,,,0.7468225359916687,0.34003013372421265
659,25739,,,0.9388259649276733,0.6061010360717773,,
660,25778,,,,,0.7547833919525146,0.3398818373680115
660,25778,,,0.928991973400116,0.626887321472168,,
661,25817,,,,,0.7311657071113586,0.33834579586982727
661,25817,,,0.9382268190383911,0.6353031992912292,,
662,25856,,,,,0.7368717193603516,0.3371697962284088
662,25856,,,0.9582179188728333,0.6452929973602295,,
663,25895,,,,,0.7365865111351013,0.33752819895744324
663,25895,,,0.9455894231796265,0.6582412123680115,,
664,25934,,,,,0.7478934526443481,0.33655279874801636
664,25934,,,0.9618159532546997,0.6136899590492249,,
665,25973,,,,,0.7491239905357361,0.33530694246292114
665,25973,,,0.9368575811386108,0.644131064414978,,
666,26012,,,,,0.7538480758666992,0.3385074734687805
666,26012,,,0.9554741978645325,0.6250584721565247,,
667,26051,,,,,0.7369898557662964,0.3367661237716675
667,26051,,,0.9029548764228821,0.6421861052513123,,
668,26090,,,,,0.7367859482765198,0.33577388525009155
668,26090,,,0.9404178261756897,0.6441088914871216,,
669,26129,,,,,0.7363183498382568,0.3368307054042816
669,26129,,,0.9736394882202148,0.6317036747932434,,
670,26168,,,,,0.7350588440895081,0.33471420407295227
670,26168,,,0.9402810335159302,0.6521995067596436,,
671,26207,,,,,0.7478784322738647,0.3358936309814453
671,26207,,,0.956567645072937,0.6285967826843262,,
672,26246,,,,,0.7243978977203369,0.3340199887752533
672,26246,,,0.976814866065979,0.5867114663124084,,
673,26285,,,,,0.7276296615600586,0.3336801826953888
673,26285,,,0.96773362159729,0.6329805254936218,,
674,26324,,,,,0.7287039160728455,0.3340260088443756
674,26324,,,0.948426365852356,0.627311646938324,,
675,26363,,,,,0.7422370910644531,0.3365194797515869
675,26363,,,0.9365994334220886,0.6299448013305664,,
676,26402,,,,,0.7496767640113831,0.3363296687602997
676,26402,,,0.9328799843788147,0.6276775598526001,,
677,26441,,,,,0.7380220890045166,0.33430856466293335
677,26441,,,0.8980631828308105,0.653510570526123,,
678,26480,,,,,0.7409258484840393,0.33770689368247986
678,26480,,,0.9468434453010559,0.6142170429229736,,
679,26519,,,,,0.7351470589637756,0.33656418323516846
679,26519,,,0.9330064654350281,0.6468809843063354,,
680,26558,,,,,0.7352655529975891,0.33529260754585266
680,26558,,,0.9533607363700867,0.6223629117012024,,
681,26597,,,,,0.7384493350982666,0.33726972341537476
681,26597,,,0.909076988697052,0.652980387210846,,
682,26636,,,,,0.7472386360168457,0.339161217212677
682,26636,,,0.9492197036743164,0.64385586977005,,
683,26675,,,,,0.7268368005752563,0.3375007212162018
683,26675,,,0.9048734903335571,0.6423698663711548,,
684,26714,,,,,0.7271835803985596,0.33548790216445923
684,26714,,,0.9392662048339844,0.630854606628418,,
685,26753,,,,,0.7311826944351196,0.33613863587379456
685,26753,,,0.9360827803611755,0.6274347305297852,,
686,26792,,,,,0.7270740866661072,0.33487051725387573
686,26792,,,0.9106611609458923,0.6354374885559082,,
687,26831,,,,,0.7362208366394043,0.33602938055992126
687,26831,,,0.9411197304725647,0.6459740996360779,,
688,26870,,,,,0.7432080507278442,0.3362666964530945
688,26870,,,0.9369276762008667,0.6438677310943604,,
689,26909,,,,,0.7284305095672607,0.33468276262283325
689,26909,,,0.925739586353302,0.6335950493812561,,
690,26948,,,,,0.7286487817764282,0.3363257348537445
690,26948,,,0.9330189228057861,0.637972354888916,,
691,26987,,,,,0.7451639771461487,0.33900123834609985
691,26987,,,0.926964282989502,0.6243820190429688,,
692,27026,,,,,0.7351552844047546,0.34105560183525085
692,27026,,,0.9538642764091492,0.6377900838851929,,
693,27065,,,,,0.7419866323471069,0.34131091833114624
693,27065,,,0.9153754115104675,0.6566043496131897,,
694,27104,,,,,0.7406401038169861,0.3422926366329193
694,27104,,,0.9372778534889221,0.5986529588699341,,
695,27143,,,,,0.7233190536499023,0.3401763439178467
695,27143,,,0.9135975241661072,0.6629205346107483,,
696,27182,,,,,0.7361287474632263,0.33877551555633545
696,27182,,,0.9388990998268127,0.644761860370636,,
697,27221,,,,,0.7366747856140137,0.3403475880622864
697,27221,,,0.9267038106918335,0.6284085512161255,,
698,27260,,,,,0.7307966947555542,0.338545024394989
698,27260,,,0.9573398232460022,0.6312794089317322,,
699,27299,,,,,0.7319958209991455,0.3405897617340088
699,27299,,,0.907244861125946,0.6456354856491089,,
700,27338,,,,,0.7396034002304077,0.34274640679359436
700,27338,,,0.8998568654060364,0.6684841513633728,,
701,27377,,,,,0.7273070216178894,0.34032100439071655
701,27377,,,0.9319854974746704,0.661801278591156,,
702,27416,,,,,0.7248190641403198,0.33835890889167786
702,27416,,,0.9253726005554199,0.6608044505119324,,
703,27455,,,,,0.7231688499450684,0.3378809094429016
703,27455,,,0.9142555594444275,0.6586683392524719,,
704,27494,,,,,0.7340574860572815,0.339895635843277
704,27494,,,0.9674261808395386,0.6290731430053711,,
705,27533,,,,,0.7326193451881409,0.33989420533180237
705,27533,,,0.9553596377372742,0.6216152906417847,,
706,27572,,,,,0.7277830839157104,0.3400927484035492
706,27572,,,0.9436588883399963,0.6262785792350769,,
707,27611,,,,,0.7400184273719788,0.3411858379840851
707,27611,,,0.9479754567146301,0.6630895137786865,,
708,27650,,,,,0.7359815835952759,0.33972519636154175
708,27650,,,0.931784987449646,0.650056779384613,,
709,27689,,,,,0.7442806959152222,0.34106943011283875
709,27689,,,0.9391456842422485,0.660716712474823,,
710,27728,,,,,0.7331918478012085,0.33879736065864563
710,27728,,,0.8989953994750977,0.6397883296012878,,
711,27767,,,,,0.7227248549461365,0.3348420560359955
711,27767,,,0.9491097927093506,0.6338467001914978,,
712,27806,,,,,0.735234260559082,0.3357975482940674
712,27806,,,0.8960243463516235,0.674720048904419,,
713,27845,,,,,0.7351034283638,0.33611491322517395
713,27845,,,0.9431003928184509,0.6137449741363525,,
714,27884,,,,,0.7306152582168579,0.33706024289131165
714,27884,,,0.9218255281448364,0.6632975339889526,,
715,27923,,,,,0.7341683506965637,0.33547428250312805
715,27923,,,0.9181239604949951,0.6604344844818115,,
716,27962,,,,,0.742952823638916,0.3379349410533905
716,27962,,,0.9682568311691284,0.6258026361465454,,
717,28001,,,,,0.7395793199539185,0.33776983618736267
717,28001,,,0.9198680520057678,0.621992290019989,,
718,28040,,,,,0.7353577017784119,0.33700114488601685
718,28040,,,0.9306970238685608,0.6508994102478027,,
719,28079,,,,,0.7295934557914734,0.3362084627151489
719,28079,,,0.9370588660240173,0.6266444325447083,,
720,28118,,,,,0.7346463203430176,0.3374136686325073
720,28118,,,0.9398691058158875,0.6172583103179932,,
721,28157,,,,,0.726882815361023,0.3374381363391876
721,28157,,,0.9242128133773804,0.653453528881073,,
722,28196,,,,,0.7366785407066345,0.33877816796302795
722,28196,,,0.9487205743789673,0.6464999318122864,,
723,28235,,,,,0.7370484471321106,0.34029003977775574
723,28235,,,0.9069986343383789,0.6488054990768433,,
724,28274,,,,,0.7276478409767151,0.3394365906715393
724,28274,,,0.9700590968132019,0.6261532306671143,,
725,28313,,,,,0.7313928008079529,0.3420972526073456
725,28313,,,0.92244553565979,0.6484662294387817,,
726,28352,,,,,0.7426496148109436,0.3435918688774109
726,28352,,,0.9503283500671387,0.6635459661483765,,
727,28391,,,,,0.7266069054603577,0.3396439552307129
727,28391,,,0.9403480291366577,0.6119702458381653,,
728,28430,,,,,0.728556215763092,0.3393649756908417
728,28430,,,0.9205446243286133,0.6423219442367554,,
729,28469,,,,,0.7237622141838074,0.33854907751083374
729,28469,,,0.9455530047416687,0.6415515542030334,,
730,28508,,,,,0.7355449199676514,0.34003138542175293
730,28508,,,0.9042038321495056,0.6591890454292297,,
731,28547,,,,,0.7362059354782104,0.3392183184623718
731,28547,,,0.9461942911148071,0.6480197310447693,,
732,28586,,,,,0.7347308993339539,0.3381633758544922
732,28586,,,0.9492999315261841,0.6248471140861511,,
733,28625,,,,,0.7312031388282776,0.3357938528060913
733,28625,,,0.9303686618804932,0.6543779373168945,,
734,28664,,,,,0.7269647717475891,0.33549001812934875
734,28664,,,0.9021601676940918,0.6565020680427551,,
735,28703,,,,,0.7367664575576782,0.3387629985809326
735,28703,,,0.903688371181488,0.6561648845672607,,
736,28742,,,,,0.7281008362770081,0.33793431520462036
736,28742,,,0.9329530596733093,0.6523554921150208,,
737,28781,,,,,0.7246171236038208,0.33863571286201477
737,28781,,,0.9240779280662537,0.6552397608757019,,
738,28820,,,,,0.7271015644073486,0.3362135589122772
738,28820,,,0.9054478406906128,0.6777287721633911,,
739,28859,,,,,0.7400416135787964,0.3373534083366394
739,28859,,,0.9187187552452087,0.6556501388549805,,
740,28898,,,,,0.7248169183731079,0.33868974447250366
740,28898,,,0.9741806387901306,0.6503860950469971,,
741,28937,,,,,0.7282912731170654,0.3381309509277344
741,28937,,,0.9026036262512207,0.6462398767471313,,
742,28976,,,,,0.730850338935852,0.3377322852611542
742,28976,,,0.9268171787261963,0.645514965057373,,
743,29015,,,,,0.729354202747345,0.33715444803237915
743,29015,,,0.9053828716278076,0.6624359488487244,,
744,29054,,,,,0.7194493412971497,0.33696967363357544
744,29054,,,0.9053752422332764,0.6731566190719604,,
745,29093,,,,,0.7312374114990234,0.3379625976085663
745,29093,,,0.9224412441253662,0.6405137777328491,,
746,29132,,,,,0.7371057271957397,0.33783456683158875
746,29132,,,0.9105719327926636,0.6495894193649292,,
747,29171,,,,,0.7239920496940613,0.3382008373737335
747,29171,,,0.8996896743774414,0.658514142036438,,
748,29210,,,,,0.722754180431366,0.3355730175971985
748,29210,,,0.9459151029586792,0.616146981716156,,
749,29249,,,,,0.7261525988578796,0.334142804145813
749,29249,,,0.9163064956665039,0.6306466460227966,,
750,29288,,,,,0.7249870300292969,0.3336171507835388
750,29288,,,0.9308613538742065,0.6557149887084961,,
751,29327,,,,,0.7292696833610535,0.33314672112464905
751,29327,,,0.9209944009780884,0.6388679146766663,,
752,29366,,,,,0.7295255064964294,0.33485156297683716
752,29366,,,0.9286038279533386,0.6341186165809631,,
753,29405,,,,,0.7276049852371216,0.3367142081260681
753,29405,,,0.902592122554779,0.6705366373062134,,
754,29444,,,,,0.7280327677726746,0.33770066499710083
754,29444,,,0.9186372756958008,0.6619751453399658,,
755,29483,,,,,0.7284908294677734,0.3393556773662567
755,29483,,,0.9280508756637573,0.6523720026016235,,
756,29522,,,,,0.7239198088645935,0.34138983488082886
756,29522,,,0.9262146353721619,0.6393667459487915,,
757,29561,,,,,0.7393133044242859,0.34125494956970215
757,29561,,,0.9197636842727661,0.6546446084976196,,
758,29600,,,,,0.7223277688026428,0.3410678505897522
758,29600,,,0.9142014980316162,0.6485278010368347,,
759,29639,,,,,0.7338204383850098,0.34225723147392273
759,29639,,,0.9418206810951233,0.6409873366355896,,
760,29678,,,,,0.7252997756004333,0.3436853885650635
760,29678,,,0.910333514213562,0.6659048199653625,,
761,29717,,,,,0.7295347452163696,0.34295007586479187
761,29717,,,0.900993824005127,0.6571847796440125,,
762,29756,,,,,0.728620707988739,0.3439338803291321
762,29756,,,0.9131401181221008,0.678394079208374,,
763,29795,,,,,0.7159140110015869,0.34359753131866455
763,29795,,,0.9045825600624084,0.6619056463241577,,
764,29834,,,,,0.7127959132194519,0.34154126048088074
764,29834,,,0.9121408462524414,0.6706587672233582,,
765,29873,,,,,0.7243008613586426,0.34220778942108154
765,29873,,,0.9357247948646545,0.6502480506896973,,
766,29912,,,,,0.7149340510368347,0.34164753556251526
766,29912,,,0.9310072064399719,0.6268066763877869,,
767,29951,,,,,0.730261504650116,0.3438989818096161
767,29951,,,0.9164006114006042,0.66579270362854,,
768,29990,,,,,0.7210047245025635,0.34243351221084595
768,29990,,,0.9333359003067017,0.6408283710479736,,
769,30029,,,,,0.7232952117919922,0.3424105644226074
769,30029,,,0.922428548336029,0.6594281196594238,,
770,30068,,,,,0.7425959706306458,0.3447076380252838
770,30068,,,0.9241881966590881,0.672787606716156,,
771,30107,,,,,0.7208907008171082,0.34277012944221497
771,30107,,,0.9233068823814392,0.6480940580368042,,
772,30146,,,,,0.722396194934845,0.34098997712135315
772,30146,,,0.9363152980804443,0.6498225927352905,,
773,30185,,,,,0.7209957838058472,0.34160009026527405
773,30185,,,0.9231252670288086,0.6690929532051086,,
774,30224,,,,,0.724410355091095,0.342891663312912
774,30224,,,0.8896063566207886,0.6512502431869507,,
775,30263,,,,,0.722733199596405,0.3430335223674774
775,30263,,,0.9107589721679688,0.6748369932174683,,
776,30302,,,,,0.7218645215034485,0.3408937454223633
776,30302,,,0.9253007769584656,0.6585469245910645,,
777,30341,,,,,0.7252957820892334,0.3394230306148529
777,30341,,,0.9265835285186768,0.6588285565376282,,
778,30380,,,,,0.727242112159729,0.34121406078338623
778,30380,,,0.9203519821166992,0.6579883098602295,,
779,30419,,,,,0.7191126942634583,0.3408665955066681
779,30419,,,0.8973188400268555,0.6556409001350403,,
780,30458,,,,,0.7316206693649292,0.3413514494895935
780,30458,,,0.9087746739387512,0.6593413949012756,,
781,30497,,,,,0.7241852879524231,0.3421232998371124
781,30497,,,0.8879713416099548,0.655906617641449,,
782,30536,,,,,0.7293285131454468,0.34207943081855774
782,30536,,,0.9285516738891602,0.6570577621459961,,
783,30575,,,,,0.7209304571151733,0.3423031270503998
783,30575,,,0.9111862182617188,0.6532171964645386,,
784,30614,,,,,0.7138187885284424,0.34039193391799927
784,30614,,,0.9294085502624512,0.6225513815879822,,
785,30653,,,,,0.7109880447387695,0.34019768238067627
785,30653,,,0.9353355169296265,0.658004641532898,,
786,30692,,,,,0.7152038216590881,0.3399297893047333
786,30692,,,0.9137256145477295,0.6293752193450928,,
787,30731,,,,,0.7274844646453857,0.3408150374889374
787,30731,,,0.8829910159111023,0.6630093455314636,,
788,30770,,,,,0.7125077247619629,0.34266412258148193
788,30770,,,0.9168626666069031,0.6402752995491028,,
789,30809,,,,,0.7308021187782288,0.3426970839500427
789,30809,,,0.8894460797309875,0.664858341217041,,
790,30848,,,,,0.714561939239502,0.34068235754966736
790,30848,,,0.9324691891670227,0.6320352554321289,,
791,30887,,,,,0.7228606343269348,0.34063246846199036
791,30887,,,0.8708953857421875,0.6921521425247192,,
792,30926,,,,,0.7218818664550781,0.3403872549533844
792,30926,,,0.9133457541465759,0.6638108491897583,,
793,30965,,,,,0.712709903717041,0.34124282002449036
793,30965,,,0.9002586603164673,0.6404908299446106,,
794,31004,,,,,0.7180094122886658,0.33969569206237793
794,31004,,,0.9009023904800415,0.663029670715332,,
795,31043,,,,,0.7139274477958679,0.34075847268104553
795,31043,,,0.9090099930763245,0.64763343334198,,
796,31082,,,,,0.7314209342002869,0.34291040897369385
796,31082,,,0.9023730158805847,0.672012209892273,,
797,31121,,,,,0.7184180617332458,0.3407030701637268
797,31121,,,0.8916505575180054,0.6327738761901855,,
798,31160,,,,,0.7292190194129944,0.3430749773979187
798,31160,,,0.9046632051467896,0.6575620770454407,,
799,31199,,,,,0.71811842918396,0.3426360487937927
799,31199,,,0.9042187333106995,0.6613774299621582,,
800,31238,,,,,0.7189091444015503,0.34144479036331177
800,31238,,,0.879601776599884,0.6507321000099182,,
801,31277,,,,,0.7231639623641968,0.34311866760253906
801,31277,,,0.9215894937515259,0.6541659235954285,,
802,31316,,,,,0.7329055666923523,0.34511518478393555
802,31316,,,0.9191516041755676,0.6523219347000122,,
803,31355,,,,,0.7212377786636353,0.3452177047729492
803,31355,,,0.942541778087616,0.6323102116584778,,
804,31394,,,,,0.7177494764328003,0.3449651002883911
804,31394,,,0.927564263343811,0.6481798887252808,,
805,31433,,,,,0.7172706127166748,0.34491604566574097
805,31433,,,0.895448625087738,0.6726594567298889,,
806,31472,,,,,0.7208988070487976,0.34314969182014465
806,31472,,,0.9095001220703125,0.6619078516960144,,
807,31511,,,,,0.7259966135025024,0.3437746465206146
807,31511,,,0.8808799982070923,0.6655400395393372,,
808,31550,,,,,0.7211396098136902,0.3448967933654785
808,31550,,,0.9353099465370178,0.6656323671340942,,
809,31589,,,,,0.7280599474906921,0.3433094620704651
809,31589,,,0.932968258857727,0.6447954177856445,,
810,31628,,,,,0.7253624200820923,0.3430021107196808
810,31628,,,0.9216366410255432,0.6627863645553589,,
811,31667,,,,,0.7117371559143066,0.3406946361064911
811,31667,,,0.8985780477523804,0.6615620851516724,,
812,31706,,,,,0.716701328754425,0.3407794237136841
812,31706,,,0.8890014886856079,0.6786891222000122,,
813,31745,,,,,0.727730393409729,0.341648668050766
813,31745,,,0.897318422794342,0.6574972867965698,,
814,31784,,,,,0.7227128148078918,0.33889541029930115
814,31784,,,0.9246848821640015,0.6532489061355591,,
815,31823,,,,,0.7197600603103638,0.3398059010505676
815,31823,,,0.8690899610519409,0.6950016021728516,,
816,31862,,,,,0.7297918200492859,0.3406592607498169
816,31862,,,0.9036588668823242,0.6606839299201965,,
817,31901,,,,,0.7286752462387085,0.33953890204429626
817,31901,,,0.9309533834457397,0.6610535979270935,,
818,31940,,,,,0.7284125685691833,0.34159913659095764
818,31940,,,0.9158831834793091,0.6610295176506042,,
819,31979,,,,,0.7168024182319641,0.3376941382884979
819,31979,,,0.9030418395996094,0.6750012636184692,,
820,32018,,,,,0.7239513397216797,0.33869847655296326
820,32018,,,0.8715489506721497,0.7102841734886169,,
821,32057,,,,,0.7237126231193542,0.3393220901489258
821,32057,,,0.883919358253479,0.6608314514160156,,
822,32096,,,,,0.7088301777839661,0.3376471698284149
822,32096,,,0.8686968684196472,0.6695233583450317,,
823,32135,,,,,0.7157604098320007,0.33751070499420166
823,32135,,,0.9347506761550903,0.6676519513130188,,
824,32174,,,,,0.7249782681465149,0.3398667573928833
824,32174,,,0.9066390991210938,0.6566423177719116,,
825,32213,,,,,0.7164347171783447,0.3398273289203644
825,32213,,,0.9235563278198242,0.6560213565826416,,
826,32252,,,,,0.7184882164001465,0.33960309624671936
826,32252,,,0.9433472752571106,0.6479246020317078,,
827,32291,,,,,0.717654287815094,0.34183454513549805
827,32291,,,0.8784164786338806,0.6736454963684082,,
828,32330,,,,,0.7131160497665405,0.3419969081878662
828,32330,,,0.91262286901474,0.656448245048523,,
829,32369,,,,,0.7204671502113342,0.3420487642288208
829,32369,,,0.8974891901016235,0.6670148372650146,,
830,32408,,,,,0.7143099308013916,0.34106317162513733
830,32408,,,0.8725500106811523,0.6603907346725464,,
831,32447,,,,,0.7126748561859131,0.34125083684921265
831,32447,,,0.8941544890403748,0.6817352175712585,,
832,32486,,,,,0.7200865149497986,0.34358668327331543
832,32486,,,0.9197098016738892,0.6613901853561401,,
833,32525,,,,,0.7313191294670105,0.3456360399723053
833,32525,,,0.9090403914451599,0.6499709486961365,,
834,32564,,,,,0.7197136282920837,0.3433856964111328
834,32564,,,0.9073606729507446,0.6725247502326965,,
835,32603,,,,,0.7031645774841309,0.3409886360168457
835,32603,,,0.8891491889953613,0.6577568054199219,,
836,32642,,,,,0.7167634963989258,0.34175723791122437
836,32642,,,0.8764475584030151,0.651797354221344,,
837,32681,,,,,0.7167235612869263,0.34162554144859314
837,32681,,,0.9510979056358337,0.654357373714447,,
838,32720,,,,,0.7084200382232666,0.3400390148162842
838,32720,,,0.8763969540596008,0.6596717834472656,,
839,32759,,,,,0.7158992886543274,0.33873316645622253
839,32759,,,0.8949414491653442,0.6952313780784607,,
840,32798,,,,,0.7261990904808044,0.33893629908561707
840,32798,,,0.8704856634140015,0.6772838234901428,,
841,32837,,,,,0.7093117833137512,0.33569249510765076
841,32837,,,0.8614317178726196,0.6570239663124084,,
842,32876,,,,,0.7216433882713318,0.33701393008232117
842,32876,,,0.9199531674385071,0.6501850485801697,,
843,32915,,,,,0.7136567234992981,0.33647051453590393
843,32915,,,0.9050430059432983,0.6574914455413818,,
844,32954,,,,,0.7143293023109436,0.3379295766353607
844,32954,,,0.901839017868042,0.680180549621582,,
845,32993,,,,,0.7207913398742676,0.3401651382446289
845,32993,,,0.8959402441978455,0.662009596824646,,
846,33032,,,,,0.7099575400352478,0.3408946692943573
846,33032,,,0.9036309719085693,0.6749682426452637,,
847,33071,,,,,0.720043420791626,0.3429315984249115
847,33071,,,0.8966943621635437,0.6701098084449768,,
848,33110,,,,,0.7065637707710266,0.3390687108039856
848,33110,,,0.8905079960823059,0.6618254780769348,,
849,33149,,,,,0.7163099646568298,0.33845847845077515
849,33149,,,0.9031124711036682,0.6588554382324219,,
850,33188,,,,,0.7128709554672241,0.3384183347225189
850,33188,,,0.904393196105957,0.680837094783783,,
851,33227,,,,,0.7111638188362122,0.33694988489151
851,33227,,,0.8579739332199097,0.684752345085144,,
852,33266,,,,,0.7124323844909668,0.3378116190433502
852,33266,,,0.9060543775558472,0.6467525362968445,,
853,33305,,,,,0.7188000679016113,0.3396487236022949
853,33305,,,0.8885480165481567,0.6675784587860107,,
854,33344,,,,,0.7232863903045654,0.34131094813346863
854,33344,,,0.9068436026573181,0.6572664976119995,,
855,33383,,,,,0.7111101746559143,0.34234270453453064
855,33383,,,0.8845141530036926,0.7121930718421936,,
856,33422,,,,,0.7108391523361206,0.34003394842147827
856,33422,,,0.9245314002037048,0.6500091552734375,,
857,33461,,,,,0.7177954912185669,0.33990371227264404
857,33461,,,0.8903009295463562,0.6889959573745728,,
858,33500,,,,,0.7085667848587036,0.3407306969165802
858,33500,,,0.88859623670578,0.6906560063362122,,
859,33539,,,,,0.7126296758651733,0.34228551387786865
859,33539,,,0.8717491030693054,0.6764593124389648,,
860,33578,,,,,0.7104870676994324,0.34169816970825195
860,33578,,,0.9053152799606323,0.6568222045898438,,
861,33617,,,,,0.7014331817626953,0.33742132782936096
861,33617,,,0.904219925403595,0.6363937854766846,,
862,33656,,,,,0.7100265622138977,0.3374841511249542
862,33656,,,0.9009286761283875,0.6595336198806763,,
863,33695,,,,,0.7167024612426758,0.3382819592952728
863,33695,,,0.9030770659446716,0.6788704991340637,,
864,33734,,,,,0.7087755799293518,0.3369341790676117
864,33734,,,0.8979090452194214,0.6697894930839539,,
865,33773,,,,,0.7091220617294312,0.3354434370994568
865,33773,,,0.8985118269920349,0.6450503468513489,,
866,33812,,,,,0.7144746780395508,0.33581775426864624
866,33812,,,0.914405345916748,0.6418399810791016,,
867,33851,,,,,0.7110114693641663,0.33639273047447205
867,33851,,,0.8738972544670105,0.6847322583198547,,
868,33890,,,,,0.7113999128341675,0.3361330032348633
868,33890,,,0.892836332321167,0.6845536231994629,,
869,33929,,,,,0.7165531516075134,0.3376840054988861
869,33929,,,0.879620373249054,0.6827148795127869,,
870,33968,,,,,0.7147600650787354,0.33742621541023254
870,33968,,,0.8631873726844788,0.684299886226654,,
871,34007,,,,,0.7073884606361389,0.3393403887748718
871,34007,,,0.8634175062179565,0.6977076530456543,,
872,34046,,,,,0.7024629712104797,0.33618947863578796
872,34046,,,0.9060534238815308,0.6724634170532227,,
873,34085,,,,,0.7127221822738647,0.3345682919025421
873,34085,,,0.8813398480415344,0.6721854209899902,,
874,34124,,,,,0.7117341756820679,0.33560338616371155
874,34124,,,0.8864033818244934,0.6746373772621155,,
875,34163,,,,,0.7052100300788879,0.33534255623817444
875,34163,,,0.8599709868431091,0.6911134719848633,,
876,34202,,,,,0.715444803237915,0.33630743622779846
876,34202,,,0.9031333923339844,0.6819103956222534,,
877,34241,,,,,0.7117322683334351,0.33698931336402893
877,34241,,,0.8910125494003296,0.6680784225463867,,
878,34280,,,,,0.705791711807251,0.3362067937850952
878,34280,,,0.9163187742233276,0.6763339638710022,,
879,34319,,,,,0.7068341970443726,0.33792978525161743
879,34319,,,0.8921661376953125,0.6609302163124084,,
880,34358,,,,,0.7039018273353577,0.3383196294307709
880,34358,,,0.890583336353302,0.6782881617546082,,
881,34397,,,,,0.7075704336166382,0.3384024202823639
881,34397,,,0.9194234013557434,0.641590416431427,,
882,34436,,,,,0.7032913565635681,0.3366536796092987
882,34436,,,0.8619503378868103,0.676030695438385,,
883,34475,,,,,0.7075234651565552,0.3364105820655823
883,34475,,,0.8747968673706055,0.6776825189590454,,
884,34514,,,,,0.7107906937599182,0.33658549189567566
884,34514,,,0.8844031095504761,0.6966122388839722,,
885,34553,,,,,0.7093075513839722,0.33820220828056335
885,34553,,,0.8896093964576721,0.6625763773918152,,
886,34592,,,,,0.7125006914138794,0.33961281180381775
886,34592,,,0.9086212515830994,0.6375634670257568,,
887,34631,,,,,0.7175859212875366,0.3384283483028412
887,34631,,,0.9026768803596497,0.6783944368362427,,
888,34670,,,,,0.7071879506111145,0.34033721685409546
888,34670,,,0.8889097571372986,0.6672259569168091,,
889,34709,,,,,0.7074869275093079,0.33880606293678284
889,34709,,,0.9032632112503052,0.662948727607727,,
890,34748,,,,,0.7187414765357971,0.3384423553943634
890,34748,,,0.8962025046348572,0.6605933904647827,,
891,34787,,,,,0.7055836319923401,0.33497992157936096
891,34787,,,0.8772192001342773,0.6682275533676147,,
892,34826,,,,,0.7167418599128723,0.3341512084007263
892,34826,,,0.8795344829559326,0.7084433436393738,,
893,34865,,,,,0.711362361907959,0.3330085277557373
893,34865,,,0.8763920664787292,0.6863394379615784,,
894,34904,,,,,0.7086596488952637,0.33469903469085693
894,34904,,,0.882845938205719,0.6771546006202698,,
895,34943,,,,,0.7219772934913635,0.3368675112724304
895,34943,,,0.883385956287384,0.6830759048461914,,
896,34982,,,,,0.7160168290138245,0.33313876390457153
896,34982,,,0.8810137510299683,0.6794427633285522,,
897,35021,,,,,0.712571918964386,0.3352589011192322
897,35021,,,0.9141907095909119,0.6669485569000244,,
898,35060,,,,,0.7133719325065613,0.3380078375339508
898,35060,,,0.8979411721229553,0.6766112446784973,,
899,35099,,,,,0.7185726165771484,0.33919650316238403
899,35099,,,0.8869726657867432,0.6719098687171936,,
900,35138,,,,,0.7061243057250977,0.3365931808948517
900,35138,,,0.8842500448226929,0.6871902942657471,,
901,35177,,,,,0.719718337059021,0.34003642201423645
901,35177,,,0.9032925367355347,0.675092339515686,,
902,35216,,,,,0.7092647552490234,0.33865487575531006
902,35216,,,0.868915855884552,0.6881943941116333,,
903,35255,,,,,0.7144109606742859,0.33703726530075073
903,35255,,,0.8984375,0.641988217830658,,
904,35294,,,,,0.7115998268127441,0.33707594871520996
904,35294,,,0.8740326166152954,0.6755505204200745,,
905,35333,,,,,0.7107332944869995,0.33904048800468445
905,35333,,,0.8957487940788269,0.677330493927002,,
906,35372,,,,,0.7044404149055481,0.3386896252632141
906,35372,,,0.8732803463935852,0.6763514280319214,,
907,35411,,,,,0.7132465839385986,0.33938905596733093
907,35411,,,0.9063575863838196,0.6466782689094543,,
908,35450,,,,,0.7140132784843445,0.33721885085105896
908,35450,,,0.903810441493988,0.6455106139183044,,
909,35489,,,,,0.71719890832901,0.34003233909606934
909,35489,,,0.9091103672981262,0.6620959639549255,,
910,35528,,,,,0.7105014324188232,0.3380424976348877
910,35528,,,0.845908522605896,0.6882143020629883,,
911,35567,,,,,0.7196321487426758,0.33882519602775574
911,35567,,,0.8850672841072083,0.6679627895355225,,
912,35606,,,,,0.7099589705467224,0.33886221051216125
912,35606,,,0.8811457753181458,0.6863738298416138,,
913,35645,,,,,0.710148811340332,0.33914563059806824
913,35645,,,0.865992546081543,0.7034121751785278,,
914,35684,,,,,0.7091599106788635,0.33470749855041504
914,35684,,,0.8737471103668213,0.6683784127235413,,
915,35723,,,,,0.716014564037323,0.33453986048698425
915,35723,,,0.893213152885437,0.6700230836868286,,
916,35762,,,,,0.713028073310852,0.3334851562976837
916,35762,,,0.8961980938911438,0.6736812591552734,,
917,35801,,,,,0.7090158462524414,0.3349696099758148
917,35801,,,0.9021134972572327,0.6721556782722473,,
918,35840,,,,,0.7045103907585144,0.333951473236084
918,35840,,,0.8711549639701843,0.6761833429336548,,
919,35879,,,,,0.7062787413597107,0.33546268939971924
919,35879,,,0.9124407768249512,0.6446075439453125,,
920,35918,,,,,0.7122095227241516,0.3348740041255951
920,35918,,,0.9001776576042175,0.6659078598022461,,
921,35957,,,,,0.7159811854362488,0.3361278474330902
921,35957,,,0.9187536239624023,0.6597686409950256,,
922,35996,,,,,0.7086429595947266,0.33531269431114197
922,35996,,,0.8610595464706421,0.6881388425827026,,
923,36035,,,,,0.7072932124137878,0.33381959795951843
923,36035,,,0.912804901599884,0.6391022801399231,,
924,36074,,,,,0.70977783203125,0.33409276604652405
924,36074,,,0.8994011282920837,0.6787770390510559,,
925,36113,,,,,0.7105609774589539,0.33508336544036865
925,36113,,,0.8678582310676575,0.6821587681770325,,
926,36152,,,,,0.713552713394165,0.3340352475643158
926,36152,,,0.8971228003501892,0.6862180233001709,,
927,36191,,,,,0.7208398580551147,0.33498963713645935
927,36191,,,0.8803820610046387,0.6849114298820496,,
928,36230,,,,,0.7200065851211548,0.3357176184654236
928,36230,,,0.8797016739845276,0.6679087281227112,,
929,36269,,,,,0.712757408618927,0.33467933535575867
929,36269,,,0.8895436525344849,0.6650485992431641,,
930,36308,,,,,0.7174311280250549,0.334844708442688
930,36308,,,0.8753333687782288,0.6822038292884827,,
931,36347,,,,,0.7106541991233826,0.3344622850418091
931,36347,,,0.9068511724472046,0.6779580116271973,,
932,36386,,,,,0.7112970352172852,0.3341308534145355
932,36386,,,0.8737651109695435,0.6801531910896301,,
933,36425,,,,,0.7138715386390686,0.33444762229919434
933,36425,,,0.9058798551559448,0.6788737773895264,,
934,36464,,,,,0.7168998122215271,0.3358548879623413
934,36464,,,0.9002876281738281,0.664265513420105,,
935,36503,,,,,0.7118576765060425,0.3362009823322296
935,36503,,,0.870025634765625,0.6760578155517578,,
936,36542,,,,,0.7155136466026306,0.3379293978214264
936,36542,,,0.9141612648963928,0.6797456741333008,,
937,36581,,,,,0.718970537185669,0.33831775188446045
937,36581,,,0.8636816740036011,0.7012320160865784,,
938,36620,,,,,0.7150401473045349,0.3391854763031006
938,36620,,,0.8908370733261108,0.6560379266738892,,
939,36659,,,,,0.7044285535812378,0.3373490869998932
939,36659,,,0.9004791378974915,0.6627727150917053,,
940,36698,,,,,0.7072672843933105,0.34024232625961304
940,36698,,,0.8808871507644653,0.687107503414154,,
941,36737,,,,,0.7091647982597351,0.3382253348827362
941,36737,,,0.8949060440063477,0.6637141108512878,,
942,36776,,,,,0.7076539397239685,0.3388044536113739
942,36776,,,0.8521828055381775,0.6954650282859802,,
943,36815,,,,,0.7185925245285034,0.34204015135765076
943,36815,,,0.8694543242454529,0.6813248991966248,,
944,36854,,,,,0.7181179523468018,0.34258967638015747
944,36854,,,0.84554523229599,0.7039235234260559,,
945,36893,,,,,0.7117952704429626,0.34282103180885315
945,36893,,,0.8893559575080872,0.6922031044960022,,
946,36932,,,,,0.7034314274787903,0.3438126742839813
946,36932,,,0.8757919073104858,0.6713148951530457,,
947,36971,,,,,0.7034540176391602,0.34192436933517456
947,36971,,,0.8687411546707153,0.6739417314529419,,
948,37010,,,,,0.7004210352897644,0.34335601329803467
948,37010,,,0.8761892914772034,0.6729492545127869,,
949,37049,,,,,0.7152344584465027,0.34320515394210815
949,37049,,,0.866719663143158,0.6904603242874146,,
950,37088,,,,,0.7186450362205505,0.34302181005477905
950,37088,,,0.8942291140556335,0.6755436062812805,,
951,37127,,,,,0.7029736042022705,0.33846649527549744
951,37127,,,0.8952136635780334,0.6677805781364441,,
952,37166,,,,,0.7123815417289734,0.33945977687835693
952,37166,,,0.8744309544563293,0.6973096132278442,,
953,37205,,,,,0.705132246017456,0.339307576417923
953,37205,,,0.8742687702178955,0.6767353415489197,,
954,37244,,,,,0.701842725276947,0.33891600370407104
954,37244,,,0.9024035930633545,0.6607841849327087,,
955,37283,,,,,0.7146410942077637,0.3391892611980438
955,37283,,,0.8764674067497253,0.6874853372573853,,
956,37322,,,,,0.7035614848136902,0.33952197432518005
956,37322,,,0.9057812690734863,0.6513081789016724,,
957,37361,,,,,0.7053202390670776,0.34013980627059937
957,37361,,,0.8578285574913025,0.712460994720459,,
958,37400,,,,,0.7161660194396973,0.34233200550079346
958,37400,,,0.917134702205658,0.6656689047813416,,
959,37439,,,,,0.7126240730285645,0.340339720249176
959,37439,,,0.9050236940383911,0.6521686315536499,,
960,37478,,,,,0.7120555639266968,0.34168368577957153
960,37478,,,0.8529266119003296,0.6867738962173462,,
961,37517,,,,,0.7238166332244873,0.34428736567497253
961,37517,,,0.8945571780204773,0.6921478509902954,,
962,37556,,,,,0.7088659405708313,0.3429555296897888
962,37556,,,0.8806580901145935,0.6949922442436218,,
963,37595,,,,,0.7076307535171509,0.3412505090236664
963,37595,,,0.8474379181861877,0.6904548406600952,,
964,37634,,,,,0.7073680758476257,0.33819010853767395
964,37634,,,0.8578724265098572,0.6648423075675964,,
965,37673,,,,,0.702477216720581,0.3381233215332031
965,37673,,,0.8761011958122253,0.6595252752304077,,
966,37712,,,,,0.7115962505340576,0.34033700823783875
966,37712,,,0.870460033416748,0.693274736404419,,
967,37751,,,,,0.7083047032356262,0.34115901589393616
967,37751,,,0.8628209233283997,0.6733995079994202,,
968,37790,,,,,0.7100599408149719,0.3408164083957672
968,37790,,,0.9070897102355957,0.6569814085960388,,
969,37829,,,,,0.7138131260871887,0.34159743785858154
969,37829,,,0.8621495366096497,0.66549152135849,,
970,37868,,,,,0.7077707052230835,0.3407301902770996
970,37868,,,0.8921700716018677,0.6751015782356262,,
971,37907,,,,,0.7096891403198242,0.3404194414615631
971,37907,,,0.8821405172348022,0.6923162341117859,,
972,37946,,,,,0.7086787223815918,0.3444884121417999
972,37946,,,0.895947277545929,0.6916998624801636,,
973,37985,,,,,0.7138780355453491,0.3443605601787567
973,37985,,,0.863591194152832,0.6848902702331543,,
974,38024,,,,,0.7054155468940735,0.3445334732532501
974,38024,,,0.8685587644577026,0.6953248381614685,,
975,38063,,,,,0.7128129601478577,0.34629201889038086
975,38063,,,0.9014450311660767,0.679441511631012,,
976,38102,,,,,0.7055507898330688,0.3429535925388336
976,38102,,,0.8846507668495178,0.675304651260376,,
977,38141,,,,,0.7117900252342224,0.3442966341972351
977,38141,,,0.887486457824707,0.6758214235305786,,
978,38180,,,,,0.7033519148826599,0.34109967947006226
978,38180,,,0.8751994371414185,0.6749039888381958,,
979,38219,,,,,0.7044848203659058,0.3406742811203003
979,38219,,,0.8743728399276733,0.680543065071106,,
980,38258,,,,,0.7078870534896851,0.34047141671180725
980,38258,,,0.8598486185073853,0.6934040784835815,,
981,38297,,,,,0.7049228549003601,0.3403811752796173
981,38297,,,0.8604380488395691,0.7032583355903625,,
982,38336,,,,,0.7151868939399719,0.34287410974502563
982,38336,,,0.875147819519043,0.7128735184669495,,
983,38375,,,,,0.7023897171020508,0.3409866392612457
983,38375,,,0.8786693215370178,0.6738267540931702,,
984,38414,,,,,0.7182111740112305,0.34111177921295166
984,38414,,,0.8678954839706421,0.703467607498169,,
985,38453,,,,,0.7103779911994934,0.34076404571533203
985,38453,,,0.8757851719856262,0.6509553790092468,,
986,38492,,,,,0.7162415385246277,0.34229543805122375
986,38492,,,0.8558996915817261,0.6976272463798523,,
987,38531,,,,,0.706949770450592,0.3415931761264801
987,38531,,,0.8888697624206543,0.6674973964691162,,
988,38570,,,,,0.7039172053337097,0.34111472964286804
988,38570,,,0.8573996424674988,0.6732563376426697,,
989,38609,,,,,0.7081952691078186,0.3417241871356964
989,38609,,,0.8968049883842468,0.6743419170379639,,
990,38648,,,,,0.7178292870521545,0.3454606533050537
990,38648,,,0.8671005368232727,0.6743403673171997,,
991,38687,,,,,0.701565682888031,0.34414753317832947
991,38687,,,0.9035177826881409,0.6489338874816895,,
992,38726,,,,,0.69808429479599,0.34316492080688477
992,38726,,,0.8943774700164795,0.6576326489448547,,
993,38765,,,,,0.7074569463729858,0.34310591220855713
993,38765,,,0.8762377500534058,0.680616021156311,,
994,38804,,,,,0.70628821849823,0.34236451983451843
994,38804,,,0.8580105900764465,0.7025747299194336,,
995,38843,,,,,0.7046667337417603,0.3432920277118683
995,38843,,,0.9031801223754883,0.6732646226882935,,
996,38882,,,,,0.7095316648483276,0.3424447774887085
996,38882,,,0.8454602360725403,0.7043539881706238,,
997,38921,,,,,0.7017765641212463,0.34196391701698303
997,38921,,,0.8765758872032166,0.6748770475387573,,
998,38960,,,,,0.7032275795936584,0.3409885764122009
998,38960,,,0.8539568781852722,0.6899336576461792,,
999,38999,,,,,0.7003215551376343,0.33603084087371826
999,38999,,,0.8673381209373474,0.663479745388031,,
1000,39038,,,,,0.7016304731369019,0.33831891417503357
1000,39038,,,0.8777257204055786,0.6902434825897217,,
1001,39077,,,,,0.6952081918716431,0.3396151661872864
1001,39077,,,0.8621954321861267,0.7058176398277283,,
1002,39116,,,,,0.7070589661598206,0.3409269154071808
1002,39116,,,0.8921024799346924,0.6821486949920654,,
1003,39155,,,,,0.7046143412590027,0.34089308977127075
1003,39155,,,0.8562307953834534,0.7007392048835754,,
1004,39194,,,,,0.7069711685180664,0.3410380780696869
1004,39194,,,0.8814282417297363,0.6473882794380188,,
1005,39233,,,,,0.703889012336731,0.3419179916381836
1005,39233,,,0.8565525412559509,0.6859535574913025,,
1006,39272,,,,,0.7112982869148254,0.343301922082901
1006,39272,,,0.8589367866516113,0.7014405131340027,,
1007,39311,,,,,0.708023190498352,0.3435000479221344
1007,39311,,,0.8561175465583801,0.6902976632118225,,
1008,39350,,,,,0.7013654112815857,0.34327471256256104
1008,39350,,,0.866571307182312,0.7006254196166992,,
1009,39389,,,,,0.6998803615570068,0.34271571040153503
1009,39389,,,0.8678475618362427,0.6730102300643921,,
1010,39428,,,,,0.7182556986808777,0.34535208344459534
1010,39428,,,0.8835881352424622,0.6863911747932434,,
1011,39467,,,,,0.7021667957305908,0.34411513805389404
1011,39467,,,0.8864405751228333,0.6825097799301147,,
1012,39506,,,,,0.7049356698989868,0.34406745433807373
1012,39506,,,0.8527334928512573,0.7038363218307495,,
1013,39545,,,,,0.7032901644706726,0.34198883175849915
1013,39545,,,0.8835136294364929,0.7038721442222595,,
1014,39584,,,,,0.7089565396308899,0.3420529365539551
1014,39584,,,0.8840899467468262,0.6765785813331604,,
1015,39623,,,,,0.7045321464538574,0.3417256474494934
1015,39623,,,0.8982835412025452,0.6676837205886841,,
1016,39662,,,,,0.705662190914154,0.34131333231925964
1016,39662,,,0.8640958070755005,0.6897990107536316,,
1017,39701,,,,,0.7031953930854797,0.3413256108760834
1017,39701,,,0.8893807530403137,0.6273993253707886,,
1018,39740,,,,,0.7101171612739563,0.3412943482398987
1018,39740,,,0.8667611479759216,0.6890066862106323,,
1019,39779,,,,,0.6983525156974792,0.34027811884880066
1019,39779,,,0.8956291079521179,0.6637552380561829,,
1020,39818,,,,,0.6977777481079102,0.3393166661262512
1020,39818,,,0.8466916084289551,0.6826241612434387,,
1021,39857,,,,,0.7003160715103149,0.33942925930023193
1021,39857,,,0.8858851194381714,0.6627163290977478,,
1022,39896,,,,,0.7095733284950256,0.3406073749065399
1022,39896,,,0.8767152428627014,0.6824320554733276,,
1023,39935,,,,,0.7077867388725281,0.3410409390926361
1023,39935,,,0.8515639901161194,0.6954058408737183,,
1024,39974,,,,,0.7027782797813416,0.34019166231155396
1024,39974,,,0.8660906553268433,0.6877458691596985,,
1025,40013,,,,,0.7105805277824402,0.3406772017478943
1025,40013,,,0.8242976665496826,0.7021828293800354,,
1026,40052,,,,,0.7057610750198364,0.33866897225379944
1026,40052,,,0.8568220734596252,0.6893517374992371,,
1027,40091,,,,,0.7117961645126343,0.3398626446723938
1027,40091,,,0.8281338810920715,0.7064877152442932,,
1028,40130,,,,,0.7137855291366577,0.3421321213245392
1028,40130,,,0.8777289986610413,0.6813589334487915,,
1029,40169,,,,,0.6997488141059875,0.3399561643600464
1029,40169,,,0.8875207304954529,0.6760681867599487,,
1030,40208,,,,,0.7068882584571838,0.33978697657585144
1030,40208,,,0.8733404874801636,0.6607549786567688,,
1031,40247,,,,,0.7027730941772461,0.3386598229408264
1031,40247,,,0.8621835112571716,0.665151834487915,,
1032,40286,,,,,0.7082743644714355,0.33818483352661133
1032,40286,,,0.9038121104240417,0.6712446212768555,,
1033,40325,,,,,0.7092260718345642,0.33970820903778076
1033,40325,,,0.8796086311340332,0.6964930891990662,,
1034,40364,,,,,0.7008755207061768,0.3378346264362335
1034,40364,,,0.8737993240356445,0.6858329176902771,,
1035,40403,,,,,0.7029202580451965,0.3374361991882324
1035,40403,,,0.8412482142448425,0.7019366025924683,,
1036,40442,,,,,0.7055516242980957,0.33804988861083984
1036,40442,,,0.8752336502075195,0.6931977272033691,,
1037,40481,,,,,0.7028511762619019,0.3392527401447296
1037,40481,,,0.8374197483062744,0.6905670166015625,,
1038,40520,,,,,0.7056678533554077,0.33708903193473816
1038,40520,,,0.8787025213241577,0.6795620322227478,,
1039,40559,,,,,0.7008745074272156,0.3366847038269043
1039,40559,,,0.8764399290084839,0.6712988615036011,,
1040,40598,,,,,0.7087146043777466,0.3412114679813385
1040,40598,,,0.8657107949256897,0.6509218811988831,,
1041,40637,,,,,0.7077065706253052,0.3398447632789612
1041,40637,,,0.8519911170005798,0.6875352263450623,,
1042,40676,,,,,0.702191174030304,0.3387960195541382
1042,40676,,,0.865788996219635,0.668299674987793,,
1043,40715,,,,,0.6979491710662842,0.3384320139884949
1043,40715,,,0.8762437701225281,0.6749657392501831,,
1044,40754,,,,,0.7025409936904907,0.34012117981910706
1044,40754,,,0.8745916485786438,0.679315447807312,,
1045,40793,,,,,0.6959681510925293,0.3374412953853607
1045,40793,,,0.864837646484375,0.6586790680885315,,
1046,40832,,,,,0.7046183347702026,0.33852076530456543
1046,40832,,,0.8710142374038696,0.6769195795059204,,
1047,40871,,,,,0.701216995716095,0.3379186987876892
1047,40871,,,0.8512508869171143,0.6843885183334351,,
1048,40910,,,,,0.7039018273353577,0.3384838402271271
1048,40910,,,0.8652639985084534,0.6682601571083069,,
1049,40949,,,,,0.6959336996078491,0.3370341360569
1049,40949,,,0.865676999092102,0.6732478737831116,,
1050,40988,,,,,0.7028767466545105,0.3385387361049652
1050,40988,,,0.8662970066070557,0.6967907547950745,,
1051,41027,,,,,0.7019429206848145,0.3388745188713074
1051,41027,,,0.8976872563362122,0.6703799366950989,,
1052,41066,,,,,0.699310302734375,0.33926308155059814
1052,41066,,,0.8497284054756165,0.702675998210907,,
1053,41105,,,,,0.7061747908592224,0.34047558903694153
1053,41105,,,0.8463738560676575,0.6992430090904236,,
1054,41144,,,,,0.7044961452484131,0.34075820446014404
1054,41144,,,0.8804516196250916,0.6580540537834167,,
1055,41183,,,,,0.7079048752784729,0.34224048256874084
1055,41183,,,0.8476068377494812,0.6873241066932678,,
1056,41222,,,,,0.7005074620246887,0.34429165720939636
1056,41222,,,0.8522005081176758,0.7030979990959167,,
1057,41261,,,,,0.6965018510818481,0.34332022070884705
1057,41261,,,0.8718677163124084,0.6750715970993042,,
1058,41300,,,,,0.6943197250366211,0.34244412183761597
1058,41300,,,0.8533101081848145,0.6944751143455505,,
1059,41339,,,,,0.6967753767967224,0.34270796179771423
1059,41339,,,0.8731858730316162,0.6636927127838135,,
1060,41378,,,,,0.6988306641578674,0.3450475335121155
1060,41378,,,0.8767761588096619,0.6785987019538879,,
1061,41417,,,,,0.7017362713813782,0.3459627628326416
1061,41417,,,0.8707121014595032,0.684988260269165,,
1062,41456,,,,,0.7039648294448853,0.3455038070678711
1062,41456,,,0.8387871980667114,0.6884366273880005,,
1063,41495,,,,,0.6934391856193542,0.3410365879535675
1063,41495,,,0.8559337258338928,0.6882603168487549,,
1064,41534,,,,,0.7026276588439941,0.3404199481010437
1064,41534,,,0.8702903985977173,0.6727192997932434,,
1065,41573,,,,,0.703761100769043,0.3400762379169464
1065,41573,,,0.8751643300056458,0.7044926881790161,,
1066,41612,,,,,0.7097170352935791,0.3406267464160919
1066,41612,,,0.8463590741157532,0.6917696595191956,,
1067,41651,,,,,0.7033852934837341,0.3390052914619446
1067,41651,,,0.864023745059967,0.6571477055549622,,
1068,41690,,,,,0.6997095346450806,0.33862218260765076
1068,41690,,,0.8522664308547974,0.6850711107254028,,
1069,41729,,,,,0.7049441933631897,0.3374720513820648
1069,41729,,,0.8582121729850769,0.697551429271698,,
1070,41768,,,,,0.7022399306297302,0.33754536509513855
1070,41768,,,0.8593536615371704,0.6786611676216125,,
1071,41807,,,,,0.710145115852356,0.33971866965293884
1071,41807,,,0.8666566610336304,0.6907294392585754,,
1072,41846,,,,,0.6965241432189941,0.33749788999557495
1072,41846,,,0.8619683980941772,0.7004115581512451,,
1073,41885,,,,,0.7066137790679932,0.3370683491230011
1073,41885,,,0.8787672519683838,0.6796541213989258,,
1074,41924,,,,,0.6970232725143433,0.3369270861148834
1074,41924,,,0.8604871034622192,0.6973299980163574,,
1075,41963,,,,,0.7082849144935608,0.341465562582016
1075,41963,,,0.8788774013519287,0.666646420955658,,
1076,42002,,,,,0.7085936069488525,0.34163758158683777
1076,42002,,,0.862278938293457,0.7098854184150696,,
1077,42041,,,,,0.6949234008789062,0.33836594223976135
1077,42041,,,0.863167405128479,0.6925992369651794,,
1078,42080,,,,,0.7042178511619568,0.3393174707889557
1078,42080,,,0.8650913834571838,0.6821664571762085,,
1079,42119,,,,,0.7108330130577087,0.3414924442768097
1079,42119,,,0.8755698800086975,0.6919317245483398,,
1080,42158,,,,,0.704048752784729,0.3406497538089752
1080,42158,,,0.8477615118026733,0.6764394640922546,,
1081,42197,,,,,0.6975680589675903,0.33904242515563965
1081,42197,,,0.8765826225280762,0.6790989637374878,,
1082,42236,,,,,0.7140382528305054,0.3403486907482147
1082,42236,,,0.8526238799095154,0.6712169051170349,,
1083,42275,,,,,0.7102028727531433,0.34129399061203003
1083,42275,,,0.881804347038269,0.6803795695304871,,
1084,42314,,,,,0.7061750292778015,0.34097379446029663
1084,42314,,,0.8385052680969238,0.6881507039070129,,
1085,42353,,,,,0.7000338435173035,0.3390900790691376
1085,42353,,,0.8466810584068298,0.6883569359779358,,
1086,42392,,,,,0.7057729959487915,0.33712801337242126
1086,42392,,,0.8764558434486389,0.6796910166740417,,
1087,42431,,,,,0.7035639882087708,0.33732736110687256
1087,42431,,,0.8723015189170837,0.694442629814148,,
1088,42470,,,,,0.7100119590759277,0.3394615948200226
1088,42470,,,0.8707960247993469,0.6794472932815552,,
1089,42509,,,,,0.7022895216941833,0.33912840485572815
1089,42509,,,0.83969646692276,0.7132101655006409,,
1090,42548,,,,,0.7071565985679626,0.3400721549987793
1090,42548,,,0.9315858483314514,0.6569513082504272,,
1091,42587,,,,,0.6984541416168213,0.3400561213493347
1091,42587,,,0.8299936056137085,0.7160327434539795,,
1092,42626,,,,,0.7009550929069519,0.3380022943019867
1092,42626,,,0.8060130476951599,0.7121792435646057,,
1093,42665,,,,,0.7049134969711304,0.33859309554100037
1093,42665,,,0.8545109629631042,0.6668561697006226,,
1094,42704,,,,,0.7052481174468994,0.34204402565956116
1094,42704,,,0.8679269552230835,0.6820459365844727,,
1095,42743,,,,,0.7076435089111328,0.3421470820903778
1095,42743,,,0.8594691157341003,0.6883264780044556,,
1096,42782,,,,,0.7026333212852478,0.3435204029083252
1096,42782,,,0.8679795861244202,0.6915237903594971,,
1097,42821,,,,,0.7003495097160339,0.3449621796607971
1097,42821,,,0.8614544868469238,0.7031448483467102,,
1098,42860,,,,,0.6994837522506714,0.34281912446022034
1098,42860,,,0.8842735290527344,0.6793402433395386,,
1099,42899,,,,,0.708218514919281,0.34577763080596924
1099,42899,,,0.8544220328330994,0.7139605283737183,,
1100,42938,,,,,0.6995620727539062,0.3467729389667511
1100,42938,,,0.8480324149131775,0.6688671112060547,,
1101,42977,,,,,0.7029064893722534,0.3464491367340088
1101,42977,,,0.8560418486595154,0.6968618035316467,,
1102,43016,,,,,0.6992133259773254,0.3441721200942993
1102,43016,,,0.8584340214729309,0.7028834223747253,,
1103,43055,,,,,0.6990294456481934,0.346219003200531
1103,43055,,,0.8271850347518921,0.7191131711006165,,
1104,43094,,,,,0.704492449760437,0.3479587733745575
1104,43094,,,0.8825681805610657,0.6874629259109497,,
1105,43133,,,,,0.7072979211807251,0.3495289385318756
1105,43133,,,0.8651345372200012,0.6950907707214355,,
1106,43172,,,,,0.7009491920471191,0.348014235496521
1106,43172,,,0.8606672286987305,0.6974682807922363,,
1107,43211,,,,,0.6993744969367981,0.3470434546470642
1107,43211,,,0.8831448554992676,0.6798729300498962,,
1108,43250,,,,,0.6974706649780273,0.34542638063430786
1108,43250,,,0.8556615114212036,0.6959946751594543,,
1109,43289,,,,,0.7068789601325989,0.3461835980415344
1109,43289,,,0.8571524024009705,0.7079973220825195,,
1110,43328,,,,,0.7080020904541016,0.3482496440410614
1110,43328,,,0.8352347016334534,0.7063553929328918,,
1111,43367,,,,,0.7079024314880371,0.34791532158851624
1111,43367,,,0.8553067445755005,0.6839737296104431,,
1112,43406,,,,,0.7067109942436218,0.34916970133781433
1112,43406,,,0.8667625784873962,0.6912587881088257,,
1113,43445,,,,,0.7095544338226318,0.3481716513633728
1113,43445,,,0.8682610988616943,0.7085995078086853,,
1114,43484,,,,,0.7013358473777771,0.34578248858451843
1114,43484,,,0.88690584897995,0.6795814633369446,,
1115,43523,,,,,0.7069350481033325,0.34497687220573425
1115,43523,,,0.842196524143219,0.6910055875778198,,
1116,43562,,,,,0.6976714730262756,0.3444890081882477
1116,43562,,,0.8254842758178711,0.7106440663337708,,
1117,43601,,,,,0.7116065621376038,0.3455343246459961
1117,43601,,,0.8633378148078918,0.6959501504898071,,
1118,43640,,,,,0.7036153674125671,0.346816748380661
1118,43640,,,0.8683866858482361,0.7118738293647766,,
1119,43679,,,,,0.7016754746437073,0.3471544682979584
1119,43679,,,0.8844250440597534,0.706235408782959,,
1120,43718,,,,,0.7053557634353638,0.3452518582344055
1120,43718,,,0.866898775100708,0.6882791519165039,,
1121,43757,,,,,0.7023683190345764,0.3427831530570984
1121,43757,,,0.8158138394355774,0.7236365675926208,,
1122,43796,,,,,0.707412838935852,0.3445046842098236
1122,43796,,,0.871248185634613,0.6892918348312378,,
1123,43835,,,,,0.7037801146507263,0.34557345509529114
1123,43835,,,0.8438754677772522,0.6883309483528137,,
1124,43874,,,,,0.7095786929130554,0.34681516885757446
1124,43874,,,0.8897866606712341,0.6883434653282166,,
1125,43913,,,,,0.7021785974502563,0.3446941673755646
1125,43913,,,0.8714436292648315,0.6818495392799377,,
1126,43952,,,,,0.7081294059753418,0.34308573603630066
1126,43952,,,0.8654810786247253,0.7078086137771606,,
1127,43991,,,,,0.7013866901397705,0.3422812819480896
1127,43991,,,0.8591932654380798,0.6871568560600281,,
1128,44030,,,,,0.6942919492721558,0.3433014750480652
1128,44030,,,0.8220985531806946,0.689389169216156,,
1129,44069,,,,,0.6954066157341003,0.3448127508163452
1129,44069,,,0.8688266277313232,0.6832650303840637,,
1130,44108,,,,,0.7025977373123169,0.34642499685287476
1130,44108,,,0.8329251408576965,0.7218222618103027,,
1131,44147,,,,,0.7040566802024841,0.34458309412002563
1131,44147,,,0.8418296575546265,0.7023894786834717,,
1132,44186,,,,,0.7033303380012512,0.34416136145591736
1132,44186,,,0.8470897078514099,0.7040182948112488,,
1133,44225,,,,,0.7007792592048645,0.3451148569583893
1133,44225,,,0.8885324001312256,0.6823185086250305,,
1134,44264,,,,,0.7049878835678101,0.3459489941596985
1134,44264,,,0.8546380996704102,0.6963918209075928,,
1135,44303,,,,,0.7106105089187622,0.34805187582969666
1135,44303,,,0.8555364608764648,0.6981979608535767,,
1136,44342,,,,,0.6998381614685059,0.3473861813545227
1136,44342,,,0.8742033243179321,0.6822925209999084,,
1137,44381,,,,,0.7003734707832336,0.3475976884365082
1137,44381,,,0.8591909408569336,0.688250720500946,,
1138,44420,,,,,0.7042643427848816,0.34621575474739075
1138,44420,,,0.8461634516716003,0.7093782424926758,,
1139,44459,,,,,0.7082530856132507,0.3461393117904663
1139,44459,,,0.8338240385055542,0.7136988639831543,,
1140,44498,,,,,0.697613000869751,0.3437318801879883
1140,44498,,,0.8524014353752136,0.7230371236801147,,
1141,44537,,,,,0.6995628476142883,0.3419888913631439
1141,44537,,,0.8626614809036255,0.6883159279823303,,
1142,44576,,,,,0.6976687908172607,0.3437594473361969
1142,44576,,,0.8467441201210022,0.7051895260810852,,
1143,44615,,,,,0.6987366080284119,0.3423710763454437
1143,44615,,,0.8411353826522827,0.7074615955352783,,
1144,44654,,,,,0.6952989101409912,0.34312325716018677
1144,44654,,,0.8596895933151245,0.6852863430976868,,
1145,44693,,,,,0.6998291611671448,0.3421858251094818
1145,44693,,,0.8553773760795593,0.6838034391403198,,
1146,44732,,,,,0.7069782614707947,0.343051940202713
1146,44732,,,0.8272961378097534,0.7151070237159729,,
1147,44771,,,,,0.6960309147834778,0.3432270288467407
1147,44771,,,0.8440109491348267,0.6999353766441345,,
1148,44810,,,,,0.6997333765029907,0.3458458483219147
1148,44810,,,0.8448466658592224,0.7187036871910095,,
1149,44849,,,,,0.7024931907653809,0.34566035866737366
1149,44849,,,0.859999418258667,0.7102721929550171,,
1150,44888,,,,,0.6960868835449219,0.34490126371383667
1150,44888,,,0.8143788576126099,0.7304875254631042,,
1151,44927,,,,,0.6983243227005005,0.34418052434921265
1151,44927,,,0.8428385853767395,0.6915500164031982,,
1152,44966,,,,,0.7016755938529968,0.34187936782836914
1152,44966,,,0.8534048199653625,0.6854685544967651,,
1153,45005,,,,,0.703162670135498,0.3395977318286896
1153,45005,,,0.8461765646934509,0.7095088362693787,,
1154,45044,,,,,0.7069871425628662,0.3402359187602997
1154,45044,,,0.8308539986610413,0.688717246055603,,
1155,45083,,,,,0.7037747502326965,0.34030693769454956
1155,45083,,,0.8516206741333008,0.7104878425598145,,
1156,45122,,,,,0.6949225664138794,0.3413364589214325
1156,45122,,,0.8633108735084534,0.6653132438659668,,
1157,45161,,,,,0.702114999294281,0.34240567684173584
1157,45161,,,0.8588898777961731,0.6962068676948547,,
1158,45200,,,,,0.7060960531234741,0.34531471133232117
1158,45200,,,0.8435809016227722,0.7272658944129944,,
1159,45239,,,,,0.7109712958335876,0.3443872332572937
1159,45239,,,0.8310579061508179,0.7275708317756653,,
1160,45278,,,,,0.706394374370575,0.3415665328502655
1160,45278,,,0.8537614345550537,0.6797214150428772,,
1161,45317,,,,,0.7013442516326904,0.34267285466194153
1161,45317,,,0.8357208371162415,0.7218348383903503,,
1162,45356,,,,,0.7074776291847229,0.34401842951774597
1162,45356,,,0.8463899493217468,0.6818940043449402,,
1163,45395,,,,,0.6988692283630371,0.3440394103527069
1163,45395,,,0.8274780511856079,0.7066449522972107,,
1164,45396,1.6723521947860718,0.15424001216888428,,,,
