epoch,step,test_loss,test_pcc,train_loss_epoch,train_pcc_epoch,val_loss,val_pcc
0,40,,,,,1.3594416379928589,0.2745608389377594
0,40,,,1.3579357862472534,0.034773312509059906,,
1,81,,,,,1.3166896104812622,0.3528618812561035
1,81,,,1.3025023937225342,0.22233816981315613,,
2,122,,,,,1.3184276819229126,0.3544308543205261
2,122,,,1.249295711517334,0.3467448055744171,,
3,163,,,,,1.3239179849624634,0.34877994656562805
3,163,,,1.1937861442565918,0.37605199217796326,,
4,204,,,,,1.2974601984024048,0.39140284061431885
4,204,,,1.2079299688339233,0.4355442225933075,,
5,245,,,,,1.326403021812439,0.43430501222610474
5,245,,,1.1233606338500977,0.4451340138912201,,
6,286,,,,,1.2556906938552856,0.4629310965538025
6,286,,,1.1296374797821045,0.4266623854637146,,
7,327,,,,,1.2821547985076904,0.4368098974227905
7,327,,,1.1050587892532349,0.4929784834384918,,
8,368,,,,,1.251612901687622,0.4628123641014099
8,368,,,1.0589470863342285,0.49465054273605347,,
9,409,,,,,1.2412229776382446,0.4601761996746063
9,409,,,1.0685715675354004,0.4751785695552826,,
10,450,,,,,1.2404248714447021,0.461465060710907
10,450,,,1.065484642982483,0.5040648579597473,,
11,491,,,,,1.226711630821228,0.4839579164981842
11,491,,,1.0460262298583984,0.502444863319397,,
12,532,,,,,1.2499535083770752,0.4755770266056061
12,532,,,1.065459966659546,0.5246784687042236,,
13,573,,,,,1.2201886177062988,0.4911598265171051
13,573,,,1.059059500694275,0.5260289907455444,,
14,614,,,,,1.2026342153549194,0.49744272232055664
14,614,,,1.0205059051513672,0.5579095482826233,,
15,655,,,,,1.2092472314834595,0.5073648691177368
15,655,,,1.0019694566726685,0.5481967329978943,,
16,696,,,,,1.2343945503234863,0.4814452826976776
16,696,,,1.0259310007095337,0.567034125328064,,
17,737,,,,,1.243700385093689,0.4752548038959503
17,737,,,0.9997915029525757,0.5670594573020935,,
18,778,,,,,1.2518755197525024,0.4811575412750244
18,778,,,0.9931469559669495,0.5846735835075378,,
19,819,,,,,1.253489375114441,0.496364027261734
19,819,,,1.005695104598999,0.5908192992210388,,
20,860,,,,,1.2184853553771973,0.49150481820106506
20,860,,,0.9796724319458008,0.595392107963562,,
21,901,,,,,1.2115709781646729,0.49570801854133606
21,901,,,0.9612547755241394,0.6181332468986511,,
22,942,,,,,1.2022230625152588,0.48083946108818054
22,942,,,0.9966856837272644,0.6057623624801636,,
23,983,,,,,1.2330408096313477,0.47644442319869995
23,983,,,0.9880836009979248,0.6180840134620667,,
24,1024,,,,,1.229405164718628,0.4979853928089142
24,1024,,,0.9822344183921814,0.6186996102333069,,
25,1065,,,,,1.2317357063293457,0.49641916155815125
25,1065,,,0.9502848982810974,0.6423071622848511,,
26,1106,,,,,1.219155192375183,0.47964826226234436
26,1106,,,0.9421572685241699,0.6365789771080017,,
27,1147,,,,,1.2543613910675049,0.4849298596382141
27,1147,,,0.9542450308799744,0.64797443151474,,
28,1188,,,,,1.2402931451797485,0.47463321685791016
28,1188,,,0.9338365197181702,0.646228551864624,,
29,1229,,,,,1.2150812149047852,0.4662479758262634
29,1229,,,0.9395419955253601,0.640047550201416,,
30,1270,,,,,1.2271254062652588,0.4737634062767029
30,1270,,,0.9503028392791748,0.6415272355079651,,
31,1311,,,,,1.228902816772461,0.4815158247947693
31,1311,,,0.9344265460968018,0.6436258554458618,,
32,1352,,,,,1.2200088500976562,0.48043012619018555
32,1352,,,0.9278692603111267,0.6639750599861145,,
33,1393,,,,,1.2317157983779907,0.4757433235645294
33,1393,,,0.9577318429946899,0.6611539721488953,,
34,1434,,,,,1.2508995532989502,0.47829827666282654
34,1434,,,0.9358550310134888,0.6552774906158447,,
35,1475,,,,,1.2180781364440918,0.4640067219734192
35,1475,,,0.8856655359268188,0.6879118084907532,,
36,1516,,,,,1.2271183729171753,0.4637846350669861
36,1516,,,0.9027259349822998,0.6747717261314392,,
37,1557,,,,,1.2253434658050537,0.46812504529953003
37,1557,,,0.8893341422080994,0.6949292421340942,,
38,1598,,,,,1.2570394277572632,0.45950525999069214
38,1598,,,0.9103983640670776,0.687549352645874,,
39,1639,,,,,1.2466349601745605,0.457772821187973
39,1639,,,0.8729916214942932,0.7095965147018433,,
40,1680,,,,,1.2404085397720337,0.4485778212547302
40,1680,,,0.8965498805046082,0.6882432699203491,,
41,1721,,,,,1.2502415180206299,0.465279757976532
41,1721,,,0.8905802369117737,0.6862242221832275,,
42,1762,,,,,1.2494701147079468,0.44663453102111816
42,1762,,,0.8982205986976624,0.6979135870933533,,
43,1803,,,,,1.2343207597732544,0.4567563235759735
43,1803,,,0.8770003914833069,0.7128836512565613,,
44,1844,,,,,1.2473747730255127,0.4540212154388428
44,1844,,,0.8541139960289001,0.7342016696929932,,
45,1885,,,,,1.242121696472168,0.4509750306606293
45,1885,,,0.8594270944595337,0.721581220626831,,
46,1926,,,,,1.2560094594955444,0.43148812651634216
46,1926,,,0.8777807354927063,0.6982090473175049,,
47,1967,,,,,1.2466803789138794,0.4417870044708252
47,1967,,,0.8539384007453918,0.7466979026794434,,
48,2008,,,,,1.2503576278686523,0.43554216623306274
48,2008,,,0.8593937158584595,0.7077370882034302,,
49,2049,,,,,1.2830151319503784,0.42099225521087646
49,2049,,,0.8302943706512451,0.7554839253425598,,
50,2090,,,,,1.2865493297576904,0.4072417914867401
50,2090,,,0.8637255430221558,0.7173416614532471,,
51,2131,,,,,1.2593815326690674,0.41480278968811035
51,2131,,,0.8486784100532532,0.7106785178184509,,
52,2172,,,,,1.2908202409744263,0.4108427166938782
52,2172,,,0.8636747002601624,0.7289357781410217,,
53,2213,,,,,1.2448338270187378,0.4263576567173004
53,2213,,,0.8415255546569824,0.7520294785499573,,
54,2254,,,,,1.2868577241897583,0.4009595811367035
54,2254,,,0.8680539727210999,0.7309967875480652,,
55,2295,,,,,1.3123393058776855,0.40051814913749695
55,2295,,,0.855708122253418,0.7332152128219604,,
56,2336,,,,,1.2934484481811523,0.396276593208313
56,2336,,,0.8374993205070496,0.7424792051315308,,
57,2377,,,,,1.2740223407745361,0.41045305132865906
57,2377,,,0.8233578205108643,0.7528062462806702,,
58,2418,,,,,1.2678378820419312,0.41762110590934753
58,2418,,,0.8245645761489868,0.770882785320282,,
59,2459,,,,,1.300765872001648,0.38536399602890015
59,2459,,,0.831296980381012,0.7534368634223938,,
60,2500,,,,,1.3116952180862427,0.3757861852645874
60,2500,,,0.8103384375572205,0.7738584280014038,,
61,2541,,,,,1.3195971250534058,0.3770609200000763
61,2541,,,0.7924725413322449,0.7712312936782837,,
62,2582,,,,,1.2962592840194702,0.3766399025917053
62,2582,,,0.8168764114379883,0.7799583673477173,,
63,2623,,,,,1.32837975025177,0.372286856174469
63,2623,,,0.7852074503898621,0.7947248816490173,,
64,2664,,,,,1.3111978769302368,0.36856964230537415
64,2664,,,0.8098772764205933,0.7565019726753235,,
65,2705,,,,,1.2964413166046143,0.3691214323043823
65,2705,,,0.8060476779937744,0.7794567346572876,,
66,2746,,,,,1.3179179430007935,0.37205174565315247
66,2746,,,0.7936820983886719,0.8012400269508362,,
67,2787,,,,,1.3464581966400146,0.3386889100074768
67,2787,,,0.8012864589691162,0.7846019268035889,,
68,2828,,,,,1.3126449584960938,0.36251482367515564
68,2828,,,0.7732517719268799,0.7969129681587219,,
69,2869,,,,,1.3161457777023315,0.36353763937950134
69,2869,,,0.7973179817199707,0.7584365010261536,,
70,2910,,,,,1.325378656387329,0.3592461347579956
70,2910,,,0.7842013835906982,0.7929196357727051,,
71,2951,,,,,1.3106932640075684,0.35834944248199463
71,2951,,,0.7948952913284302,0.7789196968078613,,
72,2992,,,,,1.2898223400115967,0.3645683825016022
72,2992,,,0.7621099948883057,0.786268949508667,,
73,3033,,,,,1.3011798858642578,0.3748400807380676
73,3033,,,0.80647212266922,0.7824521064758301,,
74,3074,,,,,1.3103443384170532,0.35361963510513306
74,3074,,,0.7989553809165955,0.7837288975715637,,
75,3115,,,,,1.3094755411148071,0.3497495651245117
75,3115,,,0.7785694599151611,0.7967657446861267,,
76,3156,,,,,1.3410563468933105,0.3301604688167572
76,3156,,,0.7771779298782349,0.8014527559280396,,
77,3197,,,,,1.3135064840316772,0.35368770360946655
77,3197,,,0.7805957198143005,0.7918961048126221,,
78,3238,,,,,1.3384045362472534,0.3516685664653778
78,3238,,,0.7661479711532593,0.7986438274383545,,
79,3279,,,,,1.301731824874878,0.3635105490684509
79,3279,,,0.7602308988571167,0.8088364005088806,,
80,3320,,,,,1.3246409893035889,0.3448290526866913
80,3320,,,0.7690636515617371,0.8014224171638489,,
81,3361,,,,,1.293176531791687,0.35155197978019714
81,3361,,,0.7696279883384705,0.8142296671867371,,
82,3402,,,,,1.3129335641860962,0.3523494601249695
82,3402,,,0.724205493927002,0.8164815306663513,,
83,3443,,,,,1.2972617149353027,0.3577113151550293
83,3443,,,0.7529750466346741,0.7909444570541382,,
84,3484,,,,,1.3002581596374512,0.3591289222240448
84,3484,,,0.728846549987793,0.815938413143158,,
85,3525,,,,,1.3239434957504272,0.35593003034591675
85,3525,,,0.7453955411911011,0.8193334937095642,,
86,3566,,,,,1.3134304285049438,0.36561354994773865
86,3566,,,0.7542238235473633,0.8163986206054688,,
87,3607,,,,,1.31642484664917,0.3535691201686859
87,3607,,,0.7311705350875854,0.827256441116333,,
88,3648,,,,,1.3258880376815796,0.32728859782218933
88,3648,,,0.743047297000885,0.8253843784332275,,
89,3689,,,,,1.3124208450317383,0.3447023034095764
89,3689,,,0.7327912449836731,0.8324060440063477,,
90,3730,,,,,1.322062373161316,0.3465019166469574
90,3730,,,0.7429247498512268,0.8171053528785706,,
91,3771,,,,,1.3018426895141602,0.36071792244911194
91,3771,,,0.7104198932647705,0.8220251202583313,,
92,3812,,,,,1.3125578165054321,0.3469725549221039
92,3812,,,0.734012246131897,0.8232662081718445,,
93,3853,,,,,1.3594552278518677,0.334047794342041
93,3853,,,0.7272169589996338,0.8186295628547668,,
94,3894,,,,,1.3393877744674683,0.34180864691734314
94,3894,,,0.7227464318275452,0.8049293160438538,,
95,3935,,,,,1.3136931657791138,0.33760562539100647
95,3935,,,0.7422972917556763,0.8264486789703369,,
96,3976,,,,,1.3282802104949951,0.34487250447273254
96,3976,,,0.711885392665863,0.8116531372070312,,
97,4017,,,,,1.310749888420105,0.3310641646385193
97,4017,,,0.7184884548187256,0.845081627368927,,
98,4058,,,,,1.3221676349639893,0.3395571708679199
98,4058,,,0.709139883518219,0.8167232275009155,,
99,4099,,,,,1.311916470527649,0.3545725345611572
99,4099,,,0.7184472680091858,0.8021373152732849,,
100,4140,,,,,1.3154255151748657,0.34983527660369873
100,4140,,,0.7125688791275024,0.8194376230239868,,
101,4181,,,,,1.3005281686782837,0.34560197591781616
101,4181,,,0.6960530877113342,0.8452435731887817,,
102,4222,,,,,1.333573341369629,0.3386870324611664
102,4222,,,0.711618185043335,0.8311293125152588,,
103,4263,,,,,1.3403782844543457,0.3291991353034973
103,4263,,,0.6789867281913757,0.8461083173751831,,
104,4304,,,,,1.326790452003479,0.34434908628463745
104,4304,,,0.7228016257286072,0.8325660228729248,,
105,4345,,,,,1.3452584743499756,0.31733110547065735
105,4345,,,0.713381290435791,0.8264063596725464,,
106,4386,,,,,1.3342663049697876,0.3333626687526703
106,4386,,,0.7075215578079224,0.8414210081100464,,
107,4427,,,,,1.3268300294876099,0.3411322236061096
107,4427,,,0.6986505389213562,0.8526249527931213,,
108,4468,,,,,1.3452941179275513,0.3199883699417114
108,4468,,,0.6920968890190125,0.8363959193229675,,
109,4509,,,,,1.3373475074768066,0.3302994966506958
109,4509,,,0.6896737813949585,0.8497816920280457,,
110,4550,,,,,1.3414406776428223,0.3303762674331665
110,4550,,,0.684796929359436,0.8428010940551758,,
111,4591,,,,,1.3552725315093994,0.3162723183631897
111,4591,,,0.7077853679656982,0.8285143971443176,,
112,4632,,,,,1.352258324623108,0.31235063076019287
112,4632,,,0.7006421685218811,0.8347801566123962,,
113,4673,,,,,1.3427739143371582,0.3159015476703644
113,4673,,,0.6687618494033813,0.8371691107749939,,
114,4714,,,,,1.3342002630233765,0.33708885312080383
114,4714,,,0.667675793170929,0.8445250988006592,,
115,4755,,,,,1.337460994720459,0.3394034504890442
115,4755,,,0.6698372960090637,0.8465526103973389,,
116,4796,,,,,1.3608051538467407,0.30918917059898376
116,4796,,,0.6847509741783142,0.8516808748245239,,
117,4837,,,,,1.326802134513855,0.3426405191421509
117,4837,,,0.6764253973960876,0.8303723931312561,,
118,4878,,,,,1.3365206718444824,0.3450131118297577
118,4878,,,0.6800376176834106,0.8326824307441711,,
119,4919,,,,,1.3195602893829346,0.3478904664516449
119,4919,,,0.6804391145706177,0.8576380014419556,,
120,4960,,,,,1.3341633081436157,0.3389313817024231
120,4960,,,0.674717903137207,0.8326208591461182,,
121,5001,,,,,1.310746192932129,0.35593509674072266
121,5001,,,0.7015228867530823,0.8398873805999756,,
122,5042,,,,,1.3513281345367432,0.341595321893692
122,5042,,,0.6714105010032654,0.8495107293128967,,
123,5083,,,,,1.3505011796951294,0.3180130422115326
123,5083,,,0.6674508452415466,0.8506067991256714,,
124,5124,,,,,1.3225681781768799,0.365357369184494
124,5124,,,0.685554027557373,0.8505617380142212,,
125,5165,,,,,1.31484055519104,0.3579598069190979
125,5165,,,0.6636832356452942,0.8581457138061523,,
126,5206,,,,,1.3215045928955078,0.3503377437591553
126,5206,,,0.6501762866973877,0.8623473048210144,,
127,5247,,,,,1.336879849433899,0.3526415228843689
127,5247,,,0.6707404851913452,0.8431429862976074,,
128,5288,,,,,1.3327860832214355,0.3384086787700653
128,5288,,,0.6752128601074219,0.8481236696243286,,
129,5329,,,,,1.3325870037078857,0.3320249617099762
129,5329,,,0.6726626753807068,0.8417222499847412,,
130,5370,,,,,1.3337039947509766,0.3306485116481781
130,5370,,,0.6864573359489441,0.853252112865448,,
131,5411,,,,,1.3208811283111572,0.3423123359680176
131,5411,,,0.651459813117981,0.8480783104896545,,
132,5452,,,,,1.312590479850769,0.35559311509132385
132,5452,,,0.6645682454109192,0.8536379933357239,,
133,5493,,,,,1.3147215843200684,0.3481643497943878
133,5493,,,0.6574246883392334,0.8434870839118958,,
134,5534,,,,,1.3271052837371826,0.35425928235054016
134,5534,,,0.6611167788505554,0.8553363680839539,,
135,5575,,,,,1.3258997201919556,0.3209362328052521
135,5575,,,0.650827169418335,0.8582836389541626,,
136,5616,,,,,1.3167855739593506,0.3503340780735016
136,5616,,,0.6491085290908813,0.8621264100074768,,
137,5657,,,,,1.3167237043380737,0.333729088306427
137,5657,,,0.6658862233161926,0.8439280986785889,,
138,5698,,,,,1.3159611225128174,0.34632381796836853
138,5698,,,0.6587816476821899,0.8569413423538208,,
139,5739,,,,,1.3604156970977783,0.3304848074913025
139,5739,,,0.6668850779533386,0.8542435765266418,,
140,5780,,,,,1.294831395149231,0.35228589177131653
140,5780,,,0.6659589409828186,0.8521397113800049,,
141,5821,,,,,1.3099005222320557,0.3451944589614868
141,5821,,,0.6501146554946899,0.8512240052223206,,
142,5862,,,,,1.3112986087799072,0.35700657963752747
142,5862,,,0.657910943031311,0.8487547636032104,,
143,5903,,,,,1.321639895439148,0.3487932085990906
143,5903,,,0.6408491134643555,0.8485307693481445,,
144,5944,,,,,1.3237645626068115,0.3517712950706482
144,5944,,,0.6614133715629578,0.8623847961425781,,
145,5985,,,,,1.3114114999771118,0.34145742654800415
145,5985,,,0.6585158109664917,0.854623019695282,,
146,6026,,,,,1.3501518964767456,0.3279538154602051
146,6026,,,0.6438179612159729,0.8686603307723999,,
147,6067,,,,,1.34932541847229,0.3374704122543335
147,6067,,,0.6516261100769043,0.8595982789993286,,
148,6108,,,,,1.3511308431625366,0.32794085144996643
148,6108,,,0.6528056263923645,0.8565512895584106,,
149,6149,,,,,1.3237560987472534,0.3378850519657135
149,6149,,,0.6172027587890625,0.8752302527427673,,
150,6190,,,,,1.3379250764846802,0.333985298871994
150,6190,,,0.6371428370475769,0.8621233701705933,,
151,6231,,,,,1.3285677433013916,0.32988816499710083
151,6231,,,0.6395410895347595,0.8616301417350769,,
152,6272,,,,,1.3300409317016602,0.33834537863731384
152,6272,,,0.6272627711296082,0.8748502731323242,,
153,6313,,,,,1.3383482694625854,0.3436514139175415
153,6313,,,0.6502857804298401,0.852806806564331,,
154,6354,,,,,1.3234515190124512,0.34573835134506226
154,6354,,,0.6396085023880005,0.8652874827384949,,
155,6395,,,,,1.3344899415969849,0.34526991844177246
155,6395,,,0.6451342105865479,0.8735904097557068,,
156,6436,,,,,1.3533194065093994,0.3551052510738373
156,6436,,,0.6458242535591125,0.8640375733375549,,
157,6477,,,,,1.345083236694336,0.3511560261249542
157,6477,,,0.6381224393844604,0.8692082762718201,,
158,6518,,,,,1.357014536857605,0.3597906827926636
158,6518,,,0.6423280239105225,0.8628674149513245,,
159,6559,,,,,1.3320019245147705,0.3633073568344116
159,6559,,,0.6351722478866577,0.8707444071769714,,
160,6600,,,,,1.339086651802063,0.36922162771224976
160,6600,,,0.616540789604187,0.8672745227813721,,
161,6641,,,,,1.3250032663345337,0.3496321737766266
161,6641,,,0.6583669781684875,0.8624904751777649,,
162,6682,,,,,1.332934856414795,0.35111624002456665
162,6682,,,0.6199762225151062,0.8732932209968567,,
163,6723,,,,,1.313463568687439,0.35573118925094604
163,6723,,,0.6459496021270752,0.857365608215332,,
164,6764,,,,,1.3452033996582031,0.33950528502464294
164,6764,,,0.6384996771812439,0.8785632848739624,,
165,6805,,,,,1.3404368162155151,0.35281291604042053
165,6805,,,0.6349599957466125,0.8663966655731201,,
166,6846,,,,,1.3129122257232666,0.35561615228652954
166,6846,,,0.6210259199142456,0.8706547617912292,,
167,6887,,,,,1.3241246938705444,0.3592245578765869
167,6887,,,0.6389368772506714,0.8633739352226257,,
168,6928,,,,,1.31425940990448,0.37680575251579285
168,6928,,,0.6035938262939453,0.8881686925888062,,
169,6969,,,,,1.3445122241973877,0.3568837642669678
169,6969,,,0.6202999353408813,0.8777795433998108,,
170,7010,,,,,1.3347396850585938,0.3477899134159088
170,7010,,,0.6352583765983582,0.8567556142807007,,
171,7051,,,,,1.3265728950500488,0.3463391363620758
171,7051,,,0.6283426284790039,0.8752328753471375,,
172,7092,,,,,1.32235848903656,0.34727561473846436
172,7092,,,0.6300885081291199,0.8653843402862549,,
173,7133,,,,,1.3372068405151367,0.3501521348953247
173,7133,,,0.6221162676811218,0.8415185213088989,,
174,7174,,,,,1.334717869758606,0.35893887281417847
174,7174,,,0.6497718095779419,0.865132749080658,,
175,7215,,,,,1.341649055480957,0.3509727418422699
175,7215,,,0.6105927228927612,0.8727893233299255,,
176,7256,,,,,1.3405851125717163,0.34695515036582947
176,7256,,,0.5934599041938782,0.8751621842384338,,
177,7297,,,,,1.3481279611587524,0.3395991027355194
177,7297,,,0.6227600574493408,0.8782809972763062,,
178,7338,,,,,1.3381997346878052,0.34686821699142456
178,7338,,,0.6135861873626709,0.8739580512046814,,
179,7379,,,,,1.3328137397766113,0.3610677421092987
179,7379,,,0.624151349067688,0.8870533108711243,,
180,7420,,,,,1.349808692932129,0.346608430147171
180,7420,,,0.5870857834815979,0.8896394968032837,,
181,7461,,,,,1.3447363376617432,0.3443679213523865
181,7461,,,0.6054801940917969,0.8820955157279968,,
182,7502,,,,,1.3299481868743896,0.339387983083725
182,7502,,,0.6064848899841309,0.8784257769584656,,
183,7543,,,,,1.335291862487793,0.3463093042373657
183,7543,,,0.6030248403549194,0.8883431553840637,,
184,7584,,,,,1.3312338590621948,0.35972967743873596
184,7584,,,0.5942873358726501,0.8847750425338745,,
185,7625,,,,,1.3529980182647705,0.34263482689857483
185,7625,,,0.6229128241539001,0.879813015460968,,
186,7666,,,,,1.321394920349121,0.3621009290218353
186,7666,,,0.6126759052276611,0.8833315968513489,,
187,7707,,,,,1.3543121814727783,0.3377792537212372
187,7707,,,0.5901282429695129,0.8990300893783569,,
188,7748,,,,,1.3339390754699707,0.3395844101905823
188,7748,,,0.6094332337379456,0.8716607689857483,,
189,7789,,,,,1.3409193754196167,0.35463136434555054
189,7789,,,0.576766312122345,0.8845584988594055,,
190,7830,,,,,1.3295930624008179,0.34869125485420227
190,7830,,,0.6168322563171387,0.8870566487312317,,
191,7871,,,,,1.3358619213104248,0.36209484934806824
191,7871,,,0.5916452407836914,0.8926115036010742,,
192,7912,,,,,1.3182162046432495,0.35039621591567993
192,7912,,,0.6162585020065308,0.8865439295768738,,
193,7953,,,,,1.3213223218917847,0.3498384952545166
193,7953,,,0.5735695362091064,0.8934893012046814,,
194,7994,,,,,1.3344337940216064,0.3618977665901184
194,7994,,,0.5881357192993164,0.8820179104804993,,
195,8035,,,,,1.3148976564407349,0.3628990948200226
195,8035,,,0.6001322269439697,0.8845251798629761,,
196,8076,,,,,1.32793390750885,0.35822585225105286
196,8076,,,0.575309157371521,0.884736955165863,,
197,8117,,,,,1.321600079536438,0.3631330728530884
197,8117,,,0.5906554460525513,0.8885680437088013,,
198,8158,,,,,1.3319332599639893,0.35655444860458374
198,8158,,,0.5777856111526489,0.8848803639411926,,
199,8199,,,,,1.3421916961669922,0.3389030992984772
199,8199,,,0.587585985660553,0.88637775182724,,
200,8240,,,,,1.3487017154693604,0.3366588056087494
200,8240,,,0.5910218358039856,0.8888235092163086,,
201,8281,,,,,1.3134254217147827,0.37121620774269104
201,8281,,,0.5787191390991211,0.8963474035263062,,
202,8322,,,,,1.322666049003601,0.3632787764072418
202,8322,,,0.5880643725395203,0.8746946454048157,,
203,8363,,,,,1.3297967910766602,0.3640172779560089
203,8363,,,0.5938378572463989,0.8921166658401489,,
204,8404,,,,,1.3230953216552734,0.35782554745674133
204,8404,,,0.5931268334388733,0.8762337565422058,,
205,8445,,,,,1.3525043725967407,0.3568788766860962
205,8445,,,0.6118658781051636,0.8909041285514832,,
206,8486,,,,,1.3338966369628906,0.3624291718006134
206,8486,,,0.5490644574165344,0.9007862210273743,,
207,8527,,,,,1.320338249206543,0.3581666648387909
207,8527,,,0.6094284653663635,0.8691772818565369,,
208,8568,,,,,1.3369736671447754,0.35272642970085144
208,8568,,,0.5928460359573364,0.8918480277061462,,
209,8609,,,,,1.3325536251068115,0.3532870411872864
209,8609,,,0.5802168250083923,0.8968678712844849,,
210,8650,,,,,1.360040545463562,0.32441985607147217
210,8650,,,0.5998241901397705,0.8972899913787842,,
211,8691,,,,,1.35988450050354,0.3415168821811676
211,8691,,,0.5801551342010498,0.897301435470581,,
212,8732,,,,,1.3435612916946411,0.33701571822166443
212,8732,,,0.5896565318107605,0.8821703195571899,,
213,8773,,,,,1.333328366279602,0.34199288487434387
213,8773,,,0.5919268131256104,0.8827525973320007,,
214,8814,,,,,1.3580245971679688,0.3383435010910034
214,8814,,,0.5828026533126831,0.9003708362579346,,
215,8855,,,,,1.361065149307251,0.33912116289138794
215,8855,,,0.5744677782058716,0.8866885900497437,,
216,8896,,,,,1.3482991456985474,0.3382504880428314
216,8896,,,0.585209846496582,0.8962730765342712,,
217,8937,,,,,1.3392174243927002,0.352344274520874
217,8937,,,0.5828492641448975,0.8906524181365967,,
218,8978,,,,,1.3204630613327026,0.3674362003803253
218,8978,,,0.5592362284660339,0.8926045298576355,,
219,9019,,,,,1.3690706491470337,0.3372868597507477
219,9019,,,0.5576826930046082,0.894585132598877,,
220,9060,,,,,1.3273918628692627,0.3556728661060333
220,9060,,,0.5778194665908813,0.896921694278717,,
221,9101,,,,,1.3217051029205322,0.35566529631614685
221,9101,,,0.5637452602386475,0.8929634094238281,,
222,9142,,,,,1.3328946828842163,0.36162275075912476
222,9142,,,0.5810903310775757,0.890666663646698,,
223,9183,,,,,1.3304541110992432,0.35495391488075256
223,9183,,,0.5788136720657349,0.8856337070465088,,
224,9224,,,,,1.3179413080215454,0.3676912784576416
224,9224,,,0.5669214129447937,0.8941342234611511,,
225,9265,,,,,1.3399614095687866,0.35739976167678833
225,9265,,,0.5740333199501038,0.9069697856903076,,
226,9306,,,,,1.3497275114059448,0.3451014757156372
226,9306,,,0.5551206469535828,0.8899195790290833,,
227,9347,,,,,1.3446581363677979,0.3467211425304413
227,9347,,,0.5630840063095093,0.8979924917221069,,
228,9388,,,,,1.34671950340271,0.3417303264141083
228,9388,,,0.5882107615470886,0.888129711151123,,
229,9429,,,,,1.346160888671875,0.34539636969566345
229,9429,,,0.5791900157928467,0.8864148855209351,,
230,9470,,,,,1.3492025136947632,0.3471587896347046
230,9470,,,0.5444204807281494,0.9138611555099487,,
231,9511,,,,,1.3878636360168457,0.3370029330253601
231,9511,,,0.5781918168067932,0.8898295164108276,,
232,9552,,,,,1.3639166355133057,0.3364733159542084
232,9552,,,0.5520803928375244,0.9001777172088623,,
233,9593,,,,,1.356845736503601,0.35373619198799133
233,9593,,,0.5700105428695679,0.8969151377677917,,
234,9634,,,,,1.3624001741409302,0.3447107672691345
234,9634,,,0.5525268316268921,0.8979175090789795,,
235,9675,,,,,1.3536391258239746,0.3496056795120239
235,9675,,,0.5730153918266296,0.9070301651954651,,
236,9716,,,,,1.3445770740509033,0.34809985756874084
236,9716,,,0.5556408166885376,0.9045340418815613,,
237,9757,,,,,1.345144271850586,0.34860408306121826
237,9757,,,0.5739150047302246,0.9013361930847168,,
238,9798,,,,,1.3491159677505493,0.3469986617565155
238,9798,,,0.5558255314826965,0.8958997130393982,,
239,9839,,,,,1.3479580879211426,0.36173662543296814
239,9839,,,0.5479289889335632,0.8958055377006531,,
240,9880,,,,,1.3545176982879639,0.35397952795028687
240,9880,,,0.5537341833114624,0.8997532725334167,,
241,9921,,,,,1.3235341310501099,0.35569605231285095
241,9921,,,0.5726476311683655,0.888996422290802,,
242,9962,,,,,1.34491765499115,0.34336939454078674
242,9962,,,0.5623201727867126,0.8951855897903442,,
243,10003,,,,,1.3529682159423828,0.36005648970603943
243,10003,,,0.5604204535484314,0.9012875556945801,,
244,10044,,,,,1.3533990383148193,0.3575077950954437
244,10044,,,0.5718512535095215,0.8934573531150818,,
245,10085,,,,,1.3518036603927612,0.3519518971443176
245,10085,,,0.5565012693405151,0.9036868810653687,,
246,10126,,,,,1.3581268787384033,0.35391050577163696
246,10126,,,0.5409708023071289,0.8958715200424194,,
247,10167,,,,,1.3550634384155273,0.34515300393104553
247,10167,,,0.5744795203208923,0.90211421251297,,
248,10208,,,,,1.3742347955703735,0.34323740005493164
248,10208,,,0.5748345255851746,0.8928593993186951,,
249,10249,,,,,1.3447792530059814,0.3528333306312561
249,10249,,,0.5665701627731323,0.8991697430610657,,
250,10290,,,,,1.3743680715560913,0.35522592067718506
250,10290,,,0.540027916431427,0.909947395324707,,
251,10331,,,,,1.3520734310150146,0.34806907176971436
251,10331,,,0.5424466729164124,0.8990589380264282,,
252,10372,,,,,1.349123477935791,0.33788228034973145
252,10372,,,0.5398650765419006,0.9108951687812805,,
253,10413,,,,,1.3687598705291748,0.33974963426589966
253,10413,,,0.5764173269271851,0.8989102244377136,,
254,10454,,,,,1.3802106380462646,0.329835444688797
254,10454,,,0.5642645359039307,0.9075289368629456,,
255,10495,,,,,1.3732168674468994,0.3321033716201782
255,10495,,,0.5476662516593933,0.9032137989997864,,
256,10536,,,,,1.364926815032959,0.3362641930580139
256,10536,,,0.5432299375534058,0.9069181084632874,,
257,10577,,,,,1.3565478324890137,0.3460415303707123
257,10577,,,0.5647083520889282,0.899825930595398,,
258,10618,,,,,1.3800429105758667,0.3381456136703491
258,10618,,,0.5490060448646545,0.905553936958313,,
259,10659,,,,,1.3502250909805298,0.3412305414676666
259,10659,,,0.5443206429481506,0.9067844152450562,,
260,10700,,,,,1.3639044761657715,0.33773258328437805
260,10700,,,0.5367245674133301,0.9136362671852112,,
261,10741,,,,,1.3541926145553589,0.3511803448200226
261,10741,,,0.5602759122848511,0.9094652533531189,,
262,10782,,,,,1.3564845323562622,0.34994444251060486
262,10782,,,0.5267890095710754,0.9062967300415039,,
263,10823,,,,,1.3613641262054443,0.34975379705429077
263,10823,,,0.5656073689460754,0.9048181772232056,,
264,10864,,,,,1.384089708328247,0.34238648414611816
264,10864,,,0.5653330087661743,0.9071072936058044,,
265,10905,,,,,1.3772952556610107,0.33676180243492126
265,10905,,,0.5523040294647217,0.9037039279937744,,
266,10946,,,,,1.3448741436004639,0.3312079906463623
266,10946,,,0.5705381035804749,0.892583966255188,,
267,10987,,,,,1.3649221658706665,0.33570727705955505
267,10987,,,0.5352626442909241,0.9097001552581787,,
268,11028,,,,,1.3449914455413818,0.3357813060283661
268,11028,,,0.5632537603378296,0.9003340601921082,,
269,11069,,,,,1.3694677352905273,0.32918867468833923
269,11069,,,0.5323835015296936,0.9138604402542114,,
270,11110,,,,,1.355036735534668,0.35116130113601685
270,11110,,,0.5387608408927917,0.9063645601272583,,
271,11151,,,,,1.358569860458374,0.3502318859100342
271,11151,,,0.5453949570655823,0.9074079990386963,,
272,11192,,,,,1.3471181392669678,0.344461590051651
272,11192,,,0.5564141869544983,0.9070554375648499,,
273,11233,,,,,1.3463282585144043,0.3501703441143036
273,11233,,,0.530680239200592,0.9047672748565674,,
274,11274,,,,,1.3576184511184692,0.3450549244880676
274,11274,,,0.5573388338088989,0.9136289358139038,,
275,11315,,,,,1.3477072715759277,0.3477094769477844
275,11315,,,0.5525290966033936,0.8918702006340027,,
276,11356,,,,,1.3531057834625244,0.34590232372283936
276,11356,,,0.5423399209976196,0.9153406023979187,,
277,11397,,,,,1.3497835397720337,0.35377779603004456
277,11397,,,0.5350484848022461,0.9124894738197327,,
278,11438,,,,,1.3267685174942017,0.3535970449447632
278,11438,,,0.5515238642692566,0.9142342805862427,,
279,11479,,,,,1.3661177158355713,0.36130157113075256
279,11479,,,0.5361121892929077,0.9051898717880249,,
280,11520,,,,,1.351579189300537,0.35499829053878784
280,11520,,,0.533027708530426,0.908050000667572,,
281,11561,,,,,1.3468890190124512,0.3488364517688751
281,11561,,,0.5411337614059448,0.9072768688201904,,
282,11602,,,,,1.3593496084213257,0.36596545577049255
282,11602,,,0.550612211227417,0.9076259732246399,,
283,11643,,,,,1.3585162162780762,0.3620455861091614
283,11643,,,0.5512452721595764,0.8987595438957214,,
284,11684,,,,,1.3614188432693481,0.36240699887275696
284,11684,,,0.5716675519943237,0.9055430889129639,,
285,11725,,,,,1.3717478513717651,0.3635593056678772
285,11725,,,0.5407605767250061,0.9094546437263489,,
286,11766,,,,,1.3521344661712646,0.37433505058288574
286,11766,,,0.5642052888870239,0.9131366610527039,,
287,11807,,,,,1.3588005304336548,0.37272530794143677
287,11807,,,0.5099810361862183,0.9132860898971558,,
288,11848,,,,,1.3798508644104004,0.35644373297691345
288,11848,,,0.5364866852760315,0.8985177278518677,,
289,11889,,,,,1.3695019483566284,0.3682286739349365
289,11889,,,0.5497861504554749,0.9132899641990662,,
290,11930,,,,,1.3641574382781982,0.35930702090263367
290,11930,,,0.5354659557342529,0.9106515049934387,,
291,11971,,,,,1.3722127676010132,0.37157967686653137
291,11971,,,0.5436123013496399,0.9074340462684631,,
292,12012,,,,,1.3657509088516235,0.3736412525177002
292,12012,,,0.5361101031303406,0.9118010401725769,,
293,12053,,,,,1.3518540859222412,0.3756788969039917
293,12053,,,0.5415425896644592,0.9111459255218506,,
294,12094,,,,,1.3566625118255615,0.3792819380760193
294,12094,,,0.5574451684951782,0.9024828672409058,,
295,12135,,,,,1.3634798526763916,0.37216174602508545
295,12135,,,0.5424296259880066,0.9147672057151794,,
296,12176,,,,,1.3461166620254517,0.3866911828517914
296,12176,,,0.556127667427063,0.9120138883590698,,
297,12217,,,,,1.3896098136901855,0.37030962109565735
297,12217,,,0.531022310256958,0.9137258529663086,,
298,12258,,,,,1.3668793439865112,0.36026227474212646
298,12258,,,0.5549383759498596,0.9070643186569214,,
299,12299,,,,,1.3471274375915527,0.37157636880874634
299,12299,,,0.532283365726471,0.9074316024780273,,
300,12340,,,,,1.3520718812942505,0.37250879406929016
300,12340,,,0.5381678938865662,0.9215882420539856,,
301,12381,,,,,1.3456250429153442,0.37253111600875854
301,12381,,,0.5316717028617859,0.9193002581596375,,
302,12422,,,,,1.361053705215454,0.3752804100513458
302,12422,,,0.523552656173706,0.9208773970603943,,
303,12463,,,,,1.3517920970916748,0.3745027184486389
303,12463,,,0.5235577821731567,0.9002397060394287,,
304,12504,,,,,1.3495094776153564,0.37768566608428955
304,12504,,,0.5199772715568542,0.9136201739311218,,
305,12545,,,,,1.3484841585159302,0.3690164089202881
305,12545,,,0.5335811972618103,0.9103051424026489,,
306,12586,,,,,1.32534921169281,0.37995946407318115
306,12586,,,0.5114127397537231,0.9067816138267517,,
307,12627,,,,,1.3449839353561401,0.38650286197662354
307,12627,,,0.5355302095413208,0.9186896085739136,,
308,12668,,,,,1.3489863872528076,0.37399277091026306
308,12668,,,0.5170628428459167,0.9194267988204956,,
309,12709,,,,,1.3499590158462524,0.35560160875320435
309,12709,,,0.5297762751579285,0.9107463359832764,,
310,12750,,,,,1.3481677770614624,0.3656397759914398
310,12750,,,0.5157727003097534,0.9277585744857788,,
311,12791,,,,,1.353474736213684,0.3579206168651581
311,12791,,,0.5270736217498779,0.9133732318878174,,
312,12832,,,,,1.354462742805481,0.36185914278030396
312,12832,,,0.5232603549957275,0.9201213717460632,,
313,12873,,,,,1.3413220643997192,0.36283981800079346
313,12873,,,0.5100916624069214,0.9174521565437317,,
314,12914,,,,,1.3498287200927734,0.3729146420955658
314,12914,,,0.5273651480674744,0.915884792804718,,
315,12955,,,,,1.34593665599823,0.36636945605278015
315,12955,,,0.5177388191223145,0.9193041920661926,,
316,12996,,,,,1.3503960371017456,0.36068999767303467
316,12996,,,0.5443016290664673,0.9119446277618408,,
317,13037,,,,,1.3583788871765137,0.3676501214504242
317,13037,,,0.5270966291427612,0.9167866706848145,,
318,13078,,,,,1.3646955490112305,0.3636573851108551
318,13078,,,0.5369588136672974,0.9120349287986755,,
319,13119,,,,,1.349337100982666,0.36063864827156067
319,13119,,,0.5251234769821167,0.90569007396698,,
320,13160,,,,,1.3523551225662231,0.36485594511032104
320,13160,,,0.5348280072212219,0.9167119264602661,,
321,13201,,,,,1.3583287000656128,0.3569897711277008
321,13201,,,0.532417356967926,0.9066928029060364,,
322,13242,,,,,1.3650400638580322,0.3554591238498688
322,13242,,,0.5128939151763916,0.9166482090950012,,
323,13283,,,,,1.3774173259735107,0.35770678520202637
323,13283,,,0.5132270455360413,0.9147787094116211,,
324,13324,,,,,1.3594900369644165,0.3660362660884857
324,13324,,,0.5340234637260437,0.9127940535545349,,
325,13365,,,,,1.3490955829620361,0.3754638135433197
325,13365,,,0.49061518907546997,0.9239455461502075,,
326,13406,,,,,1.358909249305725,0.3661193549633026
326,13406,,,0.543273389339447,0.909172773361206,,
327,13447,,,,,1.3759477138519287,0.36020663380622864
327,13447,,,0.5252459049224854,0.9121588468551636,,
328,13488,,,,,1.366605281829834,0.37452447414398193
328,13488,,,0.5480294227600098,0.9036425948143005,,
329,13529,,,,,1.3335989713668823,0.3626366853713989
329,13529,,,0.5170608162879944,0.911997377872467,,
330,13570,,,,,1.3619279861450195,0.353872686624527
330,13570,,,0.47992539405822754,0.9281632304191589,,
331,13611,,,,,1.3570934534072876,0.37067174911499023
331,13611,,,0.5221836566925049,0.92361980676651,,
332,13652,,,,,1.3709229230880737,0.36507755517959595
332,13652,,,0.5146977305412292,0.9175006747245789,,
333,13693,,,,,1.3515172004699707,0.37196919322013855
333,13693,,,0.5250608921051025,0.9157870411872864,,
334,13734,,,,,1.3797991275787354,0.3780097961425781
334,13734,,,0.5033381581306458,0.9172466397285461,,
335,13775,,,,,1.3743951320648193,0.36648204922676086
335,13775,,,0.5281742215156555,0.916895866394043,,
336,13816,,,,,1.3937777280807495,0.35423609614372253
336,13816,,,0.514182448387146,0.9175803661346436,,
337,13857,,,,,1.3722516298294067,0.3616478145122528
337,13857,,,0.5000558495521545,0.9220735430717468,,
338,13898,,,,,1.3710967302322388,0.3725678026676178
338,13898,,,0.5161095261573792,0.917822003364563,,
339,13939,,,,,1.3769747018814087,0.3724375367164612
339,13939,,,0.5082741379737854,0.9217799305915833,,
340,13980,,,,,1.3676034212112427,0.3687788248062134
340,13980,,,0.4975946843624115,0.9256513714790344,,
341,14021,,,,,1.3576828241348267,0.37043967843055725
341,14021,,,0.5282433032989502,0.910426139831543,,
342,14062,,,,,1.3531438112258911,0.3781292140483856
342,14062,,,0.5112934112548828,0.9187610149383545,,
343,14103,,,,,1.3414413928985596,0.3810655474662781
343,14103,,,0.5164566040039062,0.9250506162643433,,
344,14144,,,,,1.3472250699996948,0.38078248500823975
344,14144,,,0.502187192440033,0.926158607006073,,
345,14185,,,,,1.3606927394866943,0.3800157904624939
345,14185,,,0.5178418755531311,0.9172272086143494,,
346,14226,,,,,1.3249045610427856,0.37389254570007324
346,14226,,,0.5212304592132568,0.9205405712127686,,
347,14267,,,,,1.339859127998352,0.37606102228164673
347,14267,,,0.512588381767273,0.9243781566619873,,
348,14308,,,,,1.3667988777160645,0.3640179932117462
348,14308,,,0.49145373702049255,0.9334726333618164,,
349,14349,,,,,1.3555291891098022,0.37403759360313416
349,14349,,,0.5171697735786438,0.9196498394012451,,
350,14390,,,,,1.3577754497528076,0.37488576769828796
350,14390,,,0.5076714158058167,0.912674605846405,,
351,14431,,,,,1.3452117443084717,0.37535184621810913
351,14431,,,0.50884610414505,0.9194898009300232,,
352,14472,,,,,1.3617639541625977,0.3738953173160553
352,14472,,,0.48718661069869995,0.9217343926429749,,
353,14513,,,,,1.370072364807129,0.3537752330303192
353,14513,,,0.5107021927833557,0.9219326972961426,,
354,14554,,,,,1.3725790977478027,0.3656593859195709
354,14554,,,0.5252314209938049,0.9005655646324158,,
355,14595,,,,,1.3816684484481812,0.3557100296020508
355,14595,,,0.5442447066307068,0.9094506502151489,,
356,14636,,,,,1.3524383306503296,0.35689952969551086
356,14636,,,0.5168006420135498,0.9181151986122131,,
357,14677,,,,,1.349843144416809,0.3708448112010956
357,14677,,,0.5185579061508179,0.9207393527030945,,
358,14718,,,,,1.345193862915039,0.37573686242103577
358,14718,,,0.49511635303497314,0.9160335659980774,,
359,14759,,,,,1.3447458744049072,0.37876975536346436
359,14759,,,0.5028905868530273,0.9156674742698669,,
360,14800,,,,,1.352504014968872,0.3549100160598755
360,14800,,,0.5214145183563232,0.9186628460884094,,
361,14841,,,,,1.368699550628662,0.35715898871421814
361,14841,,,0.4918503761291504,0.925485372543335,,
362,14882,,,,,1.3516167402267456,0.3651217222213745
362,14882,,,0.5006528496742249,0.9210121631622314,,
363,14923,,,,,1.349076271057129,0.36733749508857727
363,14923,,,0.5001069903373718,0.9262121915817261,,
364,14964,,,,,1.3525210618972778,0.35681286454200745
364,14964,,,0.5257478356361389,0.9186890721321106,,
365,15005,,,,,1.3465617895126343,0.36046022176742554
365,15005,,,0.5065070390701294,0.9204935431480408,,
366,15046,,,,,1.3555532693862915,0.36890915036201477
366,15046,,,0.5068426132202148,0.9192748665809631,,
367,15087,,,,,1.3532987833023071,0.36176005005836487
367,15087,,,0.49622875452041626,0.9192526340484619,,
368,15128,,,,,1.38039231300354,0.3543453812599182
368,15128,,,0.5315054655075073,0.9108760356903076,,
369,15169,,,,,1.3551826477050781,0.3533904254436493
369,15169,,,0.49048060178756714,0.9229441285133362,,
370,15210,,,,,1.374997615814209,0.3592032194137573
370,15210,,,0.5172876119613647,0.9228168725967407,,
371,15251,,,,,1.3631548881530762,0.3566441535949707
371,15251,,,0.49581775069236755,0.9228270053863525,,
372,15292,,,,,1.3438513278961182,0.35984769463539124
372,15292,,,0.49866437911987305,0.9199146032333374,,
373,15333,,,,,1.3414990901947021,0.3597465753555298
373,15333,,,0.5298722386360168,0.9104411602020264,,
374,15374,,,,,1.3237932920455933,0.3708583116531372
374,15374,,,0.48083022236824036,0.9292575716972351,,
375,15415,,,,,1.337654709815979,0.36700159311294556
375,15415,,,0.5047680139541626,0.9221783876419067,,
376,15456,,,,,1.3391313552856445,0.3702332377433777
376,15456,,,0.5006285905838013,0.9244913458824158,,
377,15497,,,,,1.3684879541397095,0.3630661964416504
377,15497,,,0.488797664642334,0.926280677318573,,
378,15538,,,,,1.3485238552093506,0.3612278401851654
378,15538,,,0.5145446062088013,0.9269368052482605,,
379,15579,,,,,1.3489453792572021,0.3698677122592926
379,15579,,,0.5259031653404236,0.9159169793128967,,
380,15620,,,,,1.3437811136245728,0.36263296008110046
380,15620,,,0.47727319598197937,0.9278838038444519,,
381,15661,,,,,1.3291752338409424,0.3610251545906067
381,15661,,,0.48980364203453064,0.9257315397262573,,
382,15702,,,,,1.3336318731307983,0.3615010976791382
382,15702,,,0.5192553997039795,0.9228326678276062,,
383,15743,,,,,1.3400746583938599,0.36037755012512207
383,15743,,,0.5303604602813721,0.907569408416748,,
384,15784,,,,,1.3621952533721924,0.3586152493953705
384,15784,,,0.4905984103679657,0.9293426871299744,,
385,15825,,,,,1.3613559007644653,0.35996922850608826
385,15825,,,0.4810749590396881,0.9322625994682312,,
386,15866,,,,,1.336795687675476,0.3701336681842804
386,15866,,,0.5175420641899109,0.920861005783081,,
387,15907,,,,,1.344374179840088,0.3800422251224518
387,15907,,,0.5116312503814697,0.9073354005813599,,
388,15948,,,,,1.3317290544509888,0.3747815191745758
388,15948,,,0.49201783537864685,0.9224843978881836,,
389,15989,,,,,1.3228716850280762,0.36890003085136414
389,15989,,,0.5280246138572693,0.9117625951766968,,
390,16030,,,,,1.3585174083709717,0.3659852147102356
390,16030,,,0.506173312664032,0.9182183146476746,,
391,16071,,,,,1.3706122636795044,0.3630440831184387
391,16071,,,0.48760613799095154,0.9259674549102783,,
392,16112,,,,,1.3365535736083984,0.3626849353313446
392,16112,,,0.4895778298377991,0.9325857162475586,,
393,16153,,,,,1.3473279476165771,0.37544775009155273
393,16153,,,0.5175516605377197,0.9150480031967163,,
394,16194,,,,,1.342403531074524,0.3749715983867645
394,16194,,,0.48144614696502686,0.9328815937042236,,
395,16235,,,,,1.3457311391830444,0.36549216508865356
395,16235,,,0.4952598214149475,0.9244918823242188,,
396,16276,,,,,1.3500365018844604,0.37172603607177734
396,16276,,,0.5036937594413757,0.9256904125213623,,
397,16317,,,,,1.338337779045105,0.37255311012268066
397,16317,,,0.4921937882900238,0.9169614911079407,,
398,16358,,,,,1.3350300788879395,0.3828849792480469
398,16358,,,0.48876631259918213,0.9176025390625,,
399,16399,,,,,1.3141200542449951,0.3870266377925873
399,16399,,,0.5036410093307495,0.9152328968048096,,
400,16440,,,,,1.3419690132141113,0.377690851688385
400,16440,,,0.4801248610019684,0.9282048940658569,,
401,16481,,,,,1.3259613513946533,0.38401177525520325
401,16481,,,0.5019949674606323,0.9270510077476501,,
402,16522,,,,,1.3269280195236206,0.37662047147750854
402,16522,,,0.4877726435661316,0.9159154295921326,,
403,16563,,,,,1.3200758695602417,0.3804372549057007
403,16563,,,0.49807268381118774,0.9213208556175232,,
404,16604,,,,,1.3343327045440674,0.3685895502567291
404,16604,,,0.5017298460006714,0.9177629351615906,,
405,16645,,,,,1.3426791429519653,0.37231796979904175
405,16645,,,0.4914567172527313,0.9190597534179688,,
406,16686,,,,,1.3311631679534912,0.36980655789375305
406,16686,,,0.4984189569950104,0.9187757968902588,,
407,16727,,,,,1.3472514152526855,0.3713324964046478
407,16727,,,0.5157667398452759,0.9181326627731323,,
408,16768,,,,,1.3516571521759033,0.36851033568382263
408,16768,,,0.5003788471221924,0.9241387844085693,,
409,16809,,,,,1.3172107934951782,0.3776993751525879
409,16809,,,0.5024752020835876,0.9248133301734924,,
410,16850,,,,,1.321496605873108,0.3748073875904083
410,16850,,,0.48366039991378784,0.9261288642883301,,
411,16891,,,,,1.3449962139129639,0.3723635971546173
411,16891,,,0.478708952665329,0.9326757788658142,,
412,16932,,,,,1.3530769348144531,0.3776152431964874
412,16932,,,0.4727114737033844,0.9346780776977539,,
413,16973,,,,,1.3502165079116821,0.3809643089771271
413,16973,,,0.4921239912509918,0.921137809753418,,
414,17014,,,,,1.347840666770935,0.38419851660728455
414,17014,,,0.4803990125656128,0.9373229146003723,,
415,17055,,,,,1.3449316024780273,0.38007864356040955
415,17055,,,0.5115025043487549,0.9221483469009399,,
416,17096,,,,,1.3444299697875977,0.37637996673583984
416,17096,,,0.47420287132263184,0.9338067173957825,,
417,17137,,,,,1.3471273183822632,0.37086406350135803
417,17137,,,0.47283613681793213,0.9337128400802612,,
418,17178,,,,,1.336169958114624,0.36657917499542236
418,17178,,,0.48959165811538696,0.9295687079429626,,
419,17219,,,,,1.3526098728179932,0.3641519546508789
419,17219,,,0.4967438876628876,0.927208423614502,,
420,17260,,,,,1.3453853130340576,0.36751729249954224
420,17260,,,0.47416722774505615,0.934764564037323,,
421,17301,,,,,1.337692141532898,0.36292949318885803
421,17301,,,0.5080830454826355,0.927399218082428,,
422,17342,,,,,1.3350003957748413,0.37021222710609436
422,17342,,,0.488370805978775,0.9203715324401855,,
423,17383,,,,,1.3511806726455688,0.3672240078449249
423,17383,,,0.48618823289871216,0.9336383938789368,,
424,17424,,,,,1.372698187828064,0.3582247197628021
424,17424,,,0.4808485805988312,0.9311316013336182,,
425,17465,,,,,1.347055435180664,0.3652906119823456
425,17465,,,0.47609853744506836,0.9286028146743774,,
426,17506,,,,,1.34481942653656,0.371326208114624
426,17506,,,0.48525065183639526,0.931670606136322,,
427,17547,,,,,1.3204045295715332,0.38341525197029114
427,17547,,,0.47887104749679565,0.923543393611908,,
428,17588,,,,,1.3437275886535645,0.3782217502593994
428,17588,,,0.51175856590271,0.9316646456718445,,
429,17629,,,,,1.3576006889343262,0.38429078459739685
429,17629,,,0.4771472215652466,0.9349655508995056,,
430,17670,,,,,1.3304930925369263,0.36956632137298584
430,17670,,,0.49935010075569153,0.9219729900360107,,
431,17711,,,,,1.341133713722229,0.3725782334804535
431,17711,,,0.493476927280426,0.9204519391059875,,
432,17752,,,,,1.338239312171936,0.3704041838645935
432,17752,,,0.48768168687820435,0.919982373714447,,
433,17793,,,,,1.3286821842193604,0.3725898563861847
433,17793,,,0.5008584260940552,0.925953209400177,,
434,17834,,,,,1.3344111442565918,0.37407830357551575
434,17834,,,0.48416852951049805,0.9285207390785217,,
435,17875,,,,,1.3318867683410645,0.3687850534915924
435,17875,,,0.47839996218681335,0.9320768713951111,,
436,17916,,,,,1.326060175895691,0.37151864171028137
436,17916,,,0.5057664513587952,0.9192730188369751,,
437,17957,,,,,1.3454161882400513,0.3598828911781311
437,17957,,,0.48498594760894775,0.9261935353279114,,
438,17998,,,,,1.3436102867126465,0.3596939742565155
438,17998,,,0.48417240381240845,0.9243283271789551,,
439,18039,,,,,1.3477808237075806,0.36311760544776917
439,18039,,,0.49858319759368896,0.9257951974868774,,
440,18080,,,,,1.3490426540374756,0.3639747202396393
440,18080,,,0.4866507947444916,0.9333638548851013,,
441,18121,,,,,1.3725509643554688,0.35916224122047424
441,18121,,,0.47330597043037415,0.935783863067627,,
442,18162,,,,,1.372573971748352,0.3519183099269867
442,18162,,,0.49996766448020935,0.9211626648902893,,
443,18203,,,,,1.3462543487548828,0.355117529630661
443,18203,,,0.47711381316185,0.9315481185913086,,
444,18244,,,,,1.3714962005615234,0.35546037554740906
444,18244,,,0.4958856701850891,0.9316021800041199,,
445,18285,,,,,1.3759987354278564,0.36554422974586487
445,18285,,,0.4653855860233307,0.9257351756095886,,
446,18326,,,,,1.358993411064148,0.3623630106449127
446,18326,,,0.4662148654460907,0.9306293725967407,,
447,18367,,,,,1.340586543083191,0.3682344853878021
447,18367,,,0.4880141317844391,0.9279040098190308,,
448,18408,,,,,1.3457087278366089,0.3628551959991455
448,18408,,,0.48497459292411804,0.9336358308792114,,
449,18449,,,,,1.3396306037902832,0.365837037563324
449,18449,,,0.4951128661632538,0.9266582727432251,,
450,18490,,,,,1.3517529964447021,0.3611641228199005
450,18490,,,0.4532252550125122,0.9385996460914612,,
451,18531,,,,,1.36319899559021,0.3524761199951172
451,18531,,,0.4646512567996979,0.9286471009254456,,
452,18572,,,,,1.359330654144287,0.3683692216873169
452,18572,,,0.48458653688430786,0.9253402352333069,,
453,18613,,,,,1.37208890914917,0.36604321002960205
453,18613,,,0.46762141585350037,0.9349234700202942,,
454,18654,,,,,1.346278429031372,0.370572566986084
454,18654,,,0.5030777454376221,0.9281022548675537,,
455,18695,,,,,1.3662128448486328,0.3674689531326294
455,18695,,,0.4819529950618744,0.9293724894523621,,
456,18736,,,,,1.361444354057312,0.3701678514480591
456,18736,,,0.4709976613521576,0.9309521913528442,,
457,18777,,,,,1.3576363325119019,0.3679008185863495
457,18777,,,0.4532664120197296,0.9348600506782532,,
458,18818,,,,,1.3531153202056885,0.3679538071155548
458,18818,,,0.4829338788986206,0.9279181957244873,,
459,18859,,,,,1.3596391677856445,0.36852559447288513
459,18859,,,0.47006621956825256,0.9287368059158325,,
460,18900,,,,,1.330177664756775,0.3648136556148529
460,18900,,,0.49989810585975647,0.9252735376358032,,
461,18941,,,,,1.3259719610214233,0.37258049845695496
461,18941,,,0.4816431999206543,0.9349056482315063,,
462,18982,,,,,1.3417789936065674,0.36017897725105286
462,18982,,,0.48559755086898804,0.92582106590271,,
463,19023,,,,,1.3390017747879028,0.36092492938041687
463,19023,,,0.47420957684516907,0.9226053953170776,,
464,19064,,,,,1.35616135597229,0.35950183868408203
464,19064,,,0.4747656285762787,0.9279302358627319,,
465,19105,,,,,1.3418073654174805,0.36777934432029724
465,19105,,,0.47395023703575134,0.9367638826370239,,
466,19146,,,,,1.3333572149276733,0.36047571897506714
466,19146,,,0.4950513541698456,0.9273144602775574,,
467,19187,,,,,1.3265644311904907,0.36178159713745117
467,19187,,,0.473600298166275,0.9236235022544861,,
468,19228,,,,,1.341120719909668,0.36589404940605164
468,19228,,,0.47410640120506287,0.930135190486908,,
469,19269,,,,,1.331272840499878,0.3602224886417389
469,19269,,,0.48330947756767273,0.9241189956665039,,
470,19310,,,,,1.326348066329956,0.3688427209854126
470,19310,,,0.48650649189949036,0.926463782787323,,
471,19351,,,,,1.3359897136688232,0.3653572201728821
471,19351,,,0.47073987126350403,0.9270512461662292,,
472,19392,,,,,1.3360061645507812,0.3677322268486023
472,19392,,,0.4745330214500427,0.9333007335662842,,
473,19433,,,,,1.3431452512741089,0.37465351819992065
473,19433,,,0.4718899726867676,0.9383783340454102,,
474,19474,,,,,1.333207130432129,0.3677365183830261
474,19474,,,0.4696612060070038,0.9341594576835632,,
475,19515,,,,,1.3604800701141357,0.3616328537464142
475,19515,,,0.49713149666786194,0.9164342880249023,,
476,19556,,,,,1.3400923013687134,0.3702875077724457
476,19556,,,0.474777489900589,0.9376570582389832,,
477,19597,,,,,1.3514518737792969,0.3623567223548889
477,19597,,,0.48845043778419495,0.9227681159973145,,
478,19638,,,,,1.3329342603683472,0.3623535931110382
478,19638,,,0.48660242557525635,0.9288319945335388,,
479,19679,,,,,1.3493142127990723,0.36456775665283203
479,19679,,,0.4655270576477051,0.9334565997123718,,
480,19720,,,,,1.3376160860061646,0.3676954507827759
480,19720,,,0.48910248279571533,0.922951877117157,,
481,19761,,,,,1.3428550958633423,0.3692832887172699
481,19761,,,0.4682419002056122,0.9271790981292725,,
482,19802,,,,,1.32851243019104,0.3585870563983917
482,19802,,,0.4710651934146881,0.9368460774421692,,
483,19843,,,,,1.3611968755722046,0.3523036539554596
483,19843,,,0.4851935803890228,0.929688036441803,,
484,19884,,,,,1.3523504734039307,0.3645499348640442
484,19884,,,0.46826156973838806,0.9334496259689331,,
485,19925,,,,,1.3482890129089355,0.36815905570983887
485,19925,,,0.4686930179595947,0.9244688153266907,,
486,19966,,,,,1.332482099533081,0.3606592118740082
486,19966,,,0.46842724084854126,0.9316167235374451,,
487,20007,,,,,1.3321876525878906,0.3803988993167877
487,20007,,,0.47896304726600647,0.9286149144172668,,
488,20048,,,,,1.3142756223678589,0.38431015610694885
488,20048,,,0.4936644732952118,0.9272418022155762,,
489,20089,,,,,1.3442026376724243,0.3776398301124573
489,20089,,,0.4817921221256256,0.9340937733650208,,
490,20130,,,,,1.3430923223495483,0.3786729574203491
490,20130,,,0.4959109127521515,0.9241297841072083,,
491,20171,,,,,1.3303250074386597,0.36297059059143066
491,20171,,,0.46337583661079407,0.9350964426994324,,
492,20212,,,,,1.3494914770126343,0.3678322732448578
492,20212,,,0.47928526997566223,0.9344309568405151,,
493,20253,,,,,1.3568243980407715,0.3686661720275879
493,20253,,,0.47545233368873596,0.932152271270752,,
494,20294,,,,,1.324657678604126,0.3578803837299347
494,20294,,,0.4755197763442993,0.9324098825454712,,
495,20335,,,,,1.3435447216033936,0.3737589120864868
495,20335,,,0.46263396739959717,0.934967577457428,,
496,20376,,,,,1.3367669582366943,0.3681602478027344
496,20376,,,0.45829176902770996,0.9310600757598877,,
497,20417,,,,,1.3320438861846924,0.3764646649360657
497,20417,,,0.4683017134666443,0.9268795251846313,,
498,20458,,,,,1.3305870294570923,0.37313881516456604
498,20458,,,0.47471511363983154,0.9321801066398621,,
499,20499,,,,,1.3227968215942383,0.3653569519519806
499,20499,,,0.4720625877380371,0.9282185435295105,,
500,20540,,,,,1.3363980054855347,0.3733510673046112
500,20540,,,0.4915902614593506,0.9194769263267517,,
501,20581,,,,,1.3233821392059326,0.3708683252334595
501,20581,,,0.49064311385154724,0.9249929785728455,,
502,20622,,,,,1.3291832208633423,0.3873021900653839
502,20622,,,0.4645158648490906,0.938910722732544,,
503,20663,,,,,1.3208644390106201,0.38687416911125183
503,20663,,,0.4730466604232788,0.9318897128105164,,
504,20704,,,,,1.335932731628418,0.39317786693573
504,20704,,,0.46903908252716064,0.9337403774261475,,
505,20745,,,,,1.3346160650253296,0.3869580626487732
505,20745,,,0.4868059754371643,0.9221146702766418,,
506,20786,,,,,1.3557509183883667,0.3873274326324463
506,20786,,,0.4478268623352051,0.9374715089797974,,
507,20827,,,,,1.332337737083435,0.385001540184021
507,20827,,,0.4687585234642029,0.928142249584198,,
508,20868,,,,,1.3352999687194824,0.38071441650390625
508,20868,,,0.47697338461875916,0.9334075450897217,,
509,20909,,,,,1.340285301208496,0.3828669786453247
509,20909,,,0.4912419617176056,0.9292712211608887,,
510,20950,,,,,1.3249307870864868,0.3838081359863281
510,20950,,,0.48495325446128845,0.9261947274208069,,
511,20991,,,,,1.3084951639175415,0.38091087341308594
511,20991,,,0.4949103593826294,0.9300591349601746,,
512,21032,,,,,1.3568463325500488,0.38318681716918945
512,21032,,,0.479351282119751,0.9308122992515564,,
513,21073,,,,,1.339981198310852,0.3684900999069214
513,21073,,,0.48014649748802185,0.928290605545044,,
514,21114,,,,,1.342562198638916,0.36920440196990967
514,21114,,,0.49128592014312744,0.9258208870887756,,
515,21155,,,,,1.324188232421875,0.372476726770401
515,21155,,,0.46620234847068787,0.9348102807998657,,
516,21196,,,,,1.3195821046829224,0.3833302855491638
516,21196,,,0.47120028734207153,0.9313786029815674,,
517,21237,,,,,1.3290687799453735,0.3816075325012207
517,21237,,,0.446532279253006,0.9368281364440918,,
518,21278,,,,,1.3387409448623657,0.368577778339386
518,21278,,,0.4706019461154938,0.9351614117622375,,
519,21319,,,,,1.3294305801391602,0.3729721009731293
519,21319,,,0.4708961248397827,0.9355933666229248,,
520,21360,,,,,1.3214168548583984,0.3755132257938385
520,21360,,,0.47424864768981934,0.9373450875282288,,
521,21401,,,,,1.3155834674835205,0.3587569296360016
521,21401,,,0.4769071340560913,0.9313779473304749,,
522,21442,,,,,1.3284602165222168,0.35813382267951965
522,21442,,,0.455006867647171,0.929398238658905,,
523,21483,,,,,1.3195182085037231,0.37726807594299316
523,21483,,,0.4500110447406769,0.9439668655395508,,
524,21524,,,,,1.3221060037612915,0.37426263093948364
524,21524,,,0.49747011065483093,0.9233686923980713,,
525,21565,,,,,1.3498427867889404,0.3663747012615204
525,21565,,,0.451991468667984,0.9413878321647644,,
526,21606,,,,,1.3522660732269287,0.3594983220100403
526,21606,,,0.4709669351577759,0.9265740513801575,,
527,21647,,,,,1.3411228656768799,0.37285175919532776
527,21647,,,0.44887036085128784,0.9373857378959656,,
528,21688,,,,,1.3542741537094116,0.36588388681411743
528,21688,,,0.48875346779823303,0.9258357882499695,,
529,21729,,,,,1.3201738595962524,0.3795996606349945
529,21729,,,0.4959565997123718,0.9308038949966431,,
530,21770,,,,,1.3579736948013306,0.3715459406375885
530,21770,,,0.4619928300380707,0.9346566796302795,,
531,21811,,,,,1.3332051038742065,0.3729505240917206
531,21811,,,0.4640035033226013,0.93125981092453,,
532,21852,,,,,1.3305433988571167,0.374999076128006
532,21852,,,0.4607175588607788,0.9326679706573486,,
533,21893,,,,,1.3458912372589111,0.36289435625076294
533,21893,,,0.4770367741584778,0.9270426034927368,,
534,21934,,,,,1.3441153764724731,0.3785254657268524
534,21934,,,0.47993436455726624,0.9329187273979187,,
535,21975,,,,,1.33901846408844,0.3686816692352295
535,21975,,,0.4639643132686615,0.9389281868934631,,
536,22016,,,,,1.342876672744751,0.3677821457386017
536,22016,,,0.47680097818374634,0.9337210059165955,,
537,22057,,,,,1.332984209060669,0.3781299591064453
537,22057,,,0.4794432818889618,0.9308215975761414,,
538,22098,,,,,1.3385009765625,0.3832753896713257
538,22098,,,0.4454898238182068,0.9422682523727417,,
539,22139,,,,,1.3335803747177124,0.3819308280944824
539,22139,,,0.4759921133518219,0.933707058429718,,
540,22180,,,,,1.3190207481384277,0.3787442147731781
540,22180,,,0.48677965998649597,0.930156409740448,,
541,22221,,,,,1.3307048082351685,0.3690924048423767
541,22221,,,0.4733763039112091,0.9277662038803101,,
542,22262,,,,,1.32685124874115,0.3724665641784668
542,22262,,,0.4714387059211731,0.9237961173057556,,
543,22303,,,,,1.3396321535110474,0.3666268587112427
543,22303,,,0.47078123688697815,0.9341148734092712,,
544,22344,,,,,1.3301913738250732,0.37147143483161926
544,22344,,,0.44032853841781616,0.9435644149780273,,
545,22385,,,,,1.3331674337387085,0.37101688981056213
545,22385,,,0.4595803916454315,0.9315445423126221,,
546,22426,,,,,1.3364934921264648,0.3826882541179657
546,22426,,,0.45551300048828125,0.9334813356399536,,
547,22467,,,,,1.3549033403396606,0.37195056676864624
547,22467,,,0.4687541723251343,0.9238316416740417,,
548,22508,,,,,1.3470103740692139,0.3815392553806305
548,22508,,,0.4738638401031494,0.9301618337631226,,
549,22549,,,,,1.327250599861145,0.37976759672164917
549,22549,,,0.4728425145149231,0.9393494725227356,,
550,22590,,,,,1.3205020427703857,0.3744420111179352
550,22590,,,0.47405922412872314,0.9345114827156067,,
551,22631,,,,,1.327386736869812,0.3775106966495514
551,22631,,,0.471072256565094,0.9349151253700256,,
552,22672,,,,,1.3229334354400635,0.3770603537559509
552,22672,,,0.4751816391944885,0.93256014585495,,
553,22713,,,,,1.3163390159606934,0.37874212861061096
553,22713,,,0.4596270024776459,0.9304147362709045,,
554,22754,,,,,1.3305888175964355,0.3717590570449829
554,22754,,,0.4675195813179016,0.9329167604446411,,
555,22795,,,,,1.327307105064392,0.38511303067207336
555,22795,,,0.4537329375743866,0.9420711994171143,,
556,22836,,,,,1.3345304727554321,0.3774294853210449
556,22836,,,0.46227535605430603,0.9316425919532776,,
557,22877,,,,,1.3456755876541138,0.3794264495372772
557,22877,,,0.4484667479991913,0.9325181245803833,,
558,22918,,,,,1.3483874797821045,0.3661116063594818
558,22918,,,0.47186601161956787,0.9334798455238342,,
559,22959,,,,,1.3426947593688965,0.3796316385269165
559,22959,,,0.46455812454223633,0.9342958331108093,,
560,23000,,,,,1.3178519010543823,0.37831345200538635
560,23000,,,0.46076706051826477,0.9306574463844299,,
561,23041,,,,,1.3375691175460815,0.3773697316646576
561,23041,,,0.44771990180015564,0.9425692558288574,,
562,23082,,,,,1.3227092027664185,0.3696102499961853
562,23082,,,0.4749501347541809,0.9273402690887451,,
563,23123,,,,,1.3120615482330322,0.37429460883140564
563,23123,,,0.4659169316291809,0.9289215803146362,,
564,23164,,,,,1.323699951171875,0.378388911485672
564,23164,,,0.4640132486820221,0.9248281121253967,,
565,23205,,,,,1.3303009271621704,0.36989980936050415
565,23205,,,0.4493812322616577,0.9383881688117981,,
566,23246,,,,,1.328248381614685,0.37347131967544556
566,23246,,,0.46764206886291504,0.9246600866317749,,
567,23287,,,,,1.3445137739181519,0.3703688979148865
567,23287,,,0.46408987045288086,0.937134325504303,,
568,23328,,,,,1.340513825416565,0.36017298698425293
568,23328,,,0.45800840854644775,0.9296447038650513,,
569,23369,,,,,1.3270676136016846,0.36614474654197693
569,23369,,,0.4760921895503998,0.9293509721755981,,
570,23410,,,,,1.3436031341552734,0.363613098859787
570,23410,,,0.4532531201839447,0.9367216229438782,,
571,23451,,,,,1.3472557067871094,0.3662179410457611
571,23451,,,0.44009390473365784,0.9392333626747131,,
572,23492,,,,,1.3246511220932007,0.3661261200904846
572,23492,,,0.4664640724658966,0.9324478507041931,,
573,23533,,,,,1.326128363609314,0.3709624409675598
573,23533,,,0.4570213556289673,0.9364513158798218,,
574,23574,,,,,1.3307816982269287,0.3666386604309082
574,23574,,,0.4614952802658081,0.9356311559677124,,
575,23615,,,,,1.3229000568389893,0.374512255191803
575,23615,,,0.46175575256347656,0.9341998100280762,,
576,23656,,,,,1.320594072341919,0.377834290266037
576,23656,,,0.4778969883918762,0.9281182885169983,,
577,23697,,,,,1.3173391819000244,0.3734038472175598
577,23697,,,0.46474069356918335,0.9346712827682495,,
578,23738,,,,,1.333859920501709,0.37612390518188477
578,23738,,,0.44874224066734314,0.9426553249359131,,
579,23779,,,,,1.321644902229309,0.377402663230896
579,23779,,,0.45483753085136414,0.9400354623794556,,
580,23820,,,,,1.3257426023483276,0.37770792841911316
580,23820,,,0.4678809940814972,0.9372498989105225,,
581,23861,,,,,1.3357443809509277,0.3849678933620453
581,23861,,,0.44725921750068665,0.939072847366333,,
582,23902,,,,,1.3293076753616333,0.37111783027648926
582,23902,,,0.45002198219299316,0.9378941059112549,,
583,23943,,,,,1.3330426216125488,0.3777485191822052
583,23943,,,0.47626030445098877,0.9331543445587158,,
584,23984,,,,,1.3366672992706299,0.3686584234237671
584,23984,,,0.48203137516975403,0.9321139454841614,,
585,24025,,,,,1.3393187522888184,0.3761293292045593
585,24025,,,0.4558594822883606,0.9400151968002319,,
586,24066,,,,,1.3463397026062012,0.3813157081604004
586,24066,,,0.47848790884017944,0.9314082264900208,,
587,24107,,,,,1.3221981525421143,0.37846073508262634
587,24107,,,0.4827246367931366,0.9276158213615417,,
588,24148,,,,,1.313750147819519,0.3780873119831085
588,24148,,,0.4669756591320038,0.9350607991218567,,
589,24189,,,,,1.3629443645477295,0.372640997171402
589,24189,,,0.460482656955719,0.9403663277626038,,
590,24230,,,,,1.3351707458496094,0.3853265643119812
590,24230,,,0.4856032431125641,0.9273874163627625,,
591,24271,,,,,1.3150441646575928,0.3805426359176636
591,24271,,,0.44346916675567627,0.9424463510513306,,
592,24312,,,,,1.3229432106018066,0.3902060389518738
592,24312,,,0.45659297704696655,0.940041720867157,,
593,24353,,,,,1.3255391120910645,0.3878611624240875
593,24353,,,0.4723070561885834,0.9301125407218933,,
594,24394,,,,,1.3183226585388184,0.3798869252204895
594,24394,,,0.4866705536842346,0.9282148480415344,,
595,24435,,,,,1.3134623765945435,0.3984844982624054
595,24435,,,0.4375695586204529,0.9397832155227661,,
596,24476,,,,,1.3107986450195312,0.39583224058151245
596,24476,,,0.4641118049621582,0.9381554126739502,,
597,24517,,,,,1.3163235187530518,0.38748911023139954
597,24517,,,0.4713800847530365,0.9343283772468567,,
598,24558,,,,,1.3144019842147827,0.3848714828491211
598,24558,,,0.45033571124076843,0.9348985552787781,,
599,24599,,,,,1.3209517002105713,0.3824211657047272
599,24599,,,0.4691716730594635,0.9339043498039246,,
600,24640,,,,,1.3224668502807617,0.3890939950942993
600,24640,,,0.4644466042518616,0.9300252199172974,,
601,24681,,,,,1.3160526752471924,0.3798363506793976
601,24681,,,0.47473084926605225,0.9353509545326233,,
602,24722,,,,,1.3296600580215454,0.38754478096961975
602,24722,,,0.46286913752555847,0.9380863308906555,,
603,24763,,,,,1.33726167678833,0.37721553444862366
603,24763,,,0.4380880296230316,0.936273992061615,,
604,24804,,,,,1.3376020193099976,0.377636194229126
604,24804,,,0.4661842882633209,0.9309132099151611,,
605,24845,,,,,1.3119200468063354,0.38742831349372864
605,24845,,,0.44843900203704834,0.9402494430541992,,
606,24886,,,,,1.334697961807251,0.3845326006412506
606,24886,,,0.4692595899105072,0.9340344071388245,,
607,24927,,,,,1.3038406372070312,0.3903743326663971
607,24927,,,0.47614553570747375,0.9376804232597351,,
608,24968,,,,,1.3039878606796265,0.39788854122161865
608,24968,,,0.4737797677516937,0.9325979948043823,,
609,25009,,,,,1.3147279024124146,0.3874245584011078
609,25009,,,0.44688042998313904,0.9353946447372437,,
610,25050,,,,,1.3560786247253418,0.3859301209449768
610,25050,,,0.44847437739372253,0.9398795366287231,,
611,25091,,,,,1.3518550395965576,0.3725868761539459
611,25091,,,0.465138703584671,0.9302077889442444,,
612,25132,,,,,1.3282639980316162,0.38005709648132324
612,25132,,,0.4647955894470215,0.9363574385643005,,
613,25173,,,,,1.313634991645813,0.3831791877746582
613,25173,,,0.44025149941444397,0.9458462595939636,,
614,25214,,,,,1.3125412464141846,0.3966878354549408
614,25214,,,0.4496637284755707,0.936218798160553,,
615,25255,,,,,1.3289635181427002,0.380359947681427
615,25255,,,0.47193649411201477,0.9272860884666443,,
616,25296,,,,,1.3364993333816528,0.3803759217262268
616,25296,,,0.45080867409706116,0.9340120553970337,,
617,25337,,,,,1.3449428081512451,0.3828074038028717
617,25337,,,0.44926562905311584,0.9411208629608154,,
618,25378,,,,,1.3284929990768433,0.3865385055541992
618,25378,,,0.46510446071624756,0.932182788848877,,
619,25419,,,,,1.3483413457870483,0.3781028091907501
619,25419,,,0.4415929317474365,0.9415943622589111,,
620,25460,,,,,1.3328675031661987,0.3766115605831146
620,25460,,,0.44544848799705505,0.9427206516265869,,
621,25501,,,,,1.3375133275985718,0.37895914912223816
621,25501,,,0.47861555218696594,0.9374106526374817,,
622,25542,,,,,1.31906259059906,0.3823564648628235
622,25542,,,0.43724846839904785,0.940792441368103,,
623,25583,,,,,1.32425856590271,0.39412328600883484
623,25583,,,0.44909560680389404,0.9408323764801025,,
624,25624,,,,,1.3253828287124634,0.38498806953430176
624,25624,,,0.46500635147094727,0.9359079003334045,,
625,25665,,,,,1.3399739265441895,0.37901660799980164
625,25665,,,0.45312610268592834,0.932810366153717,,
626,25706,,,,,1.3003416061401367,0.38202542066574097
626,25706,,,0.44215112924575806,0.9347255825996399,,
627,25747,,,,,1.3396401405334473,0.378647118806839
627,25747,,,0.4568263292312622,0.9417241811752319,,
628,25788,,,,,1.2980607748031616,0.38874855637550354
628,25788,,,0.464475154876709,0.9392675161361694,,
629,25829,,,,,1.3375709056854248,0.3948785662651062
629,25829,,,0.4511467516422272,0.94158935546875,,
630,25870,,,,,1.3265173435211182,0.3865542411804199
630,25870,,,0.45129096508026123,0.9416356682777405,,
631,25911,,,,,1.3259570598602295,0.3886360824108124
631,25911,,,0.44745948910713196,0.9388467073440552,,
632,25952,,,,,1.320887804031372,0.400188148021698
632,25952,,,0.4546366333961487,0.9330012798309326,,
633,25993,,,,,1.3224953413009644,0.38058146834373474
633,25993,,,0.44694873690605164,0.9432603716850281,,
634,26034,,,,,1.300852656364441,0.3928707242012024
634,26034,,,0.4549778699874878,0.9406156539916992,,
635,26075,,,,,1.3265150785446167,0.38718101382255554
635,26075,,,0.44607412815093994,0.9393313527107239,,
636,26116,,,,,1.3232814073562622,0.3862003982067108
636,26116,,,0.4442582428455353,0.9399600028991699,,
637,26157,,,,,1.3161818981170654,0.3829054832458496
637,26157,,,0.4467603266239166,0.9404046535491943,,
638,26198,,,,,1.3213386535644531,0.3793717622756958
638,26198,,,0.44059520959854126,0.93732088804245,,
639,26239,,,,,1.319217562675476,0.3870290219783783
639,26239,,,0.44568932056427,0.9360582232475281,,
640,26280,,,,,1.315082311630249,0.3910737931728363
640,26280,,,0.4557195007801056,0.938286304473877,,
641,26321,,,,,1.3061721324920654,0.40635213255882263
641,26321,,,0.4591963291168213,0.9330172538757324,,
642,26362,,,,,1.3135371208190918,0.3877103328704834
642,26362,,,0.4569723904132843,0.9290464520454407,,
643,26403,,,,,1.3068653345108032,0.3960687816143036
643,26403,,,0.45844730734825134,0.9314314723014832,,
644,26444,,,,,1.3050200939178467,0.399802029132843
644,26444,,,0.4462967813014984,0.9338937401771545,,
645,26485,,,,,1.3065919876098633,0.4010244905948639
645,26485,,,0.4551955759525299,0.9293280839920044,,
646,26526,,,,,1.3126925230026245,0.39704403281211853
646,26526,,,0.46430620551109314,0.9331709742546082,,
647,26567,,,,,1.3263272047042847,0.3953389525413513
647,26567,,,0.4550861120223999,0.9354422688484192,,
648,26608,,,,,1.3238401412963867,0.3902970254421234
648,26608,,,0.460395872592926,0.9301623106002808,,
649,26649,,,,,1.32464599609375,0.38756829500198364
649,26649,,,0.4528243839740753,0.9379521608352661,,
650,26690,,,,,1.3188499212265015,0.39643803238868713
650,26690,,,0.4436219036579132,0.9390051960945129,,
651,26731,,,,,1.3231934309005737,0.39832112193107605
651,26731,,,0.4610968828201294,0.9363137483596802,,
652,26772,,,,,1.3255668878555298,0.3969452977180481
652,26772,,,0.4294085204601288,0.9468060731887817,,
653,26813,,,,,1.31044602394104,0.4000706374645233
653,26813,,,0.45159515738487244,0.931527853012085,,
654,26854,,,,,1.3203822374343872,0.3922736644744873
654,26854,,,0.4580596387386322,0.9394123554229736,,
655,26895,,,,,1.31856107711792,0.39360880851745605
655,26895,,,0.4758776128292084,0.9286924004554749,,
656,26936,,,,,1.3215751647949219,0.38427025079727173
656,26936,,,0.46752995252609253,0.9323549866676331,,
657,26977,,,,,1.3355029821395874,0.39172840118408203
657,26977,,,0.436353862285614,0.945781409740448,,
658,27018,,,,,1.300744652748108,0.40482667088508606
658,27018,,,0.4451046884059906,0.9385930299758911,,
659,27059,,,,,1.3217239379882812,0.3981884717941284
659,27059,,,0.43304625153541565,0.9467712044715881,,
660,27100,,,,,1.3274027109146118,0.39217379689216614
660,27100,,,0.4503467381000519,0.9385887980461121,,
661,27141,,,,,1.3330178260803223,0.3892529010772705
661,27141,,,0.44740527868270874,0.9348804950714111,,
662,27182,,,,,1.3266477584838867,0.39052826166152954
662,27182,,,0.4331095218658447,0.949824333190918,,
663,27223,,,,,1.350211501121521,0.3835287392139435
663,27223,,,0.4500664174556732,0.9402127861976624,,
664,27264,,,,,1.3275108337402344,0.39374470710754395
664,27264,,,0.43854495882987976,0.9363643527030945,,
665,27305,,,,,1.302159309387207,0.39061254262924194
665,27305,,,0.4419402480125427,0.9391006827354431,,
666,27346,,,,,1.3128273487091064,0.39368584752082825
666,27346,,,0.47782549262046814,0.9306586384773254,,
667,27387,,,,,1.3130947351455688,0.3955637514591217
667,27387,,,0.4655964970588684,0.9245542883872986,,
668,27428,,,,,1.332598090171814,0.39451462030410767
668,27428,,,0.43427973985671997,0.9456537961959839,,
669,27469,,,,,1.3277310132980347,0.37869131565093994
669,27469,,,0.4316508173942566,0.9449703693389893,,
670,27510,,,,,1.3303169012069702,0.38927578926086426
670,27510,,,0.4407854676246643,0.9400272965431213,,
671,27551,,,,,1.3283772468566895,0.3915368318557739
671,27551,,,0.45438385009765625,0.9395952224731445,,
672,27592,,,,,1.3270543813705444,0.3887255787849426
672,27592,,,0.4560491144657135,0.9374500513076782,,
673,27633,,,,,1.3364421129226685,0.38471680879592896
673,27633,,,0.45502257347106934,0.9421303868293762,,
674,27674,,,,,1.324897050857544,0.4017978310585022
674,27674,,,0.44230666756629944,0.935158908367157,,
675,27715,,,,,1.3340654373168945,0.39031359553337097
675,27715,,,0.47100603580474854,0.9276313781738281,,
676,27756,,,,,1.3337712287902832,0.38874736428260803
676,27756,,,0.44077590107917786,0.9390401840209961,,
677,27797,,,,,1.3346432447433472,0.39016038179397583
677,27797,,,0.4642396867275238,0.932718813419342,,
678,27838,,,,,1.3448203802108765,0.37804052233695984
678,27838,,,0.43490418791770935,0.9399101734161377,,
679,27879,,,,,1.3248385190963745,0.39577507972717285
679,27879,,,0.45514482259750366,0.9388936758041382,,
680,27920,,,,,1.3184089660644531,0.3881584107875824
680,27920,,,0.4629167318344116,0.9373953342437744,,
681,27961,,,,,1.3319127559661865,0.3815438151359558
681,27961,,,0.4502423405647278,0.9417880773544312,,
682,28002,,,,,1.3437362909317017,0.39689335227012634
682,28002,,,0.46079984307289124,0.9278780221939087,,
683,28043,,,,,1.3345222473144531,0.389642596244812
683,28043,,,0.44789621233940125,0.9439508318901062,,
684,28084,,,,,1.325514316558838,0.3991284668445587
684,28084,,,0.43179622292518616,0.9397760629653931,,
685,28125,,,,,1.3086979389190674,0.4028577208518982
685,28125,,,0.47615566849708557,0.9267956018447876,,
686,28166,,,,,1.329748272895813,0.40118494629859924
686,28166,,,0.43116649985313416,0.9399437308311462,,
687,28207,,,,,1.326183795928955,0.40150338411331177
687,28207,,,0.44250398874282837,0.941538393497467,,
688,28248,,,,,1.3228319883346558,0.3928256034851074
688,28248,,,0.44587084650993347,0.9351917505264282,,
689,28289,,,,,1.2967792749404907,0.39066311717033386
689,28289,,,0.455257773399353,0.93174147605896,,
690,28330,,,,,1.299475073814392,0.40445372462272644
690,28330,,,0.4410027861595154,0.9377056956291199,,
691,28371,,,,,1.3179559707641602,0.39028748869895935
691,28371,,,0.4568746089935303,0.9408733248710632,,
692,28412,,,,,1.3259906768798828,0.3867546319961548
692,28412,,,0.44644296169281006,0.9366491436958313,,
693,28453,,,,,1.304634690284729,0.3974666893482208
693,28453,,,0.4534986615180969,0.9331384897232056,,
694,28494,,,,,1.3255316019058228,0.3940080404281616
694,28494,,,0.43438464403152466,0.9349161386489868,,
695,28535,,,,,1.3087462186813354,0.39658844470977783
695,28535,,,0.4314700663089752,0.9387390613555908,,
696,28576,,,,,1.3210749626159668,0.40769222378730774
696,28576,,,0.4156574606895447,0.9485591650009155,,
697,28617,,,,,1.3190501928329468,0.3899260461330414
697,28617,,,0.45619136095046997,0.9445492029190063,,
698,28658,,,,,1.296167254447937,0.3982057571411133
698,28658,,,0.44097641110420227,0.9378937482833862,,
699,28699,,,,,1.3073557615280151,0.3811895251274109
699,28699,,,0.44719764590263367,0.9389945268630981,,
700,28740,,,,,1.3057491779327393,0.39154672622680664
700,28740,,,0.4423220157623291,0.9412165284156799,,
701,28781,,,,,1.3140339851379395,0.3985235393047333
701,28781,,,0.43942785263061523,0.9511096477508545,,
702,28822,,,,,1.3241326808929443,0.38728728890419006
702,28822,,,0.45671728253364563,0.9329779744148254,,
703,28863,,,,,1.2939821481704712,0.39954686164855957
703,28863,,,0.4439873993396759,0.9375990033149719,,
704,28904,,,,,1.3086023330688477,0.3953702747821808
704,28904,,,0.43002039194107056,0.9379993677139282,,
705,28945,,,,,1.297479271888733,0.3978709876537323
705,28945,,,0.4431338906288147,0.9389041662216187,,
706,28986,,,,,1.3006067276000977,0.3945293128490448
706,28986,,,0.4401828348636627,0.9454079866409302,,
707,29027,,,,,1.2900267839431763,0.3893864154815674
707,29027,,,0.43039587140083313,0.9441700577735901,,
708,29068,,,,,1.2978771924972534,0.40294399857521057
708,29068,,,0.4465562701225281,0.9375863671302795,,
709,29109,,,,,1.3007047176361084,0.39274168014526367
709,29109,,,0.47172364592552185,0.9340829849243164,,
710,29150,,,,,1.294281005859375,0.4077558219432831
710,29150,,,0.46644842624664307,0.9355940222740173,,
711,29191,,,,,1.3132213354110718,0.40340766310691833
711,29191,,,0.44775235652923584,0.935904324054718,,
712,29232,,,,,1.3039015531539917,0.3961304724216461
712,29232,,,0.4556615948677063,0.937977135181427,,
713,29273,,,,,1.3193789720535278,0.39764663577079773
713,29273,,,0.4487358629703522,0.9374046325683594,,
714,29314,,,,,1.3026728630065918,0.4042462110519409
714,29314,,,0.4398300349712372,0.9426532983779907,,
715,29355,,,,,1.31040620803833,0.38615283370018005
715,29355,,,0.44711732864379883,0.940104603767395,,
716,29396,,,,,1.30396568775177,0.39699220657348633
716,29396,,,0.4709002375602722,0.9389937520027161,,
717,29437,,,,,1.3319358825683594,0.39014333486557007
717,29437,,,0.44538724422454834,0.9382871389389038,,
718,29478,,,,,1.3231340646743774,0.39268943667411804
718,29478,,,0.44302448630332947,0.9387386441230774,,
719,29519,,,,,1.3393747806549072,0.39113831520080566
719,29519,,,0.4611656367778778,0.93616783618927,,
720,29560,,,,,1.343505620956421,0.38326331973075867
720,29560,,,0.4530901610851288,0.9397969841957092,,
721,29601,,,,,1.3405869007110596,0.38450902700424194
721,29601,,,0.4576800763607025,0.9373232126235962,,
722,29642,,,,,1.3246560096740723,0.3834989368915558
722,29642,,,0.44284048676490784,0.9457470178604126,,
723,29683,,,,,1.3108402490615845,0.3979906141757965
723,29683,,,0.45496973395347595,0.9318838119506836,,
724,29724,,,,,1.318009376525879,0.4002555310726166
724,29724,,,0.44408077001571655,0.9392815828323364,,
725,29765,,,,,1.315693974494934,0.3988807201385498
725,29765,,,0.45202746987342834,0.9370599985122681,,
726,29806,,,,,1.3098021745681763,0.39669618010520935
726,29806,,,0.44570207595825195,0.9369426965713501,,
727,29847,,,,,1.3254038095474243,0.40091603994369507
727,29847,,,0.4501146078109741,0.9342288374900818,,
728,29888,,,,,1.3264975547790527,0.39309513568878174
728,29888,,,0.46260276436805725,0.934077262878418,,
729,29929,,,,,1.3164325952529907,0.3939023017883301
729,29929,,,0.45136457681655884,0.9393625259399414,,
730,29970,,,,,1.318224310874939,0.39871370792388916
730,29970,,,0.44502750039100647,0.9348857402801514,,
731,30011,,,,,1.3151592016220093,0.38902565836906433
731,30011,,,0.45360565185546875,0.9379743337631226,,
732,30052,,,,,1.3071616888046265,0.3974371552467346
732,30052,,,0.4520704746246338,0.9432779550552368,,
733,30093,,,,,1.3054428100585938,0.40922456979751587
733,30093,,,0.44705936312675476,0.9443032145500183,,
734,30134,,,,,1.3233835697174072,0.39620938897132874
734,30134,,,0.42658939957618713,0.9467899203300476,,
735,30175,,,,,1.3176547288894653,0.3993987739086151
735,30175,,,0.4399903118610382,0.9411737322807312,,
736,30216,,,,,1.306973934173584,0.39225485920906067
736,30216,,,0.4430525302886963,0.9453511834144592,,
737,30257,,,,,1.3265653848648071,0.3879173696041107
737,30257,,,0.44924014806747437,0.9417183995246887,,
738,30298,,,,,1.3169163465499878,0.3893544673919678
738,30298,,,0.4541063606739044,0.9385312795639038,,
739,30339,,,,,1.336181402206421,0.39305049180984497
739,30339,,,0.43737491965293884,0.943276584148407,,
740,30380,,,,,1.3093483448028564,0.3997693657875061
740,30380,,,0.44798070192337036,0.9411343932151794,,
741,30421,,,,,1.2902840375900269,0.399726003408432
741,30421,,,0.4373721182346344,0.9482445120811462,,
742,30462,,,,,1.3039445877075195,0.3883926272392273
742,30462,,,0.4393106698989868,0.9424737095832825,,
743,30503,,,,,1.308257818222046,0.3947347104549408
743,30503,,,0.4367210566997528,0.9348844289779663,,
744,30544,,,,,1.3091588020324707,0.3927614390850067
744,30544,,,0.43300867080688477,0.9434164762496948,,
745,30585,,,,,1.3190670013427734,0.3893500864505768
745,30585,,,0.46007150411605835,0.930655300617218,,
746,30626,,,,,1.3213698863983154,0.383112370967865
746,30626,,,0.45401549339294434,0.9343075752258301,,
747,30667,,,,,1.3168622255325317,0.39605745673179626
747,30667,,,0.4450669586658478,0.9393643736839294,,
748,30708,,,,,1.334458351135254,0.4033532440662384
748,30708,,,0.4588986337184906,0.9407258629798889,,
749,30749,,,,,1.3092775344848633,0.4073546230792999
749,30749,,,0.4333421587944031,0.946100115776062,,
750,30790,,,,,1.3224848508834839,0.41485217213630676
750,30790,,,0.4400074779987335,0.9395238161087036,,
751,30831,,,,,1.3315006494522095,0.39778533577919006
751,30831,,,0.4482249319553375,0.9477245211601257,,
752,30872,,,,,1.3108086585998535,0.40878966450691223
752,30872,,,0.45040643215179443,0.9430822730064392,,
753,30913,,,,,1.2936543226242065,0.41144365072250366
753,30913,,,0.430721640586853,0.9464756846427917,,
754,30954,,,,,1.288285255432129,0.415357768535614
754,30954,,,0.45405513048171997,0.9341877102851868,,
755,30995,,,,,1.2989226579666138,0.41110387444496155
755,30995,,,0.43027862906455994,0.9378013610839844,,
756,31036,,,,,1.3110089302062988,0.3934684097766876
756,31036,,,0.450436532497406,0.9427145719528198,,
757,31077,,,,,1.301210880279541,0.3959898054599762
757,31077,,,0.452370285987854,0.9438452124595642,,
758,31118,,,,,1.3078614473342896,0.39211252331733704
758,31118,,,0.44031259417533875,0.9330447912216187,,
759,31159,,,,,1.3272534608840942,0.3901696503162384
759,31159,,,0.46050840616226196,0.9277997612953186,,
760,31200,,,,,1.3001549243927002,0.3958532512187958
760,31200,,,0.4281165301799774,0.9411504864692688,,
761,31241,,,,,1.2915775775909424,0.4080127775669098
761,31241,,,0.4328138828277588,0.9409593939781189,,
762,31282,,,,,1.293138027191162,0.3977411687374115
762,31282,,,0.4487239420413971,0.9352154731750488,,
763,31323,,,,,1.292059063911438,0.4025409519672394
763,31323,,,0.43999117612838745,0.9429782032966614,,
764,31364,,,,,1.3157135248184204,0.3951523005962372
764,31364,,,0.4715974032878876,0.9288164377212524,,
765,31405,,,,,1.3107320070266724,0.3908943235874176
765,31405,,,0.45357805490493774,0.9443254470825195,,
766,31446,,,,,1.3293256759643555,0.4021938145160675
766,31446,,,0.4410756826400757,0.935123085975647,,
767,31487,,,,,1.3000373840332031,0.3902394771575928
767,31487,,,0.4489973485469818,0.9372813701629639,,
768,31528,,,,,1.3180294036865234,0.3979261517524719
768,31528,,,0.4389035403728485,0.9410186409950256,,
769,31569,,,,,1.3197070360183716,0.3933469355106354
769,31569,,,0.45245397090911865,0.9342150688171387,,
770,31610,,,,,1.314495325088501,0.4023309051990509
770,31610,,,0.4390183985233307,0.949401319026947,,
771,31651,,,,,1.3025482892990112,0.3955971598625183
771,31651,,,0.4721240997314453,0.9330481290817261,,
772,31692,,,,,1.2975258827209473,0.3906739354133606
772,31692,,,0.4370249807834625,0.944283664226532,,
773,31733,,,,,1.2981096506118774,0.39716506004333496
773,31733,,,0.43101295828819275,0.9504355192184448,,
774,31774,,,,,1.2840441465377808,0.4024219214916229
774,31774,,,0.4298979938030243,0.9355716109275818,,
775,31815,,,,,1.2963230609893799,0.3899979591369629
775,31815,,,0.4537797272205353,0.9332757592201233,,
776,31856,,,,,1.3072559833526611,0.38418349623680115
776,31856,,,0.4479147791862488,0.9412505030632019,,
777,31897,,,,,1.3068467378616333,0.3896545171737671
777,31897,,,0.4378215968608856,0.9477197527885437,,
778,31938,,,,,1.3182692527770996,0.39129430055618286
778,31938,,,0.4390888214111328,0.9418599009513855,,
779,31979,,,,,1.30607271194458,0.3912350833415985
779,31979,,,0.419813334941864,0.9515305757522583,,
780,32020,,,,,1.3087832927703857,0.3923526108264923
780,32020,,,0.43228545784950256,0.9356234669685364,,
781,32061,,,,,1.3032824993133545,0.39753258228302
781,32061,,,0.4342802166938782,0.9408116340637207,,
782,32102,,,,,1.3107202053070068,0.3984672725200653
782,32102,,,0.4595778286457062,0.9407680630683899,,
783,32143,,,,,1.3065903186798096,0.389376699924469
783,32143,,,0.43411684036254883,0.9438570737838745,,
784,32184,,,,,1.3097575902938843,0.3906485438346863
784,32184,,,0.4327966272830963,0.9487038850784302,,
785,32225,,,,,1.2970755100250244,0.39599692821502686
785,32225,,,0.4400196969509125,0.9459112286567688,,
786,32266,,,,,1.2820404767990112,0.3971177339553833
786,32266,,,0.4424714744091034,0.935417890548706,,
787,32307,,,,,1.27762770652771,0.4018101096153259
787,32307,,,0.4394683241844177,0.9412946105003357,,
788,32348,,,,,1.2995535135269165,0.4066811203956604
788,32348,,,0.433226615190506,0.9419891834259033,,
789,32389,,,,,1.2821569442749023,0.4085010588169098
789,32389,,,0.45696941018104553,0.932396411895752,,
790,32430,,,,,1.3013100624084473,0.4001134932041168
790,32430,,,0.447609543800354,0.936411440372467,,
791,32471,,,,,1.2927085161209106,0.39900392293930054
791,32471,,,0.43253010511398315,0.9438595771789551,,
792,32512,,,,,1.2888100147247314,0.38502243161201477
792,32512,,,0.434859961271286,0.9421910643577576,,
793,32553,,,,,1.2972358465194702,0.39592626690864563
793,32553,,,0.44672906398773193,0.9358629584312439,,
794,32594,,,,,1.307652473449707,0.39177340269088745
794,32594,,,0.44420182704925537,0.9419580101966858,,
795,32635,,,,,1.3066647052764893,0.3937869071960449
795,32635,,,0.4502885043621063,0.9384173154830933,,
796,32676,,,,,1.3095765113830566,0.39350175857543945
796,32676,,,0.43209630250930786,0.9452460408210754,,
797,32717,,,,,1.3074278831481934,0.38718903064727783
797,32717,,,0.4490785002708435,0.9354732036590576,,
798,32758,,,,,1.2986449003219604,0.38967517018318176
798,32758,,,0.4340328574180603,0.9359786510467529,,
799,32799,,,,,1.2988613843917847,0.3923976719379425
799,32799,,,0.4323115944862366,0.9408935904502869,,
800,32840,,,,,1.3046395778656006,0.40537264943122864
800,32840,,,0.4468362033367157,0.9388874173164368,,
801,32881,,,,,1.3244153261184692,0.40062612295150757
801,32881,,,0.4311392307281494,0.9471025466918945,,
802,32922,,,,,1.2961962223052979,0.39919328689575195
802,32922,,,0.45970413088798523,0.9340002536773682,,
803,32963,,,,,1.3094532489776611,0.41240566968917847
803,32963,,,0.4267207682132721,0.9392595291137695,,
804,33004,,,,,1.2898885011672974,0.4110001027584076
804,33004,,,0.45368292927742004,0.9372352957725525,,
805,33045,,,,,1.2730495929718018,0.41143280267715454
805,33045,,,0.4375758171081543,0.9390202164649963,,
806,33086,,,,,1.301234245300293,0.4033392369747162
806,33086,,,0.4608300030231476,0.9329901933670044,,
807,33127,,,,,1.2979447841644287,0.39736300706863403
807,33127,,,0.4453392028808594,0.9426116943359375,,
808,33168,,,,,1.3093936443328857,0.39318814873695374
808,33168,,,0.41713476181030273,0.9444531798362732,,
809,33209,,,,,1.3068803548812866,0.39558693766593933
809,33209,,,0.4450242519378662,0.9255783557891846,,
810,33250,,,,,1.3058079481124878,0.4013358950614929
810,33250,,,0.4218114912509918,0.9422160983085632,,
811,33291,,,,,1.323117733001709,0.397203654050827
811,33291,,,0.43128055334091187,0.941131591796875,,
812,33332,,,,,1.3096184730529785,0.39971256256103516
812,33332,,,0.46357759833335876,0.9354841709136963,,
813,33373,,,,,1.31349515914917,0.3994854986667633
813,33373,,,0.44193035364151,0.943186342716217,,
814,33414,,,,,1.3212852478027344,0.3986152708530426
814,33414,,,0.4108847677707672,0.9492298364639282,,
815,33455,,,,,1.3054542541503906,0.3983311951160431
815,33455,,,0.4545474648475647,0.9376328587532043,,
816,33496,,,,,1.291075348854065,0.39068496227264404
816,33496,,,0.44807931780815125,0.9393312335014343,,
817,33537,,,,,1.3083808422088623,0.3919964134693146
817,33537,,,0.4150708019733429,0.9520180225372314,,
818,33578,,,,,1.3123469352722168,0.3823227286338806
818,33578,,,0.4524799883365631,0.9394804835319519,,
819,33619,,,,,1.2941102981567383,0.3908534049987793
819,33619,,,0.4462165832519531,0.9340534806251526,,
820,33660,,,,,1.3094100952148438,0.37891891598701477
820,33660,,,0.4592413902282715,0.9345589876174927,,
821,33701,,,,,1.3204914331436157,0.3809508681297302
821,33701,,,0.4331319332122803,0.9426783323287964,,
822,33742,,,,,1.3205020427703857,0.38796213269233704
822,33742,,,0.4299370050430298,0.9467874765396118,,
823,33783,,,,,1.3063093423843384,0.3858224153518677
823,33783,,,0.45640498399734497,0.9358476996421814,,
824,33824,,,,,1.3245183229446411,0.3769012689590454
824,33824,,,0.4347412884235382,0.9413809180259705,,
825,33865,,,,,1.2920010089874268,0.3885815739631653
825,33865,,,0.46282488107681274,0.9344888925552368,,
826,33906,,,,,1.2922182083129883,0.3947598934173584
826,33906,,,0.44708144664764404,0.941365122795105,,
827,33947,,,,,1.335390567779541,0.3749512732028961
827,33947,,,0.4522768259048462,0.9376840591430664,,
828,33988,,,,,1.3192275762557983,0.38628414273262024
828,33988,,,0.4331507682800293,0.9409157633781433,,
829,34029,,,,,1.3272879123687744,0.3850439786911011
829,34029,,,0.42979681491851807,0.9454883337020874,,
830,34070,,,,,1.298203468322754,0.39652156829833984
830,34070,,,0.43019744753837585,0.9391953349113464,,
831,34111,,,,,1.308584213256836,0.39201027154922485
831,34111,,,0.4379812479019165,0.9444997906684875,,
832,34152,,,,,1.3152384757995605,0.39077791571617126
832,34152,,,0.462557852268219,0.9374913573265076,,
833,34193,,,,,1.3119468688964844,0.38338974118232727
833,34193,,,0.4316812753677368,0.9454150199890137,,
834,34234,,,,,1.3237537145614624,0.37714532017707825
834,34234,,,0.44668498635292053,0.9451163411140442,,
835,34275,,,,,1.3077398538589478,0.39120620489120483
835,34275,,,0.43324074149131775,0.9430750608444214,,
836,34316,,,,,1.2859399318695068,0.39153996109962463
836,34316,,,0.42548853158950806,0.941583514213562,,
837,34357,,,,,1.2873663902282715,0.3983774781227112
837,34357,,,0.4415988028049469,0.9352337121963501,,
838,34398,,,,,1.2853467464447021,0.38807210326194763
838,34398,,,0.43265897035598755,0.9458608627319336,,
839,34439,,,,,1.2900267839431763,0.386420339345932
839,34439,,,0.4582521915435791,0.9328871965408325,,
840,34480,,,,,1.2980341911315918,0.3916732668876648
840,34480,,,0.4349142014980316,0.9475796222686768,,
841,34521,,,,,1.3007729053497314,0.39879822731018066
841,34521,,,0.44420483708381653,0.9394136071205139,,
842,34562,,,,,1.2757929563522339,0.3942101299762726
842,34562,,,0.4417467713356018,0.9388044476509094,,
843,34603,,,,,1.3014534711837769,0.38505467772483826
843,34603,,,0.4437248408794403,0.9368352890014648,,
844,34644,,,,,1.300528883934021,0.3926948606967926
844,34644,,,0.41258472204208374,0.9506479501724243,,
845,34685,,,,,1.2746282815933228,0.4022138714790344
845,34685,,,0.43071773648262024,0.9369737505912781,,
846,34726,,,,,1.2791619300842285,0.39806243777275085
846,34726,,,0.4190003573894501,0.9466763734817505,,
847,34767,,,,,1.2855581045150757,0.39192432165145874
847,34767,,,0.42629045248031616,0.937620222568512,,
848,34808,,,,,1.3165737390518188,0.3776441216468811
848,34808,,,0.4244605302810669,0.9454886317253113,,
849,34849,,,,,1.2818111181259155,0.39671412110328674
849,34849,,,0.4345431923866272,0.9441420435905457,,
850,34890,,,,,1.2901170253753662,0.3938709497451782
850,34890,,,0.44506320357322693,0.9430636167526245,,
851,34931,,,,,1.3020422458648682,0.39865684509277344
851,34931,,,0.4297354519367218,0.9438907504081726,,
852,34972,,,,,1.2903637886047363,0.3938605487346649
852,34972,,,0.4399816393852234,0.9392481446266174,,
853,35013,,,,,1.2962170839309692,0.39066198468208313
853,35013,,,0.44228601455688477,0.9412580132484436,,
854,35054,,,,,1.302225947380066,0.3899281322956085
854,35054,,,0.4363790452480316,0.9446227550506592,,
855,35095,,,,,1.2850579023361206,0.39245834946632385
855,35095,,,0.437845379114151,0.9387122392654419,,
856,35136,,,,,1.2885700464248657,0.39908716082572937
856,35136,,,0.44462570548057556,0.9404231905937195,,
857,35177,,,,,1.2909369468688965,0.406004935503006
857,35177,,,0.43943455815315247,0.9443073868751526,,
858,35218,,,,,1.2930365800857544,0.4053514003753662
858,35218,,,0.44454067945480347,0.9384278059005737,,
859,35259,,,,,1.284058690071106,0.4013853669166565
859,35259,,,0.4420377314090729,0.9415578842163086,,
860,35300,,,,,1.2807238101959229,0.39766085147857666
860,35300,,,0.4438124895095825,0.9444323182106018,,
861,35341,,,,,1.2821846008300781,0.3968892991542816
861,35341,,,0.4316032826900482,0.9410296082496643,,
862,35382,,,,,1.2877148389816284,0.39662259817123413
862,35382,,,0.43190664052963257,0.9416719675064087,,
863,35423,,,,,1.3012733459472656,0.38476821780204773
863,35423,,,0.4334923326969147,0.9482011795043945,,
864,35464,,,,,1.2984975576400757,0.3931938111782074
864,35464,,,0.44859910011291504,0.9429339170455933,,
865,35505,,,,,1.292009711265564,0.39531517028808594
865,35505,,,0.42870041728019714,0.942133367061615,,
866,35546,,,,,1.294609785079956,0.3869093954563141
866,35546,,,0.4251299202442169,0.9432181119918823,,
867,35587,,,,,1.2717299461364746,0.3992219567298889
867,35587,,,0.4284544587135315,0.9379629492759705,,
868,35628,,,,,1.2875068187713623,0.39782053232192993
868,35628,,,0.4338071942329407,0.9426261186599731,,
869,35669,,,,,1.280686855316162,0.3978932201862335
869,35669,,,0.45517003536224365,0.9325896501541138,,
870,35710,,,,,1.2878832817077637,0.4000614881515503
870,35710,,,0.42808040976524353,0.9535126090049744,,
871,35751,,,,,1.2735955715179443,0.3982527554035187
871,35751,,,0.4131706953048706,0.9502051472663879,,
872,35792,,,,,1.2909140586853027,0.40020355582237244
872,35792,,,0.44349661469459534,0.9412883520126343,,
873,35833,,,,,1.291502594947815,0.39789000153541565
873,35833,,,0.41627252101898193,0.9487170577049255,,
874,35874,,,,,1.285275936126709,0.3931209444999695
874,35874,,,0.42030465602874756,0.9453121423721313,,
875,35915,,,,,1.284585952758789,0.3889675438404083
875,35915,,,0.4223652780056,0.9494436383247375,,
876,35956,,,,,1.2943586111068726,0.3909737169742584
876,35956,,,0.4419694244861603,0.9418557286262512,,
877,35997,,,,,1.2882896661758423,0.39597421884536743
877,35997,,,0.4428948163986206,0.9466685652732849,,
878,36038,,,,,1.2930105924606323,0.39729300141334534
878,36038,,,0.4259573221206665,0.9404866099357605,,
879,36079,,,,,1.2667025327682495,0.400093138217926
879,36079,,,0.43192556500434875,0.949589729309082,,
880,36120,,,,,1.2754524946212769,0.3998240530490875
880,36120,,,0.43046650290489197,0.946488618850708,,
881,36161,,,,,1.2597097158432007,0.4029591679573059
881,36161,,,0.4235548675060272,0.9457793831825256,,
882,36202,,,,,1.260353684425354,0.4073881506919861
882,36202,,,0.4234110713005066,0.945999264717102,,
883,36243,,,,,1.271352767944336,0.40366509556770325
883,36243,,,0.43243372440338135,0.945171058177948,,
884,36284,,,,,1.2637183666229248,0.40456607937812805
884,36284,,,0.44167906045913696,0.9403747916221619,,
885,36325,,,,,1.2742805480957031,0.4002820551395416
885,36325,,,0.4011218249797821,0.957550585269928,,
886,36366,,,,,1.2761605978012085,0.40945449471473694
886,36366,,,0.42419543862342834,0.9420011639595032,,
887,36407,,,,,1.291804552078247,0.40903642773628235
887,36407,,,0.45744043588638306,0.935207724571228,,
888,36448,,,,,1.2860952615737915,0.4017917811870575
888,36448,,,0.443315327167511,0.9425368905067444,,
889,36489,,,,,1.2810163497924805,0.3954016864299774
889,36489,,,0.43930384516716003,0.9363451600074768,,
890,36530,,,,,1.2878525257110596,0.3957584500312805
890,36530,,,0.41311630606651306,0.951598584651947,,
891,36571,,,,,1.2927470207214355,0.3934769332408905
891,36571,,,0.4399092495441437,0.9423423409461975,,
892,36612,,,,,1.2763019800186157,0.40395137667655945
892,36612,,,0.42253726720809937,0.9412885308265686,,
893,36653,,,,,1.2749154567718506,0.41588667035102844
893,36653,,,0.43420594930648804,0.9391959309577942,,
894,36694,,,,,1.2712408304214478,0.41663238406181335
894,36694,,,0.41442155838012695,0.9462384581565857,,
895,36735,,,,,1.2901644706726074,0.39839065074920654
895,36735,,,0.419041246175766,0.9450523853302002,,
896,36776,,,,,1.2784955501556396,0.39636489748954773
896,36776,,,0.41953152418136597,0.9409933090209961,,
897,36817,,,,,1.282456874847412,0.40184661746025085
897,36817,,,0.43395066261291504,0.9423829317092896,,
898,36858,,,,,1.278006911277771,0.3985156714916229
898,36858,,,0.44954848289489746,0.9360052943229675,,
899,36899,,,,,1.2681492567062378,0.40615302324295044
899,36899,,,0.43909937143325806,0.9338100552558899,,
900,36940,,,,,1.2910666465759277,0.3983040153980255
900,36940,,,0.4465453326702118,0.9397722482681274,,
901,36981,,,,,1.2984775304794312,0.3982096314430237
901,36981,,,0.4448566436767578,0.9402870535850525,,
902,37022,,,,,1.2875832319259644,0.3916949927806854
902,37022,,,0.43578022718429565,0.9440299272537231,,
903,37063,,,,,1.2790396213531494,0.3955327868461609
903,37063,,,0.4465261399745941,0.9329593181610107,,
904,37104,,,,,1.264695167541504,0.40485474467277527
904,37104,,,0.4416988790035248,0.9355745315551758,,
905,37145,,,,,1.2819374799728394,0.3917698562145233
905,37145,,,0.4333401620388031,0.9417569041252136,,
906,37186,,,,,1.280480146408081,0.38761451840400696
906,37186,,,0.4473055899143219,0.9349239468574524,,
907,37227,,,,,1.2852851152420044,0.3917137384414673
907,37227,,,0.42743009328842163,0.9494665861129761,,
908,37268,,,,,1.2917779684066772,0.40397414565086365
908,37268,,,0.4479159712791443,0.9455283284187317,,
909,37309,,,,,1.2769590616226196,0.41276490688323975
909,37309,,,0.4379834532737732,0.9416865706443787,,
910,37350,,,,,1.2791354656219482,0.4052165746688843
910,37350,,,0.4469951093196869,0.9348333477973938,,
911,37391,,,,,1.2935322523117065,0.40071049332618713
911,37391,,,0.43912994861602783,0.9396874904632568,,
912,37432,,,,,1.2826645374298096,0.4009558856487274
912,37432,,,0.43222475051879883,0.9408068060874939,,
913,37473,,,,,1.2867993116378784,0.4068886339664459
913,37473,,,0.4463370740413666,0.9379696846008301,,
914,37514,,,,,1.2881007194519043,0.4025880694389343
914,37514,,,0.44936463236808777,0.9403502345085144,,
915,37555,,,,,1.2823573350906372,0.4034816324710846
915,37555,,,0.43704652786254883,0.9452882409095764,,
916,37596,,,,,1.2730976343154907,0.406478613615036
916,37596,,,0.43420740962028503,0.9312516450881958,,
917,37637,,,,,1.268895149230957,0.4014089107513428
917,37637,,,0.45348334312438965,0.9363320469856262,,
918,37678,,,,,1.274849534034729,0.4164673388004303
918,37678,,,0.434248149394989,0.9445810317993164,,
919,37719,,,,,1.2770845890045166,0.408344566822052
919,37719,,,0.422554075717926,0.9454671144485474,,
920,37760,,,,,1.2864387035369873,0.4128476679325104
920,37760,,,0.40901970863342285,0.9487497210502625,,
921,37801,,,,,1.2891751527786255,0.40892571210861206
921,37801,,,0.4337088465690613,0.9393855929374695,,
922,37842,,,,,1.2947049140930176,0.4055204689502716
922,37842,,,0.4417218863964081,0.9397974014282227,,
923,37883,,,,,1.2750627994537354,0.40804898738861084
923,37883,,,0.43949490785598755,0.9309247732162476,,
924,37924,,,,,1.2934138774871826,0.4068814814090729
924,37924,,,0.42499658465385437,0.9494854211807251,,
925,37965,,,,,1.2911533117294312,0.41476792097091675
925,37965,,,0.4413251280784607,0.9404041767120361,,
926,38006,,,,,1.2899833917617798,0.4075060188770294
926,38006,,,0.4254913926124573,0.9479851126670837,,
927,38047,,,,,1.2852072715759277,0.4113489091396332
927,38047,,,0.4468209445476532,0.935486376285553,,
928,38088,,,,,1.2752447128295898,0.39936718344688416
928,38088,,,0.4494377374649048,0.9377182722091675,,
929,38129,,,,,1.2990577220916748,0.40408095717430115
929,38129,,,0.42287778854370117,0.941230058670044,,
930,38170,,,,,1.2820667028427124,0.40731263160705566
930,38170,,,0.4313371777534485,0.9460820555686951,,
931,38211,,,,,1.2984251976013184,0.41057777404785156
931,38211,,,0.4238933324813843,0.9388863444328308,,
932,38252,,,,,1.2733348608016968,0.40229472517967224
932,38252,,,0.4408585727214813,0.9448491334915161,,
933,38293,,,,,1.2763243913650513,0.40981027483940125
933,38293,,,0.4279322624206543,0.9407799243927002,,
934,38334,,,,,1.271988034248352,0.3997279405593872
934,38334,,,0.45654281973838806,0.9388749599456787,,
935,38375,,,,,1.281171441078186,0.3922741711139679
935,38375,,,0.41607531905174255,0.9422053098678589,,
936,38416,,,,,1.2731902599334717,0.4059378504753113
936,38416,,,0.4413566589355469,0.9435953497886658,,
937,38457,,,,,1.2960714101791382,0.39602550864219666
937,38457,,,0.4321066737174988,0.943817675113678,,
938,38498,,,,,1.287435531616211,0.40395769476890564
938,38498,,,0.42997777462005615,0.9434446692466736,,
939,38539,,,,,1.2880209684371948,0.4052523970603943
939,38539,,,0.4262182116508484,0.94313645362854,,
940,38580,,,,,1.2967396974563599,0.3927690088748932
940,38580,,,0.442065954208374,0.9344142079353333,,
941,38621,,,,,1.3156154155731201,0.3905232548713684
941,38621,,,0.4338568150997162,0.9410670399665833,,
942,38662,,,,,1.281630516052246,0.39513713121414185
942,38662,,,0.4292599856853485,0.9466211199760437,,
943,38703,,,,,1.286516547203064,0.4023384153842926
943,38703,,,0.4389168918132782,0.9385511875152588,,
944,38744,,,,,1.293528437614441,0.39762651920318604
944,38744,,,0.4266646206378937,0.9466832876205444,,
945,38785,,,,,1.3041175603866577,0.3958461284637451
945,38785,,,0.4557829201221466,0.9400651454925537,,
946,38826,,,,,1.2934070825576782,0.39308857917785645
946,38826,,,0.4286882281303406,0.9427836537361145,,
947,38867,,,,,1.2859841585159302,0.4069887697696686
947,38867,,,0.44128063321113586,0.9408288598060608,,
948,38908,,,,,1.2949903011322021,0.4058435559272766
948,38908,,,0.4212050139904022,0.9480770230293274,,
949,38949,,,,,1.286358118057251,0.40928807854652405
949,38949,,,0.4153086841106415,0.9449292421340942,,
950,38990,,,,,1.2847440242767334,0.39739370346069336
950,38990,,,0.4466853737831116,0.935818076133728,,
951,39031,,,,,1.2971035242080688,0.387753963470459
951,39031,,,0.4245782196521759,0.9441227912902832,,
952,39072,,,,,1.3018718957901,0.39372459053993225
952,39072,,,0.4163517951965332,0.9455021023750305,,
953,39113,,,,,1.2987818717956543,0.3967757523059845
953,39113,,,0.4357667863368988,0.9457932710647583,,
954,39154,,,,,1.2832471132278442,0.3922315835952759
954,39154,,,0.446357399225235,0.9412267804145813,,
955,39195,,,,,1.2834926843643188,0.40242132544517517
955,39195,,,0.4273136556148529,0.9397830367088318,,
956,39236,,,,,1.275146722793579,0.4053468406200409
956,39236,,,0.42991000413894653,0.9468228220939636,,
957,39277,,,,,1.2761611938476562,0.39568015933036804
957,39277,,,0.43182846903800964,0.9405415058135986,,
958,39318,,,,,1.2639139890670776,0.3979697525501251
958,39318,,,0.4290144741535187,0.9472747445106506,,
959,39359,,,,,1.27936589717865,0.40887126326560974
959,39359,,,0.42694732546806335,0.9444384574890137,,
960,39400,,,,,1.28702712059021,0.40302789211273193
960,39400,,,0.4184836745262146,0.9433161020278931,,
961,39441,,,,,1.2731451988220215,0.39642900228500366
961,39441,,,0.42840874195098877,0.9445313215255737,,
962,39482,,,,,1.2887529134750366,0.3987291753292084
962,39482,,,0.42470821738243103,0.9411637783050537,,
963,39523,,,,,1.2916444540023804,0.3968592584133148
963,39523,,,0.43893757462501526,0.9399019479751587,,
964,39564,,,,,1.2971808910369873,0.3974432349205017
964,39564,,,0.43872159719467163,0.9436834454536438,,
965,39605,,,,,1.2719676494598389,0.4080042839050293
965,39605,,,0.4427412152290344,0.939788818359375,,
966,39646,,,,,1.277071475982666,0.4106025993824005
966,39646,,,0.4235546886920929,0.9474012851715088,,
967,39687,,,,,1.274461269378662,0.40317872166633606
967,39687,,,0.42075565457344055,0.9425476789474487,,
968,39728,,,,,1.2800772190093994,0.398760050535202
968,39728,,,0.43684786558151245,0.9335877299308777,,
969,39769,,,,,1.3031229972839355,0.3856639266014099
969,39769,,,0.4156433641910553,0.944564163684845,,
970,39810,,,,,1.2879860401153564,0.39666512608528137
970,39810,,,0.4271843731403351,0.9421976804733276,,
971,39851,,,,,1.2805615663528442,0.39988452196121216
971,39851,,,0.4435938894748688,0.9370215535163879,,
972,39892,,,,,1.2815572023391724,0.40030282735824585
972,39892,,,0.4367002248764038,0.9356309771537781,,
973,39933,,,,,1.3028210401535034,0.39624932408332825
973,39933,,,0.42268800735473633,0.9475348591804504,,
974,39974,,,,,1.2923455238342285,0.40691059827804565
974,39974,,,0.4265885353088379,0.9405657052993774,,
975,40015,,,,,1.2820899486541748,0.4079136848449707
975,40015,,,0.4151202440261841,0.9459831714630127,,
976,40056,,,,,1.2840633392333984,0.4069100022315979
976,40056,,,0.41810575127601624,0.9484566450119019,,
977,40097,,,,,1.2780336141586304,0.41003403067588806
977,40097,,,0.41342318058013916,0.9540364146232605,,
978,40138,,,,,1.2753301858901978,0.3988182544708252
978,40138,,,0.43590620160102844,0.9379771947860718,,
979,40179,,,,,1.280671238899231,0.3925839364528656
979,40179,,,0.4122970402240753,0.9502206444740295,,
980,40220,,,,,1.2860233783721924,0.3945728838443756
980,40220,,,0.42407989501953125,0.9416863322257996,,
981,40261,,,,,1.2704050540924072,0.40800997614860535
981,40261,,,0.4177199900150299,0.9492549300193787,,
982,40262,0.8958502411842346,0.35318419337272644,,,,
